Input scale (32 bit):
 281402144
Input zero point:
 108
Hidden scale (32 bit):
 34047456
Hidden zero point:
 128
Weight input scale (32 bit):
 9335162
Weight input zero point:
 127
Weight hidden scale (32 bit):
 15671082
Weight hidden zero point:
 150
Output linear scale (32 bit):
 409119264
Output linear zero point:
 112
Output sigmoid r scale (32 bit):
 16843010
Output sigmoid r zero point:
 0
Output sigmoid z scale (32 bit):
 16843010
Output sigmoid z zero point:
 0
Output tanh n scale (32 bit):
 33686016
Output tanh n zero point:
 127
Output r_hn scale (32 bit):
 314535296
Output r_hn zero point:
 107
Output z_n scale (32 bit):
 33553916
Output z_n zero point:
 127
Output z_h scale (32 bit):
 33447406
Output z_h zero point:
 127
Scale ih (32 bit):
 6420950
Scale hh (32 bit):
 1304168
Scale r_hn (32 bit):
 21907874
Scale z_n (32 bit):
 16909320
Scale z_h (32 bit):
 17145174
Scale new_h_zn (32 bit):
 4232708864
Scale new_h_zh (32 bit):
 4219273216
Weight_ih (8 bit):
weight_ih[0] = {23, 0, 20, 10, -22, 0, 62, -11, 0, -28, -30, 37, 32, 39, 0, 0, 0, -17, 0, 11, -1, 3, 13, -29, -3, 0, -4, 39, 0, 4, -13, 0, 24, 20, 0, 0, -18, 0, 0, -22, -12, 3, -4, 17, -6, 0, 13, -3, 0, -18, -2, -39, 5, 8, -4, -13, 12, -27, -30, 18, 4, -8, 31, 38, 38, 19, -1, -3, -4, -14, 34, 21};
weight_ih[1] = {-1, 0, 55, -16, 46, 0, 35, -46, 0, 32, -25, -41, -36, -27, 0, 0, 71, 10, 0, 48, 0, 14, 34, -52, -10, 1, -23, 37, 0, 12, 1, 0, 66, 78, 0, 0, -33, 2, 0, 9, 16, 33, 2, 15, 30, 1, -10, 5, 0, 49, 37, 29, 26, -7, 16, 31, 49, 78, 19, 24, -1, 5, 27, -46, 25, -6, 4, 3, -5, 51, -37, 41};
weight_ih[2] = {-56, 0, 31, 41, 13, 0, 39, 32, 0, -15, -28, 40, 42, 17, 0, 0, 47, -12, 0, 55, 0, 33, 12, -25, 18, 1, 29, 72, 0, 13, -7, 0, 20, 19, 0, 0, 17, 0, 0, 45, 34, 18, 9, 32, -42, 13, 31, 34, 0, 35, 4, 25, 50, 20, -17, -5, -35, 74, -15, -10, -45, 12, 34, 46, -18, 0, 0, 22, 42, 15, 34, 19};
weight_ih[3] = {-46, 0, 37, 22, 25, 0, 57, 28, 0, 31, -14, -13, 40, 28, 0, 0, -7, -6, 0, -11, 0, 6, -41, 23, -11, 0, -24, 41, 0, -3, -18, 0, 7, 42, 0, 0, 7, 0, 0, 10, -8, -4, -2, 30, -23, 5, -20, 4, 0, 18, 19, 53, 44, -31, -4, 6, 11, 67, -22, -14, -46, -25, 23, -4, 23, -7, 0, 13, -28, 27, 6, 22};
weight_ih[4] = {-46, 0, 18, 15, -7, 0, 31, 27, 0, 16, 8, 46, 32, 17, 0, 0, 10, -6, 0, 36, 0, -3, -46, -50, 35, 0, 35, 7, 0, 3, -25, 0, 8, 13, 0, 0, 10, 0, 0, -10, -9, 8, -13, 3, -36, -1, 7, 25, 0, 16, 35, 47, 11, 11, -27, -33, 60, -1, 27, 11, 29, -7, 45, 12, 12, -16, 2, -2, 38, -25, -1, 43};
weight_ih[5] = {33, 0, -5, 4, 5, 0, -10, 13, 0, -1, 17, -33, 67, 54, 0, 0, -21, 75, 0, 42, 0, 45, -33, 52, 62, 2, 21, 11, 0, -19, 28, 0, 66, 45, 0, 0, 7, 1, -1, 58, -15, -22, 18, 17, -14, 2, -35, -15, 0, -5, -28, 43, 21, 9, 7, 58, -33, 17, 13, 23, 5, 7, 33, 22, -14, -2, 3, 7, 18, 52, 0, -22};
weight_ih[6] = {43, 0, 24, 18, 7, 0, 31, 26, 0, 14, 29, 27, 31, 35, 0, 0, 37, 30, 0, 32, 0, 1, 20, 29, 19, 1, 12, 12, 0, -1, 37, 0, 27, 33, 0, 0, 20, 0, 0, 33, 6, 0, 11, 13, 17, 3, 18, 7, 0, 37, 0, -10, 11, 18, 15, 3, 27, 43, 17, 3, 9, 19, 2, 38, 16, 17, -1, 7, 33, 25, 14, -1};
weight_ih[7] = {-59, 0, 19, 7, 7, 0, -4, -3, 0, 32, -30, 14, 2, -50, 0, 0, -35, -18, 0, 29, 0, 17, -9, -41, -56, 3, -19, 3, 0, 40, 20, 0, 26, 23, 0, 0, -41, 0, 0, -45, -6, 24, 4, 19, 7, 1, -9, -14, 0, -39, 15, -30, 12, 9, 9, -26, -14, 45, 10, 43, 1, -17, 10, 4, 38, -28, 1, 3, -38, 6, 3, 18};
weight_ih[8] = {5, 0, 29, 15, 1, 0, 41, 16, 0, 10, 11, 27, 9, 3, 0, 0, 26, 8, 0, 31, 0, 7, 32, 21, 1, 4, 55, 20, 0, 8, 36, 0, 29, 65, 0, 0, 22, 0, 0, -5, 38, 10, 25, 26, 26, 3, 10, 12, 0, 55, 4, 8, 31, 12, 21, 7, 43, 34, 33, 24, 21, 25, 10, 43, 18, 5, 2, 10, 13, 37, 19, 30};
weight_ih[9] = {37, 0, 24, 0, 6, 0, 38, 29, 0, 30, 22, 5, 2, 32, 0, 0, 20, 40, 0, 41, 0, 7, 13, 10, 27, 1, 21, 43, 0, 1, 1, 0, 9, 49, 0, 0, 13, 0, 0, 12, 44, 0, 23, 10, 10, 2, 12, 19, 0, 48, 9, 24, 16, 11, -9, 30, 46, 25, 36, 4, 61, 16, 3, 23, 5, -8, 2, 5, 34, 35, 20, 7};
weight_ih[10] = {28, 0, 24, -8, 3, 0, 68, 19, 0, 1, 39, -8, 14, -11, 0, 0, 14, 20, 0, 4, 0, 5, 39, 11, 12, 1, 49, 35, 0, 5, 7, 0, 44, 50, 0, 0, 14, 0, 0, 18, 9, 3, 16, 22, 14, 3, 35, 8, 0, 10, 10, 9, 21, 17, 20, 9, 48, 15, 9, 19, 11, 15, -8, 37, 15, 25, 0, 11, 37, 24, 20, 2};
weight_ih[11] = {34, 0, 20, 4, 11, 0, 35, 14, 0, 34, 18, 42, 15, -9, 0, 0, 59, 35, 0, 23, 0, -6, 70, 29, 35, 0, 45, 14, 0, 18, 38, 0, 25, 34, 0, 0, 8, 0, 0, 16, 5, 10, 42, 13, 11, 0, 36, 6, 0, -1, 25, 37, 12, 11, 20, 40, 23, 10, 10, 28, 30, 10, -9, 57, 15, 11, 0, 5, 25, 29, 18, 11};
weight_ih[12] = {-8, 0, 5, -7, 1, 0, 88, 25, 0, 18, 31, 0, 33, 27, 0, 0, 56, 28, 0, 38, 0, 3, 50, 32, 30, 0, 31, 4, 0, 5, 25, 0, 26, 16, 0, 0, 14, 0, 0, 5, 11, 2, 50, 13, 10, 1, 17, 6, 0, -1, 10, -5, 15, 7, 26, 29, 18, 15, 5, 26, 32, 5, 2, 28, 12, -4, 1, 6, 35, 27, 29, 19};
weight_ih[13] = {12, 0, 13, -3, -2, 0, 29, 0, 0, 23, 5, 18, -8, -5, 0, 0, 20, 6, 0, 13, 0, -3, 29, 8, 3, 0, 11, 10, 0, 18, 22, 0, 6, 19, 0, 0, -9, 0, 0, 4, 12, 15, 17, 11, 8, 1, 24, 4, 0, 14, 13, 3, 10, -3, 2, 9, 3, 2, -8, 24, 24, 11, -14, 20, 19, 11, -1, 6, -3, 9, 10, 0};
weight_ih[14] = {-3, 0, 17, 7, 5, 0, 47, 12, 0, 34, 22, 11, -4, 17, 0, 0, 51, 35, 0, 46, 0, 5, 28, 49, 36, 2, 15, 11, 0, 1, 35, 0, 14, 41, 0, 0, 22, 0, 0, -4, -2, 2, 7, 24, 33, 5, -5, 15, 0, 10, 4, 37, 30, 5, 3, 38, 17, 31, 0, 19, 27, 22, -9, 13, 22, 36, 1, 12, 27, 51, 4, 16};
weight_ih[15] = {12, 0, -18, 35, 6, 0, -6, 16, 0, 15, 44, 16, 26, 60, 0, 0, 30, 27, 0, 20, 0, 0, -23, 49, 27, -2, -3, 49, 0, -14, 29, 0, 47, 33, 0, 0, 8, 0, 0, 43, 11, 0, 6, 0, -6, -1, 8, 6, 0, -16, -9, 33, 5, 9, 11, -6, 7, 33, 6, -28, 17, 11, 5, -17, 3, 9, -3, -1, 41, 12, 28, 15};
weight_ih[16] = {22, 0, 60, 27, -50, 0, 63, -5, 0, 51, -57, 18, -56, 44, 0, 0, 22, -11, 0, 15, 0, 11, 5, -5, -20, 2, 31, 30, 0, 5, -6, 0, 59, 74, 0, 0, 28, 0, 0, 19, 35, 7, 16, 11, 3, 4, -3, 75, 0, 52, 5, 29, 18, -10, -59, -49, 58, 52, -35, 59, -27, 12, -9, -30, 14, 10, -1, 8, -35, -17, 7, 43};
weight_ih[17] = {-28, 0, -1, -1, 0, 0, 8, 3, 0, 11, 9, -43, 3, 18, 0, 0, -54, 7, 0, 17, 0, -1, 2, -4, 7, 2, 16, -3, 0, -26, -14, 0, 20, 7, 0, 0, -1, 0, 0, 9, 13, -11, -28, 13, -24, 1, -19, -17, 0, -2, -35, 19, 8, 0, 28, 9, -44, 2, 0, 2, -35, 10, -18, 16, -5, 11, 2, 6, -2, 12, -22, -7};
weight_ih[18] = {5, 0, 4, 3, 0, 0, 17, 1, 0, -2, 5, 10, 8, 28, 0, 0, 3, 4, 0, 24, 0, 0, -6, 5, 7, 0, -8, 18, 0, -4, 9, 0, 25, 11, 0, 0, 0, 0, 0, 11, 11, -5, 0, 2, 3, -1, -13, 1, 0, 11, -1, -11, 3, -1, 26, 2, -19, 5, 0, -6, 6, 1, 4, 20, 4, 5, 0, -1, 3, 4, -5, 2};
weight_ih[19] = {24, 0, 25, 27, 7, 0, 44, 24, 0, 2, 26, 1, 26, 35, 0, 0, 33, 40, 0, 16, 0, 1, 44, 34, 33, 1, 12, 10, 0, 2, 40, 0, 31, 37, 0, 0, 11, 0, 0, 11, 6, 0, 13, 20, 24, 2, 18, 14, 0, 19, 11, 40, 17, 8, 25, 19, 17, 15, 1, 9, 53, 23, 12, 23, 20, 27, 1, 8, 32, 38, 13, 23};
weight_ih[20] = {55, 0, -5, -8, -19, 0, 84, 2, 0, 55, 14, 20, 15, -3, 0, 0, 37, -15, 0, 45, 0, 1, 32, -19, -6, -1, 40, 8, 0, 1, 3, 0, 18, 23, 0, 0, -27, 0, 0, 27, 60, 1, 72, 6, 9, 1, 43, 28, 0, 38, 56, 9, 6, -17, -10, 33, 77, 8, -45, 18, 59, -43, 4, 12, 12, 29, 1, 0, -25, 5, 21, 64};
weight_ih[21] = {45, 0, -11, -18, 22, 0, -19, 23, 0, -15, 52, 2, 12, 71, 0, 0, -13, 36, 0, -4, 0, 4, -23, 62, 32, 1, -7, 24, 0, -20, -3, 0, 43, -14, 0, 0, 40, 0, 0, 21, -8, -6, 3, -25, -12, -2, 13, 8, 0, 19, 17, 39, 2, 22, 26, 31, -23, -19, 51, -6, -7, 13, -12, 58, -23, 8, -3, -4, 26, 18, 17, 34};
weight_ih[22] = {23, 0, 13, 34, 4, 0, 60, 15, 0, -19, -2, -18, 16, -7, 0, 0, 47, -4, 0, 25, 0, 1, -3, -57, 24, -1, -19, 36, 0, 8, 1, 0, 3, 45, 0, 0, 17, 0, 0, -28, 33, 3, 37, 7, -8, 0, -3, 30, 0, 17, 39, -37, 3, 23, -6, 31, 40, -3, -54, 33, -32, -19, 28, -1, 21, 23, 0, 4, -33, 7, 7, 52};
weight_ih[23] = {30, 0, 14, 2, -12, 0, 7, -8, 0, 31, -7, -9, -18, 3, 0, 0, 5, -4, 0, 4, 0, 5, 17, -5, -5, 0, 1, 18, 0, 3, 8, 0, 12, 11, 0, 0, -6, 0, 0, -2, 16, 1, 13, 7, 6, 1, 21, 5, 0, 16, 6, -18, 8, -8, 0, -1, 18, 1, 2, 1, -3, 2, 0, -5, 20, -10, 2, 2, -10, 1, 19, -4};
weight_ih[24] = {18, 0, -3, 24, 1, 0, 4, 3, 0, -18, 10, 20, 17, 4, 0, 0, -10, 8, 0, 17, 0, 10, -11, 18, 10, 1, 13, 15, 0, -19, 1, 0, 30, 3, 0, 0, 5, 0, 0, 6, 5, -16, -4, 7, -4, 0, -20, 10, 0, 0, 6, -2, 7, 4, 14, 15, 22, 22, 0, -5, -16, 3, 26, 4, -11, 18, 2, 2, 19, 6, 13, 24};
weight_ih[25] = {-29, 0, -28, 41, 11, 0, -39, 6, 0, -28, -2, -34, -28, -24, 0, 0, -11, -13, 0, 14, 0, -1, -50, 15, -15, -3, -11, 0, 0, -3, -21, 0, 43, 0, 0, 0, -15, 0, 0, -29, -24, -1, -50, -8, -1, -6, -20, 9, 0, -57, -26, -41, -16, 18, -1, -41, 5, 82, 8, -26, -21, -13, 16, -24, -17, 7, 0, -9, 42, -3, -31, 19};
weight_ih[26] = {-27, 0, 21, 12, 26, 0, 40, 31, 0, -30, 33, 13, 13, -25, 0, 0, -21, 11, 0, 28, 0, 37, 43, -18, -4, 1, 10, 63, 0, 38, 39, 0, 71, 62, 0, 0, 25, 0, 0, -4, 15, 9, 32, 15, 10, 4, 23, -2, 0, 6, -2, 33, 22, 24, 35, 32, -13, 21, 42, 58, -15, 31, -1, -23, 5, 17, -1, 10, 12, 45, 2, 31};
weight_ih[27] = {8, 0, 17, -3, -9, 0, -4, 7, 0, -53, -7, -9, 10, -36, 0, 0, -27, 0, 0, 38, 0, -2, -22, -37, 19, 1, 10, -3, 0, -3, 0, 0, 0, 13, 0, 0, 25, 0, 0, -32, -14, -1, -27, 23, -3, 4, -24, 0, 0, -41, -14, -18, 21, -19, -4, -28, -36, 6, -42, -2, -55, 3, -7, -14, 6, -36, 2, 11, -1, -15, -8, -14};
weight_ih[28] = {27, 0, -4, -16, 17, 0, 27, 2, 0, 1, 9, -8, 20, 1, 0, 0, 55, 7, 0, 20, 0, 0, 11, 18, 22, 2, -39, 39, 0, 7, 11, 0, -2, -21, 0, 0, 28, 0, 0, -2, 7, 3, 13, -11, -2, -6, 36, 10, 0, 44, 11, 39, -17, 26, -16, 6, 1, 31, 15, 4, 13, -27, 10, 37, -1, 21, -3, -6, 32, -3, 7, 38};
weight_ih[29] = {-16, 0, -1, 24, 4, 0, 13, 1, 0, 19, 18, 5, 21, 26, 0, 0, 20, -8, 0, 39, 0, 9, -27, 5, -4, 0, -32, 53, 0, 11, 16, 0, 46, 30, 0, 0, 2, 0, 0, 4, 8, 8, 22, 6, -5, 0, 41, 45, 0, -11, 20, -3, 7, 7, -13, 24, 34, 21, 9, 37, 6, 3, 28, 41, 21, 0, 0, 2, 21, -9, 23, 33};
weight_ih[30] = {63, 0, -6, 7, 17, 0, -39, 44, 0, 21, 85, 31, 90, 38, 0, 0, 0, 60, 0, -5, 0, -17, -22, 78, 90, -1, 23, 0, 0, -17, -1, 0, 21, 33, 0, 0, 15, 0, 0, 50, 10, -13, -3, 21, 7, 2, 2, 2, 0, -19, -20, 43, 30, 28, 23, -5, -21, 51, 48, 12, 16, 25, -7, 32, -7, 25, -5, 9, 101, 27, -17, -4};
weight_ih[31] = {-47, 0, 19, -1, -69, 0, 27, -57, 0, 41, -67, -31, -5, 19, 0, 0, 37, -29, 0, 38, 0, 6, -3, -16, -36, 3, 35, 55, 0, -4, 41, 0, 41, 74, 0, 0, 0, 0, 0, 6, 0, -1, 26, 24, -24, 8, -17, -4, 0, -10, 23, -5, 44, -64, -36, 27, -8, 18, -51, 31, 37, 7, 22, 49, 20, 29, -3, 15, -26, 1, -25, 45};
weight_ih[32] = {-62, 0, 37, 52, 2, 0, 15, 26, 0, -36, 20, -45, -40, 11, 0, 0, -35, 10, 0, -14, 0, 9, -51, 38, 6, -2, -20, 19, 0, -16, -20, 0, 5, 26, 0, 0, 11, 0, 0, -15, -57, -6, 12, 15, -18, 2, -51, -17, 0, -26, -6, -32, 32, -16, -20, -30, -33, 2, 8, -8, -58, -2, 34, -2, 24, -14, -1, 4, -20, 45, 11, -7};
weight_ih[33] = {21, 0, 30, 9, 54, 0, 8, 66, 0, -39, 21, -27, 52, 31, 0, 0, -44, 39, 0, -3, 0, -17, -44, 17, 75, 4, -3, 42, 0, -12, 0, 0, 59, 1, 0, 0, 55, 0, 0, 55, -31, 4, -19, 23, 34, 12, 18, 3, 0, 16, -22, 34, 16, -10, 1, -16, -7, 12, 14, -10, -8, 13, -36, -3, 0, -28, 5, 25, 47, 20, -30, 13};
weight_ih[34] = {7, 0, -3, 8, 0, 0, 7, 0, 0, 13, 3, -12, 9, -2, 0, 0, 11, 0, 0, 6, 0, 1, -12, 0, 1, 0, -5, 7, 0, -5, 7, 0, -4, 2, 0, 0, 1, 0, 0, 2, -4, -6, 1, 0, 2, -1, 11, 6, 0, 10, 7, 6, 0, -1, 2, 2, 0, 6, -2, 4, 1, -1, 7, 14, 0, 7, -1, -1, 2, -5, 3, 5};
weight_ih[35] = {43, 0, 4, 38, 5, 0, -7, 9, 0, -11, 49, 22, 30, 23, 0, 0, -22, 30, 0, -2, 0, 7, -23, 53, 2, 0, -9, 54, 0, -11, -18, 0, 45, 29, 0, 0, 35, 0, 0, 8, 6, -6, -8, 21, 11, 5, -1, 8, 0, 20, 1, 35, -8, 32, -2, 3, 4, -7, 24, -19, 37, 8, 32, -19, -4, 21, -1, 12, 25, -7, 12, 36};
weight_ih[36] = {-6, 0, 31, 19, -19, 0, 40, 37, 0, 43, -87, -29, -7, 16, 0, 0, 31, -34, 0, -22, 0, 17, -18, -16, 15, 8, -26, 95, 0, 72, 9, 0, 82, 55, 0, 0, 26, 0, 0, -65, 2, 38, 24, 82, -22, 35, -56, 19, 0, -22, 23, -55, 108, 2, -20, 2, 22, 76, 22, 50, -68, -23, -29, 9, 54, 10, 1, 57, -53, 35, -26, -8};
weight_ih[37] = {49, 0, 24, 0, 8, 0, 48, 21, 0, 0, 32, -1, 33, 43, 0, 0, 15, 52, 0, 55, 0, 5, 19, 63, 50, 2, 30, 25, 0, -7, 22, 0, 31, 27, 0, 0, 14, 0, 0, 17, 13, 1, 6, 22, 19, 5, 3, 1, 0, 52, 0, 18, 23, 15, 40, 19, 2, 7, 7, 12, 47, 36, -8, 50, 3, 12, 3, 15, 45, 42, 9, 25};
weight_ih[38] = {3, 0, 1, 34, 20, 0, 33, -4, 0, 6, -67, 25, 2, 14, 0, 0, 42, -21, 0, -11, 0, -28, 21, -50, -43, 2, 43, 51, 0, 40, -2, 0, 73, 74, 0, 0, 6, -2, 0, 5, 38, 23, -27, -1, -32, 2, 8, -21, 0, -52, -23, -29, 5, 8, 13, -39, -3, 42, 31, 2, -56, -3, -8, -28, 21, 35, -3, 0, 19, 38, -23, -7};
weight_ih[39] = {54, 0, 16, 31, 5, 0, -31, 31, 0, 6, 16, -55, 28, 28, 0, 0, -6, 37, 0, 50, 0, 27, 9, 79, 25, 1, 8, 26, 0, -42, -43, 0, 26, 21, 0, 0, 12, 0, 0, 26, 6, -25, -10, 14, -16, -1, -5, 10, 0, -9, -7, 15, 42, 27, -7, -15, 7, 48, 34, -45, -6, 11, 31, 31, 6, 40, 0, 4, 75, 27, -23, 0};
weight_ih[40] = {-1, 0, 6, 19, 22, 0, 54, 22, 0, 30, 43, 7, 38, 39, 0, 0, 12, 19, 0, 60, 0, 4, -21, 27, 5, 1, -22, 48, 0, 1, 2, 0, 7, 35, 0, 0, 13, 0, 0, 0, -4, 2, -8, 8, -3, 2, 4, 21, 0, -1, -2, 38, 5, 21, -21, 7, 2, 27, 2, 1, -18, 9, 24, 5, 20, 24, 1, 3, 4, 11, -22, 31};
weight_ih[41] = {19, 0, 4, 23, 14, 0, 46, 11, 0, 2, 11, 8, 32, 11, 0, 0, 35, 21, 0, 27, 0, 1, 15, 40, 21, 1, 13, 36, 0, -1, 12, 0, 35, 22, 0, 0, 26, 0, 0, 8, 15, 0, 15, 3, -3, 2, 16, 29, 0, 13, 12, 35, 4, 17, 8, 3, 19, 28, 23, 2, 26, 4, 23, 38, 8, 16, 0, 3, 41, 13, 1, 27};
weight_ih[42] = {42, 0, 22, 8, 3, 0, 48, 9, 0, 39, 5, 15, -26, 20, 0, 0, 14, 3, 0, 22, 0, 12, 52, 1, 18, 0, 29, 23, 0, 22, -2, 0, 18, 26, 0, 0, -23, 0, 0, -10, 38, 10, 25, -4, 34, 0, 2, 13, 0, 46, 7, 31, 2, -14, 7, 24, 11, -21, 6, 50, -10, -3, 17, -3, 26, -2, -1, -3, 23, 13, -5, -18};
weight_ih[43] = {-54, 0, 29, 29, -36, 0, 42, -29, 0, -12, -65, 23, -22, -44, 0, 0, 19, -39, 0, -8, 0, 11, 15, -57, -46, 1, -34, 24, 0, 29, 2, 0, 37, 53, 0, 0, -12, 0, 0, -37, -4, 9, 7, 18, -20, -1, -16, 33, 0, -7, 16, -22, 11, -27, -21, -4, 15, 22, -32, 21, -3, 5, 48, -16, 59, 8, 1, 2, -47, -8, -5, 29};
weight_ih[44] = {15, 0, 28, -1, -14, 0, 31, -10, 0, 33, 0, 29, -6, -10, 0, 0, 39, 32, 0, 15, 0, 4, 43, 8, 15, -1, 14, 5, 0, 7, 12, 0, 29, 48, 0, 0, -5, 0, 0, 25, 26, 2, 24, 42, 6, 0, 9, 11, 0, 28, 7, 10, 27, 18, 4, 8, 3, 40, 6, 24, 37, 12, 20, 14, 52, 17, -1, 2, -11, 34, 8, -4};
weight_ih[45] = {3, 0, 5, 9, -1, 0, 17, 1, 0, 9, 7, -6, 3, -14, 0, 0, 2, 9, 0, 8, 0, 2, 5, 10, 8, 0, 7, 11, 0, -12, -1, 0, 24, 15, 0, 0, 2, 0, 0, 4, -4, -11, -2, 4, 9, 0, 18, -2, 0, 5, -4, 4, 4, 0, 13, 9, 13, 13, 3, -1, 2, 2, 6, 3, 1, 3, 0, 1, 6, 8, 6, 2};
weight_ih[46] = {-12, 0, -10, -1, -1, 0, 46, -10, 0, 14, 9, 10, 9, 25, 0, 0, 11, -9, 0, -13, 0, 2, 5, 4, -20, 1, -10, 29, 0, 2, -16, 0, -23, 15, 0, 0, -11, 0, 0, -7, -3, -2, 15, -13, 3, -6, 4, 33, 0, 18, 14, 28, -25, 0, 4, 12, 24, 14, 14, 29, 32, -26, 42, 22, 5, -5, -1, -14, -19, -5, -4, 35};
weight_ih[47] = {27, 0, 33, 52, 12, 0, -11, 17, 0, 21, 23, -5, 4, 33, 0, 0, 42, 16, 0, -10, 0, 1, -27, 22, 7, 0, -6, 55, 0, -4, -24, 0, -2, 34, 0, 0, 49, 0, 0, -1, 7, -2, 20, 17, 11, 6, 18, 5, 0, 6, 14, -14, 12, 37, 7, 5, -19, 14, -12, -14, 21, 3, 11, 4, 13, 22, -1, 10, 50, 39, 9, 29};
weight_ih[48] = {62, 0, 39, -20, 40, 0, 31, 69, 0, -23, 47, 1, -13, -16, 0, 0, -1, 44, 0, 37, 0, -2, 33, 28, 30, 2, 82, -17, 0, -23, -12, 0, 17, 21, 0, 0, 1, 0, 0, 5, 64, -5, 35, 39, 0, 11, 44, -50, 0, 17, 2, -13, 62, 35, 51, -12, 9, 54, 54, 30, -1, 37, -36, 68, -11, 27, 1, 24, -1, 27, 17, 27};
weight_ih[49] = {-45, 0, 11, 16, -15, 0, 34, 24, 0, -3, -22, 1, -25, 29, 0, 0, -7, -21, 0, 37, 0, 2, -14, 20, -13, 3, 55, 68, 0, 30, 57, 0, 55, 32, 0, 0, 15, 0, 0, -41, 31, 30, -16, 35, -12, 10, -31, -5, 0, -2, -5, -45, 46, -3, -15, 3, -5, 34, -4, -4, -10, 26, 5, 26, 10, 34, 1, 20, -27, -9, -39, 19};
weight_ih[50] = {26, 0, 22, 11, -2, 0, 21, 4, 0, -2, 6, 6, -3, 11, 0, 0, 8, 16, 0, 5, 0, 1, 14, 18, 18, 2, 20, 13, 0, 3, 17, 0, 24, 26, 0, 0, 3, 0, 0, 8, 9, 8, 4, 6, 16, 0, 6, 2, 0, -2, 3, -8, 5, 2, 23, 20, -4, 13, 0, 8, 8, 3, 5, 4, 15, 4, 4, 3, 4, 22, 6, 6};
weight_ih[51] = {52, 0, -26, -15, 35, 0, 36, 11, 0, 41, 45, 25, 17, 48, 0, 0, 44, 36, 0, 40, 1, 3, 13, 9, 37, 0, -5, -23, 0, -1, -10, 0, -27, -36, 0, 0, -6, 0, 0, 46, 28, -3, 18, -28, -6, 0, -2, 27, 0, 47, 14, 34, -22, 22, -9, 21, 31, -40, 25, 10, 76, 0, 18, 33, -20, 16, 0, -2, 22, 10, -2, 24};
weight_ih[52] = {-14, 0, 9, 0, 7, 0, -26, 11, 0, 29, 23, -33, 23, -6, 0, 0, -37, 35, 0, -1, 0, 19, -16, 34, 35, 6, 14, 18, 0, -21, 32, 0, 22, -7, 0, 0, 2, 0, 0, 29, 15, 1, 9, 19, 22, 6, 28, 20, 0, 25, -1, 47, 18, 8, 10, 33, 3, 14, 8, 5, 11, 20, 37, 16, -7, 32, 3, 15, 26, 13, -2, 14};
weight_ih[53] = {21, 0, 3, 22, 8, 0, 15, 17, 0, 18, 32, 14, 26, 12, 0, 0, -4, 29, 0, 38, 0, 2, -13, 45, 27, 1, 17, 3, 0, -6, 12, 0, 20, 37, 0, 0, 30, 0, 0, 17, 6, -2, 7, 6, 5, 4, 9, 10, 0, 7, 6, 32, 21, 26, 4, 13, 14, 11, 35, -14, 40, 10, 5, 26, 0, 7, -2, 8, 36, 21, 5, 12};
weight_ih[54] = {16, 0, -10, 30, 20, 0, 3, 32, 0, -28, 8, 14, 25, 20, 0, 0, -42, 33, 0, 22, 0, -1, 10, 35, 30, -1, 42, 2, 0, -8, -27, 0, 34, 55, 0, 0, 40, 0, 0, -7, -19, -5, 21, 20, 14, 1, 31, -14, 0, 19, -27, 40, 28, 3, -16, -3, -23, 10, 12, -25, -27, 0, -23, 18, 12, -31, -2, 6, 14, -10, 5, -6};
weight_ih[55] = {8, 0, 3, 7, 17, 0, 42, 23, 0, 14, 47, -4, 24, 16, 0, 0, 11, 26, 0, 17, 0, -1, 16, 27, 23, 1, 13, 35, 0, -1, 20, 0, 39, 18, 0, 0, -1, 0, 0, 7, 0, -1, 7, 2, -4, 1, 8, 11, 0, -1, 4, 32, 5, 10, 15, 11, 27, 3, 17, -6, 41, 0, 7, 12, 2, -6, -1, 2, 41, 14, -1, 12};
weight_ih[56] = {31, 0, -1, 11, 21, 0, 27, 24, 0, 2, 43, 2, 52, 41, 0, 0, 23, 38, 0, 16, 0, 0, 3, 26, 51, 0, -9, -1, 0, 1, 6, 0, 23, 2, 0, 0, 8, 0, 0, 3, 3, 0, 11, -2, 15, -1, 9, 17, 0, 43, 17, 39, -3, 20, 4, 21, -9, 10, 11, 4, 44, -2, 7, 51, 0, 5, 1, -2, 30, 11, 9, 19};
weight_ih[57] = {17, 0, 5, 7, 2, 0, 20, 3, 0, -6, 20, 5, 0, 21, 0, 0, -6, 7, 0, 29, 0, 3, -16, 10, 10, -1, 15, 12, 0, -4, -15, 0, 3, 17, 0, 0, 5, 0, 0, -1, -9, -7, 1, 2, 2, -1, 15, 14, 0, -10, 1, 4, 2, 2, 16, 15, -11, 9, 9, 8, 36, 2, 9, 23, 7, 11, -1, 0, 7, 7, 14, 1};
weight_ih[58] = {-9, 0, -4, 1, 2, 0, 18, 5, 0, 15, 11, -14, 6, -3, 0, 0, 7, 3, 0, 3, 0, 5, 4, -2, 3, -1, 11, 25, 0, -8, -3, 0, 13, 4, 0, 0, 4, 0, 0, 9, -8, -7, 3, 0, -4, -1, 10, 5, 0, 15, -3, 12, 0, 1, 6, 4, -8, 5, -5, -5, 8, -1, 10, 18, 0, 13, -1, -2, 5, 2, 0, 16};
weight_ih[59] = {0, 0, 33, 16, 23, 0, 41, 36, 0, 64, 37, -10, 12, 20, 0, 0, 44, 10, 0, 46, 0, 2, 11, 19, 17, 1, 61, 15, 0, 6, 62, 0, 12, 30, 0, 0, 15, 0, 0, 8, 60, 6, 34, 18, -16, 4, 23, -9, 0, -3, 6, 10, 16, 17, 31, -3, -7, 34, 7, 28, 26, 19, -8, 36, 11, 39, 0, 12, -9, 25, 27, 16};
weight_ih[60] = {34, 0, 50, 43, 9, 0, 54, 5, 0, -13, -49, 14, -31, 30, 0, 0, 8, -10, 0, -34, 0, -8, -13, -18, -14, 1, 20, -1, 0, 15, 24, 0, 48, 63, 0, 0, -30, 0, 0, 28, 39, 14, 65, 20, -38, 1, -27, 36, 0, -12, 28, 29, 37, -21, -16, 23, -7, 28, -32, 62, 5, 26, 11, -42, 45, 3, 3, 6, -21, 24, -10, 13};
weight_ih[61] = {-4, 0, -3, 14, 0, 0, 19, 3, 0, 1, 11, 10, 16, 6, 0, 0, 8, 3, 0, 20, 0, 5, 7, 6, 8, -1, 6, 39, 0, -5, -18, 0, 3, 16, 0, 0, 11, 0, 0, 2, 15, -6, 4, 1, 1, 1, -7, 20, 0, 26, 2, 30, 2, 6, -7, 9, -5, 22, -4, 2, 11, -1, 25, 28, 8, 16, -1, 0, 16, 1, 8, 23};
weight_ih[62] = {24, 0, 10, 21, -1, 0, 19, 4, 0, 23, -1, -16, -1, 7, 0, 0, 20, 4, 0, 17, 0, 5, 6, 4, 10, 2, 2, 20, 0, 0, 15, 0, 22, 25, 0, 0, 5, 0, 0, 0, 7, 2, 9, 11, 6, 1, 27, 4, 0, 14, 8, 15, 10, 3, -1, 11, 28, 20, 6, 4, 6, 6, 9, -2, 14, 8, 6, 4, 9, 13, 9, 5};
weight_ih[63] = {14, 0, 20, 32, 5, 0, 4, 29, 0, -12, 30, -9, 17, 3, 0, 0, -9, 18, 0, 8, 0, -2, -8, 20, 32, 0, -6, 23, 0, 8, 18, 0, 55, 26, 0, 0, 14, 0, 0, 10, 12, 8, -2, -1, 8, -1, 24, -3, 0, -8, 0, 8, 2, 13, 5, 14, -13, 40, 11, -1, 29, 1, 4, 19, 2, -3, -2, -1, 36, 30, 4, 21};
weight_ih[64] = {15, 0, 10, 29, 13, 0, 20, 23, 0, 2, 20, -23, 28, 48, 0, 0, -4, 4, 0, 41, 0, -4, 9, 9, 14, 0, -2, 35, 0, -1, 16, 0, 50, 27, 0, 0, 45, 1, 0, 8, 3, 0, -8, 4, 9, 1, 6, 8, 0, -22, -18, 19, -1, 20, 3, -3, -14, 19, 33, -12, 0, 0, 15, 3, 5, 7, -1, -1, 20, 11, 5, 24};
weight_ih[65] = {6, 0, 27, 20, 7, 0, -22, 34, 0, 4, 36, 16, 27, 11, 0, 0, -14, 49, 0, 0, -1, -4, 37, 82, 46, 1, -8, 4, 0, -6, 45, 0, 52, 8, 0, 0, 27, 0, 0, 26, 40, 0, -20, 31, 46, 4, 34, -23, 0, -27, -30, -1, 41, 24, 12, 0, 21, 31, 9, 2, 32, 20, -8, 5, 19, 17, -1, 7, 28, 21, -10, -3};
weight_ih[66] = {7, 0, -15, -7, 39, 0, 11, -24, 0, -47, -31, -46, 44, 24, 0, 0, -20, -4, 0, -15, 0, -2, -7, -17, 26, 0, -24, 33, 0, -6, -35, 0, 34, -15, 0, 0, 44, 0, 0, -11, -6, 1, -30, 1, -7, 0, 9, 9, 0, 6, -35, -34, 6, 5, -16, -37, -49, 21, -18, -15, -33, -17, 1, -6, -19, -13, 1, 3, 36, -14, -33, 20};
weight_ih[67] = {18, 0, 12, -6, 28, 0, 19, -43, 0, -17, -52, -35, -54, -25, 0, 0, 34, -12, 0, -23, 0, 30, -7, -18, -41, 6, -56, 57, 0, 36, -18, 0, 107, 111, 0, 0, -3, -5, 0, 7, -40, -6, -21, 29, -3, 23, -39, 37, 0, -22, -2, -42, 91, 33, -36, -52, 13, 114, -24, -33, -51, -7, 13, -31, 13, -14, 0, 37, 9, 32, -41, 15};
weight_ih[68] = {19, 0, 59, 31, 35, 0, 53, 14, 0, -30, 4, 18, 39, 5, 0, 0, 3, 12, 0, 42, 0, 4, -24, -11, -11, 3, -8, 5, 0, 5, 52, 0, 43, 51, 0, 0, 45, -2, 0, 31, 0, 11, -20, 33, -17, 3, 42, 23, 0, 22, -7, -26, 42, 20, -17, 14, -3, 44, 17, 4, -9, 39, 22, -21, 31, 29, 2, 14, 35, 55, 14, 20};
weight_ih[69] = {33, 0, 16, 22, 5, 0, 52, -1, 0, 5, 15, 17, -3, 11, 0, 0, 17, 14, 0, 37, 0, 1, 20, 14, 12, 0, 9, 29, 0, 1, 23, 0, 27, 22, 0, 0, -10, 0, 0, 6, 4, 0, 17, 9, 5, 1, 15, 17, 0, 27, 8, 44, 6, 9, 12, 8, 11, 37, 8, 10, 4, 6, 14, 13, 12, 20, 1, 2, 18, 17, 10, 10};
weight_ih[70] = {-10, 0, 75, -8, -14, 0, 38, -5, 0, 9, -42, 38, -9, -22, 0, 0, -1, -30, 0, -8, 0, 8, -20, 4, 21, 3, -34, 50, 0, -19, -6, 0, 29, 82, 0, 0, 18, 0, 0, -18, -32, -6, -3, 27, -31, 10, -15, 48, 0, -34, 19, 11, 39, 18, -8, -44, 22, 56, 31, 10, 48, 21, 31, -48, 11, 61, 1, 20, -44, 9, -34, 35};
weight_ih[71] = {33, 0, 79, 29, 9, 0, 33, 4, 0, -39, -16, -43, -11, -25, 0, 0, -10, 4, 0, 43, 0, 4, 19, 4, -58, 4, 38, 62, 0, 32, 18, 0, 56, 117, 0, 0, -3, 0, 0, 1, -28, 34, -17, 51, -4, 11, -14, 29, 0, -47, 27, -55, 46, 5, 20, 30, 56, 38, 14, 39, -2, 42, 40, -58, 75, 7, 6, 26, -49, 36, -37, 9};
weight_ih[72] = {15, 0, -16, 43, 69, 0, 7, 34, 0, 11, 83, -30, 76, -24, 0, 0, -38, 29, 0, 70, 0, -51, 41, 84, 20, 1, 30, -21, 0, 62, -19, 0, 36, -7, 0, 0, 63, 4, 0, 64, 44, 40, 2, 25, -34, 3, 38, -18, 0, -13, 32, 45, 41, 57, -26, 10, -19, 4, 58, 37, -8, 33, -73, 7, 39, 3, 0, 8, -9, 12, 35, -39};
weight_ih[73] = {-32, 0, 19, 31, -10, 0, -83, -39, 0, -57, -2, -6, -56, -75, 0, 0, -27, 2, 0, 40, -2, 20, -31, -15, -18, 13, -56, 49, 0, 0, -32, 0, 43, 12, 0, 0, 15, 0, 0, -19, -15, -17, -122, 33, 7, 1, -33, -50, 0, -15, -78, -9, 50, -12, 55, -7, -73, 10, 36, -77, -63, 32, -48, -62, 2, 25, -5, 8, -14, -7, -31, -53};
weight_ih[74] = {2, 0, 5, 23, -48, 0, -33, -14, 0, 15, 18, 11, -67, -58, 0, 0, -27, -16, 0, 20, 0, 30, 1, 15, -38, 2, -10, -17, 0, -55, -10, 0, 24, -6, 0, 0, -29, 0, 0, 46, 24, -10, -26, -8, 47, 15, -3, -57, 0, 7, -60, -19, -10, 1, 69, -47, -1, -21, 14, 7, 15, 14, -45, -23, -24, -57, -4, 4, -46, 36, 27, 11};
weight_ih[75] = {26, 0, 20, -68, -63, 0, 21, -64, 0, -7, -11, 9, -19, -19, 0, 0, 58, -17, 0, -20, -1, 44, 27, 2, -45, -5, 26, -19, 0, -25, 53, 0, -24, -46, 0, 0, -58, 7, 0, 56, 23, -13, 54, -27, 67, -25, 25, -40, 0, -31, 4, 4, -63, 0, 107, 8, 26, -28, 7, -9, 48, -36, 0, -20, -24, -42, -5, -30, -16, -13, 41, 18};
weight_ih[76] = {-25, 0, -29, -26, 25, 0, 81, -9, 0, 20, 16, 29, -41, 52, 0, 0, 53, -13, 0, -9, -2, -22, 72, -23, -36, -2, 43, 21, 0, -27, 47, 0, -66, -67, 0, 0, -27, -2, 0, 7, 51, -12, 87, -71, 33, -6, 61, -8, 0, 19, 8, -36, -28, 27, 40, 1, 21, 11, -49, 8, 68, -1, -5, 1, -77, 25, -8, -30, -20, -7, -1, 38};
weight_ih[77] = {1, 0, -30, 20, -24, 0, -21, -15, 0, -25, 6, -25, 3, 31, 0, 0, -22, 4, 0, 16, 0, 33, -69, 5, 12, 2, -41, 29, 0, -32, -71, 0, -15, -35, 0, 0, -22, 0, 0, 10, -14, -35, -7, 30, -26, 5, -20, 26, 0, -36, 17, 11, 25, -19, -38, -6, -2, 2, -40, -16, 10, 15, 46, -34, -8, 9, 0, 14, 0, -11, -19, 23};
weight_ih[78] = {-30, 0, 21, 17, 5, 0, -72, -16, 0, 17, -17, 18, 15, -49, 0, 0, -39, -34, 0, -47, 0, 20, 29, 49, -29, 3, -66, -19, 0, -21, 31, 0, -8, 22, 0, 0, 11, 0, 0, -27, -32, 1, -48, 5, 27, -15, 22, 1, 0, -52, -35, 26, -28, -4, 14, -50, -43, 21, -22, -35, -4, 41, 9, -10, 11, -38, -4, 12, 35, -18, -22, -22};
weight_ih[79] = {-25, 0, -9, -18, -40, 0, 43, -43, 0, -7, -27, -12, 25, -43, 0, 0, 48, -6, 0, -17, -1, -53, 14, 10, -39, 4, 27, 56, 0, 27, 56, 0, 22, 4, 0, 0, -20, 3, 0, 52, -8, 15, -20, -22, 56, 13, -1, 20, 0, -36, 48, 16, -48, -6, 44, 56, -15, 52, 14, -37, 19, -23, -26, -11, -29, -19, -1, -6, -50, 5, 27, 17};
weight_ih[80] = {-48, 0, 4, 41, 12, 0, -66, -20, 0, -25, -36, -10, 42, -22, 0, 0, 2, 10, 0, -20, -1, 8, -23, 30, 34, 2, -67, 34, 0, -23, -43, 0, 76, 9, 0, 0, 35, 0, 0, -7, -10, -28, -110, 18, 48, -17, -40, -35, 0, -67, -48, 5, -23, -25, 5, -3, -72, -14, 21, -88, 13, 34, -27, 10, -2, 33, -4, 1, 10, 11, -9, 20};
weight_ih[81] = {12, 0, -25, 22, 21, 0, -93, 23, 0, 43, -8, -2, -31, -16, 0, 0, 43, -4, 0, -54, 0, -1, 42, 0, 44, -4, -52, -43, 0, 3, -4, 0, -48, -44, 0, 0, 3, 0, 0, 7, -5, 24, -42, -46, -38, -11, 21, -19, 0, 24, 30, -27, -20, 14, 32, -8, -32, -4, 41, -43, -34, -25, -49, 25, -28, -28, -7, -21, 57, -12, -9, -66};
weight_ih[82] = {24, 0, -13, -56, -25, 0, -19, -5, 0, -35, 25, -39, 24, 4, 0, 0, 8, -4, 0, 15, 0, 32, 3, 3, -9, -9, 2, -70, 0, 29, -32, 0, 11, -38, 0, 0, -32, 0, 0, 33, -44, 33, -78, -28, 17, -21, 22, -6, 0, -8, -14, -14, -17, -15, 54, 26, -9, 15, 46, 24, -32, -2, -46, 1, -39, 14, -5, -12, 12, 5, -60, -50};
weight_ih[83] = {7, 0, -25, 37, -29, 0, -6, -33, 0, -23, -33, -5, 31, 29, 0, 0, -3, -25, 0, 29, 0, 56, -59, 2, -46, -3, -25, 29, 0, -13, -55, 0, 19, -21, 0, 0, -25, 0, 0, 12, -39, -36, 7, -12, -32, 0, -8, 34, 0, -27, 19, 12, -14, -22, -27, -30, -16, 11, -24, -15, -33, -3, 87, 7, -7, 32, 1, 4, 1, -55, 2, 33};
weight_ih[84] = {29, 0, -59, 70, -2, 0, -12, -35, 0, -13, -13, 13, 19, -20, 0, 0, -6, -27, 0, 22, 0, 5, -31, -52, -42, -1, -11, 23, 0, 20, -30, 0, 0, -35, 0, 0, -14, -11, 0, 24, -4, -11, -11, -25, -51, -6, -14, 58, 0, -51, 62, 45, -26, -10, -75, 11, 45, 5, -19, 23, -25, -34, 57, -49, 13, -29, 4, -8, -27, -82, 35, 27};
weight_ih[85] = {-20, 0, 11, 0, -12, 0, -31, -12, 0, -28, -9, -20, -13, -15, 0, 0, -33, 11, 0, -21, 0, 7, -25, 2, 11, 3, -2, -5, 0, -27, -21, 0, -11, -13, 0, 0, -10, 0, 0, 3, -28, -23, -24, 15, -5, 6, -19, -8, 0, -28, -14, -14, 12, -5, 1, -12, -19, -10, -27, -22, -26, 10, 13, -26, 0, -12, 4, 14, -19, 11, -10, -7};
weight_ih[86] = {9, 0, -16, -59, -23, 0, -37, 38, 0, -7, 15, 26, 7, -5, 0, 0, 9, -7, 0, -27, 0, -51, 42, -5, -23, -3, -11, 31, 0, -28, 9, 0, -46, -5, 0, 0, 2, 0, 0, -1, 34, 8, -62, -47, 35, -13, -12, 12, 0, 3, -52, 11, -36, -4, 38, 4, -54, -23, -43, -36, -57, -28, -26, 36, -38, -8, -5, -22, -26, 23, -26, -27};
weight_ih[87] = {-27, 0, -18, -17, -7, 0, 42, -18, 0, -17, -27, 50, 16, -12, 0, 0, 32, -54, 0, 46, 0, 15, -9, -15, -43, -2, -21, 35, 0, 5, 22, 0, -37, -12, 0, 0, -18, -1, 0, 31, 42, -14, 17, -10, -28, -4, 9, -24, 0, 38, 39, 36, 6, -14, -3, -30, -21, 3, -11, -25, -30, -33, 43, 4, 14, 32, -6, -2, -16, -30, 40, 29};
weight_ih[88] = {29, 0, -16, 20, -44, 0, -50, 12, 0, 7, 12, -9, 16, 10, 0, 0, -22, -28, 0, -43, 0, 21, -4, 38, -37, 2, -32, 7, 0, -10, -23, 0, 44, -13, 0, 0, 14, 0, 0, -47, 13, 5, -14, -5, 43, -1, 31, -22, 0, 22, -37, -49, -10, -31, 31, 14, -32, 29, -12, -25, -52, -9, -1, -39, -4, -26, -4, -1, -1, -5, 33, -18};
weight_ih[89] = {-15, 0, -42, 32, -7, 0, -12, -8, 0, -12, -4, -1, -1, 11, 0, 0, -61, -16, 0, -21, 0, 49, -61, 8, -9, 1, -64, 36, 0, -37, -34, 0, 0, -23, 0, 0, -3, 0, 0, -16, -19, -22, -29, 9, -18, 1, -27, 22, 0, -21, 0, -5, 6, -11, -64, -1, 39, 15, -18, -31, 1, 3, 51, 19, -18, 23, 1, 3, 11, -31, -30, 27};
weight_ih[90] = {-8, 0, -4, -19, -10, 0, -17, -10, 0, -6, -15, 10, -9, 1, 0, 0, -7, -4, 0, -28, 0, -1, -8, -19, -4, 1, 3, -45, 0, -7, -4, 0, -47, -29, 0, 0, -18, 0, 0, 2, -1, -6, -2, -3, 1, -1, -16, -5, 0, 5, -1, -3, -2, -14, -5, 1, -25, -24, -26, -3, 4, -2, -6, 5, -5, -6, 0, -1, -31, -4, 1, -10};
weight_ih[91] = {-11, 0, -59, 10, 13, 0, -43, 12, 0, 8, 28, -18, -12, -37, 0, 0, 4, -22, 0, 37, 0, 3, -5, -47, -28, -1, -39, -9, 0, 15, -2, 0, 17, -20, 0, 0, -27, 0, 0, -25, -30, 0, -57, -26, 20, -12, -21, -12, 0, -47, -60, -32, -34, 27, -20, -7, 17, -16, -36, -48, -28, 7, -27, -17, -32, -44, -5, -4, 25, 2, -3, -46};
weight_ih[92] = {-24, 0, 33, -41, -58, 0, 15, -41, 0, -23, -43, -20, -79, -17, 0, 0, -6, -28, 0, -12, -1, -27, 37, -23, -42, 2, 18, -27, 0, 29, 34, 0, -15, 3, 0, 0, -18, 0, 0, -2, 29, 35, 12, 4, 38, 3, -15, -28, 0, -29, -13, -24, -18, -50, 41, -32, -17, -28, -47, -9, -5, -21, -37, 10, -28, -40, -3, 5, -91, -16, 26, -36};
weight_ih[93] = {24, 0, 6, 29, -11, 0, -85, -16, 0, -21, 0, -15, -49, -23, 0, 0, 0, -26, 0, -11, 0, -2, 28, 14, -18, 6, -36, -36, 0, 5, -30, 0, 27, -39, 0, 0, -13, 0, 0, -42, -6, -2, -30, 4, -14, 6, 22, 7, 0, -19, -7, -12, -8, -28, -5, -33, -59, -50, -10, -23, -65, 22, -1, -56, 2, 5, -2, 15, -55, -11, 22, 5};
weight_ih[94] = {26, 0, -59, -18, 31, 0, 99, 26, 0, 42, 48, -2, -44, -29, 0, 0, 67, -18, 0, -10, 1, 10, 49, -36, 24, -5, 40, 52, 0, 7, 5, 0, 1, -7, 0, 0, -54, 0, 0, 25, 90, 22, 39, -88, 74, -17, 68, 55, 0, 53, 30, 36, -80, -12, 60, 4, 87, 18, -44, 33, -15, -39, 42, 32, -76, 31, -4, -17, 20, -7, -2, 39};
weight_ih[95] = {-3, 0, 7, 1, -11, 0, 4, -10, 0, -5, -14, -3, -22, -9, 0, 0, -2, -8, 0, -17, 0, -3, -2, -14, -7, 2, 3, -4, 0, 1, -1, 0, 4, 8, 0, 0, -8, 0, 0, -9, -2, 1, 4, 8, 1, 1, 0, 1, 0, -2, 2, -5, 7, -6, 2, 1, -3, 0, -6, 6, -22, 3, 1, -7, 10, 0, 2, 2, -12, -2, 3, -3};
weight_ih[96] = {-11, 0, -14, -2, 1, 0, -34, -6, 0, -22, -5, -17, 0, -8, 0, 0, -26, 5, 0, -13, 0, 7, -33, -2, 3, 2, -18, -9, 0, -26, -17, 0, -2, -17, 0, 0, -5, 0, 0, 1, -20, -21, -20, 9, -7, 2, -16, -2, 0, -24, -6, -3, 11, -1, -11, -9, -23, -4, -5, -23, -19, 6, 13, -15, -15, 4, 3, 6, -14, -2, -9, -2};
weight_ih[97] = {-34, 0, -2, 20, -10, 0, 55, -17, 0, 54, -60, 21, -76, -39, 0, 0, 24, -27, 0, 27, 0, 29, 39, -19, -52, 2, 25, 3, 0, 18, -15, 0, 27, 18, 0, 0, -1, 0, 0, 3, 43, 4, 66, -13, 0, -4, 34, -12, 0, 60, 62, -13, -29, -52, 12, 2, 7, 3, -18, 32, 7, -35, 43, 22, -6, 46, -1, -6, -32, -29, 55, 51};
weight_ih[98] = {-3, 0, -2, -37, -17, 0, -33, -25, 0, -10, -3, -27, -21, -18, 0, 0, -33, 8, 0, -46, 0, -1, -3, -10, 5, 0, 3, -54, 0, -24, -12, 0, -38, -43, 0, 0, -29, 0, 0, 19, -16, -4, -20, -4, 14, -1, -7, -14, 0, -18, -12, -16, -5, -20, 16, 3, -49, -49, -44, -19, -29, -8, -10, -5, -12, -3, -2, -3, -25, -4, 2, -26};
weight_ih[99] = {-48, 0, 1, -12, 20, 0, 57, -24, 0, -33, 4, 30, -1, -49, 0, 0, 30, -34, 0, -19, -1, 0, 33, -19, -40, -1, -51, 53, 0, 9, 58, 0, 49, 0, 0, 0, 24, 0, 0, -42, 3, 1, -17, -17, 37, -2, 2, 12, 0, 52, 26, 52, -2, 18, 62, -23, 36, 12, -30, -3, -34, 8, 24, 40, -3, -14, -2, 7, 30, -35, 37, 37};
weight_ih[100] = {18, 0, 10, -49, 5, 0, -9, 16, 0, -17, 2, 23, -60, 5, 0, 0, 20, -35, 0, -38, 0, -6, 9, -33, -36, 1, -18, -40, 0, 1, 24, 0, 7, 6, 0, 0, 14, 0, 0, -29, -37, -1, 7, -20, -22, -6, 13, -6, 0, 0, 3, 7, -28, -14, -21, -27, -25, -2, -5, -11, -44, -12, -2, -31, -13, 5, -3, -5, -12, 3, -7, 18};
weight_ih[101] = {-11, 0, -3, -33, -18, 0, -55, -16, 0, -22, -10, -16, -20, -19, 0, 0, -34, 5, 0, -34, 0, -4, -2, -6, 2, 2, 8, -45, 0, -19, 3, 0, -44, -36, 0, 0, -21, 0, 0, 12, -9, -6, -23, 8, 8, 3, -14, -25, 0, -28, -12, -21, 7, -16, 16, 3, -51, -26, -36, -21, -18, 8, -23, 0, -20, -9, -2, 7, -22, 7, -1, -28};
weight_ih[102] = {-50, 0, 27, 30, -22, 0, 18, -9, 0, 11, -47, 34, -49, 45, 0, 0, -20, -30, 0, 35, 0, 25, 42, -10, -43, -9, -20, -1, 0, 34, 44, 0, -8, -16, 0, 0, 28, 0, 0, -45, 31, -20, 37, -26, -41, -8, 32, 43, 0, 14, -17, -12, -23, -8, -18, -16, -15, -36, -32, 35, -37, 1, -12, -15, -7, -47, -9, -36, -22, -28, 50, 29};
weight_ih[103] = {-51, 0, -8, 34, 0, 0, -34, 8, 0, -14, -57, -3, -21, 4, 0, 0, 0, -52, 0, -46, 0, 16, -34, -2, -46, 2, -47, 14, 0, 8, 13, 0, 3, -31, 0, 0, 29, 0, 0, -49, 11, -2, -70, -2, -10, 3, -47, -8, 0, -50, 14, -32, -16, -5, 10, -34, -38, -20, -7, -13, 10, 23, -6, 28, -1, -4, -1, 4, -27, -18, -21, -6};
weight_ih[104] = {37, 0, -28, -30, -37, 0, 22, -25, 0, -13, -52, -22, -29, -5, 0, 0, 22, -57, 0, 30, 0, 52, -50, -26, 4, 0, -96, 31, 0, -36, -24, 0, -13, 2, 0, 0, 12, -11, 0, 21, -54, -31, -27, 51, -56, 7, -9, 49, 0, 0, 1, -55, 19, 3, -16, -9, 33, 40, -2, -21, 3, 15, 52, -7, 41, -29, 0, 28, -44, -15, 18, -7};
weight_ih[105] = {28, 0, -41, -17, 6, 0, -33, 13, 0, 54, 53, -34, 53, 39, 0, 0, -24, -18, 0, 12, 0, -8, -33, 46, 7, 2, -31, -35, 0, 57, -36, 0, 55, -49, 0, 0, 29, -1, 0, -43, -32, 3, -30, -6, 35, -9, -3, 41, 0, 29, 35, -33, -21, -19, -3, -33, 62, 28, 45, 17, 40, -36, 58, -26, 27, -8, -2, 13, -27, -16, 45, 57};
weight_ih[106] = {-6, 0, -6, -16, -9, 0, -20, -18, 0, -4, -18, -2, -23, -21, 0, 0, -5, -7, 0, -25, 0, 0, -10, -21, -9, 1, -8, -44, 0, -6, -6, 0, -35, -25, 0, 0, -18, 0, 0, -1, -5, -6, -3, -3, -3, 0, -7, -7, 0, -3, 1, -15, -2, -13, -6, -3, -9, -31, -32, -5, -5, -2, -9, -3, -7, -7, -1, -1, -21, -8, -1, -12};
weight_ih[107] = {53, 0, 6, -61, -12, 0, 16, 39, 0, 21, -42, 36, -47, -16, 0, 0, 31, -1, 0, 6, -1, 21, 58, 35, -50, -11, 36, 27, 0, -11, 75, 0, -5, -27, 0, 0, 1, 8, 0, -23, 21, -12, 22, -61, 51, -18, 58, -22, 0, 45, -25, -46, -83, -26, 128, 44, 26, -51, -45, 18, -16, -75, -7, -6, -37, -51, -7, -29, -57, 30, 32, 20};
weight_ih[108] = {-1, 0, -15, 21, -37, 0, -87, 11, 0, -34, -68, 1, 1, -67, 0, 0, 15, -20, 0, -40, 0, -18, 20, 2, 10, 3, -28, 3, 0, -57, -4, 0, 9, -11, 0, 0, 23, 0, 0, -44, -31, -29, -100, -4, -36, 2, -6, -3, 0, -25, -5, -28, -29, -18, 4, -23, 5, 6, -28, -73, -25, -3, -13, 26, -38, -1, -3, 13, -22, 23, -20, -25};
weight_ih[109] = {12, 0, 8, -9, -21, 0, -87, -12, 0, -34, 26, 44, 24, -50, 0, 0, -36, -44, 0, -29, 0, 6, 4, 15, -38, -1, -44, 31, 0, 9, -22, 0, 20, -28, 0, 0, -46, 0, 0, -46, -33, -1, -54, -8, 25, 7, -39, -40, 0, -40, -10, -2, -52, -25, 36, 13, 35, -7, 45, 8, -62, -26, -24, -54, -20, 13, -4, -17, 31, -42, 31, 6};
weight_ih[110] = {47, 0, -50, -2, 5, 0, 7, 7, 0, 42, -26, -47, 3, -8, 0, 0, -15, -34, 0, -1, -1, 34, -34, 28, -45, 9, -6, 25, 0, -10, -4, 0, 27, -47, 0, 0, -35, -13, 0, -2, 30, -50, 28, 58, -35, 30, -43, 13, 0, 43, 77, 52, 27, -9, -92, -35, -26, 47, -48, 8, -41, -8, 59, -40, -4, 51, 3, 44, -74, -33, -18, 51};
weight_ih[111] = {7, 0, -59, 46, -27, 0, -14, -16, 0, -41, -32, 4, -23, -13, 0, 0, 14, -45, 0, -2, 0, 10, -58, -46, 16, 2, -68, 60, 0, -45, -40, 0, -32, 6, 0, 0, -23, 0, 0, 15, -15, -36, 3, -3, -45, 2, -23, 46, 0, 15, 6, 14, -25, -13, -50, -7, 46, 3, -48, 30, -51, 2, 48, -22, -1, 22, -1, -6, -34, -51, -7, -11};
weight_ih[112] = {-30, 0, -17, -12, 13, 0, -14, 8, 0, 29, 61, -3, 46, -19, 0, 0, -34, -15, 0, 1, -1, 42, 21, -9, 34, 5, -23, 47, 0, 69, 39, 0, -11, 38, 0, 0, 56, -2, 0, 28, -35, 39, -4, 99, 30, 29, 42, 6, 0, 4, -5, -7, 44, 72, -74, 2, -40, 3, -1, 28, 56, 26, -12, -37, 69, -21, 4, 51, 66, -22, 8, -14};
weight_ih[113] = {10, 0, 8, -1, -20, 0, -63, -19, 0, -8, -63, -45, 30, -39, 0, 0, -2, -36, 0, -35, 0, -4, 9, 9, -13, 1, -5, 46, 0, -1, -5, 0, 40, -5, 0, 0, 25, 0, 0, 4, -12, 1, -42, 6, -19, 2, -9, 9, 0, -21, -8, 23, 36, -5, 9, 3, 30, 10, -13, -2, -41, -1, -7, -49, 12, -46, 0, 3, 16, -10, 3, -24};
weight_ih[114] = {-21, 0, 4, 12, -52, 0, 7, -13, 0, 2, 43, -1, -67, -54, 0, 0, -19, -13, 0, 0, 0, 15, 38, 13, -10, 10, 14, 57, 0, -9, -9, 0, 9, -38, 0, 0, -12, -12, 0, 60, -17, -29, -2, 28, -13, 7, 35, -27, 0, -48, -22, -23, 15, -35, -16, -22, 35, -25, -13, -22, -10, -13, -5, 38, 24, 9, -3, 14, 19, -13, -10, -9};
weight_ih[115] = {-57, 0, 14, 34, 2, 0, -22, -3, 0, 49, -51, 35, 15, -47, 0, 0, 49, -29, 0, 10, 0, 49, 20, -38, -20, 3, -40, 32, 0, 43, 65, 0, 20, 28, 0, 0, -20, 0, 0, -39, 36, 33, -16, 14, 26, 9, 48, -26, 0, 32, -9, -51, 39, -47, -2, -35, -27, 59, 0, 18, 16, -10, 21, 24, 21, -5, 1, 7, 31, 4, -50, 28};
weight_ih[116] = {64, 0, -75, -2, 19, 0, 33, -43, 0, 78, 54, 21, 56, 6, 0, 0, 107, -2, 0, 61, 0, -16, 12, -30, -25, -2, 32, -28, 0, 12, 30, 0, -13, -37, 0, 0, 9, 0, 0, -7, 33, -2, 86, -56, 57, -13, 64, 24, 0, 81, 70, -31, -69, -30, 33, 89, 7, -34, 3, -24, 54, -49, -17, 1, -60, -4, -4, -15, 47, -29, 66, 76};
weight_ih[117] = {-30, 0, 1, 13, 6, 0, -22, 33, 0, -14, -13, 2, 15, 13, 0, 0, -14, 14, 0, 41, 0, 0, -4, -21, 20, 1, -1, -1, 0, -9, -8, 0, 3, 11, 0, 0, 8, 0, 0, -5, -7, -8, -10, 0, -1, 0, -19, -26, 0, -13, -6, 17, 6, -5, 0, -3, -18, -16, 10, -7, -34, 4, -18, -21, -6, 6, 0, 0, 28, 4, -2, -21};
weight_ih[118] = {-3, 0, -13, 0, -28, 0, 22, -30, 0, -8, -12, -10, -29, -13, 0, 0, -3, -33, 0, -33, 0, 6, -30, -53, -34, 0, -19, 7, 0, 3, 8, 0, -35, -40, 0, 0, -34, 0, 0, -14, -6, 1, 20, -17, 0, -2, 11, 19, 0, -2, 8, 2, -26, -41, -6, -1, 40, -18, -58, 8, 20, -22, 18, 11, -14, -17, -1, -8, -68, -25, 0, 18};
weight_ih[119] = {-17, 0, -19, 62, -16, 0, 51, -5, 0, 34, 14, 50, -12, -27, 0, 0, 67, -44, 0, -18, -1, 5, -14, 2, -49, -1, -43, -16, 0, 2, 42, 0, -12, -24, 0, 0, -37, 0, 0, -36, 40, -5, 12, -15, -32, 8, -34, -35, 0, 61, 25, 9, -10, -37, 87, -37, -20, -24, -5, 6, -1, -32, 32, 48, 5, -23, -4, 4, -14, -55, -11, 5};
weight_ih[120] = {-39, 0, 38, 16, -11, 0, -13, -23, 0, -38, 23, -45, -6, 8, 0, 0, -1, -27, 0, -40, 0, -11, 27, -19, 6, -3, -24, -30, 0, 35, -24, 0, 29, -26, 0, 0, -7, 0, 0, -9, 13, 2, 13, -26, -30, -22, 34, -18, 0, 19, -27, 18, 7, 8, -20, -4, 5, -15, 27, 18, 9, 11, 46, 29, -11, -33, -2, -15, -6, 23, -36, -27};
weight_ih[121] = {12, 0, -10, -29, -10, 0, -21, -31, 0, -32, 51, -25, 4, 25, 0, 0, -20, 70, 0, -25, 0, 6, -16, 24, 56, -3, 4, -39, 0, -65, -10, 0, -56, -65, 0, 0, -51, 0, 0, 54, -17, -48, -16, -19, 13, -9, 8, -7, 0, -34, 0, 2, -25, -33, 27, 13, -16, -60, -47, -17, 0, -24, 12, 35, -40, -8, 1, -15, 24, 24, 5, -4};
weight_ih[122] = {-15, 0, -11, -13, -9, 0, -39, -13, 0, -21, -9, -17, -21, -22, 0, 0, -27, -2, 0, -19, 0, 0, -21, -10, -4, 2, -14, -32, 0, -19, -11, 0, -30, -31, 0, 0, -13, 0, 0, 6, -20, -15, -18, 1, -4, 2, -11, -10, 0, -16, -6, -9, 2, -9, -10, -6, -15, -23, -24, -20, -16, 1, -2, -10, -16, -8, 0, 3, -23, -8, -3, -14};
weight_ih[123] = {-21, 0, 2, -32, -37, 0, -61, -14, 0, -59, -41, -72, -40, -81, 0, 0, -39, -52, 0, -14, 0, -23, -54, -62, -77, 1, -44, 35, 0, -20, -8, 0, 47, 1, 0, 0, -13, 0, 0, -45, -70, -17, 10, 13, -36, 1, -6, -35, 0, -89, -30, 1, -12, -40, -32, -38, 3, 26, -43, -18, -49, -5, 2, -31, -6, -12, 0, -1, -53, -21, -8, -26};
weight_ih[124] = {-12, 0, -50, 37, -34, 0, -60, -39, 0, -14, 3, -15, 9, 6, 0, 0, -23, -6, 0, -7, 0, 64, -108, -9, -1, 1, -92, 1, 0, -51, -89, 0, 5, -76, 0, 0, -45, 0, 0, 2, -71, -45, -19, 27, -32, 8, -26, 46, 0, -12, 6, 33, 24, -31, -47, -21, -14, -21, -46, -51, -9, 17, 97, -42, -14, 3, 1, 17, -14, -36, -22, 14};
weight_ih[125] = {17, 0, 31, -50, -57, 0, -77, 21, 0, 3, -2, 29, 24, 24, 0, 0, -1, -45, 0, -45, 0, 20, 28, 34, -12, 1, -42, -9, 0, 8, -44, 0, 38, -29, 0, 0, -51, 0, 0, 3, 18, -4, -27, -18, 22, 8, -16, -18, 0, -9, -46, -59, 8, -10, 3, 9, -2, 34, -3, -43, -22, -41, -9, -31, -15, 0, -2, 2, -45, 8, -16, -4};
weight_ih[126] = {65, 0, -25, 48, -21, 0, 35, 58, 0, 58, 2, -5, 0, 21, 0, 0, -8, -3, 0, -5, -1, -40, 66, -40, -24, -6, 45, -24, 0, 16, 36, 0, 62, 23, 0, 0, 24, 0, 0, 14, 23, 60, 33, -18, -31, 0, 20, 13, 0, 65, 64, 52, -23, 38, 25, 47, 24, -9, 16, 15, 37, 3, -33, 62, 34, 32, -3, -4, 18, -33, 74, 30};
weight_ih[127] = {7, 0, 17, 63, -45, 0, -13, -19, 0, -19, 12, 50, -9, 37, 0, 0, 54, -30, 0, 9, -1, 43, 0, 8, -16, -4, -32, 40, 0, 68, -8, 0, -5, -10, 0, 0, 18, 0, 0, -30, 39, 48, 29, 10, 3, -7, 55, -11, 0, 35, -11, 26, -32, -5, -74, -8, 33, -26, -46, 65, -23, 12, 34, -17, 64, 26, 1, -16, 25, -29, -8, -9};
weight_ih[128] = {-24, 0, 57, 33, -36, 0, 52, -86, 0, 46, -28, 81, 14, -39, 0, 0, 31, -49, 0, 4, 0, 53, 27, 7, -2, 4, -17, 33, 0, 62, 27, 0, 55, 10, 0, 0, -34, 0, 0, -38, 70, 33, 48, -14, 19, -2, 4, 13, 0, -2, -4, 3, 3, -71, 15, -29, 23, -18, -34, 92, -1, -17, 71, -8, 26, -31, -1, -4, -67, 0, 49, 54};
weight_ih[129] = {-9, 0, -1, -2, -4, 0, -18, 10, 0, -14, -5, -8, -11, -22, 0, 0, -15, 2, 0, -6, 0, 0, -9, 9, -1, 2, -2, 4, 0, -4, -4, 0, 0, 5, 0, 0, -2, 0, 0, -4, -7, -4, -8, 3, -3, 0, -9, -8, 0, -11, -6, -24, 3, 2, -2, -4, -15, -5, 1, -6, -9, 0, -2, -10, 0, -2, 0, 0, -6, 7, -3, -9};
weight_ih[130] = {-16, 0, -2, -28, -14, 0, -26, -20, 0, -2, -33, -12, -30, -4, 0, 0, -10, -11, 0, -38, 0, 1, -9, 1, -14, 1, -2, -13, 0, -6, -10, 0, -49, -27, 0, 0, -26, 0, 0, -2, -5, -5, -3, -1, 1, 0, -8, -13, 0, -1, -2, -1, 0, -17, 1, 0, -6, -14, -50, -4, -10, -1, -10, -1, -5, 1, 0, 0, -22, -5, 0, -8};
weight_ih[131] = {-4, 0, -27, 32, 0, 0, -38, -49, 0, -13, -45, -57, 27, 22, 0, 0, -36, -17, 0, -17, 0, 64, -77, -44, -8, 1, -69, -3, 0, -36, -27, 0, -54, -79, 0, 0, -59, 0, 0, 28, -53, -34, -13, 14, -62, 8, 20, 21, 0, 16, 3, 1, -5, -18, -69, 4, 37, -30, -8, -3, -36, -4, 43, 26, -18, -5, 1, 17, -7, -66, -4, 42};
weight_ih[132] = {51, 0, -6, -50, -6, 0, 74, -44, 0, -38, -53, -21, 19, 0, 0, 0, -10, -24, 0, -41, -1, 9, 41, -7, 40, 3, -34, -34, 0, -49, -2, 0, -16, -37, 0, 0, -14, 2, 0, -19, 17, -34, 96, -18, 78, 25, 2, -25, 0, 10, -18, -44, -9, -64, 67, 53, -22, -26, -6, 34, 5, -25, 1, 20, -26, 6, -2, 15, -13, -7, 52, 13};
weight_ih[133] = {-7, 0, -4, 11, -18, 0, -11, -10, 0, -7, -11, -5, -32, -16, 0, 0, -10, -12, 0, 2, 0, 2, -22, -8, -10, 1, -14, -12, 0, -8, -10, 0, -11, 6, 0, 0, 6, 0, 0, -9, -8, -7, -5, 4, -7, 0, -12, 4, 0, -15, 2, -9, 4, -9, -11, -3, -3, -9, -37, -10, -11, -1, 13, -5, 1, -1, 1, 1, -8, -7, -1, 0};
weight_ih[134] = {-14, 0, -7, -11, -9, 0, -28, -8, 0, -24, -11, -24, -6, -25, 0, 0, -19, -5, 0, -29, 0, 1, -21, -21, -9, 2, -20, -36, 0, -20, -27, 0, -30, -25, 0, 0, -15, 0, 0, 3, -28, -14, -14, 0, -7, 2, -23, -10, 0, -9, -10, -8, 1, -12, -12, -13, -29, -26, -8, -18, -19, 1, 1, -17, -12, -3, 0, 3, -14, -10, -4, -15};
weight_ih[135] = {-1, 0, -28, 17, 11, 0, 29, 51, 0, -57, 39, -7, -25, 29, 0, 0, 28, -6, 0, -19, -1, 0, -13, -4, -6, -1, -67, -16, 0, 7, 11, 0, -7, 26, 0, 0, 47, 0, 0, 23, -14, -2, 19, -28, -11, -6, 25, -5, 0, 30, -27, 23, -25, 28, -18, -57, -5, 8, -8, -42, -50, -36, -5, 1, -9, 44, -3, -10, 27, 17, -13, 33};
weight_ih[136] = {48, 0, 24, -12, 38, 0, 25, -9, 0, 65, -8, -10, 40, 58, 0, 0, 62, -7, 0, -10, -2, -12, 18, 47, -2, -1, 17, -14, 0, 40, -34, 0, -13, -67, 0, 0, 33, 0, 0, 54, 44, 46, 14, 111, 39, 21, 5, 30, 0, -5, 2, 23, 12, -17, -11, -24, 26, -49, -30, 78, 39, 37, -6, -11, 68, -38, 2, 56, -43, -26, -18, -9};
weight_ih[137] = {-17, 0, -93, -19, -57, 0, 115, -72, 0, 23, 38, 11, -19, 34, 0, 0, 48, -17, 0, 27, 1, -23, 6, 0, -29, -6, -5, -88, 0, -30, -30, 0, -127, -103, 0, 0, 2, 0, 0, 38, -19, -13, 72, -41, 5, -14, 35, 57, 0, 67, 19, 20, -31, 16, 9, 33, 35, -87, -38, -14, 41, -58, -34, 63, -84, -26, -2, -21, -45, 22, 14, 60};
weight_ih[138] = {-46, 0, 17, 22, -19, 0, 27, -11, 0, -42, -15, -44, -10, 32, 0, 0, -11, -20, 0, 16, -2, 38, -50, 15, -59, 5, -22, 14, 0, -18, 9, 0, 26, 26, 0, 0, -32, 0, 0, -7, -41, 16, -35, -3, -35, -10, -32, 30, 0, -40, 22, 42, -27, 0, 14, -12, 35, 49, 22, 9, -13, 6, -7, -34, -1, -20, -2, 5, -9, 24, -38, -13};
weight_ih[139] = {0, 0, -23, -11, -16, 0, -46, -27, 0, -22, -8, -13, -35, -25, 0, 0, -36, -13, 0, -29, 0, 2, -31, -15, -12, -3, -17, -39, 0, -11, -22, 0, -30, -48, 0, 0, -24, 0, 0, 12, -12, 1, -17, -5, 0, -3, -22, -3, 0, -13, 1, -16, -10, -13, -1, 2, -13, -32, -17, -15, -3, -18, 7, 0, -15, 3, 1, -3, -29, -38, -1, -6};
weight_ih[140] = {-36, 0, -44, 53, 27, 0, -58, 38, 0, -55, 39, -26, 16, -37, 0, 0, -2, -8, 0, -16, -1, -10, 12, 48, 4, 5, -93, 11, 0, -27, -49, 0, 42, 32, 0, 0, 31, 0, 0, -7, -12, 1, -95, 8, -46, -16, -31, -6, 0, -41, -49, 2, -4, 33, -15, -35, -51, 42, -1, -54, -4, -22, -32, 6, -7, 47, -3, -12, 51, -21, 30, 13};
weight_ih[141] = {37, 0, 17, -11, -28, 0, 71, -13, 0, -27, -44, 60, -25, 44, 0, 0, 15, -41, 0, -20, 0, -15, -14, -31, -18, -3, -15, 19, 0, -3, 55, 0, 5, -3, 0, 0, -5, 0, 0, 11, -12, -1, 36, -26, -31, 2, -15, 2, 0, 2, 6, -45, -30, 23, 35, 36, 16, -13, 31, 16, -1, -26, 42, 2, 12, -18, -4, -12, -3, 2, -1, 78};
weight_ih[142] = {-25, 0, -1, -28, 6, 0, -52, -12, 0, 29, 23, -31, -43, -6, 0, 0, -21, -24, 0, 41, 0, 8, 31, 12, -8, 1, -49, 5, 0, 19, -38, 0, -1, 36, 0, 0, -14, 0, 0, -32, 20, 5, -56, -7, 4, -8, -53, -37, 0, -16, -39, -2, 9, -17, 36, 3, -23, -2, 36, -23, -65, -6, -23, -16, -4, -38, -5, 7, -23, 10, 6, 7};
weight_ih[143] = {-3, 0, 19, -3, -2, 0, -60, 40, 0, 14, -51, -36, 5, 24, 0, 0, 4, -29, 0, -35, 0, -16, -24, 46, -2, 6, -65, 22, 0, -9, 20, 0, -20, 2, 0, 0, -35, 0, 0, -60, 16, 6, -66, 9, 4, 27, -18, -56, 0, 20, -34, 11, -16, -14, 39, -18, 25, 35, 28, -46, -74, 33, -23, -17, -7, -25, -5, 23, 12, -9, 36, -16};
weight_ih[144] = {0, 0, -5, 17, 13, 0, -60, 51, 0, 43, 76, -43, 59, 17, 0, 0, 50, 39, 0, 26, 2, 20, -42, 44, 68, 0, 59, -48, 1, 30, 37, 0, 6, -112, 0, 0, -64, 5, 0, 18, 67, -25, -31, 0, 43, 12, -37, -11, 6, -8, 4, 63, -91, -50, 4, -3, -35, -8, -41, 26, 32, 26, -64, 61, -78, 24, 9, 6, 24, 12, -13, 19};
weight_ih[145] = {14, 0, 41, -32, -2, 0, 23, 39, 0, 2, 40, 10, 71, 11, 0, 0, -42, 30, 0, 47, -7, 33, 11, 48, 80, 5, -1, 45, 0, -77, -25, 0, 38, -10, 0, 0, 37, -1, 4, 38, -23, -10, -37, 43, -38, -2, -46, -30, 0, -59, -49, 24, 4, -11, 34, -47, -56, 9, -22, 19, -14, 36, -4, 36, 40, -54, 2, 8, 69, 66, -36, 36};
weight_ih[146] = {-45, 0, -9, 20, -16, 0, 18, 49, 0, 16, -13, 16, 21, 22, 0, 0, -26, 28, 0, -40, 6, -22, 52, 41, 49, -7, -5, -14, 0, 1, -8, 0, -2, -1, 0, 0, -3, -11, 0, 35, -24, -45, -38, -14, -17, 7, -4, -72, 0, -44, -39, 33, 12, -18, -19, -49, -59, 7, 62, 43, 14, 15, -48, -11, 10, -36, 7, -38, 23, 81, -25, -24};
weight_ih[147] = {-41, 0, 16, -39, 15, 0, 38, 10, 0, 24, -69, -50, -2, -42, 0, 0, -33, -25, 0, 14, -1, -14, -51, 5, -35, -3, 37, 58, -3, -29, 23, 0, -40, 7, 0, 0, 9, 0, -1, -40, -26, -7, -23, 7, 25, 27, -18, 42, 0, -19, 3, -1, 68, -25, -9, 19, 5, -6, 0, 27, -55, 11, 14, -21, 6, -7, 1, 13, -62, -2, -47, 11};
weight_ih[148] = {25, 0, 15, -8, -41, 0, -24, -20, 0, 16, 48, 25, -17, 46, 0, 0, 25, 21, 0, -7, 2, 16, 22, -25, 58, 1, 29, -34, 0, -49, 42, 0, -77, -78, 0, 0, 38, 0, -1, -3, -41, -28, -67, -30, -2, -22, -57, -25, 0, 9, -45, -8, -45, 4, 24, 59, 19, -77, 1, -2, 58, 19, -3, 31, -36, 23, -1, 0, 43, -16, 14, -44};
weight_ih[149] = {0, 0, 46, 22, 43, 0, -47, 28, 0, -56, 25, -6, 11, -29, 0, 0, -53, 92, 0, 39, 6, -13, -6, 35, 58, 3, 39, 18, 0, -14, -1, 0, -32, 67, 0, 0, 13, -3, 8, 46, 37, -19, 17, -16, -15, 2, 2, 30, 0, -30, 14, 11, -15, 25, -1, 4, -7, 10, 40, -71, -13, 2, 67, 46, -25, 64, 0, -3, 75, 77, 55, 38};
weight_ih[150] = {21, 0, -36, -45, 27, 0, -75, 11, 0, -41, 25, -8, 40, -59, 0, 0, -30, 17, 0, 33, 0, -47, -19, 44, -3, -1, 49, -3, 0, -14, 3, 0, -17, 5, 0, 0, 24, -12, 0, 43, -66, -11, -57, 11, -21, 23, -54, 22, 0, -51, -10, -41, -27, 69, 13, 24, 26, -5, 64, -43, -18, 72, 32, 21, 0, 25, -15, -23, 40, 50, -23, -70};
weight_ih[151] = {-13, 0, -52, -16, -1, 0, -36, 27, 0, 23, 58, 2, -11, 1, 0, 0, 6, 20, 0, -57, 0, -33, -7, 40, 23, 0, 22, -27, 0, -21, 5, 0, -66, -59, 0, 0, 12, 0, 5, 49, 46, -50, -15, -36, -2, -23, 34, -47, 2, 11, -10, 29, -47, 7, 45, -34, -47, -29, -51, -20, 64, -8, -52, 55, -25, 20, 4, -26, 13, -40, 29, -4};
weight_ih[152] = {-38, 0, 18, -45, -3, 0, 45, -45, 0, 28, -8, 6, -15, -41, 0, 0, 20, -27, 0, -37, -4, 33, 14, -1, -77, 0, 10, 32, 0, 20, -14, 0, 7, 47, 0, 0, 7, 0, 2, -38, 35, -25, 36, 13, 31, -29, -61, 24, 0, -55, -40, -55, 6, -40, 31, -17, 30, -36, -40, 32, 30, -35, -27, -9, 24, -47, -5, -17, -78, -22, -10, 45};
weight_ih[153] = {-12, 0, -6, -25, 77, 0, -55, 19, 0, 45, 70, 23, 51, 35, 0, 0, -31, 30, 0, -17, 1, -51, -40, 45, 79, 9, 3, -53, -2, -20, -29, 0, -33, 7, 0, 0, 69, -5, -13, 21, -20, -5, 33, -7, 21, -4, 24, -18, 0, -9, 9, 49, -33, 30, 19, 50, -15, 2, 51, -56, -26, -12, -42, -31, -11, -24, 26, -32, 44, 54, -21, -54};
weight_ih[154] = {-38, 0, -44, -52, 13, 0, -32, 32, 0, 1, 28, -22, 45, 8, 0, 0, -5, 45, 0, 14, 2, -31, -42, 10, -2, -7, 34, 2, -10, 27, -2, 0, 16, 5, 0, 0, 32, -22, -18, -25, 29, 31, 5, -45, -52, -21, 37, 14, 1, -6, -58, 15, 2, 21, 27, 25, -52, 15, 58, 11, 2, -12, -47, 32, -13, 14, 15, -16, 31, 11, -4, -41};
weight_ih[155] = {-31, 0, 16, -35, 12, 0, 4, 25, 0, 13, -27, -26, -26, 42, 0, 0, 27, -29, 0, -6, 8, -71, -23, -42, -4, 1, 45, -30, 0, 57, -11, 0, 7, -70, 0, 0, -44, 10, 0, -12, 50, 49, 22, 33, 39, 22, 10, -4, 0, -30, 48, 43, 35, 11, -18, -37, -19, -46, -1, -9, 38, 39, -29, 13, -19, -43, 0, 19, -38, -31, 9, 13};
weight_ih[156] = {-48, 0, 14, -46, -1, -2, 48, -16, 0, 32, -14, -14, -44, -33, 0, 0, 29, -10, 0, 19, -1, -55, 31, 18, 16, -2, 18, -41, 0, 17, -35, 0, 3, 35, 0, 0, -11, 3, -9, -40, -2, 11, 13, 23, 2, 27, 35, -18, 0, 37, -17, -49, 1, -17, 46, 11, 42, 46, 25, -48, -10, -15, -6, 26, 17, -47, 3, 10, -33, 33, 15, -58};
weight_ih[157] = {-8, 0, -10, 20, 35, 0, 46, 15, 0, 28, 61, 44, 55, 38, 0, 0, -34, 48, 0, 47, 2, 11, -35, 90, 72, -2, -1, -24, 0, -44, 22, 0, 15, -10, 0, 0, 53, 5, 0, 45, -30, -27, 10, -21, 20, -12, -2, 48, 0, 49, -29, 58, -14, -5, -39, -15, 43, -7, -13, -22, 10, 31, 21, -27, -27, 27, 2, -13, 26, 41, 35, -10};
weight_ih[158] = {36, 0, -24, 57, -5, 0, -46, 88, 0, -49, 59, -48, 60, -25, 0, 0, -19, 20, 0, -13, -11, -15, -2, -24, 14, 3, -19, 47, 0, -31, -23, 0, -32, -34, 0, 0, 31, 0, -3, 34, -13, -8, 12, 30, 44, -27, -11, -29, 0, 2, -63, 34, 14, 28, -22, -58, -30, -24, 70, -65, 28, 1, -50, 13, -9, -21, 2, 28, 68, 53, -55, -6};
weight_ih[159] = {-43, 0, -32, -8, -26, 0, 36, 22, 0, 10, -48, 9, -8, -42, 0, 0, -33, -7, 0, -42, -6, -43, 22, -18, -33, 5, -44, -48, -9, 9, 36, 0, -3, 89, 0, 0, -15, 6, 0, -24, 35, -4, 29, 43, -47, 43, 37, 1, 7, 46, 43, -13, 44, -26, -57, -28, -22, 30, -51, 5, -64, 16, 40, -22, 29, -28, 27, 20, -32, 33, 27, 36};
weight_ih[160] = {44, 0, -19, -15, -15, 0, -60, 80, 0, -34, 64, -23, 28, 36, 0, 0, -18, 13, 0, -16, -1, 19, -34, 64, 14, 8, 48, -62, 0, -20, 27, 0, -16, 12, 0, 0, 53, 4, 1, 47, -48, -9, -47, 22, 36, 46, -27, -19, 0, 33, -38, -18, 58, 26, 30, -8, -45, -10, -3, 35, 4, 7, 27, -37, -3, 31, 9, 31, 45, 10, -44, 12};
weight_ih[161] = {-34, 0, 5, -8, 46, 0, 38, -9, 0, -41, 72, -19, 71, 58, 0, 0, -47, 41, 0, 64, 1, 0, -52, 58, 34, 5, -38, -13, -1, -39, 27, 0, 49, 54, 0, 0, 26, -9, 18, -11, -25, -28, -52, 15, 51, -8, 11, 35, -9, 24, 35, 31, 16, 38, 14, 3, -25, 26, 54, -58, 4, 13, -18, 52, -22, 20, -2, -2, 82, 33, 25, 46};
weight_ih[162] = {59, 0, -35, -15, -2, -1, 12, 30, 0, 21, 21, 1, 50, 38, 0, 0, 40, 22, 0, 59, 1, 25, 29, -6, 32, -1, -17, 0, 0, -17, 17, 0, 49, 76, 0, 0, 13, 0, 0, -6, 13, -6, 20, 3, 36, -1, 49, 41, 0, 8, 38, 41, -7, 23, -6, 53, -16, 53, -3, 28, 15, 10, 43, 36, 25, 41, 10, -10, -19, 2, -12, 50};
weight_ih[163] = {19, 0, -41, -25, 0, 1, -12, -43, 0, 6, -2, 17, -21, -39, 0, 0, 8, -13, 0, -21, -2, 25, 21, -45, 21, -1, -17, -9, 1, 42, -19, 0, 16, 45, 0, 0, -8, 0, -13, 1, -39, -3, 64, 6, -8, -39, 53, 58, 0, -15, 47, 33, 20, -29, -29, 43, 51, -21, 33, -6, -42, 3, 33, 30, 18, -23, -22, -22, -33, 9, -26, 70};
weight_ih[164] = {18, 0, -38, -67, -30, 0, 19, -77, 0, -14, -6, 66, -7, 13, 0, 0, 54, -16, 0, -33, 0, 38, 0, -43, -25, 0, -24, -44, 0, 12, 3, 0, -38, -62, 0, 0, -49, -18, 0, 10, -19, 14, -11, -12, -32, -4, 34, 41, 0, 57, 64, -33, -29, -46, -11, -33, -24, 15, -61, -24, -39, -89, -14, 36, -10, 54, -3, -4, -7, 18, 71, -1};
weight_ih[165] = {34, 0, 21, 9, 13, 0, -66, 28, 0, -58, 41, -14, 50, 37, 0, 0, -65, 21, 0, -26, -1, -29, 1, 5, 66, 3, 44, 2, -1, 8, -38, 0, 47, 57, 0, 0, 62, -8, 7, -46, -38, 8, 5, 35, -35, 30, -1, -51, 7, -17, -54, -19, 26, 75, -9, 14, -69, -34, 3, 21, -15, 92, -3, 9, 23, -64, -13, -19, 54, 42, -27, 19};
weight_ih[166] = {81, 0, 6, 6, 15, 0, -54, 53, 0, -34, 2, -14, -25, 15, 0, 0, 27, 36, 0, -47, 1, 18, 7, 34, 14, 2, 60, -33, 0, -40, -29, 0, 3, -36, 0, 0, -29, 6, 4, -7, 12, -1, 14, -4, 57, -18, 37, -13, 0, 10, 7, 44, -9, 11, 15, 79, 6, -36, 49, -19, 75, 37, -23, 14, -40, 40, 0, -18, -26, -16, 21, -64};
weight_ih[167] = {20, 0, 36, 29, -23, 0, 8, -51, 0, -48, -61, -17, -28, -28, 0, 0, -43, -43, 0, 18, -6, -9, 12, 10, -48, -1, 4, -26, 3, -7, 1, 0, -39, -36, 0, 0, -2, 5, 0, -28, -50, -12, -38, -36, -40, 7, 37, 42, 1, -36, 37, -14, -38, -12, 27, 9, 43, -4, -47, -17, 7, -38, 49, -33, -29, -7, 0, -15, 19, -58, -23, 43};
weight_ih[168] = {-36, 0, 32, 7, -19, 0, -36, -22, 0, 40, -61, 28, -55, -39, 0, 0, -15, -35, 0, -39, 0, 0, 11, -39, -7, -2, 24, -62, 0, 20, -4, 0, -27, 5, 0, 0, -25, 0, 0, -60, -44, 20, -19, -22, -20, -10, -26, -19, 0, 28, 4, -45, -35, -14, 40, -35, -11, -66, 20, 44, 0, -4, 3, 37, -1, 4, -1, -7, -32, -65, 11, -66};
weight_ih[169] = {-81, 0, 28, -47, 2, 0, -69, -38, 0, -83, -61, -69, -37, 26, 0, 0, -40, -32, 0, 1, 1, -20, -60, -26, -57, 6, -47, 15, 0, -23, 29, 0, 37, 21, 0, 0, 43, 0, 0, -27, -66, -15, -64, 44, 8, 12, -23, 49, 0, -37, -82, 28, 13, 26, 11, -38, -37, 13, -27, -15, -9, 43, 32, -74, 31, -13, 2, 39, -31, 25, -37, -19};
weight_ih[170] = {63, 0, -58, -29, 24, 0, 44, -21, 0, -18, -2, 4, -20, 19, 0, 0, -49, 51, 0, -1, -14, -6, -15, 87, 83, -7, 25, 3, 0, -58, 58, 0, -63, 27, 0, 0, -38, 8, 16, 12, -12, -28, -33, -33, 57, 16, -19, 3, 3, 33, 2, 36, -47, -30, 59, 6, 15, -76, 45, 7, 30, -12, -6, 5, -25, 23, -1, -20, 74, 1, 57, 39};
weight_ih[171] = {-67, 0, -29, 34, 11, 0, -47, 26, 0, -57, -56, 31, -47, -50, 0, 0, -76, -10, 0, -24, 2, 1, -54, 7, 20, -1, -15, 61, 0, -14, -49, 0, 50, 3, 0, 0, 31, -5, 5, 29, -53, -30, -16, 10, 13, -22, -21, -18, 1, -54, -7, -57, 59, 0, 29, -58, -2, -13, 46, -9, 16, 53, 36, -58, -3, 4, 8, 5, -9, -5, 17, -24};
weight_ih[172] = {42, 0, 13, 56, -22, 0, 3, 5, 0, -12, 63, 46, -9, 41, 0, 0, 50, 7, 0, 20, -3, 15, -42, -18, -39, -3, 20, -31, -1, 25, 10, 0, -45, -73, 0, 0, -35, -10, 1, 48, -4, -12, 34, -50, 14, -23, -30, 45, 3, 26, 29, 53, -24, 1, 34, 6, 52, -5, -1, 5, 20, -21, 56, 41, -34, 25, -5, -23, -16, 13, 45, 8};
weight_ih[173] = {-50, 0, -64, 3, -24, 0, 29, -66, 0, 19, 14, 21, -51, -28, 0, 0, -13, -13, 0, 41, 1, 15, -42, -8, -43, 3, 1, 49, 0, -25, -59, 0, -52, -56, 0, 0, -44, 0, -9, -5, -62, 33, -44, 17, -29, 5, -53, 60, 0, -43, -22, 3, -28, -36, -20, 23, 54, -5, -32, -65, -34, -19, 66, -23, -19, 28, 2, 4, 25, -101, -53, -36};
weight_ih[174] = {-23, 0, 51, 16, -7, -1, 53, -55, 0, -33, -56, -25, 19, -32, 0, 0, -25, -6, 0, -6, 3, 27, 57, 8, 20, 2, 52, 6, -1, 17, -17, 0, 4, -13, 0, 0, 15, -21, 0, 33, 13, -32, 44, 9, 53, -32, -40, -46, 0, -13, -39, -34, 55, -47, 21, -28, 2, 17, -54, 43, -34, 22, -44, 42, -10, -61, 6, 27, -27, 45, 6, -5};
weight_ih[175] = {43, 0, -26, 16, 36, 0, -40, -6, 0, 0, 21, 3, 15, 21, 0, 0, -72, 23, 0, 12, 8, -22, 43, 39, 66, 0, -2, 11, 0, -33, 24, 0, -36, 33, 0, 0, -10, 0, 5, 46, -3, -38, -30, 3, -27, -32, -41, -51, 9, -58, 40, -21, -11, 85, 46, -31, -13, 23, 25, 32, -43, 67, -9, 18, 6, 36, 5, -1, -25, 75, 12, -73};
weight_ih[176] = {-21, 0, -6, 14, 28, 0, 77, -4, 0, 23, -47, 4, 7, -41, 0, 0, 62, -34, 0, -41, 3, -3, -3, -50, -9, 1, 37, 52, 0, 52, -9, 0, -27, -8, 0, 0, -33, 7, 8, -49, 32, -3, 49, 25, -46, -24, 7, 66, -4, -7, -28, -22, 92, -33, 37, -23, 60, 18, -36, 31, -20, 33, -27, 2, 28, 12, -17, 15, -31, 4, -33, 52};
weight_ih[177] = {-38, 0, -41, 20, 48, 0, 15, 62, 0, -69, -30, -45, 26, -44, 0, 0, -56, 6, 0, 21, -1, -28, -64, -5, 54, -3, -39, -21, 0, -46, -14, 0, -15, -3, 0, 0, 5, -16, 0, -43, -27, -27, 12, -31, -22, -34, 22, -12, 0, -34, -17, 23, -21, 64, -31, -33, -12, 13, 40, -53, -52, 52, 6, -51, -24, 24, 1, -2, 63, -6, -6, -42};
weight_ih[178] = {-11, 0, -35, -59, -12, 1, -7, -48, 0, -40, 8, 25, -18, -46, 0, 0, -34, -15, 0, 13, 0, -10, -45, -33, -39, 1, -45, -66, 0, -12, -28, 0, -25, -66, 0, 0, -6, -14, 8, -26, -33, 20, -12, -14, -31, -10, 11, -35, 5, 7, -27, -43, -29, -20, 14, 3, 6, -2, -35, 7, 12, -24, -36, -48, -21, -25, 1, 4, -1, -31, -15, -44};
weight_ih[179] = {1, 0, -4, -39, 47, 0, -13, 3, 0, 7, 23, 1, -20, 55, 0, 0, 8, 23, 0, -49, -1, 47, 32, -26, 3, -2, -9, 31, 0, -17, 54, 0, -38, 3, 0, 0, 48, 0, 1, 30, 34, -39, -3, -29, 54, 18, 23, 19, 0, 52, 1, -13, -21, 14, 41, 44, -9, 31, 0, -40, 11, -57, 4, 49, -36, 11, 9, -30, 67, 46, -10, -51};
weight_ih[180] = {-13, 0, -14, -26, 59, 0, 29, 32, 0, -26, 66, -40, -20, -8, 0, 0, -31, 29, 0, 16, 2, -27, 40, 29, 40, -3, 40, -6, 0, -34, 22, 0, 18, -8, 0, 0, 44, 10, 0, 30, 38, -3, -19, -14, -22, 9, -10, -43, 0, 46, 34, -39, 7, 24, 82, 32, -18, -48, 28, 3, 40, -7, -8, -5, -19, 33, 11, -28, 83, 41, 58, 18};
weight_ih[181] = {46, 0, -16, -37, 67, 0, -66, 59, 0, -38, 70, -5, 52, -32, 0, 0, -18, 31, 0, 54, 8, 28, -41, 71, 9, -5, 61, -31, 1, -18, 57, 0, -48, 14, 0, 0, 7, -3, -7, -31, -44, 42, 41, -33, -2, -24, -4, 8, 0, -20, -29, -4, 36, 66, 47, -6, -6, -39, -26, -53, 6, 20, -5, -35, -17, 5, 5, -20, 16, 63, -26, -38};
weight_ih[182] = {64, 0, -36, -27, -8, 0, -38, -34, 0, 62, 78, -11, 40, 62, 0, 0, 6, 55, 0, 68, 4, -18, -46, 66, 62, -4, -12, -41, 0, -8, -21, 0, -61, -92, 0, 0, 4, -7, -7, 92, 13, -45, 10, 15, -16, 4, 42, 12, 2, -29, 67, 13, -54, -29, -20, 70, -33, -4, -9, -40, 53, -24, 4, 52, -20, -11, 16, 7, -8, 60, 45, -16};
weight_ih[183] = {37, 1, -53, 12, 12, 0, -31, 39, 0, -39, 15, 33, 49, -6, 0, 0, -58, 23, 0, 29, 12, -14, -31, 30, 54, -9, -62, -43, 11, -71, 12, 0, -51, -8, 0, 0, -58, 4, 1, 44, 2, -43, -54, -30, -10, 18, 4, 38, 9, 39, -35, 62, -71, -12, 44, 2, -34, 7, 37, 5, 6, -35, 26, 51, -26, -9, -1, -42, -8, 18, -41, 17};
weight_ih[184] = {14, 0, 4, -39, -27, 0, 69, -47, 0, 74, 3, 21, 9, -37, 0, 0, 77, -10, 0, 30, 0, -15, 85, -63, 29, 3, -19, 6, -2, 1, 52, 0, -9, -74, 0, 0, -73, 0, -12, 17, 56, -3, 75, 97, -27, -14, -1, 16, -7, 40, 54, 51, 42, -26, 33, 61, 15, -69, -57, 61, 68, 8, 7, -10, 21, 44, 6, 34, -45, -62, 22, -12};
weight_ih[185] = {6, 0, -22, -44, -41, 0, 75, -77, 0, 64, 25, 41, -58, 54, 0, 0, 36, -48, 0, 56, -5, -26, 27, -36, -67, 1, 15, 32, 1, -12, -32, 0, 33, -17, 0, 0, -83, -13, 4, 30, -10, -11, 51, 1, -26, -30, -16, 16, -11, 13, -28, 53, -26, -22, 22, -32, 32, 11, -24, -12, 52, -50, -33, -17, -29, 60, -22, -19, -32, -39, -16, 74};
weight_ih[186] = {-62, 0, 19, -36, -35, 0, -7, 17, 0, 36, 0, -23, 9, -38, 0, 0, 8, -33, 0, 15, 18, -23, 46, -72, -50, -1, 36, 23, 7, 38, 8, 0, 12, 71, 0, 0, 48, 0, 0, -34, 38, 28, 38, 29, 15, 19, -53, -32, -10, 50, 40, -63, 66, -17, 8, -19, 0, 19, 21, -41, -19, 46, 2, 0, 33, 0, -17, 12, -56, -21, 0, 46};
weight_ih[187] = {14, 0, 6, -17, 41, 0, 1, 15, 0, -23, -20, -38, 19, -14, 0, 0, -44, 19, 0, -33, -6, -7, -64, 10, 54, 2, -29, 59, 0, 5, -24, 0, 44, 43, 0, 0, 51, 1, 0, -2, -67, 12, -13, 12, -51, 24, 0, -39, 0, -15, -50, 24, -7, 13, 33, -25, -44, -11, 46, -59, -23, 25, -14, -14, 23, -42, -3, 10, 59, 43, -3, -58};
weight_ih[188] = {-76, 0, 20, 53, -34, 0, 45, -26, 0, 3, -51, 27, -49, 14, 0, 0, -18, -18, 0, 33, -12, -38, 3, 13, -16, -4, 5, 8, 0, -19, -41, 0, 41, 125, 0, 0, -9, 0, 0, -13, -37, 19, 28, 75, 1, -16, -8, 11, 0, 12, 36, 9, 39, 19, 18, -61, -26, 60, -43, 32, 11, 24, 3, -54, 82, -51, -3, 22, -41, 5, 22, -13};
weight_ih[189] = {-48, 0, 4, -47, -7, -3, 25, -40, 0, -51, 8, -17, -15, -40, 0, 0, -55, -40, 0, -12, -3, -21, 28, -26, -15, -1, 30, -27, 5, 28, -1, 0, 28, -90, 0, 0, -35, -15, 0, 7, -39, 42, 29, -27, -48, -4, -21, -20, 0, 10, -2, -16, -29, -19, -14, -8, -6, 8, -54, -25, -56, -33, -13, 29, -31, -42, -3, -9, -54, -57, 38, -40};
weight_ih[190] = {-33, 0, 35, -3, -37, -4, -37, -59, 0, -35, -50, -54, -12, -52, 0, 0, -56, -32, 0, -41, 1, 13, -13, -1, -46, 0, 15, 14, 8, -35, -44, 0, 50, -29, 0, 0, -2, 7, 0, -14, -18, 23, 18, 36, -43, 6, -66, 22, 0, -44, -2, 24, 24, -7, -43, 26, -63, 40, -22, -44, -17, 33, 13, -11, -3, -35, 2, -1, 3, 26, -12, 3};
weight_ih[191] = {5, 0, 32, 27, -10, 0, -32, -41, 0, 15, -78, -6, -1, -30, 0, 0, -1, -32, 0, 15, -11, 22, 9, -34, -33, 1, 7, -12, 2, 25, -47, 0, 41, 38, 0, 0, 52, 0, 0, 5, -44, 29, -56, 25, -1, 37, 22, -41, -7, -24, 37, -60, 48, 29, 46, -52, -60, 5, -38, 20, -35, 15, 8, -32, 21, 31, -2, 0, -57, 42, 34, -26};
weight_ih[192] = {40, 0, -27, -27, -27, 0, 33, -1, 0, 25, -65, 16, -66, 1, 0, 0, 30, -7, 0, -22, -5, 29, 52, 9, -27, -2, 61, 35, 0, -37, 7, 0, 0, 18, 0, 0, -36, -4, 2, 11, 49, 14, 13, 23, 57, 20, 40, -51, 2, -23, 40, -31, -51, -18, -5, 1, -25, 45, -44, 24, -31, 5, -55, -47, 16, 9, 2, 26, -33, -56, 40, -33};
weight_ih[193] = {2, 0, 34, 4, 27, 0, -33, -2, 0, 23, 31, 47, 86, 78, 0, 0, -24, 39, 0, -5, 0, -1, 52, 83, 104, -10, 36, 18, 0, -76, 13, 0, 36, 22, 0, 0, -31, 2, 5, 0, 23, -51, -15, -59, 38, -2, 42, -43, 0, 29, 6, 45, -9, -37, 2, -12, -26, -81, 51, 23, 44, 7, 35, 19, -22, 12, 9, -59, 20, 51, -31, 5};
weight_ih[194] = {-37, 0, -5, -61, -4, 0, -8, 9, 0, 1, -43, -50, -54, -54, 0, 0, 36, -50, 0, -42, -10, -5, 41, -42, -27, 0, -36, -30, 0, 21, 0, 0, -42, -35, 0, 0, -23, 4, 4, -43, -42, 1, 30, 2, 3, 0, -10, -20, 3, -42, 25, 3, -11, -6, 5, -18, -50, -54, 2, -20, -35, -10, 11, 11, 4, -16, 1, 12, -48, -42, 41, -27};
weight_ih[195] = {-40, 0, 90, 7, -24, -3, -4, 45, 0, -39, 51, -25, 30, -17, 0, 0, 15, 24, 0, 45, -6, -62, 100, 61, 62, 0, 73, -8, -8, -46, 79, 0, 19, 102, 0, 0, 1, 0, 16, 39, 4, -48, -4, 45, 76, 14, -4, -6, 0, -24, -23, -3, 60, -35, 38, 14, -3, 65, 30, -15, -33, 34, -60, 41, -12, -18, -10, 9, -3, 64, 8, -67};
weight_ih[196] = {-35, 0, 13, 16, 28, 0, -70, 10, 0, 4, 79, -29, 110, 39, 0, 0, 17, 30, 0, 63, -10, 44, -80, 103, 33, 12, -35, 96, 0, -71, -41, 0, 79, -53, 0, 0, 47, 0, 0, -6, -20, -6, -12, 13, -35, 41, 14, 38, -6, 39, 14, 44, 14, 43, -25, 7, 35, 32, 16, -42, -10, 49, 73, -12, -5, 46, 14, 6, 100, 36, 26, 16};
weight_ih[197] = {7, 0, 2, -25, -39, 0, 15, -25, 0, 25, 16, 32, 7, -25, 0, 0, 5, -26, 0, -32, -1, 23, -6, -67, -17, -1, 41, 36, 0, 21, 42, 0, -36, -7, 0, 0, -54, 0, 0, 27, 64, 8, 4, -5, 23, 1, -32, -10, 0, 63, 8, -30, -24, -49, 42, 60, 82, -16, -65, 45, -31, -20, 26, -23, 6, 14, -5, -13, -7, 19, 49, -14};
weight_ih[198] = {-65, 0, -48, -20, -35, 0, 43, -6, 0, -20, -31, -61, 32, -31, 0, 0, 17, -1, 0, 3, 9, 16, -47, -36, 40, 1, 41, 62, 2, 18, -48, 0, 16, 47, 0, 0, -33, -3, 0, -52, -30, 13, -73, -1, -47, 16, -42, 34, 0, -1, -3, 14, 58, 6, -5, -24, 2, 42, 2, -41, -4, 29, 23, -52, -14, -29, -12, -16, 11, -38, -52, -8};
weight_ih[199] = {48, 0, -23, -7, -11, 0, 29, -27, 0, 11, -31, 10, -25, -23, 0, 0, 15, -22, 0, 31, -4, -5, -2, -69, -33, -2, -12, 67, 0, 15, 44, 0, -36, -38, 0, 0, -45, 0, 13, 25, -30, 19, -11, 41, 26, -8, 16, 17, 0, 45, -17, -3, -9, -28, -28, 43, -15, 3, -59, -45, 7, -34, 52, 42, 18, 17, 8, 6, 12, 10, -28, -18};
weight_ih[200] = {-11, 0, -6, -25, 7, 0, -20, 19, 0, 9, 8, 25, 51, -6, 0, 0, -41, -1, 0, -16, -1, -18, 58, 43, -22, -2, 26, 19, 0, 3, -8, 0, -43, -41, 0, 0, -43, -5, 0, 39, 11, -22, -29, -42, 46, -1, -4, 15, 0, -24, -25, -8, -58, -9, 29, -48, 48, -21, 49, 26, -17, -56, 11, -42, -39, 33, -17, -20, 7, -41, 35, 6};
weight_ih[201] = {-23, 0, -28, -23, 6, 3, -22, -12, 0, 52, 36, 10, 26, -21, 0, 0, 49, 43, 0, 22, 0, 2, 21, -25, 33, -1, -34, 46, -9, 6, 32, 0, 38, 84, 0, 0, 60, 0, 10, 50, -23, -35, -12, 6, 55, 7, 61, 35, -1, 39, -36, -24, 13, 6, 37, 7, 12, -8, 42, 48, 54, 25, -24, 50, 24, -23, -3, 4, -10, 37, 16, 20};
weight_ih[202] = {38, 0, -19, 63, 35, 0, -21, -12, 0, 38, -10, -12, 29, -23, 0, 0, 49, 37, 0, 63, 13, 50, 39, 42, 16, -1, 16, 69, 0, 31, 20, 0, 36, 57, 0, 0, 62, 9, 0, 31, -10, -18, -24, 12, -14, 2, -12, 40, 0, 39, -33, 3, 22, 5, 2, 0, -5, -18, -10, 15, 10, 7, 24, 35, 17, 26, -4, -3, 33, 17, 24, -9};
weight_ih[203] = {-37, 0, 36, 70, 74, 0, 25, 6, 0, 27, 30, -15, -19, 43, 0, 0, -41, 18, 0, -33, 1, 42, -26, 64, 24, -10, -43, -21, 0, -6, 42, 0, 43, -49, 0, 0, 11, 0, 0, 15, 26, -30, -50, -49, 25, -22, 7, -45, 0, -45, -31, 18, -18, 49, -4, -54, -55, 19, -7, 8, 7, 25, 54, 23, -12, -45, -2, -12, 68, 64, 2, -38};
weight_ih[204] = {54, 0, -46, -48, 29, 0, -48, 55, 0, 4, 7, -14, 64, 32, 0, 0, 32, 31, 0, 12, -5, 20, 23, 0, 43, 7, 16, -18, -1, -9, -37, 0, -56, -82, 0, 0, 7, 0, 4, 7, 17, -35, 7, 19, 30, 4, -36, 1, 0, 16, 10, 18, -38, 56, 34, 49, 24, -44, -9, -73, 49, -24, -38, 45, -29, -6, 6, 29, -8, 30, -18, -67};
weight_ih[205] = {-35, 0, 23, 28, -20, 0, 39, 13, 0, -33, -60, 25, -19, -29, 0, 0, -27, -21, 0, -43, -1, -23, -10, -22, 25, 1, -23, -50, 0, 1, -55, 0, -6, -26, 0, 0, -30, -4, -1, -40, -3, -21, -16, 11, -32, 6, -37, -2, 0, -11, -28, 13, 30, 8, -3, -1, 1, 21, -1, 30, -3, 6, -5, 4, 7, 9, 0, 6, 23, -21, -7, -28};
weight_ih[206] = {-1, 0, -27, -17, -19, 0, 20, -19, 0, -47, -4, -8, -62, 26, 0, 0, -18, -38, 0, 17, -1, 10, 1, -50, -11, 0, 4, -43, 4, -5, -29, 0, -17, -53, 0, 0, -27, 0, 0, -54, -7, 1, 39, -3, 12, 17, -2, -45, 0, 37, 2, -55, 1, -14, 9, 23, -19, -8, -35, -21, -38, -19, -16, -24, -10, 29, -9, -4, -44, -63, -42, -28};
weight_ih[207] = {-63, 0, -29, -24, -35, 0, -43, -17, 0, -32, 5, -55, -14, -45, 0, 0, 27, -10, 0, 2, -7, 5, 22, 1, 34, 6, 28, 45, 0, -3, 38, 0, -20, -14, 0, 0, 1, 1, 0, -35, -55, 13, -58, 38, 18, 8, 23, 30, 0, -62, -10, -5, 72, 43, -1, -33, -37, 28, 29, -2, -30, 58, 1, -39, 16, 4, 2, 2, 45, 7, -28, 16};
weight_ih[208] = {48, 0, -2, 25, -24, 0, 85, 10, 0, 69, 30, 2, -4, -46, 0, 0, 5, -24, 0, -12, -6, 41, 56, -8, -81, 3, -31, 29, -2, 10, 8, 0, 12, -49, 0, 0, -36, 0, 0, -50, 57, -2, 41, 96, 48, 28, 49, 30, 1, 16, 30, -22, -6, -40, -3, 23, 43, -47, 10, 13, -37, -35, 10, 3, 42, -58, 9, 28, -21, -71, 67, -29};
weight_ih[209] = {4, 0, -30, 15, 52, 0, -63, -4, 0, 44, 52, -42, 10, 36, 0, 0, -2, 11, 0, -1, 0, -18, -14, 17, 2, 7, -29, -14, 0, -27, -12, 0, 44, -72, 0, 0, 1, 0, 0, 52, 1, 7, -29, 16, -35, 7, 21, -68, 0, 28, -47, -41, -30, 44, 39, 29, 18, -46, 1, -39, -37, 31, -72, -28, 1, -28, 7, 19, 46, 10, -21, -79};
weight_ih[210] = {-38, 0, 55, 19, -29, 0, -35, 15, 0, -62, -22, -25, 15, -19, 0, 0, -9, -11, 0, 45, 3, -21, -14, -32, 35, 4, -4, 58, 0, 12, 21, 0, 26, -10, 0, 0, -7, 0, 0, -34, -45, 4, -11, 13, 18, 0, -30, 11, 0, -15, 12, -19, 73, 35, -47, -22, 11, 34, -47, -54, -34, -22, 1, -62, -7, 34, 3, 13, 48, 22, -72, -31};
weight_ih[211] = {53, 0, -18, 0, 39, 0, 36, -7, 0, 43, -5, 6, 81, -24, 0, 0, 52, 44, 0, 3, -18, -51, -27, 36, 67, -2, 43, 21, 0, 57, 21, 0, -18, -6, 0, 0, 12, 4, 0, -52, 34, -15, -38, -3, 53, 14, 56, 17, 0, 67, 48, 65, -3, 21, -48, 20, -26, -15, 55, -33, 2, 0, 33, 59, -4, 11, 5, -22, 35, -3, -15, -33};
weight_ih[212] = {-37, 0, 42, 30, -65, 0, 72, -29, 0, 43, 3, 13, -43, 0, 0, 0, 56, -26, 0, 0, 4, -25, 32, -10, -13, 8, 25, -30, 0, 48, -9, 0, 33, -54, 0, 0, -58, 0, 0, -10, 9, 7, 50, -5, 47, -5, 55, 0, 0, 49, 15, -60, -23, -48, 7, 7, -3, -46, -67, 34, -26, -36, 29, 56, -9, 7, -1, 35, -73, 0, 14, -2};
weight_ih[213] = {17, 0, -42, -20, 10, 0, -28, -16, 0, 10, 26, 44, -10, 31, 0, 0, 59, 26, 0, 30, 8, 1, 46, 0, 40, -4, -42, 19, -1, 33, 34, 0, 34, 26, 0, 0, -20, 0, 2, 30, -24, 9, 8, -37, -23, -36, 19, 40, 0, 14, -18, 17, 7, 17, -37, -4, 19, -30, 59, 6, 23, -3, 44, 54, -16, -36, -5, -33, 36, -37, -31, -12};
weight_ih[214] = {-11, 0, 12, 38, -9, 0, 74, -71, 0, 28, 17, 20, -21, -16, 0, 0, 60, -32, 0, -52, -3, 48, -18, -27, -33, -1, -34, 62, 0, -1, 43, 0, 35, 59, 0, 0, -25, 6, -1, 18, 5, -13, 20, -13, 38, -40, 25, 45, 0, 36, -8, 22, -31, -59, 7, -41, -17, 67, -47, 65, -40, 13, -35, 8, 0, -46, -6, -35, -69, -19, 46, 29};
weight_ih[215] = {34, 0, 52, -22, -68, 0, 56, -57, 0, 5, -41, -38, -92, 4, 0, 0, -27, -30, 0, 13, 1, 52, 10, -34, -55, 1, -24, 29, 0, -27, -12, 0, -26, -25, 0, 0, -12, -5, 0, -30, 10, 7, 19, -5, 30, -26, 32, 4, 0, -17, 19, 9, 10, -31, -17, 8, -35, -22, -45, -47, -20, -50, -23, 44, 8, 0, -7, -20, 9, 14, 3, -14};

Bias_ih (8 bit):
 {98, -212, -505, -33, -75, -226, -900, 671, -622, -696, -687, 38, 293, 704, 818, -567, -400, -384, -44, -170, -667, -783, 437, -852, 90, 293, -236, 962, 736, 415, 120, -515, 91, 635, -275, 572, -456, -313, 735, 736, 260, -82, -644, 677, -362, -328, -312, 636, 340, 40, 580, -652, -643, 969, 816, -747, -26, 771, -544, -788, -743, -99, -344, -805, -1050, -419, -659, -490, 542, 808, 685, -45, -194, -29, 899, -237, -554, -269, -317, 672, 42, -240, -1, 483, -96, -101, -135, 707, 144, 389, 299, -289, 26, -414, -390, 704, 903, 149, -357, -470, 662, 647, -69, 330, 520, 56, 186, 40, 391, -200, -126, -676, 37, 718, -528, -737, 392, -555, -115, -223, 88, -60, -820, -102, 139, -76, 86, -86, -273, -360, -335, 706, 537, 253, -73, 776, -49, 328, -69, 892, -33, 635, -354, -78, 524, 9, 44, 925, -257, 87, 606, 397, 729, 76, 74, 1067, 104, -36, 19, 214, 293, 789, 76, -224, 558, 247, -424, 725, -215, 351, 223, 192, 497, 322, 174, 290, 0, 806, 785, 766, 716, 206, -359, -138, 854, 466, 149, -305, 7, 1015, 306, 67, 160, 153, 114, 272, 119, -55, -104, 361, 549, 206, 233, 228, 496, 586, 300, 299, -149, 720, 768, 419, 826, -348, 719, -51};
Weight_hh (8 bit):
weight_hh[0] = {17, 15, 19, 16, 1, -36, -2, 13, -32, -14, -5, -3, 3, -9, 21, -11, 21, -21, 15, 1, -6, -30, 3, 16, -24, 6, -1, -10, -17, -20, 15, 5, 7, 11, -34, -24, 16, 4, 7, -17, -33, -35, 15, 27, -29, -7, -17, -1, -11, 9, -30, -12, 27, -11, 16, -15, -30, -35, 24, -4, -8, -6, -6, 22, -6, -42, -1, 9, -19, -25, -8, 13};
weight_hh[1] = {-17, -23, -20, 4, 16, -7, 57, -82, 14, 5, 20, 21, -14, 10, -4, 45, -45, -8, -47, 8, 7, 10, -4, -5, -12, 13, 9, -76, 54, -4, -50, -90, -31, -12, 34, 11, -30, 24, 20, 1, 32, 32, -14, 5, -6, -34, -13, -16, 7, 71, 70, -10, -2, -2, -3, 33, -12, 15, 3, -28, 14, 39, -14, -5, 1, 59, 0, 48, -23, 23, -24, -14};
weight_hh[2] = {8, -2, -14, -20, 33, 19, 3, -87, -13, 12, -20, -31, -1, -18, -14, -11, -63, 58, -41, 18, -6, -26, 22, -6, 9, 18, -16, 29, 15, -15, -31, -70, -10, 23, 27, 10, 6, -22, 31, 13, 42, -14, -2, -9, 32, 19, 13, -26, -15, -6, 20, 10, 2, 33, 33, 11, -21, 15, 5, -36, -27, -3, 37, 8, -1, 11, -1, -25, 18, 16, -12, -16};
weight_hh[3] = {-5, 17, -21, -11, -29, 28, -43, -2, -17, -38, 7, -31, 19, 22, 28, 9, 15, 9, 14, -4, 28, -16, 4, -20, 4, 11, -10, -4, 1, -21, 16, 3, -2, -5, -2, 10, -28, -34, 23, -24, -1, -14, 5, -2, 21, 2, 17, -20, -19, -50, -19, -33, 0, 29, 14, -30, -11, 13, 33, -40, -15, 2, 3, -24, -37, 14, 21, -42, 41, 12, 37, 15};
weight_hh[4] = {-16, 14, -3, 12, -28, 4, -3, -22, 13, -27, -27, -18, -12, -6, 16, 49, -40, 36, 3, 26, -10, 5, 5, -1, 6, 3, -23, 1, 27, 34, 13, -15, -8, -33, -8, -4, -20, -27, 25, 41, -2, 36, 5, -4, -14, -32, 8, -20, 5, -2, 21, 19, 7, 33, 17, -6, -17, 2, -11, -10, 34, 2, 15, -33, -14, 7, -16, -15, 2, -22, 15, 16};
weight_hh[5] = {-1, -14, 14, 1, -7, 21, 5, 28, -17, 19, 4, -17, 54, -8, -7, 52, 1, -27, 6, 32, -34, 0, 31, -36, -21, 21, 12, -2, 28, 35, 10, 25, 25, 4, 10, 16, 19, 12, 3, -5, -6, -21, 12, 3, 26, 2, 9, 16, -21, -1, 5, -2, -17, -16, 7, -25, 3, 14, 18, -29, -41, 16, 3, -21, -3, -24, -20, -25, 12, 11, 43, 8};
weight_hh[6] = {-3, 6, 12, 5, 10, -8, -14, 1, -2, -20, 3, 10, 15, 9, 8, -7, -13, -2, -2, 20, 7, -23, 16, -13, -8, -15, -17, 0, -9, -10, 7, -11, 16, -1, -2, 8, 8, -6, 11, -17, -8, -19, -15, 3, -1, 12, -3, -2, -2, -15, -9, -11, 5, 16, 11, -3, -12, 2, 19, -7, -21, 6, 1, 2, 4, -6, 17, 0, -4, -3, 5, 6};
weight_hh[7] = {-16, 28, 9, 0, 0, -16, 28, -10, -15, 12, -10, -35, -8, -1, 17, 51, 2, -1, 19, -24, 0, -27, 12, 10, 3, 11, -8, -13, 18, 35, -10, -22, -32, -4, -13, 20, -2, -25, -5, 25, 17, 9, -21, -14, 17, 0, 12, 12, 22, 41, 3, 0, -15, 20, -2, 2, 1, 2, 9, 7, 21, -3, 10, -7, -16, -16, -12, -1, 14, 5, -4, 2};
weight_hh[8] = {6, -1, 10, 7, 17, -9, 21, -10, -12, -26, -28, 3, -6, 15, 11, 44, -6, 12, -6, 15, 24, -29, -2, 9, -16, -5, -24, -23, 24, 34, 9, -7, 1, -14, -10, 6, 11, -29, -15, 16, 2, 3, 2, 15, 2, -10, -12, -18, -18, 46, 7, -2, 8, 31, 11, -13, 3, 4, 3, 11, 4, -9, -15, -16, 0, 7, 0, 26, -15, -2, -5, 9};
weight_hh[9] = {1, 20, 20, 8, 9, -14, -11, -10, -19, -28, -23, 13, -6, 24, 24, 10, -1, 7, 0, 11, 19, -10, 23, -3, -17, -10, -14, -2, 5, -3, 3, 11, 6, -1, -4, 9, 16, -28, 10, -13, -20, -12, -17, 13, -8, 6, -17, -5, -3, 3, -16, -1, 17, 9, 22, 0, -13, 0, 26, 7, -11, -3, 7, -6, 4, -18, 29, -12, -16, -12, 10, 2};
weight_hh[10] = {2, 15, 7, 9, 10, -10, 0, 6, -14, -22, -12, -1, -5, 10, 10, 1, 11, 9, 10, 4, 22, -14, 18, 7, -3, -8, -15, 3, 3, -7, 22, 3, 4, 11, -8, 15, 1, -17, -5, 3, -14, -9, -8, 4, -18, 6, -18, -13, -25, 7, -13, 1, 4, 9, 16, -4, -21, -3, 18, -1, -4, -4, -9, -5, 9, -11, 10, 1, -4, 2, 3, 1};
weight_hh[11] = {2, 6, 7, 7, 10, 3, -5, 0, -7, -4, 0, 12, 1, 21, 29, -9, 11, 11, 7, 0, 25, -27, -10, 2, -3, -20, -2, 0, -6, -16, 22, 7, 7, -9, 2, 9, 10, -17, -5, -10, -6, -18, -16, 6, 0, 2, -8, -30, -21, -7, -13, 12, 22, 28, 16, -21, -3, -20, 7, 0, 2, 4, -21, -7, 7, -3, 19, -7, 2, -11, -4, 7};
weight_hh[12] = {8, 11, -2, 8, 10, -6, -14, -8, 2, -13, -3, -3, 4, 22, 18, -9, 1, 8, 8, 16, 15, -2, 18, -11, -2, -5, 0, 9, -11, -13, 11, 0, 7, -3, 7, 0, 2, -5, 9, -16, -15, 0, -16, 0, -17, 16, -5, -19, -24, -12, -17, 6, -5, 3, 28, -8, -20, 0, 6, -2, -13, -3, -12, 5, 1, -3, 18, -15, -4, -3, -10, -1};
weight_hh[13] = {12, 13, 17, 11, -5, -13, 4, 3, -13, -10, -16, 11, -5, 16, 10, 10, 6, -14, 15, 4, 6, -15, 2, -5, -19, -15, -8, -9, 15, -6, 13, 14, 13, 4, -6, -5, 17, -12, 4, -15, -14, -12, 1, 14, -14, 1, -15, -10, -15, 2, -10, 0, 11, 13, 13, -11, -13, -14, 7, -6, -3, -6, -11, 1, 9, -15, 9, 4, -13, -5, 1, 28};
weight_hh[14] = {-5, -5, 15, 12, 15, -16, -19, -2, -17, -5, -25, -6, 14, 13, 18, -7, 4, 13, 20, 15, 19, -11, 27, -5, 0, -22, -2, 9, -15, -16, 15, -3, 8, 2, 2, 13, 21, -25, -11, -13, -5, -16, -2, 3, -14, 16, -14, -28, -9, -18, 2, -14, -4, 16, 7, -4, -8, -11, 13, 1, -19, 0, -13, 1, 4, -16, 27, -15, -6, -1, 5, 12};
weight_hh[15] = {-14, 2, 6, -14, 20, -6, -42, 7, -4, -4, -28, -13, 34, 27, 18, -28, 0, 2, -12, 33, 1, -10, 45, -15, 6, -6, -16, 8, -12, -28, 3, 19, -5, 19, 32, 22, 6, -12, 15, -13, 1, -17, -32, 13, 0, 49, 4, -8, 5, -59, 5, -13, -18, -4, 27, 20, -16, 9, 2, -30, -25, 15, 17, 3, 0, 0, 17, -35, 14, 25, 27, 3};
weight_hh[16] = {4, -6, 14, -9, -11, 12, 37, -21, 10, -13, -4, 6, -28, 15, 14, 20, -32, 9, -12, -9, 22, -3, 23, 17, 9, -33, -11, -27, 21, 5, -8, -24, -11, 13, -18, 10, 29, -25, 17, -22, 26, -15, -1, 25, -20, 4, -2, -20, -2, -7, 53, -20, 5, 8, -10, 32, -9, 6, 10, 20, 2, -16, -28, 15, 26, 30, 19, 22, -22, -3, -12, -1};
weight_hh[17] = {-5, -13, -19, -1, -4, 10, 3, 11, 11, -3, 5, -17, 15, 4, -20, 14, -8, 0, 2, -13, -5, 20, -2, 6, 9, 19, -7, -3, -3, 10, -9, 14, -22, -9, 24, 17, -3, -5, -1, 4, 11, 13, -5, -20, 0, -12, 6, 12, 10, -12, 19, -24, -12, -7, 0, -5, 6, 0, -6, -5, 4, 1, 1, -18, 0, 1, -3, 4, 10, 2, 11, 8};
weight_hh[18] = {0, 6, 9, -2, 1, 1, 3, -1, 5, -4, -1, -7, -2, 3, 8, 11, 1, -1, 0, 7, 6, -4, 16, -5, -4, -1, -5, -3, 9, 8, -1, -2, 3, -2, 5, 0, -4, -5, 3, -2, -7, 1, -8, 2, 0, 0, -5, -7, -4, 10, -3, 7, -5, 3, 12, -3, -2, -7, 1, -3, 0, 3, 3, -4, -1, 0, 4, 2, -3, 3, 6, -2};
weight_hh[19] = {5, 6, -2, 11, 17, -10, -8, -7, -4, -19, -27, 4, 13, 13, 24, 5, 5, -7, 11, 13, 8, -29, 18, 4, 0, -21, -12, 2, 2, -10, 17, -5, 12, 6, -8, 19, 2, -33, -1, -9, -7, -12, -26, 15, -4, 19, -11, -17, -20, -6, 1, -11, -2, 18, 24, -12, -9, -2, 15, -5, -21, 4, -4, 1, -3, -6, 17, 0, -16, -2, 5, 13};
weight_hh[20] = {-3, 19, 9, 20, 3, 5, -5, 4, -7, -2, -18, 8, -9, 19, 22, -8, 3, 12, 18, 13, -1, 1, 11, 9, -21, -19, -12, 8, -9, -11, 24, -4, 11, 6, -16, 15, -3, -21, 3, 7, -24, 1, 10, 8, -19, 6, -17, -1, -5, -5, -1, 13, 3, -4, 21, -16, 1, -17, 4, 0, -8, -19, -22, 3, -2, -20, 18, -11, -6, -4, 4, 4};
weight_hh[21] = {18, -14, -9, 19, 28, 3, 12, -23, -2, 9, 7, 24, 7, 26, -8, -22, -12, -16, 3, 5, -12, -16, 10, -24, -15, -7, -20, -13, -39, -59, 10, -7, 37, 47, -7, -28, 22, -13, 13, -45, 25, -28, -1, 20, 8, 18, 14, 10, 12, -28, 8, 4, -4, 3, -6, -5, -15, -6, 33, -32, -4, 13, 5, 44, 48, -4, 16, 2, -15, -4, -5, -4};
weight_hh[22] = {-7, -7, -19, -18, -35, 34, -57, -27, 47, -33, -14, -28, -13, 9, 5, -16, -1, 56, -29, 22, -26, -32, 4, 0, 17, 9, 14, 27, 11, 32, -10, -22, -18, -53, 19, 31, -39, -11, 33, 37, 2, 28, -12, -1, 9, -6, 17, -16, -22, -74, -30, 5, -24, 33, 5, 12, 4, -14, -16, -8, 8, 28, 28, -10, -57, 0, 19, -71, 21, 32, 33, 10};
weight_hh[23] = {11, 7, 17, 5, 4, -7, -2, 7, -3, -11, -15, 11, 2, 8, 3, 16, 4, 3, 13, -3, 8, -14, -7, 7, -16, -15, -12, 9, -7, 8, 6, 11, 8, 4, -9, 5, 14, -17, 4, 3, -1, -2, 1, 15, -5, 5, -8, -14, -4, -2, -1, 6, 4, 8, -2, -3, 2, -10, 3, 1, -6, -3, -1, -2, -5, -13, 2, -11, 2, 1, 0, -2};
weight_hh[24] = {-9, -2, -4, -3, 4, -3, 13, -1, 3, -4, -12, -5, -11, 5, -2, 13, 2, 20, 2, -4, 2, -6, -4, 12, 4, -9, -10, 11, -7, 24, 1, 4, -13, -3, 4, 14, -4, -9, -20, 25, 0, -4, -6, 1, -6, -1, -1, -10, 3, 16, 2, 8, -1, 2, 4, 0, 5, 3, 0, 15, 16, -10, 0, -20, -2, -5, -8, -2, 1, 2, 2, -20};
weight_hh[25] = {-24, -16, 6, -5, -21, 14, -43, 5, 20, -1, 13, -21, 1, 6, -9, 9, -11, 5, -6, 0, 26, -17, -3, -29, -7, 10, 0, -7, 30, 11, -25, -7, -10, -27, -11, 2, -27, -22, -11, -9, 12, 5, -13, -4, 23, 20, 30, -14, 27, -31, 2, 4, -9, 16, -14, -12, -12, 5, -4, -18, 13, 41, 15, -3, -25, -2, 10, -21, 37, 2, 12, 3};
weight_hh[26] = {-13, 16, -5, -8, 10, 8, 13, -27, 1, -27, -9, -9, -1, 12, 4, 24, -9, -11, -2, -5, 36, -24, 30, -2, 15, -10, -3, -45, 19, -23, -8, -58, 31, -9, 6, 16, 10, -38, 32, 9, 18, -17, -13, 11, -7, 10, -28, -17, 6, 41, -20, 29, -4, -7, 24, -4, -18, -25, 12, -8, -3, -30, 21, -14, -10, -17, 20, 5, -5, -15, -11, 3};
weight_hh[27] = {-14, 9, -14, -1, -16, 2, -21, 0, 14, 8, -16, -31, 20, 6, -12, -10, 0, -10, -20, 12, 18, -8, -5, -25, -8, -1, 16, -9, -1, -4, 9, -7, -11, -8, -8, -2, -4, -7, 19, 4, -2, 18, -10, -9, 17, -18, 3, -25, 11, -1, 5, -2, -6, 11, 8, -13, 12, 8, 6, -18, -16, 16, -6, -8, -11, -6, 8, -1, 12, 19, 21, -10};
weight_hh[28] = {8, 4, 2, 20, 16, -7, -11, -8, -13, 16, -10, 20, 18, 18, -2, -7, 0, -4, 24, 11, -15, -24, 10, -1, 4, -4, 3, -18, -29, -63, -2, -9, 32, 43, 17, -11, -1, -7, -5, -17, 5, -32, -23, 8, 1, 22, -19, 1, -7, -21, -15, -6, 24, 19, 1, 16, -22, -1, -8, -12, -10, 2, 25, 27, 14, 2, 4, -2, -29, -6, -17, -14};
weight_hh[29] = {14, 4, 3, 10, -4, 1, 0, -20, -5, -29, -31, -5, -9, 11, 30, 27, -29, 16, 23, 28, -3, -29, -2, -9, -22, -25, -5, 4, 14, -11, 20, -12, -1, 20, -4, -23, 7, -34, 34, -25, -11, -3, 16, 21, -1, -11, -19, -33, -32, -2, -20, 24, 16, 13, 26, -15, -11, -22, 10, -29, -17, -22, -4, 9, 3, -11, 20, 4, -14, -25, -11, 3};
weight_hh[30] = {-28, -13, 11, -27, 53, 11, -55, 8, -12, -8, -1, -3, 61, 7, 12, -58, 5, 13, -15, 30, 1, -22, 60, -39, 13, 10, -21, 29, -25, -19, 3, -1, 11, 30, 32, 42, -31, 2, 12, -14, 20, 8, -50, 4, -9, 66, -9, 12, -1, -96, 14, -42, -7, 9, 13, 32, -28, 19, 36, -43, -54, 39, 20, -19, -35, 10, 12, -66, 34, 45, 19, 15};
weight_hh[31] = {-28, 14, -10, -17, 7, 0, 32, 13, -4, -16, -22, -6, 16, 17, 31, 33, -6, -9, -20, 19, 24, -25, -14, -4, -19, -3, -15, 4, 30, -5, -3, -1, -5, 11, 0, 4, 28, 0, 12, -27, 10, -35, -23, 37, -12, 17, -15, -5, 2, -8, 8, -22, 16, 7, 7, -21, 8, 4, 21, -4, -39, -5, -19, 24, 4, 23, 22, 0, -33, 18, -8, -24};
weight_hh[32] = {-4, -40, 10, -25, 4, 12, -37, -13, -2, -28, -26, -7, 62, 8, -15, 10, -46, -11, -30, -8, -10, -14, 55, -23, 11, -2, -16, -7, 63, -25, -3, 14, -6, 21, 29, 37, -15, -26, 43, -19, 0, 12, -4, 14, -11, 45, -19, -25, -28, -52, 2, -24, 0, 20, 27, -10, -6, 33, 24, -8, -69, 58, 25, 5, -23, 6, 33, -24, -11, 32, 12, 20};
weight_hh[33] = {-20, -19, -18, -22, -7, -6, -42, 11, 16, -20, -2, -30, 8, -3, -1, -17, -18, -4, 3, -15, 8, -10, -8, 6, 5, 1, -22, 3, 0, -13, -7, 1, -18, -6, 35, 40, 18, -27, 13, -11, 0, -2, 2, -24, -3, 27, 15, -24, -31, -16, -2, -33, 9, 28, 32, -5, -11, 18, 15, 14, -15, 35, 29, -1, -19, 5, -10, -19, 3, 8, 21, 12};
weight_hh[34] = {0, -1, -2, -2, -2, 0, 7, -2, 2, -3, -11, -2, -4, 9, 7, 23, -9, 0, 3, 6, 0, -10, 6, -5, 0, 1, -5, -5, 10, 9, 4, -2, 0, -4, 0, -5, 3, 2, 5, -1, -1, 3, 5, 2, -3, -3, -3, -1, -3, 13, 1, 6, -1, 1, 8, -4, -3, -2, -2, -6, 1, -1, -2, -6, -3, -2, 2, 2, 0, -1, 2, 1};
weight_hh[35] = {-16, -3, -4, -14, 36, 19, -57, 4, 17, -20, -21, -28, 39, 35, 28, -46, 13, -9, -9, 47, -14, 5, 63, -24, -4, 0, 3, 16, -13, -29, 11, -7, 8, 29, 38, 4, -22, 7, 24, -24, 11, 0, -56, 9, 17, 61, -19, -21, -2, -67, 19, -31, -21, 9, 7, 14, 6, 23, 18, -41, -59, 29, 39, -2, -23, 21, 33, -40, 15, 17, 30, 13};
weight_hh[36] = {-8, -11, -18, -9, -14, -2, 22, -122, 7, -20, 1, -15, 28, 4, 23, 27, -114, 30, -64, 21, -5, -3, 9, -1, -29, -20, 12, -24, 55, 4, -10, -104, 9, 15, 35, 26, 21, -28, 43, 3, 42, -7, -14, 6, -16, -19, 11, -14, -18, 21, 30, 39, -22, 27, 29, 34, 11, 49, 15, -44, -17, 36, 18, 13, 20, 29, 5, 10, -9, 39, -34, -10};
weight_hh[37] = {1, -3, 14, -4, 17, -12, 6, -12, -22, -34, -24, 14, 13, 25, 24, 14, -6, -11, 14, 11, 15, -20, 22, 7, -10, -10, -18, -4, 6, -8, 4, -5, 9, 13, -8, -2, 22, -7, -6, -8, -7, -18, -4, 10, -4, 11, -11, -18, -33, 5, 1, 5, 15, 6, 13, -7, -12, -3, 17, 5, -28, -2, -9, -7, 12, 5, 25, 10, -21, 2, 1, -4};
weight_hh[38] = {4, -7, 14, 2, -28, 8, 38, -3, -14, -25, -8, -46, -21, 19, -19, 31, -9, -14, -27, 11, 23, -33, -5, -18, 13, 12, -15, -64, 24, -8, -8, 7, -32, -9, -27, -31, -15, -7, -10, 7, 13, -14, -8, -12, 5, -13, 9, -12, 0, 62, 8, 7, 13, -6, 5, 9, -5, 4, -13, 12, -23, -21, 5, 17, -25, 1, -4, 27, 1, 9, -16, 36};
weight_hh[39] = {-41, 3, -14, -11, 31, 14, -67, 7, 23, 5, -18, -31, 46, 8, 9, -30, 1, 27, 7, 16, 1, -3, 13, -4, 4, -14, -27, 45, -47, -14, -6, 16, 5, 5, 31, 19, -25, 6, -4, 7, 1, -5, -19, 11, 1, 46, -2, -3, -3, -74, -14, -39, 3, 21, 25, 15, 6, -10, -5, -9, -14, 45, 5, -10, -11, 25, -10, -48, 2, 40, 42, 2};
weight_hh[40] = {-16, 3, -5, -11, 7, 16, 9, -20, 19, -17, -26, 10, 5, 3, 29, -4, -6, 6, -3, 3, -1, -33, 22, -27, -11, -17, -17, -3, 5, -3, 13, -21, -18, -11, -10, -3, 9, -23, -4, 1, -1, -8, -12, 11, -9, 4, 5, -39, -2, -3, -19, -2, -14, 1, 29, -19, 8, 1, 14, -30, -32, 1, -9, -2, -17, -13, 5, 1, 0, -8, 8, 11};
weight_hh[41] = {-2, -5, 7, -4, 8, -1, -6, -17, -7, -16, -9, 4, 8, 15, 11, -2, -7, 3, -5, 19, -2, -19, 10, -14, -4, -3, -16, 1, 0, -9, 6, -11, 0, 6, -4, 0, -4, -12, 16, -2, -1, 2, -8, 8, -3, 3, -2, -17, -6, -12, -12, -3, -3, 16, 16, -1, -5, 10, 14, -12, -12, 5, 2, 1, 6, -1, 21, -4, -2, 4, 4, -1};
weight_hh[42] = {12, 14, 16, 27, 23, -26, 33, 2, 1, -15, -11, 23, -5, 1, 13, -3, 8, -3, 11, 4, 16, -13, -20, 10, -14, -12, -21, -19, 8, -8, 8, 5, 8, 16, -18, 7, 29, 6, -20, 1, -10, -30, 2, 8, -15, 4, -17, -17, -4, 13, -18, 29, 13, 9, -2, -3, -14, -14, 22, 10, 4, -7, -5, 3, 23, 7, 15, 11, -37, -3, -8, 0};
weight_hh[43] = {29, 44, 25, 25, -32, -13, 23, -7, -13, -26, -27, 24, -24, 28, 28, 31, -11, 2, 29, 0, -13, -22, -8, -2, -18, -21, -17, -8, 31, 3, 26, -9, 12, -16, -35, -41, 20, -25, 13, 10, -29, -15, 24, 26, -12, -38, -10, -12, -10, 20, -32, 31, 28, 20, 9, -34, -4, -15, 13, -1, 17, -31, -21, 3, 7, -21, 2, 12, -13, -39, -38, -5};
weight_hh[44] = {13, 14, 0, 2, 24, -16, 3, 6, -9, -13, -7, 5, 17, 14, 15, -15, 4, -8, 8, 28, 22, -23, 13, -19, -8, -4, -7, 16, 7, -4, 10, 14, -7, -6, 5, 11, 20, -2, 27, -2, -14, -1, -4, 6, -10, 3, 3, -16, -26, 7, -6, -7, -9, 9, 32, -5, -3, -3, 16, -1, -31, -1, 21, -15, 10, -9, 10, -5, -1, 12, 10, 4};
weight_hh[45] = {-2, 4, 3, 0, 4, -3, 6, 2, -7, -3, -3, -1, -2, 3, 11, 13, 1, 9, 5, 1, 5, -13, 4, 2, -4, -2, -11, 2, 2, 8, 8, -3, -4, 1, 1, 3, 3, -11, -4, 1, -2, 1, -6, 4, -6, -1, 0, -6, -6, 10, -1, 4, 1, 3, 8, -1, -2, 2, 0, 3, 3, -4, -5, -8, -1, -1, 3, 2, -1, -2, 2, -14};
weight_hh[46] = {-2, 9, -9, -16, 13, 7, -10, -5, -7, 6, -10, -7, 17, 17, 15, 13, -2, -3, 2, 9, -12, 3, 6, -20, -6, 0, -11, 1, 13, -5, -12, 7, -8, 24, -9, 17, -4, 8, 15, -17, -13, -8, 7, -5, 1, 21, -16, 2, 10, -8, 1, -12, 9, 14, 4, -5, 8, 5, 2, -11, -18, 0, 16, -16, -10, -14, 22, -1, 15, 2, 20, -8};
weight_hh[47] = {-17, -24, 9, -9, 17, -10, -45, -5, -11, 5, -3, 2, 24, 21, 6, -25, -25, -11, -3, 13, 13, 3, 28, -9, 7, -20, 1, 8, -14, -33, -11, -4, -7, 7, 26, 26, -6, 7, 7, -27, 17, 18, -25, -3, 7, 28, 7, 2, -31, -52, 14, -28, 3, 11, 33, 4, 9, 22, -2, -30, -53, 9, 25, 7, 4, -2, 19, -19, 0, 27, 4, 6};
weight_hh[48] = {-22, -27, -5, -19, 34, 6, -37, -2, -3, 4, 5, 4, 36, 15, 15, -17, 16, 4, 1, 14, 9, 16, 27, -11, -16, -22, -20, 19, -41, 13, 10, 29, 0, -14, 0, 36, -34, 1, -33, 16, 19, 25, -64, 11, -2, 59, 13, 14, 15, -32, 28, -32, -6, -11, -12, 29, -6, 25, -11, -2, 9, 27, 9, 10, 6, 7, 10, -16, -2, 35, 41, -13};
weight_hh[49] = {-9, -1, -8, 29, 15, -7, -9, -46, -9, 5, -23, 13, -24, 25, 33, -1, -12, 54, 22, -14, 17, -23, 16, 33, 13, -10, 12, 4, -17, 7, 15, -60, 14, -2, -37, -11, 23, -18, 20, 17, -11, 0, 19, -18, 8, -7, -24, -15, 2, -27, -21, 23, 4, 29, 27, -32, -23, -29, 3, -4, 17, -8, -10, 20, 19, -15, 16, -20, -1, -23, -30, -5};
weight_hh[50] = {3, 6, 13, 3, -2, -6, 12, 6, -8, -11, -14, 0, -2, 15, 13, 26, -3, -2, 7, -4, 4, -15, 5, 1, -5, -7, -5, -5, 10, 10, 9, 12, 0, 1, -10, 4, 8, -17, -4, 9, -6, -6, 3, 8, -11, -3, -13, -14, -9, 16, -10, 2, 5, 14, 11, -7, -10, -8, 8, 2, 0, -1, -1, -9, 3, -4, 5, 5, -9, -5, -2, 3};
weight_hh[51] = {3, 11, 23, 17, -8, -18, 15, 2, -12, -17, -13, 30, -5, 8, 8, 23, -8, 1, 11, 16, -10, -16, 18, 10, -19, -20, 9, -17, -5, -13, 14, 11, 13, 20, -5, -6, 19, -20, -15, -21, 4, -9, 3, 18, -25, -12, -21, 0, -17, 24, -9, 21, 5, 0, 16, -1, -31, 3, 0, 2, -3, -11, 5, 6, 5, -12, -1, 14, -14, -1, -7, 6};
weight_hh[52] = {-4, -22, 6, -14, 0, 8, -21, -7, 16, 12, -9, -32, 38, 11, -6, 24, -17, 23, -2, 18, -9, -1, 14, -35, 13, 2, 15, 27, 13, 6, 2, -3, 3, 8, 18, 20, -19, 12, 8, -7, -7, 10, -1, -9, 15, 1, -4, -11, -11, -13, 3, -16, -13, 3, 9, 10, 6, 17, -15, -24, -9, 28, 17, -13, -8, 13, -5, -16, 13, 20, 25, -17};
weight_hh[53] = {8, 0, 5, 6, 15, 0, -13, -13, -3, -5, 1, 8, 19, 15, 6, -8, -7, 1, -11, 16, 4, -2, 16, -16, -1, -1, -18, 1, -18, -37, 8, -13, 18, 17, 4, -7, 8, -13, 10, -16, 0, -20, -8, 15, -4, 17, -7, -10, -1, -33, -4, -18, -1, 3, 9, 9, -2, 5, 13, -19, -24, 11, 16, 25, 15, 5, 20, 0, 4, 9, -6, 0};
weight_hh[54] = {-14, -22, -9, -19, -8, 9, -44, 29, 16, -34, 2, -6, 48, 25, 1, -10, -8, -26, 0, 23, 19, -16, 0, -36, 14, -6, -15, 14, 19, -1, -12, 20, 9, -29, 39, 3, -22, -15, 6, -28, 10, -15, -35, -6, -8, 20, 9, 2, -27, -25, 4, -35, 0, 20, 32, 20, -23, 4, 25, 2, -30, 8, 28, -12, -34, 29, 37, -6, 0, 36, 43, 32};
weight_hh[55] = {-3, 8, 4, -2, 12, -13, -4, -12, -9, -18, -10, 12, 8, 21, 2, 1, -10, -1, -3, 6, 9, -12, 8, -10, -11, -15, -4, -5, -1, -2, 7, -6, -1, 0, -8, 2, 14, -9, 12, 2, 4, -8, -10, 10, -3, 1, -14, -20, -11, 1, -12, -1, 8, -1, 19, 0, -13, 6, 16, -6, -7, -6, -2, -9, 10, -6, 14, 1, -12, -3, 1, 4};
weight_hh[56] = {-4, -10, -1, -6, 16, -4, -1, -6, -1, -12, -18, 4, 12, 8, 18, -2, -2, -3, 6, 13, 13, -20, 17, -7, -4, -11, -3, 3, 1, -9, 8, 0, 13, 10, 5, 7, 10, -8, 7, -12, 2, -4, -19, 14, -2, 18, -5, -2, -15, -12, 1, -6, 0, 16, 1, 1, -4, 8, 3, -10, -4, 12, 13, -11, 0, -1, 12, -6, -15, 7, 11, 5};
weight_hh[57] = {3, -4, 6, 4, 7, -2, -6, 12, -9, 0, -13, -1, 3, 6, 13, 7, -1, 6, 1, 6, 1, 0, 12, -5, 3, 2, -7, 5, 3, -2, 12, 3, -5, 2, -4, 5, 8, -5, 5, -3, -8, -4, -12, 10, 3, 6, -3, -9, 1, -7, 1, -3, 5, 1, 3, 4, -14, 4, 12, -1, -11, 0, 0, -7, 0, -5, 9, -7, -9, 3, 10, -3};
weight_hh[58] = {0, -3, 10, -3, -1, 3, 3, 4, -4, -16, -8, -6, -4, 3, 6, 20, -4, 4, 6, 7, 5, -14, -2, -3, -2, -7, -6, -3, 5, 4, 10, -1, -6, -2, -3, -1, 7, -14, 5, 0, -2, -6, -2, 3, -3, -6, -5, 1, -9, 16, -2, 5, 2, 6, 5, 1, -5, 2, -3, 0, -6, 1, 2, 0, 0, 1, 3, 6, 2, 3, 0, -2};
weight_hh[59] = {-6, 11, 31, -12, -3, -17, -9, -17, -14, -33, -23, 6, 8, 21, 16, 26, 4, -3, -2, 1, 25, -37, 4, 13, -30, -12, -4, -15, 7, 15, 9, -11, 8, 9, -2, 17, 6, -1, 23, 11, -27, -20, -10, -8, -19, 9, -3, -24, -13, 7, 15, -1, -5, 31, 12, -11, -1, -14, 7, -2, -21, -5, 5, -19, -6, 8, 21, 14, 13, 2, 0, -6};
weight_hh[60] = {-13, 33, 24, -25, -15, -22, -21, 17, -26, -36, -27, 7, 16, 0, 26, 7, 4, -5, 8, 11, 24, -43, 8, -17, 4, 2, -25, 7, 8, -8, 9, -10, 1, -19, -14, 10, 25, -27, 21, -6, -11, 8, -28, 0, -27, 9, -3, 5, -33, -9, -2, 3, 22, 11, -4, -11, -9, 2, 17, -14, -11, 18, -9, -24, -19, 7, 25, -25, -7, -7, 17, 34};
weight_hh[61] = {-4, -3, 3, -3, 0, 0, 0, -9, 0, -13, -12, -2, 10, 13, 13, 2, -4, 8, 7, 10, 0, 0, 14, -10, -5, -11, -7, -2, 1, 1, 3, 2, 8, -1, 3, 1, 8, -2, 7, 3, -2, -8, -6, 10, -2, 8, -5, -8, -8, -8, -9, -11, -2, 2, 8, 3, -7, 3, 9, -13, -10, 6, 10, -5, -7, -4, 16, 0, 2, 4, 5, -5};
weight_hh[62] = {1, 7, 13, 2, -4, -5, 12, 4, -1, -8, -17, -1, -2, 16, 8, 31, -11, 2, 9, 4, 1, -1, 10, -7, -4, -11, -17, -1, 11, 13, 9, 3, 6, 1, -1, -3, 1, -21, 5, -1, -3, 3, -4, 8, -5, -4, -3, -12, -4, 15, -7, 11, 2, 15, 4, -2, -4, -10, 2, -9, -6, -3, -9, -14, -3, -2, 12, -1, -4, 0, 2, 7};
weight_hh[63] = {-9, -12, 3, 4, 21, 12, -18, -12, -14, -9, -17, -7, 12, 11, 13, -17, -15, 3, 4, 11, 14, -2, 25, -7, -8, -16, -26, -5, -2, -23, 4, -7, 1, 24, 17, 8, 3, -8, 3, -18, 4, -12, -17, -8, -9, 31, -4, -5, 3, -39, -3, -22, -8, 8, 23, 15, 0, -7, 10, -24, -32, 25, 13, 19, -5, -2, 12, -16, 5, 16, -1, 13};
weight_hh[64] = {-14, 5, 3, 0, 0, 3, 4, -16, -6, -20, 0, 1, 20, 24, 13, 6, -2, 11, -10, 12, 15, -16, 5, -2, -4, -4, -19, -2, 3, -1, -3, -14, 7, -2, 3, 6, -15, -27, 2, 5, 4, -9, -11, 10, 5, 0, 12, -17, -2, -8, -2, -20, 1, 27, 21, -1, -9, 10, 12, 3, -14, 11, -10, -11, 0, -3, 10, -12, 5, -4, 17, 4};
weight_hh[65] = {5, -1, 10, -15, 22, 23, -55, -11, 21, -3, 1, -2, 38, 30, 13, -8, -1, 4, -18, 26, 13, 0, 42, -29, -10, -6, -6, 17, -10, -33, 0, -4, -4, 22, 33, 19, -18, -26, 23, -11, 10, 11, -44, -11, 3, 45, -2, -10, -31, -46, -4, -29, -8, 12, 11, 24, -26, 0, 24, -35, -23, 15, 8, 11, 1, 3, 30, -43, 3, 17, 23, -6};
weight_hh[66] = {0, -5, 3, -28, -4, 31, -5, -19, 21, 14, 10, -20, 24, 5, 15, 15, -14, 21, -40, -7, 14, 20, 16, 2, 24, 5, -5, -4, 21, -9, -35, -23, -8, -8, 4, -5, -15, 8, 27, -10, 40, 2, -11, -28, 17, 0, 25, 10, -10, 3, 8, -14, -18, -21, 21, 4, 16, 8, -16, -20, -19, 30, 30, 11, -23, 31, 16, -6, 28, 4, 17, -9};
weight_hh[67] = {10, 5, -22, -26, 30, 7, 57, -46, 1, -35, 14, 25, 22, 32, 17, 60, -110, -1, -32, -7, -16, -20, -12, -22, 6, -19, -19, -60, 58, 3, -21, -106, 5, 38, 20, -15, 8, 10, 36, -28, 23, 5, -18, -12, -12, -6, 10, -19, -18, 18, -12, 0, 24, -2, -1, -10, -37, -13, 27, -25, -30, 2, 52, -2, 12, 35, 1, 31, -21, -12, -5, -2};
weight_hh[68] = {18, 2, 3, 15, 6, -5, 19, 13, -8, -19, -23, -29, -24, 0, -7, 19, 1, -6, -5, -5, 37, 6, 11, -10, 2, -8, 8, -11, 12, 14, -11, 16, -27, -18, -14, 8, -15, -29, -23, -5, -15, 12, -26, 21, -10, -29, 11, -30, -34, 18, 13, 1, 0, 32, 20, -26, -23, -10, -16, 5, 6, -18, 3, -26, -8, 19, 9, -3, -4, 14, 2, 16};
weight_hh[69] = {-8, 5, 3, 3, 7, 4, -17, -6, 3, -11, -2, 3, 26, 21, 17, -16, -6, 8, -11, 13, 8, -6, 9, -10, -2, -15, -14, 9, -3, -7, -2, -9, -2, 2, 6, 5, 3, -26, 12, -8, 2, 10, -8, 1, 2, 15, 4, -20, -6, -11, -11, -13, -2, 22, 23, 0, -2, -6, 6, -22, -12, 18, 7, -5, -7, -6, 26, -15, 13, 3, 6, 9};
weight_hh[70] = {-27, -19, 13, -32, 24, 9, 42, -8, -2, -30, 10, -3, -3, 15, 27, 41, -50, 22, -45, 30, 3, -15, 26, 0, 4, -5, -16, -16, 27, 15, -33, -52, 13, 20, -6, 20, 14, -8, 10, -8, 43, 19, 16, -15, 14, 20, -14, 1, -4, 24, 28, 8, -21, 9, 24, -2, -21, -8, -9, 22, -6, 36, -18, 10, -10, 28, 16, 21, -27, 20, -3, -15};
weight_hh[71] = {16, -29, 22, 9, 13, -7, 49, -47, 22, -30, -18, 10, -20, -6, 16, 62, -74, 5, -63, -10, 19, -29, 30, -14, -6, -1, -24, -58, 55, -3, -17, -45, 20, 0, -4, 3, -18, 4, 48, -8, 9, -10, 0, 4, 11, 13, 17, -20, -26, 12, 50, -13, -8, 6, -5, 24, -16, 19, -14, -12, -29, 18, 16, -15, -24, 57, -13, 20, -1, 34, -1, 9};
weight_hh[72] = {24, 36, 23, -19, 15, -3, 29, -20, -37, -7, 12, 58, -32, -13, -20, -9, 24, -13, -9, 10, 79, -17, 22, 11, -11, 31, -8, -33, 1, -16, 6, 1, 27, 47, -34, 13, 33, -1, 17, -41, -5, -45, -10, 5, -33, -19, -18, -11, 28, 27, 22, 19, 28, -2, -6, -20, -28, -18, -20, 23, -4, -27, -30, 7, 62, 18, 31, 22, -32, -24, 30, -43};
weight_hh[73] = {38, -2, 17, 52, 19, 16, -27, -8, 8, 2, 10, -9, -1, -12, 5, -13, -25, -6, 15, -1, 18, 25, 36, -11, 18, 13, -20, 26, -14, -40, -2, -6, 20, 20, -5, -42, 21, 10, -11, 26, -20, -20, 1, 23, -13, 12, -21, -15, 22, -27, -39, -30, 29, -13, -1, -22, -6, -3, 20, -29, -6, -3, -18, 47, 6, -14, -2, -46, 10, 12, -40, 2};
weight_hh[74] = {19, -7, 3, -5, 10, 22, -13, 36, 9, 22, -4, -10, -6, 6, 8, -45, 22, 13, -15, -6, -23, -7, 4, -5, -2, 2, 23, 23, -16, 9, -12, 38, -26, -17, -7, -1, -3, 5, -36, -10, -12, -24, -16, 12, 33, -14, 18, -9, 18, -26, -28, -40, -25, -17, 1, -33, 4, -12, 26, -14, -27, -11, -27, 9, 21, -42, -20, -15, 13, -14, -29, 29};
weight_hh[75] = {15, -7, 20, 27, 43, 6, -31, 10, -38, -9, -7, -11, 3, -13, 20, -5, 28, 0, 41, 38, 25, 0, 32, 4, -17, -16, -32, 8, -27, -12, 22, 49, 10, 73, 13, 3, -20, -37, -4, -8, 25, -4, -3, -5, -23, 15, 2, -27, -38, -12, -34, -60, 14, 37, -12, -19, -1, 18, 45, -20, -41, -4, -2, 27, 18, 11, 15, -40, 19, 23, 20, -5};
weight_hh[76] = {-11, 2, -4, -11, 24, -11, -70, 9, 27, -34, 12, -37, 15, 15, 5, 13, -27, 26, -27, 32, -15, -42, 4, -49, 4, -41, 1, 16, -15, -10, -21, -17, 14, 45, 17, 35, 17, -23, 26, -1, 15, 22, -50, 22, 1, 66, 7, 3, 23, -5, -19, -15, -34, 35, 23, -4, -22, 39, 5, -23, -24, 35, 26, -23, -21, 2, 32, -64, 32, 11, -13, -19};
weight_hh[77] = {4, -13, -3, -8, -24, 4, -33, -19, 8, 5, 2, -19, 48, -11, -3, 31, -58, 26, -2, 9, -62, 9, 12, -53, 9, 9, 10, 32, 29, -5, -12, -11, 3, 3, 6, -14, -3, 5, 35, -14, 1, 8, 32, -6, 5, 0, 1, 13, 9, -30, 2, 17, -7, -11, -10, 7, 10, 5, 0, -36, -35, 12, 38, -3, -23, 3, -6, -41, 9, 2, -10, -10};
weight_hh[78] = {-6, 38, 4, 24, -11, 3, 6, 13, 18, -15, -24, -3, -9, 10, -27, -35, 13, 4, 11, 4, -1, -6, -3, 24, 6, -20, 20, -12, 7, -3, 10, 3, -5, -32, 1, -35, 4, -25, -13, 20, -41, 30, 22, 17, 0, 17, 28, 0, 2, -18, -44, 23, -9, -8, -19, -13, -4, -8, -18, 0, 17, -29, -40, 8, 0, -34, -22, -12, 9, -13, -13, 17};
weight_hh[79] = {5, -3, 10, 24, 70, -2, -54, 1, 13, -35, -9, -38, 53, 11, 13, -48, -15, -24, -13, 29, -7, -12, 80, -56, 9, 0, 21, 38, -53, -15, -1, 50, 18, 48, 21, 33, -11, -33, 6, -25, 32, 10, -17, 26, 30, 88, -5, 20, -18, -75, -38, -27, -35, 40, 13, -16, 10, 1, 38, -41, -43, 53, 27, 15, 1, 4, 15, -45, 36, 28, -10, 46};
weight_hh[80] = {8, -2, -23, 41, -22, 24, -60, -8, 4, 6, -6, 13, 11, -26, -2, -49, 6, -21, 12, -26, -19, 10, 16, 28, 12, -1, 7, 27, 10, -3, -7, -20, -23, -25, -31, -44, 24, -11, -15, 5, 4, -15, -23, 3, 19, -12, 17, 24, -27, -26, -30, -16, 13, -1, 18, -45, 1, -2, -1, -10, -3, -16, -30, 52, 19, -12, 18, -30, 18, -12, -17, 1};
weight_hh[81] = {-3, -26, -20, -18, 14, 33, -20, -6, 30, 22, -14, -6, 14, 7, -2, -10, 8, -32, 0, -3, 25, 8, -22, -9, -9, 17, 4, 1, 1, -8, -8, 24, -17, -19, -11, -20, 8, 33, -19, -3, -22, 37, 15, -17, -10, -17, 22, -6, -1, -16, -18, -12, -41, 9, 20, 2, -13, 29, -24, 14, 31, 12, -38, 9, -1, 11, -34, -9, 10, 46, -10, 14};
weight_hh[82] = {38, 24, -10, 27, -31, -4, 17, 3, -8, -5, -4, 11, 23, 17, 27, 3, -17, -23, -9, 17, 13, 25, -20, 7, -5, 27, 24, -22, -4, -30, 7, -14, 25, -1, -4, 4, -2, 28, 20, -4, -30, -13, 24, 18, -13, -22, 11, 7, -16, -31, 6, -33, -17, 16, -19, 9, 17, 3, 19, 5, -31, 5, 17, 52, -16, -32, 25, -18, 17, 23, -8, 23};
weight_hh[83] = {6, -10, 4, -12, -10, 2, -14, -21, 1, -6, 2, -4, 49, -6, 11, 22, -63, 26, 4, 21, -63, 0, 30, -48, 3, 6, 2, 22, 34, -9, -10, -3, -8, 6, 5, -11, -3, 10, 26, -13, 5, -9, 32, -10, 3, 5, -3, -11, -12, -38, 6, -2, -7, -1, 8, 11, -1, 0, -8, -12, -22, 21, 39, -1, -19, 8, 4, -42, 0, 11, -24, 15};
weight_hh[84] = {21, -2, -10, -2, -20, -2, -15, -72, 10, -23, 2, 6, -13, -8, 0, 29, -150, 86, -4, 4, -62, -6, -5, -51, -14, -8, 12, 10, 92, -19, 7, -68, -8, 0, -5, -50, 7, 6, 87, 7, 9, -6, 50, -18, 8, -56, -19, -22, 18, -29, 19, 60, -6, 30, -8, -11, -18, -2, 8, -60, -24, 16, 48, 41, -11, -1, -11, -32, -3, -9, -46, 21};
weight_hh[85] = {-13, -7, -2, -5, 15, 1, 3, 14, 2, 11, 9, -5, 1, -10, -10, -13, 16, -2, 0, -11, 8, 11, 11, 17, 4, 5, 6, 1, -15, 9, -3, 2, -4, 5, 5, 21, -3, 9, -25, 9, 3, 4, -21, -2, 2, 20, 1, 8, 8, 0, 2, -7, -3, -10, -10, 5, 5, 2, -8, 20, 0, 3, 6, -13, -8, 4, -10, 2, 4, 9, 15, -34};
weight_hh[86] = {-17, 11, -1, 3, 5, 8, -3, 2, -1, 7, -11, 12, 0, 10, 9, -14, 10, 0, 18, -10, 1, 27, 22, 6, 5, 29, -18, -11, 9, 18, 0, -10, -28, -14, -25, 3, -6, 19, -21, 17, -13, 8, -11, -8, 28, 7, 0, -15, 9, -10, -22, -12, 4, 6, -14, 10, 2, 9, 0, -7, 23, 12, -14, 4, -13, -14, -30, 14, 23, -10, -8, -17};
weight_hh[87] = {16, 21, 41, 3, 27, -13, -21, 8, -41, -13, 7, -9, 9, 13, 15, 5, 16, -28, 30, 12, -6, -4, 36, -13, 3, -24, -19, 13, -37, -44, 30, 18, 5, 50, -17, -18, 27, -2, -5, -43, -39, 1, 8, 28, -26, 19, -32, 11, -5, -14, -47, -39, 2, 6, 3, -31, -16, -25, 41, -28, -47, 33, 0, 7, 18, -47, 35, -18, 14, -8, 28, 5};
weight_hh[88] = {-3, 6, 3, 18, -23, -6, -5, 16, -2, 19, -11, -9, -32, 0, 4, -10, 25, -18, -4, -20, 5, -13, -15, 23, -12, -14, -6, -22, -12, 0, -2, 5, -7, -24, -38, -22, 10, -22, -15, 12, -14, 1, 22, -8, 12, 9, 1, 6, -4, -3, -22, -11, -2, 3, -16, -30, 25, -17, -9, 2, -19, -11, -19, 31, 14, -31, -10, -8, 3, -14, 1, 5};
weight_hh[89] = {16, 7, 13, -9, -45, -1, -16, -27, -16, 15, 10, 8, 9, -3, -7, 59, -77, 48, 15, 11, -55, -7, -31, -22, -3, -7, 17, 17, 23, -3, 13, -9, -10, -6, -6, -36, -13, 0, 45, 8, 12, -3, 43, 9, -8, -62, 7, 5, 10, 2, -5, 12, -5, -1, -13, -15, 10, -17, 0, -43, -14, -6, -3, -5, -18, -13, 3, -9, 4, -18, -15, -12};
weight_hh[90] = {0, -3, -2, -1, -1, 0, 8, 0, 2, 3, 4, -1, 2, -2, 1, 11, -7, -3, -2, 2, -2, 0, 6, -4, 0, 3, 3, -5, 8, 4, -2, -3, -5, 3, -1, -2, -2, -1, 2, -1, -1, 3, 4, -1, 0, -1, -2, 0, 0, 6, -3, 3, -2, -2, 1, 0, 1, 1, 0, -3, -3, 2, 5, -2, -2, 1, 2, 3, 0, -1, 1, -4};
weight_hh[91] = {20, 30, -11, 37, -5, -1, -49, -16, 26, -8, 13, -9, -6, -24, -3, -10, 17, 0, 18, -2, 13, -8, -5, 11, 35, 8, 9, 13, -20, -29, 12, 9, -26, 19, -10, -30, -36, -7, -17, -12, 11, 10, 22, -7, 7, 13, 21, 0, 0, -37, -33, -5, 7, 19, 23, -12, -3, -21, 3, -24, 9, -7, 16, 11, 9, 4, -24, -38, 8, 4, -11, 20};
weight_hh[92] = {27, 29, 8, 42, 8, -21, -18, -45, -6, -20, -25, 17, -36, 2, 19, -30, -7, 41, 28, -10, -7, -25, 6, 45, -13, -25, -20, 19, -48, -37, 27, -23, 22, 43, -29, -2, 6, -10, -10, 8, -22, -31, -4, 12, -10, 0, -20, -15, -11, -37, -28, 30, 22, 14, 7, -26, -26, -34, 22, 11, -4, -45, -43, 69, 35, -37, 7, -21, -17, -26, -34, -37};
weight_hh[93] = {3, -2, -4, 9, 8, -2, -18, -16, 16, -1, -6, 4, -14, -12, 13, -16, -6, 1, 16, -8, 2, 10, 10, -6, 16, -11, 6, -11, -15, 8, 1, -8, 0, 7, 4, -17, -11, -9, -3, 19, -17, -9, -3, 8, 9, -10, 7, -2, 13, -17, -20, -2, -6, -10, -25, -18, 5, 2, -18, -2, 19, 9, -10, 13, 7, -6, -12, -5, 2, 12, -2, 9};
weight_hh[94] = {35, -18, 15, 12, 20, 11, -76, -25, -14, 14, -28, 5, -12, 38, 39, -25, 13, 23, 37, 2, -21, 1, 44, -10, -17, -7, -30, 9, -13, -23, 9, -26, -19, 31, 5, 5, -39, -21, 29, -37, -1, 0, -6, 29, -12, 3, -34, -29, -10, -41, -42, 19, -9, 32, 44, 12, -35, -31, -8, 16, -24, 20, -2, -14, -19, -1, -8, -65, -10, 12, 30, 5};
weight_hh[95] = {1, 6, 7, 5, 1, -6, -1, 8, -7, 1, -4, 0, -6, 0, -1, 3, 6, -1, 7, -3, 3, -1, -5, 5, -6, -4, -1, 2, -4, 3, 9, 13, 4, 2, -2, 1, 5, -3, -4, -1, -7, -7, -5, 4, -7, 2, -6, -1, -3, 0, -4, 6, 5, 2, -1, -5, -5, -7, -3, 3, 7, -5, -7, -3, 0, -7, -2, -2, -3, -5, -2, 5};
weight_hh[96] = {-11, -4, -5, -6, 1, 4, 6, 7, 5, 6, 6, -7, -3, -7, -6, 2, 3, 13, -3, -9, -1, 8, -12, 12, 6, 6, 5, 9, -9, 16, -5, 1, -10, -9, 5, 8, -7, 5, -13, 18, 4, 7, -1, -5, 5, -3, 5, 7, 5, 6, 4, 1, -3, -7, -9, 4, 7, 4, -8, 15, 12, 0, 2, -14, -7, 3, -14, -4, 6, 2, 5, -24};
weight_hh[97] = {-12, 17, 6, 2, 38, -26, -34, 9, -14, -12, 17, 4, 16, -7, 21, -13, -24, 18, -6, 11, -12, 14, 32, -15, 18, -15, 6, -4, -24, -21, 21, -13, 21, 39, -12, 6, 1, -1, 27, -23, -8, 15, -8, 4, -10, 18, 8, -20, 5, -40, -9, 4, 6, -3, -14, 17, 16, -24, 2, -28, -9, -13, 39, -8, -13, 7, -6, -8, 22, 12, -21, 20};
weight_hh[98] = {-10, -11, -9, -8, -1, 5, 13, 27, 5, 17, 15, 1, -3, -13, -16, 12, 4, -20, -9, -27, 2, 15, -12, 11, 8, 10, 16, -19, -6, 15, -15, 28, -8, -5, 9, 17, 0, 13, -23, 16, 11, 8, 4, -7, 9, -1, 6, 13, 15, 10, 5, -25, -4, -15, -16, 12, 8, 7, -15, 11, 9, 10, 5, -12, -2, 12, -16, 10, 2, 15, 20, 4};
weight_hh[99] = {55, 25, 17, 14, -3, -15, -43, 33, -29, 8, 10, -30, 29, 21, -13, -19, -12, 3, 35, 6, -10, 7, -3, -18, -24, -30, -29, -7, -57, -27, 46, 49, 0, 18, -31, 15, -11, 3, -14, -51, -37, -15, -13, -14, -10, 26, -26, 5, -16, -6, -11, -10, -10, 8, 36, 3, 14, -33, 20, -17, -26, -16, 9, 4, -13, -21, 25, -5, -2, -15, -35, -4};
weight_hh[100] = {9, -9, -11, 16, 3, -6, -17, 6, -12, 17, 5, -6, -9, -1, -10, 7, -4, -5, 2, 13, -10, 11, 12, -15, 30, 13, 24, 5, -9, -37, -1, -18, 7, 14, -9, -18, -27, -2, 9, -2, -8, 17, 22, -11, -5, -24, -7, 14, -12, -30, -20, 29, -1, -14, 8, -2, 25, -2, 1, 7, -2, -23, 17, 37, 16, 3, -6, 8, 20, 4, -9, -4};
weight_hh[101] = {-11, -12, -9, -12, 1, 8, 12, 8, 10, 14, 10, -3, -4, -12, -11, 1, 8, -11, -9, -9, 22, 10, -6, 10, 9, 12, 11, -7, 1, 8, -11, 3, -9, -9, 12, 21, -6, 13, -13, 7, 10, 7, -3, -12, 9, 5, 9, 14, 11, 7, 11, -7, -9, -13, -11, 13, 8, 14, -13, 20, 10, 9, 8, -19, 1, 10, -10, 7, 6, 13, 18, -9};
weight_hh[102] = {-4, 18, 15, 11, 34, 26, -49, 21, -20, 9, -22, 9, 17, 1, 9, -65, 28, 3, 12, 0, 27, -35, 47, -11, -20, -11, 23, -4, -66, -68, -11, 14, 26, 4, 4, 0, 18, 20, -10, -20, 1, -23, -9, 22, 24, 14, -4, 19, 2, -64, 6, -53, 21, -8, 4, 9, -30, -20, 38, -29, -5, -9, -21, 9, -2, -37, 32, -65, 13, 21, 11, -5};
weight_hh[103] = {-2, 26, -16, 19, -23, 16, -27, 0, 11, 3, -3, -7, -8, -26, -4, -3, 6, 10, 9, -14, 5, -13, 0, 17, 1, -19, 2, 15, -1, 16, -7, -3, -28, 7, 3, 7, 2, 14, -7, 10, -23, 1, 8, 13, -5, 0, -15, -5, 16, 0, -14, -20, -15, 10, 18, -19, 12, -24, 11, -11, 11, 7, -32, 18, -10, -4, 2, -8, -4, -16, 12, -16};
weight_hh[104] = {41, 6, -10, 22, -8, -21, -8, 8, -13, -30, 22, -11, 57, -17, 11, 0, -55, 5, 1, 20, -24, -23, 0, -71, -25, -16, -13, -22, 50, 8, 33, 49, 22, 27, 27, -33, -4, -5, 20, -36, -2, 4, 4, -16, -1, 27, -12, -28, 2, -49, -17, -7, 9, 23, 10, 7, 17, 6, 24, -16, -24, 1, 21, -21, -15, 7, 1, -20, 22, -4, -1, 50};
weight_hh[105] = {48, -13, 40, 36, -31, 21, -48, -42, -1, -9, 4, 29, 43, 8, 3, 62, -47, 29, 12, 11, -42, -22, 29, -26, 18, 7, -25, 23, 37, -7, -16, -27, 4, 25, 7, -39, 19, -35, 18, -15, 29, -33, -5, 35, 17, -17, 15, 7, 11, -29, -20, 21, -27, -13, -17, -24, 5, -22, 7, -50, -38, 46, 14, 25, -25, 8, 17, -50, -35, 6, -52, 21};
weight_hh[106] = {0, -1, -1, -2, -4, 2, 6, 0, 1, 1, 2, -4, 1, -1, -1, 12, -6, -1, 0, 4, -4, 1, 0, -4, 2, 2, 1, -5, 7, 7, -1, -2, -4, -3, 1, -4, -2, 1, 3, -1, 1, 3, 4, -2, 2, -4, 2, 1, 1, 7, 1, 4, -2, -1, 1, 1, 2, 1, -3, -3, 0, 1, 1, -2, -5, 1, 1, 2, 3, 0, 0, 0};
weight_hh[107] = {40, -19, 23, -2, 46, -27, -55, 23, 3, -19, 12, -24, -9, 14, -3, -26, 27, -17, 15, 8, -15, -5, 0, -23, 4, -11, -8, 41, -38, -4, -16, 21, 10, 37, -19, 9, -1, -26, 10, -50, -18, -3, -43, -21, 6, 53, -7, 5, -11, -43, 2, -16, -6, -4, 28, 17, -29, 6, 7, 3, 3, 12, 20, -6, 7, -12, 32, -27, -15, 18, 23, -13};
weight_hh[108] = {-27, 12, -6, 0, -39, 7, -25, 18, 14, 6, -8, -25, 12, 10, -29, -11, 2, -9, -29, 5, -23, 28, -14, -13, 18, 34, 32, 3, -20, -2, 15, 19, -21, -7, -14, -28, -36, -16, 0, 7, -3, 40, 13, -17, 20, 10, 12, -17, 14, -11, 14, 6, -7, -18, -5, -4, 23, 17, -13, -2, -8, 6, -12, 2, -15, -22, -34, -39, 46, -6, 21, -28};
weight_hh[109] = {15, 22, 1, 25, -21, 5, -30, 30, 8, 22, 23, -31, 17, -22, 7, -46, -10, 5, -18, -22, -17, -18, -17, -14, 35, 7, -8, -27, -22, 13, 11, 13, -32, 9, -20, -23, -28, 7, -15, 9, -8, -9, 13, -6, 29, 22, 25, 25, 10, -36, -5, -15, -27, -29, -28, -20, 9, -26, -26, -4, 25, 7, 0, 38, 11, -7, -22, -31, 40, 1, 13, -5};
weight_hh[110] = {-8, -2, -24, 7, -4, 8, -55, -30, 16, -2, 20, -16, -2, 15, -6, -27, -7, 57, -24, -8, -42, 23, 3, -3, 11, 17, 3, 22, -43, -8, -14, -19, -38, 17, -3, 14, -14, 19, 18, -8, 9, 32, 1, -11, 29, 33, -1, 9, 19, -55, 7, -25, -9, -1, -15, -16, 9, -7, 20, -35, 4, 9, 17, -30, -29, -20, 17, -35, 28, 11, -3, -21};
weight_hh[111] = {3, -3, -15, -18, 13, 9, -64, 11, -6, -21, -16, -4, 26, 22, 25, -4, -7, 23, -5, -29, -4, 3, -11, -21, 28, 1, 20, 0, -53, -37, 8, 39, 17, 11, 1, -10, 8, 16, -11, 18, -28, -15, -17, 17, -15, 0, 35, -32, -20, -33, -24, -5, -1, 18, 8, -29, 27, 0, -26, -31, -18, 6, 40, 4, -46, 14, -29, -47, 34, 17, 15, -30};
weight_hh[112] = {28, -30, 8, -19, 30, 21, 6, -24, 9, 0, -12, 26, 17, 20, -2, 23, -16, 4, 12, -16, 56, 2, 10, -29, -16, -21, 1, -14, 30, -44, 30, -45, 25, 25, -10, 9, 4, -24, 47, -45, 33, 10, -2, -15, 18, 4, -34, -1, -33, 29, 37, -34, 31, 26, 11, 34, -21, 20, -19, -12, 4, 23, -21, -14, -6, 21, 19, 17, -34, -4, -13, 3};
weight_hh[113] = {-1, 1, -30, 18, -5, 9, -25, 20, 4, 6, 2, -23, 13, 0, 15, -21, 20, -1, -9, 12, -11, -6, -20, -5, 0, 16, 12, -1, -15, 12, 9, -3, -22, -5, 16, 12, -24, -14, -10, 17, -12, 7, -16, 5, 18, -9, 15, -23, 3, -19, -4, 4, -18, 16, -14, 8, 17, -9, -3, 3, 17, -17, -15, 15, -29, -4, 0, -30, 11, -4, -7, 13};
weight_hh[114] = {-6, 4, 0, -12, 10, -12, -80, 52, -34, -19, -3, -51, 64, -17, 22, -29, -6, 18, 40, 36, 18, 5, 53, -9, 16, -17, -3, 45, -11, -20, -1, 46, -18, 16, 7, 27, -27, 7, -17, -8, 11, 2, -69, 15, 6, 71, -33, 0, -5, -67, -31, -53, -34, 10, 20, -9, 3, -3, 27, -47, -19, 14, 18, -39, -26, -30, -1, -101, 14, 1, 65, 58};
weight_hh[115] = {43, -3, 26, -2, -22, -9, 28, -18, -21, 3, -10, 23, 10, -4, 28, 41, -49, -1, -21, 5, 30, -11, 34, -43, 12, -15, 5, -20, 66, 14, -36, -15, 23, -4, -13, -33, 27, 7, 47, -21, 49, 11, -35, 2, -3, -16, -14, -27, 18, 16, 14, 5, 17, 28, -13, -13, -34, 6, 5, -38, -48, 40, 44, -6, 14, 32, 5, 34, -1, 63, -38, 80};
weight_hh[116] = {11, 5, 4, 26, 30, 6, -51, -19, 9, 10, 8, -17, 31, -9, 17, -12, -15, 59, -28, -9, 21, 5, 12, -10, -5, 2, 11, 47, -42, -23, 27, -37, 5, -21, -4, -9, -12, -7, 9, 30, 8, 9, 1, -9, 14, 6, -20, -2, 22, -87, 1, 21, -1, 13, 17, -32, -12, -3, 16, 12, -13, -7, -15, -1, -32, 1, 17, -48, 12, 22, -12, -52};
weight_hh[117] = {3, -2, -4, 5, 0, -2, 9, 3, 2, 7, 6, 0, -8, -11, -12, 3, 3, 1, 5, -5, -5, 8, -4, 9, 6, 9, 5, -1, -3, 9, -1, -1, -7, -2, -1, -2, -4, 14, -7, 4, -1, 6, 11, -7, 3, -12, 4, 10, 3, 9, 1, 12, 1, -12, -8, 1, 6, -7, -10, 9, 8, -7, -9, 1, 3, -2, -9, 4, 4, -4, -5, -8};
weight_hh[118] = {-1, 5, 13, 2, -3, -3, 21, -11, -5, -7, -13, -3, -9, -17, 7, 17, -11, 3, -4, 2, -20, 4, 16, 4, -18, -8, -5, -11, 4, 0, -6, -4, 19, 25, -6, -4, 14, 15, -2, -15, -3, -12, 14, 6, -11, -14, -1, 1, 2, 10, -9, 15, 18, -14, -8, 1, 5, -19, 3, -9, -4, -10, 7, 1, 4, -2, 6, 3, -1, -8, -6, 10};
weight_hh[119] = {29, 27, -1, 4, 19, -26, -3, 4, -10, -38, -30, -18, 46, 39, 31, -36, 8, -46, 26, -11, -10, 0, 47, 0, -37, -2, -8, -23, -42, -6, 23, 23, 33, 30, -24, -1, 14, 13, -10, -19, -13, -30, -24, 29, -28, 29, 17, -18, 15, 14, -37, 1, -4, 6, -8, -28, 5, -30, 19, -9, -28, 16, 22, 9, -22, -49, 25, -32, 4, -9, -19, -7};
weight_hh[120] = {22, 8, 20, 1, -19, -10, -18, -38, 21, 8, 13, -12, 21, -21, 8, 61, -63, -15, -16, 26, -58, 18, -5, -11, -4, 7, -13, 13, 68, 11, 14, -4, 21, 28, -3, -48, 16, 10, 18, -20, -27, -18, 18, -16, -19, 11, -10, -30, -10, -20, 0, -14, 5, 21, 0, 3, 10, -12, -10, -23, -22, 16, 7, 48, 9, -33, -13, -19, 22, 4, -48, 55};
weight_hh[121] = {-10, -14, 4, -20, -9, 9, 3, 21, -1, 13, 8, -9, 23, -4, -2, -9, -3, -14, -10, -14, -7, 11, 4, -11, -3, 2, -1, -2, 12, 8, -16, 13, -10, -14, 13, 13, -6, 10, -4, -5, 6, 8, -10, -9, 9, 13, 0, 7, 7, -12, -2, -22, -12, 2, -7, 12, 9, 5, -3, 3, -7, 23, 23, -19, -13, 3, -8, -10, 9, 23, 22, -10};
weight_hh[122] = {-1, -7, -7, -7, -12, 6, 14, 4, 6, 6, 5, -7, 7, -7, -6, 23, -15, -7, -5, 2, -10, 5, 0, -10, 7, 6, 6, -11, 15, 14, -6, -2, -9, -7, 6, -8, -7, 7, 6, -3, 6, 8, 12, -5, 7, -9, 6, 7, 6, 14, 5, 1, -6, -7, -3, 5, 7, 5, -8, -7, -4, 6, 7, -3, -8, 5, 0, 7, 7, 5, 3, 0};
weight_hh[123] = {11, -3, 3, -6, -33, -16, -19, -3, 6, 7, 20, 14, 1, 9, 3, -18, -21, 15, 17, 9, -34, -19, 3, 14, 5, -15, -8, 39, -15, -24, 19, 1, 1, -20, -12, -20, 3, 7, 27, 23, 6, 9, -12, -17, 21, -5, -9, -14, 8, -37, -9, -1, -5, 8, -11, 3, 24, -22, -3, -16, -25, -12, 3, 11, -2, -10, 2, -33, 16, -12, 0, 18};
weight_hh[124] = {-3, 0, -8, -17, -42, 4, -21, -15, 13, 15, 5, -24, 46, 1, -4, 13, -65, 52, 4, 2, -46, 4, -11, -37, -1, -4, 7, 34, 19, 9, 0, -30, -2, -12, 10, -11, -2, -4, 34, -8, -2, -3, 42, -12, 12, -24, 4, -7, 0, -34, -2, 7, 0, -5, 0, 16, -2, 19, -9, -26, -2, 8, 30, -15, -25, 2, -14, -45, 6, -4, -2, -37};
weight_hh[125] = {24, 19, -7, 10, -33, 19, -24, -3, 14, 0, -24, -34, -14, -27, -25, -32, 1, 12, 4, -19, -11, 21, 0, -9, 24, 7, 21, -10, -24, 20, -17, 19, -27, -34, -19, -18, -18, 5, -8, 4, 12, 28, -6, 16, 25, -10, -11, 19, -3, -39, -29, -19, -7, -13, -4, -29, -8, -33, 9, -4, 28, -21, -8, -1, 6, 7, -29, -9, 31, -9, 0, 10};
weight_hh[126] = {-7, 0, 6, 0, -3, 31, -6, -11, 37, -4, 11, -9, -15, 10, -27, 20, -36, 40, 13, 4, 45, -27, -18, 11, -12, -3, 20, 19, -16, -24, -3, -87, 24, -11, -32, 11, -18, 23, 34, -22, -19, 14, -8, 0, -28, 13, -10, 11, -24, -56, -15, 39, 22, -9, -11, 0, -4, 25, 28, -33, 20, -16, 15, 20, 8, 39, -6, -70, -15, -22, -27, -24};
weight_hh[127] = {24, 14, -17, -26, -12, -3, -3, -45, -31, -8, -13, 7, 19, -14, 19, 46, -58, 41, 7, 18, -12, 12, 9, 7, 26, -38, -31, 13, 43, -23, -10, -19, 20, -13, -30, -52, -25, -32, 59, 12, 24, -3, -13, -23, 5, -32, -8, 21, -7, -1, 12, 10, 12, -6, -18, 29, -22, 36, -7, -43, -27, 56, -9, 13, 21, -6, 31, -38, 9, 8, -25, 30};
weight_hh[128] = {48, 35, 40, 49, 29, -17, 31, 8, -41, -5, -40, -1, -1, -6, 34, 45, -11, -16, 1, 27, 34, -40, 6, -1, -16, 4, -36, -10, -16, -30, 7, 53, 9, 24, -11, -10, 42, -8, -37, -26, -30, -4, -50, 8, -28, 14, 5, -40, 6, 60, -43, -48, 38, 5, 7, 0, 1, -22, 32, -19, -15, 4, -2, 23, 18, -6, -9, 46, -12, -3, -70, 49};
weight_hh[129] = {1, -2, -5, 0, -3, 0, 4, 5, 3, 12, 9, -1, -5, -12, -11, 3, 2, -2, 3, -7, -4, 10, -4, 5, 6, 9, 7, -1, -3, 4, -2, 0, -5, 0, 2, -1, -6, 13, -5, 5, -1, 7, 6, -4, 3, -4, 5, 10, 8, 5, -2, 6, -1, -12, -7, 1, 6, -4, -9, 7, 3, -2, 0, 1, 1, 0, -8, 5, 5, -2, -2, -5};
weight_hh[130] = {2, 1, 0, 1, -3, -1, 6, 0, 0, 2, 1, 0, 0, -1, -1, 6, -3, 1, 2, -1, -2, 1, -1, -1, 1, 1, 2, -3, 2, 5, 0, -3, -2, 0, 0, -3, -1, 2, 0, 0, -1, 1, 3, 0, 0, -3, 0, 2, 0, 6, -1, 4, 1, -2, 0, -1, 0, -1, -2, 1, -1, -1, 1, 1, 0, -1, -1, 3, 1, -1, -4, -6};
weight_hh[131] = {7, -28, 8, -44, -39, -17, -28, -24, -18, 3, 12, -12, 37, 10, 5, 13, -63, 41, -9, 8, -30, 3, 0, -23, -4, -14, -19, 42, 34, -37, -4, -18, 11, 12, 4, -42, 3, 8, 51, -36, -9, -9, 44, 19, -14, 11, -1, 2, 9, -65, -24, 19, 4, -6, 9, -12, 7, 14, 19, -32, -30, 31, 45, 4, 0, -5, -6, -52, -9, 2, -16, -15};
weight_hh[132] = {22, -17, -24, -12, 8, 0, -29, 49, -23, -28, -23, 4, 72, -15, 26, -39, 11, -45, 21, 46, 32, -32, 12, -17, -18, 8, 11, 79, -54, -47, 3, 61, 7, 34, 13, 12, -14, -2, 24, -16, 16, 21, -60, 33, 13, 52, -16, 22, 26, -44, -30, -20, -23, 6, 36, 20, -6, 8, -3, -23, -34, 30, 36, 0, 18, -19, 11, -46, 3, 7, 13, -10};
weight_hh[133] = {-1, -2, -2, -2, -5, 1, 5, 2, 2, 6, 2, -2, 0, -6, -6, 8, -4, -1, 0, 0, -9, 8, -1, -4, 3, 2, 5, -4, 3, 5, 0, -2, -3, 0, 3, -3, -4, 8, 3, -2, 1, 3, 7, -2, 1, -3, 3, 4, 4, 6, 0, 6, -1, -9, -1, 2, 3, 1, -4, -3, 1, 0, 1, -2, -2, 0, -2, 3, 4, -2, 0, -1};
weight_hh[134] = {4, -5, -3, -4, -16, 3, 12, 1, 3, 6, 0, -6, 7, -3, -3, 29, -21, -6, -2, -4, -16, 4, -5, -10, 5, 5, 3, -7, 19, 13, -4, -2, -8, -8, 3, -15, -3, 4, 9, -4, 2, 5, 17, -2, 5, -15, 4, 5, 6, 13, 4, 8, -6, -7, -4, 2, 3, 1, -5, -11, -6, 5, 3, 1, -8, 3, -2, 3, 5, 3, -4, 6};
weight_hh[135] = {21, 23, -11, 20, -17, 34, -25, -6, 43, 19, 31, -39, -13, 16, -10, -5, 19, 0, -35, -10, 16, -11, -28, -27, 11, 24, -5, 7, 13, 3, -28, 12, -20, -19, 9, -11, -37, 12, 22, -11, 10, 20, -13, -22, 10, 8, 29, 8, 13, -9, 18, -15, -11, 16, -15, -2, 17, 6, -12, -18, -15, 7, 1, 22, -15, -19, -26, -10, 25, 1, -17, -18};
weight_hh[136] = {28, 11, -4, -7, -22, 2, -34, -36, 11, 5, -4, -22, -5, 28, 8, -21, -39, 35, 2, 4, -14, -1, 10, -49, -26, 10, -35, 45, 6, -29, -23, -63, -6, 12, 6, -34, 26, 12, 66, 0, -20, -6, 15, -19, 20, 18, 15, -7, -31, -16, 31, -8, -30, 19, -25, 14, 16, 26, 33, -53, -21, 30, -17, 18, 21, 10, 10, -14, 4, 0, 8, 28};
weight_hh[137] = {27, -22, -12, -35, 18, -33, -29, -18, -26, -2, 7, 10, 46, 13, 33, -16, -5, -1, 4, 28, -27, -5, 15, -28, -15, -10, -38, 8, -15, -44, 42, -14, 23, 55, 29, -7, 10, 2, -3, -6, 17, 8, -45, 6, -16, 38, -10, 4, -18, -21, -45, 14, 27, -7, 1, 25, 19, 17, 31, -46, -58, 0, 21, -16, -2, 22, 11, -18, -4, 12, -22, -3};
weight_hh[138] = {-4, 25, 5, 48, 15, -2, -55, -9, -17, 8, -15, -30, 4, -2, 19, -2, -25, 28, -5, 37, 20, -19, 25, -18, 23, -5, 11, -10, -40, -29, -5, 0, -16, 13, -20, -28, 7, 4, 4, 4, -22, 26, 6, 14, 32, 24, 27, 12, -21, -51, -26, -12, -19, -13, 25, -32, -16, -15, -10, -30, -12, 2, 18, 37, 6, -43, 29, -21, 37, -4, -28, -13};
weight_hh[139] = {-20, -7, -4, -8, 9, 7, -6, 0, 8, 2, 8, -4, -11, -8, -9, -1, 6, 7, -13, 2, 1, 3, -8, 5, 3, 7, 16, 5, -6, 7, -10, 6, -8, -12, 0, 15, -3, 7, -11, 5, 14, 1, 8, -14, 5, 5, 5, 10, 13, -1, 12, -5, -3, -11, -13, 14, 6, 10, -8, 8, 13, 5, -2, -28, -7, 10, -10, -10, 1, 2, 11, -4};
weight_hh[140] = {-4, 1, -10, 58, 14, 17, -33, -38, 28, -15, -5, 0, -26, 5, 4, -44, -16, 20, -18, 23, 4, -9, 41, 0, -10, 0, -19, 15, -30, -38, 30, -15, 9, 24, -7, -37, -6, 4, 5, -45, -33, -4, -7, -25, -7, 15, 4, -9, 18, -37, -1, 14, -7, -12, -14, -22, -10, -17, 21, -11, 3, -25, -6, 51, 34, -10, 20, -31, 17, 8, -43, -25};
weight_hh[141] = {16, 33, 22, 34, 11, 12, -36, 14, 2, -5, -25, 24, -8, 35, 1, -36, 34, -34, 0, 7, 17, 20, -10, -20, 12, 13, -18, -10, -31, 14, 15, 36, 24, -2, -31, -38, 8, 5, -8, 22, -61, -26, -13, 27, 16, -6, -8, -22, -15, -18, -16, -15, -15, 18, -17, 0, -7, -29, 2, -12, 2, -35, -29, 13, 6, -41, 26, -20, -21, -14, 9, 10};
weight_hh[142] = {-5, 40, -7, 37, -33, 27, -31, 22, 2, 20, 18, -31, -9, -16, -10, -17, 16, 7, 1, 2, -14, -16, 10, 7, 11, -17, 22, -17, -4, -6, -3, 19, -27, -7, -12, -7, -16, 1, -7, 2, -12, 1, 23, 15, 2, -1, 18, 13, 19, -30, -14, 11, 14, -23, 10, -17, 17, -36, 13, 19, -13, 6, -20, 27, 2, -16, 11, -11, 2, -12, -17, -8};
weight_hh[143] = {13, 25, 0, 46, -33, 5, -41, -13, 3, 7, -16, -20, -23, -11, -4, -53, -10, -7, -7, -15, -12, -15, -5, 26, 21, -3, 4, 20, -8, -3, -15, 1, -5, -14, -39, -16, -17, -11, -19, -16, -16, 4, -13, -20, 26, -21, -5, 18, -7, -48, -11, 12, 13, -8, 8, -7, -6, -46, 6, -25, -16, -30, -36, 33, -16, -22, 13, -21, 23, -7, -20, -31};
weight_hh[144] = {39, 28, 7, 11, -18, -51, 27, -20, -12, -31, -14, 1, -6, 5, -3, 19, 14, 4, 14, 14, 15, -26, 12, 34, -54, -27, -26, 7, 23, 12, 41, 35, 3, 15, -19, 1, 33, 9, -11, 3, 12, -27, -6, -10, -26, 16, -51, -21, -13, -3, -13, -7, 13, -11, 9, -36, -45, -45, 10, -1, -14, -16, -19, -21, 33, -38, 22, -23, -42, -15, -16, 23};
weight_hh[145] = {4, 27, 10, -14, 1, -16, -46, 88, 36, 19, -26, -69, -27, 17, -28, -32, 52, -22, 59, -2, -5, -13, -8, -12, 19, 42, 20, -1, -42, 68, 58, 35, -57, -49, -34, -38, -20, 17, -57, 16, -44, 38, -14, -26, -7, -33, 44, 3, 15, -38, -66, 1, 15, -10, 4, -1, 39, -55, -28, 25, 22, -59, 3, -22, -19, -22, -10, -9, 1, -35, -24, 27};
weight_hh[146] = {-19, 5, -36, -26, -24, 7, -29, 70, -17, 21, -25, -26, 20, 22, -26, 9, 54, 3, 35, -3, -4, 5, 37, -9, 45, -6, 24, 15, -16, 18, 37, 55, 13, -4, 15, 1, -46, -9, 18, 38, 17, -10, 5, -26, 21, -8, -5, 29, 31, -19, -14, -8, 2, -12, 27, -19, -10, 16, 10, 25, 20, 26, 18, 17, -53, -10, 15, -15, 33, -20, 43, 36};
weight_hh[147] = {-29, 19, -3, -43, -42, 24, 5, 28, -18, 7, 21, -68, -3, 33, 22, 38, 12, 7, 3, -11, 11, -19, 23, -40, 30, 27, -32, -31, 16, 5, -10, 21, 1, -59, -17, 27, -47, -12, 23, -18, 10, 2, 28, -26, 23, -13, 40, -11, 12, 27, -22, -3, 13, 13, 34, 2, 26, 39, 7, -43, 18, -7, -8, -30, -49, 16, 9, 14, 57, 17, 40, -12};
weight_hh[148] = {-12, -42, 6, 9, 8, -35, 6, -1, -11, -2, 32, 29, -2, -38, -19, -32, -1, -45, -25, -5, -8, 36, 25, 30, -1, -22, 15, 0, 22, -27, -29, -5, -7, 10, 32, 16, -6, 17, -37, -4, -21, -39, 18, 19, 11, -8, -7, 15, -26, -11, -14, 14, 18, -48, 12, 26, -29, 1, -22, 23, -24, 28, 20, 4, 25, 33, -34, 34, -24, 34, -8, -11};
weight_hh[149] = {-5, 5, 3, -24, -18, 28, -19, 25, 8, -28, 18, -18, 46, -9, 30, 26, 2, 3, 28, -7, -21, -18, 37, -37, -7, 3, -35, -22, 26, 0, 12, 34, 14, 2, -2, 31, 23, -39, -15, 16, 32, -12, -28, -10, 27, 17, -19, -28, -7, 19, 20, -28, -32, 15, 5, -23, -22, -27, 22, -49, -39, 25, 18, -14, -22, -32, 23, 13, 6, 12, 22, 16};
weight_hh[150] = {28, -18, -12, -6, -28, 45, 2, 18, 41, 12, 4, -18, 12, 12, -36, 1, 25, -15, -17, 19, 13, 8, -29, 11, 13, 0, -13, 4, -25, 32, 2, -31, -43, -15, 0, -25, -4, 39, 2, 6, 5, -1, 32, 3, 5, 22, 30, 27, -15, -13, -50, 6, -29, -40, 6, -13, 33, 31, 13, 11, -19, -33, 41, 7, -52, -10, -30, 3, 49, 25, 18, 16};
weight_hh[151] = {13, 14, 16, 0, 10, -18, -17, 10, 17, 8, 40, -3, -11, -18, -12, -34, -11, -12, 3, 7, -2, 2, -33, 1, -22, 24, -8, -5, -47, -53, 12, 15, -10, 51, 9, -6, -7, -11, 3, -24, 19, 15, 31, -15, -17, 19, 29, 13, -11, -44, 10, -7, -13, -2, -13, 9, 28, 29, -33, -15, -11, -11, 28, 26, -1, -18, 3, -14, -6, 16, -24, -33};
weight_hh[152] = {4, -22, 17, 1, 40, -5, 38, -40, -19, -2, 29, 46, 48, -35, 3, -21, -15, -56, -37, -13, -34, 22, -5, -1, 15, 0, 14, -40, 34, -72, 11, -33, 42, 58, 5, 22, 34, 13, 45, -17, 8, -25, -9, 17, -4, 50, -8, -2, 9, -50, 56, -38, -4, -26, -30, 25, -12, 34, -6, -12, -50, 41, -15, 44, -8, 19, 21, -1, -1, 17, 6, 7};
weight_hh[153] = {-17, -13, -26, 8, 28, 33, -25, -2, 28, -30, 26, -45, 37, -20, -33, -37, 18, 17, -25, -14, -3, -21, 13, -35, 46, 32, -26, 6, -4, -9, 23, 21, -31, -7, 47, 41, -5, 9, 9, 18, -8, 39, -36, -25, 40, 36, 32, -1, 25, 4, 7, -38, 4, 24, 22, 39, 17, -5, -2, -33, -35, 37, 31, -42, -40, -17, -13, -45, 57, 36, 6, 29};
weight_hh[154] = {-11, -11, 15, -39, -19, 0, -54, 39, 15, -22, -18, -46, 15, 4, -25, -32, 41, -48, 31, -14, 20, -5, 22, 9, 0, -11, 28, -8, 17, 16, -22, 69, -4, -29, 65, 24, -53, -17, -22, 30, -10, 56, -3, 6, 16, -26, -13, -20, 9, -3, 1, -58, -22, -8, 22, 37, 37, 4, 15, 16, -34, -11, -5, -51, -58, 38, -20, -14, 19, 32, 8, 50};
weight_hh[155] = {37, 20, -18, 10, 16, -40, -7, -24, 13, 2, 28, 13, -73, -20, -25, -26, -35, 32, -17, -2, 7, 10, -65, 40, -6, -18, -15, 19, -18, -25, 15, -40, 15, 2, -34, -65, 31, 20, 31, -16, -42, -19, 20, 15, 5, -31, 23, 0, 13, 16, 8, 60, -11, -9, 2, 3, 31, -28, -3, -23, 37, -63, -16, -3, 24, -17, -14, 0, -7, -26, -27, -58};
weight_hh[156] = {-21, 9, -4, -14, 4, 12, 55, 28, -14, 3, 21, 21, -44, 1, -15, -30, 80, -75, 19, 0, 26, -4, -30, 18, -29, -3, 21, -17, -20, 0, 16, 15, -24, 13, -47, -1, -10, 36, -64, 27, 9, 5, -3, 2, -17, 21, -16, 20, 6, 63, 7, 11, 44, 13, -18, -24, -14, -11, 17, 35, 27, -45, -48, -23, 48, -30, -30, 67, -28, -32, -22, -47};
weight_hh[157] = {-7, 6, 0, -26, 27, 8, -26, 34, 17, 16, 18, -13, 34, 16, 10, -11, 4, 0, -7, 13, 10, 21, 17, -10, 16, 0, 10, 4, -27, 7, -8, -6, 20, 11, 0, 32, -10, 6, -37, 2, -4, -14, -34, -6, -17, 60, -3, 5, 27, -41, -12, -11, -33, 27, 17, 4, -12, -1, -9, 1, -28, 43, -4, -18, -30, -17, -4, -10, 5, 21, 36, -48};
weight_hh[158] = {4, -26, -45, -23, -10, 34, -6, 30, 33, -18, 26, -28, 34, 27, 18, 5, -1, 10, 20, 26, -22, 19, 9, -27, 5, -5, 18, -7, -4, 30, -5, -9, -6, -22, 45, 23, -27, 5, -25, 30, -8, 50, -13, -38, 27, -14, 1, -18, -30, 14, -19, 9, -42, -9, -11, -11, 38, -5, -12, -24, 12, -5, 16, -35, -14, -33, 28, -43, 36, 0, 54, -8};
weight_hh[159] = {-6, 21, 9, -1, 15, 21, -21, 6, 16, -11, 41, -17, -29, -12, 23, 7, -36, -17, -29, -7, 23, 22, 1, -20, 25, -13, 19, 15, -14, 40, -11, -41, -17, -32, 14, -2, -57, -15, 16, 39, -25, 35, -19, 1, 39, 4, 44, -24, -3, 10, 12, 17, 16, -20, 12, 16, 33, 26, -20, 10, 17, -4, 17, -12, -30, -5, -13, 19, 62, 33, 5, -32};
weight_hh[160] = {11, -18, -38, -4, -5, -2, -62, 14, 3, -12, 38, -64, 0, -7, -17, -39, 31, -13, 39, -22, -24, 24, 15, -8, 18, 37, -5, 6, -11, 5, 21, -2, -50, -24, 0, 20, -45, 13, -20, 29, -43, 14, 7, -29, 26, 15, 26, 6, -11, 10, 6, -13, -18, -16, 0, 5, 21, -8, -14, -24, 25, 11, -8, -1, -46, -12, -19, -51, 49, -4, 0, 0};
weight_hh[161] = {17, -19, -24, -24, 11, -30, 19, 19, 16, 9, 2, -8, -6, -3, -1, 22, 8, 10, -22, 21, -3, 16, -12, 23, -4, -19, -4, -23, 24, 22, 4, 38, 30, 10, 7, 4, -20, -29, 1, 25, -19, 12, -9, -23, 12, -4, 7, -20, 23, 19, 6, -24, 12, -4, 10, -21, 10, 0, 3, -5, -20, 31, 18, -17, 15, -15, 15, -21, 0, 10, 0, -26};
weight_hh[162] = {-21, 0, 20, 1, 11, -13, 16, 23, -12, -22, -34, -17, 8, 35, 14, 41, -6, -1, -2, -5, 25, -34, 27, 1, 18, -15, -5, -1, 1, 24, -4, 12, 5, -3, -25, 24, -20, 7, 24, -19, 8, 10, -22, 23, 15, 0, 9, -15, 2, -4, 23, -23, -19, 1, 18, -19, -5, -15, 0, -3, 10, 10, 2, -2, -2, -28, 4, 8, -11, 2, 2, 8};
weight_hh[163] = {-21, 5, 11, 47, -10, -22, 49, -47, 4, -2, -10, 39, 3, -23, -26, -10, 9, 10, -7, -23, 15, -32, 10, 16, -40, 5, 3, -35, -18, -39, -33, -12, 30, 37, 3, -10, 36, 24, -30, -37, 45, -35, 23, 11, 16, 21, -29, -25, 3, -4, 39, 14, -15, -15, 25, -27, -31, -35, -8, 33, 27, 25, 5, 35, 11, -20, -11, 19, -57, 10, -44, -14};
weight_hh[164] = {14, -20, 6, -19, 20, -23, 40, -96, -31, -26, -1, 49, -6, -31, -5, 10, -104, 73, 12, -28, 30, 27, 7, -1, -31, -26, 21, 14, 47, -46, 1, -121, 21, 11, 19, 15, -15, -25, 82, 2, 44, 8, 34, 23, -21, 1, -34, 6, -5, 24, 6, 63, 3, -23, -11, 18, -7, 40, -30, -34, -3, -25, 24, -11, 1, 37, 12, 29, -12, -38, -40, -67};
weight_hh[165] = {-17, -13, -18, -14, 7, 12, 15, -4, 27, 29, 10, -39, 11, -45, -34, -13, 19, -24, -21, -17, -21, 1, -51, -13, 24, 46, 4, 15, -1, -9, 17, 21, -30, -33, 18, 19, -15, 30, -16, 35, 11, 24, 6, -36, 5, -28, -2, 23, 43, 25, 28, 20, -27, -23, -34, 18, 19, -24, -55, -8, 38, -31, -1, -23, -31, -26, -24, 3, 38, -2, -14, 7};
weight_hh[166] = {3, 5, 26, 46, -12, -34, 34, -12, -47, 30, 43, 20, -55, -52, -28, -7, -3, -52, 21, -4, 8, 1, -7, 7, 8, 44, 50, -8, -4, -49, 18, 2, 6, 17, -19, -37, 22, 20, -53, 3, 3, -21, 6, -31, -29, -16, 15, 44, 26, 45, 25, 26, 14, -13, -23, 21, 20, 2, -31, 25, 54, -17, 3, 48, 58, -8, -28, 36, -12, -12, -50, -15};
weight_hh[167] = {2, -3, -42, 6, -15, 11, 4, -1, -2, -6, 27, -17, 17, -26, 15, -2, -19, 1, -28, -29, 11, 22, 4, -29, 17, 16, 21, 5, 18, 13, -21, -12, -30, -8, 17, 13, -18, 33, -18, 0, 19, 34, 2, -27, -4, -22, 20, -8, -5, -15, 11, 29, -25, 12, -28, 34, -3, 36, -1, 20, -16, -7, -7, 2, 14, 37, 10, 4, 13, 2, 10, 13};
weight_hh[168] = {29, 14, -21, -8, -6, -26, -15, -12, 13, 11, 10, -4, -21, -13, 19, -9, 2, -9, 2, -9, -19, 22, 10, -3, -18, 16, 30, -3, -5, -26, 21, -13, -16, 35, -9, -19, -1, 32, -6, -17, -19, 9, -7, 12, -13, -14, 22, 26, 7, -6, 7, -13, -7, 12, 4, 2, 15, 12, -24, -25, -39, -14, -1, 32, 26, 5, -4, -16, 19, 23, 1, 36};
weight_hh[169] = {9, 0, -15, -33, -15, 47, 0, -16, -14, -13, -15, -41, 29, -4, -2, 2, -7, 30, 4, 12, 25, -28, 31, -22, -24, 22, 8, -18, 36, -16, 11, -21, 2, -1, 7, -9, 3, 0, 1, 11, -39, 9, 13, -18, 32, -12, 1, -17, -14, -12, -16, -21, 20, 12, 0, 1, -13, 14, -12, -26, -33, 7, 34, -28, -1, -23, 9, -14, 46, 1, 21, 4};
weight_hh[170] = {-10, 13, -3, -16, 25, 45, -53, 52, 21, 6, -25, -11, 34, -13, -27, -25, 58, 7, -8, 5, 3, 17, 21, 14, 2, 19, 25, 26, -10, 40, 24, 105, -16, 17, 25, 18, -27, -6, -34, -21, 2, 37, 8, -13, 26, 20, -7, 11, 39, -26, 10, -39, -28, 15, 1, 5, -25, 7, -17, 1, -6, -1, -23, -34, -16, -1, -11, -34, 29, 21, 66, 39};
weight_hh[171] = {-34, 1, 0, -41, -18, 15, -4, 13, 4, -25, -26, -16, 37, -20, 4, -2, -3, -18, -9, -22, 18, 2, 11, -7, -11, 18, -15, 7, 32, 13, 1, 0, 14, -33, 1, -8, -5, -16, 6, 26, -25, 18, -7, -6, 1, -15, 21, 8, -9, 11, -14, 15, -18, 26, -3, 19, 9, 16, -3, -9, -18, -3, -17, -25, 3, 21, -21, -24, 3, 33, 25, -10};
weight_hh[172] = {-10, 21, 40, 12, 44, -27, 8, 6, 9, 7, -31, 18, 6, 8, 32, 5, -19, -15, 11, 34, 21, -22, 11, -27, 9, -33, -4, 11, -5, -50, 35, -16, 48, 50, 8, -14, 17, -7, 11, -17, 9, -20, -25, 25, 3, 13, -5, 5, -21, -16, -17, -8, 5, -14, 17, 3, 6, -4, 33, -10, -15, -3, 13, 45, 2, -36, 18, 6, -35, 10, -14, 35};
weight_hh[173] = {25, -11, 3, 1, -18, 8, 45, -86, -12, -12, 2, 20, -2, -24, -27, 63, -93, 33, -7, 14, -76, 3, 19, -3, 19, 27, 0, 7, 51, -4, 1, -99, -18, 35, 15, -73, 29, 24, 89, -46, 9, -7, 29, -6, -9, -76, -6, 16, -4, -25, -11, 68, 22, 15, -14, 16, 10, -17, -25, -50, -9, 0, 21, 60, 23, -18, 29, -3, -47, -2, -47, 14};
weight_hh[174] = {-30, -8, -24, -32, -3, 20, -16, 44, 29, -8, 25, -83, 17, -17, -8, 59, -14, 50, -30, 8, 18, 25, -19, -6, 2, 44, -26, -2, -10, 68, -12, 18, -27, -49, 29, 26, -35, 3, -10, -7, -7, 85, 28, -16, 1, 4, 44, -18, -15, 4, 2, 11, -8, 12, -27, 29, 33, 38, 17, -43, -25, -3, 4, -40, -69, 15, 18, -38, 67, 42, 36, -10};
weight_hh[175] = {12, -38, -19, -26, -7, 37, 5, -26, 15, 19, 13, -24, 24, -25, -3, -41, -19, -10, -7, -10, -10, 23, 0, 6, -2, -6, 39, 27, -11, 42, 19, 6, -19, -9, 17, 7, -43, 30, 9, -2, 11, 18, 17, -51, 34, -20, -3, 4, 29, 5, -9, 5, -33, -31, -21, 14, 20, 3, -20, 27, 18, 28, -15, -32, 0, -9, 10, -38, 38, -8, -8, -13};
weight_hh[176] = {-21, -1, -25, -22, -39, 60, -34, -7, 49, 6, 4, -27, -9, -25, 6, -16, 24, 4, 5, -21, 7, -4, -19, -25, 12, 43, -22, -12, -11, 53, -33, 2, -51, -12, -13, -10, -30, 1, -2, 15, 19, 33, -6, -15, 12, -18, 39, -7, -3, 14, 26, -1, -35, -11, 12, -4, 43, 5, -13, 17, -14, -13, 9, -37, -45, -2, -5, 2, 78, -1, -10, -5};
weight_hh[177] = {-62, -23, -7, -39, -12, 44, -40, -20, 4, -12, -32, -11, 37, 13, 3, 25, -1, 41, -24, 10, 17, -3, 21, -50, -12, -28, 5, -17, -10, 6, 9, -3, 4, -4, 41, 30, -36, -28, 31, 24, 11, 9, -29, -19, -8, -17, 17, -11, -15, 7, 35, -43, -34, 26, 12, 6, -3, 14, 6, -20, 13, 18, 21, -8, -58, 20, 6, -47, 5, 22, 55, 26};
weight_hh[178] = {-7, 7, -23, 1, 10, -14, 0, 1, 21, 17, 23, 9, -11, -30, -24, -10, -7, 9, 8, 0, -16, 14, -1, 8, 19, 5, 17, 14, -13, -7, 3, -8, -20, -8, -6, 5, 18, 16, -17, 18, -3, 19, 14, -4, 15, 1, 22, 19, -13, -21, 17, 0, 7, 4, -25, -10, 16, 12, -4, 14, 19, 11, -20, 2, -4, 11, -21, -18, 9, -4, -6, 4};
weight_hh[179] = {21, 10, 18, 45, 67, -34, 33, -15, -22, 7, -10, 48, 7, -9, -8, -47, -16, -17, 27, -2, 11, -18, 17, 2, -35, 10, -6, 31, -41, -6, -20, -5, 27, 58, 6, -7, 16, 24, -31, -26, 4, -41, 3, -11, -20, -14, -57, -21, 17, 1, 37, 19, 30, 12, 17, 14, -17, -22, 6, -1, 23, -4, -13, -1, 42, -9, -7, 29, -36, -36, -41, 8};
weight_hh[180] = {-34, -2, -45, 0, -5, 57, -39, 90, 54, 19, 20, -44, -34, -32, 7, -42, 70, -30, 20, 2, -41, -23, -15, 14, 54, 44, -12, 25, -45, 59, 15, 42, -28, -60, 13, -6, -31, -21, -26, 66, -42, 13, 25, -4, 12, -29, 13, 36, -5, -9, 4, -6, -3, -14, -15, -40, 5, 0, -17, -4, 40, -19, -11, -4, -73, 2, -35, 0, 30, -3, 37, -19};
weight_hh[181] = {-26, -22, -23, 11, -9, -3, -24, 66, 3, -25, 33, -64, 18, 8, -5, 5, 57, 20, 30, 9, -24, 10, 32, -19, 39, 29, 20, 62, -9, 5, 11, 73, -43, -30, -2, -3, -50, 9, -11, 23, -39, 15, -32, -22, -2, -15, 42, 6, -1, -17, 5, -18, -31, -24, -17, -27, 26, -35, -23, -21, -19, 3, 34, -44, -60, -49, -19, -43, 47, -10, 34, 1};
weight_hh[182] = {-41, 7, 20, 4, 63, -15, -25, 29, 27, 43, -8, 21, 7, -33, -24, -76, -15, -18, -24, -8, -40, -17, -19, -15, -8, 15, 21, 25, -1, -17, -15, 24, 21, 41, 39, 54, -4, 27, -4, -26, 17, -14, -5, -8, -22, 6, -33, 38, -13, -28, 17, 10, -32, 7, -5, 8, 34, -30, -31, -16, -14, 25, -10, -30, -14, 13, -19, 1, -22, 34, 16, 4};
weight_hh[183] = {-27, 18, -8, 31, 31, -14, -6, -17, -16, 24, 1, 12, 38, -3, 12, -54, 21, -11, 20, 26, -11, 25, 28, 18, -21, -8, 26, 26, -47, -35, 21, 23, -6, 45, 5, 32, 55, 10, 18, 14, -3, -38, -28, 41, -15, 17, -49, 11, -20, -35, -17, 0, 20, 28, -18, 3, -37, -6, 22, 9, -24, 8, -19, 22, -4, 14, -15, 12, -58, 17, 17, -3};
weight_hh[184] = {47, 17, 46, 3, 21, -63, 17, 3, -18, 10, 7, 54, 9, -22, 5, 20, 51, -35, 4, 14, -21, 0, -1, -8, -18, -25, 1, 36, 16, 19, 46, 48, 1, 15, 21, -34, 7, -28, -13, -33, -39, 0, -5, -6, -17, 12, 10, -28, -18, 33, -17, 17, 46, 21, -20, 3, -5, -14, 28, 0, 12, -19, -31, 27, 2, -51, 10, 42, -34, 7, -15, 40};
weight_hh[185] = {26, 14, 38, 9, 27, -26, -15, -11, -40, 0, -3, 16, -7, 14, -8, 15, 32, 6, 18, -11, -16, -10, -4, 22, -48, -13, 9, 6, 0, -26, 28, 9, -9, 33, -7, -20, 50, -7, 14, -37, 11, -29, -24, -2, -22, 24, -26, -24, 13, 15, 14, 32, 27, 20, 31, 1, -50, -19, 6, 19, -29, -8, -34, -1, 29, -22, 45, 0, -30, -33, -23, 14};
weight_hh[186] = {-19, 5, 21, -10, -31, 6, 30, 11, 14, 22, 28, 4, -74, 4, 4, 29, -5, 7, 12, 7, 14, 13, -30, 28, 1, -18, -29, -18, 35, 6, 3, -29, 5, 14, -15, -13, 9, -2, -2, 33, -15, -15, 21, 22, 20, -50, 40, -10, -22, 78, -21, 21, -16, -23, 14, -13, -8, -7, -17, 16, -4, -51, -6, 0, 30, 23, -6, 37, 25, -20, -41, -55};
weight_hh[187] = {7, 36, 39, 0, -43, 0, 41, -21, -4, 0, -7, 24, -47, 3, 7, 87, -36, -45, -4, -1, 5, -24, -12, 23, -19, 3, 8, -56, 58, 17, 10, -19, -5, -34, -28, -46, 38, -15, -15, 5, 0, -22, 28, 38, -15, -66, 6, -10, 20, 98, -5, 20, 3, -8, 27, -24, -36, 12, -13, 15, 24, -22, -5, 3, -10, -22, -3, 64, -12, -1, -20, 5};
weight_hh[188] = {8, 23, 0, -31, -42, -5, -19, 16, -2, -10, 29, -24, 0, -11, -5, 14, -13, 47, -5, 8, 29, -37, 0, -6, 39, 21, 19, 8, 39, 77, 22, 10, -15, -55, -3, 9, -43, -15, -1, 61, 6, 57, 36, 8, 10, -50, 31, 11, 3, -20, 28, 9, -31, 32, 26, 12, 44, -4, -21, 11, 28, -15, -10, -15, -22, -20, -17, -28, 18, -11, -6, -34};
weight_hh[189] = {-3, 7, -1, 5, 10, 21, -11, -6, 4, 18, 14, -8, -17, -39, -27, -23, 12, -3, -14, -12, -31, -5, -24, 6, 8, 29, 23, 15, -20, 4, -24, -10, -19, -3, -4, -15, -16, 19, 23, -14, 5, 5, 11, -16, -16, -13, 21, 21, -6, -13, 3, -6, -6, -20, -11, 17, 5, 1, -12, -14, 19, -10, -10, -5, 10, 12, 0, 18, 16, 4, -11, 4};
weight_hh[190] = {18, -21, -3, -23, -24, 31, 4, 18, 7, -17, 31, -23, 18, -10, 15, -37, -24, 29, -16, -25, -24, 6, -11, -1, 31, 19, 27, -23, -24, 13, -13, -10, -40, -20, 20, -21, 10, -8, -18, 39, 12, -9, -11, 10, 34, 2, 29, 23, 24, -21, -25, 10, -26, 4, -18, -15, 20, -8, 20, 3, -13, -20, 3, 24, 15, 2, 11, -6, 42, -4, -2, -42};
weight_hh[191] = {-31, -13, -17, -21, -6, -3, -4, 21, 21, -16, -16, -41, 2, 12, 7, -11, -37, 39, -12, -10, -2, 13, 25, -28, 10, 34, 19, -11, -6, 3, -34, -13, -24, -18, -21, 8, -45, -1, -11, 38, 26, 44, -13, -35, 4, -15, 43, -5, 28, -15, 18, 24, 17, 24, 20, -26, 17, 9, -22, 25, -16, 16, 2, 1, -45, 5, 3, -11, 26, 9, -3, -16};
weight_hh[192] = {10, -1, 14, 43, -6, -2, 38, 2, 18, -20, 13, 65, -37, 21, -27, -9, 14, 1, 31, 5, 6, -1, -3, 16, -25, -20, -16, -28, -9, -7, -26, -1, 13, 38, -36, 11, 8, 31, 8, 15, -13, -30, 26, 34, 13, -1, -10, -33, 10, -5, 12, -15, 45, -20, 11, 9, 1, -25, 3, 21, 5, -20, -62, 11, 46, 14, -12, 53, -30, 1, -4, -40};
weight_hh[193] = {-40, -45, 17, -48, -17, 20, -24, 55, 23, 16, -26, -47, 41, 12, 4, 22, 3, -54, -26, -20, -8, 18, 20, -43, 21, 32, -31, -22, 22, 44, -25, 37, 0, -9, 13, 32, -27, -26, -7, -28, -21, -15, -4, 24, 31, 22, -19, 29, -3, 48, 2, -8, -19, 8, 3, 30, 22, 28, 21, -5, -32, 50, 41, -45, -9, 3, 0, -9, 29, 3, 13, -17};
weight_hh[194] = {18, -20, 18, 4, 25, -19, -22, -4, -7, -13, 19, 13, -25, -8, -15, -63, 8, 23, 9, -20, 6, 25, 12, 30, -6, -13, 6, 4, -18, -12, -11, 4, 9, 16, -18, 10, 14, 4, 6, -3, 12, -4, 5, -1, -10, 12, -22, 19, 14, -55, 4, -2, 2, -27, 4, 14, 5, -11, -20, 10, 14, -24, 0, 26, -11, 13, -13, -22, 2, 16, -9, 12};
weight_hh[195] = {-8, 17, -12, 17, -6, 33, -14, 63, -30, -3, -27, 13, -38, 26, -15, -12, 72, -40, 35, -30, -11, -1, 8, 33, -10, -24, -25, -36, -40, -4, 12, 17, 9, -12, 6, 42, 20, 4, -22, -32, -26, 26, -15, -12, 18, 3, 10, -8, 38, 40, -1, 9, -1, -1, -8, -44, 30, 0, 5, 37, 17, 20, -14, 36, -10, -17, -8, 20, 13, 26, 45, -17};
weight_hh[196] = {-17, -7, -1, -25, 0, -14, -5, 8, -28, -7, 15, 14, 15, 30, -2, 18, -25, 43, -15, 29, 8, -38, 35, -27, -25, 4, 2, 1, -13, 3, -18, -2, -13, -14, 21, 15, 0, 1, -21, -4, -6, 25, 17, 23, 8, 1, -7, -5, -26, -7, 25, -32, -2, -3, 20, 19, -1, 16, 33, 8, 9, -1, 6, -7, -31, 5, 32, 4, 24, 23, -1, -27};
weight_hh[197] = {19, 28, 1, 8, 2, -47, 32, 12, -6, -27, 2, 43, -2, -2, 36, 34, -37, -20, 1, 18, 13, -31, 2, -17, -35, -16, 0, 28, 10, -33, 7, 3, 14, 35, -28, -32, 49, 9, -22, 12, 42, -20, -32, 6, -45, -14, -34, -6, -7, -15, -31, -13, -1, -21, -11, 20, -40, 0, 40, 2, -18, -11, -20, 5, 62, 10, 16, 10, -44, -25, -25, -27};
weight_hh[198] = {-41, -16, 6, -23, -16, 19, -28, 21, 56, 2, -9, -51, 30, 7, -6, 11, -1, 25, -32, 22, 14, -21, -6, -12, 47, 20, -32, -18, 52, 52, 10, -43, -17, -36, -19, 4, -9, -4, 38, 51, 14, 26, 13, -8, 49, -26, 31, -27, 16, 22, 14, -31, -14, -2, 14, 1, -13, 37, -3, 5, 19, -4, -13, -29, -58, 10, -18, -4, 67, -1, -1, -24};
weight_hh[199] = {79, 61, -7, 11, -44, -19, 26, 19, -47, -11, -6, 22, -5, 26, 7, 32, 7, -34, 66, -12, 0, -32, 25, 10, -13, -27, 0, -22, -24, -29, 45, 31, 2, 36, -56, -73, 20, 15, -40, -24, -27, -9, -23, 43, -54, -13, -38, 8, 0, 37, -33, 49, 20, 26, -23, -22, -48, -51, 10, 28, -23, -24, 9, 25, 32, -35, -2, 17, -34, -44, -40, -2};
weight_hh[200] = {-46, -4, 24, -49, -28, -18, 28, 7, 6, 5, -11, -9, 16, 2, -9, 7, 2, -23, -56, -38, 38, -23, -14, -5, -7, -4, -12, -31, 23, 7, -82, 29, -12, -24, 50, 47, 20, 33, -24, -15, 42, -8, -6, 6, 5, 7, 11, 33, 10, 37, 80, -64, -41, 7, -27, 50, -25, 8, 6, 30, 31, 89, -35, -10, 28, 59, -21, -10, -13, 55, -17, 33};
weight_hh[201] = {-1, -9, 18, 12, 19, 5, 1, 23, 4, -29, -13, -4, 16, 25, -5, 5, -3, 20, -1, 38, 11, -8, 36, 8, -15, -18, -26, 25, 7, -17, 8, 8, -5, 17, 3, 13, 14, -33, 15, -22, -19, -9, -21, 4, 4, 0, -2, -26, -2, 22, -4, -25, 12, 9, 20, 3, -29, -10, 13, 7, -3, 16, 15, 2, 12, -2, 1, -11, -7, -12, 13, 6};
weight_hh[202] = {-13, 19, 3, -2, -11, -15, 13, -16, 12, -36, -4, -4, -13, 20, 30, 17, 13, 4, 27, 16, 25, -16, 13, -20, 0, 5, -35, 5, 18, -1, 19, -14, 12, -16, 16, 4, 17, 6, -21, 13, -22, -24, -8, 26, -12, 11, -8, -25, -15, 12, 7, -6, 19, 39, -12, -8, -8, -18, 23, -20, 2, 23, -8, -8, 5, 13, 8, -12, 11, 13, -11, 26};
weight_hh[203] = {-15, 10, 3, -5, -27, 7, -28, 53, -7, -23, -4, -11, 5, -15, 15, -29, 53, 13, -30, 2, 22, -1, 2, -5, 2, 30, -26, 6, 18, 34, -16, 77, 1, -64, 34, 12, -40, 26, -31, -2, -7, 35, -24, -28, 27, 29, 7, -16, 39, -57, -29, -32, -56, -20, 33, -24, -7, -12, 6, -25, -28, 19, 14, -7, -47, -7, 26, -57, 69, 54, 50, 34};
weight_hh[204] = {0, 7, 10, 29, 60, -21, 2, -14, -17, -19, 25, 44, 12, -35, -29, -85, 4, 7, -1, 0, -43, 24, 1, -3, 8, -10, 21, 21, -38, -68, -19, 34, 27, 54, 14, 18, 30, 4, 9, 8, -7, 4, 24, 2, -32, 29, -18, -29, 8, -65, -23, -23, 22, -15, 20, 18, 24, 6, 17, -16, 3, -17, 19, -13, 2, -12, -27, -16, -29, -12, 0, 8};
weight_hh[205] = {11, -29, -32, -3, 9, 29, -26, -30, 37, 15, 9, -22, 1, -8, -19, -24, -18, -3, -4, -17, -4, -11, 0, 17, 33, 29, 26, -13, 8, -24, -35, -6, -24, -23, -16, -5, -19, -10, -15, 36, 9, 19, -4, -7, 4, 1, 32, -23, 13, -22, -12, 9, -15, -29, 5, -7, 2, 32, -22, 3, -4, 13, -11, -1, -8, 23, -16, -1, 9, 15, -14, -11};
weight_hh[206] = {17, -25, 15, 19, 27, -10, -13, 9, 16, 22, 5, 32, -30, -9, -2, -63, 11, 11, 4, 3, -21, 30, -14, -7, -7, 3, 17, 0, -18, -42, -1, -12, -25, -1, -19, 10, -23, -1, -27, 19, 20, -25, -11, 18, -30, 24, 12, -6, 21, -36, -12, -13, -8, -33, -1, -9, 14, 18, 0, 34, 29, -16, -22, 19, 4, 23, 8, -30, 21, -14, 4, -13};
weight_hh[207] = {-5, 13, -9, -12, -53, 41, -2, 2, 45, 21, 27, -44, -15, 9, 28, 32, -1, -9, 3, -4, 12, -18, -19, -8, 9, -10, -30, -3, 16, 45, -24, 6, -52, -51, -3, 6, -53, 27, 10, 22, -20, 50, -28, -13, 37, 14, 48, 7, 8, 19, -11, 22, 19, 2, -7, 13, 10, -8, 1, -4, 20, 33, 7, -48, -38, 4, 17, -3, 25, 21, 24, -3};
weight_hh[208] = {7, 61, 27, 9, -45, -47, 43, 39, -59, -22, -34, 38, -8, 3, 33, -23, 44, -28, 58, -34, -29, -29, -30, 44, -34, -5, -22, 36, -20, 20, 50, 57, -18, 23, -3, -30, 12, -26, -29, 29, 2, 6, 29, 18, -25, 6, -6, 16, -14, 32, -5, -15, 43, -15, -3, -50, -17, 1, 15, 30, 39, -24, -1, 30, 1, -62, -21, 29, -42, -21, -27, 25};
weight_hh[209] = {13, -9, -14, 56, 36, -42, 73, -10, -51, 41, 11, 34, 2, -35, 4, -24, 41, -62, 45, -9, 33, 27, -30, 27, -3, 31, 34, -44, -13, -60, 12, 32, 0, 38, 2, 9, 4, 18, -19, 11, -15, -51, 28, -2, -30, 7, -2, 30, 16, 12, -9, -15, 43, 23, -8, 16, -27, -20, 24, 6, 11, -24, -18, 30, 69, -18, -21, 65, -41, -20, 2, -2};
weight_hh[210] = {14, 31, 13, -19, -31, 46, -31, 33, 27, -22, -33, -34, 10, -20, 7, 25, -15, -28, 18, 9, 3, 5, 15, 9, 2, 6, -5, 16, 3, -4, -13, -2, -18, -15, -22, -21, -22, 16, 27, 12, -18, -6, 21, 13, 9, -14, 21, 8, 9, -11, -3, -24, -31, 1, 26, -21, 5, -10, -25, 4, -4, 13, 23, 19, -15, 18, -21, -26, 31, -1, 9, -22};
weight_hh[211] = {-1, 6, -41, -15, 36, 13, -75, 7, 11, 48, 35, -31, -20, -19, -19, -57, 51, 22, 16, 5, -12, 28, -51, -16, 12, 39, 2, 56, -39, 13, -39, 57, -44, -45, 2, 45, -9, 29, -14, 58, 2, 68, -11, -25, 47, 5, 49, 48, 54, -2, -10, 20, -11, -29, -2, 31, 63, 1, -27, 8, 6, 5, -42, -11, -40, 35, -59, -24, 46, -17, 36, -5};
weight_hh[212] = {18, -28, -4, -22, -23, -30, -11, -19, 18, 10, 16, 41, 8, -27, -30, -15, -49, -24, -14, -27, -11, 32, -2, 21, -35, -1, 26, -28, 37, -50, -41, -13, 45, 27, 27, -12, 11, 12, 37, -7, 1, -42, -14, 30, -15, 25, -20, -2, -16, -45, 12, -39, 12, -28, -25, -5, -21, 0, 33, -16, 7, 39, 3, 28, 30, 7, 0, 30, -27, -7, -3, -4};
weight_hh[213] = {36, 25, 25, 4, 12, 1, 38, -6, -6, 15, -24, 61, -26, 18, 5, 30, 11, -17, 39, 9, -28, -30, 2, 8, -37, -23, 25, 9, -32, -17, 3, 4, 47, 27, 9, 17, 43, 16, -5, -21, -3, -35, 16, 35, -9, 12, -8, 18, 1, -2, 12, 20, -9, -12, 22, -4, -7, 7, -9, -3, -21, -2, -30, 7, 30, -3, 11, 38, -55, 7, -8, 0};
weight_hh[214] = {5, -32, -1, 28, 11, -21, 52, -9, -26, -10, -14, 39, 14, 15, 20, 28, -51, 3, -1, 4, 14, 13, 0, 15, -15, -27, 24, 3, 3, 0, 3, 3, 32, 57, -4, 7, 57, -30, 7, -6, 22, -59, -31, -2, -22, -10, -21, -11, -10, 16, 59, -13, 24, 0, -25, 28, -19, 10, -2, -15, 21, 18, -19, -9, 54, 36, 13, 9, -49, -30, -5, -24};
weight_hh[215] = {-16, 9, 39, 32, -28, -29, 34, -23, -29, -9, -27, 54, 12, -7, 21, 15, -39, -28, -48, -24, -19, -7, 39, -16, 1, -24, -10, 12, 55, -74, -45, -18, 27, 20, 39, -4, 53, 16, 6, -35, 57, -46, -13, -6, -27, 28, -51, 4, 5, 4, -3, -30, 21, 24, 4, 37, 6, 35, 8, -31, -23, 43, 26, 43, 46, 9, -15, -7, -13, 40, -30, 23};

Bias_hh (8 bit):
 {-1575, 3794, -592, -2731, -3410, -2312, 1029, 3382, -3525, -4121, -1567, -3545, 3049, -640, 1541, -3407, 3113, 2526, -2882, 2775, 767, -1634, -967, -3590, -1556, -629, -2416, -1875, -2134, 3308, -248, 4055, -2029, -3263, -3898, -1062, 2707, -3837, 5184, 102, 1478, -603, 2389, 4332, -1470, 1326, -2422, -2933, -559, -3747, 1168, -2502, 4151, 3033, 4448, 239, 1198, -3806, -2246, -4570, 2414, -3545, -2717, -2503, -3258, -1640, 1888, -3846, 3819, -2422, 1097, 3232, 660, 582, 777, -128, -1927, -2984, 4781, -489, -188, -2009, 205, 2566, -1529, -1032, -29, 3096, 2901, 976, 2418, -394, 2328, -1319, -3368, 3791, 3762, 54, 657, 2407, 3519, 80, 1669, -1651, 875, 3203, -924, -3114, 3018, -978, 1320, -1798, 1610, -2633, -2305, 651, 1619, -3532, 3444, -1190, 579, -569, -1736, -1683, 1771, -223, 2001, -2551, 2035, -1485, -1678, 614, 542, -4285, -3846, -2896, -2062, -2083, -1741, 5337, -551, 784, -1332, -1017, 3760, 2162, 439, 885, 4983, -2687, 3913, 2348, 1328, 1932, 2953, 3887, 46, 1608, 1282, 2260, -131, -757, 2065, -2058, -198, 2530, -1362, -2157, 2659, 2254, 701, 2355, 1389, 15, 1718, 3398, -1904, 1193, 247, 2945, 2287, 1160, -1309, 3852, 991, -24, 3686, 1693, 51, 64, 371, 616, 1502, 982, -930, 1972, 3793, 275, -1629, -694, 2939, 1304, 1523, -196, 3534, 845, 1775, 3465, 286, -267, -1194, -2, -539, -337, 1712, 2344};
