137 0 -1
247 3 -1
271 1 -1
274 2 -1
627 1 1
701 0 1
742 2 -1
849 3 -1
914 4 1
1010 1 1
1139 5 1
1172 8 -1
1220 7 -1
1231 6 -1
1298 0 1
1344 3 -1
1440 2 -1
1575 1 -1
1591 9 1
1634 0 -1
1643 4 1
1921 0 1
1922 1 -1
2010 5 -1
2031 3 -1
2107 11 1
2144 2 -1
2171 10 1
2246 6 1
2457 1 -1
2462 0 -1
2478 3 -1
2612 2 -1
2655 4 1
2800 0 -1
2902 5 -1
2940 3 1
3018 0 1
3018 1 -1
3122 6 -1
3338 2 1
3391 1 -1
3429 7 1
3429 0 -1
3569 9 1
3692 3 -1
3708 0 1
3723 4 1
3772 1 -1
3794 2 1
3875 5 1
3988 0 -1
4009 8 -1
4122 1 1
4154 3 1
4251 2 1
4299 12 -1
4469 4 1
4520 0 -1
4557 6 -1
4682 1 -1
4842 3 1
4848 7 1
4928 2 -1
4961 10 -1
5073 0 1
5130 4 -1
5138 13 1
5267 1 1
5337 5 1
5407 2 1
5525 6 -1
5530 3 1
5581 0 -1
5614 1 -1
5847 4 -1
5915 0 1
5992 3 -1
6119 2 1
6162 1 -1
6225 0 -1
6299 9 -1
6417 3 1
6525 1 1
6718 5 -1
6783 0 1
6820 2 1
6879 8 -1
6890 6 1
6895 4 -1
6896 1 1
6911 3 1
7081 7 -1
7135 0 1
7288 2 1
7376 0 1
7427 1 -1
7594 3 1
7696 5 1
7724 0 -1
7814 1 -1
7935 0 1
7968 4 -1
8013 2 1
8212 12 -1
8212 9 -1
8239 0 1
8282 3 1
8355 1 -1
8406 6 -1
8657 4 -1
8728 2 1
8750 3 -1
8772 0 -1
8899 1 -1
8922 8 -1
9147 5 1
9185 7 1
9185 2 1
9266 1 1
9325 0 -1
9346 10 1
9405 6 -1
9507 3 1
9620 1 -1
9709 4 -1
9851 0 -1
9881 2 1
9889 11 1
9975 3 -1
10015 1 1
10061 5 1
10195 6 -1
10343 0 1
10421 3 -1
10534 14 1
10559 1 1
10593 2 1
10636 7 -1
10691 0 -1
10781 4 1
10926 0 -1
11018 5 -1
11050 2 1
11109 3 -1
11114 1 -1
11136 9 -1
11168 6 -1
11304 0 -1
11485 1 1
11490 4 1
11507 2 1
11571 3 1
11912 0 -1
11985 2 -1
12039 1 1
12039 8 1
12082 15 -1
12219 0 1
12324 3 -1
12414 1 -1
12415 5 1
12485 0 -1
12498 4 -1
12587 6 -1
12697 2 -1
12782 1 -1
12829 7 1
12829 0 1
12936 3 -1
13108 0 -1
13232 10 1
13345 3 1
13365 1 1
13382 2 1
13441 5 1
13490 13 1
13545 0 -1
13627 4 1
13728 1 -1
13737 3 1
13858 2 -1
14038 9 -1
14065 6 -1
14081 0 1
14140 3 -1
14292 1 1
14346 0 -1
14352 4 1
14565 2 -1
14567 0 1
14769 5 1
14820 1 1
14833 12 1
14860 3 1
14887 8 1
15005 6 -1
15006 16 -1
15038 7 -1
15044 0 1
15048 2 -1
15211 1 -1
15312 4 1
15511 2 -1
15534 0 -1
15597 3 -1
15751 1 -1
15908 10 -1
15986 3 -1
16016 9 -1
16053 0 1
16102 4 -1
16177 5 1
16209 2 -1
16297 1 -1
16311 0 -1
16499 6 1
16537 7 1
16588 3 -1
16623 0 -1
16650 1 1
16685 2 1
16747 8 1
16803 4 1
16959 0 -1
17101 5 1
17190 3 -1
17208 1 -1
17273 0 -1
17376 2 -1
17435 6 -1
17623 3 1
17677 0 -1
17767 1 -1
17819 4 -1
17843 7 -1
17929 11 -1
17951 9 -1
18002 0 -1
18104 2 1
18154 1 -1
18244 0 -1
18311 3 1
18381 6 -1
18456 0 1
18512 4 -1
18512 1 1
18537 5 1
18563 2 1
18679 0 -1
18789 14 1
18863 1 -1
18999 3 1
19020 0 1
19020 2 1
19101 7 -1
19431 1 1
19466 3 -1
19498 2 -1
19644 0 -1
19657 4 -1
19714 8 -1
19757 9 1
19826 6 -1
19959 1 -1
19977 5 1
20004 10 -1
20017 0 -1
20176 2 1
20267 3 -1
20358 1 1
20366 0 1
20651 0 -1
20729 3 1
20778 6 -1
20842 4 -1
20885 2 1
20901 1 1
20917 0 -1
20966 5 -1
21197 3 -1
21229 7 1
21249 1 -1
21257 0 -1
21342 2 1
21511 4 1
21624 0 1
21636 1 -1
21638 8 1
21885 3 -1
21949 0 1
21971 17 1
22057 2 1
22160 1 1
22229 6 -1
22237 4 -1
22331 3 -1
22336 5 1
22391 0 -1
22531 1 -1
22627 9 1
22691 0 -1
22755 2 1
22761 10 -1
22954 4 -1
22965 0 -1
23087 1 -1
23115 3 -1
23218 2 1
23304 12 1
23422 7 -1
23537 0 -1
23572 6 1
23605 8 -1
23628 1 -1
23787 5 1
23833 3 -1
23965 2 -1
24002 4 -1
24018 1 1
24088 0 1
24239 3 1
24353 1 1
24518 6 1
24569 0 -1
24647 3 -1
24650 2 1
24701 5 1
24724 1 -1
24776 7 1
24809 13 -1
24876 0 -1
25037 3 -1
25104 2 1
25107 4 1
25136 0 -1
25302 1 -1
25487 0 -1
25529 6 1
25539 9 1
25674 5 -1
25679 10 1
25701 3 1
25717 0 -1
25808 2 1
25828 4 1
25842 1 -1
26034 11 -1
26133 0 1
26175 1 -1
26265 2 1
26442 3 -1
26485 6 1
26572 8 1
26582 5 -1
26716 0 1
26743 2 -1
26747 1 1
26824 7 1
26888 3 -1
26896 4 1
27044 14 1
27106 1 -1
27286 0 1
27453 9 1
27455 2 -1
27469 1 1
27549 4 -1
27576 3 -1
27686 0 -1
27850 6 -1
27912 0 -1
27931 2 1
28029 1 1
28038 3 1
28065 5 1
28162 7 -1
28245 0 1
28267 4 -1
28412 1 1
28485 8 -1
28528 3 -1
28624 2 -1
28786 0 -1
28850 12 1
28968 1 1
29060 0 1
29221 3 -1
29264 0 1
29269 6 -1
29323 2 -1
29327 4 1
29430 5 -1
29508 1 1
29597 7 -1
29629 3 1
29710 15 1
29780 2 -1
29871 1 1
29898 0 1
29936 10 -1
30065 4 1
30230 1 -1
30231 3 1
30233 0 -1
30258 2 1
30290 13 -1
30355 6 1
30430 5 1
30462 0 -1
30617 1 -1
30656 9 1
30745 2 1
30849 3 1
30884 0 1
31123 1 1
31133 4 -1
31191 0 1
31258 3 -1
31441 8 1
31443 2 1
31521 0 -1
31677 1 1
31688 6 -1
31758 7 -1
31801 5 -1
31860 3 -1
31871 0 1
32052 1 -1
32131 0 -1
32134 2 -1
32245 4 1
32419 10 1
32462 3 -1
32556 0 -1
32601 6 1
32612 1 1
32612 2 1
32677 9 1
32730 5 -1
32851 3 -1
32900 0 1
32983 4 1
33007 1 1
33104 0 1
33273 7 1
33322 2 1
33362 1 -1
33445 0 -1
33494 12 -1
33537 6 1
33580 3 1
33585 5 1
33709 17 1
33717 4 1
33722 0 1
33778 2 1
33880 11 -1
33930 1 -1
34055 0 1
34181 3 1
34257 2 -1
34317 1 1
34458 4 1
34493 8 -1
34536 9 1
34544 0 -1
34590 3 -1
34896 1 -1
34939 0 -1
34969 2 -1
34980 3 -1
35004 5 1
35031 6 -1
35141 0 -1
35192 7 -1
35385 3 1
35412 2 -1
35418 4 1
35428 1 -1
35485 0 1
35708 13 -1
35781 1 1
35845 0 1
35858 5 -1
35987 6 -1
36076 0 -1
36100 2 1
36107 1 1
36165 3 1
36417 0 1
36439 8 -1
36450 10 1
36466 4 1
36490 1 1
36752 0 -1
36799 3 -1
36804 16 -1
36815 2 1
36976 0 1
37046 1 1
37207 3 1
37211 4 -1
37226 0 -1
37288 2 -1
37304 7 -1
37363 5 1
37406 6 1
37471 9 1
37495 0 1
37586 1 1
37809 3 1
37897 0 -1
37976 2 1
37977 1 1
38008 11 -1
38202 3 1
38279 4 -1
38352 8 1
38478 0 1
38523 1 -1
38675 5 1
38680 2 1
38707 7 -1
38717 3 -1
38886 0 -1
38911 6 -1
38981 4 -1
39040 12 -1
39110 1 1
39156 0 1
39174 2 -1
39376 3 -1
39389 0 1
39491 1 1
39577 5 1
39596 0 -1
39685 6 -1
39728 9 -1
39731 4 -1
39782 3 1
39895 2 -1
39946 0 1
40061 7 1
40065 1 -1
40179 8 1
40290 0 -1
40384 3 1
40497 10 1
40534 5 -1
40580 2 1
40588 0 -1
40609 1 -1
40779 4 -1
40803 6 -1
40902 0 -1
40972 1 -1
41002 3 1
41034 2 1
41125 0 1
41364 0 1
41394 3 1
41416 7 1
41426 5 1
41472 4 1
41512 2 -1
41549 1 1
41682 0 1
41770 6 -1
41805 3 -1
41835 11 1
41883 1 -1
41988 2 1
41996 0 -1
42211 3 1
42262 1 -1
42379 0 -1
42617 4 -1
42700 2 1
42781 9 1
42794 1 -1
42813 3 1
42850 5 1
42936 0 -1
43103 8 -1
43161 1 -1
43221 10 1
43264 6 -1
43393 2 -1
43415 3 1
43512 14 1
43517 0 1
43657 7 -1
43683 12 -1
43705 4 1
43737 1 1
43839 3 -1
43842 0 1
43866 2 1
44066 0 -1
44275 5 1
44304 1 -1
44414 0 1
44441 3 -1
44471 4 1
44576 2 1
44632 1 -1
44742 0 -1
44780 6 1
45033 2 1
45043 3 -1
45049 0 -1
45055 1 -1
45188 4 -1
45258 5 -1
45288 0 1
45382 1 -1
45452 3 1
45506 2 -1
45616 0 -1
45769 6 1
45866 7 -1
45890 4 -1
45898 13 -1
45946 1 -1
45962 0 1
45984 8 -1
46070 3 1
46183 2 1
46285 9 1
46473 0 1
46511 1 1
46650 15 1
46650 2 1
46672 3 1
46677 5 -1
46844 0 1
46910 1 -1
46994 4 1
47080 3 -1
47121 0 -1
47123 7 -1
47263 6 -1
47327 2 -1
47383 0 -1
47409 1 -1
47510 10 -1
47553 11 1
47593 0 1
47693 3 -1
47780 1 -1
47940 8 1
48026 4 -1
48040 0 -1
48042 2 -1
48053 6 -1
48082 3 -1
48123 5 -1
48159 1 -1
48521 2 1
48550 0 -1
48585 3 -1
48628 9 1
48715 1 -1
48735 4 1
48921 0 1
48975 2 1
49047 5 -1
49106 1 -1
49122 6 1
49219 0 1
49268 3 1
49356 7 1
49437 2 1
49582 0 1
49660 3 1
49671 1 1
49735 4 -1
49829 0 -1
50146 2 1
50221 1 1
50240 12 -1
50243 0 1
50402 5 1
50449 4 -1
50488 3 -1
50525 7 1
50557 1 -1
50595 6 1
50756 8 1
50791 0 -1
50799 9 -1
50805 2 1
51082 1 -1
51106 4 -1
51154 3 1
51200 0 -1
51299 2 -1
51315 11 -1
51417 0 1
51568 3 -1
51659 6 -1
51678 1 -1
51681 0 -1
51901 5 -1
51947 0 -1
51976 7 1
51982 3 1
51995 2 1
52035 1 1
52121 4 -1
52154 10 -1
52288 0 1
52460 2 1
52543 3 -1
52593 1 -1
52639 0 -1
52691 8 -1
52766 4 -1
52868 5 1
52890 0 -1
52933 2 -1
53057 6 1
53163 1 1
53207 9 -1
53234 3 1
53341 0 -1
53558 0 -1
53581 1 -1
53618 2 1
53706 4 1
53820 0 1
53831 16 1
53907 1 -1
54032 7 1
54078 2 1
54153 3 -1
54196 0 1
54268 1 1
54336 5 1
54414 0 -1
54572 8 -1
54674 6 1
54734 2 1
54750 1 1
54755 3 1
54802 4 -1
54881 0 -1
55088 10 1
55241 0 1
55282 5 1
55306 1 -1
55354 7 -1
55357 3 1
55389 2 1
55451 4 -1
55503 0 -1
55540 6 -1
55677 1 -1
55755 0 -1
55765 3 -1
55851 2 1
56034 0 1
56088 19 -1
56174 9 1
56189 1 1
56287 5 1
56324 3 1
56330 2 -1
56496 0 -1
56523 1 -1
56571 4 1
56792 2 -1
56882 1 -1
56969 11 -1
57028 0 1
57066 3 1
57066 6 -1
57399 8 -1
57422 1 -1
57485 2 1
57523 7 1
57533 3 1
57594 0 -1
57644 4 1
57801 1 -1
57840 5 -1
57861 13 -1
57894 0 1
58135 3 1
58158 0 -1
58195 2 1
58347 1 1
58369 4 1
58555 0 1
58565 6 -1
58670 2 -1
58732 12 1
58743 3 1
58797 0 1
58850 5 -1
58920 1 -1
59012 9 1
59098 8 1
59124 0 -1
59151 3 -1
59244 1 -1
59358 2 1
59388 6 1
59471 0 1
59554 4 -1
59619 1 -1
59662 3 -1
59756 0 -1
59764 10 -1
59834 2 -1
59893 14 -1
59893 7 -1
59994 1 1
60081 3 1
60154 0 -1
60302 2 -1
60366 5 1
60481 0 -1
60538 1 1
60655 4 -1
60683 3 1
60754 0 -1
60839 6 -1
60839 9 -1
61003 2 -1
61110 0 1
61110 1 -1
61280 7 1
61285 3 1
61462 2 -1
61477 4 1
61493 1 -1
61629 0 1
61677 3 1
61914 0 1
61946 5 1
62062 1 1
62129 8 -1
62137 0 -1
62150 2 1
62174 4 -1
62311 3 -1
62483 6 1
62594 1 1
62634 7 -1
62688 11 -1
62704 0 -1
62774 3 1
62779 4 1
62854 2 1
62881 5 1
62964 1 1
63177 3 -1
63333 2 -1
63346 0 1
63505 15 -1
63529 1 -1
63634 6 1
63779 3 -1
63789 2 -1
63832 0 1
63883 4 -1
63967 5 1
63978 9 1
63988 10 -1
64054 0 -1
64061 7 -1
64069 1 -1
64187 3 1
64235 12 -1
64268 2 1
64278 0 1
64416 1 1
64762 6 -1
64797 0 -1
64939 3 -1
64956 5 -1
64966 8 -1
64972 1 1
64977 2 1
64980 4 1
65128 0 1
65335 1 -1
65372 0 1
65627 3 -1
65665 4 -1
65692 0 1
65709 1 -1
65711 2 1
65837 6 1
65918 0 1
66090 3 1
66139 0 -1
66170 2 1
66213 7 -1
66256 9 1
66266 1 -1
66428 5 1
66549 3 -1
66633 1 1
66641 0 -1
66772 11 -1
66782 4 1
66872 2 1
66912 8 1
66979 0 -1
66987 10 1
67003 3 -1
67197 0 1
67199 1 -1
67460 6 1
67487 4 -1
67557 2 -1
67637 3 -1
67640 0 1
67749 1 -1
67793 5 -1
67894 0 1
68011 2 -1
68104 1 -1
68123 0 -1
68188 4 1
68299 9 -1
68331 3 -1
68342 12 1
68471 1 1
68487 7 1
68487 0 -1
68718 2 1
68720 3 -1
68750 6 -1
68758 0 1
68771 5 1
68813 1 -1
68858 8 -1
69083 13 1
69255 0 -1
69277 4 -1
69320 3 -1
69418 1 -1
69427 2 1
69739 3 1
69760 6 -1
69884 0 -1
69884 2 1
69889 7 -1
69890 10 1
69990 4 -1
69990 1 1
70158 5 -1
70166 0 1
70201 3 -1
70333 1 -1
70456 0 -1
70612 2 -1
70663 11 1
70851 0 1
70878 8 -1
70885 1 -1
70889 3 -1
71075 2 -1
71091 4 1
71111 0 -1
71120 5 1
71302 1 1
71335 3 -1
71340 6 1
71515 0 1
71518 2 -1
71659 1 -1
71867 9 -1
72023 3 -1
72034 5 1
72066 0 1
72102 4 -1
72147 7 -1
72179 1 -1
72233 2 -1
72325 0 -1
72526 1 1
72562 0 -1
72566 6 1
72630 10 1
72690 2 -1
72783 4 1
72840 3 1
72878 12 1
72910 0 1
73092 1 -1
73132 0 -1
73307 3 -1
73396 2 -1
73453 7 1
73480 0 -1
73522 5 -1
73525 4 1
73609 8 1
73651 6 -1
73670 1 1
73867 0 1
73867 9 -1
73995 3 -1
74077 1 -1
74092 2 1
74111 0 1
74186 4 1
74337 0 -1
74428 1 1
74452 5 -1
74501 13 1
74554 11 -1
74568 2 -1
74584 0 -1
74683 3 -1
74763 1 1
74904 7 1
74982 0 1
75044 2 1
75199 6 -1
75248 3 1
75266 4 -1
75301 1 1
75340 0 -1
75457 18 1
75500 2 1
75647 0 -1
75807 5 1
75844 14 1
75859 1 1
75973 3 -1
76084 0 -1
76210 2 1
76214 1 -1
76427 4 1
76430 6 -1
76446 12 -1
76489 8 1
76640 0 1
76661 3 -1
76782 1 1
76898 2 -1
76968 0 1
77000 7 1
77000 10 1
77107 3 -1
77113 9 -1
77153 4 1
77155 1 1
77218 0 -1
77268 5 1
77373 2 1
77502 1 -1
77602 0 1
77612 3 -1
77736 6 1
77948 0 -1
78048 1 -1
78085 3 1
78094 2 1
78155 5 -1
78174 0 -1
78233 4 1
78388 1 1
78403 0 1
78558 2 1
78564 7 -1
78564 8 1
78624 0 -1
78832 3 -1
78955 1 -1
78972 0 1
79031 2 -1
79123 6 1
79176 5 -1
79305 4 1
79335 0 1
79519 1 -1
79520 3 -1
79550 0 -1
79719 2 1
79896 1 -1
79907 0 -1
79918 13 1
79966 3 -1
80058 9 -1
80067 4 -1
80112 6 -1
80120 0 1
80165 5 1
80198 2 -1
80277 1 -1
80343 0 -1
80402 11 1
80644 3 1
80662 1 -1
80683 0 -1
80692 7 1
80875 15 -1
80888 0 1
80912 2 -1
81111 4 -1
81143 3 1
81197 6 -1
81204 1 -1
81238 0 -1
81337 10 -1
81509 5 -1
81520 8 -1
81595 2 1
81596 0 -1
81606 3 -1
81752 1 -1
81818 0 1
82060 0 1
82071 2 -1
82131 1 -1
82218 6 -1
82240 4 1
82272 0 -1
82294 3 -1
82546 2 1
82619 0 1
82659 9 1
82677 1 -1
82740 3 -1
82772 7 1
82949 5 -1
82960 0 -1
83014 2 1
83026 1 1
83038 4 -1
83248 0 1
83385 1 -1
83428 3 -1
83433 8 1
83580 0 -1
83713 2 1
83798 5 1
83799 14 -1
83799 6 1
83828 0 -1
83884 16 -1
83921 1 -1
84113 0 -1
84146 4 -1
84185 3 -1
84223 7 1
84308 1 -1
84336 10 1
84427 2 1
84443 12 -1
84470 0 1
84701 3 -1
84793 0 -1
84860 4 -1
84868 1 -1
84876 2 1
85147 3 -1
85172 0 1
85346 5 -1
85404 1 -1
85411 6 1
85529 8 1
85565 4 -1
85567 0 1
85583 2 1
85594 7 1
85604 9 1
85610 3 1
85749 1 1
85803 0 -1
86026 0 -1
86058 2 -1
86228 6 -1
86233 5 -1
86298 3 1
86303 1 1
86357 0 -1
86518 2 -1
86521 4 -1
86789 0 -1
86811 1 -1
86892 7 -1
86994 3 -1
87163 5 -1
87171 0 -1
87176 1 1
87246 4 -1
87260 2 1
87399 3 1
87510 0 -1
87717 2 1
87756 1 -1
87859 0 -1
87937 6 -1
87969 11 -1
88001 3 1
88077 0 1
88206 8 1
88281 0 1
88312 1 -1
88359 4 1
88410 3 -1
88431 2 1
88528 5 1
88560 10 -1
88697 1 -1
88799 3 -1
88829 0 -1
88856 6 -1
89055 9 -1
89068 1 -1
89130 2 1
89237 7 1
89391 4 1
89420 0 1
89451 1 -1
89506 3 -1
89506 5 -1
89619 2 -1
89772 0 -1
89802 6 -1
89896 3 -1
89985 0 1
90003 1 -1
90033 8 1
90092 2 1
90164 4 1
90281 0 -1
90498 3 -1
90531 1 -1
90560 2 1
90595 0 -1
90850 14 -1
90854 1 -1
90858 4 -1
90936 5 -1
91066 0 1
91102 3 -1
91162 9 1
91172 13 1
91264 2 1
91384 1 -1
91441 0 -1
91452 6 -1
91463 10 -1
91495 7 -1
91516 3 1
91559 4 1
91745 1 1
91753 0 -1
91962 2 -1
92048 3 1
92067 1 1
92161 0 1
92322 5 1
92379 2 1
92516 3 -1
92559 4 1
92570 6 1
92652 1 1
92709 0 1
92752 8 -1
92996 1 -1
93069 2 -1
93104 0 -1
93172 7 -1
93215 3 -1
93215 5 1
93327 0 -1
93542 2 1
93575 1 1
93583 4 -1
93722 0 -1
93838 9 -1
93902 3 -1
93988 12 -1
94005 2 1
94031 31 -1
94042 10 -1
94115 1 1
94139 5 1
94246 6 1
94316 4 -1
94330 0 1
94418 3 -1
94490 1 1
94601 0 1
94709 2 1
94861 1 1
94910 0 1
95106 3 -1
95139 5 -1
95166 2 1
95221 1 -1
95268 7 -1
95445 4 -1
95469 0 1
95558 8 -1
95601 11 -1
95622 3 -1
95747 1 1
95840 2 -1
96031 6 -1
96036 0 1
96052 15 -1
96149 3 -1
96162 4 -1
96291 1 1
96387 0 -1
96525 5 1
96560 2 -1
96617 0 -1
96640 1 -1
96783 4 1
96931 0 -1
96934 3 -1
96944 6 1
97012 2 -1
97170 1 1
97202 0 1
97321 9 1
97385 8 -1
97439 3 -1
97505 1 -1
97557 7 -1
97571 0 1
97675 2 -1
97880 1 -1
97928 4 1
98030 6 -1
98057 3 -1
98057 5 -1
98170 0 -1
98299 10 1
98388 2 -1
98404 1 1
98500 0 1
98593 4 -1
98667 3 -1
98713 0 1
98791 1 1
98860 2 1
98968 0 -1
98976 7 -1
98987 5 -1
99078 3 1
99116 6 1
99231 0 1
99234 9 1
99288 8 1
99319 1 1
99470 3 1
99492 11 1
99551 2 -1
99613 4 1
99672 0 -1
99931 1 -1
99943 3 1
100177 0 -1
100215 2 -1
100276 1 1
100481 5 1
100661 2 -1
100669 1 1
100677 4 1
100713 0 -1
100750 3 -1
100868 6 1
101026 1 -1
101056 7 1
101158 2 1
101241 0 1
101334 4 1
101341 8 -1
101432 5 -1
101470 9 -1
101507 10 -1
101558 1 1
101572 2 -1
101588 3 -1
101838 0 1
101988 3 -1
102152 1 1
102217 0 -1
102354 2 1
102426 5 1
102442 4 -1
102493 1 -1
102523 0 -1
102674 6 1
102859 0 -1
102894 3 1
103023 1 1
103034 2 1
103077 0 1
103104 7 1
103136 13 1
103275 11 1
103340 0 1
103356 1 -1
103370 4 -1
103517 2 1
103534 9 1
103720 1 1
103759 3 1
103845 5 -1
103867 6 -1
103894 0 -1
103920 12 1
104019 4 -1
104205 2 -1
104277 1 -1
104286 8 1
104294 0 -1
104410 3 -1
104555 7 1
104555 10 1
104563 0 1
104643 2 -1
104651 1 -1
104770 5 -1
104845 16 1
104990 4 -1
105044 0 1
105076 2 -1
105180 1 -1
105345 3 -1
105369 0 -1
105608 6 1
105674 0 -1
105696 1 1
105726 14 1
105828 2 1
106070 4 1
106070 1 1
106148 0 1
106248 3 1
106258 5 1
106291 2 1
106419 1 -1
106554 7 -1
106764 1 -1
106766 0 1
106796 4 1
106930 8 1
106930 9 -1
106936 3 1
106957 6 1
106995 2 1
107300 1 -1
107470 0 1
107570 4 1
107586 5 1
107672 2 1
107696 0 -1
107755 7 -1
107758 3 -1
107790 6 -1
107833 12 1
107852 1 -1
107957 0 1
108075 2 1
108150 10 1
108185 1 1
108325 0 -1
108348 4 1
108392 11 1
108446 3 -1
108526 5 -1
108548 2 1
108587 0 -1
108747 1 1
108768 8 1
109018 2 1
109048 0 1
109102 7 1
109123 3 -1
109299 1 1
109360 6 1
109376 4 1
109432 0 1
109670 1 1
109674 0 -1
109685 2 1
109956 5 -1
110015 3 1
110053 0 -1
110202 1 -1
110241 9 -1
110335 10 -1
110359 4 1
110370 2 -1
110394 0 -1
110440 6 -1
110555 3 1
110644 0 -1
110706 1 1
110816 2 -1
110972 15 -1
111057 4 -1
111077 7 -1
111097 1 -1
111106 0 1
111294 5 -1
111437 0 -1
111499 8 -1
111512 2 1
111547 3 -1
111574 12 1
111657 1 1
111714 0 -1
111939 4 -1
111969 0 -1
111998 1 1
112017 2 1
112197 11 1
112272 5 1
112283 9 -1
112286 0 1
112294 6 -1
112315 3 -1
112326 7 1
112334 1 1
112342 10 -1
112488 2 1
112619 0 -1
112705 4 -1
112806 1 1
112977 0 -1
113003 3 -1
113133 2 1
113191 1 1
113267 0 1
113394 4 -1
113401 8 -1
113476 3 -1
113546 2 1
113595 6 -1
113648 5 -1
113670 0 -1
113693 1 -1
113984 0 -1
114078 3 -1
114191 1 1
114245 2 -1
114283 0 -1
114374 4 -1
114487 7 -1
114513 1 -1
114519 9 -1
114688 0 1
114788 6 -1
114809 1 1
114909 2 -1
114928 0 1
114960 8 -1
114979 4 1
115003 5 1
115056 3 1
115136 1 1
115180 10 1
115317 0 1
115508 2 1
115624 1 1
115809 6 -1
115873 3 -1
115906 5 -1
115965 2 1
115968 0 -1
116067 4 1
116067 13 1
116109 1 1
116247 0 1
116303 9 -1
116357 3 -1
116395 2 -1
116462 1 -1
116481 0 -1
116663 7 1
116712 12 -1
116809 5 -1
116819 6 -1
116952 1 -1
117045 8 1
117088 2 -1
117095 4 1
117101 3 -1
117110 0 1
117244 1 1
117335 11 1
117435 0 1
117566 3 1
117587 1 -1
117679 5 1
117703 0 1
117776 4 -1
117787 2 1
118086 1 1
118125 3 1
118136 0 1
118152 9 1
118225 2 -1
118281 6 1
118281 15 1
118332 7 1
118397 1 -1
118402 0 -1
118429 4 -1
118453 8 1
118461 10 1
118673 0 -1
118813 3 -1
118899 1 1
118907 2 1
119033 4 -1
119039 5 1
119254 0 1
119273 3 1
119367 2 -1
119453 1 -1
119695 7 1
119791 1 -1
119818 6 1
119850 14 1
119888 2 -1
119891 0 -1
119958 3 1
120102 4 -1
120186 1 1
120356 5 1
120509 0 -1
120565 8 1
120569 1 1
120571 2 -1
120743 0 1
120850 6 -1
120866 3 -1
120968 9 1
121036 0 1
121085 1 -1
121103 2 -1
121210 4 1
121275 7 1
121296 5 1
121372 10 1
121447 3 -1
121549 12 -1
121595 1 1
121613 0 1
121732 2 1
121895 4 -1
121972 1 1
122022 3 1
122131 0 -1
122366 2 -1
122476 0 1
122480 1 -1
122484 6 1
122624 11 1
122624 9 1
122640 3 -1
122667 5 -1
122731 8 1
122747 0 -1
122790 2 1
122825 1 1
123020 4 1
123027 0 1
123189 1 -1
123228 2 -1
123266 0 -1
123290 7 1
123424 3 1
123623 5 1
123669 2 1
123742 0 1
123752 1 1
123758 4 1
123935 10 1
124068 1 1
124129 6 -1
124150 8 1
124319 0 -1
124343 3 1
124378 4 -1
124389 2 -1
124499 5 -1
124564 1 1
124892 3 -1
124908 0 1
124924 9 1
124980 2 -1
125104 1 1
125212 0 1
125300 11 -1
125354 6 1
125397 2 1
125499 7 -1
125502 0 1
125515 1 -1
125531 4 1
125537 3 -1
125890 1 1
125951 10 -1
126021 18 -1
126047 0 -1
126085 5 -1
126101 3 -1
126101 2 1
126192 12 1
126253 1 1
126265 4 1
126399 0 1
126515 8 1
126547 3 -1
126673 0 1
126708 1 -1
126757 2 1
126966 17 1
127009 5 -1
127074 6 -1
127136 0 1
127144 2 1
127228 4 -1
127232 7 1
127236 1 -1
127262 3 -1
127267 9 1
127482 0 1
127585 1 1
127686 3 -1
127762 0 1
127789 2 -1
127966 10 -1
128063 13 -1
128075 1 1
128099 4 1
128299 0 -1
128364 5 -1
128468 1 -1
128541 2 1
128654 3 -1
128761 6 1
128772 16 1
128794 1 -1
128818 0 -1
128853 4 1
128944 15 -1
128955 8 -1
128966 2 -1
129052 9 1
129070 7 -1
129268 1 -1
129366 0 -1
129530 4 -1
129541 3 1
129586 1 -1
129610 0 -1
129624 2 -1
129653 6 -1
129696 5 -1
129756 10 1
129952 0 -1
129976 11 1
130073 3 1
130105 2 -1
130127 1 1
130255 19 1
130255 4 -1
130296 7 -1
130343 0 -1
130347 8 -1
130363 9 -1
130535 2 1
130540 5 1
130575 0 1
130578 12 -1
130613 3 -1
130662 1 1
130967 0 1
130969 1 1
131078 3 1
131196 2 -1
131384 9 1
131405 5 -1
131416 10 1
131459 6 -1
131485 4 -1
131485 1 -1
131529 0 1
131615 2 1
131795 7 1
131822 0 1
131841 3 -1
132009 1 1
132039 11 1
132042 0 -1
132126 22 -1
132147 8 1
132244 5 1
132343 1 -1
132357 2 1
132412 0 -1
132453 6 -1
132464 4 -1
132664 0 -1
132674 3 -1
132749 18 1
132839 1 1
133013 2 -1
133055 0 -1
133061 4 1
133330 3 -1
133372 5 -1
133391 1 1
133464 2 -1
133469 6 -1
133480 10 1
133671 0 1
133738 7 -1
133754 1 1
133872 2 -1
133895 0 -1
134095 3 -1
134125 4 -1
134141 1 1
134189 20 -1
134238 0 -1
134286 2 1
134484 1 -1
134587 8 -1
134754 3 1
134754 4 -1
134791 9 1
134823 5 1
134834 14 1
134845 0 1
134856 6 1
134899 12 1
134915 2 -1
134920 11 1
134957 1 -1
135012 7 -1
135194 3 -1
135307 21 1
135382 19 1
135399 0 1
135503 1 -1
135544 4 -1
135549 2 -1
135802 5 1
135834 3 -1
135858 1 -1
135979 0 -1
136006 2 1
136038 8 -1
136253 23 1
136267 0 -1
136269 16 -1
136318 6 -1
136318 17 -1
136355 3 -1
136410 1 1
136468 18 -1
136471 4 -1
136565 0 -1
136656 10 1
136662 2 -1
136721 1 1
137102 5 1
137102 0 1
137110 1 -1
137126 2 -1
137140 20 -1
137172 3 1
137180 4 -1
137253 19 -1
137349 9 -1
137457 21 -1
137478 22 -1
137479 7 1
137479 0 1
137548 2 -1
137624 1 1
137629 24 -1
137731 0 1
137779 15 1
137833 26 -1
137908 1 -1
137941 8 1
138010 3 -1
138016 5 1
138147 0 -1
138198 2 1
138220 16 1
138236 4 -1
138417 1 1
138435 0 1
138467 18 1
138542 6 -1
138577 3 1
138620 2 -1
138644 0 -1
138897 5 -1
138921 1 -1
138929 8 -1
138940 9 -1
138994 13 -1
139026 17 -1
139112 12 -1
139203 0 -1
139210 2 -1
139219 14 -1
139252 4 1
139276 1 1
139295 3 -1
139316 20 1
139370 21 1
139381 23 1
139647 1 1
139679 7 -1
139757 0 -1
139848 2 1
139864 19 -1
139929 4 1
139997 1 -1
140112 6 1
140198 3 -1
140214 5 -1
140292 0 -1
140340 2 -1
140461 1 1
140477 10 1
140505 0 -1
140562 4 1
140574 18 1
140692 3 -1
140703 8 1
140735 0 1
140896 9 -1
140929 1 1
141031 2 -1
141058 17 1
141079 0 1
141106 7 1
141262 11 1
141275 1 1
141283 15 1
141332 0 1
141353 5 1
141364 22 1
141401 6 1
141412 4 1
141428 25 1
141455 24 1
141520 27 1
141541 3 1
141681 2 -1
141740 0 -1
141771 1 -1
141842 31 1
141928 19 1
142014 28 1
142046 2 1
142191 3 1
142261 1 1
142318 0 1
142379 23 1
142508 9 -1
142524 4 -1
142541 8 1
142562 6 1
142581 1 -1
142594 0 -1
142659 18 -1
142670 3 -1
142694 2 1
142718 7 1
142723 5 1
142885 0 -1
142960 25 1
143057 10 -1
143101 1 -1
143167 3 -1
143186 16 -1
143218 26 1
143288 0 1
143304 21 -1
143355 20 -1
143401 2 -1
143548 0 1
143572 1 -1
143691 14 -1
143774 22 -1
143814 4 1
143857 2 -1
143863 19 -1
143930 0 1
143959 21 -1
144000 1 1
144024 20 -1
144035 24 -1
144064 17 -1
144078 12 -1
144099 8 1
144164 18 -1
144233 6 -1
144276 3 -1
144290 22 -1
144306 23 -1
144314 27 -1
144378 30 -1
144411 29 -1
144556 2 1
144602 0 -1
144685 21 -1
144697 1 -1
144757 23 -1
144851 31 -1
144916 24 -1
144943 13 1
144959 25 -1
144980 15 1
145031 22 -1
145032 1 -1
145058 2 -1
145120 16 1
145128 7 1
145152 4 1
145209 19 1
145222 5 1
145227 3 -1
145238 18 1
145295 0 -1
145313 20 1
145366 17 1
145412 1 -1
145426 26 -1
145575 19 1
145579 16 1
145636 14 1
145673 0 -1
145690 9 -1
145704 20 1
145738 18 1
145741 17 1
145802 21 1
145853 19 1
145972 0 -1
145982 20 1
145994 22 1
146003 1 1
146033 24 1
146098 2 -1
146101 21 1
146103 23 1
146160 19 1
146227 11 -1
146345 22 1
146356 28 1
146369 1 -1
146377 0 -1
146388 21 1
146399 15 -1
146442 10 -1
146446 20 1
146538 13 -1
146641 2 1
146684 17 -1
146711 18 -1
146727 0 -1
146764 21 1
146786 3 1
146804 4 1
146821 23 1
146877 1 -1
146933 22 1
146934 16 -1
146958 25 1
147006 0 1
147111 2 1
147183 17 -1
147184 18 -1
147194 27 1
147207 19 -1
147226 6 -1
147240 0 -1
147269 24 1
147291 3 1
147377 20 -1
147409 1 -1
147420 5 1
147430 12 1
147492 0 -1
147522 23 1
147538 26 1
147688 14 1
147753 15 1
147788 1 -1
147801 2 -1
147804 4 -1
147995 0 1
148011 3 -1
148021 19 -1
148187 1 -1
148188 2 -1
148269 5 -1
148344 20 -1
148376 0 1
148376 8 1
148419 24 1
148441 25 1
148451 18 1
148462 30 1
148505 7 1
148525 1 1
148548 21 -1
148553 3 -1
148607 2 -1
148610 4 -1
148619 0 -1
148935 28 1
148989 29 1
149029 0 1
149043 6 -1
149064 3 -1
149102 1 1
149118 17 -1
149198 16 -1
149204 9 1
149236 27 1
149252 5 1
149303 2 -1
149311 22 -1
149349 0 -1
149386 15 -1
149429 11 -1
149597 1 -1
149601 19 -1
149639 0 -1
149709 18 -1
149811 13 -1
149827 16 -1
149910 1 1
149916 17 -1
149924 23 -1
149978 24 -1
149994 21 -1
150069 18 -1
150121 22 -1
150141 20 -1
150182 2 -1
150198 19 -1
150338 0 1
150364 21 -1
150397 14 1
150408 26 -1
150440 31 -1
150440 10 1
150461 15 1
150520 25 -1
150544 23 -1
150585 20 -1
150601 1 1
150665 4 1
150665 22 -1
150730 17 1
150805 9 -1
150816 24 -1
150891 12 1
150891 8 1
150902 0 -1
150907 16 1
150935 1 1
150947 19 1
150961 2 -1
150971 3 -1
150988 13 1
150993 18 1
151028 23 -1
151181 15 1
151201 17 1
151278 19 1
151299 11 1
151310 1 1
151334 20 1
151375 18 1
151407 21 1
151477 0 1
151552 17 1
151600 22 1
151616 20 1
151665 14 -1
151673 19 1
151675 2 -1
151686 6 -1
151686 18 1
151705 0 -1
151729 16 -1
151761 21 1
151901 3 1
151931 1 -1
151960 0 -1
152035 13 -1
152056 10 -1
152124 16 -1
152137 12 -1
152153 15 -1
152156 17 -1
152159 5 1
152186 14 -1
152223 21 1
152245 22 1
152283 2 1
152293 18 -1
152329 19 -1
152470 20 -1
152479 1 -1
152516 18 -1
152523 17 -1
152524 24 -1
152556 15 -1
152567 16 -1
152712 19 -1
152718 11 1
152728 27 -1
152737 25 -1
152742 0 -1
152833 17 -1
152841 26 -1
152863 18 -1
152946 20 -1
152970 29 -1
153040 28 -1
153045 14 1
153051 3 -1
153059 23 -1
153105 31 -1
153139 19 -1
153180 22 -1
153201 8 1
153212 7 1
153220 2 1
153232 16 1
153233 21 -1
153280 13 1
153333 0 -1
153389 25 -1
153421 15 1
153446 1 -1
153448 14 1
153478 16 1
153486 17 1
153491 12 1
153491 9 1
153542 20 1
153556 18 1
153577 24 -1
153683 19 1
153690 15 1
153696 26 -1
153733 18 1
153752 17 1
153792 13 1
153808 16 1
153881 19 1
153937 17 1
153943 21 1
153972 18 1
153986 23 1
154014 20 1
154046 19 1
154106 22 1
154141 18 1
154195 17 1
154203 20 1
154300 19 1
154311 21 1
154312 23 1
154340 10 -1
154356 16 -1
154383 18 1
154401 20 1
154421 4 -1
154437 15 -1
154437 30 1
154469 22 1
154496 24 1
154501 14 -1
154528 11 -1
154566 0 -1
154609 27 1
154641 12 -1
154646 25 1
154695 21 1
154705 3 1
154727 23 1
154735 22 1
154739 17 -1
154845 24 1
154848 16 -1
154872 0 -1
154880 1 1
154909 31 1
154926 15 -1
154928 19 -1
154952 29 1
154998 18 -1
155001 13 -1
155022 2 -1
155033 20 -1
155037 17 -1
155097 23 1
155114 14 -1
155146 26 1
155165 18 -1
155182 16 -1
155186 19 -1
155264 15 -1
155307 17 -1
155339 6 1
155361 21 -1
155375 20 -1
155396 18 -1
155440 19 -1
155522 0 1
155537 17 -1
155601 19 -1
155662 12 1
155683 21 -1
155686 20 -1
155686 18 -1
155710 22 -1
155758 16 1
155786 19 -1
155872 0 -1
155912 3 1
155921 1 -1
155944 21 -1
155946 14 1
156030 2 1
156032 20 -1
156117 22 -1
156145 16 1
156183 15 1
156210 9 -1
156244 17 1
156264 18 1
156274 13 1
156276 4 1
156285 28 -1
156349 11 1
156415 16 1
156463 17 1
156481 0 -1
156492 18 1
156500 10 1
156516 19 1
156543 21 -1
156650 3 1
156704 18 1
156717 17 1
156736 8 1
156749 20 1
156779 24 1
156786 19 1
156838 25 1
156895 1 -1
156975 0 1
157018 2 1
157101 27 1
157120 20 1
157134 18 1
157181 19 1
157252 0 -1
157290 23 1
157338 22 1
157359 14 -1
157370 15 -1
157392 5 -1
157403 16 -1
157459 1 1
157561 0 -1
157572 20 1
157664 17 -1
157666 3 1
157730 2 -1
157746 12 -1
157793 4 -1
157811 9 1
157834 1 1
157870 7 -1
157918 13 -1
157983 25 1
158004 8 1
158010 18 -1
158085 0 1
158096 17 -1
158144 2 -1
158200 19 -1
158208 10 -1
158241 3 1
158251 6 1
158305 26 1
158348 11 1
158362 1 1
158391 18 -1
158434 21 -1
158439 0 -1
158583 4 -1
158587 19 -1
158668 1 1
158719 0 1
158778 2 -1
158781 20 -1
158805 7 1
158875 9 1
158939 24 -1
159087 19 -1
159087 23 -1
159122 15 -1
159135 1 1
159143 22 -1
159178 0 -1
159197 21 -1
159407 0 1
159498 29 -1
159498 24 -1
159552 28 -1
159552 8 -1
159562 25 -1
159578 20 -1
159595 23 -1
159638 2 -1
159682 0 1
159699 22 -1
159708 1 1
159724 10 1
159750 6 -1
159756 4 1
159820 16 1
159842 5 -1
159949 3 -1
159982 12 1
160011 2 1
160034 1 -1
160035 9 1
160073 14 1
160076 0 1
160078 13 1
160078 7 1
160079 26 -1
160116 18 1
160135 19 1
160196 27 -1
160231 17 1
160272 23 -1
160308 16 1
160336 25 -1
160390 24 -1
160409 0 1
160441 20 1
160476 21 1
160594 1 -1
160618 19 1
160659 18 1
160828 0 -1
160855 2 1
160863 15 -1
160904 20 1
160973 22 1
161062 21 1
161078 11 -1
161102 10 -1
161126 17 -1
161147 14 -1
161156 3 -1
161203 1 1
161255 13 -1
161307 16 -1
161346 5 1
161352 23 1
161379 8 -1
161384 18 -1
161411 0 1
161416 19 -1
161505 17 -1
161572 2 1
161604 15 -1
161609 20 -1
161646 16 -1
161747 1 -1
161775 17 -1
161787 19 -1
161792 0 1
161814 18 -1
161884 21 -1
162033 20 -1
162034 3 1
162077 4 1
162088 30 -1
162110 9 1
162119 1 -1
162171 0 1
162190 19 -1
162238 12 1
162303 31 -1
162335 22 -1
162335 2 1
162401 1 1
162407 16 1
162496 17 1
162528 15 1
162539 14 1
162571 18 1
162582 28 -1
162614 11 1
162625 20 -1
162636 21 -1
162716 0 -1
162770 2 -1
162859 19 1
162899 13 1
162926 3 1
162935 1 1
162969 18 1
162996 16 1
163000 17 1
163109 26 -1
163181 19 1
163216 8 1
163230 0 1
163291 15 1
163307 18 1
163334 20 1
163345 24 1
163367 25 1
163399 22 1
163407 16 1
163423 17 1
163471 23 1
163516 19 1
163539 18 1
163549 5 -1
163641 21 1
163701 20 1
163749 19 1
163807 14 -1
163855 24 1
163907 0 1
163933 2 1
163947 21 1
163947 22 1
163957 27 1
163958 6 -1
163979 10 -1
164060 23 1
164144 17 -1
164164 20 1
164183 18 -1
164209 1 1
164237 12 -1
164264 24 1
164269 0 -1
164291 11 -1
164318 26 1
164366 29 1
164374 25 1
164377 15 -1
164390 16 -1
164409 31 1
164484 14 -1
164495 13 -1
164511 23 1
164511 0 -1
164579 19 -1
164597 2 1
164604 17 -1
164645 18 -1
164667 28 1
164706 1 -1
164806 24 1
164849 20 -1
164863 18 -1
164882 17 -1
164888 0 -1
164942 19 -1
164946 15 -1
164951 21 -1
164978 16 -1
164994 22 -1
165029 1 1
165151 19 -1
165212 20 -1
165236 18 -1
165285 21 -1
165397 17 -1
165414 22 -1
165489 0 -1
165514 19 -1
165514 1 -1
165550 21 -1
165554 20 -1
165744 23 -1
165752 25 -1
165790 2 1
165790 9 1
165838 12 1
165849 27 -1
165873 0 1
165897 20 -1
165897 3 1
165905 1 -1
165913 30 -1
165913 7 -1
165921 13 1
165929 22 -1
165937 16 1
165956 5 -1
166015 15 1
166042 14 1
166053 21 -1
166066 4 1
166069 0 -1
166074 26 -1
166117 18 1
166195 17 1
166246 2 1
166305 8 1
166332 23 -1
166336 19 1
166359 0 1
166359 18 1
166461 17 1
166465 16 1
166472 15 1
166558 19 1
166571 18 1
166691 20 1
166789 21 1
166794 18 1
166850 19 1
166859 14 1
166999 24 1
167009 20 1
167017 22 1
167042 17 1
167184 21 1
167190 19 1
167219 20 1
167267 23 1
167289 31 1
167299 9 -1
167352 22 1
167364 10 -1
167385 11 -1
167396 12 -1
167408 1 1
167436 0 1
167473 20 1
167477 25 1
167579 21 1
167579 18 -1
167611 8 1
167614 16 -1
167662 13 -1
167710 22 1
167724 0 -1
167729 6 -1
167751 15 -1
167759 26 1
167807 19 -1
167810 14 -1
167826 28 1
167837 24 1
167880 17 -1
167890 27 1
167900 1 1
167936 16 -1
167971 2 -1
168003 18 -1
168041 3 -1
168073 29 1
168097 19 -1
168117 17 -1
168129 20 -1
168199 18 -1
168234 12 -1
168234 25 1
168286 19 -1
168288 21 -1
168325 15 -1
168331 23 -1
168347 13 -1
168347 17 -1
168399 16 -1
168470 20 -1
168471 18 -1
168508 22 -1
168528 19 -1
168591 21 -1
168629 17 -1
168677 18 -1
168726 20 -1
168774 19 -1
168782 10 1
168804 21 -1
168825 24 -1
168830 23 -1
168846 11 1
168863 0 1
168889 20 -1
168943 22 -1
168979 19 -1
169008 14 1
169048 26 -1
169051 18 -1
169099 21 -1
169137 25 -1
169158 5 1
169173 20 -1
169217 7 1
169266 15 1
169266 23 -1
169306 22 -1
169330 9 1
169362 24 -1
169374 16 1
169415 13 1
169447 1 -1
169451 0 -1
169451 2 1
169470 21 -1
169483 17 1
169523 14 1
169556 8 1
169628 16 1
169655 18 1
169656 19 1
169668 22 -1
169695 12 1
169701 15 1
169709 20 1
169717 4 -1
169770 24 -1
169773 17 1
169796 0 1
169819 18 1
169850 19 1
169854 16 1
169856 6 1
169867 27 -1
169910 23 -1
169926 25 -1
169953 30 -1
169971 17 1
170013 19 1
170015 20 1
170023 0 -1
170061 18 1
170146 21 1
170147 9 1
170208 7 -1
170236 19 1
170265 16 1
170297 20 1
170345 10 -1
170356 18 1
170394 15 -1
170402 19 1
170470 20 1
170484 1 1
170528 21 1
170544 11 -1
170576 14 -1
170603 2 1
170623 22 1
170623 17 -1
170635 13 -1
170791 15 -1
170813 21 1
170823 0 -1
170825 1 1
170861 20 1
170861 23 1
170880 18 -1
170893 16 -1
170994 17 -1
171046 19 -1
171071 8 -1
171076 3 -1
171167 12 -1
171167 14 -1
171179 17 -1
171183 18 -1
171199 13 -1
171240 16 -1
171264 15 -1
171296 26 -1
171371 19 -1
171377 22 -1
171420 18 -1
171436 24 -1
171457 31 -1
171478 17 -1
171479 28 -1
171479 21 -1
171534 19 -1
171554 29 -1
171558 20 -1
171565 9 1
171586 10 1
171597 18 -1
171699 4 -1
171699 25 -1
171719 19 -1
171750 0 -1
171780 16 1
171792 20 -1
171796 1 1
171839 2 1
171855 15 1
171871 14 1
171930 11 1
171951 27 -1
171952 12 1
171977 7 -1
171978 8 -1
172005 19 -1
172021 22 -1
172043 6 1
172099 3 1
172102 0 1
172118 20 -1
172162 17 1
172166 21 -1
172207 13 1
172215 16 1
172239 10 1
172279 14 1
172285 18 1
172333 15 1
172356 17 1
172381 0 1
172387 9 1
172432 16 1
172542 18 1
172585 23 1
172604 17 1
172618 5 1
172626 19 1
172666 7 1
172666 16 1
172693 18 1
172694 20 1
172730 2 -1
172746 24 1
172757 11 1
172768 14 1
172783 17 1
172816 8 -1
172835 21 1
172835 18 1
172863 19 1
172875 26 1
172961 6 1
172964 22 1
173012 18 1
173016 20 1
173022 19 1
173066 0 1
173090 9 -1
173093 25 1
173125 1 1
173153 23 1
173155 28 1
173166 17 1
173176 31 1
173187 24 1
173208 21 1
173210 22 1
173214 4 1
173251 15 -1
173298 19 1
173314 20 1
173379 13 -1
173391 27 1
173402 12 -1
173415 23 1
173431 0 1
173437 3 -1
173480 16 -1
173520 30 1
173584 15 -1
173585 10 1
173601 7 -1
173627 8 -1
173633 22 1
173638 18 -1
173649 26 1
173660 21 1
173697 20 1
173705 1 1
173708 24 1
173709 17 -1
173715 16 -1
173719 14 -1
173745 11 -1
173799 2 -1
173823 0 1
173850 25 1
173893 17 -1
173896 15 -1
173923 13 -1
173934 18 -1
173947 23 1
173987 19 -1
174092 16 -1
174092 18 -1
174170 19 -1
174175 17 -1
174312 20 -1
174326 1 1
174326 18 -1
174331 21 -1
174400 19 -1
174499 20 -1
174511 18 -1
174584 22 -1
174637 15 1
174648 19 -1
174684 20 -1
174691 21 -1
174858 19 -1
174874 29 -1
174874 17 1
174878 22 -1
174895 18 -1
174992 14 1
174995 20 -1
174995 1 1
175003 27 -1
175024 21 -1
175024 31 -1
175035 23 -1
175035 24 -1
175035 0 -1
175091 16 1
175099 6 1
175115 13 1
175132 12 1
175152 22 -1
175164 26 -1
175204 25 -1
175218 9 1
175234 2 1
175244 10 1
175250 11 1
175281 17 1
175314 21 -1
175341 1 -1
175368 5 1
175446 16 1
175448 3 1
175486 15 1
175486 23 -1
175532 18 1
175539 17 1
175542 22 -1
175599 20 1
175612 0 -1
175615 19 1
175637 2 1
175647 14 1
175669 8 1
175696 4 1
175749 18 1
175813 17 1
175841 19 1
175845 16 1
175859 1 -1
175937 13 1
176022 19 1
176058 18 1
176070 20 1
176230 21 1
176249 12 -1
176283 0 1
176332 19 1
176378 24 1
176401 20 1
176494 1 -1
176593 28 1
176598 23 1
176606 19 1
176614 7 1
176636 9 1
176638 20 1
176639 22 1
176641 21 1
176647 25 1
176816 26 1
176872 17 -1
176910 21 1
176933 1 -1
176937 20 1
176937 0 -1
176937 18 -1
176977 10 1
177004 2 1
177033 16 -1
177049 3 -1
177066 5 -1
177066 8 -1
177087 24 1
177130 15 -1
177130 30 1
177146 23 1
177211 22 1
177248 21 1
177259 9 1
177291 25 1
177327 4 1
177356 27 1
177388 29 1
177404 1 -1
177442 11 -1
177453 18 -1
177474 6 -1
177474 2 1
177508 0 -1
177549 14 -1
177589 19 -1
177670 7 1
177678 17 -1
177714 1 -1
177734 20 -1
177759 18 -1
177796 15 -1
177842 0 1
177872 8 -1
177888 16 -1
177904 13 -1
177936 3 -1
177964 19 -1
178021 1 -1
178038 18 -1
178057 17 -1
178059 21 -1
178137 22 -1
178145 20 -1
178151 0 -1
178182 19 -1
178226 24 -1
178291 14 -1
178323 12 -1
178383 19 -1
178436 20 -1
178454 21 -1
178456 23 -1
178457 18 -1
178500 26 -1
178589 19 -1
178613 20 -1
178629 22 -1
178645 9 1
178645 17 -1
178667 0 -1
178755 21 -1
178782 25 -1
178871 22 -1
178887 24 -1
178907 20 -1
178907 23 -1
178935 31 -1
178957 21 -1
178967 16 1
178984 10 1
179000 0 -1
179026 15 1
179032 28 -1
179086 5 1
179104 22 -1
179118 14 1
179171 11 1
179201 23 -1
179217 13 1
179219 1 1
179279 18 1
179282 19 1
179282 17 1
179290 27 -1
179294 16 1
179378 0 -1
179408 24 -1
179410 20 1
179413 15 1
179419 29 -1
179451 6 -1
179459 17 1
179470 18 1
179526 12 -1
179531 4 1
179548 25 -1
179580 9 1
179604 16 1
179612 26 -1
179616 19 1
179644 14 1
179687 21 1
179693 10 1
179698 2 -1
179725 20 1
179728 18 1
179743 17 1
179781 19 1
179891 15 1
179899 18 1
179923 11 1
179991 17 1
179999 20 1
180007 22 1
180009 19 1
180010 8 -1
180015 7 -1
180031 21 1
180098 18 1
180136 13 -1
180162 20 1
180171 3 -1
180180 19 1
180189 0 1
180257 21 1
180337 12 -1
180337 23 1
180353 16 -1
180378 22 1
180396 1 1
180420 14 -1
180482 20 1
180595 16 -1
180600 15 -1
180614 0 1
180619 17 -1
180659 19 -1
180686 21 1
180697 5 1
180728 1 1
180762 2 -1
180762 18 -1
180837 10 -1
180861 0 1
180919 17 -1
180952 18 -1
180976 24 -1
180978 16 -1
181002 13 -1
181097 19 -1
181119 17 -1
181170 3 1
181202 18 -1
181235 9 1
181256 20 -1
181283 11 1
181284 19 -1
181299 0 1
181315 14 1
181347 15 1
181403 1 -1
181428 12 1
181471 31 -1
181498 25 -1
181514 21 -1
181530 23 -1
181535 28 -1
181557 27 -1
181557 6 1
181566 20 -1
181578 8 1
181585 0 1
181602 10 1
181675 13 1
181683 7 -1
181691 2 -1
181707 22 -1
181715 19 -1
181731 16 1
181739 26 -1
181771 4 1
181800 1 1
181857 15 1
181901 9 1
181903 17 1
181922 11 1
181954 18 1
181970 8 -1
181987 30 -1
181996 0 1
182002 3 1
182050 16 1
182115 12 1
182121 14 1
182180 18 1
182190 20 1
182191 13 1
182209 17 1
182215 7 -1
182368 18 1
182376 19 1
182453 17 1
182497 1 -1
182580 18 1
182585 23 1
182595 19 1
182601 20 1
182642 21 1
182674 24 1
182690 16 1
182775 22 1
182779 10 -1
182824 11 -1
182825 15 -1
182838 0 1
182889 9 -1
182936 19 1
182991 8 -1
183002 5 -1
183012 12 -1
183053 20 1
183072 14 -1
183104 6 1
183112 2 -1
183141 25 1
183166 23 1
183174 22 1
183190 15 -1
183190 17 -1
183192 16 -1
183209 0 1
183210 1 -1
183227 18 -1
183297 21 1
183351 24 1
183359 4 -1
183437 3 -1
183456 16 -1
183483 0 -1
183496 7 -1
183496 2 1
183544 17 -1
183609 13 -1
183620 18 -1
183684 15 -1
183707 19 -1
183718 1 1
183790 17 -1
183808 0 -1
183826 18 -1
183955 19 -1
183988 20 -1
184039 11 1
184047 0 -1
184082 21 -1
184103 14 1
184103 2 -1
184157 12 1
184168 8 -1
184189 3 1
184242 1 -1
184254 22 -1
184278 16 1
184329 24 1
184372 9 1
184421 0 1
184447 20 -1
184447 10 1
184479 5 1
184479 13 -1
184495 17 1
184536 4 1
184560 23 -1
184587 6 1
184608 21 -1
184705 2 -1
184713 1 -1
184888 18 1
184936 11 -1
184955 0 -1
184971 22 -1
184995 31 -1
185006 12 -1
185047 1 1
185113 15 -1
185160 16 -1
185188 21 -1
185189 26 -1
185199 3 -1
185221 7 1
185261 17 -1
185293 2 1
185326 10 1
185425 14 1
185430 19 1
185442 13 1
185481 1 -1
185567 15 1
185570 0 1
185640 5 1
185656 4 1
185694 14 1
185720 18 1
185736 20 1
185737 12 1
185765 16 1
185790 9 1
185874 17 1
185894 19 1
185919 11 1
185919 27 1
185933 18 1
185943 15 1
186059 29 1
186063 22 1
186064 21 1
186067 23 1
186075 19 1
186079 20 1
186087 16 1
186091 25 1
186145 8 -1
186192 17 1
186198 6 -1
186220 18 1
186252 19 1
186264 20 1
186276 13 -1
186284 28 1
186370 24 1
186373 14 -1
186397 21 1
186421 26 1
186515 15 -1
186526 0 -1
186534 22 1
186534 16 -1
186574 25 1
186583 10 1
186590 13 -1
186628 2 1
186650 27 1
186671 30 1
186683 17 -1
186703 12 -1
186703 21 1
186704 23 1
186735 19 -1
186736 9 -1
186740 16 -1
186746 18 -1
186752 15 -1
186805 14 -1
186843 11 -1
186880 20 -1
186881 1 -1
186901 16 -1
186935 17 -1
186953 15 -1
187004 18 -1
187017 13 -1
187072 17 -1
187090 19 -1
187144 14 -1
187146 16 -1
187198 18 -1
187211 17 -1
187243 22 -1
187251 15 -1
187259 20 -1
187297 19 -1
187329 18 -1
187380 26 -1
187415 21 -1
187420 20 -1
187423 12 1
187432 19 -1
187482 18 -1
187485 23 -1
187514 24 -1
187545 17 -1
187638 7 1
187654 19 -1
187656 20 -1
187686 22 -1
187708 18 -1
187716 21 -1
187740 0 1
187767 10 1
187791 23 -1
187833 20 -1
187856 16 1
187863 29 -1
187880 19 -1
187880 25 -1
187885 24 -1
187912 13 1
187928 14 1
187928 21 -1
187936 22 -1
188003 8 1
188009 6 1
188033 17 1
188073 15 1
188097 20 -1
188097 16 1
188100 27 -1
188110 11 1
188112 0 1
188116 3 -1
188121 23 -1
188174 1 -1
188207 12 1
188266 22 -1
188296 2 1
188309 17 1
188309 14 1
188309 18 1
188377 0 1
188395 19 1
188422 5 -1
188436 16 1
188444 4 -1
188487 24 -1
188512 1 1
188578 18 1
188605 21 -1
188625 17 1
188691 31 -1
188718 9 1
188728 19 1
188754 10 1
188761 18 1
188820 15 1
188838 13 1
188846 11 1
188847 20 1
188865 17 1
188879 19 1
188879 12 1
188883 16 1
188986 18 1
189012 20 1
189045 8 -1
189078 28 1
189082 19 1
189134 2 1
189137 26 1
189155 21 1
189161 23 1
189190 14 -1
189193 22 1
189212 11 -1
189249 3 1
189249 17 -1
189252 15 -1
189273 20 1
189310 13 -1
189326 1 -1
189346 16 -1
189346 25 1
189365 0 1
189416 21 1
189435 19 1
189518 12 -1
189534 2 1
189545 18 -1
189556 17 -1
189566 14 -1
189572 10 -1
189588 7 -1
189596 15 -1
189604 22 1
189615 9 -1
189654 16 -1
189676 13 -1
189734 18 -1
189767 17 -1
189768 15 -1
189789 14 -1
189793 16 -1
189845 19 -1
189886 20 -1
189905 24 -1
189913 18 -1
189936 17 -1
189948 15 -1
189990 19 -1
189993 11 1
190001 6 1
190027 16 -1
190039 10 1
190058 12 1
190083 17 -1
190095 18 -1
190125 0 1
190131 20 -1
190139 19 -1
190144 13 1
190184 1 -1
190200 21 -1
190249 14 1
190286 18 -1
190302 3 -1
190302 9 1
190313 23 -1
190334 12 1
190345 25 -1
190385 20 -1
190393 13 1
190417 15 1
190442 24 -1
190442 26 -1
190452 8 1
190458 4 1
190458 14 1
190474 19 -1
190508 16 1
190514 1 1
190583 15 1
190591 17 1
190646 11 1
190647 16 1
190678 14 1
190689 27 -1
190732 13 1
190768 16 1
190772 17 1
190776 18 1
190818 15 1
190844 22 1
190861 7 -1
190885 17 1
190887 21 1
190903 16 1
190906 18 1
190925 5 -1
190945 20 1
190985 19 1
191000 2 1
191041 18 1
191065 0 1
191078 10 -1
191097 12 -1
191114 17 1
191143 23 1
191185 19 1
191204 11 -1
191210 14 -1
191247 21 1
191292 13 -1
191304 15 -1
191396 16 -1
191409 18 1
191415 0 -1
191425 14 -1
191429 1 1
191481 15 -1
191521 20 1
191521 22 1
191591 12 -1
191620 17 -1
191623 8 -1
191636 16 -1
191656 9 -1
191669 15 -1
191669 0 -1
191723 13 -1
191765 17 -1
191789 16 -1
191801 18 -1
191864 19 -1
191870 31 -1
191913 28 -1
192009 17 -1
192075 14 1
192096 15 1
192096 18 -1
192107 12 1
192118 4 -1
192166 10 1
192171 11 1
192171 0 1
192177 2 1
192214 19 -1
192236 3 -1
192265 16 1
192295 13 1
192370 15 1
192392 14 1
192440 16 1
192442 17 1
192611 16 1
192612 21 1
192612 24 1
192627 17 1
192657 20 1
192741 18 1
192754 1 -1
192762 23 1
192827 19 1
192838 0 1
192848 6 -1
192848 9 -1
192859 22 1
192918 15 -1
192934 14 -1
192940 25 1
192966 5 -1
193009 12 -1
193020 29 1
193031 8 -1
193041 11 -1
193109 13 -1
193114 0 -1
193128 15 -1
193133 2 -1
193137 16 -1
193149 17 -1
193160 18 1
193162 14 -1
193246 30 1
193267 24 1
193330 16 -1
193351 1 1
193415 17 -1
193463 20 -1
193493 0 1
193557 21 -1
193627 18 -1
193665 7 1
193669 10 1
193686 15 1
193701 19 -1
193788 14 1
193794 2 1
193810 1 1
193850 13 1
193864 3 -1
193872 0 1
193890 22 -1
193891 16 1
193912 12 1
193998 15 1
194052 17 1
194169 1 -1
194175 0 1
194237 4 -1
194471 9 -1
194471 18 1
194481 11 -1
194551 1 1
194568 3 -1
194568 16 -1
194568 2 1
194584 15 -1
194584 0 -1
194605 14 -1
194610 6 1
194729 21 -1
194832 0 -1
194858 23 -1
194938 22 -1
194954 20 -1
195051 4 -1
195051 10 1
195083 2 -1
195087 1 1
195117 0 1
195148 13 1
195288 8 -1
195325 16 1
195352 27 -1
195438 26 -1
195460 2 -1
195462 0 1
195540 3 1
195556 12 1
195615 19 1
195621 5 1
195680 17 1
195696 11 1
195707 15 1
195728 7 1
195728 10 1
195752 14 1
195836 9 -1
195861 16 1
195922 13 1
195950 17 1
195965 18 1
195986 20 1
195991 15 1
196002 8 1
196018 23 1
196061 14 1
196064 21 1
196067 25 1
196075 19 1
196087 16 1
196163 22 1
196179 17 1
196190 6 1
196214 20 1
196228 4 1
196244 24 1
196300 18 1
196308 21 1
196341 12 1
196341 31 1
196405 19 1
196405 0 1
196437 7 -1
196440 9 -1
196448 11 -1
196490 1 1
196534 21 1
196538 20 1
196558 13 -1
196582 10 -1
196598 22 1
196606 25 1
196631 17 -1
196647 23 1
196671 15 -1
196679 12 -1
196695 16 -1
196698 0 -1
196735 14 -1
196743 2 -1
196765 18 -1
196792 28 1
196792 3 -1
196912 19 -1
196915 17 -1
196923 15 -1
196931 16 -1
196953 26 1
196964 8 -1
197033 13 -1
197040 18 -1
197086 16 -1
197094 20 -1
197109 0 -1
197122 19 -1
197122 17 -1
197125 21 -1
197178 15 -1
197181 18 -1
197285 19 -1
197293 17 -1
197332 18 -1
197356 22 -1
197372 24 -1
197375 0 1
197422 20 -1
197436 14 1
197501 6 1
197517 11 1
197522 12 1
197545 19 -1
197606 1 -1
197640 21 -1
197675 0 1
197698 16 1
197716 15 1
197754 20 -1
197802 18 -1
197861 2 1
197866 5 1
197871 23 -1
197893 9 1
197984 22 -1
198033 20 -1
198049 0 1
198049 17 1
198061 1 1
198065 19 -1
198065 10 -1
198086 21 -1
198102 27 -1
198124 24 -1
198274 14 -1
198288 0 -1
198317 31 -1
198323 25 -1
198331 23 -1
198414 21 -1
198524 22 -1
198565 7 -1
198597 16 -1
198608 24 -1
198629 1 1
198645 8 1
198645 26 -1
198704 6 1
198716 10 1
198718 12 1
198728 11 1
198734 13 1
198737 18 1
198747 3 1
198747 9 1
198750 15 1
198798 17 1
198822 20 1
198840 11 1
198844 13 1
198864 19 1
198871 14 1
198879 12 1
198879 16 1
198897 2 -1
198908 8 -1
198924 15 1
198935 17 1
198957 13 1
198965 18 1
199050 16 1
199052 10 -1
199062 19 1
199064 14 1
199075 21 1
199080 29 1
199080 9 -1
199088 22 1
199100 20 1
199117 15 1
199120 17 1
199128 11 -1
199140 18 1
199155 5 -1
199180 19 1
199193 23 1
199217 16 1
199225 25 1
199245 20 1
199268 12 -1
199269 13 -1
199281 18 1
199292 21 1
199306 17 1
199315 19 1
199348 28 1
199394 14 -1
199440 0 1
199445 24 1
199477 20 1
199493 15 -1
199494 21 1
199507 4 -1
199507 7 -1
199531 22 1
199566 11 -1
199567 10 -1
199603 13 -1
199604 23 1
199606 12 -1
199617 8 -1
199622 18 -1
199625 14 -1
199636 9 -1
199654 16 -1
199675 15 -1
199724 17 -1
199728 14 -1
199732 19 -1
199748 10 -1
199756 15 -1
199779 16 -1
199781 13 -1
199785 18 -1
199791 11 -1
199799 12 -1
199817 14 -1
199830 15 -1
199843 17 -1
199848 16 -1
199885 6 1
199897 19 -1
199918 17 -1
199922 18 -1
199944 9 1
199960 20 -1
199960 8 1
199962 16 -1
199972 15 -1
199990 26 -1
199994 17 -1
199998 7 1
200006 13 1
200050 18 -1
200052 12 1
200068 19 -1
200081 21 -1
200087 17 -1
200137 20 -1
200140 14 1
200143 30 -1
200146 18 -1
200196 11 1
200207 27 -1
200208 31 -1
200223 12 1
200227 23 -1
200240 22 -1
200245 19 -1
200260 13 1
200282 15 1
200296 14 1
200296 16 1
200306 20 -1
200336 21 -1
200340 25 -1
200342 18 -1
200358 24 -1
200360 10 1
200387 1 1
200396 19 -1
200427 0 -1
200467 13 1
200470 15 1
200473 17 1
200479 16 1
200500 14 1
200533 20 -1
200572 11 1
200613 15 1
200619 16 1
200637 12 1
200644 13 1
200650 10 1
200664 9 1
200664 17 1
200677 18 1
200685 14 1
200700 15 1
200732 16 1
200744 5 -1
200747 17 1
200755 22 1
200759 19 1
200776 6 -1
200793 18 1
200804 16 1
200819 14 1
200842 15 1
200858 17 1
200888 16 1
200916 12 -1
200916 26 1
200921 8 -1
200922 19 1
200933 18 1
200938 17 1
200970 21 1
200983 11 -1
201015 13 -1
201025 16 1
201036 18 1
201045 17 1
201049 20 1
201069 23 1
201093 7 -1
201101 14 -1
201109 28 1
201143 19 1
201174 13 -1
201176 0 -1
201200 12 -1
201209 15 -1
201238 29 1
201239 14 -1
201252 18 1
201258 10 -1
201307 22 1
201324 15 -1
201356 9 -1
201383 16 -1
201422 14 -1
201431 2 -1
201435 13 -1
201442 17 -1
201465 15 -1
201469 11 -1
201522 16 -1
201560 17 -1
201609 16 -1
201627 15 -1
201657 21 -1
201661 20 -1
201677 19 -1
201684 18 -1
201703 17 -1
201732 14 -1
201754 16 -1
201764 24 -1
201810 18 -1
201813 12 1
201834 23 -1
201850 27 -1
201862 17 -1
201877 0 1
201884 19 -1
201899 15 1
201933 11 1
201936 3 -1
201943 13 1
201947 20 -1
201947 10 1
201951 1 1
201963 18 -1
201971 7 1
201985 8 1
201993 12 1
201995 14 1
201995 9 1
202011 25 -1
202036 16 1
202060 21 -1
202062 15 1
202076 5 1
202082 13 1
202092 22 -1
202167 15 1
202170 14 1
202187 16 1
202189 17 1
202205 12 1
202248 6 1
202249 13 1
202299 14 1
202313 15 1
202330 16 1
202339 18 1
202342 17 1
202418 16 1
202451 17 1
202462 19 1
202505 15 1
202559 10 -1
202579 16 1
202587 20 1
202593 18 1
202613 21 1
202614 17 1
202624 11 -1
202656 4 -1
202656 14 -1
202656 31 1
202657 24 1
202676 22 1
202708 13 -1
202732 19 1
202752 12 -1
202785 23 1
202790 0 1
202801 20 1
202812 8 -1
202840 15 -1
202860 18 1
202892 21 1
202897 7 -1
202903 9 -1
202905 14 -1
202952 13 -1
202954 16 -1
202962 25 1
202962 26 1
203001 15 -1
203002 17 -1
203015 11 -1
203016 12 -1
203016 14 -1
203063 16 -1
203096 15 -1
203155 17 -1
203157 16 -1
203163 19 -1
203212 15 -1
203233 18 -1
203254 16 -1
203284 14 -1
203323 17 -1
203324 20 -1
203405 10 1
203439 17 -1
203447 16 -1
203453 13 1
203467 18 -1
203469 19 -1
203510 22 -1
203625 15 1
203628 11 1
203647 17 -1
203663 13 1
203671 18 -1
203676 5 1
203690 12 1
203690 14 1
203698 21 -1
203719 9 1
203735 20 -1
203757 0 1
203763 15 1
203829 14 1
203838 16 1
203896 1 -1
203942 15 1
203955 16 1
204042 17 1
204052 14 1
204066 19 1
204101 18 1
204111 2 -1
204117 27 1
204154 16 1
204178 13 -1
204191 17 1
204213 12 -1
204224 24 1
204332 30 1
204337 8 -1
204340 10 -1
204364 23 1
204374 15 -1
204409 14 -1
204428 11 -1
204460 19 1
204471 6 -1
204477 9 -1
204493 16 -1
204503 13 -1
204516 15 -1
204568 12 -1
204603 14 -1
204622 15 -1
204622 16 -1
204627 18 -1
204630 20 -1
204638 17 -1
204646 22 -1
204666 13 -1
204725 15 -1
204771 16 -1
204775 10 1
204783 7 1
204793 11 1
204815 29 -1
204831 18 -1
204833 17 -1
204847 21 -1
204847 25 -1
204891 16 -1
204928 0 -1
204933 12 1
204940 19 -1
204979 14 1
204988 17 -1
205000 23 -1
205004 20 -1
205073 24 -1
205097 1 -1
205105 13 1
205105 21 -1
205105 22 -1
205113 15 1
205116 28 -1
205132 11 1
205134 2 1
205137 3 1
205149 14 1
205161 12 1
205169 4 1
205170 18 -1
205266 9 1
205277 31 -1
205277 8 1
205292 16 1
205295 15 1
205322 14 1
205334 13 1
205363 10 1
205379 19 1
205391 15 1
205413 17 1
205444 16 1
205449 14 1
205534 16 1
205543 15 1
205561 18 1
205574 17 1
205582 19 1
205588 13 1
205604 20 1
205636 16 1
205669 23 1
205677 17 1
205681 18 1
205701 7 1
205717 12 -1
205717 15 1
205717 26 1
205749 6 -1
205752 21 1
205761 16 1
205775 20 1
205787 19 1
205798 25 1
205814 27 1
205819 14 -1
205824 11 -1
205852 17 1
205860 18 1
205866 22 1
205900 24 1
205928 19 1
205930 20 1
205932 0 -1
205959 21 1
206079 15 -1
206096 23 1
206104 20 1
206104 5 1
206120 12 -1
206146 1 1
206147 8 1
206152 22 1
206157 14 -1
206172 13 -1
206173 21 1
206184 0 -1
206216 16 -1
206243 9 -1
206249 19 1
206308 15 -1
206308 18 -1
206329 17 -1
206356 11 -1
206375 14 -1
206414 16 -1
206442 26 1
206469 15 -1
206476 17 -1
206545 16 -1
206560 18 -1
206563 0 -1
206603 22 1
206607 17 -1
206716 29 1
206740 17 -1
206748 10 -1
206788 20 -1
206794 18 -1
206815 19 -1
206853 16 -1
206910 13 -1
206910 25 1
206974 21 -1
206990 19 -1
206995 28 1
206998 17 -1
207022 18 -1
207087 4 1
207146 24 -1
207163 19 -1
207171 20 -1
207178 2 -1
207216 18 -1
207288 1 1
207304 23 -1
207320 0 1
207350 21 -1
207361 19 -1
207389 20 -1
207401 22 -1
207414 15 1
207436 6 1
207482 16 1
207557 3 1
207640 12 1
207662 14 1
207683 17 1
207768 1 1
207769 18 1
207788 16 1
207890 2 -1
207895 0 -1
207941 30 -1
207961 17 1
207973 21 -1
208005 7 -1
208016 5 1
208022 3 -1
208038 20 -1
208091 24 -1
208094 4 1
208113 18 1
208157 0 -1
208231 13 1
208271 19 1
208300 1 1
208309 2 -1
208400 0 -1
208414 6 1
208505 10 1
208511 8 1
208524 11 1
208551 9 1
208575 18 1
208594 22 1
208610 15 1
208618 23 1
208620 17 1
208653 12 1
208666 19 1
208673 14 1
208692 16 1
208700 13 1
208749 10 -1
208757 3 -1
208758 15 1
208773 20 1
208799 17 1
208811 19 1
208814 18 1
208822 27 1
208823 11 -1
208865 21 1
208870 10 -1
208871 12 -1
208886 9 -1
208912 4 1
208916 7 1
208921 14 -1
208930 13 -1
208945 8 1
208953 11 -1
208972 20 1
208976 1 -1
209077 16 -1
209101 14 -1
209104 15 -1
209141 0 -1
209149 23 1
209182 2 -1
209198 21 1
209214 22 1
209230 26 1
209246 13 -1
209246 25 1
209258 17 -1
209265 15 -1
209273 18 -1
209274 14 -1
209278 5 -1
209278 12 -1
209305 9 -1
209326 19 -1
209337 6 -1
209344 16 -1
209379 10 -1
209391 11 -1
209391 8 -1
209434 15 -1
209441 17 -1
209477 14 -1
209484 18 -1
209492 16 -1
209518 19 -1
209524 13 -1
209533 17 -1
209544 20 -1
209582 18 -1
209584 16 -1
209598 15 -1
209638 24 -1
209639 19 -1
209668 21 -1
209673 17 -1
209674 18 -1
209685 7 1
209701 16 -1
209710 12 1
209721 11 1
209729 22 -1
209756 9 1
209788 1 1
209794 20 -1
209814 13 1
209822 19 -1
209834 14 1
209846 10 1
209853 12 1
209858 18 -1
209877 15 1
209898 21 -1
209941 13 1
209955 14 1
209955 23 -1
209971 3 1
209995 19 -1
210003 31 -1
210005 20 -1
210011 25 -1
210013 16 1
210075 15 1
210092 17 1
210110 1 1
210135 0 -1
210164 26 -1
210175 8 1
210180 14 1
210186 9 1
210188 13 1
210190 15 1
210198 16 1
210210 11 1
210234 18 1
210235 17 1
210253 10 1
210285 12 1
210290 15 1
210326 14 1
210329 16 1
210331 17 1
210406 7 -1
210415 16 1
210416 17 1
210422 22 1
210437 18 1
210438 4 -1
210462 15 1
210472 19 1
210552 17 1
210561 24 1
210583 20 1
210583 21 1
210587 16 1
210591 18 1
210623 13 -1
210648 14 -1
210677 11 -1
210688 23 1
210708 19 1
210713 12 -1
210717 18 1
210763 15 -1
210766 2 -1
210787 6 -1
210825 10 -1
210833 13 -1
210845 20 1
210847 14 -1
210905 17 -1
210910 12 -1
210933 15 -1
210948 8 1
210951 16 -1
210970 18 1
210975 14 -1
211002 19 1
211002 22 1
211066 16 -1
211111 17 -1
211115 13 -1
211117 15 -1
211120 5 -1
211125 9 -1
211195 11 -1
211227 16 -1
211249 28 -1
211292 15 -1
211294 17 -1
211313 0 1
211316 18 -1
211425 17 -1
211445 7 1
211461 19 -1
211461 20 -1
211464 27 -1
211496 21 -1
211501 14 1
211501 16 -1
211512 3 1
211513 1 -1
211534 10 1
211558 12 1
211609 18 -1
211622 15 1
211636 30 -1
211670 13 1
211723 14 1
211732 8 1
211740 15 1
211743 11 1
211754 12 1
211755 16 1
211771 17 1
211848 13 1
211867 14 1
211916 15 1
211930 16 1
211952 23 1
211989 19 1
211990 24 1
212021 17 1
212051 16 1
212057 22 1
212146 21 1
212154 18 1
212170 17 1
212202 20 1
212210 25 1
212243 16 1
212267 10 -1
212280 9 -1
212323 29 1
212323 26 1
212343 13 -1
212347 6 -1
212374 0 1
212379 15 -1
212389 14 -1
212393 2 1
212412 19 1
212414 11 -1
212452 18 1
212460 12 -1
212514 15 -1
212602 14 -1
212607 16 -1
212629 13 -1
212633 17 -1
212702 15 -1
212732 16 -1
212782 20 -1
212860 11 1
212891 17 -1
212944 7 1
212957 18 -1
212992 0 1
213016 14 1
213016 16 -1
213022 9 1
213032 19 -1
213043 21 -1
213075 5 1
213121 13 1
213145 12 1
213145 17 -1
213161 22 -1
213193 10 1
213201 15 1
213204 8 1
213252 0 1
213333 3 -1
213346 14 1
213360 15 1
213399 1 -1
213408 18 1
213437 16 1
213467 23 1
213520 17 1
213584 16 1
213604 19 1
213634 15 1
213671 12 -1
213677 20 1
213709 13 -1
213709 18 1
213713 17 1
213795 11 -1
213854 14 -1
213870 24 1
213876 2 -1
213902 10 -1
213952 0 1
213967 16 -1
214031 25 1
214042 31 1
214047 4 -1
214074 14 -1
214093 15 -1
214189 16 -1
214197 13 -1
214214 21 -1
214265 15 -1
214268 9 -1
214279 8 -1
214289 12 -1
214305 17 -1
214321 14 -1
214332 11 -1
214354 22 -1
214373 18 -1
214390 19 -1
214400 16 -1
214426 23 -1
214493 27 -1
214515 20 -1
214525 17 -1
214526 5 1
214547 18 -1
214560 21 -1
214597 19 -1
214620 13 1
214692 6 1
214692 15 1
214700 12 1
214711 14 1
214716 7 1
214734 1 -1
214753 0 -1
214773 20 -1
214805 17 -1
214809 16 1
214848 3 1
214869 10 -1
214877 22 -1
214909 19 -1
214912 15 1
215009 11 -1
215009 21 -1
215030 0 -1
215041 9 1
215095 12 -1
215099 23 -1
215103 25 -1
215127 16 1
215176 26 -1
215192 13 1
215202 24 -1
215202 8 1
215203 18 1
215208 15 1
215210 14 1
215216 7 1
215235 9 1
215240 10 1
215280 20 1
215280 1 -1
215301 11 1
215320 2 -1
215321 17 1
215326 16 1
215345 12 1
215418 15 1
215425 13 1
215434 17 1
215444 18 1
215445 16 1
215455 19 1
215460 14 1
215492 5 -1
215550 20 1
215558 17 1
215562 21 1
215578 18 1
215610 10 -1
215614 19 1
215631 16 1
215642 11 -1
215729 18 1
215747 22 1
215758 0 1
215766 12 1
215782 6 1
215832 20 1
215836 17 1
215844 19 1
215868 28 1
215882 18 1
215933 13 1
215933 21 1
215976 9 -1
215999 10 -1
216000 8 -1
216008 24 1
216010 11 -1
216013 22 1
216033 4 -1
216061 3 1
216062 23 1
216069 19 1
216071 20 1
216078 15 -1
216094 14 -1
216126 31 1
216149 12 -1
216158 11 -1
216190 10 -1
216192 17 -1
216210 16 -1
216250 21 1
216257 13 -1
216261 1 1
216279 7 1
216287 26 1
216311 9 1
216314 15 -1
216327 2 1
216335 22 1
216341 14 -1
216343 25 1
216351 16 -1
216357 18 -1
216381 0 -1
216384 27 1
216416 20 1
216466 17 -1
216504 23 1
216513 8 -1
216620 21 1
216631 11 -1
216636 12 -1
216649 19 -1
216690 16 -1
216709 18 -1
216730 17 -1
216752 0 1
216770 6 1
216803 24 1
216813 3 1
216835 29 1
216859 1 -1
216878 18 -1
216883 19 -1
216899 10 1
216936 17 -1
217026 0 -1
217066 15 1
217077 12 1
217082 5 -1
217105 19 -1
217141 4 -1
217179 2 -1
217193 20 -1
217238 7 -1
217238 18 -1
217262 13 -1
217270 11 -1
217307 28 1
217350 14 -1
217359 22 -1
217415 9 1
217443 19 -1
217443 20 -1
217488 1 -1
217512 8 1
217576 21 -1
217576 0 1
217608 18 -1
217614 12 1
217681 20 -1
217681 23 -1
217705 25 -1
217898 19 -1
217915 10 1
217923 0 -1
217987 22 -1
217995 21 -1
218100 20 -1
218130 3 1
218148 23 -1
218156 11 1
218165 2 -1
218245 17 1
218264 0 -1
218265 13 1
218269 15 1
218296 21 -1
218302 1 1
218328 24 -1
218344 14 1
218361 12 1
218374 16 1
218382 30 -1
218386 7 -1
218447 8 -1
218452 18 1
218457 9 -1
218503 10 -1
218511 26 -1
218612 22 -1
218648 13 -1
218731 6 1
218734 11 1
218737 19 1
218742 2 1
218806 9 1
218817 15 1
218818 12 1
218837 17 1
218860 11 1
218878 10 1
218880 13 1
218902 20 1
218903 14 1
218916 16 1
218954 4 -1
218973 18 1
218978 15 1
219037 19 1
219048 14 1
219067 16 1
219080 21 1
219094 12 -1
219099 11 -1
219099 0 -1
219099 17 1
219113 9 -1
219118 8 -1
219131 10 -1
219145 18 1
219155 23 1
219188 5 -1
219192 13 -1
219208 19 1
219212 20 1
219239 12 -1
219284 7 1
219325 22 1
219349 1 1
219392 3 1
219413 24 1
219470 19 1
219483 11 1
219515 15 -1
219553 14 -1
219566 10 -1
219576 16 -1
219598 20 1
219607 25 1
219607 9 -1
219617 21 1
219655 13 -1
219699 11 -1
219714 12 -1
219732 17 -1
219754 18 -1
219757 15 -1
219780 16 -1
219792 14 -1
219812 13 -1
219844 17 -1
219876 15 -1
219886 27 -1
219913 4 1
219934 6 1
219934 0 1
219942 18 -1
219945 10 1
219947 19 -1
219951 16 -1
219961 2 -1
219969 7 1
220004 8 1
220028 17 -1
220044 1 -1
220052 11 1
220055 12 1
220063 14 1
220066 20 -1
220082 18 -1
220126 19 -1
220195 13 1
220235 9 -1
220246 14 1
220256 24 -1
220272 12 1
220283 21 -1
220286 15 1
220305 18 -1
220315 5 1
220336 16 1
220337 28 -1
220356 22 -1
220388 23 -1
220391 3 1
220392 10 1
220412 20 -1
220412 29 -1
220428 2 1
220433 14 1
220452 15 1
220485 1 -1
220489 13 1
220545 17 1
220563 16 1
220584 15 1
220621 11 1
220668 16 1
220672 17 1
220682 18 1
220694 19 1
220707 14 1
220722 13 1
220750 8 -1
220777 16 1
220791 15 1
220837 17 1
220885 21 1
220885 18 1
220895 12 -1
220907 20 1
220917 0 1
220928 26 1
220944 10 -1
220973 11 -1
220980 22 1
220981 6 -1
221016 19 1
221024 9 -1
221118 15 -1
221132 14 -1
221137 13 -1
221177 23 1
221181 0 1
221202 16 -1
221223 21 1
221223 18 1
221234 3 -1
221286 17 -1
221314 14 -1
221314 1 -1
221347 15 -1
221365 16 -1
221395 12 -1
221403 7 -1
221447 13 -1
221472 17 -1
221481 11 -1
221500 19 -1
221540 25 -1
221544 16 -1
221556 15 -1
221583 24 -1
221591 18 -1
221645 20 -1
221665 17 -1
221669 22 -1
221771 14 1
221776 31 -1
221782 16 -1
221792 9 1
221816 10 1
221819 27 -1
221825 12 1
221830 17 -1
221838 4 -1
221852 18 -1
221867 11 1
221878 15 1
221894 19 -1
221919 13 1
221939 14 1
221948 8 1
222015 15 1
222061 0 -1
222064 14 1
222072 16 1
222132 15 1
222185 2 -1
222201 17 1
222205 16 1
222249 12 -1
222340 16 1
222421 15 1
222426 13 -1
222442 21 1
222443 18 1
222446 20 1
222453 17 1
222567 19 1
222604 10 -1
222614 5 -1
222628 17 1
222639 18 1
222652 23 1
222700 14 -1
222701 11 -1
222740 16 -1
222748 22 1
222751 0 -1
222754 6 1
222765 12 -1
222770 8 1
222797 20 1
222813 13 -1
222813 25 1
222829 7 -1
222867 14 -1
222869 15 -1
222958 26 1
222990 9 1
222998 10 1
223014 15 -1
223016 16 -1
223023 24 1
223095 1 1
223103 3 -1
223114 12 1
223151 19 -1
223164 17 -1
223184 13 1
223228 16 -1
223310 0 1
223377 2 1
223377 18 -1
223388 11 -1
223454 1 1
223506 4 1
223506 8 1
223570 7 1
223651 14 1
223656 6 1
223678 5 1
223683 3 1
223703 10 1
223726 9 1
223764 15 1
223764 23 1
223764 17 1
223796 13 1
223817 11 1
223863 16 1
224000 0 -1
224016 12 -1
224102 1 -1
224119 2 -1
224151 17 1
224183 21 1
224204 28 1
224221 0 1
224226 15 -1
224280 14 -1
224360 9 -1
224409 25 1
224425 16 -1
224484 0 1
224497 10 -1
224521 19 -1
224537 11 -1
224538 4 -1
224538 18 -1
224564 15 -1
224570 12 -1
224574 13 -1
224580 8 -1
224615 14 -1
224652 16 -1
224674 22 -1
224675 17 -1
224703 20 -1
224795 7 1
224820 18 -1
224868 17 -1
224871 24 -1
224887 21 -1
224903 15 -1
224916 23 -1
224935 6 1
224957 16 -1
224964 19 -1
224977 20 -1
225016 14 1
225059 2 -1
225064 11 1
225077 3 -1
225122 13 1
225130 1 1
225150 26 -1
225193 5 1
225214 22 -1
225236 12 1
225268 14 1
225284 15 1
225322 0 -1
225359 20 -1
225385 16 1
225392 21 -1
225461 18 1
225480 13 1
225488 17 1
225520 19 1
225585 15 1
225585 1 -1
225653 16 1
225682 10 -1
225709 8 -1
225711 9 -1
225714 2 -1
225725 18 1
225762 11 -1
225797 14 -1
225816 24 -1
225867 17 1
225902 31 -1
225911 19 1
225923 23 -1
225948 10 1
225972 9 1
226001 12 1
226012 7 -1
226012 18 1
226060 1 1
226153 13 1
226181 19 1
226205 17 1
226213 25 1
226221 20 1
226246 27 1
226262 0 -1
226273 21 1
226391 18 1
226395 22 1
226443 20 1
226504 19 1
226525 30 1
226528 21 1
226536 3 1
226600 16 1
226686 18 1
226693 22 1
226697 14 -1
226697 23 1
226713 29 1
226713 26 1
226749 20 1
226772 11 -1
226815 15 -1
226831 6 -1
226831 8 -1
226847 12 -1
226853 21 1
226862 13 -1
226931 10 -1
226951 17 -1
226974 14 -1
226979 22 1
226998 24 1
227019 19 -1
227025 16 -1
227027 15 -1
227043 13 -1
227057 12 -1
227062 11 -1
227116 9 1
227132 17 -1
227159 5 -1
227164 25 1
227180 4 -1
227196 15 -1
227197 0 1
227215 18 -1
227277 21 1
227279 16 -1
227293 17 -1
227298 28 1
227337 19 -1
227341 7 1
227350 1 -1
227438 0 1
227470 18 -1
227486 20 -1
227513 14 1
227535 31 1
227562 3 1
227567 2 1
227615 17 -1
227639 19 -1
227667 18 -1
227711 0 -1
227764 20 -1
227771 15 1
227857 19 -1
227890 1 1
227962 22 -1
227970 23 -1
228008 18 -1
228018 20 -1
228115 10 -1
228119 19 -1
228142 21 -1
228185 14 -1
228201 12 -1
228230 20 -1
228244 27 -1
228260 13 -1
228260 16 -1
228271 24 -1
228421 18 -1
228454 21 -1
228458 22 -1
228478 19 -1
228478 26 -1
228480 6 1
228518 20 -1
228570 23 -1
228655 21 -1
228663 15 1
228663 24 -1
228706 14 1
228717 11 1
228728 17 1
228744 25 -1
228760 2 -1
228781 8 -1
228792 29 -1
228800 1 -1
228836 22 -1
228851 0 -1
228869 23 -1
228891 21 -1
228913 13 1
228955 16 1
228985 20 -1
228991 10 1
228996 30 -1
229004 9 1
229031 12 1
229034 4 1
229044 5 1
229050 19 1
229071 15 1
229085 14 1
229116 18 1
229128 17 1
229141 11 1
229146 13 1
229152 16 1
229173 15 1
229189 14 1
229248 12 1
229259 19 1
229269 18 1
229271 17 1
229277 20 1
229291 16 1
229297 8 -1
229324 7 -1
229330 15 1
229348 22 1
229353 21 1
229360 18 1
229364 17 1
229396 16 1
229408 19 1
229415 9 -1
229420 10 -1
229455 11 -1
229472 20 1
229477 23 1
229477 17 1
229489 13 -1
229490 27 1
229510 19 1
229511 18 1
229514 12 -1
229519 14 -1
229565 24 1
229565 25 1
229603 20 1
229627 19 1
229636 13 -1
229643 15 -1
229662 21 1
229662 18 1
229718 16 -1
229733 14 -1
229754 20 1
229776 15 -1
229787 13 -1
229791 3 -1
229807 19 1
229811 22 1
229815 17 -1
229819 10 -1
229844 12 -1
229850 14 -1
229857 16 -1
229884 11 -1
229918 15 -1
229920 6 -1
229935 13 -1
229953 14 -1
229982 16 -1
229992 18 -1
229993 17 -1
230000 15 -1
230019 12 -1
230059 14 -1
230090 16 -1
230109 17 -1
230113 1 1
230113 26 -1
230121 23 -1
230125 15 -1
230145 2 1
230146 18 -1
230164 16 -1
230181 17 -1
230199 8 1
230199 9 1
230201 19 -1
230220 0 -1
230232 18 -1
230263 21 -1
230270 20 -1
230284 28 -1
230304 17 -1
230314 16 -1
230324 13 1
230327 11 1
230338 10 1
230346 12 1
230349 24 -1
230368 18 -1
230382 19 -1
230390 22 -1
230419 7 1
230421 17 -1
230421 14 1
230459 15 1
230471 20 -1
230525 19 -1
230531 4 -1
230533 13 1
230537 11 1
230577 18 -1
230578 15 1
230588 12 1
230588 14 1
230592 16 1
230596 21 -1
230664 13 1
230686 14 1
230698 16 1
230709 25 -1
230711 15 1
230719 17 1
230817 16 1
230827 12 1
230835 15 1
230843 9 1
230854 14 1
230876 17 1
230886 10 1
230891 16 1
230905 18 1
230925 15 1
230956 17 1
231007 22 1
231009 16 1
231015 19 1
231015 5 -1
231023 23 1
231047 13 -1
231071 20 1
231079 26 1
231082 18 1
231083 17 1
231106 8 -1
231122 11 -1
231184 7 -1
231192 19 1
231224 14 -1
231234 13 -1
231235 21 1
231244 10 -1
231252 15 -1
231254 12 -1
231272 29 1
231285 17 1
231286 18 1
231294 0 -1
231313 16 -1
231333 14 -1
231355 13 -1
231380 9 -1
231419 15 -1
231462 16 -1
231495 14 -1
231511 15 -1
231563 16 -1
231601 17 -1
231611 19 -1
231611 15 -1
231637 11 -1
231661 16 -1
231673 18 -1
231722 17 -1
231724 24 -1
231732 15 -1
231756 20 -1
231806 16 -1
231809 21 -1
231828 22 -1
231828 17 -1
231831 6 1
231921 13 1
231922 8 1
231928 18 -1
231933 12 1
231949 14 1
231953 10 1
231960 27 -1
231981 19 -1
231993 20 -1
232010 17 -1
232038 2 1
232062 11 1
232078 23 -1
232089 31 -1
232110 25 -1
232110 7 1
232111 13 1
232115 15 1
232117 14 1
232121 12 1
232142 16 1
232158 10 1
232196 21 -1
232196 9 1
232239 11 1
232260 28 -1
232266 15 1
232271 14 1
232272 16 1
232303 13 1
232354 15 1
232379 18 1
232395 14 1
232400 17 1
232414 16 1
232424 19 1
232470 0 -1
232473 1 -1
232523 17 1
232529 12 -1
232545 15 1
232565 22 1
232573 16 1
232596 18 1
232658 20 1
232716 17 1
232739 16 1
232757 19 1
232768 18 1
232819 23 1
232865 6 -1
232867 14 -1
232884 3 -1
232896 17 1
232908 5 -1
232935 8 -1
232940 13 -1
232953 24 1
232955 11 -1
232956 15 -1
232959 21 1
232969 18 1
232988 7 -1
233022 10 -1
233046 12 -1
233066 15 -1
233067 13 -1
233074 14 -1
233103 16 -1
233190 14 -1
233190 17 -1
233210 15 -1
233222 20 -1
233246 13 -1
233249 9 1
233254 16 -1
233302 19 -1
233313 12 1
233316 11 1
233356 15 -1
233373 16 -1
233391 17 -1
233431 18 -1
233464 22 -1
233564 17 -1
233568 13 1
233582 0 1
233592 25 -1
233596 19 -1
233641 14 1
233670 2 1
233689 4 -1
233721 21 -1
233729 20 -1
233799 15 1
233860 16 1
233866 6 1
233877 12 1
233882 3 1
233899 10 1
233926 9 1
233928 14 1
233963 11 1
233969 18 1
233979 13 1
233985 16 1
233993 15 1
234001 8 -1
234048 17 1
234065 5 1
234100 16 1
234108 19 1
234108 26 1
234143 15 1
234146 14 1
234178 24 1
234194 18 1
234251 17 1
234253 23 1
234253 7 -1
234295 1 1
234334 16 1
234350 19 1
234355 27 1
234366 10 -1
234382 12 -1
234409 2 1
234419 11 -1
234422 20 1
234430 6 -1
234452 9 -1
234464 14 -1
234464 13 -1
234470 15 -1
234479 8 -1
234551 17 -1
234559 12 -1
234559 22 1
234581 30 1
234583 14 -1
234589 15 -1
234593 13 -1
234616 16 -1
234624 24 1
234677 18 -1
234753 21 -1
234754 15 -1
234791 16 -1
234806 14 -1
234822 0 -1
234831 17 -1
234898 18 -1
234942 19 -1
234946 16 -1
234959 15 -1
234970 23 -1
234998 17 -1
235021 3 1
235035 18 -1
235046 20 -1
235053 9 1
235071 16 -1
235112 12 1
235123 17 -1
235131 22 -1
235131 10 1
235155 11 1
235181 19 -1
235182 31 -1
235185 21 -1
235187 13 1
235204 5 1
235204 25 -1
235228 20 -1
235252 8 1
235252 18 -1
235252 26 -1
235306 14 1
235332 15 1
235357 23 -1
235377 19 -1
235377 0 -1
235389 4 1
235397 7 -1
235410 21 -1
235413 12 1
235433 16 1
235441 20 -1
235488 14 1
235515 24 -1
235558 22 -1
235590 15 1
235608 1 -1
235628 16 1
235631 17 1
235679 13 1
235681 11 1
235708 18 1
235735 8 1
235762 21 -1
235772 10 1
235800 0 1
235812 16 1
235824 15 1
235842 17 1
235853 14 1
235875 9 -1
235904 13 1
235915 11 -1
235928 6 -1
235934 2 -1
235936 20 1
235953 19 1
235957 18 1
235959 17 1
235977 7 -1
236000 12 -1
236011 10 -1
236017 16 1
236095 5 1
236100 15 -1
236106 0 -1
236129 14 -1
236164 1 -1
236174 17 1
236235 11 1
236239 19 1
236259 13 -1
236271 4 -1
236272 18 1
236299 27 -1
236304 3 1
236305 9 -1
236364 14 -1
236374 0 1
236388 2 -1
236401 8 1
236432 1 -1
236455 15 -1
236471 12 1
236484 16 -1
236525 23 -1
236658 19 1
236678 20 1
236710 10 1
236772 11 1
236783 18 1
236818 21 1
236827 13 1
236836 12 1
236839 14 1
236858 28 1
236917 15 1
236948 22 1
236960 29 1
236976 17 1
237000 25 1
237010 19 1
237016 20 1
237018 16 1
237043 14 1
237051 18 1
237078 15 1
237097 26 1
237116 9 -1
237124 21 1
237165 23 1
237171 20 1
237173 19 1
237181 22 1
237201 16 1
237212 24 1
237234 13 -1
237234 7 -1
237271 18 1
237349 11 -1
237357 12 -1
237363 6 -1
237373 31 1
237375 10 -1
237381 21 1
237389 3 -1
237430 14 -1
237443 17 -1
237463 13 -1
237467 15 -1
237483 20 1
237492 0 1
237516 16 -1
237524 12 -1
237548 22 1
237585 15 -1
237610 14 -1
237610 8 -1
237628 13 -1
237636 25 1
237642 5 -1
237663 21 1
237669 23 1
237674 30 1
237693 15 -1
237693 17 -1
237697 16 -1
237713 19 -1
237717 28 1
237725 18 -1
237768 14 -1
237801 16 -1
237804 17 -1
237878 15 -1
237896 18 -1
237918 20 -1
237932 19 -1
237957 17 -1
237973 16 -1
237998 18 -1
238048 19 -1
238071 17 -1
238077 20 -1
238093 9 1
238125 24 -1
238144 10 1
238152 11 1
238152 13 1
238160 18 -1
238164 19 -1
238168 12 1
238179 14 1
238192 15 1
238211 2 -1
238265 21 -1
238275 1 -1
238281 17 -1
238301 19 -1
238309 20 -1
238343 0 1
238353 22 -1
238359 14 1
238394 16 1
238414 4 1
238463 15 1
238482 7 -1
238490 26 -1
238506 20 -1
238522 21 -1
238533 27 -1
238583 16 1
238598 11 -1
238676 0 1
238700 19 -1
238700 23 -1
238712 1 1
238727 18 1
238740 22 -1
238770 8 -1
238796 13 -1
238805 17 1
238813 21 -1
238823 9 -1
238856 24 -1
238890 3 -1
238923 0 -1
238974 20 -1
238984 14 -1
238985 2 -1
239006 12 -1
239027 15 -1
239119 16 -1
239135 29 -1
239135 22 -1
239135 1 -1
239171 23 -1
239188 6 -1
239248 25 -1
239248 10 -1
239269 21 -1
239280 15 -1
239336 17 -1
239350 18 1
239366 11 1
239368 13 1
239397 7 1
239449 22 -1
239449 9 1
239460 12 1
239484 14 1
239501 10 1
239522 5 1
239523 11 1
239543 24 -1
239554 26 -1
239564 31 -1
239566 15 1
239587 13 1
239594 14 1
239614 16 1
239675 12 1
239677 15 1
239685 20 1
239706 18 1
239707 19 1
239739 17 1
239745 16 1
239774 14 1
239785 21 1
239833 8 -1
239846 19 1
239878 20 1
239908 15 1
239910 18 1
239973 10 1
239985 17 1
239997 13 -1
240005 16 1
240037 20 1
240045 19 1
240061 18 1
240086 23 1
240166 11 -1
240187 21 1
240194 20 1
240209 9 -1
240220 14 -1
240251 22 1
240275 13 -1
240287 4 -1
240287 12 -1
240295 27 1
240319 19 1
240331 17 -1
240338 8 -1
240342 15 -1
240348 6 -1
240350 14 -1
240359 25 1
240367 7 -1
240399 13 -1
240400 16 -1
240418 12 -1
240424 10 -1
240433 15 -1
240437 11 -1
240470 17 -1
240488 18 -1
240490 16 -1
240493 14 -1
240522 13 -1
240534 0 1
240559 15 -1
240566 17 -1
240573 16 -1
240585 9 1
240604 18 -1
240622 14 -1
240651 19 -1
240661 16 -1
240671 15 -1
240682 2 1
240695 12 1
240703 28 -1
240706 17 -1
240708 18 -1
240730 24 -1
240754 20 -1
240778 11 1
240877 19 -1
240877 18 -1
240895 17 -1
240918 5 1
240918 21 -1
240934 12 1
240939 13 1
240975 10 1
240996 16 1
241004 1 1
241006 15 1
241016 14 1
241020 3 1
241025 8 1
241039 18 -1
241076 23 -1
241116 25 -1
241173 13 1
241173 15 1
241181 7 1
241183 14 1
241210 11 1
241211 17 1
241215 16 1
241232 12 1
241255 15 1
241285 14 1
241293 19 1
241294 22 1
241298 16 1
241318 13 1
241350 20 1
241370 17 1
241381 15 1
241415 16 1
241422 14 1
241433 9 -1
241433 18 1
241455 24 1
241476 21 1
241501 17 1
241503 16 1
241527 19 1
241539 10 -1
241583 6 -1
241601 17 1
241605 18 1
241608 11 -1
241608 20 1
241634 16 1
241660 22 1
241691 12 -1
241696 15 -1
241715 21 1
241716 23 1
241731 14 -1
241732 13 -1
241739 18 1
241761 26 1
241769 4 1
241813 19 1
241841 30 1
241865 15 -1
241893 13 -1
241908 0 1
241916 12 -1
241922 11 -1
241928 14 -1
241990 17 -1
242000 16 -1
242018 21 1
242019 8 -1
242025 15 -1
242035 1 -1
242072 18 -1
242077 13 -1
242088 2 -1
242095 16 -1
242103 10 -1
242112 14 -1
242157 15 -1
242163 9 -1
242182 17 -1
242195 20 -1
242218 16 -1
242238 19 -1
242256 15 -1
242260 18 -1
242265 14 -1
242274 17 -1
242292 3 1
242359 16 -1
242378 12 1
242400 31 -1
242408 11 1
242421 19 -1
242421 25 -1
242431 17 -1
242433 20 -1
242445 22 -1
242469 7 1
242470 10 1
242470 18 -1
242471 13 1
242542 12 1
242604 6 1
242605 14 1
242606 13 1
242606 15 1
242625 8 1
242636 11 1
242655 16 1
242711 20 -1
242719 14 1
242722 9 1
242738 0 1
242747 17 1
242759 1 1
242769 15 1
242802 16 1
242808 12 1
242859 14 1
242875 15 1
242908 16 1
242939 17 1
242958 21 1
242969 13 1
242982 18 1
242989 19 1
242996 15 1
243044 24 1
243064 16 1
243066 23 1
243120 17 1
243151 27 1
243162 5 -1
243162 18 1
243203 10 -1
243227 19 1
243251 22 1
243255 17 1
243291 15 -1
243346 14 -1
243388 29 1
243388 9 -1
243401 11 -1
243420 16 -1
243423 0 1
243433 12 -1
243446 13 -1
243468 20 1
243474 3 -1
243479 2 -1
243484 14 -1
243523 15 -1
243538 18 1
243597 16 -1
243705 0 -1
243734 15 -1
243750 17 -1
243809 16 -1
243885 1 -1
243947 24 1
243972 19 -1
243990 18 -1
243996 16 -1
244012 0 -1
244024 17 -1
244038 14 1
244040 13 1
244059 21 -1
244105 10 1
244172 15 1
244194 22 -1
244204 0 1
244210 12 1
244234 4 1
244242 20 -1
244296 8 1
244308 13 1
244319 7 1
244338 11 1
244339 9 1
244343 16 1
244355 14 1
244379 17 1
244387 15 1
244387 18 1
244435 13 1
244443 12 1
244475 14 1
244489 15 1
244510 16 1
244512 10 -1
244526 5 -1
244534 17 1
244569 6 -1
244577 11 -1
244588 23 1
244616 19 1
244645 2 1
244701 16 1
244725 26 1
244736 3 1
244758 25 1
244763 28 1
244763 21 1
244774 12 -1
244774 17 1
244775 13 -1
244824 1 1
244827 15 -1
244859 14 -1
244881 11 1
244892 18 1
244894 0 1
244951 7 -1
244951 9 -1
244999 8 -1
244999 10 -1
245107 15 -1
245160 20 -1
245160 14 -1
245173 16 -1
245213 19 -1
245225 13 -1
245238 15 -1
245269 17 -1
245278 12 -1
245297 18 -1
245343 11 1
245372 16 -1
245446 19 -1
245466 22 -1
245487 10 1
245504 14 1
245519 17 -1
245523 23 -1
245595 18 -1
245619 20 -1
245622 21 -1
245636 13 1
245676 24 -1
245688 19 -1
245740 0 1
245757 15 1
245826 12 -1
245829 22 -1
245837 31 -1
245893 20 -1
245923 6 1
245934 16 1
245958 23 -1
245977 8 1
245982 9 1
246014 4 1
246015 5 1
246031 17 1
246036 11 1
246060 3 1
246095 21 -1
246099 1 -1
246111 26 -1
246159 7 -1
246176 16 1
246181 14 1
246251 15 1
246267 18 1
246272 2 1
246353 27 -1
246374 12 -1
246398 0 1
246405 16 1
246417 17 1
246458 10 1
246466 19 1
246482 25 -1
246498 23 -1
246536 18 1
246603 20 1
246623 1 1
246631 17 1
246699 13 1
246732 18 1
246745 15 1
246756 22 1
246816 19 1
246826 21 1
246848 17 1
246885 20 1
246909 16 1
246912 18 1
246955 24 1
246984 0 1
247014 19 1
247019 11 -1
247019 9 -1
247153 14 -1
247163 1 -1
247223 8 1
247239 10 1
247266 0 1
247272 20 1
247325 12 1
247328 13 1
247331 21 1
247427 28 1
247449 11 1
247465 19 1
247485 22 1
247502 15 1
247578 7 -1
247690 20 1
247731 21 1
247739 4 1
247763 23 1
247771 25 1
247787 13 -1
247793 18 -1
247819 22 1
247830 14 -1
247857 24 1
247857 2 1
247872 10 1
247943 31 1
247975 3 -1
247986 6 -1
247986 12 1
248013 0 1
248055 1 1
248056 9 -1
248061 17 -1
248104 21 1
248104 8 -1
248110 26 1
248158 27 1
248166 11 -1
248174 29 1
248179 30 1
248222 16 -1
248234 19 -1
248249 15 -1
248287 22 1
248330 12 -1
248335 14 -1
248335 18 -1
248353 17 -1
248375 20 -1
248432 13 -1
248448 16 -1
248458 19 -1
248518 18 -1
248545 5 1
248641 11 1
248706 17 -1
248738 19 -1
248742 20 -1
248811 10 -1
248813 0 -1
248848 18 -1
248899 21 -1
248933 19 -1
248947 20 -1
248964 23 -1
248964 24 -1
249008 22 -1
249044 2 1
249130 21 -1
249136 15 1
249137 20 -1
249189 14 1
249275 9 -1
249278 13 1
249340 11 -1
249342 16 1
249350 19 -1
249385 21 -1
249391 23 -1
249399 25 -1
249404 12 -1
249426 18 1
249479 10 1
249487 22 -1
249512 24 -1
249525 0 -1
249528 1 -1
249552 20 -1
249616 17 1
249632 7 1
249662 2 -1
249673 3 1
249678 8 1
249788 16 1
249796 9 1
249826 18 1
249845 12 1
249845 0 -1
249855 15 1
249858 17 1
249877 27 -1
249896 14 1
249930 11 1
249937 13 1
249949 16 1
249987 19 1
249995 15 1
250029 18 1
250035 20 1
250049 21 1
250051 17 1
250092 4 -1
250118 19 1
250118 6 -1
250126 10 -1
250140 12 -1
250147 18 1
250172 16 1
250263 5 1
250264 14 -1
250269 11 -1
250301 20 1
250301 22 1
250321 17 1
250325 19 1
250333 13 -1
250339 0 -1
250355 21 1
250382 23 1
250400 18 1
250446 26 1
250473 15 -1
250495 8 -1
250511 25 1
250513 14 -1
250543 9 -1
250588 12 -1
250591 13 -1
250593 16 -1
250595 20 1
250623 15 -1
250631 7 -1
250650 28 1
250652 10 -1
250678 17 -1
250715 14 -1
250728 15 -1
250740 13 -1
250760 19 -1
250760 16 -1
250763 11 -1
250766 12 -1
250833 18 -1
250838 17 -1
250838 14 -1
250876 15 -1
250893 16 -1
250943 18 -1
250962 22 -1
250968 19 -1
250974 17 -1
250996 16 -1
251005 24 -1
251042 15 -1
251042 21 -1
251048 18 -1
251050 13 1
251054 20 -1
251080 17 -1
251101 6 1
251123 10 1
251127 23 -1
251144 8 1
251152 14 1
251168 18 -1
251199 19 -1
251203 29 -1
251203 12 1
251278 0 1
251280 1 1
251284 17 -1
251316 3 1
251316 16 1
251320 20 -1
251332 13 1
251356 25 -1
251391 14 1
251396 15 1
251405 9 1
251418 11 1
251469 7 1
251481 16 1
251509 4 1
251523 14 1
251525 26 -1
251529 10 1
251552 30 -1
251553 15 1
251572 17 1
251574 27 -1
251595 18 1
251598 12 1
251608 13 1
251619 16 1
251643 11 1
251646 15 1
251698 19 1
251720 17 1
251724 14 1
251749 16 1
251759 15 1
251783 22 1
251799 21 1
251815 20 1
251815 18 1
251831 23 1
251852 16 1
251858 17 1
251898 19 1
251931 18 1
251968 17 1
251971 9 -1
251976 13 -1
251998 12 -1
252052 21 1
252073 10 -1
252078 15 -1
252079 24 1
252081 19 1
252084 11 -1
252135 14 -1
252138 2 -1
252170 18 1
252178 20 1
252182 1 1
252186 5 -1
252234 12 -1
252242 16 -1
252252 13 -1
252272 14 -1
252289 15 -1
252331 22 1
252336 8 -1
252379 21 1
252395 17 -1
252419 14 -1
252421 16 -1
252457 15 -1
252486 11 -1
252496 13 -1
252518 16 -1
252522 17 -1
252540 19 -1
252559 18 -1
252581 15 -1
252631 17 -1
252679 16 -1
252718 18 -1
252723 12 1
252734 14 1
252809 0 -1
252815 17 -1
252841 6 1
252846 20 -1
252857 3 1
252871 10 1
252883 19 -1
252884 31 -1
252907 13 1
252911 9 1
252943 1 -1
252975 7 1
252991 23 -1
252994 15 1
253008 18 -1
253024 14 1
253040 11 1
253056 12 1
253068 16 1
253110 15 1
253144 13 1
253173 17 1
253201 16 1
253233 15 1
253260 14 1
253335 21 1
253392 16 1
253429 17 1
253432 24 1
253475 18 1
253499 22 1
253511 20 1
253547 4 -1
253588 19 1
253588 16 1
253642 0 1
253652 25 1
253663 8 -1
253682 15 -1
253686 13 -1
253701 9 -1
253717 14 -1
253781 10 -1
253840 12 -1
253852 15 -1
253862 17 -1
253910 23 1
253926 0 -1
253934 16 -1
254023 14 -1
254039 1 1
254152 15 -1
254152 18 -1
254164 17 -1
254203 0 1
254224 16 -1
254313 19 -1
254324 3 1
254329 13 1
254404 2 1
254431 11 1
254490 17 -1
254515 1 -1
254579 12 1
254619 10 1
254627 9 1
254636 8 1
254637 14 1
254641 16 1
254667 11 1
254670 15 1
254732 5 -1
254734 13 1
254764 21 1
254807 14 1
254813 15 1
254821 20 1
254821 17 1
254837 7 -1
254840 18 1
254853 0 -1
254877 16 1
254950 12 -1
254952 24 1
254968 6 1
254974 26 1
255046 13 -1
255062 22 1
255103 25 1
255127 19 1
255162 28 1
255218 15 -1
255219 4 1
255251 14 -1
255300 1 -1
255312 29 1
255328 10 -1
255334 3 -1
255420 0 -1
255422 15 -1
255430 11 -1
255465 16 -1
255473 18 -1
255498 17 -1
255581 9 -1
255637 16 -1
255667 13 -1
255687 19 -1
255719 20 -1
255726 8 1
255753 2 1
255758 12 1
255763 7 1
255772 17 -1
255804 23 -1
255812 10 1
255812 18 -1
255817 14 1
255820 1 1
255855 21 -1
255860 15 1
255962 5 -1
255973 19 -1
256061 20 -1
256067 11 -1
256086 24 -1
256107 27 -1
256118 6 1
256118 16 1
256126 0 -1
256142 22 -1
256150 12 -1
256150 9 1
256220 21 -1
256303 10 1
256315 1 -1
256365 2 -1
256368 4 -1
256408 0 1
256428 17 1
256451 14 1
256537 13 1
256553 16 1
256591 15 1
256601 22 -1
256636 1 -1
256666 18 1
256669 0 1
256682 23 -1
256687 11 -1
256714 3 1
256843 2 -1
256924 31 -1
256935 24 -1
256942 1 -1
256960 19 1
256992 17 1
257064 18 1
257117 20 1
257144 8 -1
257182 12 -1
257198 10 -1
257295 9 1
257313 0 -1
257324 2 1
257351 19 1
257393 1 1
257445 21 1
257483 5 1
257504 11 1
257536 7 1
257552 13 1
257577 17 1
257617 18 1
257687 15 1
257690 16 1
257697 20 1
257732 14 1
257764 19 1
257770 25 1
257778 21 1
257794 10 1
257816 3 -1
257826 23 1
257846 22 1
257879 17 1
257885 8 -1
257887 20 1
257939 26 1
257972 18 1
257982 21 1
258009 12 -1
258020 4 -1
258052 19 1
258084 28 1
258092 22 1
258165 23 1
258167 20 1
258175 14 -1
258197 13 -1
258240 24 1
258245 6 -1
258269 15 -1
258283 21 1
258298 16 -1
258299 11 -1
258310 29 1
258312 9 -1
258320 1 1
258337 12 -1
258342 22 1
258369 14 -1
258409 18 -1
258439 10 -1
258441 17 -1
258455 19 -1
258457 16 -1
258463 13 -1
258475 15 -1
258514 11 -1
258514 27 1
258551 26 1
258554 14 -1
258557 31 1
258564 17 -1
258576 18 -1
258583 15 -1
258608 20 -1
258614 16 -1
258660 19 -1
258672 13 -1
258691 18 -1
258710 0 1
258716 16 -1
258719 17 -1
258745 14 -1
258777 23 -1
258788 21 -1
258793 19 -1
258793 15 -1
258821 20 -1
258843 16 -1
258847 12 1
258848 18 -1
258874 25 -1
258884 17 -1
258974 19 -1
259029 18 -1
259059 20 -1
259059 17 -1
259094 24 -1
259115 30 -1
259131 13 1
259147 22 -1
259161 21 -1
259169 2 1
259182 19 -1
259207 18 -1
259216 20 -1
259236 7 1
259255 9 1
259258 14 1
259266 5 -1
259303 12 1
259303 15 1
259341 16 1
259392 0 -1
259413 19 -1
259437 8 -1
259456 17 1
259467 15 1
259470 13 1
259496 16 1
259526 22 -1
259554 1 -1
259566 21 -1
259591 23 -1
259603 20 -1
259609 0 -1
259615 11 -1
259625 3 -1
259649 17 1
259797 2 -1
259824 25 -1
259840 18 1
259873 16 1
259873 10 -1
259909 0 -1
259937 14 -1
260007 21 -1
260039 28 -1
260039 24 -1
260044 12 -1
260093 15 -1
260114 26 -1
260146 4 1
260157 1 -1
260163 9 1
260211 6 1
260216 0 1
260224 11 1
260233 18 1
260280 10 1
260292 22 -1
260343 14 1
260368 13 1
260372 17 1
260388 7 1
260404 8 1
260449 19 1
260477 15 1
260496 11 1
260509 14 1
260512 12 1
260523 18 1
260594 16 1
260610 20 1
260635 15 1
260673 21 1
260705 3 1
260716 9 -1
260721 1 1
260727 19 1
260759 23 1
260799 17 1
260815 13 -1
260818 18 1
260819 20 1
260864 16 1
260877 14 -1
260888 0 1
260906 19 1
260920 27 1
260987 21 1
261011 2 1
261017 20 1
261041 10 -1
261081 12 -1
261150 13 -1
261156 5 -1
261167 8 -1
261186 15 -1
261226 14 -1
261231 11 -1
261253 18 -1
261258 16 -1
261259 17 -1
261275 22 1
261317 15 -1
261391 16 -1
261468 19 -1
261469 17 -1
261479 14 -1
261484 20 -1
261508 13 -1
261508 18 -1
261524 15 -1
261587 16 -1
261595 17 -1
261613 12 1
261637 10 1
261661 6 1
261677 23 -1
261712 18 -1
261742 19 -1
261766 25 -1
261769 24 -1
261770 17 -1
261790 0 -1
261806 11 1
261846 14 1
261847 1 -1
261855 13 1
261871 21 -1
261887 26 -1
261908 9 1
261930 18 -1
261954 15 1
261975 19 -1
261976 4 1
262032 20 -1
262034 16 1
262060 13 1
262080 12 1
262086 14 1
262092 15 1
262173 16 1
262221 17 1
262228 15 1
262300 14 1
262306 22 1
262319 18 1
262348 17 1
262358 16 1
262402 15 1
262467 7 -1
262483 18 1
262510 3 1
262531 16 1
262556 17 1
262576 19 1
262632 10 -1
262666 12 -1
262684 11 -1
262717 13 -1
262738 14 -1
262752 21 1
262757 22 1
262779 18 1
262792 0 -1
262797 20 1
262811 24 1
262843 2 -1
262851 15 -1
262854 23 1
262894 16 -1
262902 1 -1
262966 13 -1
262983 8 -1
263036 14 -1
263047 12 -1
263057 17 -1
263085 15 -1
263095 19 -1
263118 16 -1
263212 17 -1
263259 16 -1
263326 28 -1
263327 15 -1
263348 18 -1
263359 9 1
263371 17 -1
263404 0 -1
263426 20 -1
263438 19 -1
263477 6 1
263493 14 1
263520 21 -1
263600 12 1
263606 18 -1
263630 0 -1
263638 11 1
263659 29 -1
263684 13 1
263700 10 1
263735 2 -1
263756 16 1
263757 15 1
263780 17 1
263823 14 1
263933 15 1
264000 16 1
264014 5 -1
264030 7 -1
264062 22 1
264115 17 1
264127 4 -1
264148 0 -1
264256 1 1
264304 19 1
264310 3 1
264347 18 1
264369 23 1
264423 2 -1
264433 15 -1
264465 24 1
264473 16 -1
264535 0 -1
264546 20 1
264578 13 -1
264594 25 1
264605 14 -1
264616 8 -1
264702 11 -1
264745 9 -1
264750 12 -1
264758 1 -1
264776 16 -1
264824 17 -1
264847 0 -1
264960 15 -1
265001 10 1
265046 4 1
265082 13 1
265102 14 1
265153 6 -1
265174 11 1
265191 16 1
265223 1 1
265271 3 -1
265293 15 1
265296 0 -1
265304 18 1
265373 12 -1
265387 2 -1
265449 13 -1
265454 5 1
265473 7 1
265562 17 1
265577 19 1
265604 27 1
265620 11 1
265658 10 1
265719 1 -1
265736 9 -1
265755 24 1
265798 0 -1
265798 8 -1
265884 12 -1
265911 14 -1
265948 26 1
266001 13 -1
266029 16 -1
266077 23 -1
266083 15 -1
266099 2 1
266109 21 -1
266125 20 -1
266166 18 -1
266206 10 1
266279 17 -1
266383 22 -1
266391 19 -1
266448 16 -1
266480 20 -1
266518 21 -1
266561 25 -1
266571 11 1
266604 14 1
266636 31 -1
266641 0 -1
266679 18 -1
266765 3 1
266797 9 1
266811 15 1
266819 4 -1
266835 12 1
266891 13 1
266919 1 1
266926 21 -1
266956 0 1
266972 16 1
266980 14 1
266980 23 -1
267024 17 1
267055 15 1
267173 19 1
267173 22 -1
267177 10 -1
267198 18 1
267205 2 1
267227 0 -1
267283 12 -1
267302 17 1
267419 1 -1
267453 30 -1
267496 13 -1
267496 24 -1
267501 11 1
267506 15 -1
267568 16 -1
267592 6 1
267646 14 1
267651 9 1
267674 0 1
267678 8 1
267681 12 1
267713 20 1
267721 7 1
267769 19 1
267806 13 1
267823 11 1
267864 18 1
267885 15 1
267890 10 1
267904 3 -1
267925 14 1
267931 5 -1
267951 16 1
267983 19 1
267983 20 1
268011 23 1
268012 17 1
268051 22 1
268092 21 1
268097 27 1
268102 12 -1
268146 18 1
268156 19 1
268156 16 1
268172 15 1
268249 20 1
268277 21 1
268317 25 1
268339 18 1
268354 17 1
268376 28 1
268377 8 -1
268390 26 1
268403 14 -1
268406 22 1
268408 19 1
268462 31 1
268466 13 -1
268491 23 1
268494 20 1
268495 24 1
268511 9 -1
268532 21 1
268551 10 -1
268611 22 1
268617 0 -1
268624 7 -1
268626 11 -1
268648 12 -1
268653 14 -1
268698 13 -1
268701 15 -1
268704 16 -1
268742 27 1
268752 18 -1
268758 17 -1
268784 20 1
268787 14 -1
268800 29 1
268814 15 -1
268827 16 -1
268853 13 -1
268881 24 1
268889 26 1
268916 18 -1
268929 19 -1
268942 17 -1
268962 22 1
268986 25 1
268988 16 -1
268997 15 -1
269010 11 1
269052 17 -1
269097 19 -1
269097 18 -1
269117 12 1
269171 21 -1
269179 17 -1
269195 20 -1
269203 14 1
269224 16 -1
269281 18 -1
269308 19 -1
269354 9 1
269365 23 -1
269365 8 1
269383 20 -1
269421 1 1
269424 18 -1
269447 19 -1
269461 15 1
269502 17 -1
269515 21 -1
269601 2 1
269608 19 -1
269649 0 1
269650 20 -1
269655 10 1
269727 16 1
269735 13 1
269751 3 -1
269768 1 -1
269773 15 1
269775 21 -1
269794 6 -1
269898 0 1
269904 22 -1
269977 20 -1
270033 19 -1
270033 21 -1
270041 23 -1
270127 14 -1
270138 17 1
270170 1 -1
270223 22 -1
270235 20 -1
270342 24 -1
270380 25 -1
270385 21 -1
270396 18 1
270416 23 -1
270417 11 1
270461 31 -1
270504 30 -1
270525 4 1
270555 0 -1
270622 13 1
270642 22 -1
270654 5 1
270662 1 -1
270697 12 1
270732 2 -1
270775 23 -1
270794 14 1
270831 19 1
270831 15 1
270859 16 1
270869 28 -1
270885 18 1
270933 21 -1
270944 26 -1
270987 8 1
271000 20 1
271020 15 1
271025 17 1
271038 12 1
271041 25 -1
271041 7 1
271041 10 1
271064 18 1
271075 13 1
271084 9 1
271092 14 1
271094 11 1
271105 24 -1
271109 16 1
271115 19 1
271185 20 1
271204 15 1
271214 17 1
271224 16 1
271238 18 1
271245 14 1
271280 19 1
271282 6 -1
271309 21 1
271314 20 1
271333 12 -1
271337 17 1
271352 18 1
271379 22 1
271391 19 1
271419 11 -1
271427 27 1
271427 10 -1
271459 13 -1
271508 20 1
271518 19 1
271518 12 -1
271521 0 1
271548 14 -1
271588 29 1
271594 3 -1
271594 21 1
271602 15 -1
271620 16 -1
271624 13 -1
271653 23 1
271661 22 1
271665 20 1
271685 17 -1
271725 19 1
271725 1 -1
271728 5 -1
271739 15 -1
271755 18 -1
271761 14 -1
271825 2 1
271830 13 -1
271840 16 -1
271841 9 -1
271846 21 1
271849 15 -1
271862 17 -1
271890 14 -1
271910 8 -1
271913 11 -1
271916 12 -1
271932 16 -1
271945 15 -1
272007 13 -1
272009 17 -1
272010 18 -1
272017 16 -1
272108 10 1
272109 15 -1
272110 16 -1
272110 18 -1
272136 24 -1
272140 17 -1
272144 4 1
272146 19 -1
272207 18 -1
272216 20 -1
272239 17 -1
272243 14 1
272273 7 1
272281 25 -1
272314 18 -1
272339 19 -1
272343 0 1
272377 12 1
272378 26 -1
272383 9 1
272438 13 1
272458 11 1
272458 21 -1
272462 16 1
272490 19 -1
272506 15 1
272509 14 1
272563 22 -1
272567 20 -1
272576 0 -1
272598 18 -1
272635 1 1
272641 15 1
272672 17 1
272678 14 1
272718 16 1
272753 12 1
272829 16 1
272830 15 1
272831 17 1
272833 13 1
272877 10 1
272882 14 1
272941 23 1
272943 17 1
272971 15 1
272986 16 1
273028 18 1
273046 19 1
273049 11 -1
273109 17 1
273143 16 1
273159 20 1
273167 6 1
273170 18 1
273221 0 1
273272 13 -1
273272 17 1
273288 14 -1
273300 19 1
273301 3 -1
273306 1 1
273307 8 -1
273332 7 -1
273339 28 1
273347 15 -1
273355 12 -1
273384 4 1
273387 21 1
273395 2 1
273425 27 1
273441 10 -1
273473 18 1
273498 16 -1
273564 14 -1
273577 15 -1
273581 9 -1
273622 13 -1
273695 16 -1
273715 15 -1
273726 11 -1
273729 17 -1
273736 12 -1
273795 20 -1
273812 22 -1
273812 24 -1
273812 16 -1
273828 19 -1
273918 17 -1
273941 23 -1
273954 18 -1
273983 5 1
274048 21 -1
274064 14 1
274069 17 -1
274102 20 -1
274102 13 1
274147 0 1
274150 18 -1
274155 15 1
274156 8 1
274169 12 1
274174 16 1
274182 1 1
274182 26 -1
274214 25 -1
274220 3 1
274243 14 1
274287 13 1
274327 30 -1
274382 15 1
274424 10 1
274444 16 1
274444 17 1
274464 19 1
274478 11 1
274478 14 1
274507 15 1
274561 16 1
274601 17 1
274617 7 -1
274650 22 1
274692 16 1
274706 18 1
274750 19 1
274819 17 1
274827 20 1
274832 6 -1
274875 1 1
274924 13 -1
274940 12 -1
274940 16 1
274940 14 -1
274950 21 1
274983 15 -1
275026 18 1
275079 0 -1
275105 19 1
275141 4 1
275157 23 1
275192 9 -1
275195 1 -1
275219 24 1
275246 14 -1
275294 0 -1
275302 20 1
275321 11 -1
275329 15 -1
275350 13 -1
275375 17 -1
275399 16 -1
275455 22 1
275504 3 1
275552 2 1
275555 0 1
275574 18 -1
275588 17 -1
275595 15 -1
275617 12 1
275721 1 1
275745 31 1
275749 16 -1
275821 5 -1
275942 0 1
275979 19 -1
275995 4 1
276080 1 -1
276116 18 -1
276148 10 -1
276175 6 1
276202 0 1
276208 2 1
276218 24 1
276250 3 1
276301 20 -1
276326 17 1
276347 21 -1
276374 7 1
276515 1 1
276527 19 -1
276527 16 1
276600 0 -1
276611 2 1
276702 3 -1
276913 0 -1
276928 14 1
276949 9 1
277019 8 -1
277038 2 -1
277079 1 -1
277164 4 -1
277202 11 -1
277207 5 -1
277228 23 -1
277237 13 -1
277237 10 -1
277253 17 -1
277274 15 -1
277309 12 -1
277309 0 -1
277314 21 -1
277341 25 -1
277344 14 -1
277357 18 -1
277438 20 -1
277442 16 -1
277449 3 1
277494 22 -1
277510 19 -1
277516 8 1
277523 17 -1
277553 10 1
277575 9 1
277584 11 1
277599 7 1
277605 13 1
277645 12 1
277680 1 -1
277693 15 1
277698 14 1
277728 13 1
277788 16 1
277808 6 -1
277830 18 1
277835 15 1
277916 11 -1
277958 16 1
277959 14 1
277970 12 -1
278014 17 1
278022 19 1
278023 15 1
278038 20 1
278099 29 1
278099 10 1
278115 23 1
278147 26 1
278171 18 1
278179 21 1
278195 17 1
278232 16 1
278238 27 1
278276 22 1
278278 20 1
278310 19 1
278338 18 1
278409 13 -1
278416 15 -1
278416 8 -1
278456 11 -1
278475 24 1
278491 2 -1
278493 25 1
278496 28 1
278501 12 -1
278509 0 1
278520 14 -1
278520 9 -1
278584 13 -1
278584 16 -1
278609 21 1
278622 17 -1
278646 11 -1
278646 20 1
278652 14 -1
278662 15 -1
278668 12 -1
278687 22 1
278759 10 1
278789 16 -1
278834 14 -1
278861 18 -1
278872 15 -1
278876 19 -1
278888 17 -1
278963 1 1
279009 16 -1
279035 17 -1
279121 18 -1
279132 19 -1
279182 17 -1
279202 16 -1
279226 20 -1
279259 6 1
279271 18 -1
279283 0 1
279291 7 1
279302 15 1
279323 21 -1
279323 23 -1
279345 3 -1
279355 13 1
279356 9 1
279424 19 -1
279452 11 1
279487 12 1
279527 1 -1
279538 14 1
279538 18 -1
279549 22 -1
279557 17 1
279575 16 1
279602 15 1
279635 24 -1
279705 0 1
279726 16 1
279785 30 1
279788 15 1
279839 10 -1
279879 13 -1
279887 17 1
279906 2 1
279962 1 -1
279989 8 -1
280059 18 1
280065 14 -1
280129 20 -1
280185 13 -1
280193 4 -1
280215 15 -1
280226 12 -1
280238 16 -1
280290 14 -1
280290 26 -1
280344 9 -1
280365 11 -1
280391 19 -1
280456 17 -1
280465 15 -1
280468 23 -1
280473 31 -1
280476 21 -1
280502 16 -1
280623 24 -1
280645 10 1
280645 17 -1
280673 16 -1
280698 0 -1
280709 5 1
280709 18 -1
280713 19 -1
280717 22 -1
280725 20 -1
280758 25 -1
280763 12 1
280806 14 1
280806 7 1
280808 13 1
280827 15 1
280902 11 1
280924 21 -1
280951 3 1
280951 0 -1
280983 29 -1
280994 14 1
281024 23 -1
281053 8 1
281074 27 -1
281075 28 -1
281090 15 1
281124 16 1
281128 13 1
281152 14 1
281160 9 1
281164 17 1
281214 12 1
281253 16 1
281273 20 1
281287 15 1
281287 18 1
281307 17 1
281329 19 1
281372 16 1
281375 24 -1
281426 18 1
281434 17 1
281464 15 1
281491 19 1
281491 1 -1
281509 21 1
281547 22 1
281581 20 1
281620 16 1
281630 18 1
281652 13 -1
281652 17 1
281676 10 -1
281689 0 1
281692 14 -1
281708 25 1
281716 19 1
281754 11 -1
281756 12 -1
281762 6 -1
281762 21 1
281813 15 -1
281849 14 -1
281889 20 1
281891 18 1
281926 22 1
281936 13 -1
281942 16 -1
281944 15 -1
282051 17 -1
282076 2 -1
282084 21 1
282087 0 -1
282127 12 1
282175 16 -1
282184 1 1
282240 10 1
282261 11 1
282272 23 1
282304 14 1
282369 15 1
282425 20 1
282482 26 1
282486 13 1
282536 18 -1
282619 17 1
282675 21 1
282686 14 1
282691 22 1
282699 15 1
282707 9 1
282726 16 1
282761 24 1
282780 23 1
282837 31 1
282965 16 1
282973 19 1
282998 8 -1
283010 22 1
283022 25 1
283038 7 -1
283043 3 -1
283075 11 -1
283078 12 -1
283086 10 -1
283094 0 1
283098 1 1
283116 15 -1
283126 23 1
283130 13 -1
283161 14 -1
283212 21 1
283320 20 -1
283328 17 -1
283330 27 1
283341 14 -1
283344 16 -1
283363 12 -1
283373 15 -1
283476 18 -1
283477 19 -1
283489 16 -1
283509 17 -1
283517 13 -1
283518 15 -1
283540 14 -1
283545 5 -1
283631 18 -1
283642 22 -1
283674 20 -1
283694 16 -1
283712 19 -1
283717 21 -1
283722 15 -1
283725 17 -1
283782 24 -1
283837 20 -1
283862 18 -1
283908 23 -1
283916 11 1
283948 19 -1
283984 13 1
284007 0 1
284008 20 -1
284031 21 -1
284050 9 1
284061 4 -1
284077 14 1
284098 12 1
284125 28 -1
284142 10 1
284174 15 1
284182 22 -1
284186 1 -1
284192 3 1
284194 16 1
284222 2 -1
284241 0 -1
284242 17 1
284262 20 -1
284270 7 1
284303 13 1
284303 21 -1
284356 15 1
284359 16 1
284416 26 -1
284450 17 1
284480 19 1
284480 18 1
284555 6 -1
284566 0 -1
284577 8 1
284727 11 1
284727 2 -1
284738 21 -1
284740 18 1
284742 1 1
284781 5 -1
284818 22 -1
284822 17 1
284845 9 -1
284899 29 -1
284904 14 -1
284931 16 -1
284945 0 -1
284963 10 -1
285028 18 1
285068 19 1
285092 4 1
285125 25 -1
285168 15 -1
285244 0 -1
285250 1 -1
285254 12 1
285254 23 -1
285291 2 -1
285388 3 -1
285487 13 1
285528 14 1
285630 31 -1
285673 20 1
285681 0 -1
285737 16 1
285743 1 1
285753 7 1
285812 8 1
285925 15 1
285952 11 1
285983 17 1
286019 19 1
286027 12 1
286047 16 1
286081 18 1
286097 21 1
286124 13 1
286156 24 1
286168 20 1
286213 3 -1
286261 22 1
286334 17 1
286339 14 -1
286358 19 1
286382 4 1
286382 21 1
286393 2 1
286441 0 -1
286457 15 -1
286462 20 1
286493 1 -1
286683 6 1
286699 3 -1
286704 25 1
286705 26 1
286712 0 -1
286744 23 1
286747 30 1
286777 10 -1
286797 16 -1
286812 9 -1
286817 15 -1
286922 17 -1
286967 14 -1
286986 18 -1
287010 19 -1
287010 13 -1
287011 0 1
287059 2 1
287096 15 -1
287115 1 -1
287127 16 -1
287127 17 -1
287198 21 -1
287256 19 -1
287263 12 1
287276 20 -1
287338 18 -1
287349 11 1
287360 8 1
287381 22 -1
287392 5 -1
287440 1 1
287489 14 1
287521 24 -1
287650 0 1
287655 16 1
287663 20 -1
287768 3 1
287768 15 1
287768 1 1
287845 17 1
287894 2 -1
287933 4 -1
287951 9 -1
288015 18 1
288022 10 -1
288031 0 1
288080 11 -1
288090 13 -1
288270 0 -1
288301 1 1
288321 6 1
288332 7 1
288359 12 1
288402 14 1
288445 3 -1
288461 19 1
288574 13 1
288638 27 1
288639 16 1
288655 2 1
288692 15 1
288735 20 1
288735 0 -1
288810 8 1
288816 17 1
288859 18 1
288988 21 1
289037 19 1
289074 23 1
289101 15 1
289106 22 1
289133 11 -1
289155 10 -1
289160 9 -1
289208 18 1
289213 12 -1
289229 14 -1
289267 16 -1
289267 1 -1
289291 20 1
289301 13 -1
289388 17 -1
289415 11 -1
289425 14 -1
289485 13 -1
289499 16 -1
289506 15 -1
289545 19 -1
289557 10 -1
289606 18 -1
289644 17 -1
289648 15 -1
289670 12 -1
289681 21 -1
289697 14 -1
289708 16 -1
289713 24 -1
289767 26 -1
289785 17 -1
289811 20 -1
289826 18 -1
289855 19 -1
289855 22 -1
289879 16 -1
289880 0 -1
289885 15 -1
289948 17 -1
289960 21 -1
289982 18 -1
289984 2 1
289992 7 1
290032 19 -1
290057 31 -1
290057 25 -1
290075 13 1
290083 14 1
290099 28 -1
290105 23 -1
290193 20 -1
290210 22 -1
290218 4 1
290234 14 1
290251 15 1
290262 1 1
290271 11 1
290271 21 -1
290277 12 1
290304 6 1
290314 16 1
290325 24 -1
290387 15 1
290390 9 1
290423 17 1
290427 10 1
290459 13 1
290514 16 1
290521 18 1
290529 8 1
290544 19 1
290562 17 1
290615 14 1
290653 16 1
290658 15 1
290766 18 1
290774 17 1
290784 0 -1
290825 3 1
290890 19 1
290895 2 1
290931 20 1
290943 18 1
290964 12 -1
291023 13 -1
291028 16 -1
291044 1 1
291061 5 -1
291069 14 -1
291160 15 -1
291206 11 -1
291227 16 -1
291267 17 -1
291308 12 -1
291314 15 -1
291324 9 -1
291346 19 -1
291370 14 -1
291400 18 -1
291424 16 -1
291425 17 -1
291442 21 -1
291483 13 -1
291485 15 -1
291515 20 -1
291555 17 -1
291585 18 -1
291628 22 -1
291652 26 -1
291656 16 -1
291692 10 1
291700 17 -1
291716 23 -1
291741 0 1
291765 19 -1
291829 27 -1
291837 20 -1
291856 18 -1
291894 29 -1
291926 15 1
291931 2 1
291968 1 1
291980 12 1
291990 25 -1
291994 13 1
291996 14 1
292033 11 1
292033 24 -1
292083 16 1
292130 21 -1
292192 23 -1
292216 15 1
292220 17 1
292229 14 1
292299 0 1
292321 16 1
292337 13 1
292417 19 1
292450 20 1
292455 18 1
292468 17 1
292474 16 1
292474 7 -1
292485 8 -1
292592 28 -1
292627 0 1
292639 17 1
292662 18 1
292667 22 1
292724 19 1
292769 14 -1
292769 15 -1
292831 2 1
292873 1 1
292898 21 1
292933 16 -1
292933 0 1
292998 4 1
293057 3 1
293062 19 1
293070 20 1
293151 12 1
293162 9 1
293194 6 -1
293204 15 -1
293280 18 1
293328 22 1
293398 2 -1
293429 1 -1
293473 10 -1
293476 0 -1
293522 17 -1
293570 3 1
293591 21 1
293634 11 1
293667 14 1
293784 1 1
293788 2 -1
293796 31 1
293796 8 1
293804 23 1
293860 25 1
293863 0 -1
293989 5 1
293989 24 1
294021 20 1
294126 22 1
294134 13 -1
294134 0 1
294247 19 -1
294247 26 1
294268 27 1
294279 16 -1
294336 1 -1
294413 3 1
294489 2 -1
294565 0 -1
294591 18 -1
294646 1 -1
294709 15 -1
294714 17 -1
294831 4 1
294835 0 -1
294849 24 1
294859 16 -1
294881 21 -1
294894 2 -1
294924 20 -1
294996 19 -1
295023 1 1
295031 18 -1
295069 0 1
295174 7 1
295262 12 1
295287 13 1
295292 3 1
295295 10 1
295311 14 1
295319 2 1
295343 22 -1
295416 17 1
295451 21 -1
295500 1 1
295601 23 1
295623 0 -1
295633 25 1
295670 16 1
295687 15 1
295816 5 1
295819 3 -1
295837 1 -1
295837 11 -1
295894 2 1
295945 6 -1
295977 18 1
295988 9 1
296117 30 1
296133 19 1
296149 4 -1
296171 0 1
296281 2 -1
296367 1 -1
296386 12 -1
296423 17 -1
296461 14 -1
296488 3 -1
296514 15 -1
296525 0 -1
296590 5 1
296822 0 -1
296915 4 1
296919 1 -1
296923 20 -1
296950 2 -1
296988 18 -1
297003 6 1
297068 7 1
297073 8 1
297116 16 1
297130 0 -1
297159 11 1
297175 3 1
297286 1 1
297294 13 1
297310 22 -1
297342 17 1
297408 0 1
297552 4 1
297578 5 -1
297579 31 1
297622 2 1
297697 23 -1
297820 3 -1
297866 1 1
297885 0 1
297890 10 -1
297933 14 -1
297995 19 -1
298035 16 -1
298051 29 -1
298062 24 -1
298127 15 -1
298266 21 -1
298374 25 -1
298395 9 1
298417 0 1
298420 1 1
298422 2 -1
298696 12 -1
298704 22 -1
298707 3 -1
298743 1 1
298745 23 -1
298777 26 -1
298782 24 -1
298914 2 1
298930 0 1
298970 13 1
298997 27 -1
298997 28 -1
299018 11 1
299059 4 1
299123 17 1
299188 16 1
299212 8 1
299212 18 1
299223 0 -1
299228 20 1
299239 14 1
299244 12 1
299279 15 1
299301 13 1
299309 19 1
299488 17 1
299524 21 1
299538 20 1
299546 19 1
299553 0 -1
299567 18 1
299591 22 1
299603 16 1
299639 10 -1
299704 23 1
299760 14 -1
299781 15 -1
299792 19 1
299824 21 1
299833 7 -1
299867 1 -1
299889 9 -1
299910 6 1
299927 2 1
299943 24 1
299953 3 -1
299978 17 -1
299994 20 1
300007 12 -1
300045 14 -1
300061 18 -1
300062 16 -1
300098 13 -1
300109 0 1
300160 15 -1
300231 17 -1
300276 22 1
300364 16 -1
300372 11 -1
300425 17 -1
300464 18 -1
300512 15 -1
300529 19 -1
300552 1 -1
300695 5 1
300746 0 1
300759 25 -1
300800 19 -1
300862 2 -1
300864 1 -1
300878 18 -1
300888 20 -1
300910 21 -1
300912 10 1
300915 14 1
301001 15 1
301034 17 1
301037 16 1
301146 0 -1
301178 13 1
301211 23 1
301232 8 -1
301263 16 1
301267 1 1
301372 12 -1
301416 17 1
301419 0 1
301447 18 1
301474 3 1
301511 14 -1
301533 11 -1
301581 4 -1
301624 2 1
301659 0 -1
301780 15 -1
301809 1 1
301877 9 -1
301898 0 -1
301920 26 1
301936 19 1
301944 16 -1
302081 2 -1
302097 17 -1
302162 7 1
302204 1 -1
302264 0 1
302301 3 1
302307 13 1
302414 12 1
302414 15 1
302452 4 1
302627 0 -1
302651 6 -1
302674 1 -1
302694 16 1
302747 3 1
302761 2 1
302863 0 1
303081 5 1
303129 20 1
303186 2 -1
303196 1 -1
303220 14 -1
303298 0 1
303435 18 -1
303476 4 1
303516 10 1
303532 11 1
303544 1 1
303551 0 1
303586 2 -1
303591 3 1
303597 24 1
303860 0 1
303911 1 1
303951 5 1
303983 15 1
304016 13 -1
304091 3 -1
304153 4 1
304177 12 1
304252 2 -1
304274 17 1
304276 0 -1
304338 16 1
304358 1 1
304478 8 -1
304524 0 -1
304542 6 1
304564 11 -1
304612 7 -1
304671 21 1
304687 3 -1
304768 14 -1
304854 2 1
304923 1 -1
304943 0 -1
305047 4 1
305048 15 -1
305096 17 -1
305152 19 -1
305160 23 -1
305166 9 1
305209 18 -1
305233 16 -1
305338 22 -1
305491 0 -1
305531 20 -1
305533 1 1
305617 14 1
305628 13 1
305633 2 1
305660 21 -1
305660 30 -1
305660 24 -1
305692 25 -1
305765 0 1
305773 15 1
305805 17 1
305886 12 -1
305923 3 1
305926 16 1
305938 1 -1
306047 23 -1
306058 5 -1
306068 11 1
306093 0 -1
306111 19 1
306112 18 1
306243 2 -1
306273 10 -1
306454 1 1
306477 3 -1
306498 0 1
306579 4 -1
306654 2 -1
306754 0 -1
306756 22 1
306788 6 1
306799 18 1
306805 1 -1
306826 8 1
306829 20 1
306893 19 1
306909 5 1
307092 2 1
307103 0 -1
307212 1 1
307423 3 -1
307487 21 1
307498 4 -1
307514 20 1
307552 27 1
307573 2 -1
307664 0 -1
307679 1 1
307729 5 -1
307756 7 -1
307788 17 -1
307820 22 1
307917 14 -1
307957 13 -1
308003 12 -1
308003 15 -1
308042 1 -1
308118 19 -1
308159 0 1
308180 2 -1
308186 18 -1
308245 3 -1
308497 9 -1
308558 1 -1
308602 4 1
308691 16 1
308719 0 -1
308847 3 -1
308863 6 -1
308890 2 1
309062 17 1
309099 21 -1
309110 10 -1
309142 1 1
309150 7 -1
309298 5 -1
309333 0 -1
309338 2 1
309368 20 -1
309412 1 -1
309427 3 -1
309594 12 1
309618 4 -1
309696 6 1
309751 1 1
309766 11 -1
309787 26 -1
309934 0 -1
310002 8 1
310045 15 -1
310049 1 -1
310056 3 -1
310077 2 -1
310158 5 1
310166 0 -1
310206 13 1
310222 4 1
310378 0 1
310475 14 1
310593 22 -1
310597 1 -1
310690 25 -1
310712 9 1
310746 2 1
310910 3 -1
310913 0 1
310932 4 -1
311045 19 1
311085 1 -1
311163 2 1
311206 12 -1
311246 7 1
311426 1 1
311469 0 -1
311496 5 1
311561 4 -1
311625 6 1
311725 3 -1
311808 11 -1
311880 2 1
311883 23 1
311915 1 1
312040 0 1
312125 20 1
312141 16 1
312152 24 1
312195 18 1
312254 0 1
312272 1 1
312281 21 1
312286 3 -1
312367 29 1
312507 2 -1
312509 0 1
312528 4 -1
312646 8 -1
312651 1 -1
312689 13 1
312775 5 -1
312807 6 -1
312915 7 -1
312942 2 1
313006 3 1
313079 0 1
313141 1 -1
313431 10 1
313463 1 -1
313503 4 1
313509 3 1
313587 2 1
313592 17 -1
313689 5 -1
313721 0 1
313764 6 1
313990 2 1
314044 1 -1
314129 15 1
314132 4 1
314178 3 -1
314420 0 -1
314430 8 1
314436 2 1
314447 7 -1
314580 1 -1
314658 0 -1
314704 16 -1
314710 5 -1
314886 1 -1
314930 0 -1
314968 3 1
315140 2 1
315196 4 1
315220 6 1
315229 1 -1
315269 22 -1
315333 12 1
315398 14 1
315481 0 -1
315527 1 -1
315551 2 -1
315580 3 -1
315677 5 1
315806 9 -1
315849 19 1
315906 0 -1
315935 11 -1
315978 21 1
315984 1 1
316010 20 1
316043 10 1
316164 4 -1
316166 2 1
316193 0 1
316279 8 1
316322 6 -1
316456 3 -1
316462 13 -1
316494 18 -1
316528 1 1
316629 0 1
316870 2 -1
316901 1 1
316919 0 1
316958 4 1
317026 7 -1
317139 17 1
317155 0 1
317160 15 1
317230 5 1
317284 16 1
317349 3 1
317349 2 1
317449 1 -1
317714 0 -1
317772 1 -1
317824 2 1
317870 12 -1
317924 8 1
317945 3 1
318010 4 1
318131 1 1
318246 2 1
318268 7 1
318281 0 -1
318300 9 1
318407 18 -1
318461 17 -1
318569 14 1
318582 5 1
318622 15 1
318647 0 -1
318655 1 1
318681 3 1
318687 19 -1
318695 16 1
318714 6 -1
318829 2 1
318872 0 1
319029 4 1
319030 1 1
319192 0 -1
319283 10 -1
319332 11 -1
319396 5 1
319435 0 -1
319509 1 1
319520 2 -1
319600 3 -1
319658 4 1
319849 0 1
319926 2 -1
320029 1 1
320116 8 1
320159 9 1
320197 3 -1
320288 6 1
320299 12 1
320364 13 1
320396 1 -1
320415 0 1
320552 2 1
320557 17 1
320579 21 1
320638 5 -1
320750 4 -1
320751 14 -1
320751 7 -1
320756 0 -1
320968 1 -1
321008 0 1
321030 3 -1
321041 2 1
321159 15 -1
321202 16 -1
321320 0 1
321446 1 -1
321455 2 -1
321460 11 1
321500 4 1
321514 6 -1
321659 0 1
321768 1 -1
321868 3 -1
322059 0 -1
322137 2 -1
322145 4 1
322169 5 1
322258 1 -1
322331 17 1
322341 31 1
322387 0 1
322419 3 1
322535 12 -1
322556 13 -1
322621 6 -1
322621 2 1
322626 0 -1
322685 20 -1
322717 7 1
322790 1 -1
322857 15 -1
322895 3 -1
322943 18 -1
322965 5 1
323064 0 1
323119 1 1
323126 8 -1
323217 4 1
323274 0 1
323314 10 1
323373 11 1
323416 9 -1
323427 1 -1
323440 2 -1
323502 3 1
323550 0 1
323652 6 -1
323818 1 -1
323846 16 1
323947 4 1
323983 7 1
324069 0 1
324093 5 1
324123 2 1
324233 3 -1
324350 1 1
324553 2 -1
324556 8 1
324840 0 1
324870 1 -1
324921 3 1
324971 4 -1
325162 1 1
325187 2 1
325200 14 -1
325346 7 -1
325362 3 1
325362 9 -1
325394 23 1
325410 0 -1
325458 5 -1
325474 10 -1
325501 6 -1
325523 21 1
325684 19 -1
325695 15 -1
325761 1 1
325824 12 1
325888 2 1
325926 0 -1
326095 4 1
326127 1 1
326216 3 -1
326232 20 -1
326281 5 1
326297 2 1
326518 1 1
326555 16 1
326555 18 1
326574 0 -1
326668 17 1
326676 3 1
326740 4 1
326898 11 -1
326974 7 -1
326984 1 1
327041 2 -1
327084 3 1
327089 0 -1
327286 6 1
327286 14 -1
327361 1 -1
327409 4 1
327554 5 -1
327681 0 1
327683 2 1
327726 3 1
327844 13 1
327879 1 -1
327925 0 -1
328090 4 -1
328124 8 1
328151 2 1
328213 0 -1
328264 3 -1
328373 1 -1
328436 6 1
328495 5 -1
328651 16 -1
328651 2 -1
328661 15 -1
328705 1 1
328790 9 -1
328815 0 -1
328968 3 -1
329040 1 1
329066 4 1
329110 7 1
329124 2 -1
329362 1 1
329392 19 -1
329392 0 1
329414 5 1
329468 8 -1
329693 3 -1
329736 18 1
329747 2 1
329878 1 1
330021 0 -1
330069 4 -1
330123 14 -1
330166 6 -1
330177 3 -1
330209 12 -1
330298 0 -1
330368 1 1
330403 2 1
330456 10 -1
330489 17 -1
330620 0 1
330710 1 -1
330738 4 -1
330787 7 -1
330811 8 -1
330822 3 -1
330843 16 1
330854 2 1
330918 5 -1
331187 0 1
331194 1 -1
331305 11 1
331332 3 -1
331381 6 1
331413 15 -1
331555 1 -1
331601 2 1
331733 0 1
331746 13 -1
331786 4 -1
331800 9 1
331843 5 -1
331885 1 -1
332090 2 -1
332149 3 1
332246 7 -1
332313 0 1
332393 1 1
332477 6 1
332512 2 -1
332568 4 1
332597 0 1
332746 1 -1
332800 0 1
333004 3 1
333093 2 -1
333185 4 -1
333267 5 -1
333302 1 1
333329 0 -1
333541 2 1
333568 3 -1
333649 8 1
333670 9 -1
333673 0 1
333821 6 1
333830 1 1
333912 0 -1
334141 1 -1
334208 2 1
334217 4 -1
334270 0 -1
334342 3 -1
334407 7 -1
334499 1 -1
334520 17 1
334527 0 -1
334562 5 -1
334788 3 1
334814 1 -1
334831 6 1
334839 0 -1
334909 2 -1
334943 4 -1
335132 20 1
335186 3 1
335197 8 -1
335207 0 -1
335326 10 -1
335366 1 -1
335379 2 -1
335487 0 1
335498 9 1
335530 5 1
335575 7 1
335820 2 1
335886 1 -1
335954 3 -1
335987 4 1
335989 0 -1
336185 11 1
336216 1 -1
336250 6 -1
336306 2 -1
336416 3 1
336443 21 1
336486 5 1
336542 0 -1
336728 7 1
336771 1 1
336804 0 -1
337002 9 -1
337027 2 1
337043 4 1
337063 1 -1
337102 0 -1
337131 19 -1
337196 16 1
337228 3 -1
337357 8 -1
337389 5 1
337414 1 1
337454 13 -1
337717 0 -1
337728 4 -1
337736 2 -1
337765 6 -1
337873 10 1
337905 15 -1
337950 1 1
338083 3 -1
338190 2 -1
338206 0 1
338268 1 1
338413 7 -1
338507 6 1
338529 11 -1
338604 3 -1
338762 1 1
338770 0 -1
338862 5 1
338910 2 1
338913 4 1
338980 12 -1
339010 7 1
339015 0 -1
339195 14 -1
339206 3 1
339282 1 -1
339311 0 1
339335 8 1
339388 6 -1
339534 2 1
339539 24 1
339622 1 1
339711 22 -1
339735 0 1
339797 3 1
339872 9 1
339953 10 1
339958 2 -1
339964 0 -1
339969 23 -1
340005 4 -1
340046 1 1
340055 5 1
340195 6 -1
340248 8 -1
340392 1 1
340399 0 -1
340544 3 1
340565 7 1
340670 2 -1
340791 4 -1
340922 1 1
341055 0 -1
341065 5 1
341259 18 1
341296 2 1
341318 0 1
341388 3 1
341468 1 1
341600 0 -1
341694 6 -1
341732 2 -1
341763 1 1
341871 4 -1
341992 7 1
342044 8 1
342044 9 1
342046 3 1
342119 0 -1
342258 1 1
342404 2 -1
342484 5 1
342648 0 1
342678 10 1
342710 11 1
342758 7 -1
342807 12 1
342811 1 1
342820 2 -1
342855 4 1
342984 6 -1
342989 3 1
343086 9 -1
343175 1 1
343301 2 -1
343312 0 1
343435 5 -1
343516 20 -1
343537 15 1
343584 4 1
343607 3 1
343645 17 -1
343661 8 1
343693 1 -1
343758 6 -1
343915 0 1
343919 7 1
343984 16 1
344000 13 1
344037 2 -1
344123 5 1
344188 8 1
344236 3 1
344242 1 -1
344260 0 -1
344279 11 1
344322 4 1
344494 2 -1
344548 9 -1
344560 0 -1
344612 1 -1
344897 6 -1
344927 7 -1
344956 0 1
345075 2 1
345077 3 1
345096 4 -1
345107 8 1
345122 1 -1
345203 5 -1
345236 14 1
345343 0 -1
345451 10 1
345494 12 1
345548 1 1
345607 9 -1
345625 0 1
345660 3 -1
345730 6 -1
345768 2 1
345773 7 -1
345886 0 -1
345930 1 -1
346071 4 1
346085 5 -1
346144 2 1
346182 15 -1
346183 0 -1
346343 11 1
346434 3 -1
346491 1 1
346571 0 -1
346590 2 -1
346638 8 -1
346724 6 1
346821 7 -1
346848 9 1
346855 1 1
346982 16 1
347031 2 -1
347141 0 -1
347280 3 -1
347281 8 -1
347297 13 -1
347305 4 -1
347321 10 -1
347353 1 -1
347356 5 1
347490 7 -1
347541 6 1
347633 2 -1
347654 8 1
347684 0 -1
347708 14 1
347826 9 -1
347885 1 1
347904 0 -1
347950 4 -1
347968 3 1
348062 7 -1
348078 6 1
348144 0 1
348204 1 1
348272 10 -1
348312 2 1
348379 5 -1
348444 3 -1
348466 8 -1
348514 1 1
348525 0 1
348653 11 1
348654 12 -1
348721 2 -1
348752 0 -1
348836 1 1
348877 7 -1
348906 3 1
349062 9 1
349084 18 1
349194 0 -1
349296 4 -1
349346 1 1
349358 2 1
349449 5 -1
349449 6 -1
349602 3 1
349610 7 1
349642 17 -1
349723 8 -1
349728 0 1
349836 2 1
349900 21 -1
349904 1 1
349968 0 1
350211 4 1
350244 0 -1
350299 1 -1
350314 2 1
350362 3 1
350373 12 1
350392 7 -1
350432 10 -1
350443 5 -1
350529 6 1
350545 9 1
350551 8 1
350806 0 1
350835 19 1
350854 1 1
350911 3 1
351002 2 -1
351029 4 -1
351083 15 -1
351147 11 -1
351174 0 -1
351182 7 1
351196 8 1
351244 6 -1
351267 1 -1
351435 2 1
351476 0 -1
351581 1 -1
351650 10 -1
351738 16 1
351749 5 -1
351752 3 1
351792 9 1
351851 0 -1
351948 7 1
352028 6 -1
352065 1 -1
352101 13 -1
352104 2 -1
352179 14 -1
352200 8 1
352233 0 1
352278 4 -1
352440 1 -1
352491 3 -1
352534 5 1
352542 0 -1
352754 2 1
352856 6 1
352899 4 -1
352931 12 1
352931 9 1
352932 10 1
352947 1 -1
352965 0 -1
352974 8 -1
353028 7 -1
353082 3 1
353117 2 -1
353340 8 1
353383 24 -1
353415 9 1
353439 7 -1
353504 1 1
353611 0 1
353651 2 -1
353727 5 1
353727 18 -1
353830 1 -1
353856 6 -1
353920 11 -1
354060 2 -1
354092 17 1
354108 4 -1
354169 1 1
354173 7 1
354202 0 1
354210 3 1
354350 8 -1
354463 10 1
354490 0 -1
354519 1 -1
354570 9 -1
354715 8 1
354724 0 -1
354780 6 -1
354789 7 -1
354804 2 -1
354887 5 1
355080 1 1
355145 3 -1
355188 10 1
355204 4 -1
355231 12 1
355250 0 -1
355403 6 -1
355446 22 1
355446 7 -1
355484 2 1
355532 9 -1
355591 1 1
355597 5 1
355672 3 1
355771 0 -1
355898 2 1
355950 1 -1
355954 4 -1
356011 8 -1
356027 20 1
356306 14 -1
356371 0 1
356408 5 -1
356454 1 1
356478 11 -1
356510 13 -1
356553 2 1
356586 6 -1
356594 3 -1
356631 0 1
356635 4 -1
356768 7 1
356788 1 -1
356889 0 1
356994 2 -1
357085 3 -1
357112 5 -1
357139 1 1
357257 8 1
357349 9 1
357373 10 1
357424 0 -1
357462 4 -1
357462 6 -1
357494 2 1
357564 3 1
357611 1 1
357811 12 -1
357814 8 1
357897 7 -1
357937 1 1
357980 0 -1
357988 9 -1
358085 6 1
358131 2 -1
358160 5 -1
358208 11 -1
358453 1 -1
358504 8 -1
358526 3 1
358534 4 1
358539 0 -1
358614 2 -1
358751 7 1
358800 19 1
358837 0 -1
358848 10 -1
359034 1 1
359036 8 1
359060 6 -1
359109 0 -1
359154 9 -1
359165 15 -1
359208 3 -1
359316 2 -1
359356 1 1
359412 13 1
359455 5 1
359469 7 -1
359644 0 1
359650 1 -1
359789 6 1
359810 14 1
359912 4 1
359928 11 -1
359939 2 1
359950 3 1
359971 1 -1
360028 0 1
360057 10 1
360321 0 1
360323 7 -1
360369 5 -1
360485 2 1
360505 1 -1
360632 8 -1
360706 4 -1
360753 0 -1
360864 18 1
360869 9 1
360970 1 1
360976 3 -1
360995 2 -1
361121 6 -1
361326 0 -1
361371 1 1
361455 2 -1
361594 3 -1
361653 5 1
361671 0 1
361738 7 -1
361831 4 1
361887 1 -1
361928 9 1
361952 0 -1
361992 8 -1
362073 10 -1
362169 6 -1
362188 1 1
362207 3 1
362215 2 -1
362218 11 1
362317 0 1
362379 8 1
362422 5 -1
362443 7 -1
362502 12 -1
362544 1 1
362658 0 1
362669 6 -1
362777 3 -1
362863 13 1
362907 7 -1
362922 2 1
362949 9 -1
362951 0 1
363056 8 1
363082 1 1
363153 16 1
363174 5 -1
363212 0 1
363254 4 1
363373 2 1
363387 10 1
363423 1 -1
363460 0 1
363577 3 1
363577 8 1
363663 6 -1
363778 7 1
363837 0 -1
363921 1 1
364024 9 1
364034 11 1
364072 4 -1
364104 2 1
364120 8 -1
364249 7 1
364303 31 1
364354 10 -1
364369 0 -1
364411 17 -1
364432 3 -1
364455 1 1
364469 5 -1
364545 2 1
364582 6 1
364766 1 1
364825 7 1
364905 9 1
364921 0 1
364964 3 1
364969 8 -1
365012 2 1
365066 6 1
365165 5 -1
365200 0 1
365240 4 1
365265 13 -1
365270 14 -1
365281 12 -1
365307 1 1
365329 7 1
365335 8 1
365434 0 -1
365732 10 -1
365770 3 -1
365797 2 1
365847 1 1
365861 9 1
365945 0 -1
366168 7 -1
366184 11 1
366196 1 -1
366238 2 -1
366302 6 -1
366326 3 1
366382 5 1
366479 8 1
366653 1 1
366655 4 1
366667 19 -1
366667 0 1
366807 3 -1
366866 9 -1
366933 2 1
367011 18 1
367140 12 -1
367151 11 -1
367151 10 -1
367186 0 -1
367224 7 1
367258 1 -1
367328 8 -1
367358 6 1
367473 4 1
367482 0 -1
367549 9 -1
367558 1 1
367594 2 -1
367683 5 -1
367721 3 1
367749 0 -1
367868 1 -1
367917 6 -1
367989 8 -1
368038 7 1
368043 2 1
368151 3 -1
368155 1 -1
368274 0 1
368430 5 1
368449 10 1
368497 4 -1
368607 2 -1
368642 7 1
368645 6 1
368669 1 1
368753 8 -1
368774 12 -1
368817 9 -1
368838 15 -1
368839 0 1
369086 3 -1
369142 4 -1
369182 13 1
369203 7 -1
369204 0 1
369217 1 1
369279 6 1
369290 5 -1
369290 14 1
369290 2 -1
369338 8 1
369435 0 -1
369481 10 -1
369537 16 1
369602 1 1
369612 11 1
369612 9 1
369663 0 -1
369690 7 -1
369787 2 1
369932 4 1
369935 0 1
370010 5 1
370037 8 1
370047 3 1
370093 1 -1
370219 6 1
370247 10 -1
370297 0 -1
370343 17 -1
370363 7 -1
370404 1 1
370408 12 -1
370461 9 -1
370539 2 1
370582 3 -1
370711 0 -1
370750 1 -1
371007 0 -1
371010 8 1
371121 4 -1
371224 11 1
371232 1 -1
371267 6 -1
371268 2 -1
371284 5 -1
371402 3 1
371445 0 -1
371560 1 -1
371716 0 1
371730 2 1
371859 4 -1
371869 8 1
371927 7 -1
371955 18 1
371993 0 -1
372022 6 1
372090 9 1
372111 1 1
372111 3 -1
372208 2 1
372385 21 -1
372471 5 1
372536 7 1
372598 0 1
372616 3 1
372633 1 -1
372667 2 1
372998 11 -1
372998 8 1
373022 1 -1
373108 4 -1
373108 10 1
373159 9 -1
373165 0 1
373256 5 1
373275 2 1
373320 6 -1
373322 1 -1
373430 3 1
373549 0 -1
373568 16 1
373573 8 -1
373648 1 -1
373664 7 1
373761 15 1
373826 13 1
373831 6 -1
373847 0 -1
373860 9 -1
373922 2 -1
374019 12 -1
374100 0 -1
374170 8 -1
374180 1 -1
374272 3 1
374347 0 1
374398 2 -1
374414 4 1
374422 7 -1
374583 5 1
374664 1 1
374704 0 1
374793 6 1
374884 3 -1
374900 9 1
374922 14 1
374978 1 1
375045 2 1
375059 4 1
375083 17 1
375220 0 -1
375427 5 -1
375438 2 1
375490 1 -1
375516 3 1
375583 7 1
375653 8 1
375680 10 1
375779 0 1
375897 4 -1
375900 2 1
375997 3 1
376002 1 1
376041 0 1
376136 6 1
376260 0 1
376298 11 -1
376341 20 1
376341 22 1
376349 1 -1
376475 5 -1
376623 4 1
376658 2 -1
376787 3 -1
376830 0 1
376865 7 -1
376899 1 -1
377082 8 1
377090 2 1
377163 6 -1
377222 0 -1
377297 9 1
377485 1 1
377544 15 -1
377550 0 1
377706 3 -1
377770 1 -1
377776 7 1
377789 2 -1
377824 19 -1
377905 4 -1
377905 5 1
377985 0 -1
378114 13 -1
378125 3 -1
378130 10 1
378312 1 -1
378336 0 1
378431 2 -1
378447 11 -1
378501 12 -1
378601 0 -1
378723 1 1
378738 5 1
378840 6 -1
378904 2 -1
378940 4 -1
379028 0 -1
379028 8 1
379053 1 -1
379092 3 1
379380 7 1
379388 2 1
379473 1 -1
379538 0 -1
379555 9 -1
379581 4 1
379694 3 1
379811 1 1
379856 2 1
379888 6 1
379974 5 -1
380095 8 1
380117 7 1
380138 0 -1
380138 10 1
380232 3 -1
380259 9 -1
380323 1 -1
380371 0 1
380500 16 -1
380543 2 1
380615 0 1
380710 6 -1
380715 8 -1
380774 7 1
380851 1 -1
380866 12 1
380876 11 1
380968 4 1
381005 3 1
381204 2 1
381214 1 1
381237 0 -1
381285 5 -1
381419 7 1
381500 6 -1
381544 1 1
381586 8 -1
381591 3 1
381688 2 1
381726 4 1
381779 15 -1
381808 0 -1
381891 1 -1
382080 5 1
382137 7 -1
382145 9 1
382177 10 -1
382228 0 -1
382319 3 -1
382334 4 1
382352 2 1
382446 6 1
382451 1 -1
382478 0 -1
382693 8 -1
382731 0 -1
382844 2 -1
382961 1 1
382978 0 -1
383093 3 -1
383187 5 1
383193 7 1
383298 2 1
383300 1 1
383370 0 -1
383478 9 -1
383535 4 -1
383601 3 1
383628 11 -1
383725 13 -1
383781 1 -1
383937 0 -1
383951 17 -1
383972 2 -1
384015 10 1
384036 3 1
384079 6 -1
384080 1 1
384122 14 1
384123 8 -1
384187 12 -1
384192 5 1
384281 4 -1
384386 2 -1
384438 1 1
384454 7 1
384511 0 -1
384606 3 1
384730 0 -1
384767 18 1
384942 0 -1
384954 1 -1
385111 7 1
385144 2 -1
385160 9 1
385262 8 -1
385325 1 1
385329 4 1
385375 3 -1
385444 6 -1
385523 0 1
385541 15 1
385670 5 1
385842 11 -1
385842 2 1
385857 1 1
385858 8 1
385993 12 1
386059 0 1
386067 7 1
386261 6 1
386315 3 -1
386318 2 1
386409 10 1
386458 1 1
386578 4 -1
386648 0 -1
386724 9 1
386769 2 -1
386772 1 1
386788 3 1
386939 0 -1
387068 5 -1
387197 0 -1
387197 2 1
387218 8 -1
387260 4 1
387264 1 1
387497 19 -1
387514 3 1
387584 6 -1
387584 0 -1
387756 7 1
387812 1 1
387868 0 1
387906 2 -1
387981 4 -1
387981 12 1
387982 13 1
388003 5 -1
388142 9 -1
388155 1 -1
388320 3 -1
388325 0 -1
388443 6 1
388511 2 -1
388610 4 -1
388637 11 1
388637 14 -1
388650 1 1
388728 0 1
388755 10 1
388820 7 1
388854 3 1
388884 8 1
388927 2 -1
388970 0 1
389195 1 -1
389263 0 1
389309 6 -1
389416 5 1
389497 17 -1
389502 0 -1
389539 1 1
389542 3 1
389561 2 1
389634 4 1
389872 1 -1
389904 7 1
389954 0 -1
390005 2 -1
390034 8 -1
390230 1 1
390378 5 1
390445 2 -1
390464 3 1
390498 0 -1
390663 9 -1
390722 6 1
390786 11 -1
390819 1 1
390855 4 -1
391069 0 -1
391088 2 1
391120 3 1
391238 13 -1
391270 5 -1
391346 0 -1
391371 7 -1
391387 1 -1
391532 4 1
391544 8 1
391552 2 -1
391610 0 -1
391679 6 1
391770 1 1
391818 21 -1
391819 10 1
391840 3 -1
391939 0 1
392160 2 -1
392216 12 -1
392238 7 1
392254 0 1
392310 1 -1
392318 3 -1
392447 4 -1
392555 5 1
392603 9 1
392665 1 -1
392721 14 1
392722 16 1
392767 0 1
392791 2 1
392840 3 -1
393024 1 -1
393055 8 1
393060 4 -1
393237 15 -1
393256 2 1
393312 5 -1
393366 0 1
393495 6 1
393589 0 1
393618 1 -1
393624 11 -1
393640 3 -1
393656 4 1
393737 2 1
393842 0 1
393963 1 1
394043 8 1
394092 7 -1
394178 2 -1
394258 3 1
394277 0 -1
394475 1 -1
394522 0 -1
394640 5 -1
394712 4 1
394742 9 1
394882 2 -1
394933 0 1
394942 1 1
394979 10 -1
395113 6 1
395167 3 -1
395287 1 -1
395341 7 1
395494 4 1
395500 0 1
395546 2 -1
395609 1 -1
395715 8 -1
395860 9 -1
395906 3 -1
395935 5 1
396013 2 -1
396051 1 -1
396088 0 1
396143 7 1
396150 6 1
396478 10 1
396516 8 -1
396591 3 1
396607 1 -1
396634 12 1
396639 5 1
396645 2 1
396752 13 1
396760 0 1
396788 4 -1
396838 11 -1
397074 3 -1
397101 1 1
397150 9 -1
397167 0 -1
397225 6 1
397306 2 1
397429 7 1
397448 0 1
397498 1 -1
397537 5 -1
397580 3 -1
397752 2 -1
397838 0 -1
397869 4 -1
397972 8 1
398037 0 1
398044 1 -1
398187 6 1
398230 3 -1
398368 1 1
398402 0 -1
398445 4 1
398445 2 -1
398526 5 -1
398542 7 -1
398590 11 1
398673 1 -1
398816 10 1
398939 3 1
398977 0 1
399097 2 -1
399114 1 -1
399214 8 1
399223 4 -1
399305 0 -1
399445 9 -1
399485 1 -1
399493 3 -1
399557 20 -1
399574 0 1
399579 2 -1
399590 6 -1
399880 7 -1
399960 4 1
399971 1 -1
400004 0 -1
400030 12 -1
400052 8 1
400073 18 1
400138 5 1
400235 2 1
400278 0 -1
400331 10 1
400417 3 -1
400461 1 1
400654 0 1
400665 2 -1
400775 1 1
400851 4 -1
400928 3 -1
400965 11 -1
401008 6 1
401086 2 1
401101 1 -1
401164 0 1
401379 13 1
401428 5 1
401468 1 1
401514 9 1
401546 3 1
401707 0 1
401750 7 1
401766 2 1
401863 6 1
401901 8 1
401988 1 1
402180 2 1
402202 4 -1
402223 14 1
402258 0 -1
402363 5 -1
402427 1 1
402513 3 -1
402578 0 1
402653 10 1
402778 1 1
402782 7 1
402828 0 1
402841 2 1
402911 9 1
402943 16 1
402959 4 -1
403126 11 -1
403169 12 -1
403180 3 1
403286 1 1
403363 17 1
403405 0 -1
403416 8 1
403427 6 -1
403540 2 1
403624 1 1
403629 7 1
403663 5 1
403747 0 -1
403975 3 -1
404007 4 -1
404011 1 1
404021 0 1
404072 2 1
404406 0 -1
404470 6 -1
404499 1 1
404556 8 -1
404588 13 -1
404601 2 -1
404652 7 1
404717 15 1
404744 3 -1
404762 0 -1
404765 4 -1
404847 1 1
405004 0 1
405045 2 1
405082 9 1
405120 5 -1
405238 3 1
405297 1 -1
405415 6 1
405430 4 1
405578 0 -1
405684 2 1
405754 3 1
405759 11 1
405821 1 1
405996 5 1
406117 0 1
406146 1 -1
406222 3 -1
406265 8 1
406318 12 -1
406343 2 1
406394 9 1
406458 4 -1
406498 1 -1
406523 7 -1
406523 10 1
406735 0 -1
406762 2 1
406780 6 -1
406793 1 -1
406953 31 1
406996 0 -1
407151 4 1
407200 5 1
407266 1 -1
407296 19 1
407297 3 1
407307 0 -1
407364 2 1
407694 6 1
407732 7 -1
407807 0 1
407807 2 -1
407816 1 1
408017 8 1
408049 9 1
408113 3 1
408135 16 1
408161 1 1
408226 2 -1
408248 4 1
408439 0 -1
408554 10 -1
408619 3 1
408721 1 -1
408731 7 -1
408823 5 1
408898 2 -1
409038 0 -1
409145 6 -1
409191 1 1
409274 0 1
409360 3 -1
409430 2 -1
409473 4 1
409508 0 -1
409558 1 1
409672 8 1
409677 5 1
409844 3 1
409860 0 -1
409962 11 1
410094 1 1
410110 0 -1
410113 9 -1
410207 4 1
410215 2 -1
410392 3 -1
410513 7 -1
410559 0 -1
410586 12 1
410650 1 1
410747 6 -1
410833 2 1
410908 5 1
411021 1 -1
411083 0 -1
411214 3 -1
411257 2 -1
411271 4 -1
411381 0 -1
411618 1 1
411618 8 -1
411677 2 1
411679 0 -1
411698 6 1
411725 5 1
411779 3 1
411827 7 1
411948 1 1
411962 9 -1
412117 2 -1
412249 0 1
412323 1 1
412335 4 -1
412606 6 -1
412622 3 1
412628 11 1
412703 5 -1
412800 2 -1
412835 1 1
412862 0 -1
412915 7 1
412993 8 1
413028 4 -1
413052 10 1
413133 13 1
413157 1 1
413253 0 -1
413297 3 -1
413504 2 -1
413544 0 -1
413584 6 -1
413660 14 -1
413718 1 -1
413746 3 1
413961 2 -1
413963 0 -1
414068 5 1
414084 4 1
414219 9 -1
414232 1 -1
414350 3 1
414528 1 1
414625 7 1
414638 0 1
414729 2 1
414788 6 1
414810 1 -1
414823 3 1
414901 5 -1
414995 0 -1
415048 4 -1
415057 8 1
415149 1 1
415202 2 1
415321 0 1
415407 10 -1
415541 3 -1
415600 2 1
415677 1 1
415681 7 1
415713 0 -1
415781 4 -1
415810 12 1
415933 0 1
416205 1 -1
416218 6 1
416245 0 1
416285 3 -1
416309 2 1
416385 5 1
416503 4 1
416529 1 -1
416745 2 -1
416772 3 1
416836 0 -1
416928 8 1
417055 1 -1
417156 4 -1
417169 0 1
417185 6 1
417271 11 1
417418 1 1
417422 2 1
417425 0 1
417438 3 -1
417572 9 -1
417712 7 -1
417766 5 -1
417779 1 -1
417841 3 -1
417868 0 -1
418035 13 -1
418078 0 -1
418099 10 1
418104 2 -1
418284 4 -1
418292 3 -1
418357 1 1
418411 0 -1
418577 2 -1
418658 5 1
418688 1 1
418905 12 -1
418970 2 -1
418989 0 -1
419077 6 1
419077 9 -1
419217 8 -1
419240 1 1
419296 4 1
419314 3 1
419437 2 -1
419607 7 -1
419647 0 -1
419728 1 1
419808 5 1
419937 18 1
419941 4 1
420018 3 -1
420055 0 -1
420078 1 -1
420120 2 -1
420410 0 -1
420421 1 -1
420657 5 -1
420657 6 1
420738 0 1
420819 2 1
420820 1 -1
420867 3 -1
420970 0 -1
420973 4 1
420977 7 -1
421297 2 1
421312 1 -1
421356 15 -1
421493 0 -1
421507 9 -1
421625 3 -1
421650 4 -1
421813 6 1
421836 1 -1
421904 10 -1
421993 2 -1
422022 5 1
422090 0 1
422221 3 -1
422255 1 1
422323 7 1
422356 8 -1
422380 4 -1
422452 2 -1
422659 0 1
422796 11 -1
422809 1 1
422904 13 -1
422909 2 -1
422947 6 1
423001 3 -1
423154 1 -1
423208 0 1
423371 4 1
423431 9 -1
423441 5 1
423521 1 1
423595 2 1
423629 7 -1
423828 3 -1
423844 0 -1
424016 4 1
424068 2 1
424069 1 1
424344 5 1
424344 8 1
424382 3 -1
424411 1 -1
424489 0 -1
424715 2 1
424742 10 1
424774 6 -1
424927 1 -1
425035 0 -1
425081 4 -1
425226 12 -1
425274 3 1
425296 0 1
425403 2 -1
425468 1 1
425548 0 1
425629 7 -1
425774 6 1
425790 5 1
425830 1 -1
425833 2 1
426068 4 1
426126 0 1
426161 3 -1
426201 1 -1
426258 9 -1
426472 11 -1
426499 0 -1
426556 1 1
426558 3 -1
426561 2 -1
426671 5 -1
426731 0 1
426886 4 -1
426945 14 -1
426999 1 1
427075 8 -1
427174 3 1
427220 0 1
427246 6 1
427290 2 -1
427457 0 -1
427531 1 -1
427551 4 1
427590 3 -1
427644 5 1
427752 2 -1
427757 7 -1
427769 0 -1
427922 1 -1
428198 6 1
428284 0 1
428289 3 1
428313 4 1
428424 2 -1
428430 1 1
428641 0 1
428793 1 -1
428914 0 -1
429122 5 -1
429128 2 -1
429160 1 -1
429224 9 1
429225 10 -1
429246 3 1
429246 6 1
429278 0 -1
429297 7 -1
429385 4 -1
429558 0 1
429558 2 1
429686 1 1
429689 3 1
429740 15 1
429829 0 1
429923 8 -1
430009 5 1
430022 2 1
430059 1 1
430278 3 -1
430377 4 1
430412 0 -1
430485 2 1
430573 1 -1
430843 0 -1
430901 3 1
430944 6 -1
431082 4 1
431095 0 -1
431116 11 -1
431123 1 -1
431138 2 -1
431256 7 1
431293 3 1
431390 5 -1
431449 0 1
431494 1 -1
431546 9 1
431740 8 -1
431842 2 -1
432014 4 -1
432022 1 1
432051 6 1
432128 0 1
432143 3 1
432290 2 -1
432522 7 1
432578 1 1
432632 3 1
432663 4 1
432699 0 -1
432718 5 -1
432941 1 -1
432976 2 1
433250 0 1
433408 4 1
433433 2 1
433459 6 -1
433469 1 -1
433492 3 1
433626 10 -1
433653 5 -1
433653 0 -1
433825 8 -1
433900 2 -1
433908 7 1
433954 0 -1
434025 1 1
434083 12 1
434201 3 -1
434268 0 -1
434360 1 1
434408 4 -1
434561 2 -1
434591 0 1
434620 5 1
434701 3 1
434728 9 -1
434738 6 1
434747 1 -1
435029 2 -1
435040 0 1
435111 1 1
435158 4 -1
435287 3 1
435502 5 -1
435545 13 -1
435598 0 1
435617 1 1
435695 8 1
435754 2 -1
435835 6 -1
435851 3 -1
436125 7 -1
436133 4 1
436148 0 -1
436149 1 1
436190 11 1
436421 2 -1
436453 0 -1
436504 1 -1
436512 10 -1
436684 6 -1
436708 0 -1
436792 15 -1
436834 3 1
436840 2 1
436899 5 -1
436899 9 1
436986 1 -1
437117 4 1
437157 12 1
437251 0 -1
437321 2 -1
437346 1 1
437576 7 -1
437657 3 -1
437677 1 1
437748 6 1
437786 2 -1
437821 0 -1
437903 4 -1
438216 0 1
438232 3 1
438241 1 -1
438361 8 1
438388 5 1
438455 0 1
438533 2 -1
438592 4 1
438608 1 1
438697 0 -1
438770 16 -1
438966 0 -1
439033 3 -1
439033 6 1
439156 10 1
439205 1 1
439232 2 -1
439269 4 -1
439301 0 -1
439334 5 1
439425 9 -1
439457 11 -1
439519 7 -1
439549 3 -1
439678 2 -1
439773 1 -1
439809 0 1
440134 1 -1
440183 3 1
440293 4 1
440387 2 -1
440419 0 1
440511 1 -1
440650 6 1
440758 5 1
440793 3 1
440797 0 -1
440867 1 -1
440919 8 1
441040 2 -1
441078 0 1
441209 3 -1
441438 1 -1
441450 4 1
441462 0 1
441545 2 1
441551 7 1
441725 5 -1
441736 12 -1
441736 0 -1
441817 3 -1
441865 6 -1
441905 1 -1
442080 0 1
442143 4 -1
442220 10 -1
442247 2 -1
442294 1 -1
442419 3 -1
442630 0 -1
442714 5 1
442725 14 -1
442827 0 -1
442861 1 1
442865 7 1
442875 3 1
442961 2 -1
443004 8 1
443088 0 -1
443107 6 -1
443199 1 -1
443219 9 1
443300 4 -1
443413 3 1
443440 2 1
443516 0 -1
443536 1 1
443741 0 1
443993 4 1
444036 3 1
444062 1 -1
444085 5 -1
444090 6 -1
444147 2 1
444163 7 -1
444190 0 1
444431 1 -1
444609 2 1
444719 4 1
444748 0 -1
444859 3 -1
445001 1 1
445025 5 -1
445033 0 -1
445057 6 -1
445063 2 1
445068 11 -1
445297 0 1
445305 9 -1
445543 1 1
445573 3 -1
445590 7 -1
445649 8 1
445778 2 1
445807 4 -1
445882 0 1
445916 1 -1
446218 3 1
446229 2 1
446234 0 -1
446307 1 1
446358 12 1
446369 5 1
446460 4 -1
446460 0 1
446476 10 -1
446672 1 1
446863 2 -1
446869 6 1
446871 0 1
447067 3 1
447096 0 -1
447204 1 1
447326 0 -1
447422 8 1
447468 4 -1
447557 2 -1
447575 3 1
447686 7 1
447750 1 1
447766 13 1
447831 5 1
447911 6 1
447922 0 -1
448038 2 1
448163 1 -1
448207 3 1
448304 0 -1
448486 9 1
448497 2 1
448535 0 1
448669 4 -1
448693 1 -1
448777 5 -1
448941 0 -1
448954 2 1
449056 1 -1
449239 3 1
449260 8 1
449338 4 1
449435 1 -1
449532 0 1
449626 2 -1
449685 3 1
449696 5 -1
449782 7 1
449862 11 -1
449884 6 1
449967 1 -1
450048 4 1
450079 0 -1
450287 3 1
450298 2 1
450338 1 -1
450427 0 -1
450572 10 -1
450599 5 -1
450730 0 -1
450733 4 -1
450754 2 1
450808 12 -1
450906 1 1
450908 3 1
451066 15 1
451072 7 1
451158 0 -1
451260 6 -1
451324 3 -1
451410 0 -1
451434 1 -1
451507 2 -1
451612 0 -1
451733 4 1
451743 3 1
451801 1 -1
451948 2 -1
452050 5 -1
452156 1 1
452163 9 1
452179 0 -1
452184 8 1
452356 3 1
452391 2 -1
452394 6 -1
452519 1 -1
452722 0 -1
452926 4 -1
453071 2 1
453099 1 1
453119 7 1
453135 3 1
453276 0 -1
453313 6 1
453409 11 -1
453431 5 1
453474 10 -1
453506 0 1
453538 2 1
453639 1 1
453740 4 1
453748 0 1
453963 3 -1
454000 1 1
454087 9 -1
454243 2 1
454269 8 1
454280 0 -1
454291 5 -1
454431 3 1
454534 1 -1
454538 7 1
454570 6 1
454656 0 1
454800 4 1
454944 0 -1
454952 2 1
455058 1 -1
455231 3 -1
455409 2 1
455419 1 1
455430 0 -1
455613 5 -1
455668 0 -1
455836 4 1
455901 0 1
455909 7 -1
455965 1 1
456091 2 -1
456113 3 -1
456269 6 1
456433 0 -1
456489 1 1
456497 4 -1
456548 5 -1
456613 12 -1
456650 3 -1
456809 2 -1
456832 1 -1
456871 8 1
457005 0 -1
457042 11 -1
457215 10 -1
457274 2 -1
457300 3 1
457365 9 -1
457400 1 -1
457451 5 -1
457532 0 1
457593 4 1
457741 0 1
457795 1 1
457806 6 -1
457924 13 -1
457935 2 -1
457972 0 1
458021 7 -1
458186 1 1
458198 3 1
458289 14 -1
458478 0 1
458601 2 1
458687 3 1
458714 4 -1
458758 1 -1
458816 5 1
458977 6 -1
459047 0 1
459066 2 1
459129 1 -1
459300 3 1
459367 4 1
459504 7 -1
459515 2 1
459566 0 -1
459601 10 -1
459710 1 1
459773 5 -1
459800 3 -1
459812 0 -1
459859 8 -1
459939 2 -1
460052 16 -1
460071 0 -1
460224 9 1
460246 1 1
460359 3 1
460463 4 -1
460592 1 -1
460601 0 -1
460638 6 -1
460638 2 -1
460951 1 -1
460955 11 1
461009 3 1
461072 4 -1
461111 0 1
461133 5 1
461322 1 -1
461356 2 -1
461423 3 -1
461487 7 -1
461643 8 -1
461761 6 -1
461772 0 1
461778 2 1
461786 4 -1
461838 1 1
461984 0 -1
462030 3 -1
462299 0 1
462342 10 -1
462374 9 -1
462400 1 -1
462492 2 1
462557 5 1
462648 3 -1
462781 1 -1
462882 4 -1
462897 0 -1
462968 2 -1
463040 3 -1
463212 6 -1
463290 0 1
463350 1 1
463428 2 -1
463462 3 1
463481 5 1
463492 0 1
463535 13 -1
463664 8 1
463741 1 1
463744 4 -1
463855 0 1
463857 7 -1
463868 3 -1
464091 0 1
464128 1 -1
464140 2 -1
464348 0 1
464540 3 1
464615 2 1
464682 1 -1
464801 4 -1
464825 6 -1
464857 5 -1
464864 0 -1
465036 1 1
465171 3 1
465330 2 1
465357 7 -1
465424 0 1
465571 1 -1
465577 8 -1
465593 3 -1
465814 9 -1
465816 4 1
465975 2 -1
465978 0 -1
465986 12 1
466050 6 1
466115 15 1
466127 1 1
466158 11 1
466211 3 -1
466276 10 1
466351 5 1
466448 2 1
466490 1 -1
466534 4 1
466615 3 1
466641 0 1
466924 2 -1
467038 1 -1
467114 3 1
467235 4 1
467238 0 -1
467297 5 1
467324 7 1
467386 2 -1
467621 0 -1
467622 1 1
467792 6 1
467835 3 -1
467923 0 1
467925 4 -1
467971 1 -1
468087 2 -1
468297 3 -1
468321 0 1
468415 8 -1
468501 1 1
468540 0 -1
468775 2 1
468791 5 1
468832 0 -1
468867 9 1
468958 3 1
469021 4 1
469049 1 1
469098 10 1
469248 2 -1
469366 0 1
469409 6 1
469432 1 1
469469 13 1
469568 3 1
469662 12 1
469775 7 -1
469841 1 -1
469931 2 1
469979 3 -1
470013 0 -1
470186 4 1
470206 1 1
470226 5 1
470318 6 -1
470371 3 -1
470388 0 1
470420 2 1
470648 0 -1
470754 1 -1
470863 4 1
470876 3 1
470898 0 -1
470898 2 -1
471113 8 1
471124 0 1
471129 7 -1
471145 9 -1
471167 5 1
471231 6 1
471298 1 -1
471474 0 -1
471532 11 -1
471575 2 1
471671 1 1
471688 3 -1
471919 4 1
472003 0 -1
472032 2 1
472059 5 1
472209 1 1
472290 3 -1
472360 0 1
472500 6 -1
472556 1 1
472629 4 1
472656 0 -1
472750 2 1
472817 3 -1
472822 9 1
472914 0 -1
472919 1 1
472973 8 1
472983 5 1
473080 7 -1
473145 0 -1
473274 4 -1
473295 12 -1
473419 3 -1
473462 2 1
473487 1 -1
473540 0 1
473596 10 1
473832 3 1
473864 1 -1
473919 2 1
474045 0 -1
474133 6 1
474222 3 1
474313 4 -1
474370 2 1
474374 1 -1
474386 5 1
474542 14 1
474671 0 -1
474735 9 1
474832 2 1
474910 1 -1
474945 3 -1
474972 0 -1
474991 4 1
475257 7 1
475269 0 -1
475313 1 1
475415 3 1
475423 11 1
475547 2 1
475574 6 1
475660 1 -1
475756 5 -1
475872 0 1
475896 8 -1
476015 4 1
476031 1 1
476224 2 -1
476272 3 1
476407 0 1
476547 1 -1
476571 7 -1
476611 5 1
476692 2 -1
476702 0 -1
476874 3 -1
476960 6 1
477006 4 -1
477030 0 1
477081 1 -1
477275 0 -1
477278 3 1
477315 9 1
477390 2 -1
477462 1 -1
477506 0 1
477686 3 -1
477691 10 1
477699 4 1
477855 0 -1
477866 2 1
477928 5 1
477982 8 -1
478006 1 -1
478030 7 -1
478137 3 1
478191 0 1
478350 2 -1
478401 4 1
478495 0 1
478562 1 1
478648 6 1
478755 12 1
478825 3 1
478925 0 1
478945 1 1
478949 5 1
479040 2 1
479062 4 1
479194 0 1
479435 1 -1
479513 2 -1
479519 0 -1
479551 3 -1
479626 7 1
479830 6 1
479847 0 -1
479916 8 1
479927 5 -1
479959 3 1
479999 1 1
480115 0 -1
480188 2 1
480227 4 1
480364 1 -1
480400 10 1
480516 0 -1
480561 3 1
480722 6 -1
480819 15 1
480852 13 1
480900 0 -1
480900 2 -1
480924 1 1
480954 3 1
481013 11 1
481013 9 1
481120 0 -1
481287 4 1
481297 1 1
481341 5 -1
481351 2 -1
481384 3 -1
481394 0 -1
481658 1 -1
481666 0 -1
481690 7 1
481797 2 -1
481904 4 1
482104 0 -1
482136 3 1
482218 1 1
482238 12 -1
482249 5 -1
482273 2 1
482453 6 1
482598 3 -1
482613 1 1
482660 0 1
482776 8 1
482926 9 1
482964 2 -1
482996 4 -1
483169 1 1
483173 10 1
483270 0 1
483437 3 -1
483496 6 -1
483685 1 -1
483692 2 1
483713 4 -1
483732 5 1
483754 7 1
483767 0 1
484060 1 -1
484127 0 1
484152 2 1
484270 3 1
484361 0 1
484411 1 1
484487 4 1
484721 8 -1
484743 3 -1
484759 0 -1
484782 1 1
484834 2 -1
484947 11 -1
485116 0 1
485151 6 -1
485205 16 1
485210 5 -1
485221 7 1
485362 1 -1
485369 0 -1
485527 3 -1
485533 2 1
485584 4 -1
485683 0 1
485785 10 -1
485931 1 1
485968 0 -1
486022 2 -1
486135 5 -1
486151 9 1
486261 4 1
486287 1 -1
486368 0 1
486436 3 1
486661 2 -1
486854 1 1
486871 6 -1
486892 0 1
486952 3 1
486952 5 -1
487222 1 -1
487328 2 -1
487414 7 -1
487430 0 1
487454 4 -1
487555 1 -1
487570 8 -1
487672 3 -1
487715 0 -1
487763 5 -1
487806 2 -1
487828 12 -1
487849 6 -1
487989 0 1
488135 1 1
488322 9 -1
488473 15 1
488483 3 1
488488 1 -1
488497 0 -1
488510 2 -1
488518 4 -1
488773 11 1
488833 7 -1
488835 0 -1
488929 3 1
488988 2 1
489046 1 -1
489107 5 1
489150 0 -1
489220 4 1
489246 14 -1
489392 3 -1
489453 2 1
489515 6 1
489547 0 -1
489586 1 1
489839 0 -1
489925 1 -1
489929 3 -1
490018 4 -1
490106 17 -1
490160 2 1
490184 0 1
490211 7 -1
490288 1 -1
490429 10 1
490536 8 1
490547 5 1
490582 2 -1
490601 9 1
490628 3 -1
490673 1 -1
490703 4 1
490714 0 1
491036 0 1
491052 6 -1
491215 1 -1
491265 0 1
491267 13 -1
491278 2 1
491316 3 -1
491407 5 -1
491614 0 -1
491767 1 1
491783 3 1
491783 4 -1
491923 2 1
492134 1 -1
492146 0 1
492213 6 1
492348 7 -1
492358 2 -1
492450 8 -1
492509 0 -1
492519 3 -1
492686 1 1
492729 0 -1
492788 2 1
492863 5 -1
492936 4 -1
492998 3 1
493039 1 -1
493048 0 -1
493267 2 -1
493412 0 1
493416 1 -1
493471 3 1
493610 6 -1
493650 0 -1
493722 4 1
493734 7 -1
493739 5 1
493912 0 -1
493936 1 1
493944 2 1
493998 9 1
494073 3 1
494230 0 -1
494294 1 -1
494462 3 1
494629 0 -1
494645 2 1
494728 5 -1
494793 6 -1
494802 4 1
494847 10 -1
494871 1 -1
495021 0 1
495078 3 1
495099 2 -1
495285 0 -1
495320 8 -1
495437 1 1
495492 4 -1
495618 0 1
495653 6 1
495680 3 1
495782 2 1
495802 1 -1
495822 7 -1
495844 0 -1
496088 3 -1
496110 0 1
496174 5 -1
496189 1 -1
496209 4 -1
496236 2 1
496298 11 -1
496470 15 -1
496491 3 -1
496568 1 1
496588 6 -1
496679 0 1
496712 2 -1
496771 9 1
496894 3 1
496986 14 1
497055 5 -1
497082 1 -1
497257 0 1
497334 4 1
497373 12 1
497400 2 1
497534 6 -1
497555 10 -1
497600 1 1
497601 3 1
497612 0 1
497864 0 1
497872 2 -1
497894 7 1
497975 1 1
497995 4 -1
498155 0 1
498224 3 1
498404 5 -1
498415 0 1
498415 8 1
498495 1 -1
498582 2 -1
498630 3 -1
498743 0 1
498882 1 -1
498974 6 -1
499031 4 1
499232 3 -1
499234 1 1
499248 7 -1
499291 2 -1
499316 0 1
499759 2 -1
499784 1 -1
499834 3 -1
499850 0 -1
499920 5 1
500075 4 1
500145 1 -1
500189 0 1
500224 2 1
500243 3 -1
500318 8 1
500361 9 1
500441 0 1
500689 2 1
500695 1 1
500732 7 1
500769 6 1
500836 4 1
500844 5 1
500850 0 -1
500879 3 1
500941 17 1
501200 0 -1
501246 1 -1
501350 2 1
501481 3 1
501543 12 -1
501550 0 -1
501618 10 -1
501629 1 -1
501651 13 -1
501833 6 -1
501876 5 1
501884 0 -1
501887 3 -1
501925 4 -1
502040 2 1
502169 1 -1
502183 7 1
502204 0 1
502489 3 -1
502500 2 1
502517 0 -1
502717 1 -1
502795 5 1
502887 3 -1
503054 0 1
503062 1 1
503078 4 1
503145 8 1
503209 2 1
503231 6 1
503424 3 1
503630 1 -1
503666 2 1
503677 0 -1
503835 4 1
503919 9 1
504112 3 1
504112 2 1
504155 5 -1
504166 6 -1
504168 1 -1
504214 7 -1
504220 0 1
504451 0 1
504488 11 -1
504557 1 -1
504558 3 1
504677 0 -1
504795 2 -1
504811 14 -1
504932 4 -1
504936 1 -1
505004 16 -1
505074 0 -1
505241 6 1
505241 12 -1
505268 2 1
505295 0 1
505311 1 -1
505338 3 1
505574 5 -1
505636 0 -1
505714 10 -1
505879 1 1
505966 2 -1
506028 4 -1
506079 8 1
506154 3 -1
506165 0 1
506359 9 -1
506386 0 1
506391 7 -1
506445 6 -1
506464 1 -1
506477 5 -1
506606 0 1
506665 2 -1
506711 3 1
506754 4 -1
506830 1 -1
506950 0 1
507106 2 1
507159 3 1
507200 0 1
507326 13 -1
507337 6 -1
507399 1 1
507447 4 1
507589 2 -1
507622 3 -1
507638 0 -1
507755 1 -1
507842 7 -1
507907 8 1
507928 5 -1
508057 2 -1
508092 1 -1
508204 0 -1
508205 4 1
508358 3 1
508358 10 1
508401 9 -1
508471 0 1
508636 1 1
508756 0 -1
508756 2 -1
508901 5 1
508971 6 1
509023 1 1
509040 3 1
509194 0 1
509261 4 1
509425 0 -1
509449 3 -1
509462 2 -1
509537 1 -1
509755 5 -1
509812 0 -1
509820 8 -1
509906 7 -1
509919 2 -1
510067 3 -1
510079 1 1
510277 4 1
510357 6 1
510416 0 -1
510446 1 1
510476 3 1
510540 9 1
510622 0 -1
510637 2 1
510829 1 1
510892 0 1
510970 4 1
511034 3 1
511088 2 1
511131 12 1
511180 5 -1
511182 1 -1
511244 0 1
511421 6 1
511516 0 1
511545 2 1
511647 8 -1
511716 1 -1
511792 3 -1
511868 0 1
511905 11 -1
511905 7 -1
512088 5 -1
512103 4 1
512201 0 -1
512252 2 1
512260 3 1
512260 1 1
512292 13 -1
512308 10 1
512314 6 1
512432 0 1
512617 1 -1
512682 2 -1
512698 0 -1
512844 4 1
512948 3 1
512972 0 1
513163 1 -1
513348 0 1
513356 7 -1
513391 2 -1
513473 4 1
513517 6 1
513528 1 -1
513550 5 1
513808 3 1
513862 9 1
513884 1 1
513953 0 1
514136 2 -1
514324 3 1
514447 1 -1
514555 0 1
514586 4 -1
514603 2 -1
514635 8 1
514743 15 -1
514816 1 1
514880 0 -1
514915 5 -1
515028 3 -1
515130 0 -1
515251 4 1
515259 7 1
515296 2 -1
515364 1 1
515485 6 -1
515603 12 1
515630 3 -1
515732 0 1
515904 1 1
515925 11 -1
515936 5 1
515990 2 1
516022 3 -1
516245 0 1
516279 4 1
516283 1 1
516420 18 1
516468 2 -1
516646 0 -1
516656 3 1
516662 1 1
516699 9 1
516775 10 1
516850 5 1
516855 6 1
516938 0 1
517057 1 1
517124 2 -1
517258 3 1
517274 4 -1
517323 7 1
517339 0 -1
517605 1 -1
517634 8 -1
517648 3 1
517742 5 1
517758 6 -1
517841 2 -1
517906 0 1
518016 4 -1
518059 3 -1
518129 1 1
518317 2 1
518446 0 1
518526 1 -1
518543 3 -1
518681 4 1
518685 7 -1
518736 2 -1
518975 0 -1
519032 6 -1
519056 1 -1
519064 5 1
519064 9 1
519163 3 -1
519225 2 1
519287 0 -1
519365 8 1
519395 1 1
519451 4 1
519516 10 1
519518 0 1
519687 11 -1
519753 1 1
519811 3 1
519915 0 -1
519927 2 1
520156 0 -1
520206 3 1
520334 1 -1
520375 6 1
520504 0 1
520510 5 1
520555 4 -1
520585 2 1
520684 7 1
520701 1 -1
520805 12 -1
520811 3 1
520977 14 1
521026 2 1
521031 0 -1
521219 3 -1
521224 6 -1
521249 1 1
521319 0 1
521456 5 -1
521612 0 -1
521619 4 1
521644 3 1
521730 2 -1
521744 1 -1
521969 0 1
522111 7 1
522132 1 -1
522181 8 1
522203 2 -1
522238 0 1
522270 3 1
522305 4 -1
522493 9 -1
522498 1 1
522657 0 -1
522676 3 -1
522676 2 1
522762 5 -1
522865 1 1
522880 6 1
523213 0 -1
523278 3 -1
523304 4 -1
523377 2 1
523409 1 1
523552 0 1
523562 7 -1
523708 10 1
523837 0 -1
523839 2 1
523879 3 -1
523939 1 1
523965 13 1
523966 8 -1
524229 5 -1
524248 0 1
524290 1 -1
524368 3 1
524425 4 1
524503 0 -1
524546 2 1
524826 9 1
524846 1 -1
524907 0 -1
524917 3 -1
524954 6 1
525083 5 1
525231 4 -1
525280 0 -1
525288 2 1
525360 7 -1
525417 1 1
525508 3 1
525578 0 -1
525755 2 1
525796 1 1
525882 0 -1
525932 6 -1
526029 8 -1
526158 0 1
526217 2 1
526287 16 1
526314 3 -1
526336 4 1
526360 1 1
526448 5 -1
526650 0 1
526669 2 1
526674 10 1
526690 7 1
526760 9 1
526900 1 1
527174 3 -1
527276 6 1
527287 0 1
527287 1 1
527330 2 1
527384 11 -1
527416 4 1
527654 0 -1
527698 3 -1
527803 5 -1
527813 1 -1
527900 0 -1
528029 2 1
528146 4 1
528168 0 -1
528186 1 1
528308 6 1
528386 3 -1
528486 0 -1
528494 2 1
528597 1 -1
528770 5 1
528824 8 1
528835 7 -1
528856 3 1
528864 0 1
528974 15 -1
529133 4 -1
529145 1 -1
529163 2 -1
529286 10 -1
529351 6 1
529421 3 -1
529442 0 1
529448 9 -1
529546 1 -1
529625 2 -1
529826 4 1
529931 0 1
530080 1 -1
530087 2 -1
530125 5 -1
530181 0 1
530200 12 1
530318 3 1
530455 0 1
530576 4 1
530609 8 1
530669 1 -1
530794 2 -1
530899 3 -1
530915 7 1
530963 6 1
531014 0 1
531040 1 -1
531060 5 -1
531216 2 -1
531232 9 1
531386 1 -1
531474 0 1
531624 3 1
531624 4 1
531733 1 -1
531893 2 -1
532050 0 -1
532054 5 1
532199 6 -1
532281 1 -1
532301 4 -1
532336 0 -1
532382 3 1
532382 7 1
532570 2 1
532594 0 -1
532842 1 1
532995 3 1
533043 2 -1
533216 1 1
533265 0 -1
533328 8 -1
533382 5 1
533382 17 -1
533386 4 -1
533505 3 1
533505 2 -1
533521 6 1
533632 7 1
533789 1 -1
533825 0 1
533844 9 1
533898 2 -1
533957 3 1
533984 14 1
533994 10 -1
534143 1 -1
534155 13 -1
534349 11 -1
534381 5 -1
534411 0 1
534470 1 -1
534499 15 -1
534532 2 1
534712 16 -1
534784 20 -1
534876 18 -1
534897 7 1
534931 0 -1
534937 4 1
534974 1 1
534994 3 -1
534994 12 1
535015 21 -1
535198 2 1
535252 19 -1
535332 1 -1
535338 15 1
535421 17 1
535520 0 -1
535553 6 -1
535574 16 1
535660 2 1
535773 8 -1
535832 4 -1
535859 3 1
535883 1 1
535897 0 1
535961 18 1
536036 5 1
536042 22 1
536183 0 -1
536187 23 1
536262 14 -1
536284 10 -1
536343 2 1
536404 3 1
536445 1 -1
536477 9 -1
536493 7 1
536544 0 -1
536552 6 -1
536622 4 1
536716 2 -1
536769 1 -1
536816 13 -1
536840 0 1
536880 17 -1
537020 8 -1
537094 1 -1
537122 0 -1
537135 2 -1
537186 3 -1
537186 18 -1
537202 19 -1
537218 20 -1
537401 6 1
537559 1 1
537565 4 -1
537622 16 1
537638 5 -1
537681 0 -1
537745 3 1
537788 2 -1
537810 8 -1
537864 7 1
537874 9 -1
537896 12 -1
537917 15 -1
537939 14 -1
537960 11 -1
538013 1 -1
538035 0 -1
538199 2 -1
538218 13 -1
538234 17 -1
538261 0 1
538379 21 -1
538412 26 -1
538444 1 1
538476 6 1
538492 16 -1
538524 22 -1
538578 3 1
538648 5 -1
538710 0 -1
538756 24 -1
538770 1 1
538815 4 1
538820 27 -1
538831 14 1
538911 2 1
538933 0 -1
538960 7 -1
538992 19 1
538992 23 -1
539013 8 -1
539056 25 -1
539067 15 1
539089 10 1
539185 0 -1
539218 17 1
539298 16 1
539304 1 1
539336 18 1
539419 20 1
539497 3 1
539540 2 -1
539658 21 1
539674 0 1
539701 5 1
539776 1 1
539809 9 -1
539862 6 1
539903 19 1
539916 18 1
539927 13 -1
539964 2 1
539975 22 1
539991 20 1
540120 17 -1
540152 3 1
540193 1 -1
540195 11 -1
540225 0 -1
540306 4 -1
540346 15 -1
540384 2 1
540483 7 1
540496 5 -1
540497 14 -1
540539 8 1
540569 0 -1
540711 9 -1
540727 1 -1
540733 23 1
540760 2 1
540781 16 -1
540815 0 -1
540937 12 -1
541047 17 -1
541061 18 -1
541104 19 -1
541112 0 -1
541128 1 1
541152 21 -1
541206 24 -1
541305 20 -1
541362 0 -1
541383 3 -1
541442 28 -1
541453 2 1
541474 6 -1
541547 19 -1
541603 7 1
541607 4 -1
541614 1 -1
541652 10 1
541684 22 -1
541708 13 1
541740 0 -1
541791 11 1
541797 16 1
541829 25 -1
541958 15 1
542001 8 1
542022 29 -1
542071 18 1
542111 17 1
542130 31 -1
542131 1 -1
542173 14 1
542296 19 1
542297 7 -1
542361 2 1
542366 21 1
542385 20 1
542391 18 1
542409 0 -1
542474 17 1
542526 1 1
542627 19 1
542635 3 -1
542708 4 1
542724 2 -1
542764 6 1
542764 16 -1
542804 0 1
542836 20 1
542861 18 1
542904 9 -1
542905 1 1
542914 5 -1
542925 22 1
543006 23 1
543033 21 1
543033 24 1
543102 0 1
543124 8 -1
543167 3 1
543262 1 -1
543301 15 -1
543393 2 -1
543438 0 1
543441 26 1
543554 17 -1
543597 18 -1
543703 19 -1
543763 3 1
543764 16 -1
543780 10 -1
543785 12 -1
543807 0 -1
543810 1 1
543914 11 1
543929 4 -1
543933 7 -1
543941 13 1
543957 2 1
544094 20 -1
544242 0 -1
544279 6 1
544360 5 -1
544412 1 1
544424 2 1
544489 19 -1
544521 7 1
544532 8 1
544586 9 1
544618 3 -1
544666 14 1
544709 15 1
544731 18 1
544747 4 -1
544752 21 -1
544791 1 -1
544800 0 -1
544900 17 1
544940 16 1
545101 2 1
545150 6 -1
545246 20 1
545268 5 1
545339 1 -1
545384 0 1
545408 9 1
545440 3 1
545464 19 1
545569 12 -1
545569 10 -1
545628 0 1
545633 22 1
545678 1 1
545730 8 -1
545741 18 1
545795 2 -1
545843 7 1
545914 0 -1
545988 4 -1
546012 1 -1
546069 17 -1
546171 6 -1
546187 2 -1
546198 3 1
546214 15 -1
546310 16 -1
546425 0 -1
546450 8 -1
546528 1 1
546633 11 -1
546719 3 1
546754 4 -1
546826 20 -1
546837 0 1
546837 18 -1
546842 5 -1
546880 2 1
546895 1 -1
546915 7 1
547063 0 1
547095 9 -1
547181 10 1
547224 14 1
547289 24 -1
547305 2 -1
547334 1 1
547428 6 -1
547452 0 -1
547504 7 -1
547616 3 -1
547632 5 -1
547654 8 1
547665 13 1
547721 0 1
547735 2 1
547810 1 1
547979 4 1
548084 19 1
548095 0 -1
548132 1 1
548288 9 -1
548326 2 -1
548449 5 -1
548455 6 -1
548487 3 1
548535 12 -1
548624 0 1
548652 1 -1
548686 8 1
548721 2 -1
548769 7 -1
548922 3 -1
548987 11 -1
549035 4 1
549198 0 -1
549213 9 1
549253 1 -1
549253 10 1
549301 2 -1
549406 13 1
549653 15 1
549660 1 1
549694 0 1
549761 17 1
549809 4 1
549825 23 1
549836 3 1
549922 5 -1
549922 2 -1
549997 12 1
550008 6 -1
550029 0 -1
550182 1 1
550285 0 -1
550341 8 -1
550387 2 -1
550390 7 -1
550599 16 -1
550740 1 1
550798 3 -1
550803 5 -1
550862 0 1
550906 2 1
550909 4 -1
551079 1 -1
551158 9 1
551276 0 1
551351 3 1
551384 2 1
551413 1 -1
551437 11 -1
551556 0 1
551575 7 -1
551631 21 -1
551658 6 1
551706 8 1
551736 1 1
551921 4 1
551991 0 1
551991 2 -1
552050 10 1
552061 18 1
552136 3 -1
552158 9 -1
552168 5 1
552223 1 -1
552276 19 1
552319 14 1
552363 0 1
552405 8 -1
552475 6 1
552622 0 1
552626 7 -1
552644 2 1
552731 1 -1
552757 3 1
552813 8 1
552888 4 1
553010 0 1
553098 2 1
553122 1 -1
553222 12 -1
553254 9 -1
553275 3 -1
553356 10 1
553464 5 -1
553496 0 -1
553501 20 -1
553638 1 1
553751 7 1
553770 2 1
553931 6 1
553936 1 -1
553977 0 -1
554025 4 -1
554033 13 1
554065 17 1
554119 3 -1
554189 11 -1
554221 2 -1
554237 0 -1
554261 1 1
554296 18 1
554388 8 -1
554506 5 -1
554533 0 -1
554614 2 1
554716 3 -1
554734 7 1
554769 15 -1
554783 1 -1
554947 9 -1
555049 16 -1
555049 8 1
555085 1 -1
555094 0 1
555186 4 -1
555253 2 1
555283 10 -1
555500 12 -1
555532 3 1
555615 1 -1
555629 11 1
555629 5 -1
555680 0 1
555694 7 -1
555715 2 -1
555737 9 1
555812 14 1
555895 4 -1
555978 6 -1
556056 1 1
556099 0 1
556129 13 -1
556145 19 -1
556188 8 1
556341 0 -1
556376 3 1
556376 2 1
556391 1 -1
556468 7 -1
556665 4 1
556683 9 -1
556688 0 -1
556726 10 -1
556774 1 -1
556811 11 1
556887 5 -1
556970 0 1
557005 12 1
557010 6 1
557021 3 -1
557021 2 1
557145 1 -1
557225 4 -1
557309 0 -1
557467 2 -1
557564 17 1
557623 3 -1
557628 1 1
557892 0 1
557951 5 -1
557951 7 -1
558072 1 -1
558074 3 1
558155 2 1
558306 8 1
558381 18 -1
558382 4 -1
558405 0 1
558406 1 -1
558434 6 1
558660 9 -1
558703 0 1
558760 3 1
558843 2 1
558950 1 1
559031 0 -1
559112 10 -1
559219 5 -1
559300 2 1
559398 1 1
559426 7 -1
559429 0 1
559466 4 -1
559509 3 -1
559715 0 1
559716 1 1
559821 6 1
559843 8 -1
559982 2 1
560079 3 -1
560128 0 -1
560230 14 -1
560244 1 1
560256 4 1
560402 13 1
560552 5 -1
560587 7 -1
560595 11 -1
560681 2 -1
560692 0 1
560764 1 1
560832 6 1
560944 3 1
560982 12 1
560982 8 1
561065 0 1
561113 1 -1
561122 2 1
561323 0 1
561466 4 1
561482 3 1
561487 5 1
561487 9 -1
561573 2 -1
561616 6 -1
561635 1 1
561734 21 1
561740 7 1
561759 0 1
561853 16 -1
561933 3 -1
561951 1 1
562041 2 -1
562191 4 1
562283 0 -1
562312 1 -1
562422 5 -1
562441 10 1
562476 8 -1
562573 6 1
562594 20 -1
562616 11 -1
562723 3 1
562731 7 -1
562772 2 -1
562804 1 -1
562827 0 -1
562941 4 1
563129 0 1
563148 3 1
563150 1 1
563363 0 -1
563371 2 -1
563524 5 -1
563602 1 -1
563696 0 -1
563820 15 -1
563841 2 -1
563852 7 1
563992 3 -1
564049 4 -1
564078 0 -1
564118 1 1
564196 9 1
564239 12 -1
564357 6 1
564471 1 1
564487 0 1
564491 2 -1
564594 8 -1
564626 10 -1
564658 3 -1
564698 4 1
564814 5 -1
564839 1 -1
564919 2 1
564948 17 1
564989 0 -1
565142 1 1
565193 0 1
565244 3 1
565260 11 -1
565349 2 -1
565418 0 -1
565496 13 -1
565513 7 1
565654 1 -1
565679 6 -1
565827 4 -1
565953 3 -1
565977 0 -1
566037 2 1
566133 1 -1
566163 5 -1
566313 9 -1
566388 3 -1
566450 1 -1
566501 2 1
566558 0 1
566585 7 1
566679 8 -1
566843 4 1
566851 6 -1
566851 22 -1
566926 5 -1
566952 1 -1
567012 16 1
567111 0 1
567200 2 1
567238 12 -1
567322 1 -1
567334 3 -1
567416 0 1
567560 4 -1
567629 1 -1
567694 0 -1
567743 8 -1
567866 2 1
568092 3 1
568096 4 -1
568185 1 -1
568224 0 1
568237 5 -1
568259 2 1
568442 18 -1
568475 1 1
568495 10 1
568533 3 1
568616 7 1
568619 6 -1
568656 9 1
568717 4 -1
568764 0 -1
568767 2 -1
568910 1 -1
568979 19 -1
569044 17 -1
569258 2 1
569264 5 -1
569369 3 1
569398 0 -1
569430 8 1
569489 1 -1
569495 12 1
569516 6 1
569721 13 1
569821 1 1
569854 4 1
569893 2 -1
569909 3 -1
570032 14 -1
570059 0 -1
570183 11 -1
570188 5 -1
570329 1 -1
570406 0 1
570419 21 -1
570430 3 -1
570527 7 1
570570 2 -1
570602 6 -1
570661 0 1
570732 1 1
570806 9 1
570849 8 -1
570922 4 1
571043 2 -1
571061 1 1
571070 0 -1
571403 3 -1
571408 0 1
571451 5 1
571559 7 1
571567 1 -1
571623 4 -1
571678 0 -1
571733 2 1
571881 20 1
571905 0 -1
571927 3 -1
572105 1 -1
572166 0 -1
572182 8 1
572236 6 -1
572322 5 -1
572401 1 1
572486 2 1
572550 0 -1
572666 3 1
572711 4 1
572732 1 -1
572768 7 1
572865 10 -1
572870 11 1
572881 9 -1
572918 2 -1
573092 1 1
573128 12 1
573131 0 -1
573477 4 -1
573534 2 1
573579 6 1
573602 1 -1
573649 3 -1
573668 0 1
573692 5 -1
573880 0 1
573888 7 -1
574118 1 1
574165 0 1
574173 2 -1
574187 4 1
574289 3 1
574469 1 1
574636 2 -1
574722 0 -1
574740 8 -1
574751 3 -1
574957 1 1
575060 0 1
575127 5 -1
575138 13 -1
575213 6 -1
575221 1 1
575288 2 1
575299 17 -1
575301 0 -1
575339 4 1
575460 3 -1
575529 1 1
575713 2 -1
575716 0 1
575718 10 -1
575856 7 1
575858 9 -1
575923 18 -1
576049 4 -1
576049 0 -1
576053 1 1
576062 5 -1
576151 2 -1
576299 3 -1
576309 11 1
576310 8 -1
576351 1 1
576382 0 1
576514 6 -1
576654 16 1
576807 2 -1
576849 1 1
576922 5 1
577051 0 -1
577065 4 -1
577126 3 1
577127 15 -1
577229 2 -1
577403 1 1
577535 6 1
577707 0 -1
577756 1 -1
577766 3 -1
577793 5 -1
577989 2 1
578072 1 1
578083 0 -1
578116 12 1
578121 10 -1
578125 4 1
578266 19 -1
578306 0 -1
578314 7 -1
578405 1 -1
578473 3 1
578685 0 1
578723 2 1
578758 4 1
578760 6 -1
578884 3 -1
578919 1 1
578930 0 -1
578932 21 -1
578975 8 1
579061 11 1
579163 2 -1
579179 5 1
579327 0 -1
579384 3 1
579384 18 1
579435 4 -1
579469 1 -1
579515 7 -1
579569 2 -1
579642 9 -1
579836 1 -1
579840 0 1
579932 6 -1
580002 2 1
580098 3 -1
580237 4 1
580438 1 -1
580496 0 1
580512 5 1
580644 2 1
580679 3 -1
580706 0 1
580807 1 -1
580977 0 -1
581104 1 1
581192 4 1
581265 10 -1
581308 2 1
581340 3 -1
581431 5 1
581496 6 1
581526 0 -1
581632 1 -1
581652 7 1
581652 8 1
581706 9 1
581773 2 1
581856 12 -1
581938 1 1
581942 17 -1
582109 0 1
582200 3 -1
582204 4 -1
582372 31 -1
582420 2 1
582426 1 1
582641 5 1
582762 0 1
582804 4 -1
582845 3 1
582850 2 -1
582877 7 -1
582966 1 -1
583017 0 1
583146 6 -1
583232 19 1
583272 0 1
583284 1 -1
583296 2 1
583318 11 1
583382 8 -1
583619 16 -1
583631 1 -1
583758 3 -1
583834 0 -1
583901 4 -1
583920 5 1
583947 2 -1
583961 1 1
583990 7 1
584223 0 1
584387 2 -1
584425 20 -1
584436 6 1
584441 1 1
584473 3 1
584546 0 -1
584582 4 1
584597 9 1
584629 12 1
584866 5 1
584941 0 1
584943 1 -1
584952 15 1
585038 3 -1
585064 2 -1
585164 0 -1
585231 4 1
585317 8 1
585324 1 -1
585387 0 1
585801 3 -1
585820 7 -1
585846 2 1
585856 1 -1
585898 14 -1
586044 0 -1
586048 6 -1
586048 9 -1
586241 1 -1
586263 13 -1
586298 2 1
586335 4 1
586392 5 1
586521 10 -1
586610 1 -1
586690 0 -1
586693 2 1
586696 3 1
587037 8 1
587101 7 -1
587122 4 1
587144 1 1
587150 2 -1
587187 3 1
587198 6 -1
587319 0 1
587500 1 -1
587531 11 -1
587607 3 1
587736 5 1
587768 2 1
587835 0 1
588033 1 1
588080 3 1
588085 4 1
588194 0 -1
588262 17 -1
588294 6 1
588348 8 1
588429 2 1
588457 0 1
588563 9 1
588587 1 -1
588649 18 -1
588778 5 -1
588823 0 -1
588853 2 1
588896 3 -1
588939 1 1
588993 12 1
589250 1 1
589254 7 1
589266 4 1
589345 0 1
589600 0 1
589611 6 1
589622 2 -1
589627 1 1
589724 3 -1
589880 0 -1
589995 4 1
590079 5 -1
590084 1 -1
590095 2 -1
590369 3 1
590482 0 -1
590498 8 -1
590568 2 -1
590620 1 1
590624 4 1
590659 6 1
590670 11 -1
590810 9 -1
590955 1 -1
590982 5 -1
591035 16 -1
591065 0 1
591132 3 -1
591245 7 1
591267 2 1
591318 4 -1
591527 1 1
591551 22 -1
591613 0 -1
591702 3 -1
591750 2 -1
591893 0 1
591938 13 1
592003 5 1
592027 1 -1
592132 0 1
592315 1 1
592317 4 -1
592347 3 1
592368 12 1
592438 2 1
592454 19 1
592486 6 1
592632 7 1
592677 0 -1
592835 1 1
592841 20 1
592863 21 1
592911 8 1
593013 9 -1
593067 0 1
593115 3 1
593115 2 1
593260 4 1
593322 0 1
593361 1 -1
593406 10 1
593422 5 1
593578 2 1
593690 0 -1
593728 3 -1
593748 1 -1
593943 0 -1
593970 4 1
593970 2 1
594067 7 -1
594088 6 -1
594209 0 1
594238 15 1
594329 1 -1
594330 5 1
594413 2 -1
594475 8 1
594572 3 -1
594683 1 1
594756 0 -1
594883 12 -1
594994 4 1
595012 1 -1
595012 6 -1
595136 2 -1
595335 0 1
595340 7 -1
595402 3 -1
595530 1 -1
595657 11 1
595733 5 -1
595824 3 1
595840 2 -1
595842 1 1
595942 0 1
595945 4 1
595958 9 -1
596130 6 1
596181 0 1
596238 3 1
596254 2 1
596447 1 1
596454 0 -1
596474 8 -1
596582 4 1
596808 0 1
596810 3 1
596961 2 1
596969 1 -1
597125 0 -1
597248 5 1
597299 7 -1
597328 1 -1
597345 6 -1
597474 2 -1
597485 17 -1
597541 0 1
597582 10 1
597587 3 1
597662 1 1
597730 4 -1
597974 2 1
598003 1 -1
598138 0 -1
598151 8 1
598173 5 1
598194 3 -1
598361 0 1
598452 13 -1
598484 1 1
598603 9 1
598691 0 -1
598705 2 1
598734 4 1
598753 14 -1
598893 3 -1
598903 11 1
598974 1 -1
599124 2 1
599161 6 -1
599215 5 1
599256 0 -1
599260 1 1
599311 4 -1
599312 18 1
599339 7 -1
599419 19 1
599661 3 1
599747 0 -1
599798 1 -1
599823 2 -1
600134 5 1
600145 3 1
600171 1 -1
600301 12 -1
600302 4 -1
600344 0 -1
600504 1 -1
600519 2 1
600610 0 1
600629 7 1
600645 8 -1
600656 6 -1
600755 3 1
600806 10 -1
600892 0 -1
600903 4 1
600946 9 1
600970 2 1
601052 1 -1
601292 0 -1
601360 3 1
601429 1 -1
601507 0 1
601515 5 -1
601569 6 1
601596 4 1
601655 2 -1
601773 3 -1
601909 0 -1
601951 1 1
602171 11 1
602257 0 1
602332 2 1
602495 1 -1
602512 0 -1
602644 7 -1
602666 3 1
602680 4 -1
602730 0 1
602762 9 -1
602808 2 -1
602821 5 -1
602838 1 -1
602959 0 1
602988 6 -1
603170 1 1
603192 8 1
603354 4 1
603367 0 -1
603466 2 -1
603529 1 -1
603531 3 1
603716 0 -1
603794 5 1
603837 10 -1
603982 7 1
603990 0 -1
603998 6 -1
604058 3 -1
604152 1 -1
604170 2 -1
604353 4 -1
604388 0 1
604595 2 1
604680 1 -1
604745 3 -1
604767 0 -1
604815 8 -1
604858 12 -1
605020 2 1
605063 0 -1
605063 1 1
605084 6 -1
605138 5 1
605138 9 -1
605256 7 1
605431 3 -1
605460 14 -1
605495 2 -1
605503 0 1
605506 4 1
605619 1 -1
605936 0 -1
605951 1 -1
606105 3 -1
606111 5 -1
606154 2 -1
606175 0 1
606292 1 1
606344 4 -1
606482 10 1
606643 6 -1
606696 0 1
606796 3 1
606897 1 1
606912 2 -1
606952 0 1
607038 4 1
607073 5 -1
607218 3 -1
607227 1 1
607255 0 1
607390 2 1
607417 7 -1
607481 11 1
607556 8 1
607727 1 -1
607868 4 1
607868 0 1
607900 6 1
608029 3 1
608067 2 -1
608247 1 1
608467 0 -1
608508 2 -1
608518 3 -1
608535 5 -1
608535 9 1
608566 1 1
608755 7 1
608833 0 -1
608910 1 -1
608920 4 1
608970 2 -1
609068 0 -1
609088 3 1
609267 1 1
609314 0 -1
609459 5 -1
609470 6 1
609513 8 -1
609583 0 -1
609701 2 -1
609815 1 -1
609871 4 -1
609943 3 1
609999 0 1
610206 2 1
610375 1 1
610448 3 1
610491 12 1
610562 0 -1
610577 20 -1
610613 4 -1
610706 11 1
610718 1 -1
610803 10 1
610889 5 -1
610899 7 1
610905 2 1
611090 0 1
611136 3 1
611146 6 1
611222 13 1
611272 1 -1
611294 0 1
611308 15 -1
611437 9 1
611560 2 1
611627 1 1
611638 0 1
611645 4 -1
611662 8 -1
611829 3 1
611972 1 -1
612009 2 -1
612181 0 -1
612200 5 -1
612334 4 1
612372 6 -1
612447 3 1
612461 2 -1
612520 1 -1
612536 0 1
612799 0 -1
612882 2 1
612886 1 -1
612901 3 -1
612999 4 -1
613157 14 1
613167 5 1
613184 0 -1
613189 7 1
613307 6 -1
613318 3 1
613406 1 1
613415 9 1
613420 0 1
613527 2 -1
613624 0 1
613886 4 -1
613910 1 1
613931 17 -1
614108 5 1
614135 0 1
614215 2 1
614231 3 -1
614283 1 -1
614301 7 -1
614446 6 1
614500 8 -1
614616 4 -1
614657 0 -1
614699 2 -1
614837 1 -1
615027 5 1
615097 3 -1
615223 0 -1
615349 10 1
615376 2 1
615378 1 -1
615511 3 1
615551 0 1
615591 7 -1
615696 4 1
615744 1 1
615806 2 -1
615846 0 1
615865 16 -1
616118 3 1
616231 8 1
616263 6 -1
616269 2 -1
616377 1 1
616403 5 -1
616414 0 1
616532 9 -1
616553 11 1
616639 4 1
616639 12 -1
616725 3 1
616749 0 1
616841 7 1
616932 1 -1
616983 2 -1
617069 0 1
617115 3 1
617280 1 1
617320 4 -1
617456 2 1
617456 18 1
617577 0 -1
617609 1 1
617832 5 -1
617838 0 -1
617934 6 -1
617951 3 1
617965 1 -1
618049 0 -1
618062 4 -1
618125 2 -1
618348 10 -1
618421 0 -1
618526 1 -1
618553 9 1
618655 3 1
618692 0 1
618707 4 -1
618746 5 -1
618778 6 1
618784 7 -1
618837 2 -1
619044 1 1
619066 0 1
619068 3 -1
619155 8 -1
619294 2 -1
619421 1 1
619670 3 -1
619684 0 1
619751 2 -1
619791 4 1
619912 0 1
619987 1 -1
620079 3 -1
620095 5 1
620134 0 -1
620219 2 -1
620376 1 -1
620380 6 -1
620485 0 1
620509 9 1
620606 3 1
620731 1 1
620759 0 -1
620880 7 -1
620885 2 -1
620936 4 1
621073 5 -1
621156 0 1
621277 1 -1
621455 3 1
621535 2 -1
621597 4 1
621638 1 1
621756 12 -1
621823 0 -1
621906 8 1
621971 3 1
622014 2 1
622046 5 1
622084 6 1
622194 1 1
622226 0 -1
622315 7 -1
622532 0 -1
622625 4 1
622707 3 -1
622718 2 1
622744 1 -1
622895 13 -1
622922 0 -1
622928 10 1
622960 9 1
622992 6 -1
623089 17 1
623117 1 -1
623218 2 -1
623278 0 1
623330 4 -1
623433 5 -1
623524 3 1
623534 1 1
623552 0 -1
623674 2 -1
623691 8 1
623903 1 -1
623986 0 -1
624048 4 -1
624174 3 -1
624206 11 1
624225 0 1
624381 2 -1
624443 5 1
624463 1 1
624512 7 1
624529 6 1
624561 0 1
624585 3 1
624811 2 1
624852 9 1
624963 1 -1
624996 3 -1
625023 15 -1
625120 0 -1
625128 4 -1
625340 1 1
625507 2 -1
625539 8 1
625604 3 -1
625620 10 -1
625719 0 -1
625830 1 1
625862 4 -1
625932 5 -1
626055 6 -1
626063 0 1
626196 1 -1
626206 3 -1
626206 2 1
626359 0 1
626535 1 1
626579 0 1
626630 2 -1
626684 3 1
626684 7 -1
626786 0 1
626845 4 1
626969 6 -1
627105 1 1
627120 2 1
627162 0 1
627367 5 -1
627458 1 -1
627582 8 1
627595 2 -1
627681 0 -1
627700 3 1
627797 12 1
627861 14 1
627958 4 -1
627990 9 -1
628022 1 1
628224 7 1
628248 6 1
628251 2 -1
628259 5 -1
628302 3 1
628305 0 -1
628522 10 1
628530 0 1
628595 1 -1
628643 4 1
628748 3 1
628791 0 -1
628920 2 -1
628962 1 1
629116 0 1
629162 5 -1
629183 6 1
629264 4 1
629328 1 -1
629371 2 -1
629390 0 -1
629436 3 -1
629703 1 -1
629840 0 -1
629898 3 1
629925 4 -1
630022 5 1
630089 2 -1
630178 0 -1
630204 6 1
630264 1 1
630312 8 -1
630422 0 -1
630425 7 1
630747 2 -1
630767 1 -1
630850 9 -1
630860 0 -1
630925 3 -1
630989 4 -1
631130 1 1
631183 2 1
631306 5 -1
631470 0 1
631704 3 -1
631709 1 1
631795 6 -1
631881 2 1
631989 11 1
632071 1 -1
632077 4 1
632107 0 -1
632274 3 1
632408 1 -1
632483 0 -1
632593 2 1
632618 7 -1
632634 9 1
632709 5 -1
632730 10 1
632752 0 1
632799 4 1
632924 6 -1
632926 1 -1
633005 0 -1
633037 2 1
633080 3 -1
633246 8 -1
633271 0 1
633311 1 -1
633646 0 1
633676 5 1
633725 2 -1
633827 13 1
633835 4 -1
633867 1 -1
633993 3 1
634020 7 -1
634176 2 -1
634179 0 1
634419 1 1
634456 3 -1
634526 6 1
634536 4 1
634606 2 1
634698 17 1
634757 0 1
634786 1 -1
635025 0 -1
635085 8 -1
635138 5 1
635153 1 -1
635203 3 1
635243 0 -1
635286 4 1
635316 2 1
635522 1 -1
635762 10 -1
635772 2 1
635901 0 -1
635971 7 1
635993 3 -1
636030 6 1
636096 1 1
636106 5 -1
636326 4 1
636417 12 -1
636466 3 1
636495 2 1
636520 0 1
636589 9 -1
636620 1 -1
636880 0 -1
636966 6 -1
637008 5 -1
637019 4 -1
637023 1 -1
637062 3 1
637193 0 -1
637197 7 1
637240 2 1
637425 0 -1
637578 3 1
637580 1 1
637651 0 1
637707 2 1
637901 6 1
638073 8 -1
638097 0 1
638110 1 1
638175 2 -1
638204 4 1
638352 5 1
638358 3 1
638454 1 -1
638476 0 -1
638519 7 -1
638605 2 1
638696 0 1
638814 6 -1
639007 1 1
639047 0 -1
639164 3 1
639232 4 1
639325 5 1
639341 2 -1
639529 1 1
639561 3 1
639575 0 1
639648 10 -1
639739 8 1
639889 13 -1
639889 1 -1
639905 4 -1
639914 0 1
639986 9 1
640053 2 -1
640136 0 -1
640171 3 1
640384 6 -1
640425 1 -1
640478 7 1
640515 2 -1
640545 0 -1
640582 3 -1
640631 11 -1
640749 5 1
640784 1 1
640990 4 1
641007 3 1
641120 0 -1
641183 1 -1
641236 2 -1
641421 0 1
641448 14 1
641639 0 -1
641684 8 -1
641711 2 1
641723 1 -1
641754 3 -1
641846 6 1
641905 7 1
642066 4 1
642114 1 -1
642168 5 -1
642171 2 1
642179 16 -1
642227 0 1
642308 15 -1
642394 3 1
642544 9 -1
642628 1 -1
642775 4 -1
642821 0 1
642834 6 -1
642872 2 1
643087 5 -1
643140 1 1
643144 0 1
643310 2 -1
643345 3 1
643461 0 1
643525 1 1
643630 10 -1
643735 0 -1
643807 4 1
643890 1 1
643966 0 1
643996 2 1
644044 3 1
644114 6 1
644243 7 -1
644251 1 -1
644286 31 -1
644307 8 -1
644318 0 -1
644484 5 -1
644646 3 1
644694 2 1
644795 1 -1
644863 4 1
644888 0 -1
644952 6 1
645145 13 1
645162 3 1
645170 2 -1
645335 1 -1
645449 0 -1
645597 9 1
645602 2 1
645637 4 -1
645682 1 1
645704 3 -1
645717 0 -1
645898 5 1
645962 12 1
646019 0 -1
646059 2 1
646198 1 -1
646242 7 1
646322 4 -1
646333 6 1
646349 8 -1
646383 0 -1
646435 3 1
646566 1 -1
646650 0 -1
646661 10 1
646731 2 -1
646822 5 1
646939 1 -1
647032 4 -1
647045 0 -1
647333 3 -1
647438 2 -1
647483 1 -1
647564 7 -1
647615 0 -1
647849 0 1
647860 3 1
647882 1 1
647897 2 -1
648037 6 1
648065 0 -1
648116 4 1
648252 5 1
648410 1 1
648467 3 1
648591 2 1
648612 0 -1
648714 11 1
648959 1 1
648995 0 -1
649031 7 1
649064 2 1
649072 4 1
649074 3 1
649101 9 1
649160 10 1
649187 8 -1
649222 0 1
649316 15 -1
649330 1 1
649359 6 1
649483 3 -1
649553 2 -1
649604 0 -1
649644 5 -1
649839 1 -1
649886 4 -1
649948 0 1
650187 3 1
650220 0 -1
650251 2 -1
650398 1 -1
650498 7 1
650574 0 -1
650606 5 1
650708 2 -1
650765 1 1
650789 6 1
650821 0 -1
650875 3 1
650966 4 -1
651246 0 1
651341 1 1
651348 9 1
651391 3 1
651436 2 1
651509 5 -1
651635 4 1
651805 0 -1
651821 10 -1
651863 1 -1
652068 8 -1
652071 0 -1
652127 3 -1
652127 2 -1
652192 1 -1
652250 6 1
652288 0 1
652328 4 1
652396 5 -1
652578 1 -1
652594 3 1
652611 2 1
652627 7 -1
652858 0 -1
652929 1 -1
653068 2 1
653213 3 1
653356 4 1
653453 1 -1
653460 0 1
653492 6 1
653540 2 -1
653573 9 -1
653777 5 1
653975 1 1
654003 8 1
654013 4 1
654062 0 1
654089 3 1
654218 2 -1
654294 0 -1
654386 1 -1
654529 0 -1
654535 3 1
654723 6 1
654868 7 1
654886 1 -1
654907 0 -1
654927 2 1
655169 5 -1
655194 4 1
655225 0 1
655249 1 -1
655384 3 1
655392 2 -1
655443 9 -1
655596 0 -1
655606 1 1
655765 12 1
655894 6 1
655916 10 -1
655951 0 1
655959 8 -1
656093 2 1
656115 3 -1
656120 5 1
656138 1 -1
656174 0 -1
656194 4 -1
656367 7 1
656521 1 -1
656534 0 -1
656572 2 -1
656582 3 1
656711 11 -1
656883 13 -1
656988 4 1
657029 2 -1
657055 14 1
657078 0 -1
657101 1 1
657152 3 -1
657356 15 1
657491 5 -1
657641 0 -1
657661 1 1
657706 2 1
657714 4 -1
657716 3 1
657872 8 1
657904 6 -1
657985 0 1
658048 1 -1
658198 2 -1
658251 0 1
658389 1 1
658399 5 -1
658403 4 1
658431 9 -1
658496 0 -1
658528 3 -1
658592 7 1
658750 1 -1
658818 0 1
658918 2 -1
659168 0 1
659322 1 1
659350 3 1
659388 5 1
659415 4 -1
659452 6 1
659595 2 1
659700 12 1
659721 0 -1
659866 3 1
659907 1 -1
659987 7 1
660052 0 -1
660054 2 1
660108 10 1
660265 1 -1
660294 0 -1
660382 4 1
660409 11 -1
660527 0 -1
660554 3 1
660560 6 -1
660678 8 1
660740 0 -1
660780 2 1
660842 1 1
660844 5 1
661043 4 1
661070 3 1
661113 0 -1
661277 7 1
661402 1 -1
661468 2 -1
661575 3 1
661618 0 -1
661773 1 1
661774 5 1
661946 2 1
662013 0 1
662059 4 1
662086 9 -1
662140 6 1
662279 0 1
662337 1 -1
662344 3 1
662567 0 -1
662629 2 -1
662752 4 1
662798 0 1
662857 1 1
662860 3 1
662930 10 1
662946 12 1
663021 6 -1
663204 7 -1
663206 0 -1
663225 5 -1
663260 1 -1
663336 2 -1
663550 4 1
663596 3 -1
663626 0 1
663720 8 -1
663764 1 1
663790 2 -1
663905 0 1
663924 6 1
664107 17 1
664135 1 1
664279 2 -1
664284 3 -1
664289 0 -1
664322 11 1
664490 1 -1
664518 0 1
664558 9 1
664590 7 -1
664633 5 -1
664639 4 1
664754 2 1
664762 0 1
664800 3 -1
664838 14 -1
664945 16 -1
665024 1 -1
665077 0 1
665300 4 -1
665354 3 1
665386 2 -1
665388 1 1
665391 0 1
665574 6 1
665633 5 1
665698 8 1
665789 0 1
665800 3 1
665965 1 -1
666090 2 1
666134 0 -1
666372 4 1
666377 0 -1
666545 1 1
666552 2 1
666584 5 -1
666611 3 -1
666643 6 1
666649 0 1
666735 7 -1
666912 1 1
666912 10 1
666963 0 1
667235 2 -1
667243 1 1
667331 9 -1
667353 0 -1
667417 3 1
667444 4 1
667503 5 -1
667610 1 -1
667692 2 -1
667880 0 1
667971 3 -1
668166 1 1
668170 2 1
668186 4 1
668412 0 -1
668444 6 -1
668449 8 -1
668578 12 1
668670 0 1
668686 13 1
668688 1 1
668756 3 -1
668847 7 1
668858 2 -1
668871 4 -1
668925 0 1
668933 5 -1
669051 1 -1
669298 2 1
669314 3 1
669496 4 1
669527 0 -1
669585 1 1
669787 3 -1
669972 1 -1
669981 6 1
669992 2 1
670062 9 -1
670088 0 -1
670320 5 1
670357 1 -1
670384 8 1
670435 7 1
670438 0 1
670500 4 -1
670518 3 1
670653 10 -1
670680 0 1
670701 2 1
670862 1 1
670901 0 -1
670911 6 1
670970 3 1
671153 0 -1
671163 2 1
671249 1 1
671255 5 1
671553 0 -1
671560 4 -1
671642 2 -1
671776 3 -1
671781 1 1
671838 7 1
671910 6 1
671913 0 1
671953 11 1
672098 2 -1
672147 8 -1
672150 0 -1
672281 4 1
672293 1 -1
672319 14 -1
672504 0 -1
672512 9 1
672544 3 -1
672620 12 -1
672625 5 -1
672660 1 1
672802 6 1
672805 2 -1
672864 0 1
673034 3 1
673039 1 1
673132 0 -1
673168 7 -1
673353 4 1
673376 1 -1
673512 2 -1
673544 0 -1
673550 3 1
673550 5 -1
673603 10 -1
673867 0 -1
673954 1 1
673969 2 -1
674012 3 -1
674039 4 1
674152 0 1
674324 6 -1
674468 1 -1
674538 5 1
674574 0 1
674673 2 -1
674788 4 1
674848 0 -1
674857 1 -1
674877 3 -1
674985 15 -1
675071 16 1
675092 8 1
675167 0 -1
675334 2 -1
675413 1 -1
675433 7 -1
675517 0 1
675586 6 -1
675613 3 1
675759 0 1
675768 1 -1
675802 9 1
675834 2 1
675855 5 1
675881 4 -1
676017 18 -1
676088 0 -1
676129 3 1
676155 1 -1
676441 0 -1
676506 2 1
676543 6 -1
676578 4 1
676664 0 1
676715 1 1
676801 5 1
676817 3 1
676879 0 -1
676973 8 1
677098 1 1
677118 0 -1
677215 2 1
677344 10 1
677392 3 1
677438 0 -1
677610 1 -1
677618 7 -1
677704 2 -1
677719 4 1
677782 3 1
677908 9 -1
678000 0 -1
678194 1 -1
678252 12 -1
678295 5 1
678370 6 1
678387 3 1
678395 2 1
678537 0 -1
678553 1 1
678731 0 1
678739 4 -1
678795 3 -1
678870 2 -1
678928 1 1
678980 7 1
678986 0 1
679069 13 1
679279 1 -1
679322 2 -1
679397 3 -1
679445 6 -1
679488 4 1
679596 0 1
679650 5 -1
679736 11 1
679837 1 -1
679897 8 -1
679996 2 -1
680093 3 1
680104 0 -1
680198 4 -1
680363 1 1
680394 2 -1
680563 5 -1
680647 0 -1
680665 3 -1
680724 6 1
680770 1 -1
680859 4 1
680953 0 -1
681004 9 1
681106 2 -1
681171 0 1
681214 7 1
681335 1 -1
681418 5 1
681488 3 1
681488 10 1
681568 0 -1
681677 1 1
681810 2 1
681829 0 -1
681943 4 -1
682048 1 1
682143 6 1
682146 0 -1
682267 3 1
682283 2 -1
682326 5 1
682506 0 -1
682576 1 -1
682649 7 1
682659 8 1
682705 0 -1
682713 3 -1
682759 2 1
682928 0 1
682935 1 1
683027 4 1
683068 6 -1
683191 0 -1
683213 2 1
683390 3 1
683483 1 1
683594 0 -1
683737 4 1
683756 5 1
683906 2 1
683999 1 -1
684027 3 1
684108 0 -1
684164 9 -1
684172 7 -1
684325 6 1
684326 10 1
684390 1 -1
684433 3 -1
684471 0 -1
684530 12 -1
684551 8 -1
684597 2 1
684694 0 1
684841 3 1
684862 4 -1
684909 0 -1
684930 1 -1
685059 2 1
685148 0 -1
685174 5 1
685231 3 1
685494 0 1
685518 6 1
685529 1 -1
685760 2 1
685836 3 1
685910 1 -1
685930 4 1
686018 0 1
686099 5 1
686228 2 1
686228 17 -1
686244 7 1
686378 8 -1
686438 3 1
686490 1 1
686569 0 -1
686583 6 -1
686651 4 1
686701 2 -1
686787 9 -1
686803 0 -1
686846 3 -1
687023 0 1
687030 1 1
687365 0 -1
687384 2 1
687409 1 1
687486 5 -1
687518 3 1
687593 0 1
687647 7 1
687764 1 -1
687828 4 1
687856 2 -1
687934 0 1
688071 3 1
688151 1 -1
688184 6 1
688270 0 -1
688313 8 1
688378 11 -1
688426 5 1
688493 0 -1
688518 10 -1
688544 2 1
688593 9 1
688657 3 1
688679 1 1
688722 12 1
688867 0 -1
688872 4 -1
689087 14 -1
689219 2 -1
689223 1 -1
689235 0 1
689286 5 -1
689345 3 1
689529 0 1
689582 7 -1
689616 1 1
689618 4 -1
689641 2 1
689861 3 1
689975 0 -1
690086 1 -1
690108 6 1
690377 2 1
690481 1 -1
690554 0 -1
690630 3 1
690678 4 1
690710 5 -1
690721 9 -1
690742 13 -1
690834 0 1
690884 1 1
691068 2 -1
691111 0 -1
691162 10 1
691172 6 -1
691250 3 1
691258 8 -1
691404 4 1
691436 1 1
691474 0 -1
691522 2 -1
691667 3 -1
691721 5 1
691753 15 -1
691769 0 1
691833 1 -1
691903 7 -1
692065 4 1
692075 3 1
692140 0 -1
692237 2 1
692375 1 -1
692465 3 1
692484 11 -1
692710 0 -1
692871 12 1
692871 6 1
692930 2 1
692943 1 1
692969 0 -1
693129 4 1
693156 5 1
693193 3 1
693193 0 1
693290 7 -1
693316 1 1
693392 2 1
693551 0 1
693673 1 -1
693793 0 -1
693830 4 1
693865 2 -1
693886 3 1
693903 10 1
694000 9 -1
694060 1 -1
694118 8 -1
694131 0 1
694327 2 -1
694424 3 1
694467 7 1
694542 5 -1
694604 1 -1
694644 6 -1
694698 0 -1
694830 4 -1
694986 0 1
695031 2 -1
695112 3 1
695148 1 -1
695206 0 -1
695279 18 -1
695517 1 1
695520 5 1
695574 3 -1
695582 0 1
695633 6 -1
695733 2 -1
695821 7 1
695835 0 1
695926 4 -1
696020 8 1
696042 3 1
696055 1 1
696095 11 -1
696165 2 1
696227 0 1
696402 1 -1
696418 5 1
696439 6 -1
696595 4 -1
696617 0 1
696730 3 1
696740 1 1
696821 2 1
696926 0 1
697176 3 1
697281 1 1
697294 2 -1
697305 4 -1
697344 0 -1
697348 6 1
697418 5 -1
697651 1 -1
697678 0 1
697751 9 1
697756 2 -1
697815 12 -1
697864 3 1
697920 0 1
697950 7 1
698063 10 -1
698071 4 -1
698220 1 -1
698253 0 -1
698460 2 -1
698552 3 1
698597 0 1
698804 1 1
698810 5 -1
698858 0 1
698917 6 -1
698917 2 -1
698944 8 1
699051 3 1
699159 1 -1
699164 0 1
699256 4 -1
699444 0 -1
699497 3 1
699514 1 -1
699645 2 1
699778 0 -1
699880 1 1
699960 3 -1
700014 7 1
700192 0 -1
700202 5 1
700266 6 -1
700323 2 -1
700356 4 1
700374 9 1
700408 0 1
700417 1 -1
700658 3 -1
700761 2 1
700777 0 1
700852 10 -1
700949 1 -1
701013 4 1
701027 0 -1
701174 5 -1
701217 2 1
701310 0 -1
701315 1 -1
701432 3 -1
701465 7 1
701556 6 1
701647 0 1
701680 2 1
701728 8 -1
701888 1 1
701938 0 -1
701943 3 1
702007 11 1
702097 4 -1
702259 1 1
702290 0 -1
702394 2 1
702545 3 1
702545 13 1
702642 5 1
702646 1 1
702765 0 1
702795 4 -1
702934 3 1
703053 0 -1
703088 6 1
703093 2 1
703242 1 1
703284 0 1
703340 3 -1
703448 12 1
703464 4 1
703539 2 1
703613 1 1
703630 8 1
703674 7 -1
703749 9 -1
703880 0 -1
703948 5 1
704017 3 1
704125 6 -1
704161 1 1
704222 2 -1
704434 0 -1
704566 14 -1
704571 3 1
704609 4 -1
704684 2 -1
704738 1 1
704791 0 -1
704818 10 -1
704910 5 -1
705076 0 1
705078 1 -1
705125 7 -1
705146 2 -1
705270 3 1
705302 6 -1
705374 4 -1
705437 1 -1
705563 0 1
705786 1 1
705861 2 -1
705984 11 -1
706076 3 -1
706194 0 1
706318 2 -1
706358 1 -1
706414 5 -1
706463 4 1
706543 3 1
706560 7 -1
706597 8 -1
706769 0 1
706834 6 -1
706971 1 1
706979 3 1
707030 2 -1
707210 9 1
707320 1 -1
707328 0 1
707452 3 -1
707557 0 -1
707563 4 -1
707729 2 -1
707747 5 -1
707804 0 -1
707884 1 1
708091 6 1
708145 0 1
708164 4 -1
708191 2 -1
708263 3 1
708374 0 1
708400 1 -1
708607 15 1
708632 2 -1
708720 7 1
708739 0 1
708746 1 1
708768 5 -1
708898 10 -1
709043 3 1
709094 2 -1
709236 1 1
709260 4 -1
709328 0 -1
709478 8 -1
709532 6 1
709569 3 1
709645 0 -1
709771 2 -1
709772 1 -1
709833 9 1
709943 0 -1
710101 5 -1
710131 7 1
710163 1 -1
710327 3 -1
710366 0 -1
710381 4 1
710472 2 -1
710631 0 1
710716 1 1
710929 2 -1
710945 3 -1
710961 6 -1
711026 0 1
711102 1 1
711106 5 -1
711131 4 1
711273 8 -1
711359 3 1
711391 0 -1
711445 16 -1
711453 1 -1
711590 10 -1
711639 2 -1
711663 0 -1
711681 11 -1
711948 0 -1
711950 3 -1
711961 12 1
711972 6 -1
711982 5 1
711985 1 -1
712058 2 1
712195 4 -1
712236 0 -1
712267 7 1
712368 1 -1
712533 2 -1
712654 3 -1
712735 0 -1
712821 9 -1
712826 6 1
712928 1 1
713133 3 1
713197 2 -1
713227 4 -1
713258 0 -1
713326 5 -1
713473 1 1
713673 2 1
713772 6 1
713778 0 1
713858 3 -1
713864 1 1
713968 4 -1
714003 8 1
714011 0 1
714237 0 -1
714242 1 -1
714283 13 -1
714293 5 -1
714315 10 1
714326 3 1
714347 7 1
714361 2 -1
714589 0 -1
714623 1 -1
714654 4 1
714842 3 1
714893 0 1
715008 2 -1
715206 1 1
715284 0 -1
715427 4 -1
715487 2 1
715583 6 -1
715599 3 1
715618 0 1
715637 5 1
715766 7 1
715778 1 -1
715798 8 1
715895 0 -1
715949 2 1
716024 3 -1
716135 1 -1
716191 0 1
716282 9 1
716419 4 1
716430 0 1
716433 2 1
716626 3 -1
716657 1 1
716760 0 1
716916 6 1
717036 1 1
717094 2 -1
717110 5 1
717150 0 1
717206 11 1
717228 3 -1
717415 4 -1
717416 0 1
717421 1 1
717604 8 1
717636 3 1
717733 10 1
717741 0 1
717765 12 -1
717782 2 1
717798 6 -1
717830 7 1
717943 1 -1
717980 15 1
718013 0 1
718029 3 1
718088 5 -1
718124 4 1
718281 2 -1
718303 0 1
718324 1 -1
718437 3 -1
718539 9 -1
718730 0 1
718840 14 -1
718886 1 1
718972 0 1
718991 2 -1
719023 5 1
719039 3 -1
719216 4 -1
719217 6 1
719286 0 1
719446 1 -1
719641 3 -1
719644 0 1
719692 2 -1
719813 7 -1
719813 1 1
719864 0 -1
719882 4 1
719985 5 -1
720033 3 -1
720152 2 -1
720181 0 1
720220 1 -1
720334 6 1
720388 8 -1
720445 0 1
720595 1 1
720627 4 1
720791 3 -1
720856 2 -1
720861 0 1
721076 11 -1
721163 1 -1
721280 6 -1
721296 7 -1
721329 3 -1
721377 5 1
721463 0 -1
721549 2 1
721646 9 1
721675 1 1
721699 4 -1
721780 10 1
721796 3 1
721957 12 1
722022 2 -1
722038 0 -1
722046 1 1
722302 8 1
722382 0 -1
722465 4 -1
722484 3 1
722606 1 -1
722632 0 1
722723 2 -1
722796 5 1
722807 6 -1
722930 3 1
722951 1 1
723129 0 1
723188 2 -1
723215 7 1
723328 1 1
723529 4 -1
723618 3 1
723645 2 -1
723710 5 1
723723 0 1
723871 9 -1
723892 1 -1
723978 6 -1
724252 0 1
724255 1 1
724306 3 1
724349 2 -1
724572 0 1
724594 4 1
724768 3 -1
724803 0 1
724828 1 1
724828 2 1
724860 13 -1
724903 11 1
725161 8 1
725177 0 1
725193 5 -1
725236 3 1
725368 4 1
725396 1 1
725408 7 -1
725411 0 1
725521 2 -1
725548 6 1
725682 3 1
725706 1 1
725738 0 -1
725763 9 -1
725892 10 -1
726037 4 -1
726053 1 -1
726088 0 1
726160 5 1
726246 2 -1
726354 0 -1
726364 15 1
726420 1 -1
726440 3 -1
726598 0 1
726703 2 -1
726710 4 1
726751 14 1
726846 0 -1
726859 7 -1
726972 1 -1
727020 5 -1
727058 3 -1
727117 12 1
727176 2 1
727200 0 1
727332 6 -1
727450 3 -1
727512 1 -1
727576 0 -1
727638 2 1
727770 4 1
727887 0 -1
727887 1 -1
728052 3 -1
728106 8 -1
728165 7 1
728350 0 1
728369 2 -1
728427 1 -1
728455 3 1
728477 5 -1
728493 6 -1
728580 0 -1
728745 10 -1
728794 4 -1
728831 0 -1
728834 1 1
728858 11 -1
728864 3 -1
728987 9 1
729062 2 1
729209 1 -1
729366 0 -1
729444 5 1
729466 3 -1
729492 6 -1
729535 4 -1
729536 2 -1
729584 7 1
729749 1 -1
729858 3 -1
729874 0 -1
730030 8 1
730132 1 -1
730237 2 -1
730342 13 -1
730385 6 1
730397 0 -1
730460 3 -1
730583 4 -1
730658 1 -1
730678 0 -1
730688 2 -1
730814 5 -1
730917 0 -1
731148 2 -1
731170 1 -1
731196 3 -1
731263 0 1
731494 0 -1
731563 1 -1
731652 4 1
731696 9 1
731712 7 1
731734 3 -1
731825 6 1
731852 2 -1
731895 0 1
731976 8 -1
731997 12 -1
732119 1 -1
732137 5 -1
732201 3 1
732247 0 1
732319 2 -1
732397 4 1
732489 0 1
732631 10 -1
732658 3 1
732700 1 -1
732782 0 -1
733018 2 -1
733046 0 -1
733061 5 -1
733083 1 -1
733126 6 -1
733346 3 1
733410 0 1
733413 4 1
733582 7 1
733623 1 -1
733733 2 -1
733934 0 1
733964 5 -1
734018 6 1
734028 8 -1
734125 3 -1
734195 1 1
734206 2 -1
734282 0 -1
734405 16 -1
734457 4 1
734534 3 -1
734534 0 -1
734558 1 -1
734679 2 1
734827 0 1
734835 14 1
734878 9 1
734905 1 1
734931 5 1
734964 11 -1
735034 7 1
735106 4 1
735111 0 -1
735136 3 -1
735141 2 1
735279 1 1
735372 10 1
735477 0 1
735539 3 1
735549 6 1
735818 1 -1
735840 2 1
735947 3 -1
735998 0 1
736017 13 1
736134 4 1
736318 5 -1
736390 1 1
736528 2 -1
736579 0 1
736678 3 1
736694 6 1
736730 1 -1
736807 4 -1
736885 0 1
737006 2 1
737006 8 1
737017 7 1
737148 0 1
737221 3 1
737283 1 1
737490 6 1
737581 0 -1
737589 4 -1
737662 5 1
737664 1 -1
737718 2 1
737901 0 -1
737903 3 1
738028 1 1
738038 9 -1
738194 2 -1
738355 0 -1
738403 7 -1
738404 10 -1
738564 5 1
738585 1 -1
738591 3 1
738645 4 -1
738653 2 -1
738704 12 -1
738866 0 -1
738964 1 -1
738968 6 1
739054 3 -1
739355 2 -1
739371 4 1
739395 0 -1
739488 1 -1
739742 3 -1
739790 0 -1
739822 2 -1
739844 9 1
739959 7 1
739962 8 -1
739978 5 -1
740013 0 -1
740048 1 -1
740166 6 1
740372 0 -1
740419 1 -1
740429 3 -1
740483 4 -1
740521 2 -1
740794 1 -1
740897 3 1
740905 0 1
740945 5 1
741181 1 -1
741225 0 -1
741241 2 1
741461 0 1
741523 4 1
741585 3 1
741706 2 -1
741731 1 -1
741735 6 1
741886 5 1
741908 8 1
742034 0 -1
742088 7 -1
742168 2 -1
742187 9 -1
742208 4 -1
742273 10 -1
742305 1 1
742340 3 1
742523 0 1
742640 1 1
742644 2 1
742762 3 -1
742789 11 -1
742926 4 -1
743028 0 -1
743111 6 1
743154 3 -1
743220 1 -1
743286 0 -1
743332 2 -1
743337 5 1
743557 3 1
743563 7 -1
743592 0 -1
743700 4 1
743764 1 -1
743960 6 1
744041 2 -1
744122 15 -1
744131 1 -1
744159 3 1
744205 0 1
744272 9 1
744294 5 -1
744520 2 1
744638 12 1
744708 1 1
744791 0 -1
744796 4 1
744810 8 1
744853 17 1
744917 3 1
744992 6 -1
745111 10 -1
745232 2 1
745264 1 -1
745382 0 1
745455 3 1
745627 1 1
745643 7 1
745670 0 -1
745707 2 -1
745712 5 -1
745895 0 1
745933 4 1
746142 3 1
746143 2 1
746175 6 1
746177 1 1
746476 0 1
746534 1 -1
746589 3 1
746683 4 1
746841 2 1
746847 0 1
746872 1 1
746884 8 1
747051 3 -1
747115 5 1
747126 0 -1
747207 13 -1
747218 9 -1
747298 2 1
747469 1 1
747545 7 -1
747594 0 1
747701 6 -1
747759 4 -1
747819 3 1
747820 1 -1
747846 0 1
748024 5 1
748026 2 -1
748120 0 -1
748222 3 1
748420 1 -1
748424 4 1
748448 0 -1
748714 2 1
748720 0 -1
748824 3 1
748835 7 -1
748894 12 -1
748937 8 -1
748960 1 -1
748991 5 -1
749007 6 1
749182 4 1
749190 0 -1
749206 2 -1
749271 10 1
749331 1 -1
749426 3 1
749690 1 1
749741 0 1
749835 3 -1
749910 2 1
749991 5 1
750015 0 -1
750044 6 -1
750065 1 1
750227 3 -1
750238 7 1
750273 0 -1
750355 4 1
750589 1 -1
750593 9 -1
750625 2 1
750630 3 1
750797 0 -1
750936 11 -1
751092 4 1
751093 2 -1
751138 0 -1
751145 1 -1
751232 3 1
751302 14 1
751361 0 -1
751388 5 1
751508 1 1
751651 6 -1
751690 0 -1
751737 7 -1
751775 2 1
751786 8 -1
751834 3 1
751932 0 -1
752072 1 -1
752143 0 1
752197 4 -1
752312 3 1
752398 9 -1
752475 1 1
752487 2 1
752491 0 -1
752705 0 1
752812 5 1
752858 1 -1
752963 2 -1
753016 3 1
753041 0 -1
753065 6 1
753180 4 1
753401 0 -1
753402 1 -1
753420 2 -1
753527 10 -1
753647 0 -1
753710 8 1
753785 5 1
753787 1 -1
753796 3 1
753868 0 1
753876 2 -1
753890 7 1
753898 4 1
754083 0 -1
754194 6 1
754242 3 1
754327 1 -1
754427 0 1
754599 4 1
754605 2 1
754759 0 -1
754828 11 1
754861 1 -1
754930 3 1
755000 12 1
755000 0 -1
755118 5 -1
755238 1 -1
755272 4 -1
755295 2 -1
755338 0 1
755473 9 -1
755483 6 -1
755666 0 1
755688 3 -1
755768 2 1
755772 1 -1
755897 0 1
756064 5 -1
756075 7 -1
756109 3 1
756244 0 -1
756300 10 -1
756337 1 1
756405 4 1
756454 2 -1
756604 0 -1
756655 16 1
756655 8 -1
756698 3 -1
756703 1 -1
756773 6 -1
756822 0 1
756913 2 -1
757026 5 1
757101 3 1
757168 0 -1
757256 1 -1
757386 0 1
757386 2 1
757477 7 -1
757509 3 -1
757510 4 -1
757536 9 -1
757630 0 1
757810 1 1
757837 6 -1
758074 2 -1
758187 1 -1
758203 13 -1
758204 0 -1
758211 4 1
758262 3 1
758407 5 -1
758529 1 1
758539 0 1
758550 2 1
758611 12 -1
758735 3 -1
758781 0 1
758783 11 -1
758892 1 -1
759041 10 -1
759129 0 -1
759170 15 1
759256 2 1
759335 4 -1
759369 0 -1
759417 5 1
759428 6 -1
759439 8 1
759460 1 1
759487 3 1
759509 7 -1
759584 0 1
759901 9 -1
759929 0 -1
759987 2 1
760021 1 -1
760113 4 1
760154 0 1
760175 3 1
760392 1 -1
760449 2 1
760484 0 -1
760589 6 1
760637 3 -1
760772 5 -1
760836 0 -1
760887 4 1
760922 2 -1
760948 1 1
761016 7 -1
761038 0 -1
761105 3 1
761280 0 -1
761319 1 -1
761363 8 -1
761379 2 -1
761513 6 1
761514 0 1
761551 3 1
761671 1 1
761782 10 -1
761868 0 1
761907 4 1
762075 2 -1
762201 5 -1
762208 0 -1
762226 1 1
762239 3 1
762424 0 1
762564 7 1
762572 4 1
762604 1 -1
762784 0 1
762787 2 -1
762846 6 1
762911 12 -1
762927 3 1
763102 0 1
763145 1 -1
763169 9 -1
763217 5 -1
763244 2 -1
763319 8 1
763392 0 -1
763486 3 -1
763677 1 -1
763689 4 1
763779 0 -1
763835 6 1
763954 2 -1
764048 1 1
764115 3 1
764346 0 -1
764426 1 1
764429 2 1
764518 3 1
764588 5 1
764652 7 1
764695 0 -1
764716 11 1
764781 4 -1
764805 1 1
764889 2 1
764902 0 -1
764926 3 -1
765155 0 1
765168 9 -1
765243 6 -1
765329 8 1
765368 1 -1
765374 0 -1
765450 4 -1
765528 3 -1
765576 2 -1
765784 0 1
765920 3 -1
765928 1 -1
766006 7 -1
766039 5 1
766052 2 1
766101 0 1
766103 10 1
766176 4 -1
766264 17 -1
766301 1 -1
766407 0 1
766415 6 1
766522 3 -1
766762 2 1
766778 0 -1
766837 1 1
766897 4 1
766979 5 1
767036 0 -1
767124 3 -1
767192 1 -1
767366 0 -1
767425 14 -1
767468 2 -1
767527 3 1
767533 6 -1
767566 1 1
767912 0 1
767925 2 -1
767957 4 1
768107 1 1
768129 3 1
768135 7 1
768178 8 1
768307 9 1
768377 5 1
768404 2 1
768414 6 -1
768490 1 1
768508 0 1
768586 11 -1
768879 2 -1
768909 3 1
769038 1 -1
769062 4 1
769137 0 1
769355 3 1
769403 6 -1
769415 0 -1
769425 13 1
769570 2 1
769594 1 -1
769650 0 1
769704 5 1
769804 4 1
769945 1 -1
769973 10 1
770134 3 1
770146 0 -1
770301 2 -1
770324 1 -1
770376 7 -1
770518 0 1
770628 5 1
770702 1 -1
770758 2 -1
770811 4 -1
770822 3 1
770852 0 -1
770908 6 1
771218 1 1
771268 3 1
771295 8 1
771307 0 1
771424 12 -1
771467 2 -1
771521 5 1
771537 4 1
771639 9 1
771730 3 -1
771777 1 -1
771795 7 -1
771918 2 -1
771929 0 1
772117 1 -1
772198 3 1
772246 4 1
772370 2 -1
772456 6 1
772477 5 1
772491 0 -1
772674 1 -1
772730 10 1
772886 3 1
772972 16 -1
773001 0 -1
773071 1 1
773079 2 -1
773122 8 1
773326 7 -1
773426 0 -1
773431 1 1
773455 4 -1
773536 2 -1
773574 3 1
773622 6 1
773676 0 -1
773767 9 1
773875 5 1
773923 0 1
773992 1 -1
774133 3 -1
774221 0 -1
774237 4 1
774251 2 -1
774362 1 -1
774477 11 1
774646 0 1
774735 3 -1
774745 7 -1
774864 15 1
774939 1 1
774950 2 -1
775111 6 -1
775143 3 -1
775165 13 -1
775197 5 1
775210 0 1
775350 4 -1
775455 2 1
775483 1 1
775546 3 1
775831 0 -1
775834 1 -1
775917 2 1
776035 8 -1
776100 5 1
776100 6 -1
776110 0 -1
776148 3 1
776154 9 -1
776221 1 1
776372 0 -1
776393 2 -1
776422 4 1
776600 1 1
776648 3 -1
776699 0 -1
776793 10 -1
776858 7 1
776927 0 1
777057 6 -1
777081 2 1
777115 4 -1
777160 1 -1
777250 3 -1
777269 0 1
777540 5 1
777656 0 -1
777696 1 1
777782 2 1
777868 3 -1
777986 0 1
778002 8 1
778069 1 1
778131 9 -1
778223 6 1
778244 4 1
778250 2 1
778260 3 -1
778276 0 -1
778480 5 1
778521 0 -1
778631 1 -1
778663 3 1
778873 7 1
778948 2 1
778960 0 -1
778996 6 1
779099 3 -1
779131 1 1
779351 0 -1
779365 4 1
779437 10 1
779443 5 -1
779478 1 -1
779634 0 -1
779660 2 1
779701 3 -1
779916 8 -1
779972 0 -1
780054 1 1
780066 12 1
780106 4 1
780136 2 -1
780217 0 -1
780281 6 -1
780335 3 1
780469 7 -1
780523 0 1
780610 1 -1
780711 13 -1
780724 3 1
780821 2 1
780904 5 -1
780913 0 -1
780961 1 1
781160 0 -1
781247 4 1
781326 3 1
781512 0 -1
781528 2 1
781535 1 -1
781614 15 -1
781657 9 -1
781732 3 -1
781818 5 -1
781868 1 -1
781947 6 -1
781985 2 1
782029 0 -1
782141 3 1
782235 1 1
782243 4 -1
782280 0 -1
782323 10 1
782517 11 -1
782611 0 1
782654 7 -1
782694 2 -1
782732 6 -1
782742 3 1
782775 8 -1
782791 1 1
782955 0 -1
782968 4 -1
783132 3 1
783138 1 -1
783172 2 1
783210 0 -1
783248 5 -1
783506 14 1
783629 0 -1
783648 2 -1
783662 4 1
783718 1 1
783769 3 -1
783984 0 1
784113 6 1
784161 7 -1
784221 0 1
784246 1 1
784327 4 -1
784339 2 1
784371 3 -1
784442 0 -1
784617 1 -1
784667 0 -1
784677 5 -1
784688 8 1
784763 3 -1
784817 2 -1
785000 1 -1
785013 0 1
785140 9 1
785185 3 1
785333 0 1
785373 1 -1
785435 4 -1
785527 2 -1
785578 0 1
785580 5 -1
785591 3 -1
785596 7 -1
785677 6 -1
785916 0 -1
785943 1 1
786163 0 -1
786193 10 -1
786209 3 -1
786236 2 -1
786301 12 -1
786432 0 -1
786465 1 -1
786536 4 1
786558 5 1
786623 11 -1
786687 6 1
786712 2 1
786838 3 1
786838 1 1
786978 0 1
787074 9 1
787174 2 1
787217 4 -1
787241 3 1
787289 17 -1
787394 1 1
787472 0 -1
787553 5 -1
787650 2 -1
787676 8 -1
787725 7 1
787749 1 -1
787816 0 1
787843 3 1
788044 0 -1
788128 1 -1
788192 6 1
788251 3 -1
788257 4 1
788343 2 1
788480 0 -1
788662 1 -1
788678 3 1
788920 0 1
788950 5 -1
788966 10 1
788974 4 1
789023 1 1
789041 2 1
789063 7 -1
789146 0 -1
789280 3 1
789353 15 1
789517 2 -1
789591 1 -1
789614 0 1
789643 4 -1
789692 3 -1
789772 6 -1
790001 0 -1
790155 1 1
790229 2 -1
790240 0 -1
790304 3 -1
790342 5 1
790487 0 -1
790493 9 -1
790534 1 -1
790611 8 1
790627 6 1
790643 12 1
790664 11 -1
790686 2 -1
790698 0 -1
790728 4 1
790895 1 1
790906 3 -1
791069 0 -1
791143 2 -1
791264 7 1
791272 1 1
791299 3 -1
791342 5 -1
791438 6 -1
791506 4 1
791621 0 -1
791702 3 1
791761 14 1
791804 1 1
791858 2 -1
791972 0 -1
792110 3 -1
792126 13 -1
792231 0 -1
792322 2 1
792360 1 1
792384 9 -1
792470 6 -1
792497 0 -1
792546 8 -1
792566 4 -1
792696 5 1
792712 3 -1
792715 1 -1
792798 0 -1
792981 2 1
793134 0 -1
793289 1 1
793314 3 -1
793320 10 1
793432 7 -1
793456 0 -1
793654 1 1
793666 4 1
793688 2 1
793733 0 -1
793744 3 1
793964 1 1
793986 6 1
794018 5 1
794150 2 1
794206 0 1
794346 3 1
794392 4 1
794470 0 1
794488 1 1
794556 8 1
794642 9 -1
794703 0 1
794728 12 -1
794754 7 1
794851 2 1
794875 1 1
794967 3 1
794996 5 -1
795063 0 1
795093 4 -1
795311 0 1
795372 3 -1
795420 1 1
795523 6 -1
795539 2 -1
795722 0 -1
795778 4 1
795952 1 1
795996 3 -1
796017 2 1
796206 7 -1
796297 0 -1
796308 5 -1
796339 1 1
796579 0 -1
796598 3 -1
796662 8 1
796685 1 -1
796695 6 -1
796730 2 1
796799 0 1
796871 4 -1
797012 3 1
797092 1 1
797361 0 -1
797431 2 1
797560 10 -1
797604 1 -1
797622 3 1
797673 7 -1
797791 5 1
797861 2 -1
797909 9 1
797979 4 1
798001 0 1
798017 6 -1
798027 3 -1
798193 1 1
798339 2 1
798357 0 -1
798460 3 1
798584 0 1
798612 1 -1
798629 5 -1
798662 11 1
798683 12 -1
798684 4 1
798796 2 1
798858 0 -1
798898 6 1
799062 3 1
799097 0 -1
799162 1 -1
799414 16 1
799457 0 1
799484 3 -1
799524 2 -1
799531 1 1
799597 8 -1
799696 4 -1
799758 9 1
799769 7 -1
799833 0 -1
799844 14 1
799898 1 1
799984 5 1
800048 6 -1
800056 0 -1
800086 3 -1
800212 2 1
800252 10 1
800420 0 -1
800438 1 1
800450 4 1
800639 0 1
800688 3 -1
800688 2 -1
800780 1 -1
800866 0 -1
800951 5 -1
801080 3 -1
801127 4 -1
801209 0 -1
801329 1 -1
801360 6 1
801397 2 -1
801462 0 -1
801483 3 1
801744 7 1
801827 5 1
801876 2 -1
801881 0 -1
801892 3 -1
801893 1 -1
802133 6 1
802240 4 1
802244 1 -1
802332 2 -1
802467 8 -1
802494 3 -1
802523 0 1
802800 10 -1
802824 1 1
802848 0 -1
802889 4 1
803036 2 -1
803096 3 -1
803122 0 1
803155 13 -1
803230 5 -1
803235 7 1
803372 1 1
803402 9 1
803488 6 -1
803512 2 1
803523 3 1
803672 0 -1
803759 1 1
803977 4 -1
804009 0 -1
804058 17 1
804125 3 1
804127 5 -1
804203 2 -1
804254 0 -1
804320 1 1
804423 8 1
804547 3 -1
804665 0 -1
804832 12 -1
804884 1 -1
804907 2 -1
804939 3 -1
804960 15 -1
804993 0 -1
805073 4 -1
805165 6 1
805227 1 -1
805296 0 -1
805331 7 -1
805364 2 -1
805530 5 1
805541 3 -1
805585 1 -1
805753 0 1
805815 4 -1
805842 2 1
805896 10 1
805944 3 1
805978 1 -1
806092 0 -1
806315 9 1
806320 2 -1
806331 0 -1
806368 6 1
806508 11 1
806518 1 -1
806546 3 1
806557 4 1
806748 0 -1
806863 5 -1
806979 0 1
807027 2 -1
807048 1 1
807148 3 1
807239 0 -1
807318 4 1
807363 7 -1
807368 8 -1
807444 1 -1
807486 6 -1
807556 3 -1
807715 2 1
807841 0 -1
807852 5 1
807949 3 -1
807996 1 -1
808191 0 1
808191 2 1
808319 6 1
808362 1 1
808395 3 -1
808459 4 -1
808486 0 -1
808540 9 -1
808737 1 1
808771 5 1
808870 7 -1
808900 2 1
808930 0 1
808997 3 -1
809244 0 -1
809282 8 1
809286 1 -1
809459 4 1
809588 0 1
809588 2 -1
809615 3 -1
809620 1 1
809668 5 1
809733 6 -1
809927 10 1
809956 0 1
810023 3 1
810066 2 1
810156 1 1
810176 4 1
810198 0 1
810539 0 -1
810625 3 1
810692 1 1
810770 2 1
810969 9 1
811015 3 1
811028 5 -1
811071 7 1
811075 1 1
811112 0 1
811206 8 -1
811249 6 -1
811257 4 -1
811359 0 1
811420 3 -1
811422 1 -1
811480 2 1
811571 0 -1
811809 1 -1
811963 2 -1
811990 4 -1
812022 3 -1
812127 0 1
812216 6 1
812349 1 -1
812409 5 1
812431 3 1
812657 2 1
812708 4 -1
812716 0 1
812893 1 -1
813049 3 1
813124 2 -1
813130 9 -1
813260 1 1
813264 7 -1
813337 0 1
813377 5 1
813554 2 1
813573 0 1
813603 12 -1
813651 3 1
813732 6 -1
813799 0 -1
813804 4 -1
813824 1 -1
814022 10 -1
814076 3 -1
814171 1 1
814183 8 1
814282 2 -1
814312 13 1
814368 0 -1
814484 3 1
814493 4 1
814562 1 1
814586 7 1
814656 11 1
814729 0 1
814742 2 -1
814790 5 1
814874 3 1
814948 0 1
815094 1 1
815161 6 -1
815306 0 1
815446 2 -1
815469 1 1
815516 3 -1
815559 0 1
815602 4 -1
815758 5 -1
815846 0 1
816009 1 1
816107 8 -1
816118 3 -1
816134 2 1
816182 0 1
816225 6 1
816354 14 1
816440 0 1
816526 3 -1
816581 1 -1
816612 2 -1
816731 10 1
816739 4 -1
816739 7 -1
816747 5 1
816784 9 -1
816872 0 -1
816924 1 1
817118 2 1
817128 3 -1
817303 1 1
817397 0 1
817432 4 1
817531 3 1
817580 2 1
817642 0 -1
817644 6 -1
817674 1 -1
817977 3 1
817980 0 -1
818101 7 1
818117 5 -1
818157 4 1
818226 1 -1
818281 2 1
818312 0 -1
818526 11 -1
818542 0 1
818579 3 1
818819 1 -1
818851 4 -1
818896 0 1
818972 2 -1
818982 3 1
819106 5 1
819128 8 1
819161 1 1
819224 6 1
819240 0 -1
819445 2 1
819515 0 1
819584 3 1
819617 7 1
819729 13 1
819734 1 -1
819736 0 -1
819907 4 -1
819963 0 -1
820088 1 1
820116 6 -1
820133 2 -1
820186 3 1
820313 0 1
820374 9 -1
820443 1 -1
820482 5 -1
820595 3 -1
820611 2 1
820627 0 1
820872 0 1
820923 10 -1
821003 4 1
821011 1 1
821087 2 -1
821189 0 1
821197 3 -1
821342 16 1
821390 1 1
821761 4 1
821769 0 1
821793 6 -1
821799 3 -1
821799 2 -1
821858 7 1
821901 5 -1
821930 1 1
822137 8 1
822191 3 -1
822258 2 -1
822277 0 1
822460 11 1
822460 12 -1
822466 1 1
822686 9 -1
822771 0 -1
822801 4 1
822830 3 1
822853 1 1
822900 5 1
822960 2 -1
822965 6 -1
823115 0 1
823184 1 1
823309 7 1
823344 0 -1
823432 3 1
823555 1 -1
823621 0 -1
823664 2 1
823857 3 -1
823922 4 1
823938 10 1
823967 0 1
824034 6 1
824061 8 -1
824111 1 -1
824137 2 1
824222 15 -1
824266 3 1
824298 5 1
824346 0 -1
824610 2 -1
824655 3 1
824675 1 1
824693 0 1
824716 4 -1
824935 0 1
825054 1 -1
825066 2 -1
825292 3 -1
825319 6 -1
825330 0 1
825469 13 -1
825518 7 1
825535 0 -1
825590 1 1
825641 9 -1
825695 5 -1
825765 0 -1
825773 2 -1
825776 4 -1
825894 3 -1
826077 6 -1
826163 1 -1
826318 3 1
826343 0 -1
826480 2 -1
826501 12 -1
826501 10 -1
826503 1 1
826695 5 1
826808 4 1
826920 3 1
826937 2 -1
826939 0 1
826985 8 1
827037 1 1
827310 3 1
827485 0 1
827557 1 -1
827614 4 -1
827630 6 1
827646 2 -1
827678 7 -1
827713 0 -1
827759 3 1
827932 1 1
827977 0 -1
828006 9 -1
828038 5 -1
828124 2 1
828361 3 1
828476 1 1
828587 2 1
828622 0 1
828694 4 -1
828764 3 1
828791 6 -1
828875 1 -1
829162 7 -1
829178 0 -1
829234 1 1
829264 2 -1
829366 3 1
829366 5 -1
829379 4 1
829618 6 1
829736 1 1
829739 2 1
829807 0 -1
829855 9 1
829877 8 1
829968 3 1
830073 4 -1
830075 1 -1
830188 0 1
830339 5 1
830371 10 1
830376 3 -1
830394 0 -1
830414 11 -1
830446 2 1
830452 7 1
830607 6 1
830645 1 1
830768 3 -1
830795 0 -1
830930 12 -1
831153 4 -1
831156 2 1
831172 3 1
831209 5 -1
831211 1 -1
831410 0 -1
831572 1 1
831631 2 -1
831661 6 1
831774 3 1
831800 8 -1
831870 7 1
831929 1 1
831939 4 1
831983 0 1
832091 2 -1
832160 5 1
832279 0 -1
832310 1 1
832376 3 1
832435 17 1
832478 9 -1
832553 2 -1
832577 0 -1
832822 3 1
832822 14 1
832846 1 1
832905 0 1
832991 4 1
833135 0 -1
833276 2 -1
833305 10 -1
833370 6 -1
833402 1 1
833424 3 1
833469 0 1
833596 5 1
833765 1 -1
833827 3 1
833829 0 1
833870 7 -1
833977 2 -1
834054 0 -1
834083 4 -1
834235 3 -1
834286 0 -1
834325 1 1
834434 2 -1
834525 0 1
834712 1 1
834767 6 -1
834778 8 1
834797 4 1
834837 3 -1
834854 0 -1
834918 5 1
835121 1 -1
835143 2 -1
835186 9 -1
835202 0 1
835267 3 1
835404 0 -1
835530 4 1
835552 6 -1
835619 2 1
835637 1 -1
835762 0 -1
835799 5 1
835869 3 1
835982 0 1
835990 1 1
836081 2 1
836151 7 -1
836205 0 -1
836212 4 1
836490 3 1
836518 1 1
836562 0 -1
836756 13 1
836783 0 1
836783 2 1
836895 3 -1
837046 6 1
837070 1 1
837129 0 -1
837207 5 -1
837250 2 1
837264 4 -1
837304 3 1
837429 1 1
837460 0 1
837473 7 1
837710 0 1
837723 10 1
837734 3 -1
837745 8 -1
837949 2 1
837973 1 1
838046 6 -1
838046 0 -1
838180 5 1
838217 11 -1
838336 3 -1
838424 4 -1
838516 0 -1
838533 1 -1
838661 2 1
838798 9 1
838871 0 -1
838904 1 1
838954 3 -1
838981 6 -1
839088 2 -1
839120 5 1
839158 0 1
839162 4 -1
839327 7 -1
839346 3 -1
839493 1 1
839659 0 -1
839669 8 1
839701 12 1
839792 2 -1
839948 3 -1
839954 0 1
840041 1 1
840182 4 1
840249 6 -1
840281 0 -1
840351 3 1
840428 1 1
840507 2 -1
840550 5 1
840760 3 -1
840770 7 -1
840795 1 -1
840827 0 1
840920 4 1
840980 2 1
840991 15 -1
841153 1 1
841173 6 -1
841195 0 -1
841362 3 -1
841407 0 -1
841469 5 1
841613 4 1
841625 10 1
841636 8 -1
841668 2 -1
841700 9 1
841718 1 -1
841751 0 1
841754 3 -1
842042 0 -1
842084 7 1
842258 1 -1
842329 0 -1
842372 2 -1
842391 3 1
842619 1 -1
842649 4 -1
842807 6 1
842861 2 1
842904 0 -1
842947 5 -1
842993 3 1
843145 1 1
843361 2 -1
843406 4 -1
843415 3 -1
843468 0 1
843532 1 -1
843635 8 -1
843788 0 1
843807 3 -1
843818 2 -1
843839 9 -1
843916 1 -1
844043 16 -1
844092 0 -1
844108 7 1
844140 10 1
844210 3 1
844280 6 1
844355 5 -1
844382 0 1
844473 1 -1
844499 4 -1
844506 2 1
844702 0 -1
844812 3 1
844842 1 1
845126 0 1
845205 2 1
845312 5 -1
845382 1 1
845414 3 1
845419 6 -1
845492 0 1
845511 7 1
845535 4 1
845680 2 -1
845718 0 -1
845763 12 -1
845822 3 -1
845962 1 -1
846075 0 -1
846215 11 1
846224 4 1
846268 5 1
846317 0 -1
846317 1 -1
846392 2 -1
846424 3 -1
846494 6 1
846524 0 -1
846559 8 -1
846666 9 -1
846708 1 1
846849 2 -1
846954 4 -1
847026 3 -1
847058 1 -1
847153 0 1
847230 5 -1
847306 2 -1
847454 3 1
847510 7 -1
847580 6 -1
847617 1 1
847639 4 1
847666 0 -1
848026 0 -1
848034 2 1
848042 13 -1
848055 3 1
848159 1 1
848322 0 -1
848332 10 -1
848494 2 1
848498 1 1
848558 5 -1
848596 0 -1
848671 3 1
848695 4 1
848751 6 1
848829 0 1
849054 1 1
849079 3 -1
849176 2 -1
849177 0 -1
849332 14 1
849439 9 1
849445 7 1
849504 15 -1
849509 0 1
849525 8 -1
849598 1 1
849681 3 -1
849695 4 1
849735 0 -1
849762 12 -1
849904 2 -1
849955 1 -1
849966 5 -1
850074 3 -1
850149 11 -1
850178 0 1
850366 2 -1
850407 6 1
850464 4 1
850477 3 1
850490 0 1
850541 1 1
850743 0 1
850842 2 1
850944 5 -1
850944 7 1
851073 0 -1
851078 3 1
851097 1 1
851310 2 1
851331 9 1
851334 0 -1
851439 8 1
851460 6 1
851476 1 1
851487 3 -1
851533 4 1
851767 0 -1
852008 2 1
852053 1 -1
852116 3 -1
852270 4 1
852326 0 -1
852352 5 -1
852428 1 -1
852524 10 1
852597 0 -1
852712 2 1
852718 3 -1
852750 6 -1
852774 1 1
852887 0 1
852984 4 1
853056 7 -1
853140 3 1
853175 2 1
853287 5 -1
853341 1 -1
853387 0 -1
853545 3 -1
853674 6 1
853701 1 1
853798 0 1
853906 2 -1
853954 3 1
854064 4 -1
854072 0 -1
854190 11 -1
854258 1 -1
854276 5 1
854319 9 1
854362 2 -1
854373 8 -1
854494 0 1
854572 3 1
854771 6 -1
854798 1 1
854808 2 -1
854830 4 -1
854932 0 -1
855007 10 1
855144 7 -1
855173 1 1
855174 3 1
855190 0 -1
855496 2 1
855556 1 1
855574 0 -1
855598 3 -1
855641 5 -1
855652 17 -1
855910 12 1
855918 4 1
855920 1 1
855975 2 -1
856082 0 1
856200 3 -1
856340 8 1
856394 6 1
856411 0 -1
856474 7 1
856495 1 -1
856609 3 1
856630 5 1
856641 0 1
856684 2 -1
856883 0 1
857006 4 -1
857039 3 -1
857075 1 1
857084 0 -1
857114 15 -1
857329 9 -1
857372 6 1
857388 2 -1
857445 0 -1
857450 1 -1
857641 3 -1
857788 4 -1
857802 0 1
857856 2 -1
858010 1 1
858044 5 1
858049 3 -1
858076 0 -1
858254 8 -1
858329 2 1
858373 1 1
858431 0 -1
858490 4 -1
858490 7 1
858651 3 -1
858654 0 1
858662 6 1
858740 1 1
858812 2 -1
858904 0 1
859155 4 1
859253 3 -1
859280 1 1
859280 10 1
859296 13 1
859326 0 1
859463 5 1
859506 2 1
859584 0 -1
859639 1 -1
859656 3 1
859823 9 1
859949 0 1
860081 11 1
860081 12 -1
860167 6 -1
860195 1 -1
860212 2 1
860258 3 1
860284 4 -1
860301 0 -1
860468 5 -1
860522 0 1
860538 7 1
860675 2 1
860744 0 -1
860763 1 1
860860 3 1
861037 6 1
861043 0 -1
861136 1 1
861209 8 1
861268 3 -1
861376 2 1
861400 4 1
861414 5 1
861431 0 -1
861483 1 -1
861832 1 -1
861844 2 1
861908 3 1
861930 9 -1
861978 6 1
862005 7 1
862075 0 1
862093 4 -1
862279 5 -1
862316 2 -1
862368 1 1
862443 0 1
862510 3 1
862765 0 1
862822 6 -1
862913 3 1
862928 1 -1
862994 0 1
863018 2 -1
863155 8 -1
863198 10 -1
863254 4 1
863276 0 -1
863287 1 1
863321 3 -1
863483 2 -1
863601 7 -1
863666 0 -1
863714 3 -1
863735 5 -1
863837 1 -1
863940 4 -1
864036 9 1
864144 6 -1
864163 0 1
864187 11 1
864187 2 -1
864206 1 1
864353 3 1
864359 12 1
864550 0 1
864564 1 -1
864673 4 1
864762 0 1
864786 7 -1
864880 2 1
864955 3 1
865004 13 -1
865020 0 -1
865121 1 -1
865122 5 1
865248 0 1
865353 2 1
865380 3 -1
865455 14 -1
865479 1 1
865659 6 -1
865697 0 -1
865729 10 1
865766 4 -1
865778 16 -1
865831 2 -1
865982 3 -1
866020 1 1
866068 5 -1
866122 8 1
866135 0 1
866288 2 -1
866388 0 1
866390 3 1
866431 4 1
866572 1 1
866594 6 -1
866796 0 -1
866810 7 -1
866815 3 -1
866926 1 -1
866998 2 -1
867035 0 1
867282 0 -1
867326 1 1
867326 9 -1
867401 5 -1
867417 3 -1
867503 4 -1
867637 0 1
867682 1 -1
867704 2 -1
867841 3 1
867933 0 -1
867960 6 -1
868180 2 1
868216 1 -1
868285 0 -1
868314 5 -1
868443 3 1
868575 4 -1
868615 0 1
868616 10 1
868805 1 -1
868863 6 -1
868863 0 -1
868868 2 -1
868981 8 1
869002 7 1
869045 3 1
869127 1 -1
869158 0 -1
869201 5 -1
869361 4 1
869364 0 -1
869435 3 1
869577 2 -1
869583 12 -1
869692 1 1
869733 6 1
869768 0 1
869841 3 -1
870056 2 1
870058 1 1
870185 11 -1
870193 0 1
870228 13 1
870249 3 1
870421 1 1
870486 4 1
870491 0 1
870502 7 1
870582 9 -1
870679 5 -1
870768 2 1
870851 3 1
870894 8 -1
870982 1 -1
870986 0 1
871131 6 -1
871348 1 1
871379 0 1
871453 3 1
871469 2 1
871560 5 -1
871582 10 -1
871602 4 -1
871718 0 -1
871883 3 -1
871889 1 1
871937 2 1
872033 6 1
872125 0 1
872340 4 1
872461 1 1
872485 3 -1
872614 9 1
872622 7 -1
872636 2 1
872680 0 -1
872824 1 -1
872872 8 1
872920 5 1
873008 0 -1
873103 3 -1
873111 2 -1
873237 15 -1
873313 6 -1
873326 0 -1
873376 1 1
873404 4 1
873495 3 -1
873576 2 -1
873589 0 -1
873907 0 1
873916 1 1
874076 12 -1
874081 7 -1
874132 3 1
874259 1 -1
874283 2 -1
874302 5 -1
874373 0 -1
874541 4 1
874688 6 -1
874734 3 1
874737 2 -1
874809 1 -1
874933 0 -1
875000 8 1
875156 3 -1
875237 5 -1
875290 4 1
875331 0 -1
875363 1 1
875468 2 -1
875532 10 -1
875581 6 -1
875621 0 1
875661 7 1
875730 1 1
875758 3 -1
875825 0 1
875911 4 1
875989 9 -1
876062 0 -1
876113 1 1
876150 3 -1
876161 2 1
876215 5 1
876500 1 1
876516 0 -1
876596 3 -1
876634 2 -1
876669 4 1
876870 6 -1
876897 0 1
877004 1 -1
877091 2 -1
877128 5 1
877150 0 1
877198 3 -1
877536 1 1
877564 2 1
877593 0 1
877612 7 -1
877623 3 1
877777 4 1
877889 0 1
877906 1 -1
877946 8 -1
878053 9 1
878131 0 1
878225 11 1
878225 3 1
878273 2 1
878279 6 1
878447 1 -1
878448 0 1
878596 5 1
878682 0 1
878803 1 -1
878827 3 1
878830 7 -1
878894 4 -1
878961 2 -1
879028 0 -1
879176 1 -1
879216 3 1
879219 6 1
879440 2 1
879591 0 -1
879611 4 -1
879622 3 -1
879732 1 -1
879802 0 1
879902 10 -1
880009 5 1
880031 3 1
880063 0 1
880099 1 1
880152 2 1
880181 9 -1
880414 0 1
880600 2 1
880633 3 1
880633 6 1
880680 1 1
880697 0 -1
880740 4 -1
880805 8 -1
880934 7 1
880982 5 -1
881076 2 -1
881081 0 1
881224 1 1
881234 12 -1
881240 3 1
881450 13 -1
881466 4 -1
881589 0 1
881611 1 1
881659 3 -1
881764 2 1
881826 0 1
881879 14 -1
881998 6 1
882006 1 1
882049 0 -1
882191 4 -1
882240 2 -1
882261 3 -1
882360 1 -1
882374 5 1
882514 10 1
882573 0 -1
882686 3 1
882761 8 1
882917 1 -1
882922 6 1
882928 2 1
883005 7 -1
883075 3 1
883183 0 -1
883255 4 -1
883457 1 -1
883642 9 1
883656 2 -1
883677 3 1
883744 0 1
883798 5 1
883804 1 1
883868 6 -1
883981 4 -1
884051 0 1
884083 3 -1
884115 2 -1
884287 7 -1
884290 0 -1
884380 1 1
884599 2 1
884685 3 -1
884728 5 1
884755 1 1
884827 0 1
884835 6 -1
885021 4 1
885088 2 1
885106 1 -1
885187 0 -1
885287 3 -1
885319 9 -1
885437 0 -1
885630 1 -1
885695 3 1
885717 8 -1
885765 2 -1
885803 7 1
885808 0 1
885996 1 1
886069 4 -1
886085 3 1
886101 0 -1
886136 11 -1
886147 5 1
886389 0 -1
886461 2 -1
886512 6 -1
886534 3 1
886557 1 -1
886674 10 1
886835 4 -1
886895 0 -1
886905 2 1
887085 1 1
887141 3 1
887146 12 1
887190 7 -1
887433 0 -1
887464 1 1
887576 4 -1
887625 2 1
887630 5 -1
887738 3 -1
887770 8 -1
887781 0 -1
887814 1 -1
887985 9 1
888041 0 -1
888092 2 1
888141 3 1
888181 1 1
888221 16 1
888243 6 -1
888366 4 1
888496 0 1
888533 5 -1
888565 2 -1
888587 15 1
888743 3 1
888766 1 -1
888869 0 1
889103 6 1
889151 3 -1
889181 0 1
889213 7 -1
889267 2 -1
889318 1 1
889463 4 -1
889479 10 1
889543 3 -1
889619 0 1
889683 1 -1
889683 8 1
889729 2 -1
889948 0 1
889990 5 -1
890145 3 -1
890194 0 1
890253 1 1
890405 0 -1
890446 2 -1
890479 6 1
890548 3 1
890616 4 1
890616 1 -1
890694 0 -1
890898 5 -1
890958 1 -1
891080 12 1
891116 2 1
891126 0 -1
891188 3 -1
891317 4 -1
891371 6 1
891454 7 -1
891519 1 -1
891575 9 -1
891591 2 -1
891709 0 1
891790 3 -1
891869 1 1
891887 5 1
892059 2 -1
892059 10 -1
892067 0 1
892198 3 -1
892290 6 1
892346 0 -1
892430 4 -1
892432 1 -1
892532 2 1
892542 13 1
892602 3 1
892626 0 1
892639 8 -1
892937 0 1
892962 7 -1
892990 1 1
893010 3 -1
893220 2 -1
893327 5 1
893349 1 -1
893392 0 1
893518 4 1
893639 3 -1
893732 0 -1
893732 1 1
893778 6 -1
893832 9 -1
893924 2 -1
893975 0 -1
894078 1 -1
894112 11 1
894241 3 -1
894241 5 1
894276 4 1
894348 0 -1
894402 2 1
894499 8 -1
894638 1 1
894652 0 1
894663 3 1
894746 6 -1
894864 0 1
894913 7 1
895122 2 1
895183 1 1
895203 0 -1
895264 3 1
895291 4 -1
895474 0 -1
895525 1 1
895617 9 1
895619 2 -1
895649 5 -1
895670 3 -1
895872 0 1
896057 2 1
896082 1 1
896095 3 1
896159 6 1
896323 4 -1
896485 0 1
896509 10 -1
896626 1 1
896697 3 1
896756 2 1
897025 4 1
897035 1 -1
897068 5 -1
897121 3 -1
897124 0 1
897154 7 1
897232 2 -1
897466 8 1
897530 12 1
897551 6 1
897581 1 -1
897680 0 1
897723 3 -1
897938 9 1
897944 2 -1
898024 5 1
898046 14 1
898053 0 -1
898129 4 -1
898133 1 -1
898282 0 -1
898325 3 -1
898465 6 -1
898504 1 -1
898516 7 1
898613 0 -1
898637 2 1
898734 3 1
898847 4 1
898911 0 -1
899019 5 -1
899044 1 1
899110 2 -1
899191 0 1
899330 10 -1
899336 3 1
899439 1 -1
899508 4 -1
899508 6 1
899763 0 1
899778 1 -1
899811 2 -1
899938 3 1
899981 5 1
900310 1 -1
900327 3 1
900384 0 1
900454 6 1
900475 8 -1
900521 2 -1
900524 7 -1
900620 4 -1
900655 1 1
900964 2 1
900970 3 -1
901002 0 1
901209 1 1
901287 0 -1
901356 5 -1
901370 4 1
901564 0 -1
901572 3 -1
901636 9 1
901684 2 1
901749 1 -1
901819 6 -1
901980 3 -1
902093 0 1
902109 11 -1
902140 1 1
902383 3 1
902394 2 1
902430 4 1
902453 0 -1
902496 8 1
902511 1 1
902587 7 -1
902706 0 -1
902792 3 -1
902808 5 -1
902825 1 1
902861 2 1
903114 0 -1
903281 6 -1
903334 2 -1
903355 1 -1
903431 3 1
903434 0 -1
903442 10 -1
903543 4 -1
903705 5 -1
903751 0 1
903791 2 -1
903796 13 -1
903905 1 -1
903909 7 1
904033 3 1
904224 4 1
904268 1 1
904364 0 1
904398 6 1
904420 8 -1
904436 3 1
904498 2 -1
904808 1 1
904936 9 1
904966 0 -1
904990 4 1
905016 5 -1
905038 3 1
905195 1 1
905205 2 -1
905446 3 -1
905491 0 -1
905570 1 1
905683 2 1
905756 4 -1
905876 3 1
906011 5 1
906027 0 1
906064 6 1
906122 1 1
906215 12 -1
906231 7 1
906360 2 -1
906366 8 1
906457 1 1
906478 3 1
906578 0 1
906751 4 1
906828 2 -1
906871 5 -1
906903 3 -1
906957 6 1
906981 0 -1
907017 1 1
907140 9 -1
907282 0 -1
907301 2 1
907505 3 -1
907537 10 1
907582 1 -1
907666 7 1
907685 0 -1
907811 4 -1
907911 0 1
907960 1 -1
907989 2 -1
908107 3 -1
908107 6 1
908153 0 1
908306 5 -1
908331 1 1
908464 0 1
908464 2 1
908515 3 1
908549 4 1
908746 1 1
908749 0 -1
908905 3 1
909085 7 1
909155 0 1
909171 2 1
909214 13 -1
909266 1 -1
909268 8 1
909273 5 1
909311 3 -1
909311 15 -1
909515 6 1
909609 4 1
909754 0 -1
909855 1 -1
909880 2 1
909913 3 -1
910044 0 1
910214 11 1
910214 1 1
910249 0 1
910278 10 1
910351 4 1
910356 2 -1
910375 6 -1
910472 16 1
910536 3 -1
910536 9 -1
910601 5 1
910636 0 -1
910758 1 -1
910821 2 -1
910926 0 1
910939 3 1
911028 4 -1
911052 7 1
911145 1 -1
911313 2 1
911391 0 1
911489 1 1
911552 3 1
911950 0 1
911955 5 -1
911966 3 -1
911990 2 -1
912019 12 -1
912044 1 1
912156 4 1
912181 6 1
912202 8 -1
912234 0 -1
912374 3 1
912402 1 -1
912527 0 1
912584 7 -1
912702 2 -1
912858 9 -1
912874 10 -1
912906 5 1
912909 0 1
912942 4 -1
912971 1 -1
913000 3 1
913129 0 1
913159 2 -1
913406 3 -1
913484 0 1
913539 1 -1
913809 0 1
913825 6 1
913868 2 -1
913879 5 1
913914 1 1
913995 4 -1
914024 3 -1
914046 0 1
914137 8 1
914265 1 -1
914269 0 -1
914298 11 1
914341 9 1
914470 14 1
914570 0 -1
914570 2 -1
914626 3 -1
914636 1 -1
914777 7 1
914793 5 1
914793 6 -1
914857 13 -1
914965 0 -1
915018 3 -1
915034 2 -1
915055 4 1
915196 1 1
915459 3 -1
915475 0 -1
915599 6 1
915674 15 -1
915728 10 1
915739 2 -1
915764 1 -1
915819 0 1
915865 4 -1
915868 3 1
916064 0 1
916119 1 1
916233 5 1
916294 0 -1
916405 17 1
916432 2 1
916483 3 1
916523 0 -1
916639 1 -1
916695 6 -1
916864 4 1
916878 12 1
916905 2 1
916921 0 1
916998 1 1
917018 8 1
917034 7 1
917071 3 -1
917401 1 -1
917415 9 -1
917474 3 1
917523 0 1
917620 2 1
917663 5 1
917945 4 -1
917969 1 -1
917996 11 1
918044 0 -1
918076 3 1
918093 2 -1
918232 6 -1
918246 0 -1
918344 1 -1
918480 0 -1
918485 3 -1
918509 7 1
918549 2 -1
918598 5 1
918694 4 -1
918877 3 -1
918900 1 -1
918985 8 -1
919084 0 1
919256 2 -1
919436 9 1
919470 1 1
919479 3 -1
919597 6 1
919599 0 1
919732 2 1
919799 4 1
919835 1 -1
919839 10 1
919882 3 1
919931 0 1
920033 7 1
920043 5 1
920159 0 -1
920375 1 -1
920382 6 1
920420 2 -1
920457 0 -1
920527 3 -1
920695 0 1
920887 8 1
920916 1 -1
920936 4 -1
920989 5 -1
921057 0 -1
921129 3 -1
921129 2 -1
921294 1 -1
921406 0 1
921419 7 1
921554 3 1
921599 2 1
921624 0 -1
921665 4 1
921851 1 1
921930 5 -1
921943 3 1
922037 6 -1
922059 0 -1
922062 2 1
922349 3 -1
922395 4 1
922395 1 1
922537 2 -1
922602 0 -1
922725 12 1
922726 14 1
922746 1 1
922790 9 1
922930 6 1
922951 3 -1
923108 1 -1
923116 4 1
923209 0 1
923231 2 1
923402 5 1
923483 1 1
923515 7 1
923553 3 -1
923561 0 -1
923773 10 1
923779 0 1
923854 6 1
923929 2 1
923961 3 1
923994 8 1
924033 1 -1
924112 4 1
924198 0 -1
924327 5 1
924405 2 -1
924512 0 -1
924563 3 1
924584 1 -1
924800 0 -1
924938 1 1
925117 2 -1
925182 3 1
925200 4 -1
925329 0 -1
925348 6 1
925391 15 1
925495 1 1
925574 2 -1
925590 3 -1
925663 0 1
925719 5 1
925797 7 1
925865 1 1
925886 0 -1
925922 4 -1
925950 11 -1
925961 8 -1
926031 2 -1
926079 13 1
926208 3 -1
926219 9 -1
926220 1 -1
926286 0 1
926444 6 -1
926498 10 -1
926525 0 1
926740 2 -1
926758 0 -1
926768 1 -1
926810 3 -1
926810 12 -1
926982 4 -1
927084 0 1
927121 1 1
927175 5 -1
927192 7 -1
927218 3 1
927224 2 -1
927307 0 -1
927648 0 1
927675 1 1
927724 6 -1
927748 4 1
927820 3 1
927928 2 -1
928057 5 -1
928121 9 1
928207 0 1
928210 3 1
928223 1 1
928438 0 1
928497 4 1
928610 1 1
928616 3 -1
928629 2 -1
928667 0 -1
928831 8 -1
928992 5 -1
929005 1 1
929024 6 -1
929024 0 -1
929091 2 -1
929218 3 -1
929226 0 -1
929360 1 -1
929368 7 1
929473 4 -1
929583 0 -1
929626 3 1
929798 2 -1
929798 9 -1
929825 6 1
929846 5 1
929903 0 -1
929928 1 -1
930145 0 -1
930198 4 -1
930252 3 1
930368 0 1
930493 1 1
930502 2 -1
930610 10 -1
930666 0 1
930819 7 1
930835 6 1
930857 3 1
930880 1 -1
930964 2 -1
930980 14 1
931029 0 1
931260 5 1
931281 3 -1
931319 4 1
931362 0 -1
931416 1 -1
931582 12 -1
931604 9 -1
931625 11 -1
931685 0 -1
931690 3 1
931690 8 -1
931693 2 1
931744 6 -1
931972 1 -1
932037 0 -1
932079 3 1
932257 0 -1
932339 1 1
932351 7 -1
932370 2 -1
932504 4 1
932510 0 1
932722 5 1
932786 16 -1
932818 3 1
932829 2 -1
932835 0 -1
932869 1 1
933052 0 -1
933222 4 -1
933286 2 -1
933399 6 1
933443 1 -1
933493 0 -1
933506 3 1
933560 17 -1
933614 8 1
933625 5 1
933764 2 1
933794 1 1
933850 0 1
933919 4 -1
934044 3 1
934074 0 -1
934296 0 1
934368 1 -1
934474 2 1
934496 7 1
934600 0 1
934713 4 1
934713 1 1
934732 3 1
934872 6 1
934882 10 1
934966 0 -1
935049 5 1
935070 1 -1
935162 2 -1
935178 3 1
935216 9 1
935323 11 -1
935412 0 1
935538 8 -1
935624 0 -1
935637 2 1
935644 1 1
935721 3 -1
935785 6 1
935801 4 -1
935866 7 -1
935965 0 1
935979 5 1
936019 1 1
936191 0 -1
936323 3 -1
936344 2 1
936425 0 -1
936563 1 1
936744 3 1
936801 2 1
936902 4 1
937000 5 1
937016 0 -1
937087 1 -1
937204 6 -1
937204 13 -1
937279 2 -1
937346 3 1
937462 1 1
937494 8 1
937578 0 -1
937607 4 1
937817 1 -1
937946 10 -1
937948 3 1
937957 9 -1
937983 2 -1
938108 0 -1
938155 7 -1
938204 1 -1
938300 5 1
938354 3 -1
938451 2 -1
938475 0 1
938752 6 -1
938763 3 1
938763 0 -1
938776 1 1
938792 4 1
939152 3 1
939155 2 -1
939212 0 -1
939300 5 -1
939316 1 -1
939498 4 1
939703 1 1
939754 3 1
939795 12 -1
939796 0 1
939816 6 1
939859 2 -1
940053 9 1
940139 7 -1
940184 0 1
940187 4 1
940239 1 1
940335 2 1
940354 15 -1
940413 0 1
940440 8 -1
940472 3 1
940618 1 1
940668 0 -1
940730 5 -1
940800 2 1
940918 3 1
940969 1 -1
940998 11 -1
941004 0 1
941278 2 -1
941291 4 -1
941385 6 1
941414 0 -1
941521 1 1
941533 7 -1
941643 3 -1
941762 0 1
941892 1 1
941990 2 -1
942038 0 1
942057 4 -1
942089 5 1
942143 3 1
942283 10 -1
942412 1 -1
942506 0 -1
942605 3 -1
942670 2 1
942750 6 1
942834 0 1
942912 7 1
942964 1 -1
943003 5 1
943113 4 -1
943121 0 -1
943148 2 -1
943299 8 -1
943335 1 1
943363 9 -1
943395 3 -1
943463 0 -1
943675 6 1
943707 0 1
943798 3 1
943850 2 -1
943883 1 1
944032 0 1
944274 4 1
944306 7 1
944309 2 -1
944379 5 -1
944411 3 1
944456 1 -1
944527 0 -1
944742 0 1
944785 2 1
944839 1 -1
944965 0 -1
944992 4 1
945021 3 1
945105 9 1
945126 11 -1
945148 6 1
945320 8 -1
945381 1 -1
945427 3 -1
945475 2 -1
945537 0 -1
945725 4 1
945771 18 -1
945782 5 1
945938 3 -1
945951 1 1
945954 2 1
946112 0 -1
946308 6 1
946318 1 1
946346 7 1
946362 10 -1
946405 3 1
946435 4 1
946648 1 1
946658 0 1
946658 2 1
946728 5 -1
946951 0 1
947018 9 1
947033 1 -1
947098 3 1
947219 0 1
947362 14 1
947364 2 1
947394 6 -1
947531 4 -1
947559 1 1
947574 0 1
947620 12 -1
947793 0 -1
947819 2 1
947851 3 -1
948060 5 -1
948128 1 1
948160 0 1
948286 2 1
948308 8 -1
948318 3 1
948458 13 1
948490 1 -1
948499 7 1
948587 4 -1
948619 6 -1
948701 0 1
948759 2 -1
948976 0 -1
949006 3 1
949023 1 1
949038 11 1
949168 10 -1
949264 0 -1
949361 4 1
949397 1 1
949409 5 1
949452 3 1
949461 2 -1
949622 0 -1
949689 6 1
949792 1 1
949813 16 1
949850 0 1
949915 3 -1
950006 7 1
950173 2 -1
950208 0 1
950329 1 1
950361 5 -1
950462 4 -1
950557 0 -1
950603 3 -1
950630 2 -1
950695 1 -1
950764 0 1
950844 9 -1
950986 0 -1
951070 3 1
951210 8 -1
951223 4 -1
951234 0 -1
951248 1 1
951339 5 -1
951339 2 -1
951436 6 -1
951562 0 1
951800 1 1
951815 2 1
951817 3 1
951957 4 -1
952038 7 1
952121 0 -1
952167 1 1
952247 5 -1
952279 2 1
952419 3 1
952478 31 -1
952517 1 -1
952731 0 -1
952844 3 -1
952887 6 -1
952902 1 -1
952962 2 -1
952965 4 1
952985 0 -1
953134 8 1
953244 0 1
953295 9 1
953360 7 -1
953438 2 1
953444 1 -1
953446 3 -1
953521 10 -1
953594 0 -1
953682 5 -1
953747 4 -1
953800 6 -1
953811 0 1
954029 1 1
954069 13 1
954144 2 1
954160 3 1
954166 0 1
954386 1 -1
954623 3 -1
954644 0 -1
954847 4 1
954854 2 1
954859 7 1
954897 6 1
954966 1 -1
955034 0 -1
955112 5 -1
955284 0 1
955311 3 -1
955330 2 -1
955359 1 -1
955638 0 -1
955706 1 -1
955789 2 -1
955864 6 1
955907 4 1
956036 5 -1
956058 8 -1
956074 3 1
956176 12 -1
956222 0 -1
956246 2 -1
956278 10 -1
956286 1 1
956536 3 -1
956552 4 1
956629 1 -1
956770 0 -1
956867 7 -1
956961 2 -1
957020 0 -1
957036 11 -1
957084 3 1
957122 9 -1
957169 1 -1
957233 4 -1
957264 0 1
957434 6 -1
957493 3 -1
957493 5 -1
957638 15 1
957654 0 1
957654 2 -1
957729 1 1
957890 4 -1
957944 0 -1
958084 1 -1
958094 3 -1
958111 2 -1
958342 7 -1
958366 0 1
958438 5 1
958439 1 -1
958713 3 -1
958745 6 1
958805 1 1
958812 2 -1
958842 17 1
958858 10 1
958869 0 -1
958949 8 -1
958991 4 1
959097 0 1
959121 3 1
959321 0 -1
959333 1 -1
959411 5 -1
959503 2 1
959686 0 -1
959723 3 1
959745 13 -1
959814 6 1
959890 1 -1
959981 2 -1
959986 0 -1
960035 4 1
960113 3 1
960218 12 1
960256 1 -1
960328 0 1
960443 9 -1
960518 3 -1
960615 7 -1
960670 0 -1
960690 2 -1
960736 4 1
960829 1 1
960862 5 -1
960863 8 1
960970 0 -1
961120 3 -1
961180 1 -1
961228 0 1
961392 2 -1
961432 6 -1
961491 0 -1
961529 3 1
961554 1 -1
961768 4 -1
961808 5 1
961838 0 -1
961851 2 -1
962099 1 1
962276 3 -1
962367 6 -1
962441 1 -1
962448 0 -1
962555 2 -1
962711 7 -1
962851 0 -1
962873 10 1
962905 9 1
962929 4 -1
962964 3 -1
963012 2 -1
963054 1 -1
963096 0 1
963130 5 1
963456 0 -1
963469 6 1
963469 2 -1
963501 3 -1
963571 14 -1
963610 1 1
963679 4 1
963808 8 -1
963969 3 1
963971 1 -1
963998 0 1
964197 2 1
964227 7 1
964320 1 1
964337 0 -1
964415 3 1
964474 12 -1
964560 0 1
964651 5 -1
964652 6 1
964660 2 1
964682 1 -1
964795 4 -1
964907 0 1
964990 11 1
965103 3 1
965138 0 -1
965239 1 -1
965361 0 1
965361 2 1
965484 7 1
965517 5 1
965570 9 1
965630 10 1
965764 8 1
965787 1 -1
965791 3 1
965888 4 -1
965893 6 1
965931 0 -1
966049 2 -1
966174 1 -1
966253 3 -1
966328 0 1
966463 5 -1
966527 2 1
966597 4 1
966651 0 -1
966728 1 -1
966941 3 -1
967003 2 -1
967016 7 1
967077 0 -1
967194 6 -1
967310 1 1
967322 5 1
967341 0 -1
967468 2 -1
967661 4 1
967675 0 1
967677 8 -1
967689 1 1
967709 3 -1
968006 0 -1
968054 9 -1
968113 3 1
968156 2 1
968236 0 -1
968274 1 1
968403 4 -1
968565 0 -1
968569 6 1
968714 3 1
968720 5 -1
968770 1 1
968876 2 1
969080 0 1
969120 4 1
969136 1 1
969233 7 1
969335 3 1
969338 2 1
969343 0 -1
969515 10 -1
969596 0 1
969623 6 1
969656 1 -1
969741 3 -1
969991 0 -1
970044 1 -1
970053 2 1
970117 5 -1
970128 4 -1
970260 0 1
970343 3 -1
970402 1 1
970526 2 -1
970622 12 1
970698 0 -1
970708 6 1
970751 3 1
970821 4 1
970838 8 -1
970974 1 -1
970983 2 -1
970999 13 1
971050 0 -1
971079 5 -1
971141 3 1
971200 7 -1
971333 1 1
971378 0 1
971488 6 1
971689 2 -1
971743 3 1
971754 0 1
971885 4 -1
971891 9 1
971898 1 -1
972149 3 -1
972165 2 1
972299 0 -1
972458 1 1
972482 5 -1
972611 7 1
972783 8 1
972806 0 -1
972853 2 -1
972863 1 -1
972907 3 1
972987 11 -1
973002 4 1
973052 6 1
973220 1 1
973299 0 1
973444 5 1
973521 0 -1
973552 2 -1
973594 3 1
973595 1 1
973643 10 1
973728 4 1
973763 0 -1
974019 2 -1
974119 0 -1
974132 3 1
974135 1 1
974387 0 1
974433 6 1
974449 4 1
974449 5 -1
974492 2 1
974578 12 1
974578 9 -1
974624 3 1
974659 7 1
974667 1 1
974809 0 1
974968 2 -1
975024 1 -1
975051 15 -1
975164 3 1
975215 4 -1
975341 6 1
975445 0 -1
975546 8 -1
975570 1 -1
975656 2 1
975731 0 -1
975830 5 1
975906 3 -1
975932 1 1
976045 7 -1
976051 0 -1
976239 4 -1
976319 1 1
976362 2 1
976481 10 1
976508 3 -1
976559 0 -1
976620 9 1
976739 5 1
976819 2 1
976880 1 1
976894 0 1
976932 3 1
977093 11 -1
977147 6 1
977198 0 1
977247 1 -1
977303 4 -1
977464 7 -1
977534 3 1
977548 2 -1
977634 0 1
977787 1 -1
977803 16 1
977883 0 1
977996 4 -1
978007 2 -1
978050 3 1
978112 0 1
978260 5 -1
978324 6 1
978327 1 -1
978460 0 -1
978480 2 -1
978496 3 1
978512 8 1
978682 0 1
978710 1 1
979052 4 1
979054 1 -1
979079 0 1
979098 6 1
979162 2 1
979184 3 1
979238 10 1
979419 1 1
979496 7 -1
979576 5 -1
979641 2 -1
979644 0 1
979721 3 1
979738 4 -1
979781 9 -1
979910 0 1
979990 1 -1
980082 14 -1
980208 0 -1
980350 2 -1
980409 3 1
980436 8 -1
980479 4 -1
980479 5 -1
980511 6 -1
980520 1 1
980799 0 1
980855 12 1
980906 1 1
980963 11 1
980963 7 -1
981052 2 -1
981097 3 1
981404 5 -1
981444 0 -1
981455 4 1
981463 1 1
981511 2 -1
981533 6 -1
981559 3 -1
981801 17 1
981844 1 1
981946 10 -1
981987 2 1
982003 0 1
982188 13 -1
982204 1 1
982247 3 -1
982256 0 1
982257 4 -1
982317 5 -1
982403 8 1
982452 2 1
982524 0 1
982554 9 1
982773 1 1
982935 3 -1
983095 1 1
983105 0 1
983156 2 1
983172 7 -1
983256 4 1
983328 6 1
983424 3 1
983674 0 1
983693 5 1
983696 1 1
983857 2 1
984103 0 -1
984118 3 1
984268 1 -1
984304 4 1
984319 2 1
984397 0 1
984403 8 1
984623 1 1
984628 6 -1
984698 0 1
984720 3 1
984927 0 -1
984940 9 1
984978 1 -1
985021 2 1
985099 4 -1
985144 3 -1
985160 5 -1
985287 0 -1
985316 1 1
985381 7 1
985477 6 1
985488 2 1
985553 3 1
985602 0 -1
985816 4 1
985844 0 -1
985848 1 -1
985961 2 -1
986015 5 1
986047 3 1
986174 0 1
986219 10 1
986394 0 -1
986417 1 1
986509 6 1
986542 4 1
986645 0 -1
986663 2 -1
986703 12 1
986719 7 -1
986735 3 1
986792 1 -1
986974 0 1
987128 2 -1
987195 0 -1
987262 8 1
987332 5 1
987332 1 -1
987402 6 1
987423 3 1
987552 0 -1
987606 4 1
987723 1 1
987832 2 -1
987899 0 1
987960 3 1
987971 9 1
988094 1 -1
988123 0 -1
988165 14 -1
988304 5 -1
988458 0 1
988536 2 -1
988632 1 -1
988638 7 1
988648 3 1
988670 4 -1
988681 6 -1
988806 0 -1
988960 11 -1
988970 1 1
989009 2 -1
989068 0 -1
989191 3 -1
989240 5 -1
989339 4 1
989396 0 -1
989528 1 -1
989584 3 -1
989713 2 1
989750 0 -1
990081 1 -1
990092 0 1
990121 10 1
990186 3 -1
990196 6 -1
990207 8 -1
990323 4 -1
990411 2 1
990413 0 -1
990452 1 1
990594 12 -1
990607 3 1
990680 5 -1
990691 0 1
990734 7 -1
990887 2 -1
991004 1 -1
991076 4 -1
991145 0 1
991209 3 1
991325 6 1
991556 1 -1
991578 2 1
991604 5 -1
991704 0 1
991766 4 1
991811 3 1
991830 9 -1
991915 1 1
992072 0 -1
992131 8 1
992193 7 -1
992217 3 -1
992279 0 -1
992292 2 1
992479 1 -1
992518 0 -1
992626 3 1
992733 10 -1
992765 2 -1
992806 0 1
992854 4 1
992959 6 1
993015 3 1
993043 1 1
993050 5 -1
993206 0 -1
993222 2 -1
993358 1 1
993442 13 1
993596 4 1
993617 3 1
993692 2 1
993721 1 1
993754 9 -1
993800 0 1
994034 6 -1
994075 1 -1
994168 7 1
994343 0 1
994378 2 -1
994388 3 1
994469 5 -1
994556 0 -1
994628 1 1
994692 4 -1
994797 6 -1
994808 12 1
994834 3 1
994845 0 -1
995087 2 -1
995168 1 1
995227 8 1
995423 0 1
995474 5 1
995522 3 1
995544 2 -1
995547 1 1
995804 4 1
996033 15 1
996036 0 -1
996060 3 1
996131 1 -1
996259 2 -1
996345 7 1
996369 0 1
996377 5 1
996420 14 -1
996452 6 -1
996490 1 1
996522 3 -1
996586 4 -1
996605 0 1
996732 2 1
996807 11 -1
996818 9 1
996835 0 -1
996848 1 -1
996990 10 1
997077 0 -1
997194 8 1
997207 2 -1
997258 3 -1
997290 5 1
997300 4 1
997417 1 -1
997449 0 -1
997661 3 1
997710 6 1
997776 1 1
997844 7 -1
997895 2 1
998038 0 1
998070 4 -1
998263 3 1
998348 1 -1
998371 2 -1
998570 13 -1
998575 0 -1
998731 5 1
998828 12 -1
998849 0 -1
998884 3 1
998892 1 1
998962 6 1
999075 2 1
999086 8 -1
999129 0 -1
999150 4 1
999172 9 1
999190 7 1
999243 1 -1
999333 3 1
999638 1 1
999722 3 1
999723 0 -1
999757 2 -1
1000009 1 -1
1000053 10 -1
1000128 3 -1
1000203 5 -1
1000236 2 1
1000311 4 -1
1000332 0 1
1000461 6 -1
1000480 7 -1
1000633 16 -1
1000636 1 1
1000711 2 -1
1000728 0 1
1000730 3 -1
1000948 0 1
1001012 4 -1
1001053 5 1
1001162 1 -1
1001171 2 -1
1001227 0 -1
1001348 3 -1
1001461 6 -1
1001488 0 1
1001520 1 1
1001665 9 -1
1001741 3 -1
1001845 0 -1
1001880 2 -1
1002038 1 1
1002052 8 1
1002060 4 -1
1002342 3 -1
1002388 0 -1
1002407 1 -1
1002574 5 -1
1002584 10 1
1002590 2 -1
1002681 7 1
1002746 3 1
1002766 1 1
1002830 4 1
1002869 0 1
1003020 6 1
1003047 2 -1
1003154 3 -1
1003168 0 1
1003330 1 -1
1003487 4 1
1003530 0 1
1003707 1 -1
1003751 2 -1
1003756 3 -1
1003865 0 -1
1003944 5 1
1003998 8 -1
1004019 13 -1
1004107 0 -1
1004186 3 1
1004205 2 -1
1004213 1 1
1004374 6 -1
1004441 0 1
1004576 4 -1
1004680 2 1
1004729 7 1
1004761 11 1
1004777 1 -1
1004784 0 -1
1004788 3 1
1004842 5 1
1004995 0 1
1005062 9 1
1005132 1 1
1005148 6 -1
1005277 12 -1
1005325 4 1
1005343 0 -1
1005368 2 -1
1005390 3 1
1005478 1 -1
1005793 17 1
1005814 3 -1
1005837 1 -1
1005841 2 1
1005863 0 1
1006223 3 1
1006234 5 -1
1006260 0 1
1006314 6 1
1006325 7 -1
1006394 1 -1
1006406 4 -1
1006559 2 1
1006567 10 -1
1006570 0 1
1006612 3 1
1006938 1 1
1006975 8 1
1006997 0 -1
1007214 3 1
1007255 0 -1
1007260 2 1
1007319 1 1
1007381 4 1
1007405 9 -1
1007462 0 -1
1007513 15 1
1007545 5 -1
1007706 6 1
1007728 2 1
1007816 3 1
1007824 1 1
1007843 0 1
1008104 0 1
1008115 4 1
1008201 2 -1
1008211 1 1
1008222 3 -1
1008534 5 1
1008570 1 -1
1008574 7 1
1008605 0 -1
1008676 2 1
1008824 3 -1
1008835 6 -1
1009098 10 1
1009159 1 1
1009200 0 1
1009219 4 -1
1009354 2 -1
1009448 3 -1
1009509 0 1
1009522 1 -1
1009652 6 1
1009757 0 1
1009813 8 1
1009851 3 1
1009931 5 1
1010042 2 1
1010050 7 -1
1010076 1 1
1010114 0 1
1010275 4 -1
1010318 0 1
1010453 3 1
1010458 9 1
1010517 2 -1
1010533 6 -1
1010616 1 1
1010665 0 1
1010813 5 -1
1010962 1 -1
1010976 4 -1
1010995 0 1
1011073 3 1
1011205 2 1
1011224 0 1
1011360 1 -1
1011466 0 1
1011479 3 -1
1011501 7 -1
1011683 2 -1
1011690 0 -1
1011698 1 1
1011705 5 -1
1011866 8 1
1011976 4 1
1012081 3 -1
1012086 0 1
1012146 2 -1
1012210 6 -1
1012244 1 -1
1012414 0 1
1012489 3 1
1012543 11 1
1012683 0 1
1012803 1 -1
1012850 2 -1
1012879 3 1
1012992 4 -1
1013016 14 -1
1013113 5 -1
1013172 0 1
1013173 1 1
1013177 10 1
1013296 12 1
1013328 2 1
1013382 0 1
1013481 3 1
1013618 6 -1
1013685 0 -1
1013726 7 1
1013730 1 1
1013766 4 1
1013876 9 -1
1013930 3 1
1014037 2 1
1014055 0 -1
1014091 5 -1
1014270 1 1
1014285 0 1
1014451 4 -1
1014532 3 1
1014639 6 -1
1014639 0 1
1014663 1 -1
1014715 8 1
1014736 2 -1
1014978 0 -1
1015104 4 1
1015128 7 1
1015134 3 1
1015144 13 1
1015193 1 1
1015193 2 -1
1015284 0 -1
1015499 5 -1
1015537 3 1
1015537 0 1
1015639 9 1
1015666 2 1
1015745 1 1
1015811 6 1
1015859 0 -1
1015945 3 -1
1016128 2 1
1016132 1 -1
1016192 4 -1
1016305 0 1
1016372 3 1
1016656 1 1
1016829 0 -1
1016837 2 1
1016886 5 1
1016961 6 -1
1016974 3 1
1017043 1 1
1017163 0 -1
1017273 4 -1
1017289 7 -1
1017390 1 -1
1017396 0 -1
1017482 10 1
1017542 2 1
1017576 3 1
1017681 8 -1
1017689 0 1
1017810 9 -1
1017864 5 -1
1017918 0 -1
1017946 1 -1
1017950 4 1
1017998 3 -1
1018017 2 -1
1018090 6 1
1018310 0 1
1018333 1 -1
1018600 3 -1
1018708 2 1
1018842 5 1
1018864 0 1
1018889 1 -1
1019030 3 1
1019038 4 1
1019261 0 1
1019417 2 1
1019439 3 -1
1019453 1 1
1019503 0 1
1019514 7 -1
1019584 6 -1
1019724 0 -1
1019750 5 1
1019764 4 1
1019777 8 -1
1019832 1 -1
1019874 2 1
1020003 9 1
1020030 0 -1
1020040 3 -1
1020169 1 -1
1020175 10 -1
1020465 3 1
1020481 0 -1
1020530 4 -1
1020542 1 -1
1020573 2 1
1020610 6 1
1020755 11 1
1020772 7 -1
1020898 0 -1
1021067 3 1
1021121 0 1
1021122 1 1
1021207 5 1
1021285 2 1
1021535 0 -1
1021610 4 -1
1021669 3 1
1021687 1 -1
1021760 2 -1
1021830 12 -1
1021884 6 1
1021927 0 1
1022033 1 1
1022059 3 1
1022110 7 1
1022169 0 1
1022344 4 1
1022432 17 -1
1022454 2 1
1022464 3 -1
1022524 0 1
1022577 1 1
1022626 5 1
1022626 9 -1
1022658 8 -1
1022873 3 1
1022927 2 -1
1022968 1 1
1023088 0 1
1023297 1 1
1023367 4 -1
1023389 6 -1
1023402 2 1
1023464 7 -1
1023480 3 1
1023539 5 1
1023671 0 -1
1023851 1 1
1023948 0 -1
1023980 16 -1
1024093 3 1
1024093 2 -1
1024166 0 -1
1024210 1 -1
1024270 6 1
1024335 10 1
1024501 3 -1
1024536 4 -1
1024542 0 1
1024563 2 1
1024790 1 1
1024802 0 1
1024894 5 -1
1025103 3 -1
1025227 0 -1
1025259 2 -1
1025318 1 1
1025322 4 1
1025442 6 1
1025528 3 1
1025528 8 -1
1025641 0 1
1025683 1 -1
1025770 7 -1
1025786 12 1
1025857 0 -1
1025872 5 1
1025893 9 -1
1025918 3 1
1025952 2 1
1026068 4 1
1026073 0 1
1026254 1 1
1026312 6 1
1026318 0 1
1026431 11 1
1026431 2 -1
1026463 13 -1
1026560 3 -1
1026697 0 -1
1026780 1 1
1026794 4 1
1026802 5 1
1026888 2 -1
1026968 3 1
1027172 1 1
1027242 0 -1
1027366 2 1
1027570 3 1
1027592 8 -1
1027737 1 1
1027753 7 -1
1027796 0 -1
1027860 6 -1
1027882 4 1
1027957 9 1
1028022 0 1
1028070 2 1
1028172 3 -1
1028204 5 -1
1028261 0 1
1028285 1 1
1028333 10 1
1028597 0 1
1028613 3 -1
1028648 1 -1
1028779 2 1
1028817 0 1
1028946 7 -1
1028994 4 -1
1029021 3 1
1029021 6 1
1029035 1 -1
1029164 0 -1
1029166 5 1
1029247 2 1
1029397 14 -1
1029410 1 -1
1029411 3 1
1029502 0 1
1029505 8 1
1029712 4 -1
1029782 0 -1
1029784 12 -1
1029860 6 -1
1029919 2 -1
1029964 1 -1
1030013 3 1
1030123 0 1
1030397 2 1
1030454 0 -1
1030522 1 1
1030558 11 1
1030612 5 1
1030628 3 1
1030644 9 1
1030699 0 -1
1030800 4 1
1030854 2 1
1030881 1 -1
1031018 7 1
1031031 0 1
1031037 3 -1
1031429 1 1
1031429 10 -1
1031440 8 -1
1031493 4 -1
1031582 2 -1
1031590 6 -1
1031596 0 -1
1031639 3 -1
1031796 1 1
1031816 0 -1
1031977 15 1
1032027 0 -1
1032031 3 -1
1032031 5 1
1032042 2 -1
1032171 1 1
1032187 4 1
1032429 9 -1
1032434 3 1
1032469 7 1
1032542 0 1
1032715 1 1
1032746 2 -1
1032886 0 1
1033036 3 1
1033036 5 -1
1033058 1 1
1033135 0 -1
1033246 6 1
1033275 4 -1
1033434 2 1
1033471 3 -1
1033614 1 1
1033616 0 -1
1033767 7 -1
1033880 0 1
1033912 2 -1
1033952 4 1
1034073 3 -1
1034148 0 -1
1034158 1 1
1034175 6 1
1034321 8 -1
1034406 5 1
1034514 9 1
1034529 1 1
1034622 2 -1
1034675 3 -1
1034694 0 -1
1034920 1 1
1034960 4 -1
1035097 3 1
1035280 1 -1
1035311 0 -1
1035326 2 -1
1035589 10 1
1035621 6 1
1035734 3 -1
1035809 5 1
1035828 2 1
1035855 1 1
1035874 0 -1
1035952 7 1
1036081 4 1
1036121 0 1
1036325 0 1
1036336 3 -1
1036375 1 -1
1036492 11 -1
1036513 2 -1
1036666 0 1
1036728 3 -1
1036770 1 -1
1036798 5 -1
1036822 4 1
1036924 0 1
1037201 6 -1
1037223 2 -1
1037276 8 1
1037310 1 -1
1037330 3 -1
1037330 9 1
1037352 0 -1
1037362 7 -1
1037588 4 1
1037680 2 -1
1037731 0 1
1037782 13 1
1037878 1 1
1037964 3 1
1037991 0 -1
1038147 6 1
1038152 2 1
1038190 5 1
1038225 1 1
1038314 4 -1
1038335 0 1
1038394 3 -1
1038615 2 1
1038682 0 -1
1038781 1 -1
1038803 3 1
1038929 0 -1
1038986 12 1
1039192 3 1
1039201 8 -1
1039308 9 1
1039321 0 1
1039326 1 -1
1039330 2 1
1039394 7 -1
1039418 4 1
1039614 5 1
1039695 6 1
1039712 1 -1
1039781 10 -1
1039794 3 1
1039926 0 1
1040023 2 1
1040163 0 1
1040253 1 1
1040361 11 1
1040386 0 -1
1040410 3 1
1040485 2 1
1040587 4 1
1040591 1 -1
1040609 5 -1
1040652 6 -1
1040716 0 1
1040818 3 -1
1040877 16 -1
1040926 1 1
1040977 0 1
1041189 2 1
1041296 4 1
1041420 3 -1
1041447 0 -1
1041479 5 1
1041486 1 -1
1041587 7 1
1041665 2 -1
1041683 6 -1
1041812 3 -1
1041853 1 1
1042006 0 -1
1042060 8 -1
1042124 2 -1
1042216 3 1
1042229 0 -1
1042381 4 -1
1042382 5 1
1042393 1 1
1042425 9 -1
1042447 0 1
1042699 10 1
1042799 0 -1
1042817 3 1
1042828 2 -1
1042949 1 1
1042990 7 -1
1043026 4 -1
1043102 0 -1
1043199 15 1
1043264 3 1
1043296 2 -1
1043312 1 1
1043350 6 -1
1043487 0 1
1043699 1 1
1043715 4 -1
1043779 5 -1
1043865 3 1
1043994 2 -1
1044038 1 1
1044064 0 1
1044070 8 -1
1044274 11 -1
1044368 7 -1
1044392 0 -1
1044467 3 1
1044489 17 1
1044575 6 -1
1044606 1 -1
1044704 0 -1
1044704 2 -1
1044868 4 1
1044870 3 1
1045102 5 1
1045130 1 -1
1045180 2 1
1045223 0 -1
1045279 3 -1
1045349 9 -1
1045456 10 1
1045529 1 -1
1045592 0 1
1045607 14 1
1045634 4 -1
1045663 2 1
1045671 3 -1
1045811 7 -1
1045849 0 -1
1046080 6 1
1046101 5 -1
1046102 8 1
1046117 1 -1
1046125 2 1
1046209 0 -1
1046273 3 -1
1046472 1 1
1046478 0 -1
1046682 4 -1
1046791 0 -1
1046827 2 1
1046843 1 -1
1046875 3 -1
1047138 0 1
1047198 9 -1
1047278 3 1
1047367 0 1
1047401 1 1
1047413 6 -1
1047461 5 1
1047515 2 -1
1047770 1 1
1047773 0 -1
1047786 4 1
1047810 7 -1
1047923 3 -1
1047993 2 1
1048166 0 -1
1048219 6 -1
1048262 10 1
1048306 1 1
1048316 3 -1
1048358 12 -1
1048377 0 1
1048380 5 1
1048552 4 1
1048705 0 1
1048705 2 1
1048718 3 1
1048860 1 -1
1048947 0 -1
1048960 8 1
1049132 9 -1
1049165 13 1
1049221 1 1
1049267 5 1
1049288 0 -1
1049294 4 1
1049320 3 1
1049358 6 -1
1049406 2 1
1049592 1 -1
1049632 0 1
1049745 3 -1
1049874 2 1
1049882 0 1
1049965 1 -1
1049987 4 -1
1050011 7 -1
1050293 6 1
1050315 0 -1
1050347 3 -1
1050522 0 -1
1050537 1 1
1050551 2 -1
1050648 5 -1
1050782 0 -1
1050917 8 -1
1050949 3 -1
1051067 9 -1
1051083 1 1
1051091 4 -1
1051236 7 -1
1051277 2 -1
1051310 0 -1
1051357 3 1
1051450 1 1
1051578 5 -1
1051583 15 -1
1051739 2 -1
1051747 3 1
1051868 0 -1
1051911 6 1
1051938 10 1
1051990 1 1
1052099 4 -1
1052153 3 -1
1052353 1 -1
1052424 0 -1
1052443 11 -1
1052448 2 -1
1052653 0 1
1052732 1 -1
1052776 3 -1
1052800 4 1
1052881 0 -1
1052922 2 1
1053007 5 -1
1053238 0 -1
1053296 1 1
1053373 7 1
1053378 3 -1
1053384 2 1
1053462 0 1
1053657 1 1
1053668 6 1
1053781 3 1
1053840 9 -1
1053857 0 -1
1053862 14 1
1053862 8 1
1053925 4 1
1054099 2 1
1054175 0 -1
1054203 1 -1
1054383 3 1
1054388 5 1
1054417 0 -1
1054507 6 1
1054571 2 -1
1054636 12 -1
1054754 0 1
1054780 1 1
1054792 7 1
1054808 3 -1
1055050 4 -1
1055094 0 -1
1055146 1 -1
1055240 3 1
1055243 5 -1
1055273 2 -1
1055324 0 -1
1055530 1 -1
1055681 0 1
1055775 4 -1
1055842 3 1
1055883 6 -1
1055914 1 -1
1055961 2 1
1056108 0 -1
1056146 7 -1
1056216 5 1
1056248 3 -1
1056324 10 1
1056332 0 -1
1056434 2 -1
1056456 1 -1
1056619 0 -1
1056796 6 1
1056807 8 -1
1056842 0 -1
1056850 3 -1
1056855 4 1
1056893 2 -1
1057021 1 1
1057086 5 -1
1057087 9 1
1057210 0 -1
1057350 2 -1
1057376 1 -1
1057468 3 -1
1057554 0 1
1057831 0 -1
1057895 3 1
1057925 6 -1
1057932 1 1
1057976 4 -1
1058049 7 1
1058065 2 -1
1058161 15 -1
1058278 1 -1
1058301 3 -1
1058301 0 -1
1058505 5 -1
1058555 0 -1
1058634 12 1
1058641 1 -1
1058653 4 1
1058656 8 -1
1058710 3 1
1058763 2 -1
1058797 0 -1
1059145 0 1
1059145 10 1
1059172 9 -1
1059193 6 1
1059210 1 -1
1059226 2 -1
1059312 3 1
1059373 0 1
1059532 7 -1
1059592 1 1
1059685 4 1
1059779 0 -1
1059838 13 -1
1059870 5 1
1059914 3 -1
1059930 2 -1
1060098 0 -1
1060128 6 -1
1060155 1 -1
1060247 11 -1
1060316 3 1
1060362 4 -1
1060376 0 1
1060408 2 1
1060666 8 -1
1060674 0 -1
1060693 1 -1
1060795 5 1
1060881 2 1
1060918 3 1
1060945 0 -1
1061074 1 -1
1061104 4 -1
1061389 0 1
1061520 3 1
1061576 1 -1
1061596 2 1
1061717 7 -1
1061805 6 1
1061924 0 1
1061929 3 -1
1062063 2 1
1062117 14 1
1062136 1 -1
1062192 5 1
1062245 4 -1
1062302 0 -1
1062461 9 1
1062539 1 1
1062558 3 -1
1062601 8 1
1062636 0 1
1062762 2 1
1062938 4 -1
1062945 0 1
1063087 1 1
1063127 6 -1
1063160 3 -1
1063215 0 -1
1063450 10 -1
1063474 2 1
1063536 12 -1
1063563 3 1
1063563 0 1
1063590 5 -1
1063656 1 -1
1063877 7 1
1063950 2 -1
1064018 1 1
1064062 6 1
1064071 4 -1
1064086 0 -1
1064165 3 1
1064381 1 1
1064407 2 -1
1064530 5 -1
1064579 9 -1
1064589 3 -1
1064622 0 1
1064744 1 -1
1064863 2 -1
1064898 0 -1
1065014 3 1
1065066 4 -1
1065164 0 -1
1065207 7 -1
1065296 1 1
1065320 8 -1
1065520 0 -1
1065557 6 1
1065592 2 1
1065616 3 1
1065745 0 1
1065812 4 -1
1065852 1 1
1065944 11 -1
1065954 5 -1
1066024 3 -1
1066070 0 -1
1066215 1 -1
1066223 10 -1
1066269 2 -1
1066309 9 1
1066428 0 -1
1066517 4 -1
1066626 3 -1
1066645 0 1
1066650 7 -1
1066734 2 -1
1066755 1 -1
1066871 0 -1
1067040 6 1
1067107 0 -1
1067138 1 -1
1067198 4 1
1067244 3 -1
1067395 5 -1
1067423 0 -1
1067451 2 -1
1067493 1 1
1067621 12 -1
1067677 3 1
1067771 0 1
1067913 2 -1
1067997 7 1
1068029 0 -1
1068047 1 -1
1068083 3 -1
1068201 6 1
1068222 8 -1
1068303 4 -1
1068357 5 1
1068376 0 1
1068389 2 1
1068432 1 -1
1068491 3 1
1068590 0 -1
1068814 0 1
1068932 10 1
1068948 1 1
1069077 2 -1
1069098 3 1
1069125 16 -1
1069168 0 1
1069303 4 1
1069426 31 1
1069450 0 1
1069522 1 -1
1069555 2 1
1069598 9 -1
1069695 3 -1
1069818 5 1
1069867 0 -1
1069883 1 1
1070028 11 -1
1070028 7 1
1070039 6 -1
1070064 4 1
1070098 3 1
1070203 0 1
1070240 1 1
1070243 8 -1
1070259 2 1
1070531 0 -1
1070625 1 1
1070684 5 -1
1070700 3 1
1070888 0 -1
1070966 2 1
1071108 3 -1
1071165 4 -1
1071167 1 1
1071235 0 1
1071254 13 -1
1071420 2 1
1071459 0 -1
1071501 3 -1
1071598 6 1
1071630 5 1
1071709 1 -1
1071726 9 1
1071794 0 1
1071834 4 -1
1071888 2 1
1072080 1 1
1072092 17 -1
1072103 3 -1
1072132 0 -1
1072302 7 1
1072353 0 1
1072355 2 -1
1072543 3 -1
1072586 0 1
1072592 4 -1
1072620 1 1
1072737 6 -1
1072810 0 -1
1072995 1 1
1073043 2 1
1073081 5 1
1073145 3 -1
1073146 0 1
1073204 10 -1
1073378 1 1
1073382 8 1
1073492 0 -1
1073554 6 1
1073559 7 1
1073724 4 -1
1073734 0 -1
1073747 3 -1
1073772 2 -1
1073855 11 1
1073926 1 1
1074070 5 -1
1074091 0 -1
1074156 3 -1
1074231 2 -1
1074263 12 1
1074293 0 -1
1074293 1 1
1074446 6 1
1074454 4 -1
1074529 0 -1
1074795 3 1
1074841 1 -1
1074865 0 1
1074865 9 1
1074935 2 -1
1075087 0 -1
1075389 1 -1
1075397 3 1
1075403 5 1
1075403 2 -1
1075435 0 1
1075526 4 -1
1075752 7 -1
1075752 1 -1
1075764 0 -1
1075806 3 -1
1075865 10 1
1075876 2 1
1075994 6 1
1075994 0 1
1076115 1 1
1076220 8 1
1076236 0 1
1076418 3 -1
1076470 0 1
1076470 1 -1
1076585 2 -1
1076631 4 1
1076813 0 -1
1076886 5 1
1077026 3 -1
1077026 1 -1
1077042 2 -1
1077147 0 1
1077352 4 1
1077372 0 -1
1077450 3 1
1077570 1 -1
1077628 6 -1
1077700 0 1
1077746 9 1
1077767 11 -1
1077770 2 1
1077794 5 1
1077859 3 -1
1077925 1 1
1077942 0 1
1078066 7 1
1078133 8 -1
1078166 0 -1
1078251 3 -1
1078461 2 -1
1078469 4 1
1078501 0 1
1078509 6 1
1078509 1 -1
1078627 14 1
1078743 0 1
1078746 5 -1
1078853 3 -1
1078892 1 -1
1078934 2 1
1079091 0 -1
1079275 1 -1
1079439 0 1
1079487 3 1
1079549 7 1
1079589 5 1
1079605 4 -1
1079622 2 -1
1079640 0 -1
1079659 9 1
1079819 1 -1
1079831 10 1
1079874 0 1
1079877 3 1
1079939 6 -1
1080116 0 1
1080190 1 -1
1080350 2 1
1080387 4 1
1080433 15 1
1080441 0 -1
1080479 3 1
1080726 1 -1
1080745 6 1
1080799 0 -1
1080812 2 1
1080884 3 -1
1081000 0 -1
1081003 5 -1
1081089 8 1
1081278 1 -1
1081293 3 1
1081358 0 -1
1081411 4 -1
1081489 2 -1
1081586 0 1
1081647 1 -1
1081669 6 -1
1081669 7 -1
1081822 0 1
1081841 9 1
1081895 3 1
1082044 1 -1
1082170 0 -1
1082196 2 -1
1082325 3 -1
1082368 5 1
1082368 12 -1
1082381 0 1
1082415 1 1
1082443 13 1
1082532 4 1
1082704 2 1
1082729 0 -1
1082927 3 -1
1082963 1 -1
1083056 0 1
1083066 6 1
1083158 2 1
1083282 4 1
1083298 0 1
1083324 5 -1
1083521 0 -1
1083529 3 -1
1083548 1 1
1083626 2 1
1083733 0 1
1083830 10 1
1083873 9 1
1083894 11 -1
1083894 7 1
1083928 1 1
1083937 3 -1
1083942 4 -1
1083970 8 1
1084034 6 1
1084080 0 -1
1084324 2 1
1084340 3 1
1084440 0 -1
1084487 1 1
1084679 0 -1
1084690 5 1
1084708 4 -1
1084749 3 -1
1084997 0 -1
1085027 1 1
1085028 2 1
1085192 7 -1
1085302 6 1
1085345 0 1
1085350 3 -1
1085374 1 -1
1085490 2 1
1085571 5 -1
1085584 0 1
1085785 4 1
1085920 0 1
1085936 1 1
1085952 3 -1
1085990 8 1
1086205 2 1
1086267 0 1
1086345 3 -1
1086462 1 1
1086491 0 -1
1086501 5 1
1086603 10 1
1086657 2 1
1086753 6 1
1086837 1 1
1086839 0 1
1086881 4 -1
1086982 3 1
1087073 0 1
1087130 2 -1
1087291 9 -1
1087299 0 -1
1087312 7 -1
1087397 1 1
1087538 6 1
1087584 3 1
1087640 0 1
1087699 4 1
1087776 1 1
1087831 2 -1
1087869 0 1
1087904 5 -1
1087957 13 1
1087989 3 -1
1088147 1 -1
1088217 0 -1
1088296 2 -1
1088527 6 1
1088546 0 1
1088597 3 -1
1088642 7 1
1088687 1 -1
1088776 0 -1
1088820 4 -1
1088839 8 1
1088860 5 -1
1088989 17 1
1089000 0 -1
1089000 2 -1
1089066 1 -1
1089150 10 -1
1089209 3 -1
1089220 0 1
1089408 6 -1
1089477 4 1
1089567 0 -1
1089590 1 1
1089602 3 -1
1089709 2 -1
1089927 0 -1
1090037 7 -1
1090155 0 1
1090166 1 -1
1090182 4 -1
1090185 2 1
1090204 3 -1
1090263 5 -1
1090408 12 1
1090483 0 -1
1090517 1 1
1090607 3 1
1090647 2 1
1090725 0 -1
1090795 8 -1
1090822 6 1
1090838 9 -1
1090902 1 -1
1090948 0 1
1091015 3 -1
1091123 2 -1
1091262 1 1
1091278 4 1
1091451 0 1
1091617 3 -1
1091741 11 -1
1091762 16 1
1091768 5 1
1091780 0 -1
1091800 2 1
1091847 1 -1
1091972 4 -1
1092016 0 -1
1092020 10 -1
1092047 3 1
1092214 6 -1
1092327 7 -1
1092364 0 1
1092383 1 1
1092493 2 -1
1092649 3 1
1092670 5 1
1092711 0 -1
1092740 8 1
1092750 1 1
1092953 0 -1
1092977 2 1
1093028 4 -1
1093041 6 1
1093138 9 -1
1093251 3 1
1093283 0 1
1093326 1 1
1093600 5 1
1093630 0 -1
1093665 13 -1
1093665 7 1
1093670 2 -1
1093676 3 -1
1093705 1 1
1093840 0 1
1094060 4 -1
1094064 1 -1
1094084 3 1
1094148 2 1
1094189 0 -1
1094412 0 -1
1094471 6 1
1094508 3 -1
1094578 12 -1
1094579 15 -1
1094589 5 -1
1094616 1 -1
1094624 2 -1
1094635 0 1
1094826 4 -1
1094975 1 -1
1094983 0 -1
1095051 14 1
1095110 3 -1
1095219 0 -1
1095315 2 1
1095363 6 1
1095531 1 -1
1095535 4 1
1095567 0 1
1095589 8 1
1095696 7 1
1095712 3 -1
1095793 2 -1
1095890 0 1
1095960 5 1
1096035 10 -1
1096087 1 -1
1096132 0 1
1096137 3 1
1096169 9 -1
1096269 4 1
1096309 6 1
1096360 0 1
1096480 1 -1
1096503 2 -1
1096513 18 1
1096572 0 -1
1096763 3 1
1096825 1 1
1096919 0 1
1097169 3 -1
1097180 2 1
1097196 1 1
1097252 0 -1
1097384 5 1
1097434 4 1
1097491 0 -1
1097577 3 1
1097599 6 1
1097655 2 -1
1097739 8 -1
1097760 1 1
1097776 7 1
1097838 0 1
1098064 0 -1
1098115 2 -1
1098179 3 1
1098276 17 1
1098310 0 -1
1098326 1 -1
1098373 5 -1
1098490 4 1
1098577 2 -1
1098582 3 1
1098604 6 1
1098639 0 1
1098683 1 -1
1098706 9 1
1098856 12 1
1098859 0 -1
1099184 3 1
1099190 0 1
1099195 7 1
1099195 1 1
1099268 4 -1
1099281 2 -1
1099536 0 -1
1099558 1 1
1099759 0 1
1099765 5 -1
1099786 3 1
1099888 11 -1
1099939 1 1
1099996 6 -1
1099996 2 -1
1100095 0 -1
1100195 3 -1
1100291 4 -1
1100437 10 -1
1100455 0 -1
1100469 2 1
1100509 1 -1
1100587 3 -1
1100684 8 -1
1100694 0 -1
1100716 5 -1
1100767 7 -1
1100892 1 -1
1100990 3 1
1101041 0 1
1101157 2 -1
1101200 9 -1
1101264 6 1
1101331 4 -1
1101361 0 1
1101432 1 -1
1101600 0 1
1101630 3 -1
1101632 2 1
1101716 5 1
1101814 0 -1
1101952 1 1
1102025 7 -1
1102038 0 1
1102081 4 1
1102097 2 1
1102156 6 1
1102232 3 -1
1102327 1 1
1102393 0 1
1102640 3 1
1102694 1 1
1102721 0 -1
1102818 2 1
1102952 0 1
1103057 1 1
1103059 5 -1
1103097 6 1
1103178 4 -1
1103255 3 1
1103298 0 -1
1103301 2 -1
1103516 10 1
1103540 0 -1
1103564 8 -1
1103613 1 1
1103645 3 1
1103758 11 1
1103763 0 1
1103941 6 -1
1103962 5 1
1103994 2 1
1104037 9 -1
1104040 7 -1
1104080 3 -1
1104099 0 -1
1104185 4 -1
1104185 1 -1
1104322 0 1
1104566 1 -1
1104669 0 1
1104682 3 -1
1104693 2 1
1104886 4 1
1104919 13 1
1105017 0 -1
1105085 3 1
1105096 1 -1
1105169 2 -1
1105220 0 1
1105327 5 -1
1105338 6 1
1105452 0 -1
1105479 1 -1
1105564 8 -1
1105634 2 -1
1105694 0 -1
1105706 3 1
1105842 1 -1
1105983 4 1
1106042 0 1
1106106 2 1
1106112 7 -1
1106308 3 1
1106374 1 -1
1106397 0 1
1106604 0 -1
1106729 4 1
1106735 3 -1
1106751 1 -1
1106757 5 -1
1106794 2 -1
1106810 6 1
1106918 9 1
1106953 0 1
1107133 12 1
1107138 3 1
1107177 0 -1
1107291 1 -1
1107370 10 -1
1107429 0 -1
1107450 7 -1
1107462 4 1
1107472 2 1
1107488 8 1
1107547 3 -1
1107590 6 1
1107649 11 -1
1107660 5 -1
1107825 1 1
1107850 0 1
1107950 2 -1
1108084 0 -1
1108165 3 -1
1108188 1 -1
1108399 0 1
1108579 4 -1
1108638 5 1
1108692 2 -1
1108736 1 -1
1108767 3 -1
1108772 0 -1
1108950 6 1
1109033 0 1
1109175 3 1
1109299 0 -1
1109312 4 -1
1109316 1 1
1109347 8 1
1109393 2 -1
1109522 0 -1
1109632 5 -1
1109648 9 -1
1109675 7 -1
1109703 1 1
1109777 3 1
1109855 2 -1
1109895 6 1
1109901 10 1
1109979 0 1
1110167 3 1
1110248 1 1
1110296 4 1
1110347 0 -1
1110562 2 -1
1110573 3 -1
1110667 0 1
1110814 1 -1
1110879 6 1
1111019 0 -1
1111030 5 -1
1111173 1 -1
1111174 3 -1
1111207 7 1
1111271 2 -1
1111325 0 -1
1111473 4 1
1111537 1 1
1111562 14 1
1111607 3 1
1111629 0 -1
1111728 2 -1
1111734 15 1
1111934 1 -1
1112010 0 -1
1112131 6 1
1112174 4 1
1112209 3 1
1112228 8 1
1112244 0 -1
1112422 5 1
1112424 2 -1
1112509 1 1
1112561 10 -1
1112564 0 -1
1112572 9 -1
1112610 7 1
1112811 3 1
1112889 2 -1
1112916 4 -1
1112924 0 -1
1113045 1 1
1113077 6 1
1113163 0 -1
1113233 3 -1
1113362 2 1
1113397 0 1
1113421 5 -1
1113432 1 1
1113539 12 1
1113662 4 1
1113722 0 1
1113872 3 1
1113952 1 1
1114050 2 -1
1114106 0 1
1114323 1 -1
1114453 6 1
1114474 3 1
1114528 2 1
1114621 0 1
1114633 7 1
1114679 9 1
1114681 4 -1
1114702 1 -1
1114775 5 1
1114786 16 -1
1114864 3 1
1114934 0 -1
1115195 8 -1
1115211 0 -1
1115238 2 1
1115262 1 -1
1115480 3 1
1115529 0 -1
1115617 1 1
1115678 5 1
1115732 11 1
1115850 4 -1
1115869 0 1
1115882 6 1
1115926 2 -1
1116081 3 1
1116160 0 -1
1116191 1 -1
1116205 13 -1
1116237 7 -1
1116401 2 1
1116515 4 1
1116517 3 -1
1116557 0 1
1116614 5 1
1116733 1 -1
1116754 10 1
1116764 6 -1
1116877 2 -1
1116920 3 1
1117108 8 1
1117119 0 1
1117132 1 1
1117328 3 -1
1117344 2 -1
1117417 0 1
1117475 1 -1
1117495 12 1
1117519 4 -1
1117635 6 1
1117750 0 1
1117854 1 -1
1117904 9 1
1117930 5 1
1117946 3 -1
1118043 2 -1
1118277 4 -1
1118288 0 -1
1118382 7 1
1118406 1 -1
1118548 3 -1
1118559 6 -1
1118758 2 -1
1118839 0 -1
1118903 5 -1
1118957 3 1
1118962 1 -1
1119075 4 1
1119263 2 1
1119329 1 -1
1119443 0 1
1119559 3 1
1119559 10 1
1119657 0 -1
1119871 6 1
1119881 1 -1
1119887 0 1
1119948 3 1
1119948 2 -1
1120139 8 -1
1120224 4 1
1120316 5 -1
1120354 3 -1
1120424 2 1
1120442 1 1
1120451 0 -1
1120639 7 1
1120808 1 -1
1120892 2 1
1120917 4 -1
1120935 15 -1
1120956 3 -1
1121061 0 1
1121107 9 -1
1121300 6 1
1121373 1 1
1121381 3 1
1121402 0 1
1121590 2 1
1121649 5 -1
1121663 0 1
1121909 1 1
1121937 0 1
1121983 3 1
1121985 4 -1
1122058 7 1
1122066 2 -1
1122192 6 1
1122262 0 -1
1122268 8 -1
1122304 1 -1
1122536 5 -1
1122584 3 1
1122711 0 -1
1122754 2 1
1122828 1 1
1123009 3 -1
1123013 4 -1
1123203 1 -1
1123256 0 -1
1123364 9 -1
1123418 3 1
1123455 2 1
1123501 7 1
1123525 10 1
1123574 1 -1
1123579 6 1
1123622 11 -1
1123795 0 -1
1123807 3 1
1123819 4 1
1123858 12 1
1123923 2 1
1123928 5 1
1124049 0 -1
1124116 8 -1
1124126 1 1
1124326 0 1
1124390 2 -1
1124409 3 1
1124492 1 1
1124545 4 1
1124710 0 1
1124831 7 -1
1124858 2 -1
1124912 6 1
1124935 0 -1
1125011 3 1
1125033 1 1
1125218 4 -1
1125283 0 -1
1125385 5 1
1125417 3 -1
1125557 2 -1
1125593 1 1
1125608 0 -1
1125836 6 -1
1125844 0 -1
1125948 1 -1
1126062 3 1
1126062 0 1
1126266 2 -1
1126285 0 -1
1126298 5 1
1126310 1 1
1126355 4 1
1126451 3 1
1126470 9 1
1126626 0 1
1126710 1 -1
1126723 2 -1
1126857 3 -1
1126976 8 -1
1127008 7 -1
1127180 0 1
1127236 1 -1
1127255 6 -1
1127306 4 1
1127438 2 -1
1127459 3 -1
1127491 13 1
1127556 10 -1
1127747 1 -1
1127779 0 1
1127798 5 -1
1127814 12 1
1127868 3 -1
1127894 2 -1
1128058 0 -1
1128072 4 -1
1128072 14 1
1128120 1 1
1128327 0 -1
1128368 2 -1
1128470 3 -1
1128534 6 -1
1128672 1 1
1128886 0 -1
1128889 8 1
1128991 7 -1
1129072 3 -1
1129076 1 -1
1129077 2 -1
1129112 4 -1
1129190 5 1
1129219 0 1
1129434 1 1
1129456 0 1
1129474 3 1
1129544 6 -1
1129555 2 1
1129598 9 -1
1129827 0 1
1129853 4 -1
1129883 3 -1
1129995 1 -1
1130074 0 -1
1130146 5 -1
1130267 2 1
1130275 3 -1
1130329 0 -1
1130345 10 -1
1130380 1 -1
1130466 7 -1
1130630 0 1
1130660 4 1
1130770 6 -1
1130912 3 1
1130922 1 -1
1130923 0 -1
1130969 2 1
1131071 5 -1
1131310 0 -1
1131436 2 1
1131470 1 -1
1131514 3 1
1131619 9 -1
1131640 11 1
1131748 6 -1
1131796 4 1
1131849 1 -1
1131853 0 -1
1131898 8 -1
1131909 2 -1
1131920 3 -1
1131941 16 -1
1131984 12 -1
1131995 5 -1
1132385 2 1
1132401 1 -1
1132441 4 1
1132476 0 -1
1132538 3 -1
1132554 7 -1
1132651 6 1
1132930 3 -1
1132959 1 1
1132990 10 1
1133070 2 -1
1133078 0 -1
1133231 13 -1
1133336 1 -1
1133376 3 -1
1133425 5 -1
1133542 4 1
1133696 0 -1
1133750 2 1
1133919 1 -1
1133978 3 -1
1134005 17 -1
1134037 6 -1
1134038 7 -1
1134091 9 1
1134174 0 -1
1134226 2 -1
1134349 15 -1
1134371 3 -1
1134414 0 -1
1134469 1 -1
1134578 4 -1
1134629 0 1
1134801 5 1
1134816 1 1
1134833 8 1
1134956 2 -1
1134975 0 -1
1135005 3 1
1135037 6 -1
1135188 0 1
1135190 1 1
1135279 4 -1
1135413 2 -1
1135534 0 -1
1135537 7 1
1135541 1 -1
1135612 3 1
1135779 5 -1
1135870 2 -1
1135876 0 1
1135940 10 -1
1136012 4 -1
1136031 3 -1
1136097 1 -1
1136131 0 1
1136273 6 -1
1136306 9 1
1136394 0 -1
1136424 3 -1
1136580 2 -1
1136614 0 1
1136629 1 1
1136757 8 -1
1136819 4 1
1136827 3 1
1137032 1 -1
1137047 0 -1
1137052 2 1
1137192 5 1
1137448 3 1
1137605 1 1
1137617 0 1
1137665 7 -1
1137670 6 1
1137762 2 1
1137907 4 -1
1137996 1 1
1138039 0 -1
1138050 3 1
1138133 12 1
1138154 5 -1
1138326 0 -1
1138356 1 -1
1138444 2 -1
1138455 3 -1
1138547 0 1
1138595 6 -1
1138713 13 -1
1138713 8 1
1138791 0 1
1138901 2 -1
1138927 4 1
1138931 1 1
1139057 3 -1
1139079 5 -1
1139151 0 1
1139173 7 -1
1139266 1 1
1139423 9 -1
1139466 11 1
1139530 6 -1
1139565 0 1
1139632 2 1
1139659 3 -1
1139713 4 -1
1139790 0 -1
1139806 1 1
1140068 3 1
1140084 10 1
1140138 0 1
1140315 2 -1
1140350 0 -1
1140378 1 1
1140390 6 1
1140524 5 -1
1140656 0 -1
1140694 3 1
1140717 1 1
1140723 8 1
1140777 4 -1
1140777 2 -1
1141083 7 1
1141087 1 -1
1141182 0 -1
1141296 3 1
1141438 1 -1
1141470 4 1
1141481 2 -1
1141486 5 1
1141701 3 -1
1141790 0 -1
1141820 6 -1
1141978 1 -1
1142172 4 -1
1142196 2 -1
1142320 3 -1
1142346 12 -1
1142379 0 -1
1142534 1 -1
1142615 9 -1
1142669 2 1
1142701 0 -1
1142712 3 -1
1142893 1 1
1142924 0 1
1142948 5 1
1143144 2 -1
1143152 3 -1
1143212 6 1
1143212 7 -1
1143236 4 1
1143462 1 -1
1143483 0 -1
1143572 8 1
1143604 2 1
1143754 3 -1
1143824 1 -1
1143929 4 -1
1144023 6 -1
1144039 0 -1
1144082 10 1
1144163 3 1
1144183 1 1
1144308 2 1
1144313 5 -1
1144378 0 -1
1144496 14 1
1144590 0 1
1144727 7 -1
1144731 1 -1
1144733 9 -1
1144765 3 -1
1144867 0 1
1145001 4 -1
1145026 2 1
1145102 1 -1
1145117 0 1
1145275 5 1
1145367 3 -1
1145388 6 -1
1145501 2 -1
1145515 0 -1
1145648 1 -1
1145813 3 -1
1146076 0 1
1146122 4 1
1146194 2 1
1146203 1 -1
1146205 3 -1
1146205 5 1
1146235 7 -1
1146313 6 -1
1146466 0 -1
1146576 1 -1
1146608 3 1
1146668 2 -1
1146689 0 1
1146710 8 1
1146831 4 1
1146917 0 1
1146936 1 1
1146984 10 -1
1147143 2 1
1147183 6 1
1147205 0 -1
1147226 5 1
1147229 3 1
1147287 1 -1
1147565 7 1
1147592 15 1
1147654 0 -1
1147678 11 1
1147831 3 1
1147834 2 -1
1147847 1 -1
1147944 4 -1
1148100 0 1
1148172 9 1
1148237 3 -1
1148307 2 1
1148334 0 1
1148391 1 -1
1148527 5 1
1148570 6 -1
1148678 8 -1
1148747 0 -1
1148753 12 -1
1148762 1 -1
1148839 3 -1
1148984 2 -1
1149068 4 1
1149137 0 1
1149247 3 1
1149316 1 -1
1149361 0 -1
1149505 6 1
1149637 3 1
1149672 2 1
1149726 1 1
1149758 4 -1
1149795 0 -1
1149806 7 1
1149935 13 1
1150048 5 -1
1150064 9 1
1150068 1 -1
1150166 2 -1
1150274 3 -1
1150290 0 -1
1150612 0 1
1150639 2 -1
1150644 1 1
1150666 3 -1
1150806 6 -1
1150842 4 1
1150897 0 -1
1150956 5 -1
1150999 1 -1
1151118 2 1
1151155 0 -1
1151268 3 -1
1151306 10 -1
1151400 0 1
1151440 8 1
1151527 1 -1
1151711 0 1
1151822 2 1
1151842 4 -1
1151870 3 -1
1151999 7 -1
1152059 0 -1
1152080 1 -1
1152182 6 -1
1152292 3 1
1152294 0 -1
1152316 5 1
1152444 1 1
1152515 9 -1
1152531 4 1
1152531 2 1
1152654 0 1
1152714 3 -1
1152799 1 -1
1152918 0 -1
1152998 2 1
1153127 6 -1
1153130 3 1
1153181 0 -1
1153184 1 -1
1153230 5 1
1153248 4 1
1153439 8 -1
1153450 7 -1
1153598 0 -1
1153692 2 1
1153732 3 1
1153752 1 -1
1153821 10 -1
1153842 0 -1
1153885 4 1
1154095 6 -1
1154170 5 1
1154278 0 -1
1154315 1 1
1154334 3 1
1154399 2 1
1154643 0 -1
1154663 1 -1
1154756 3 -1
1154861 2 1
1154922 6 1
1154923 0 -1
1155050 4 1
1155140 0 -1
1155232 1 1
1155385 3 -1
1155404 0 -1
1155438 8 -1
1155449 7 1
1155492 5 1
1155546 2 -1
1155632 11 -1
1155788 3 1
1155796 0 -1
1155800 1 -1
1156105 9 1
1156149 0 -1
1156167 4 -1
1156196 3 -1
1156219 1 1
1156250 2 -1
1156309 6 -1
1156391 0 -1
1156460 5 -1
1156530 10 -1
1156728 2 1
1156739 0 1
1156759 1 1
1156798 3 -1
1156922 12 1
1156953 4 1
1157046 7 -1
1157086 0 -1
1157223 3 1
1157299 1 1
1157309 0 1
1157438 2 1
1157636 1 -1
1157638 0 -1
1157696 6 -1
1157825 3 1
1157852 5 -1
1157914 2 -1
1157986 0 1
1158005 4 1
1158194 1 -1
1158198 0 -1
1158298 8 -1
1158373 2 -1
1158427 3 1
1158497 7 -1
1158534 9 1
1158553 1 1
1158620 0 -1
1158631 6 -1
1158742 4 1
1158816 3 1
1158865 0 1
1158912 1 -1
1159077 2 1
1159179 5 -1
1159195 0 -1
1159222 3 -1
1159399 4 1
1159492 1 -1
1159539 2 1
1159545 0 1
1159630 3 1
1159805 0 -1
1159839 1 1
1159932 16 -1
1159980 6 1
1160146 5 1
1160211 0 1
1160249 3 1
1160254 2 1
1160340 8 -1
1160353 1 1
1160468 4 -1
1160480 7 1
1160544 10 -1
1160662 14 -1
1160703 0 -1
1160850 3 1
1160867 6 -1
1160899 1 1
1160923 0 -1
1160963 2 1
1161028 5 -1
1161138 0 1
1161213 4 -1
1161221 13 -1
1161250 1 -1
1161259 3 -1
1161436 2 -1
1161517 0 -1
1161636 1 -1
1161780 0 -1
1161802 7 -1
1161877 3 -1
1161877 6 -1
1161912 2 1
1162016 1 -1
1162017 5 1
1162205 0 -1
1162277 4 -1
1162285 3 1
1162339 9 -1
1162374 2 1
1162531 1 1
1162675 3 1
1162802 0 1
1163027 12 -1
1163076 2 1
1163089 0 1
1163090 1 -1
1163102 6 -1
1163221 8 -1
1163269 4 1
1163277 3 1
1163355 0 1
1163366 10 -1
1163425 5 1
1163430 1 -1
1163629 11 1
1163683 3 -1
1163743 0 -1
1163764 2 -1
1163965 0 1
1163986 1 -1
1164015 4 1
1164027 7 1
1164080 6 -1
1164220 2 -1
1164285 3 -1
1164345 1 1
1164395 0 1
1164446 17 1
1164688 4 -1
1164740 1 1
1164898 5 1
1164908 3 -1
1164919 2 -1
1164974 0 -1
1165297 1 1
1165311 3 1
1165373 4 1
1165381 2 -1
1165424 6 -1
1165500 9 -1
1165567 0 1
1165684 1 -1
1165811 5 1
1165860 2 1
1165913 3 1
1166107 7 -1
1166163 0 -1
1166166 8 1
1166224 1 -1
1166445 4 1
1166515 3 1
1166539 0 1
1166580 2 1
1166736 1 1
1166757 6 1
1166800 0 -1
1166940 3 -1
1167042 2 1
1167141 1 -1
1167195 0 -1
1167252 5 1
1167445 7 1
1167461 0 1
1167473 1 -1
1167542 3 -1
1167638 4 1
1167660 6 -1
1167735 11 1
1167746 0 1
1167757 2 1
1167768 10 -1
1167800 12 1
1167834 1 -1
1167886 9 -1
1168144 3 -1
1168176 5 1
1168230 8 -1
1168351 0 -1
1168364 4 1
1168390 1 -1
1168455 2 1
1168552 3 1
1168660 6 -1
1168720 0 -1
1168912 1 1
1168931 2 -1
1168942 3 1
1169025 0 -1
1169122 5 -1
1169299 1 1
1169348 3 -1
1169484 4 1
1169485 0 1
1169493 7 -1
1169541 6 1
1169619 2 1
1169783 0 1
1169874 1 -1
1169992 3 1
1170089 0 1
1170206 4 1
1170218 8 1
1170246 1 -1
1170294 9 -1
1170320 2 1
1170465 15 -1
1170519 5 1
1170594 3 1
1170631 1 -1
1170643 0 1
1170788 2 1
1170863 6 -1
1170936 4 1
1170984 3 1
1171166 1 -1
1171191 0 1
1171487 2 1
1171508 7 -1
1171527 0 1
1171530 5 1
1171536 1 -1
1171599 3 1
1171669 11 -1
1171809 0 1
1171968 4 1
1172008 3 -1
1172067 0 -1
1172072 1 -1
1172110 8 -1
1172199 2 1
1172218 6 -1
1172250 10 -1
1172312 0 1
1172435 3 1
1172604 13 -1
1172633 1 1
1172673 4 1
1172674 2 -1
1172680 0 1
1172680 9 1
1172846 7 1
1172900 5 -1
1172987 1 -1
1173037 3 1
1173131 2 -1
1173153 6 -1
1173233 0 1
1173366 1 -1
1173443 3 -1
1173588 2 -1
1173733 4 1
1173745 1 -1
1173782 0 -1
1173819 12 -1
1174061 3 -1
1174117 0 -1
1174289 1 1
1174298 2 -1
1174322 0 -1
1174356 5 -1
1174464 6 -1
1174690 3 -1
1174801 4 1
1174846 1 -1
1174921 0 1
1174958 8 -1
1174994 2 -1
1175055 7 -1
1175056 10 -1
1175093 3 1
1175204 1 1
1175254 0 1
1175329 5 1
1175399 6 -1
1175450 4 1
1175453 2 -1
1175482 0 1
1175501 3 -1
1175777 1 -1
1175808 0 -1
1175894 3 -1
1176031 0 1
1176098 9 -1
1176160 1 1
1176173 2 -1
1176176 4 1
1176194 5 -1
1176272 0 1
1176334 6 1
1176470 1 1
1176528 3 1
1176598 0 -1
1176649 2 -1
1176818 0 1
1176853 4 -1
1176990 1 1
1177087 14 -1
1177098 5 -1
1177124 2 1
1177130 3 1
1177151 0 -1
1177232 7 1
1177377 1 1
1177484 0 -1
1177519 3 1
1177721 6 -1
1177748 0 1
1177812 2 -1
1177818 8 -1
1177861 10 -1
1177917 1 1
1177957 4 1
1177991 0 -1
1178121 3 1
1178183 13 -1
1178224 0 1
1178291 2 1
1178494 1 -1
1178495 5 1
1178597 0 -1
1178635 7 1
1178645 6 -1
1178723 3 1
1178828 1 -1
1178946 9 -1
1178995 2 1
1179129 3 -1
1179134 4 1
1179231 0 1
1179376 1 1
1179430 11 -1
1179683 2 -1
1179752 3 -1
1179774 8 1
1179790 0 1
1179822 5 -1
1179838 12 -1
1179852 4 1
1179908 1 -1
1179941 7 -1
1180037 6 1
1180075 0 -1
1180156 2 1
1180267 1 1
1180354 3 -1
1180384 0 -1
1180537 10 1
1180623 2 1
1180757 3 1
1180784 5 -1
1180823 1 1
1180876 4 1
1180943 0 1
1181096 2 -1
1181150 9 1
1181327 7 -1
1181354 6 1
1181378 3 1
1181396 1 -1
1181443 0 -1
1181545 4 -1
1181779 1 1
1181779 2 1
1181784 3 -1
1181828 0 -1
1182070 0 -1
1182105 1 1
1182182 5 -1
1182217 3 1
1182321 6 1
1182335 4 1
1182418 0 1
1182472 1 -1
1182507 2 -1
1182687 8 -1
1182818 3 1
1182966 2 -1
1183009 0 1
1183048 1 1
1183224 3 -1
1183343 16 -1
1183408 0 -1
1183472 4 -1
1183541 5 1
1183568 7 1
1183588 1 1
1183590 6 1
1183649 0 -1
1183665 13 -1
1183670 2 -1
1183842 3 -1
1183880 15 -1
1183931 1 -1
1183996 0 1
1184009 12 1
1184138 2 -1
1184149 4 1
1184229 0 1
1184364 9 -1
1184460 5 1
1184481 1 -1
1184482 3 1
1184516 0 -1
1184606 2 1
1184654 8 1
1184834 0 -1
1184854 1 1
1184872 3 1
1184907 10 1
1185041 6 1
1185100 0 1
1185209 1 -1
1185249 4 -1
1185277 3 -1
1185320 2 -1
1185342 14 -1
1185549 0 1
1185632 7 1
1185686 3 1
1185777 2 -1
1185789 1 1
1185858 5 -1
1185944 6 -1
1186102 0 1
1186156 1 -1
1186288 3 -1
1186297 4 -1
1186352 0 1
1186506 2 1
1186581 0 1
1186610 8 -1
1186755 1 -1
1186890 3 -1
1186929 0 -1
1187027 4 -1
1187116 7 1
1187150 0 1
1187196 2 -1
1187255 6 1
1187285 1 -1
1187293 3 1
1187298 5 -1
1187406 11 1
1187548 0 1
1187656 1 1
1187669 2 1
1187736 4 1
1187895 3 1
1188014 1 1
1188112 0 1
1188137 2 1
1188158 9 -1
1188222 5 -1
1188303 3 -1
1188378 0 1
1188381 1 1
1188470 4 1
1188610 2 -1
1188631 6 1
1188677 0 -1
1188696 3 -1
1188938 1 1
1189002 10 -1
1189228 7 1
1189268 0 1
1189311 2 -1
1189335 3 1
1189504 1 -1
1189518 4 1
1189534 6 1
1189556 8 1
1189668 5 -1
1189744 3 -1
1189840 1 -1
1189913 0 -1
1189975 2 -1
1190157 12 -1
1190346 3 -1
1190372 17 1
1190383 6 1
1190394 9 1
1190409 1 1
1190450 2 1
1190472 0 1
1190550 7 -1
1190606 4 -1
1190630 5 1
1190724 0 1
1190761 1 -1
1190958 3 -1
1190993 0 1
1191132 1 -1
1191157 2 1
1191243 4 -1
1191329 6 1
1191372 3 1
1191522 5 1
1191574 0 1
1191614 2 1
1191641 8 1
1191674 1 -1
1191807 10 -1
1191990 3 1
1192017 7 -1
1192049 1 -1
1192108 2 -1
1192143 0 1
1192315 4 -1
1192572 0 -1
1192592 3 1
1192598 1 -1
1192769 6 -1
1192823 2 -1
1192866 0 1
1192984 5 1
1193000 3 -1
1193146 1 -1
1193167 0 1
1193280 2 -1
1193396 4 1
1193396 0 -1
1193508 1 -1
1193597 14 -1
1193618 3 -1
1193756 0 -1
1193866 5 1
1193879 1 1
1193987 2 -1
1194048 6 1
1194071 0 -1
1194129 4 1
1194244 1 1
1194264 3 1
1194264 9 1
1194306 7 -1
1194313 0 -1
1194328 12 1
1194522 8 1
1194642 0 1
1194653 3 1
1194694 2 -1
1194790 13 1
1194810 1 1
1194863 0 -1
1194941 6 1
1195059 3 -1
1195114 0 -1
1195145 2 -1
1195199 5 1
1195274 4 1
1195373 1 -1
1195443 0 1
1195446 11 -1
1195467 3 1
1195602 2 -1
1195664 0 -1
1195742 10 -1
1195750 1 1
1195790 7 -1
1196021 0 -1
1196069 3 -1
1196080 2 1
1196306 1 -1
1196338 4 1
1196368 0 1
1196370 6 1
1196592 0 -1
1196607 5 1
1196669 1 1
1196671 3 -1
1196792 2 1
1196822 0 -1
1197007 4 1
1197035 1 1
1197045 0 1
1197074 3 1
1197123 15 1
1197252 9 -1
1197316 6 1
1197364 0 1
1197402 8 1
1197477 2 -1
1197563 5 1
1197592 1 -1
1197676 3 1
1197719 0 1
1197854 7 -1
1197942 0 -1
1197942 1 1
1197953 2 1
1198085 3 -1
1198122 6 1
1198200 4 1
1198284 12 1
1198286 0 1
1198477 3 -1
1198494 1 -1
1198525 5 -1
1198646 0 1
1198660 2 1
1198867 0 -1
1198942 4 -1
1199035 1 -1
1199114 3 1
1199208 11 1
1199224 0 -1
1199230 9 -1
1199369 2 1
1199373 1 -1
1199412 8 1
1199434 5 -1
1199520 3 -1
1199544 0 -1
1199552 6 1
1199667 4 1
1199752 1 -1
1199783 0 -1
1199845 2 -1
1199853 10 -1
1199925 7 -1
1200046 16 1
1200103 0 -1
1200122 3 -1
1200127 1 1
1200175 17 -1
1200345 0 -1
1200444 6 1
1200533 2 1
1200568 0 1
1200671 1 1
1200729 3 -1
1200748 4 -1
1200897 0 -1
1200906 5 -1
1201127 0 1
1201132 3 -1
1201233 1 -1
1201240 7 -1
1201240 2 1
1201453 4 -1
1201489 0 1
1201535 3 1
1201630 1 -1
1201696 2 1
1201850 0 1
1201874 6 1
1201944 3 -1
1202003 9 1
1202046 0 1
1202144 1 -1
1202279 0 1
1202293 8 1
1202325 5 -1
1202400 4 -1
1202432 2 -1
1202524 0 1
1202545 3 -1
1202562 10 -1
1202626 7 -1
1202646 1 1
1202846 0 1
1202906 2 -1
1203049 1 -1
1203147 3 -1
1203185 11 -1
1203196 6 -1
1203201 0 1
1203260 5 -1
1203362 2 -1
1203405 0 -1
1203505 4 1
1203540 3 -1
1203606 1 -1
1203752 0 1
1203894 9 1
1203982 0 -1
1204061 7 -1
1204069 2 -1
1204109 6 1
1204178 1 1
1204179 3 1
1204224 0 -1
1204254 4 1
1204545 2 1
1204549 1 1
1204572 0 1
1204588 3 -1
1204679 5 -1
1204773 0 -1
1204956 4 1
1204980 3 -1
1205098 6 1
1205103 1 -1
1205133 0 -1
1205230 2 -1
1205249 8 -1
1205292 18 -1
1205460 0 -1
1205480 1 -1
1205603 5 -1
1205614 3 1
1205710 4 1
1205732 0 -1
1205862 9 1
1205869 1 -1
1205878 6 1
1205937 2 -1
1205974 0 1
1206004 3 1
1206044 13 -1
1206176 0 -1
1206302 7 1
1206387 1 1
1206412 2 1
1206557 0 1
1206560 5 1
1206606 3 1
1206758 1 -1
1206818 4 -1
1206850 10 -1
1206874 2 1
1206882 15 1
1207162 8 1
1207192 0 -1
1207205 12 1
1207208 3 1
1207269 6 -1
1207306 1 -1
1207350 2 -1
1207613 3 -1
1207767 0 1
1207785 4 -1
1207878 1 1
1208022 3 1
1208035 2 1
1208038 0 1
1208065 5 -1
1208221 1 -1
1208342 7 1
1208362 0 -1
1208412 3 1
1208531 4 1
1208580 1 1
1208667 6 1
1208667 9 1
1208702 0 1
1208742 2 1
1208950 1 -1
1208952 5 -1
1208987 0 -1
1209048 3 -1
1209199 2 1
1209314 0 1
1209511 1 1
1209551 4 -1
1209591 6 1
1209650 3 -1
1209658 0 -1
1209817 7 1
1209899 0 -1
1209927 2 -1
1209978 14 -1
1210043 3 -1
1210071 1 -1
1210118 0 1
1210118 8 -1
1210333 4 -1
1210357 0 1
1210376 5 1
1210387 2 -1
1210442 1 1
1210677 3 1
1210689 0 -1
1210870 2 -1
1210902 6 1
1211010 1 1
1211026 4 1
1211032 0 1
1211066 3 1
1211074 11 1
1211139 10 1
1211225 9 -1
1211242 0 -1
1211385 1 -1
1211515 3 1
1211553 2 1
1211590 0 -1
1211752 1 1
1211789 5 1
1211814 0 1
1211848 6 -1
1212028 0 -1
1212031 2 -1
1212050 4 1
1212117 3 1
1212155 7 -1
1212308 1 1
1212381 0 -1
1212507 3 1
1212598 0 1
1212683 1 -1
1212714 5 1
1212741 6 1
1212741 2 -1
1212743 4 1
1212941 0 -1
1212988 8 -1
1213122 3 1
1213231 1 -1
1213275 0 1
1213450 2 -1
1213517 0 1
1213552 5 -1
1213762 3 -1
1213771 1 -1
1213820 4 -1
1213842 0 1
1213926 2 1
1214009 10 1
1214084 6 1
1214158 1 1
1214170 3 1
1214184 0 1
1214251 7 -1
1214342 9 1
1214388 2 1
1214404 0 -1
1214546 5 1
1214560 3 1
1214688 1 1
1214735 0 1
1214864 2 -1
1214900 4 1
1214966 3 -1
1214976 6 1
1215030 8 -1
1215076 0 -1
1215263 1 -1
1215299 0 1
1215438 12 1
1215549 2 1
1215552 0 -1
1215584 3 -1
1215642 1 -1
1215658 4 1
1215769 0 1
1215799 7 -1
1215858 5 1
1216089 0 1
1216186 3 -1
1216186 1 -1
1216234 2 -1
1216342 6 -1
1216355 4 1
1216438 0 1
1216578 3 -1
1216642 0 1
1216707 2 1
1216768 1 -1
1216965 8 -1
1217000 0 1
1217008 13 -1
1217109 1 1
1217113 4 1
1217137 16 1
1217180 3 -1
1217215 0 -1
1217287 5 1
1217374 9 -1
1217395 2 -1
1217438 0 -1
1217476 1 -1
1217760 6 -1
1217779 0 1
1217782 3 -1
1217832 1 1
1217879 7 1
1217884 2 1
1217943 10 1
1218024 0 1
1218157 4 1
1218185 3 1
1218201 5 1
1218365 0 -1
1218376 2 -1
1218398 1 -1
1218642 6 1
1218696 0 1
1218830 3 -1
1218889 8 1
1218917 0 -1
1218961 1 1
1219066 2 1
1219093 11 -1
1219152 0 -1
1219179 9 1
1219249 4 1
1219316 1 -1
1219365 0 1
1219432 3 -1
1219545 2 -1
1219566 6 -1
1219620 5 1
1219707 0 -1
1219824 3 -1
1219914 1 -1
1219934 4 -1
1219958 7 -1
1219996 15 -1
1220036 0 1
1220254 2 -1
1220257 0 -1
1220281 1 1
1220458 3 1
1220480 6 1
1220582 5 -1
1220609 0 -1
1220684 1 -1
1220700 10 1
1220848 3 1
1220931 2 1
1220950 0 1
1221087 4 -1
1221176 0 -1
1221220 1 -1
1221264 9 -1
1221275 3 -1
1221329 7 1
1221407 2 -1
1221415 12 1
1221442 5 1
1221512 0 1
1221579 1 1
1221759 8 1
1221768 4 1
1221846 0 -1
1221866 6 1
1221872 2 -1
1221877 3 -1
1222071 0 -1
1222119 1 1
1222280 3 1
1222345 2 1
1222412 0 1
1222433 4 1
1222627 0 -1
1222669 1 1
1222683 13 1
1222861 0 -1
1222901 3 1
1222930 5 1
1223024 1 -1
1223033 2 -1
1223135 10 1
1223202 0 1
1223253 6 -1
1223393 1 1
1223422 0 -1
1223543 3 -1
1223554 4 1
1223554 7 -1
1223672 9 -1
1223747 2 -1
1223756 1 -1
1223774 0 -1
1223871 5 -1
1223952 3 1
1224094 0 -1
1224145 6 1
1224210 18 -1
1224220 2 1
1224304 4 1
1224340 0 -1
1224341 3 1
1224344 1 1
1224551 0 1
1224726 8 -1
1224747 3 -1
1224764 0 -1
1224888 1 1
1224908 2 -1
1225053 7 1
1225107 0 1
1225236 5 1
1225259 1 1
1225319 4 -1
1225365 3 -1
1225384 2 1
1225443 0 -1
1225499 12 -1
1225542 6 -1
1225680 0 -1
1225799 1 1
1225857 2 -1
1225967 3 -1
1226032 0 -1
1226252 0 1
1226331 1 1
1226335 7 -1
1226351 4 -1
1226359 3 -1
1226381 6 1
1226413 9 -1
1226479 0 -1
1226488 14 -1
1226569 2 1
1226623 5 -1
1226628 8 1
1226706 1 1
1226808 0 1
1226918 11 -1
1226961 3 -1
1227037 2 1
1227042 0 1
1227105 4 -1
1227242 1 1
1227273 6 1
1227364 3 1
1227399 0 -1
1227424 10 -1
1227499 5 1
1227735 2 1
1227773 3 -1
1227794 4 1
1227810 1 -1
1228004 0 1
1228173 1 1
1228359 0 -1
1228386 5 1
1228412 3 1
1228423 13 -1
1228445 2 1
1228512 4 1
1228560 7 -1
1228665 0 1
1228702 6 1
1228766 1 1
1228802 3 1
1228920 2 -1
1229071 0 -1
1229133 1 -1
1229358 5 -1
1229404 3 1
1229491 1 1
1229506 0 -1
1229560 4 1
1229595 8 -1
1229632 2 -1
1229648 6 1
1229713 12 1
1229818 0 1
1229864 9 1
1229971 7 1
1230019 3 1
1230052 10 1
1230064 1 -1
1230277 0 -1
1230326 2 1
1230428 3 -1
1230447 1 1
1230541 0 -1
1230543 4 -1
1230734 5 1
1230799 2 -1
1230842 0 -1
1230858 3 1
1230938 6 1
1230958 1 -1
1231003 11 -1
1231266 3 -1
1231293 4 -1
1231411 0 1
1231454 8 -1
1231476 2 1
1231513 1 1
1231868 3 -1
1231870 1 -1
1231943 0 -1
1231960 9 -1
1232019 7 1
1232083 5 -1
1232164 2 -1
1232273 1 1
1232325 6 -1
1232389 4 1
1232486 3 -1
1232510 0 -1
1232619 1 -1
1232639 2 1
1232768 0 -1
1232895 3 1
1233010 4 1
1233024 5 -1
1233104 0 -1
1233115 2 -1
1233131 1 1
1233153 31 -1
1233174 6 1
1233497 8 -1
1233513 3 1
1233596 2 1
1233668 12 1
1233679 1 1
1233693 0 -1
1233736 4 1
1233921 3 -1
1234054 1 -1
1234142 6 1
1234171 7 -1
1234270 0 1
1234292 10 -1
1234303 2 -1
1234314 3 -1
1234432 5 1
1234606 1 1
1234800 4 1
1234874 0 -1
1234948 3 1
1234997 1 -1
1235012 6 1
1235012 2 -1
1235066 11 -1
1235128 0 -1
1235318 1 -1
1235337 3 1
1235383 0 -1
1235388 5 -1
1235469 2 -1
1235477 4 -1
1235526 7 1
1235723 0 -1
1235732 9 1
1235852 1 -1
1235939 3 1
1235966 0 1
1236173 2 -1
1236255 1 1
1236291 17 1
1236340 5 1
1236345 8 -1
1236399 6 -1
1236412 0 1
1236541 3 1
1236573 4 1
1236630 2 -1
1236767 0 -1
1236811 1 1
1236947 3 -1
1236985 7 1
1237077 0 -1
1237103 2 1
1237351 1 1
1237355 3 1
1237409 0 1
1237538 9 -1
1237616 0 -1
1237714 4 1
1237726 1 1
1237732 6 1
1237745 3 1
1237791 2 -1
1237807 5 1
1238054 15 1
1238057 0 1
1238085 1 -1
1238269 2 1
1238291 8 1
1238307 7 -1
1238387 3 -1
1238436 4 1
1238438 1 1
1238557 0 -1
1238720 5 1
1238721 6 1
1238823 10 -1
1238928 0 1
1238981 2 1
1238984 1 1
1239097 3 1
1239156 0 1
1239301 9 -1
1239403 0 1
1239516 4 1
1239532 1 1
1239543 3 1
1239626 0 -1
1239677 2 -1
1239903 13 1
1239919 1 1
1239954 0 1
1240107 6 -1
1240150 5 1
1240153 2 1
1240302 0 -1
1240311 3 1
1240376 12 -1
1240488 1 1
1240513 0 1
1240548 7 1
1240588 4 -1
1240628 2 -1
1240757 3 1
1240842 1 -1
1240873 0 1
1241085 2 -1
1241093 0 -1
1241171 8 1
1241220 3 -1
1241225 1 -1
1241354 6 -1
1241362 4 -1
1241377 0 -1
1241402 10 1
1241558 5 -1
1241765 1 -1
1241795 2 -1
1241908 3 -1
1241953 0 -1
1242128 1 -1
1242311 6 -1
1242375 3 1
1242466 4 1
1242494 9 1
1242499 2 -1
1242504 5 1
1242528 0 -1
1242580 7 1
1242692 1 -1
1242961 2 -1
1242999 14 -1
1243063 3 1
1243084 11 1
1243085 0 -1
1243240 1 -1
1243329 0 1
1243531 4 -1
1243560 0 -1
1243587 1 1
1243670 2 -1
1243676 6 -1
1243708 3 -1
1243883 0 -1
1243955 5 1
1243962 1 1
1244014 7 1
1244095 8 -1
1244111 3 1
1244127 10 -1
1244144 2 1
1244178 0 1
1244280 4 1
1244333 1 -1
1244584 0 -1
1244606 2 1
1244676 9 -1
1244713 3 1
1244901 1 1
1244925 0 -1
1244974 4 -1
1245073 6 1
1245232 0 -1
1245315 2 1
1245363 5 1
1245374 3 -1
1245466 1 -1
1245699 0 -1
1245732 4 -1
1245793 2 -1
1245796 1 1
1245836 3 1
1245992 6 1
1246051 8 1
1246167 7 1
1246245 0 1
1246256 5 1
1246320 1 1
1246481 12 1
1246497 2 -1
1246524 3 1
1246707 1 1
1246800 4 1
1246801 0 -1
1246997 10 -1
1247078 1 -1
1247132 0 1
1247158 2 -1
1247212 3 1
1247309 6 1
1247376 0 1
1247578 7 1
1247594 0 -1
1247615 2 -1
1247634 1 1
1247658 3 1
1247750 9 1
1247760 5 1
1247838 0 1
1247884 4 1
1247981 1 -1
1248008 8 -1
1248088 2 1
1248120 3 -1
1248172 0 1
1248276 6 1
1248545 1 1
1248567 2 -1
1248585 4 1
1248588 3 1
1248763 0 -1
1249013 7 1
1249093 6 -1
1249093 1 1
1249109 5 -1
1249281 2 -1
1249284 0 1
1249322 3 1
1249472 1 -1
1249547 0 1
1249706 4 -1
1249822 0 1
1249924 3 1
1249932 8 1
1249975 2 1
1249996 5 -1
1250020 1 -1
1250329 3 -1
1250448 2 -1
1250456 4 1
1250458 0 -1
1250480 16 1
1250490 6 1
1250593 1 1
1250695 12 -1
1250867 14 1
1250920 5 -1
1250947 3 -1
1250952 1 -1
1250980 0 -1
1251060 13 -1
1251082 9 1
1251109 7 -1
1251125 11 -1
1251125 17 1
1251149 2 -1
1251189 4 1
1251318 10 -1
1251364 0 -1
1251375 3 1
1251415 6 -1
1251524 1 1
1251582 0 -1
1251619 2 -1
1251780 3 -1
1251783 0 -1
1251845 5 -1
1252046 0 -1
1252060 2 -1
1252064 1 1
1252278 4 -1
1252382 3 -1
1252388 0 1
1252419 1 -1
1252447 7 1
1252724 0 1
1252764 2 -1
1252769 6 1
1252791 3 1
1252804 1 -1
1252888 8 -1
1253011 4 -1
1253025 0 -1
1253128 1 -1
1253215 5 1
1253232 2 -1
1253232 9 -1
1253393 3 -1
1253503 0 -1
1253700 1 1
1253809 0 -1
1253930 2 -1
1254032 3 1
1254070 0 1
1254075 4 -1
1254102 6 1
1254233 1 -1
1254441 3 -1
1254446 7 1
1254608 1 -1
1254640 2 -1
1254650 5 1
1254673 0 -1
1254833 3 -1
1255027 0 -1
1255064 6 1
1255096 2 -1
1255184 1 1
1255196 4 -1
1255236 3 1
1255250 0 1
1255398 10 1
1255510 5 -1
1255555 1 -1
1255570 0 1
1255575 2 1
1255747 8 -1
1255814 0 1
1255857 3 1
1255881 4 1
1255922 1 1
1255983 6 -1
1256032 2 1
