Input scale (32 bit):
 363802752
Input zero point:
 122
Hidden scale (32 bit):
 34394820
Hidden zero point:
 128
Weight input scale (32 bit):
 25402112
Weight input zero point:
 134
Weight hidden scale (32 bit):
 35145232
Weight hidden zero point:
 132
Output linear scale (32 bit):
 426620192
Output linear zero point:
 123
Output sigmoid r scale (32 bit):
 16843010
Output sigmoid r zero point:
 0
Output sigmoid z scale (32 bit):
 16843010
Output sigmoid z zero point:
 0
Output tanh n scale (32 bit):
 33686020
Output tanh n zero point:
 127
Output r_hn scale (32 bit):
 381448640
Output r_hn zero point:
 138
Output z_n scale (32 bit):
 33553920
Output z_n zero point:
 127
Output z_h scale (32 bit):
 33718716
Output z_h zero point:
 126
Scale ih (32 bit):
 21661794
Scale hh (32 bit):
 2833466
Scale r_hn (32 bit):
 18837578
Scale z_n (32 bit):
 16909320
Scale z_h (32 bit):
 17180734
Scale new_h_zn (32 bit):
 4189961984
Scale new_h_zh (32 bit):
 4210540544
Weight_ih (8 bit):
weight_ih[0] = {14, -12, 20, 20, 0, 0, 41, -25, 12, 35, 28, -1, 0, -37, 0, 7, 2, 0, 0, 2, 37, 0, 50, -3, 0, 0, 19, 0, 28, 11, 0, 0, 0, 13, 0, -23, 0, -10, -27, -14, -13, 0, 19, 0, 0, -64, 0, 0, 17, 10, -12, 24, 22, 0, 1, -7, 4, -10, 12, 0, 28, 0, 0, 28, 0, -7, -13, 0, 0, 7, -32, 5};
weight_ih[1] = {36, -10, -4, -14, 0, 0, -10, 44, 8, 2, 56, -12, 0, 8, 0, 15, -20, 0, 0, 41, -52, 0, -8, -3, 0, 0, 17, 0, -5, 35, 0, 0, 0, 51, 0, 7, 0, 42, 31, -13, -36, 0, 21, 0, 0, -35, 0, 0, 28, 38, -6, -3, 6, 0, 5, 22, 3, -4, -3, 0, 11, 0, 0, 20, 0, 39, -5, 0, 0, 5, 14, 10};
weight_ih[2] = {8, -2, 9, 3, 0, 0, 18, -17, 30, -16, -43, 20, 0, 23, 0, 28, -16, 0, 0, -24, 5, 0, 6, 19, 0, 0, -11, 0, 13, -6, 0, 0, 0, -1, 0, -3, 0, -17, 5, -1, -3, 0, 15, 0, 0, 23, 0, 0, 2, 44, 4, 38, 3, 0, 2, -56, 8, -5, -4, 0, -16, 0, 0, 24, 0, -8, 1, 0, 0, -9, 1, 44};
weight_ih[3] = {9, 16, 30, 24, 0, 0, 11, -7, 27, -2, 1, -15, 0, 9, 0, 13, 60, 0, 0, 27, 7, 0, 45, 9, 0, 0, 16, 0, -31, -2, 0, 0, 0, -16, 0, 19, 0, -3, 33, 8, -8, 0, 26, 0, 0, 37, 0, 0, 6, 30, 15, -20, -17, 0, 7, 3, 24, -16, -1, 0, -10, 0, 0, 7, 0, 6, 7, 0, 0, -1, 15, 21};
weight_ih[4] = {6, -7, 6, 4, 0, 0, -8, 17, 54, 7, -30, 10, 0, 55, 0, 8, 12, 0, 0, -18, 30, 0, 15, 21, 0, 0, 10, 0, -41, 23, 0, 0, 0, -7, 0, 12, 0, 26, -1, 19, 33, 0, 12, 0, 0, 27, 0, 0, -5, 27, 1, 20, -8, 0, 30, 0, 10, 12, 29, 0, 15, 0, 0, 7, 0, 2, -5, 0, 0, 1, -1, 1};
weight_ih[5] = {-1, 1, 3, 1, 0, 0, 3, 1, 12, 4, 5, 0, 0, 2, 0, 2, 1, 0, 0, 4, 1, 0, 1, 1, 0, 0, 2, 0, 5, 5, 0, 0, 0, 1, 0, 2, 0, 0, 2, 3, 4, 0, 2, 0, 0, 0, 0, 0, 1, 4, 1, 4, 2, 0, 5, -1, 3, 1, -1, 0, 1, 0, 0, 0, 0, 3, 0, 0, 0, 0, 2, 1};
weight_ih[6] = {-1, 1, 3, 1, 0, 0, 3, 2, 11, 4, 5, 0, 0, 3, 0, 2, 1, 0, 0, 5, 1, 0, 1, 2, 0, 0, 2, 0, 4, 5, 0, 0, 0, 1, 0, 1, 0, 1, 2, 3, 4, 0, 2, 0, 0, 1, 0, 0, 1, 4, 1, 3, 2, 0, 5, 0, 3, 1, 0, 0, 1, 0, 0, 1, 0, 3, 0, 0, 0, 0, 2, 1};
weight_ih[7] = {5, 11, -2, 5, 0, 0, 0, 14, 19, 10, 33, 6, 0, -18, 0, 10, 9, 0, 0, 14, 0, 0, 6, -2, 0, 0, 6, 0, 1, 6, 0, 0, 0, 4, 0, 4, 0, 17, -6, -2, -14, 0, 3, 0, 0, -6, 0, 0, -5, -19, 0, 7, 2, 0, 14, 30, -4, -13, 5, 0, 6, 0, 0, 5, 0, 16, 3, 0, 0, -1, -5, 1};
weight_ih[8] = {14, -14, 20, 14, 0, 0, 29, -1, 21, 10, 1, 1, 0, -24, 0, 8, -6, 0, 0, -6, -8, 0, -2, 10, 0, 0, -6, 0, 14, 7, 0, 0, 0, 13, 0, -19, 0, -17, -31, -8, -8, 0, 15, 0, 0, -27, 0, 0, -5, 16, -3, 16, -10, 0, 21, 13, -15, -13, 0, 0, 15, 0, 0, 11, 0, 0, -3, 0, 0, 5, 16, -14};
weight_ih[9] = {11, -8, 12, 3, 0, 0, -21, 11, 17, 11, 24, -2, 0, 6, 0, 2, 10, 0, 0, -8, 25, 0, -15, 2, 0, 0, 25, 0, 30, -3, 0, 0, 0, -8, 0, 19, 0, 19, 25, 14, -10, 0, -14, 0, 0, 8, 0, 0, -4, -17, 9, 12, 5, 0, -7, 18, -2, -6, 23, 0, 7, 0, 0, -14, 0, 6, -4, 0, 0, -3, 30, -3};
weight_ih[10] = {-27, 15, 26, 24, 0, 0, 9, 10, 23, 15, 15, -7, 0, 39, 0, -4, 12, 0, 0, 22, 2, 0, 33, -17, 0, 0, -12, 0, -13, 4, 0, 0, 0, 14, 0, 18, 0, -3, -25, 15, -1, 0, 19, 0, 0, 10, 0, 0, 13, 37, -4, -7, -2, 0, 18, -31, -34, 35, 7, 0, -21, 0, 0, 11, 0, 9, -6, 0, 0, 4, 24, -23};
weight_ih[11] = {-18, 10, 5, 8, 0, 0, 16, 10, 9, -7, 38, 14, 0, 27, 0, 8, -14, 0, 0, -46, 17, 0, 63, 10, 0, 0, 7, 0, -4, 15, 0, 0, 0, 27, 0, 5, 0, -5, 14, 9, 16, 0, 14, 0, 0, -33, 0, 0, 3, 5, 9, 31, 3, 0, -3, -18, 32, 10, -4, 0, 0, 0, 0, -26, 0, -14, -10, 0, 0, -3, -31, -12};
weight_ih[12] = {6, -7, 1, 5, 0, 0, -20, 15, 0, 1, 11, -2, 0, 0, 0, 2, -22, 0, 0, -13, 13, 0, -23, -20, 0, 0, 1, 0, 41, -1, 0, 0, 0, 22, 0, -11, 0, 18, 1, -1, 19, 0, -18, 0, 0, 13, 0, 0, 1, -6, 13, 30, -30, 0, 11, -2, -24, -11, 10, 0, 22, 0, 0, 17, 0, -24, -7, 0, 0, -1, -41, 2};
weight_ih[13] = {34, -20, -1, -8, 0, 0, 37, 44, 5, 0, -34, -4, 0, -5, 0, 4, -50, 0, 0, 58, 16, 0, -9, 18, 0, 0, 42, 0, -30, -6, 0, 0, 0, 13, 0, -18, 0, -4, 1, 11, 2, 0, -18, 0, 0, 52, 0, 0, 0, -23, 5, 19, 15, 0, 30, 44, 7, -18, 5, 0, -11, 0, 0, 6, 0, 38, 10, 0, 0, 3, 59, 3};
weight_ih[14] = {21, -4, -8, -27, 0, 0, 19, -11, -5, 3, 25, -6, 0, -37, 0, 1, 18, 0, 0, 21, 7, 0, 61, 18, 0, 0, 4, 0, -12, 5, 0, 0, 0, -2, 0, 33, 0, -3, 31, -3, 21, 0, 14, 0, 0, -36, 0, 0, -1, 11, -4, -22, -3, 0, 15, 10, 17, 11, -16, 0, 3, 0, 0, 7, 0, 29, 4, 0, 0, 0, 10, 8};
weight_ih[15] = {-1, 1, 2, 1, 0, 0, 3, 1, 12, 4, 5, 0, 0, 2, 0, 2, 0, 0, 0, 4, 1, 0, 1, 1, 0, 0, 2, 0, 4, 5, 0, 0, 0, 1, 0, 2, 0, 1, 1, 3, 3, 0, 2, 0, 0, 0, 0, 0, 1, 3, 0, 4, 1, 0, 5, 0, 3, 1, -1, 0, 1, 0, 0, 0, 0, 2, 0, 0, 0, 1, 2, 1};
weight_ih[16] = {-8, -1, 4, 11, 0, 0, -19, 27, 10, 29, -2, 12, 0, 27, 0, -6, -18, 0, 0, -40, 3, 0, -14, -5, 0, 0, -2, 0, -11, 25, 0, 0, 0, 9, 0, 11, 0, 13, -5, 14, 21, 0, -4, 0, 0, 46, 0, 0, 5, 22, 8, -4, 6, 0, 11, -12, -32, 11, 54, 0, 30, 0, 0, 2, 0, -31, 9, 0, 0, 8, -34, 6};
weight_ih[17] = {-1, 1, 3, 1, 0, 0, 3, 2, 11, 3, 5, 0, 0, 3, 0, 2, 0, 0, 0, 4, 2, 0, 0, 2, 0, 0, 2, 0, 5, 5, 0, 0, 0, 1, 0, 2, 0, 0, 1, 3, 4, 0, 2, 0, 0, 1, 0, 0, 1, 4, 0, 4, 2, 0, 4, 0, 2, 1, -1, 0, 1, 0, 0, 0, 0, 2, 0, 0, 0, 1, 1, 1};
weight_ih[18] = {-3, -12, 14, 4, 0, 0, 11, -9, 22, -8, 5, 2, 0, 17, 0, 15, 27, 0, 0, 9, -18, 0, 43, 3, 0, 0, 2, 0, -20, 11, 0, 0, 0, 36, 0, -2, 0, -28, -35, 0, 32, 0, 4, 0, 0, -29, 0, 0, 4, 20, -10, 10, -7, 0, 5, -8, -9, 0, -9, 0, -1, 0, 0, -7, 0, 4, 3, 0, 0, -1, 18, 2};
weight_ih[19] = {-3, -3, 13, 1, 0, 0, 4, -1, 28, -1, -25, 1, 0, 22, 0, 9, 3, 0, 0, 10, 1, 0, 1, 1, 0, 0, 9, 0, -11, 7, 0, 0, 0, 28, 0, -1, 0, -6, 3, 10, 16, 0, 3, 0, 0, -2, 0, 0, 4, 16, 3, -10, 2, 0, 13, -8, 6, 1, 0, 0, 4, 0, 0, 2, 0, 20, 3, 0, 0, 1, 7, 1};
weight_ih[20] = {-2, 14, 11, 12, 0, 0, -12, 0, 51, -8, 20, -9, 0, 33, 0, 11, -13, 0, 0, 23, 14, 0, -5, 3, 0, 0, -2, 0, 11, 43, 0, 0, 0, -40, 0, 8, 0, 11, -4, -17, 1, 0, 10, 0, 0, 24, 0, 0, 2, 7, -9, -13, 3, 0, -16, -20, 0, 2, -1, 0, -30, 0, 0, -14, 0, -3, -6, 0, 0, -1, 19, 8};
weight_ih[21] = {20, 12, 10, 10, 0, 0, 24, 27, 11, -24, 11, 7, 0, 16, 0, 9, 25, 0, 0, 31, -3, 0, 30, 43, 0, 0, 5, 0, 12, 1, 0, 0, 0, 25, 0, 25, 0, 3, 29, -10, 17, 0, -9, 0, 0, -18, 0, 0, -4, 45, 2, 23, 34, 0, 10, -16, 19, -1, -9, 0, 4, 0, 0, 31, 0, 6, 4, 0, 0, 1, 7, 19};
weight_ih[22] = {19, 0, -9, 12, 0, 0, -2, -5, -4, -1, -8, 6, 0, -1, 0, -9, 11, 0, 0, -14, 22, 0, -5, 2, 0, 0, 5, 0, 37, 20, 0, 0, 0, 6, 0, 4, 0, -8, -9, 6, 17, 0, 6, 0, 0, -4, 0, 0, 1, 11, 3, 31, 15, 0, 12, -7, -15, 9, -1, 0, 1, 0, 0, -4, 0, 17, 0, 0, 0, 4, 28, 6};
weight_ih[23] = {-26, 6, -8, -2, 0, 0, 14, 8, 13, 14, -24, 1, 0, 13, 0, 3, 18, 0, 0, 8, -6, 0, 26, 6, 0, 0, 2, 0, -35, 7, 0, 0, 0, -12, 0, -11, 0, 8, 5, 2, -1, 0, 11, 0, 0, -4, 0, 0, 0, 20, 2, -26, 11, 0, 8, -12, 32, 4, 0, 0, -13, 0, 0, -2, 0, -28, -4, 0, 0, 0, -7, -9};
weight_ih[24] = {0, 2, -14, -8, 0, 0, 26, 30, -5, 9, 34, 19, 0, -19, 0, -2, 11, 0, 0, 23, -6, 0, 46, 0, 0, 0, 0, 0, -6, 14, 0, 0, 0, 29, 0, 18, 0, 3, 11, 5, -17, 0, -6, 0, 0, -21, 0, 0, 4, -3, 6, 9, -2, 0, -7, 3, 14, 6, -8, 0, 12, 0, 0, 19, 0, 10, 3, 0, 0, 1, 11, 0};
weight_ih[25] = {-1, 1, 11, 2, 0, 0, 1, 1, 27, 2, -5, 10, 0, 12, 0, 7, 7, 0, 0, 7, 1, 0, 10, 1, 0, 0, 1, 0, -4, 13, 0, 0, 0, 12, 0, -2, 0, 3, 5, -1, 3, 0, 7, 0, 0, 3, 0, 0, 2, 11, 0, -7, -1, 0, 9, -4, 4, -2, -1, 0, 6, 0, 0, 7, 0, 6, -1, 0, 0, 2, 1, 0};
weight_ih[26] = {2, -16, -9, -25, 0, 0, -3, 26, 27, -7, -21, -4, 0, 19, 0, 9, 24, 0, 0, -30, 34, 0, 4, -5, 0, 0, 6, 0, -2, 5, 0, 0, 0, 46, 0, 9, 0, -21, 9, 11, 57, 0, -22, 0, 0, 23, 0, 0, 14, 10, 3, -45, -2, 0, 34, 12, -10, 0, 15, 0, 17, 0, 0, 5, 0, 63, -6, 0, 0, 4, 6, -17};
weight_ih[27] = {-6, 6, -13, -6, 0, 0, 14, 17, -11, -8, 2, -11, 0, 1, 0, -8, 3, 0, 0, 16, 5, 0, 13, 1, 0, 0, -3, 0, 22, 1, 0, 0, 0, -13, 0, 7, 0, -9, -5, -6, 8, 0, 12, 0, 0, 26, 0, 0, -1, 17, 9, 6, 2, 0, -16, -8, 0, 5, -1, 0, -9, 0, 0, 10, 0, -5, 0, 0, 0, 0, 19, -1};
weight_ih[28] = {2, -2, 7, 4, 0, 0, 2, 8, 26, 4, 17, 1, 0, 9, 0, 7, 3, 0, 0, 13, 2, 0, 3, 1, 0, 0, -2, 0, 12, 9, 0, 0, 0, 3, 0, 4, 0, 1, 0, 5, 7, 0, -3, 0, 0, 5, 0, 0, 1, 5, 3, 11, 4, 0, -1, 6, 0, -1, 4, 0, 4, 0, 0, 2, 0, -1, -1, 0, 0, 1, -4, -6};
weight_ih[29] = {0, 1, 3, 1, 0, 0, 3, 2, 11, 4, 5, 0, 0, 3, 0, 2, 0, 0, 0, 5, 1, 0, 0, 2, 0, 0, 2, 0, 5, 5, 0, 0, 0, 1, 0, 1, 0, 0, 1, 3, 4, 0, 2, 0, 0, 2, 0, 0, 0, 3, 0, 4, 2, 0, 5, 0, 2, 1, 0, 0, 1, 0, 0, 0, 0, 3, 0, 0, 0, 0, 2, 1};
weight_ih[30] = {43, -6, 7, 16, 0, 0, 21, 31, -39, 2, 30, -9, 0, 4, 0, -8, -5, 0, 0, 45, -19, 0, -1, 32, 0, 0, -2, 0, -35, -20, 0, 0, 0, -11, 0, 50, 0, -3, 28, 4, 12, 0, 2, 0, 0, 32, 0, 0, -11, 37, 44, -4, -19, 0, 3, 17, 21, -14, -15, 0, 0, 0, 0, 29, 0, 22, -6, 0, 0, -6, -1, -5};
weight_ih[31] = {5, 1, -3, -3, 0, 0, -4, 5, 17, 5, -5, 3, 0, -1, 0, 4, 3, 0, 0, 2, 1, 0, 1, -5, 0, 0, 3, 0, -1, 14, 0, 0, 0, 0, 0, -6, 0, -1, -1, 5, 3, 0, 0, 0, 0, -8, 0, 0, 0, -1, -1, -7, -2, 0, -1, 0, -5, -5, -2, 0, 0, 0, 0, 3, 0, 3, -3, 0, 0, 2, -4, -3};
weight_ih[32] = {0, 0, 3, 1, 0, 0, 3, 2, 11, 4, 6, 0, 0, 2, 0, 2, 1, 0, 0, 4, 1, 0, 2, 2, 0, 0, 2, 0, 4, 5, 0, 0, 0, 1, 0, 2, 0, 1, 2, 3, 4, 0, 2, 0, 0, 2, 0, 0, 1, 3, 1, 3, 1, 0, 5, 1, 2, 1, 1, 0, 1, 0, 0, 1, 0, 2, 0, 0, 0, 0, 2, 1};
weight_ih[33] = {-1, 0, 2, 0, 0, 0, 11, 7, 5, 14, 5, -7, 0, -5, 0, 12, 2, 0, 0, 13, -7, 0, 19, -2, 0, 0, 5, 0, 4, -8, 0, 0, 0, -13, 0, 6, 0, -6, 9, 1, -5, 0, -3, 0, 0, 9, 0, 0, -15, 6, 2, -4, 2, 0, 5, -6, 3, 7, 2, 0, 2, 0, 0, 12, 0, 2, 1, 0, 0, 0, 8, -3};
weight_ih[34] = {-23, 9, 1, 0, 0, 0, -1, 29, 14, -9, 3, 3, 0, -5, 0, 10, 31, 0, 0, 50, -16, 0, 30, 14, 0, 0, 7, 0, 31, 12, 0, 0, 0, 9, 0, -9, 0, -7, 13, 3, -16, 0, 25, 0, 0, 35, 0, 0, -5, 15, 34, 23, -29, 0, 7, -23, -12, 8, 10, 0, 18, 0, 0, 10, 0, -11, 10, 0, 0, 5, 22, -12};
weight_ih[35] = {-18, -24, 3, -16, 0, 0, -49, 34, 47, 47, -35, 20, 0, 29, 0, 0, 11, 0, 0, 20, -4, 0, 26, -24, 0, 0, 3, 0, -25, 25, 0, 0, 0, 24, 0, -1, 0, 9, -12, 25, 15, 0, -7, 0, 0, 25, 0, 0, 0, 6, 10, -40, 0, 0, 28, -4, -26, 23, 35, 0, -10, 0, 0, 0, 0, -12, 9, 0, 0, 1, -9, -5};
weight_ih[36] = {6, -3, -23, 4, 0, 0, 4, -1, 9, 29, -6, 14, 0, 25, 0, 13, 24, 0, 0, 8, 14, 0, 58, 20, 0, 0, 25, 0, -19, 24, 0, 0, 0, 29, 0, 19, 0, 3, 13, 4, 6, 0, 2, 0, 0, 1, 0, 0, 9, 34, -8, -10, 17, 0, 8, -14, 23, 15, 10, 0, 2, 0, 0, 13, 0, -9, -2, 0, 0, 9, 18, -8};
weight_ih[37] = {8, -17, 21, 37, 0, 0, -18, -3, 81, 54, -89, 10, 0, 8, 0, 51, 19, 0, 0, -2, -1, 0, 3, -15, 0, 0, -1, 0, -53, 111, 0, 0, 0, 26, 0, -20, 0, -2, 4, 33, 3, 0, -4, 0, 0, 0, 0, 0, 1, -21, -11, -19, -13, 0, 42, -11, -19, -5, 19, 0, 6, 0, 0, 18, 0, -10, -12, 0, 0, -16, -12, 13};
weight_ih[38] = {16, -8, 4, 1, 0, 0, -28, 18, 91, 55, -38, 12, 0, 6, 0, 10, 27, 0, 0, -13, 31, 0, 53, -1, 0, 0, 25, 0, -72, 92, 0, 0, 0, 41, 0, 12, 0, 5, 30, 30, 41, 0, -42, 0, 0, -5, 0, 0, 26, -15, 11, 20, 18, 0, 57, -10, 1, -5, 32, 0, 4, 0, 0, 18, 0, 2, -1, 0, 0, 15, 5, -32};
weight_ih[39] = {-6, 2, 2, -8, 0, 0, -4, 6, 3, -9, 8, 2, 0, 11, 0, -14, 10, 0, 0, 7, 31, 0, 8, 3, 0, 0, 2, 0, 26, 19, 0, 0, 0, 23, 0, 16, 0, -24, 11, 7, 14, 0, 0, 0, 0, 27, 0, 0, 16, 4, 7, 4, -11, 0, 13, -15, 3, 9, -7, 0, 0, 0, 0, 8, 0, 20, -9, 0, 0, 4, 4, 6};
weight_ih[40] = {0, 1, -11, -1, 0, 0, 3, -4, -12, -1, 12, -5, 0, -6, 0, -4, 1, 0, 0, 0, 3, 0, 2, -2, 0, 0, 0, 0, 11, -4, 0, 0, 0, -9, 0, 7, 0, 1, 6, -5, -1, 0, -1, 0, 0, 5, 0, 0, 0, 3, 3, -1, 0, 0, 2, -1, 1, 2, 0, 0, -8, 0, 0, 0, 0, 5, 0, 0, 0, 0, -2, 2};
weight_ih[41] = {-1, 1, 3, 1, 0, 0, 3, 2, 11, 4, 5, 0, 0, 4, 0, 2, 1, 0, 0, 4, 1, 0, 1, 2, 0, 0, 2, 0, 4, 5, 0, 0, 0, 1, 0, 2, 0, 0, 2, 3, 4, 0, 2, 0, 0, 2, 0, 0, 1, 4, 1, 3, 1, 0, 5, 0, 3, 1, 0, 0, 1, 0, 0, 1, 0, 2, 0, 0, 0, 0, 2, 0};
weight_ih[42] = {3, 2, -1, 3, 0, 0, 4, 10, 12, 0, 22, 1, 0, 5, 0, 1, 3, 0, 0, 15, 2, 0, -2, 9, 0, 0, 1, 0, 9, 11, 0, 0, 0, 3, 0, 6, 0, 5, 3, 1, 1, 0, -1, 0, 0, 16, 0, 0, 0, 4, -2, 14, 6, 0, 2, 15, 10, -1, 5, 0, 3, 0, 0, -3, 0, 2, 2, 0, 0, 2, 3, 2};
weight_ih[43] = {-2, 0, 10, 2, 0, 0, -11, 2, 42, 19, 8, -1, 0, 2, 0, 9, 3, 0, 0, 1, 12, 0, -11, 0, 0, 0, -3, 0, 6, 34, 0, 0, 0, 2, 0, 19, 0, -1, 12, 21, 12, 0, 3, 0, 0, 11, 0, 0, 1, -3, 3, 6, 4, 0, 9, -4, -4, 1, 21, 0, -1, 0, 0, 8, 0, 0, -3, 0, 0, 3, -4, -2};
weight_ih[44] = {4, -9, -5, 5, 0, 0, -11, -4, 15, 1, -2, -2, 0, -4, 0, 1, -13, 0, 0, -2, 13, 0, -8, 0, 0, 0, -2, 0, 2, 7, 0, 0, 0, -1, 0, -2, 0, -3, -7, 0, -3, 0, -5, 0, 0, -1, 0, 0, -1, -25, -3, 22, -1, 0, 0, 13, -2, -2, 6, 0, 1, 0, 0, -11, 0, -2, 1, 0, 0, -1, -10, -2};
weight_ih[45] = {-1, 1, 3, 1, 0, 0, 3, 2, 12, 4, 4, 0, 0, 3, 0, 2, 1, 0, 0, 5, 1, 0, 1, 2, 0, 0, 1, 0, 5, 5, 0, 0, 0, 1, 0, 2, 0, 0, 2, 3, 4, 0, 2, 0, 0, 1, 0, 0, 1, 4, 1, 4, 2, 0, 5, -1, 3, 1, 0, 0, 1, 0, 0, 0, 0, 2, 0, 0, 0, 0, 2, 1};
weight_ih[46] = {25, -18, -31, -2, 0, 0, -5, -6, 6, 31, -10, -43, 0, -23, 0, -9, -10, 0, 0, -2, -4, 0, 36, -25, 0, 0, 24, 0, -19, 21, 0, 0, 0, 0, 0, 1, 0, 6, -10, -22, 66, 0, -34, 0, 0, -4, 0, 0, 57, -24, -17, 40, -29, 0, 48, 24, -2, -38, -4, 0, -17, 0, 0, 2, 0, 23, 5, 0, 0, 5, 12, 26};
weight_ih[47] = {-8, -2, -22, -4, 0, 0, 2, 28, -8, 22, 17, 38, 0, -5, 0, 4, 2, 0, 0, -26, -2, 0, 27, -2, 0, 0, -21, 0, -1, -3, 0, 0, 0, 13, 0, -2, 0, 6, -1, -18, 14, 0, 12, 0, 0, 10, 0, 0, -6, 18, 1, -4, -1, 0, 22, -17, 17, -9, 0, 0, 6, 0, 0, 24, 0, -22, -6, 0, 0, -23, -18, 1};
weight_ih[48] = {30, 4, -15, -28, 0, 0, -8, 19, 23, 19, -28, 10, 0, -62, 0, -12, 23, 0, 0, -44, 5, 0, 18, 10, 0, 0, 17, 0, -4, 21, 0, 0, 0, 16, 0, 7, 0, 21, 35, 5, 22, 0, 8, 0, 0, -1, 0, 0, 11, 3, 19, -11, -2, 0, 35, 12, -21, -29, 12, 0, 39, 0, 0, 42, 0, 16, -19, 0, 0, -1, 32, -21};
weight_ih[49] = {26, -18, 28, 9, 0, 0, 21, -1, 7, -9, -4, 7, 0, -17, 0, -8, -2, 0, 0, -6, -4, 0, 13, 2, 0, 0, 2, 0, 1, -1, 0, 0, 0, 29, 0, -7, 0, -2, -3, 17, -2, 0, 9, 0, 0, -42, 0, 0, 3, 6, 2, 23, 3, 0, -20, 21, 0, -24, -3, 0, 23, 0, 0, 24, 0, 6, 7, 0, 0, -6, 20, -16};
weight_ih[50] = {26, 11, 17, -20, 0, 0, 0, 20, 20, -35, -19, 14, 0, 14, 0, 3, -3, 0, 0, 10, 18, 0, -3, -15, 0, 0, -17, 0, 20, -21, 0, 0, 0, 28, 0, 4, 0, -10, -4, 2, -7, 0, -20, 0, 0, 3, 0, 0, 2, -8, -18, 10, -46, 0, -37, 16, 2, 4, 2, 0, 47, 0, 0, -15, 0, -3, -8, 0, 0, -2, -6, -13};
weight_ih[51] = {-9, 17, 19, 11, 0, 0, 27, -9, 53, 59, -90, -15, 0, 58, 0, -10, -5, 0, 0, -21, 26, 0, -15, 5, 0, 0, -25, 0, -45, 13, 0, 0, 0, -8, 0, -57, 0, -7, -4, 4, 33, 0, 10, 0, 0, 23, 0, 0, -12, 47, -2, -55, 5, 0, 56, -24, -28, -2, 5, 0, 7, 0, 0, 30, 0, -25, -35, 0, 0, 3, -22, 2};
weight_ih[52] = {0, 17, 13, 12, 0, 0, -1, 11, 22, 20, 14, 0, 0, 12, 0, 9, 0, 0, 0, -3, 12, 0, 1, -1, 0, 0, 2, 0, 6, -1, 0, 0, 0, 7, 0, 6, 0, 2, 9, 11, -7, 0, 12, 0, 0, 1, 0, 0, -2, -7, 5, 22, 5, 0, 2, 37, 19, 12, 15, 0, 0, 0, 0, -31, 0, 8, 2, 0, 0, 0, 16, 1};
weight_ih[53] = {-14, 3, -1, -9, 0, 0, -46, 3, 25, 37, -10, 8, 0, 10, 0, 1, 38, 0, 0, 9, 60, 0, 57, 23, 0, 0, 22, 0, 12, 33, 0, 0, 0, 21, 0, 8, 0, 11, 13, 23, 12, 0, 11, 0, 0, 8, 0, 0, 5, -27, -8, 10, -6, 0, 33, -41, -37, 11, 74, 0, 5, 0, 0, -4, 0, 10, -8, 0, 0, 9, -42, -12};
weight_ih[54] = {35, 25, 2, -41, 0, 0, -9, -42, 19, -40, -28, 6, 0, 27, 0, 23, 55, 0, 0, 7, -21, 0, -32, 30, 0, 0, -10, 0, 17, 13, 0, 0, 0, 36, 0, 47, 0, -20, 26, -8, 21, 0, 1, 0, 0, -47, 0, 0, 7, 31, 29, -20, 10, 0, 21, -57, -3, 17, -30, 0, 26, 0, 0, -8, 0, 78, -7, 0, 0, 0, -13, -5};
weight_ih[55] = {0, 16, 30, 8, 0, 0, 15, -3, 12, -27, 25, -2, 0, -5, 0, 22, -2, 0, 0, 19, -5, 0, -6, 8, 0, 0, 7, 0, 21, -14, 0, 0, 0, 0, 0, -4, 0, -6, -4, 10, -17, 0, 12, 0, 0, -18, 0, 0, 7, 1, 0, 19, -10, 0, -7, 7, -7, 7, -29, 0, 2, 0, 0, -1, 0, 9, 15, 0, 0, -4, 7, -3};
weight_ih[56] = {3, -5, -3, 14, 0, 0, 0, 21, 3, -7, 21, 4, 0, 25, 0, 15, 12, 0, 0, 30, 10, 0, -19, -38, 0, 0, -8, 0, 22, -34, 0, 0, 0, -9, 0, 6, 0, -2, 17, -46, 40, 0, -22, 0, 0, 21, 0, 0, 12, 16, 5, 29, -1, 0, -5, 11, -36, 11, 20, 0, -21, 0, 0, 12, 0, -5, 3, 0, 0, 11, 1, 2};
weight_ih[57] = {-4, -17, -8, -13, 0, 0, -5, -31, 54, 27, -25, 15, 0, 39, 0, 20, -7, 0, 0, -39, 59, 0, 9, -28, 0, 0, 37, 0, -7, 23, 0, 0, 0, -13, 0, 33, 0, -3, 31, 10, 44, 0, -6, 0, 0, 69, 0, 0, -41, 0, 21, -29, -14, 0, 9, -52, -10, 8, 15, 0, 5, 0, 0, 5, 0, -9, -7, 0, 0, -24, -13, 7};
weight_ih[58] = {-3, 12, 14, -11, 0, 0, -7, -9, 11, 22, 4, -2, 0, 16, 0, -6, -16, 0, 0, 8, 21, 0, -4, 10, 0, 0, 3, 0, -23, -1, 0, 0, 0, -10, 0, 30, 0, -1, 10, 3, -2, 0, 5, 0, 0, 7, 0, 0, 5, -8, 2, -25, -17, 0, 12, 15, 24, 6, 6, 0, 6, 0, 0, 2, 0, -7, -12, 0, 0, 0, -2, -3};
weight_ih[59] = {0, 23, 5, 1, 0, 0, 17, -4, 12, 23, -10, 3, 0, -6, 0, 7, 23, 0, 0, 18, 18, 0, 37, -1, 0, 0, 30, 0, -36, 2, 0, 0, 0, -14, 0, -15, 0, -19, -5, 3, -11, 0, 0, 0, 0, -2, 0, 0, 0, -15, -10, -26, -14, 0, 6, -8, 3, -5, 8, 0, 16, 0, 0, 5, 0, 22, 0, 0, 0, -1, -5, 2};
weight_ih[60] = {2, 3, 3, 5, 0, 0, 7, 14, 21, 3, 30, 14, 0, 5, 0, 9, 1, 0, 0, 14, 0, 0, 3, -1, 0, 0, 2, 0, 20, 1, 0, 0, 0, 11, 0, 3, 0, 9, 1, -6, 1, 0, 6, 0, 0, 18, 0, 0, 5, 19, 1, 4, 0, 0, -6, 16, 5, 9, 0, 0, 5, 0, 0, 7, 0, -1, 0, 0, 0, -2, 7, -1};
weight_ih[61] = {0, 1, 17, 10, 0, 0, -1, 4, 31, 5, 6, 14, 0, 17, 0, 4, 0, 0, 0, 4, 15, 0, 5, 4, 0, 0, 4, 0, 4, 15, 0, 0, 0, 15, 0, 3, 0, 5, 5, 5, 14, 0, 3, 0, 0, 20, 0, 0, -3, 9, 2, -2, 3, 0, 6, 4, 8, -3, 7, 0, 11, 0, 0, 3, 0, 2, -1, 0, 0, 1, 4, 0};
weight_ih[62] = {-3, 4, 0, 1, 0, 0, 3, 5, 13, -1, 24, 3, 0, 3, 0, 4, 1, 0, 0, 6, 7, 0, 13, 4, 0, 0, 1, 0, 23, 9, 0, 0, 0, 3, 0, 3, 0, 5, 2, -3, 8, 0, -4, 0, 0, 0, 0, 0, -1, 4, -1, 12, 2, 0, 1, -3, 1, 4, -1, 0, 5, 0, 0, 5, 0, 3, 0, 0, 0, 3, -1, -2};
weight_ih[63] = {10, -8, -14, -17, 0, 0, -3, -6, 27, 18, -3, -11, 0, -17, 0, 4, 1, 0, 0, -14, -7, 0, 14, -10, 0, 0, 3, 0, -12, 8, 0, 0, 0, -7, 0, -1, 0, 10, 13, 13, 2, 0, 2, 0, 0, -23, 0, 0, -4, 9, 6, -16, -10, 0, 0, -13, -8, -6, 1, 0, -10, 0, 0, 5, 0, 5, -10, 0, 0, -3, -10, -7};
weight_ih[64] = {12, 31, -4, -10, 0, 0, -2, 21, -9, -5, 35, -2, 0, 7, 0, -13, 24, 0, 0, -14, -16, 0, 9, -2, 0, 0, 9, 0, -4, -2, 0, 0, 0, -16, 0, 14, 0, 16, 3, 0, -5, 0, 8, 0, 0, 8, 0, 0, -8, 27, 2, -10, -4, 0, -1, -1, -11, -13, 12, 0, 20, 0, 0, 15, 0, -4, 2, 0, 0, -2, -19, -10};
weight_ih[65] = {-8, 11, 10, -15, 0, 0, 37, -3, 36, -34, 20, 19, 0, 15, 0, 31, 15, 0, 0, 11, -18, 0, 23, 31, 0, 0, -12, 0, 12, 33, 0, 0, 0, 21, 0, 28, 0, 16, -28, 16, -3, 0, 27, 0, 0, -15, 0, 0, 0, -4, 33, 31, 6, 0, -14, 9, -13, 1, -16, 0, 14, 0, 0, 25, 0, -16, 1, 0, 0, -1, 33, -10};
weight_ih[66] = {-1, 0, 2, 1, 0, 0, 3, 2, 11, 5, 6, 0, 0, 2, 0, 2, 1, 0, 0, 4, 0, 0, 2, 1, 0, 0, 2, 0, 4, 5, 0, 0, 0, 0, 0, 2, 0, 1, 2, 3, 4, 0, 2, 0, 0, 1, 0, 0, 0, 3, 0, 4, 1, 0, 5, 0, 3, 1, -1, 0, 1, 0, 0, 1, 0, 2, 0, 0, 0, 0, 2, 0};
weight_ih[67] = {-12, -16, 7, 16, 0, 0, 8, 12, 44, 13, 1, 11, 0, 17, 0, 27, 12, 0, 0, 13, -4, 0, 50, 7, 0, 0, 8, 0, -21, 48, 0, 0, 0, 20, 0, -6, 0, 14, 14, 31, -36, 0, 2, 0, 0, -36, 0, 0, 3, 18, 5, 12, 20, 0, 11, -13, 11, 3, -16, 0, 16, 0, 0, 12, 0, -6, 8, 0, 0, 0, 13, -5};
weight_ih[68] = {0, 2, 15, -3, 0, 0, -26, -10, 13, -5, 3, 1, 0, 19, 0, 8, 4, 0, 0, -2, 0, 0, 4, -1, 0, 0, -2, 0, 6, 8, 0, 0, 0, 13, 0, 3, 0, 4, 4, 1, -3, 0, 3, 0, 0, 1, 0, 0, 3, 9, 0, -9, -3, 0, 1, -13, -1, -5, -1, 0, 3, 0, 0, -4, 0, 0, -10, 0, 0, -1, -28, 3};
weight_ih[69] = {12, -3, 13, 21, 0, 0, -27, 23, 16, -19, -36, 5, 0, 39, 0, 13, 23, 0, 0, -3, 7, 0, 27, 5, 0, 0, -15, 0, 6, 36, 0, 0, 0, 7, 0, -21, 0, 3, 48, 11, -1, 0, -11, 0, 0, 19, 0, 0, 4, 34, 8, -5, 40, 0, 9, -22, 23, 21, -30, 0, 0, 0, 0, 5, 0, 10, 23, 0, 0, 3, 46, 4};
weight_ih[70] = {-1, 1, 3, 1, 0, 0, 3, 2, 11, 4, 5, 0, 0, 2, 0, 2, 0, 0, 0, 5, 0, 0, 1, 2, 0, 0, 2, 0, 4, 5, 0, 0, 0, 1, 0, 2, 0, 0, 1, 3, 4, 0, 2, 0, 0, 0, 0, 0, 1, 4, 0, 4, 1, 0, 5, -1, 3, 1, -1, 0, 1, 0, 0, 0, 0, 2, 0, 0, 0, 1, 2, 1};
weight_ih[71] = {14, 3, -6, 0, 0, 0, -12, 11, 36, 22, -1, 12, 0, 14, 0, -7, -1, 0, 0, 10, 23, 0, 6, 10, 0, 0, 12, 0, 16, 26, 0, 0, 0, 11, 0, 7, 0, 10, -8, 7, 9, 0, -6, 0, 0, 4, 0, 0, 4, 15, -5, 16, 6, 0, 12, 11, 9, 5, 9, 0, 10, 0, 0, 9, 0, 6, -7, 0, 0, 5, 0, -1};
weight_ih[72] = {-41, 21, 5, 20, 0, 0, -2, -19, -2, -11, -6, -39, 0, 68, 0, -17, 10, 0, 0, 26, 6, 0, 24, -4, 0, 0, -21, 0, 1, 11, 0, 0, 0, -61, 0, -5, 0, -11, 4, 11, 65, 0, 6, 0, 0, 23, 0, 0, -25, 46, -15, 13, 15, 0, 57, -92, 35, 79, -44, 0, 13, 0, 0, 39, 0, -41, 3, 0, 0, 5, 88, -24};
weight_ih[73] = {-26, 46, -5, -7, 0, 0, 9, -2, -13, -47, -8, 1, 0, 71, 0, -6, 12, 0, 0, 15, 25, 0, -36, 20, 0, 0, -33, 0, 3, -75, 0, 0, 0, -46, 0, -7, 0, -34, -30, -15, 33, 0, -24, 0, 0, 25, 0, 0, -9, 38, -8, 1, 34, 0, -4, -13, 20, 15, -18, 0, 3, 0, 0, -25, 0, -38, -3, 0, 0, -23, 24, -35};
weight_ih[74] = {19, 35, 1, -15, 0, 0, -24, -7, 120, 33, -7, 9, 0, -8, 0, 31, -43, 0, 0, 27, 13, 0, -81, -25, 0, 0, 12, 0, 25, 3, 0, 0, 0, 19, 0, -15, 0, 6, -14, -2, 14, 0, -21, 0, 0, 9, 0, 0, 13, 45, 2, -10, -1, 0, -29, 55, -20, 20, -57, 0, 18, 0, 0, -11, 0, 10, -27, 0, 0, -4, 18, -3};
weight_ih[75] = {-18, -21, -13, -3, 0, 0, 9, 38, 20, -8, -37, 1, 0, -36, 0, -15, -31, 0, 0, -11, -19, 0, 18, 26, 0, 0, -20, 0, -48, 51, 0, 0, 0, 29, 0, 14, 0, -9, 43, 21, 15, 0, -65, 0, 0, -36, 0, 0, -1, -14, 15, -12, 44, 0, 8, -32, 5, -1, -49, 0, -13, 0, 0, 43, 0, -80, -11, 0, 0, 16, 20, -23};
weight_ih[76] = {-5, -1, -27, -27, 0, 0, 33, -17, 26, 13, -12, 32, 0, -19, 0, 19, 8, 0, 0, 4, -12, 0, 7, -31, 0, 0, 0, 0, 13, 21, 0, 0, 0, -13, 0, -5, 0, -9, 10, 6, 4, 0, -28, 0, 0, 6, 0, 0, -18, -32, 18, 3, -12, 0, -12, -21, 9, -45, 40, 0, 3, 0, 0, 25, 0, 11, 4, 0, 0, -1, 52, 34};
weight_ih[77] = {0, 1, -11, -5, 0, 0, 0, 1, 0, 0, -3, 0, 0, -2, 0, -4, 1, 0, 0, -3, 1, 0, 0, -5, 0, 0, -1, 0, -5, 1, 0, 0, 0, -5, 0, -2, 0, -1, -2, 0, 3, 0, -4, 0, 0, -1, 0, 0, 1, 2, -1, -3, -1, 0, 1, 1, -1, -2, 0, 0, -8, 0, 0, 1, 0, 0, 0, 0, 0, 0, 1, 0};
weight_ih[78] = {0, 1, -8, -3, 0, 0, 0, 1, 1, 0, -1, 0, 0, 1, 0, -2, 0, 0, 0, -3, 2, 0, 0, -4, 0, 0, -1, 0, -4, 1, 0, 0, 0, -3, 0, -1, 0, 0, -1, 0, 3, 0, -2, 0, 0, 0, 0, 0, 1, 1, 0, -1, 0, 0, 1, 1, 0, 0, 1, 0, -6, 0, 0, 0, 0, 0, 0, 0, 0, 0, 1, 0};
weight_ih[79] = {-34, -2, 29, -1, 0, 0, -41, -7, 39, 1, -45, 16, 0, 47, 0, 24, -38, 0, 0, 11, 26, 0, -28, 1, 0, 0, -19, 0, 31, 35, 0, 0, 0, -4, 0, 2, 0, 6, 16, -18, -1, 0, 2, 0, 0, 45, 0, 0, -11, 25, 0, -16, 11, 0, -34, -24, 34, 38, -12, 0, 8, 0, 0, -28, 0, -32, -14, 0, 0, -3, 5, -8};
weight_ih[80] = {-32, -33, 2, 2, 0, 0, 32, -38, 9, -50, 34, 4, 0, 34, 0, 1, -6, 0, 0, -14, -53, 0, -23, 42, 0, 0, -6, 0, -38, -27, 0, 0, 0, 16, 0, 62, 0, -14, -1, -19, -7, 0, 35, 0, 0, -44, 0, 0, 17, 55, 5, 22, -8, 0, 28, -12, 29, -15, -34, 0, -31, 0, 0, 31, 0, 50, -15, 0, 0, 12, 20, 5};
weight_ih[81] = {-25, 6, -44, -22, 0, 0, 10, 19, 0, 25, 40, -1, 0, 1, 0, 4, 5, 0, 0, -51, 9, 0, -8, -26, 0, 0, -17, 0, 56, -12, 0, 0, 0, -18, 0, -30, 0, -16, -10, 46, 17, 0, 14, 0, 0, 58, 0, 0, -16, -9, -2, 30, -25, 0, 35, 19, -13, -17, 33, 0, 1, 0, 0, -28, 0, -3, 12, 0, 0, 4, -48, -13};
weight_ih[82] = {-15, -37, -35, -33, 0, 0, 22, -9, -14, -51, 78, -13, 0, 13, 0, 22, 63, 0, 0, -6, 6, 0, 29, -19, 0, 0, -37, 0, 43, -49, 0, 0, 0, -42, 0, 22, 0, 11, -43, -58, -7, 0, 26, 0, 0, 0, 0, 0, 25, 10, 17, 38, 13, 0, -16, -20, -20, 6, 19, 0, -78, 0, 0, -8, 0, -3, -14, 0, 0, 13, 6, 5};
weight_ih[83] = {-8, 6, -4, -41, 0, 0, -46, -24, 12, -22, -31, -23, 0, 34, 0, -2, 30, 0, 0, -42, 38, 0, -31, 43, 0, 0, 7, 0, 54, -11, 0, 0, 0, -29, 0, 27, 0, -7, 13, 22, 64, 0, 17, 0, 0, 34, 0, 0, -23, 37, 4, -5, 18, 0, 71, -63, -61, 29, -5, 0, 39, 0, 0, -44, 0, 36, 5, 0, 0, -29, -99, 26};
weight_ih[84] = {22, 9, -10, -13, 0, 0, -22, 88, -24, 9, 15, 13, 0, 18, 0, -1, 31, 0, 0, 1, -40, 0, -78, -32, 0, 0, -25, 0, 27, -12, 0, 0, 0, -31, 0, -27, 0, -23, -60, -5, -16, 0, -36, 0, 0, 98, 0, 0, -14, -31, 3, 33, -33, 0, 4, 79, -82, -12, 33, 0, -8, 0, 0, -52, 0, -38, 9, 0, 0, 13, 30, -33};
weight_ih[85] = {-9, 6, -19, 13, 0, 0, -13, 21, -21, -64, -16, 37, 0, 56, 0, -52, 38, 0, 0, -47, 10, 0, -2, 6, 0, 0, -25, 0, 41, 28, 0, 0, 0, 50, 0, 16, 0, 18, 13, -21, 54, 0, 35, 0, 0, 56, 0, 0, 20, 102, 61, 10, -15, 0, 11, -53, -53, -17, -47, 0, -9, 0, 0, 21, 0, -31, 17, 0, 0, 1, 2, -3};
weight_ih[86] = {38, -26, 39, 2, 0, 0, 47, 26, 41, -28, -6, 21, 0, 32, 0, 7, 40, 0, 0, 14, 28, 0, -21, 53, 0, 0, 11, 0, 9, -19, 0, 0, 0, -7, 0, 1, 0, 7, 14, 21, -5, 0, -2, 0, 0, 52, 0, 0, -6, 18, -10, 18, 4, 0, -2, 23, -29, 17, 41, 0, -7, 0, 0, 68, 0, 27, 19, 0, 0, -7, -76, 14};
weight_ih[87] = {0, 1, -13, -5, 0, 0, 0, 1, -4, 0, -3, -1, 0, -5, 0, -6, 0, 0, 0, -3, 1, 0, -1, -5, 0, 0, -1, 0, -6, 0, 0, 0, 0, -5, 0, -2, 0, -1, -2, 0, 4, 0, -4, 0, 0, 0, 0, 0, 1, 2, -1, -3, -1, 0, 1, 0, -1, -3, 1, 0, -7, 0, 0, 1, 0, -1, 0, 0, 0, 0, 0, 0};
weight_ih[88] = {66, 2, 18, -39, 0, 0, -22, -5, -5, -24, 40, 11, 0, -31, 0, 27, 26, 0, 0, -65, -12, 0, -13, 40, 0, 0, 14, 0, -29, 16, 0, 0, 0, 28, 0, 45, 0, 37, 47, -32, -5, 0, -16, 0, 0, -32, 0, 0, 6, -17, 29, -48, -13, 0, -4, 93, -38, -39, 2, 0, -11, 0, 0, 43, 0, 44, -17, 0, 0, 9, -27, 16};
weight_ih[89] = {0, 0, -13, -5, 0, 0, 0, 1, -3, 0, -2, -1, 0, -5, 0, -6, 0, 0, 0, -3, 1, 0, -1, -5, 0, 0, -1, 0, -6, 0, 0, 0, 0, -3, 0, -1, 0, 0, -2, 0, 4, 0, -4, 0, 0, -1, 0, 0, 1, 1, -1, -3, 0, 0, 1, 2, 0, -3, 0, 0, -6, 0, 0, 0, 0, 0, 0, 0, 0, 0, 0, -1};
weight_ih[90] = {-14, -5, -29, -19, 0, 0, 30, 23, -31, 7, -24, 0, 0, -20, 0, -17, 4, 0, 0, 3, -21, 0, 15, -5, 0, 0, -14, 0, -35, 5, 0, 0, 0, 25, 0, -12, 0, -15, 7, 3, 29, 0, -21, 0, 0, 22, 0, 0, -2, 20, -4, -11, 3, 0, 8, -17, -23, -35, -7, 0, -9, 0, 0, 18, 0, 13, 6, 0, 0, 10, 11, -6};
weight_ih[91] = {-7, 1, -22, -18, 0, 0, -1, 9, 25, 32, -23, -21, 0, -18, 0, -23, -11, 0, 0, 49, 3, 0, 19, -11, 0, 0, 5, 0, -32, 48, 0, 0, 0, -24, 0, -19, 0, 16, -14, 11, -5, 0, -13, 0, 0, 4, 0, 0, 19, -20, -8, -33, -6, 0, 15, -11, 3, -15, 9, 0, -9, 0, 0, -9, 0, -15, -5, 0, 0, 4, 10, 5};
weight_ih[92] = {6, -13, 23, -31, 0, 0, 16, -22, -11, 42, 12, 1, 0, 11, 0, 10, 45, 0, 0, -12, -57, 0, -12, 5, 0, 0, 3, 0, -68, -9, 0, 0, 0, -4, 0, 2, 0, 26, 21, 35, -15, 0, -21, 0, 0, -23, 0, 0, -34, 14, -13, -30, -19, 0, 16, 26, 18, -7, -9, 0, -12, 0, 0, 16, 0, -2, -3, 0, 0, 10, 26, 14};
weight_ih[93] = {46, -60, 13, -3, 0, 0, -7, -43, 46, -30, -7, 15, 0, 31, 0, 33, -10, 0, 0, -19, -11, 0, 20, -15, 0, 0, 11, 0, -27, 35, 0, 0, 0, 5, 0, -29, 0, -18, -10, 20, -20, 0, 7, 0, 0, -10, 0, 0, -2, 5, -33, -21, -19, 0, 61, 0, -10, 33, -33, 0, 39, 0, 0, -25, 0, 31, 3, 0, 0, -6, 81, 2};
weight_ih[94] = {17, -10, 11, 3, 0, 0, -11, 29, 4, 23, 18, 30, 0, 40, 0, -9, -17, 0, 0, -9, -29, 0, 38, -51, 0, 0, 34, 0, -52, -9, 0, 0, 0, 18, 0, -47, 0, 1, -27, 3, -12, 0, -2, 0, 0, 12, 0, 0, -21, -9, 11, -53, -79, 0, -24, -29, 4, -14, 12, 0, 2, 0, 0, -17, 0, -14, -8, 0, 0, -15, 38, -46};
weight_ih[95] = {-2, 7, 47, -16, 0, 0, -14, -16, 81, 3, -10, 2, 0, -1, 0, 19, -3, 0, 0, -10, 27, 0, -25, 14, 0, 0, 7, 0, -27, 31, 0, 0, 0, 34, 0, 14, 0, -31, -21, 6, 3, 0, 37, 0, 0, 21, 0, 0, -3, 17, -4, -43, -25, 0, 15, -33, -31, 2, -15, 0, 1, 0, 0, 38, 0, 54, -7, 0, 0, -1, -53, -6};
weight_ih[96] = {42, 24, 39, -23, 0, 0, -29, -11, 14, 13, -26, 29, 0, 0, 0, -31, -51, 0, 0, 0, 27, 0, -35, -19, 0, 0, 18, 0, -35, -33, 0, 0, 0, 18, 0, 17, 0, -1, 25, 43, -32, 0, -45, 0, 0, 25, 0, 0, 1, 13, -34, -71, -39, 0, -7, -4, -19, -9, 16, 0, 33, 0, 0, 15, 0, 45, 1, 0, 0, 11, 7, 57};
weight_ih[97] = {8, -6, -12, -19, 0, 0, 6, -1, -3, 16, -7, 17, 0, -3, 0, -10, -10, 0, 0, 26, 6, 0, -8, 12, 0, 0, 15, 0, -5, -12, 0, 0, 0, 9, 0, -14, 0, 4, -6, 15, -16, 0, -8, 0, 0, 29, 0, 0, 1, -8, -8, -4, -6, 0, 0, 10, -3, 3, 10, 0, 24, 0, 0, -15, 0, 5, 9, 0, 0, 3, 7, 9};
weight_ih[98] = {29, 16, -8, -26, 0, 0, 82, -44, 2, -39, 43, 9, 0, -5, 0, 13, -21, 0, 0, 1, -12, 0, -15, 42, 0, 0, 2, 0, -11, 14, 0, 0, 0, 10, 0, -14, 0, 7, -52, -15, -14, 0, -10, 0, 0, 33, 0, 0, 3, 8, -55, 9, -21, 0, -20, 47, -16, -36, -16, 0, -43, 0, 0, 12, 0, -25, -9, 0, 0, 1, 30, 27};
weight_ih[99] = {9, -2, 49, -6, 0, 0, -13, 12, -6, 32, -11, 31, 0, -15, 0, 23, -6, 0, 0, -32, -15, 0, 35, -2, 0, 0, 10, 0, -47, 7, 0, 0, 0, 21, 0, 5, 0, 17, 12, -8, -16, 0, -4, 0, 0, -18, 0, 0, 11, 12, 18, -18, -47, 0, 10, 3, -22, -51, 19, 0, -11, 0, 0, 59, 0, -28, -31, 0, 0, 6, -18, 21};
weight_ih[100] = {-22, -15, -36, -17, 0, 0, -16, 18, 18, 12, -16, 27, 0, -53, 0, -4, 18, 0, 0, -43, 1, 0, 49, 15, 0, 0, 15, 0, -30, 11, 0, 0, 0, 16, 0, 37, 0, 22, 52, 1, 0, 0, 7, 0, 0, -40, 0, 0, 11, -25, 31, -8, 35, 0, 0, -28, 10, -7, -10, 0, -49, 0, 0, -21, 0, -16, 25, 0, 0, 2, 35, 7};
weight_ih[101] = {0, 0, -13, -7, 0, 0, 0, 1, 0, 0, -2, -1, 0, -2, 0, -3, 0, 0, 0, -3, 2, 0, -1, -6, 0, 0, -1, 0, -5, 1, 0, 0, 0, -6, 0, -2, 0, 0, -2, 0, 4, 0, -5, 0, 0, 0, 0, 0, 1, 2, -1, -3, -1, 0, 1, 1, 0, -2, 1, 0, -8, 0, 0, 1, 0, 0, 0, 0, 0, 0, 1, 0};
weight_ih[102] = {-30, -21, 40, 39, 0, 0, -43, -10, 31, 5, -9, 12, 0, -5, 0, 1, 1, 0, 0, -4, -43, 0, -26, -41, 0, 0, 0, 0, -18, -9, 0, 0, 0, 17, 0, -6, 0, 48, 48, -56, -21, 0, 10, 0, 0, 6, 0, 0, -18, 10, -21, 14, 44, 0, 2, -11, -20, -4, 28, 0, -35, 0, 0, -18, 0, -22, -13, 0, 0, 2, 33, 22};
weight_ih[103] = {-20, -29, 46, 5, 0, 0, -1, -19, -20, 22, -47, 18, 0, 17, 0, 28, 1, 0, 0, -7, 11, 0, 28, -8, 0, 0, -8, 0, -18, -72, 0, 0, 0, 29, 0, -23, 0, -16, -30, -48, 2, 0, 26, 0, 0, -26, 0, 0, 0, -57, -26, -29, 14, 0, 25, -11, 3, -19, 28, 0, -30, 0, 0, -30, 0, 2, 16, 0, 0, -19, -13, -8};
weight_ih[104] = {0, 1, -15, -5, 0, 0, -1, 1, -6, 1, -2, -1, 0, -6, 0, -7, 1, 0, 0, -3, 1, 0, 0, -4, 0, 0, 0, 0, -4, 1, 0, 0, 0, -4, 0, -2, 0, -1, -2, 0, 4, 0, -4, 0, 0, 1, 0, 0, 1, 3, -1, -3, -1, 0, 1, 0, -1, -3, 1, 0, -5, 0, 0, 1, 0, 0, 0, 0, 0, 0, 0, 1};
weight_ih[105] = {-3, 11, -34, -6, 0, 0, 0, 8, -38, 11, -10, -14, 0, 6, 0, -37, 60, 0, 0, -28, 27, 0, 49, 2, 0, 0, -29, 0, 14, 18, 0, 0, 0, 37, 0, -26, 0, -25, -5, 6, 21, 0, 8, 0, 0, 40, 0, 0, -39, 19, -40, -6, -3, 0, 2, 4, -1, 12, 17, 0, 11, 0, 0, 19, 0, -4, 1, 0, 0, 4, -52, -6};
weight_ih[106] = {-95, 17, 17, 7, 0, 0, -41, 10, 10, 17, -1, 13, 0, 19, 0, 9, 28, 0, 0, -13, 21, 0, 45, -38, 0, 0, -15, 0, 44, -5, 0, 0, 0, 24, 0, -9, 0, -30, 19, -1, 20, 0, 6, 0, 0, 19, 0, 0, -1, 5, -19, 7, -29, 0, 35, -76, 15, 26, 2, 0, -27, 0, 0, -3, 0, -40, -27, 0, 0, 11, -13, -5};
weight_ih[107] = {-18, -5, 1, -31, 0, 0, -13, 9, 41, 0, -53, -23, 0, 18, 0, -5, -8, 0, 0, 46, -44, 0, 57, -9, 0, 0, 49, 0, -56, 15, 0, 0, 0, -20, 0, -70, 0, 27, 54, -2, -9, 0, -46, 0, 0, -37, 0, 0, -11, 40, 51, -82, 6, 0, 33, -42, 24, 12, -35, 0, 5, 0, 0, 10, 0, -33, 24, 0, 0, -4, 1, -34};
weight_ih[108] = {0, -7, 41, 3, 0, 0, 28, -13, 76, -34, -52, 64, 0, 6, 0, 31, 6, 0, 0, 32, 1, 0, -22, 2, 0, 0, 10, 0, -44, 42, 0, 0, 0, 80, 0, 2, 0, -8, -7, 1, -35, 0, 9, 0, 0, -44, 0, 0, 0, 12, 12, -28, -2, 0, -15, 43, 49, -9, -12, 0, 29, 0, 0, 15, 0, -10, -19, 0, 0, 22, 8, -9};
weight_ih[109] = {-13, -2, -25, -36, 0, 0, -29, -15, -2, -5, 23, 16, 0, -10, 0, -11, 35, 0, 0, 32, 22, 0, 30, 3, 0, 0, 8, 0, 6, -33, 0, 0, 0, -21, 0, 37, 0, -2, -10, 20, -14, 0, -19, 0, 0, 0, 0, 0, -20, 9, 4, -4, 4, 0, -21, -8, -4, 8, 22, 0, -19, 0, 0, -23, 0, -13, -11, 0, 0, -4, -25, -13};
weight_ih[110] = {-10, 5, 29, 14, 0, 0, 5, -12, -9, 3, -43, 9, 0, 29, 0, -24, 4, 0, 0, -22, -20, 0, -6, 6, 0, 0, 2, 0, -18, 12, 0, 0, 0, 14, 0, -14, 0, -15, -36, 5, 21, 0, 20, 0, 0, -17, 0, 0, -40, -5, 2, 2, -17, 0, -21, -19, -5, 20, 5, 0, 18, 0, 0, -25, 0, -5, 11, 0, 0, 20, -21, 0};
weight_ih[111] = {47, -8, 8, 15, 0, 0, -56, -19, -4, 7, -3, -23, 0, -8, 0, 15, 52, 0, 0, 9, -41, 0, -17, -15, 0, 0, -33, 0, 20, -78, 0, 0, 0, -15, 0, 3, 0, 29, 5, -12, 0, 0, 14, 0, 0, -52, 0, 0, -1, 53, -25, -5, -7, 0, 12, -30, -2, -7, -6, 0, 44, 0, 0, -19, 0, 47, 15, 0, 0, -27, -18, -11};
weight_ih[112] = {38, 27, -23, -14, 0, 0, -3, 15, 2, -29, -26, 29, 0, -2, 0, 39, -8, 0, 0, -11, 32, 0, -52, -17, 0, 0, -3, 0, -50, -41, 0, 0, 0, 0, 0, -14, 0, 4, 8, -30, 17, 0, -29, 0, 0, 18, 0, 0, -2, -47, -4, -42, -14, 0, 23, 29, -20, -1, 5, 0, -7, 0, 0, -17, 0, 30, -34, 0, 0, -15, -8, 24};
weight_ih[113] = {0, 1, -11, -5, 0, 0, 0, 1, 1, 1, -1, -1, 0, -3, 0, -5, 0, 0, 0, -3, 2, 0, 0, -6, 0, 0, 0, 0, -6, 1, 0, 0, 0, -6, 0, -1, 0, 0, -1, 0, 3, 0, -5, 0, 0, 2, 0, 0, 1, 2, 0, -2, -1, 0, 1, 1, -1, -2, 2, 0, -10, 0, 0, 1, 0, -1, 0, 0, 0, 0, 0, 0};
weight_ih[114] = {-44, 23, -35, -16, 0, 0, -38, -7, 31, 10, -43, -11, 0, 13, 0, -8, 51, 0, 0, -56, 76, 0, -9, -14, 0, 0, 37, 0, 52, 17, 0, 0, 0, -27, 0, -19, 0, -24, 3, 10, 40, 0, -32, 0, 0, 41, 0, 0, 3, 59, 79, -45, 1, 0, 40, -56, -18, 23, -27, 0, 28, 0, 0, 13, 0, 83, 9, 0, 0, 0, -30, 21};
weight_ih[115] = {-1, -13, -58, -46, 0, 0, -49, -5, 51, -38, -6, 17, 0, -32, 0, 10, -6, 0, 0, -79, -22, 0, -9, -30, 0, 0, 18, 0, -29, 32, 0, 0, 0, 71, 0, -43, 0, 29, 39, 1, -44, 0, -39, 0, 0, 2, 0, 0, 18, -5, -15, -17, -24, 0, -29, 25, 27, -43, -31, 0, -24, 0, 0, -21, 0, -16, -13, 0, 0, 18, -83, 16};
weight_ih[116] = {-23, -14, -22, -82, 0, 0, 1, 27, -11, 33, 10, 24, 0, -27, 0, 11, 74, 0, 0, -4, 23, 0, 56, 36, 0, 0, 31, 0, -47, -14, 0, 0, 0, 2, 0, 18, 0, 46, 72, 2, -29, 0, 0, 0, 0, 29, 0, 0, 13, 6, -3, -72, 2, 0, 46, 39, 54, 30, 36, 0, 4, 0, 0, 9, 0, 42, -22, 0, 0, 8, -15, 33};
weight_ih[117] = {0, 0, -9, -5, 0, 0, -1, 1, 5, 0, -2, -1, 0, -1, 0, -1, 1, 0, 0, -3, 2, 0, 0, -8, 0, 0, 0, 0, -6, 1, 0, 0, 0, -8, 0, -2, 0, 0, -2, 0, 3, 0, -5, 0, 0, 0, 0, 0, 1, 1, -1, -3, -1, 0, 2, 1, -1, -1, 1, 0, -12, 0, 0, 1, 0, 0, 0, 0, 0, 0, 0, -1};
weight_ih[118] = {-30, 9, 2, 13, 0, 0, 20, 3, 20, -8, -3, 14, 0, -14, 0, -9, -20, 0, 0, -24, -18, 0, -40, 9, 0, 0, 18, 0, 1, 2, 0, 0, 0, 14, 0, 8, 0, -9, 7, 26, -28, 0, 14, 0, 0, 14, 0, 0, 0, 20, 4, 3, 8, 0, -18, -20, -9, -24, -12, 0, -2, 0, 0, -4, 0, -1, 15, 0, 0, 5, 22, -5};
weight_ih[119] = {-5, 20, 37, 39, 0, 0, -24, 9, 18, -13, -26, 37, 0, -5, 0, -8, -9, 0, 0, -61, -7, 0, -5, 21, 0, 0, 31, 0, -42, 16, 0, 0, 0, 16, 0, -15, 0, 45, 20, 0, 6, 0, -35, 0, 0, 63, 0, 0, -12, 9, 3, -62, -17, 0, 1, -9, 5, -18, 10, 0, -13, 0, 0, 16, 0, 2, 5, 0, 0, 35, -5, 29};
weight_ih[120] = {2, -4, 40, 23, 0, 0, 0, -33, 31, -8, 5, 26, 0, -7, 0, -2, 4, 0, 0, -11, 24, 0, 17, 0, 0, 0, 5, 0, -24, 7, 0, 0, 0, 4, 0, 1, 0, 29, -22, 31, -9, 0, 8, 0, 0, -52, 0, 0, -21, -7, -22, 31, 4, 0, -15, 18, 17, 33, -22, 0, 4, 0, 0, 12, 0, -52, -14, 0, 0, -2, 3, -9};
weight_ih[121] = {-24, 7, -32, 9, 0, 0, -16, -35, -18, -32, 44, -6, 0, -40, 0, -48, 31, 0, 0, -6, -82, 0, 10, -1, 0, 0, -1, 0, -13, -16, 0, 0, 0, -34, 0, 30, 0, 48, 63, 9, 7, 0, -13, 0, 0, -42, 0, 0, -29, 5, 15, -8, 1, 0, 12, -51, 63, -38, -26, 0, -59, 0, 0, -56, 0, -32, -12, 0, 0, -8, 7, -19};
weight_ih[122] = {-14, 39, -10, -32, 0, 0, -14, -16, -3, 58, -24, -7, 0, 51, 0, -19, -21, 0, 0, 5, 19, 0, 5, -22, 0, 0, 32, 0, -23, -8, 0, 0, 0, -1, 0, -52, 0, 35, -46, -6, 14, 0, -30, 0, 0, 32, 0, 0, 10, 50, -44, -50, 19, 0, 55, 29, 48, 8, -41, 0, 13, 0, 0, -6, 0, -52, -12, 0, 0, 9, -8, 30};
weight_ih[123] = {49, -39, -3, -21, 0, 0, -6, -12, 26, 17, 30, 14, 0, 14, 0, 20, 12, 0, 0, 57, -27, 0, 29, -18, 0, 0, 32, 0, -12, 32, 0, 0, 0, 6, 0, 61, 0, -78, 9, 32, -29, 0, -5, 0, 0, -54, 0, 0, 5, -45, 3, 55, 0, 0, -4, 25, 44, 42, 21, 0, -32, 0, 0, -24, 0, 22, -13, 0, 0, 34, 50, -14};
weight_ih[124] = {-35, -21, 43, 4, 0, 0, -13, 25, -8, 39, 9, -6, 0, -3, 0, 33, -12, 0, 0, 25, -84, 0, -23, -34, 0, 0, -28, 0, -21, -65, 0, 0, 0, -10, 0, 12, 0, 3, -3, 11, 11, 0, 30, 0, 0, -31, 0, 0, -14, -62, 6, -11, 36, 0, -23, 31, 31, 22, -35, 0, 18, 0, 0, 6, 0, 21, -15, 0, 0, -19, -78, -27};
weight_ih[125] = {21, -15, 25, 7, 0, 0, -15, -47, 2, -12, 4, 10, 0, -21, 0, 39, -71, 0, 0, -16, -6, 0, -81, 31, 0, 0, 8, 0, 37, 20, 0, 0, 0, 12, 0, -1, 0, 5, -63, -11, -20, 0, 26, 0, 0, -35, 0, 0, -13, -9, -5, -23, -4, 0, -37, -10, -67, -38, -59, 0, 38, 0, 0, 22, 0, 33, -42, 0, 0, 9, -91, 23};
weight_ih[126] = {14, 21, 20, 28, 0, 0, 23, -34, 51, -6, -50, -23, 0, 85, 0, -25, -26, 0, 0, -8, 60, 0, -61, 39, 0, 0, 10, 0, -7, -4, 0, 0, 0, -24, 0, 45, 0, -78, 29, 37, 86, 0, -1, 0, 0, 83, 0, 0, 4, 24, -23, -10, 43, 0, 30, 22, -55, 42, 4, 0, 1, 0, 0, 52, 0, -1, 11, 0, 0, -4, -1, -24};
weight_ih[127] = {9, -27, -61, -28, 0, 0, -10, 23, 16, 26, 55, 8, 0, -18, 0, 6, 26, 0, 0, -29, -39, 0, -8, -5, 0, 0, -7, 0, 19, 16, 0, 0, 0, -47, 0, -7, 0, -19, -25, 24, -2, 0, 28, 0, 0, -22, 0, 0, -20, 54, -5, -26, -59, 0, 38, 0, -26, 12, -13, 0, -19, 0, 0, -2, 0, 47, 0, 0, 0, -4, -22, -40};
weight_ih[128] = {-30, 13, 32, 22, 0, 0, 18, 9, -7, 31, -9, 23, 0, 41, 0, -1, -30, 0, 0, 51, 31, 0, 6, 35, 0, 0, 16, 0, -26, -38, 0, 0, 0, 11, 0, -6, 0, 41, -52, 15, -22, 0, 4, 0, 0, 16, 0, 0, -4, 2, -6, 51, 36, 0, 32, -12, -18, 31, 8, 0, -19, 0, 0, 25, 0, -60, -8, 0, 0, -1, -38, -31};
weight_ih[129] = {-25, 50, 51, 34, 0, 0, -40, 17, -41, -22, 4, -32, 0, -14, 0, -28, -29, 0, 0, -22, 1, 0, -61, 18, 0, 0, 5, 0, 21, -54, 0, 0, 0, -23, 0, -77, 0, 76, -13, 17, 22, 0, -25, 0, 0, -22, 0, 0, -10, -21, -78, 13, 21, 0, 22, 64, 14, -10, -6, 0, -12, 0, 0, -31, 0, -18, -35, 0, 0, -22, -84, 6};
weight_ih[130] = {1, 16, 10, 16, 0, 0, 30, -28, -47, 2, -15, -11, 0, 30, 0, -22, -5, 0, 0, -41, 13, 0, -20, 29, 0, 0, 20, 0, 1, -26, 0, 0, 0, -25, 0, 10, 0, 1, -12, 36, -10, 0, 6, 0, 0, 41, 0, 0, -15, 26, -15, 1, 46, 0, -8, -3, -9, -12, -17, 0, -6, 0, 0, 19, 0, -33, -11, 0, 0, -14, 15, 5};
weight_ih[131] = {-85, 7, -31, -30, 0, 0, 80, -3, -18, -38, 11, -6, 0, -48, 0, -14, -6, 0, 0, -20, -28, 0, -14, 40, 0, 0, 18, 0, -23, 13, 0, 0, 0, -29, 0, 76, 0, -22, 42, 8, 15, 0, 37, 0, 0, -3, 0, 0, 6, -51, 19, -1, -14, 0, -44, -77, 14, 19, -26, 0, -54, 0, 0, -16, 0, -10, -1, 0, 0, -1, 5, -23};
weight_ih[132] = {65, -6, -1, -40, 0, 0, -45, 9, 38, 29, -109, 1, 0, -24, 0, -7, 13, 0, 0, -5, 8, 0, -4, -37, 0, 0, -9, 0, -79, 0, 0, 0, 0, 5, 0, -37, 0, -4, 16, -33, 30, 0, -103, 0, 0, -15, 0, 0, 3, -78, -3, -47, -27, 0, 3, 15, -11, -24, 27, 0, -14, 0, 0, 12, 0, 35, -3, 0, 0, 5, 1, -28};
weight_ih[133] = {8, 3, -34, -46, 0, 0, 3, -22, 29, -2, -69, 20, 0, 6, 0, -5, 6, 0, 0, 24, -3, 0, 7, -43, 0, 0, 5, 0, -31, -5, 0, 0, 0, -49, 0, -18, 0, -7, -5, -10, 6, 0, -57, 0, 0, 26, 0, 0, -16, 17, -4, -25, -1, 0, 7, -40, 6, -28, -3, 0, -114, 0, 0, 16, 0, -5, 2, 0, 0, 26, -3, 13};
weight_ih[134] = {22, -10, 3, -22, 0, 0, 2, 1, -23, 21, -7, -23, 0, 22, 0, 38, -1, 0, 0, 17, -16, 0, -6, -14, 0, 0, -6, 0, -5, -49, 0, 0, 0, -40, 0, -16, 0, -3, -4, 14, 5, 0, 1, 0, 0, 41, 0, 0, -21, 72, -15, 14, 5, 0, 26, 16, -27, -21, 13, 0, 18, 0, 0, 37, 0, -35, 9, 0, 0, -37, -42, 14};
weight_ih[135] = {-39, 11, -28, 21, 0, 0, -29, 24, 5, 31, -3, 1, 0, 9, 0, 7, 4, 0, 0, 13, -2, 0, 23, 6, 0, 0, -17, 0, -27, -8, 0, 0, 0, -12, 0, 0, 0, -35, 12, -14, 24, 0, 4, 0, 0, 33, 0, 0, 4, 17, -14, 17, -36, 0, 11, -29, 34, 44, 7, 0, -54, 0, 0, -6, 0, 18, 4, 0, 0, -15, -16, 8};
weight_ih[136] = {-26, -18, 26, -17, 0, 0, 16, -32, 32, 14, -24, -5, 0, -18, 0, 0, 24, 0, 0, 10, 24, 0, -11, -19, 0, 0, -4, 0, 30, -13, 0, 0, 0, 6, 0, -32, 0, -45, -27, 24, 0, 0, 7, 0, 0, 19, 0, 0, -18, -13, 12, -17, 1, 0, 6, 8, -26, -25, 26, 0, -11, 0, 0, 45, 0, -45, -11, 0, 0, 0, 38, 2};
weight_ih[137] = {-14, 20, -9, -14, 0, 0, -29, 11, 21, 8, 2, -2, 0, 15, 0, -5, 11, 0, 0, -16, 14, 0, -25, 11, 0, 0, 55, 0, -77, 13, 0, 0, 0, 8, 0, 45, 0, 56, -38, -15, 6, 0, -68, 0, 0, 64, 0, 0, -2, 11, -34, -69, 34, 0, 54, -18, -19, 32, 21, 0, -5, 0, 0, -18, 0, -8, 1, 0, 0, -1, 23, 47};
weight_ih[138] = {0, 0, -15, -6, 0, 0, 0, 1, -5, 0, -1, 0, 0, -6, 0, -7, 1, 0, 0, -3, 1, 0, 1, -4, 0, 0, -2, 0, -5, 0, 0, 0, 0, -4, 0, 0, 0, -1, 0, 0, 4, 0, -5, 0, 0, -1, 0, 0, 1, 1, 1, -2, 0, 0, 1, 1, 1, -3, 0, 0, -6, 0, 0, 1, 0, -1, 0, 0, 0, 0, 0, -1};
weight_ih[139] = {37, 17, 27, -18, 0, 0, -25, -18, 2, -34, 54, -38, 0, -34, 0, 16, -7, 0, 0, -96, -26, 0, -20, 24, 0, 0, -16, 0, 33, -14, 0, 0, 0, -33, 0, 49, 0, 13, -5, 17, 44, 0, 25, 0, 0, 2, 0, 0, -17, -34, 15, 18, -27, 0, -4, -9, -64, -78, -2, 0, 6, 0, 0, 0, 0, 30, -21, 0, 0, -10, -61, -18};
weight_ih[140] = {18, 26, 3, 4, 0, 0, -2, 26, -29, 34, 41, -27, 0, -14, 0, -32, 30, 0, 0, 24, -12, 0, 42, 1, 0, 0, 12, 0, 8, -31, 0, 0, 0, -46, 0, -12, 0, -8, -14, -27, 23, 0, 24, 0, 0, -39, 0, 0, 13, -19, 0, -17, 1, 0, 22, 73, 35, -3, -11, 0, 13, 0, 0, -26, 0, 63, 11, 0, 0, -8, 11, -19};
weight_ih[141] = {-11, 5, -11, -40, 0, 0, -23, 9, -35, -3, -31, 1, 0, -8, 0, -1, -11, 0, 0, 17, 57, 0, 28, 3, 0, 0, -6, 0, 9, -38, 0, 0, 0, 47, 0, -37, 0, 20, 8, -24, -22, 0, -30, 0, 0, 32, 0, 0, 5, -6, -6, -44, -12, 0, -10, -30, 18, 8, -12, 0, 21, 0, 0, 4, 0, 5, -15, 0, 0, 1, -24, -9};
weight_ih[142] = {0, 0, -15, -7, 0, 0, -1, 1, 0, 0, -3, -1, 0, -4, 0, -5, 1, 0, 0, -4, 2, 0, -1, -6, 0, 0, 0, 0, -6, 1, 0, 0, 0, -7, 0, -1, 0, -1, -1, 0, 3, 0, -6, 0, 0, -1, 0, 0, 1, 1, 0, -3, -1, 0, 1, 0, -1, -2, 0, 0, -10, 0, 0, 1, 0, 0, 0, 0, 0, 0, -1, -1};
weight_ih[143] = {4, 2, -19, -20, 0, 0, 11, 2, -18, -19, 11, -6, 0, 15, 0, 2, 4, 0, 0, -19, 4, 0, 8, -1, 0, 0, -14, 0, -7, -16, 0, 0, 0, -18, 0, -9, 0, -19, 8, 4, -13, 0, -17, 0, 0, 46, 0, 0, -8, -26, 3, 7, -2, 0, 13, -8, -21, -37, 0, 0, -22, 0, 0, -13, 0, 18, 6, 0, 0, -12, 6, 7};
weight_ih[144] = {20, 6, 4, 33, 0, 0, -10, 46, 45, -6, -24, 50, 0, 81, 0, -2, 7, 0, 0, 21, 41, 0, -7, -9, 0, 0, -4, 0, 6, 11, 0, 0, 0, -4, 0, -77, 0, -1, -56, 39, 50, 0, -26, 0, 0, 63, 0, 0, -5, 56, -19, 3, -17, 0, 13, 18, -27, 26, -35, 0, -17, 0, 0, 41, 0, -43, 11, 0, 0, -5, -26, 1};
weight_ih[145] = {-49, -22, 31, 0, 0, 0, 109, 16, -26, 13, 38, -4, 0, -6, 0, -22, -28, 0, 0, 60, -58, 0, 35, 47, 0, 0, 6, 0, -51, 3, 0, 0, 0, -18, 0, 33, 0, -12, 38, -7, -31, 0, 23, 0, 0, -33, 0, 0, 25, 15, -15, 24, -23, 0, -27, -24, 19, -17, -27, 0, -21, 0, 0, -31, 0, -43, -31, 0, 0, -8, 57, 7};
weight_ih[146] = {59, -28, -10, 32, 0, 0, 11, 13, 5, -19, -36, -22, 0, 7, 0, -5, -9, 0, 0, -29, -1, 0, -98, -32, 0, 0, -15, 0, 36, -23, 0, 0, 0, -47, 0, -2, 0, -3, 0, 18, 18, 0, -11, 0, 0, 47, 0, 0, 11, -15, 4, 33, -4, 0, -20, 3, 9, 26, -3, 0, 28, 0, 0, 27, 0, 11, 17, 0, 0, -10, -18, -47};
weight_ih[147] = {4, 4, -47, -7, 0, 0, 21, 4, -7, -1, -53, -60, 0, 17, 0, -16, 21, 0, 0, 88, -3, 0, -9, -11, 0, 0, -19, 0, -45, 27, 0, 0, 0, -50, 0, -14, 0, -30, 32, 31, -4, 0, -11, 0, 0, 38, 0, 0, 0, 30, 10, -23, -14, 0, 5, -2, 19, -8, -20, 0, -41, 0, 0, 1, 0, 2, -6, 0, 0, 8, 14, -1};
weight_ih[148] = {-15, 30, 33, 10, 0, 0, 15, 23, -44, 2, 70, 28, 0, 38, 0, 17, -15, 0, 0, -8, 8, 0, 15, -19, 0, 0, 10, 0, 61, -48, 0, 0, 0, 28, 0, 15, 0, -12, 4, -24, -14, 0, 12, 0, 0, 29, 0, 0, 26, 43, -3, -14, 18, 0, 13, 20, 11, -6, 0, 0, 21, 0, 0, 58, 0, -8, 6, 0, 0, -14, 29, 31};
weight_ih[149] = {1, -3, -16, -6, 0, 0, -7, -6, -31, -11, -15, -1, 0, -13, 0, -9, -3, 0, 0, -12, -3, 0, -3, -6, 0, 0, -3, 0, -17, -15, 0, 0, 0, -8, 0, -5, 0, -1, -4, -7, -10, 0, -8, 0, 0, -6, 0, 0, -1, -9, -2, -10, -4, 0, -13, -1, -6, -5, 0, 0, -8, 0, 0, -2, 0, -9, 0, 0, 0, -2, -3, -1};
weight_ih[150] = {1, -2, -15, -6, 0, 0, -7, -7, -30, -12, -15, 0, 0, -12, 0, -8, -3, 0, 0, -11, -3, 0, -5, -6, 0, 0, -4, 0, -16, -13, 0, 0, 0, -8, 0, -4, 0, -2, -4, -6, -11, 0, -8, 0, 0, -7, 0, 0, -1, -9, -2, -9, -4, 0, -13, -3, -7, -4, -1, 0, -8, 0, 0, -2, 0, -8, 0, 0, 0, -2, -4, -2};
weight_ih[151] = {15, -16, -5, 2, 0, 0, -40, -39, -53, 33, 37, 18, 0, -47, 0, -34, 15, 0, 0, -42, 3, 0, 42, 26, 0, 0, -7, 0, -10, -51, 0, 0, 0, 38, 0, 19, 0, -4, 29, -2, 6, 0, -21, 0, 0, -32, 0, 0, -20, -42, 14, 10, 27, 0, 84, -12, 8, -35, 63, 0, 51, 0, 0, -15, 0, 30, 35, 0, 0, -11, -47, 2};
weight_ih[152] = {24, -3, 12, -12, 0, 0, -24, -42, -31, 28, 37, -32, 0, -83, 0, -35, 18, 0, 0, 41, -36, 0, -1, 13, 0, 0, -2, 0, -27, -28, 0, 0, 0, -11, 0, 57, 0, 5, 48, -10, -45, 0, -8, 0, 0, -58, 0, 0, -6, -50, -9, 0, -15, 0, 17, 50, 21, -26, 9, 0, 4, 0, 0, -8, 0, 33, -4, 0, 0, -2, 34, 17};
weight_ih[153] = {-9, 1, 33, 19, 0, 0, -15, 30, 4, -17, -47, 17, 0, 11, 0, 15, 26, 0, 0, 7, -29, 0, 15, -20, 0, 0, -43, 0, 0, -1, 0, 0, 0, 75, 0, -1, 0, -30, 4, -18, 3, 0, 31, 0, 0, -48, 0, 0, 20, 43, -18, -5, 5, 0, -31, -11, 27, 9, -38, 0, 40, 0, 0, 13, 0, 13, -11, 0, 0, -1, -37, -9};
weight_ih[154] = {-7, -11, 5, 2, 0, 0, -33, -28, 21, 32, -86, -28, 0, 43, 0, -25, -48, 0, 0, 21, 4, 0, 19, -19, 0, 0, -3, 0, -93, 38, 0, 0, 0, 40, 0, -13, 0, 7, 20, 34, -9, 0, -70, 0, 0, -13, 0, 0, -37, 9, -24, -58, -6, 0, 18, -7, 27, 7, 21, 0, 22, 0, 0, 10, 0, 8, -3, 0, 0, 1, 16, 4};
weight_ih[155] = {45, 7, 35, 7, 0, 0, 3, -38, -13, -33, 15, -5, 0, 18, 0, -14, -25, 0, 0, 1, -29, 0, -4, -38, 0, 0, -28, 0, 18, -10, 0, 0, 0, 5, 0, 49, 0, 9, 4, 0, 35, 0, 0, 0, 0, -67, 0, 0, 3, -54, -2, 32, -21, 0, -23, -3, 16, -3, -76, 0, 57, 0, 0, -43, 0, 11, -25, 0, 0, -17, -55, -21};
weight_ih[156] = {44, 2, 11, 19, 0, 0, 3, 3, 8, 41, 23, -4, 0, 3, 0, -9, 13, 0, 0, -15, -13, 0, -2, -26, 0, 0, -29, 0, 47, 4, 0, 0, 0, -20, 0, 2, 0, -33, -20, 18, -1, 0, 23, 0, 0, 21, 0, 0, -3, -51, 11, 10, 34, 0, 11, -7, -36, 21, -4, 0, 8, 0, 0, -10, 0, 55, 5, 0, 0, 3, 57, -10};
weight_ih[157] = {-2, -40, -1, 1, 0, 0, -28, 27, 17, 1, 22, 4, 0, 34, 0, 89, -22, 0, 0, 26, -43, 0, -1, 36, 0, 0, 34, 0, -35, -20, 0, 0, 0, -44, 0, 47, 0, 34, 21, -45, -19, 0, -24, 0, 0, -9, 0, 0, 9, 18, -60, 32, 30, 0, -13, -43, 13, 34, 0, 0, -27, 0, 0, -17, 0, -54, 1, 0, 0, -23, -18, 1};
weight_ih[158] = {-7, -11, -44, 35, 0, 0, 4, -65, -76, -49, 42, -19, 0, -51, 0, -33, 0, 0, 0, -67, -34, 0, 21, -32, 0, 0, -33, 0, 7, -10, 0, 0, 0, -17, 0, 21, 0, -8, -25, -13, 46, 0, 16, 0, 0, -15, 0, 0, -6, -4, -11, 35, 1, 0, -51, 19, 4, -52, -11, 0, -4, 0, 0, -3, 0, 1, -22, 0, 0, -2, -5, 10};
weight_ih[159] = {-1, 2, 16, 6, 0, 0, 6, 5, 33, 11, 16, 2, 0, 13, 0, 9, 2, 0, 0, 10, 3, 0, 3, 6, 0, 0, 4, 0, 18, 16, 0, 0, 0, 9, 0, 6, 0, 3, 4, 7, 9, 0, 8, 0, 0, 6, 0, 0, 1, 9, 1, 10, 4, 0, 13, 1, 6, 5, 0, 0, 7, 0, 0, 2, 0, 8, 0, 0, 0, 2, 3, 2};
weight_ih[160] = {-18, -1, -18, 2, 0, 0, -8, -15, -49, 3, 34, -9, 0, -1, 0, -27, -14, 0, 0, -47, -25, 0, -38, 8, 0, 0, -19, 0, 69, 23, 0, 0, 0, -12, 0, -12, 0, 0, -47, 25, -4, 0, 11, 0, 0, 31, 0, 0, 7, 25, -21, 24, 24, 0, 7, -18, -77, 5, 2, 0, 12, 0, 0, -14, 0, -32, 3, 0, 0, 13, 11, 11};
weight_ih[161] = {-1, 3, 16, 6, 0, 0, 7, 7, 32, 10, 16, 2, 0, 15, 0, 9, 1, 0, 0, 10, 5, 0, 0, 6, 0, 0, 3, 0, 19, 15, 0, 0, 0, 7, 0, 5, 0, 2, 4, 6, 11, 0, 7, 0, 0, 8, 0, 0, 1, 9, 1, 9, 4, 0, 12, 1, 6, 5, 1, 0, 7, 0, 0, 1, 0, 9, 0, 0, 0, 2, 3, 2};
weight_ih[162] = {22, 20, 53, 23, 0, 0, 12, 4, -42, -30, 55, -24, 0, -4, 0, 27, 3, 0, 0, 13, -4, 0, 1, 12, 0, 0, 1, 0, 40, -64, 0, 0, 0, -5, 0, 19, 0, 20, 19, -21, -7, 0, 24, 0, 0, 14, 0, 0, 27, -2, 2, 34, 29, 0, 14, -35, -9, -6, 2, 0, -9, 0, 0, 40, 0, 15, 9, 0, 0, -30, 17, -7};
weight_ih[163] = {26, -19, 22, 13, 0, 0, 2, 8, 23, -19, -36, 15, 0, 1, 0, 38, -19, 0, 0, -2, -20, 0, -7, -22, 0, 0, 3, 0, -8, 25, 0, 0, 0, 44, 0, -9, 0, -15, -32, -39, 14, 0, -9, 0, 0, -31, 0, 0, -21, -17, -3, -28, 1, 0, -35, 36, -26, -16, -21, 0, -3, 0, 0, 5, 0, 5, -1, 0, 0, -1, -18, 21};
weight_ih[164] = {-17, 27, -21, -4, 0, 0, -13, 3, 43, 20, -86, -10, 0, -8, 0, 68, -4, 0, 0, 25, -15, 0, -10, -28, 0, 0, 35, 0, -67, 3, 0, 0, 0, -5, 0, -52, 0, -32, -42, 8, -15, 0, -4, 0, 0, -16, 0, 0, 26, -18, 6, -54, 1, 0, -6, -6, -7, 1, -5, 0, -58, 0, 0, 23, 0, -22, -1, 0, 0, 26, 2, 2};
weight_ih[165] = {44, 24, -10, -14, 0, 0, -22, -10, 23, -14, 40, 0, 0, 0, 0, -40, -29, 0, 0, -11, -34, 0, 3, 19, 0, 0, 26, 0, 2, 10, 0, 0, 0, -4, 0, 6, 0, -4, -33, -36, 29, 0, 30, 0, 0, -72, 0, 0, 9, 1, -13, -11, -5, 0, 8, -12, -20, -17, -23, 0, 6, 0, 0, -68, 0, 15, 29, 0, 0, 10, 18, 3};
weight_ih[166] = {-30, 20, -3, -1, 0, 0, 11, -7, -32, -21, 20, -38, 0, -44, 0, 12, 14, 0, 0, -48, 34, 0, -45, 37, 0, 0, 0, 0, 22, -17, 0, 0, 0, -18, 0, 33, 0, 15, -14, 33, 54, 0, 50, 0, 0, 6, 0, 0, 0, 22, -16, -11, 8, 0, 56, 40, 19, 29, -38, 0, 16, 0, 0, -32, 0, 17, -3, 0, 0, -8, 35, 34};
weight_ih[167] = {-49, 6, 10, 33, 0, 0, -59, -15, 3, 44, -10, -6, 0, -2, 0, -28, 25, 0, 0, -55, -2, 0, 6, 45, 0, 0, -2, 0, 52, 28, 0, 0, 0, -13, 0, 4, 0, 39, -12, -17, -21, 0, 13, 0, 0, -9, 0, 0, 1, -30, 38, 22, 29, 0, 1, -31, -36, 43, 43, 0, 31, 0, 0, -48, 0, 4, -13, 0, 0, 4, -27, -6};
weight_ih[168] = {-44, 11, -16, -29, 0, 0, 9, 3, 59, 67, -43, -24, 0, -14, 0, -28, -16, 0, 0, 6, 14, 0, -17, -8, 0, 0, -16, 0, -55, 31, 0, 0, 0, -30, 0, -8, 0, -16, -23, 7, 15, 0, -19, 0, 0, 0, 0, 0, 16, 9, -17, -59, -1, 0, -17, -31, 10, 29, -7, 0, -68, 0, 0, 3, 0, 23, -18, 0, 0, 7, -12, 36};
weight_ih[169] = {-27, 25, 41, -9, 0, 0, -9, -2, 49, 8, -20, -11, 0, -16, 0, 28, -2, 0, 0, 16, -7, 0, -32, 34, 0, 0, -12, 0, -19, 13, 0, 0, 0, 8, 0, -4, 0, 11, -12, 9, 1, 0, 1, 0, 0, -11, 0, 0, 11, -4, -7, -25, 28, 0, 4, 4, -16, -4, 1, 0, 20, 0, 0, 2, 0, -10, -17, 0, 0, 5, 11, 12};
weight_ih[170] = {3, -2, -24, 6, 0, 0, 12, 14, -14, 25, 24, 32, 0, 5, 0, -63, 20, 0, 0, 44, 8, 0, 8, 46, 0, 0, -35, 0, 33, 21, 0, 0, 0, 18, 0, 23, 0, 20, -5, -19, 39, 0, 27, 0, 0, 18, 0, 0, 7, 21, 30, 21, -36, 0, 20, -2, -20, -27, 26, 0, 30, 0, 0, 24, 0, -21, -21, 0, 0, 13, 44, -30};
weight_ih[171] = {-28, -22, -12, -28, 0, 0, 22, 23, 63, 12, -51, -2, 0, 17, 0, 5, -15, 0, 0, 2, -5, 0, 37, -4, 0, 0, 11, 0, -21, 29, 0, 0, 0, -8, 0, -5, 0, -40, -20, 15, 49, 0, 14, 0, 0, 25, 0, 0, 2, 18, 23, -27, -14, 0, 17, -59, -39, -16, -6, 0, -41, 0, 0, 43, 0, -11, -6, 0, 0, 4, -14, 15};
weight_ih[172] = {12, 20, 29, 7, 0, 0, -29, -20, 10, -36, 29, -18, 0, 21, 0, 27, 7, 0, 0, -10, 15, 0, 6, -25, 0, 0, -24, 0, 7, -34, 0, 0, 0, -9, 0, -6, 0, 48, -41, 37, -8, 0, 32, 0, 0, -12, 0, 0, 3, 12, -19, -12, -49, 0, -38, 16, -20, 45, -31, 0, -17, 0, 0, -21, 0, 13, 3, 0, 0, 2, -25, -24};
weight_ih[173] = {0, -2, -17, -8, 0, 0, -7, -6, -31, -10, -15, -1, 0, -13, 0, -8, -1, 0, 0, -12, -4, 0, -2, -6, 0, 0, -3, 0, -17, -14, 0, 0, 0, -9, 0, -4, 0, -1, -3, -6, -11, 0, -9, 0, 0, -9, 0, 0, -1, -8, -1, -10, -4, 0, -13, -2, -6, -4, -2, 0, -8, 0, 0, -1, 0, -9, 0, 0, 0, -2, -3, -2};
weight_ih[174] = {-10, 26, 3, 13, 0, 0, -25, -89, -36, -28, 12, 1, 0, -46, 0, -24, 33, 0, 0, -6, -60, 0, 1, 14, 0, 0, -5, 0, -16, -40, 0, 0, 0, -28, 0, 48, 0, -30, 7, 11, -40, 0, 29, 0, 0, -46, 0, 0, -13, -19, -25, 5, -45, 0, 30, -33, 6, -37, -49, 0, 0, 0, 0, -25, 0, 0, -17, 0, 0, -8, -17, 15};
weight_ih[175] = {-10, -4, -21, -7, 0, 0, 18, -3, -7, 10, 49, -17, 0, 17, 0, -27, -13, 0, 0, 8, 5, 0, -12, 14, 0, 0, -6, 0, 39, -6, 0, 0, 0, -19, 0, 40, 0, -4, 8, -14, 23, 0, -9, 0, 0, 61, 0, 0, 9, 1, 10, 38, 2, 0, 19, 19, 21, 16, 19, 0, -32, 0, 0, -11, 0, -3, 7, 0, 0, 1, 20, 3};
weight_ih[176] = {0, 1, 17, 6, 0, 0, 7, 7, 33, 12, 17, 2, 0, 13, 0, 9, 3, 0, 0, 11, 3, 0, 5, 5, 0, 0, 4, 0, 15, 14, 0, 0, 0, 7, 0, 5, 0, 4, 4, 7, 10, 0, 7, 0, 0, 8, 0, 0, 0, 9, 2, 9, 3, 0, 13, 3, 6, 5, 3, 0, 5, 0, 0, 4, 0, 7, 0, 0, 0, 1, 3, 1};
weight_ih[177] = {-19, -13, 6, -1, 0, 0, -35, -2, -10, -10, 50, -3, 0, -2, 0, 23, -1, 0, 0, 9, -6, 0, -9, 41, 0, 0, -22, 0, 21, -33, 0, 0, 0, 9, 0, 22, 0, 26, -2, 3, -10, 0, 14, 0, 0, 9, 0, 0, -27, -12, -42, 43, 14, 0, 18, 26, 12, 31, 22, 0, 4, 0, 0, -13, 0, 19, 9, 0, 0, 6, 0, 6};
weight_ih[178] = {63, 2, -16, -19, 0, 0, 41, 7, 24, 31, 27, 43, 0, 8, 0, 12, -41, 0, 0, 9, -16, 0, -32, -12, 0, 0, -13, 0, -16, 40, 0, 0, 0, 8, 0, 22, 0, 10, 2, -4, 34, 0, 4, 0, 0, -16, 0, 0, 15, 16, -39, -20, -13, 0, 19, 69, 19, -42, -7, 0, 36, 0, 0, 9, 0, 24, -19, 0, 0, 0, 23, 6};
weight_ih[179] = {-26, -19, -22, 1, 0, 0, 23, 22, 36, -10, -35, 17, 0, -11, 0, -34, 48, 0, 0, 22, 19, 0, 56, -41, 0, 0, -20, 0, -3, 20, 0, 0, 0, -9, 0, -54, 0, -33, -8, 40, -40, 0, -7, 0, 0, 28, 0, 0, 21, 4, 43, -21, -31, 0, 24, 0, -23, 46, -8, 0, 2, 0, 0, -26, 0, 23, 49, 0, 0, 6, -25, -34};
weight_ih[180] = {-3, 2, -46, -7, 0, 0, 19, 8, -43, 18, 60, -18, 0, -24, 0, -43, 6, 0, 0, 18, 39, 0, 20, -26, 0, 0, -49, 0, 63, -3, 0, 0, 0, -42, 0, -27, 0, 18, -9, -36, 34, 0, 10, 0, 0, 34, 0, 0, -6, -18, 16, 28, -37, 0, 29, 14, 10, -24, 8, 0, 22, 0, 0, 9, 0, 4, -7, 0, 0, -17, 60, 28};
weight_ih[181] = {24, 39, 12, -1, 0, 0, -4, -27, 37, 20, 68, -9, 0, 19, 0, -2, 19, 0, 0, 22, 1, 0, 18, -5, 0, 0, 14, 0, 50, 26, 0, 0, 0, -6, 0, -1, 0, -3, 7, 2, -12, 0, -25, 0, 0, 22, 0, 0, 40, -1, -25, 10, -26, 0, 33, -38, -5, 22, 12, 0, -11, 0, 0, -8, 0, 6, 19, 0, 0, -9, 13, 28};
weight_ih[182] = {21, -9, -18, -32, 0, 0, -48, -23, 63, 16, -130, -24, 0, -14, 0, 14, 4, 0, 0, 14, -29, 0, -39, -14, 0, 0, -16, 0, -131, 59, 0, 0, 0, 41, 0, -12, 0, -29, -17, 46, -30, 0, -55, 0, 0, -60, 0, 0, -10, -32, 19, -2, 1, 0, -40, -29, -63, -21, 1, 0, -29, 0, 0, 4, 0, -36, -1, 0, 0, 17, -11, -31};
weight_ih[183] = {-35, 4, -77, -26, 0, 0, 16, 49, 9, -12, 22, 24, 0, 18, 0, 6, 2, 0, 0, 27, 59, 0, 58, -7, 0, 0, -51, 0, 26, -12, 0, 0, 0, -4, 0, 1, 0, -47, -59, -24, 17, 0, -23, 0, 0, -4, 0, 0, 27, -21, 17, -10, 11, 0, 1, -19, 1, -21, 42, 0, -19, 0, 0, -4, 0, -9, 2, 0, 0, 18, -71, -27};
weight_ih[184] = {-3, -5, 1, -2, 0, 0, 26, 1, -64, -25, 53, -21, 0, -23, 0, -32, 7, 0, 0, 9, -8, 0, 15, -13, 0, 0, 0, 0, 31, -76, 0, 0, 0, 1, 0, 18, 0, 18, -13, -33, 0, 0, 36, 0, 0, 28, 0, 0, -1, 27, 12, 28, -14, 0, 12, 31, -25, 0, 1, 0, -7, 0, 0, 19, 0, -21, 0, 0, 0, -6, -28, -10};
weight_ih[185] = {-1, 2, 14, 6, 0, 0, 7, 8, 29, 11, 15, 2, 0, 14, 0, 9, 3, 0, 0, 11, 4, 0, 5, 7, 0, 0, 3, 0, 17, 14, 0, 0, 0, 10, 0, 5, 0, 1, 4, 6, 12, 0, 8, 0, 0, 8, 0, 0, 1, 10, 2, 9, 4, 0, 12, 2, 7, 5, 2, 0, 9, 0, 0, 3, 0, 8, 0, 0, 0, 2, 3, 1};
weight_ih[186] = {16, 14, -30, -23, 0, 0, 20, -23, 7, 41, 44, 1, 0, -9, 0, -16, -31, 0, 0, -10, 5, 0, -7, -22, 0, 0, -21, 0, 9, 3, 0, 0, 0, -32, 0, -3, 0, -41, -26, -4, -20, 0, -7, 0, 0, -8, 0, 0, -11, -22, -15, 3, 0, 0, -11, 51, 6, -17, 21, 0, -50, 0, 0, -16, 0, -37, -13, 0, 0, -1, -26, -18};
weight_ih[187] = {-12, 3, -28, -32, 0, 0, 54, 4, -3, 8, -21, -33, 0, -42, 0, 6, 17, 0, 0, 70, -7, 0, 9, -1, 0, 0, 15, 0, -8, 33, 0, 0, 0, -13, 0, -11, 0, -8, 35, 46, -34, 0, -14, 0, 0, 10, 0, 0, -1, -15, 5, 43, 5, 0, -36, -18, 34, -21, -14, 0, -47, 0, 0, 30, 0, -46, -3, 0, 0, 12, 33, -5};
weight_ih[188] = {6, -21, 45, 11, 0, 0, -4, 6, 49, 1, -69, 38, 0, 10, 0, 40, 33, 0, 0, -19, 1, 0, -6, 9, 0, 0, 3, 0, -46, 1, 0, 0, 0, 9, 0, 7, 0, -25, 23, -13, 22, 0, 8, 0, 0, 24, 0, 0, 1, -11, 4, -16, 4, 0, 33, 1, -1, -18, 43, 0, 14, 0, 0, 21, 0, -1, 5, 0, 0, -6, -12, 22};
weight_ih[189] = {2, -3, -15, -7, 0, 0, -8, -7, -29, -11, -15, -2, 0, -13, 0, -7, -3, 0, 0, -11, -3, 0, -3, -8, 0, 0, -2, 0, -18, -15, 0, 0, 0, -11, 0, -5, 0, -1, -4, -6, -11, 0, -8, 0, 0, -7, 0, 0, -1, -9, -2, -10, -5, 0, -12, -1, -6, -5, -2, 0, -10, 0, 0, -2, 0, -7, 0, 0, 0, -2, -4, -2};
weight_ih[190] = {7, 22, 69, 7, 0, 0, 1, -2, -14, -29, 46, -29, 0, -4, 0, -19, 4, 0, 0, 6, -20, 0, -40, 47, 0, 0, -1, 0, 43, -47, 0, 0, 0, -52, 0, 7, 0, 16, -4, -23, -25, 0, 38, 0, 0, -14, 0, 0, 57, -16, 7, 68, 8, 0, -40, -26, -57, 17, -32, 0, 28, 0, 0, 5, 0, -22, -8, 0, 0, -22, -19, -4};
weight_ih[191] = {20, -22, -38, -74, 0, 0, -7, -3, 66, 29, -80, -26, 0, -4, 0, 21, 11, 0, 0, 29, 3, 0, -12, -41, 0, 0, -21, 0, -45, 79, 0, 0, 0, -53, 0, -57, 0, 18, -11, -4, -5, 0, -54, 0, 0, -19, 0, 0, -11, -18, -14, -26, -26, 0, -4, 20, -14, -8, -7, 0, -16, 0, 0, -23, 0, 9, -3, 0, 0, 44, -19, -4};
weight_ih[192] = {25, -31, -4, -54, 0, 0, -4, 20, 18, -22, -61, 30, 0, 29, 0, 37, -24, 0, 0, 36, -7, 0, 4, -1, 0, 0, -30, 0, -13, -58, 0, 0, 0, 22, 0, 5, 0, -22, -7, -2, -4, 0, -23, 0, 0, 8, 0, 0, -29, 5, 12, -12, -23, 0, 10, 13, -8, -38, 2, 0, 29, 0, 0, 7, 0, 8, -19, 0, 0, -34, 10, 7};
weight_ih[193] = {-40, 0, -3, -9, 0, 0, 35, -23, 59, -20, 2, 34, 0, 0, 0, 40, 32, 0, 0, -45, -13, 0, -21, -17, 0, 0, -21, 0, -12, 14, 0, 0, 0, 28, 0, 6, 0, 35, 37, -38, 16, 0, -4, 0, 0, 10, 0, 0, 9, -57, 7, -21, -2, 0, 10, -26, -7, -52, 22, 0, 10, 0, 0, -12, 0, 8, -3, 0, 0, 19, 18, -4};
weight_ih[194] = {8, -16, -4, -13, 0, 0, -5, -94, -25, 1, 26, 26, 0, 11, 0, 8, 31, 0, 0, -28, -64, 0, 52, -20, 0, 0, 21, 0, -3, 2, 0, 0, 0, 18, 0, 37, 0, 27, 98, 0, 0, 0, 9, 0, 0, -88, 0, 0, -21, -14, 51, 8, -24, 0, 10, -21, 13, -4, -85, 0, -12, 0, 0, 5, 0, 13, -20, 0, 0, -27, 21, -5};
weight_ih[195] = {-26, 11, 6, 9, 0, 0, 18, 9, 12, -8, -78, -21, 0, -3, 0, -49, 6, 0, 0, 8, -12, 0, -36, -18, 0, 0, -45, 0, -66, 29, 0, 0, 0, 44, 0, -37, 0, -26, -23, 55, -3, 0, -16, 0, 0, -8, 0, 0, -5, 10, -2, 4, 2, 0, -8, -58, -59, -1, 20, 0, -35, 0, 0, 25, 0, -45, -24, 0, 0, 9, 36, -12};
weight_ih[196] = {-38, -10, -2, 11, 0, 0, 35, -1, -99, 12, 73, -23, 0, -29, 0, -39, -22, 0, 0, -19, -23, 0, 7, -7, 0, 0, -27, 0, 49, -43, 0, 0, 0, -2, 0, 7, 0, -17, -4, 8, 23, 0, 35, 0, 0, 14, 0, 0, -15, -20, -16, 51, 17, 0, 9, -7, 4, -12, 8, 0, 3, 0, 0, 24, 0, 6, -5, 0, 0, -14, -6, 17};
weight_ih[197] = {-17, 21, -38, -34, 0, 0, -22, 33, -48, 26, 40, -16, 0, -4, 0, -52, -13, 0, 0, -44, 44, 0, 48, -2, 0, 0, -13, 0, 24, -3, 0, 0, 0, -19, 0, 49, 0, 28, 24, -26, -11, 0, -36, 0, 0, 2, 0, 0, -6, -27, 40, -7, 24, 0, 39, -15, 12, 3, 42, 0, -37, 0, 0, -9, 0, 27, -20, 0, 0, -13, -29, -44};
weight_ih[198] = {12, 9, 2, -2, 0, 0, -1, -110, 2, -31, -37, -13, 0, 5, 0, 19, 19, 0, 0, -57, 40, 0, -42, -7, 0, 0, 24, 0, 46, -2, 0, 0, 0, -1, 0, 31, 0, -56, 31, 2, -29, 0, -23, 0, 0, -22, 0, 0, -22, -14, 53, 10, 23, 0, 26, -44, -48, 11, -6, 0, 22, 0, 0, -14, 0, 53, -18, 0, 0, -2, -54, 20};
weight_ih[199] = {-8, 5, -16, -2, 0, 0, -22, 8, 13, 44, -39, 1, 0, 17, 0, -22, 13, 0, 0, 36, -3, 0, 0, 14, 0, 0, -25, 0, 3, 71, 0, 0, 0, -2, 0, 0, 0, 2, -51, 33, 20, 0, -20, 0, 0, 23, 0, 0, 4, 39, -7, -6, 49, 0, 3, -4, -18, 10, -13, 0, -1, 0, 0, 27, 0, -20, -27, 0, 0, 30, 57, 7};
weight_ih[200] = {-3, -11, -36, -32, 0, 0, 1, -10, 4, 31, -58, -14, 0, -19, 0, -41, 34, 0, 0, -6, -36, 0, 0, -33, 0, 0, 28, 0, -32, -4, 0, 0, 0, -10, 0, -11, 0, -18, 33, -6, 57, 0, 10, 0, 0, -36, 0, 0, 0, 81, -13, -30, -16, 0, 62, -17, 36, 24, -35, 0, 0, 0, 0, 12, 0, 28, 13, 0, 0, 5, 88, 1};
weight_ih[201] = {35, 16, -57, -32, 0, 0, -22, 78, -9, 33, 19, -5, 0, -15, 0, -31, -7, 0, 0, 38, 14, 0, 13, -23, 0, 0, -70, 0, 19, 48, 0, 0, 0, -26, 0, -35, 0, 10, -14, -3, -16, 0, -20, 0, 0, -27, 0, 0, 44, -14, -23, -19, -14, 0, -20, -4, -44, -12, 21, 0, 28, 0, 0, 24, 0, 48, -8, 0, 0, 40, -31, -3};
weight_ih[202] = {-48, 36, -40, 6, 0, 0, -9, 51, 19, 24, -64, 24, 0, 55, 0, -45, -30, 0, 0, 62, 8, 0, -10, 8, 0, 0, 8, 0, -10, 36, 0, 0, 0, 48, 0, -5, 0, -44, -15, -33, 8, 0, -5, 0, 0, 36, 0, 0, -17, 52, 0, -3, 45, 0, -53, 0, 25, 36, -22, 0, 0, 0, 0, 24, 0, -31, 14, 0, 0, -2, 28, 9};
weight_ih[203] = {-48, 26, 29, 22, 0, 0, 33, -20, 46, -21, -11, 7, 0, 34, 0, 9, 59, 0, 0, 27, 7, 0, 69, 12, 0, 0, -18, 0, -39, 23, 0, 0, 0, 0, 0, 8, 0, -23, 10, 2, 29, 0, 22, 0, 0, 37, 0, 0, 19, -24, -15, -11, -58, 0, -19, -88, -1, 21, 6, 0, 5, 0, 0, 26, 0, -18, 7, 0, 0, -3, -19, -11};
weight_ih[204] = {-14, -2, -64, -55, 0, 0, 31, 5, -49, -33, 79, -6, 0, -16, 0, -14, -22, 0, 0, 0, -5, 0, -14, -35, 0, 0, -23, 0, 73, -56, 0, 0, 0, -10, 0, -5, 0, -2, -15, -47, -10, 0, -33, 0, 0, 51, 0, 0, 28, 0, 3, -1, -17, 0, -9, 24, -7, -26, -16, 0, -41, 0, 0, -18, 0, 12, 5, 0, 0, -2, 2, -1};
weight_ih[205] = {7, -7, 48, 18, 0, 0, -33, -11, 82, 18, -80, -1, 0, 8, 0, 43, 27, 0, 0, 10, -13, 0, -3, 17, 0, 0, 8, 0, -65, 61, 0, 0, 0, -17, 0, 11, 0, 10, 13, 16, -17, 0, -6, 0, 0, -55, 0, 0, 8, -27, 7, -14, 25, 0, -20, -22, -26, 11, 7, 0, -8, 0, 0, -17, 0, -17, -8, 0, 0, 17, 0, -14};
weight_ih[206] = {31, -9, -26, -22, 0, 0, -27, -15, -23, -6, -18, 8, 0, 12, 0, -18, 38, 0, 0, -7, 13, 0, 32, -16, 0, 0, -9, 0, -10, -22, 0, 0, 0, -43, 0, 21, 0, -20, 38, -9, 20, 0, -36, 0, 0, 18, 0, 0, -17, 11, 15, -49, 24, 0, 25, -10, 8, 11, 12, 0, -6, 0, 0, 17, 0, 29, 17, 0, 0, -11, 37, 6};
weight_ih[207] = {-19, 29, -25, -34, 0, 0, -1, -30, 14, 15, 10, 30, 0, -12, 0, 12, 32, 0, 0, -25, 49, 0, 41, -21, 0, 0, 10, 0, 19, 38, 0, 0, 0, -24, 0, -10, 0, 22, 10, -32, 3, 0, 6, 0, 0, 4, 0, 0, 8, -13, 34, -32, -6, 0, 5, -43, -9, -19, 10, 0, 12, 0, 0, 11, 0, 26, -33, 0, 0, 18, 11, 10};
weight_ih[208] = {-1, -13, -26, -12, 0, 0, 24, 25, -26, -24, 48, -1, 0, -17, 0, -15, 7, 0, 0, 32, -2, 0, 28, -11, 0, 0, -14, 0, -3, -11, 0, 0, 0, 24, 0, -26, 0, 10, -17, -5, 46, 0, 17, 0, 0, 1, 0, 0, 25, 1, -37, 13, 7, 0, -18, 37, 22, -10, -35, 0, 4, 0, 0, 24, 0, -6, -16, 0, 0, 12, 42, 20};
weight_ih[209] = {0, 25, -17, -26, 0, 0, 24, -38, 3, 43, 11, -26, 0, -42, 0, -18, 3, 0, 0, 45, -28, 0, 33, 50, 0, 0, 15, 0, -46, 31, 0, 0, 0, 16, 0, 34, 0, -26, 30, 22, -23, 0, -7, 0, 0, 6, 0, 0, 39, -7, -19, -24, -1, 0, 14, -25, 35, 3, 15, 0, -3, 0, 0, 29, 0, 6, -21, 0, 0, -16, -51, -10};
weight_ih[210] = {1, -1, -17, -7, 0, 0, -7, -6, -33, -12, -17, -1, 0, -14, 0, -10, -3, 0, 0, -12, -2, 0, -6, -5, 0, 0, -3, 0, -16, -14, 0, 0, 0, -6, 0, -5, 0, -3, -4, -7, -10, 0, -7, 0, 0, -6, 0, 0, 0, -9, -1, -9, -4, 0, -13, -2, -7, -5, -1, 0, -6, 0, 0, -3, 0, -7, 0, 0, 0, -1, -3, -1};
weight_ih[211] = {-32, 25, -24, -27, 0, 0, -23, 48, 13, -20, -14, 9, 0, 26, 0, 11, 25, 0, 0, 8, -16, 0, 9, 11, 0, 0, -23, 0, -22, 34, 0, 0, 0, 19, 0, 3, 0, 59, 16, 1, 37, 0, -22, 0, 0, 31, 0, 0, -22, 17, 15, 11, 25, 0, -26, -63, -78, -2, 4, 0, -34, 0, 0, -18, 0, -56, -13, 0, 0, 37, -25, 8};
weight_ih[212] = {19, -6, 10, 22, 0, 0, 12, -8, 7, -30, -36, -1, 0, -8, 0, 14, 21, 0, 0, 76, -7, 0, 30, -9, 0, 0, -14, 0, 20, -7, 0, 0, 0, 0, 0, -17, 0, -27, 14, -27, -11, 0, -17, 0, 0, 15, 0, 0, 21, -9, 2, 47, 8, 0, 1, 5, 19, 47, -37, 0, 3, 0, 0, 17, 0, -1, 21, 0, 0, 1, 81, -32};
weight_ih[213] = {31, -27, 2, -2, 0, 0, 17, 15, 15, -47, 24, 34, 0, 28, 0, 19, 25, 0, 0, -8, 24, 0, -19, -33, 0, 0, 17, 0, 2, -33, 0, 0, 0, 29, 0, 43, 0, -1, -11, -19, 45, 0, 28, 0, 0, -8, 0, 0, 18, 13, -2, -4, -7, 0, -33, 42, 43, 48, 15, 0, -8, 0, 0, 4, 0, 5, -10, 0, 0, 9, -9, -18};
weight_ih[214] = {-2, 2, 17, 8, 0, 0, 8, 7, 31, 12, 16, 1, 0, 14, 0, 9, 2, 0, 0, 12, 2, 0, 5, 7, 0, 0, 2, 0, 16, 15, 0, 0, 0, 9, 0, 5, 0, 2, 3, 7, 10, 0, 9, 0, 0, 6, 0, 0, 0, 9, 1, 10, 4, 0, 13, 2, 7, 5, 0, 0, 9, 0, 0, 3, 0, 7, 0, 0, 0, 2, 4, 2};
weight_ih[215] = {40, -5, 22, 33, 0, 0, -15, -9, 38, 26, -57, -7, 0, -10, 0, 2, -6, 0, 0, -2, -11, 0, 7, -29, 0, 0, 9, 0, -37, 28, 0, 0, 0, -28, 0, 48, 0, 5, -13, 7, 17, 0, -3, 0, 0, -28, 0, 0, 8, 30, 4, 11, 15, 0, 20, -24, -1, -9, -10, 0, -36, 0, 0, 18, 0, -16, -15, 0, 0, 6, 14, 7};

Bias_ih (8 bit):
 {-109, 386, -172, 74, -25, -396, 416, 503, -165, -185, -25, -109, 484, 91, 268, -98, -64, 41, -7, -344, -632, -167, 90, -218, 5, 17, -366, 388, -167, -113, 374, -139, -355, -570, 202, 178, -17, 422, 266, 401, -61, -105, -388, 272, 601, 217, 81, 861, 198, 160, 78, -172, -231, 166, 378, -508, 380, -411, -85, 597, 230, -244, 325, -97, -113, -386, -381, 280, -41, 127, -60, 448, 300, -43, 28, 183, 115, -61, 388, 462, 281, 360, 86, 47, 316, 464, 363, -41, 436, 336, 406, 319, -117, 198, 180, 97, -123, -74, -23, 218, -8, 526, -29, 689, 421, -228, -319, 151, 545, 318, -172, -56, 969, 440, -42, 187, 512, 86, 25, 333, 369, 383, 295, -109, 127, -128, -45, 242, -52, 401, 18, 554, 345, 30, 114, 374, 165, -27, -38, 74, -161, 393, 111, 77, 138, 123, 109, 165, 101, 126, -255, 7, 198, 184, 288, 180, 87, 110, 6, 84, 23, 112, 60, 142, 159, 1, 59, 59, 81, 81, 122, -1, 209, 127, 124, -49, 42, 89, 450, 98, 255, -15, 202, 131, 104, 15, 126, 231, 46, 117, 214, 92, 78, -171, 67, 137, 195, 205, 121, -39, 121, -19, -162, 122, -7, 142, 18, 97, 179, 128, 122, 145, 119, 82, 14, 53};
Weight_hh (8 bit):
weight_hh[0] = {7, 3, -19, 15, 3, -6, 21, 6, -4, -11, -1, -21, 69, 29, 18, 17, -19, 0, 34, 0, 8, 20, 6, 31, 21, 8, -4, -6, 4, 67, 4, 40, 24, 1, -47, 16, 42, 9, -6, 5, 26, -23, -5, 15, -36, -44, 2, -6, 19, -3, 41, -15, 24, 14, 6, 6, 4, -28, -5, 35, 22, -3, 41, -13, -26, -7, -6, -2, 22, 18, 34, -35};
weight_hh[1] = {14, -1, -2, -19, 20, 0, 27, 29, 17, -49, 16, 35, 27, 23, 9, -15, -6, 10, 4, -6, 12, 18, -42, 26, -36, -7, 2, 10, 6, 11, -1, 9, -10, -9, 17, -6, 20, 21, -21, 0, 2, 2, 0, -9, -37, -32, 8, -55, -15, 12, 1, 8, -15, 4, -1, -5, -1, 1, 43, -46, -16, 2, -12, -12, -1, 1, 1, 18, 49, -20, -10, -47};
weight_hh[2] = {-3, 5, -32, -31, -18, -5, -24, -4, -15, -34, -4, 6, -15, -3, 18, 39, -6, -12, -8, -9, 51, -48, -24, 6, -9, 7, -5, 14, 11, 11, 5, 11, -24, -10, -5, -21, 8, 16, 7, 5, 7, -8, -5, -2, -1, 1, -5, -22, -12, -7, -5, 38, -12, 16, 5, -1, 5, -11, 34, -6, -12, 17, -1, -2, -6, -5, -5, 1, 33, -19, 25, 1};
weight_hh[3] = {-9, 6, 38, -12, -37, -5, -14, -4, 14, 4, 12, 18, -31, -23, -14, 42, -16, 4, -10, -4, 20, -30, -16, 49, 0, -22, -4, -36, 14, 5, 6, 28, 16, 10, -46, -26, -12, -10, -20, 5, 44, -18, -4, 5, -37, 22, 15, -28, 1, 25, 6, 49, -2, -9, 5, -9, 5, -10, -1, 13, -7, 63, 0, -2, -14, -4, -5, 13, -2, 18, -15, 17};
weight_hh[4] = {21, 10, -14, 23, -2, -8, -8, -11, 6, -40, -2, -14, 22, 5, 7, 2, -46, 12, 4, 11, -11, -13, -18, -2, 32, 8, -10, 3, -17, 13, 10, 18, -18, -6, -9, 0, -14, 6, 6, 11, 6, -4, -9, -15, 37, 13, -3, 32, -15, -3, -5, 3, 0, 0, 10, -4, 6, -24, -35, 5, 1, -14, -3, 13, -23, -7, -10, -10, -5, -18, 0, 4};
weight_hh[5] = {-6, 7, 0, 4, -1, -7, 3, 5, -3, -3, -5, 2, 5, 0, -1, 0, 1, 1, 0, -3, 2, 1, 0, 0, -1, 3, -7, 1, 0, -4, 7, -1, -2, -3, -2, 1, 3, -1, 3, 7, -1, -1, -7, -1, 2, 2, -6, 0, 1, -2, 1, 0, -5, 4, 7, -2, 7, -2, 0, 3, 3, 1, 0, 0, 1, -7, -7, 0, 4, -3, 2, -3};
weight_hh[6] = {-7, 7, 1, 4, -2, -7, 2, 5, -2, -3, -5, 3, 4, -1, -1, 0, 1, 1, 0, -3, 1, 0, 0, 1, -1, 3, -7, 1, 0, -4, 7, -1, -2, -4, -1, 1, 2, -1, 3, 7, -1, 0, -7, 0, 2, 2, -6, 1, 1, -2, 1, 1, -5, 3, 7, -2, 7, -2, 0, 3, 3, 0, 0, 0, 1, -7, -7, 1, 3, -3, 2, -2};
weight_hh[7] = {-11, 9, -11, -15, 0, -9, 6, 7, -6, 3, -4, 3, -6, -18, -7, 17, -10, 8, 1, -4, -1, 4, -13, 2, -17, 6, -9, 8, -15, 7, 9, -2, -1, -3, -12, 6, 10, 7, 4, 9, 9, 2, -9, -3, -2, 2, -3, 6, -1, 14, -10, 10, -12, 7, 9, -16, 9, 3, -4, 0, -4, -10, -9, 3, 9, -9, -9, 6, -12, -11, 7, -11};
weight_hh[8] = {-8, 4, 0, -18, 57, -5, -7, -28, 5, 15, 3, 0, 33, 5, -12, -17, 22, -35, -27, -48, -35, 12, 20, 23, -10, -7, -4, 18, -35, 38, 5, -2, -4, -17, 14, -1, 14, 7, -2, 5, 1, -24, -4, 9, 8, 20, 4, 4, 6, -3, 13, -37, -1, 3, 4, -14, 5, -30, -39, -22, 9, -36, -30, 6, 15, -4, -5, 34, -38, -54, 32, -3};
weight_hh[9] = {12, 1, 12, -23, 16, -1, -9, -10, -14, -20, 5, -16, 23, 22, -15, -24, -3, -14, -5, 22, -17, -5, -17, -28, 2, 18, -1, 8, -28, -29, 1, -26, -8, -15, 17, 7, 36, 11, 24, 1, -5, -1, -1, 28, -13, 12, 5, -20, 12, 1, 26, 7, 11, 36, 1, -14, 1, -12, -1, 31, -2, 11, -7, -17, -27, -1, -1, 25, -2, 6, -3, -1};
weight_hh[10] = {28, 11, 20, 48, 7, -9, -39, 42, -11, -38, 29, -8, -24, -21, 12, -20, -22, 1, 48, 23, -15, 13, 31, -13, 21, 16, -9, -17, -7, 5, 11, 16, -29, -15, 45, -7, -27, 2, 7, 9, -7, 21, -6, -3, 7, 9, 7, 24, 34, -36, 0, -13, -12, 38, 9, -24, 6, 37, -14, -19, 28, -33, -15, 65, -10, -9, -10, -23, -14, 14, 6, 1};
weight_hh[11] = {1, -1, -13, -39, -19, 1, -40, -3, 14, 4, -2, 2, -13, 3, -29, 12, 5, 4, 23, -20, -2, 12, -21, -43, -10, -26, 1, -6, 30, -40, 0, -6, 34, 0, -13, -11, -26, 40, 5, -1, 10, -30, 0, 3, 30, 29, -3, -14, 3, 6, 10, -1, -5, -8, 0, -6, 0, -32, 7, 8, -81, 0, 28, -16, -2, 1, 0, -20, -18, -12, -11, 14};
weight_hh[12] = {-14, 8, -33, 22, -14, -8, 4, 20, -45, -58, -9, -1, 42, 10, -29, -33, 13, 23, 42, 17, -1, 42, 14, 14, -9, 7, -8, 3, -27, -39, 8, 22, 5, -9, 6, -2, -71, -14, 9, 8, -33, 13, -8, -27, -27, -29, -5, -2, -14, 18, -33, 27, -1, 10, 8, -49, 8, 16, -15, -13, 28, 25, 20, -33, -3, -8, -8, 5, -19, 12, -26, 2};
weight_hh[13] = {9, -6, 37, 17, 12, 8, -23, -43, 21, 34, -3, 2, -4, -47, -7, 20, 7, 12, -38, -31, 17, 4, 10, 31, -5, -20, 8, -22, 25, 1, -8, 15, 13, 10, -1, -27, -51, -20, -8, -7, 16, -43, 7, -15, -13, 6, 2, -13, 23, -13, 37, 23, 13, -37, -7, -22, -7, -6, -13, -37, -18, -7, 13, 4, 23, 6, 6, 13, -7, -28, -25, 58};
weight_hh[14] = {4, -1, -6, 21, -25, 0, -18, -3, 10, 13, -3, 11, -12, 3, -38, 15, -7, 7, 28, 18, -21, 6, -12, 13, -16, -5, 1, -11, 1, 1, 0, 11, -10, -3, 0, 14, -29, 1, 3, -1, 10, -11, 1, 7, -6, 7, -2, 3, 1, 11, -6, -5, -15, 1, -1, -14, -1, 8, -17, 2, 16, 15, 13, 26, 8, 0, 1, -6, -13, 25, 2, -39};
weight_hh[15] = {-6, 7, 0, 4, -1, -7, 4, 5, -3, -2, -5, 3, 5, 0, -2, -1, 0, 1, 0, -3, 1, 1, 0, 0, -1, 3, -7, 1, 1, -5, 7, -1, -2, -4, -2, 2, 3, -1, 4, 7, 0, 0, -7, -1, 2, 2, -6, 0, 0, -2, 1, 1, -5, 3, 7, -2, 7, -2, 1, 3, 2, 1, 0, -1, 1, -7, -7, 1, 3, -4, 2, -2};
weight_hh[16] = {39, -3, -11, 24, -21, 3, -18, 0, 12, -19, -4, 0, -11, 10, -3, 15, 9, 25, 19, 2, 1, -29, 9, -21, -14, 6, 3, 35, -14, 15, -3, 8, -14, 9, -11, 11, 6, -10, -3, -3, -10, 8, 3, -13, -11, -30, 4, -26, 3, -37, 25, -15, -12, 20, -3, 20, -3, 15, -15, -22, 8, 6, 5, 8, 7, 3, 3, 5, 13, 13, -25, 17};
weight_hh[17] = {-6, 7, 0, 4, -1, -7, 3, 5, -3, -3, -5, 3, 4, 1, 0, 0, 0, 1, 0, -3, 2, 0, 0, 0, -1, 4, -7, 1, 0, -5, 7, -1, -3, -4, -1, 1, 3, 0, 3, 7, -1, -1, -7, -1, 3, 2, -6, 0, 0, -2, 1, 0, -5, 4, 7, -2, 7, -2, 0, 3, 3, 0, -1, -1, 0, -7, -7, 1, 3, -3, 2, -2};
weight_hh[18] = {1, 12, 30, 3, -34, -12, -35, -29, 23, -45, 0, -18, 11, 0, 30, 4, -3, -8, -20, -1, 19, -20, 8, 8, 18, -2, -11, 5, 23, 6, 11, 32, 0, -3, -15, -21, -41, -7, -2, 12, 19, -19, -12, -17, 16, 8, 1, 14, 15, -16, 24, 10, -3, 5, 12, 3, 12, -37, 24, -25, -16, 11, 26, -16, -8, -11, -12, -11, 32, 37, -5, -15};
weight_hh[19] = {-12, 12, 0, 13, 0, -12, 2, 3, -2, 2, -7, -8, 11, 0, -11, 5, 1, 14, -2, -9, 1, 5, 5, 6, 2, 5, -11, 10, 5, -14, 11, -7, 0, -4, -5, -2, -1, -3, 4, 12, -1, -11, -12, 4, 3, -2, -4, 6, -7, -6, -1, 2, -2, 9, 11, -1, 12, 1, -4, 6, 11, 1, 8, 2, -3, -11, -11, 4, 5, 10, -4, -1};
weight_hh[20] = {-5, 10, 19, -11, 12, -10, -1, 3, 14, 1, -4, 9, -6, -18, 15, -16, -29, 18, 1, 5, -42, -12, 5, 4, 9, 23, -11, 7, 2, 2, 11, 8, 2, 3, 6, 22, -9, -9, 7, 10, 30, 5, -10, 5, 10, -9, -1, -12, -6, -8, 8, -4, -36, 7, 10, 19, 10, -5, 24, -10, 11, -34, -2, -5, 21, -11, -11, 17, -42, 17, -10, -10};
weight_hh[21] = {-4, 5, 7, -24, 3, -5, -40, -28, -6, -8, -6, -9, -36, -5, -16, -7, 14, -39, -28, -2, -9, -26, -37, 16, -9, 4, -5, 2, -13, 29, 5, 14, 6, 7, 2, -9, 25, 6, -11, 5, 20, -10, -5, 1, -1, -10, -4, -10, -14, 12, 5, -1, 2, 2, 5, -37, 5, -2, -3, -13, -9, 33, -9, -10, 0, -5, -5, 28, 2, -20, 24, 2};
weight_hh[22] = {39, -10, 13, -18, -19, 10, -6, 4, 17, 3, -4, -7, -13, 18, 7, -3, 24, 0, 7, -3, -16, -6, -5, -25, -16, -11, 10, -9, -1, 13, -10, 1, -7, -2, 18, 14, 4, 12, 6, -10, 2, -20, 10, -3, -19, 25, -4, 9, 13, -17, -3, -13, -11, -9, -10, 7, -10, 4, -7, -4, -20, -19, -7, 8, 4, 10, 10, 1, -14, 9, -24, 16};
weight_hh[23] = {2, 5, -20, -20, 26, -5, -2, -8, 10, 1, -4, -5, 21, 3, -1, 21, -22, -6, 0, -26, -5, -10, -12, -12, 1, -11, -6, -2, 10, -9, 6, 1, 4, -4, -23, 0, 4, -6, 8, 5, 6, -14, -5, -21, 24, 3, -4, 28, -1, 9, 11, 4, -12, -4, 5, -9, 5, -35, 1, 2, -10, -21, -12, 14, -4, -6, -6, -9, 20, -22, 12, 6};
weight_hh[24] = {12, 4, 12, -12, 18, -4, -6, 4, 9, 2, -8, 35, -11, 3, 9, 0, 15, -13, 15, 17, -26, 8, -1, -10, -21, -13, -5, -11, 1, 10, 5, 8, -5, -16, 5, 23, -5, -18, 10, 4, -2, -7, -4, 3, -9, 4, -15, -13, 1, 0, 9, 11, -16, 2, 4, -10, 4, -7, -12, -15, -12, -29, -2, 11, 9, -5, -5, 15, -1, -5, -10, -12};
weight_hh[25] = {-15, 13, 5, 8, -4, -13, 0, 1, -3, -10, -10, 3, 7, -4, -1, -4, 3, -4, 1, -6, 6, -6, -3, 6, -4, 1, -13, 5, -5, -5, 13, -5, -1, -3, -11, -2, 2, 3, -2, 13, -4, 2, -13, -2, 2, 3, -13, 0, 1, -3, -6, -2, -6, 2, 13, -4, 13, -8, -4, -1, 2, 10, 0, 5, 2, -13, -13, -4, -5, -1, -2, 3};
weight_hh[26] = {9, 6, 27, -17, 4, -5, 13, -35, 10, 66, -1, 10, 41, 4, -16, -2, 20, 66, 19, 12, -69, 52, -7, 5, -6, -19, -5, -44, -42, 24, 5, 47, 48, -2, -14, 11, 25, 18, 41, 7, 21, 12, -6, -55, -38, 6, -7, 20, 23, 23, 26, 8, -10, -22, 6, -35, 6, -25, -17, 9, -28, -11, 15, -35, -20, -7, -6, 13, 8, 4, -57, 19};
weight_hh[27] = {0, 3, 4, 9, -5, -3, -3, -9, 7, 11, -1, 18, -20, 4, 4, 5, 5, -1, -1, 2, -8, -6, -14, -5, -6, 0, -2, -21, -4, 0, 3, 3, 4, -2, 15, 6, -15, -11, 8, 3, 0, -13, -3, 6, -9, 11, -2, -4, 1, -5, 0, 16, -8, 4, 3, -9, 3, -2, -12, 6, -18, -6, 9, 8, 5, -2, -3, 13, 7, -8, -4, 18};
weight_hh[28] = {-10, 13, 2, 5, 2, -13, 2, 1, -8, -9, -7, 2, 10, -1, -2, 4, 0, 7, 4, -5, 1, -2, -1, -1, -5, 8, -13, 9, -5, -7, 13, -3, -3, -8, -4, -4, 1, -1, 9, 13, 0, 1, -13, -2, 3, 0, -6, 1, 2, 0, 3, -5, -4, 12, 13, -6, 13, -3, 8, 8, 6, 5, 6, -6, 0, -13, -13, 1, -3, 1, 0, -1};
weight_hh[29] = {-6, 7, 0, 4, -1, -7, 2, 5, -3, -3, -5, 2, 4, 0, 0, 0, 1, 1, 0, -3, 1, -1, 0, 0, -2, 3, -7, 1, 0, -4, 7, -2, -2, -4, -1, 1, 2, -1, 4, 7, -1, -1, -7, -1, 2, 2, -6, 0, 0, -2, 1, 1, -5, 4, 7, -2, 7, -3, 0, 3, 2, 0, -1, 0, 1, -7, -7, 1, 3, -3, 2, -2};
weight_hh[30] = {3, 2, -54, 28, -16, -2, 24, -22, -9, -25, -1, -11, 21, 31, 5, 8, -20, 20, 83, 3, -28, 31, -49, -1, -8, -7, -2, -4, -18, -50, 2, 11, 7, -12, 6, 17, -12, 13, 20, 2, 13, -21, -2, 15, 29, -35, 0, 0, 7, -29, 69, -21, -2, 5, 2, -13, 1, -38, -1, 13, -38, -50, 22, -38, -15, -2, -2, -5, 31, -29, 21, 10};
weight_hh[31] = {-6, 7, 1, 1, 5, -7, 6, -1, -6, -8, -4, -1, 4, 5, 9, 4, 2, 4, -4, -6, -1, -2, 0, -3, 3, 2, -7, 3, 0, -4, 7, -4, -1, -1, -4, -2, 6, 1, 4, 7, -2, -3, -7, 5, 6, 0, -6, 8, 1, -3, 3, 4, -4, 3, 7, -4, 7, -6, -4, 9, 0, -10, 6, -1, -5, -7, -7, -3, -3, 0, -3, 0};
weight_hh[32] = {-7, 8, 1, 4, -2, -8, 2, 4, -2, -2, -5, 3, 4, -1, -1, 0, 0, 1, -1, -4, 1, 0, 0, 1, -2, 3, -8, 1, 0, -4, 8, -1, -2, -4, -1, 1, 2, -1, 4, 8, -1, 0, -8, -1, 2, 1, -6, 1, 1, -2, 1, 0, -5, 3, 8, -2, 8, -3, 0, 2, 2, 0, 0, 1, 1, -8, -8, 1, 3, -3, 1, -2};
weight_hh[33] = {-7, 12, 5, 17, -26, -12, 0, 9, 1, -4, -1, 5, -1, -16, 5, 11, 11, 21, 15, 9, 13, 0, 11, 3, 2, 16, -12, -4, -4, -7, 12, 13, -13, -18, 9, 26, -4, -13, -10, 12, 4, -8, -12, 2, -5, 2, -8, -8, 19, -1, -19, -6, -3, 13, 12, 13, 12, 17, 13, -9, 21, -2, -4, 2, 16, -12, -12, 18, 12, 22, 16, -2};
weight_hh[34] = {-1, 0, -16, 5, -7, 0, 9, 4, -43, -9, 0, 5, 26, 9, 37, 8, -14, 20, -21, 2, 28, -3, 13, -29, 10, 23, 0, 13, 29, -7, 0, -18, -29, -1, -1, -3, -52, -11, 0, 0, 23, 2, 0, -7, 15, 10, 0, 4, -38, 9, 64, 0, 8, 19, 0, -35, 0, -29, -2, 72, -17, -30, 49, 13, -20, 0, 0, -7, 3, 15, 7, 10};
weight_hh[35] = {-9, 9, 26, -6, 7, -7, 30, -6, -4, 8, -11, 17, -6, -46, 20, 30, 14, -8, 1, 11, -60, 16, 8, -29, -27, -9, -6, -25, -19, -22, 9, 27, 2, -1, -10, 9, -40, 15, 6, 10, -1, 49, -11, -24, -13, 65, -13, -48, 33, -11, -5, 69, -7, 4, 8, 7, 11, -3, 8, -16, 0, 9, -6, 43, 68, -5, -7, 3, 1, 11, -16, 38};
weight_hh[36] = {2, 5, 19, 18, 30, -5, -24, -35, 18, -15, -5, -19, -37, 9, 4, 44, -27, -5, 12, 5, -7, -24, -14, 15, -2, -21, -5, 4, -48, 33, 5, 32, 3, -15, -19, -3, 46, 3, 21, 6, 19, 12, -5, -18, -3, -14, -4, -4, 14, 36, -22, -28, 14, 22, 5, 35, 6, 4, 26, -22, 38, 39, 30, -25, -13, -5, -5, 18, -19, 4, 64, -35};
weight_hh[37] = {35, 15, 24, 22, 10, -18, 1, -5, 23, -10, 11, 0, -2, 27, 32, -18, -95, -19, 7, 24, -16, -3, 24, -62, 36, -3, -23, -20, 9, 10, 18, 103, -43, 39, 51, -22, -21, -7, 0, 27, 114, 6, -15, -48, -72, -7, -11, -38, 2, -25, -1, -28, -21, 51, 21, 1, 28, -3, 0, 12, 10, 10, 15, -34, -39, -15, -20, -12, 11, 7, 4, 1};
weight_hh[38] = {4, 0, 1, -13, 3, -2, -41, -25, 9, 12, 4, -23, -11, 32, 21, 9, -17, -12, -4, 26, 16, 5, 59, -12, 30, -53, -2, -59, -22, 8, -1, 99, 3, -3, -26, -35, -46, 5, -17, 2, 80, -29, -3, -29, -25, -30, 7, 21, 17, 74, 27, -6, 0, -28, -1, 7, 1, -39, 17, -13, -38, -16, 27, -25, -23, -1, -2, -15, 17, -47, -6, -6};
weight_hh[39] = {11, 3, -12, -17, -4, -3, 9, 6, 3, 16, 0, 5, 1, -20, -8, 0, -19, 0, 3, 0, 5, 1, -26, -7, -13, 5, -4, -7, 26, -12, 4, 4, -14, 10, -2, 5, 12, 1, -2, 3, 7, -5, -3, -4, -8, -3, -2, 2, 0, -1, 17, -2, -22, -6, 3, -20, 3, 8, -4, 5, -17, -18, -2, 1, 4, -4, -4, -5, 20, 16, 5, 15};
weight_hh[40] = {4, -3, 0, -4, 2, 3, 1, 0, 8, 7, -3, 6, -8, -6, 4, 4, 0, -1, 3, 1, -1, 6, -1, -1, -3, -3, 3, -9, -1, 7, -3, 2, 0, -3, 1, -1, 2, 4, -1, -3, 3, 3, 3, -5, 0, -3, -6, 6, 0, 3, 1, 1, -8, -5, -3, 2, -3, 0, 0, -4, 0, -7, -2, -1, -1, 2, 3, -2, -2, 3, -2, -3};
weight_hh[41] = {-7, 7, 0, 4, -2, -7, 3, 4, -3, -3, -6, 3, 4, 0, 0, 0, 1, 1, 0, -3, 2, 0, 0, 0, -2, 3, -7, 2, 0, -4, 7, -1, -2, -4, -2, 1, 2, 0, 3, 7, -1, -1, -7, -1, 2, 2, -6, 0, 0, -2, 1, 1, -5, 4, 7, -2, 7, -2, -1, 3, 3, 0, 0, 0, 1, -7, -7, 1, 3, -3, 2, -2};
weight_hh[42] = {-3, 8, 3, -3, 9, -8, -2, 3, -2, -7, -3, 1, 10, 6, 6, 0, 2, 7, -1, -4, -1, -5, 1, -7, 2, 2, -8, 3, 5, -4, 8, -3, -2, 2, -3, -3, 5, 1, 3, 8, 1, 3, -8, -2, 7, 2, -5, 3, -4, -2, 6, 0, -1, 6, 8, 0, 8, -7, 6, 6, 0, -1, 0, -4, -6, -8, -8, -6, 1, 10, -2, 7};
weight_hh[43] = {-9, 12, -6, -12, 8, -12, -6, -6, -5, -9, -7, 0, 1, -10, 4, -8, 1, 0, 4, -14, -9, -17, -17, 9, -13, 8, -12, 14, -10, -11, 12, -3, -7, -11, 3, 14, 7, -1, 11, 12, 0, 1, -12, -3, -1, 10, -5, -1, -2, 10, -6, 0, -14, 6, 12, -10, 12, -13, 10, -3, 2, -17, -15, -5, 11, -12, -12, 5, -5, -6, -2, -21};
weight_hh[44] = {6, -1, -12, 11, 3, 1, 14, -5, -14, -9, 6, -2, 7, 13, -6, -30, 18, 3, -4, -1, 2, 13, 11, -11, 14, 6, 1, 1, 7, -25, -1, -19, 4, 0, 14, 17, -7, -5, 3, -1, -15, -6, 1, 7, 6, 3, 1, -8, 2, -25, 3, -8, 9, 3, -1, -20, -1, -14, -5, 20, 4, -7, 2, 19, -9, 1, 1, -14, -3, -11, -13, 11};
weight_hh[45] = {-7, 7, 0, 4, -1, -7, 3, 5, -3, -3, -5, 2, 5, 0, 0, 0, 1, 1, 0, -2, 2, 0, 0, 1, -1, 3, -7, 1, 0, -4, 7, -2, -2, -3, -2, 1, 3, 0, 2, 7, -1, -1, -7, -1, 3, 2, -6, 0, 0, -3, 1, 1, -5, 4, 7, -2, 7, -2, 0, 3, 3, 1, 0, -1, 1, -7, -7, 0, 4, -3, 2, -2};
weight_hh[46] = {38, 5, -24, -26, 11, 0, 11, 5, 3, -33, 12, -27, 41, 17, -8, -17, -98, -3, 14, 23, -42, -5, -32, 12, 21, -12, -2, -13, -5, 7, -3, 46, -7, -4, 49, -25, 12, 30, 19, -1, 19, 11, 1, -66, 11, 16, 5, 17, 32, 38, 26, -16, 2, 33, -1, -3, 4, -9, 20, 0, -17, -48, 22, -8, -57, -4, 1, -39, -13, 4, 16, 5};
weight_hh[47] = {-16, 9, -20, -4, 16, -11, -23, 18, 28, 45, -25, 48, -20, 4, -21, 11, 7, 23, 19, 26, 7, 21, -21, 8, -36, -33, -10, -34, -5, 26, 10, -23, 10, -3, -27, 32, -3, 5, -2, 8, -32, -12, -10, 25, 12, -2, -15, -6, -23, 44, 28, -11, 0, -35, 11, 10, 11, 9, -5, -11, -22, 27, -16, -10, 26, -12, -10, 30, -14, -15, 22, -41};
weight_hh[48] = {14, 0, 24, 5, -13, -3, 40, 41, 18, -53, -10, 27, -3, 8, 19, 59, -11, 8, 49, -12, 6, -42, -3, 8, -15, -25, -5, -54, -15, 51, 5, 98, -37, 19, -92, -35, 7, 0, -18, 5, 42, 11, -5, -58, -45, -6, -10, -23, -2, -27, 23, 44, -1, -11, 0, -1, 2, 12, 1, 18, 28, 8, 4, 27, 2, -3, -2, -2, 11, -1, -45, 24};
weight_hh[49] = {7, 5, 54, -22, -8, -5, -24, -38, 23, -7, -5, 2, -5, 3, 6, -27, -7, -8, -29, -60, 1, -31, -10, -1, 7, -1, -5, -2, 3, 9, 5, 3, 3, -14, -2, -36, 4, 21, -5, 5, 11, -40, -5, -12, -15, 11, 10, -30, 0, 11, -1, -12, 3, 8, 5, -27, 5, -10, -4, -7, 0, 9, 2, 22, -20, -5, -5, 8, -10, 15, -15, 39};
weight_hh[50] = {1, -1, 18, -9, -11, 1, 36, -12, 9, 33, 8, 17, -37, -42, -31, -10, -5, -9, -8, -30, -4, 21, 12, 16, -15, 2, 2, -65, 20, -30, -1, -14, -15, 19, -18, -17, -9, 15, -4, 0, -4, -8, 1, 18, -24, 11, 7, -5, 17, -3, 0, -7, -9, 3, 0, -28, -1, 37, 3, 31, 14, 5, -14, 32, -10, 2, 1, -10, 6, -36, -37, 50};
weight_hh[51] = {8, 10, 43, 28, -45, -7, -22, 24, -11, 20, -7, 29, -1, -24, -2, -23, -56, -20, -48, -1, -14, 9, -15, -37, -31, -20, -2, 3, -2, -20, 8, 8, -13, -6, 5, 13, -42, 14, 20, 5, 61, 72, -5, -34, -78, 36, 2, -35, -5, 50, -18, -41, -14, 28, 12, -32, 1, -10, 41, 2, -4, 13, 0, -22, -24, -10, -9, 1, -33, 39, -52, 23};
weight_hh[52] = {-3, 10, 17, 8, -7, -10, 14, 0, -8, 4, -11, -2, 3, -6, 5, -5, 24, 8, -4, -18, -38, 0, 17, -13, 1, 16, -10, 6, -2, -4, 10, 6, 19, -5, 1, 32, 5, -14, 15, 10, 11, 9, -10, 32, 1, 6, -8, 14, 7, -21, -2, -11, -15, -2, 10, -21, 10, -5, 12, -11, 4, -25, -6, 30, 22, -10, -10, -1, -28, 25, -16, -25};
weight_hh[53] = {-6, 4, 5, -10, -39, -4, 3, -8, 3, 4, -12, -13, -7, -30, -30, -4, -16, -24, -33, -6, -24, 15, -2, 7, -22, 5, -4, -4, -1, 17, 4, -2, 8, -5, -12, 16, -25, 5, -6, 4, -1, 1, -4, -50, -19, 30, -6, -21, -13, 6, -9, -19, -10, 0, 4, -15, 4, 2, 15, -3, -30, 15, -9, 28, 26, -3, -4, -8, 6, -12, 4, 12};
weight_hh[54] = {-13, 1, -13, -93, -32, -5, -5, 17, -21, 11, -2, 26, -42, 12, -25, 4, 18, 26, 33, -33, -47, -16, -10, 7, 0, -9, -5, 7, 24, 20, 1, -3, 5, -3, 15, -16, 26, 7, -16, -1, 11, 46, -6, -12, -7, 4, -6, 2, -5, -33, 24, 36, -32, 3, 7, -19, -1, 17, -18, 8, -37, -6, 1, -4, 8, 2, 0, 22, 11, 16, -3, -36};
weight_hh[55] = {4, 3, 18, -6, 5, -3, -9, -2, 14, 9, 8, 12, -5, -34, -30, -3, -20, 13, -13, -21, -12, -8, -27, 28, 3, -13, -3, 5, -10, 29, 2, 7, -10, 30, 3, -7, 1, 1, 10, 3, 5, 11, -3, 7, -7, 0, 14, -26, -17, -2, -26, -19, -24, -2, 3, 4, 2, -8, 3, -12, 13, 16, 0, 8, 13, -3, -3, 23, -25, 0, -1, -5};
weight_hh[56] = {-2, 4, -10, 51, -88, -5, 76, -6, -2, 20, -13, 10, -13, -1, 25, 9, -24, 5, 57, 48, 29, -9, -18, 13, -15, 25, -5, 5, 2, 57, 7, 30, 54, -23, -17, 55, 32, 51, 3, 5, 15, -2, -7, -30, 12, -18, -22, -8, -14, -27, 1, -21, 9, -2, 4, 24, 7, 13, -8, -1, -15, -9, 3, -22, -24, -7, -6, -11, -2, 24, -4, 7};
weight_hh[57] = {-3, 1, 50, -30, -10, -2, -22, -5, 2, 21, -2, 7, -12, 2, -21, 27, 16, 11, -13, 2, -40, -37, -3, 3, 7, -10, -1, -25, 10, 10, 2, 23, -54, -8, 26, -1, 3, 2, 33, 1, 5, 37, -2, 1, -14, 5, -3, 18, 21, -3, 6, -28, 5, -37, 1, -39, 1, -35, 18, -33, -32, -4, -17, -10, -10, -1, -1, -9, -6, 20, -1, -52};
weight_hh[58] = {-14, 8, 7, -7, 6, -8, 4, -4, 6, 10, -11, 16, -10, -20, 1, 2, -2, -7, -22, -24, -1, -1, -13, 14, -7, 0, -9, -5, 7, 6, 9, 7, -1, -2, -16, -21, 11, 2, 0, 8, 3, -15, -8, -1, -9, -7, -10, 7, 1, 13, -3, 14, -24, -3, 8, -8, 8, -1, 1, 1, 1, -13, -7, -1, -1, -9, -9, -3, 14, 2, 13, 5};
weight_hh[59] = {35, 4, 16, 2, -18, -5, -7, -8, 20, 9, -6, 7, 12, -60, 7, 20, -9, -11, 5, -40, -27, 33, -13, 1, -22, 0, -3, 0, 2, 18, 4, -18, -6, -2, -9, 5, -1, 6, 11, 6, -6, -1, -5, -9, -13, 12, -2, -7, -21, -12, 10, -9, -16, 4, 4, -22, 5, 8, 18, -41, 29, -22, -29, -10, 26, -3, -3, -16, -7, 37, 0, -4};
weight_hh[60] = {-4, 12, 4, -5, -14, -12, 1, 5, -10, -11, -10, -3, 9, 11, 5, -9, -7, 0, -8, -5, 6, -15, 0, -8, 15, 8, -12, 2, 1, -3, 12, 1, -11, -11, 0, -1, 5, 5, 13, 12, 5, -8, -12, 3, 2, 4, -3, 3, 1, -2, 4, -12, 0, 9, 12, -10, 12, -10, 3, 9, -10, -3, 5, 1, -12, -12, -12, -3, -5, -8, -1, 4};
weight_hh[61] = {-16, 18, 9, 1, -5, -18, -1, 3, -5, 1, -15, 0, 9, -4, -3, -5, -8, 0, -1, -11, 1, -9, -2, 3, -1, 4, -18, 0, 3, -6, 18, -2, -6, 1, -5, -1, 8, 11, -1, 18, 5, -7, -18, -6, -1, 3, -15, -3, 1, 9, -1, -8, -3, 0, 18, -10, 18, -7, 3, 2, -1, -6, -1, 9, 2, -18, -18, 1, -3, 0, -5, 2};
weight_hh[62] = {-8, 11, 3, 6, 3, -11, 1, 8, -1, -1, -14, 7, 3, -1, 3, 5, 6, 7, 3, -7, 1, 0, 1, -5, -8, 5, -11, 0, -3, -2, 11, 0, 0, -6, 2, 4, -1, -5, 11, 11, 3, -5, -11, -4, -3, 7, -13, 1, 6, -2, 9, 3, -8, 13, 11, 2, 11, -6, 3, 11, 4, -2, 2, 0, 2, -11, -11, 8, 0, 2, -4, -4};
weight_hh[63] = {0, 12, 4, 4, 2, -12, 14, 0, 6, -1, -8, 19, -12, -6, 9, 1, 8, 11, 2, -11, -18, 11, 8, 10, 2, 5, -12, -10, 13, -4, 12, -1, -6, -25, 10, 7, -3, 14, 15, 12, 4, 1, -12, 6, 6, -10, -18, -3, 13, 6, 17, 1, -25, 11, 12, -5, 12, 4, 0, -10, 5, -35, -7, -16, -12, -12, -12, 3, -4, 9, 2, -21};
weight_hh[64] = {-5, 1, -8, 57, -5, -1, 7, -9, -17, -8, -1, -3, -16, 2, -22, -13, -2, 9, 40, 3, -12, -18, 6, -20, 2, 38, -1, 6, 2, -2, 1, -7, 2, -23, 30, 15, 43, 10, -5, 1, 8, 32, -1, 21, -23, -18, -1, -1, 1, 18, -10, 11, 6, 48, 1, -13, 1, 11, -40, -1, 24, -32, -32, 64, 3, -1, -1, 16, 6, -4, -22, -22};
weight_hh[65] = {6, -16, 24, -13, 3, 17, -16, -13, -3, 5, 17, -14, -3, -5, -18, -28, 24, -15, -27, -15, -21, -13, 14, -21, 16, -13, 17, 16, 12, -11, -17, 1, -4, 16, 22, -22, -5, -38, -12, -16, 6, -3, 16, 3, -13, -16, 15, -24, -9, 13, 18, -31, -8, -7, -17, 7, -17, 16, -9, 6, -19, 0, -22, 23, -10, 17, 18, -26, -10, 3, 25, -8};
weight_hh[66] = {-6, 7, 0, 4, -1, -7, 2, 5, -2, -2, -5, 3, 4, 0, -1, 0, 1, 1, 0, -3, 1, 0, -1, 1, -1, 3, -7, 1, 0, -4, 7, -1, -2, -3, -2, 1, 3, -1, 4, 7, -1, 0, -7, -1, 2, 2, -6, 1, 1, -2, 1, 0, -5, 3, 7, -2, 7, -2, 0, 2, 2, 1, 0, 0, 1, -7, -7, 1, 3, -3, 2, -3};
weight_hh[67] = {-2, 6, -11, -22, 8, -6, -9, -5, -7, -3, -13, -23, -7, -21, -33, 16, -22, -10, -12, -1, -27, -20, -36, -1, -39, 17, -7, -9, -13, -1, 6, 11, -16, -16, 7, 1, 5, 4, 12, 6, 0, 1, -6, -9, -8, 6, -3, -17, 12, 8, -15, 18, -6, 7, 6, -7, 6, 8, 19, 19, -19, -5, 1, 19, 9, -6, -7, 15, -1, -9, 18, 1};
weight_hh[68] = {-5, 10, -8, -3, -12, -10, -3, -3, -10, -16, -11, -10, 14, 0, -10, 3, 2, -7, 3, 6, 6, 0, -6, -3, -16, 6, -10, 3, -4, -5, 10, 2, 0, -9, 1, -7, -12, 3, 13, 10, -3, 14, -10, -11, -8, -6, -7, -3, 1, 2, 5, -16, 3, 12, 10, -11, 10, -4, -5, 9, 1, 12, 7, -1, -8, -10, -10, 2, -7, 0, 6, 3};
weight_hh[69] = {-4, 7, -11, -13, -6, -7, 10, 30, -7, 0, -4, 15, 36, 22, -27, -4, -2, 13, 3, -21, 31, -1, 15, 12, -6, -14, -7, 37, 23, 12, 7, -7, -16, 7, -29, -20, 2, 2, 0, 7, 6, 15, -7, 0, 10, 10, -3, 30, -14, 27, 17, 14, -11, 13, 7, -19, 7, -37, 23, -13, 1, 2, -1, -16, -11, -7, -7, -11, 44, -41, -4, 5};
weight_hh[70] = {-6, 7, 0, 4, -1, -7, 3, 5, -3, -3, -5, 2, 4, 0, -1, -1, 1, 1, 0, -3, 2, 0, -1, 0, -1, 3, -7, 1, 0, -4, 7, -1, -2, -3, -1, 1, 3, -1, 3, 7, -1, -1, -7, -1, 2, 2, -6, 0, 0, -2, 1, 0, -5, 4, 7, -2, 7, -2, 0, 3, 2, 1, 0, -1, 1, -7, -7, 0, 3, -3, 2, -2};
weight_hh[71] = {8, 9, 2, 1, -15, -9, 8, 3, -6, -3, -21, -3, 6, 13, -9, -9, -13, -1, 7, -4, 6, -16, -8, -25, 1, 12, -8, -7, -3, 0, 8, 9, -3, -16, 23, 16, -3, 4, 13, 9, -2, -10, -9, 2, -3, -3, -6, -4, 8, -14, 5, -14, 1, 10, 9, 9, 9, 5, 2, 3, 0, -7, -8, 8, -15, -8, -8, 10, -1, 5, -7, 20};
weight_hh[72] = {1, 14, -24, -52, -33, -10, -6, 0, 28, 20, -4, 2, -57, -26, 16, 10, 15, -23, -9, -9, -2, 22, -42, 6, 2, -15, -11, 52, -47, 35, 10, -35, 44, 18, -2, -15, 4, -14, -10, 9, 34, 32, -10, -59, -8, -41, -11, -12, -25, -11, -2, 28, -13, -19, 9, -15, 9, 12, 0, -44, -39, 26, -7, 24, 36, -8, -8, 0, -12, 41, -53, -34};
weight_hh[73] = {-8, 9, -25, -28, 6, -9, 33, 11, -5, 81, 0, -4, 30, -21, -6, -31, -36, 3, -17, -40, 8, 16, 3, 22, 18, -11, -9, 16, -2, 20, 9, -7, -7, 15, 4, 21, 43, 4, 16, 9, 24, -8, -9, -33, -12, 28, -2, 35, -44, -16, 9, 9, -13, -38, 9, 4, 9, -21, 25, 15, 7, -30, -12, -4, 14, -9, -9, 15, 3, -23, -48, 79};
weight_hh[74] = {-29, 15, -37, 18, 2, -15, 63, -30, 24, 56, -11, -2, -45, -22, -25, -21, 31, -60, 42, 34, -23, 11, 10, 11, 32, 13, -15, -38, 11, 56, 17, 38, -4, -13, -23, 52, 5, -33, 5, 18, 30, 23, -22, 11, -16, 27, -8, 16, -22, -5, -56, -69, 11, 1, 22, 76, 21, 25, -6, -40, 51, -42, 3, 95, 34, -26, -27, 23, 15, -36, 1, -50};
weight_hh[75] = {11, -5, -20, 15, 23, 5, -57, 38, -31, -54, -11, -8, 35, 9, 31, -34, -7, -20, 23, 20, 52, 42, -19, -28, -25, 34, 3, 31, -15, -22, -3, 7, -33, 15, 1, -26, -48, -33, -18, -4, -25, -48, 6, -67, -14, -11, -2, 3, 19, 2, 19, 19, -48, 12, -5, 35, -4, -10, 19, -22, 41, -27, 2, 11, 21, 5, 4, -12, -39, -17, -1, 30};
weight_hh[76] = {44, 4, 14, 12, -16, -4, 35, 18, 46, -11, -17, -33, 14, 47, -7, 18, -30, 19, -18, -14, 0, 5, 14, -23, -42, 16, 2, 16, -38, 1, -3, -12, -29, -32, -28, 72, 36, 17, 46, 2, 12, -5, -6, -2, 4, 13, 4, 8, -14, 2, -10, -17, 34, 79, 4, -59, -3, 12, 13, -8, 9, -19, 18, -24, -22, -2, 2, 55, 12, -3, -15, -19};
weight_hh[77] = {1, -2, 1, -2, 0, 2, -2, 0, 2, 2, 0, 2, -2, -1, 0, 0, 1, 0, 1, 1, -2, 2, 0, 1, 0, -2, 2, -2, 0, 2, -2, 1, 2, 0, 1, 1, 0, 2, -1, -2, 0, -1, 2, -1, -1, -1, -1, 0, 0, 0, -1, 1, 0, -2, -2, 2, -2, 3, -2, -1, -1, -1, -1, 0, 1, 2, 2, 1, 0, 2, -2, 2};
weight_hh[78] = {0, -1, 2, -1, 1, 2, -2, 1, 2, 1, 0, 3, -1, 0, 0, 0, 2, 0, 2, 2, -3, 2, 1, 0, 0, -2, 1, -2, 0, 2, -1, 0, 1, 0, 2, 1, 0, 2, -1, -2, -1, -1, 2, -1, -1, -1, -1, -1, 0, -1, 0, 0, 0, -2, -1, 2, -1, 2, -1, -2, -1, 0, -1, 0, 1, 2, 1, 0, 0, 2, -2, 2};
weight_hh[79] = {-32, 16, -26, 23, 9, -16, 30, -13, 1, 45, -19, 31, -7, -10, -3, 6, -17, -29, -17, -57, 43, 2, -18, 22, -17, -20, -16, 5, 8, 22, 17, -8, 38, -21, -45, -5, 25, -10, 3, 16, 0, 1, -15, -16, -20, -10, -10, -12, -8, 4, 3, 22, -16, 10, 17, -18, 17, -12, 12, -14, 15, -17, -16, 30, 21, -16, -17, 2, 44, -26, 31, 17};
weight_hh[80] = {-18, 7, 20, 0, 21, -8, -35, 13, 17, 13, -11, -1, -8, -6, 13, 6, 14, -16, -9, -31, 27, -50, -3, 25, 13, 2, -11, -5, -43, -3, 9, -29, -46, 13, -37, -36, 12, 29, 16, 18, -9, -17, -21, 11, -65, 15, -1, 6, 2, 2, -12, 46, -15, 36, 20, 35, 15, -25, -46, -20, 3, -10, -8, 46, 9, -11, -7, 20, -11, -27, -54, 34};
weight_hh[81] = {-6, 5, 52, -17, -49, -7, 22, -25, 8, -22, -3, 23, 17, 32, 19, 13, -2, -17, 18, -15, 38, 19, 22, 2, 6, -6, -10, 29, 14, -11, 9, -22, -2, -6, -14, -30, 4, 8, -3, 8, 17, 15, -7, 4, 2, -9, -5, 22, -50, -2, 30, 11, 8, 25, 14, 13, 6, -10, -36, 38, -9, 35, -11, -37, -30, -8, -14, -15, 30, 26, -79, 47};
weight_hh[82] = {-16, 7, -39, 17, -15, -5, 29, -29, 9, 22, -34, -12, 11, -14, 22, 50, -4, 6, -51, -103, 72, 13, 11, 53, 34, -15, -1, -12, 34, -13, 5, -21, 23, 44, -78, -47, 20, 13, -36, 5, 17, 5, -1, -22, 6, -4, -24, 21, 2, 2, -2, 41, 8, -36, 1, -19, 6, 3, -27, -8, 10, 53, 37, -17, -5, -7, -1, -23, 30, 29, 30, 28};
weight_hh[83] = {-33, 15, 26, 15, 19, -16, 45, 33, -7, 17, -22, 13, 19, 17, -26, 33, 30, -15, 43, -28, -34, -91, 19, 80, -24, 36, -17, -22, 27, 49, 15, -1, -25, -6, -18, 2, 35, 18, -16, 15, -1, 87, -13, -9, -32, -50, -19, -66, 3, -22, 40, -28, -10, -28, 22, -66, 20, -28, -10, 23, 25, 29, -61, 20, 3, -15, -15, -15, 36, -18, -51, -23};
weight_hh[84] = {-13, 20, -1, -19, -33, -24, 103, 1, 24, 40, -25, 45, 75, 4, -59, -29, 11, 77, -26, -71, -2, 53, 43, 66, -27, 8, -16, -47, 8, -26, 28, -24, 30, -37, -2, 3, -41, -19, 17, 32, -36, 25, -17, -41, -33, -32, -31, 11, -7, 18, -4, 26, -27, 7, 19, -58, 16, -21, -29, -38, -18, -20, -14, 35, 2, -24, -29, 23, 30, -10, -109, 61};
weight_hh[85] = {-18, 5, -21, -46, 1, -4, 36, 4, -32, 53, -26, 1, -12, -22, 11, -22, -24, -4, -21, -9, 28, -3, -7, -17, -24, -44, -10, 13, -12, -23, 9, -79, 11, -16, -37, 6, 35, 31, -14, 5, 11, 62, -4, -1, -2, 44, -4, 22, -19, 26, -2, 26, 5, -10, 9, -32, 7, 34, -5, 52, 1, -2, -27, 29, 11, -6, -2, 16, 7, 35, 2, 0};
weight_hh[86] = {-31, 29, 23, 17, -43, -24, 55, 45, 1, 30, -26, 41, -3, 55, -11, -33, -14, -48, 13, -18, 49, 43, -63, 33, 31, 2, -32, -76, 3, -51, 26, 16, -5, -9, -27, -16, 44, 5, -38, 30, -15, 11, -30, 22, -5, -3, -24, -50, -10, 1, -24, -10, 20, -26, 22, 16, 24, 97, 58, -51, 25, 48, -20, -17, -60, -25, -33, -14, 18, -11, 33, -24};
weight_hh[87] = {0, -1, 1, -1, 0, 1, -2, 0, 2, 2, 1, 2, -1, 0, -1, 0, 1, 0, 1, 1, -2, 3, 0, 1, 0, -2, 1, -2, 0, 1, -1, 0, 2, 0, 1, 1, 0, 2, -1, -1, 0, -1, 2, -1, -1, -1, -1, 0, 0, 0, -1, 1, 0, -3, -1, 2, -1, 3, -1, -1, -1, 0, -1, -1, 1, 2, 1, 1, 1, 1, -3, 3};
weight_hh[88] = {-15, 10, -26, 39, 24, -18, -41, -20, 37, 31, -24, 22, -20, 12, -28, 26, 37, -23, 8, -22, -14, -71, -63, 33, -14, 12, -15, -50, -2, 18, 9, 5, -42, -29, -10, 17, 25, -65, 44, 16, -26, -21, -7, 36, -29, 42, -12, 11, -15, 27, -24, 0, -15, 4, 9, 66, 21, -42, -43, 10, 42, -2, 7, 65, 12, -17, -14, 5, 32, -37, 30, -36};
weight_hh[89] = {0, -1, 1, -2, 0, 1, -2, 0, 2, 1, 1, 2, -1, 0, -1, -1, 1, 0, 1, 0, -1, 2, 0, 1, 0, -2, 1, -2, 0, 1, -1, 0, 2, 0, 1, 1, 0, 2, 0, -1, -1, -1, 2, -1, -1, -1, -1, 0, 0, 0, -1, 0, 1, -2, -1, 2, -1, 3, -1, -1, -1, 1, 0, -1, 1, 2, 1, 1, 0, 1, -2, 2};
weight_hh[90] = {36, 1, -5, -2, 20, -1, -13, 23, 24, -1, 11, -2, -24, -2, 11, 14, 4, -39, 39, 0, 46, 25, 3, 13, 3, 15, -1, 4, 24, -20, 1, -14, -3, 18, 6, -3, -10, 7, 9, 1, -7, -36, -1, -19, 0, 25, -3, 12, 16, 22, 10, -1, -12, 10, 1, -3, 1, 10, 19, -49, 7, 26, 2, 1, -12, -1, -1, -7, -14, -22, -25, -6};
weight_hh[91] = {-3, 8, 12, -6, 13, -8, 7, -7, 23, 26, 0, -9, 1, 24, 16, -15, 24, -3, -37, -59, -16, 14, 31, 4, 0, -5, -7, 13, 9, -8, 8, 5, 5, -29, 30, -35, 3, -13, -12, 8, 9, -18, -7, -27, -15, -23, 1, 28, -15, 16, -23, 38, -31, -2, 8, -31, 8, 1, -28, 1, -6, -14, 2, -2, -24, -7, -8, -9, 38, -2, -5, 43};
weight_hh[92] = {13, -6, 7, 10, -4, 6, -48, -24, -2, 0, -14, -1, -7, 15, 12, -3, 3, 36, 1, 39, -29, -6, -2, -3, 17, 7, 6, -24, 14, 23, -5, 8, 2, 4, 20, 4, 8, -5, -17, -5, -2, -20, 6, 18, 13, -43, -5, -39, 19, 4, 9, -43, -9, 6, -6, 42, -7, -19, -16, -3, -8, -27, -5, 23, 6, 5, 6, 4, -3, 32, -38, -17};
weight_hh[93] = {-10, 19, 33, 17, 43, -30, 22, 22, 20, 3, -9, -3, 34, -16, 16, -5, -42, -7, -19, 24, 40, -20, 4, 12, 15, -12, -22, -16, -20, 23, 23, -22, -49, -21, -24, -43, -60, -23, 19, 29, 26, -1, -28, 9, -24, 23, -7, -61, 41, 42, 25, 41, -9, -15, 16, -2, 23, -52, 10, 69, 0, -3, 41, 2, 27, -22, -25, 13, -38, 6, -15, 25};
weight_hh[94] = {-10, 16, 30, -22, -15, -18, 45, 13, -18, -1, -75, 57, -14, 28, -19, -29, 3, 30, 23, -29, 6, 56, 6, -27, -35, 3, -23, -13, 0, 3, 17, -14, -14, -72, 9, 70, -23, -15, 36, 15, 11, 3, -18, 11, -2, 0, -55, 11, -21, 18, 27, -1, -32, 19, 26, 29, 16, 9, -1, -8, 31, 2, 27, -32, 33, -18, -25, 52, -2, 14, -16, -25};
weight_hh[95] = {-27, 23, 56, 26, -15, -23, 0, 16, -35, 8, -11, 9, -42, -39, 50, 54, -27, 25, -2, -23, 9, -46, -3, 30, 2, 20, -23, 41, 11, 20, 23, -8, 29, -27, -21, -3, -12, 24, 8, 23, 36, 17, -23, 9, -8, 12, -14, -34, 1, 14, -3, 53, -17, 39, 23, 65, 23, 11, 1, -26, 15, 30, -8, -14, 21, -23, -23, 25, 25, 53, -6, 14};
weight_hh[96] = {-41, 20, 31, -43, 36, -17, 12, 49, -13, -31, -23, 30, -16, -22, 24, 33, 34, -4, -33, 35, 15, -9, 14, 9, -34, -18, -19, -35, -3, 18, 15, 41, -42, -4, 7, 24, 1, 10, 6, 15, 30, -11, -17, -15, -11, -5, -33, -42, 15, 30, 12, 48, -24, -23, 20, 32, 27, 13, 20, 21, 2, 66, -20, 5, 27, -27, -21, 31, -6, -60, -37, 12};
weight_hh[97] = {3, 10, -17, 38, 54, -11, -2, -8, -14, -2, -1, -16, 7, 12, -7, -26, -22, -20, 5, 2, -14, -22, -8, 13, -11, 24, -8, 29, -15, 10, 9, -1, 15, -28, 0, 6, 14, -10, 6, 11, -1, -18, -10, 26, -4, -36, 3, 26, -10, 6, -22, -7, -10, 25, 10, -8, 11, -15, -22, -7, 15, -9, -18, 2, -23, -8, -9, 54, 14, -8, 19, -11};
weight_hh[98] = {-20, 5, -18, 28, 51, -5, 66, 36, -20, 5, -8, -25, 57, 37, -49, 2, 5, 3, 20, -22, 37, 41, 31, -13, 32, 39, -4, 14, -25, -43, 4, -15, -28, 7, 19, -25, 33, -8, 13, 5, 13, 23, -5, -46, 4, 15, -13, 11, 9, -8, 3, 5, 13, 63, 5, 33, 5, 8, 27, 20, 21, 5, 36, 7, -22, -4, -4, -26, -12, -45, -38, 28};
weight_hh[99] = {-46, 28, -13, -26, 25, -29, -57, -15, 11, 29, -29, 15, -29, 33, -1, -14, 55, 3, 9, -21, -6, -41, 0, -15, 8, -17, -33, -8, 20, 51, 33, 9, -14, -16, -16, 49, 6, 32, 36, 22, 29, -34, -27, -2, -56, -22, -37, 42, -10, 63, -7, -25, -21, 12, 33, 40, 35, -23, 5, 9, 24, -24, 19, -6, -11, -26, -25, 2, 33, -19, 16, -38};
weight_hh[100] = {2, 26, 9, -33, 2, -33, -32, 28, 95, -13, -18, -2, 7, 14, 13, 37, 32, 15, -15, -59, -15, -85, 34, 37, 2, -18, -25, -16, -13, 4, 28, 16, -30, -4, -21, 27, 41, -10, 10, 36, -4, -51, -28, -37, -5, 22, -24, 37, 8, -40, -5, 8, -17, 4, 35, -9, 38, -20, -35, 39, -46, -39, 20, 35, 32, -26, -28, 19, -4, 7, 12, -7};
weight_hh[101] = {0, -1, 1, -2, 1, 1, -2, 1, 2, 1, -1, 3, -2, -1, 0, 1, 1, -1, 1, 0, -2, 1, 0, 1, 0, -2, 1, -2, 0, 2, -1, 0, 1, 0, 0, 1, 0, 2, -1, -1, 0, -1, 1, -1, 0, -1, -2, 0, 0, 0, -1, 1, 0, -2, -1, 2, -1, 2, 0, -1, -1, 0, -1, -1, 1, 1, 1, 0, 1, 2, -2, 3};
weight_hh[102] = {-16, 19, 12, -13, -54, -11, 39, -94, 34, 26, -28, -9, -19, 16, -22, 65, 11, 116, -2, -33, -47, -69, 19, -6, 2, 9, -10, -19, 8, 39, 9, -2, -33, -4, -8, 20, -28, 25, 47, 15, -1, 31, -13, 24, 54, 23, -22, 30, 25, -6, -43, -55, 8, 14, 18, 26, 11, -53, -35, -1, 27, -38, 18, -26, -3, -22, -12, -29, -43, -19, -13, -71};
weight_hh[103] = {-31, 50, -3, 11, -14, -40, -36, -35, 16, -23, -41, 18, 0, 3, 17, 13, -8, -11, -6, -1, 14, 8, -6, 27, -34, -25, -44, -10, 7, -9, 39, -8, -5, -13, -50, 40, -14, 1, 11, 45, -21, 6, -43, -5, -15, 13, -36, -24, 4, -23, 11, 15, 2, 4, 51, 3, 46, 15, 5, -13, 14, 8, 4, -17, 2, -39, -39, 7, -8, -10, -2, -6};
weight_hh[104] = {0, -1, 1, -2, 1, 2, -2, 0, 3, 2, 0, 3, -2, -1, 0, 1, 1, 0, 1, 0, -2, 2, 0, 2, 0, -3, 1, -2, 0, 2, -1, 1, 2, 0, 0, 0, 0, 2, -1, -2, 0, -1, 2, -1, -1, 0, -2, 0, 1, 0, -1, 2, 0, -3, -1, 3, -1, 2, -1, -2, -1, -1, -1, -1, 1, 1, 1, 1, 1, 1, -2, 2};
weight_hh[105] = {2, -5, -22, -33, -17, 5, -18, 31, -17, 14, 1, -10, 8, 15, -1, 11, -13, 14, 13, 26, 20, 8, -3, -20, -11, 20, 4, -16, 12, -39, -5, -6, 22, -17, 11, -5, -32, -24, 13, -4, 2, 13, 4, -5, 8, 15, 3, 6, 3, 15, -29, -19, -2, -4, -5, -21, -4, -32, -4, 22, -37, 13, 34, -45, -25, 5, 4, 3, 33, -10, -26, -18};
weight_hh[106] = {-23, 12, 1, -24, -26, -16, 13, -24, -6, 30, 0, 47, 17, 5, -6, 7, 18, -8, -36, -40, 1, 8, 2, 26, -16, -23, -12, -20, 22, 27, 17, -1, 23, -14, -14, 7, -46, 2, -9, 16, 7, -10, -12, 21, -19, -22, 8, -9, -7, 19, 19, -11, -14, -1, 14, -28, 17, -27, 26, 11, -36, 27, 3, -33, -9, -13, -12, 31, 23, -44, -17, -5};
weight_hh[107] = {-31, 26, 20, 8, -38, -34, 4, -5, -12, 30, -16, 58, -28, -20, -8, 9, -8, 4, 27, 28, -58, 47, -20, -97, -41, -9, -34, -26, -34, 45, 27, 28, 35, -18, -4, 49, -51, -17, 43, 27, 15, 32, -38, -26, -39, 61, -35, -33, 31, 7, -7, 21, -37, 16, 39, 53, 27, 19, 55, -23, -3, -35, -21, 31, 32, -32, -28, 39, 1, 61, 40, -2};
weight_hh[108] = {3, 3, 15, -15, 44, -4, -30, -62, 8, 6, 22, 4, -33, 5, -5, -23, -27, 1, 2, 31, -49, 7, -27, -14, 2, 18, 4, -20, -34, -3, 3, 36, 13, 31, 4, 27, -28, -50, -14, -1, 11, -7, 0, 0, 4, 39, 20, -27, 4, 26, -23, -57, 12, 20, 1, 8, 1, 14, -16, -21, 20, -1, 26, -31, 10, -3, -4, 0, -58, 32, -4, 65};
weight_hh[109] = {2, -9, -31, 9, -6, 9, -13, -6, -24, 6, -26, -11, -13, 0, -44, 20, -27, 4, -15, -4, 31, 3, -26, 45, 0, -24, 9, -16, -6, 0, -9, 5, 25, -4, -43, -6, -1, -1, 7, -9, -4, 30, 10, 11, 5, 0, 6, -6, 1, 32, 17, 22, 18, -8, -10, -1, -9, -5, -28, -1, -15, 31, -5, -21, -34, 10, 9, 19, -7, 14, 4, 12};
weight_hh[110] = {39, -10, 5, 25, 27, 12, -49, -64, -4, -5, 28, -15, -38, -5, 42, -28, -3, -61, -45, -7, -39, -50, -4, -11, 43, 0, 11, 21, -3, 65, -13, -19, 8, 69, -2, -48, 35, 8, 48, -12, 6, -42, 12, 44, -73, 57, 8, -3, 32, 47, 52, 13, -2, -20, -12, -55, -12, -69, -34, 101, -57, -21, 31, 59, 5, 10, 13, 6, 37, -29, -16, 2};
weight_hh[111] = {-13, 20, -8, -28, 44, -22, 12, -38, 22, -31, -41, 21, -3, 41, 20, 38, 14, 56, 2, 11, -17, -39, -33, -7, 6, 12, -17, -7, 10, -1, 21, -12, -21, -37, 17, 28, -5, 36, 20, 26, -17, -12, -24, 1, 54, -31, -21, -22, 14, 6, 17, -29, -2, 38, 24, -7, 28, -31, 14, 23, 12, 4, 38, -5, -42, -15, -27, -13, -34, -9, -32, -64};
weight_hh[112] = {-36, 32, 17, 3, 27, -35, 11, 21, -7, 0, -53, 23, -13, 41, -36, -12, 15, -3, 15, -29, 15, 34, 9, 27, -26, -14, -40, -33, 0, 10, 50, 28, -2, -21, -30, 39, -8, -21, 20, 33, 25, -15, -40, -8, 26, 10, -57, 22, -18, 47, -19, 14, 11, 11, 41, -3, 38, -2, -9, 18, -21, 9, -26, 22, 26, -39, -38, -3, 6, 2, -18, -22};
weight_hh[113] = {0, -1, 1, -1, 0, 1, -2, 1, 2, 1, 0, 3, -1, -1, 0, 0, 1, 0, 2, 1, -2, 2, 0, 1, 0, -2, 1, -1, 0, 1, -1, 1, 2, 0, 1, 1, 0, 2, -1, -1, 0, -1, 1, -1, 0, -2, -2, -1, 0, -1, -1, 1, 0, -2, -1, 2, -1, 3, -1, -2, -1, 0, -1, -1, 1, 1, 1, 1, 1, 2, -2, 2};
weight_hh[114] = {-19, 28, -3, -12, -8, -30, 37, 27, 7, 34, -35, 40, -11, -41, -16, 30, -3, 30, 38, -77, -29, 28, -13, 16, -5, -13, -29, 13, 16, 38, 23, 17, 17, -39, -40, 23, -58, -29, 10, 32, 40, 59, -38, -44, 34, 3, -42, -32, -8, -44, 7, -38, -17, 21, 34, -26, 29, -15, 26, -61, 41, -6, -44, 68, 27, -34, -30, -10, -11, -3, -34, -57};
weight_hh[115] = {-2, 12, 16, 8, 10, -11, 17, 19, -36, -84, -6, -6, 17, 25, 16, 17, 0, 1, 18, 35, -16, -2, 23, -16, 28, -16, -8, -44, -32, -2, 8, 45, -45, -3, -11, -29, -22, -22, 27, 11, -8, -1, -13, -46, 8, 15, -23, -29, 29, 23, 29, -13, 25, 77, 9, -15, 9, -31, 13, 24, 35, 49, 7, -25, -37, -8, -12, -37, -28, -8, 41, 49};
weight_hh[116] = {-11, 23, 52, 34, 24, -27, -57, 16, 7, 2, -38, 29, 6, -11, -62, 9, 19, -4, -34, -77, 22, -7, -42, 26, -31, 0, -21, -21, -9, 14, 32, 7, 19, -42, -31, 22, -41, -5, 34, 31, -58, 0, -23, 17, -13, -15, -39, 28, 0, -21, -86, 21, -12, 30, 28, 78, 19, -51, -19, -56, 2, 79, -31, -60, 7, -23, -21, -2, -9, 88, -19, 42};
weight_hh[117] = {0, -1, 2, -2, 1, 1, -2, 0, 2, 1, -1, 3, -2, -1, -1, 0, 1, 0, 1, 0, -2, 3, 0, 1, 0, -2, 1, -2, 0, 2, -1, 1, 2, 0, 1, 1, 0, 2, -1, -1, 0, -1, 1, -1, -1, -2, -2, 0, 1, 0, -1, 1, 0, -2, -1, 2, -1, 2, -1, -1, -1, -1, -1, -1, 1, 1, 1, 1, 1, 2, -3, 2};
weight_hh[118] = {55, 6, -29, 10, -28, -6, -14, -6, 35, -10, 30, -12, -10, -17, 21, 28, -11, 10, 16, -35, 7, 22, -20, -14, 19, 5, -6, -33, -1, 3, 6, 17, -25, 13, -12, -11, 16, 25, -8, 6, -4, -9, -6, 1, -2, 28, 22, 16, 15, 3, 17, -2, 6, 4, 5, -7, 6, -7, -20, -11, -30, -6, 17, 9, 15, -6, -5, -24, -19, -12, -19, 7};
weight_hh[119] = {-16, -10, 30, -30, -10, 7, 24, 21, -10, -21, -21, -7, 1, -8, 3, 20, -11, -13, 0, 8, -5, -11, 1, -6, -53, 45, 11, -3, 18, -3, -11, -10, 3, -39, -1, 52, 40, -26, 61, -10, -45, 0, 10, -44, 13, -32, 6, 12, -20, -4, 21, -8, -3, 32, -14, -25, -8, 25, 55, -12, 10, 1, -10, -5, 1, 6, 12, 16, 24, -5, 19, 6};
weight_hh[120] = {-11, 5, -30, 3, -43, -4, 22, 27, -33, 0, -30, -44, -1, -28, -42, -4, -57, -3, 22, -8, 2, 0, -25, 29, -10, -11, -5, -1, -13, -22, 6, -22, 38, 11, -57, -27, 36, 25, 15, 4, -14, 3, -5, 17, 7, -4, 2, 26, -15, 25, -2, -6, 38, 12, 4, -14, 6, 39, -3, 25, -6, -12, 8, 18, -13, -7, -6, 11, -4, 12, 54, -18};
weight_hh[121] = {-43, 6, 11, 23, 50, -9, -57, 10, -62, 0, -23, 0, 20, -4, 3, -10, 17, 30, -14, 33, -13, 64, 2, 2, -32, 1, -10, 15, -31, -28, 3, -4, -29, -21, 23, 14, -12, -28, 46, 3, -1, 47, -12, 13, 10, 18, -24, 11, 4, -8, 10, 25, 20, 18, 8, 33, 10, 27, 28, -12, 15, 20, -12, -14, 26, -10, -7, 57, -20, 30, 34, -27};
weight_hh[122] = {-23, 13, 15, -26, 10, -17, -28, 43, 20, -5, -33, 24, 1, -68, 3, -15, 6, -27, -13, -13, -28, 18, 18, -27, -20, -1, -20, -19, -16, -39, 21, -5, 29, -20, -47, 22, -87, -24, 18, 18, 8, 68, -16, -40, 2, 20, -31, -18, 54, 14, 40, 27, -29, 0, 24, -12, 15, -2, 67, -58, 19, 47, -58, 41, 27, -28, -21, 12, -12, 14, 9, -31};
weight_hh[123] = {-2, -3, 32, -40, -5, 2, -35, -48, 38, -5, -20, 0, -25, 26, 20, 12, -7, 10, 17, -19, 53, -10, -34, 50, -5, 34, 2, -42, 35, 1, -1, 16, -25, -9, -39, -50, 13, 3, 11, -1, 4, -46, 1, -26, 20, 26, -14, 30, 5, 2, -6, 34, -14, 4, -3, 38, -1, 40, -46, -16, -7, -19, 12, -63, 10, 3, 3, 4, 54, -1, 100, 26};
weight_hh[124] = {50, 12, 23, -12, -29, -12, -16, -3, 27, 53, 12, 2, -10, 13, 0, -7, 26, 17, 12, 12, -67, -7, 25, -50, 16, -23, -6, -20, -22, -4, 9, 2, 8, 1, 17, -5, 11, -32, 25, 5, 2, 3, -8, 43, -30, 11, 0, 63, 3, -10, -11, -1, -15, -1, 9, 11, 6, 21, 12, 2, -33, -29, -53, -7, -13, -9, -13, 8, -20, 6, 12, -1};
weight_hh[125] = {0, 20, 31, 14, 56, -14, 26, 8, 16, 0, -10, 3, -12, -11, 12, -20, 2, -38, 39, 3, -98, 16, -17, -34, -35, -37, -14, 1, 28, -13, 13, -8, -4, -14, 4, 10, 27, -39, 42, 16, 21, 27, -20, 17, 23, -2, -16, 47, 12, 9, -38, -27, -22, 7, 19, 3, 14, -10, 31, -34, -22, -80, -60, 17, 44, -12, -25, 15, -60, -63, 42, 8};
weight_hh[126] = {1, 15, 31, 2, 49, -10, 23, -20, 10, 31, -4, 4, -6, -37, 12, -6, 4, -85, -3, 23, 4, 11, -13, 21, -1, 1, -10, -18, 2, -41, 17, 18, 4, 8, -16, -9, 35, 5, -5, 10, 5, -12, -18, -23, -29, -28, -5, -51, 27, -27, 58, -41, -8, 6, 12, -25, 15, 16, 29, -18, -19, 15, 17, 73, 2, -10, -16, -14, 15, -60, -25, 2};
weight_hh[127] = {-17, 23, 43, -16, -32, -25, -21, 27, 17, -56, -12, 31, -15, -8, -1, -10, 67, 14, -7, 3, -39, -3, -11, 24, -18, 8, -26, 34, 26, 17, 21, -29, -44, 3, 27, 14, -30, -17, -2, 26, -32, -4, -26, -13, 1, -11, -31, -38, -5, -23, -3, -4, -63, -16, 18, 10, 20, 32, -13, -25, -6, 27, -15, 8, 31, -26, -19, -20, 18, -5, -6, 5};
weight_hh[128] = {1, -1, 4, -12, 16, 0, -13, -40, 31, 51, 0, 8, -2, -43, -34, -6, -21, -75, -9, -33, -26, 58, -26, 18, -5, -22, -1, -9, -18, 4, 0, 16, 21, 17, 1, -23, -49, 25, -15, 0, 5, -40, -2, -26, 15, -25, 8, 12, 6, 6, 32, 41, -9, -47, -1, -43, 1, -19, -2, -33, -21, -3, -5, -8, 20, 1, -1, 21, 10, -3, -58, 60};
weight_hh[129] = {20, 17, -1, -22, 16, -16, 0, 46, 48, -18, -23, -3, 13, -6, -38, -53, -14, -69, -20, -26, 11, -44, -35, -14, -47, 25, -16, 22, -3, 33, 5, -61, 35, -14, 8, 23, 21, 3, 25, 19, -27, -14, -11, -32, 9, -42, -14, 24, -22, -13, -1, -29, -36, 35, 15, 1, 7, -13, -7, 26, -7, 1, 26, 27, 20, -9, -13, 1, -42, 3, 12, 6};
weight_hh[130] = {-35, 18, -52, -18, -8, -16, 45, 7, 0, 16, -18, 15, 16, -5, -30, -7, -10, -17, 2, 3, 26, 22, -44, 32, -21, 10, -14, 8, -1, 3, 17, -11, 17, -24, -1, 6, 38, -12, 14, 18, -13, -30, -17, -1, -17, -29, -15, 25, -15, 51, -31, 4, -44, -5, 21, 24, 17, 19, -18, -4, -12, 7, -37, -3, -30, -15, -19, 4, 78, -43, -3, 9};
weight_hh[131] = {-53, 21, 59, 38, 13, -30, -65, -17, -22, 13, -22, -14, -93, -23, -22, 59, 16, 0, -2, -45, -12, -10, -8, 47, -22, 6, -31, -11, -39, -30, 27, -47, 13, -42, 27, 28, -27, 10, 36, 22, -4, 5, -22, -5, 51, 55, -27, 9, 27, 25, -18, 98, -23, 17, 28, -17, 32, -36, 22, -41, 12, 21, -76, -52, 0, -29, -32, -1, 24, 65, 30, 63};
weight_hh[132] = {-10, 11, 1, 7, -4, -13, 0, 20, 2, -28, -43, 26, 27, -1, 18, 13, -7, 1, 30, 19, 19, -16, -11, -18, -85, 27, -8, 37, -22, -18, 12, 1, -19, -16, -49, 7, 4, -37, 41, 17, -43, -5, -16, -29, 2, -10, -11, 16, 18, 0, 35, 20, 10, 39, 17, 9, 14, -10, -40, 12, -4, -10, 42, 3, -15, -13, -13, 31, 28, 6, 15, -9};
weight_hh[133] = {26, 9, 26, 10, -10, -11, 8, 4, -31, -2, -25, -24, 8, -28, -15, -6, -27, -6, -3, -35, 37, -14, -43, -42, -97, 66, -5, 7, -10, 1, 8, 24, -13, -23, 9, 41, 7, 29, 39, 13, -13, 23, -8, -16, -24, -18, 13, 4, 13, 0, 4, 44, 12, 56, 11, -10, 10, -13, 24, 4, 18, 0, -2, -8, -34, -8, -8, 53, 24, 22, 0, 36};
weight_hh[134] = {-16, 18, 1, 10, -30, -28, -9, -13, 31, -34, -36, 14, 6, 12, 0, -33, -19, -43, 19, 33, 34, 3, 2, -27, -5, 5, -25, -3, 29, -32, 21, 2, -9, -42, -42, -21, -36, -2, -13, 15, -35, 23, -21, 12, 14, 1, -20, 24, 44, 39, 15, 43, -18, -11, 23, -25, 19, 6, 44, -7, 18, 27, -7, -18, 10, -22, -18, 7, 8, -32, 56, -10};
weight_hh[135] = {19, 22, -6, -8, -28, -14, 13, 9, 86, 15, -18, -35, 54, 24, 49, 15, 7, -1, 17, -34, -12, -6, -8, -70, -48, -29, -18, 1, -10, -8, 10, -21, -37, -39, -26, 54, 23, 29, 24, 8, -25, 14, -19, -72, -5, 6, -10, 96, 27, -30, 1, -43, -8, -19, 10, -24, 17, -18, -1, 8, -2, -59, 5, -14, 39, -21, -21, -13, -31, -21, -15, 13};
weight_hh[136] = {-11, 21, 6, -7, -15, -20, -5, 74, -3, 1, -1, -12, 17, 7, 10, 10, -40, -60, 4, -3, 20, -4, 37, -29, 5, 27, -26, 17, 32, -48, 14, -27, -61, -5, -13, -24, 2, 40, 30, 24, -23, 8, -18, 16, -26, 64, 6, 32, 1, 11, 6, 0, 2, 47, 14, -15, 26, 13, 80, -14, -6, 10, 0, 4, -23, -19, -19, -6, -54, 7, 36, 2};
weight_hh[137] = {-12, 25, -42, -3, 6, -27, -29, -25, 30, 40, -22, 27, -20, -69, -17, -52, 3, 48, 20, 10, 16, 96, -16, -7, 1, 3, -31, -58, 9, -43, 29, 20, -4, 1, 30, 59, -98, -6, -2, 28, 34, -23, -29, 6, -8, 70, -21, -9, 43, -38, 8, -9, -1, -18, 24, 75, 30, 39, -4, 7, -18, -44, 30, 21, 71, -20, -26, 44, -36, -9, 16, -69};
weight_hh[138] = {0, -1, 1, -2, 0, 1, -2, 1, 2, 1, 0, 3, -2, -1, -1, 0, 1, 0, 1, 1, -2, 2, 0, 0, 0, -2, 1, -2, 0, 1, -1, 1, 2, 0, 1, 1, 0, 1, 0, -1, -1, 0, 1, -1, -1, 0, -1, 0, 1, 0, 0, 0, 0, -2, -1, 3, -1, 2, 0, -1, -1, 0, -1, -1, 2, 1, 1, 1, 0, 1, -1, 2};
weight_hh[139] = {-7, 16, 19, -6, -18, -11, -6, 59, -46, -8, -13, 0, 34, -19, -4, -25, 39, 2, -6, 7, -1, 11, -1, 11, -23, -2, -4, -6, -13, -11, 13, -28, -19, -11, -6, 43, 21, -28, -5, 8, 13, 35, -3, 32, -24, 38, 9, 15, 37, -20, 22, -2, 23, 28, 3, 11, 12, -7, -6, -43, -41, 29, -20, 48, 65, -12, -11, 70, -12, -13, 18, -78};
weight_hh[140] = {-13, 11, -17, 30, -52, -9, 13, 43, 12, -11, -20, 15, -17, 5, 40, 6, 36, 43, 38, -1, 12, 29, 17, 0, -26, 27, -19, 1, -39, -54, 21, -18, -38, 2, 27, 16, -9, -11, 5, 9, -34, 2, -17, 33, 6, 27, -15, 40, 47, -69, 10, 40, -37, -15, 10, 16, 13, 38, 10, -22, 23, -10, 15, 41, 50, -13, -11, -9, 19, 10, 48, -8};
weight_hh[141] = {4, 2, 54, -8, -8, -2, -31, 5, 11, -12, -5, 0, -10, -2, -25, 17, -20, 2, 8, 37, -26, -2, 21, -6, -12, -8, -2, -10, -28, 14, 2, 22, -9, -6, -6, -16, -42, -15, 13, 2, 26, 15, -2, 10, -25, 6, 5, -23, 1, 15, -15, 7, 6, 18, 2, 33, 2, -19, 13, -17, 3, 6, 1, 4, 19, -2, -2, 26, -15, 25, -20, 2};
weight_hh[142] = {0, -1, 1, -2, 1, 1, -2, 0, 2, 2, 0, 2, -2, -1, -1, 0, 1, 0, 1, 0, -2, 3, -1, 1, 0, -2, 1, -2, 0, 2, -1, 0, 2, 0, 1, 1, 0, 2, -1, -1, 0, 0, 2, -1, -1, -2, -1, 0, 0, 0, -1, 1, 0, -2, -1, 2, -1, 3, -1, -2, -1, 0, -1, -1, 1, 1, 1, 1, 0, 1, -2, 2};
weight_hh[143] = {24, 8, 17, -2, -19, -7, -8, -1, 47, -6, -78, 8, 26, -2, 0, 25, 30, -4, -9, -30, 16, 2, -43, -28, -53, 13, -5, 23, 20, -7, 4, -63, -5, -19, -16, 25, 2, 23, 20, 6, -51, -22, -9, -29, 11, 13, -66, 72, -15, -49, 4, -7, 9, 32, 9, -7, 6, -15, 4, 1, -11, -7, -19, 1, -7, -6, -4, 20, -18, 1, -20, 18};
weight_hh[144] = {5, -8, 30, -2, 8, 9, 30, 27, -13, 9, 2, 33, -1, -26, -30, -8, -33, 32, -10, 12, 33, 31, 53, 14, -31, 14, 6, -51, 53, -90, -6, 20, -35, -30, 3, 2, -65, -19, -27, -5, 7, 16, 12, -73, -15, 70, -4, -31, -6, 11, -16, 12, -47, -23, -8, -30, -11, 35, 33, -12, -14, -27, -15, -20, -7, 8, 12, -73, 39, 20, -45, 34};
weight_hh[145] = {-6, 1, -12, 21, -23, -6, -37, 2, 19, 14, 2, -24, -74, 0, 65, 43, 0, 37, -6, 9, 59, -63, -49, 17, -24, 20, 7, 16, -13, 1, 5, -78, -19, 12, 1, 45, 80, -23, -27, -3, -15, -29, -5, 87, 8, 20, 21, 29, 17, 21, -30, 26, 21, 6, 0, 49, 5, 70, 3, 44, 57, -22, 5, -41, 27, 5, 1, 41, 20, 3, 14, -51};
weight_hh[146] = {-17, -9, -76, -18, 27, 7, -18, 8, 24, 4, -4, -19, 9, 11, -30, -35, -17, 38, 14, 26, -92, -29, 37, -44, 45, -8, 15, 16, 31, -7, -4, 3, 12, 20, -2, -13, 24, 45, 21, -3, -9, 22, 12, -27, 5, 5, -15, -7, -43, 10, 28, -14, 31, 0, -1, -51, -13, -13, -30, 10, 36, -29, 68, -11, -13, 11, 11, -31, -50, -25, -46, -22};
weight_hh[147] = {-10, 11, 20, 38, -46, -8, 10, 61, -21, -24, 14, 1, -46, 17, 4, 13, 14, -8, 8, -1, 95, 39, 14, 29, -8, -8, -10, -13, -37, -32, 5, 42, -9, -35, -25, 42, -8, -12, 12, 1, 53, -64, 0, 8, 0, -24, 27, -67, 33, 32, 50, 10, -4, 40, 12, 24, 13, 64, 65, -13, 1, 42, -15, 15, -18, -3, -6, 30, 24, 25, -1, -10};
weight_hh[148] = {-16, -19, 25, 5, 8, 7, 16, -7, -12, 26, 31, 30, 8, 5, 8, 18, 35, -6, 24, -16, 9, 3, 30, 32, -51, -9, 12, 17, 21, -2, -18, -76, -4, -26, 50, -13, 13, 10, -35, -6, -85, -3, 16, 77, 27, -30, 20, -25, -28, -15, 1, 8, 34, -26, -5, 23, -18, 15, -6, -32, 5, 39, 10, 5, 9, 18, 8, 46, 30, 27, -35, 36};
weight_hh[149] = {13, -15, -1, -7, 2, 15, -6, -9, 5, 5, 10, -6, -8, 1, 1, 0, -1, -2, 0, 5, -3, -1, 1, -1, 2, -5, 15, -2, 0, 7, -15, 3, 4, 8, 4, -2, -5, 1, -7, -15, 2, 1, 15, 1, -4, -4, 12, 0, -1, 4, -2, 1, 9, -7, -15, 3, -15, 4, 0, -5, -4, -1, 0, 1, -2, 15, 15, -1, -5, 6, -4, 6};
weight_hh[150] = {14, -15, -1, -8, 3, 15, -5, -8, 4, 5, 11, -6, -8, 3, 2, -1, -2, -2, 0, 6, -2, 0, 1, -2, 3, -5, 15, -3, 0, 7, -15, 3, 4, 8, 4, -3, -4, 2, -7, -15, 2, 0, 15, 0, -4, -4, 13, -1, -1, 5, -2, 0, 9, -7, -15, 4, -15, 5, 1, -5, -4, 1, -1, 1, -3, 15, 15, -2, -4, 5, -3, 5};
weight_hh[151] = {-39, 4, 12, 1, 18, -2, -37, 18, -5, 11, -22, 0, -29, 30, 1, -12, 76, 34, 1, 11, -26, -13, 27, 9, -11, -34, -5, -12, -7, 15, 4, -12, 22, 5, -1, 37, -7, -58, 3, -2, -11, -4, 2, 23, 26, 38, -3, -8, 16, -30, 7, 8, 17, -13, 0, 72, 3, 13, -16, -24, 5, 26, -9, 32, 55, -5, 2, 22, -13, 13, 12, -14};
weight_hh[152] = {-1, 3, 2, 35, 38, -6, -56, 37, 5, -33, 25, -28, 56, 11, 27, 0, 94, -24, -13, -4, -29, -26, 14, -8, 13, 14, -1, -16, -87, -10, 10, 12, -80, 17, 21, 21, 2, -12, 26, 4, -38, -51, -4, 79, 6, -30, 20, 3, 37, 19, 8, -28, 33, -8, -1, 26, 0, 5, 1, -17, -9, 1, -16, 82, 6, -6, 3, 58, -28, -26, 52, -30};
weight_hh[153] = {29, -2, 14, -56, -60, 6, -1, 5, 24, -4, 0, 14, 21, -16, -8, -25, -18, 28, 22, -36, -5, 17, 1, -19, -17, 5, -3, 20, 40, -35, 2, -7, 26, -13, 15, -12, -32, 21, 13, 1, 21, 7, -1, -33, 32, 37, -2, 10, 6, -31, 5, -45, -10, 17, 1, -23, -1, -3, -14, -22, -21, 14, 33, -42, -16, 0, 0, -45, -43, 28, -90, 31};
weight_hh[154] = {-61, -3, 25, -1, -4, -1, -65, 32, -93, -50, -41, 56, 0, 27, -15, -50, -26, 0, -21, 74, -8, 28, -61, -23, -58, 17, 10, -27, -10, 12, -6, 54, 47, -34, 73, -2, -31, -7, 35, 3, 18, 22, 3, 27, -25, 13, -22, -119, 2, 64, -1, -59, 7, 5, 1, 65, 3, 24, 24, -20, -15, 16, -6, -38, -32, 11, -1, 6, -45, 33, -25, 38};
weight_hh[155] = {-12, -7, 25, 41, 30, 3, 54, -8, -69, -32, 10, 2, -3, 23, 48, -29, -26, 10, 55, 77, 15, -25, -9, 26, 6, 14, 5, 3, -20, 43, -7, -14, 10, 5, 13, -15, 37, 7, 4, -12, -24, 15, 9, 42, -29, -42, 14, -21, -3, -13, 14, 16, -10, -2, -8, 9, -3, -29, -23, 9, 42, 31, 47, -91, -15, 6, 8, -16, -6, 58, -3, 7};
weight_hh[156] = {11, 1, -19, -3, -40, 4, 44, -26, -1, 10, 9, -18, 34, 31, 1, -38, -50, 48, 1, -5, 22, 24, 46, -19, 37, 16, 1, 18, 20, -13, 1, -13, -19, 13, -12, -29, 39, 51, -12, 5, 7, 3, -1, 24, 8, -7, 8, -17, -20, -8, 35, -38, 23, 14, 0, -47, -2, -45, -11, 38, 5, 0, 19, -10, -45, -3, -3, -46, 26, 12, -73, 37};
weight_hh[157] = {9, 3, -9, -41, -7, -1, -29, -50, 81, 38, 6, -1, -30, -4, 42, 48, 15, 3, -69, -54, 21, 10, -28, -1, 21, 7, 1, -32, 28, 6, -1, 5, 11, 25, -21, -30, -27, -29, -16, 2, -3, 2, 0, -7, 23, 30, 3, 39, 26, -10, 23, -10, -7, -21, 3, 39, -1, 0, 52, 19, -18, 0, -2, -33, 1, -3, -2, -8, 23, 16, 39, -13};
weight_hh[158] = {-19, -22, 13, -3, 3, 18, 76, 27, -73, -13, 14, -6, -36, -5, -9, -7, -31, 35, 10, 45, -5, 40, 34, 59, -7, 4, 19, 36, -6, -25, -17, -36, -14, 6, 49, 1, 41, -9, -26, -10, 6, 20, 12, 11, 0, -8, 6, 72, -42, -9, -11, 31, -9, -11, -19, 44, -8, 6, -64, 81, 34, -53, 11, -36, 23, 8, 23, 3, 9, 16, -29, 27};
weight_hh[159] = {-13, 15, 0, 7, -2, -15, 8, 9, -5, -5, -11, 6, 9, -1, -3, -1, 0, 1, 0, -4, 3, 2, -1, 0, -3, 5, -14, 3, 0, -8, 14, -2, -3, -8, -4, 4, 5, -1, 8, 15, -1, 0, -15, -1, 5, 4, -12, 1, 0, -4, 1, 0, -9, 7, 15, -4, 15, -4, 1, 5, 4, 1, 0, -2, 1, -14, -14, 3, 4, -6, 3, -5};
weight_hh[160] = {-35, -20, 21, -11, 12, 12, -13, 17, -66, -12, 7, -15, -15, 24, 17, 10, 4, 22, 20, 87, 11, -14, 28, 23, 28, 10, 13, -39, 14, -24, -15, -11, 12, -17, 14, 59, -17, -20, -13, -12, -7, 14, 16, 47, 44, 27, 10, -3, 10, -19, -2, -3, 35, -4, -16, 10, -15, -10, -11, 16, 20, 20, 22, 30, -6, 16, 13, -7, -9, 33, -35, 8};
weight_hh[161] = {-13, 15, 1, 7, -2, -15, 6, 9, -5, -5, -11, 6, 8, 0, 0, 0, 1, 2, 1, -4, 3, 1, -1, 0, -3, 6, -14, 3, -1, -8, 15, -3, -4, -8, -3, 3, 5, 0, 6, 15, -1, -1, -15, -2, 5, 3, -12, 0, 0, -4, 1, 0, -10, 8, 15, -3, 15, -4, 0, 6, 5, 0, 0, -1, 1, -15, -15, 3, 5, -6, 3, -4};
weight_hh[162] = {59, 1, -21, 44, 33, -7, -7, 11, 19, -57, -13, -60, 9, 60, 14, 11, -20, -7, 10, 22, 57, -37, -14, 7, 6, 39, 0, 45, 2, -22, 0, -66, -40, -26, 29, -24, 4, 8, 30, -2, -40, -7, -6, -31, 18, -8, 5, -9, 4, -38, 22, -5, 23, 43, 3, 22, 3, -4, -1, 28, 18, 0, 24, 27, -31, -7, -4, -11, -25, -20, -5, 12};
weight_hh[163] = {-1, -19, 41, -11, -83, 17, 21, 15, -33, -8, 7, 19, -4, -21, 9, 47, 12, 7, 17, 0, 3, -1, 11, 12, -23, -8, 21, -7, -29, 13, -21, -7, -20, 5, 0, -10, 17, 60, 5, -22, -7, 16, 22, 10, 7, 16, -19, -32, -16, 8, 43, 31, 56, -6, -14, -31, -21, 14, 12, 22, 24, 13, 22, -43, 7, 16, 17, 15, -43, 39, 4, 36};
weight_hh[164] = {-42, -6, 9, 22, 26, 2, 11, 48, -85, -28, -59, 55, -40, -6, 42, -5, -10, -7, 57, 42, 6, -12, -15, -13, -60, -2, 8, -39, -2, -47, 0, 49, -9, -24, -7, 24, -53, -14, 48, -1, 86, -10, 9, 12, -49, 24, -25, -51, 6, 61, 25, 39, -31, -3, -6, -8, -4, 15, -13, 9, 9, -2, 27, 11, 2, 6, 7, 48, -10, 16, -18, 40};
weight_hh[165] = {0, -3, -24, -56, 43, -2, -28, -58, 37, 22, -4, -11, 36, 15, 17, -28, 1, -57, -43, -14, -6, -10, 26, -74, 20, -4, -6, 47, 2, -29, 8, -33, 7, 11, 10, 10, 4, -12, 2, 4, -8, -66, -4, -36, 2, -98, -3, -24, 0, 6, 50, -59, -4, -1, -2, -50, 0, -71, 31, 27, -2, -39, 27, -71, -39, -7, -2, -2, -31, 25, -3, -62};
weight_hh[166] = {-55, -1, -7, 25, 17, 0, 5, -12, -20, 6, -13, 28, 6, -42, -5, 12, -31, 1, 13, 10, 6, 11, 1, 48, -1, 9, 1, -7, -11, -6, 0, 9, 25, -9, -24, -6, -1, 0, -15, 0, 3, 10, 0, 2, 13, -27, 0, -5, -7, 51, 8, 33, 12, -12, 0, 1, 0, -2, -7, -4, 20, 14, -7, -13, 1, 0, 0, 10, 21, 2, 11, 0};
weight_hh[167] = {14, 3, -4, -27, -38, -2, -47, 17, 51, -16, -5, -8, 11, 5, 23, -18, 54, -5, -25, -18, -32, 2, 12, -63, 5, -13, -1, -5, -10, -24, 1, 31, -4, -5, 10, 21, -49, -7, 18, 2, 4, -1, -3, -31, -2, 8, -11, 51, 15, -2, 26, -34, 15, -11, 1, 3, 0, 24, 0, -45, -44, -20, -7, 13, 13, 0, -1, -18, 5, -10, -7, -4};
weight_hh[168] = {32, 22, 14, 29, 2, -24, -45, 27, 59, 44, 14, 1, -34, 16, 29, 17, 45, 10, -14, -71, -11, 18, 19, -38, 0, -9, -9, -14, -4, 19, 23, 3, -58, 10, -44, 16, -22, -25, 2, 20, 0, 8, -24, -49, -33, 37, 6, -30, -2, 19, -8, 20, -27, 15, 20, -14, 21, -8, -37, 13, 22, 19, 18, -7, 33, -15, -17, -2, 16, 30, -18, 19};
weight_hh[169] = {6, -14, -1, -44, 15, 14, 10, 3, 2, -2, 37, -19, 0, -3, -23, 23, -1, 4, -31, 3, 33, 4, 35, -7, 40, -3, 16, -29, -47, 21, -14, 21, 0, 9, 7, 24, -34, -45, 13, -12, 41, 22, 14, -5, -37, 21, 40, -49, 20, 56, 18, 43, 38, 7, -14, 9, -13, 22, 0, 13, -12, 22, -12, -4, 15, 13, 14, -13, -8, -13, -3, -13};
weight_hh[170] = {16, -4, -5, -8, 17, 14, 22, -25, 34, 41, 8, -2, -54, -4, 4, 17, 29, -7, -24, -6, -33, -42, 34, 3, 11, -11, 13, -34, -46, -18, -4, -74, 0, 33, 17, -13, -132, -30, 28, -14, 5, -20, 13, -4, 20, 44, 5, 19, 38, -6, 7, 0, 7, -10, -8, -84, -14, -61, 3, 96, -1, -29, -10, -3, 31, 9, 6, -39, -32, -112, 26, -17};
weight_hh[171] = {-14, 6, 2, 16, 5, -6, 32, -31, -52, 19, -5, 13, -27, 3, 12, 33, 3, -20, 22, -28, 40, -12, -10, 19, 5, 8, -5, -46, -2, 2, 5, -39, -3, -13, -32, -9, -26, 13, 2, 8, -18, 40, -5, -13, -7, 21, -3, 7, -12, 15, -15, 41, 13, 17, 4, 1, 6, -20, 16, -26, 15, -4, -28, 35, 13, -3, -8, -12, 17, 9, 31, 33};
weight_hh[172] = {22, -16, 13, 32, -7, 17, 40, 10, -25, -26, 38, -34, 25, 24, 45, -15, 6, 26, -9, 14, -50, -8, 11, -48, 59, 29, 23, 8, -5, -17, -17, 0, -3, 12, 66, 21, 39, 38, -2, -14, -14, -30, 16, 13, -14, -34, 30, 23, -13, -19, 1, -5, -11, 2, -16, -6, -11, -7, -21, 17, -21, -67, 40, 0, -67, 15, 20, -1, 15, 59, -30, 32};
weight_hh[173] = {13, -15, -1, -7, 3, 15, -5, -8, 5, 5, 10, -5, -8, 1, 1, -1, -1, -2, 0, 5, -3, 1, 1, -1, 4, -6, 15, -4, 1, 6, -15, 3, 4, 9, 3, -4, -4, 2, -8, -15, 2, 1, 15, 1, -4, -3, 12, -1, 0, 4, -1, 0, 9, -8, -15, 4, -15, 5, 1, -7, -4, 0, 0, 1, -2, 15, 15, -2, -3, 5, -4, 5};
weight_hh[174] = {-24, 2, -48, 2, 11, -1, -26, 14, -14, -93, 5, -25, -22, 3, 44, -19, -1, -18, 18, 6, -12, -67, -64, 16, -20, 4, -8, -34, -29, 76, -1, -7, 2, -18, 14, 22, -28, -5, 16, -4, -38, 22, 4, 34, 35, 40, 6, 10, -21, -8, 25, -13, -9, 31, -9, -36, 3, -46, -14, -14, 9, -38, -43, 9, -1, 1, 6, 8, 19, -40, 98, -54};
weight_hh[175] = {32, 0, 12, -10, -28, -1, -9, 6, 49, 12, 4, 9, 3, -28, 2, 8, -9, -10, 19, 0, -16, 4, -13, -2, -51, -9, 1, 3, -13, 8, 2, 14, -14, 9, 0, 6, 4, 22, -6, 1, 23, 1, -1, -14, -5, -3, 4, -7, 16, 16, -10, -9, -13, -15, 1, -2, 2, 0, 1, -10, -22, 17, -11, -17, 26, -1, 0, 19, -3, 4, -3, 16};
weight_hh[176] = {-13, 16, 2, 8, -3, -16, 5, 8, -3, -4, -11, 6, 8, -3, -2, 1, 0, 2, 0, -6, 2, 0, -1, 1, -4, 5, -15, 3, -1, -7, 15, -2, -3, -8, -4, 3, 5, -2, 8, 16, -1, 0, -16, -1, 4, 3, -12, 1, 2, -4, 1, 0, -10, 7, 15, -4, 16, -5, 0, 4, 3, 0, 0, 1, 3, -15, -15, 3, 4, -5, 3, -5};
weight_hh[177] = {3, 4, -18, -51, 7, 0, -44, 13, 16, -13, 28, 1, -16, 5, 17, -9, 31, 29, -50, 2, -45, -8, 4, -37, -4, 13, -2, 16, 32, -11, 10, -42, -11, -12, 57, -20, -44, -1, 19, 12, -73, -17, -9, 44, 26, -20, 16, -15, 18, -40, 18, -98, 2, 5, 4, -3, 5, -12, -4, 43, -76, -7, 54, 1, -5, -6, -6, -2, -20, -50, 23, -31};
weight_hh[178] = {38, -6, 6, -63, -20, 5, 1, -9, 52, -7, 3, -5, 13, -5, 0, 13, -36, 20, 17, -38, -3, 7, -7, 19, -3, -49, 11, 11, 20, 21, -8, -4, -37, 2, -55, -59, 66, 32, -13, -5, -5, -12, 13, -51, 12, 8, -4, 30, 4, 0, -14, 36, -7, -11, -12, -10, -7, -26, -12, -25, -1, 0, 9, -62, 6, 11, 7, -47, -41, -44, -29, 36};
weight_hh[179] = {-10, 17, 30, 7, 48, -18, 17, -1, 5, 1, -8, 11, 17, -36, -6, 45, -13, 15, -5, 1, -33, -6, -11, -9, -27, -13, -16, 1, -39, -16, 15, 15, 7, -4, -7, 8, -6, -29, 14, 17, 3, 28, -16, -21, -2, 37, -7, -21, 23, -12, -30, 56, -17, 15, 18, 30, 17, -5, 9, -8, 38, -12, -1, 15, 51, -16, -17, 17, 2, 16, 0, 42};
weight_hh[180] = {-5, -5, 5, 20, -43, 10, 57, 21, 21, 10, -4, -35, -22, 21, -35, -43, 40, -16, 26, 2, -61, -12, 6, -33, 8, 61, 2, 50, -10, -9, -3, -60, 25, 8, 55, -14, 18, 2, -36, 1, -36, -3, 8, 61, 72, 35, 13, 16, 6, -18, -68, -59, 55, 21, -8, -17, -9, -2, 1, -37, 1, -40, 1, -4, 15, 9, 3, 7, 7, 25, 23, -42};
weight_hh[181] = {29, -32, 5, 7, 11, 24, -10, -19, 29, 11, 112, -67, 12, 25, 21, -10, 12, -9, -21, -13, 9, -9, 48, -26, 76, 6, 31, 27, 17, -2, -29, 6, -5, -43, 5, 6, 19, 18, -48, -24, 52, -2, 21, -37, 3, -18, 55, 56, 18, -36, 3, 11, -23, -8, -31, -9, -24, -17, 28, -17, -1, -7, 28, -26, -41, 20, 23, -84, 27, -5, -1, 24};
weight_hh[182] = {-17, 11, 24, 23, 46, -9, -50, -23, 24, 25, -5, 27, 7, -17, -17, 39, -62, -48, 15, 0, 3, -8, -21, 29, 13, -58, -3, -15, 35, -1, 3, 103, 18, -10, -83, -18, -5, -21, -35, -1, 122, 10, -3, -42, -64, 1, -19, -21, 2, 94, -4, 56, -23, -67, 10, 3, 14, -23, -20, 8, 17, 24, 8, -4, -25, -3, -9, -11, 32, 19, -12, 1};
weight_hh[183] = {-35, -6, 15, 64, -4, 10, 55, -19, -27, 11, -4, 12, -11, 8, 6, -55, 8, -9, -9, -6, -1, 64, -2, -16, -15, -14, 15, -5, -18, 23, -6, -3, 89, -19, -8, 27, 0, -4, 16, -3, 8, 34, 5, -10, -27, 5, -9, -14, -16, -17, -3, 18, 33, 40, -12, 17, -14, 54, -17, 58, 2, 15, 7, -8, 29, 13, 6, 44, -38, 10, 13, 25};
weight_hh[184] = {7, -1, 3, -10, -7, 0, -4, 0, 9, 0, -8, -7, 6, -11, 0, 0, -11, -2, -2, 5, 4, -1, -7, -7, -19, 13, 1, 3, -15, 6, 0, 7, 4, -15, -2, 2, 8, 11, 11, -1, 9, 5, 0, -4, -4, -7, 1, 7, 8, 11, 3, -11, 1, 14, -1, -6, 0, 2, 3, 11, -5, -1, -1, -8, -15, 0, 0, 9, -13, 7, 2, 0};
weight_hh[185] = {-14, 15, 1, 7, -3, -15, 5, 8, -5, -5, -11, 6, 8, -2, -1, 1, 2, 2, 1, -5, 3, 0, -2, 0, -4, 5, -15, 4, -1, -7, 15, -3, -4, -9, -4, 3, 4, 0, 7, 15, -2, -1, -15, -2, 4, 3, -13, 1, 0, -4, 1, 0, -10, 7, 15, -3, 15, -5, -2, 5, 4, 0, 0, -1, 3, -15, -15, 2, 4, -5, 4, -5};
weight_hh[186] = {-12, 0, 36, 30, -24, 1, 19, 8, 36, 9, -2, 15, -39, -11, 17, -9, 16, -18, 28, 11, 43, 2, 22, 44, -22, -26, -5, -10, -19, -14, 1, 11, 2, 7, 0, 24, 3, -25, 3, 3, -6, -34, 1, 13, -33, 20, -1, -5, 19, 2, -14, 23, -41, -22, 2, 45, -3, -5, -33, -13, -5, -12, 7, -8, 39, 4, 0, 48, 55, -32, 8, 2};
weight_hh[187] = {0, -1, -10, -46, -23, 9, -24, 3, 28, 1, 9, -17, 7, -16, 13, 62, -24, 24, -43, -60, 78, -19, 2, 25, 2, 16, 10, 5, 15, -48, -5, 14, -41, -30, -53, 26, 23, 0, -24, -6, 6, 47, 10, 35, -26, 14, 12, 14, 1, -20, -11, -20, -27, -17, -1, -10, -13, 19, 25, 16, 5, -44, 20, 58, -33, 3, 0, 5, 92, -10, 16, -73};
weight_hh[188] = {18, 10, 43, 2, 12, -10, -19, 2, 28, -3, 24, 1, 11, -3, -4, -13, -12, 38, -19, -55, -3, -28, 18, -21, 10, -8, -7, 2, -2, 1, 9, 16, -3, 2, -14, -26, -11, -29, 13, 10, 6, -4, -8, -18, -11, 0, 13, 10, 22, -11, -15, 7, -4, 0, 10, 19, 10, -1, 3, -17, -21, -21, 4, -11, -12, -9, -9, -8, 7, 28, -63, 36};
weight_hh[189] = {14, -15, 0, -8, 2, 15, -7, -9, 5, 5, 11, -5, -9, 1, 1, 0, -1, -2, -2, 4, -3, 0, 1, -1, 3, -5, 15, -3, 1, 8, -15, 3, 4, 7, 5, -3, -5, 0, -6, -15, 2, 1, 15, 2, -5, -4, 12, 0, 0, 5, -1, 0, 9, -7, -15, 3, -15, 4, 1, -6, -5, -2, -1, 2, -2, 15, 15, -2, -5, 5, -4, 5};
weight_hh[190] = {59, 5, -46, -7, 14, -5, 46, -11, -5, -22, 8, -36, 27, -21, 5, 18, -14, 12, 14, -26, -12, -11, -14, -2, 55, -22, -3, 57, -14, -1, 7, -70, -31, 8, -10, 14, 31, 19, -22, 15, -48, 6, -13, 19, 83, -30, 16, 56, -27, -47, -30, 50, 1, -2, 6, -53, 10, 1, -17, -8, 14, -36, -9, 42, -3, -10, -4, -23, 11, -7, -7, 2};
weight_hh[191] = {24, -4, 2, -1, 9, -5, -18, -3, 8, 6, 9, -13, -10, -11, -35, 21, -67, 12, 25, 25, 47, 8, -30, 32, 32, -64, 6, -31, 5, 10, -9, 100, 5, 14, -26, -6, -13, 4, -39, 3, 113, -5, -3, -23, -14, -12, 0, -15, 10, 52, 12, 36, 21, 3, 5, 34, -2, -4, -22, 6, 10, 46, 18, 0, -26, 2, 2, -8, 6, -24, -7, -4};
weight_hh[192] = {-82, 7, 25, 11, 34, -8, 36, -13, -84, 11, -59, 22, -34, 6, -48, 8, 18, -2, 6, -14, 0, 9, -17, 30, -39, -2, -12, -4, -39, 31, 3, 1, 10, 11, -11, -18, -13, -58, 3, 12, -6, 17, -4, 23, -24, 11, -12, -39, -7, 13, -3, 28, -31, -44, 11, 53, 10, 30, 28, -23, 51, 26, -20, 6, 31, -7, -9, 42, 3, -9, -28, 34};
weight_hh[193] = {-2, -7, 31, 27, 27, 0, -49, 43, -7, -13, 14, 19, 14, 48, 33, 42, 51, -19, 24, -6, 4, 0, 51, -13, 46, -65, -4, -41, 35, 2, -5, 48, 1, -2, 7, -10, -19, 4, -9, -6, 41, 22, 5, 9, -40, 4, -22, 5, 16, -5, 48, 67, 24, 11, 0, 16, 3, 4, 24, -1, 3, 34, 27, -34, 4, 2, 0, -37, -19, 4, -7, -13};
weight_hh[194] = {0, -14, 13, -2, 2, 7, -38, 6, -16, -9, 8, -9, 19, 0, 68, 12, 15, 44, -31, 1, 8, 40, 24, 7, 2, -3, 10, -3, -9, -8, -12, -26, 6, -3, 0, 1, -30, 1, -9, -12, -4, -1, 13, 13, -4, 15, 0, 31, -43, 22, 17, 38, 7, -19, -8, -16, -10, 69, -25, 26, -13, -19, -2, 2, 4, 12, 10, 3, 2, 97, -2, 6};
weight_hh[195] = {-35, 2, 23, 25, -53, 6, 18, 59, -73, -50, -34, 19, 2, -13, 35, -10, -38, 27, 30, 65, 4, 21, 7, -29, -70, 35, -7, 0, -33, 19, 1, -31, -41, -33, 31, 59, 15, -6, 26, -7, 25, 35, 1, 14, -48, 44, -9, -110, 4, 54, 26, -52, -7, 39, 0, 54, 8, 34, 51, 25, 49, 6, 24, 54, 38, 2, -4, 17, -20, 29, 11, -38};
weight_hh[196] = {-20, -24, 7, -22, -21, 17, -14, -5, -81, -36, 12, -16, -15, 32, 2, 22, -56, -13, 13, 72, 31, -30, 10, 11, 6, -10, 23, 36, 43, -42, -27, -57, 23, -19, 9, 44, 0, -8, -25, -22, -40, -11, 26, 76, 74, -50, 14, 4, -9, -17, 30, -21, 14, -2, -17, -6, -19, -26, -20, 42, -21, -23, 82, -12, -16, 24, 26, 24, -9, -23, -5, -29};
weight_hh[197] = {6, -7, 53, 6, -61, 7, -7, -5, -17, -23, 19, 7, 57, 33, -5, 6, -31, 24, 16, 20, 31, 6, 2, -11, 2, -25, 12, 17, -26, -23, -10, -23, -1, 11, 8, -16, 11, 47, -8, -5, -7, -22, 6, 7, 19, -18, 7, 27, 5, -4, 35, -43, 26, -12, -12, 10, -16, -24, 20, 23, 10, 32, 62, -104, -22, 13, 11, -10, -33, 11, -10, 26};
weight_hh[198] = {-12, 4, -3, -19, -18, -11, 61, 46, -46, -58, -7, 1, 48, 11, 11, 1, 15, 25, 41, -15, 4, -48, 50, 47, 14, 4, -14, -24, -16, 26, 13, 14, 22, -4, 13, 0, -59, 6, -25, 11, 1, 63, -3, -44, 15, -28, -4, -30, 1, -52, 18, 29, -16, 27, 8, -18, -1, -21, -24, 6, 10, -4, 21, 3, 3, -7, -11, 13, 16, -46, -99, 19};
weight_hh[199] = {10, -9, -4, 19, -43, 14, 25, 0, -4, -6, 0, -4, -4, 43, 47, 8, 3, -11, 38, 27, 17, 20, 29, -34, -20, -7, 13, -19, 0, -26, -13, 3, 12, -19, -15, -10, -16, 11, -39, -12, -2, 10, 9, 8, -4, -16, -6, 0, 9, 9, 33, 17, 40, -6, -14, 4, -14, 14, 20, 9, 16, 8, 13, -26, -24, 14, 12, -26, 6, 10, -19, 10};
weight_hh[200] = {-11, 14, 28, 6, 14, -14, 8, -8, 31, -12, -21, 5, -76, -39, 44, 51, -22, 105, -38, -9, 30, -84, -25, 14, -25, 13, -14, -17, -29, 91, 4, -16, 23, -13, -18, -15, -30, -2, 27, 6, 73, 33, -11, -38, -4, 28, -16, -81, -25, 9, 11, 14, -13, 36, 6, 16, 4, -9, -10, 54, 12, 13, 18, -13, -6, -10, -12, 4, -37, 46, -32, -37};
weight_hh[201] = {22, 1, -10, 7, 9, -1, 15, -19, 54, -6, 0, 2, -1, 27, 52, 17, -10, -6, 52, -32, 23, -9, 0, 5, 52, -21, -9, -8, -15, -5, 5, 15, 3, 10, -40, -9, 28, 48, -45, -1, 40, -25, -5, -103, 10, -4, -26, 38, 3, 13, 21, -2, 24, 10, 6, -17, -1, -21, 34, 17, 14, -6, 32, -28, -13, -4, -10, -85, 15, 12, 3, 2};
weight_hh[202] = {34, -6, -9, 30, 3, 6, 22, 13, -22, -11, 11, -8, 17, 44, 37, 33, 31, -14, 43, 21, 20, 32, 31, -69, -1, 1, 6, -18, -6, 1, -7, 13, -6, -8, 30, 3, -5, 23, 1, -6, 12, 35, 8, -3, -2, 16, 0, 1, -3, -18, 20, 10, 47, 11, -11, -17, -8, 0, -14, -1, 4, 5, 9, -9, -38, 12, 7, -19, -9, -2, -19, -22};
weight_hh[203] = {21, 11, 16, 15, -9, -11, 6, 13, 12, -3, -10, 3, -2, -44, -5, 17, -10, -12, 3, -25, -27, 25, -17, -7, -33, 10, -11, -1, 3, 22, 9, -16, -1, -11, -3, 13, 12, -9, 20, 10, -6, 16, -11, -4, -14, 12, -6, -13, -28, -18, -3, -9, -24, 14, 12, -9, 10, 7, 19, -18, 31, -30, -37, 0, 22, -10, -9, -12, -8, 19, 21, -10};
weight_hh[204] = {-35, 12, -25, 19, 34, -10, 15, -4, -33, 14, -17, 49, -10, -23, -1, -2, 33, 7, -20, 6, -20, 12, 1, 33, -17, 15, -8, 11, -1, -7, 6, -53, 0, -16, 3, 33, 11, -11, 5, 12, -67, 10, -6, 65, 23, 0, -13, -1, -22, -23, 26, 0, -35, -14, 14, -2, 12, -3, 9, 1, 0, -6, -14, 5, -16, -13, -13, 19, 14, -29, 18, -38};
weight_hh[205] = {12, -18, -21, -21, 22, 18, -6, -32, 5, 35, 23, -15, -6, 4, 19, 18, -2, -9, -28, -4, 0, 15, 12, -2, 64, -29, 19, -32, 2, 23, -19, 91, 0, 27, -16, -11, 2, -25, -6, -8, 117, -3, 13, 2, -29, -35, 13, 21, 15, 41, -12, 48, -4, 8, -11, 4, -17, -9, 14, -9, -18, 3, -13, -14, -9, 16, 10, -49, 8, 15, -6, 10};
weight_hh[206] = {-29, -1, -17, 3, 15, -3, 11, 17, 11, 42, -14, 40, -4, -28, -45, 52, 39, 38, 11, -86, -25, 17, 23, 41, -23, -12, -1, -53, -5, 26, 4, 36, 38, -2, -2, -21, -16, -22, 3, 6, 4, -2, -5, -14, -12, 9, -2, -41, 22, 5, -32, 2, -18, -9, 3, 55, 4, 10, 1, -26, 33, 47, -60, 20, 11, 0, 2, 35, 13, 7, 0, 9};
weight_hh[207] = {-3, 15, -17, 21, 14, -8, -23, 23, 15, 38, 7, 62, -21, -51, 4, 25, 28, 11, 25, -39, 7, 13, 12, 53, -27, -39, -16, -27, 2, 32, 7, 18, 25, 41, -28, -50, -14, 3, -17, 8, 14, 8, -17, -23, -4, 23, -14, -72, -13, -4, -22, 50, 9, -15, 6, 55, 9, 14, -32, -5, 36, 89, -12, -11, 25, -11, -5, -4, 20, 18, 4, 34};
weight_hh[208] = {-12, 8, 14, -10, 5, -5, -8, 57, -46, -40, -2, 10, 46, 19, 37, -23, -9, -8, 25, 73, 1, 45, 27, 9, 16, -16, -7, 45, 11, -49, 3, -25, -62, 8, -19, -24, -1, -10, 2, 8, -43, 35, 4, 11, 1, 6, 2, -40, -6, 11, 37, 11, 10, -7, 4, 44, -1, 28, 69, 16, 12, 74, 31, -15, 0, -5, -7, -17, -25, 56, 38, -37};
weight_hh[209] = {4, -2, 12, -25, -29, -3, -21, -24, 2, 14, 17, -2, 26, -25, 1, -21, -6, 33, 27, 2, -8, 20, -14, -12, -17, 5, 2, 16, -28, -12, 2, -2, -3, 2, -6, -28, -15, 33, 4, 5, -12, -22, 2, -4, 6, 6, 17, 24, 3, 1, -13, 13, -18, 7, 3, 15, -1, 12, 8, -21, 30, 18, 58, -36, 38, -2, -4, 12, 3, 62, 10, 36};
weight_hh[210] = {13, -15, -1, -7, 2, 15, -5, -9, 4, 5, 11, -6, -8, 2, 2, 0, -1, -2, 0, 5, -3, 0, 1, -1, 3, -5, 15, -3, 0, 7, -15, 2, 3, 8, 4, -3, -5, 2, -8, -15, 1, 0, 15, 1, -4, -3, 12, -1, -2, 4, -2, 0, 10, -7, -15, 3, -15, 5, 1, -5, -3, -1, 0, 0, -2, 15, 15, -3, -5, 6, -3, 6};
weight_hh[211] = {-4, 12, -76, 42, 35, -11, 7, -30, -20, 36, -20, 6, -16, 27, 1, -49, 19, -10, 23, 37, 6, -27, -38, -44, -19, 14, -12, -32, -32, 29, 2, 10, 26, 14, 2, 69, -5, 17, 3, 10, 22, 17, -15, 30, -35, -14, 20, -22, 14, 14, 30, 11, -40, 34, 10, 34, 12, -10, 11, 2, 22, -16, -16, 30, -24, 0, -11, 10, 87, -26, 48, -36};
weight_hh[212] = {25, -12, -27, -7, -55, 1, 29, -8, -6, -2, 23, -28, 16, 25, 9, 44, -27, 56, 57, 44, 63, 14, 11, -5, 9, 28, 15, 12, 13, -17, -16, -5, -23, 13, 9, 2, -18, 40, 8, -7, -14, -8, 6, 40, -3, -12, 6, -11, -1, -35, -2, -14, 38, 4, -11, 21, -11, -3, 15, -1, 49, -5, 61, -44, -9, 5, 8, -11, 25, 16, 23, -40};
weight_hh[213] = {3, 4, 61, 7, 64, -1, -20, -15, 7, 18, -5, 2, -39, -6, 46, -13, 22, -7, -88, 3, -13, -3, 49, 2, 49, -19, -1, -12, -8, -1, 3, 2, -36, 33, -7, -52, 25, -15, -30, 2, 44, -1, -1, -10, -19, 62, -18, 2, 36, -19, 17, 1, 11, -21, 4, 20, 3, -27, 21, 1, -6, -6, -1, 3, 40, -3, -2, -31, -40, 92, -64, -26};
weight_hh[214] = {-13, 15, 1, 7, -2, -15, 5, 9, -5, -5, -11, 5, 8, -1, -1, 0, 1, 2, 0, -5, 3, 0, -2, 1, -3, 6, -15, 3, -1, -7, 15, -3, -4, -8, -4, 3, 5, -1, 7, 15, -1, -1, -15, -1, 5, 3, -12, 1, 0, -4, 2, -1, -9, 7, 15, -4, 15, -4, -1, 6, 3, 1, 1, -1, 2, -15, -15, 2, 5, -6, 4, -5};
weight_hh[215] = {60, -8, 13, -22, -35, 12, 17, 19, 88, 6, 41, 6, 0, 28, 50, -2, -41, -2, 33, 1, -25, -4, 28, -13, 7, -33, 9, -25, 8, 18, -15, 49, -33, 10, -5, -23, 25, 22, 20, -15, 60, -9, 10, -19, -5, 13, 16, -12, 7, 38, 18, -47, 12, -37, -9, 1, -8, 7, 1, 7, -20, -18, 25, -32, 17, 9, 6, -5, 8, -14, 14, 2};

Bias_hh (8 bit):
 {-990, 2084, 1061, -129, -946, -2138, 1197, 1028, -617, -874, 12, -1504, 2091, -348, -579, -251, -467, 1147, -1933, -2331, -1164, -1830, 961, 594, 536, 2510, -1984, 2092, -3512, 236, 2048, -1135, -2351, -930, -472, -109, 3903, -1102, 2195, 2177, 917, -615, -2116, 1961, 2309, -1735, 433, 3478, 779, -755, -581, -1001, -293, 1623, 2020, -2973, 2031, -3418, 80, -441, -294, -2082, 120, 654, -835, -2108, -2046, 561, 1433, -1652, -272, -499, 2550, -327, 215, 1643, 1505, -463, 4164, 2753, 2035, 1829, 706, 382, 2117, 3332, 3718, -346, 3724, 2340, 3313, 2785, -734, 3184, 870, 775, -1067, -575, -178, 2932, -26, 3052, -222, 4298, 2800, -1355, -2530, 709, 4433, 2439, -1237, -426, 7869, 1753, -323, 3089, 3839, 559, 278, 2318, 2825, 2871, 3148, -899, 1004, -974, -343, 1177, -396, 3159, 99, 3119, 1928, -450, 279, 915, 1157, -207, -289, 754, -1257, 2463, 851, 485, 1057, 936, 834, 1262, 787, 963, -1912, 52, 1509, 1408, 2201, 1374, 630, 844, 130, 828, 131, -114, 534, 1087, 283, 113, 452, -376, 924, 726, 931, -6, 1594, 975, 948, -376, 322, 202, 1917, 737, 1775, -112, 1544, 1001, 793, 72, 964, 1770, 350, 673, 1638, 702, 599, -1307, 515, 1059, 1494, 1572, 923, -349, 927, -139, -1142, 920, -36, 716, 135, 798, 1365, 979, 933, 884, 607, 628, 71, 708};
