231 2 -1
250 0 -1
274 3 -1
399 1 1
508 0 -1
556 4 1
564 5 1
683 3 1
758 6 1
840 0 1
946 2 -1
955 1 1
1182 8 -1
1284 3 1
1298 4 1
1314 1 -1
1392 0 1
1419 2 1
1645 7 -1
1673 1 1
1677 3 1
1784 9 1
1876 2 1
1884 0 -1
1946 5 -1
2032 4 1
2053 6 1
2060 1 -1
2271 0 1
2392 3 1
2499 0 -1
2558 12 -1
2582 2 1
2588 1 1
2728 0 -1
2940 0 1
2999 6 -1
3020 3 -1
3039 4 -1
3058 2 -1
3162 1 -1
3193 7 -1
3287 0 -1
3359 5 1
3410 3 -1
3515 1 1
3515 10 1
3612 11 1
3620 0 1
3761 4 -1
3765 2 -1
3866 0 1
3870 13 -1
3923 6 -1
4012 3 -1
4091 1 -1
4149 8 1
4184 0 1
4321 5 -1
4445 2 1
4462 1 1
4515 15 1
4614 3 -1
4646 0 -1
4793 4 -1
4848 6 1
4849 1 -1
4912 2 1
5006 0 -1
5176 7 -1
5202 3 -1
5236 0 1
5310 9 -1
5395 1 -1
5565 0 -1
5611 2 1
5736 1 -1
5761 5 -1
5865 4 -1
5890 3 -1
5913 0 1
6127 0 -1
6197 6 -1
6292 1 -1
6320 2 1
6321 10 1
6361 0 -1
6546 7 1
6554 4 1
6578 3 -1
6586 0 1
6777 2 1
6853 1 1
6917 0 -1
6987 8 1
7024 3 -1
7191 5 -1
7233 1 1
7264 0 1
7356 4 -1
7481 17 -1
7487 3 1
7487 0 -1
7492 2 1
7513 6 -1
7582 1 -1
7610 9 -1
7782 12 -1
7849 0 -1
7868 14 -1
7937 1 1
7965 7 1
8024 3 -1
8083 0 -1
8098 4 -1
8110 5 -1
8191 2 1
8287 0 -1
8459 6 -1
8537 1 1
8626 3 -1
8642 0 -1
8669 2 -1
8858 0 1
8943 8 -1
9100 1 -1
9115 5 1
9142 2 -1
9198 4 -1
9206 0 -1
9228 3 -1
9436 1 -1
9537 0 1
9599 2 -1
9636 3 1
9717 11 1
9765 0 -1
9867 6 -1
9968 1 -1
9994 0 -1
10018 5 1
10206 7 -1
10265 0 -1
10311 2 -1
10339 1 -1
10351 3 -1
10359 4 -1
10512 9 -1
10513 10 -1
10652 6 -1
10679 0 -1
10686 1 1
10846 8 1
10902 3 -1
11012 2 -1
11020 4 1
11078 0 1
11194 1 -1
11292 3 -1
11308 0 1
11437 5 -1
11453 2 1
11556 1 1
11566 6 1
11609 7 -1
11711 0 1
11781 12 1
11781 15 1
12009 0 -1
12071 3 1
12078 1 -1
12145 4 -1
12173 2 1
12302 0 1
12490 3 -1
12621 1 -1
12646 2 -1
12692 0 -1
12748 8 1
12775 5 1
12947 4 1
12955 0 -1
12965 1 1
13092 13 1
13116 2 -1
13124 3 -1
13350 1 1
13366 0 1
13393 6 1
13624 10 1
13681 7 -1
13737 1 1
13759 5 -1
13769 4 -1
13839 2 -1
13893 3 -1
13909 9 -1
13917 0 -1
14159 0 -1
14253 6 -1
14273 1 1
14275 2 1
14420 3 -1
14447 0 -1
14801 4 -1
14803 1 1
14936 3 -1
14957 2 -1
15001 0 1
15113 5 1
15172 1 -1
15349 0 -1
15392 11 1
15398 3 1
15503 4 -1
15543 7 -1
15578 0 -1
15586 6 1
15586 8 1
15677 2 -1
15736 1 1
15779 14 1
15922 0 1
16037 9 -1
16070 5 1
16150 0 -1
16156 2 1
16242 3 1
16289 1 1
16365 10 1
16457 0 1
16583 4 1
16612 2 1
16655 1 1
16844 3 1
16940 6 1
16973 5 1
17059 7 1
17075 2 1
17110 0 -1
17196 1 1
17263 3 -1
17440 0 1
17631 4 1
17708 1 -1
17732 0 1
17741 2 -1
17875 3 -1
18072 0 -1
18084 1 -1
18260 7 -1
18308 4 -1
18338 5 -1
18354 0 1
18370 6 -1
18370 8 1
18402 9 -1
18448 2 -1
18499 3 -1
18618 1 -1
18622 0 1
18907 2 -1
18945 4 -1
18985 1 -1
19031 0 1
19122 3 -1
19240 5 -1
19249 0 1
19326 6 1
19384 1 1
19434 11 1
19617 2 1
19618 0 1
19646 4 1
19703 7 -1
19920 1 -1
19950 12 -1
19977 3 -1
20074 2 1
20186 0 1
20187 8 1
20295 1 -1
20369 6 -1
20547 2 -1
20638 9 1
20689 0 1
20718 4 1
20735 3 -1
20735 5 1
20856 1 1
20864 10 1
21251 3 -1
21256 2 -1
21259 0 1
21388 1 1
21724 2 -1
21750 1 1
21788 0 1
21807 4 1
21885 6 1
21912 7 -1
22068 3 -1
22107 1 -1
22121 5 -1
22348 0 1
22393 2 1
22504 1 -1
22508 4 -1
22524 3 1
22648 0 1
22809 8 1
22987 5 1
22987 0 -1
22992 3 -1
23073 1 -1
23073 2 -1
23368 6 1
23508 10 -1
23551 2 1
23572 4 -1
23580 0 1
23609 1 -1
23691 3 -1
23927 5 -1
23988 1 -1
24008 2 1
24064 7 1
24080 0 1
24164 3 1
24271 9 1
24278 4 -1
24464 6 1
24510 2 -1
24520 1 -1
24580 0 1
24701 8 -1
24826 1 1
24841 0 -1
24857 5 -1
25013 3 -1
25088 4 1
25093 0 -1
25187 2 1
25195 11 1
25219 1 -1
25459 7 -1
25615 3 -1
25682 0 1
25759 1 -1
25900 2 1
26007 3 -1
26074 0 -1
26120 4 1
26124 1 1
26227 6 -1
26238 5 1
26383 2 -1
26386 0 -1
26415 3 1
26571 13 1
26625 8 1
26700 1 1
26760 0 1
26808 3 1
26809 4 -1
27044 15 -1
27044 0 -1
27071 2 1
27228 1 -1
27275 0 1
27547 7 -1
27550 2 -1
27571 1 1
27646 0 -1
27657 5 1
27678 3 -1
27700 9 -1
27756 4 -1
27797 6 -1
27945 0 -1
28006 2 -1
28111 1 1
28151 10 1
28286 3 -1
28318 0 1
28581 5 1
28659 1 1
28683 3 -1
28753 2 1
28798 0 -1
28816 4 -1
28850 6 1
29016 1 1
29022 0 1
29030 7 1
29233 0 1
29237 2 1
29237 8 1
29280 11 1
29293 3 -1
29554 1 1
29562 4 -1
29707 0 -1
29785 3 -1
29925 9 -1
29963 2 1
30038 5 1
30059 0 -1
30102 1 -1
30264 4 -1
30282 0 1
30296 3 -1
30453 1 -1
30457 7 1
30570 16 -1
30669 2 1
30683 0 -1
30828 6 -1
30844 1 1
30925 4 1
30970 0 -1
30984 3 -1
31129 12 1
31145 2 -1
31223 1 1
31226 8 -1
31254 0 1
31441 5 1
31505 3 -1
31613 2 -1
31614 0 1
31771 1 -1
31938 0 1
31946 14 -1
31973 4 1
32086 2 1
32188 3 -1
32247 17 -1
32279 10 1
32309 0 1
32315 1 -1
32365 5 1
32505 7 1
32601 6 1
32690 0 -1
32694 1 -1
32795 2 1
32911 0 1
32967 3 -1
32992 4 1
33131 0 -1
33150 11 -1
33250 1 1
33332 9 -1
33365 0 -1
33478 2 -1
33515 6 -1
33526 3 1
33569 1 1
33687 0 -1
33706 7 1
33762 5 -1
33795 4 -1
33948 1 1
33956 2 1
34042 0 -1
34063 8 -1
34128 3 1
34264 0 1
34512 1 -1
34660 2 1
34690 0 1
34698 10 1
34730 3 1
34843 4 -1
34875 1 -1
34930 0 1
35127 5 1
35133 3 -1
35138 6 1
35141 0 -1
35342 2 -1
35443 1 1
35450 9 1
35517 0 1
35544 4 1
35786 0 1
35799 2 -1
35907 7 1
35960 3 1
35967 1 -1
36036 5 1
36178 0 1
36270 4 1
36331 6 1
36375 1 1
36506 2 -1
36730 0 1
36741 1 1
36869 8 1
36901 3 1
37019 13 1
37062 12 -1
37116 1 1
37181 4 1
37234 2 1
37291 0 1
37374 5 -1
37481 6 -1
37503 10 1
37589 3 1
37676 1 1
37710 2 -1
37858 9 1
37878 4 -1
37887 0 -1
38164 7 1
38251 1 -1
38277 3 1
38298 5 -1
38417 2 1
38492 0 1
38624 1 1
38793 3 1
38828 0 1
38847 8 -1
38895 2 -1
39011 4 -1
39129 0 1
39152 1 1
39298 5 1
39320 6 -1
39322 2 1
39406 0 -1
39475 3 1
39680 0 1
39712 1 1
39809 7 1
40000 2 -1
40008 0 -1
40067 4 -1
40083 3 1
40087 1 1
40147 10 -1
40330 6 -1
40365 0 -1
40470 2 -1
40593 3 1
40635 0 -1
40639 1 -1
40658 5 -1
40768 4 -1
40978 0 1
41082 11 1
41147 2 1
41193 0 -1
41199 1 -1
41340 7 -1
41341 9 1
41410 3 -1
41488 0 1
41561 5 -1
41586 1 -1
41749 8 -1
41764 4 1
41846 2 1
41878 12 1
41891 3 -1
41999 0 1
42093 6 -1
42130 1 -1
42302 3 1
42303 2 1
42469 1 1
42567 0 1
42582 7 -1
42730 2 -1
42828 1 -1
42864 4 -1
42896 0 1
42910 3 1
42953 5 1
43039 15 1
43184 0 1
43189 9 -1
43205 2 1
43318 3 -1
43394 0 1
43420 1 -1
43630 4 1
43670 0 1
43673 6 -1
43767 1 1
43893 2 -1
43920 3 -1
44060 0 -1
44114 10 -1
44351 1 1
44404 5 1
44425 0 -1
44479 8 1
44565 3 -1
44643 2 1
44726 7 -1
44765 0 -1
44767 4 -1
44855 6 -1
44908 1 -1
45065 3 1
45097 2 1
45186 0 1
45254 1 1
45366 5 -1
45581 3 1
45633 1 1
45747 12 1
45756 0 -1
45807 2 1
45875 4 1
46004 1 -1
46097 3 1
46231 6 -1
46253 5 -1
46269 2 1
46274 8 1
46360 0 1
46371 20 1
46392 14 -1
46552 1 -1
46585 4 -1
46753 2 -1
46806 7 -1
46825 3 -1
46922 0 1
47016 9 1
47113 1 1
47172 5 -1
47411 4 -1
47446 6 -1
47448 3 -1
47451 2 1
47463 1 -1
47483 0 -1
47744 0 -1
47860 3 1
47924 2 1
48003 1 -1
48080 0 -1
48088 7 -1
48193 4 -1
48366 1 -1
48413 0 -1
48537 3 -1
48596 5 -1
48628 13 -1
48644 0 -1
48652 2 -1
48725 1 1
48822 10 1
48956 3 1
48956 6 -1
49053 0 1
49058 11 1
49101 8 1
49219 1 -1
49289 4 1
49322 2 -1
49450 3 1
49547 1 -1
49550 0 1
49746 12 -1
49794 2 1
49821 0 -1
49929 5 -1
49950 7 -1
50069 9 -1
50071 0 -1
50120 1 1
50254 2 1
50294 3 1
50337 4 1
50617 6 1
50652 1 1
50673 0 -1
50697 3 -1
50719 2 1
50896 5 1
51010 1 -1
51051 4 1
51272 0 -1
51299 3 -1
51377 1 1
51418 2 1
51649 6 -1
51748 1 -1
51767 0 -1
51767 8 1
51853 10 -1
52022 0 -1
52046 4 -1
52046 7 -1
52068 9 -1
52103 2 -1
52165 3 -1
52294 5 -1
52320 0 1
52337 1 1
52587 2 1
52740 4 1
52766 3 -1
52869 1 -1
52874 0 1
53100 6 1
53164 5 1
53226 0 1
53227 1 -1
53288 2 -1
53325 3 -1
53409 7 -1
53449 0 -1
53469 4 -1
53680 8 -1
53715 3 -1
53734 2 1
53772 1 -1
53831 0 -1
54132 6 1
54142 5 -1
54175 1 1
54196 9 1
54202 0 -1
54228 2 -1
54304 16 1
54328 3 -1
54465 13 1
54494 0 -1
54525 1 -1
54562 4 1
54876 0 -1
54927 2 -1
54943 3 -1
55078 1 -1
55231 4 -1
55357 6 -1
55379 2 -1
55438 3 1
55444 1 -1
55446 0 -1
55497 8 -1
55529 5 -1
55537 7 1
55792 0 1
55981 9 -1
56021 0 -1
56025 1 -1
56083 2 1
56281 12 -1
56292 0 1
56330 3 -1
56400 4 1
56400 10 1
56459 5 -1
56496 11 -1
56529 0 -1
56541 1 1
56749 2 -1
56797 6 1
56832 3 -1
56878 0 -1
56932 1 1
57206 8 1
57206 17 1
57217 0 1
57217 2 -1
57282 1 -1
57367 3 -1
57472 4 1
57472 7 -1
57491 0 1
57649 1 1
57663 2 -1
57856 0 -1
57883 5 -1
57937 6 1
58085 0 -1
58130 2 -1
58154 3 -1
58189 4 1
58209 1 -1
58342 0 -1
58563 3 1
58729 1 1
58770 2 -1
58818 13 -1
58842 4 -1
58928 0 -1
58963 7 1
59120 1 -1
59194 3 1
59259 5 -1
59270 0 -1
59366 10 1
59420 9 1
59476 2 -1
59514 0 -1
59517 6 -1
59608 4 -1
59636 1 1
59807 3 1
59853 0 1
59920 2 1
60039 1 -1
60044 8 1
60070 0 -1
60215 3 -1
60334 5 -1
60379 0 -1
60416 1 -1
60600 4 1
60613 2 1
60694 3 1
60777 0 -1
60971 1 1
61032 0 -1
61049 2 -1
61097 3 1
61161 6 -1
61188 7 -1
61321 1 -1
61323 5 1
61449 0 1
61516 2 -1
61696 4 -1
61699 12 1
61720 3 1
61837 1 1
61959 0 -1
61978 10 -1
62000 11 1
62172 14 -1
62183 2 1
62252 0 1
62301 9 1
62317 3 1
62328 5 1
62393 1 1
62454 4 -1
62489 0 -1
62559 7 1
62602 6 -1
62647 2 1
62760 1 1
62817 3 -1
62817 22 1
62887 0 -1
62989 8 -1
63112 0 -1
63280 1 -1
63354 2 1
63502 4 -1
63540 0 -1
63542 3 1
63644 6 1
63795 5 1
63849 1 1
63875 0 1
63905 7 -1
64074 2 1
64163 4 1
64187 0 1
64189 1 -1
64367 3 -1
64469 0 -1
64515 9 -1
64537 2 1
64558 6 -1
64757 0 1
64796 1 -1
64859 8 1
64864 4 -1
64956 3 -1
65173 0 -1
65246 2 1
65267 15 -1
65289 5 1
65392 1 -1
65692 3 -1
65727 0 1
65762 12 -1
65783 1 -1
65872 4 -1
65966 2 -1
65998 11 -1
66082 7 -1
66127 0 -1
66197 1 1
66246 5 -1
66246 6 -1
66267 10 1
66388 0 1
66434 3 1
66436 2 1
66529 4 1
66543 1 -1
66686 0 1
66912 0 -1
67003 3 -1
67085 1 -1
67141 2 1
67240 0 -1
67460 7 -1
67557 4 -1
67587 0 -1
67611 5 1
67632 9 1
67634 1 -1
67643 8 -1
67761 3 -1
67826 6 -1
67853 2 1
67892 0 -1
68004 1 -1
68240 0 1
68309 2 1
68326 3 1
68441 0 1
68569 1 -1
68583 5 -1
68726 4 -1
68761 0 -1
68766 2 1
68841 3 1
68940 1 -1
69105 10 1
69126 0 -1
69202 6 -1
69282 1 -1
69282 2 -1
69395 4 1
69435 0 -1
69460 8 -1
69486 5 -1
69537 3 -1
69653 7 1
69834 1 1
69871 0 1
69911 13 -1
69943 3 1
69943 2 -1
70088 4 -1
70195 1 1
70449 0 1
70631 2 1
70653 3 -1
70689 1 1
70834 4 -1
70846 5 1
70868 9 -1
70978 0 1
70997 6 1
71061 2 -1
71217 1 -1
71330 8 -1
71341 3 -1
71502 0 -1
71582 1 -1
71669 7 1
71744 2 1
71771 5 1
71781 11 1
71787 3 -1
71918 4 1
71927 1 -1
72008 0 1
72179 6 1
72244 2 -1
72273 1 1
72389 0 -1
72399 3 1
72555 12 -1
72684 0 -1
72700 2 1
72833 1 -1
72961 0 -1
72991 4 -1
73055 6 -1
73087 3 1
73114 9 -1
73120 7 -1
73136 16 1
73189 5 1
73246 0 1
73345 10 -1
73383 2 -1
73422 1 -1
73685 0 1
73716 4 1
73805 1 -1
73859 2 1
73969 3 1
74168 8 -1
74197 0 -1
74347 1 -1
74458 7 1
74522 2 1
74587 5 -1
74667 6 -1
74700 1 -1
74719 0 1
74813 4 -1
74834 3 1
75006 0 -1
75087 1 1
75205 2 -1
75256 0 1
75420 3 1
75511 5 -1
75542 4 -1
75663 1 -1
75694 2 -1
75820 0 1
75866 8 1
75898 6 -1
75917 7 1
76010 1 1
76172 2 1
76199 3 1
76207 4 1
76308 0 1
76339 9 1
76446 12 1
76463 5 1
76594 1 1
76656 0 -1
76656 2 -1
76887 3 1
76914 0 -1
77005 14 1
77130 1 -1
77167 0 -1
77320 4 -1
77333 2 1
77360 10 1
77414 0 1
77435 5 1
77446 3 -1
77469 1 1
77521 11 1
77521 6 -1
77804 0 1
77808 1 -1
78005 7 -1
78013 4 -1
78027 2 -1
78037 15 -1
78182 1 -1
78263 3 1
78400 0 -1
78505 2 1
78532 8 -1
78723 1 -1
78774 6 -1
78822 3 -1
78865 5 1
78947 0 1
79150 4 -1
79182 0 1
79193 2 -1
79241 1 1
79443 0 1
79597 1 -1
79612 3 -1
79628 9 -1
79827 0 1
79902 2 -1
79929 6 -1
79972 10 -1
80098 0 1
80101 7 -1
80133 1 1
80214 4 1
80225 5 -1
80375 2 -1
80418 3 1
80484 1 -1
80547 0 1
80789 12 1
80867 1 -1
80886 3 -1
80905 0 1
80939 4 1
80950 6 -1
81058 2 1
81128 0 -1
81133 5 -1
81348 11 -1
81359 0 1
81377 1 -1
81391 9 1
81402 3 -1
81520 13 -1
81607 0 1
81665 4 1
81670 8 -1
81681 7 1
81740 1 -1
81740 2 -1
81794 3 -1
81918 6 -1
81979 0 1
82178 2 -1
82330 1 -1
82378 4 -1
82466 5 -1
82525 3 1
82528 0 1
82830 1 -1
82869 2 -1
82885 0 1
83020 10 1
83128 0 1
83207 1 -1
83326 2 -1
83331 3 -1
83366 0 1
83455 4 1
83460 5 -1
83531 1 -1
83584 8 1
83589 6 -1
83667 0 -1
83761 7 -1
83791 2 -1
83852 3 -1
83870 1 1
84027 0 -1
84207 9 -1
84393 0 1
84411 5 -1
84450 1 1
84492 2 -1
84535 4 1
84608 0 -1
84691 3 1
84820 6 -1
84954 2 -1
84968 0 1
85015 1 -1
85094 3 -1
85140 7 -1
85216 4 -1
85266 0 1
85416 1 1
85508 3 1
85513 0 -1
85583 8 -1
85658 2 -1
85777 10 1
85787 5 1
85938 6 1
85970 1 1
86142 0 -1
86185 3 -1
86240 4 -1
86250 9 1
86298 2 1
86567 1 1
86593 11 -1
86636 3 1
86637 0 -1
86663 7 -1
86744 2 1
86787 5 -1
86954 1 1
87206 2 1
87295 0 -1
87345 4 -1
87362 3 1
87490 1 -1
87518 8 1
87539 6 1
87701 2 -1
87969 3 1
87989 4 -1
88007 0 1
88046 1 1
88211 5 -1
88351 2 -1
88378 3 -1
88397 1 -1
88485 6 1
88542 0 1
88625 9 1
88767 3 -1
88775 7 -1
88941 1 -1
89015 0 -1
89047 2 -1
89122 4 -1
89176 3 1
89300 1 1
89415 0 1
89480 2 1
89560 5 1
89658 1 1
89668 6 1
89684 0 1
89711 17 1
89786 3 1
89818 31 -1
89872 10 1
89955 0 1
90073 4 -1
90202 1 1
90205 2 1
90239 0 -1
90307 7 1
90334 12 -1
90398 3 1
90399 8 1
90463 11 1
90474 5 1
90581 1 1
90646 0 1
90667 2 1
90795 4 -1
90812 3 -1
91006 0 1
91140 1 -1
91146 2 -1
91232 0 -1
91248 6 -1
91430 3 -1
91463 9 -1
91627 0 -1
91682 1 1
91801 2 -1
91820 3 -1
91843 4 -1
91921 0 -1
92043 5 -1
92061 1 1
92239 0 1
92258 3 1
92280 6 1
92280 2 1
92331 7 1
92407 1 -1
92520 4 1
92656 15 -1
92742 14 1
92768 1 -1
92785 0 1
92860 3 1
92970 2 -1
93215 8 1
93266 4 1
93271 3 -1
93322 1 1
93363 0 -1
93408 5 1
93569 6 -1
93645 13 -1
93677 2 1
93838 10 -1
93887 3 -1
93907 1 -1
93932 0 -1
93946 9 1
94120 2 -1
94188 0 -1
94221 1 -1
94290 5 -1
94333 11 -1
94362 4 -1
94370 7 1
94489 0 1
94607 3 1
94786 1 1
94822 2 -1
95042 3 -1
95064 8 1
95069 0 -1
95096 4 -1
95144 1 -1
95236 6 1
95499 2 1
95547 1 1
95623 5 1
95639 0 1
95730 3 1
95838 7 -1
95929 2 -1
96004 0 -1
96088 1 -1
96215 0 1
96224 4 -1
96348 3 1
96418 1 1
96488 0 -1
96525 6 -1
96526 18 1
96604 2 1
96612 10 1
96697 12 -1
96775 0 1
96848 3 -1
96945 5 1
96970 1 1
97130 0 1
97192 7 -1
97256 4 1
97283 2 -1
97478 1 -1
97665 0 -1
97735 3 1
97762 2 1
97857 1 -1
97858 9 -1
97912 5 -1
97923 8 1
98018 4 1
98227 0 1
98229 2 1
98242 1 -1
98342 6 1
98528 0 1
98546 3 -1
98546 7 1
98607 1 1
98702 2 -1
98711 4 -1
98753 0 -1
98879 5 1
99111 3 1
99155 1 -1
99342 0 1
99421 4 -1
99422 2 -1
99643 13 1
99705 0 1
99748 1 -1
99799 3 1
99815 6 -1
99825 5 1
99973 0 -1
100080 1 -1
100110 2 1
100314 3 1
100401 0 -1
100425 4 1
100438 12 -1
100589 2 -1
100594 7 -1
100622 1 -1
100645 0 -1
100750 8 1
100771 10 1
100868 6 1
100965 0 1
100999 1 -1
101056 3 -1
101180 5 -1
101320 2 -1
101348 1 1
101363 9 -1
101513 0 -1
101561 4 -1
101803 2 1
101814 3 -1
101862 0 -1
101908 1 1
102083 0 1
102185 6 -1
102243 1 -1
102249 3 -1
102260 2 1
102271 4 1
102440 0 -1
102464 7 -1
102588 11 -1
102610 16 1
102674 5 1
102682 0 1
102695 8 -1
102839 1 -1
102896 0 -1
102967 2 1
103018 3 -1
103230 0 -1
103367 4 -1
103371 1 1
103442 2 -1
103450 3 -1
103464 10 -1
103534 9 1
103539 0 -1
103647 5 -1
103684 6 -1
103746 1 -1
103859 7 -1
103915 0 -1
103948 3 -1
104036 4 1
104097 1 -1
104125 2 1
104476 1 -1
104552 0 1
104649 4 1
104748 6 1
104824 3 -1
104840 2 1
104982 0 -1
104998 1 -1
105022 5 1
105208 0 1
105270 2 -1
105313 3 1
105383 8 1
105556 1 -1
105565 6 -1
105587 0 -1
105753 2 1
105774 4 -1
105834 7 -1
105899 13 1
105907 1 1
105909 5 -1
106028 12 1
106071 9 -1
106158 0 -1
106237 2 -1
106318 3 -1
106358 10 -1
106386 4 1
106457 6 -1
106471 1 -1
106522 0 1
106791 0 1
106838 1 -1
106922 2 1
106973 5 -1
107062 0 -1
107102 15 1
107108 7 -1
107127 3 -1
107221 1 -1
107292 0 1
107499 4 -1
107532 3 1
107602 2 -1
107651 0 1
107755 1 1
108043 2 1
108067 0 -1
108083 3 -1
108110 1 -1
108220 8 1
108365 0 -1
108371 6 -1
108371 9 -1
108403 5 -1
108543 3 -1
108575 4 -1
108680 7 1
108716 0 1
108716 1 -1
108785 2 -1
108822 14 -1
108946 0 1
109190 0 1
109204 4 1
109225 2 1
109278 1 -1
109295 3 -1
109370 5 1
109659 1 -1
109698 2 -1
109776 0 -1
109897 4 -1
109908 3 -1
109983 12 -1
110177 8 -1
110187 1 1
110298 3 -1
110316 6 -1
110327 0 1
110349 10 1
110370 11 -1
110405 2 -1
110655 0 -1
110711 4 1
110722 1 1
110805 5 1
110840 7 -1
110900 2 1
110918 0 1
111074 3 -1
111074 1 -1
111209 0 -1
111509 6 -1
111563 0 -1
111624 1 1
111641 2 1
111660 3 -1
111703 4 -1
112026 0 1
112176 3 -1
112187 1 1
112251 5 1
112273 9 -1
112283 7 -1
112321 2 -1
112570 1 1
112587 0 -1
112787 4 -1
112789 2 -1
112947 1 1
112955 3 -1
113004 8 -1
113170 5 1
113170 0 -1
113251 6 1
113251 10 1
113262 2 1
113291 1 -1
113464 4 1
113552 3 -1
113718 2 1
113724 12 1
113724 0 -1
113843 1 1
113896 17 1
114078 5 1
114100 0 1
114288 3 1
114320 0 -1
114323 7 -1
114358 6 -1
114384 1 1
114447 2 -1
114601 4 -1
114659 0 1
114750 1 -1
114756 8 1
115016 0 -1
115110 5 1
115121 2 -1
115159 3 1
115301 0 1
115325 1 -1
115339 4 -1
115390 6 1
115573 0 1
115573 9 1
115583 2 -1
115694 1 1
115707 3 -1
115825 0 -1
116050 1 -1
116060 4 -1
116121 3 1
116224 0 1
116287 2 -1
116443 5 1
116484 7 1
116529 3 -1
116596 1 1
116750 2 -1
116755 8 1
116825 0 -1
116863 10 1
116895 6 1
116955 1 -1
117056 13 -1
117185 4 1
117196 3 -1
117212 0 1
117223 2 1
117491 1 1
117505 0 -1
117739 0 1
117798 5 -1
117830 7 -1
117878 3 -1
117916 2 -1
117919 4 1
117959 0 -1
117991 9 -1
118007 6 -1
118017 1 1
118281 0 -1
118340 3 1
118389 2 1
118398 1 1
118561 11 -1
118682 0 1
118754 5 1
118765 1 -1
118905 0 -1
119027 4 -1
119028 3 1
119090 2 1
119136 7 1
119188 1 -1
119268 0 -1
119477 0 -1
119496 3 -1
119604 8 1
119663 6 -1
119700 12 1
119708 1 1
119749 0 1
119776 2 -1
120071 3 1
120152 5 -1
120160 4 1
120162 0 1
120240 1 1
120243 2 -1
120426 0 1
120490 7 -1
120595 1 -1
120721 2 1
120748 10 1
120840 0 1
120893 3 1
120926 4 1
121033 5 1
121141 9 1
121149 1 1
121178 2 1
121205 6 1
121237 0 -1
121312 3 -1
121399 8 1
121487 0 -1
121623 4 1
121631 1 -1
121814 0 -1
121866 2 -1
121904 3 1
121998 1 1
122000 5 -1
122334 6 -1
122344 0 1
122477 4 -1
122495 11 1
122527 3 -1
122543 2 1
122588 1 1
122707 0 -1
122715 7 1
122917 3 -1
122995 0 1
123011 2 -1
123161 1 -1
123183 15 1
123323 3 1
123430 0 -1
123473 5 1
123484 6 -1
123540 1 -1
123542 4 -1
123624 9 -1
123659 2 -1
123712 0 1
123763 10 -1
123801 3 -1
124012 0 1
124021 8 1
124066 1 1
124215 12 1
124279 6 -1
124341 0 -1
124376 5 1
124376 2 -1
124432 1 -1
124473 14 -1
124489 3 -1
124571 0 1
124610 4 -1
124610 7 1
124787 1 1
124819 2 -1
124900 0 -1
125177 3 -1
125248 0 1
125263 4 -1
125327 1 1
125483 0 1
125507 2 1
125694 1 1
125741 6 -1
125765 0 -1
125773 3 -1
125806 5 1
126031 0 -1
126037 7 -1
126085 9 1
126214 2 1
126254 4 1
126262 1 1
126300 11 -1
126418 0 -1
126569 10 -1
126668 3 1
126692 2 -1
126762 8 -1
126770 0 -1
126794 16 -1
126795 1 1
126927 4 -1
126999 0 -1
127141 1 1
127144 5 1
127284 3 1
127375 0 -1
127375 2 1
127476 1 -1
127547 6 1
127572 4 -1
127692 3 -1
127746 0 1
127843 2 1
127851 1 -1
127988 5 -1
127990 0 -1
128020 13 -1
128221 7 1
128299 2 1
128305 3 -1
128344 0 1
128375 1 1
128428 8 1
128514 6 1
128579 0 -1
128633 4 -1
128869 5 1
128924 0 1
128944 9 1
128949 1 -1
128982 2 -1
129095 3 -1
129256 0 -1
129261 1 -1
129285 4 1
129310 10 1
129331 12 -1
129444 2 -1
129581 0 -1
129589 3 -1
129681 7 -1
129786 1 -1
129793 5 1
129847 6 -1
129944 0 -1
130148 1 1
130175 2 1
130191 3 -1
130218 0 -1
130277 8 1
130442 4 1
130529 1 -1
130581 3 -1
130667 0 -1
130868 2 -1
130992 3 1
131008 0 -1
131091 1 -1
131202 9 1
131230 0 1
131250 5 -1
131253 7 1
131266 15 -1
131277 6 1
131341 2 1
131472 1 -1
131510 4 1
131602 0 -1
131631 3 1
131817 2 -1
131871 0 -1
131997 14 1
132031 1 -1
132083 8 1
132112 0 -1
132131 3 1
132252 4 -1
132276 2 -1
132534 6 -1
132591 1 1
132637 0 1
132685 5 -1
132819 3 1
132927 2 -1
132966 1 1
133196 10 1
133220 0 1
133276 4 1
133316 7 1
133502 11 -1
133526 1 1
133620 5 -1
133631 3 -1
133634 2 1
133808 0 1
133932 9 -1
134076 1 1
134096 0 -1
134117 2 -1
134147 3 -1
134168 6 1
134332 4 -1
134362 0 1
134457 1 1
134593 3 -1
134598 7 1
134813 8 -1
134819 2 -1
134972 0 -1
135013 1 1
135034 5 -1
135055 3 1
135090 4 1
135265 12 1
135278 2 -1
135445 0 1
135590 1 -1
135754 2 1
135845 6 1
135867 3 -1
135965 1 -1
135985 5 1
136002 0 -1
136162 4 -1
136259 0 -1
136342 1 -1
136431 2 1
136525 0 1
136630 7 -1
136712 1 1
136726 3 -1
136856 9 -1
136882 5 1
136883 2 1
137038 6 -1
137049 0 -1
137173 3 -1
137186 4 -1
137279 1 -1
137396 0 -1
137586 2 1
137629 10 1
137640 8 -1
137699 0 -1
137807 3 -1
137831 4 -1
137833 1 -1
138202 1 1
138206 0 1
138215 3 1
138285 5 -1
138285 2 1
138608 3 1
138637 4 1
138661 6 1
138754 0 1
138758 2 1
138770 1 -1
138871 7 -1
138876 9 -1
139125 1 1
139177 15 1
139183 5 -1
139212 2 1
139220 3 1
139220 12 1
139318 0 1
139355 4 1
139488 1 1
139532 8 1
139674 2 1
139720 3 1
139779 14 -1
139854 6 1
139855 13 -1
139916 0 -1
140056 1 -1
140193 7 1
140311 0 1
140365 2 -1
140403 1 1
140459 4 -1
140499 5 -1
140558 3 -1
140612 0 1
140628 10 -1
140819 0 1
140953 1 -1
140994 6 -1
141080 2 -1
141085 0 -1
141306 11 -1
141381 3 1
141483 1 1
141502 0 1
141503 4 -1
141504 2 1
141784 3 -1
141830 1 1
141918 5 -1
142063 0 1
142152 4 1
142196 1 1
142233 2 -1
142295 9 1
142381 8 1
142402 7 1
142466 6 1
142469 3 1
142567 1 -1
142618 0 1
142665 2 1
142880 5 1
142923 0 -1
143107 1 -1
143117 2 1
143127 3 1
143205 0 1
143248 4 1
143541 3 -1
143574 0 -1
143645 1 -1
143713 12 1
143756 6 -1
143788 5 1
143829 0 1
143864 2 -1
143966 4 1
143990 1 1
144143 3 -1
144173 0 -1
144208 8 1
144288 7 -1
144331 2 -1
144514 0 -1
144587 1 1
144627 4 1
144691 5 1
144745 3 -1
144759 0 1
144788 10 -1
144921 1 1
145019 0 1
145041 2 -1
145135 3 -1
145272 6 -1
145292 1 1
145295 0 1
145546 3 1
145552 9 -1
145675 4 1
145680 0 1
145707 7 -1
145756 2 -1
145885 1 1
145960 3 -1
145981 5 1
145992 8 1
146207 2 -1
146229 0 -1
146241 1 -1
146304 4 -1
146314 11 1
146562 3 -1
146683 2 1
146691 13 1
146707 0 -1
146773 1 -1
146917 17 -1
146941 0 -1
147142 2 1
147153 3 1
147212 0 1
147293 6 1
147305 1 -1
147422 5 -1
147424 4 1
147561 0 1
147575 3 -1
147678 1 -1
147690 9 1
147787 10 1
147803 7 -1
147825 0 1
147846 2 1
148057 1 -1
148214 0 1
148222 3 1
148303 6 1
148314 5 -1
148400 1 1
148452 4 -1
148529 2 -1
148593 12 -1
148600 0 1
148636 3 -1
148862 0 -1
148944 1 1
148983 2 -1
149034 3 -1
149045 8 -1
149109 16 -1
149112 0 -1
149166 4 -1
149424 0 -1
149480 1 1
149518 6 -1
149641 3 -1
149671 2 1
149743 5 -1
149778 4 -1
149786 7 1
149813 0 -1
149875 1 1
150071 3 1
150147 2 -1
150160 0 1
150227 11 -1
150335 10 -1
150375 0 -1
150407 1 1
150451 4 1
150507 6 -1
150614 2 -1
150636 9 1
150700 3 1
150758 1 -1
150851 0 1
151066 0 -1
151066 8 1
151129 1 1
151135 5 -1
151278 7 -1
151313 2 -1
151358 0 1
151383 3 -1
151487 4 -1
151685 1 -1
151788 2 1
151807 6 1
151920 3 -1
151950 0 -1
152044 5 -1
152072 1 -1
152299 0 1
152463 3 1
152476 2 -1
152543 4 -1
152592 0 1
152596 1 -1
152834 7 1
152936 0 -1
153081 3 1
153148 1 -1
153151 2 1
153172 13 1
153175 0 -1
153237 6 -1
153241 4 1
153448 0 1
153507 1 1
153516 5 -1
153618 2 1
153699 3 1
153890 1 1
153903 8 1
154059 0 1
154161 9 1
154204 7 -1
154269 11 -1
154271 1 1
154290 6 -1
154301 3 1
154309 4 1
154322 2 1
154411 0 -1
154675 0 -1
154779 1 -1
154779 3 1
154871 5 1
154881 10 -1
155010 2 -1
155043 12 1
155091 0 1
155301 4 1
155301 14 -1
155319 1 1
155381 3 1
155475 0 -1
155486 2 1
155701 0 1
155704 1 1
155763 6 -1
155849 5 -1
155983 3 1
156046 4 1
156060 0 1
156177 2 -1
156252 7 -1
156256 1 1
156375 3 1
156400 0 -1
156644 9 -1
156695 0 1
156719 6 -1
156806 8 1
156826 1 -1
156892 2 -1
157031 3 -1
157094 4 1
157155 0 1
157192 5 -1
157203 1 1
157346 2 -1
157440 0 1
157622 10 -1
157673 0 -1
157687 6 -1
157708 11 1
157739 1 1
157794 2 -1
157805 3 -1
158015 0 -1
158058 4 1
158187 5 1
158243 0 -1
158267 2 -1
158275 1 1
158391 3 1
158412 7 1
158547 8 1
158595 0 1
158634 1 -1
158815 4 1
158955 9 1
158961 2 1
159004 3 1
159127 5 1
159160 0 1
159199 1 1
159434 0 -1
159444 3 -1
159471 6 1
159565 1 1
159659 0 1
159670 2 1
159890 3 -1
159912 7 1
159924 1 1
159992 4 1
160122 2 1
160251 0 1
160488 1 -1
160492 3 -1
160546 5 1
160578 6 -1
160643 0 -1
160658 4 -1
160818 2 1
160841 1 1
160847 15 1
160882 3 -1
160938 0 1
161148 9 -1
161256 8 -1
161299 2 1
161336 0 -1
161347 4 1
161387 1 -1
161449 5 1
161484 3 -1
161570 0 -1
161702 10 1
161755 2 1
161800 0 1
161927 7 1
161943 1 1
162148 0 -1
162255 6 -1
162266 3 1
162322 1 1
162390 0 -1
162427 2 -1
162463 4 -1
162681 1 -1
162719 0 1
162793 3 1
162830 5 -1
162903 2 1
163060 1 1
163067 0 -1
163173 4 1
163209 7 -1
163301 0 1
163481 3 1
163602 0 1
163602 2 -1
163612 1 -1
163642 11 -1
163825 6 -1
163860 0 -1
163997 9 -1
164093 8 -1
164158 3 1
164173 1 -1
164185 5 1
164265 0 1
164281 4 1
164287 12 -1
164292 2 1
164475 7 1
164527 1 -1
164749 2 1
164865 0 -1
164889 6 -1
164905 3 -1
165007 13 -1
165108 1 1
165114 5 1
165206 0 -1
165206 2 1
165418 4 -1
165434 0 -1
165460 1 -1
165593 3 -1
165659 0 1
165684 2 -1
165765 10 1
165831 1 -1
165888 0 1
165964 8 -1
166055 3 1
166075 4 1
166082 5 -1
166235 0 -1
166356 6 -1
166388 2 -1
166394 1 1
166490 7 -1
166756 1 -1
166797 3 -1
166797 0 -1
166821 4 1
166952 5 -1
167073 2 1
167296 16 1
167313 3 -1
167341 1 -1
167353 0 1
167512 9 1
167522 2 1
167595 4 -1
167662 0 1
167764 7 1
167802 6 -1
167881 1 -1
167898 3 -1
167931 0 1
168224 1 -1
168226 2 1
168350 5 1
168517 0 1
168550 1 -1
168635 4 1
168635 10 1
168640 8 1
168656 2 -1
168850 3 -1
168913 1 -1
168930 6 1
169038 0 1
169097 2 1
169317 11 -1
169376 3 -1
169441 1 -1
169508 0 -1
169638 4 -1
169722 0 1
169780 7 1
169790 5 1
169806 2 1
169967 1 -1
169985 0 1
170150 3 -1
170253 2 1
170285 9 1
170312 1 1
170320 4 1
170322 0 -1
170349 12 1
170591 0 1
170650 14 -1
170758 5 -1
170790 3 1
170860 1 1
170897 6 -1
170954 2 1
170959 0 -1
171198 3 -1
171219 1 1
171274 8 1
171343 4 1
171577 0 -1
171588 3 -1
171589 1 1
171642 2 -1
171725 15 1
171811 7 1
171940 0 -1
171994 3 1
172013 4 -1
172117 2 1
172134 1 -1
172182 5 -1
172244 0 -1
172391 6 -1
172545 1 1
172585 2 1
172617 0 -1
172649 3 -1
172726 4 -1
173036 2 1
173069 10 1
173101 5 -1
173105 1 -1
173144 8 1
173222 0 -1
173251 3 -1
173262 7 1
173273 11 1
173273 9 1
173536 6 -1
173574 0 1
173633 1 -1
173641 3 -1
173657 4 -1
173708 2 1
173835 0 1
174056 1 1
174090 5 1
174119 0 -1
174246 3 -1
174367 4 -1
174391 2 -1
174396 0 1
174435 1 1
174584 7 -1
174595 6 1
174745 3 -1
174778 12 1
174788 0 1
174822 1 1
174853 2 -1
175046 8 -1
175182 0 1
175346 1 1
175347 3 1
175441 0 1
175443 4 -1
175476 5 -1
175519 6 1
175541 2 1
175788 0 -1
175910 1 -1
176017 0 -1
176025 2 -1
176068 9 -1
176127 3 1
176164 7 1
176261 13 1
176261 0 1
176265 1 1
176444 5 1
176500 2 1
176519 4 1
176594 3 -1
176671 0 1
176801 1 1
176863 8 -1
176938 6 1
176976 0 1
177152 1 -1
177156 4 1
177180 2 -1
177282 3 -1
177411 0 -1
177454 10 1
177495 1 1
177629 2 -1
177836 5 -1
177959 0 -1
177970 3 -1
178024 9 -1
178061 1 -1
178212 7 1
178212 0 -1
178268 4 -1
178277 2 -1
178416 1 1
178416 3 -1
178478 0 1
178518 6 -1
178854 0 1
178878 3 1
178982 1 1
178991 2 1
179099 0 1
179206 11 -1
179255 5 -1
179346 3 -1
179437 4 -1
179464 2 -1
179475 0 1
179529 8 1
179550 6 -1
179587 1 -1
179827 0 1
179908 2 -1
179929 1 -1
180034 3 -1
180055 0 1
180163 5 1
180195 4 -1
180236 7 1
180260 10 1
180370 2 -1
180397 0 1
180502 1 -1
180757 0 -1
180905 6 1
180937 3 1
181055 2 1
181066 0 -1
181066 1 1
181087 5 1
181184 12 -1
181215 4 -1
181421 1 -1
181461 7 1
181466 0 1
181496 3 -1
181593 9 1
181678 6 1
181786 2 -1
181953 1 -1
181993 0 1
182076 5 -1
182270 3 -1
182270 0 1
182275 2 -1
182340 4 1
182474 8 -1
182485 1 -1
182611 0 -1
182829 6 -1
182864 1 1
182872 3 -1
182974 2 -1
183073 4 1
183076 11 1
183175 0 -1
183204 1 -1
183318 3 -1
183533 5 1
183560 0 -1
183560 9 -1
183589 1 -1
183656 2 1
183678 7 -1
183792 0 1
183815 4 1
184113 2 1
184133 1 -1
184148 0 -1
184205 8 1
184237 3 -1
184382 0 -1
184387 10 -1
184522 6 -1
184586 0 1
184589 4 1
184626 3 -1
184690 1 1
184842 2 -1
184892 5 -1
184927 0 -1
185044 1 -1
185175 0 -1
185228 3 -1
185532 2 1
185535 0 1
185613 14 1
185629 7 1
185649 1 -1
185677 4 -1
185817 5 -1
185830 3 -1
185892 6 -1
186005 2 -1
186012 1 1
186118 0 1
186236 3 1
186381 0 -1
186407 1 1
186637 0 -1
186693 2 1
186725 4 -1
186817 8 1
186876 3 1
186947 1 1
186975 7 -1
187032 9 1
187034 0 -1
187177 2 -1
187203 11 1
187214 5 -1
187265 0 1
187326 1 1
187422 4 -1
187483 3 1
187510 6 1
187639 0 -1
187650 2 1
187882 1 1
187894 3 -1
188106 15 1
188195 0 -1
188203 5 1
188225 13 -1
188324 2 -1
188402 10 1
188422 1 1
188536 0 -1
188579 4 -1
188595 3 1
188665 8 1
188762 2 1
188773 0 -1
188797 1 1
189009 6 1
189047 7 -1
189128 5 1
189136 0 1
189184 1 1
189224 4 -1
189407 3 -1
189498 2 -1
189544 0 -1
189559 1 1
189844 0 1
189853 3 -1
189910 4 -1
189912 12 1
190041 6 -1
190111 1 1
190197 2 1
190278 8 1
190321 3 1
190342 0 1
190514 5 -1
190591 0 1
190631 1 1
190646 2 1
190783 3 -1
190861 0 -1
190901 9 -1
190917 7 1
190982 1 -1
190990 4 -1
191076 2 -1
191320 10 1
191388 0 1
191417 5 -1
191471 3 -1
191502 1 -1
191530 2 -1
191568 6 -1
191683 4 1
191768 0 1
191863 1 -1
192035 0 -1
192252 1 -1
192304 2 1
192309 3 -1
192320 7 -1
192390 6 -1
192492 0 -1
192699 3 -1
192784 1 1
192785 0 -1
192820 4 -1
192857 5 -1
192900 11 1
192997 2 -1
193005 0 1
193083 8 1
193146 1 -1
193180 18 -1
193277 9 -1
193301 3 -1
193438 14 -1
193465 2 1
193621 0 1
193695 1 1
193803 3 -1
193836 4 -1
194029 10 1
194131 6 1
194169 2 -1
194180 0 -1
194190 13 1
194223 5 1
194239 1 1
194330 3 -1
194352 7 -1
194572 0 1
194604 1 1
194634 4 1
194669 2 1
194788 0 1
195013 1 -1
195015 0 -1
195072 8 -1
195120 5 1
195126 2 1
195158 16 1
195163 3 1
195263 0 1
195373 9 1
195392 1 -1
195408 4 -1
195502 15 -1
195631 3 -1
195631 12 1
195636 0 1
195738 7 1
195760 6 1
195859 2 -1
195932 1 -1
196018 5 1
196117 4 1
196230 0 1
196308 2 1
196504 1 1
196568 3 -1
196684 6 -1
196754 0 -1
196813 11 -1
196827 1 1
196888 5 -1
196931 10 1
196996 2 -1
197015 0 -1
197060 4 1
197125 7 1
197278 0 1
197394 9 -1
197395 1 1
197571 3 1
197689 2 1
197738 1 -1
197748 8 1
197775 0 -1
198049 3 -1
198071 6 1
198092 1 1
198184 2 -1
198205 4 -1
198307 5 1
198358 0 1
198587 3 -1
198665 1 -1
198872 2 1
198898 4 1
198941 0 1
199015 1 1
199041 3 1
199124 6 -1
199197 0 1
199414 7 1
199482 0 -1
199506 2 -1
199555 1 1
199699 5 -1
199731 3 1
199957 2 -1
199995 4 1
200057 0 -1
200059 13 1
200120 1 1
200274 6 1
200317 12 -1
200419 3 1
200422 0 1
200487 1 -1
200511 8 -1
200667 5 1
200672 0 1
200685 2 1
200720 4 1
200812 9 1
200878 1 1
200946 7 -1
201021 3 1
201056 0 -1
201123 10 -1
201252 1 1
201263 31 1
201317 0 1
201349 14 1
201369 4 -1
201398 2 -1
201604 0 -1
201650 6 1
201793 1 1
201833 2 1
201965 0 1
202053 3 1
202091 5 -1
202233 0 1
202252 11 1
202306 2 -1
202353 1 1
202450 4 -1
202510 8 1
202675 1 1
202685 0 -1
202741 3 1
202771 2 -1
202886 6 1
203015 5 -1
203115 4 1
203139 7 1
203152 0 1
203209 1 -1
203397 3 -1
203443 0 1
203461 2 1
203679 0 -1
203756 1 -1
203961 5 -1
204058 9 -1
204069 0 1
204151 1 -1
204159 4 1
204168 2 1
204203 3 1
204370 0 1
204423 8 -1
204445 6 -1
204445 15 -1
204628 2 1
204707 1 -1
204711 0 -1
204767 3 -1
205036 0 -1
205227 4 -1
205247 1 -1
205265 0 -1
205332 7 -1
205332 2 1
205412 5 -1
205450 3 -1
205574 10 1
205606 1 1
205612 0 1
205810 2 1
205872 4 -1
206014 6 -1
206154 1 1
206194 0 -1
206202 3 1
206251 8 -1
206253 2 -1
206487 5 -1
206489 1 -1
206573 4 1
206601 0 1
206648 9 -1
206654 7 1
206670 3 -1
206896 0 -1
206900 1 1
206955 2 -1
207116 3 -1
207178 4 1
207202 6 -1
207256 0 1
207422 2 -1
207428 1 1
207520 0 1
207578 3 1
207780 0 1
207821 1 -1
207970 5 1
207971 12 1
208116 2 -1
208169 7 -1
208266 3 1
208282 4 -1
208314 6 1
208327 1 -1
208344 0 -1
208411 10 1
208809 8 -1
208831 2 -1
208844 0 -1
208935 1 -1
208954 3 1
209262 1 -1
209330 2 1
209338 4 -1
209346 7 -1
209352 5 -1
209360 0 -1
209422 3 -1
209594 6 -1
209661 0 -1
209669 9 -1
209679 1 -1
209841 2 -1
209959 0 1
209983 4 -1
210036 1 1
210088 3 1
210206 11 -1
210303 5 -1
210314 2 -1
210537 0 1
210588 3 1
210608 1 -1
210905 0 1
211012 2 -1
211055 3 -1
211072 4 -1
211158 6 -1
211171 0 -1
211172 1 1
211510 0 1
211515 7 1
211518 8 -1
211519 1 -1
211604 9 1
211727 2 -1
211733 13 1
211765 5 -1
211789 4 -1
211797 3 1
211797 0 1
211948 12 -1
212089 1 -1
212094 0 1
212122 2 -1
212378 1 1
212399 3 1
212426 4 -1
212635 6 -1
212652 10 -1
212712 1 -1
212735 0 1
212861 2 -1
213098 5 -1
213200 1 -1
213264 0 -1
213324 8 -1
213388 9 -1
213431 3 1
213466 4 1
213506 1 -1
213528 6 1
213538 11 1
213571 7 1
213603 23 -1
213630 2 1
213689 0 -1
213732 25 -1
213985 0 -1
214042 1 -1
214108 5 1
214135 2 -1
214143 4 -1
214272 0 -1
214334 3 -1
214538 0 -1
214582 1 -1
214818 2 1
214920 6 -1
214943 1 1
214982 0 -1
215022 7 1
215024 3 -1
215086 10 -1
215195 4 1
215387 0 -1
215429 1 1
215446 3 1
215489 2 1
215538 22 1
215565 5 1
215711 0 1
215887 6 -1
215913 1 -1
216016 2 -1
216021 3 -1
216032 9 -1
216054 18 1
216078 0 -1
216118 8 1
216227 1 -1
216247 4 1
216336 0 -1
216556 0 -1
216682 2 -1
216735 1 1
216828 6 1
216862 3 -1
216870 5 -1
216913 11 -1
216948 4 -1
217102 2 1
217129 0 1
217291 1 -1
217352 7 1
217360 10 -1
217483 0 -1
217537 2 -1
217553 4 1
217580 3 -1
217601 12 -1
217658 1 -1
217712 0 1
217806 5 1
217967 9 -1
217984 1 -1
218031 8 -1
218053 3 1
218121 0 1
218206 2 1
218339 0 1
218375 4 1
218392 1 1
218558 6 -1
218617 0 -1
218676 2 1
218698 26 1
218741 5 1
218762 7 1
218805 27 1
218859 3 -1
218932 1 1
219238 0 1
219380 2 -1
219391 4 -1
219448 1 -1
219488 3 -1
219579 24 -1
219622 5 -1
219665 21 -1
219751 6 1
219797 0 1
219802 1 1
219826 22 -1
219934 3 -1
220020 19 -1
220031 8 1
220063 2 -1
220165 7 1
220278 23 -1
220334 4 -1
220354 1 -1
220392 0 1
220439 20 -1
220536 17 1
220552 2 -1
220568 16 1
220614 3 -1
220665 1 1
220689 0 1
220837 5 -1
220976 2 1
221011 0 -1
221019 4 1
221044 1 1
221148 6 -1
221170 18 1
221343 0 1
221396 3 -1
221398 2 -1
221608 1 1
221621 0 -1
221729 25 -1
221772 9 -1
221799 3 -1
222035 0 1
222035 1 1
222073 2 1
222116 7 -1
222159 15 -1
222175 5 1
222180 4 1
222181 10 1
222245 28 -1
222417 14 -1
222420 0 -1
222438 22 1
222535 3 -1
222610 6 -1
222636 1 -1
222651 0 1
222686 2 1
222686 8 -1
222933 31 -1
222976 5 1
223054 3 -1
223083 0 1
223134 2 -1
223152 1 1
223188 4 -1
223390 7 -1
223422 0 1
223535 6 1
223547 1 -1
223617 0 1
223626 3 1
223777 2 1
223814 18 1
223861 1 1
223893 4 1
223986 19 1
224013 0 1
224206 2 -1
224236 1 1
224314 5 1
224395 24 1
224395 8 1
224405 6 -1
224448 3 -1
224523 21 1
224588 9 -1
224626 2 1
224631 20 1
224642 0 -1
224833 1 1
224849 4 1
224911 0 1
224913 3 1
224953 23 1
225072 5 1
225147 0 -1
225330 2 -1
225353 1 -1
225373 17 -1
225445 7 -1
225534 26 1
225563 0 1
225582 6 -1
225633 3 -1
225699 1 1
225727 10 1
225816 4 -1
225838 2 1
225840 0 -1
225856 11 -1
225974 5 1
226159 0 1
226267 1 -1
226378 3 1
226394 9 1
226441 4 -1
226571 2 1
226711 0 1
226770 8 1
226804 1 -1
226926 3 -1
226953 25 1
226961 0 -1
227017 29 1
227103 24 1
227126 1 1
227146 6 1
227195 0 1
227270 2 -1
227404 13 -1
227409 3 1
227493 4 -1
227501 5 1
227555 0 -1
227624 1 1
227743 2 1
227767 7 -1
227780 0 1
227990 3 1
228116 0 1
228173 2 -1
228190 1 -1
228259 4 1
228275 19 -1
228285 5 1
228565 16 -1
228585 1 -1
228592 2 1
228619 6 -1
228654 0 -1
228688 3 -1
228909 18 -1
228928 0 1
229024 4 1
229049 20 -1
229081 21 -1
229127 1 -1
229137 7 -1
229170 0 -1
229194 2 1
229376 3 -1
229468 12 1
229470 1 1
229500 22 -1
229554 5 1
229554 8 1
229640 9 -1
229661 6 -1
229777 0 -1
229814 1 -1
229871 2 -1
229871 17 1
229903 3 -1
229919 23 -1
230113 4 -1
230156 27 -1
230242 26 -1
230282 1 1
230349 2 -1
230430 0 1
230661 3 -1
230665 1 1
230774 10 -1
230822 4 1
230914 0 1
230951 5 -1
230994 2 1
231153 0 -1
231209 6 1
231225 1 1
231231 8 -1
231263 3 1
231274 18 -1
231322 7 1
231402 21 1
231403 25 -1
231435 19 -1
231513 2 -1
231537 0 1
231741 5 -1
231745 1 1
231784 3 1
231893 0 -1
231919 17 -1
231939 4 -1
231975 2 -1
232092 1 -1
232158 0 -1
232273 20 -1
232305 15 1
232348 24 -1
232442 1 1
232483 5 1
232569 3 -1
232585 0 1
232650 9 1
232660 2 -1
232761 1 -1
232966 4 1
232988 3 1
233171 2 1
233188 0 -1
233224 1 -1
233305 19 1
233348 5 -1
233402 0 -1
233423 6 -1
233442 7 -1
233509 8 -1
233635 4 -1
233688 1 1
233732 0 1
233735 3 -1
233896 2 1
233939 18 1
234035 1 -1
234305 0 -1
234329 4 1
234369 16 -1
234455 3 1
234498 6 -1
234595 2 -1
234633 1 -1
234692 5 -1
234796 7 1
234799 21 1
234831 0 -1
234917 22 1
234933 3 -1
234958 1 -1
234974 4 -1
235036 2 1
235324 1 -1
235353 0 1
235401 8 -1
235487 3 1
235487 14 1
235487 24 1
235573 2 1
235637 0 -1
235723 25 1
235814 1 -1
235885 0 1
235998 2 -1
236030 4 -1
236046 5 -1
236089 3 1
236089 6 1
236159 1 -1
236239 23 1
236247 0 -1
236368 19 1
236605 0 1
236626 1 -1
236661 2 -1
236809 5 -1
236911 3 1
236992 11 -1
237019 0 -1
237046 7 -1
237078 28 1
237086 1 -1
237121 9 1
237142 4 1
237365 2 -1
237388 1 -1
237552 0 -1
237658 17 -1
237707 6 -1
237723 27 1
237739 4 1
237751 1 1
237787 20 -1
237793 2 1
237795 0 1
237852 3 1
238065 1 1
238072 0 -1
238153 18 -1
238179 5 -1
238255 22 -1
238319 3 -1
238335 2 -1
238411 15 1
238435 0 1
238497 8 1
238497 26 -1
238561 23 -1
238587 1 1
238763 0 -1
238787 16 1
238819 10 -1
238830 2 -1
238908 4 -1
238991 24 -1
239023 3 -1
239077 1 -1
239260 2 1
239270 29 -1
239335 19 1
239335 0 -1
239403 1 -1
239416 17 1
239421 6 1
239464 20 1
239485 3 1
239507 21 1
239620 5 -1
239641 4 -1
239700 18 1
239706 0 1
239802 7 -1
239901 1 1
239947 3 -1
239953 2 -1
240050 0 1
240246 1 1
240359 4 -1
240431 2 1
240496 5 1
240509 0 -1
240629 1 1
240635 3 -1
240904 6 -1
240915 19 -1
241063 0 1
241084 1 -1
241141 25 -1
241141 2 -1
241205 3 1
241415 4 -1
241459 1 1
241619 0 1
241705 7 -1
241818 20 -1
241845 2 1
241855 6 -1
241882 13 1
241920 5 1
241936 18 1
241971 1 -1
241979 12 1
241979 0 1
242103 3 -1
242132 4 -1
242151 8 1
242151 9 -1
242218 0 -1
242323 2 1
242414 1 1
242459 0 1
242495 22 1
242694 0 -1
242753 6 1
242753 1 -1
242817 17 1
242823 3 1
242914 23 1
242957 2 -1
243011 21 1
243011 7 1
243075 0 -1
243077 1 -1
243247 5 1
243261 4 1
243263 3 1
243269 19 1
243434 1 1
243435 0 1
243527 16 -1
243583 2 1
243726 0 -1
243838 3 1
243914 10 1
243970 1 1
244043 18 -1
244048 2 1
244064 8 1
244096 0 1
244161 5 1
244256 4 -1
244317 7 -1
244338 3 1
244344 6 -1
244354 0 1
244522 1 1
244602 24 1
244607 0 1
244752 26 1
244774 2 1
244809 1 -1
244986 4 -1
245161 9 -1
245166 0 1
245193 3 1
245246 6 1
245264 1 1
245375 15 -1
245451 5 -1
245483 2 -1
245550 1 -1
245676 27 1
245687 4 1
245785 0 -1
245805 31 1
245902 2 1
245941 1 -1
246020 3 -1
246346 0 -1
246346 2 -1
246407 5 1
246413 4 1
246463 1 -1
246493 7 1
246558 25 1
246569 3 1
246663 0 1
246676 6 1
246751 8 -1
246784 23 -1
246784 10 -1
246800 1 -1
246870 2 1
246902 0 -1
246961 20 -1
247090 22 -1
247235 5 1
247240 3 1
247267 21 -1
247267 0 1
247291 4 -1
247364 19 -1
247368 1 -1
247439 18 -1
247509 2 -1
247525 24 -1
247525 0 1
247700 3 -1
247892 1 1
247912 14 1
247912 17 1
247923 0 1
248138 22 -1
248162 2 -1
248255 1 1
248342 3 1
248416 4 1
248428 20 1
248428 13 1
248471 5 -1
248482 11 1
248525 16 1
248541 0 -1
248600 2 1
248726 1 1
248823 19 1
248852 6 1
249067 3 -1
249102 0 -1
249186 4 1
249213 5 -1
249270 1 1
249334 2 1
249363 20 1
249417 15 -1
249417 21 1
249492 23 1
249546 9 1
249567 3 1
249653 8 -1
249657 1 -1
249734 17 -1
249766 7 1
249777 0 1
249831 2 -1
249997 18 -1
250094 6 -1
250097 4 1
250238 1 -1
250244 3 1
250279 2 -1
250298 19 -1
250336 0 1
250594 5 1
250715 1 -1
250758 4 -1
250793 24 -1
250814 25 -1
250911 0 1
250932 2 -1
250965 3 -1
250975 20 -1
251008 6 -1
251042 1 -1
251209 7 1
251225 0 -1
251298 26 -1
251330 21 -1
251376 2 1
251399 1 1
251402 4 1
251491 3 -1
251523 16 1
251556 0 1
251739 18 1
251763 1 1
251803 8 -1
251878 19 1
251910 29 -1
251943 6 -1
251959 5 1
252077 2 -1
252195 0 -1
252276 3 1
252307 1 1
252527 4 -1
252555 22 1
252695 2 -1
252738 5 1
252772 0 1
252807 1 -1
252945 3 1
253028 14 -1
253104 0 -1
253160 1 1
253179 2 1
253212 4 1
253233 17 -1
253265 7 1
253445 0 1
253458 3 1
253458 15 -1
253501 6 -1
253633 2 1
253636 5 1
253700 1 -1
253748 0 1
253813 9 -1
253992 0 1
254019 1 -1
254041 2 1
254060 24 1
254146 12 1
254192 4 1
254227 3 1
254329 8 1
254384 0 -1
254426 1 1
254619 5 -1
254716 7 1
254737 2 -1
254917 1 -1
254979 0 -1
255054 3 1
255113 6 -1
255199 23 1
255208 1 1
255264 20 1
255316 4 -1
255439 2 1
255495 3 -1
255509 0 -1
255760 1 -1
255772 0 -1
255812 25 1
255823 27 1
255834 5 1
255893 2 1
255912 3 -1
255984 6 1
255984 8 -1
256014 4 1
256014 0 -1
256038 28 1
256038 31 1
256124 21 -1
256124 18 -1
256199 10 -1
256288 1 -1
256296 19 -1
256328 7 1
256398 3 -1
256551 2 1
256554 11 -1
256618 0 -1
256638 1 1
256650 22 -1
256683 4 -1
256911 2 -1
256967 1 -1
256973 0 1
257070 3 1
257118 5 1
257211 0 -1
257344 4 1
257349 2 1
257356 1 -1
257457 23 -1
257561 0 -1
257693 24 -1
257715 16 1
257811 3 1
257811 1 1
257844 9 -1
257844 18 1
257913 5 1
257924 0 1
257973 17 1
258005 26 -1
258112 2 -1
258158 0 -1
258263 20 1
258271 1 -1
258355 4 1
258359 19 1
258445 3 -1
258446 14 1
258467 21 1
258548 2 1
258572 0 1
258574 6 -1
258642 1 -1
258746 25 -1
258875 13 -1
258875 22 1
258876 18 1
258940 0 -1
259097 1 1
259117 7 -1
259122 5 1
259160 0 -1
259163 2 -1
259171 3 -1
259182 20 1
259319 4 -1
259434 21 1
259445 6 1
259472 1 1
259655 0 1
259714 19 -1
259714 17 -1
259757 3 -1
259802 1 -1
259821 15 -1
259853 2 -1
259939 16 -1
259946 0 1
259961 8 -1
260036 5 1
260036 12 -1
260052 4 -1
260211 0 1
260262 2 -1
260283 3 -1
260393 1 -1
260702 6 -1
260703 2 1
260747 0 -1
260766 1 -1
260794 7 1
260977 3 1
260993 5 1
261103 0 1
261140 4 1
261143 2 1
261328 1 1
261393 0 -1
261476 18 1
261589 3 1
261670 9 1
261717 4 -1
261777 19 1
261783 0 -1
261815 2 1
261834 1 -1
261858 20 1
262081 0 -1
262154 6 -1
262160 1 -1
262170 5 1
262358 23 1
262374 4 -1
262401 0 1
262487 1 -1
262530 2 -1
262565 3 -1
262745 22 1
262835 1 1
262917 21 1
262927 0 1
262992 5 1
263008 2 1
263169 3 -1
263172 7 -1
263185 6 -1
263218 24 1
263325 17 -1
263378 1 1
263433 18 -1
263462 4 1
263529 0 1
263610 3 1
263718 2 1
263841 16 1
263869 1 -1
263892 0 -1
263905 20 -1
263959 8 1
263970 25 1
264034 27 1
264099 26 1
264131 4 -1
264131 2 1
264160 1 1
264164 0 1
264188 3 1
264292 19 1
264416 5 1
264470 0 1
264642 2 -1
264706 3 1
264720 0 1
264722 6 1
264732 1 -1
264945 7 -1
265058 1 -1
265074 4 -1
265134 0 -1
265153 9 1
265273 2 1
265342 1 1
265400 3 1
265480 0 -1
265550 8 1
265711 15 -1
265736 0 1
265744 2 1
265819 5 -1
265852 1 -1
266012 31 1
266120 6 1
266141 0 -1
266163 23 -1
266179 4 1
266231 1 -1
266265 3 1
266399 24 -1
266399 0 -1
266437 2 1
266550 19 -1
266638 0 1
266646 22 -1
266743 7 1
266754 5 1
266759 20 -1
266800 3 -1
266808 1 1
266945 4 -1
267060 2 -1
267176 0 -1
267227 10 1
267259 11 1
267324 21 -1
267326 1 -1
267340 23 -1
267345 18 1
267474 12 1
267512 2 1
267517 26 -1
267573 3 -1
267614 17 1
267662 1 -1
267716 0 1
267861 6 1
267904 25 -1
267963 2 1
267976 4 -1
268017 1 -1
268057 5 1
268138 0 1
268173 8 -1
268194 13 1
268194 22 1
268302 3 -1
268337 1 -1
268366 2 1
268400 0 1
268500 19 1
268594 0 -1
268678 16 -1
268686 20 1
268796 6 -1
268801 3 -1
268850 21 1
268877 0 1
268920 1 -1
269049 7 -1
269059 2 -1
269194 29 1
269234 4 -1
269280 5 1
269282 0 -1
269419 17 -1
269438 1 -1
269473 18 -1
269581 3 -1
269624 14 -1
269667 0 -1
269688 6 1
269722 1 1
269785 2 1
269871 4 -1
269911 0 1
269967 19 -1
270043 5 1
270236 1 -1
270242 20 -1
270258 2 1
270268 3 -1
270290 22 -1
270312 24 -1
270312 0 -1
270578 0 -1
270699 8 1
270709 3 -1
270792 1 -1
270852 0 1
270919 4 1
270921 2 1
270935 15 1
270935 9 1
270999 7 -1
271128 18 1
271136 1 1
271144 16 1
271204 5 1
271268 0 1
271306 17 1
271472 3 -1
271499 6 1
271556 0 -1
271574 1 1
271650 2 -1
271773 27 -1
271881 21 1
271900 0 -1
271918 19 1
272002 2 1
272080 3 -1
272120 4 -1
272140 1 -1
272176 23 1
272270 0 1
272305 20 1
272321 5 -1
272386 25 1
272467 1 -1
272552 3 1
272612 0 1
272676 26 1
272690 2 -1
272741 18 -1
272840 0 -1
272942 4 1
273003 1 1
273095 0 -1
273246 3 1
273289 5 1
273332 6 -1
273337 7 1
273383 2 1
273398 1 1
273482 0 1
273611 4 -1
273708 1 1
273756 3 1
273805 2 1
273837 8 -1
273966 24 1
273966 17 1
274014 0 1
274163 1 -1
274186 5 1
274267 28 1
274353 6 1
274361 4 1
274444 3 1
274462 1 1
274509 2 -1
274533 0 1
274901 0 -1
274928 2 1
274955 5 -1
274955 9 1
275028 1 -1
275062 10 -1
275148 3 1
275207 0 1
275299 30 1
275385 18 -1
275390 2 1
275393 4 -1
275540 1 1
275557 0 1
275680 3 -1
275804 19 -1
275820 1 1
275836 23 -1
275868 22 -1
275954 6 1
275954 0 -1
276067 2 1
276086 3 1
276130 1 1
276159 16 -1
276196 0 1
276255 7 -1
276331 21 -1
276344 4 1
276373 5 -1
276481 20 -1
276481 2 1
276513 1 1
276559 0 -1
276562 25 -1
276588 24 -1
276696 3 1
276782 11 1
276889 0 1
276993 1 1
277037 4 -1
277115 0 -1
277150 2 1
277191 15 1
277287 19 1
277400 17 1
277448 18 1
277510 0 1
277550 3 -1
277606 1 -1
277765 0 1
277771 6 -1
277771 26 -1
277782 5 1
277835 2 1
277878 21 1
277916 20 1
277992 1 -1
278004 4 1
278029 22 1
278093 19 1
278150 0 1
278158 23 1
278228 2 1
278308 3 -1
278437 12 -1
278462 1 -1
278496 7 1
278652 9 1
278674 5 -1
278690 2 1
278698 4 -1
278749 0 -1
278829 1 -1
278867 6 1
278958 3 1
279042 0 -1
279122 2 -1
279168 14 -1
279190 1 -1
279270 20 -1
279276 18 -1
279286 16 -1
279318 13 -1
279326 4 -1
279329 0 -1
279423 19 -1
279722 2 -1
279758 1 1
279765 3 -1
279770 22 -1
279856 21 -1
279902 0 -1
280084 1 1
280125 20 -1
280189 17 1
280221 5 -1
280232 8 -1
280307 15 1
280366 3 1
280442 2 1
280495 4 -1
280496 0 1
280578 1 -1
280759 27 -1
280759 18 1
280791 3 1
280877 6 -1
280950 2 -1
281023 0 1
281060 28 -1
281128 1 -1
281140 19 1
281167 5 -1
281256 0 -1
281306 4 1
281404 24 1
281443 1 -1
281471 2 -1
281487 7 -1
281514 0 -1
281619 3 1
281731 1 1
281834 6 -1
281898 2 1
281898 17 -1
281995 16 -1
282024 0 -1
282059 1 1
282118 3 1
282124 25 1
282134 5 1
282220 21 1
282285 9 1
282317 23 1
282366 4 -1
282376 0 -1
282392 2 1
282599 1 1
282626 0 -1
282704 20 -1
282720 3 1
282978 7 1
283017 0 -1
283027 2 -1
283123 1 1
283215 6 1
283293 0 1
283360 8 1
283381 4 1
283419 3 -1
283458 1 -1
283502 2 1
283516 5 -1
283553 18 1
283575 0 -1
283868 3 -1
283913 19 1
283950 4 -1
283970 1 1
284115 2 1
284155 22 1
284225 0 -1
284338 5 -1
284349 24 1
284367 1 -1
284510 25 1
284521 15 -1
284537 3 -1
284550 4 -1
284564 9 -1
284607 26 1
284623 7 1
284744 2 -1
284756 1 1
284768 6 -1
284779 0 1
285010 16 -1
285015 31 1
285155 2 -1
285163 4 -1
285195 1 -1
285219 17 -1
285254 0 1
285262 3 1
285284 18 -1
285507 0 1
285525 19 -1
285536 1 1
285622 23 -1
285628 2 -1
285703 21 -1
285735 0 1
285929 3 1
285945 22 -1
285961 20 -1
285990 2 1
286052 1 1
286119 0 1
286191 4 -1
286219 27 -1
286326 24 -1
286372 0 1
286412 6 1
286520 8 -1
286586 1 -1
286595 2 1
286606 10 1
286649 5 -1
286670 18 1
286692 15 1
286716 0 -1
286740 3 -1
286815 17 1
286880 16 1
286896 25 -1
286932 1 1
286993 21 1
287122 4 -1
287122 0 1
287154 19 1
287164 14 1
287208 2 1
287242 1 1
287250 20 1
287315 22 1
287361 0 -1
287422 12 -1
287530 3 1
287557 1 1
287584 2 -1
287600 0 1
287734 23 1
287799 4 1
287820 21 1
287831 5 -1
287895 0 1
287987 3 -1
288046 6 1
288125 1 -1
288282 19 -1
288293 18 -1
288333 2 -1
288347 17 -1
288393 0 1
288411 7 -1
288476 3 -1
288657 1 1
288696 2 1
288766 0 -1
288806 20 -1
288820 5 1
288822 4 -1
288863 13 -1
288884 11 1
288932 3 1
289004 1 -1
289011 0 1
289056 19 -1
289075 2 -1
289099 18 -1
289314 28 -1
289354 0 1
289379 26 -1
289504 1 1
289564 4 -1
289584 0 -1
289588 20 -1
289637 22 -1
289696 5 -1
289728 2 -1
289733 3 1
289854 1 -1
289878 6 1
289892 0 -1
289894 29 -1
289916 21 -1
290023 16 1
290128 4 1
290150 2 1
290165 1 -1
290195 8 1
290287 0 -1
290480 5 -1
290507 17 1
290534 3 -1
290545 0 -1
290674 1 1
290701 7 -1
290717 19 1
290875 2 1
290934 20 1
290953 0 1
290991 3 1
291047 4 1
291077 15 -1
291084 1 -1
291206 24 1
291356 0 -1
291507 9 1
291571 18 -1
291614 1 -1
291625 6 1
291636 2 1
291649 0 1
291700 23 1
291700 25 1
291727 5 -1
291759 3 -1
291765 4 1
292025 0 1
292087 2 1
292157 3 -1
292176 1 1
292385 0 -1
292525 1 -1
292539 2 -1
292603 19 -1
292643 0 -1
292662 3 -1
292668 22 1
292813 4 1
292893 7 -1
292942 17 1
292969 2 1
292979 5 1
293057 0 1
293111 1 -1
293183 27 1
293312 24 1
293398 6 -1
293399 8 1
293447 0 1
293455 3 1
293595 1 -1
293624 2 1
293746 0 1
293812 4 -1
293893 5 1
293917 3 -1
293951 1 1
294057 0 1
294280 16 -1
294301 31 1
294323 2 -1
294324 0 1
294441 18 -1
294443 4 1
294492 1 1
294538 13 -1
294667 21 -1
294683 2 1
294694 3 1
294710 0 1
294771 20 -1
294828 23 -1
295042 1 1
295054 19 -1
295060 0 1
295075 6 -1
295187 4 -1
295269 18 -1
295301 0 -1
295364 1 -1
295387 21 -1
295408 26 -1
295435 2 -1
295441 24 -1
295449 22 -1
295473 3 1
295521 25 -1
295537 20 -1
295634 14 1
295683 17 1
295688 0 -1
295704 5 -1
295711 1 1
295720 15 1
295795 10 -1
295844 7 1
295897 2 1
295924 16 1
295940 3 -1
295981 4 1
296040 0 1
296053 1 -1
296270 0 -1
296300 2 1
296344 23 -1
296344 18 1
296386 3 1
296504 19 1
296601 1 -1
296607 5 -1
296787 0 1
296840 2 1
296908 6 1
296924 20 1
296929 3 -1
296977 21 1
297125 1 -1
297182 19 1
297206 4 -1
297279 2 -1
297343 22 1
297383 0 -1
297407 5 -1
297440 12 -1
297440 17 -1
297472 8 -1
297496 1 -1
297504 18 -1
297603 3 -1
297633 15 -1
297740 27 1
297826 13 -1
297867 7 -1
297937 2 -1
297989 0 1
298018 1 -1
298052 16 -1
298221 19 -1
298224 0 -1
298238 4 1
298256 21 -1
298270 3 1
298395 1 -1
298439 20 -1
298439 17 -1
298485 0 -1
298579 2 1
298590 5 -1
298730 6 -1
298733 1 1
298826 3 -1
298840 0 1
299014 2 -1
299116 18 1
299132 0 1
299140 4 -1
299181 22 -1
299202 28 -1
299217 1 1
299224 21 -1
299331 24 -1
299423 19 1
299484 0 -1
299503 26 -1
299546 9 -1
299548 1 1
299568 5 1
299584 3 -1
299635 2 1
299729 20 1
299804 14 1
299858 6 -1
299896 0 1
299971 7 1
299971 17 1
300033 3 -1
300061 1 -1
300084 4 -1
300178 0 -1
300309 2 1
300476 0 -1
300495 3 1
300503 23 1
300535 16 -1
300585 1 1
300599 20 1
300610 5 1
300739 2 -1
300765 4 1
300793 11 -1
300801 0 1
300858 25 1
300924 1 -1
301019 18 -1
301196 0 -1
301223 3 -1
301244 19 -1
301311 1 -1
301422 2 -1
301430 4 -1
301599 7 1
301690 1 -1
301701 3 1
301707 6 -1
301825 24 1
301825 8 -1
301832 0 1
301943 5 1
302067 2 -1
302083 22 1
302228 1 -1
302233 0 -1
302470 30 1
302486 3 1
302491 2 -1
302534 17 1
302540 0 -1
302550 4 -1
302766 1 -1
302775 0 1
302792 5 -1
302857 6 -1
302857 18 1
302910 2 1
303010 0 -1
303018 23 1
303107 1 1
303147 25 1
303158 31 1
303195 3 -1
303280 4 -1
303308 12 -1
303365 2 1
303394 15 -1
303437 0 -1
303566 26 1
303582 16 -1
303618 1 1
303716 3 -1
303722 5 -1
303781 9 1
303845 21 -1
303953 20 -1
304015 0 1
304031 2 1
304162 19 -1
304195 1 1
304205 3 -1
304275 14 -1
304404 22 -1
304517 0 -1
304568 1 1
304598 18 -1
304609 21 -1
304711 23 -1
304730 2 -1
304791 3 1
304824 24 -1
304837 0 1
304880 4 1
304985 19 -1
305043 1 1
305083 0 1
305098 17 1
305114 20 -1
305167 2 1
305243 15 1
305264 6 1
305312 5 -1
305393 27 -1
305436 7 1
305479 28 -1
305553 1 -1
305570 3 1
305630 23 -1
305635 0 1
305657 18 1
305678 16 1
305737 11 1
305796 2 -1
305890 1 1
305896 4 -1
305974 0 1
306113 19 1
306113 22 1
306148 2 1
306172 21 1
306231 0 1
306258 3 1
306339 20 1
306436 1 1
306570 2 -1
306601 4 -1
306614 0 1
306683 18 -1
306694 10 -1
306710 5 1
306726 17 -1
306731 3 -1
306742 13 -1
306769 12 -1
306827 1 -1
306836 0 1
307094 0 1
307173 1 1
307228 2 -1
307242 15 -1
307258 19 -1
307263 6 -1
307306 16 -1
307391 4 1
307416 3 1
307457 0 -1
307548 20 -1
307591 2 1
307669 0 -1
307677 1 -1
307693 17 -1
307758 25 -1
307801 21 -1
307806 3 1
307895 19 -1
307973 18 -1
308034 1 1
308048 5 -1
308060 0 -1
308096 4 1
308177 2 1
308290 22 -1
308448 3 1
308532 0 -1
308576 1 1
308585 8 1
308596 29 -1
308617 14 1
308618 9 -1
308746 24 -1
308878 2 -1
308886 5 1
308961 21 -1
309069 6 1
309072 0 -1
309090 3 1
309120 7 1
309130 1 -1
309225 20 1
309319 2 1
309346 4 -1
309348 18 1
309483 1 1
309563 3 -1
309612 19 1
309695 0 1
309733 2 1
309781 1 -1
309982 23 1
310081 0 1
310128 5 1
310140 1 -1
310176 20 1
310192 2 1
310299 3 1
310324 0 -1
310410 4 1
310434 6 -1
310466 26 1
310617 8 1
310684 1 -1
310716 0 -1
310724 22 1
310789 7 1
310869 2 1
310939 0 1
311030 4 1
311052 5 1
311060 3 1
311068 21 1
311176 25 1
311197 24 1
311208 0 1
311240 1 -1
311369 17 1
311573 3 1
311591 0 1
311591 1 1
311595 2 -1
311702 5 1
311874 0 -1
311992 6 -1
312014 31 1
312086 4 1
312089 2 -1
312111 3 1
312143 1 -1
312296 0 -1
312369 19 1
312530 1 -1
312632 3 1
312670 11 -1
312691 16 -1
312726 2 -1
312782 0 1
312852 15 -1
312905 1 -1
312981 5 1
312992 18 -1
313040 0 1
313130 4 1
313151 17 -1
313304 20 -1
313347 24 -1
313384 0 1
313438 21 -1
313449 2 -1
313465 23 -1
313465 25 -1
313501 1 1
313594 26 -1
313658 6 1
313674 22 -1
313690 19 -1
313691 8 1
313769 0 1
313862 27 -1
313876 1 -1
313889 2 1
313916 3 -1
314021 4 -1
314061 0 1
314077 14 1
314174 23 -1
314182 17 1
314196 15 1
314223 16 1
314260 18 1
314271 13 1
314335 24 -1
314352 22 -1
314400 1 1
314459 0 -1
314491 2 1
314561 20 1
314744 18 1
314776 3 1
314787 21 1
314792 5 1
314819 7 1
314832 0 -1
314875 19 1
314988 1 1
315072 0 1
315109 2 -1
315142 16 -1
315149 20 1
315190 4 -1
315195 9 -1
315206 3 -1
315238 12 -1
315313 1 1
315367 17 -1
315374 0 1
315494 2 -1
315582 0 1
315604 14 -1
315827 1 1
315851 19 -1
315964 0 1
315975 18 -1
315980 3 -1
316044 17 -1
316087 2 -1
316193 4 -1
316238 5 -1
316243 6 -1
316334 15 1
316347 1 -1
316399 28 -1
316464 10 1
316490 0 1
316539 2 -1
316592 7 -1
316683 1 -1
316786 16 1
316818 3 -1
316915 29 -1
316947 2 -1
317012 22 1
317072 4 -1
317087 0 1
317213 1 1
317259 3 1
317463 5 1
317581 2 1
317614 6 1
317654 0 1
317725 1 1
317818 21 -1
317952 3 1
317963 0 -1
317963 17 -1
317984 2 1
318011 18 -1
318064 1 1
318092 7 -1
318205 31 -1
318205 25 -1
318211 0 -1
318241 4 -1
318269 20 -1
318291 14 1
318339 5 -1
318398 8 1
318406 1 1
318616 0 -1
318624 3 1
318662 2 1
318721 13 1
318737 19 1
318745 1 -1
318858 4 -1
318882 16 1
318978 15 1
319027 0 1
319199 2 1
319204 5 1
319241 0 1
319258 18 1
319279 24 1
319287 3 -1
319293 1 1
319355 6 1
319408 27 1
319430 23 1
319473 0 -1
319498 4 -1
319527 26 1
319623 21 1
319693 2 -1
319709 9 -1
319717 0 1
319805 1 -1
319881 17 -1
319903 3 1
320102 5 1
320125 0 -1
320155 1 1
320161 2 -1
320381 3 1
320454 4 -1
320537 6 1
320542 10 1
320580 2 -1
320623 16 1
320651 0 1
320679 1 -1
320698 14 1
320784 7 1
320865 25 1
320924 3 -1
321002 1 -1
321005 0 1
321107 4 1
321166 2 -1
321214 12 -1
321254 0 1
321356 1 -1
321386 11 -1
321408 15 -1
321451 24 1
321477 0 1
321494 23 1
321585 5 1
321703 17 -1
321744 0 -1
321800 2 1
321859 3 1
321870 8 -1
321880 19 -1
321945 6 -1
321977 20 -1
321977 22 -1
321978 1 1
321988 30 1
321999 18 -1
322042 13 -1
322094 4 -1
322130 0 -1
322273 2 1
322292 1 1
322348 17 -1
322429 16 -1
322461 9 -1
322509 19 -1
322579 21 -1
322618 0 1
322622 20 -1
322681 3 1
322767 22 -1
322836 1 -1
322880 23 -1
322934 15 1
322934 2 1
322971 0 -1
323116 24 -1
323221 0 -1
323256 18 1
323321 21 -1
323323 4 -1
323356 1 1
323358 2 -1
323364 12 -1
323372 17 1
323482 0 -1
323492 5 -1
323493 26 -1
323546 3 1
323589 7 -1
323712 0 1
323732 2 -1
323746 1 -1
323815 20 1
323880 18 1
323887 19 1
323922 14 -1
324016 4 1
324093 1 1
324180 0 1
324234 15 -1
324288 6 -1
324315 16 -1
324331 3 -1
324331 25 -1
324406 5 -1
324449 2 1
324452 1 1
324565 0 1
324686 4 -1
324718 13 -1
324739 31 -1
324766 10 1
324788 0 1
324798 3 1
324895 2 -1
324956 1 -1
325105 17 1
325156 0 -1
325363 3 1
325363 4 1
325409 1 1
325513 8 -1
325516 0 1
325567 5 -1
325578 21 1
325578 18 1
325588 16 1
325634 2 1
325750 1 1
325776 0 1
325814 11 -1
325879 22 1
325911 6 -1
325943 20 1
325959 23 1
326024 3 -1
326118 0 1
326153 7 -1
326278 1 -1
326325 2 1
326459 28 -1
326545 27 -1
326588 17 -1
326614 1 1
326636 4 1
326642 0 -1
326703 2 1
326717 29 -1
326733 19 -1
326803 18 -1
326808 3 -1
326943 5 1
326971 1 -1
327018 15 1
327055 16 1
327190 14 1
327238 0 1
327362 9 -1
327383 2 1
327444 1 -1
327515 3 1
327578 0 1
327609 6 -1
327632 4 -1
327684 17 1
327751 1 -1
327797 5 -1
327813 0 -1
327878 24 1
327958 3 -1
327958 2 1
328039 13 -1
328171 0 1
328179 12 1
328269 4 -1
328355 1 1
328407 2 1
328434 0 -1
328522 19 1
328555 16 -1
328582 3 -1
328619 7 1
328802 0 -1
328920 1 1
328953 8 -1
328974 5 -1
329017 3 -1
329114 2 -1
329173 0 1
329200 20 1
329204 1 -1
329297 26 1
329345 4 -1
329385 0 1
329442 23 1
329447 6 1
329468 21 1
329506 1 -1
329522 3 -1
329636 0 1
329726 2 -1
329812 24 1
329813 18 1
329839 1 1
329877 4 1
329904 0 1
329942 25 1
330119 2 1
330264 22 1
330352 0 -1
330360 3 1
330381 1 -1
330393 15 -1
330500 11 -1
330500 14 -1
330554 17 -1
330592 2 1
330624 5 -1
330667 4 -1
330772 3 -1
330828 7 1
330919 1 -1
330925 19 -1
330930 6 1
330930 31 1
330957 0 -1
331059 2 1
331167 26 1
331259 1 -1
331360 28 1
331446 21 -1
331523 0 1
331532 8 1
331586 5 1
331586 16 -1
331596 3 1
331666 20 -1
331701 2 -1
331703 4 -1
331781 0 1
331783 1 -1
331897 12 -1
332005 24 -1
332071 0 1
332110 22 -1
332142 19 -1
332198 23 -1
332199 25 -1
332255 1 1
332311 2 -1
332349 6 -1
332392 3 1
332392 10 1
332499 15 1
332564 0 -1
332571 1 1
332585 17 1
332650 13 1
332650 18 1
332757 21 -1
332758 2 -1
332779 4 1
332875 20 1
332961 3 -1
332972 7 -1
332994 27 -1
333069 1 1
333144 5 1
333168 0 -1
333348 9 1
333424 2 -1
333458 3 -1
333464 1 1
333488 16 -1
333553 18 1
333577 0 1
333617 14 -1
333633 17 -1
333790 4 -1
333894 0 -1
333897 2 -1
333940 6 1
333972 3 -1
333980 1 -1
334047 24 -1
334068 5 1
334187 0 -1
334197 25 -1
334321 2 -1
334326 19 -1
334326 8 -1
334439 1 1
334453 0 1
334477 12 1
334584 26 -1
334617 7 -1
334657 16 1
334721 4 -1
334727 3 -1
334756 15 1
334772 1 1
334869 0 -1
334950 5 -1
335006 2 1
335052 23 1
335100 1 1
335197 22 1
335251 6 -1
335251 0 -1
335294 17 1
335487 11 -1
335493 2 -1
335499 1 -1
335541 3 1
335552 4 1
335562 0 -1
335767 14 -1
335810 20 -1
335874 18 -1
335951 0 1
335965 3 -1
335973 1 -1
336046 21 -1
336111 2 1
336186 0 -1
336240 5 -1
336277 17 -1
336412 15 1
336428 0 -1
336519 16 1
336586 1 1
336591 4 1
336616 9 1
336632 3 1
336739 2 -1
336894 1 -1
336981 6 1
337011 0 1
337046 18 1
337067 19 1
337083 5 1
337094 3 -1
337142 2 -1
337164 13 -1
337207 8 -1
337236 7 1
337321 1 1
337520 0 1
337551 3 1
337572 2 1
337583 4 1
337801 1 1
338037 2 1
338056 0 1
338149 1 -1
338248 4 -1
338284 3 -1
338346 24 1
338362 0 -1
338389 16 1
338421 23 1
338561 15 1
338599 20 1
338604 6 1
338644 0 1
338674 2 -1
338690 21 1
338700 1 1
338755 5 1
338755 9 -1
338798 3 -1
338857 17 1
338937 25 1
339021 0 1
339066 19 1
339070 4 1
339099 14 -1
339272 0 1
339276 2 -1
339316 1 1
339453 22 1
339571 27 1
339620 3 1
339635 1 1
339657 18 -1
339668 2 1
339676 0 -1
339958 28 1
339977 7 -1
340026 4 1
340044 6 1
340175 1 1
340187 0 -1
340238 5 1
340340 20 -1
340356 16 1
340361 2 -1
340420 3 1
340472 0 -1
340509 1 -1
340603 21 -1
340711 26 1
340754 0 1
340797 2 1
340872 13 -1
340900 1 1
340973 4 1
340993 3 -1
341108 0 1
341114 23 -1
341130 5 1
341189 2 1
341227 6 -1
341361 0 1
341420 10 -1
341440 1 1
341442 24 -1
341463 11 -1
341485 17 -1
341589 22 -1
341624 21 -1
341646 19 -1
341699 3 1
341721 8 1
341788 0 1
341795 1 1
341807 15 1
341855 4 -1
341866 2 1
341979 12 1
342008 23 -1
342065 25 -1
342132 0 1
342162 7 -1
342266 16 1
342285 3 1
342301 5 -1
342302 2 -1
342323 1 1
342334 18 1
342420 20 1
342452 0 -1
342484 6 -1
342538 14 1
342613 17 1
342629 4 1
342859 1 1
342883 0 -1
342935 19 1
342973 2 -1
343056 3 1
343097 5 -1
343140 15 -1
343171 1 1
343226 9 -1
343234 0 -1
343484 29 -1
343484 16 -1
343505 24 -1
343527 0 -1
343536 1 1
343591 18 -1
343602 2 1
343677 4 1
343725 3 1
343856 1 1
343911 0 -1
344024 2 1
344118 6 -1
344193 17 1
344295 0 -1
344354 3 -1
344391 1 1
344397 21 1
344446 5 -1
344478 2 1
344558 0 -1
344596 7 -1
344612 4 1
344725 22 1
344857 0 -1
344859 8 1
344862 2 1
344888 1 -1
344945 14 -1
345128 23 1
345144 0 1
345160 11 -1
345160 13 -1
345171 3 1
345285 1 -1
345326 4 1
345402 17 -1
345450 19 -1
345451 20 -1
345510 0 -1
345547 2 1
345703 3 1
345741 16 1
345784 5 1
345854 1 1
345881 0 1
345956 6 -1
346085 15 1
346149 28 -1
346184 1 -1
346224 0 1
346235 30 -1
346241 2 -1
346257 18 1
346289 4 1
346369 3 -1
346563 1 -1
346622 0 1
346665 12 -1
346697 5 1
346730 2 -1
346880 9 1
346888 0 1
346923 8 1
346955 6 -1
346974 7 -1
346998 4 1
347121 1 1
347127 0 1
347219 3 -1
347267 27 -1
347396 2 -1
347468 1 -1
347665 0 1
347728 4 1
347821 2 1
347880 3 -1
347949 20 1
347954 1 -1
348025 5 1
348030 0 -1
348041 24 1
348213 21 1
348269 2 1
348280 0 -1
348401 25 1
348471 6 -1
348508 1 1
348514 26 1
348573 3 -1
348647 0 1
348695 4 1
348815 31 1
348832 1 1
348844 7 1
348922 5 -1
348938 2 1
348951 0 1
349127 1 -1
349194 3 1
349223 0 -1
349256 17 -1
349300 4 1
349438 6 -1
349438 2 -1
349449 19 -1
349461 1 1
349755 3 -1
349771 5 1
349793 0 -1
349993 1 -1
350126 10 -1
350180 2 -1
350191 25 1
350271 16 -1
350332 4 -1
350365 0 1
350395 14 -1
350502 3 -1
350513 18 -1
350523 1 -1
350545 23 -1
350599 21 -1
350642 22 -1
350704 2 -1
350717 0 1
350819 20 -1
350908 19 -1
350948 1 -1
350973 0 1
350986 24 -1
351067 2 1
351136 15 1
351222 0 1
351233 12 1
351255 26 -1
351308 8 1
351384 16 1
351400 22 -1
351424 1 1
351432 3 -1
351464 13 1
351464 23 -1
351467 2 1
351529 6 1
351529 0 1
351577 5 -1
351585 17 1
351609 18 1
351730 4 1
351772 1 -1
351835 7 1
351913 3 1
351937 2 1
351996 20 1
352015 0 -1
352082 11 -1
352121 1 1
352297 21 1
352340 9 -1
352387 4 1
352415 16 -1
352426 5 1
352437 15 -1
352480 19 1
352560 17 -1
352563 2 -1
352571 3 1
352598 18 -1
352631 1 -1
352652 0 -1
353024 1 1
353031 0 -1
353100 4 1
353114 24 -1
353203 2 1
353305 0 1
353334 3 1
353415 14 1
353447 6 -1
353541 0 -1
353560 16 1
353560 1 1
353608 2 1
353743 5 1
353775 3 1
353780 0 1
353838 4 1
353947 20 1
354030 1 1
354167 21 1
354189 22 1
354232 2 -1
354280 0 -1
354350 13 -1
354350 1 1
354366 3 1
354425 18 -1
354447 10 -1
354495 17 -1
354576 7 1
354664 0 -1
354703 1 1
354715 6 1
354807 3 1
354834 25 -1
354854 4 -1
354922 2 1
354963 0 1
354984 8 1
355016 5 1
355027 1 1
355049 27 -1
355092 15 1
355323 0 1
355395 2 1
355515 1 1
355548 3 1
355562 0 1
355801 23 1
355833 0 1
355918 4 -1
355978 5 -1
356038 31 -1
356039 1 1
356059 16 -1
356080 14 -1
356091 7 -1
356105 2 1
356123 19 1
356177 3 1
356285 6 -1
356385 1 -1
356408 0 1
356650 3 -1
356655 4 -1
356758 2 -1
356811 8 1
356822 5 1
356948 1 -1
357005 9 1
357069 30 -1
357087 0 1
357139 2 -1
357155 12 1
357343 1 1
357349 17 1
357521 24 1
357526 3 1
357574 5 -1
357642 0 1
357650 18 1
357667 1 1
357806 2 1
357843 28 1
357873 0 -1
357889 4 -1
357929 21 1
358026 20 1
358026 6 -1
358069 3 -1
358170 0 1
358203 2 1
358232 1 -1
358284 23 1
358316 26 1
358381 22 1
358413 25 1
358579 3 -1
358590 1 1
358684 2 1
358816 0 1
358880 7 1
358933 4 1
358961 10 -1
358966 5 1
359118 1 1
359154 19 -1
359219 3 1
359351 2 1
359353 0 1
359369 6 -1
359606 27 1
359622 4 -1
359632 1 -1
359735 15 -1
359743 16 -1
359762 3 -1
359783 17 -1
359810 2 1
359864 14 -1
359865 0 1
359985 1 -1
360122 20 -1
360210 0 1
360347 19 -1
360358 18 -1
360401 24 -1
360428 23 -1
360428 2 -1
360444 21 -1
360471 0 1
360589 1 1
360616 12 1
360702 25 -1
360734 13 1
360767 29 -1
360783 22 -1
360826 3 -1
360853 0 1
360871 16 1
360885 5 -1
360896 9 -1
360981 11 -1
361012 1 1
361025 15 1
361025 7 -1
361061 4 1
361073 2 1
361089 26 -1
361202 0 1
361202 17 1
361304 6 1
361311 1 1
361401 18 1
361460 19 1
361465 0 1
361503 2 -1
361632 3 1
361702 20 1
361766 5 1
361801 0 1
361823 1 -1
361884 14 -1
361906 21 1
361954 2 1
362013 0 1
362080 4 -1
362110 3 1
362250 1 -1
362258 7 -1
362267 0 1
362293 8 -1
362398 2 -1
362454 6 1
362567 3 -1
362572 24 -1
362625 1 -1
362717 16 1
362750 4 -1
362810 0 -1
362916 31 -1
362959 1 1
363008 17 1
363013 3 1
363050 5 1
363083 2 -1
363153 23 1
363286 1 -1
363347 0 1
363518 12 1
363604 9 1
363776 15 -1
363787 2 1
363794 1 1
363826 4 1
363830 5 1
363862 6 -1
363910 0 1
363983 3 -1
364077 18 -1
364136 16 -1
364187 0 -1
364265 2 1
364273 1 1
364475 7 1
364491 0 -1
364555 4 -1
364571 5 -1
364644 1 -1
364673 3 -1
364765 17 1
364958 2 -1
365050 0 -1
365202 1 1
365273 3 -1
365302 8 1
365353 4 1
365410 19 1
365410 6 1
365426 2 -1
365474 13 -1
365525 0 -1
365571 1 1
365754 9 1
365904 2 1
365931 5 1
365934 7 1
365945 0 -1
365960 1 -1
366065 3 -1
366186 0 1
366248 10 -1
366409 4 1
366474 1 1
366506 0 -1
366584 3 -1
366614 2 -1
366630 6 -1
366635 20 1
366635 23 1
366657 21 1
366737 5 1
366791 0 1
366829 26 1
366845 1 -1
366893 25 1
366958 16 1
367022 22 1
367081 2 -1
367087 24 1
367156 0 -1
367175 4 -1
367210 3 1
367445 1 -1
367473 14 -1
367602 8 -1
367640 2 1
367664 0 -1
367906 3 1
367977 1 -1
368011 5 -1
368075 27 1
368183 4 1
368247 30 1
368250 0 1
368315 2 1
368330 1 1
368371 3 -1
368512 0 1
368602 25 1
368677 1 -1
368720 24 1
368723 2 1
368739 0 -1
368828 7 1
368849 18 -1
368977 1 1
369053 3 -1
369076 0 -1
369102 20 -1
369107 6 -1
369129 2 1
369204 15 -1
369215 17 -1
369295 19 -1
369329 0 -1
369481 22 -1
369485 1 -1
369559 21 -1
369564 2 -1
369606 4 1
369666 5 -1
369736 0 1
369795 23 -1
369860 20 -1
369929 3 1
370001 1 1
370021 13 1
370096 0 -1
370117 11 1
370182 18 1
370260 2 1
370311 21 -1
370318 0 1
370327 16 1
370343 4 1
370343 1 -1
370359 17 1
370365 3 -1
370456 19 1
370494 24 -1
370527 0 1
370569 28 -1
370655 15 1
370789 0 1
370805 5 -1
370848 2 1
370864 3 -1
370875 1 -1
371063 12 -1
371093 4 1
371128 6 -1
371192 0 -1
371238 1 -1
371278 9 -1
371278 26 -1
371310 20 1
371316 2 1
371364 14 -1
371474 0 1
371520 17 -1
371525 3 -1
371552 16 -1
371572 1 -1
371660 5 1
371775 0 1
371790 4 -1
371867 7 1
371923 8 -1
371923 18 -1
371945 2 -1
372068 10 -1
372115 1 -1
372182 0 -1
372283 3 -1
372375 22 1
372401 1 1
372401 2 -1
372417 15 1
372442 0 -1
372482 6 -1
372493 5 -1
372503 25 -1
372568 23 1
372654 21 1
372677 0 1
372858 4 -1
372890 2 -1
372892 1 -1
373073 3 -1
373237 0 1
373294 7 1
373406 27 -1
373406 1 1
373551 3 1
373567 19 -1
373584 2 -1
373624 0 1
373761 8 1
373771 1 -1
373782 5 1
373793 6 -1
373893 0 1
373922 4 -1
374041 2 -1
374116 1 1
374229 17 1
374266 0 1
374390 3 1
374454 1 -1
374470 16 1
374524 14 -1
374538 0 1
374653 11 -1
374684 4 1
374701 6 -1
374726 2 1
374769 7 1
374777 10 -1
374820 3 1
374833 0 1
375063 1 -1
375201 5 -1
375263 0 1
375373 13 1
375379 3 -1
375384 2 1
375524 0 1
375621 8 1
375642 15 1
375645 1 -1
375692 4 1
375857 24 1
375868 2 1
375905 0 1
375970 1 -1
376042 3 -1
376072 9 1
376083 23 1
376115 6 1
376126 5 -1
376244 4 -1
376244 7 1
376292 2 -1
376373 20 1
376405 22 1
376421 0 1
376466 1 1
376545 21 1
376674 18 1
376687 3 1
376754 2 -1
376760 26 1
376800 4 1
376800 0 1
376812 1 -1
376824 19 1
377082 0 -1
377127 1 -1
377211 17 -1
377276 5 1
377362 31 1
377399 3 -1
377442 0 1
377480 2 1
377634 1 1
377781 6 -1
377800 4 -1
377843 0 1
377965 1 -1
378017 25 1
378093 27 1
378141 0 1
378146 5 -1
378162 2 1
378216 3 1
378521 1 1
378558 2 1
378565 29 1
378654 3 -1
378678 4 1
378705 0 -1
378716 6 1
378759 23 -1
378896 22 -1
378904 19 -1
378922 0 -1
378931 18 -1
378974 24 -1
378997 1 1
379033 20 -1
379049 16 -1
379114 3 1
379146 21 -1
379146 0 1
379267 1 1
379272 2 -1
379339 5 1
379452 7 1
379605 1 -1
379678 23 -1
379689 3 -1
379706 0 1
379742 13 1
379758 2 -1
379769 11 1
379780 15 1
379812 14 1
379831 4 1
379898 9 1
379944 1 1
379984 17 1
380033 10 1
380194 2 -1
380221 24 -1
380264 6 -1
380272 0 -1
380339 20 1
380355 3 -1
380452 1 1
380457 12 -1
380597 19 1
380608 8 1
380645 16 -1
380650 5 1
380661 25 -1
380677 0 1
380882 2 1
380923 4 -1
380954 0 -1
381008 1 1
381021 3 -1
381059 28 -1
381059 18 -1
381207 0 -1
381274 26 -1
381371 6 1
381379 1 1
381414 2 1
381419 0 1
381440 3 -1
381476 7 1
381548 4 -1
381580 5 1
381758 22 1
381790 21 1
381846 1 -1
381873 0 -1
382080 17 1
382115 2 -1
382241 4 1
382284 8 -1
382306 3 -1
382370 16 -1
382370 1 -1
382523 0 -1
382737 1 -1
382757 6 -1
382768 5 1
382773 7 -1
382806 4 -1
382822 2 1
383037 0 -1
383166 14 1
383209 15 1
383214 3 1
383247 1 1
383316 2 -1
383351 0 -1
383628 10 -1
383668 0 -1
383725 3 1
383757 1 -1
383768 18 1
383789 9 -1
383841 4 -1
384004 2 1
384025 5 -1
384136 1 -1
384176 19 1
384216 0 -1
384241 31 -1
384273 13 -1
384294 6 1
384563 3 1
384563 23 1
384563 16 -1
384660 17 -1
384710 1 -1
384716 2 1
384746 0 -1
384842 8 -1
384873 4 -1
384885 20 1
384896 5 1
384918 7 -1
385014 1 1
385229 3 -1
385229 2 -1
385331 1 1
385340 0 -1
385573 6 -1
385579 4 -1
385595 25 1
385689 0 -1
385702 24 1
385724 22 1
385740 3 -1
385831 21 1
385861 1 -1
385866 2 1
385958 0 1
386170 5 1
386175 9 -1
386216 1 -1
386353 0 1
386476 27 1
386490 2 1
386514 3 -1
386578 4 1
386723 1 1
386772 7 1
386820 15 -1
386936 0 -1
386954 2 -1
386997 3 1
387046 17 -1
387057 18 -1
387121 24 1
387175 25 1
387175 26 1
387234 6 -1
387239 1 -1
387328 4 1
387400 20 -1
387401 29 1
387417 3 1
387422 28 1
387438 2 1
387551 0 1
387562 5 -1
387610 1 -1
387790 0 -1
387836 10 -1
387873 2 -1
387895 14 -1
387902 1 1
387997 4 -1
388032 0 -1
388142 19 -1
388279 1 1
388282 12 1
388303 3 1
388303 16 -1
388384 23 -1
388486 2 1
388497 21 -1
388537 20 -1
388559 0 1
388577 22 -1
388783 1 -1
388897 3 -1
389023 8 -1
389034 24 -1
389061 17 1
389099 5 1
389136 0 1
389142 2 1
389142 9 -1
389190 23 -1
389270 11 -1
389311 4 -1
389311 7 1
389327 1 -1
389356 15 1
389357 18 1
389614 3 -1
389625 1 -1
389647 2 -1
389682 0 -1
389700 6 1
389786 19 1
389980 0 -1
389988 4 1
390061 1 -1
390257 0 1
390302 16 -1
390305 2 -1
390313 5 -1
390383 1 -1
390431 27 -1
390431 3 1
390432 13 1
390432 31 -1
390517 30 -1
390560 20 1
390560 6 -1
390561 26 -1
390593 25 -1
390614 8 -1
390625 18 -1
390748 0 -1
390774 1 -1
390813 2 1
390861 21 1
390867 3 -1
390969 14 1
390980 17 1
391060 4 1
391229 2 -1
391278 7 1
391278 0 -1
391291 15 1
391313 3 1
391326 1 -1
391479 22 1
391610 1 1
391775 5 -1
391882 0 -1
391898 2 -1
391958 3 -1
391979 12 -1
392060 16 -1
392097 6 1
392118 1 -1
392156 0 1
392209 4 1
392344 2 1
392366 8 1
392374 7 -1
392448 0 1
392554 5 -1
392618 1 1
392801 3 1
392839 9 -1
392874 4 -1
392874 0 1
392882 19 -1
392989 2 -1
392995 1 1
393121 0 -1
393312 24 1
393398 23 1
393473 5 -1
393499 1 -1
393530 0 1
393559 4 1
393616 2 1
393624 3 1
393699 28 -1
393709 6 -1
393914 20 1
394049 1 -1
394107 17 -1
394113 2 -1
394118 0 1
394177 3 -1
394226 8 -1
394305 4 1
394365 5 -1
394367 1 -1
394414 7 -1
394494 15 1
394548 2 1
394677 6 -1
394688 21 1
394693 0 1
394946 3 -1
394986 1 -1
395032 2 1
395247 14 1
395247 18 1
395249 0 1
395333 22 1
395429 4 -1
395437 1 1
395462 9 -1
395483 24 1
395558 3 -1
395580 5 1
395599 0 1
395698 2 1
395720 26 1
395808 1 -1
395848 13 -1
395854 0 1
395865 23 1
396010 25 1
396074 3 -1
396106 29 1
396171 1 -1
396241 0 1
396348 4 1
396375 6 -1
396397 2 1
396475 0 -1
396530 1 -1
396622 19 -1
396623 16 -1
396751 0 1
396800 3 1
396853 2 1
396966 5 1
397044 1 1
397062 4 -1
397144 0 1
397179 7 -1
397203 10 -1
397224 27 1
397396 11 -1
397428 3 -1
397429 0 1
397493 20 -1
397514 6 -1
397520 2 1
397533 17 -1
397602 1 -1
397772 21 -1
397799 22 -1
397802 0 1
397923 2 1
397940 1 1
397944 19 -1
398073 23 -1
398235 26 -1
398256 18 -1
398267 12 1
398278 24 -1
398278 8 1
398315 4 1
398321 2 -1
398364 25 -1
398364 0 1
398448 1 -1
398492 16 1
398557 3 -1
398557 22 -1
398664 15 1
398665 0 1
398729 5 -1
398791 1 1
398933 6 -1
398976 2 -1
398982 0 1
399041 4 1
399099 1 1
399153 20 1
399237 3 -1
399374 18 1
399411 2 -1
399476 17 -1
399548 0 1
399655 1 1
399675 21 1
399702 7 -1
399718 14 -1
399750 3 -1
399750 16 -1
399826 4 -1
399890 28 -1
399935 0 1
399986 5 1
400008 1 -1
400024 2 -1
400204 0 -1
400341 6 -1
400449 24 -1
400449 9 -1
400465 3 1
400492 1 -1
400524 19 1
400583 0 1
400621 13 1
400653 23 1
400669 2 -1
400842 4 1
400846 5 -1
400857 0 -1
400943 17 1
400999 1 1
401007 15 -1
401067 2 -1
401072 20 1
401072 8 -1
401104 0 1
401217 3 1
401287 21 1
401314 6 -1
401378 7 -1
401386 1 1
401479 4 1
401515 2 -1
401674 0 -1
401677 1 -1
401695 5 1
401701 3 -1
401824 18 -1
401969 2 1
402001 1 -1
402050 0 -1
402321 0 1
402499 4 -1
402555 16 1
402567 1 1
402587 6 -1
402679 3 1
402711 2 1
402802 0 1
402829 7 -1
402878 17 1
402888 8 -1
403093 5 1
403109 0 -1
403132 1 -1
403336 0 1
403364 3 -1
403367 2 1
403498 4 1
403533 1 1
403716 23 1
403716 25 1
403791 2 -1
403848 0 1
403899 5 1
403910 22 1
403947 3 1
404031 1 -1
404103 9 1
404124 6 -1
404192 4 1
404329 10 1
404393 20 1
404425 3 -1
404452 0 1
404458 2 -1
404550 1 1
404576 24 1
404684 26 1
404818 0 -1
404952 2 -1
404954 1 -1
404979 5 -1
405044 3 1
405108 0 1
405135 19 1
405221 31 1
405280 7 -1
405316 4 1
405351 0 1
405417 2 -1
405449 1 1
405468 6 -1
405522 18 -1
405613 0 1
405737 27 1
405850 3 1
405993 1 1
406012 0 -1
406078 2 -1
406210 5 1
406264 8 1
406296 24 1
406324 1 -1
406328 4 -1
406339 11 1
406513 3 1
406556 2 -1
406607 0 1
406618 25 1
406726 9 -1
406828 16 -1
406833 12 -1
406860 1 -1
406865 15 -1
406892 20 -1
406898 21 -1
407013 0 1
407043 3 -1
407134 6 1
407177 2 1
407198 29 1
407203 4 1
407239 1 -1
407243 0 -1
407279 19 -1
407311 17 -1
407336 23 -1
407408 22 -1
407486 0 1
407521 5 1
407571 1 -1
407628 21 -1
407650 14 1
407725 0 -1
407736 3 -1
407870 2 -1
408021 7 1
408026 24 -1
408102 18 1
408130 1 -1
408152 0 1
408268 3 1
408295 22 -1
408322 2 -1
408375 17 1
408424 20 1
408456 16 1
408496 1 1
408563 5 1
408577 4 1
408617 8 1
408671 6 -1
408682 26 -1
408722 0 -1
408725 3 -1
408752 2 -1
408811 19 1
408811 13 -1
408940 25 -1
409022 1 1
409069 23 -1
409176 15 -1
409289 2 -1
409305 0 1
409431 7 1
409434 5 -1
409520 21 1
409538 1 -1
409552 4 1
409568 3 1
409584 11 1
409606 27 -1
409619 0 1
409692 28 -1
409778 14 1
409869 1 1
409869 0 1
409982 2 -1
410170 6 -1
410203 1 -1
410216 0 1
410254 4 -1
410286 3 -1
410337 18 1
410477 0 1
410524 1 -1
410563 9 -1
410654 2 -1
410702 8 -1
410713 5 -1
410745 17 -1
410842 4 1
410939 16 -1
410966 3 -1
410971 0 -1
411095 2 1
411112 1 -1
411154 15 -1
411326 0 1
411342 20 -1
411412 31 -1
411471 19 -1
411547 4 1
411573 6 1
411584 30 -1
411632 7 1
411672 0 1
411676 1 1
411686 2 1
411895 3 -1
411906 5 -1
412017 1 -1
412086 0 -1
412186 18 1
412229 23 1
412315 24 1
412357 3 1
412390 2 -1
412481 1 -1
412507 4 1
412540 6 1
412658 0 1
412734 5 1
412797 1 -1
412852 3 -1
412890 2 -1
412906 16 -1
413035 13 -1
413160 1 -1
413207 9 1
413242 0 -1
413260 7 1
413282 11 1
413360 3 -1
413422 8 -1
413518 14 1
413542 4 1
413599 1 -1
413637 2 -1
413744 10 1
413827 0 1
413948 21 1
413958 1 1
413970 26 1
414002 17 1
414077 0 1
414083 5 1
414152 3 1
414163 4 1
414195 22 1
414228 20 1
414263 2 1
414362 0 -1
414432 6 -1
414453 19 1
414518 25 1
414566 1 1
414647 23 1
414660 2 1
414808 15 -1
414917 0 -1
415007 5 1
415030 1 1
415066 24 1
415077 3 1
415217 27 1
415367 2 -1
415380 4 -1
415391 1 1
415442 6 -1
415475 0 -1
415550 7 -1
415620 3 -1
415711 12 1
415755 1 -1
415840 29 1
415904 5 -1
415926 2 -1
415969 8 -1
415989 4 -1
415992 0 -1
416106 1 1
416130 16 -1
416235 0 1
416329 2 -1
416356 3 -1
416377 18 -1
416420 21 -1
416501 0 1
416533 17 -1
416571 6 -1
416571 31 1
416626 1 -1
416727 22 -1
416743 4 1
416888 20 -1
416968 23 -1
417033 19 -1
417046 2 -1
417071 0 1
417151 24 -1
417164 1 1
417173 3 -1
417178 13 1
417280 15 1
417323 16 1
417484 1 1
417495 9 1
417517 22 -1
417522 2 -1
417624 18 1
417635 0 -1
417670 17 1
417710 26 -1
417742 25 -1
417758 5 1
417823 3 -1
417855 4 -1
417964 1 1
418032 14 -1
418054 21 1
418121 7 -1
418129 20 1
418210 19 1
418226 2 1
418238 0 1
418309 1 -1
418505 6 -1
418532 4 1
418548 5 1
418551 0 1
418669 1 1
418683 3 -1
418785 18 -1
418898 0 1
418925 2 1
418935 17 -1
419150 28 -1
419246 1 1
419286 0 1
419317 3 -1
419322 7 -1
419354 2 -1
419365 27 -1
419403 16 1
419558 1 1
419559 0 -1
419637 4 1
419655 6 -1
419666 24 -1
419677 5 -1
419741 3 -1
419774 10 1
419819 2 -1
419935 23 1
420012 1 1
420024 0 1
420139 15 -1
420161 8 1
420282 2 -1
420536 1 1
420574 0 -1
420604 4 -1
420628 20 -1
420634 3 1
420741 25 -1
420882 1 -1
420883 2 -1
420889 0 1
420913 14 1
421010 5 -1
421184 0 -1
421205 1 -1
421289 3 -1
421354 7 -1
421375 9 1
421418 4 1
421418 6 1
421429 21 -1
421551 1 1
421585 2 1
421612 17 1
421786 3 -1
421794 18 1
421821 0 -1
421880 5 1
422042 2 -1
422051 1 -1
422184 4 -1
422224 16 -1
422230 0 -1
422256 19 1
422504 11 1
422527 0 1
422591 1 1
422595 3 1
422660 2 1
422751 8 1
422858 5 -1
422873 1 -1
422891 6 1
422892 0 1
422998 4 -1
423052 2 1
423076 3 -1
423111 7 1
423130 0 -1
423321 22 1
423370 0 1
423458 1 1
423495 2 -1
423761 5 -1
423822 1 1
423853 3 1
423933 23 1
423990 0 -1
424073 24 1
424111 26 1
424138 6 -1
424143 2 1
424167 1 -1
424181 9 -1
424240 4 -1
424266 15 -1
424331 0 -1
424396 21 1
424592 2 1
424643 0 -1
424643 10 1
424675 20 -1
424683 1 1
424686 3 1
424707 25 1
424847 18 -1
424933 12 1
425001 1 1
425030 7 -1
425040 28 1
425097 0 1
425126 16 1
425137 3 -1
425175 5 1
425223 4 1
425239 2 -1
425363 8 -1
425384 13 -1
425391 0 1
425509 1 -1
425556 27 1
425578 17 -1
425661 0 -1
425674 3 1
425803 22 -1
425857 14 -1
425863 2 -1
425904 4 -1
425932 19 -1
425948 20 -1
426062 1 -1
426083 21 -1
426094 6 -1
426126 23 -1
426201 24 -1
426247 0 -1
426346 3 1
426389 2 -1
426392 1 -1
426524 15 1
426755 0 -1
426803 26 -1
426821 1 1
426851 17 1
426889 21 -1
427012 5 1
427013 7 -1
427029 22 -1
427029 25 -1
427029 16 1
427029 18 1
427058 2 -1
427101 4 -1
427109 3 1
427141 19 1
427283 1 1
427432 0 1
427448 12 -1
427544 20 1
427589 1 -1
427649 0 1
427781 2 1
427816 3 -1
427843 4 -1
427845 6 -1
427878 8 -1
427922 0 -1
427964 5 1
428093 23 -1
428127 1 1
428136 24 -1
428211 2 -1
428222 29 -1
428291 3 -1
428480 4 -1
428515 0 -1
428625 1 -1
428705 17 1
428824 2 -1
428867 15 1
428910 0 -1
428951 1 1
428979 6 1
429028 19 1
429036 7 -1
429146 18 1
429162 3 -1
429168 0 -1
429232 9 -1
429253 5 -1
429278 1 -1
429463 16 -1
429483 4 -1
429517 2 1
429524 0 1
429568 1 1
429597 14 -1
429608 3 1
429791 8 1
429898 25 -1
429984 2 1
430011 17 -1
430049 0 1
430051 4 1
430078 1 -1
430092 13 1
430210 5 1
430237 3 -1
430371 6 -1
430393 2 -1
430584 1 1
430632 0 1
430672 21 -1
430769 16 1
430839 2 1
430950 1 1
430954 3 1
431003 7 1
431027 18 1
431035 4 -1
431091 5 -1
431102 15 1
431194 0 1
431269 19 1
431360 31 -1
431430 3 -1
431448 1 -1
431521 2 1
431543 20 1
431640 10 -1
431718 0 -1
431790 9 -1
431799 1 1
431865 6 1
431930 17 -1
431962 0 1
431982 4 1
432048 11 -1
432048 30 -1
432145 2 -1
432162 1 1
432209 0 -1
432220 3 1
432413 5 -1
432499 2 1
432542 22 1
432607 23 1
432650 12 1
432655 1 -1
432671 4 -1
432693 8 -1
432717 0 -1
432886 6 1
432929 3 1
432930 24 1
433030 1 -1
433091 0 1
433104 2 1
433284 26 1
433359 0 -1
433424 3 1
433449 4 1
433467 14 -1
433483 5 -1
433582 1 -1
433588 2 1
433719 7 1
433725 0 1
433848 25 1
433864 3 1
433897 27 1
434015 0 1
434028 2 1
434101 6 -1
434126 4 -1
434143 1 1
434198 28 1
434273 0 1
434321 3 -1
434370 15 1
434445 20 -1
434456 18 -1
434473 1 -1
434542 16 1
434542 24 1
434606 13 -1
434697 2 1
434789 5 -1
434800 9 1
434817 0 -1
434828 1 1
434907 21 -1
435009 23 -1
435041 19 -1
435049 4 -1
435049 2 -1
435065 22 -1
435100 0 1
435124 3 1
435186 1 -1
435267 17 -1
435327 0 -1
435396 20 -1
435654 7 1
435659 21 -1
435713 2 1
435743 1 1
435751 0 -1
435831 6 1
435858 3 1
435864 22 -1
435984 0 1
436178 4 -1
436218 25 -1
436245 0 1
436283 5 1
436309 1 -1
436347 14 1
436363 23 -1
436393 2 -1
436436 3 -1
436573 18 1
436696 1 -1
436713 24 -1
436785 0 1
436799 17 1
436815 2 -1
436839 4 1
436847 20 1
436895 19 1
437014 8 -1
437110 0 1
437207 5 1
437212 1 1
437218 16 -1
437250 2 1
437285 3 -1
437293 6 1
437382 0 -1
437411 26 -1
437540 1 1
437645 7 -1
437723 2 1
437728 3 -1
437826 0 1
437879 4 1
437879 1 -1
437895 31 -1
437916 15 1
438024 27 -1
438137 5 1
438137 0 1
438217 3 -1
438282 12 1
438346 2 -1
438403 1 1
438427 0 1
438556 22 1
438583 21 1
438677 4 -1
438745 1 -1
438894 6 -1
438948 8 1
438975 0 -1
438991 16 -1
439013 18 -1
439056 5 1
439104 2 1
439134 3 -1
439217 7 1
439217 1 -1
439378 4 1
439572 9 1
439572 17 -1
439577 0 -1
439582 2 1
439668 13 1
439754 3 -1
439767 1 -1
439830 14 1
439883 6 -1
439977 0 -1
440023 29 -1
440071 1 -1
440259 5 1
440281 19 1
440302 28 -1
440308 0 1
440308 2 1
440428 1 -1
440499 4 -1
440560 24 1
440601 0 1
440646 3 1
440676 7 1
440689 15 -1
440749 23 1
440749 1 -1
440861 0 1
440953 2 -1
440990 10 -1
441087 25 1
441111 4 -1
441184 8 -1
441216 1 1
441248 20 1
441273 0 -1
441372 2 1
441410 6 1
441469 3 -1
441657 5 -1
441772 1 -1
441794 0 -1
441829 26 1
441947 3 1
441979 12 1
442057 2 1
442087 24 1
442135 4 -1
442151 1 -1
442189 0 -1
442388 21 1
442409 3 -1
442448 0 1
442474 23 1
442624 30 1
442653 1 1
442691 2 -1
442697 0 -1
442764 22 1
442896 3 1
442947 0 -1
442968 11 -1
443006 16 -1
443038 4 -1
443038 1 1
443140 18 -1
443218 2 1
443253 5 1
443312 6 1
443312 9 -1
443360 0 1
443393 17 -1
443413 1 1
443506 25 1
443570 31 1
443589 3 -1
443656 27 1
443675 4 -1
443900 1 1
443930 2 1
443952 0 1
443957 19 -1
444193 21 -1
444231 20 -1
444231 1 -1
444290 2 -1
444299 4 -1
444301 3 1
444443 0 -1
444494 6 -1
444666 24 -1
444709 2 1
444723 0 1
444735 1 1
444803 23 -1
444811 22 -1
444897 5 -1
444903 3 -1
445029 4 -1
445053 13 1
445102 0 -1
445198 16 1
445198 17 1
445222 1 1
445311 18 1
445327 7 -1
445381 2 1
445499 0 1
445553 3 -1
445577 1 -1
445634 15 1
445634 26 -1
445650 20 1
445677 8 1
445763 0 1
445795 19 1
445827 24 -1
445849 2 -1
445956 25 -1
445958 1 1
446020 23 -1
446106 21 1
446109 4 1
446117 3 1
446182 5 -1
446198 6 -1
446219 0 1
446307 1 -1
446321 28 -1
446539 2 1
446703 3 1
446757 0 -1
446835 1 1
447009 18 -1
447084 5 -1
447117 4 1
447117 14 1
447141 0 1
447224 2 -1
447246 22 1
447345 1 -1
447353 11 -1
447407 17 1
447428 0 -1
447439 6 1
447504 16 1
447525 3 -1
447654 2 1
447665 8 -1
447697 29 -1
447705 4 1
447705 7 1
447788 1 -1
447802 0 -1
447912 9 1
448165 3 1
448173 2 -1
448288 5 -1
448326 1 -1
448381 0 1
448557 12 1
448560 2 -1
448632 4 1
448729 21 -1
448834 1 -1
448912 6 1
448923 26 -1
448939 10 1
448987 27 -1
449008 0 -1
449065 3 1
449152 1 -1
449164 7 1
449205 2 -1
449266 0 -1
449503 25 1
449514 5 -1
449535 19 1
449546 0 1
449632 4 -1
449632 23 1
449644 1 -1
449761 3 1
449847 18 1
449863 2 -1
449890 20 1
450105 0 1
450158 1 1
450277 17 -1
450282 6 -1
450304 5 -1
450309 8 1
450333 4 1
450352 3 1
450363 2 1
450460 1 1
450535 24 1
450653 0 -1
451035 1 -1
451053 2 -1
451062 0 1
451121 3 1
451328 0 -1
451405 7 1
451426 1 1
451502 22 1
451502 2 1
451577 0 1
451631 25 1
451651 4 -1
451653 5 -1
451706 6 1
451804 1 1
451857 3 -1
451892 0 -1
451911 15 -1
452018 2 -1
452169 30 1
452212 26 1
452263 0 1
452334 1 -1
452432 3 -1
452491 5 1
452554 4 1
452639 0 1
452669 1 -1
452685 2 -1
452792 16 -1
452885 0 -1
452889 23 -1
452986 6 1
453018 20 -1
453071 27 1
453136 2 1
453187 1 1
453195 4 -1
453265 18 -1
453270 0 -1
453297 3 -1
453308 21 -1
453335 5 -1
453394 24 -1
453469 19 -1
453534 0 -1
453574 22 -1
453755 1 1
453777 0 -1
453778 2 -1
453904 20 -1
453961 23 -1
453969 3 -1
454112 1 -1
454158 4 1
454162 7 -1
454178 6 -1
454341 0 -1
454361 11 1
454410 2 1
454415 3 1
454436 22 -1
454437 17 1
454469 1 1
454469 8 -1
454641 24 -1
454662 13 1
454732 5 1
454783 1 1
454827 4 -1
454882 2 1
454888 25 -1
454943 0 -1
454963 3 -1
455006 15 -1
455210 16 -1
455264 28 -1
455299 1 -1
455326 0 -1
455345 2 -1
455553 4 -1
455554 3 -1
455570 0 1
455597 5 -1
455742 7 1
455758 29 -1
455758 18 -1
455780 2 1
455866 21 1
455873 1 -1
455952 0 1
456016 6 -1
456145 9 -1
456238 1 1
456339 3 1
456339 24 -1
456456 4 -1
456511 2 1
456522 0 -1
456548 10 1
456640 8 -1
456758 26 -1
456792 1 -1
456968 5 1
456984 19 1
457102 0 1
457137 4 -1
457149 1 1
457156 31 -1
457177 3 -1
457231 2 1
457306 23 1
457416 0 -1
457494 1 1
457596 6 -1
457645 2 -1
457693 7 1
457701 0 1
457714 3 1
457916 0 -1
457930 14 1
458037 9 -1
458048 1 1
458148 4 1
458290 17 1
458295 0 1
458317 2 -1
458360 1 1
458435 5 1
458467 6 -1
458628 3 -1
458640 0 1
458693 2 1
458880 1 1
459047 20 1
459064 22 1
459093 5 1
459133 21 1
459150 2 -1
459160 3 1
459180 4 1
459238 0 1
459273 25 1
459410 1 1
459434 24 1
459639 0 -1
459649 3 -1
459649 8 1
459725 1 1
459773 2 1
459797 4 -1
459918 5 1
459918 23 1
459934 7 1
459958 0 1
460061 1 -1
460079 15 1
460144 6 -1
460238 2 1
460281 0 -1
460369 1 1
460466 16 1
460583 4 1
460595 26 1
460601 0 1
460617 3 1
460638 5 -1
460681 27 1
460873 1 1
460971 2 -1
460996 0 1
460998 25 1
461014 10 -1
461025 9 -1
461068 28 1
461079 3 -1
461283 12 -1
461341 4 1
461430 1 -1
461434 7 1
461533 0 1
461635 2 -1
461790 1 -1
461804 19 -1
461837 17 -1
461853 3 -1
461885 8 1
461907 18 -1
461960 6 1
462089 2 1
462117 0 1
462175 5 1
462272 22 -1
462284 1 1
462344 4 1
462379 0 1
462401 29 1
462498 3 -1
462530 23 -1
462535 2 -1
462562 20 -1
462580 1 -1
462617 0 -1
462659 24 -1
462899 1 -1
462965 3 1
463024 2 -1
463046 6 -1
463132 21 -1
463245 0 1
463400 4 -1
463417 1 -1
463427 3 -1
463605 5 -1
463658 23 -1
463669 2 -1
463781 1 1
463795 7 1
463804 0 1
463900 3 1
464053 4 -1
464320 0 1
464325 8 -1
464336 1 -1
464360 2 1
464465 5 1
464465 13 -1
464486 11 -1
464529 9 1
464680 6 -1
464728 2 -1
464808 3 -1
464876 0 1
464884 1 -1
465088 24 -1
465093 4 -1
465110 25 -1
465142 7 1
465153 18 -1
465202 1 -1
465238 31 -1
465368 26 -1
465437 2 1
465453 27 -1
465456 0 -1
465486 3 -1
465504 1 1
465824 5 -1
465863 1 -1
465869 0 1
465883 4 -1
465908 2 1
466012 15 1
466090 3 -1
466098 0 1
466249 9 1
466270 22 1
466281 6 -1
466372 2 1
466409 1 1
466491 0 1
466593 19 1
466758 4 -1
466792 3 1
466794 0 1
466810 7 1
466813 5 1
466851 10 -1
466872 8 -1
466915 23 1
466947 1 -1
467063 0 1
467093 2 1
467216 6 -1
467264 1 -1
467474 3 1
467619 0 1
467641 2 1
467651 5 -1
467756 1 1
467818 4 -1
468001 3 1
468060 1 -1
468205 20 1
468266 0 1
468304 2 -1
468334 24 1
468354 1 1
468592 8 1
468603 0 1
468608 4 -1
468796 5 1
468850 25 1
468886 1 1
468916 0 -1
468941 2 1
469003 7 1
469022 6 -1
469025 3 1
469194 0 1
469217 1 1
469398 2 1
469463 0 1
469489 3 -1
469624 17 1
469648 4 -1
469715 5 -1
469737 1 -1
469893 9 -1
469930 0 1
469957 6 -1
470048 2 1
470177 3 -1
470192 1 -1
470269 23 1
470336 0 -1
470531 1 -1
470583 4 1
470610 0 1
470688 7 1
470742 21 -1
470753 2 -1
470924 6 1
470946 5 1
470978 25 1
471000 28 1
471005 3 1
471094 0 1
471099 1 -1
471107 26 1
471208 4 1
471228 2 1
471354 0 -1
471451 8 1
471483 3 1
471591 10 -1
471620 0 -1
471730 1 -1
471774 31 1
471784 22 -1
471849 16 -1
471857 4 -1
471876 2 -1
472016 0 -1
472023 3 -1
472036 1 1
472287 0 1
472300 5 -1
472333 24 -1
472494 19 -1
472518 3 -1
472534 1 -1
472542 4 1
472596 2 1
472660 0 -1
472784 7 1
472795 6 -1
473022 1 -1
473047 2 -1
473096 5 -1
473106 21 -1
473225 3 1
473262 0 -1
473312 1 1
473321 14 1
473493 2 1
473496 0 -1
473550 4 -1
473622 22 -1
473665 18 1
473683 1 1
473751 27 -1
473751 23 -1
473752 9 -1
473754 0 -1
473762 6 1
473880 24 -1
473926 2 -1
474005 1 1
474036 3 1
474098 0 -1
474246 8 -1
474371 0 1
474504 3 -1
474549 1 1
474563 5 -1
474576 2 -1
474582 7 1
474611 12 1
474686 4 1
474770 0 1
474783 30 -1
474977 26 -1
475061 1 -1
475138 25 -1
475159 6 -1
475267 17 1
475321 2 -1
475364 0 -1
475372 4 -1
475414 1 1
475514 3 1
475643 11 -1
475665 9 -1
475667 0 -1
475810 2 -1
475890 0 1
475939 3 -1
475944 20 1
475976 7 -1
475992 5 -1
476013 1 1
476138 8 1
476248 0 1
476299 10 1
476347 3 1
476387 4 -1
476388 1 -1
476481 2 1
476510 0 1
476696 15 1
476718 29 -1
476722 1 1
476761 6 1
476884 5 1
476911 23 1
476933 2 -1
476941 0 1
477019 3 1
477105 22 1
477121 4 -1
477191 24 1
477222 1 1
477317 0 1
477347 2 1
477395 7 1
477497 3 -1
477543 0 1
477599 1 1
477685 16 -1
477785 0 -1
477814 8 -1
477868 6 -1
477975 4 1
478024 2 1
478080 0 -1
478131 1 -1
478158 5 -1
478309 9 -1
478443 0 1
478486 3 1
478486 2 1
478507 7 -1
478628 1 -1
478800 0 -1
478894 4 1
478910 6 1
478995 1 -1
479007 25 1
479084 0 1
479126 2 -1
479249 3 1
479306 1 -1
479384 8 -1
479426 5 1
479464 0 1
479572 4 1
479648 1 -1
479717 6 1
479749 26 1
479786 3 1
479792 0 1
479830 2 -1
480077 0 -1
480180 1 -1
480200 17 -1
480233 19 -1
480244 18 -1
480265 2 1
480319 5 1
480362 3 -1
480571 7 -1
480607 4 1
480700 0 -1
480706 2 1
480716 13 1
480753 1 1
480894 3 -1
480937 6 1
481007 10 1
481060 21 -1
481060 9 -1
481107 1 1
481192 2 -1
481251 0 -1
481275 5 1
481426 22 -1
481591 4 -1
481603 1 -1
481606 0 1
481641 3 1
481705 24 -1
481748 23 -1
481819 0 1
481858 2 -1
481974 8 -1
482127 1 -1
482184 0 -1
482264 5 -1
482329 4 -1
482420 6 1
482458 1 -1
482552 0 1
482565 2 1
482697 3 -1
482792 0 1
482845 7 -1
482970 1 1
483033 2 1
483082 4 1
483253 3 1
483277 0 1
483500 1 -1
483532 6 -1
483661 5 1
483764 4 -1
483793 2 1
483836 1 1
483876 9 1
483928 0 1
484006 10 -1
484169 0 1
484269 3 -1
484269 2 1
484396 1 1
484433 7 1
484486 0 1
484500 24 -1
484618 20 1
484629 12 -1
484672 8 1
484727 1 1
484774 2 -1
484812 4 -1
484919 5 -1
484984 6 -1
485072 1 -1
485080 0 1
485188 11 1
485196 3 -1
485231 16 -1
485231 25 -1
485462 2 1
485555 1 -1
485650 3 1
485666 0 1
485790 5 1
485880 1 -1
485896 4 1
485935 2 1
486144 6 -1
486198 23 1
486243 0 -1
486319 3 1
486392 26 -1
486396 1 -1
486456 10 -1
486478 0 1
486478 8 1
486577 4 -1
486591 2 1
486658 7 1
486717 0 -1
486871 1 -1
486929 9 -1
487124 0 1
487128 3 -1
487144 5 -1
487155 6 -1
487214 2 -1
487218 1 1
487426 0 1
487601 1 1
487649 4 1
487673 2 -1
487746 3 -1
487811 18 -1
487872 0 1
487948 1 -1
487988 7 -1
488036 5 1
488146 2 -1
488197 14 1
488314 4 1
488431 1 -1
488434 3 -1
488531 6 -1
488590 0 -1
488606 2 -1
488670 9 1
488869 0 1
488959 1 -1
488961 5 1
488991 4 -1
489063 3 1
489125 0 -1
489272 2 -1
489282 1 -1
489315 8 -1
489616 7 1
489632 3 -1
489643 6 -1
489662 0 1
489834 1 -1
489976 2 1
490003 4 -1
490003 0 -1
490217 1 -1
490320 0 1
490412 3 -1
490425 2 1
490433 12 -1
490487 5 -1
490519 27 1
490543 1 -1
490648 11 -1
490680 10 1
490748 0 -1
490781 4 -1
490971 3 -1
491032 0 1
491096 1 1
491116 2 1
491218 8 1
491309 0 -1
491379 5 -1
491406 1 1
491427 6 1
491444 9 -1
491567 2 1
491712 3 1
491745 23 -1
491745 7 -1
491845 4 1
491898 0 1
491926 1 -1
491938 22 -1
492029 2 1
492239 0 -1
492436 1 1
492500 0 -1
492736 4 -1
492771 3 1
492771 2 1
492801 1 1
492803 5 -1
492852 6 1
492922 0 1
492986 10 -1
493002 7 1
493099 8 1
493133 0 1
493249 2 -1
493329 1 -1
493373 3 1
493403 0 -1
493462 4 -1
493486 17 -1
493722 6 -1
493782 0 1
493787 24 -1
493881 1 1
493932 2 1
493986 3 1
493994 0 -1
494131 15 1
494174 5 1
494276 1 1
494385 0 1
494410 9 1
494448 3 -1
494506 4 1
494604 12 1
494641 2 1
494733 11 -1
494760 6 -1
494840 1 -1
495055 0 1
495077 3 -1
495082 7 -1
495087 5 1
495120 2 -1
495356 0 1
495368 1 -1
495534 4 -1
495550 13 1
495577 2 -1
495665 0 1
495713 1 1
495797 6 1
495877 5 1
495910 3 -1
495947 8 1
496070 1 -1
496090 2 -1
496130 4 -1
496262 0 -1
496422 1 1
496423 3 -1
496625 9 1
496754 5 1
496754 2 -1
496829 0 -1
496989 1 -1
497054 14 1
497119 3 1
497130 10 1
497140 6 -1
497150 4 1
497267 7 1
497342 0 -1
497420 2 -1
497474 1 -1
497552 0 1
497796 8 1
497799 1 -1
497807 3 1
497855 0 1
497866 2 1
498097 5 1
498190 4 1
498234 0 -1
498325 1 1
498387 3 1
498457 0 1
498565 2 -1
498662 1 1
498855 7 -1
498879 0 1
498960 4 1
499022 6 -1
499059 1 -1
499070 3 1
499220 2 -1
499392 0 -1
499484 5 -1
499559 3 -1
499580 4 1
499621 1 1
499710 2 1
499720 0 1
499742 9 -1
499951 0 -1
499963 1 -1
500000 6 -1
500000 7 1
500266 4 -1
500328 5 1
500344 3 -1
500346 0 1
500365 2 1
500430 11 -1
500500 1 1
500706 0 -1
500731 8 1
500970 0 -1
501012 1 1
501096 2 -1
501104 4 -1
501290 7 -1
501338 1 -1
501354 10 1
501397 3 1
501470 0 1
501580 2 -1
501717 0 1
501721 1 -1
501762 5 -1
501795 6 1
501929 3 1
501979 0 1
501999 19 1
501999 12 -1
501999 20 1
502082 1 -1
502136 4 1
502257 2 1
502467 0 1
502472 3 -1
502672 1 -1
502698 2 1
502894 4 1
502989 0 1
503036 3 1
503171 2 1
503187 5 -1
503235 6 -1
503257 1 1
503273 7 1
503396 9 -1
503439 8 -1
503501 0 1
503504 21 1
503595 1 -1
503676 3 1
503805 0 1
503891 2 1
503966 4 -1
504063 10 -1
504071 0 1
504127 5 -1
504164 1 1
504278 3 1
504310 2 -1
504469 0 -1
504503 6 1
504530 1 1
504744 4 -1
504767 0 -1
504897 1 1
504966 2 -1
505003 3 -1
505170 0 -1
505328 4 1
505331 8 -1
505425 7 -1
505460 5 -1
505464 1 -1
505525 9 1
505744 0 1
505761 12 -1
505764 2 -1
505796 1 1
505804 11 1
505869 25 1
506016 0 1
506035 3 -1
506194 2 1
506320 1 -1
506331 6 -1
506331 0 -1
506433 4 -1
506444 3 1
506616 2 -1
506651 7 -1
506761 5 -1
506852 1 1
506895 3 -1
506909 0 1
506965 10 -1
507040 8 1
507094 13 1
507107 2 -1
507134 4 1
507212 6 1
507219 1 1
507546 18 1
507554 0 1
507554 1 -1
507803 16 -1
507825 3 -1
507828 2 -1
507830 5 -1
507892 0 -1
507981 1 -1
508062 14 -1
508142 4 -1
508207 0 1
508233 9 -1
508244 3 -1
508464 1 -1
508475 0 1
508540 2 1
508561 7 1
508577 23 -1
508577 26 1
508792 6 -1
508798 0 -1
508943 3 -1
508943 8 -1
509002 2 1
509049 1 -1
509171 0 -1
509222 11 -1
509238 4 -1
509249 5 1
509428 1 -1
509625 3 -1
509658 10 -1
509668 0 -1
509679 2 -1
509968 4 1
509982 1 1
509996 7 1
510077 5 -1
510093 3 1
510109 2 1
510200 6 1
510219 0 -1
510266 1 -1
510383 12 -1
510437 0 -1
510544 3 -1
510571 2 1
510613 1 1
510625 4 1
510641 9 -1
510695 0 1
510813 31 1
510934 3 -1
511049 5 -1
511125 0 -1
511153 1 -1
511248 2 -1
511318 7 1
511322 4 1
511394 0 1
511490 6 -1
511501 24 -1
511516 1 1
511716 3 1
511754 2 1
511782 0 1
512008 1 1
512038 8 1
512253 17 -1
512290 4 -1
512339 0 1
512372 5 -1
512447 3 -1
512458 2 1
512552 1 1
512562 0 -1
512576 9 -1
512597 6 -1
512839 0 1
512920 3 1
512922 1 1
513167 2 1
513269 1 1
513285 5 -1
513318 7 1
513370 4 -1
513444 0 -1
513479 22 1
513586 6 1
513586 2 -1
513660 1 -1
513780 3 1
513909 15 -1
513995 10 1
514003 2 1
514014 0 -1
514099 4 -1
514177 11 1
514204 1 -1
514306 3 -1
514486 2 1
514523 0 1
514634 5 1
514693 8 1
514761 1 1
514763 0 1
514812 3 -1
514849 7 1
515010 4 -1
515027 6 -1
515071 0 1
515091 1 1
515231 2 1
515414 25 1
515435 9 -1
515440 0 1
515602 3 -1
515635 1 1
515725 0 -1
515889 2 1
515951 5 1
516018 4 1
516159 1 1
516166 0 1
516179 3 -1
516362 2 1
516510 8 1
516562 1 -1
516650 6 1
516655 4 -1
516752 0 1
516940 5 -1
517010 3 1
517047 2 -1
517157 1 -1
517187 7 1
517292 0 1
517499 9 1
517504 2 -1
517606 6 -1
517631 0 -1
517689 1 -1
517727 4 1
517735 11 -1
517784 3 1
517848 0 1
517950 5 1
517956 2 -1
518014 1 1
518206 0 1
518472 3 1
518529 1 -1
518574 12 -1
518601 0 -1
518628 2 1
518671 10 -1
518832 4 -1
518864 1 -1
518947 0 1
518971 5 1
519066 7 1
519117 2 -1
519199 1 1
519240 21 -1
519262 6 -1
519283 3 1
519286 0 1
519412 8 1
519477 4 1
519565 0 1
519745 2 1
519756 24 -1
519759 1 -1
519864 23 -1
519955 0 1
520057 13 1
520097 1 1
520208 3 -1
520423 6 -1
520425 2 -1
520455 5 1
520514 0 1
520525 4 1
520557 7 -1
520646 1 1
520745 3 1
520898 2 -1
520981 11 1
521003 9 -1
521135 0 -1
521197 8 1
521206 4 -1
521210 1 -1
521342 2 -1
521363 10 1
521420 0 1
521497 6 -1
521565 1 1
521659 3 -1
521719 0 1
521772 2 1
521890 5 1
521911 4 1
521931 1 1
522040 7 -1
522064 0 -1
522298 1 -1
522368 0 1
522489 3 -1
522492 2 1
522766 0 1
522826 1 -1
522863 5 -1
522967 4 -1
522981 8 1
523078 3 -1
523088 6 -1
523166 2 -1
523314 0 1
523375 1 -1
523475 7 -1
523524 3 -1
523607 0 -1
523631 2 -1
523673 4 1
523709 1 1
523712 15 -1
523878 0 -1
523986 3 1
524142 6 -1
524221 1 1
524272 0 -1
524303 5 -1
524341 2 -1
524529 12 1
524529 14 1
524556 0 1
524592 1 1
524674 3 1
524733 4 1
524865 2 -1
524873 9 1
524959 25 1
524971 1 -1
525018 0 1
525260 5 1
525286 2 1
525359 3 1
525394 0 1
525426 7 1
525507 10 1
525517 1 -1
525647 0 1
525773 4 1
525786 8 1
525819 1 -1
525824 3 -1
526012 2 -1
526017 0 -1
526125 5 -1
526130 6 1
526329 1 1
526420 11 -1
526426 4 1
526445 2 -1
526525 0 -1
526555 3 1
526829 9 1
526881 1 1
526885 0 -1
527091 4 -1
527114 0 1
527130 3 -1
527130 2 1
527260 1 -1
527520 0 -1
527522 7 1
527603 8 1
527614 5 -1
527631 1 -1
527673 6 -1
527753 3 1
527753 0 1
527796 2 1
527828 4 -1
528011 24 -1
528022 1 -1
528078 0 -1
528250 2 1
528463 3 1
528463 0 -1
528474 10 1
528484 9 1
528582 1 -1
528602 5 1
528699 23 -1
528772 0 1
528871 12 1
528893 6 -1
528917 4 1
528946 2 -1
528998 7 1
529035 3 -1
529094 1 -1
529204 0 1
529469 1 -1
529640 2 1
529710 0 1
529880 4 -1
529919 3 -1
529919 0 1
530005 1 -1
530096 5 1
530102 2 1
530184 0 -1
530204 11 1
530247 8 1
530388 1 -1
530537 4 1
530537 16 -1
530634 9 -1
530650 3 1
530717 0 -1
530723 2 -1
530739 1 1
530741 6 -1
530828 10 1
530940 7 1
531268 0 1
531279 1 1
531413 3 1
531430 2 1
531521 5 1
531579 1 1
531601 13 -1
531610 0 -1
531666 15 -1
531674 4 -1
531830 0 1
531876 2 1
531929 3 1
532134 0 1
532139 6 1
532158 1 -1
532238 7 -1
532322 3 1
532327 2 1
532383 4 1
532416 0 1
532467 5 1
532706 1 1
532786 2 1
532891 0 1
532966 8 -1
533004 6 -1
533040 4 -1
533047 3 1
533081 1 1
533241 0 1
533396 5 1
533446 0 1
533452 1 1
533466 2 -1
533722 3 -1
533730 7 -1
533806 1 -1
533845 0 -1
534076 4 -1
534170 2 1
534181 3 -1
534181 9 -1
534247 0 1
534267 5 1
534338 1 -1
534536 0 -1
534547 8 -1
534638 2 1
534676 12 -1
534745 4 1
534810 10 1
534826 1 -1
534853 3 -1
534934 0 1
535073 6 -1
535213 1 -1
535345 2 1
535498 0 1
535503 5 1
535729 1 1
535750 11 -1
535769 4 1
535799 3 -1
535836 2 1
535858 7 -1
536088 1 -1
536100 0 1
536320 2 -1
536352 8 -1
536382 0 -1
536426 1 -1
536444 3 1
536680 0 1
536761 6 -1
536914 4 -1
536981 5 1
536983 1 -1
537032 2 -1
537056 0 -1
537188 7 1
537196 3 -1
537288 0 1
537337 1 1
537481 2 -1
537599 4 1
537610 9 1
537632 0 -1
537653 6 1
537918 1 -1
537927 5 -1
538002 3 1
538051 10 -1
538094 8 1
538153 0 -1
538182 2 -1
538432 1 -1
538435 0 1
538524 12 -1
538631 3 -1
538688 4 1
538706 6 -1
538755 0 1
538780 1 1
538870 2 1
539233 5 -1
539329 1 1
539362 2 1
539381 0 -1
539384 3 -1
539389 7 -1
539405 14 -1
539545 9 1
539715 4 1
539792 6 1
539849 2 -1
539889 1 1
539945 0 1
539996 3 -1
540211 5 1
540227 1 -1
540276 0 1
540311 2 -1
540448 3 -1
540510 4 1
540566 0 -1
540780 1 1
540805 0 -1
541012 2 -1
541052 0 1
541093 5 1
541103 3 1
541179 8 1
541232 11 1
541232 6 -1
541316 1 1
541372 0 1
541404 7 1
541509 4 -1
541555 3 -1
541674 1 -1
541711 2 1
541791 10 1
541877 0 -1
542071 12 1
542074 1 1
542189 2 -1
542243 0 -1
542340 3 -1
542376 1 -1
542458 5 1
542501 22 1
542524 0 1
542565 4 1
542721 6 1
542775 7 -1
542799 0 -1
542834 2 -1
542845 9 1
542922 1 -1
543036 0 -1
543162 4 -1
543181 3 -1
543361 5 -1
543400 1 -1
543436 0 1
543543 2 1
543662 13 -1
543662 23 1
543705 6 1
543762 1 -1
543834 3 1
543924 4 1
543984 8 -1
543998 2 1
544012 0 1
544288 1 -1
544312 3 -1
544432 0 1
544520 4 1
544607 11 -1
544618 2 -1
544637 1 1
544651 9 -1
544727 0 1
544758 7 1
544785 3 1
544785 5 -1
544964 1 -1
544992 0 -1
545314 0 -1
545341 2 -1
545476 1 1
545521 6 -1
545604 4 1
545607 3 -1
545693 0 1
545812 2 -1
545816 1 -1
545897 31 1
545962 8 1
546016 10 -1
546112 5 -1
546287 0 -1
546308 1 -1
546408 3 -1
546489 2 1
546644 4 -1
546715 9 -1
546765 7 -1
546782 0 1
546876 3 -1
546882 1 -1
546929 6 -1
546954 2 1
547040 0 1
547058 5 -1
547233 1 1
547316 0 -1
547330 4 1
547445 2 -1
547483 3 -1
547531 24 -1
547604 1 1
547746 0 1
547880 3 -1
547938 1 -1
548004 0 -1
548063 5 -1
548144 7 1
548144 2 -1
548219 6 1
548294 3 1
548366 4 1
548434 0 -1
548498 11 1
548515 1 1
548609 2 -1
548628 8 1
548649 15 -1
548757 13 1
548816 0 -1
548902 10 -1
548907 3 1
548918 5 1
549031 1 -1
549036 0 1
549071 4 1
549286 2 1
549316 3 -1
549334 0 1
549396 1 -1
549652 0 1
549724 12 -1
549751 6 -1
549764 4 -1
549934 1 1
550030 2 1
550046 9 1
550068 3 1
550111 0 1
550325 1 1
550385 5 1
550409 7 1
550471 2 -1
550562 8 -1
550616 6 1
550659 1 1
550681 0 1
550920 2 -1
550957 4 -1
550971 3 -1
551216 1 -1
551320 0 1
551369 10 -1
551422 2 1
551535 3 1
551590 1 -1
551707 4 -1
551793 5 -1
551871 0 -1
552046 11 1
552110 1 1
552110 2 -1
552223 6 -1
552245 3 -1
552272 9 1
552368 8 -1
552403 0 1
552505 7 1
552634 1 1
552658 5 1
552742 0 -1
552779 2 1
552791 4 1
552938 3 -1
552967 1 -1
552992 14 -1
553059 0 -1
553231 2 -1
553362 1 -1
553384 3 -1
553518 0 1
553604 6 1
553698 1 1
553725 0 1
553852 10 -1
553860 4 1
553900 7 -1
553940 2 -1
554025 0 1
554072 3 -1
554077 5 1
554231 1 1
554368 2 -1
554553 4 -1
554653 0 -1
554690 6 1
554749 1 -1
554760 3 -1
554819 13 -1
554835 2 1
554991 9 -1
555098 5 1
555103 1 -1
555142 25 1
555219 0 1
555311 7 1
555356 8 1
555375 4 -1
555378 3 -1
555558 0 1
555574 2 1
555593 6 -1
555658 1 1
555792 0 1
555835 3 1
556004 4 -1
556010 0 1
556023 5 1
556039 2 1
556052 1 1
556332 0 1
556385 1 -1
556431 3 1
556560 6 -1
556625 16 -1
556649 7 -1
556722 0 1
556746 2 1
556885 1 -1
556969 11 -1
557108 4 1
557221 1 -1
557254 3 -1
557313 8 -1
557367 0 -1
557431 2 1
557533 5 -1
557756 0 -1
557782 1 1
557885 2 1
557936 9 -1
557958 12 1
557998 0 -1
558044 10 -1
558156 4 1
558253 3 1
558272 0 1
558302 1 -1
558463 5 -1
558474 6 -1
558501 0 -1
558541 2 1
558675 1 -1
558729 7 -1
558764 3 1
558838 4 1
558888 0 1
559023 1 1
559258 2 1
559264 0 -1
559408 1 1
559507 0 -1
559575 3 -1
559715 2 1
559898 5 -1
559932 1 -1
559938 4 -1
559957 9 -1
559995 0 -1
560011 8 -1
560097 6 1
560113 3 -1
560250 0 1
560433 2 -1
560472 1 -1
560538 0 1
560656 4 1
560699 3 -1
560801 7 -1
560861 1 -1
560876 0 1
561145 2 -1
561150 6 -1
561166 0 -1
561317 4 -1
561344 5 -1
561399 1 -1
561540 0 -1
561639 2 1
561731 3 -1
561827 9 -1
561886 0 1
561962 1 -1
562058 10 -1
562123 2 1
562142 0 -1
562236 5 1
562244 7 -1
562294 1 1
562418 3 -1
562421 4 1
562484 0 1
562574 2 1
562655 6 -1
562709 0 -1
562709 8 -1
562795 15 1
562869 1 -1
563134 0 -1
563139 4 -1
563295 2 1
563450 3 -1
563457 1 -1
563483 0 1
563622 5 -1
563753 0 1
563770 1 -1
563805 9 -1
563977 6 -1
563977 2 -1
564095 0 -1
564162 4 -1
564312 1 -1
564340 7 1
564364 0 1
564386 8 1
564482 3 -1
564482 2 1
564576 0 1
564579 11 1
564703 1 -1
564998 6 1
565052 3 1
565068 1 1
565100 5 -1
565130 0 1
565142 4 1
565154 2 1
565219 10 -1
565477 0 1
565549 3 1
565622 7 -1
565622 1 -1
565622 2 1
565772 0 -1
565823 4 1
565962 1 -1
566030 5 -1
566062 3 1
566089 2 1
566234 13 1
566312 0 1
566492 4 1
566529 1 1
566643 9 -1
566667 0 1
566707 6 -1
566793 3 -1
566804 2 1
566928 7 -1
566963 0 -1
566965 12 -1
567099 1 -1
567145 4 -1
567261 2 1
567417 8 -1
567462 1 -1
567470 5 -1
567481 3 -1
567516 0 1
567718 6 -1
567782 14 1
567808 1 1
567925 3 -1
567989 2 -1
568038 0 1
568161 1 -1
568234 4 -1
568548 3 -1
568637 0 -1
568680 2 1
568726 1 1
568776 5 -1
568814 19 -1
568970 3 1
569040 6 1
569072 10 1
569110 2 -1
569120 7 1
569172 0 -1
569258 1 1
569287 24 -1
569451 4 1
569502 3 1
569537 0 -1
569599 9 -1
569620 2 1
569628 1 1
569674 5 -1
569806 0 -1
570039 11 -1
570088 4 1
570096 2 -1
570181 1 -1
570233 0 1
570335 3 -1
570475 7 -1
570513 8 1
570556 1 1
570577 5 -1
570577 0 -1
570684 6 -1
570797 2 1
570814 17 1
570816 0 -1
570862 3 1
570926 1 1
571007 12 1
571101 0 1
571120 4 1
571399 0 1
571474 2 -1
571485 1 -1
571491 5 -1
571609 3 1
571609 9 -1
571743 6 1
571757 4 1
571837 0 1
571845 1 1
571910 10 1
571937 2 -1
572216 3 1
572390 1 1
572399 0 1
572402 4 1
572447 8 -1
572539 7 -1
572619 3 1
572654 2 -1
572737 6 1
572775 0 -1
572866 5 1
572926 1 1
573022 3 -1
573055 0 1
573073 2 1
573281 1 1
573323 0 -1
573544 3 -1
573554 4 1
573560 2 -1
573576 0 -1
573716 11 -1
573808 1 -1
573828 6 -1
573974 16 -1
573992 0 1
574232 4 -1
574232 5 -1
574258 2 -1
574331 0 1
574377 10 1
574381 1 1
574404 3 -1
574619 0 1
574619 18 1
574717 1 -1
574726 2 -1
574796 7 -1
575067 0 1
575092 9 1
575235 1 1
575263 5 -1
575285 8 -1
575306 12 1
575328 6 -1
575366 3 -1
575376 0 1
575403 2 1
575425 4 -1
575653 0 1
575824 1 1
575951 3 -1
576021 0 1
576113 2 1
576142 1 1
576252 0 -1
576408 7 1
576489 4 -1
576501 1 -1
576535 2 -1
576564 5 -1
576645 0 1
576736 3 -1
576860 6 1
576872 1 -1
577008 2 1
577110 4 -1
577150 3 1
577214 0 1
577263 13 1
577327 9 -1
577376 1 1
577462 5 -1
577467 2 1
577515 0 1
577542 11 1
577574 3 -1
577771 0 1
577819 4 -1
577892 7 1
577972 1 1
578026 6 1
578125 0 1
578155 8 -1
578176 3 -1
578201 2 1
578359 1 1
578378 0 1
578381 5 -1
578456 4 -1
578456 10 1
578566 3 -1
578830 0 -1
578889 2 -1
578911 1 -1
579203 3 1
579262 7 -1
579274 1 1
579310 6 1
579354 0 1
579364 2 1
579477 9 -1
579552 4 1
579606 0 -1
579625 1 -1
579826 5 -1
579882 0 1
579885 3 -1
580025 2 1
580185 1 1
580197 6 -1
580272 8 -1
580332 3 -1
580489 0 1
580501 2 1
580552 1 1
580689 4 1
580724 5 -1
580799 3 1
580837 0 1
580955 2 1
581089 0 1
581092 1 1
581208 3 -1
581218 6 -1
581326 12 1
581358 10 1
581390 11 -1
581406 4 1
581552 7 1
581552 0 -1
581578 2 -1
581640 1 1
581850 0 -1
581920 3 -1
581979 1 1
582027 2 -1
582113 0 1
582121 5 1
582197 8 1
582338 1 -1
582430 4 -1
582444 14 1
582535 3 -1
582551 9 1
582602 0 1
582692 1 1
582718 2 1
582944 3 1
582949 0 -1
583126 6 1
583191 0 -1
583241 1 1
583427 2 1
583462 4 1
583465 5 -1
583519 7 -1
583551 3 1
583615 0 1
583805 1 -1
583898 0 1
583927 8 -1
583930 2 1
584035 6 -1
584119 4 -1
584158 3 1
584174 1 -1
584207 0 1
584379 2 -1
584400 5 -1
584550 3 1
584716 1 -1
584723 9 1
584749 0 -1
584852 2 -1
585034 7 -1
585107 0 -1
585152 3 1
585240 4 -1
585264 1 -1
585346 6 -1
585357 5 1
585357 0 -1
585367 12 -1
585496 2 -1
585582 10 -1
585625 15 -1
585655 1 1
585720 0 1
585843 3 1
586195 1 1
586200 2 -1
586238 3 1
586300 4 -1
586319 5 -1
586319 0 -1
586663 2 -1
586679 6 -1
586751 1 -1
586851 11 1
586851 8 -1
586948 3 1
586966 0 1
587001 4 -1
587118 1 1
587275 7 -1
587372 2 -1
587402 3 -1
587533 0 -1
587654 1 1
587695 5 1
587829 3 1
587861 6 -1
587861 9 -1
588060 1 -1
588074 4 1
588090 0 1
588098 2 -1
588340 0 1
588416 1 1
588485 13 1
588501 3 -1
588549 2 -1
588576 0 1
588763 4 -1
588915 3 1
588942 0 -1
588962 1 1
588990 6 1
589054 5 -1
589242 2 1
589244 0 -1
589317 1 -1
589460 7 -1
589488 4 1
589517 8 1
589658 0 1
589721 3 1
589863 1 -1
589871 10 1
589960 2 1
590011 0 -1
590038 5 1
590140 6 1
590240 0 -1
590420 1 1
590422 2 1
590452 0 1
590484 3 1
590585 4 -1
590723 0 -1
590794 1 1
590903 7 -1
591059 0 1
591086 2 1
591141 1 -1
591172 3 1
591194 9 -1
591294 4 -1
591430 5 -1
591441 8 -1
591508 1 -1
591529 2 1
591548 0 1
591613 6 1
591795 3 1
591817 12 -1
591989 2 1
592044 1 -1
592061 0 -1
592306 4 1
592311 5 1
592340 0 1
592386 3 1
592516 10 -1
592553 0 -1
592608 1 1
592650 2 1
592854 7 1
592963 1 -1
593107 0 1
593171 2 -1
593252 3 1
593257 5 1
593311 6 -1
593322 9 1
593374 4 1
593478 0 -1
593495 1 1
593789 0 -1
593866 1 -1
593870 2 -1
594003 4 -1
594106 3 -1
594160 0 1
594203 8 1
594293 1 -1
594354 11 -1
594397 6 1
594536 0 1
594601 2 1
594612 3 -1
594644 5 -1
594684 4 1
594793 1 1
594805 13 -1
594817 0 1
594902 7 -1
595066 2 1
595157 0 -1
595160 10 1
595164 1 -1
595348 3 1
595434 4 1
595541 2 -1
595544 0 -1
595547 5 -1
595579 9 -1
595752 1 -1
595783 0 1
595815 3 -1
596009 2 -1
596116 31 1
596149 8 -1
596197 0 -1
596297 7 -1
596331 3 -1
596347 1 -1
596374 6 -1
596460 0 1
596538 4 -1
596713 2 -1
596728 1 -1
596772 0 1
597019 5 -1
597111 1 -1
597121 3 -1
597124 0 -1
597127 17 -1
597369 0 1
597431 2 -1
597441 1 -1
597621 14 1
597627 3 -1
597643 4 1
597691 10 -1
597777 0 -1
597847 9 1
597890 2 -1
597990 1 1
598116 0 -1
598223 16 -1
598224 8 -1
598340 4 -1
598374 5 1
598376 0 1
598395 3 -1
598417 7 -1
598535 6 1
598546 1 -1
598589 0 -1
598589 2 -1
598836 0 -1
598913 1 -1
598954 15 1
599072 2 1
599158 3 -1
599271 0 1
599320 4 -1
599325 5 -1
599481 6 -1
599501 1 -1
599529 2 1
599661 0 -1
599739 3 1
599779 7 -1
599844 1 1
599932 0 1
600065 4 -1
600185 3 -1
600204 2 -1
600212 5 1
600239 1 1
600400 0 -1
600480 13 -1
600502 12 1
600647 2 1
600677 3 -1
600687 0 1
600791 1 1
600859 4 -1
600932 9 -1
600945 0 1
601018 6 1
601072 8 -1
601130 1 -1
601190 5 -1
601279 3 -1
601319 7 1
601319 2 -1
601335 0 1
601545 10 -1
601601 0 1
601702 1 1
601921 11 1
601972 4 -1
602007 2 1
602018 3 -1
602074 0 -1
602222 1 1
602308 18 1
602480 2 -1
602501 6 -1
602512 0 -1
602555 5 1
602619 1 -1
602706 3 -1
602722 4 -1
602845 0 1
602896 2 1
602972 1 1
603039 8 1
603178 0 1
603338 1 -1
603372 2 1
603423 7 1
603598 6 1
603696 0 1
603737 3 -1
603738 4 1
603901 1 -1
604028 5 -1
604028 9 1
604065 2 -1
604068 0 -1
604275 0 -1
604291 3 1
604479 1 -1
604544 14 -1
604678 0 1
604761 2 1
604781 4 1
604834 7 1
604870 1 -1
604909 6 1
604930 3 -1
604963 5 -1
604979 0 1
605221 0 -1
605248 2 -1
605457 1 -1
605531 4 1
605597 9 1
605664 3 -1
605737 10 1
605774 0 -1
605813 1 1
605855 6 -1
605898 8 1
605946 2 -1
606086 3 1
606188 1 1
606305 4 -1
606336 0 -1
606339 5 1
606414 2 -1
606688 3 1
606704 1 -1
606817 7 1
606887 2 1
606930 0 1
606962 4 1
606962 6 1
607107 1 1
607236 0 1
607242 5 1
607290 3 1
607570 0 1
607570 2 -1
607672 1 -1
607763 3 -1
607970 4 -1
608037 2 -1
608128 0 1
608198 5 -1
608212 1 -1
608225 3 1
608542 10 -1
608550 1 1
608626 0 -1
608685 3 -1
608693 2 -1
608714 8 1
608811 6 -1
608840 7 1
608961 0 -1
609070 1 -1
609106 4 -1
609230 9 -1
609260 0 -1
609370 2 -1
609408 3 1
609475 0 1
609647 1 1
609660 5 -1
609730 0 1
609743 4 1
609821 2 -1
609918 11 -1
609989 1 -1
610047 6 -1
610070 0 1
610219 3 -1
610257 2 -1
610259 7 1
610305 12 1
610396 0 1
610499 8 1
610546 1 -1
610568 5 -1
610692 0 1
610697 2 1
610703 3 1
610767 4 1
610993 13 -1
611044 0 1
611058 1 -1
611310 3 1
611356 0 1
611391 2 -1
611423 9 1
611465 1 1
611529 4 1
611541 7 1
611627 0 -1
611737 3 -1
611778 6 1
611801 1 -1
611939 14 -1
611987 5 -1
612025 0 1
612092 2 -1
612158 1 1
612267 3 1
612286 0 1
612307 4 -1
612369 15 -1
612509 8 -1
612546 2 -1
612672 0 1
612714 1 1
612815 10 -1
612949 3 -1
612960 7 1
613127 6 -1
613258 0 1
613276 1 -1
613282 2 1
613293 9 1
613347 4 -1
613385 5 1
613454 3 -1
613498 0 -1
613623 1 1
613758 2 -1
613768 0 1
614040 4 1
614133 0 1
614142 3 -1
614142 6 1
614194 1 -1
614223 2 -1
614239 5 -1
614392 0 1
614497 8 1
614556 1 1
614825 0 1
614900 3 1
614922 2 -1
614943 1 1
615024 7 1
615034 6 -1
615110 5 1
615137 4 -1
615368 3 -1
615384 2 -1
615422 0 1
615491 1 1
615674 0 -1
615866 1 1
615896 0 1
615937 12 1
616056 2 1
616066 3 -1
616077 5 -1
616136 4 1
616152 6 1
616260 9 1
616388 1 -1
616435 0 1
616744 3 1
616757 2 1
616878 4 1
616953 1 1
617020 0 1
617088 10 1
617166 3 -1
617168 7 -1
617222 2 1
617313 11 1
617342 1 1
617464 8 -1
617518 5 -1
617531 0 1
617628 4 1
617680 1 1
617829 0 1
617835 3 -1
617915 6 -1
617937 2 1
618047 0 1
618051 1 1
618289 4 1
618474 17 -1
618496 9 -1
618521 0 1
618551 1 -1
618576 2 -1
618705 3 -1
618716 7 -1
618969 5 -1
619044 2 1
619125 0 1
619139 1 -1
619167 3 1
619365 4 -1
619508 1 -1
619627 0 -1
619764 2 1
619807 3 -1
619807 12 1
619861 6 1
619958 5 1
619994 1 1
620065 8 -1
620184 10 -1
620191 0 1
620357 1 1
620371 3 1
620414 2 1
620417 4 -1
620549 0 1
620695 1 -1
620764 6 1
620764 0 -1
620780 7 -1
620893 2 -1
621113 3 -1
621148 0 -1
621204 9 1
621215 4 1
621231 1 -1
621350 2 -1
621468 5 -1
621507 0 1
621596 1 -1
621763 0 -1
621812 2 -1
621919 3 1
621946 6 -1
621968 8 1
622021 7 -1
622107 0 1
622130 1 1
622406 0 1
622461 4 -1
622521 2 -1
622532 3 1
622658 1 1
622785 6 1
622791 0 1
622935 5 -1
622967 11 1
622993 1 -1
623123 0 -1
623166 4 1
623220 3 1
623228 2 1
623319 1 -1
623456 7 -1
623486 0 -1
623671 3 -1
623677 2 1
623698 13 1
623751 1 -1
623859 4 -1
623897 0 1
623913 6 1
623924 5 1
624101 10 1
624171 9 -1
624179 0 -1
624193 3 -1
624303 1 1
624354 2 -1
624483 0 1
624816 0 1
624816 8 1
624855 1 1
624870 2 1
624924 4 -1
625096 3 1
625131 0 -1
625254 1 -1
625294 5 -1
625348 2 1
625504 3 1
625510 0 -1
625536 7 1
625552 4 -1
625732 1 -1
625762 6 1
625867 0 -1
626095 2 1
626105 1 -1
626138 0 -1
626369 0 -1
626407 11 -1
626407 3 -1
626407 9 -1
626443 1 -1
626532 4 1
626584 2 -1
626614 0 -1
626735 5 -1
626858 12 1
626966 6 1
626971 7 1
626975 1 -1
627127 0 1
627132 3 1
627272 2 1
627358 1 -1
627417 14 1
627503 16 -1
627514 8 -1
627675 5 -1
627705 0 -1
627724 3 1
627802 4 -1
627902 1 1
627971 2 -1
628020 15 -1
628044 0 1
628181 10 1
628289 0 1
628342 3 -1
628428 6 -1
628430 1 1
628449 2 1
628519 4 -1
628541 0 1
628731 3 -1
628793 1 -1
628816 0 -1
628901 2 -1
629014 5 -1
629051 7 -1
629137 9 -1
629168 1 -1
629223 8 1
629336 0 -1
629352 2 -1
629358 3 -1
629559 1 -1
629607 4 1
629976 6 -1
630035 2 1
630046 5 1
630075 0 -1
630136 1 -1
630234 3 -1
630599 0 -1
630635 4 1
630676 1 -1
630728 2 -1
630787 3 1
630838 0 1
630889 10 1
630970 5 1
631026 1 1
631099 7 -1
631137 0 1
631204 2 1
631266 6 -1
631397 4 1
631529 3 -1
631615 1 1
631682 0 -1
631846 11 1
631846 8 1
631894 2 -1
631991 3 1
632085 0 1
632163 1 1
632276 9 -1
632319 6 -1
632324 5 -1
632324 7 -1
632365 0 1
632373 2 1
632459 3 -1
632477 4 -1
632528 1 1
632830 2 1
632881 0 -1
633098 1 -1
633128 0 -1
633190 5 1
633195 3 1
633383 0 -1
633394 12 1
633491 6 -1
633539 2 1
633606 4 1
633648 1 -1
633711 3 1
633888 0 -1
634005 1 1
634007 9 1
634012 2 -1
634239 0 1
634340 3 1
634344 4 1
634356 7 -1
634474 0 1
634566 1 -1
634608 5 -1
634684 8 1
634721 2 -1
634823 6 1
634874 1 -1
634888 10 1
634901 0 -1
634947 3 1
635146 4 -1
635154 0 1
635237 1 -1
635307 13 1
635372 3 -1
635407 2 1
635454 0 1
635761 3 -1
635785 1 -1
635802 11 -1
635827 4 1
635861 2 1
635970 0 1
636156 1 -1
636167 3 1
636167 5 -1
636323 2 1
636412 7 1
636484 0 -1
636586 8 -1
636618 6 -1
636702 1 -1
636769 3 1
636796 2 -1
637006 9 -1
637032 4 1
637151 0 -1
637204 5 -1
637311 1 1
637382 3 1
637505 2 1
637543 6 -1
637655 1 -1
637774 10 -1
637779 12 1
637801 3 1
637806 0 1
637919 7 1
637984 1 -1
638048 4 1
638107 5 -1
638150 0 -1
638220 2 1
638359 1 -1
638400 0 -1
638403 3 1
638696 2 -1
638731 0 1
638758 4 1
638907 1 -1
638908 3 -1
639077 0 -1
639102 5 1
639298 0 1
639338 6 -1
639354 3 -1
639386 2 1
639455 1 -1
639478 8 -1
639507 0 -1
639752 0 -1
639830 1 -1
639843 11 -1
639843 2 1
639862 4 -1
640015 9 1
640125 0 1
640152 7 -1
640160 3 1
640252 6 -1
640305 2 1
640358 1 -1
640434 5 1
640527 4 1
640628 10 -1
640656 0 1
640725 13 1
640730 3 -1
640769 1 1
640918 17 1
641015 2 1
641079 6 1
641132 1 1
641192 4 1
641206 0 -1
641284 8 -1
641458 2 1
641528 0 1
641622 3 1
641720 1 -1
641808 0 -1
641875 5 1
641993 12 -1
642004 9 1
642079 7 1
642099 1 -1
642176 2 -1
642232 4 1
642377 0 1
642393 3 1
642653 1 1
642727 0 1
642799 5 1
642815 2 -1
642831 6 1
642864 3 -1
642990 4 1
642990 0 1
643154 14 1
643200 1 -1
643267 2 -1
643304 8 -1
643306 0 1
643315 3 -1
643544 0 1
643546 7 1
643591 1 -1
643734 2 -1
643780 0 1
643799 6 -1
643895 3 -1
643928 15 1
643949 1 1
644094 4 -1
644129 0 -1
644207 2 1
644250 5 1
644250 9 1
644312 1 -1
644354 0 1
644692 0 -1
644718 3 1
644852 16 -1
644856 1 1
644890 2 -1
645142 10 -1
645159 7 1
645195 4 1
645202 5 1
645260 11 1
645304 13 -1
645322 0 1
645404 1 -1
645476 6 -1
645497 3 -1
645551 2 -1
645572 0 1
645775 1 -1
645868 4 -1
645868 0 -1
646013 8 1
646018 2 1
646040 3 1
646078 12 1
646169 5 -1
646207 9 1
646289 1 1
646521 4 1
646524 0 1
646577 7 1
646678 1 1
646706 2 -1
646825 3 -1
646916 6 1
647021 1 -1
647136 0 -1
647263 4 1
647435 2 1
647445 3 -1
647545 1 -1
647668 5 1
647668 0 1
647754 8 -1
647875 1 -1
647883 10 -1
647894 2 1
647942 3 -1
647975 0 -1
648077 6 -1
648203 0 1
648351 4 -1
648444 1 -1
648539 5 -1
648577 2 -1
648625 7 1
648700 3 -1
648746 0 -1
648786 11 -1
649008 1 1
649044 6 1
649173 22 1
649249 0 -1
649281 2 1
649310 4 -1
649326 1 1
649528 9 -1
649560 3 -1
649661 1 1
649727 0 1
649759 2 -1
649979 5 -1
649990 0 1
650032 1 -1
650036 4 -1
650124 3 1
650184 6 -1
650224 0 -1
650434 2 1
650560 8 -1
650564 1 -1
650713 7 -1
650804 0 -1
650920 2 1
651070 3 1
651072 1 1
651108 4 1
651140 0 1
651390 0 1
651393 2 -1
651409 5 -1
651455 1 1
651651 3 -1
651758 6 -1
651775 0 -1
651858 4 1
651987 0 1
652015 1 -1
652027 7 1
652043 10 1
652100 2 -1
652113 3 1
652290 0 1
652344 5 -1
652350 1 -1
652519 4 -1
652559 2 -1
652699 9 -1
652724 1 -1
652847 0 1
652898 3 1
652914 17 1
653250 2 1
653293 1 1
653322 5 1
653322 6 1
653430 12 -1
653438 0 -1
653441 3 -1
653516 8 -1
653627 4 1
653672 1 1
653798 0 1
653951 2 1
654118 3 1
654129 0 -1
654224 1 1
654284 7 1
654300 5 -1
654376 6 -1
654405 4 1
654435 2 -1
654462 11 -1
654561 0 -1
654764 1 1
654865 3 -1
654903 2 -1
655099 0 -1
655119 1 -1
655279 9 -1
655370 3 -1
655376 2 1
655515 8 1
655550 4 -1
655620 0 -1
655687 5 1
655695 1 1
655795 6 1
655816 7 1
655843 3 1
656053 2 -1
656207 1 -1
656222 0 -1
656311 3 -1
656477 10 1
656480 0 -1
656574 1 1
656590 6 -1
656614 4 -1
656714 0 -1
656732 2 1
657036 0 -1
657042 5 -1
657128 3 1
657130 1 1
657192 2 1
657281 0 -1
657299 4 1
657332 7 -1
657461 6 1
657601 8 1
657644 0 -1
657670 1 -1
657729 3 1
657875 2 -1
657944 4 1
658020 5 1
658030 14 1
658053 1 -1
658106 13 1
658132 3 -1
658205 0 -1
658353 2 1
658384 1 -1
658413 0 1
658417 15 -1
658622 4 1
658671 0 1
658753 3 -1
658761 1 -1
658842 2 -1
658955 9 1
659159 3 1
659194 0 -1
659213 6 -1
659307 1 -1
659315 10 1
659352 5 1
659363 12 -1
659428 7 1
659524 2 1
659584 3 -1
659602 0 -1
659610 8 -1
659670 4 1
659823 0 1
659871 1 1
659981 2 1
660137 11 -1
660172 0 -1
660250 5 1
660286 1 1
660363 6 1
660438 3 -1
660472 0 1
660653 9 -1
660669 2 -1
660677 0 -1
660742 4 -1
660830 1 1
660863 7 1
660911 3 1
661078 0 1
661158 5 1
661218 1 1
661290 0 -1
661346 2 1
661512 4 1
661568 1 -1
661620 16 -1
661638 0 1
661755 3 -1
661814 6 1
661830 2 -1
661878 10 1
661997 0 1
662120 1 1
662260 0 1
662330 8 1
662471 1 -1
662537 2 -1
662599 5 1
662604 3 -1
662618 0 -1
662636 4 -1
662838 7 -1
662971 0 1
663007 1 -1
663023 3 1
663061 9 -1
663190 12 -1
663214 0 -1
663217 2 1
663317 4 1
663536 0 1
663555 6 1
663561 5 -1
663590 1 -1
663695 2 -1
663749 3 -1
663946 1 1
664031 4 -1
664100 0 1
664179 11 -1
664307 1 1
664337 0 1
664356 2 -1
664606 0 -1
664684 3 -1
664694 1 1
664716 6 1
664716 10 1
664942 7 -1
664953 14 -1
665009 2 -1
665020 0 1
665060 5 1
665084 3 -1
665087 4 -1
665146 8 1
665236 1 1
665289 0 1
665463 2 -1
665694 0 -1
665758 1 -1
665821 4 1
665861 3 -1
665888 2 1
666054 0 1
666111 1 1
666167 6 1
666253 9 1
666326 0 -1
666329 2 -1
666361 7 -1
666382 5 1
666597 0 -1
666623 1 -1
666844 4 -1
666850 3 1
666912 0 1
666998 2 1
667017 8 1
667127 1 1
667283 0 1
667317 3 -1
667366 5 -1
667522 1 1
667608 6 1
667704 2 1
667833 3 -1
667860 7 1
667948 0 1
667949 4 1
668006 9 1
668091 11 1
668094 1 1
668161 2 1
668215 5 1
668441 3 -1
668500 0 -1
668622 1 1
668682 4 1
668766 0 1
668796 10 1
668833 2 -1
668887 6 -1
668993 1 -1
669070 0 1
669075 3 -1
669188 5 -1
669247 7 -1
669279 2 -1
669352 4 -1
669360 13 -1
669510 8 -1
669525 1 -1
669720 2 1
669729 0 1
669852 1 -1
669948 4 1
669951 3 -1
670083 0 -1
670210 1 -1
670351 0 1
670424 6 1
670440 2 1
670483 5 -1
670585 12 1
670639 3 -1
670763 0 -1
670775 1 1
670910 2 -1
671028 4 -1
671133 1 -1
671260 0 1
671273 9 -1
671338 8 -1
671407 7 1
671499 3 -1
671588 0 1
671612 2 1
671613 1 -1
671832 6 -1
671832 14 -1
671880 0 1
671961 5 -1
672117 4 -1
672149 3 1
672154 11 1
672198 1 1
672246 0 1
672308 2 1
672572 1 1
672609 0 -1
672654 3 1
672751 2 -1
672821 6 -1
672877 0 -1
672883 4 -1
672907 17 1
672912 5 1
672939 1 1
673100 10 -1
673184 0 -1
673202 2 -1
673262 8 1
673302 1 1
673520 7 -1
673525 3 1
673525 0 -1
673686 2 1
673745 6 1
673830 1 1
673958 0 -1
673963 4 -1
674213 3 1
674250 5 1
674370 1 1
674390 2 1
674412 15 1
674548 0 1
674697 1 1
674788 6 1
674820 9 -1
674842 12 -1
674973 3 -1
675070 2 -1
675092 4 -1
675097 0 1
675100 7 -1
675175 5 1
675229 1 -1
675334 0 -1
675532 2 -1
675575 3 -1
675596 1 1
675637 0 1
675841 10 -1
675849 4 -1
675962 1 1
675986 3 1
676078 5 1
676188 0 -1
676228 8 -1
676231 2 -1
676304 6 -1
676379 3 1
676498 1 1
676564 0 -1
676777 0 1
676782 3 -1
676873 1 1
676906 9 1
676908 2 1
676930 4 -1
677231 0 -1
677293 7 1
677392 2 -1
677397 1 1
677464 5 -1
677524 3 1
677588 0 -1
677808 6 -1
677886 0 1
677986 1 -1
678018 4 1
678077 2 1
678109 11 -1
678174 8 1
678212 3 1
678361 1 -1
678400 0 1
678421 5 -1
678625 12 -1
678679 3 -1
678679 7 -1
678711 6 1
678715 4 -1
678765 2 -1
678883 9 1
678917 1 1
679012 0 1
679233 2 -1
679506 1 -1
679606 0 1
679614 13 -1
679614 10 1
679711 3 -1
679804 4 -1
679876 1 1
679883 0 1
679907 2 1
679915 5 1
680012 6 1
680130 0 1
680235 7 1
680340 2 -1
680449 1 1
680541 4 -1
680660 0 -1
680743 3 -1
680818 2 1
680829 8 -1
681029 1 -1
681119 9 -1
681231 4 1
681240 0 1
681270 6 -1
681275 3 1
681296 5 -1
681388 1 1
681490 2 -1
681557 0 1
681759 1 -1
681866 0 1
681888 3 1
681952 2 -1
682119 5 -1
682126 1 -1
682202 0 -1
682234 7 1
682303 4 -1
682388 10 1
682484 6 -1
682498 3 1
682498 0 -1
682662 1 -1
682667 2 -1
682904 3 1
682936 0 -1
682968 4 1
683186 1 -1
683344 2 -1
683376 8 1
683436 0 1
683540 1 1
683548 3 -1
683570 5 -1
683597 7 -1
683785 0 1
683809 2 1
683988 4 -1
684027 3 1
684038 0 1
684097 6 1
684097 1 1
684271 2 1
684277 0 1
684301 9 -1
684468 1 -1
684475 3 -1
684559 0 -1
684785 2 -1
684826 1 1
685000 5 -1
685024 0 -1
685042 6 -1
685048 4 1
685129 10 -1
685166 3 1
685301 8 -1
685423 1 1
685447 0 1
685472 2 1
685572 7 1
685634 3 -1
685712 0 1
685733 4 -1
685782 1 -1
685849 11 -1
685956 5 1
686144 0 1
686145 2 -1
686334 1 -1
686354 4 -1
686392 3 -1
686480 0 -1
686633 6 1
686634 2 1
686784 0 -1
686842 1 1
686881 12 -1
687104 4 -1
687112 3 1
687229 1 1
687332 9 1
687335 2 1
687380 5 1
687383 0 -1
687526 14 -1
687579 3 -1
687628 7 -1
687630 1 -1
687776 0 -1
687776 2 -1
687945 6 -1
687974 1 -1
688004 0 -1
688031 3 -1
688128 8 -1
688251 2 1
688256 4 -1
688337 0 1
688518 1 1
688547 3 -1
688719 5 -1
688719 6 -1
688901 0 1
688926 2 -1
688966 7 1
689067 1 -1
689208 4 -1
689374 3 1
689399 2 -1
689401 10 1
689417 9 -1
689430 1 1
689460 0 -1
689616 5 -1
689807 0 -1
689853 6 -1
689976 3 1
690006 4 1
690010 1 1
690095 2 1
690105 15 -1
690119 0 -1
690304 7 -1
690369 1 -1
690379 3 -1
690465 0 1
690546 5 -1
690678 0 1
690729 6 1
690731 1 1
690804 2 1
690981 3 -1
690987 0 1
691062 8 1
691163 4 -1
691282 2 -1
691300 1 -1
691390 3 1
691390 0 -1
691481 5 -1
691481 13 -1
691610 0 1
691675 7 -1
691717 1 1
691731 2 -1
691844 4 1
691868 3 -1
691868 10 1
692048 0 1
692110 6 1
692185 2 -1
692217 1 -1
692602 4 1
692637 0 -1
692658 3 -1
692782 8 -1
692795 1 1
692841 2 -1
692879 9 1
692892 0 -1
692921 5 -1
693126 1 -1
693174 0 -1
693244 3 -1
693485 1 1
693513 0 -1
693526 2 1
693690 4 1
693717 11 -1
693729 0 1
693738 7 -1
693888 1 -1
693910 6 -1
693980 3 1
693991 2 1
694120 0 1
694340 5 -1
694371 4 -1
694424 1 -1
694491 0 1
694695 2 1
694717 0 -1
694781 3 -1
694992 1 1
695042 0 1
695152 2 1
695171 3 -1
695200 6 1
695243 5 -1
695326 4 1
695331 0 1
695355 1 -1
695587 3 1
695587 12 1
695588 8 -1
695603 2 1
695743 0 -1
695802 10 1
695915 1 -1
695996 3 -1
695996 9 1
696004 7 -1
696094 0 1
696278 1 1
696318 2 -1
696330 0 1
696358 4 1
696592 3 -1
696630 5 1
696657 1 1
696670 0 -1
696762 2 -1
696877 0 -1
697006 6 -1
697100 4 1
697213 1 1
697216 0 1
697261 7 -1
697307 3 1
697442 2 -1
697570 5 1
697588 1 1
697724 0 -1
697758 11 -1
697769 3 -1
698112 1 -1
698138 2 -1
698160 4 1
698249 0 1
698382 6 -1
698452 5 1
698457 3 -1
698490 8 -1
698576 2 1
698696 1 1
698704 9 1
698764 0 1
698903 3 -1
699070 0 1
699075 2 -1
699083 1 -1
699220 4 1
699242 6 -1
699277 0 1
699325 7 -1
699403 3 -1
699438 1 1
699564 2 1
699744 1 -1
699820 0 1
699889 4 -1
699908 5 1
700123 10 -1
700268 2 1
700293 1 -1
700317 8 -1
700349 3 -1
700408 0 -1
700682 18 -1
700768 17 1
700795 3 -1
700801 7 -1
700865 4 -1
700865 6 -1
700870 5 -1
700885 1 -1
700921 2 1
700991 0 1
701236 1 -1
701268 0 -1
701327 12 1
701381 2 1
701483 3 -1
701507 0 -1
701628 11 1
701820 1 -1
701824 0 1
701905 4 -1
702026 9 1
702050 2 1
702082 0 1
702171 3 -1
702252 8 1
702332 7 1
702359 6 -1
702368 1 -1
702402 0 -1
702424 5 1
702504 2 1
702633 3 1
702651 4 -1
702751 1 -1
702789 14 -1
702832 10 1
702977 2 -1
702988 0 1
703122 6 -1
703122 13 1
703138 3 -1
703288 1 -1
703305 0 -1
703404 4 -1
703563 3 -1
703644 0 1
703692 2 -1
703783 5 -1
703836 1 -1
704004 8 1
704009 0 -1
704041 4 1
704170 2 1
704202 1 -1
704264 0 -1
704525 3 -1
704541 6 1
704665 0 1
704670 7 1
704755 1 -1
704756 5 1
704864 2 -1
704896 9 -1
705097 1 -1
705105 4 1
705132 12 1
705248 0 1
705455 3 -1
705492 1 -1
705562 2 -1
705584 0 -1
705702 5 1
705767 10 -1
705842 0 -1
705938 6 1
705981 3 -1
706038 2 1
706041 1 1
706093 4 -1
706296 0 1
706347 7 1
706358 15 -1
706407 1 -1
706540 5 -1
706680 9 1
706704 0 -1
706745 8 -1
706750 2 1
706777 3 -1
706798 4 -1
706948 1 -1
706981 6 -1
707013 0 -1
707223 3 -1
707408 0 -1
707433 2 -1
707500 1 1
707650 0 -1
707685 3 1
707883 1 -1
707889 2 -1
707935 4 -1
707959 5 -1
707971 0 1
708246 1 1
708250 31 -1
708373 3 1
708518 0 -1
708561 2 -1
708604 4 -1
708612 7 1
708628 1 1
708636 12 -1
708717 10 -1
708792 6 -1
708841 3 -1
708865 0 -1
709166 0 1
709217 1 -1
709273 2 -1
709303 5 -1
709318 4 -1
709550 8 -1
709566 0 1
709625 11 -1
709626 3 -1
709749 2 1
709773 1 -1
709822 0 1
709948 9 1
710109 6 1
710125 0 -1
710148 1 -1
710217 2 1
710260 5 1
710313 3 -1
710321 4 1
710682 2 -1
710692 0 1
710700 1 -1
710797 7 -1
710878 3 1
711023 4 -1
711071 1 -1
711187 0 -1
711378 2 1
711446 1 -1
711453 8 -1
711566 3 1
711574 0 1
711614 5 -1
711797 6 -1
711856 0 -1
712010 1 -1
712082 2 1
712084 0 1
712123 4 -1
712208 7 -1
712280 3 1
712291 0 -1
712395 1 -1
712399 9 -1
712538 10 1
712560 2 -1
712724 0 1
712743 3 -1
712927 1 -1
713049 5 -1
713097 6 -1
713114 0 -1
713151 12 -1
713155 4 -1
713264 2 -1
713393 7 -1
713433 0 -1
713447 3 -1
713506 1 1
713694 2 1
713753 15 -1
713777 0 -1
713873 1 1
713930 5 -1
713965 4 -1
714027 0 -1
714175 2 -1
714227 1 -1
714247 3 -1
714290 8 -1
714333 0 -1
714366 6 1
714484 9 1
714578 4 1
714626 1 1
714675 7 -1
714731 13 -1
714852 2 1
714865 3 1
714904 0 -1
715150 1 -1
715236 11 -1
715236 0 -1
715258 3 1
715317 2 1
715344 4 1
715354 5 -1
715465 0 -1
715483 6 1
715661 3 -1
715719 1 1
715813 0 1
716016 0 -1
716021 2 1
716073 1 -1
716139 8 -1
716258 0 -1
716271 3 -1
716364 4 1
716397 6 -1
716589 1 1
716596 0 1
716698 10 -1
716725 5 1
716730 2 1
716816 0 -1
716868 7 1
716873 3 -1
716952 1 1
717163 0 1
717187 2 1
717301 1 -1
717391 3 1
717528 4 1
717558 9 1
717633 2 1
717698 5 -1
717803 1 1
717805 0 1
717967 8 -1
718004 3 1
718058 0 1
718074 6 1
718087 2 1
718184 1 1
718214 4 -1
718273 0 -1
718396 3 1
718624 0 1
718738 1 1
718740 14 1
718770 7 1
718800 3 -1
718818 2 1
718837 0 -1
719084 9 -1
719127 11 1
719184 0 1
719192 5 -1
719268 1 1
719310 4 1
719337 6 -1
719504 10 -1
719514 0 -1
719530 3 1
719549 2 -1
719657 1 1
719729 12 -1
719754 0 -1
719987 0 1
720016 1 1
720025 2 -1
720036 3 1
720192 5 1
720221 7 -1
720315 0 1
720346 1 -1
720460 8 1
720463 4 1
720638 3 1
720664 6 1
720713 2 1
720767 0 1
720878 1 -1
720890 16 1
721148 5 -1
721152 4 1
721191 2 -1
721240 3 1
721285 0 1
721418 1 -1
721632 3 1
721656 0 -1
721667 2 1
721797 1 -1
721922 15 1
721946 0 1
722035 3 -1
722062 6 -1
722212 4 1
722288 8 1
722309 7 1
722329 1 -1
722376 2 1
722435 0 1
722460 3 1
722513 5 1
722589 9 -1
722700 1 1
722830 2 1
722943 0 -1
722997 6 1
723061 3 1
723075 1 1
723317 4 1
723470 10 -1
723481 5 -1
723505 0 1
723524 2 -1
723649 1 -1
723663 3 1
723819 0 -1
724018 6 -1
724026 1 1
724072 3 -1
724072 0 -1
724123 4 -1
724222 2 -1
724331 0 1
724341 7 1
724566 1 1
724588 0 1
724674 3 -1
724706 2 1
724964 0 1
724980 5 1
725131 1 -1
725147 11 -1
725158 2 1
725190 8 1
725211 3 -1
725215 4 -1
725461 1 1
725480 6 -1
725531 0 1
725620 2 1
725657 3 -1
725813 9 -1
725824 13 -1
725892 4 1
725905 7 -1
725985 1 1
726060 0 -1
726179 12 -1
726259 10 -1
726286 5 1
726300 0 -1
726324 2 1
726345 3 -1
726524 0 1
726533 1 1
726544 6 1
726606 4 -1
726652 14 -1
726807 3 1
726872 0 -1
726900 1 1
727039 2 1
727111 0 -1
727307 5 1
727447 0 1
727452 1 1
727495 3 1
727506 2 -1
727694 4 1
727810 0 -1
727834 9 1
727985 7 -1
728041 1 1
728060 6 -1
728073 0 -1
728114 8 -1
728226 2 1
728248 3 -1
728253 5 1
728326 0 -1
728408 4 1
728408 1 -1
728621 0 1
728689 2 1
728710 3 1
728783 1 -1
728973 0 1
729164 1 -1
729167 11 -1
729167 5 1
729167 2 -1
729178 3 -1
729242 10 1
729468 4 1
729468 6 -1
729480 0 1
729624 3 -1
729686 1 1
729823 0 -1
729876 2 -1
730086 0 1
730097 7 1
730156 8 -1
730242 9 -1
730250 1 -1
730312 3 -1
730374 2 1
730414 6 -1
730492 0 1
730516 5 -1
730564 12 -1
730601 1 1
730661 4 1
731002 0 -1
731059 2 -1
731096 3 -1
731171 1 -1
731322 4 -1
731370 13 -1
731499 7 -1
731524 1 1
731558 3 1
731599 0 1
731763 2 -1
731911 1 1
731919 5 1
731994 6 1
732048 4 -1
732112 8 1
732155 0 1
732225 2 -1
732246 3 1
732386 0 -1
732413 9 1
732467 1 -1
732620 0 -1
732703 2 1
732714 3 -1
732768 5 -1
732813 4 1
732842 1 -1
732961 0 1
733160 3 -1
733160 2 1
733225 10 1
733262 0 -1
733294 11 -1
733394 1 -1
733413 6 1
733676 7 1
733692 0 -1
733859 2 1
733861 4 1
733918 8 1
733962 1 1
734036 3 -1
734243 0 1
734273 5 1
734329 1 1
734369 6 -1
734453 0 -1
734493 3 1
734541 2 -1
734681 0 1
734696 1 1
734877 4 1
734907 14 -1
735017 2 1
735051 1 -1
735111 7 1
735127 5 -1
735181 3 1
735262 0 1
735477 9 1
735595 4 1
735607 1 -1
735659 6 1
735734 2 -1
735822 0 1
735853 10 -1
735869 3 1
735939 12 -1
736046 5 -1
736164 0 -1
736167 1 -1
736304 3 -1
736388 0 1
736433 7 -1
736439 2 -1
736558 1 1
736610 4 -1
736627 0 1
736694 3 -1
736777 8 1
736842 0 -1
736885 13 -1
736901 2 -1
737100 3 1
737114 1 1
737186 6 1
737188 0 1
737340 4 -1
737476 5 -1
737493 1 1
737516 0 -1
737616 2 -1
737701 3 1
737747 0 1
737868 1 1
738088 6 1
738089 0 -1
738110 4 1
738287 2 1
738303 3 1
738389 15 1
738443 1 -1
738473 7 -1
738508 5 -1
738596 0 1
738747 3 -1
738766 2 -1
738795 1 1
738965 0 1
738970 9 -1
739002 6 -1
739118 4 -1
739249 0 1
739339 1 1
739349 3 -1
739478 2 -1
739612 0 -1
739690 8 -1
739814 5 -1
739819 4 -1
739867 7 1
739916 1 1
739932 0 -1
739951 3 -1
739953 2 1
740045 6 1
740174 10 1
740190 0 -1
740258 1 -1
740356 3 1
740410 2 1
740514 0 1
740561 9 -1
740627 1 1
740776 0 1
740883 4 -1
740926 11 1
740980 3 1
740984 1 -1
741114 2 1
741230 0 -1
741302 5 -1
741536 1 -1
741550 8 -1
741582 3 1
741582 2 1
741689 6 -1
741767 0 1
741985 3 -1
742000 4 1
742113 1 -1
742213 7 1
742243 5 1
742281 2 1
742396 0 1
742431 1 -1
742587 3 -1
742651 0 1
742794 4 -1
742882 16 1
742923 0 -1
742951 1 -1
742985 2 1
742995 3 1
743097 6 1
743330 1 -1
743388 3 1
743398 9 -1
743474 2 1
743479 4 1
743501 0 1
743608 5 -1
743681 1 1
743904 6 -1
743906 0 -1
743928 2 1
744022 3 -1
744092 10 1
744152 0 1
744180 4 1
744213 7 1
744269 1 -1
744404 2 -1
744412 3 -1
744508 0 -1
744616 1 1
744624 8 -1
744796 12 -1
744796 0 1
744989 5 1
745024 3 -1
745083 0 -1
745091 2 1
745134 1 -1
745212 4 1
745290 9 -1
745441 0 1
745543 7 -1
745570 6 1
745626 3 -1
745666 0 -1
745696 1 -1
745801 2 1
745914 5 1
746040 0 -1
746069 1 -1
746145 3 -1
746276 4 1
746279 2 -1
746438 1 1
746607 3 1
746620 0 1
746704 10 -1
746709 6 -1
746730 11 -1
746752 8 -1
746801 1 -1
746900 0 -1
746954 4 -1
746978 7 -1
746991 2 -1
747074 3 -1
747120 0 1
747290 5 -1
747389 1 1
747467 2 1
747480 0 1
747505 9 1
747709 6 -1
747736 0 1
747762 3 -1
747924 2 1
747933 1 1
748042 13 1
748143 4 -1
748144 0 -1
748300 7 1
748304 1 1
748450 3 -1
748601 2 -1
748676 8 1
748719 5 -1
748719 0 -1
748816 4 1
748844 1 1
748880 3 -1
749009 0 1
749058 2 -1
749215 0 1
749257 6 -1
749332 10 1
749376 1 1
749566 4 1
749617 3 1
749638 5 -1
749751 1 1
749781 0 -1
749786 2 1
750084 3 -1
750287 1 1
750331 6 1
750415 0 1
750428 7 -1
750474 2 -1
750530 3 -1
750536 5 -1
750643 11 1
750646 4 -1
750783 9 1
750788 0 1
750843 1 1
750950 2 1
751001 0 -1
751180 1 -1
751218 3 -1
751225 0 1
751245 12 -1
751351 4 -1
751417 5 1
751417 14 -1
751417 2 1
751455 0 -1
751589 8 1
751718 10 1
751740 1 -1
751750 6 1
751796 3 -1
751812 0 -1
751890 2 -1
752097 1 1
752148 0 -1
752307 4 -1
752368 0 -1
752384 3 1
752452 7 -1
752480 1 1
752578 2 1
752642 9 -1
752715 0 1
752825 5 1
752949 0 1
752986 3 1
753048 1 -1
753169 0 1
753282 2 1
753306 4 1
753390 3 -1
753403 1 1
753427 6 1
753502 8 -1
753556 0 -1
753567 15 1
753779 0 -1
753785 2 -1
753798 3 1
753879 7 1
753975 1 -1
753983 4 1
754127 0 1
754228 3 -1
754244 5 -1
754416 6 1
754470 2 1
754475 0 -1
754536 1 1
754677 4 -1
754712 0 -1
754911 1 1
754927 3 -1
754927 2 1
755052 0 1
755158 12 -1
755184 5 1
755285 1 -1
755340 6 1
755382 4 -1
755389 0 -1
755405 2 -1
755614 3 -1
755631 0 -1
755654 1 -1
755977 0 1
755983 7 -1
756039 10 1
756077 3 1
756114 6 1
756114 2 -1
756204 1 1
756233 9 1
756335 0 1
756418 4 1
756469 8 1
756491 17 -1
756536 0 1
756590 2 1
756625 5 1
756754 3 1
756759 1 -1
756759 0 -1
756770 11 1
757001 0 -1
757146 3 1
757152 1 -1
757273 7 1
757302 2 1
757364 0 -1
757549 3 -1
757579 4 -1
757614 5 -1
757692 1 1
757737 6 -1
757791 0 1
757995 2 -1
758014 0 1
758079 1 1
758151 3 -1
758304 4 -1
758329 0 -1
758421 1 -1
758468 2 1
758517 5 -1
758522 7 1
758560 3 1
758630 0 1
758842 0 1
758893 2 -1
758961 1 -1
759253 3 -1
759264 13 -1
759264 8 1
759296 6 1
759312 4 1
759331 0 1
759336 1 -1
759371 2 1
759844 9 1
759913 1 1
759965 0 -1
759973 5 -1
760016 3 -1
760022 4 1
760081 2 1
760102 16 1
760231 10 -1
760296 6 1
760306 0 1
760462 3 -1
760477 1 -1
760489 12 1
760562 7 1
760645 0 -1
760707 4 -1
760726 11 -1
760785 2 1
760880 1 1
760890 0 1
760898 5 -1
760924 3 1
761169 0 -1
761220 8 -1
761276 2 -1
761392 3 -1
761432 1 -1
761612 0 -1
761791 4 -1
761833 6 1
761884 7 -1
761908 9 -1
761983 2 1
761993 1 1
762048 3 1
762204 0 -1
762322 5 -1
762360 1 1
762440 2 1
762480 4 1
762537 0 1
762746 6 1
762749 0 -1
762752 3 -1
762916 1 -1
762918 2 -1
762983 0 1
763133 8 1
763134 10 -1
763214 3 1
763278 0 1
763468 1 1
763622 2 -1
763649 6 -1
763657 0 -1
763674 4 1
763768 5 -1
763823 1 -1
763902 3 1
763972 7 -1
764082 2 -1
764187 0 -1
764218 1 1
764369 3 -1
764539 0 -1
764574 11 1
764589 1 -1
764705 4 1
764713 5 1
764763 0 1
764783 2 -1
764816 3 -1
764939 9 1
764998 0 1
765036 6 -1
765100 8 -1
765161 1 1
765283 0 1
765471 2 1
765504 4 -1
765611 5 1
765632 3 1
765737 0 -1
765741 1 1
765950 2 -1
766088 1 -1
766100 3 -1
766111 6 1
766197 7 1
766208 12 1
766342 0 1
766560 4 1
766562 5 1
766608 1 1
766659 2 -1
766788 3 -1
766865 0 1
766975 1 -1
767124 0 1
767344 1 -1
767347 2 1
767358 10 1
767398 0 -1
767476 3 -1
767498 14 1
767583 4 -1
767648 6 1
767688 7 -1
767782 0 1
767823 2 -1
767892 1 -1
767928 9 -1
768000 0 -1
768008 3 1
768013 5 1
768228 8 1
768244 4 1
768261 1 1
768387 0 -1
768529 2 -1
768610 3 1
768845 1 -1
768959 6 -1
768977 0 1
769002 7 -1
769212 3 1
769234 2 1
769266 0 1
769378 5 -1
769406 4 1
769430 1 1
769561 0 -1
769604 3 1
769696 2 1
769776 1 -1
769924 0 1
769948 9 -1
770023 6 -1
770066 10 1
770147 1 -1
770163 0 1
770174 2 -1
770206 3 1
770233 5 1
770268 7 1
770335 11 1
770381 4 -1
770486 13 1
770492 0 1
770522 1 -1
770650 2 1
770840 3 -1
770980 6 -1
771042 0 1
771054 1 -1
771066 8 1
771070 4 -1
771109 12 -1
771230 3 -1
771340 2 -1
771391 0 -1
771610 1 -1
771636 3 1
771652 5 1
771724 0 1
771754 15 1
771832 4 -1
771989 1 -1
772044 3 -1
772071 2 1
772162 6 -1
772173 0 1
772506 5 -1
772521 1 -1
772528 2 1
772550 7 1
772555 0 -1
772590 4 -1
772748 3 1
772864 0 1
772872 10 -1
772980 8 -1
773098 1 1
773185 0 1
773237 2 1
773366 9 -1
773388 17 1
773444 0 1
773454 1 -1
773495 5 1
773501 3 -1
773553 4 1
773713 2 -1
773744 0 1
773828 6 1
773963 3 1
774005 1 -1
774146 2 1
774277 0 -1
774398 11 1
774460 7 -1
774597 0 -1
774609 1 -1
774646 4 -1
774651 3 1
774721 12 1
774834 0 -1
774850 2 1
774860 5 -1
774972 1 -1
775118 3 -1
775172 6 1
775174 0 1
775307 2 1
775331 4 1
775384 0 -1
775520 1 -1
775564 3 -1
775634 0 -1
775785 5 -1
775879 7 -1
775879 1 1
775935 8 1
775968 0 1
776021 2 1
776172 6 -1
776180 0 1
776254 1 1
776290 13 -1
776310 4 -1
776344 3 -1
776355 9 1
776591 0 1
776720 2 1
776778 1 -1
776790 3 -1
776887 10 1
776935 0 -1
777096 4 1
777153 1 1
777177 0 -1
777182 5 -1
777215 2 -1
777381 0 -1
777478 3 -1
777612 0 -1
777677 2 -1
777697 1 -1
777795 8 1
777830 4 1
777838 6 1
777952 0 1
778152 2 1
778160 9 -1
778201 7 1
778203 3 1
778269 1 1
778511 0 1
778580 5 1
778622 1 -1
778708 3 -1
778843 2 -1
778870 0 1
778880 6 1
778894 4 -1
779007 1 -1
779098 3 -1
779098 0 -1
779106 12 1
779319 0 1
779374 1 -1
779504 3 1
779520 5 1
779542 2 -1
779590 0 -1
779644 7 -1
779668 4 -1
779837 10 -1
779848 8 1
779914 1 -1
779974 0 1
780009 2 -1
780052 6 1
780106 3 1
780224 15 -1
780291 0 1
780332 11 -1
780332 9 -1
780428 5 1
780484 1 -1
780625 0 1
780708 2 -1
780724 3 1
780724 4 -1
780831 1 1
780985 0 -1
781071 7 -1
781205 0 -1
781251 3 1
781364 6 -1
781405 1 -1
781417 5 -1
781420 2 -1
781433 0 1
781772 13 -1
781784 1 -1
781799 0 1
781857 4 -1
781896 2 1
782003 3 -1
782105 0 -1
782161 1 -1
782224 6 1
782428 9 1
782444 0 -1
782581 2 -1
782614 4 1
782691 3 -1
782718 8 1
782719 1 -1
782848 0 1
782852 5 -1
783102 1 -1
783133 0 1
783142 7 -1
783153 3 1
783288 2 -1
783336 4 -1
783352 0 -1
783652 1 -1
783656 0 -1
783744 2 -1
783890 6 1
783933 10 -1
783943 3 -1
784008 14 1
784021 0 1
784102 4 -1
784201 1 -1
784287 5 -1
784454 2 -1
784467 0 -1
784545 3 -1
784594 1 -1
784610 7 1
784680 0 1
784739 8 1
784932 2 -1
784935 3 -1
784960 1 1
785034 0 -1
785045 6 -1
785169 9 -1
785212 5 -1
785230 4 -1
785263 0 1
785315 1 -1
785408 2 1
785496 0 1
785537 3 -1
785814 12 1
785846 6 1
785896 1 1
785942 3 1
785998 0 1
786098 2 -1
786303 4 -1
786332 0 -1
786351 3 -1
786468 1 -1
786569 0 -1
786577 2 1
786620 5 -1
786738 6 -1
786825 1 -1
786867 7 -1
786888 0 -1
786953 3 1
786996 4 -1
787243 0 -1
787286 2 1
787318 16 -1
787356 3 -1
787379 1 -1
787458 0 1
787544 5 -1
787684 8 -1
787754 1 -1
787770 6 -1
787867 10 1
787895 0 -1
787958 3 -1
787996 2 1
788060 4 -1
788121 1 1
788246 0 -1
788318 9 1
788329 11 1
788471 2 -1
788538 0 -1
788576 5 -1
788651 1 1
788673 3 -1
788745 4 1
788842 7 -1
788880 0 -1
788934 2 -1
789040 1 1
789119 3 -1
789130 0 -1
789167 15 -1
789369 0 -1
789409 2 1
789471 4 1
789576 1 1
789581 3 1
789662 6 -1
789877 0 1
789946 5 1
790049 3 -1
790065 2 1
790150 1 -1
790178 9 -1
790205 7 1
790484 0 1
790495 1 1
790535 4 1
790565 8 -1
790737 3 -1
790780 2 1
790817 10 -1
790831 0 -1
790852 1 -1
790855 5 1
791072 0 -1
791156 4 1
791199 6 -1
791236 1 -1
791253 2 -1
791293 0 1
791494 3 1
791597 0 1
791623 7 1
791781 1 -1
791903 0 -1
791935 3 1
791940 2 1
792026 6 1
792263 11 -1
792263 14 1
792268 5 1
792309 4 -1
792353 1 1
792424 2 -1
792473 0 1
792553 3 1
792607 8 -1
792696 1 1
792929 2 1
792962 3 -1
792994 13 1
793021 0 1
793034 7 1
793123 9 -1
793252 1 1
793306 0 1
793351 3 -1
793429 4 1
793510 6 1
793607 1 -1
793612 2 -1
793633 0 1
793703 5 1
793897 17 -1
793961 0 1
793994 1 -1
794069 3 -1
794069 12 1
794090 2 1
794139 4 1
794230 0 1
794515 3 -1
794566 1 1
794595 5 1
794671 0 1
794692 8 -1
794778 2 -1
794840 4 1
794923 1 -1
795025 10 1
795036 6 1
795197 9 1
795259 0 -1
795294 3 -1
795300 7 -1
795477 2 -1
795493 1 1
795520 5 1
795574 4 1
795845 0 1
795939 6 1
795953 2 1
795982 3 -1
796029 1 1
796175 11 1
796416 1 1
796428 3 -1
796444 0 1
796503 5 -1
796659 8 1
796665 2 1
796678 4 -1
796987 0 1
796988 1 -1
797100 9 1
797116 3 -1
797358 2 -1
797412 6 -1
797452 7 1
797553 0 1
797591 1 -1
797742 4 1
797834 2 1
797858 0 1
797885 3 -1
797885 5 1
797948 1 1
798102 0 1
798331 3 -1
798419 4 -1
798512 1 -1
798514 2 -1
798659 0 1
798879 7 1
798906 6 1
799019 3 -1
799027 0 1
799085 1 1
799153 10 -1
799242 2 1
799250 0 -1
799336 5 1
799439 1 -1
799508 8 1
799580 4 1
799596 0 -1
799701 2 1
799820 3 1
799824 1 -1
799828 0 1
799830 6 -1
800051 0 -1
800169 1 1
800174 2 1
800228 3 -1
800287 5 -1
800303 9 -1
800306 4 1
800405 0 -1
800518 14 1
800618 3 -1
800639 2 1
800647 0 -1
800743 1 -1
800927 7 1
800970 0 -1
801015 4 -1
801023 3 1
801104 6 -1
801281 1 -1
801324 0 -1
801346 2 1
801546 0 1
801625 3 1
801656 1 1
801668 5 1
801851 0 1
801878 6 -1
801959 10 -1
802015 4 1
802055 2 1
802104 0 1
802217 9 -1
802253 1 1
802329 3 -1
802418 7 1
802432 8 1
802453 12 1
802453 0 -1
802512 2 1
802624 1 -1
802748 4 1
802792 3 1
802915 6 1
802986 1 -1
803007 0 1
803173 5 -1
803240 2 -1
803340 0 1
803555 3 -1
803575 1 -1
803583 0 1
803703 2 -1
803821 4 -1
803893 7 1
803907 0 -1
803934 1 1
804017 3 1
804065 5 -1
804178 2 1
804216 13 -1
804248 6 1
804345 8 -1
804388 11 1
804428 0 -1
804478 1 -1
804484 3 -1
804872 2 -1
804901 4 -1
804936 0 1
805026 1 -1
805054 9 -1
805261 3 -1
805275 0 -1
805312 2 -1
805339 6 -1
805377 1 1
805489 5 -1
805496 0 1
805667 3 1
805667 4 1
805721 0 -1
805764 1 1
805962 0 -1
806022 2 -1
806102 7 -1
806126 1 -1
806285 3 1
806320 0 -1
806344 10 -1
806348 4 -1
806624 12 -1
806645 0 -1
806695 1 1
806710 2 1
806742 6 1
806795 15 1
806876 0 -1
806887 3 1
806914 5 1
807074 4 -1
807185 2 -1
807204 8 -1
807223 0 1
807227 1 1
807279 3 1
807432 0 -1
807553 7 -1
807557 1 -1
807661 2 1
807677 0 -1
807682 3 -1
807811 5 1
807956 9 -1
808005 0 1
808091 3 1
808097 1 -1
808128 2 1
808150 4 -1
808228 0 -1
808279 6 -1
808460 1 -1
808576 0 1
808816 3 -1
808823 1 1
808848 2 1
808924 0 -1
809096 6 -1
809166 5 -1
809166 0 -1
809206 4 -1
809363 1 1
809377 0 1
809504 3 -1
809558 2 1
809606 0 1
809633 16 -1
809665 7 1
809750 1 1
809891 9 1
809950 3 -1
809953 0 -1
809980 4 -1
810015 2 1
810111 5 -1
810149 8 1
810171 6 -1
810181 10 -1
810286 0 1
810312 1 -1
810532 0 1
810574 3 -1
810711 2 1
810850 0 1
810880 12 1
810895 1 1
810966 5 1
810982 3 1
811084 0 1
811133 4 1
811176 2 1
811224 6 1
811262 1 1
811313 0 -1
811374 3 1
811620 1 -1
811649 2 -1
811673 0 -1
811675 9 -1
811761 7 -1
811902 0 1
811976 3 1
812007 1 -1
812191 8 -1
812201 4 -1
812232 0 -1
812320 11 -1
812337 2 1
812379 3 -1
812396 5 1
812576 1 -1
812580 0 1
812783 0 -1
812815 2 -1
812958 4 -1
812981 3 -1
813027 0 -1
813051 6 -1
813132 10 1
813134 1 1
813253 0 1
813293 7 1
813352 5 -1
813489 1 -1
813524 2 -1
813556 9 -1
813583 0 -1
813602 3 -1
813930 0 1
813994 4 1
814008 3 1
814029 1 -1
814153 0 -1
814212 2 1
814394 1 -1
814416 3 -1
814427 6 1
814516 0 -1
814685 5 -1
814688 2 -1
814731 0 1
814776 1 1
814806 3 -1
814954 0 -1
815067 4 1
815163 2 1
815201 8 1
815308 6 1
815309 0 -1
815353 1 1
815448 3 1
815502 13 1
815510 7 -1
815525 0 1
815631 2 1
815716 1 -1
815808 4 1
815825 17 1
815873 0 -1
815970 10 1
816066 3 1
816088 5 -1
816203 0 1
816288 1 1
816330 2 1
816432 0 -1
816448 9 -1
816459 3 1
816588 6 1
816660 0 -1
816804 1 -1
816813 14 1
816910 0 -1
816969 4 1
816991 5 -1
817039 2 1
817061 3 1
817181 1 -1
817257 0 1
817329 12 1
817464 3 -1
817496 2 1
817562 1 -1
817587 0 -1
817630 7 1
817663 4 1
817809 0 1
817813 6 1
817872 3 1
817904 1 1
817937 5 -1
818071 8 1
818138 0 -1
818211 2 1
818404 4 1
818467 1 -1
818479 3 1
818486 0 1
818549 10 -1
818686 2 -1
818694 6 1
818716 0 1
818861 5 -1
818888 3 -1
818936 7 -1
819021 1 -1
819057 0 -1
819167 2 -1
819243 9 -1
819407 0 1
819416 1 -1
819490 3 -1
819505 4 -1
819635 0 -1
819866 2 -1
819984 1 1
819990 0 -1
819995 8 -1
820049 6 1
820081 11 -1
820135 3 -1
820197 0 1
820215 5 1
820218 4 1
820342 2 1
820442 0 1
820545 1 -1
820581 3 -1
820761 0 1
820915 1 -1
820919 7 1
820962 6 1
820995 0 1
821030 2 -1
821043 3 1
821210 9 -1
821242 13 -1
821341 0 -1
821371 4 1
821472 1 1
821511 3 -1
821554 5 1
821607 12 -1
821661 0 -1
821731 2 -1
821903 0 -1
821992 1 -1
822142 0 -1
822198 3 -1
822199 2 -1
822362 0 1
822366 1 1
822387 4 1
822392 6 1
822478 5 1
822672 2 1
822720 0 1
822854 10 1
822911 1 1
822954 3 -1
822962 8 1
823040 0 1
823088 4 1
823112 7 -1
823147 2 -1
823287 0 1
823310 1 -1
823359 3 1
823660 0 -1
823668 1 1
823838 2 1
823854 4 1
823897 6 1
823910 0 -1
823934 5 -1
823950 11 1
823977 3 1
824015 9 -1
824170 1 1
824217 0 -1
824338 15 -1
824509 1 -1
824542 2 1
824579 3 1
824587 4 1
824612 7 1
824768 8 1
824797 0 1
824810 5 1
824875 6 1
824972 3 1
824999 2 1
825055 1 -1
825146 0 -1
825371 0 1
825609 3 -1
825623 1 1
825660 4 1
825708 0 -1
825708 2 1
825713 5 1
825853 7 1
825930 0 1
825974 1 -1
825993 9 -1
826004 6 1
826172 0 1
826210 3 -1
826353 1 1
826423 2 -1
826514 0 -1
826616 3 1
826708 1 1
826724 13 -1
826724 8 -1
826737 0 1
826772 4 -1
826896 2 1
826928 6 -1
827073 0 -1
827111 10 -1
827121 5 1
827218 3 1
827256 7 -1
827280 1 -1
827420 0 1
827519 12 -1
827534 4 -1
827597 2 1
827627 3 -1
827656 0 1
827832 1 -1
827895 0 1
827928 9 -1
828016 3 -1
828024 5 -1
828056 11 1
828124 0 -1
828207 1 1
828288 2 -1
828454 0 1
828572 6 -1
828598 4 -1
828632 3 -1
828766 2 1
828780 1 1
828801 0 -1
829021 0 1
829040 3 1
829154 1 1
829287 4 1
829363 0 -1
829449 7 -1
829454 5 -1
829476 2 1
829521 1 -1
829594 0 -1
829642 3 1
829669 8 1
829798 0 -1
829932 2 1
829948 10 1
830053 4 -1
830061 1 -1
830153 0 -1
830196 6 1
830271 3 1
830394 0 -1
830411 2 -1
830420 1 -1
830674 3 -1
830741 0 1
830744 9 -1
830894 5 -1
830984 1 1
831077 0 -1
831082 3 1
831088 2 1
831194 4 -1
831265 6 -1
831300 0 1
831367 7 1
831475 3 1
831523 0 -1
831541 1 -1
831550 2 1
831582 8 -1
831754 0 -1
831883 5 1
831891 1 1
831907 4 1
831948 16 1
832077 3 1
832094 0 1
832254 2 1
832262 1 1
832429 0 -1
832550 6 1
832617 1 -1
832653 0 1
832657 9 -1
832743 3 -1
832786 5 1
832802 7 1
832969 2 1
833001 0 -1
833020 4 -1
833173 1 -1
833189 3 -1
833307 6 1
833324 14 1
833356 0 -1
833409 12 1
833442 2 -1
833598 0 -1
833753 5 -1
833756 1 -1
833877 3 -1
833917 2 1
833926 0 1
834100 1 -1
834140 4 1
834272 0 -1
834323 6 1
834334 10 -1
834339 3 1
834377 2 1
834484 0 1
834485 8 -1
834660 1 1
834807 3 -1
834831 0 -1
834866 4 1
834914 7 1
835045 1 -1
835055 0 1
835081 2 1
835172 5 1
835269 0 -1
835370 1 -1
835495 9 -1
835551 4 1
835554 3 -1
835624 0 -1
835656 6 -1
835769 2 -1
835817 11 1
835856 0 1
835958 1 1
835962 3 1
836204 0 -1
836236 7 -1
836244 4 -1
836258 2 1
836365 1 -1
836529 0 1
836548 18 -1
836580 3 1
836591 5 1
836771 0 1
836806 6 -1
836900 1 -1
836957 2 -1
837008 0 1
837150 12 1
837182 3 1
837207 0 1
837236 10 -1
837309 4 -1
837432 1 -1
837432 2 1
837505 5 1
837567 0 1
837591 3 -1
837623 8 -1
837800 7 1
837804 1 1
837882 0 1
837894 2 1
837945 13 1
837980 3 -1
838124 0 1
838150 6 1
838173 1 1
838246 9 1
838365 4 -1
838386 3 1
838472 0 -1
838530 1 1
838601 2 1
838711 0 -1
838953 0 -1
838988 5 -1
839058 2 1
839086 1 1
839106 4 -1
839117 3 -1
839273 0 -1
839504 0 -1
839536 8 1
839558 6 -1
839626 1 1
839767 2 1
839805 3 -1
839832 0 -1
839880 5 -1
839993 7 -1
840013 1 -1
840098 4 1
840106 10 -1
840181 9 1
840184 0 -1
840251 3 -1
840410 0 1
840496 2 -1
840541 1 1
840616 6 1
840633 0 1
840787 4 -1
840853 5 1
840861 0 -1
840864 3 -1
840916 1 -1
840958 2 -1
841020 31 -1
841210 0 1
841272 3 1
841287 1 -1
841385 2 1
841406 6 1
841428 7 -1
841471 8 -1
841484 4 1
841568 0 1
841664 3 1
841788 0 -1
841839 1 1
841861 2 -1
841922 12 -1
842116 9 -1
842128 0 1
842194 1 -1
842266 3 1
842315 5 1
842320 6 -1
842352 0 -1
842563 0 1
842568 2 -1
842569 4 -1
842670 3 -1
842750 1 1
842911 0 -1
843140 0 -1
843180 5 -1
843266 4 1
843277 2 -1
843300 1 1
843411 7 1
843438 3 -1
843449 8 1
843478 0 1
843657 1 -1
843752 2 1
843793 11 -1
843836 0 1
843965 9 1
844013 6 -1
844064 0 -1
844185 3 1
844225 1 1
844282 10 1
844289 0 1
844403 4 -1
844440 2 -1
844513 0 -1
844529 5 1
844653 3 -1
844792 1 -1
844860 0 -1
844932 2 1
845099 3 -1
845120 1 -1
845208 0 1
845394 6 1
845397 2 1
845424 0 -1
845531 4 1
845561 3 1
845693 7 1
845709 1 -1
845822 0 1
845921 5 -1
846039 0 -1
846104 2 1
846168 3 1
846179 12 1
846241 1 1
846268 0 -1
846276 8 1
846297 4 -1
846501 6 -1
846555 2 1
846616 0 1
846620 1 1
846695 15 1
846813 5 -1
846846 9 1
846859 0 1
846867 3 -1
846991 10 1
846995 1 1
847055 4 -1
847152 7 1
847203 0 -1
847265 2 1
847313 3 -1
847349 1 -1
847523 0 -1
847759 5 -1
847764 0 -1
847805 4 1
847877 16 1
847890 1 -1
847966 2 1
848001 3 -1
848017 6 -1
848127 0 -1
848431 2 1
848442 1 -1
848458 17 1
848463 3 1
848530 7 -1
848555 0 1
848726 5 1
848778 0 1
848796 1 1
848904 2 -1
848931 3 -1
848946 4 -1
849044 6 -1
849106 0 -1
849146 8 1
849167 13 -1
849345 1 1
849372 2 -1
849533 14 -1
849632 0 -1
849732 3 -1
849732 1 1
849791 9 1
849855 6 1
849941 0 -1
849945 4 1
850070 2 -1
850081 5 -1
850102 7 1
850122 1 1
850194 3 1
850204 0 -1
850618 4 -1
850679 1 1
850780 2 -1
850839 0 -1
850882 3 1
850909 10 -1
851040 1 1
851059 8 -1
851193 0 -1
851236 6 -1
851255 2 1
851457 5 1
851476 0 -1
851580 1 1
851596 11 -1
851639 3 1
851736 9 1
851771 4 -1
851889 0 1
851967 2 -1
851983 12 -1
852042 3 -1
852142 1 1
852182 7 1
852212 0 -1
852252 6 -1
852360 5 1
852419 2 -1
852501 1 -1
852508 0 1
852529 4 -1
852644 3 -1
852851 1 1
852881 2 -1
853083 0 1
853226 1 1
853238 4 -1
853246 3 -1
853470 0 -1
853596 2 -1
853655 3 1
853741 0 1
853779 1 -1
853816 5 1
853843 6 -1
854015 8 1
854069 2 1
854133 0 1
854257 3 1
854298 4 -1
854331 1 1
854335 7 -1
854424 0 -1
854585 9 1
854703 0 1
854714 1 -1
854724 5 1
854770 2 1
854875 3 1
854976 4 1
855176 6 -1
855248 0 1
855258 1 -1
855283 3 -1
855439 10 1
855480 2 1
855625 7 1
855673 3 -1
855713 5 -1
855810 1 -1
855897 0 1
855944 2 1
856047 8 -1
856092 4 -1
856100 3 1
856185 1 -1
856401 6 1
856493 0 -1
856606 9 1
856649 2 1
856757 1 1
856847 3 -1
857019 0 1
857124 4 -1
857154 5 -1
857294 1 1
857326 2 -1
857393 0 1
857616 3 -1
857616 14 -1
857654 0 -1
857688 1 -1
857753 4 -1
857783 2 -1
857890 7 -1
857990 0 -1
858062 3 -1
858067 5 -1
858089 8 1
858100 10 -1
858245 1 -1
858433 6 1
858511 2 1
858530 9 1
858585 0 1
858612 1 1
858750 3 -1
858871 0 1
858894 4 -1
858958 1 -1
859191 0 1
859196 7 1
859199 2 -1
859212 3 1
859379 11 -1
859475 5 1
859531 1 1
859551 17 1
859674 2 1
859680 3 -1
859728 6 1
859744 0 1
859766 15 -1
859885 1 -1
859897 4 1
860096 0 -1
860155 2 -1
860317 0 1
860434 1 -1
860438 3 1
860615 13 -1
860615 7 1
860647 2 -1
860650 0 -1
860655 4 1
860669 12 1
860679 6 1
860841 10 -1
860894 5 1
860897 0 -1
860905 3 -1
860927 8 1
860986 1 1
861093 0 -1
861330 2 1
861344 1 -1
861443 9 1
861448 0 -1
861593 3 -1
861670 0 1
861721 1 -1
861727 4 -1
861851 5 -1
862034 2 1
862078 1 1
862088 0 -1
862173 6 -1
862337 3 -1
862454 0 1
862509 2 -1
862630 7 1
862640 1 -1
862700 0 1
862743 3 1
862808 4 -1
862840 8 -1
862964 0 1
863152 3 -1
863183 1 -1
863200 2 1
863230 0 1
863334 9 1
863356 5 1
863452 4 -1
863541 3 -1
863559 1 -1
863571 6 -1
863614 0 1
863673 2 -1
863775 10 1
863977 7 -1
864009 0 -1
864110 1 -1
864141 2 -1
864143 3 -1
864263 4 1
864318 0 -1
864463 6 -1
864468 1 1
864667 5 1
864772 0 1
864839 2 -1
864859 1 -1
864904 3 -1
865033 4 1
865281 0 1
865315 2 1
865350 3 -1
865404 6 -1
865420 1 -1
865652 0 1
865667 5 -1
865807 8 1
865815 1 -1
865871 14 -1
865922 0 -1
865992 7 -1
866024 2 1
866118 3 -1
866161 13 -1
866177 4 1
866247 6 1
866261 0 1
866355 9 1
866403 1 -1
866564 3 -1
866602 0 -1
866712 2 -1
866833 0 -1
866960 1 -1
867027 3 1
867037 0 -1
867080 5 -1
867177 2 -1
867279 0 -1
867306 4 -1
867330 1 1
867419 11 1
867634 0 -1
867650 2 -1
867688 6 -1
867784 3 -1
867866 1 -1
867985 0 1
868072 7 -1
868080 4 1
868128 2 1
868174 3 -1
868249 0 1
868290 10 1
868408 5 -1
868439 1 1
868634 8 1
868693 0 1
868776 3 -1
868822 1 1
868838 2 1
868897 0 1
869068 4 -1
869117 6 -1
869171 0 1
869182 9 1
869359 5 1
869378 3 -1
869380 1 -1
869467 7 -1
869539 2 1
869757 0 -1
869777 4 -1
869784 3 1
869897 6 -1
869938 1 -1
869999 16 1
870001 2 1
870165 0 -1
870192 3 -1
870214 12 1
870283 5 1
870309 1 1
870394 0 -1
870502 4 -1
870568 8 -1
870582 3 -1
870676 1 1
870719 2 1
870740 7 -1
870742 0 1
870977 0 1
871063 1 1
871149 5 -1
871160 9 1
871186 2 -1
871197 3 -1
871259 0 -1
871288 6 1
871538 4 -1
871567 1 -1
871654 2 -1
871799 3 -1
871839 0 -1
871869 13 1
872099 1 1
872159 7 -1
872224 6 -1
872232 4 -1
872304 3 -1
872331 2 1
872385 10 1
872404 0 1
872428 8 -1
872470 1 -1
872589 5 -1
872804 2 -1
872974 0 -1
872992 3 -1
873010 1 -1
873180 9 1
873202 6 -1
873268 4 -1
873293 0 -1
873366 1 -1
873454 3 1
873492 2 1
873508 0 -1
873739 1 -1
873863 0 -1
873922 3 -1
873954 5 1
874105 0 -1
874196 2 1
874288 7 -1
874296 1 -1
874384 4 1
874438 8 -1
874468 0 -1
874567 6 1
874610 3 -1
874674 2 -1
874685 1 -1
874728 12 1
874817 0 1
874857 5 1
874997 10 -1
875040 9 1
875051 0 1
875131 2 -1
875150 4 -1
875174 3 1
875243 1 -1
875309 0 1
875502 6 -1
875556 0 -1
875609 11 1
875610 2 1
875776 3 1
875787 1 -1
875876 4 -1
875881 0 1
876176 1 -1
876238 0 -1
876265 5 1
876341 2 1
876394 3 1
876456 0 1
876533 1 -1
876561 7 -1
876617 4 1
876781 6 1
876797 3 -1
876845 1 -1
876848 0 -1
877042 2 1
877168 0 1
877190 5 1
877192 3 -1
877319 8 -1
877385 1 -1
877432 0 1
877493 2 1
877700 3 -1
877730 4 1
877813 0 -1
877925 1 -1
877940 7 1
878007 9 1
878052 0 1
878157 6 1
878206 2 1
878238 5 1
878272 1 1
878388 3 -1
878477 0 -1
878662 2 1
878790 4 1
878836 1 -1
878861 0 1
879092 6 1
879119 2 1
879167 3 -1
879174 0 1
879177 1 -1
879329 12 1
879366 10 -1
879479 0 -1
879552 1 1
879564 4 -1
879614 3 -1
879662 5 1
879751 0 1
879847 2 -1
880003 7 -1
880027 6 1
880074 1 -1
880100 0 1
880156 8 -1
880301 3 -1
880310 2 -1
880410 0 1
880447 1 1
880565 5 1
880608 4 -1
880664 0 -1
880812 6 1
880989 3 -1
881003 1 1
881011 2 -1
881019 0 1
881113 9 1
881390 7 1
881436 0 -1
881452 3 1
881559 1 -1
881644 4 -1
881699 2 1
881707 0 -1
881922 1 1
881941 5 -1
882016 8 -1
882027 10 1
882051 0 -1
882177 6 -1
882177 2 -1
882204 3 -1
882289 1 1
882381 14 -1
882399 0 1
882402 4 -1
882446 13 -1
882623 0 1
882648 1 -1
882650 2 -1
882811 15 1
882841 7 1
882854 9 -1
882892 3 -1
883040 0 -1
883123 2 -1
883196 1 1
883282 0 1
883349 5 1
883456 11 1
883467 3 -1
883482 4 1
883596 6 1
883601 0 -1
883756 1 -1
883822 2 -1
883958 0 1
884069 3 -1
884095 1 -1
884185 0 -1
884273 5 1
884459 3 -1
884477 4 -1
884510 6 -1
884526 2 -1
884542 0 -1
884659 1 -1
884864 3 1
884865 0 -1
884897 10 1
884961 8 1
884988 2 -1
885010 7 -1
885030 1 1
885098 0 -1
885203 4 1
885273 5 1
885324 0 1
885413 1 1
885466 3 1
885590 0 -1
885703 2 -1
885821 12 1
885864 6 1
885969 1 1
885977 3 1
885978 0 1
886192 5 1
886305 0 -1
886305 9 1
886320 4 1
886326 1 -1
886402 2 -1
886493 7 -1
886537 0 1
886665 3 1
886735 6 -1
886866 0 -1
886885 2 1
886898 1 1
886918 8 -1
887049 4 1
887194 0 -1
887428 3 -1
887430 1 1
887436 0 1
887509 5 1
887541 11 1
887589 2 1
887670 6 1
887678 4 1
887768 0 1
887791 1 1
887890 3 1
887987 0 -1
888172 1 -1
888250 2 1
888358 3 -1
888401 0 1
888537 1 1
888645 7 1
888726 2 -1
888738 4 1
888799 0 1
888831 8 1
888906 3 1
888944 5 1
888949 6 -1
889040 0 1
889041 10 -1
889093 1 -1
889306 0 -1
889411 9 1
889433 2 -1
889492 4 1
889508 3 1
889645 0 1
889645 1 1
889884 5 1
889890 2 -1
889959 6 -1
889996 1 -1
890032 0 -1
890126 3 1
890368 2 1
890381 0 1
890518 3 1
890552 1 -1
890588 4 1
890591 0 -1
890709 7 1
890989 0 -1
891077 2 1
891084 1 1
891120 3 1
891131 12 1
891292 6 -1
891314 5 1
891319 0 1
891483 1 -1
891523 3 -1
891561 2 -1
891596 0 -1
891604 11 1
891693 4 -1
891798 8 -1
891862 10 -1
891932 3 1
891988 0 -1
892009 1 -1
892072 7 -1
892184 9 1
892217 0 -1
892273 2 1
892303 5 -1
892418 4 -1
892521 1 -1
892550 0 1
892636 3 -1
892840 6 1
892894 1 1
892974 2 1
893069 0 1
893082 3 -1
893160 4 -1
893238 5 -1
893396 0 -1
893431 2 1
893446 1 1
893611 7 1
893689 0 1
893700 8 1
893732 13 1
893759 3 -1
893772 4 -1
893849 1 -1
893888 2 1
893915 6 -1
894036 0 -1
894208 1 1
894325 0 -1
894361 3 -1
894366 2 -1
894646 5 -1
894739 0 1
894753 6 1
894768 1 -1
894770 3 1
894861 7 1
894933 4 -1
894936 15 -1
895068 0 -1
895079 2 -1
895130 9 1
895153 1 -1
895345 0 -1
895371 3 1
895538 17 1
895629 5 1
895635 0 -1
895695 1 -1
895774 6 -1
895780 2 -1
895925 0 1
895973 3 1
896010 4 1
896119 10 1
896244 1 -1
896248 2 -1
896366 3 1
896366 0 1
896570 16 1
896622 1 -1
896667 8 -1
896771 4 1
896892 12 1
896933 0 -1
896952 2 -1
896968 3 1
896973 7 -1
896981 1 1
897000 5 -1
897086 6 1
897309 0 -1
897324 1 -1
897403 2 -1
897559 0 -1
897661 3 -1
897828 4 1
897882 2 1
897912 1 -1
897990 0 -1
898123 3 1
898225 9 1
898430 5 -1
898458 1 -1
898521 4 -1
898529 0 1
898537 6 -1
898591 3 -1
898591 2 1
898811 1 1
898849 14 -1
899037 0 -1
899048 2 1
899126 7 1
899134 3 1
899327 4 1
899351 1 1
899384 0 1
899456 6 -1
899461 5 -1
899515 8 -1
899601 11 -1
899607 0 -1
899736 3 1
899738 1 1
899762 2 1
899867 0 1
900087 1 -1
900112 0 -1
900182 10 -1
900327 4 -1
900332 5 1
900354 3 1
900461 2 1
900510 0 1
900633 9 -1
900657 1 1
900714 7 -1
900762 3 -1
900891 6 -1
900899 0 -1
900923 2 1
900996 1 1
901012 4 -1
901114 0 1
901289 5 -1
901364 3 -1
901472 0 1
901514 8 1
901562 1 -1
901627 2 1
901692 0 -1
901754 3 -1
901896 0 -1
901912 6 1
902149 1 1
902159 3 1
902165 4 1
902259 0 -1
902388 2 -1
902474 0 1
902520 1 -1
902713 7 -1
902724 5 -1
902767 3 1
902778 10 1
902842 2 -1
902847 6 -1
902882 0 1
902892 1 -1
903159 3 1
903239 1 1
903326 4 1
903397 0 1
903525 2 1
903624 0 -1
903643 8 1
903664 9 1
903779 1 1
903868 3 1
903877 0 1
904011 4 -1
904126 5 1
904159 6 1
904234 2 1
904337 1 -1
904462 0 -1
904551 3 1
904696 1 1
904710 2 -1
904841 0 1
904868 12 -1
905008 6 -1
905019 3 -1
905035 7 1
905067 4 -1
905083 13 -1
905088 5 -1
905172 2 -1
905174 0 1
905228 1 1
905465 3 -1
905556 8 1
905611 1 1
905613 0 1
905631 10 -1
905648 2 1
905793 9 -1
905905 0 1
905927 3 1
905954 1 -1
906147 4 -1
906233 0 1
906341 2 -1
906389 7 -1
906514 1 -1
906523 6 1
906534 5 -1
906599 0 -1
906712 3 1
906843 0 1
906857 4 -1
906885 1 1
907039 2 -1
907230 0 1
907340 3 -1
907448 11 -1
907453 1 -1
907496 5 1
907496 2 -1
907730 3 -1
907738 0 -1
907878 9 1
907932 6 -1
908014 1 1
908028 0 1
908034 4 -1
908206 2 -1
908345 3 -1
908348 7 1
908348 0 -1
908374 1 1
908437 5 1
908448 8 -1
908501 10 -1
908695 2 -1
908723 1 1
908894 6 -1
908920 0 -1
908947 3 -1
909102 4 1
909110 1 1
909160 2 1
909318 12 -1
909453 0 -1
909485 3 -1
909650 1 1
909716 6 1
909799 4 -1
909823 5 -1
909850 2 -1
910024 0 1
910173 3 -1
910235 1 -1
910256 0 -1
910329 2 1
910468 7 1
910501 4 1
910556 0 1
910565 13 -1
910599 1 -1
910726 6 1
910769 5 1
910861 3 -1
911027 9 1
911038 2 1
911081 0 1
911158 1 -1
911178 4 -1
911323 3 1
911414 8 1
911528 1 1
911664 0 -1
911740 2 1
911911 1 1
911920 7 1
912011 3 1
912202 2 1
912210 5 1
912242 6 -1
912262 4 1
912301 0 -1
912468 1 1
912478 3 -1
912564 10 -1
912624 0 1
912685 2 -1
912822 1 -1
912823 17 -1
912895 0 1
912924 3 -1
913123 9 -1
913161 2 1
913279 0 1
913295 8 1
913338 4 1
913407 1 -1
913575 6 1
913586 0 -1
913688 5 -1
913693 3 -1
913817 2 1
913923 1 1
913951 7 1
913983 12 1
914010 0 1
914132 4 -1
914139 3 -1
914290 1 -1
914408 0 1
914531 5 1
914532 2 1
914564 6 1
914699 0 1
914914 1 1
914940 3 1
915004 2 -1
915144 15 1
915160 0 -1
915233 4 1
915241 7 -1
915359 14 -1
915424 11 1
915455 1 1
915536 5 -1
915542 3 1
915692 2 1
915725 0 -1
915801 1 -1
915910 4 -1
915950 3 -1
916109 0 1
916155 8 1
916240 13 1
916313 1 1
916340 3 -1
916348 0 1
916359 6 -1
916396 2 1
916445 9 1
916531 5 1
916539 7 1
916644 4 -1
916666 0 1
916746 3 1
916821 10 1
916861 1 1
916875 2 -1
916891 0 -1
917135 0 -1
917236 1 -1
917450 3 -1
917479 0 1
917584 2 -1
917607 1 -1
917708 6 1
917724 4 1
917767 0 1
917853 16 -1
917885 5 -1
917986 1 -1
918081 0 1
918138 3 -1
918197 8 1
918272 2 1
918425 4 1
918433 0 1
918548 1 1
918600 3 1
918656 0 -1
918659 7 -1
918680 6 1
918756 2 -1
918898 0 -1
919117 0 1
919121 1 -1
919213 5 -1
919363 3 -1
919401 11 -1
919446 0 -1
919457 2 1
919473 4 1
919481 10 1
919518 1 -1
919659 9 1
919788 0 -1
919825 3 1
919933 2 -1
920046 0 1
920062 7 -1
920074 1 -1
920094 6 -1
920110 8 -1
920180 5 1
920382 3 -1
920400 2 -1
920437 1 -1
920449 0 -1
920646 4 1
920699 0 1
920814 1 -1
920930 0 -1
920983 3 -1
921099 2 -1
921287 0 1
921354 1 -1
921389 3 1
921420 4 -1
921486 6 -1
921497 5 1
921536 0 1
921575 2 1
921702 1 1
921884 0 -1
921916 9 1
922007 3 1
922085 4 -1
922206 0 -1
922259 1 1
922265 2 -1
922279 7 1
922400 6 1
922435 0 -1
922609 3 1
922779 4 1
922783 0 1
922807 1 1
922948 5 1
922969 12 1
922991 8 -1
922996 2 1
923002 3 1
923178 1 -1
923270 11 1
923346 0 1
923405 3 -1
923453 2 1
923577 1 -1
923614 14 -1
923786 10 -1
923813 3 1
923835 5 1
923872 6 1
923907 2 1
923919 4 1
923931 1 1
923937 0 1
924098 9 1
924367 2 1
924431 7 1
924492 1 -1
924517 3 -1
924587 0 -1
924775 6 1
924861 0 1
924939 4 -1
925032 1 -1
925065 2 1
925130 8 1
925143 0 1
925178 3 1
925189 5 -1
925378 1 1
925471 0 -1
925587 3 -1
925665 4 -1
925689 7 1
925737 0 1
925753 6 1
925775 2 1
925941 1 -1
926173 0 1
926173 9 -1
926189 3 -1
926232 2 1
926285 1 -1
926398 10 1
926500 0 1
926570 5 1
926597 3 1
926688 1 1
926729 4 -1
926750 0 -1
926946 2 1
926989 3 1
927067 0 -1
927172 7 1
927208 1 -1
927215 6 1
927374 0 -1
927414 4 1
927419 2 -1
927527 13 -1
927538 5 1
927575 1 1
927634 3 -1
927822 0 -1
927895 2 1
928086 8 1
928132 1 1
928148 4 1
928150 3 -1
928333 6 -1
928379 0 1
928462 7 -1
928613 2 -1
928672 1 1
928715 0 1
928838 3 -1
928956 5 1
929029 0 -1
929059 1 1
929064 2 -1
929107 10 1
929172 9 1
929241 0 1
929260 4 -1
929401 1 -1
929497 0 1
929585 3 1
929776 2 -1
929780 1 -1
929900 0 -1
929918 5 -1
929937 4 1
929999 6 -1
930053 3 -1
930332 1 -1
930448 0 -1
930478 2 -1
930488 3 -1
930639 7 1
930897 3 1
930897 1 1
930907 5 1
930945 2 -1
930945 8 1
931036 0 -1
931042 4 -1
931231 1 1
931246 11 -1
931418 2 1
931499 3 1
931504 6 -1
931633 0 1
931800 1 1
931869 14 -1
931894 2 -1
931982 0 1
932162 1 -1
932170 3 -1
932211 4 -1
932259 0 -1
932278 5 -1
932396 6 -1
932471 15 -1
932472 9 1
932505 1 -1
932584 2 1
932616 3 -1
932633 0 -1
932686 7 1
932884 4 1
932978 0 1
932998 8 1
933065 1 -1
933251 0 -1
933267 5 1
933288 2 1
933304 3 -1
933364 10 -1
933416 1 1
933460 12 1
933492 6 1
933538 0 -1
933605 4 -1
933745 2 1
933767 3 1
933804 0 -1
933952 7 -1
933978 1 -1
934202 0 1
934234 3 -1
934335 4 -1
934465 2 1
934471 9 -1
934537 1 1
934557 6 -1
934648 5 -1
934750 16 -1
934793 0 1
934867 1 1
934933 2 1
935019 3 -1
935140 0 -1
935268 1 -1
935322 4 1
935352 0 1
935390 2 1
935497 3 1
935581 0 -1
935625 1 1
935817 0 -1
935847 8 1
935984 7 -1
936062 5 -1
936099 2 1
936137 0 -1
936181 1 -1
936201 10 -1
936234 6 -1
936266 3 1
936362 4 1
936492 0 -1
936572 2 -1
936737 1 1
936784 0 1
936868 3 1
937072 4 1
937072 5 1
937076 1 1
937193 0 -1
937271 3 -1
937282 2 -1
937435 0 1
937628 7 -1
937632 1 1
937725 0 1
937781 6 -1
937857 9 1
937873 3 -1
937970 2 1
938023 5 -1
938128 4 1
938176 1 1
938279 0 1
938459 2 -1
938475 3 -1
938555 1 1
938620 0 1
938749 13 1
938803 8 -1
938878 0 1
938883 3 1
938894 4 1
938910 5 -1
938921 6 1
938932 2 1
939007 11 -1
939120 7 -1
939124 1 -1
939308 0 -1
939383 2 1
939485 3 1
939628 0 1
939672 4 -1
939694 1 1
939802 9 1
939891 0 1
940055 1 1
940084 2 1
940103 3 1
940114 6 1
940329 10 -1
940366 5 -1
940512 3 -1
940512 12 1
940541 0 1
940611 1 -1
940662 8 -1
940772 2 -1
940804 4 1
940893 0 -1
940978 1 -1
941017 3 -1
941114 6 1
941140 0 -1
941175 7 -1
941248 2 1
941357 1 -1
941463 3 -1
941474 4 -1
941476 0 1
941748 5 1
941756 0 -1
941909 1 1
941936 2 -1
941984 9 1
941992 0 -1
942006 6 -1
942102 17 1
942151 3 -1
942260 1 -1
942331 0 1
942414 2 1
942506 7 1
942538 4 -1
942565 0 1
942683 5 1
942816 1 -1
942876 2 1
942890 0 1
942914 3 -1
943215 0 -1
943333 3 1
943360 1 -1
943426 0 1
943500 8 -1
943580 2 1
943602 4 1
943701 0 -1
943715 1 1
943720 6 -1
943935 3 1
943959 0 1
944026 5 -1
944075 2 -1
944086 1 1
944199 10 -1
944275 4 -1
944327 3 1
944399 0 1
944469 1 1
944497 7 1
944704 6 -1
944730 3 -1
944763 2 1
944833 11 1
944897 12 -1
944956 0 -1
944983 5 1
944989 1 1
945029 4 -1
945198 9 1
945327 0 -1
945351 3 -1
945467 2 1
945577 1 1
945617 0 -1
945674 4 1
945757 3 1
945912 1 1
945924 2 1
945940 5 -1
945945 0 1
946262 0 1
946273 6 1
946380 3 1
946482 1 1
946510 8 1
946628 0 1
946652 2 -1
946653 4 -1
946698 7 -1
946778 10 1
946837 1 -1
946982 3 1
947169 1 -1
947198 0 1
947284 9 -1
947343 2 1
947348 5 1
947386 3 -1
947525 0 -1
947705 4 -1
947717 1 -1
947748 0 -1
947794 3 1
947810 6 1
947816 2 -1
947907 14 1
948116 7 -1
948118 1 1
948168 0 1
948186 3 1
948262 5 1
948423 8 -1
948475 4 -1
948504 2 1
948673 1 1
948678 0 -1
948724 11 -1
948864 3 -1
948971 6 1
948982 12 1
949014 0 -1
949025 15 -1
949218 2 1
949229 1 1
949264 0 1
949326 10 -1
949551 3 -1
949612 1 -1
949636 4 -1
949648 0 -1
949675 2 1
949745 5 -1
949871 0 1
949998 3 -1
950094 0 -1
950108 1 1
950148 2 1
950229 6 1
950269 7 1
950336 8 1
950390 13 1
950465 9 -1
950626 2 -1
950632 1 1
950634 0 -1
950636 4 1
950814 3 1
950995 0 1
951019 1 1
951094 5 1
951277 0 -1
951287 3 -1
951325 4 -1
951330 2 -1
951579 1 -1
951734 0 1
951809 3 1
951959 6 1
952005 0 -1
952034 5 1
952040 2 -1
952139 1 1
952231 0 1
952292 8 -1
952405 4 1
952411 3 1
952438 10 1
952486 1 -1
952507 2 -1
952534 7 1
952596 0 -1
952816 0 -1
952819 3 -1
952851 11 -1
952885 1 1
953002 6 -1
953136 0 -1
953206 2 -1
953256 1 1
953421 3 -1
953432 12 1
953441 4 1
953442 5 -1
953526 0 -1
953593 9 -1
953682 2 1
953733 0 -1
953780 1 -1
953958 0 1
953969 7 1
954023 3 -1
954102 4 -1
954144 2 1
954217 0 1
954336 1 -1
954413 3 -1
954648 0 1
954691 1 1
954743 6 1
954818 3 1
954851 2 1
954861 5 -1
955150 4 1
955227 3 -1
955254 0 -1
955271 1 1
955302 2 1
955356 8 -1
955608 1 -1
955743 9 1
955797 0 -1
955823 5 1
955829 3 1
955856 4 1
955904 13 1
955904 7 -1
955956 1 1
956006 2 1
956063 0 -1
956329 0 -1
956398 6 -1
956485 1 1
956537 4 -1
956554 3 1
956694 2 -1
956710 10 -1
956799 0 -1
956807 11 1
956880 1 1
957022 3 -1
957127 0 -1
957172 2 1
957264 5 1
957301 6 -1
957417 0 1
957452 1 -1
957635 2 1
957682 4 1
957710 3 -1
957823 0 -1
957839 9 -1
957956 1 1
957968 7 -1
958078 0 1
958110 2 -1
958156 3 -1
958172 6 1
958237 8 -1
958327 1 1
958363 4 -1
958376 0 1
958618 3 1
958645 5 -1
958665 1 1
958734 0 1
958817 2 -1
958962 0 -1
959027 6 -1
959044 1 1
959215 12 1
959290 0 1
959371 7 -1
959387 4 -1
959397 3 1
959548 2 -1
959588 1 1
959645 5 1
959800 3 -1
959836 0 -1
960010 9 -1
960016 2 -1
960163 0 1
960165 1 -1
960182 8 1
960397 0 -1
960402 3 -1
960467 4 1
960494 6 -1
960519 1 1
960569 5 1
960693 2 1
960886 7 1
960921 0 1
961023 3 -1
961064 13 -1
961074 1 -1
961116 4 -1
961160 10 -1
961171 2 -1
961193 17 -1
961391 0 -1
961429 3 1
961515 5 -1
961632 1 -1
961647 2 1
961781 4 -1
961794 0 1
961950 3 1
962001 0 -1
962025 1 1
962031 6 1
962286 0 1
962337 7 1
962359 2 1
962418 3 -1
962482 16 1
962515 4 -1
962547 0 1
962547 1 -1
962740 11 -1
962816 2 1
962966 5 -1
962969 0 -1
962998 6 -1
963106 3 -1
963106 8 -1
963115 1 -1
963302 0 1
963396 9 1
963470 1 1
963525 2 1
963548 0 1
963643 4 1
963692 10 1
963864 3 1
963917 0 1
964032 1 -1
964073 15 1
964226 2 1
964302 0 -1
964331 3 -1
964374 5 -1
964385 1 1
964417 14 1
964433 7 1
964624 0 1
964664 6 -1
964691 2 1
964712 1 1
964728 4 -1
965019 3 -1
965073 8 1
965080 0 1
965143 2 1
965266 5 -1
965274 1 -1
965356 4 -1
965648 2 -1
965651 1 1
965691 0 -1
965707 3 -1
965841 6 -1
966070 0 1
966153 3 -1
966207 1 1
966333 2 1
966339 0 -1
966457 4 -1
966586 0 1
966610 9 1
966707 7 1
966712 5 -1
966747 1 1
966841 0 1
966922 3 -1
966997 6 -1
967040 2 1
967040 8 -1
967126 4 1
967134 1 1
967228 0 1
967477 1 -1
967497 2 1
967513 12 1
967631 5 -1
967688 3 -1
967762 0 1
967843 4 1
967868 10 1
967872 1 -1
967932 7 1
968093 3 1
968206 2 1
968257 0 -1
968438 1 -1
968499 0 -1
968545 6 -1
968588 5 1
968679 2 -1
968695 3 1
968729 0 1
968803 9 1
968932 4 1
968992 1 -1
969104 3 -1
969141 2 -1
969270 0 1
969363 1 -1
969437 6 -1
969493 3 -1
969612 0 -1
969649 4 1
969837 0 1
969872 2 1
969879 1 1
969899 5 1
969974 8 1
970060 7 1
970232 3 -1
970254 0 1
970254 1 -1
970308 2 -1
970512 0 -1
970627 1 -1
970678 3 -1
970693 4 -1
970694 11 1
970775 0 1
970893 5 -1
971006 2 -1
971049 6 -1
971122 0 1
971165 1 1
971366 3 -1
971399 0 -1
971463 7 1
971536 1 1
971716 2 -1
971802 4 1
971834 9 -1
971882 0 1
971931 10 1
972049 8 1
972116 1 -1
972146 3 -1
972191 2 1
972242 0 -1
972307 5 -1
972479 13 -1
972482 0 1
972560 4 -1
972565 6 -1
972592 3 -1
972651 2 1
972668 1 -1
972740 0 1
972818 7 -1
973027 1 1
973038 0 1
973108 2 1
973145 3 -1
973180 4 -1
973382 12 -1
973401 0 -1
973402 1 1
973535 3 -1
973745 0 1
973753 1 -1
973769 5 -1
973769 6 -1
973823 2 1
973890 4 -1
973962 0 -1
974059 9 -1
974137 3 -1
974297 0 1
974313 1 1
974521 2 1
974539 0 1
974575 10 -1
974672 5 -1
974752 3 -1
974779 0 1
974845 1 1
974854 6 1
974934 4 -1
974973 8 1
974983 2 1
975075 7 1
975161 3 1
975232 1 1
975368 0 -1
975585 5 -1
975618 6 1
975704 2 1
975763 3 1
975788 1 1
975935 0 1
976005 9 -1
976058 4 1
976155 3 1
976157 1 1
976405 2 1
976429 7 -1
976467 0 -1
976530 1 1
976542 5 1
976558 3 -1
976784 4 1
976800 0 1
976870 2 1
977069 0 -1
977086 1 1
977165 6 -1
977224 3 1
977399 0 1
977457 1 1
977574 2 1
977638 0 -1
977692 3 -1
977896 4 -1
977918 8 -1
977961 12 -1
977972 0 1
978021 1 -1
978047 5 -1
978283 3 1
978284 2 1
978461 6 1
978469 0 -1
978493 7 1
978493 10 -1
978551 1 -1
978674 4 1
978692 11 -1
978759 2 -1
978762 0 1
978885 3 1
978930 1 -1
979028 0 1
979143 9 -1
979287 1 1
979288 3 -1
979304 6 -1
979347 5 -1
979372 4 1
979374 0 -1
979450 2 1
979654 1 1
979673 0 1
979697 3 1
979853 8 1
979923 2 -1
979982 15 1
980089 3 1
980092 0 -1
980190 1 1
980347 5 1
980382 2 -1
980516 4 -1
980637 7 1
980662 0 -1
980691 3 1
980750 1 -1
980777 6 -1
980884 14 1
981089 2 -1
981113 1 1
981187 0 1
981293 3 1
981306 4 1
981530 9 1
981546 2 -1
981583 0 1
981645 1 -1
981696 3 -1
981766 8 -1
981777 5 1
981849 0 1
981943 7 -1
981959 12 -1
982020 1 -1
982217 0 1
982274 2 1
982290 4 -1
982293 6 -1
982317 3 -1
982375 1 1
982508 10 -1
982583 0 -1
982755 11 -1
982766 3 -1
982805 0 1
982939 1 -1
982962 2 -1
983034 0 1
983136 5 -1
983155 3 -1
983233 6 -1
983310 1 -1
983330 0 1
983427 4 -1
983437 2 1
983459 7 1
983722 8 1
983757 3 -1
983765 13 1
983806 0 -1
983850 1 -1
983905 2 1
984055 5 -1
984112 4 1
984158 0 -1
984163 3 1
984378 2 -1
984399 0 -1
984455 1 -1
984464 6 -1
984647 9 -1
984746 0 1
984781 3 1
984817 1 -1
984821 4 1
984958 7 1
985044 0 1
985066 2 1
985216 10 1
985250 0 1
985349 1 -1
985383 3 1
985490 5 -1
985547 4 1
985582 0 -1
985775 3 1
985800 2 -1
985891 0 -1
985902 1 -1
985915 12 1
985958 16 1
986055 6 1
986178 3 -1
986266 1 -1
986275 2 1
986318 0 -1
986582 8 1
986587 3 1
986646 11 1
986667 4 1
986800 1 1
986907 0 -1
986915 5 -1
986963 2 -1
987087 7 1
987130 6 -1
987143 0 1
987194 3 1
987369 0 -1
987377 15 1
987381 1 -1
987393 2 1
987656 9 1
987659 4 -1
987742 1 -1
987855 3 1
987860 5 -1
987871 2 -1
987936 0 1
988110 1 1
988323 3 -1
988401 4 -1
988406 0 1
988510 1 1
988575 2 -1
988624 14 -1
988745 0 -1
988763 6 -1
988976 0 1
989011 3 -1
989038 2 -1
989054 1 1
989118 7 1
989279 5 -1
989430 0 -1
989457 3 -1
989465 4 -1
989505 8 1
989538 10 -1
989606 1 1
989704 6 -1
989720 9 -1
989747 2 -1
989919 3 1
989973 1 1
990013 0 1
990198 4 -1
990311 5 -1
990451 2 -1
990505 1 1
990537 7 1
990558 6 1
990653 0 -1
990677 3 -1
990880 4 -1
990884 1 1
990908 2 -1
991066 3 -1
991204 0 1
991209 5 -1
991232 1 -1
991378 2 1
991470 0 1
991634 8 1
991668 3 -1
991746 0 1
991795 1 1
991843 2 1
991932 4 1
991945 9 -1
992042 6 1
992119 1 1
992284 3 -1
992316 0 1
992364 31 1
992375 10 1
992547 2 1
992601 5 1
992665 7 -1
992702 1 -1
992703 3 1
992738 4 -1
992794 12 -1
992939 0 1
993117 6 -1
993257 2 1
993278 1 1
993332 3 -1
993458 0 -1
993600 5 -1
993645 1 -1
993732 2 -1
993791 0 1
993830 4 1
993934 3 -1
994014 0 -1
994020 9 1
994028 1 -1
994323 3 -1
994369 0 -1
994409 1 -1
994423 2 1
994514 8 1
994591 0 1
994761 7 1
994794 13 1
994804 6 -1
994850 4 -1
994880 11 1
994896 2 -1
994925 3 -1
994939 0 -1
994939 1 -1
994949 5 1
995116 10 -1
995268 0 1
995363 2 -1
995463 4 -1
995498 0 1
995503 1 1
995527 3 -1
995718 15 1
995726 0 -1
995866 1 -1
995933 3 1
995941 0 1
995955 17 -1
996065 2 -1
996140 7 -1
996234 6 -1
996277 5 1
996298 0 1
996341 3 -1
996418 1 1
996428 8 -1
996546 2 -1
996616 4 -1
996645 0 -1
996731 3 -1
996801 1 1
996870 0 1
996879 14 -1
997008 6 -1
997180 1 1
997218 0 -1
997228 2 1
997250 5 -1
997287 9 1
997346 3 -1
997543 0 1
997724 1 -1
997794 0 1
997800 4 -1
997938 2 1
997991 3 1
998091 7 1
998093 5 1
998111 1 -1
998136 0 -1
998158 6 1
998352 8 1
998384 3 1
998411 2 -1
998478 0 -1
998522 4 -1
998623 1 1
998725 0 1
998771 12 -1
998873 2 -1
998986 3 1
999093 5 -1
999155 0 -1
999183 1 1
999222 6 -1
999244 10 -1
999351 2 1
999389 3 -1
999494 0 -1
999550 1 -1
999663 4 -1
999773 0 1
999797 3 1
999941 1 1
1000061 2 1
1000297 9 -1
1000312 1 1
1000316 7 1
1000399 0 1
1000458 5 1
1000464 3 1
1000534 13 -1
1000727 6 -1
1000762 2 1
1000791 4 1
1000824 1 -1
1000929 0 1
1000931 3 -1
1001178 8 1
1001221 2 1
1001270 0 1
1001356 1 -1
1001461 4 -1
1001490 0 -1
1001619 3 -1
1001662 7 -1
1001719 0 1
1001735 1 -1
1001813 5 -1
1001926 2 1
1002017 10 -1
1002044 0 -1
1002194 6 1
1002210 4 -1
1002275 1 -1
1002307 3 -1
1002382 2 1
1002443 0 1
1002533 9 -1
1002662 1 -1
1002710 5 -1
1002726 11 1
1002785 3 1
1002839 2 1
1002924 4 1
1002998 0 -1
1003027 1 -1
1003113 6 -1
1003135 8 -1
1003264 3 1
1003285 12 -1
1003546 0 1
1003557 1 1
1003567 2 -1
1003667 3 -1
1003807 0 -1
1003823 7 1
1003915 1 -1
1003936 4 -1
1004030 2 -1
1004056 0 -1
1004102 5 1
1004269 3 -1
1004472 1 -1
1004623 6 -1
1004677 0 1
1004731 2 -1
1004890 3 -1
1005012 1 -1
1005032 4 1
1005059 5 1
1005236 0 -1
1005274 7 1
1005295 3 1
1005397 1 -1
1005419 2 1
1005572 0 1
1005607 6 -1
1005713 4 -1
1005750 1 1
1005806 0 -1
1005822 9 1
1005897 3 1
1005897 2 -1
1006015 13 -1
1006026 5 -1
1006048 0 -1
1006102 8 1
1006108 1 -1
1006282 0 -1
1006499 3 1
1006591 2 1
1006612 7 -1
1006617 6 -1
1006628 10 1
1006681 1 1
1006685 0 1
1006797 4 -1
1006908 3 -1
1007213 1 1
1007219 0 -1
1007316 2 1
1007434 4 -1
1007466 5 -1
1007590 3 -1
1007606 1 -1
1007630 0 -1
1007773 2 1
1007878 0 1
1007950 9 -1
1008071 4 -1
1008124 1 1
1008155 0 1
1008165 6 -1
1008214 3 -1
1008402 16 -1
1008429 5 1
1008439 0 1
1008480 2 1
1008622 3 1
1008686 1 -1
1008756 7 1
1008790 0 1
1008939 8 1
1009059 1 1
1009103 4 -1
1009138 0 -1
1009186 2 1
1009219 6 1
1009224 3 1
1009369 0 -1
1009599 1 1
1009616 3 1
1009643 2 1
1009729 0 1
1009735 12 -1
1009740 4 1
1009810 5 -1
1009821 15 -1
1009987 0 -1
1010019 3 -1
1010036 9 1
1010122 2 -1
1010187 1 1
1010248 7 1
1010320 0 1
1010532 1 -1
1010578 6 -1
1010597 2 1
1010680 11 -1
1010721 0 -1
1010740 10 -1
1010777 3 -1
1010844 4 -1
1010934 0 1
1010992 8 1
1011102 1 1
1011223 3 -1
1011250 5 -1
1011288 2 -1
1011312 0 1
1011459 1 -1
1011838 1 -1
1011880 0 1
1011911 3 -1
1011933 4 1
1011960 6 1
1011970 2 1
1012150 0 -1
1012169 5 -1
1012255 7 -1
1012378 1 -1
1012443 0 1
1012446 2 -1
1012602 4 -1
1012680 3 -1
1012725 1 1
1012938 6 -1
1012959 0 1
1013024 8 -1
1013112 3 -1
1013137 5 1
1013153 2 -1
1013185 9 1
1013295 1 -1
1013356 4 -1
1013389 14 -1
1013516 0 -1
1013518 3 1
1013610 2 -1
1013658 10 -1
1013843 1 -1
1013927 3 -1
1013980 6 -1
1014037 0 -1
1014081 4 -1
1014088 2 1
1014131 5 -1
1014224 1 -1
1014295 7 -1
1014529 3 -1
1014550 11 1
1014553 1 -1
1014644 0 -1
1014797 2 1
1014937 6 -1
1014942 1 -1
1015120 8 -1
1015179 3 -1
1015186 0 1
1015254 4 -1
1015254 2 1
1015281 9 -1
1015480 1 -1
1015539 5 -1
1015544 7 -1
1015545 0 1
1015641 3 1
1015829 0 1
1015969 2 1
1016048 1 1
1016176 0 -1
1016302 4 -1
1016324 6 1
1016329 3 1
1016391 0 1
1016435 1 1
1016625 10 1
1016630 0 1
1016700 2 -1
1016797 3 -1
1016931 7 -1
1016948 0 1
1016958 5 -1
1016967 1 1
1017020 4 -1
1017173 0 -1
1017176 2 1
1017205 13 1
1017243 3 -1
1017326 1 -1
1017528 0 -1
1017635 2 1
1017733 1 1
1017885 0 1
1017904 8 1
1017936 5 -1
1017979 6 1
1018011 3 -1
1018092 4 -1
1018092 2 1
1018172 0 -1
1018205 17 1
1018291 12 -1
1018306 1 -1
1018404 0 1
1018414 7 1
1018463 11 -1
1018597 3 1
1018602 9 1
1018614 0 1
1018672 1 1
1018807 2 1
1018834 6 -1
1018902 4 1
1019057 0 -1
1019200 1 1
1019231 3 -1
1019285 5 1
1019419 0 1
1019446 10 1
1019505 2 1
1019640 4 1
1019694 0 1
1019708 1 -1
1019833 3 -1
1019968 2 1
1020037 0 1
1020085 1 -1
1020129 6 1
1020172 5 1
1020242 3 1
1020260 0 -1
1020458 1 1
1020502 0 -1
1020575 7 -1
1020672 2 1
1020784 4 1
1020841 1 1
1020844 3 1
1020924 8 1
1020940 6 -1
1021026 0 1
1021096 5 1
1021381 1 1
1021386 2 1
1021437 4 1
1021445 3 1
1021574 0 -1
1021816 9 1
1021838 3 1
1021865 2 -1
1021947 1 -1
1022031 6 1
1022147 0 1
1022292 1 -1
1022424 0 -1
1022440 3 1
1022472 5 -1
1022518 4 1
1022572 2 -1
1022671 7 -1
1022752 0 1
1022784 8 1
1022860 1 1
1023074 3 -1
1023223 1 -1
1023251 10 -1
1023259 0 1
1023268 2 1
1023391 5 -1
1023439 6 -1
1023529 4 1
1023579 3 -1
1023606 1 1
1023630 0 -1
1023740 2 -1
1023859 9 -1
1023883 0 -1
1024025 3 -1
1024090 7 -1
1024146 1 1
1024283 4 1
1024294 0 1
1024401 6 -1
1024444 2 -1
1024487 3 1
1024516 0 1
1024517 1 1
1024758 0 1
1024783 16 -1
1024826 5 -1
1024907 2 -1
1024976 4 -1
1025049 1 -1
1025106 0 -1
1025175 3 1
1025372 0 1
1025380 2 1
1025600 6 -1
1025613 1 1
1025702 4 -1
1025729 8 -1
1025874 0 -1
1025933 3 -1
1025964 1 -1
1026094 2 1
1026178 7 -1
1026186 5 1
1026194 0 -1
1026288 12 1
1026351 1 -1
1026390 3 1
1026460 11 1
1026498 0 -1
1026551 2 1
1026730 1 -1
1026790 4 1
1026798 0 1
1026965 6 1
1027014 0 -1
1027040 5 -1
1027078 3 1
1027083 9 -1
1027169 10 1
1027262 1 -1
1027266 2 1
1027348 0 1
1027546 3 -1
1027589 7 1
1027664 8 1
1027830 1 1
1027854 4 -1
1027895 0 -1
1027976 2 1
1027992 3 -1
1028018 5 1
1028126 6 1
1028137 13 1
1028185 1 -1
1028266 0 1
1028432 2 1
1028478 0 -1
1028624 4 -1
1028706 0 1
1028737 1 -1
1028771 3 -1
1028905 2 -1
1028911 6 1
1028937 5 1
1029013 0 1
1029112 1 -1
1029120 7 -1
1029330 3 1
1029351 0 1
1029367 2 -1
1029426 14 1
1029475 1 -1
1029577 8 -1
1029706 6 -1
1029769 4 -1
1029921 0 -1
1029932 3 1
1029975 10 1
1030055 1 1
1030077 2 -1
1030222 9 -1
1030378 5 1
1030418 4 -1
1030418 1 1
1030450 0 1
1030458 15 -1
1030534 3 1
1030781 2 -1
1030942 3 -1
1030946 1 -1
1031098 0 -1
1031160 4 1
1031257 2 1
1031332 3 -1
1031345 7 1
1031502 1 -1
1031678 0 -1
1031748 6 -1
1031781 5 -1
1031840 3 -1
1031869 1 1
1031947 2 -1
1032135 11 1
1032216 4 1
1032221 0 1
1032350 12 -1
1032420 2 1
1032442 1 -1
1032528 3 -1
1032533 8 1
1032608 9 1
1032751 0 -1
1032759 5 1
1032764 7 1
1032877 2 1
1032941 4 1
1032966 1 -1
1032995 0 1
1033113 6 1
1033216 3 -1
1033331 0 -1
1033332 1 -1
1033586 2 1
1033678 3 1
1033873 0 1
1033917 1 1
1034014 4 -1
1034062 2 -1
1034102 10 -1
1034161 5 1
1034178 6 -1
1034446 0 -1
1034468 3 1
1034479 8 -1
1034489 1 -1
1034753 2 1
1034836 1 1
1034884 7 -1
1034973 3 -1
1035070 4 1
1035072 0 -1
1035172 5 -1
1035187 1 -1
1035199 9 1
1035306 0 1
1035363 3 -1
1035457 2 1
1035467 6 -1
1035525 1 1
1035588 0 1
1035735 4 -1
1035914 2 1
1035926 0 1
1035965 3 -1
1036075 5 -1
1036078 1 1
1036177 11 1
1036188 0 -1
1036370 3 1
1036481 4 -1
1036499 6 -1
1036521 12 1
1036642 1 1
1036642 2 -1
1036655 0 -1
1036972 3 1
1036983 0 1
1036997 1 -1
1037069 7 -1
1037069 10 1
1037134 4 1
1037279 0 -1
1037362 2 -1
1037445 8 1
1037510 5 -1
1037565 1 -1
1037574 3 1
1037601 0 1
1037606 6 -1
1037838 2 1
1037850 0 1
1037891 1 -1
1037983 3 -1
1038198 0 -1
1038242 1 -1
1038254 4 -1
1038372 3 -1
1038423 5 -1
1038528 7 -1
1038531 2 -1
1038544 0 -1
1038714 9 1
1038769 0 1
1038778 3 1
1038798 1 -1
1039141 0 1
1039144 6 1
1039177 1 -1
1039230 2 -1
1039395 4 -1
1039402 0 1
1039423 13 -1
1039466 3 -1
1039665 0 -1
1039705 2 1
1039713 10 -1
1039730 1 -1
1039901 5 1
1039923 7 1
1040068 6 1
1040076 4 1
1040160 0 1
1040170 3 -1
1040170 2 1
1040258 1 -1
1040487 8 -1
1040588 1 -1
1040632 3 1
1040643 2 -1
1040662 0 -1
1040967 1 -1
1041049 0 1
1041186 9 -1
1041237 4 -1
1041272 5 -1
1041294 17 1
1041320 3 1
1041331 2 1
1041336 0 -1
1041352 1 -1
1041369 6 1
1041439 7 -1
1041565 0 -1
1041785 0 1
1041788 3 -1
1041886 1 1
1042059 2 -1
1042110 11 -1
1042126 0 -1
1042245 4 1
1042250 5 -1
1042277 3 1
1042325 8 -1
1042483 1 1
1042519 2 -1
1042538 0 -1
1042691 12 -1
1042833 1 -1
1042841 6 1
1042887 0 -1
1042965 3 1
1043002 4 1
1043231 2 1
1043346 0 1
1043357 3 1
1043406 1 1
1043470 7 -1
1043572 9 -1
1043604 5 1
1043615 6 1
1043615 0 1
1043685 2 1
1043868 0 1
1043873 10 1
1043938 1 1
1043959 3 1
1044050 4 -1
1044158 2 -1
1044260 8 1
1044266 0 1
1044296 1 -1
1044540 0 -1
1044593 3 -1
1044868 2 -1
1044869 1 1
1044933 0 -1
1044996 5 1
1045034 6 1
1045050 4 1
1045120 3 -1
1045246 0 1
1045335 2 -1
1045401 1 1
1045445 7 -1
1045531 0 -1
1045566 3 -1
1045794 1 -1
1045824 0 1
1045832 4 -1
1045937 14 1
1045942 5 1
1045980 11 1
1046023 9 1
1046028 3 1
1046034 2 -1
1046098 0 -1
1046216 8 -1
1046360 1 1
1046388 10 -1
1046550 0 1
1046625 6 -1
1046716 3 1
1046731 1 -1
1046738 2 -1
1046892 4 -1
1046953 7 -1
1047050 0 -1
1047100 1 -1
1047200 2 -1
1047238 5 1
1047270 12 -1
1047416 0 -1
1047485 3 -1
1047571 6 1
1047598 4 1
1047642 0 1
1047648 1 -1
1047684 2 1
1047942 3 1
1048021 1 1
1048055 0 1
1048130 2 1
1048307 4 1
1048432 0 1
1048601 1 -1
1048630 3 1
1048654 0 -1
1048678 5 1
1048834 2 1
1049086 0 -1
1049097 6 -1
1049115 1 -1
1049138 7 1
1049162 8 1
1049318 3 1
1049388 9 1
1049440 4 1
1049478 1 -1
1049522 2 -1
1049602 5 1
1049608 0 1
1049785 3 -1
1049831 0 1
1049831 1 1
1050000 2 1
1050083 0 -1
1050108 11 1
1050129 4 -1
1050182 1 -1
1050339 10 -1
1050444 7 -1
1050516 5 1
1050575 0 -1
1050629 3 1
1050710 13 1
1050710 2 1
1050763 6 -1
1050774 1 -1
1051161 0 1
1051166 2 1
1051177 4 1
1051258 3 -1
1051326 1 1
1051403 5 1
1051484 17 -1
1051645 2 -1
1051647 3 -1
1051681 1 -1
1051709 6 1
1051725 0 -1
1051741 12 -1
1051806 7 1
1051954 0 1
1052096 8 -1
1052177 4 -1
1052248 0 1
1052249 3 -1
1052249 1 1
1052354 2 -1
1052628 1 1
1052655 3 1
1052676 6 -1
1052811 2 -1
1052822 5 1
1052843 0 -1
1052902 4 -1
1052991 1 -1
1053031 16 1
1053042 9 1
1053085 3 -1
1053211 0 1
1053448 0 1
1053527 1 -1
1053531 2 -1
1053555 4 -1
1053590 6 -1
1053773 3 -1
1053797 0 -1
1053870 7 1
1053902 1 1
1053977 8 -1
1054044 0 -1
1054219 3 -1
1054235 2 -1
1054246 5 -1
1054305 4 -1
1054317 0 1
1054353 10 1
1054442 1 1
1054654 0 -1
1054711 2 1
1054880 6 1
1054886 0 -1
1054907 3 -1
1055002 1 -1
1055106 5 1
1055138 9 -1
1055170 2 1
1055232 0 1
1055305 7 1
1055345 1 -1
1055409 4 1
1055560 0 -1
1055584 3 -1
1055646 2 -1
1055791 0 1
1055869 11 1
1055921 1 1
1056084 15 1
1056116 3 1
1056122 0 -1
1056267 6 -1
1056342 2 1
1056405 4 -1
1056478 1 -1
1056498 5 1
1056519 3 -1
1056689 0 1
1056828 1 1
1056869 8 1
1056928 3 1
1057024 0 -1
1057046 2 1
1057094 10 1
1057151 4 -1
1057191 6 1
1057246 0 1
1057401 7 -1
1057405 1 -1
1057444 5 1
1057519 2 -1
1057530 3 1
1057575 0 -1
1057815 0 -1
1057959 1 -1
1058036 0 1
1058148 3 1
1058150 4 1
1058234 2 -1
1058320 5 -1
1058332 1 1
1058360 0 -1
1058540 6 -1
1058556 3 -1
1058586 0 1
1058685 2 -1
1058719 1 1
1058814 9 -1
1058900 4 -1
1058927 0 -1
1059098 1 1
1059158 3 -1
1059161 2 1
1059252 0 -1
1059427 6 1
1059542 0 -1
1059548 3 -1
1059561 7 1
1059642 1 -1
1059650 4 -1
1059738 11 -1
1059739 5 -1
1059755 0 -1
1059835 8 -1
1059852 2 -1
1059954 3 1
1059992 0 1
1060218 1 -1
1060330 2 1
1060386 0 1
1060534 6 -1
1060549 1 -1
1060631 3 -1
1060695 5 1
1060728 12 1
1060762 4 1
1060948 7 -1
1061018 0 -1
1061039 2 1
1061129 1 -1
1061130 3 1
1061179 9 -1
1061190 10 1
1061484 1 1
1061500 4 1
1061630 0 1
1061741 2 1
1061818 3 1
1061843 1 1
1061910 0 1
1061942 8 -1
1062017 5 1
1062092 13 1
1062157 6 1
1062158 0 1
1062200 2 1
1062395 1 1
1062431 7 -1
1062447 14 1
1062506 3 1
1062514 0 1
1062548 4 1
1062676 2 -1
1062740 0 -1
1062762 1 1
1062974 3 -1
1063135 9 -1
1063149 0 1
1063160 2 1
1063264 6 -1
1063314 1 -1
1063356 5 -1
1063420 3 -1
1063479 0 -1
1063665 4 -1
1063701 0 1
1063818 7 -1
1063845 2 -1
1063868 1 -1
1063882 3 1
1064033 0 -1
1064221 1 1
1064323 5 1
1064367 0 1
1064390 4 -1
1064549 2 -1
1064570 3 1
1064592 1 -1
1064604 0 1
1064629 6 -1
1064780 8 -1
1064950 1 1
1064971 0 -1
1065011 2 -1
1065253 5 -1
1065258 3 1
1065479 10 1
1065511 4 -1
1065523 1 -1
1065546 0 -1
1065629 11 1
1065726 3 -1
1065726 2 -1
1065785 7 -1
1065836 0 -1
1065973 6 1
1066067 1 1
1066126 0 1
1066215 5 1
1066424 2 -1
1066430 3 -1
1066432 1 -1
1066518 0 -1
1066607 4 1
1066747 9 -1
1066760 0 -1
1066892 3 1
1066900 2 1
1067014 1 1
1067123 6 1
1067142 0 -1
1067177 12 1
1067308 4 1
1067360 3 -1
1067381 1 1
1067591 2 -1
1067628 5 -1
1067650 8 -1
1067712 7 1
1067759 0 1
1067772 1 1
1067994 6 -1
1067995 0 1
1068048 3 -1
1068220 0 -1
1068284 10 1
1068289 2 -1
1068316 9 -1
1068342 1 1
1068413 4 -1
1068494 3 -1
1068566 0 1
1068697 1 -1
1068749 2 -1
1068832 0 -1
1068886 6 1
1069101 5 1
1069139 7 -1
1069182 3 -1
1069184 0 1
1069223 1 1
1069449 4 -1
1069456 2 -1
1069523 0 -1
1069585 8 1
1069780 1 1
1069870 3 -1
1069875 0 1
1069912 2 -1
1070025 5 1
1070090 4 1
1070134 1 -1
1070149 0 -1
1070332 3 1
1070348 6 -1
1070391 2 1
1070415 0 1
1070509 1 -1
1070799 3 -1
1070850 0 -1
1070852 4 -1
1070884 1 1
1071046 15 -1
1071100 2 1
1071170 7 -1
1071240 0 -1
1071245 3 -1
1071455 5 1
1071456 1 -1
1071471 0 -1
1071549 4 1
1071557 2 1
1071691 6 -1
1071920 3 -1
1071941 0 1
1072008 1 -1
1072036 9 -1
1072261 0 -1
1072272 2 1
1072363 1 1
1072379 10 1
1072390 5 1
1072519 8 -1
1072522 3 -1
1072535 0 1
1072565 4 -1
1072680 6 -1
1072702 12 -1
1072750 7 1
1072903 1 1
1072928 3 1
1072970 2 1
1073105 0 1
1073270 1 1
1073347 13 -1
1073358 5 -1
1073428 2 1
1073530 3 1
1073625 1 -1
1073637 4 -1
1073683 0 1
1073712 11 -1
1073900 2 1
1073938 3 -1
1074064 7 -1
1074064 0 -1
1074078 6 1
1074169 1 1
1074352 0 1
1074362 3 1
1074373 2 -1
1074419 4 1
1074486 8 1
1074550 1 1
1074602 0 -1
1074776 5 -1
1074848 0 1
1074852 6 1
1074964 3 1
1075076 1 -1
1075080 2 -1
1075153 9 -1
1075193 0 -1
1075357 3 1
1075479 4 1
1075507 0 -1
1075636 5 1
1075660 1 1
1075765 0 1
1075771 2 1
1075910 6 -1
1075959 3 1
1075991 16 -1
1076047 1 1
1076085 0 1
1076201 7 -1
1076249 4 1
1076249 2 -1
1076265 10 1
1076308 0 -1
1076402 1 -1
1076443 8 -1
1076550 0 -1
1076561 3 1
1076775 1 -1
1076879 0 1
1076916 9 1
1076934 4 -1
1076953 2 -1
1077039 3 -1
1077055 5 1
1077109 0 -1
1077227 6 1
1077341 1 1
1077415 2 -1
1077458 7 -1
1077464 0 -1
1077668 17 -1
1077727 3 -1
1077797 11 -1
1077810 0 1
1077881 1 1
1077894 2 1
1078028 0 -1
1078103 4 -1
1078252 1 1
1078264 0 -1
1078415 3 -1
1078487 0 1
1078512 5 1
1078528 14 -1
1078560 6 -1
1078603 2 1
1078772 1 1
1078815 0 -1
1078877 3 1
1078909 4 1
1079054 2 1
1079119 10 -1
1079163 0 1
1079324 1 1
1079388 0 1
1079388 8 1
1079420 5 1
1079474 12 -1
1079560 9 1
1079565 3 1
1079643 7 1
1079699 1 1
1079734 0 -1
1079756 2 1
1079925 6 -1
1079961 4 1
1080082 0 1
1080219 1 -1
1080253 3 1
1080312 0 -1
1080409 5 -1
1080468 2 1
1080659 0 -1
1080720 3 -1
1080776 1 -1
1080925 2 1
1080981 4 -1
1080989 0 -1
1081138 1 1
1081166 3 -1
1081218 0 -1
1081258 6 -1
1081301 8 -1
1081349 5 -1
1081382 2 1
1081551 0 1
1081629 3 1
1081682 7 1
1081703 4 -1
1081711 1 -1
1081797 0 1
1081817 11 -1
1081838 9 1
1081860 2 -1
1081924 10 -1
1082010 0 -1
1082096 1 -1
1082349 0 1
1082432 4 -1
1082451 3 -1
1082464 1 1
1082505 6 -1
1082572 2 -1
1082577 0 -1
1082763 5 -1
1082938 0 -1
1082999 1 1
1083053 3 -1
1083069 7 -1
1083077 4 -1
1083273 2 -1
1083285 0 1
1083355 1 -1
1083442 3 -1
1083451 6 1
1083496 0 -1
1083717 0 1
1083733 2 -1
1083859 12 -1
1083916 1 1
1083959 0 1
1084044 3 -1
1084139 8 -1
1084165 4 1
1084171 5 1
1084246 13 -1
1084346 0 -1
1084386 6 -1
1084418 2 1
1084450 3 1
1084476 1 1
1084633 10 1
1084853 1 1
1084866 0 1
1084891 2 -1
1084961 3 1
1085128 5 -1
1085128 9 1
1085197 4 1
1085210 1 -1
1085326 7 -1
1085367 2 1
1085436 0 -1
1085584 1 -1
1085649 3 1
1085678 0 -1
1085729 6 -1
1085910 0 1
1085963 4 1
1086055 2 -1
1086116 3 -1
1086134 1 -1
1086251 0 -1
1086479 0 -1
1086530 2 1
1086546 5 -1
1086677 1 -1
1086804 3 -1
1086827 0 1
1087011 4 -1
1087062 8 -1
1087070 1 1
1087156 0 -1
1087218 2 -1
1087245 6 1
1087377 0 1
1087487 7 1
1087514 3 -1
1087540 5 1
1087570 1 -1
1087610 0 1
1087831 0 -1
1087914 1 1
1087946 2 1
1087981 3 1
1088019 4 -1
1088051 12 1
1088148 6 1
1088178 0 1
1088293 1 1
1088406 2 1
1088449 3 -1
1088502 5 -1
1088524 9 -1
1088535 0 1
1088728 4 -1
1088766 0 -1
1088809 7 -1
1088833 1 1
1088882 2 -1
1088890 10 -1
1088895 3 -1
1088976 8 1
1089094 0 1
1089196 1 -1
1089322 0 -1
1089333 2 1
1089545 6 1
1089559 0 -1
1089583 3 -1
1089663 11 -1
1089754 1 1
1089792 4 1
1089878 5 1
1089879 0 -1
1090040 2 1
1090118 0 -1
1090264 1 -1
1090271 3 -1
1090341 13 1
1090438 0 -1
1090513 6 1
1090639 1 1
1090749 2 1
1090792 0 -1
1090835 5 1
1090867 3 -1
1090889 8 -1
1090889 9 1
1090897 4 -1
1091014 1 1
1091034 0 -1
1091066 7 -1
1091206 2 1
1091262 0 1
1091324 6 -1
1091381 1 -1
1091496 0 1
1091555 3 -1
1091651 4 1
1091816 0 1
1091910 2 1
1091963 1 -1
1092001 3 -1
1092176 0 1
1092227 5 1
1092386 0 -1
1092386 2 -1
1092464 3 1
1092499 1 -1
1092673 6 -1
1092734 0 1
1092767 4 -1
1092850 2 -1
1092856 8 1
1092884 1 -1
1092958 0 -1
1093151 3 1
1093186 0 -1
1093243 10 -1
1093324 7 -1
1093404 4 -1
1093436 1 -1
1093534 0 1
1093538 5 1
1093555 2 -1
1093657 3 -1
1093673 6 1
1093759 0 -1
1093799 1 1
1093877 9 1
1094011 2 -1
1094049 12 -1
1094116 0 -1
1094154 1 1
1094194 4 1
1094344 3 -1
1094444 0 1
1094533 5 -1
1094672 0 -1
1094678 7 1
1094718 2 -1
1094722 1 -1
1095019 0 1
1095032 3 -1
1095038 14 -1
1095065 1 -1
1095218 4 1
1095296 15 1
1095350 6 1
1095363 0 -1
1095393 5 1
1095420 2 -1
1095495 3 1
1095605 0 -1
1095633 1 1
1095780 8 -1
1095790 13 1
1095887 2 -1
1095887 10 1
1095895 4 -1
1095935 0 1
1095968 7 -1
1096016 3 1
1096204 1 -1
1096282 0 -1
1096317 5 1
1096349 9 -1
1096478 3 1
1096512 0 1
1096572 1 1
1096586 2 -1
1096754 0 1
1096943 1 -1
1096973 6 -1
1096978 0 -1
1097036 4 1
1097080 3 1
1097298 2 -1
1097303 0 1
1097318 1 -1
1097419 7 -1
1097618 11 1
1097661 0 1
1097682 3 1
1097773 5 -1
1097774 2 1
1097862 0 1
1097882 1 1
1097902 6 -1
1098080 4 -1
1098090 3 -1
1098220 12 1
1098220 0 1
1098435 0 -1
1098447 1 -1
1098467 2 -1
1098663 0 1
1098671 8 -1
1098736 9 -1
1098777 1 -1
1098813 4 -1
1098880 3 -1
1098886 16 1
1099020 0 1
1099080 18 -1
1099101 5 -1
1099123 6 -1
1099168 2 -1
1099249 0 -1
1099343 3 1
1099358 1 -1
1099523 4 -1
1099563 7 -1
1099609 0 -1
1099620 2 -1
1099712 1 1
1099810 3 -1
1099926 0 -1
1100004 5 -1
1100063 1 -1
1100079 10 -1
1100101 2 -1
1100160 0 -1
1100176 6 -1
1100208 4 1
1100383 0 1
1100498 3 -1
1100574 2 1
1100606 0 -1
1100621 1 1
1100681 8 -1
1100944 3 -1
1100961 0 -1
1100970 1 -1
1101275 2 1
1101283 0 -1
1101312 4 1
1101407 5 -1
1101433 6 -1
1101506 1 1
1101517 0 -1
1101724 3 -1
1101837 7 -1
1101866 0 1
1101960 9 -1
1101966 2 -1
1102062 1 1
1102103 0 1
1102342 0 1
1102409 4 -1
1102412 3 -1
1102425 1 1
1102444 2 1
1102660 0 1
1102756 10 1
1102831 5 1
1102858 3 -1
1102901 0 1
1103002 1 -1
1103078 6 1
1103130 4 -1
1103153 2 1
1103219 0 1
1103288 7 1
1103320 3 1
1103530 8 -1
1103567 0 -1
1103570 1 1
1103610 2 1
1103788 3 -1
1103790 0 -1
1103793 5 -1
1103809 9 1
1103933 1 -1
1104010 0 1
1104083 2 -1
1104174 6 -1
1104196 12 -1
1104244 0 -1
1104295 4 -1
1104501 1 1
1104564 3 -1
1104599 0 -1
1104771 2 1
1104946 0 1
1105021 4 1
1105057 1 -1
1105166 3 -1
1105169 0 1
1105190 7 -1
1105228 5 1
1105228 2 1
1105400 11 1
1105408 1 1
1105486 8 1
1105515 0 -1
1105545 10 1
1105572 3 1
1105626 6 -1
1105722 4 -1
1105740 0 1
1105787 1 1
1105932 2 1
1105975 0 -1
1106158 1 1
1106174 3 1
1106375 0 -1
1106389 15 1
1106572 0 -1
1106625 5 1
1106633 7 -1
1106647 2 1
1106690 1 -1
1106776 3 1
1106810 4 1
1106926 0 -1
1107077 13 -1
1107120 2 -1
1107184 3 -1
1107195 6 1
1107246 1 -1
1107273 0 1
1107512 0 1
1107528 8 -1
1107564 4 1
1107592 5 -1
1107595 2 1
1107619 1 -1
1107743 9 -1
1107748 0 -1
1107786 3 -1
1107950 0 1
1107996 7 1
1108055 2 1
1108087 6 -1
1108161 1 -1
1108297 0 -1
1108388 3 -1
1108568 1 1
1108632 0 1
1108640 4 -1
1108759 2 1
1108778 3 -1
1108856 0 -1
1108933 1 -1
1109011 5 1
1109202 0 -1
1109465 1 -1
1109468 2 1
1109495 10 1
1109550 0 1
1109597 3 1
1109635 6 -1
1109656 4 1
1109775 0 -1
1109860 1 1
1109914 5 1
1109925 2 -1
1110065 3 -1
1110129 0 -1
1110173 17 -1
1110253 7 1
1110382 4 -1
1110390 1 -1
1110476 0 1
1110495 8 1
1110511 3 -1
1110581 9 -1
1110624 2 -1
1110688 0 -1
1110908 5 1
1110948 1 1
1111021 6 -1
1111035 0 1
1111063 4 -1
1111099 2 1
1111199 3 -1
1111258 0 1
1111305 1 -1
1111462 14 -1
1111486 0 -1
1111559 2 1
1111656 1 1
1111661 3 1
1111708 4 -1
1111801 7 -1
1111829 0 1
1112026 1 -1
1112045 0 -1
1112123 10 -1
1112129 6 1
1112268 2 1
1112354 5 1
1112405 0 -1
1112419 3 -1
1112419 8 -1
1112451 12 -1
1112558 9 -1
1112601 1 -1
1112725 2 1
1112753 0 1
1112820 4 1
1112978 0 -1
1113101 3 -1
1113155 1 1
1113206 0 -1
1113273 5 1
1113354 11 -1
1113430 0 1
1113434 2 1
1113440 31 -1
1113514 1 1
1113564 3 1
1113725 6 -1
1113778 0 -1
1113881 7 -1
1113901 4 -1
1114031 3 -1
1114084 1 1
1114104 0 1
1114139 2 1
1114340 0 1
1114409 1 1
1114450 9 -1
1114477 3 -1
1114536 6 1
1114612 2 -1
1114630 4 1
1114656 0 1
1114692 5 1
1114763 1 1
1114899 0 1
1115068 2 -1
1115138 0 1
1115262 3 1
1115289 8 -1
1115304 1 1
1115450 6 -1
1115485 0 -1
1115536 2 -1
1115674 1 -1
1115711 0 1
1115751 4 -1
1115848 16 1
1115864 3 1
1115864 7 1
1116044 0 -1
1116154 5 1
1116214 1 -1
1116235 2 -1
1116256 3 1
1116392 0 1
1116428 9 -1
1116476 4 -1
1116590 10 1
1116622 0 1
1116783 6 -1
1116787 1 1
1116858 3 1
1116901 12 -1
1116947 2 -1
1117019 5 -1
1117049 0 -1
1117158 1 1
1117206 4 1
1117309 3 1
1117331 7 1
1117412 0 1
1117422 2 1
1117528 1 -1
1117632 0 1
1117772 6 -1
1117809 3 -1
1117859 1 -1
1117922 5 -1
1117981 0 -1
1118116 2 -1
1118234 13 1
1118234 8 1
1118328 0 1
1118330 4 -1
1118429 1 1
1118497 3 -1
1118589 2 1
1118626 0 1
1118782 7 1
1118846 5 -1
1118849 0 1
1118959 3 1
1118980 1 1
1119016 4 1
1119064 2 -1
1119156 0 1
1119201 6 -1
1119358 1 1
1119502 9 1
1119564 0 -1
1119647 3 1
1119717 14 -1
1119760 2 1
1119890 1 1
1119928 0 1
1120040 4 1
1120158 8 -1
1120201 5 1
1120201 2 1
1120220 0 1
1120266 1 1
1120282 7 1
1120427 3 1
1120448 6 -1
1120491 10 -1
1120626 0 -1
1120636 1 1
1120848 3 -1
1120892 0 -1
1120924 2 1
1121176 1 1
1121192 4 1
1121218 0 1
1121394 11 1
1121450 3 -1
1121534 6 -1
1121555 1 1
1121566 0 -1
1121598 5 -1
1121614 2 -1
1121695 12 1
1121805 0 -1
1121914 4 -1
1122052 3 -1
1122089 1 1
1122093 2 1
1122125 0 -1
1122458 3 1
1122480 0 -1
1122512 9 1
1122550 2 1
1122555 7 1
1122566 5 1
1122636 1 1
1122660 4 -1
1122695 6 -1
1122696 0 1
1122727 15 -1
1122928 0 1
1122984 1 -1
1123028 2 -1
1123049 8 -1
1123060 3 1
1123071 10 1
1123157 0 -1
1123345 1 1
1123353 4 1
1123485 0 1
1123662 3 1
1123724 1 -1
1123732 2 -1
1123823 6 -1
1123831 0 -1
1123920 5 -1
1124070 3 -1
1124073 0 -1
1124280 1 1
1124344 4 -1
1124421 0 1
1124441 2 -1
1124460 3 -1
1124635 7 1
1124705 9 -1
1124750 0 -1
1124780 5 1
1124854 1 -1
1124866 3 1
1124904 2 -1
1124980 0 1
1125215 1 1
1125264 6 -1
1125309 0 -1
1125425 4 1
1125602 2 -1
1125657 0 1
1125704 3 -1
1125715 10 -1
1125736 5 -1
1125796 1 -1
1125887 0 1
1125909 18 1
1126005 8 1
1126038 7 1
1126166 4 1
1126226 0 -1
1126296 2 1
1126332 1 -1
1126392 3 -1
1126454 0 1
1126650 6 1
1126682 17 -1
1126688 0 1
1126709 1 -1
1126768 2 -1
1126838 3 -1
1127034 0 -1
1127155 5 1
1127231 4 1
1127231 1 1
1127259 0 1
1127456 2 1
1127499 6 -1
1127526 3 -1
1127564 12 -1
1127607 0 1
1127607 9 -1
1127787 1 1
1127951 8 -1
1127954 0 -1
1127972 14 -1
1127996 4 -1
1128058 3 -1
1128123 5 -1
1128146 1 -1
1128160 2 1
1128195 0 -1
1128263 7 1
1128424 10 -1
1128504 3 -1
1128520 0 -1
1128639 2 -1
1128722 4 -1
1128722 1 1
1128765 0 1
1128994 6 -1
1129101 1 1
1129106 3 -1
1129168 0 -1
1129176 15 1
1129348 11 -1
1129348 2 -1
1129466 1 -1
1129515 3 1
1129520 13 -1
1129520 9 -1
1129523 0 -1
1129552 5 -1
1129730 7 -1
1129730 0 -1
1129818 4 -1
1129824 2 1
1129982 6 -1
1130028 1 1
1130103 0 1
1130117 3 1
1130267 2 -1
1130321 0 -1
1130383 1 -1
1130524 4 -1
1130547 0 -1
1130832 8 -1
1130837 3 -1
1130907 6 -1
1130957 1 1
1130993 5 -1
1130993 2 -1
1131116 7 1
1131122 0 -1
1131364 3 -1
1131468 2 1
1131473 1 -1
1131476 9 -1
1131572 4 1
1131702 0 1
1131826 3 1
1131834 1 1
1131906 5 -1
1132060 0 -1
1132176 1 -1
1132181 2 1
1132293 3 -1
1132336 6 -1
1132358 10 -1
1132363 0 1
1132555 1 -1
1132646 0 -1
1132702 12 -1
1132721 4 1
1132874 2 -1
1132917 5 1
1132965 0 1
1132981 3 -1
1133108 1 -1
1133282 6 1
1133301 7 -1
1133347 2 1
1133358 0 1
1133398 4 -1
1133660 1 -1
1133669 3 -1
1133809 5 1
1133822 2 -1
1133949 8 1
1133970 0 1
1134031 1 -1
1134207 3 -1
1134285 2 -1
1134341 0 1
1134486 4 -1
1134563 1 -1
1134572 0 -1
1134637 9 1
1134647 6 1
1134720 7 -1
1134783 0 1
1134895 3 -1
1134964 1 1
1134986 2 -1
1135002 13 -1
1135086 0 1
1135238 5 1
1135319 1 -1
1135458 4 1
1135545 0 -1
1135582 3 -1
1135663 2 1
1135776 8 1
1135875 1 -1
1136029 3 -1
1136072 0 -1
1136163 6 -1
1136166 2 -1
1136196 10 1
1136219 4 -1
1136248 1 -1
1136598 0 1
1136623 7 1
1136658 9 1
1136684 5 1
1136792 3 1
1136792 1 -1
1136862 2 1
1136881 0 1
1137055 6 -1
1137182 0 -1
1137235 4 1
1137319 2 1
1137345 11 1
1137352 1 1
1137394 3 1
1137603 15 1
1137646 5 -1
1137699 1 -1
1137786 3 1
1137786 8 1
1137797 2 -1
1137808 0 -1
1137969 6 -1
1138200 0 1
1138251 1 -1
1138356 4 -1
1138388 3 1
1138482 0 1
1138501 2 -1
1138630 7 1
1138799 1 -1
1138850 0 1
1138872 6 -1
1138915 3 -1
1138963 2 -1
1138969 10 -1
1139022 5 1
1139119 0 1
1139134 4 1
1139174 1 -1
1139361 3 -1
1139380 0 1
1139409 12 1
1139646 9 -1
1139667 8 1
1139678 2 -1
1139726 0 -1
1139738 1 -1
1139847 4 1
1139955 0 -1
1139979 5 1
1140041 7 1
1140049 3 -1
1140215 6 1
1140288 0 1
1140303 1 1
1140377 2 -1
1140511 3 1
1140565 4 1
1140637 0 -1
1140678 13 1
1140678 1 1
1140828 2 -1
1140882 0 -1
1140919 5 -1
1141052 1 -1
1141199 3 1
1141317 0 -1
1141363 7 -1
1141408 11 1
1141423 1 -1
1141538 2 -1
1141633 4 1
1141731 6 -1
1141900 0 -1
1141957 3 1
1141996 1 1
1142226 2 1
1142295 5 1
1142379 3 -1
1142473 0 -1
1142544 1 1
1142634 8 -1
1142688 6 1
1142701 2 -1
1142725 7 -1
1142749 4 -1
1142784 3 1
1142849 9 -1
1142937 1 -1
1143032 10 -1
1143075 0 -1
1143193 3 -1
1143284 5 -1
1143324 0 1
1143408 2 -1
1143487 1 -1
1143535 4 1
1143615 0 -1
1143795 3 -1
1143878 1 -1
1143953 0 -1
1144117 2 -1
1144176 0 -1
1144221 1 1
1144252 6 -1
1144354 16 1
1144397 3 -1
1144483 14 -1
1144551 4 1
1144593 2 1
1144647 0 1
1144655 5 1
1144741 9 -1
1144773 1 1
1144789 3 -1
1144918 7 -1
1145052 2 1
1145074 6 1
1145148 1 1
1145235 0 1
1145257 4 1
1145386 11 -1
1145391 3 -1
1145509 2 1
1145525 0 -1
1145568 8 1
1145708 12 1
1145712 1 -1
1145799 3 1
1145805 0 -1
1145848 6 1
1145950 4 -1
1146106 5 1
1146160 17 1
1146192 3 1
1146232 1 1
1146238 2 -1
1146288 9 -1
1146388 0 1
1146603 1 -1
1146748 0 -1
1146893 4 -1
1146939 3 1
1146955 2 1
1146978 1 -1
1147019 5 1
1147020 0 1
1147038 7 1
1147208 10 1
1147320 6 1
1147349 1 -1
1147412 2 1
1147428 8 1
1147463 0 1
1147476 3 1
1147683 4 1
1147708 0 1
1147889 1 -1
1147992 5 -1
1148022 0 1
1148121 2 1
1148164 3 1
1148288 6 -1
1148417 7 -1
1148459 1 -1
1148594 2 -1
1148610 0 1
1148755 4 1
1148761 9 1
1148832 1 1
1148852 3 1
1148900 5 -1
1149056 2 -1
1149156 0 1
1149320 3 -1
1149380 1 1
1149712 6 1
1149720 0 1
1149747 4 -1
1149766 3 -1
1149771 2 -1
1149965 1 -1
1149993 0 -1
1150228 3 1
1150244 2 1
1150255 10 -1
1150287 5 1
1150320 1 1
1150354 0 -1
1150373 8 -1
1150468 4 -1
1150626 7 1
1150846 12 -1
1150868 0 1
1150892 1 -1
1150916 3 1
1150921 2 -1
1151061 6 -1
1151126 4 1
1151233 11 1
1151359 0 1
1151412 1 -1
1151604 3 1
1151636 2 -1
1151642 13 1
1151642 9 1
1151717 5 1
1151766 1 -1
1151823 4 -1
1151867 0 1
1151996 6 -1
1152077 7 1
1152093 3 -1
1152106 2 1
1152179 0 1
1152222 8 -1
1152282 1 1
1152401 0 1
1152566 2 1
1152653 1 1
1152663 5 1
1152749 0 -1
1152805 3 -1
1152939 4 1
1152980 0 -1
1153007 6 -1
1153023 2 1
1153032 1 1
1153211 3 1
1153378 0 -1
1153560 7 -1
1153564 1 1
1153619 3 -1
1153705 0 -1
1153738 2 1
1153934 0 -1
1153943 1 -1
1153974 6 -1
1154068 4 -1
1154092 5 1
1154221 3 -1
1154246 0 -1
1154264 8 -1
1154382 10 -1
1154436 2 1
1154495 1 1
1154525 0 1
1154611 3 -1
1154794 4 -1
1154898 2 1
1154944 0 1
1155040 1 1
1155081 5 -1
1155081 9 -1
1155232 3 -1
1155361 6 -1
1155404 11 1
1155406 1 -1
1155597 0 -1
1155602 2 1
1155745 7 1
1155779 1 -1
1155914 4 1
1155920 15 1
1155968 3 1
1155987 0 1
1156006 5 -1
1156108 1 -1
1156210 0 -1
1156285 12 -1
1156323 2 1
1156433 0 1
1156436 3 -1
1156640 4 1
1156694 0 1
1156696 1 -1
1156769 6 1
1156801 2 1
1156882 3 -1
1157072 0 -1
1157099 7 -1
1157228 1 1
1157325 4 1
1157338 3 1
1157382 9 -1
1157392 8 -1
1157414 5 -1
1157430 0 1
1157500 2 1
1157607 1 1
1157688 0 1
1157758 6 1
1157946 3 1
1158060 0 1
1158200 1 1
1158209 2 1
1158381 5 -1
1158385 4 1
1158558 10 1
1158583 1 1
1158685 2 -1
1158688 0 1
1158693 3 -1
1158948 1 1
1159048 6 -1
1159074 7 1
1159082 4 -1
1159139 3 -1
1159252 8 -1
1159281 0 -1
1159376 2 1
1159490 1 1
1159684 0 -1
1159778 5 -1
1159827 3 -1
1159848 2 -1
1159864 1 1
1159891 0 -1
1160069 6 -1
1160138 4 -1
1160295 0 -1
1160316 2 -1
1160388 1 -1
1160391 3 -1
1160563 14 1
1160601 0 -1
1160781 3 -1
1160904 0 -1
1160907 9 -1
1160945 1 -1
1161015 2 -1
1161090 6 1
1161186 5 1
1161195 4 -1
1161203 7 -1
1161316 1 -1
1161348 10 1
1161383 3 -1
1161446 0 1
1161466 2 -1
1161509 12 -1
1161530 11 1
1161702 1 -1
1161788 3 1
1161872 4 1
1161982 0 -1
1162077 1 -1
1162170 2 -1
1162176 8 1
1162197 5 1
1162364 0 1
1162390 3 1
1162484 7 1
1162592 0 -1
1162622 4 1
1162638 6 1
1162638 1 -1
1162807 0 1
1162880 2 1
1162928 13 -1
1163041 0 1
1163148 3 1
1163220 1 -1
1163352 2 -1
1163371 4 1
1163385 0 -1
1163562 5 -1
1163573 3 -1
1163601 1 -1
1163780 0 -1
1163815 2 -1
1163839 7 -1
1163884 6 -1
1164024 0 1
1164110 9 1
1164149 1 -1
1164175 3 -1
1164293 2 1
1164395 4 -1
1164395 0 1
1164524 1 -1
1164648 0 -1
1164777 3 -1
1164875 1 1
1164914 0 -1
1165002 2 1
1165013 5 -1
1165142 8 -1
1165166 3 -1
1165185 7 1
1165282 10 1
1165379 6 -1
1165403 4 -1
1165415 1 1
1165534 0 -1
1165704 2 1
1165768 3 -1
1165778 1 -1
1165868 0 1
1165991 5 1
1166088 4 1
1166088 9 1
1166120 0 -1
1166166 2 1
1166340 1 1
1166370 3 -1
1166546 0 1
1166773 0 -1
1166776 3 1
1166867 2 1
1166898 1 -1
1166970 6 1
1167012 8 -1
1167026 0 1
1167144 4 1
1167184 3 -1
1167269 1 1
1167297 7 -1
1167324 2 1
1167362 5 -1
1167442 16 -1
1167590 0 1
1167609 3 1
1167676 1 -1
1167781 2 1
1167786 6 -1
1167829 10 -1
1167866 4 1
1167921 0 -1
1167958 12 -1
1168019 1 1
1168173 0 -1
1168222 3 1
1168509 2 -1
1168536 0 -1
1168591 1 -1
1168595 4 -1
1168678 5 -1
1168818 9 -1
1168829 3 1
1168840 0 -1
1168969 8 1
1168972 2 -1
1169123 1 -1
1169130 0 1
1169238 3 -1
1169291 6 -1
1169377 11 1
1169458 7 1
1169490 1 1
1169506 0 -1
1169598 5 -1
1169673 2 -1
1169692 4 1
1169756 0 -1
1169839 3 -1
1170056 1 -1
1170173 0 1
1170264 3 1
1170361 2 1
1170433 1 -1
1170449 4 1
1170495 5 -1
1170538 10 1
1170656 3 1
1170748 7 -1
1170753 0 1
1170788 1 1
1170839 2 -1
1170909 6 -1
1170979 8 1
1170995 0 -1
1171258 3 1
1171315 2 1
1171318 0 1
1171340 1 -1
1171468 5 1
1171626 4 1
1171661 3 -1
1171691 1 1
1171766 2 1
1171863 0 1
1172097 6 1
1172251 1 1
1172263 3 -1
1172312 9 1
1172468 2 -1
1172494 0 1
1172626 4 -1
1172796 1 1
1172844 7 -1
1172849 5 -1
1172911 0 1
1173032 3 -1
1173150 0 1
1173182 1 1
1173188 2 -1
1173360 4 -1
1173373 0 1
1173419 11 1
1173467 6 -1
1173569 3 -1
1173650 2 -1
1173672 0 1
1173699 1 1
1173817 8 1
1174015 3 -1
1174077 4 -1
1174088 0 -1
1174204 5 1
1174218 1 1
1174343 13 -1
1174365 2 -1
1174478 3 1
1174609 0 -1
1174621 1 -1
1174730 9 -1
1174730 10 -1
1174827 4 -1
1174838 2 1
1174891 6 1
1174959 0 1
1175106 5 1
1175166 3 1
1175178 1 -1
1175182 7 -1
1175206 0 1
1175295 2 1
1175547 0 -1
1175676 12 -1
1175730 1 -1
1175854 3 1
1175940 6 -1
1175980 4 -1
1176001 2 1
1176097 1 -1
1176098 0 1
1176380 3 1
1176474 1 -1
1176477 2 -1
1176482 0 1
1176514 5 -1
1176536 7 1
1176713 6 -1
1176794 8 -1
1176816 0 -1
1176818 1 -1
1177060 4 1
1177068 3 1
1177160 2 1
1177162 0 1
1177370 1 -1
1177461 14 -1
1177466 0 1
1177493 5 1
1177536 3 -1
1177589 11 1
1177649 10 1
1177730 0 1
1177769 4 -1
1177858 6 1
1177864 2 1
1177919 1 -1
1177982 3 -1
1178296 1 -1
1178312 0 1
1178331 2 1
1178342 9 -1
1178412 5 1
1178592 3 -1
1178709 0 1
1178713 7 -1
1178804 2 -1
1178815 8 1
1178858 4 1
1178882 1 1
1178968 0 1
1179073 3 -1
1179170 6 -1
1179241 1 -1
1179280 2 1
1179376 0 -1
1179605 0 1
1179616 1 -1
1179761 3 -1
1179879 5 1
1179879 0 -1
1179922 4 -1
1179954 13 -1
1179968 2 -1
1180144 1 -1
1180449 3 -1
1180455 0 1
1180523 1 -1
1180556 6 1
1180648 7 1
1180674 2 -1
1180685 9 -1
1180712 4 1
1180836 5 -1
1180857 15 1
1180992 3 1
1181026 0 1
1181055 1 -1
1181131 2 -1
1181384 3 1
1181435 0 -1
1181588 6 -1
1181615 1 1
1181696 0 -1
1181739 8 1
1181760 10 1
1181787 3 -1
1181841 2 -1
1181857 4 -1
1181998 1 1
1182007 0 -1
1182163 7 -1
1182254 5 -1
1182284 0 1
1182319 2 -1
1182324 1 1
1182389 3 -1
1182633 0 1
1182699 1 1
1182803 2 1
1182897 4 -1
1182991 3 -1
1183093 6 -1
1183179 9 1
1183208 0 1
1183260 1 1
1183504 2 1
1183507 3 -1
1183566 12 1
1183602 4 1
1183652 5 1
1183784 1 -1
1183792 0 1
1183969 2 1
1184158 1 -1
1184195 3 -1
1184308 6 1
1184340 7 1
1184402 0 1
1184566 5 1
1184598 8 1
1184673 2 1
1184686 4 1
1184721 3 -1
1184723 1 1
1185001 0 -1
1185098 1 -1
1185184 3 1
1185382 2 1
1185388 4 -1
1185472 1 -1
1185522 6 1
1185533 5 -1
1185533 0 -1
1185544 11 -1
1185630 13 1
1185716 14 -1
1185759 10 1
1185767 7 1
1185858 2 -1
1185872 3 1
1186053 4 1
1186085 1 -1
1186097 0 1
1186339 3 -1
1186425 0 -1
1186448 1 1
1186516 5 1
1186549 2 1
1186554 8 -1
1186659 0 1
1186769 9 1
1187006 6 1
1187012 1 -1
1187032 3 -1
1187186 4 1
1187223 2 -1
1187274 7 1
1187296 0 -1
1187307 17 -1
1187564 1 1
1187699 2 1
1187785 3 1
1187806 0 -1
1187847 4 1
1187919 1 -1
1187930 5 1
1188091 6 -1
1188252 3 -1
1188295 12 -1
1188314 1 1
1188363 0 1
1188419 2 1
1188596 10 1
1188602 0 -1
1188657 1 -1
1188698 3 -1
1188830 0 -1
1188874 4 1
1189080 9 1
1189123 2 -1
1189161 0 1
1189209 1 -1
1189225 7 -1
1189252 3 1
1189360 5 1
1189389 0 -1
1189499 8 1
1189596 6 -1
1189596 2 1
1189722 0 1
1189749 1 1
1189854 3 1
1189935 4 1
1190053 2 1
1190072 0 -1
1190124 1 1
1190209 16 1
1190280 0 1
1190327 5 1
1190488 3 -1
1190504 0 -1
1190526 2 -1
1190620 4 -1
1190672 1 -1
1190676 7 -1
1190749 0 -1
1190878 3 -1
1191015 6 1
1191023 1 1
1191109 0 -1
1191235 2 -1
1191345 4 1
1191396 1 1
1191402 10 1
1191457 0 1
1191480 3 -1
1191660 0 -1
1191670 5 -1
1191923 2 1
1191936 1 1
1192006 0 1
1192035 4 -1
1192036 15 1
1192036 9 1
1192082 3 -1
1192128 6 -1
1192291 1 -1
1192342 0 -1
1192358 8 1
1192375 2 1
1192488 3 1
1192614 0 -1
1192740 7 -1
1192853 1 1
1192952 0 -1
1192974 4 -1
1192982 6 1
1193036 5 1
1193089 3 1
1193103 2 -1
1193111 12 1
1193365 1 -1
1193517 0 1
1193541 11 1
1193562 2 -1
1193691 3 1
1193744 1 1
1193971 5 1
1193971 14 -1
1193982 4 1
1194038 2 1
1194062 10 1
1194102 0 -1
1194111 1 1
1194143 6 -1
1194213 3 1
1194369 8 1
1194449 0 -1
1194481 1 1
1194659 4 1
1194726 2 -1
1194739 0 1
1194868 7 -1
1194901 3 1
1195058 1 -1
1195202 2 1
1195269 0 1
1195282 5 1
1195438 3 1
1195530 6 -1
1195562 9 -1
1195607 0 1
1195630 1 1
1195747 4 -1
1195836 0 1
1195890 2 -1
1195906 3 -1
1195999 1 -1
1196239 0 1
1196408 7 1
1196489 4 -1
1196524 0 1
1196553 1 -1
1196594 3 -1
1196618 2 1
1196771 5 -1
1196803 0 -1
1196852 6 -1
1196852 13 -1
1197040 3 -1
1197073 1 -1
1197077 2 1
1197182 4 1
1197217 8 1
1197335 0 -1
1197389 9 -1
1197472 1 -1
1197550 2 1
1197658 5 -1
1197728 3 -1
1197738 7 -1
1197787 6 1
1197890 0 1
1198004 1 -1
1198015 2 1
1198093 10 1
1198311 4 1
1198397 0 -1
1198496 3 -1
1198573 1 -1
1198727 2 1
1198730 0 1
1198942 3 -1
1198944 1 1
1198980 5 -1
1199007 0 -1
1199066 8 1
1199068 4 -1
1199130 9 1
1199149 7 1
1199404 3 1
1199432 2 1
1199528 1 -1
1199574 0 -1
1199625 6 -1
1199867 1 1
1199888 2 1
1199918 0 1
1199936 5 1
1199950 3 -1
1200100 4 -1
1200154 0 1
1200230 1 -1
1200504 0 -1
1200552 3 -1
1200616 2 -1
1200718 0 1
1200786 1 -1
1200861 5 1
1200984 6 -1
1201024 0 1
1201079 2 -1
1201084 4 1
1201108 8 1
1201161 1 -1
1201167 3 -1
1201237 17 1
1201269 7 1
1201323 9 1
1201554 2 1
1201576 3 1
1201581 11 -1
1201616 0 -1
1201717 1 -1
1201785 4 1
1201957 6 -1
1202006 0 -1
1202092 10 1
1202140 12 -1
1202248 2 -1
1202272 0 -1
1202274 3 -1
1202280 5 -1
1202287 1 1
1202495 4 -1
1202652 1 -1
1202688 2 -1
1202696 0 1
1202736 3 1
1202997 0 1
1203007 1 1
1203196 4 -1
1203204 3 -1
1203236 5 1
1203277 7 1
1203306 0 1
1203382 1 1
1203387 6 -1
1203398 2 -1
1203844 0 -1
1203892 3 -1
1203958 1 -1
1204139 2 -1
1204182 8 -1
1204226 9 -1
1204240 4 -1
1204338 3 -1
1204387 0 1
1204496 1 -1
1204534 7 -1
1204591 2 -1
1204704 5 1
1204752 10 -1
1204764 0 1
1204877 1 -1
1204995 0 -1
1205021 6 1
1205066 2 1
1205144 3 1
1205246 0 -1
1205284 4 -1
1205408 11 1
1205441 1 1
1205512 0 -1
1205529 2 1
1205746 3 1
1205804 1 -1
1205902 6 1
1205953 0 -1
1206002 4 1
1206101 5 1
1206106 8 1
1206171 3 -1
1206181 1 -1
1206235 2 1
1206534 0 1
1206560 3 -1
1206582 7 -1
1206731 1 -1
1206784 16 -1
1206878 0 -1
1206945 2 1
1206966 3 1
1207052 5 1
1207058 4 1
1207090 0 1
1207090 1 1
1207106 9 -1
1207370 0 -1
1207402 2 1
1207547 6 1
1207568 3 1
1207602 0 1
1207622 1 1
1207730 15 -1
1207775 4 -1
1207977 5 1
1207993 7 1
1208065 0 1
1208098 2 1
1208170 3 1
1208184 1 -1
1208364 13 1
1208388 0 1
1208529 4 -1
1208562 2 1
1208567 1 -1
1208578 3 -1
1208611 0 -1
1208686 10 -1
1208761 6 1
1208920 1 1
1208922 5 -1
1208966 0 -1
1209036 2 -1
1209073 8 -1
1209127 9 -1
1209180 3 -1
1209271 1 -1
1209277 11 -1
1209339 7 1
1209527 0 -1
1209570 3 -1
1209694 4 -1
1209723 2 1
1209847 1 1
1210067 0 -1
1210078 3 -1
1210094 12 1
1210202 2 -1
1210223 6 -1
1210331 5 1
1210355 4 1
1210379 1 1
1210433 0 1
1210481 14 -1
1210685 0 1
1210766 3 -1
1210766 1 1
1210911 2 -1
1211105 0 1
1211298 1 -1
1211303 3 -1
1211314 10 1
1211363 7 -1
1211366 4 -1
1211443 0 1
1211578 6 1
1211599 2 1
1211673 1 -1
1211709 0 1
1211846 5 1
1211922 8 -1
1211991 3 -1
1212010 1 1
1212072 9 1
1212075 2 -1
1212088 0 1
1212341 0 1
1212386 4 1
1212491 6 -1
1212550 2 1
1212592 1 -1
1212679 3 -1
1212685 0 -1
1212706 5 -1
1212757 7 1
1212971 1 -1
1213023 2 1
1213034 0 1
1213060 4 -1
1213211 3 1
1213314 0 1
1213515 1 -1
1213531 0 1
1213614 3 -1
1213727 2 -1
1213789 4 -1
1213794 0 1
1213835 8 1
1213878 10 -1
1213910 6 1
1214023 3 1
1214050 9 1
1214075 1 1
1214157 5 -1
1214214 0 1
1214434 1 1
1214437 2 -1
1214563 4 -1
1214625 3 1
1214748 7 1
1214751 0 -1
1214777 1 -1
1214910 2 1
1215135 5 1
1215178 1 1
1215235 3 1
1215383 0 -1
1215458 6 -1
1215611 2 1
1215635 0 -1
1215651 4 1
1215724 1 1
1215764 3 1
1215791 8 -1
1215942 9 1
1215987 0 -1
1216033 5 1
1216284 1 -1
1216323 2 1
1216326 0 1
1216452 3 1
1216458 6 1
1216549 0 -1
1216655 1 -1
1216740 4 -1
1216780 2 1
1216916 0 -1
1216925 7 -1
1216979 3 1
1217102 11 -1
1217179 1 1
1217264 6 -1
1217350 5 1
1217433 4 -1
1217446 3 -1
1217457 0 1
1217490 2 1
1217542 1 -1
1217726 8 1
1217739 0 -1
1217913 1 1
1218003 0 -1
1218134 3 -1
1218167 6 1
1218167 2 -1
1218272 7 -1
1218328 5 -1
1218344 10 -1
1218469 1 -1
1218497 4 -1
1218564 0 -1
1218580 3 -1
1218642 2 1
1218822 12 -1
1218846 1 -1
1219037 9 1
1219075 0 1
1219215 4 1
1219268 3 -1
1219330 2 -1
1219372 1 -1
1219408 0 1
1219618 6 1
1219618 13 -1
1219639 5 -1
1219651 0 1
1219731 7 1
1219833 2 1
1219865 0 -1
1219948 4 1
1219948 1 1
1220048 3 -1
1220134 0 1
1220287 2 1
1220291 1 -1
1220494 3 -1
1220527 0 1
1220585 8 1
1220847 1 1
1220859 10 1
1220978 6 -1
1220994 2 1
1221037 9 -1
1221061 4 -1
1221077 0 1
1221128 5 1
1221182 7 1
1221284 3 1
1221391 1 1
1221450 2 1
1221682 0 -1
1221738 4 1
1221782 1 1
1221886 3 1
1221980 0 -1
1221993 5 -1
1222160 2 1
1222187 6 1
1222273 0 1
1222294 3 1
1222310 1 -1
1222830 4 -1
1222856 0 1
1222867 2 1
1222893 1 -1
1222896 3 1
1222907 12 1
1223238 1 -1
1223254 0 1
1223270 7 -1
1223321 2 1
1223348 5 1
1223444 6 1
1223525 0 -1
1223530 8 -1
1223606 3 1
1223612 1 -1
1223794 2 -1
1223866 0 1
1223910 4 -1
1223995 1 -1
1224068 3 -1
1224183 0 -1
1224261 2 -1
1224267 6 -1
1224304 9 -1
1224447 0 -1
1224514 3 -1
1224541 15 -1
1224548 1 1
1224656 4 -1
1224761 5 1
1224874 10 1
1224960 2 -1
1224976 3 1
1224998 0 -1
1225057 11 1
1225100 13 -1
1225136 1 -1
1225196 6 1
1225245 7 -1
1225368 0 -1
1225519 1 -1
1225626 8 -1
1225659 5 -1
1225664 3 1
1225669 2 -1
1225712 4 -1
1225726 0 -1
1226087 1 1
1226145 2 1
1226172 0 -1
1226422 3 -1
1226450 1 -1
1226563 0 1
1226583 12 1
1226624 7 1
1226716 4 1
1226776 6 -1
1226793 0 1
1226833 1 1
1226833 2 -1
1226868 3 -1
1226992 14 -1
1227099 5 -1
1227139 0 -1
1227309 2 1
1227373 1 1
1227454 4 1
1227470 3 -1
1227475 0 1
1227486 9 1
1227741 0 1
1227744 1 1
1227776 2 1
1227894 3 1
1227959 6 -1
1228101 0 1
1228280 1 1
1228303 3 -1
1228311 0 -1
1228324 17 1
1228441 4 -1
1228475 2 1
1228486 5 1
1228550 0 -1
1228550 8 -1
1228631 7 1
1228850 1 -1
1228878 0 -1
1228905 3 -1
1228937 2 1
1229066 10 1
1229141 0 1
1229203 1 1
1229294 3 -1
1229421 9 1
1229469 6 -1
1229496 5 1
1229526 4 1
1229587 0 1
1229590 1 1
1229641 2 1
1229896 3 -1
1229945 0 1
1229985 7 -1
1229985 1 1
1230214 0 -1
1230283 4 -1
1230369 2 1
1230431 5 1
1230501 3 -1
1230509 0 1
1230513 1 -1
1230517 8 1
1230582 13 -1
1230724 0 -1
1230786 6 -1
1230845 2 -1
1230910 3 1
1231025 4 1
1231098 1 1
1231178 0 1
1231313 2 -1
1231388 5 -1
1231409 3 1
1231493 1 -1
1231501 7 -1
1231786 0 -1
1231786 2 1
1231791 4 -1
1231791 6 -1
1231872 3 -1
1231872 10 1
1232029 1 -1
1232136 0 -1
1232430 8 -1
1232449 0 -1
1232487 2 1
1232560 3 -1
1232613 1 1
1232656 9 -1
1232737 0 1
1232801 5 1
1232847 4 -1
1232981 0 -1
1232992 1 1
1233097 11 -1
1233178 2 -1
1233204 6 1
1233317 3 1
1233462 0 -1
1233536 1 -1
1233650 2 1
1233718 7 1
1233785 3 -1
1234016 4 -1
1234030 0 -1
1234084 1 -1
1234204 5 1
1234344 2 -1
1234379 0 -1
1234398 6 1
1234435 1 1
1234473 3 -1
1234592 0 1
1234677 10 1
1234733 4 -1
1234812 0 -1
1234817 2 1
1234996 1 1
1235069 0 -1
1235080 7 1
1235161 3 -1
1235166 5 -1
1235247 12 1
1235279 2 1
1235382 1 1
1235386 8 1
1235429 6 1
1235497 0 1
1235505 9 -1
1235607 3 -1
1235749 1 -1
1235830 4 1
1235882 0 1
1235978 2 1
1236135 0 1
1236295 3 -1
1236310 1 1
1236322 16 -1
1236440 2 1
1236488 0 1
1236555 4 1
1236612 5 -1
1236670 1 1
1236730 0 1
1236757 6 -1
1237004 0 -1
1237101 3 1
1237117 11 -1
1237144 2 1
1237212 1 -1
1237268 8 1
1237321 7 1
1237386 4 -1
1237434 10 1
1237493 3 1
1237531 5 -1
1237581 0 1
1237633 9 -1
1237777 1 1
1237859 2 1
1238095 3 1
1238148 1 1
1238152 0 1
1238170 6 -1
1238332 2 -1
1238439 5 -1
1238458 4 -1
1238502 1 -1
1238517 3 -1
1238560 0 -1
1238805 2 -1
1238821 0 -1
1238873 1 -1
1238923 3 1
1239063 6 -1
1239135 0 -1
1239180 4 -1
1239267 2 -1
1239388 0 -1
1239413 1 -1
1239450 7 1
1239525 3 1
1239737 0 -1
1239933 3 -1
1239960 5 1
1239962 1 -1
1239971 2 -1
1240041 6 -1
1240170 8 -1
1240175 4 1
1240261 0 1
1240338 1 -1
1240535 3 -1
1240659 2 1
1240729 9 1
1240772 7 -1
1240796 0 1
1240836 11 -1
1240863 5 1
1240909 1 1
1241040 6 -1
1241105 0 1
1241116 2 1
1241199 4 1
1241250 3 -1
1241288 1 1
1241417 0 1
1241481 15 1
1241546 10 -1
1241660 1 1
1241712 3 1
1241825 2 1
1241868 13 1
1241872 4 -1
1242010 0 -1
1242158 3 -1
1242158 7 1
1242160 1 -1
1242244 5 -1
1242301 2 -1
1242395 6 -1
1242489 0 -1
1242519 1 -1
1242548 3 -1
1242606 4 -1
1242763 2 -1
1243002 0 -1
1243029 14 1
1243050 8 -1
1243065 1 -1
1243150 3 -1
1243327 4 1
1243352 0 -1
1243464 2 -1
1243513 7 -1
1243556 0 -1
1243605 1 -1
1243631 9 1
1243663 5 -1
1243873 3 1
1243916 2 -1
1243943 6 1
1243970 0 1
1243972 1 -1
1244340 3 -1
1244342 0 1
1244464 4 1
1244537 1 -1
1244598 5 -1
1244609 2 1
1244658 0 -1
1244975 8 1
1244996 6 -1
1245042 0 -1
1245081 1 1
1245093 12 1
1245095 3 -1
1245313 2 1
1245404 0 -1
1245452 1 -1
1245501 3 1
1245564 4 -1
1245571 5 1
1245649 7 1
1245706 10 1
1245719 0 1
1245824 2 -1
1245910 3 -1
1245988 1 1
1246082 9 -1
1246280 6 1
1246283 0 1
1246358 4 1
1246436 5 -1
1246506 2 1
1246512 3 -1
1246544 1 -1
1246813 0 -1
1246886 1 1
1246901 3 -1
1246920 8 -1
1247146 6 -1
1247213 2 1
1247290 1 -1
1247358 4 -1
1247404 0 1
1247644 1 1
1247651 3 -1
1247678 0 1
1247689 2 -1
1247753 7 1
1247909 5 1
1247909 0 -1
1247963 6 1
1248060 17 1
1248201 1 1
1248296 11 1
1248339 3 -1
1248377 2 1
1248409 0 1
1248479 4 -1
1248532 9 1
1248575 10 1
1248741 1 1
1248823 3 1
1248930 8 -1
1249005 0 1
1249081 2 1
1249091 7 -1
1249144 1 -1
1249224 4 -1
1249231 5 1
1249556 2 -1
1249564 3 -1
1249624 0 1
1249640 6 1
1249708 1 1
1249856 0 1
1250018 2 -1
1250070 0 -1
1250075 1 1
1250188 5 -1
1250252 3 -1
1250276 4 -1
1250403 9 -1
1250424 0 -1
1250454 1 1
1250494 2 1
1250666 0 -1
1250698 3 -1
1250779 6 -1
1250940 14 -1
1250974 1 -1
1251048 0 1
1251107 7 -1
1251188 2 -1
1251361 1 -1
1251386 3 -1
1251397 4 1
1251499 12 1
1251582 0 1
1251607 5 1
1251822 8 -1
1251886 2 -1
1251893 1 1
1251988 0 -1
1252074 3 -1
1252144 6 1
1252179 4 -1
1252295 0 1
1252362 2 1
1252381 10 -1
1252471 1 1
1252494 7 -1
1252536 3 1
1252574 5 -1
1252792 0 -1
1252818 1 -1
1253074 2 1
1253093 3 -1
1253112 0 -1
1253167 1 -1
1253223 4 -1
1253284 13 1
1253337 6 1
1253426 0 1
1253498 3 1
1253509 5 -1
1253509 1 -1
1253531 2 1
1253692 9 -1
1253842 0 1
1253864 7 1
1253969 4 -1
1254006 2 -1
1254082 1 1
1254100 3 1
1254133 0 -1
1254337 0 -1
1254573 6 -1
1254622 1 1
1254665 2 -1
1254681 8 -1
1254689 0 -1
1254710 4 -1
1254718 3 1
1254913 0 1
1254944 5 -1
1254993 1 1
1255111 3 1
1255122 10 -1
1255143 2 1
1255261 0 -1
1255553 1 -1
1255791 4 -1
1255842 0 1
1255858 2 1
1255869 3 1
1255898 1 1
1255906 5 1
1255976 6 -1
1256108 0 -1
1256137 7 1
1256143 11 1
1256266 1 -1
1256336 3 -1
1256438 0 -1
1256544 4 1
1256575 2 1
1256616 8 1
1256637 9 -1
1256782 3 -1
1256788 6 1
1256814 1 -1
1256992 0 1
1257038 2 1
1257088 12 -1
1257198 1 -1
1257368 5 1
1257470 3 -1
1257476 7 -1
1257508 0 1
1257513 2 -1
1257588 4 1
1257734 10 1
1257774 1 1
1257932 3 1
1257981 2 -1
1258099 0 1
1258217 6 -1
1258250 15 1
1258330 1 1
1258391 0 1
1258592 4 1
1258679 3 1
1258680 2 -1
1258721 1 -1
1258722 5 -1
1258736 0 -1
1259002 9 -1
1259023 16 1
1259092 1 1
1259195 14 -1
1259281 3 1
1259324 0 1
1259366 4 -1
1259381 2 -1
1259475 7 -1
1259485 1 -1
1259561 8 -1
1259684 3 -1
1259690 5 1
1259840 6 1
1259843 2 -1
1259864 0 -1
1260035 1 -1
1260047 4 1
1260109 3 1
1260466 0 1
1260518 3 -1
1260544 2 -1
1260575 1 -1
1260593 12 1
1260662 5 -1
1260708 4 -1
1260810 0 -1
1260918 1 1
1261071 0 -1
1261092 6 -1
1261119 3 -1
1261232 2 1
1261484 1 -1
1261509 0 1
1261523 7 -1
1261528 8 1
1261646 5 1
1261711 2 -1
1261721 3 -1
1261756 4 -1
1261829 10 1
1261845 1 1
