114 0 1
375 3 -1
398 0 1
400 1 -1
568 5 -1
625 0 -1
652 2 -1
787 1 -1
807 4 -1
832 6 -1
1004 3 1
1127 2 1
1138 7 1
1166 1 -1
1240 0 1
1393 3 1
1509 8 1
1575 1 1
1815 2 -1
1853 0 -1
1896 10 1
1904 4 1
1960 11 1
1982 9 -1
1992 5 -1
1995 3 1
2003 6 1
2158 1 -1
2294 2 1
2388 0 1
2417 3 -1
2561 4 -1
2646 0 -1
2698 1 -1
2799 2 -1
2885 5 -1
2922 3 -1
2938 0 1
3077 1 -1
3299 7 1
3347 6 1
3457 0 1
3481 2 1
3597 4 -1
3610 3 -1
3625 1 -1
3954 2 -1
4020 1 1
4035 0 1
4078 3 1
4282 12 1
4286 4 1
4347 8 1
4352 5 -1
4355 1 1
4422 6 -1
4454 15 -1
4642 0 -1
4664 2 -1
4766 3 1
4907 1 1
4947 4 -1
5056 9 1
5247 0 1
5286 1 1
5298 7 1
5349 2 1
5400 14 -1
5475 13 1
5524 3 -1
5626 0 -1
5749 5 -1
5803 2 1
5826 1 1
5916 0 1
5927 6 -1
5951 4 1
6023 10 1
6058 3 1
6088 11 1
6281 2 -1
6282 8 -1
6324 0 1
6406 1 -1
6644 4 -1
6660 3 1
6674 0 -1
6684 7 1
6701 5 -1
6757 2 1
6809 1 1
6951 0 -1
6969 9 1
7023 6 1
7200 1 1
7238 0 1
7262 3 1
7469 2 1
7526 0 -1
7589 1 1
7668 3 -1
7668 5 1
7740 4 1
7985 0 1
8044 6 -1
8103 7 -1
8140 1 1
8154 2 -1
8205 8 1
8270 3 -1
8545 0 1
8571 5 1
8630 2 1
8700 1 -1
8817 4 -1
8872 3 -1
8875 0 1
8893 10 1
9075 1 -1
9165 0 -1
9280 3 1
9318 2 -1
9377 0 1
9399 6 -1
9514 4 1
9571 7 -1
9597 0 1
9605 1 -1
9656 12 1
9670 3 1
9796 2 1
9974 1 1
9979 5 -1
10025 0 -1
10076 3 -1
10087 9 -1
10248 4 1
10258 2 1
10259 8 1
10332 1 -1
10405 0 1
10463 6 -1
10710 0 1
10801 3 1
10897 1 1
10949 4 -1
10981 2 1
11188 0 1
11274 1 1
11444 2 1
11489 3 1
11495 5 -1
11524 0 -1
11602 10 1
11775 1 -1
11833 0 1
11933 7 1
11935 9 -1
11951 3 -1
12005 4 -1
12075 6 1
12150 2 1
12180 0 -1
12306 1 1
12354 5 1
12424 0 1
12639 3 -1
12678 1 -1
12743 0 1
12860 2 1
13025 4 -1
13045 1 -1
13088 0 -1
13107 3 1
13279 8 -1
13317 2 1
13397 0 -1
13424 1 -1
13542 6 1
13660 3 -1
13718 4 1
13730 13 -1
13795 2 -1
13806 5 1
13806 0 1
13913 9 -1
13964 1 -1
14085 11 -1
14101 7 1
14262 3 -1
14271 2 1
14375 0 -1
14440 10 1
14524 1 -1
14536 6 1
14655 3 -1
14730 4 -1
14784 5 -1
14797 0 1
14917 1 1
14983 2 1
15117 0 1
15257 3 -1
15343 6 -1
15399 4 1
15488 7 1
15496 1 -1
15552 0 1
15668 2 -1
15681 5 -1
15827 12 1
15835 0 -1
15923 3 1
16006 1 1
16063 15 1
16076 4 1
16106 0 1
16117 2 -1
16149 8 -1
16256 6 1
16375 1 -1
16439 3 1
16681 0 -1
16708 9 1
16826 2 -1
16885 3 1
16903 1 -1
16998 5 -1
17182 0 1
17205 4 -1
17302 2 1
17347 3 -1
17479 7 1
17497 1 -1
17538 0 -1
17761 2 1
17783 14 -1
17826 0 1
17852 1 1
17922 4 1
17976 5 1
18035 3 -1
18073 6 -1
18105 8 1
18113 0 -1
18361 0 1
18414 1 1
18438 10 1
18495 2 1
18696 0 -1
18723 3 -1
18729 9 1
18781 1 -1
18809 7 1
18957 2 1
19087 4 -1
19176 1 -1
19185 0 -1
19191 3 1
19271 5 1
19374 17 1
19632 6 -1
19664 2 1
19712 1 -1
19830 0 1
19879 3 1
20045 0 -1
20075 4 1
20079 1 -1
20274 0 1
20373 2 1
20405 12 1
20406 7 -1
20567 3 1
20615 0 -1
20625 1 -1
20674 5 -1
20749 6 -1
20776 4 -1
20825 2 1
20913 0 -1
21013 3 1
21018 8 -1
21151 1 1
21314 0 -1
21526 2 1
21538 1 1
21652 9 -1
21663 5 1
21792 4 -1
21843 0 1
21862 3 1
21897 1 -1
21986 6 -1
22039 11 1
22158 0 -1
22238 2 1
22268 1 -1
22464 3 1
22464 0 1
22639 7 -1
22695 2 1
22792 10 1
22828 1 -1
22872 3 -1
22876 4 1
22902 0 1
23017 5 -1
23071 6 1
23399 2 1
23406 1 -1
23474 3 -1
23490 0 1
23687 4 -1
23771 1 1
23826 0 1
23894 3 1
23985 7 1
24017 8 1
24039 0 -1
24060 6 1
24087 2 -1
24260 0 1
24288 3 1
24311 1 1
24431 5 -1
24509 0 1
24565 2 1
24686 4 1
24698 1 1
24890 3 1
24899 9 1
24901 0 -1
24952 13 1
25028 2 1
25037 1 -1
25113 12 -1
25296 3 -1
25328 5 1
25441 0 -1
25503 2 -1
25589 1 -1
25597 10 1
25640 6 -1
25775 4 1
25788 0 1
25898 3 -1
25954 1 1
25995 8 -1
26011 0 -1
26016 16 1
26145 7 -1
26223 2 -1
26315 0 -1
26502 1 1
26520 4 1
26567 0 -1
26575 3 1
26715 6 1
26769 5 1
26917 0 1
26919 2 1
26920 9 -1
27054 3 -1
27089 1 -1
27250 4 1
27376 2 1
27443 1 1
27478 0 1
27521 3 1
27822 0 1
27824 1 1
27943 4 -1
27967 3 1
28071 0 1
28086 2 1
28185 1 -1
28209 5 1
28225 7 -1
28365 0 1
28435 6 1
28564 2 -1
28604 0 -1
28655 3 1
28725 1 -1
28800 9 -1
28887 8 1
28991 0 1
29040 2 1
29112 4 1
29144 5 1
29277 1 1
29343 3 1
29495 0 -1
29608 1 1
29644 7 -1
29752 2 1
29805 3 -1
29983 10 1
30037 0 1
30079 11 -1
30080 6 1
30101 5 -1
30168 1 -1
30196 4 -1
30209 2 1
30340 0 1
30493 3 -1
30531 1 1
30596 9 1
30598 0 1
30878 1 -1
30918 2 1
30922 4 -1
30961 3 1
30982 6 -1
31068 5 1
31079 7 -1
31168 0 1
31407 3 1
31476 1 -1
31528 0 -1
31595 2 -1
31735 8 1
31738 0 -1
31827 1 1
31942 4 -1
32036 6 -1
32071 2 1
32116 0 -1
32143 31 1
32256 3 -1
32379 1 1
32385 0 1
32466 5 -1
32530 2 1
32571 7 -1
32692 0 1
32697 3 -1
32716 4 1
32929 1 1
32960 6 1
32987 2 1
33003 15 1
33280 0 -1
33299 3 -1
33308 1 1
33401 4 -1
33562 9 -1
33667 1 -1
33691 8 -1
33715 2 -1
33826 0 -1
33895 5 -1
33901 3 -1
34034 1 -1
34180 0 -1
34293 3 -1
34293 14 -1
34304 10 -1
34402 0 1
34422 2 1
34489 4 -1
34508 6 -1
34578 7 1
34578 1 -1
34637 12 1
34698 0 1
34820 5 -1
34830 3 1
34879 2 1
34986 0 1
35126 1 -1
35166 4 1
35277 3 1
35494 0 -1
35505 1 -1
35588 2 1
35830 6 1
35965 3 1
36047 1 -1
36061 2 -1
36077 0 1
36271 13 -1
36292 5 1
36293 9 1
36319 4 -1
36416 1 1
36438 0 -1
36521 2 -1
36618 7 1
36652 3 1
36677 0 -1
36722 6 -1
36744 8 1
36787 1 1
36894 0 1
36948 10 1
37115 3 -1
37152 5 -1
37217 0 1
37222 2 -1
37331 1 1
37391 4 -1
37604 0 1
37690 2 -1
37710 1 1
37867 7 1
37938 0 1
37964 3 -1
38012 11 1
38077 6 -1
38157 4 -1
38160 0 -1
38173 5 -1
38227 9 1
38290 1 1
38356 3 -1
38388 2 -1
38571 0 1
38743 8 -1
38759 3 1
38810 1 -1
38826 4 1
38969 0 -1
39098 2 -1
39173 0 -1
39207 1 1
39361 3 1
39388 6 -1
39560 4 1
39574 2 1
39582 5 1
39654 0 -1
39770 3 -1
39790 1 -1
39979 7 1
40033 2 1
40068 0 -1
40299 0 1
40310 1 1
40355 12 1
40372 3 -1
40484 5 1
40487 2 1
40624 6 1
40648 4 1
40667 0 1
40667 8 1
40669 1 -1
40974 3 -1
40979 0 1
41130 9 -1
41185 1 1
41186 2 -1
41269 0 -1
41366 3 -1
41398 10 1
41495 7 -1
41696 4 1
41761 1 -1
41769 3 1
41796 6 -1
41825 0 1
41871 2 1
41909 5 1
42128 1 1
42177 3 -1
42204 13 1
42328 2 1
42351 0 1
42398 4 -1
42505 1 1
42720 16 -1
42825 7 1
42851 1 -1
42930 3 1
42933 0 1
43056 2 -1
43107 17 -1
43220 5 1
43250 0 -1
43397 6 1
43430 1 1
43505 8 1
43516 2 -1
43530 4 -1
43537 0 1
43596 3 -1
43688 11 1
43930 0 -1
43980 1 1
43989 3 -1
43991 2 1
44118 5 1
44163 4 -1
44247 9 -1
44276 0 1
44361 1 1
44580 6 -1
44591 3 -1
44698 2 -1
44733 0 -1
44816 7 -1
44889 4 1
44966 1 1
45004 3 1
45096 5 -1
45107 0 1
45174 2 1
45316 1 -1
45330 0 1
45440 8 -1
45450 3 1
45472 12 1
45510 10 1
45606 0 1
45663 1 1
45851 0 1
45864 2 -1
45945 4 1
46052 3 1
46053 5 1
46085 6 1
46155 7 1
46179 1 -1
46262 0 1
46375 9 -1
46442 3 1
46542 1 1
46574 2 -1
46625 0 1
46703 4 -1
46945 0 -1
47031 2 -1
47044 3 1
47098 1 1
47235 6 -1
47291 0 1
47299 13 -1
47450 5 -1
47504 2 1
47530 0 1
47579 11 -1
47670 1 -1
47697 3 -1
47723 4 -1
47751 0 -1
47979 2 -1
48069 1 1
48105 3 1
48154 7 1
48277 6 1
48331 8 -1
48364 0 -1
48420 1 -1
48621 10 -1
48670 2 1
48707 3 1
48771 4 -1
48783 1 1
48914 0 1
48917 5 1
49309 3 1
49339 1 -1
49377 2 1
49385 9 -1
49454 6 -1
49460 0 -1
49500 4 -1
49699 3 1
49718 0 1
49804 5 -1
49831 2 1
49879 1 1
49968 0 -1
50169 7 1
50202 14 1
50254 1 1
50266 6 1
50301 3 1
50318 4 1
50373 15 1
50516 0 1
50546 2 1
50826 1 1
50859 0 1
50903 3 1
51072 4 1
51080 0 -1
51158 5 1
51189 1 -1
51244 2 1
51276 8 1
51309 3 -1
51540 0 1
51576 1 -1
51664 12 -1
51674 6 -1
51701 7 1
51701 2 1
51717 3 1
51763 0 -1
52002 0 -1
52107 3 1
52144 4 1
52148 1 1
52346 0 1
52394 9 1
52395 10 1
52429 2 1
52475 1 1
52582 0 -1
52593 5 1
52754 3 -1
52991 0 1
53039 17 1
53043 1 -1
53093 6 1
53120 2 -1
53208 4 -1
53211 8 -1
53217 7 -1
53340 0 -1
53356 3 -1
53544 5 1
53581 1 1
53585 0 -1
53598 2 1
53749 11 -1
53749 3 -1
53819 0 -1
53958 4 -1
53966 1 1
54050 6 1
54072 0 -1
54308 2 1
54333 1 1
54351 3 -1
54458 9 -1
54477 0 -1
54539 7 1
54692 1 -1
54764 3 1
54765 2 1
54958 5 1
54966 0 1
55022 4 -1
55124 6 -1
55125 8 1
55227 3 -1
55243 2 -1
55260 1 -1
55522 10 -1
55554 0 -1
55732 4 1
55788 1 1
55791 12 1
55914 3 -1
55955 2 -1
56060 6 1
56140 0 1
56159 1 1
56382 3 1
56404 5 1
56431 2 1
56477 4 1
56512 0 1
56538 7 1
56699 1 1
56734 0 -1
57049 8 -1
57058 1 1
57073 0 1
57108 2 -1
57134 3 -1
57366 5 -1
57409 1 1
57442 0 1
57511 9 1
57618 4 -1
57684 0 1
57785 3 -1
57801 2 1
57908 6 -1
57914 0 -1
57965 1 1
58134 10 1
58158 0 -1
58177 3 -1
58199 13 -1
58199 15 1
58274 2 -1
58287 4 1
58336 1 1
58532 0 -1
58580 3 1
58634 7 -1
58750 2 1
58827 5 -1
58883 0 1
58904 1 -1
58989 3 -1
59118 0 1
59209 2 1
59279 4 -1
59400 1 1
59464 0 -1
59478 6 -1
59591 3 -1
59693 5 1
59694 0 1
59755 1 1
59913 2 1
59924 0 1
59940 12 -1
60026 8 1
60113 1 -1
60134 7 -1
60155 9 1
60193 3 -1
60416 0 -1
60424 6 -1
60460 4 -1
60508 1 -1
60585 3 -1
60601 2 -1
60639 5 -1
60969 0 -1
61079 2 1
61093 4 -1
61093 1 -1
61187 3 -1
61343 0 -1
61552 11 -1
61566 0 1
61589 1 -1
61590 3 1
61789 2 1
61826 0 1
61842 4 -1
61928 6 -1
61955 1 -1
61998 3 -1
62047 5 1
62047 0 1
62101 7 -1
62262 2 1
62391 9 -1
62402 0 1
62467 1 1
62471 10 1
62584 4 -1
62627 3 -1
62727 2 1
62748 0 1
62993 8 1
63003 5 -1
63024 1 1
63025 0 1
63030 3 1
63272 6 -1
63386 1 -1
63388 0 -1
63433 2 1
63439 7 1
63572 4 1
63632 3 1
63643 0 -1
63890 2 1
63896 0 -1
63971 1 -1
64234 3 1
64358 6 1
64368 5 1
64452 0 -1
64515 1 -1
64600 2 1
64643 3 -1
64696 4 -1
64902 1 -1
64917 8 -1
64954 7 -1
65038 0 1
65067 3 1
65245 10 -1
65328 2 -1
65379 11 1
65410 4 -1
65411 0 1
65457 3 1
65486 16 1
65495 1 -1
65616 9 -1
65637 6 -1
65640 0 -1
65790 2 -1
65809 5 1
65859 1 1
65873 0 -1
66059 3 1
66078 0 -1
66238 1 1
66413 4 -1
66432 0 -1
66475 6 1
66491 2 -1
66661 3 1
66712 14 1
66712 15 1
66755 0 -1
66760 5 1
66794 1 -1
66986 7 -1
66997 0 -1
67066 3 -1
67155 1 1
67198 2 -1
67322 0 1
67478 4 -1
67562 0 1
67636 2 1
67711 1 -1
67722 5 -1
67776 3 -1
67784 0 -1
67830 9 1
67894 8 1
67937 6 1
68002 12 1
68184 3 1
68215 1 1
68276 4 1
68319 2 -1
68386 0 1
68437 7 -1
68552 1 -1
68574 3 1
68646 5 -1
68923 1 -1
68945 0 -1
69028 2 -1
69176 3 1
69283 0 -1
69296 1 -1
69316 4 -1
69334 11 -1
69453 10 1
69507 2 1
69512 6 1
69536 0 1
69582 3 -1
69743 13 -1
69808 8 -1
69852 1 -1
69859 0 -1
69963 2 1
70092 5 -1
70165 0 -1
70184 3 -1
70302 6 1
70434 2 -1
70440 1 -1
70493 4 1
70533 0 1
70710 7 -1
70785 1 1
70786 3 -1
71119 2 1
71143 0 1
71162 9 1
71178 4 -1
71194 3 1
71334 6 -1
71355 1 -1
71511 5 -1
71584 3 1
71690 0 1
71706 1 1
71721 8 1
71828 2 1
71989 3 -1
72073 1 -1
72183 0 -1
72269 6 1
72285 2 1
72294 4 -1
72516 5 1
72524 0 1
72649 1 1
72763 0 1
72790 7 -1
72796 3 1
72927 4 -1
72981 2 1
73034 1 1
73183 0 1
73322 10 -1
73441 2 1
73467 6 1
73484 3 1
73584 1 1
73604 4 1
73750 0 -1
73881 5 -1
73892 12 -1
73898 2 1
73930 3 1
74045 0 1
74163 1 1
74177 7 1
74301 0 1
74524 1 -1
74607 2 1
74618 3 1
74661 4 1
74688 8 -1
74838 14 1
74843 5 1
74860 0 1
74860 9 1
74988 6 1
75084 1 1
75085 2 -1
75338 3 -1
75354 4 -1
75421 0 -1
75539 7 1
75620 1 -1
75773 5 1
75773 2 1
75805 3 1
75811 6 -1
75937 0 -1
75993 1 -1
76128 10 -1
76208 0 -1
76434 4 1
76477 2 1
76493 3 1
76515 0 -1
76555 1 1
76612 8 1
76849 0 1
76956 2 -1
76982 7 1
77055 1 -1
77063 0 -1
77117 9 -1
77149 6 -1
77181 3 1
77246 5 -1
77310 11 1
77410 1 -1
77412 2 -1
77525 0 1
77555 4 -1
77627 3 1
77781 1 1
77891 2 1
78095 5 1
78119 0 -1
78137 1 1
78240 4 1
78369 3 -1
78369 0 -1
78396 6 -1
78597 0 -1
78600 2 1
78687 1 1
78837 3 1
78936 0 -1
78949 4 1
78982 7 -1
79105 9 1
79127 10 1
79181 0 1
79240 1 1
79283 3 1
79304 2 1
79395 6 -1
79503 8 1
79570 0 1
79596 1 1
79616 5 -1
79691 4 1
79718 12 1
79772 2 1
79970 3 1
80086 0 -1
80130 1 -1
80433 3 -1
80470 2 1
80497 1 1
80599 0 1
80707 13 -1
80743 4 1
80884 1 -1
80933 7 1
80986 5 1
80986 0 1
81029 16 1
81072 6 -1
81121 3 -1
81201 2 1
81228 0 -1
81309 9 -1
81432 1 -1
81658 2 1
81685 0 1
81803 4 1
81809 3 -1
81813 1 -1
81884 5 1
81948 10 1
82032 0 1
82126 6 1
82233 15 -1
82266 0 -1
82276 3 1
82335 7 1
82356 1 -1
82365 2 1
82448 8 -1
82494 0 -1
82585 4 -1
82722 3 1
82744 0 -1
82797 5 1
82908 1 -1
83066 2 1
83093 14 1
83152 0 1
83184 3 -1
83263 1 1
83523 2 1
83657 4 1
83658 1 -1
83674 0 -1
83738 5 1
83888 6 -1
83921 3 1
84008 1 1
84012 0 1
84147 9 -1
84233 2 1
84286 0 1
84415 4 1
84426 8 1
84431 7 1
84532 1 1
84568 0 1
84657 3 -1
84708 2 -1
84824 0 1
85088 1 1
85103 5 -1
85117 4 -1
85125 3 1
85170 2 -1
85264 0 1
85372 11 -1
85377 6 -1
85447 1 1
85651 0 1
85813 3 1
85856 2 1
85899 10 1
85904 0 1
85909 12 -1
86003 1 1
86205 4 -1
86259 3 1
86296 8 -1
86318 0 -1
86331 2 -1
86350 6 -1
86431 7 1
86447 13 1
86548 1 1
86554 5 -1
86600 0 -1
86667 3 -1
86898 1 1
86951 4 -1
86963 0 -1
87038 2 -1
87269 3 -1
87446 6 1
87455 1 -1
87479 5 -1
87624 0 -1
87661 3 -1
87742 2 -1
87801 9 -1
87946 7 -1
87978 4 -1
88007 1 -1
88157 0 1
88231 2 -1
88231 8 1
88263 3 -1
88370 1 -1
88543 6 -1
88683 2 -1
88707 0 -1
88898 5 -1
88922 3 1
88946 1 1
88970 4 1
89027 0 -1
89158 2 1
89309 1 -1
89314 0 -1
89327 3 -1
89657 1 1
89696 0 1
89712 4 1
89736 3 1
89811 5 -1
89843 6 -1
89849 2 -1
89881 7 1
90128 3 1
90183 1 1
90300 10 -1
90314 0 -1
90478 4 1
90506 1 1
90564 2 -1
90596 9 -1
90650 0 -1
90730 3 1
90736 5 -1
90875 12 -1
90892 0 -1
91037 2 1
91086 1 1
91123 0 1
91144 6 1
91260 4 -1
91332 3 1
91348 8 -1
91416 0 1
91624 1 1
91741 3 -1
91746 2 1
91843 0 1
92022 1 -1
92074 7 1
92154 13 -1
92192 5 1
92222 2 -1
92235 6 -1
92332 4 1
92343 3 -1
92378 0 -1
92384 1 1
92684 2 -1
92735 3 -1
92743 1 -1
92774 0 -1
92961 10 1
93031 0 1
93122 5 1
93138 3 1
93280 0 -1
93283 11 1
93319 1 -1
93358 2 1
93400 4 1
93485 0 -1
93541 7 -1
93815 2 1
93860 1 -1
93896 6 1
93917 0 -1
93955 3 -1
94065 4 -1
94197 8 -1
94234 1 -1
94337 9 1
94422 3 1
94476 0 -1
94530 5 1
94530 2 1
94680 12 -1
94775 1 -1
95019 0 -1
95035 6 1
95061 4 1
95109 1 -1
95110 3 1
95229 2 1
95344 0 -1
95480 1 -1
95661 0 -1
95691 2 1
95710 4 1
95766 7 -1
95771 3 1
95820 6 1
95863 17 1
95938 5 1
96040 1 -1
96056 8 -1
96180 3 -1
96180 2 -1
96223 0 -1
96397 1 1
96431 4 1
96465 9 -1
96672 2 1
96707 3 -1
96755 0 1
96793 5 -1
96967 1 -1
97110 11 -1
97174 3 1
97217 0 -1
97225 7 -1
97228 6 1
97362 2 -1
97363 10 1
97467 0 -1
97475 4 1
97572 1 -1
97714 0 -1
97738 5 -1
97755 15 1
97862 3 1
97939 1 1
98066 0 1
98072 2 -1
98176 4 -1
98195 6 -1
98228 9 1
98297 1 -1
98386 0 1
98529 2 -1
98550 3 1
98625 5 -1
98668 7 1
98676 1 -1
98848 0 1
98894 8 -1
98996 3 1
99217 1 -1
99227 2 -1
99257 4 1
99302 14 -1
99423 0 1
99664 0 1
99703 2 1
99706 3 -1
99749 1 -1
99754 6 -1
99969 0 -1
100023 5 1
100128 1 -1
100168 2 1
100173 3 1
100265 10 -1
100281 4 -1
100531 0 -1
100619 3 1
100662 1 -1
100676 7 1
100872 2 1
100885 0 -1
100947 8 -1
100974 4 1
101038 1 -1
101104 0 1
101151 11 1
101248 6 1
101307 3 1
101329 2 1
101363 1 -1
101420 5 1
101471 0 -1
101710 9 1
101716 4 1
101737 0 1
101769 3 -1
101917 1 -1
102013 0 -1
102033 6 1
102043 2 1
102095 7 1
102296 1 1
102344 5 1
102433 4 1
102457 3 -1
102576 0 1
102699 12 1
102742 2 1
102852 1 -1
102871 8 1
102933 0 1
102989 10 1
103145 3 -1
103161 0 -1
103218 2 -1
103405 1 1
103409 13 1
103452 6 1
103487 0 1
103542 4 -1
103602 9 1
103613 3 1
103699 2 -1
103720 5 -1
103759 1 -1
103796 0 1
103933 7 1
104035 0 -1
104138 1 -1
104156 2 -1
104301 3 1
104489 1 1
104537 4 1
104591 0 -1
104623 5 -1
104817 6 1
104865 2 -1
104931 0 1
105041 1 -1
105056 3 1
105236 0 1
105238 4 -1
105462 3 -1
105553 2 1
105580 5 -1
105607 0 1
105626 1 1
105730 8 1
105763 6 1
105992 1 1
106021 7 1
106031 2 -1
106064 3 -1
106096 0 1
106289 9 1
106331 4 1
106467 0 -1
106528 1 -1
106665 3 -1
106695 0 -1
106735 2 -1
106891 1 1
107009 5 -1
107052 4 1
107063 0 1
107074 3 1
107101 10 1
107198 2 -1
107266 1 1
107410 0 -1
107423 7 1
107439 6 -1
107541 3 -1
107630 0 1
107654 8 -1
107676 2 1
107734 4 -1
107798 1 1
107877 0 1
107998 5 1
108009 3 1
108106 0 -1
108173 1 -1
108380 2 1
108463 0 -1
108697 3 1
108717 1 1
108783 12 -1
108818 4 -1
108837 2 1
108923 7 1
108966 6 1
109087 0 1
109294 1 -1
109385 3 1
109439 5 1
109458 0 1
109535 4 1
109536 2 1
109578 11 -1
109644 1 1
109665 10 -1
109694 0 1
109751 9 -1
109828 3 1
109901 6 1
109912 0 -1
110167 0 -1
110176 1 -1
110250 2 1
110414 7 -1
110452 3 1
110578 8 1
110586 0 1
110652 4 1
110669 6 1
110707 2 1
110761 1 -1
110836 5 -1
110858 3 -1
111120 1 1
111172 0 -1
111266 3 1
111417 2 1
111535 0 1
111632 6 -1
111636 1 -1
111707 9 1
111742 0 1
111760 5 -1
111777 4 -1
111868 3 1
111992 0 1
112094 2 -1
112184 1 -1
112279 0 -1
112330 3 -1
112341 7 -1
112409 4 -1
112567 1 -1
112567 2 -1
112631 0 -1
112923 1 1
112932 3 -1
112962 0 1
113136 5 1
113222 0 1
113260 6 -1
113260 2 1
113294 1 1
113490 4 1
113534 3 -1
113545 8 -1
113687 0 1
113760 10 1
113865 1 1
113937 3 1
113956 2 1
114007 0 -1
114093 15 -1
114179 12 -1
114281 0 1
114346 3 -1
114421 2 1
114433 1 -1
114477 7 1
114593 5 -1
114622 4 1
114630 13 1
114644 0 1
114674 9 1
114738 3 -1
114794 1 -1
114867 0 -1
114888 6 -1
114894 2 -1
115329 0 1
115340 11 -1
115344 1 1
115356 4 1
115361 2 -1
115453 5 1
115576 8 1
115592 3 1
115598 16 1
115735 1 -1
115743 7 1
115813 14 -1
115840 0 1
115931 6 1
116060 2 -1
116065 1 -1
116119 0 1
116280 3 1
116380 4 -1
116420 0 1
116598 1 -1
116743 3 -1
116772 2 -1
116941 5 1
116948 1 1
116964 0 1
117092 6 -1
117245 2 1
117431 3 -1
117453 0 1
117468 4 1
117505 1 1
117533 8 -1
117619 9 -1
117788 0 1
117933 2 -1
117952 7 -1
117952 10 -1
118049 6 -1
118049 1 1
118065 3 -1
118088 0 1
118165 4 -1
118296 5 -1
118309 0 -1
118409 2 1
118436 1 1
118457 3 -1
118581 0 -1
118806 1 1
118814 4 -1
118871 2 1
118962 6 1
119059 3 -1
119067 0 -1
119145 1 -1
119247 5 1
119282 7 1
119381 11 -1
119446 8 1
119540 4 -1
119586 2 -1
119597 9 -1
119661 3 -1
119717 0 1
119742 1 -1
120059 2 1
120112 3 -1
120113 5 -1
120254 0 -1
120260 1 1
120470 0 -1
120478 6 -1
120612 7 -1
120632 1 -1
120648 4 1
120666 0 -1
120760 2 1
120843 12 1
120886 10 1
120924 3 -1
121038 0 1
121085 5 1
121195 1 1
121271 0 -1
121359 6 1
121391 3 1
121451 2 -1
121553 1 1
121660 4 -1
121682 0 1
121838 3 1
121918 1 -1
121929 2 1
122257 0 1
122390 4 -1
122397 5 1
122407 2 -1
122413 8 -1
122471 1 -1
122526 3 1
122585 9 -1
122644 7 -1
122789 6 1
122833 1 1
122862 0 -1
122875 2 -1
122988 3 -1
123353 10 1
123390 1 1
123488 0 1
123514 4 1
123574 2 -1
123676 3 -1
123724 17 1
123845 0 1
123885 5 -1
123930 1 1
123966 7 1
124149 0 1
124208 4 -1
124251 6 1
124251 2 1
124307 1 1
124364 3 -1
124563 0 -1
124679 1 -1
124713 2 1
124745 5 1
124826 0 1
124831 3 1
124869 4 1
125064 1 1
125108 0 1
125272 8 -1
125277 3 1
125315 11 1
125358 6 -1
125417 2 1
125420 0 1
125444 9 -1
125604 1 1
125616 12 -1
125710 0 -1
125734 3 -1
125895 2 -1
125917 13 -1
125933 4 1
125981 10 -1
126094 5 -1
126100 0 -1
126139 1 1
126191 7 -1
126352 2 -1
126443 6 1
126454 3 1
126492 0 -1
126501 1 1
126642 4 -1
126757 0 1
126986 0 1
127035 5 -1
127050 1 1
127080 2 1
127142 3 1
127228 8 1
127240 0 1
127422 9 -1
127426 1 1
127475 6 1
127556 2 1
127588 3 1
127682 0 1
127706 4 1
127779 1 -1
127938 5 -1
128274 2 1
128276 3 1
128331 0 1
128335 7 1
128336 1 -1
128644 0 -1
128658 1 -1
128738 4 -1
128846 3 -1
128937 0 -1
128964 2 -1
129018 6 -1
129168 0 -1
129184 1 1
129270 11 -1
129314 9 -1
129383 3 -1
129390 0 1
129399 5 -1
129437 2 1
129452 4 -1
129706 7 1
129770 1 -1
129827 0 -1
129894 2 1
130071 3 -1
130130 12 -1
130149 1 -1
130165 4 1
130173 6 1
130227 8 -1
130335 10 -1
130351 5 1
130351 2 1
130370 0 1
130539 3 1
130548 1 1
130895 1 1
130899 4 1
130931 0 -1
131044 7 -1
131079 2 -1
131195 6 -1
131203 0 1
131227 3 1
131334 13 -1
131442 9 -1
131447 1 -1
131471 0 -1
131770 2 1
131818 5 1
131821 0 1
131909 3 1
131923 4 1
131987 1 -1
132055 0 1
132065 18 1
132151 8 1
132237 14 -1
132243 2 -1
132371 3 -1
132374 1 -1
132401 0 -1
132527 7 -1
132906 1 -1
132909 6 -1
132922 4 -1
132931 2 1
132941 0 1
133059 3 -1
133097 11 1
133097 15 -1
133183 0 1
133188 5 -1
133409 2 -1
133481 0 -1
133491 1 1
133672 4 -1
133747 3 -1
133858 1 -1
133866 2 -1
134046 0 -1
134086 8 -1
134161 5 1
134317 3 1
134416 1 1
134484 6 1
134578 0 1
134591 2 -1
134645 9 -1
134672 7 1
134753 10 1
134809 4 1
134959 0 -1
135002 1 -1
135005 3 1
135021 5 -1
135053 2 -1
135161 0 -1
135373 1 1
135438 0 -1
135462 6 1
135546 4 -1
135693 3 1
135758 2 -1
135768 0 1
135905 1 1
135924 5 -1
136155 3 -1
136185 0 -1
136284 1 1
136288 4 -1
136467 2 -1
136623 3 1
136639 1 -1
136687 13 -1
136752 6 1
136760 7 -1
136764 0 1
136935 2 -1
136967 8 -1
137187 3 -1
137203 1 1
137313 0 -1
137352 4 -1
137359 5 -1
137408 2 1
137477 10 1
137544 1 -1
137570 0 1
137590 9 -1
137800 0 1
137805 3 -1
137886 2 -1
138074 4 1
138092 1 1
138146 7 1
138147 0 -1
138376 0 1
138407 3 -1
138482 6 1
138558 16 1
138593 2 -1
138650 1 1
138724 0 -1
138816 3 1
138848 5 1
138988 8 -1
139029 1 1
139033 4 1
139071 0 -1
139283 2 1
139295 0 1
139331 12 1
139404 1 -1
139417 3 1
139482 9 -1
139546 6 1
139622 0 -1
139708 5 -1
139729 2 1
139775 1 -1
139955 3 1
139968 0 1
140186 4 1
140202 0 1
140323 1 -1
140363 14 -1
140401 3 1
140428 7 1
140433 2 1
140527 0 1
140826 6 -1
140847 1 1
140885 0 1
140895 4 -1
141089 3 1
141116 11 -1
141121 2 -1
141127 0 1
141164 5 -1
141230 1 1
141350 0 -1
141363 10 1
141551 3 -1
141570 0 1
141600 2 1
141637 4 -1
141718 7 1
141782 1 1
141914 0 -1
141922 6 -1
142083 8 1
142132 5 1
142165 1 -1
142239 3 -1
142253 0 1
142309 2 1
142403 4 -1
142513 9 -1
142519 0 1
142528 1 1
142868 6 -1
142889 0 -1
142986 3 -1
143013 2 1
143040 5 1
143092 1 1
143096 0 1
143120 7 1
143330 0 -1
143389 3 1
143461 1 1
143479 4 1
143481 2 1
143679 0 -1
143798 3 -1
143901 0 1
144009 1 1
144040 10 1
144169 17 1
144179 2 1
144190 3 -1
144244 0 -1
144276 6 1
144373 9 -1
144512 5 1
144568 0 1
144576 4 -1
144596 1 -1
144636 2 1
144792 3 -1
144795 0 -1
144963 1 1
145015 0 -1
145018 8 -1
145093 6 -1
145141 2 -1
145233 7 1
145235 0 1
145269 4 -1
145321 1 -1
145394 3 -1
145421 5 1
145587 0 1
145700 1 -1
145797 3 1
145827 2 1
145902 0 1
146148 0 1
146240 1 -1
146302 2 -1
146340 9 -1
146345 4 -1
146399 3 1
146490 0 -1
146754 6 1
146789 1 -1
146807 3 -1
146840 0 -1
146845 7 -1
146877 8 -1
146883 5 1
146958 10 1
146990 2 1
147042 4 -1
147044 0 1
147176 1 -1
147200 3 -1
147385 0 -1
147700 2 1
147705 0 -1
147744 1 -1
147780 12 1
147804 4 -1
147936 6 -1
147944 0 -1
147974 13 1
148054 3 1
148082 1 1
148172 2 -1
148237 5 -1
148272 0 1
148461 1 1
148495 0 -1
148516 3 -1
148618 14 -1
148653 2 1
148721 0 -1
148925 4 1
148962 11 -1
148989 7 -1
148995 6 1
149018 1 1
149062 0 1
149118 2 1
149204 3 -1
149204 5 1
149242 9 -1
149308 0 1
149386 1 1
149634 0 -1
149687 4 -1
149769 6 1
149801 2 -1
149822 8 1
149892 3 -1
149949 1 -1
149976 0 1
150145 5 1
150204 0 1
150360 3 1
150405 0 1
150465 1 -1
150494 2 -1
150618 6 -1
150642 0 1
150779 4 -1
150817 3 -1
150823 1 1
150956 2 -1
150970 0 -1
150972 10 1
150981 7 -1
151134 5 -1
151206 1 1
151209 3 -1
151312 0 1
151531 0 -1
151542 9 -1
151565 1 -1
151663 2 -1
151757 15 1
151795 4 -1
151811 3 -1
151881 0 -1
152125 0 -1
152128 2 -1
152149 1 -1
152321 0 -1
152337 6 -1
152413 3 -1
152424 7 -1
152466 5 1
152544 4 -1
152553 8 -1
152606 2 1
152671 0 -1
152690 1 -1
152853 3 -1
152892 0 1
153024 1 -1
153176 12 -1
153222 0 -1
153262 4 1
153308 2 1
153472 3 -1
153488 10 -1
153559 0 1
153586 1 1
153762 2 1
153789 0 1
153842 7 1
153864 3 -1
153950 5 1
153963 1 -1
153982 6 1
153987 4 1
154130 0 -1
154267 3 1
154320 1 1
154455 2 -1
154473 0 1
154563 8 -1
154692 0 -1
154745 9 -1
154858 5 1
154869 3 1
154878 1 1
154917 6 1
155017 0 1
155076 4 -1
155127 2 1
155261 1 1
155277 3 -1
155342 7 -1
155369 0 1
155594 0 -1
155605 2 -1
155820 0 1
155830 1 -1
155879 3 -1
156026 0 1
156081 2 1
156108 4 -1
156212 5 -1
156362 1 -1
156375 0 1
156379 6 1
156481 3 -1
156540 2 1
156726 0 -1
156737 1 -1
156785 4 1
156852 11 1
156873 3 -1
157016 0 1
157131 5 -1
157242 2 1
157260 12 1
157277 3 1
157281 1 -1
157303 6 -1
157357 7 -1
157443 8 -1
157457 0 1
157470 10 -1
157723 3 1
157731 0 -1
157829 1 1
157913 4 -1
157932 2 -1
157951 0 -1
158067 5 -1
158200 1 1
158239 6 1
158325 3 -1
158378 9 -1
158405 2 1
158513 0 1
158716 1 -1
158927 3 -1
159018 4 -1
159058 0 -1
159120 2 1
159228 13 -1
159268 1 -1
159330 3 1
159397 7 -1
159432 5 1
159494 0 1
159577 2 1
159647 1 1
159748 4 -1
159776 6 1
159843 0 -1
159975 3 -1
160002 1 -1
160055 2 -1
160147 0 -1
160292 8 -1
160292 9 -1
160356 17 -1
160372 1 -1
160388 5 -1
160458 0 -1
160593 3 -1
160751 4 1
160765 2 -1
160786 6 1
160856 7 -1
160856 0 -1
160957 1 1
161001 3 1
161184 0 1
161240 2 1
161461 0 -1
161525 1 1
161614 3 1
161646 16 -1
161711 10 1
161754 5 1
161770 0 -1
161815 4 1
161884 1 -1
161928 2 -1
161990 0 -1
162216 3 1
162240 0 -1
162259 6 1
162259 9 -1
162291 8 1
162464 1 -1
162557 4 1
162560 0 -1
162635 2 -1
162732 3 1
162827 1 1
162847 0 -1
162920 7 -1
163092 2 -1
163151 5 -1
163222 1 -1
163229 0 1
163479 3 -1
163570 2 1
163584 0 -1
163653 4 -1
163721 6 -1
163753 12 1
163795 1 1
163809 0 1
163946 3 1
164030 0 -1
164043 5 -1
164075 2 -1
164145 1 -1
164161 8 1
164194 9 -1
164226 31 1
164322 4 1
164352 0 1
164363 7 -1
164392 3 1
164548 10 1
164559 6 1
164613 11 1
164730 1 -1
164769 2 1
164798 0 -1
164989 5 -1
165056 4 1
165080 3 1
165129 14 -1
165236 1 1
165346 0 1
165465 2 1
165542 3 -1
165608 1 -1
165887 7 1
165924 0 1
165930 2 1
165935 5 1
165987 1 -1
166053 8 -1
166085 6 1
166222 0 -1
166230 3 -1
166233 4 1
166358 1 1
166537 0 -1
166634 2 1
166898 1 1
166918 3 -1
166971 4 1
167064 10 -1
167072 0 1
167090 2 1
167171 9 -1
167343 5 -1
167386 3 1
167467 1 -1
167569 2 -1
167622 0 1
167817 1 1
167827 6 -1
167832 3 1
167837 15 -1
168055 4 -1
168071 7 -1
168141 0 1
168281 2 -1
168394 1 -1
168396 3 1
168421 0 1
168697 6 1
168719 0 1
168756 2 1
168789 5 -1
168923 8 -1
168936 1 -1
168998 3 -1
169047 4 1
169285 1 1
169326 0 -1
169442 2 -1
169514 7 -1
169600 3 -1
169600 12 -1
169697 5 -1
169772 10 1
169821 4 -1
169873 1 1
169931 0 1
170003 3 1
170105 6 1
170148 2 -1
170310 0 -1
170429 1 1
170600 0 1
170611 9 1
170621 2 -1
170627 4 1
170718 3 1
170780 1 -1
170836 13 -1
171008 0 1
171164 3 1
171196 5 1
171304 4 -1
171315 2 1
171336 1 -1
171358 0 -1
171596 0 1
171691 3 1
171723 1 -1
171804 7 -1
171836 6 -1
171858 8 1
172024 2 1
172038 0 1
172096 1 -1
172376 4 -1
172379 3 1
172495 2 -1
172567 11 -1
172626 0 1
172631 5 1
172642 1 -1
172830 6 -1
172841 3 -1
172911 9 -1
172965 0 -1
173021 1 -1
173172 2 1
173268 0 -1
173341 12 -1
173424 4 -1
173540 5 1
173602 1 1
173626 3 -1
173696 8 1
173755 0 -1
173776 6 -1
173860 2 -1
173916 7 1
174053 4 -1
174083 0 1
174144 1 -1
174255 3 -1
174255 10 1
174306 0 -1
174351 2 1
174541 1 -1
174654 0 1
174658 3 1
174717 6 -1
174827 2 1
174870 0 -1
174887 1 1
174964 5 1
175066 3 -1
175106 0 -1
175206 4 1
175238 1 -1
175262 7 1
175303 2 -1
175458 3 -1
175477 0 -1
175725 0 1
175774 1 1
175964 13 1
175972 4 -1
175985 2 1
176060 3 -1
176077 0 -1
176093 9 -1
176329 6 1
176331 1 1
176404 5 1
176574 0 1
176630 8 -1
176641 4 1
176662 3 -1
176691 1 1
176695 2 1
176848 0 -1
177065 3 1
177066 0 -1
177170 2 -1
177278 1 -1
177366 5 -1
177367 7 1
177630 0 1
177645 1 1
177667 3 1
177721 4 1
177855 6 -1
177861 2 1
177963 9 -1
178007 1 -1
178092 3 -1
178181 0 -1
178285 16 1
178334 2 -1
178436 8 -1
178479 4 -1
178570 1 1
178576 10 -1
178613 0 -1
178629 3 1
178678 5 -1
178801 2 -1
178855 0 -1
178930 6 1
178955 1 1
179094 0 -1
179221 3 -1
179360 0 -1
179390 7 1
179479 1 -1
179500 2 -1
179616 4 -1
179624 3 1
179661 5 1
179801 0 -1
179957 2 -1
180075 1 -1
180177 9 1
180226 3 1
180231 6 1
180349 11 -1
180349 0 1
180403 8 1
180432 1 1
180478 12 -1
180543 5 -1
180666 2 -1
180701 0 -1
180704 4 1
180828 3 1
180897 7 1
180958 1 -1
180994 0 1
181166 14 1
181220 10 1
181306 0 1
181365 3 1
181376 2 1
181392 6 1
181437 4 1
181514 1 -1
181585 0 1
181671 13 -1
181827 3 -1
181849 2 -1
181877 1 -1
181988 5 -1
182040 0 -1
182295 3 1
182311 2 -1
182429 4 -1
182445 6 1
182447 1 1
182633 0 1
182789 2 1
182940 5 1
182945 0 -1
182961 1 1
182983 3 1
182994 7 1
183209 8 1
183235 0 1
183241 9 -1
183300 1 -1
183496 2 1
183504 0 1
183526 4 1
183671 3 1
183671 1 -1
183808 0 1
184050 1 -1
184063 3 1
184095 6 -1
184154 2 1
184281 0 -1
184299 4 1
184348 15 -1
184391 5 1
184608 1 1
184627 2 -1
184751 3 -1
184834 0 1
185152 1 1
185154 7 -1
185189 0 1
185219 3 1
185251 8 -1
185294 6 1
185342 2 1
185428 4 -1
185466 0 -1
185525 1 1
185573 10 1
185665 3 1
185716 0 -1
185756 5 -1
185960 9 -1
185984 0 1
186046 2 1
186081 1 1
186326 12 -1
186342 0 -1
186352 3 1
186448 1 -1
186452 4 -1
186522 2 -1
186581 7 -1
186653 6 -1
186694 0 -1
186745 5 1
186795 1 1
186815 3 -1
186909 0 1
187145 4 1
187213 2 1
187253 0 -1
187367 1 -1
187503 3 -1
187605 0 -1
187669 5 1
187722 1 1
187835 4 -1
187884 0 1
187917 2 1
187992 7 1
188002 6 -1
188185 8 1
188191 3 -1
188270 1 1
188287 0 -1
188298 10 1
188373 2 1
188389 11 1
188564 4 -1
188615 5 -1
188658 3 1
188830 1 -1
188849 0 1
189102 2 -1
189209 0 1
189209 1 -1
189217 6 -1
189314 7 -1
189424 3 1
189438 0 -1
189443 9 1
189564 1 1
189564 2 -1
189628 4 -1
189679 0 -1
189890 0 1
189923 1 -1
190012 5 1
190039 3 1
190040 2 1
190141 6 -1
190195 12 -1
190238 0 -1
190448 3 -1
190471 1 1
190725 4 1
190725 2 -1
190749 0 -1
191009 1 1
191050 3 -1
191077 8 1
191139 0 1
191141 6 -1
191152 10 1
191190 2 -1
191351 0 -1
191378 1 1
191402 4 -1
191418 7 -1
191528 5 1
191593 0 -1
191652 3 -1
191816 0 1
191896 1 -1
191910 2 -1
192044 3 -1
192087 17 1
192144 0 1
192273 1 1
192393 5 -1
192458 4 -1
192517 11 1
192528 3 -1
192538 6 -1
192598 2 1
192647 1 1
192665 0 1
192667 13 -1
192947 9 -1
192990 3 1
193001 8 -1
193076 2 -1
193155 4 -1
193162 0 -1
193192 1 1
193291 15 -1
193400 0 1
193552 2 1
193566 1 1
193678 3 1
193683 7 1
193690 0 1
193850 5 -1
193889 4 -1
193914 6 -1
194014 2 1
194113 1 1
194234 0 -1
194366 3 1
194631 1 1
194694 2 -1
194758 3 1
194772 0 1
194860 5 1
194882 6 1
194882 12 1
194893 8 1
194957 10 -1
194981 1 -1
195030 4 1
195102 7 1
195118 9 -1
195348 1 -1
195360 0 -1
195419 2 -1
195457 3 -1
195684 0 1
195715 4 -1
195723 1 -1
195774 5 1
195887 2 -1
195903 0 -1
195924 3 1
196271 1 -1
196370 3 1
196490 0 1
196575 2 1
196580 11 1
196709 6 -1
196752 8 1
196822 0 1
196827 1 1
196831 4 -1
197048 2 -1
197058 3 1
197119 0 1
197134 7 1
197187 5 1
197204 9 -1
197206 1 1
197515 2 -1
197561 0 -1
197644 3 1
197666 6 1
197738 1 1
197779 10 -1
197781 0 1
197848 14 1
197976 4 -1
198022 0 -1
198096 5 1
198109 1 -1
198214 2 -1
198332 3 1
198476 1 -1
198520 7 -1
198601 12 1
198625 4 -1
198628 0 1
198690 2 1
198692 6 -1
199020 3 1
199056 1 1
199145 0 1
199367 4 1
199402 2 1
199415 1 -1
199466 3 1
199482 5 -1
199719 9 1
199740 8 -1
199775 0 1
199963 7 1
199971 3 1
199982 1 1
200076 4 1
200079 0 1
200095 2 -1
200111 6 1
200372 0 -1
200499 1 -1
200530 3 -1
200571 2 1
200844 1 1
200912 0 -1
201041 5 1
201181 6 -1
201189 4 1
201201 1 -1
201272 2 1
201294 3 1
201444 0 -1
201537 1 1
201820 0 -1
201826 10 -1
201922 5 1
201960 2 1
201981 3 1
202096 1 1
202100 7 -1
202116 0 1
202285 4 1
202320 11 1
202385 0 -1
202438 2 -1
202444 3 -1
202546 6 -1
202608 0 1
202621 8 -1
202628 1 -1
202664 15 -1
202686 9 1
202847 5 1
202962 4 -1
203007 1 -1
203035 0 1
203094 3 -1
203142 2 -1
203430 0 1
203502 3 1
203503 7 -1
203583 1 -1
203683 0 1
203707 5 -1
203852 2 -1
203895 3 1
203911 6 1
204018 13 1
204035 0 1
204079 1 1
204107 4 -1
204319 2 -1
204407 0 1
204426 1 -1
204497 3 1
204712 0 1
204749 8 -1
204792 2 1
204905 3 -1
204964 6 -1
205006 1 1
205072 0 -1
205126 5 -1
205167 4 1
205249 2 1
205424 0 -1
205574 1 -1
205625 3 1
205639 0 1
205717 11 -1
205744 7 1
205803 12 1
205889 9 1
205921 6 1
205921 10 1
205932 14 1
205937 4 1
205949 1 -1
205977 2 -1
206066 0 1
206348 0 -1
206405 3 1
206506 1 1
206582 5 -1
206641 0 -1
206655 2 1
206851 3 1
206872 1 -1
207082 6 1
207106 4 1
207114 2 1
207232 0 1
207263 1 -1
207313 3 -1
207490 5 -1
207566 16 -1
207662 8 -1
207738 9 1
207781 3 1
207795 1 1
207797 0 1
207799 7 1
207818 2 1
208122 0 1
208170 1 1
208219 4 -1
208286 2 1
208353 0 -1
208468 3 1
208646 0 1
208678 10 1
208716 6 -1
208747 1 -1
208759 2 -1
208898 0 1
208963 5 -1
208968 4 -1
209156 3 1
209299 0 1
209299 1 1
209315 7 -1
209447 2 1
209586 8 1
209602 3 1
209656 0 1
209670 1 1
209920 5 1
209922 2 -1
209947 0 1
210024 1 -1
210057 4 1
210167 6 1
210290 3 1
210363 0 -1
210371 1 1
210608 0 1
210629 2 -1
210746 4 -1
210753 3 -1
210833 5 1
210855 7 1
210931 1 -1
210943 0 1
211166 3 -1
211344 2 -1
211435 6 -1
211443 4 1
211457 9 -1
211465 0 1
211500 8 -1
211512 1 -1
211774 2 1
211790 3 1
211822 11 -1
211879 1 -1
212069 0 1
212145 7 1
212180 3 1
212241 5 1
212252 2 -1
212419 1 -1
212467 0 1
212503 4 -1
212710 0 -1
212728 2 1
212781 3 1
212802 1 -1
213074 0 1
213080 10 1
213169 1 1
213198 6 1
213209 5 1
213241 4 1
213418 2 -1
213488 3 1
213651 0 1
213729 1 -1
213800 9 -1
213934 3 1
214036 12 1
214100 1 -1
214128 2 -1
214187 14 1
214208 6 -1
214210 0 1
214289 7 -1
214297 4 1
214337 8 -1
214456 3 1
214606 5 1
214606 2 1
214664 1 -1
214775 0 1
214934 3 -1
215023 0 1
215047 13 1
215208 6 -1
215220 1 -1
215240 0 1
215297 4 -1
215308 2 1
215587 1 -1
215622 3 -1
215732 0 -1
215767 2 1
215946 1 1
215998 4 -1
216014 5 -1
216224 7 -1
216245 2 -1
216262 8 1
216294 3 -1
216313 0 1
216341 1 1
216364 6 1
216466 9 -1
216691 4 1
216702 3 1
216881 1 1
216928 0 1
216928 2 1
217025 5 -1
217129 0 1
217197 6 -1
217293 3 -1
217352 4 1
217369 10 -1
217385 2 1
217401 0 -1
217449 1 -1
217748 0 1
217772 7 1
217796 1 -1
217895 3 -1
217938 5 -1
217971 0 -1
218113 2 -1
218298 3 1
218325 0 -1
218352 1 1
218505 4 -1
218664 6 -1
218711 1 -1
218804 2 1
218841 5 -1
218882 0 -1
218900 3 1
219090 1 -1
219131 8 1
219193 0 -1
219277 2 -1
219407 0 1
219502 3 1
219518 15 1
219540 9 -1
219626 4 1
219666 1 -1
219731 0 1
219744 2 -1
219771 7 -1
219798 11 1
219911 3 -1
219977 1 -1
220007 0 1
220142 6 -1
220158 10 -1
220217 2 1
220295 4 -1
220368 5 1
220456 0 1
220513 3 -1
220513 1 -1
220722 13 -1
220905 3 -1
220918 2 1
221034 6 1
221066 0 1
221069 1 -1
221287 7 1
221335 9 -1
221440 4 -1
221453 3 1
221460 1 -1
221606 0 1
221628 2 1
221716 5 -1
221831 1 -1
222071 2 -1
222098 8 -1
222141 6 1
222141 0 1
222163 3 1
222189 4 -1
222194 1 1
222582 5 1
222679 3 1
222719 0 1
222722 7 1
222772 1 1
222792 2 -1
222859 4 1
222958 6 -1
223254 2 -1
223322 1 1
223345 12 1
223350 0 -1
223366 3 1
223603 0 1
223689 11 -1
223713 1 1
223732 2 1
223858 0 -1
223955 4 -1
224011 5 1
224033 3 1
224033 8 1
224221 1 -1
224334 9 1
224350 10 1
224423 3 1
224427 0 1
224441 2 1
224581 6 1
224608 1 -1
224709 4 -1
224753 7 1
224775 0 -1
224828 3 -1
224877 5 -1
224898 2 1
224987 1 -1
225003 0 -1
225237 3 1
225351 0 1
225535 1 -1
225575 0 -1
225605 2 1
225761 4 -1
225777 0 1
225796 5 -1
225839 3 1
225871 6 -1
225922 1 -1
225968 8 -1
226043 7 -1
226137 0 1
226312 2 1
226355 0 -1
226430 13 1
226457 3 1
226507 1 -1
226639 6 -1
226701 0 1
226769 2 1
226865 3 -1
226897 4 -1
227055 1 -1
227059 0 1
227204 5 -1
227220 2 1
227282 0 -1
227406 1 1
227483 3 -1
227512 0 1
227516 12 -1
227580 11 1
227651 4 -1
227698 2 -1
227731 0 -1
227741 9 -1
227860 8 -1
227942 1 1
227962 3 -1
228093 0 1
228117 6 -1
228171 5 1
228171 10 -1
228284 7 1
228354 3 -1
228365 4 1
228410 2 -1
228435 0 1
228482 1 1
228642 0 1
228889 1 -1
228956 3 -1
229015 0 -1
229112 2 -1
229114 4 1
229230 0 1
229332 9 -1
229359 3 1
229401 1 1
229483 6 1
229523 0 -1
229579 5 -1
229579 2 -1
229961 3 1
229969 1 1
230074 0 1
230170 4 1
230278 2 -1
230336 1 1
230525 16 1
230533 7 1
230563 3 1
230595 0 -1
230622 8 1
230633 6 -1
230654 14 1
230715 1 1
230971 3 -1
230990 2 -1
231092 1 1
231095 5 -1
231106 0 1
231170 10 1
231235 12 -1
231267 4 1
231415 0 1
231466 2 1
231634 1 1
231686 0 1
231702 3 1
231772 9 -1
231896 7 -1
231955 5 1
231992 4 1
232151 2 -1
232159 6 -1
232178 1 -1
232285 0 -1
232428 3 -1
232521 1 1
232826 0 1
232861 2 1
232928 3 1
233028 4 1
233085 1 -1
233151 0 -1
233312 2 1
233395 0 -1
233406 5 1
233440 1 1
233460 8 1
233532 7 -1
233573 3 -1
233624 0 -1
233675 9 -1
233734 4 1
233782 10 -1
233825 1 1
233825 6 -1
233843 0 1
234000 2 -1
234174 3 -1
234183 0 -1
234309 15 1
234375 1 1
234451 4 -1
234475 2 1
234567 3 -1
234610 6 -1
234760 0 1
234768 1 1
234803 5 -1
234943 2 1
234981 3 1
235177 7 1
235314 1 1
235335 0 1
235384 11 1
235394 3 -1
235405 8 -1
235475 4 1
235580 0 1
235642 2 1
235755 5 1
235876 0 1
235888 1 -1
235996 3 -1
236104 2 1
236209 4 1
236253 1 -1
236295 0 1
236330 6 -1
236523 10 1
236564 1 -1
236566 9 -1
236601 0 1
236620 3 -1
236808 2 1
236910 1 1
237023 3 1
237030 0 1
237071 5 1
237383 6 -1
237410 4 -1
237410 7 1
237474 1 -1
237560 2 -1
237594 0 1
237644 3 1
237684 13 -1
238007 17 -1
238012 2 -1
238035 1 1
238049 3 -1
238211 0 1
238264 6 1
238351 8 1
238418 1 1
238426 4 -1
238442 5 -1
238458 3 1
238490 2 1
238598 0 -1
238861 0 1
238947 2 1
238974 1 1
239060 3 1
239240 4 -1
239307 0 1
239329 7 -1
239345 1 1
239382 5 -1
239450 3 1
239581 6 -1
239640 9 1
239657 2 1
239712 1 -1
239837 0 1
239961 4 1
240051 3 1
240070 0 1
240156 8 1
240258 1 1
240312 0 1
240361 2 1
240398 5 -1
240586 12 1
240615 1 -1
240629 6 1
240651 4 1
240653 3 1
240683 10 -1
240715 7 -1
240815 0 -1
240836 2 -1
241059 3 -1
241151 0 1
241155 1 -1
241263 5 1
241427 0 -1
241484 3 1
241527 2 1
241554 9 1
241739 1 -1
241771 4 -1
241892 3 -1
241906 0 1
242005 2 -1
242102 1 1
242102 8 -1
242234 0 -1
242242 6 1
242453 1 -1
242470 0 -1
242481 2 1
242510 3 -1
242618 5 -1
242795 7 1
242819 0 1
242843 4 -1
242846 1 1
243059 0 1
243107 2 -1
243118 3 -1
243273 11 -1
243382 0 1
243404 1 -1
243510 3 -1
243564 6 1
243566 2 -1
243577 4 -1
243746 0 -1
243934 1 1
243988 5 1
244026 0 1
244149 3 1
244246 7 1
244262 1 1
244300 2 -1
244327 9 -1
244335 0 1
244488 6 1
244593 0 -1
244698 4 1
244762 3 1
244811 1 1
244929 0 1
244983 5 -1
245007 2 -1
245015 8 -1
245169 1 -1
245176 3 -1
245198 10 -1
245364 6 -1
245367 4 -1
245430 0 1
245458 2 -1
245556 1 -1
245665 7 1
245769 0 1
245783 3 -1
245891 2 1
246014 0 1
246096 1 -1
246104 4 -1
246278 0 1
246294 6 1
246369 2 -1
246412 5 -1
246423 3 1
246459 1 1
246544 0 -1
246649 14 -1
246812 3 1
246890 0 1
247013 1 -1
247014 8 -1
247079 2 -1
247253 4 -1
247358 5 1
247428 3 1
247503 0 1
247554 1 -1
247691 6 -1
247753 2 1
247836 3 -1
247850 7 -1
247896 9 1
247900 1 1
247938 4 1
248094 0 -1
248191 2 -1
248207 5 -1
248229 3 -1
248229 10 -1
248297 1 1
248417 0 -1
248636 1 -1
248648 13 -1
248687 0 1
248831 3 -1
248898 2 -1
248910 4 -1
249021 0 -1
249121 6 -1
249182 1 1
249185 12 -1
249234 3 1
249261 7 1
249293 0 -1
249374 2 1
249637 0 -1
249658 5 -1
249720 1 -1
249766 9 1
249830 2 1
249844 3 1
249916 6 -1
249916 8 -1
249922 4 -1
250111 1 -1
250150 0 -1
250446 3 1
250470 0 1
250540 2 1
250615 5 1
250639 4 -1
250692 1 1
250701 0 -1
250851 3 -1
251015 2 -1
251120 11 -1
251216 1 -1
251276 3 1
251292 7 1
251351 0 -1
251486 6 1
251590 1 -1
251684 3 -1
251703 2 1
251727 4 1
251977 0 -1
252012 5 -1
252139 1 -1
252302 3 -1
252347 0 1
252410 2 1
252485 6 1
252485 10 1
252582 16 1
252601 0 -1
252705 1 1
252800 4 -1
252825 0 1
252864 2 1
252904 3 -1
252926 8 1
253039 0 -1
253055 9 -1
253084 1 1
253313 3 1
253324 2 1
253340 7 -1
253386 0 1
253431 5 -1
253431 6 -1
253493 4 1
253624 1 1
253797 2 -1
253931 3 1
253961 0 -1
253965 1 1
254339 3 -1
254348 1 1
254356 5 -1
254485 2 1
254568 0 -1
254573 4 1
254694 7 1
254710 8 1
254764 3 1
254785 6 1
254876 1 1
255119 11 -1
255132 0 -1
255205 2 -1
255254 1 -1
255312 5 1
255355 3 -1
255452 10 -1
255573 4 -1
255592 9 -1
255662 2 -1
255756 0 -1
255758 3 1
255811 1 -1
255882 6 -1
256145 7 -1
256274 0 -1
256306 5 -1
256315 4 -1
256368 2 -1
256375 1 1
256398 3 -1
256746 1 1
256774 8 1
256828 2 -1
256851 0 1
257000 4 1
257016 3 -1
257101 1 -1
257121 0 -1
257303 2 1
257311 6 -1
257355 0 -1
257408 3 -1
257471 1 1
257524 7 -1
257693 4 -1
257701 0 1
257704 5 -1
257811 3 1
257959 0 1
257994 2 -1
257999 10 1
258024 1 -1
258064 9 1
258085 12 1
258220 3 -1
258325 0 -1
258456 2 -1
258515 15 1
258552 1 1
258698 6 1
258730 8 -1
258738 0 1
258822 3 -1
258838 11 -1
258862 4 -1
258886 1 -1
259077 0 -1
259128 5 1
259160 2 -1
259330 0 1
259424 3 -1
259447 1 -1
259623 0 1
259633 6 -1
259741 7 -1
259801 1 1
259816 3 -1
259870 13 1
259872 2 -1
259950 4 1
259985 0 1
260095 5 -1
260164 1 -1
260348 2 1
260359 0 1
260418 3 -1
260547 6 -1
260636 4 1
260649 0 -1
260749 1 1
260859 3 -1
261036 2 -1
261087 0 -1
261121 1 1
261267 3 1
261361 0 1
261385 6 -1
261402 5 -1
261547 17 1
261568 8 -1
261619 0 1
261680 1 1
261740 2 -1
261748 4 -1
261762 9 -1
261869 3 -1
261877 7 1
262012 0 1
262159 10 -1
262197 2 -1
262248 1 -1
262272 3 1
262279 0 1
262433 4 1
262514 14 1
262600 18 -1
262619 1 -1
262748 0 -1
262858 5 -1
262874 3 1
262925 2 1
263051 6 -1
263181 1 1
263227 4 -1
263304 0 -1
263360 7 1
263524 3 -1
263570 2 1
263644 0 1
263735 1 1
263836 5 1
263847 9 -1
263933 3 1
263952 0 1
264030 2 1
264130 1 -1
264148 12 1
264298 8 1
264322 3 1
264340 4 -1
264486 2 1
264492 6 -1
264559 0 -1
264658 10 -1
264677 1 -1
264728 3 -1
264890 0 -1
264965 2 -1
265070 4 1
265121 0 -1
265231 1 -1
265271 5 1
265276 6 -1
265330 3 -1
265352 7 -1
265567 0 -1
265579 1 1
265674 2 -1
265857 0 1
265964 1 1
266045 3 1
266153 0 1
266206 4 1
266308 8 1
266327 1 -1
266357 2 1
266437 9 -1
266507 3 -1
266687 0 -1
266733 5 1
266749 11 1
266824 6 1
266835 2 -1
266892 1 1
266986 15 -1
267214 4 -1
267227 0 -1
267270 3 1
267367 7 -1
267428 1 1
267518 2 1
267593 5 -1
267749 6 -1
267761 0 1
267798 1 1
267851 4 -1
267856 3 1
267991 2 -1
268082 0 -1
268302 3 1
268335 1 1
268380 0 -1
268447 2 -1
268580 4 -1
268705 1 -1
268759 6 -1
268759 0 1
268842 7 1
268867 10 1
268953 5 1
268982 0 -1
268990 3 1
269017 8 -1
269076 1 -1
269160 2 -1
269337 0 1
269354 4 1
269452 3 -1
269544 9 1
269611 2 -1
269645 1 1
269759 12 1
269920 5 -1
269975 1 1
269982 0 1
270081 14 1
270140 3 -1
270299 2 1
270304 0 -1
270457 6 -1
270503 4 1
270539 1 -1
270573 0 1
270818 7 -1
270828 3 -1
270909 5 1
271006 2 1
271126 1 1
271135 0 -1
271221 13 -1
271296 3 1
271463 2 1
271479 6 -1
271479 0 -1
271495 1 -1
271559 4 1
271710 0 1
271866 1 1
271936 2 -1
271952 8 -1
272030 3 1
272156 0 1
272237 1 1
272242 5 -1
272293 4 -1
272414 2 1
272425 9 1
272551 0 1
272645 3 1
272774 0 1
272785 1 1
272833 7 -1
272844 6 -1
273053 3 -1
273126 2 1
273188 10 -1
273196 0 -1
273225 5 1
273321 1 1
273385 4 1
273655 3 -1
273688 1 1
273717 0 1
273784 2 1
273972 8 1
274155 4 1
274232 0 -1
274232 1 -1
274263 3 -1
274263 2 -1
274316 7 1
274488 11 1
274580 0 1
274585 5 1
274628 6 1
274741 3 -1
274776 1 -1
274838 0 -1
274889 4 1
274951 2 1
275135 1 1
275166 3 1
275184 0 1
275407 0 -1
275426 2 -1
275555 3 1
275660 6 1
275723 1 -1
275829 0 -1
275888 2 -1
275993 5 1
276015 12 1
276015 15 -1
276042 4 1
276168 3 1
276203 10 -1
276271 1 1
276369 9 -1
276420 7 1
276445 0 -1
276445 16 1
276563 6 1
276563 2 1
276648 1 1
276727 4 -1
276738 0 1
276918 3 1
276944 5 -1
276971 8 -1
277025 0 1
277039 2 -1
277196 1 1
277380 6 1
277482 3 -1
277517 0 -1
277581 1 1
277729 2 1
277735 7 1
277831 5 1
277866 0 1
277872 4 -1
277922 1 -1
278159 0 1
278164 14 1
278207 3 -1
278446 1 -1
278455 2 1
278613 0 -1
278616 3 1
278745 5 1
278831 6 1
278866 0 -1
278875 1 1
278887 2 1
279008 3 1
279032 4 -1
279145 0 1
279202 7 1
279347 2 1
279413 1 -1
279476 9 -1
279613 4 1
279618 3 1
279640 0 1
279734 10 -1
279820 2 1
279820 8 -1
279984 1 -1
280035 11 -1
280059 0 1
280121 5 -1
280164 3 -1
280282 6 1
280298 1 -1
280387 0 -1
280431 4 -1
280564 2 1
280649 1 -1
280658 12 1
280790 0 1
280927 3 1
280985 1 1
281128 4 1
281249 6 -1
281287 2 1
281335 5 1
281338 7 1
281419 1 -1
281432 0 1
281540 9 1
281717 3 -1
281717 2 -1
281815 0 1
281870 1 1
281948 8 1
282058 0 1
282175 1 1
282260 5 1
282284 3 1
282297 4 1
282314 10 1
282362 2 1
282496 0 1
282668 1 -1
282800 2 1
282872 6 -1
282889 3 1
282910 7 1
282979 1 -1
283023 0 -1
283265 2 1
283292 0 1
283307 1 -1
283340 3 -1
283394 4 -1
283582 5 -1
283582 9 1
283625 0 -1
283700 8 1
283759 6 1
283837 1 1
283961 2 -1
283969 11 1
284063 4 1
284144 0 1
284184 13 1
284184 1 -1
284227 3 1
284423 2 -1
284512 5 -1
284646 6 -1
284735 0 -1
284748 1 -1
284969 3 -1
284990 7 -1
285092 0 -1
285103 2 1
285111 4 1
285200 1 1
285280 8 -1
285377 0 1
285431 5 -1
285511 3 1
285517 9 1
285526 1 1
285603 0 -1
285748 2 1
285828 4 -1
285850 0 -1
285861 1 -1
286086 6 1
286171 1 -1
286226 2 1
286292 0 1
286334 12 -1
286336 3 1
286477 4 -1
286731 2 -1
286740 1 1
286774 3 -1
286785 5 1
286917 0 -1
286989 6 1
287054 7 1
287054 8 1
287183 2 -1
287183 10 1
287263 3 -1
287264 1 -1
287341 0 -1
287497 4 1
287586 1 -1
287640 0 -1
287763 5 -1
287865 0 1
287871 3 -1
287898 2 -1
288128 1 1
288130 0 1
288204 9 -1
288231 4 1
288306 3 1
288489 7 1
288517 0 1
288517 1 1
288548 6 -1
288569 15 -1
288607 2 -1
288848 1 1
288908 3 1
289059 2 -1
289067 0 1
289075 5 -1
289408 4 1
289412 1 -1
289615 0 1
289628 3 1
289744 2 1
289773 1 1
289940 7 1
289988 11 -1
290042 8 -1
290064 3 -1
290163 0 1
290225 6 -1
290319 1 -1
290429 2 -1
290480 0 1
290596 5 -1
290606 3 1
290621 4 -1
290709 9 1
290797 0 1
290871 1 1
290913 2 -1
291085 10 -1
291141 0 -1
291182 1 1
291203 3 1
291310 4 1
291319 7 -1
291418 6 -1
291461 5 1
291544 1 1
291636 2 -1
291730 0 1
291867 1 1
291912 8 -1
291923 16 -1
291982 3 -1
292028 4 1
292039 0 -1
292224 14 1
292302 0 -1
292310 17 -1
292337 2 1
292379 1 -1
292606 3 -1
292643 0 1
292753 4 1
292821 2 -1
292826 5 1
292860 1 1
292912 0 1
292923 9 1
292933 6 -1
293169 1 -1
293175 3 -1
293245 7 -1
293366 0 -1
293495 2 1
293654 1 1
293705 0 -1
293894 4 1
293938 3 -1
293944 8 1
293992 0 1
294041 2 1
294086 1 1
294213 5 1
294293 0 1
294463 2 -1
294471 1 1
294562 3 -1
294592 0 1
294696 10 -1
294761 4 1
294831 6 -1
294970 1 -1
294995 7 -1
295019 5 1
295020 0 -1
295097 3 1
295185 2 1
295320 12 -1
295341 9 1
295345 1 -1
295357 0 -1
295394 4 1
295626 2 -1
295642 0 1
295798 6 1
295825 1 -1
295965 3 1
295970 7 1
295976 8 -1
295984 0 1
296223 2 -1
296287 0 1
296325 1 1
296330 5 -1
296385 4 -1
296526 0 -1
296556 3 1
296587 1 1
296803 9 1
296873 8 -1
296903 2 1
296986 6 -1
297038 1 -1
297062 0 1
297083 13 -1
297276 11 -1
297276 3 -1
297324 7 1
297357 4 -1
297389 2 1
297510 1 -1
297572 5 1
297623 0 1
297819 2 -1
297835 8 1
297865 1 -1
298007 9 -1
298063 3 1
298115 6 1
298115 10 1
298231 4 -1
298246 0 -1
298276 7 1
298281 2 -1
298399 1 1
298469 5 1
298504 0 -1
298534 3 -1
298690 8 -1
298765 0 -1
298808 1 -1
298888 7 -1
298891 6 -1
298942 2 1
299071 3 -1
299118 1 -1
299122 0 1
299361 5 -1
299474 0 1
299509 4 -1
299511 1 1
299587 2 1
299625 9 1
299662 3 -1
299807 8 1
299858 1 -1
299877 6 -1
299888 10 1
299974 0 -1
300060 2 1
300178 7 -1
300286 5 1
300291 1 -1
300342 0 -1
300420 3 -1
300630 4 1
300630 0 1
300735 2 -1
300759 9 -1
300877 6 -1
300885 0 1
300931 8 -1
300948 1 -1
300984 7 -1
301151 0 1
301291 3 1
301312 2 1
301318 12 1
301343 1 1
301420 8 -1
301516 4 1
301535 0 1
301662 10 1
301667 5 -1
301843 7 -1
301855 3 1
301855 6 -1
301863 1 1
301876 2 1
301878 0 1
301984 11 1
302137 0 1
302177 9 1
302226 1 -1
302516 4 1
302516 2 1
302521 15 -1
302550 1 -1
302591 0 -1
302685 3 -1
302731 8 -1
302828 0 1
302935 2 1
302939 7 -1
302957 5 -1
302994 6 -1
303026 1 -1
303070 0 1
303371 1 1
303371 8 1
303387 4 -1
303403 9 1
303532 3 1
303561 2 1
303564 7 1
303620 0 1
303650 11 1
303741 10 -1
303779 5 1
303784 6 1
303920 1 -1
303943 3 1
303967 8 -1
304040 4 1
304230 0 -1
304274 2 -1
304437 1 1
304695 2 1
304769 1 -1
304822 12 1
304862 7 -1
304867 3 1
304886 0 1
304886 9 1
305090 5 -1
305092 1 -1
305101 6 -1
305141 0 1
305196 4 1
305268 8 1
305294 14 1
305297 2 1
305402 0 1
305426 1 1
305535 10 1
305612 7 -1
305628 9 -1
305665 6 1
305706 8 1
305794 5 -1
305853 3 -1
305880 1 -1
305894 0 -1
305998 2 -1
306006 4 -1
306083 7 -1
306309 1 1
306321 13 1
306385 9 -1
306412 3 1
306440 0 1
306444 6 1
306477 2 -1
306598 5 -1
306599 1 -1
306633 8 -1
306784 0 -1
306847 11 -1
306905 7 1
306966 10 1
307026 1 -1
307089 0 -1
307154 2 -1
307256 4 -1
307304 3 1
307361 1 1
307530 6 1
307530 0 1
307707 5 -1
307728 1 -1
307788 2 -1
307836 3 1
308069 0 -1
308089 8 -1
308132 9 -1
308250 1 -1
308253 2 -1
308276 7 -1
308288 6 -1
308368 4 1
308390 3 -1
308562 1 -1
308610 5 1
308628 0 -1
308696 2 1
309040 1 -1
309054 4 -1
309121 15 -1
309153 8 1
309156 2 1
309164 3 -1
309215 0 1
309255 7 -1
309513 0 1
309566 1 1
309637 11 -1
309723 3 1
309774 0 1
309787 4 1
309820 6 1
309825 5 -1
309833 2 -1
309900 1 1
310115 0 1
310150 7 1
310153 12 -1
310233 1 -1
310336 8 -1
310357 9 -1
310364 0 1
310521 4 -1
310529 10 1
310537 1 1
310545 2 1
310553 3 1
310733 0 1
310900 7 1
310954 8 1
310980 6 1
311018 2 1
311087 1 1
311109 5 1
311217 9 1
311254 13 1
311276 0 -1
311410 3 1
311485 6 -1
311545 7 -1
311545 8 -1
311565 10 -1
311612 0 -1
311710 1 -1
311711 11 1
311754 4 -1
311803 2 -1
311840 5 1
311942 0 1
311974 3 -1
312044 17 1
312097 1 -1
312109 9 -1
312173 14 -1
312195 2 -1
312431 3 -1
312496 6 -1
312507 0 -1
312621 1 1
312706 2 1
312722 5 1
312888 0 1
312939 7 -1
312950 3 -1
312951 1 1
312958 8 -1
313104 4 1
313138 0 1
313274 1 -1
313286 10 -1
313291 9 -1
313340 2 -1
313517 0 1
313560 6 -1
313608 7 -1
313614 5 -1
313640 4 1
313739 1 1
313807 3 1
313815 0 1
313856 2 1
313947 8 1
314092 0 -1
314092 1 -1
314366 12 1
314441 3 -1
314452 9 1
314538 2 1
314588 1 1
314616 4 1
314632 7 1
314651 0 1
314721 6 -1
314767 8 -1
314818 10 -1
314882 18 1
314925 5 -1
315019 0 -1
315076 7 1
315132 1 1
315164 3 -1
315280 8 -1
315292 0 1
315328 2 -1
315333 11 -1
315466 4 1
315499 1 1
315699 0 1
315726 9 1
315774 2 -1
315833 7 -1
315860 6 -1
315876 1 1
315962 0 -1
316059 8 -1
316102 3 -1
316107 13 -1
316188 4 1
316198 1 1
316204 2 -1
316236 0 -1
316349 5 1
316371 9 -1
316596 6 -1
316626 0 -1
316629 2 1
316693 3 -1
316740 1 1
316752 10 -1
316784 7 -1
316947 0 1
317110 3 1
317204 12 -1
317216 1 1
317268 2 -1
317317 5 -1
317333 8 -1
317349 0 -1
317409 4 1
317419 15 -1
317550 7 -1
317569 14 -1
317599 1 1
317612 6 1
317741 11 1
317773 8 -1
317854 2 1
317888 0 -1
317940 3 1
318021 9 1
318123 4 1
318144 6 1
318163 1 -1
318225 0 1
318284 2 1
318332 7 -1
318413 5 1
318493 3 -1
318563 0 1
318659 1 -1
318902 8 -1
318945 6 1
318945 2 1
319021 1 -1
319090 10 1
319106 0 -1
319142 4 1
319181 5 1
319224 9 -1
319364 3 -1
319465 7 1
319513 1 1
319636 0 1
319703 2 1
319848 16 1
319987 5 1
320004 6 1
320051 1 1
320068 8 1
320116 2 1
320138 7 -1
320162 3 1
320215 0 -1
320227 4 -1
320376 1 1
320439 9 -1
320479 0 -1
320670 10 1
320713 3 -1
320778 2 1
320804 0 1
320863 4 -1
320870 1 1
320928 6 1
321009 8 -1
321154 3 1
321210 7 -1
321212 1 -1
321422 0 1
321428 5 -1
321460 2 -1
321492 4 -1
321589 12 -1
321591 1 1
321635 3 -1
321901 2 1
321997 11 1
322046 8 -1
322057 0 1
322075 1 1
322078 9 -1
322121 7 1
322210 4 -1
322384 5 -1
322397 1 1
322411 0 -1
322422 3 -1
322449 6 1
322573 2 1
322675 0 -1
322935 1 1
322954 0 1
322965 2 1
322997 8 1
323158 9 -1
323183 0 -1
323217 3 1
323234 7 1
323360 2 1
323467 10 -1
323475 4 1
323486 6 1
323502 14 -1
323508 1 1
323526 0 -1
323642 5 1
323722 3 1
323814 8 1
323846 1 1
323870 0 1
323997 9 -1
324002 2 -1
324131 0 1
324161 7 -1
324221 1 1
324298 22 -1
324373 6 1
324384 12 -1
324386 3 1
324435 10 1
324499 1 1
324519 0 -1
324534 2 1
324688 4 -1
324808 5 1
324874 0 1
324959 13 -1
325007 7 1
325012 8 1
325015 1 -1
325071 3 1
325147 0 -1
325265 6 1
325319 2 -1
325319 9 1
325329 11 1
325351 15 1
325397 8 -1
325426 10 -1
325461 5 1
325466 4 1
325550 0 1
325555 1 -1
325599 7 -1
325689 6 1
325856 3 -1
325882 1 1
325931 0 1
325996 2 -1
326189 9 -1
326278 0 -1
326329 5 -1
326379 1 1
326402 2 -1
326426 8 -1
326603 7 -1
326625 0 -1
326643 4 -1
326694 3 -1
326712 1 1
326802 6 1
326840 2 1
326877 0 -1
327020 1 1
327202 3 -1
327202 0 1
327243 12 1
327248 2 1
327329 17 -1
327337 4 1
327339 5 -1
327350 8 -1
327506 7 -1
327533 11 1
327548 1 1
327589 0 1
327732 10 1
327748 9 1
327828 8 -1
327839 0 1
327846 1 -1
327914 2 1
327995 6 -1
328119 7 -1
328135 3 1
328156 9 -1
328167 4 1
328233 0 1
328340 1 1
328371 8 -1
328381 10 -1
328392 5 -1
328425 14 -1
328516 11 1
328556 6 -1
328634 2 1
328645 9 -1
328699 7 1
328788 0 -1
328808 1 1
328833 8 -1
329071 0 1
329107 2 1
329126 1 1
329134 15 1
329156 3 -1
329274 5 1
329312 7 1
329317 6 1
329336 4 -1
329336 0 1
329457 1 1
329610 10 1
329634 9 1
329682 3 1
329682 8 -1
329736 5 1
329769 1 1
329876 6 -1
329908 13 1
329908 2 -1
329932 0 1
329994 12 -1
330101 11 1
330138 7 -1
330220 3 1
330247 4 1
330290 9 1
330311 1 1
330316 0 1
330365 8 -1
330435 2 -1
330456 6 1
330553 16 1
330605 7 -1
330617 0 1
330703 5 1
330760 8 1
330779 1 1
330795 10 1
330929 3 1
330944 7 1
331012 9 1
331015 0 -1
331015 2 -1
331101 6 -1
331235 8 1
331262 5 -1
331265 0 -1
331359 1 -1
331496 4 -1
331508 7 -1
331539 0 1
331746 6 1
331810 10 -1
331853 5 1
331856 2 1
331907 1 1
331993 18 -1
332058 3 1
332068 7 1
332103 0 1
332208 8 1
332290 1 1
332305 2 -1
332321 9 -1
332423 12 -1
332490 0 1
332616 11 1
332627 6 -1
332667 1 1
332681 4 1
332732 0 -1
332821 3 1
332931 2 1
333014 5 -1
333068 7 -1
333134 1 1
333173 0 1
333299 3 -1
333326 8 1
333463 1 1
333499 0 -1
333509 9 -1
333523 4 1
333525 6 -1
333562 2 -1
333756 0 -1
333928 5 -1
333939 1 1
334014 2 1
334027 10 -1
334089 6 1
334108 0 -1
334170 3 1
334229 4 1
334229 7 -1
334358 0 -1
334430 1 -1
334449 2 -1
334637 8 -1
334648 13 -1
334669 3 1
334702 6 1
334720 0 1
334785 1 -1
334841 7 -1
334922 2 -1
334938 4 1
335094 5 1
335112 1 -1
335210 3 -1
335239 0 1
335400 6 -1
335411 9 -1
335414 1 1
335432 14 -1
335481 0 -1
335579 7 -1
335648 15 -1
335696 2 -1
335744 10 1
335771 0 -1
335777 8 1
335934 4 1
335950 1 1
336030 7 -1
336067 3 -1
336104 6 1
336131 5 1
336139 0 -1
336206 11 -1
336260 8 1
336389 9 -1
336403 2 1
336411 0 1
336530 1 -1
336792 0 1
336800 3 1
336814 5 -1
336857 1 -1
336873 2 1
337034 8 1
337120 6 -1
337139 4 1
337171 7 -1
337238 9 -1
337370 0 -1
337432 12 1
337469 10 -1
337518 1 -1
337534 3 1
337585 8 1
337593 2 -1
337625 5 -1
337665 6 -1
337717 0 -1
337925 1 1
337937 11 1
337996 2 -1
338009 0 -1
338021 4 -1
338022 7 1
338184 5 1
338284 1 -1
338442 9 -1
338480 2 -1
338506 3 1
338638 0 1
338765 1 -1
338797 8 1
338880 7 -1
338924 4 1
338953 6 1
339106 1 1
339135 0 -1
339243 3 -1
339275 10 -1
339340 5 1
339345 2 1
339485 7 -1
339501 6 -1
339512 9 -1
339517 8 -1
339666 1 1
339734 4 1
339740 0 1
339811 10 -1
339872 13 -1
339893 8 1
339908 7 1
339941 9 1
339952 0 1
339971 2 -1
340000 11 1
340108 6 1
340128 1 1
340140 12 -1
340210 16 1
340250 0 1
340287 7 -1
340328 9 -1
340334 5 1
340401 8 1
340425 3 1
340500 1 1
340613 4 -1
340649 10 -1
340710 2 1
340758 0 -1
340758 9 1
340764 8 1
340807 14 1
340839 6 -1
340849 11 1
340972 7 1
341129 15 -1
341133 1 -1
341140 5 1
341145 17 -1
341202 8 1
341294 7 -1
341322 0 1
341387 19 -1
341390 3 1
341449 2 1
341602 9 -1
341689 1 1
341742 4 1
341795 6 1
341881 3 1
341908 0 -1
341908 2 1
341978 12 -1
341984 10 -1
342024 1 1
342188 5 1
342250 7 1
342268 8 1
342311 2 1
342475 1 -1
342491 4 -1
342502 0 -1
342515 6 -1
342607 3 -1
342612 13 -1
342722 2 1
342924 8 1
342961 1 1
342999 11 -1
343080 0 1
343144 7 -1
343268 9 1
343289 5 1
343330 1 -1
343348 3 -1
343367 2 1
343440 0 1
343666 6 1
343692 10 1
343705 1 -1
343719 0 -1
343773 4 -1
343832 3 -1
343988 2 -1
344081 1 -1
344087 7 -1
344129 0 1
344139 9 -1
344160 5 1
344364 6 1
344370 3 1
344391 0 1
344407 8 1
344488 2 1
344624 1 -1
344654 0 -1
344676 7 1
344762 12 1
344912 3 -1
345097 4 -1
345144 10 -1
345198 1 -1
345208 6 1
345235 8 1
345259 2 1
345283 0 1
345299 9 1
345321 5 1
345466 7 1
345575 1 1
345659 2 1
345767 3 1
345799 8 -1
345837 11 1
345869 0 -1
345921 4 -1
346099 1 1
346100 2 -1
346170 9 1
346186 6 -1
346224 20 -1
346312 7 1
346420 5 -1
346433 13 1
346444 0 1
346449 1 -1
346460 8 -1
346525 15 -1
346568 3 -1
346726 0 -1
346740 6 1
346783 2 -1
346788 1 -1
346885 10 -1
347020 0 -1
347089 9 1
347202 2 1
347212 31 -1
347234 5 1
347269 3 1
347277 11 -1
347277 12 -1
347280 4 1
347280 7 1
347290 8 1
347298 18 1
347332 1 -1
347583 6 -1
347586 10 1
347634 0 1
347646 7 -1
347701 1 -1
347865 2 1
347970 9 -1
348067 8 1
348142 0 -1
348195 1 1
348228 5 1
348271 3 1
348330 14 -1
348416 21 1
348444 4 -1
348545 2 -1
348545 17 -1
348559 6 1
348610 9 1
348616 0 -1
348626 7 1
348809 8 1
348857 5 -1
348911 6 -1
348948 7 -1
348952 10 -1
348954 0 1
348994 2 1
349077 4 -1
349099 3 -1
349131 8 -1
349134 1 1
349206 9 -1
349246 7 1
349294 0 1
349346 6 -1
349362 11 1
349394 5 -1
349428 1 1
349633 3 1
349717 2 1
349778 10 -1
349799 1 1
349835 0 -1
350039 8 -1
350050 12 -1
350082 6 1
350246 4 -1
350270 7 1
350359 1 -1
350378 2 1
350415 9 1
350440 0 -1
350523 5 1
350576 3 1
350653 1 -1
350821 2 -1
350824 0 -1
350835 7 1
351023 8 1
351049 3 -1
351153 0 1
351153 1 1
351195 6 1
351318 4 1
351383 5 -1
351415 10 1
351514 0 -1
351522 9 -1
351565 2 -1
351619 1 1
351657 13 1
351713 7 -1
351719 8 -1
351898 11 1
351912 3 -1
351944 6 -1
351974 9 -1
351983 1 1
352011 4 1
352081 0 -1
352178 5 1
352267 2 -1
352371 6 1
352463 7 -1
352487 1 1
352495 0 -1
352501 8 -1
352656 4 1
352694 9 1
352721 10 1
352737 16 1
352791 3 -1
352839 2 1
352850 0 1
352910 7 1
352951 1 1
353086 5 1
353086 6 1
353167 11 -1
353188 8 1
353280 0 -1
353362 1 1
353406 7 1
353430 4 -1
353462 3 -1
353463 2 -1
353481 6 -1
353513 0 1
353548 5 1
353790 9 -1
353828 0 -1
353833 10 -1
353876 8 1
353906 2 1
353916 1 1
353919 12 1
353978 7 -1
354064 3 1
354091 6 1
354134 15 -1
354215 5 -1
354217 0 1
354424 1 -1
354435 18 -1
354497 0 1
354526 4 1
354543 8 -1
354564 2 1
354708 1 -1
354747 3 1
354817 5 1
354954 7 -1
354954 0 -1
354989 6 1
355006 1 -1
355209 11 1
355220 9 -1
355282 2 1
355284 13 -1
355338 0 -1
355341 1 1
355400 6 -1
355429 8 -1
355467 14 -1
355607 0 1
355650 12 1
355655 4 -1
355671 5 -1
355703 10 -1
355714 3 1
355717 2 1
355795 9 1
355814 8 1
355824 7 1
355878 0 -1
355965 1 -1
356112 11 1
356117 6 -1
356179 7 -1
356182 0 -1
356284 8 1
356329 9 1
356380 4 -1
356384 10 1
356534 2 1
356568 1 1
356585 5 1
356586 0 1
356609 8 1
356695 7 -1
356757 9 -1
356789 6 1
356853 3 1
356856 1 -1
356918 2 1
357133 5 -1
357168 0 1
357232 6 1
357332 2 1
357342 1 1
357348 7 -1
357450 3 1
357642 10 -1
357654 1 1
357670 4 1
357676 9 -1
357735 8 1
357770 0 -1
357853 11 1
357898 7 -1
358019 0 -1
358036 2 -1
358046 12 -1
358057 5 -1
358091 1 1
358186 6 -1
358369 9 1
358374 0 -1
358436 4 -1
358500 2 -1
358519 3 1
358573 10 -1
358589 1 1
358713 8 -1
358820 5 1
358952 0 1
358960 7 -1
358960 1 1
358976 13 -1
359035 14 -1
359102 2 -1
359143 6 -1
359202 8 -1
359226 4 1
359239 9 -1
359395 10 1
359436 7 -1
359446 0 -1
359497 3 -1
359548 1 1
359658 5 1
359680 8 1
359745 6 -1
359771 11 -1
359841 12 -1
359868 2 1
359876 9 1
359916 8 1
359938 0 -1
359970 7 -1
360169 10 1
360190 0 -1
360193 1 -1
360196 3 -1
360368 2 -1
360395 6 1
360411 4 1
360416 9 1
360422 8 1
360432 5 1
360486 11 1
360536 7 -1
360544 1 -1
360647 15 -1
360696 0 1
360706 9 1
360798 10 1
360822 7 -1
360825 8 -1
360884 12 1
360939 1 1
361018 2 1
361080 6 1
361096 0 1
361163 5 1
361190 3 -1
361233 4 -1
361314 17 1
361375 0 -1
361396 1 1
361459 9 1
361518 2 -1
361555 13 1
361593 8 -1
361658 14 1
361668 6 1
361789 0 1
361830 10 1
361926 7 1
361928 1 1
361942 3 -1
362109 11 -1
362125 5 1
362206 9 1
362222 6 -1
362329 0 -1
362378 2 -1
362434 8 1
362450 4 -1
362491 1 -1
362644 7 1
362657 0 -1
362668 16 -1
362732 3 -1
362738 8 1
362773 10 1
362807 6 -1
362821 9 -1
362893 11 -1
362946 1 -1
362970 7 1
363002 0 -1
363006 5 -1
363098 8 -1
363176 10 -1
363184 12 -1
363291 9 1
363404 6 1
363463 2 1
363474 4 1
363510 7 1
363544 0 -1
363560 8 1
363581 5 -1
363587 13 1
363627 1 1
363638 3 -1
363721 28 -1
363726 11 -1
363829 9 1
363833 10 1
363901 2 -1
364000 8 1
364097 5 -1
364119 6 -1
364143 1 1
364171 4 -1
364172 0 -1
364197 3 1
364256 7 1
364461 1 1
364554 0 -1
364562 2 -1
364753 8 -1
364755 3 1
364774 9 -1
364785 12 -1
364790 6 1
364798 4 1
364820 5 1
364822 7 1
364863 0 1
364925 15 1
365013 10 -1
365062 1 1
365070 2 1
365081 0 1
365247 7 -1
365269 9 -1
365312 8 -1
365334 0 1
365376 11 -1
365545 4 -1
365548 14 1
365559 2 -1
365570 6 -1
365574 10 -1
365607 9 -1
365645 3 -1
365682 7 1
365698 13 -1
365701 0 -1
365715 8 1
365833 5 -1
365948 1 -1
366112 2 -1
366236 6 1
366263 0 -1
366311 3 -1
366346 9 1
366474 1 -1
366537 11 -1
366545 10 -1
366628 8 1
366682 2 1
366738 4 1
366811 7 1
366818 0 -1
366871 1 1
366902 6 1
366924 9 1
366967 5 -1
367034 3 1
367053 12 -1
367096 0 -1
367222 1 -1
367432 2 1
367479 0 -1
367510 8 -1
367597 1 -1
367674 7 1
367698 10 1
367735 9 1
367751 5 -1
367870 8 -1
367923 6 1
367926 3 1
368004 4 -1
368036 13 1
368052 11 1
368060 0 1
368068 7 -1
368137 10 -1
368175 1 -1
368246 9 1
368294 2 1
368324 6 -1
368337 8 -1
368625 0 1
368633 3 1
368637 1 -1
368689 5 1
368692 9 -1
368745 4 -1
368770 7 1
368789 2 -1
368995 1 1
369073 12 -1
369095 14 -1
369106 6 -1
369116 8 1
369159 5 1
369170 0 -1
369194 2 -1
369197 10 1
369342 9 -1
369363 3 1
369384 7 1
369452 0 -1
369519 1 1
369546 8 -1
369600 11 -1
369627 2 1
369654 24 -1
369681 0 1
369826 1 1
369869 6 1
369879 9 -1
369971 4 -1
369981 5 1
369987 7 -1
370043 0 -1
370121 3 1
370178 1 -1
370245 8 1
370285 2 1
370346 0 -1
370414 10 -1
370427 6 -1
370680 1 1
370790 0 1
370793 8 1
370804 9 1
370809 7 1
370879 11 1
370879 12 1
370898 4 -1
371027 10 -1
371067 3 1
371086 2 1
371094 15 -1
371099 6 1
371117 1 1
371158 5 1
371230 7 -1
371290 9 -1
371314 8 -1
371357 13 -1
371411 0 1
371486 11 1
371610 2 1
371653 6 1
371653 0 -1
371720 9 1
371768 10 1
371784 1 1
371814 5 -1
371873 0 -1
371893 4 -1
371978 7 1
372088 8 -1
372120 3 -1
372204 2 1
372329 1 1
372370 0 1
372453 6 1
372599 2 1
372620 3 -1
372673 1 -1
372749 18 -1
372795 5 -1
372869 0 1
372985 4 -1
373014 1 -1
373085 2 1
373163 8 1
373270 0 1
373281 6 -1
373284 7 -1
373316 1 1
373335 3 1
373448 9 1
373515 0 1
373630 11 -1
373682 2 1
373784 0 -1
373800 1 -1
373824 5 -1
373969 7 -1
373977 3 1
374017 6 1
374028 0 -1
374090 10 1
374103 12 1
374130 2 1
374203 4 1
374211 8 -1
374320 1 -1
374383 0 -1
374501 3 -1
374606 7 -1
374635 5 1
374648 1 -1
374759 4 -1
374840 2 -1
374939 0 -1
375114 1 -1
375124 6 1
375210 3 -1
375275 9 -1
375372 8 1
375425 5 -1
375436 7 -1
375478 1 -1
375487 0 1
375600 2 -1
375761 0 -1
375769 3 -1
375831 4 -1
375835 1 -1
375908 10 -1
376022 9 1
376038 5 -1
376038 6 -1
376062 0 1
376092 2 -1
376156 8 -1
376327 1 -1
376412 7 -1
376549 2 -1
376565 16 -1
376573 4 1
376581 10 -1
376597 11 -1
376616 6 1
376618 0 1
376686 13 1
376699 3 -1
376715 14 1
376742 1 -1
376761 9 -1
376866 8 1
377059 2 1
377161 5 1
377165 10 -1
377193 1 1
377220 12 -1
377262 7 1
377297 0 -1
377314 4 -1
377355 8 -1
377419 9 -1
377451 6 1
377736 3 -1
377768 2 1
377838 7 1
377840 1 1
377844 15 -1
377854 20 -1
377876 0 1
378048 9 -1
378173 1 1
378209 8 1
378212 3 1
378220 0 -1
378263 11 1
378374 10 -1
378386 5 1
378487 1 1
378507 0 1
378537 2 -1
378542 6 -1
378660 4 -1
378818 1 -1
378830 7 1
378902 0 1
378972 2 1
378994 9 -1
379020 3 1
379048 17 -1
379090 8 1
379112 5 -1
379160 6 -1
379305 13 -1
379309 7 1
379327 12 -1
379370 1 -1
379477 11 1
379483 4 -1
379489 0 1
379585 9 -1
379628 10 -1
379649 8 1
379725 2 -1
379805 3 -1
379859 0 -1
379864 1 -1
380130 0 -1
380176 1 -1
380208 7 1
380348 8 -1
380404 2 -1
380408 0 1
380412 9 -1
380434 4 1
380617 3 1
380681 5 -1
380726 1 -1
380748 0 1
380789 6 1
380877 2 1
380998 10 1
381075 1 1
381203 0 1
381369 1 -1
381391 15 1
381439 3 -1
381502 4 1
381538 2 1
381576 0 1
381616 6 -1
381713 5 1
381796 7 1
381845 1 -1
381864 8 1
381866 0 -1
381971 9 -1
382159 1 1
382187 4 -1
382251 2 1
382261 3 1
382320 0 1
382557 6 -1
382597 0 -1
382665 1 -1
382680 5 -1
382683 2 -1
382766 3 1
382874 0 1
382981 4 -1
383035 9 1
383094 7 1
383185 1 1
383218 0 1
383293 3 -1
383390 11 1
383401 2 1
383454 0 -1
383548 1 1
383610 10 -1
383667 4 1
383750 3 1
383766 8 1
383831 2 -1
383841 0 -1
383900 5 -1
383931 1 1
384169 6 -1
384287 2 -1
384289 1 -1
384390 0 1
384449 3 -1
384508 9 -1
384648 0 -1
384803 4 -1
384815 1 -1
384820 10 -1
384857 5 -1
384908 0 1
384943 2 -1
385163 8 1
385177 3 -1
385190 7 1
385271 6 1
385311 1 -1
385370 2 1
385502 0 -1
385642 1 1
385787 4 1
385819 3 1
386015 2 1
386123 0 -1
386188 1 1
386260 9 1
386271 5 -1
386421 11 -1
386432 12 -1
386464 14 -1
386484 4 1
386507 8 1
386652 2 1
386695 3 -1
386703 0 1
386710 1 1
386738 10 -1
386918 0 1
387058 2 1
387071 1 -1
387130 9 1
387190 3 -1
387198 0 -1
387286 7 1
387356 6 1
387488 4 -1
387534 2 1
387605 1 1
387609 3 1
387711 5 1
387861 0 -1
387899 13 1
387982 2 -1
388199 1 -1
388221 4 -1
388399 7 -1
388485 31 1
388496 0 -1
388528 3 -1
388572 1 -1
388625 9 -1
388667 5 1
388705 2 1
388764 8 -1
388807 0 -1
388826 4 -1
389022 6 -1
389036 0 1
389076 3 1
389120 1 -1
389308 0 -1
389463 2 1
389479 1 -1
389560 0 -1
389748 3 1
389850 7 1
389890 1 1
389928 0 1
389958 2 -1
389987 4 1
390033 9 -1
390081 5 1
390194 6 1
390319 0 1
390334 11 1
390334 8 1
390334 10 1
390398 3 1
390455 1 1
390563 4 -1
390567 0 -1
390659 2 -1
390813 1 1
390979 0 1
391134 2 -1
391140 6 1
391161 3 -1
391188 7 1
391328 0 1
391376 1 -1
391473 5 1
391519 4 -1
391540 2 -1
391629 0 1
391645 8 -1
391666 14 1
391752 12 -1
391844 3 -1
391890 1 1
392048 0 1
392182 2 1
392212 1 1
392275 0 1
392311 6 -1
392354 3 -1
392440 5 1
392580 9 1
392601 1 1
392618 2 -1
392639 4 1
392731 0 -1
393002 1 1
393255 0 -1
393322 3 1
393322 2 1
393405 4 -1
393408 8 1
393429 7 -1
393451 0 1
393576 1 1
393703 10 -1
393736 0 -1
393881 6 1
394012 2 -1
394031 5 1
394078 1 -1
394128 3 -1
394402 0 1
394427 1 1
394481 4 -1
394528 2 1
394644 3 -1
394768 0 1
394837 8 -1
394941 1 -1
395023 2 -1
395128 9 -1
395155 0 1
395257 11 -1
395300 1 -1
395375 5 1
395453 4 1
395474 2 -1
395574 7 1
395584 6 1
395606 0 1
395676 3 -1
395679 1 -1
396074 4 1
396130 1 1
396133 2 1
396229 3 1
396243 0 1
396299 5 1
396487 1 1
396568 6 1
396772 2 -1
396802 0 -1
396826 12 1
396896 7 -1
396977 9 -1
396982 3 -1
397051 1 -1
397114 4 1
397127 14 -1
397202 5 -1
397216 2 -1
397278 8 -1
397428 0 1
397597 1 -1
397648 3 1
397794 0 -1
397912 2 1
397994 1 1
398014 0 -1
398065 3 -1
398081 4 1
398170 5 1
398202 13 -1
398242 0 1
398288 11 1
398293 6 -1
398326 2 -1
398331 16 -1
398339 1 -1
398417 15 1
398428 10 1
398530 0 -1
398714 1 1
398766 7 1
398798 2 -1
398887 4 1
398890 3 -1
398992 0 1
399261 6 -1
399262 1 -1
399363 5 1
399500 4 -1
399521 2 -1
399610 0 1
399786 1 1
399814 3 1
399922 9 -1
399965 0 1
399989 2 -1
400121 1 -1
400147 6 1
400205 4 1
400287 8 -1
400298 0 -1
400322 7 -1
400491 3 1
400551 0 -1
400689 1 -1
400728 5 1
400739 12 -1
400752 2 1
400868 0 1
401048 1 -1
401085 3 1
401306 4 -1
401341 0 1
401418 1 1
401507 3 -1
401561 6 1
401561 2 1
401598 5 -1
401830 7 -1
401857 0 1
401930 1 -1
402055 2 1
402082 8 1
402179 9 -1
402254 3 1
402297 1 -1
402333 4 -1
402429 0 1
402571 2 1
402609 6 -1
402786 0 1
402791 1 -1
402942 10 1
402964 5 1
403007 4 1
403039 2 1
403055 0 -1
403095 3 -1
403329 1 -1
403555 13 1
403641 8 1
403650 1 -1
403662 2 -1
403673 3 -1
403713 0 -1
403813 5 -1
403813 7 1
403982 1 -1
404063 0 1
404178 11 1
404184 4 -1
404264 9 1
404314 0 1
404339 6 1
404353 1 -1
404356 2 1
404474 3 -1
404649 0 -1
404743 5 1
404823 12 -1
404834 2 1
404869 0 1
404917 1 1
404990 4 1
405113 3 1
405148 0 -1
405183 7 1
405189 8 1
405474 1 -1
405586 2 -1
405643 4 -1
405699 0 1
405774 3 -1
405796 6 1
405816 1 1
406022 2 1
406070 10 1
406210 5 1
406234 0 -1
406360 1 -1
406457 17 1
406505 2 -1
406554 3 1
406717 1 -1
406747 4 -1
406806 6 1
406825 0 1
407083 3 -1
407086 1 1
407167 2 -1
407168 0 1
407188 5 -1
407425 9 -1
407433 7 1
407457 4 1
407502 0 -1
407634 2 -1
407650 1 -1
407693 3 -1
407919 6 -1
407962 15 -1
408029 1 -1
408075 0 -1
408241 8 -1
408300 3 -1
408317 2 1
408553 4 -1
408575 5 1
408577 1 -1
408604 0 1
408717 3 -1
408731 10 1
408951 6 -1
409037 2 1
409105 1 -1
409128 3 1
409166 9 -1
409244 0 -1
409367 7 1
409460 1 1
409499 2 1
409563 3 -1
409574 0 1
409585 4 -1
409803 0 -1
409838 5 -1
409940 14 -1
409988 1 1
410171 0 1
410192 2 -1
410278 4 1
410410 0 1
410528 1 -1
410655 3 1
410660 6 -1
410681 7 -1
410789 5 -1
410800 12 -1
410843 1 -1
410853 0 1
410867 2 1
410980 4 -1
411101 8 1
411321 2 1
411391 1 1
411437 0 -1
411504 10 1
411584 3 1
411638 9 -1
411665 4 -1
411762 0 1
411778 5 -1
411925 1 1
412003 11 1
412014 2 -1
412065 0 1
412143 3 -1
412274 1 -1
412342 7 1
412487 6 -1
412622 2 -1
412648 13 -1
412649 8 -1
412656 4 1
412683 1 1
412714 0 1
412799 5 1
413062 1 1
413089 2 -1
413186 3 -1
413304 0 -1
413379 6 1
413539 1 1
413597 2 1
413713 7 1
413745 0 1
413765 4 -1
414000 0 1
414067 2 -1
414084 1 -1
414121 3 -1
414288 5 1
414325 0 1
414438 4 1
414446 1 1
414777 9 -1
414798 3 -1
414798 6 1
414814 2 1
414844 0 1
414926 1 1
414933 8 -1
415196 0 1
415273 1 -1
415314 15 1
415468 0 1
415532 2 1
415551 4 1
415604 3 1
415664 1 -1
415680 5 -1
415841 7 1
415927 6 -1
415951 0 1
415954 2 -1
415954 10 1
416163 4 1
416193 0 1
416196 1 -1
416507 0 1
416534 1 -1
416545 5 1
416583 8 -1
416588 3 -1
416639 2 1
416828 4 -1
416980 6 1
416991 11 -1
417039 3 1
417061 0 1
417062 1 1
417077 9 -1
417088 2 -1
417590 1 -1
417598 2 1
417605 0 1
417808 4 -1
417889 7 -1
417899 5 -1
417932 3 -1
417941 1 -1
418120 0 1
418292 2 -1
418294 1 1
418345 3 1
418346 8 1
418378 0 -1
418485 6 1
418521 4 -1
418632 1 -1
418698 0 -1
418770 2 1
418786 3 -1
418797 5 1
419055 12 1
419142 1 -1
419256 0 1
419431 3 1
419436 7 -1
419453 6 -1
419453 2 -1
419582 4 -1
419670 1 -1
419710 5 1
419810 0 1
420061 1 -1
420089 3 -1
420162 10 1
420178 2 -1
420184 9 1
420361 0 1
420468 4 1
420474 11 1
420605 0 -1
420648 2 -1
420650 1 1
420853 0 -1
420904 6 -1
421043 3 -1
421073 1 -1
421108 2 -1
421129 5 -1
421140 8 1
421170 4 -1
421258 0 1
421355 7 -1
421456 1 -1
421511 0 1
421570 2 -1
421831 4 1
421871 0 1
421903 3 -1
421972 1 -1
422054 5 -1
422194 6 -1
422229 2 1
422357 1 1
422435 4 1
422489 3 -1
422503 0 -1
422847 1 -1
422908 2 1
422919 3 -1
423094 0 1
423333 3 1
423365 2 1
423379 1 -1
423387 10 1
423398 14 1
423408 5 -1
423419 9 -1
423500 7 -1
423505 8 -1
423508 4 1
423572 0 1
423634 6 1
423729 1 -1
424060 1 -1
424091 0 1
424107 2 1
424357 3 1
424372 1 -1
424487 4 -1
424798 0 1
424822 2 -1
424838 6 1
424892 5 -1
424902 1 -1
424951 7 -1
424988 3 1
425031 13 -1
425038 0 1
425180 4 1
425281 0 1
425292 2 -1
425440 9 1
425451 1 -1
425553 3 -1
425719 15 1
425745 1 1
425827 5 -1
425891 0 1
425977 6 -1
425993 2 -1
426192 11 1
426212 4 -1
426257 0 -1
426257 1 -1
426343 8 -1
426531 3 1
426585 0 1
426605 1 1
426660 2 -1
426708 16 -1
426800 5 1
426805 7 -1
426922 1 1
426950 4 -1
427068 0 1
427119 2 -1
427192 3 -1
427423 0 -1
427438 1 -1
427439 12 -1
427563 10 1
427599 4 -1
427638 5 -1
427740 0 -1
427805 1 1
427815 2 1
427848 6 1
427934 3 1
428122 0 -1
428310 2 -1
428345 0 1
428373 1 -1
428686 3 1
428691 4 -1
428729 9 1
428740 8 -1
428751 0 -1
428767 2 -1
428953 1 -1
429051 5 1
429111 7 -1
429148 3 -1
429306 1 1
429334 0 1
429405 4 -1
429465 2 -1
429586 0 1
429655 1 -1
429809 0 -1
429879 6 1
429914 3 -1
429914 2 -1
429993 1 1
430167 0 -1
430406 8 -1
430449 0 1
430465 7 1
430473 4 -1
430492 5 1
430525 1 1
430613 2 1
430847 0 1
430943 3 1
430965 12 -1
431064 1 1
431072 6 1
431298 2 -1
431352 5 -1
431386 1 1
431422 0 -1
431432 3 1
431521 4 -1
431755 2 -1
431760 11 -1
431768 0 1
431825 18 1
431928 1 1
432042 0 -1
432061 8 1
432093 3 -1
432212 9 -1
432228 2 1
432319 10 -1
432384 4 -1
432432 0 1
432452 1 -1
432674 2 -1
432738 3 1
432771 6 1
432803 7 1
432819 5 1
432835 0 -1
432845 1 -1
433053 4 -1
433058 0 1
433381 2 1
433404 1 1
433472 0 -1
433502 8 -1
433760 3 1
433760 6 -1
433762 0 1
433802 4 1
433813 5 -1
433899 1 1
434067 0 1
434077 2 -1
434190 9 1
434258 1 1
434359 7 -1
434525 2 -1
434566 0 -1
434571 3 1
434748 12 -1
434762 1 1
434781 5 1
434851 4 1
434894 0 -1
434942 6 -1
434963 3 1
435117 1 -1
435178 0 1
435189 2 -1
435243 11 1
435417 1 -1
435479 10 1
435536 0 1
435665 2 1
435716 8 1
435786 7 -1
435791 0 1
435815 3 -1
435939 4 -1
436028 1 -1
436061 0 1
436124 2 1
436146 9 1
436221 5 1
436350 3 -1
436417 1 1
436487 0 1
436628 4 1
436753 0 -1
436812 6 -1
436818 2 -1
436834 3 -1
436955 1 -1
437092 5 -1
437092 13 -1
437242 14 -1
437242 2 1
437296 0 -1
437497 1 -1
437543 3 -1
437656 0 1
437692 4 1
437846 1 1
437855 6 1
437925 2 -1
437935 3 -1
437981 0 -1
438016 31 1
438060 17 1
438124 7 -1
438223 0 -1
438241 1 1
438403 5 -1
438452 0 -1
438581 8 1
438607 1 -1
438618 3 1
438645 2 -1
438785 4 1
438786 0 1
438887 9 1
439096 2 1
439119 1 -1
439134 0 -1
439252 3 1
439263 6 1
439422 4 1
439502 0 1
439510 10 1
439583 7 -1
439663 1 1
439749 2 1
439843 5 1
439854 3 1
439908 0 -1
440050 1 1
440239 0 1
440424 11 1
440424 8 -1
440451 2 -1
440461 4 -1
440515 0 -1
440521 3 -1
440599 1 -1
440725 6 1
440811 12 -1
440843 5 -1
440934 2 -1
440953 1 -1
441072 0 -1
441149 3 1
441155 15 1
441176 9 -1
441332 1 1
441554 4 1
441563 2 1
441628 6 -1
441751 7 1
441765 0 1
441768 13 -1
441821 5 -1
441830 1 -1
441931 3 1
442134 10 -1
442173 1 1
442251 8 1
442278 11 1
442332 12 1
442332 2 -1
442402 0 -1
442407 9 -1
442481 10 -1
442582 7 1
442590 4 1
442646 0 -1
442670 1 -1
442713 5 -1
442756 9 -1
442789 8 -1
442832 6 1
442853 11 -1
442888 2 1
442942 0 1
442985 13 1
443046 14 1
443138 10 -1
443194 7 1
443214 1 -1
443218 3 -1
443272 8 1
443347 9 1
443353 0 -1
443503 2 1
443517 1 1
443670 12 1
443671 0 1
443772 3 -1
443898 2 1
443928 16 1
443952 4 -1
443982 5 1
444087 1 -1
444090 0 1
444154 10 -1
444186 9 -1
444368 11 1
444449 0 -1
444530 3 1
444530 6 -1
444557 7 -1
444583 2 -1
444686 4 1
444690 1 -1
444694 8 1
444710 10 1
444712 0 -1
444745 9 1
444820 11 1
444879 13 1
444938 14 1
444960 12 1
445019 0 1
445042 1 1
445044 7 -1
445067 15 1
445126 3 -1
445169 6 -1
445287 0 -1
445449 2 1
445508 10 1
445518 12 1
445544 13 1
445556 17 1
445566 1 1
445588 4 -1
445613 8 -1
445629 9 -1
445647 11 -1
445717 5 1
445733 18 -1
445817 0 -1
445834 10 1
445844 9 1
445915 7 -1
445927 19 -1
445930 8 -1
445948 12 1
445970 3 -1
446109 6 -1
446126 2 -1
446152 0 -1
446157 1 -1
446271 21 -1
446276 11 -1
446357 14 -1
446357 15 -1
446402 0 -1
446505 1 1
446561 12 1
446639 5 1
446676 13 1
446744 0 -1
446778 3 1
446797 16 1
446797 9 -1
446846 4 -1
446873 2 -1
446915 11 -1
446922 1 1
446994 0 1
447031 7 1
447066 8 1
447079 10 1
447227 0 1
447293 1 1
447356 2 -1
447404 3 -1
447410 20 1
447421 6 -1
447482 4 -1
447732 18 -1
447821 1 1
447829 2 1
447840 5 -1
447840 12 1
447851 0 1
448055 11 -1
448076 8 -1
448079 3 -1
448256 0 1
448281 7 1
448345 1 -1
448442 6 1
448442 2 -1
448498 4 1
448541 0 -1
448603 19 -1
448635 22 1
448676 1 -1
448818 3 -1
448877 2 1
448893 13 -1
448936 9 1
448979 0 1
449179 1 1
449280 5 1
449302 8 1
449388 3 -1
449495 2 -1
449558 1 1
449562 4 1
449632 0 1
449925 6 -1
449937 1 1
450054 24 -1
450159 4 -1
450183 5 -1
450204 11 -1
450215 0 1
450221 2 -1
450239 3 -1
450336 10 1
450344 7 1
450399 1 -1
450441 21 -1
450570 15 1
450634 23 -1
450678 9 1
450691 2 -1
450757 1 1
450785 14 1
450817 8 1
450833 0 1
450925 17 1
451048 3 1
451054 6 -1
451062 4 1
451107 12 -1
451153 2 -1
451191 7 1
451215 18 1
451289 1 1
451311 20 1
451419 0 -1
451537 19 1
451580 5 1
451586 2 1
451602 26 -1
451672 3 -1
451763 0 1
451803 4 1
451860 16 -1
451860 1 -1
452040 0 -1
452118 22 1
452134 7 1
452150 10 1
452154 1 -1
452171 8 1
452279 2 -1
452365 6 1
452376 3 1
452472 1 -1
452537 0 -1
452612 9 -1
452762 13 -1
452799 1 -1
452867 4 -1
452934 21 1
452945 11 1
452959 12 1
453010 15 1
453029 17 1
453037 10 1
453042 14 1
453074 5 -1
453142 9 -1
453184 8 -1
453192 2 -1
453230 20 1
453234 13 -1
453278 0 -1
453282 7 1
453300 11 -1
453332 12 -1
453347 10 1
453456 25 1
453493 6 1
453544 1 -1
453633 9 1
453687 21 1
453697 3 -1
453738 13 1
453738 22 1
453762 23 1
453765 2 1
453783 8 -1
453810 16 -1
453813 0 -1
453816 24 1
453850 7 -1
453883 11 -1
453883 12 -1
453934 14 -1
453955 18 -1
453990 15 -1
454020 5 1
454052 19 -1
454080 17 -1
454084 10 1
454116 4 -1
454124 16 -1
454143 12 1
454181 27 1
454221 1 1
454245 18 -1
454248 8 -1
454256 9 -1
454259 0 1
454267 6 -1
454362 20 -1
454374 17 -1
454495 0 -1
454555 19 -1
454600 14 -1
454604 13 -1
454621 11 -1
454632 21 -1
454684 20 -1
454724 18 -1
454788 8 1
454801 23 -1
454809 22 -1
454820 3 1
454826 9 1
454850 19 -1
454850 1 1
454858 10 1
454890 28 -1
454890 16 1
454890 7 1
454917 12 1
454933 21 -1
454933 2 -1
454987 15 1
455003 11 1
455003 20 -1
455011 17 1
455094 14 1
455156 4 -1
455169 0 1
455277 22 -1
455384 15 1
455384 2 1
455390 13 -1
455390 1 1
455406 26 -1
455422 3 1
455470 24 -1
455478 16 1
455486 25 -1
455502 29 -1
455502 8 1
455527 0 -1
455527 10 1
455535 12 1
455556 18 1
455571 17 1
455788 19 1
455825 18 1
455830 11 -1
455830 0 1
455841 5 -1
455905 9 -1
455970 1 -1
455991 6 1
455994 13 -1
456002 17 1
456066 20 1
456077 21 1
456123 19 1
456179 7 -1
456204 0 -1
456233 2 -1
456260 10 -1
456308 16 -1
456346 8 1
456377 1 -1
456421 3 -1
456486 0 1
456502 9 -1
456542 20 1
456545 12 -1
456631 14 -1
456641 11 -1
456663 22 1
456695 4 1
456762 0 -1
456792 23 1
456792 10 1
456856 18 -1
456889 6 -1
456889 7 -1
456969 1 -1
456977 2 -1
456991 5 1
457093 15 1
457130 0 1
457179 9 -1
457189 21 1
457195 3 -1
457340 19 -1
457380 0 1
457394 8 1
457413 10 1
457458 2 -1
457509 1 -1
457533 11 1
457614 4 -1
457824 0 1
457880 1 -1
457958 5 -1
457969 7 1
457985 6 -1
458017 12 -1
458038 3 -1
458087 2 1
458178 13 -1
458198 4 1
458307 22 1
458341 0 -1
458356 1 -1
458436 17 -1
458495 8 1
458501 14 -1
458571 0 1
458576 3 1
458630 9 1
458698 16 1
458698 10 1
458742 12 1
458743 7 1
458745 15 1
458758 11 1
458795 13 1
458828 2 -1
458882 6 -1
458893 10 -1
458893 18 1
458898 8 -1
458903 20 1
458909 9 -1
458949 12 -1
458952 24 1
458956 1 1
458979 0 -1
458995 27 1
459000 19 1
459000 5 1
459081 21 1
459085 4 -1
459113 11 1
459121 7 -1
459132 8 -1
459135 9 -1
459151 14 -1
459167 15 -1
459181 13 -1
459204 6 1
459253 31 1
459290 10 1
459323 23 1
459339 8 1
459341 12 1
459451 25 1
459492 5 1
459532 7 1
459591 2 -1
459597 18 1
459598 1 -1
459629 9 -1
459637 16 -1
459653 3 -1
459669 11 -1
459697 17 -1
459747 6 1
459749 19 -1
459750 4 1
459778 13 -1
459784 8 1
459790 26 1
459798 7 1
459806 0 1
459806 10 1
459830 9 1
459838 15 -1
459843 14 -1
459854 28 1
459876 12 1
459892 11 1
459894 16 -1
459991 17 -1
460075 8 1
460134 9 1
460136 1 -1
460139 18 -1
460165 10 1
460166 2 1
460184 20 -1
460241 22 -1
460362 19 -1
460373 11 -1
460402 21 -1
460410 17 -1
460438 13 -1
460499 7 1
460523 23 -1
460523 0 1
460551 20 -1
460555 10 1
460601 12 1
460606 3 -1
460644 14 1
460649 5 1
460649 15 1
460654 1 1
460676 9 1
460767 6 -1
460800 18 1
460802 8 -1
460805 16 1
460821 24 -1
460824 2 -1
460890 10 -1
460896 11 -1
460934 14 1
460939 12 -1
460942 17 1
461047 22 -1
461047 0 -1
461097 4 -1
461123 1 1
461160 13 -1
461165 21 -1
461186 3 -1
461212 7 1
461278 9 1
461321 0 1
461380 18 1
461393 19 1
461444 15 1
461490 8 -1
461587 10 -1
461595 6 1
461605 11 -1
461622 12 -1
461659 20 1
461670 2 1
461694 0 1
461751 14 -1
461829 1 1
461845 16 -1
461966 17 -1
461998 23 -1
462018 7 1
462070 13 1
462092 12 1
462097 11 1
462105 9 1
462154 18 1
462175 19 1
462175 3 -1
462186 8 -1
462213 5 -1
462234 6 -1
462272 4 -1
462292 10 -1
462320 12 -1
462324 13 -1
462385 8 1
462411 0 -1
462422 14 -1
462425 1 -1
462433 7 1
462438 9 1
462465 11 1
462476 15 -1
462546 10 1
462556 2 -1
462594 20 1
462605 24 -1
462691 22 1
462745 8 1
462758 0 -1
462777 21 1
462809 9 1
462812 16 1
462820 12 1
462873 3 1
462896 1 1
462900 6 -1
462930 11 -1
463021 13 -1
463078 7 1
463121 0 -1
463153 5 -1
463164 12 -1
463169 9 1
463212 2 1
463219 1 -1
463252 11 1
463271 15 -1
463336 10 1
463448 4 1
463518 14 1
463545 0 -1
463593 25 1
463642 19 -1
463658 8 -1
463696 9 -1
463814 18 -1
463819 13 -1
463851 0 1
463855 1 -1
463859 17 -1
463872 10 1
463948 12 1
464007 3 1
464007 2 -1
464012 11 1
464113 7 -1
464120 5 -1
464155 0 1
464260 14 1
464327 1 -1
464339 4 1
464351 6 -1
464502 2 1
464507 8 -1
464512 0 -1
464528 20 -1
464528 15 -1
464561 16 -1
464577 13 -1
464676 10 1
464690 9 1
464724 11 1
464730 12 1
464778 19 1
464802 22 1
464808 21 1
464840 5 -1
464851 8 -1
464871 1 -1
464875 7 -1
464878 0 -1
464883 17 1
464888 15 1
464926 30 1
464929 10 -1
464945 12 -1
464953 9 -1
464982 11 -1
465004 4 1
465024 13 -1
465033 14 -1
465055 6 1
465098 31 1
465122 3 -1
465125 23 1
465162 18 1
465165 7 -1
465189 8 -1
465205 10 -1
465216 2 1
465229 9 -1
465237 12 -1
465296 0 -1
465458 8 -1
465463 24 1
465533 14 1
465560 1 1
465608 6 -1
465620 7 -1
465635 27 1
465656 28 1
465659 11 -1
465667 12 -1
465673 16 -1
465673 26 1
465681 13 -1
465691 10 -1
465732 9 -1
465807 5 1
465887 3 -1
465904 15 -1
465922 19 -1
465951 17 -1
465957 8 -1
465960 0 -1
466027 16 -1
466059 22 -1
466067 7 1
466124 1 1
466129 11 1
466143 2 -1
466156 18 -1
466164 13 1
466172 20 -1
466172 9 1
466194 14 1
466247 12 1
466264 0 1
466358 10 -1
466452 21 -1
466468 11 -1
466543 13 -1
466546 0 -1
466559 4 1
466570 9 1
466603 1 1
466640 23 -1
466645 8 1
466664 19 -1
466664 10 1
466667 18 -1
466736 17 1
466752 2 1
466784 20 -1
466785 6 -1
466828 12 1
466838 3 -1
466849 22 -1
466950 16 1
466989 15 1
467032 14 1
467032 21 -1
467047 0 -1
467080 11 -1
467117 1 1
467151 13 -1
467273 12 -1
467284 17 -1
467345 10 1
467357 7 1
467462 3 1
467472 8 -1
467483 2 -1
467504 15 -1
467505 9 -1
467580 14 1
467591 1 -1
467698 5 -1
467744 6 -1
467762 0 -1
467768 11 -1
467768 23 -1
467816 4 1
467816 13 -1
467913 25 -1
468010 10 1
468042 29 -1
468063 12 1
468108 1 -1
468122 16 1
468192 9 1
468225 2 -1
468278 24 -1
468308 19 1
468310 21 1
468324 0 1
468397 18 1
468466 3 1
468482 11 -1
468606 13 -1
468622 4 1
468692 2 -1
468697 14 -1
468707 1 -1
468757 8 1
468816 22 1
468821 12 1
468848 0 1
468896 20 1
468923 15 1
468977 21 1
468988 5 -1
468993 7 -1
469021 10 -1
469116 11 -1
469138 6 1
469170 1 -1
469181 2 -1
469190 13 -1
469202 12 -1
469272 3 1
469442 0 1
469482 9 1
469493 17 -1
469503 1 1
469595 2 1
469622 16 1
469804 0 -1
469837 18 -1
469874 1 1
469912 3 1
469922 14 -1
469936 10 1
469992 19 -1
470041 11 1
470062 12 1
470084 15 -1
470108 0 -1
470137 4 1
470148 8 1
470170 7 1
470210 13 1
470258 2 1
470299 22 1
470446 1 -1
470476 9 -1
470495 0 -1
470621 20 -1
470702 0 -1
470712 5 -1
470820 3 1
470841 6 1
470847 10 1
470849 11 1
470859 13 1
470879 14 1
470879 23 1
470895 8 1
470900 12 1
470903 4 1
470927 9 1
470944 17 1
470954 15 1
471016 13 1
471019 2 -1
471040 21 1
471051 11 -1
471051 18 1
471080 16 1
471083 14 1
471100 9 -1
471102 10 -1
471104 7 -1
471107 12 -1
471110 8 -1
471153 19 1
471163 5 1
471182 6 1
471247 0 1
471349 8 -1
471354 7 -1
471365 9 -1
471427 10 -1
471447 4 1
471447 13 -1
471448 3 1
471454 14 -1
471483 11 1
471523 12 1
471548 1 1
471556 15 -1
471674 5 1
471701 7 1
471709 0 1
471720 2 -1
471760 27 1
471760 24 1
471819 6 -1
471819 8 -1
471878 12 -1
471891 11 -1
471902 13 -1
471906 10 -1
471910 16 -1
471910 9 -1
471975 17 -1
472104 20 -1
472174 18 -1
472233 12 1
472237 19 -1
472319 14 1
472351 3 1
472367 15 1
472375 0 1
472386 13 1
472470 1 1
472517 11 -1
472619 22 -1
472620 25 -1
472727 21 -1
472746 2 -1
472756 7 -1
472770 12 -1
472781 8 -1
472791 18 -1
472813 1 -1
472829 10 -1
472950 0 1
472953 9 1
473006 23 -1
473103 13 1
473135 16 1
473157 14 1
473168 12 1
473178 1 -1
473216 17 1
473276 10 -1
473294 0 -1
473299 11 -1
473299 3 -1
473426 26 -1
473447 8 1
473463 15 -1
473466 13 -1
473479 9 1
473522 31 -1
473548 0 -1
473607 1 1
473656 2 -1
473675 6 1
473707 4 1
473732 7 1
473748 14 1
473791 11 1
473802 12 1
473866 5 -1
473941 19 1
473941 20 1
473969 1 1
474038 21 1
474086 13 -1
474098 0 -1
474199 16 -1
474248 2 -1
474296 28 -1
474300 10 1
474323 3 1
474413 1 1
474442 0 1
474506 12 1
474506 22 1
474532 11 1
474532 8 1
474554 13 1
474554 9 1
474581 18 1
474586 14 1
474591 15 1
474594 17 1
474650 6 -1
474691 0 1
474731 19 1
474739 20 1
474836 12 -1
474860 4 1
474884 7 1
474916 16 -1
475010 14 -1
475053 15 -1
475070 1 1
475112 5 1
475114 0 -1
475129 9 1
475138 10 1
475139 8 1
475170 13 1
475188 2 1
475284 11 1
475370 21 1
475392 0 1
475435 12 -1
475444 1 1
475569 17 -1
475618 3 1
475674 0 -1
475693 6 1
475779 1 1
475854 2 1
475962 14 1
475972 22 1
475972 10 -1
476010 0 -1
476080 11 -1
476085 8 -1
476093 4 -1
476101 1 1
476101 9 -1
476123 12 -1
476206 13 -1
476254 7 1
476255 0 1
476295 18 -1
476359 15 -1
476364 3 -1
476381 2 1
476641 1 -1
476660 5 -1
476682 16 1
476687 6 -1
476687 0 1
476886 3 -1
476899 13 -1
476929 12 -1
476945 11 -1
477020 14 -1
477020 8 1
477032 7 1
477044 4 1
477044 10 1
477070 9 1
477165 23 1
477168 15 1
477181 2 -1
477189 17 1
477213 8 -1
477224 12 1
477229 11 1
477238 13 1
477246 20 1
477248 9 -1
477256 1 -1
477262 19 1
477262 24 1
477283 14 1
477294 16 1
477294 10 -1
477348 18 1
477383 6 1
477407 7 1
477434 21 1
477536 5 -1
477549 8 -1
477576 11 -1
477579 9 -1
477581 12 -1
477592 10 -1
477642 13 -1
477670 0 -1
477686 3 -1
477697 15 -1
477790 1 -1
477810 22 1
477812 2 -1
477870 4 1
477963 7 1
477971 11 1
477971 14 1
478003 0 1
478035 26 1
478043 13 1
478068 25 1
478070 8 -1
478121 12 -1
478124 17 -1
478148 16 -1
478164 30 1
478207 27 1
478229 23 1
478239 5 -1
478240 9 1
478250 18 -1
478273 0 -1
478293 6 -1
478394 19 -1
478401 2 1
478470 1 1
478491 10 1
478524 11 1
478524 12 1
478551 20 -1
478551 3 -1
478562 18 -1
478599 21 -1
478626 15 1
478736 13 1
478820 8 1
478833 4 1
478841 19 -1
478841 17 1
478857 14 1
478861 1 1
478873 7 1
478916 0 1
478930 16 1
479002 12 -1
479035 22 -1
479045 9 -1
479190 2 -1
479196 6 -1
479276 20 -1
479288 1 1
479330 3 1
479381 13 1
479454 29 -1
479456 5 -1
479478 0 -1
479518 15 1
479550 4 1
479561 11 -1
479631 10 -1
479749 2 1
479808 14 -1
479884 12 -1
479894 21 -1
479897 1 1
479927 24 -1
479937 17 -1
479945 16 -1
479975 9 1
479999 0 1
480109 8 -1
480203 13 1
480260 23 -1
480270 1 1
480289 0 1
480319 3 1
480340 7 -1
480378 14 1
480421 18 1
480467 2 -1
480501 19 1
480593 0 1
480733 1 1
480797 3 -1
480840 12 1
480921 10 1
480937 15 1
480937 22 1
480945 16 1
480990 9 -1
481066 20 1
481066 21 1
481076 11 -1
481082 19 1
481149 0 1
481200 2 1
481235 4 -1
481259 1 1
481299 13 -1
481350 14 -1
481377 5 -1
481453 17 -1
481485 15 -1
481537 1 -1
481565 16 -1
481641 2 -1
481689 18 -1
481694 12 1
481732 11 1
481764 6 -1
481786 8 -1
481799 10 -1
481807 3 1
481823 0 -1
481992 13 -1
482005 1 1
482060 2 -1
482350 3 -1
482371 7 -1
482372 0 -1
482391 4 -1
482474 9 -1
482494 1 -1
482554 2 -1
482581 5 -1
482613 8 -1
482624 0 -1
482833 1 1
482839 3 -1
482855 10 1
482877 0 -1
483000 12 1
483032 13 1
483033 17 1
483129 6 1
483150 11 -1
483194 14 -1
483247 15 -1
483266 4 1
483301 2 -1
483323 7 1
483331 1 -1
483470 11 1
483478 9 1
483481 12 1
483488 19 1
483495 18 1
483505 21 1
483512 13 1
483548 20 1
483548 0 1
483551 8 -1
483580 25 1
483581 10 -1
483613 26 1
483639 5 1
483645 23 1
483669 7 1
483688 6 1
483713 16 1
483731 11 -1
483758 9 1
483758 17 1
483784 24 1
483806 22 1
483838 12 -1
483908 14 -1
483978 15 -1
483983 3 -1
484084 1 1
484112 8 -1
484161 13 -1
484177 7 1
484179 0 -1
484228 2 1
484306 10 1
484311 14 1
484343 12 1
484372 1 -1
484472 18 -1
484504 15 -1
484564 16 -1
484590 9 1
484620 20 -1
484620 4 1
484623 3 1
484668 19 -1
484676 17 -1
484721 0 1
484741 1 -1
484878 2 -1
484881 8 1
484891 11 1
484891 18 -1
485015 10 1
485026 0 1
485116 1 -1
485273 19 -1
485273 22 -1
485289 23 -1
485321 21 -1
485332 0 1
485386 6 -1
485394 16 1
485429 5 1
485466 13 -1
485488 9 -1
485498 4 -1
485509 3 -1
485579 12 -1
485617 2 1
485708 1 -1
485729 11 1
485837 7 -1
485848 8 -1
485911 0 -1
486055 2 -1
486063 20 -1
486073 24 -1
486159 28 -1
486181 14 -1
486192 25 -1
486224 17 -1
486264 1 1
486288 21 -1
486321 9 1
486396 15 1
486423 0 -1
486434 10 -1
486463 2 -1
486482 3 1
486546 13 1
486675 6 -1
486686 8 -1
486702 18 1
486748 4 -1
486756 1 1
486783 0 -1
486793 5 -1
486815 12 -1
486885 16 1
486890 11 -1
486987 14 -1
487015 0 1
487127 22 1
487234 3 -1
487256 19 1
487256 1 1
487256 2 1
487288 10 1
487395 21 1
487460 0 -1
487481 20 1
487514 15 1
487546 13 1
487578 9 -1
487594 1 -1
487626 12 -1
487809 14 -1
487828 0 -1
487871 2 -1
487890 3 -1
487909 17 -1
487973 1 1
487989 4 1
488029 18 -1
488058 0 1
488110 10 1
488126 5 1
488166 13 1
488223 11 1
488223 7 1
488320 15 1
488440 0 1
488441 1 1
488454 12 -1
488481 26 -1
488513 3 1
488567 8 1
488594 2 1
488610 16 1
488631 9 1
488682 4 1
488739 23 1
488759 1 1
488814 0 -1
488857 6 -1
488932 22 1
489080 0 1
489174 13 -1
489224 2 -1
489236 5 -1
489327 1 -1
489346 0 -1
489362 21 -1
489448 3 1
489459 11 1
489512 12 1
489556 14 1
489588 0 -1
489625 7 -1
489641 20 -1
489679 2 1
489682 10 -1
489754 4 1
489770 19 -1
489840 9 1
489872 11 1
489878 8 1
489901 10 1
489911 12 1
489916 18 1
489924 16 1
489953 15 1
489956 17 1
489972 13 1
489980 14 1
489980 1 -1
490017 6 -1
490036 0 1
490136 24 1
490141 11 -1
490141 8 1
490213 19 1
490214 7 -1
490289 9 -1
490308 5 1
490350 20 1
490355 13 -1
490372 31 1
490393 12 -1
490435 1 1
490485 6 -1
490490 2 -1
490496 15 -1
490504 17 -1
490517 14 -1
490522 3 -1
490528 16 -1
490592 7 1
490630 0 -1
490633 10 1
490649 8 1
490662 18 -1
490678 9 1
490689 23 1
490802 30 1
490807 12 1
490850 11 -1
490874 1 -1
490923 4 1
490931 22 1
490984 15 1
491003 7 -1
491017 27 1
491052 13 -1
491052 2 1
491092 8 -1
491213 0 -1
491219 1 -1
491293 17 -1
491318 6 -1
491350 21 -1
491366 3 1
491414 19 -1
491436 18 -1
491452 0 1
491490 14 1
491503 10 1
491527 16 1
491559 20 -1
491721 2 1
491723 0 -1
491763 1 -1
491774 12 -1
491817 4 1
491844 11 -1
491860 9 -1
491874 13 -1
491984 14 -1
491995 5 1
492091 8 1
492124 10 1
492242 15 -1
492263 3 1
492274 0 -1
492317 25 -1
492325 1 -1
492422 13 1
492478 21 -1
492478 16 1
492492 2 -1
492510 22 -1
492569 11 -1
492612 12 -1
492647 7 1
492664 1 -1
492736 6 -1
492809 23 -1
492838 0 -1
492865 24 -1
492897 2 -1
492916 9 1
492942 10 1
492962 5 -1
493050 13 1
493102 18 1
493155 8 1
493224 19 1
493241 14 1
493254 1 -1
493255 0 -1
493276 20 1
493284 17 1
493308 4 -1
493316 7 -1
493354 12 -1
493446 9 -1
493504 3 1
493537 0 -1
493550 13 -1
493596 15 -1
493631 1 -1
493631 10 1
493639 11 1
493725 21 1
493738 2 -1
493744 16 -1
493789 0 -1
493838 12 1
493940 3 1
493957 1 1
494071 14 1
494098 19 1
494106 22 1
494112 8 -1
494149 0 -1
494198 18 1
494246 11 -1
494288 13 -1
494300 12 -1
494305 15 -1
494313 2 1
494485 17 -1
494504 14 -1
494531 0 1
494552 1 1
494646 16 -1
494695 2 1
494703 6 1
494713 3 1
494727 10 1
494783 9 1
494885 0 -1
494907 15 1
494912 1 1
494982 11 -1
494993 5 -1
494993 13 1
495033 7 -1
495073 4 1
495162 0 -1
495208 21 1
495267 2 -1
495337 12 1
495369 8 -1
495416 1 -1
495552 3 1
495565 0 1
495648 14 -1
495654 20 -1
495718 2 -1
495726 4 -1
495767 15 -1
495783 16 -1
495924 1 1
495987 5 1
496008 3 -1
496089 0 -1
496186 10 -1
496282 13 -1
496344 9 1
496347 18 1
496363 11 1
496411 29 1
496432 10 1
496444 2 -1
496444 17 1
496448 1 -1
496465 12 1
496476 19 1
496476 26 1
496496 7 -1
496522 6 -1
496535 8 -1
496551 9 -1
496581 23 1
496586 11 -1
496589 5 1
496621 25 1
496637 15 1
496661 20 1
496673 16 1
496677 0 -1
496691 14 -1
496734 22 1
496793 12 -1
496802 13 -1
496841 21 1
496863 4 1
496922 14 -1
496959 7 -1
497002 8 -1
497016 1 -1
497040 19 -1
497040 18 -1
497044 16 -1
497056 17 -1
497061 15 -1
497123 6 1
497123 9 1
497137 10 1
497163 3 1
497193 11 1
497205 13 1
497212 14 1
497249 12 1
497250 31 1
497286 7 -1
497306 8 -1
497335 24 1
497346 9 -1
497374 10 -1
497402 0 1
497435 1 1
497459 2 1
497529 15 1
497540 17 -1
497550 28 1
497564 13 -1
497609 12 -1
497636 14 -1
497668 11 -1
497813 19 -1
497862 18 -1
497881 0 -1
497894 3 -1
497942 21 -1
497996 8 1
498007 20 -1
498069 12 1
498071 10 1
498092 1 1
498120 23 -1
498128 13 1
498141 2 -1
498160 16 1
498160 7 -1
498203 0 -1
498216 5 -1
498233 17 1
498254 11 -1
498276 9 -1
498324 14 1
498442 4 1
498498 0 -1
498571 2 1
498573 1 -1
498603 22 -1
498625 15 -1
498700 3 -1
498865 1 1
498899 12 1
498936 6 -1
498962 13 1
498993 2 -1
499054 11 -1
499073 0 -1
499103 23 -1
499119 21 -1
499162 24 -1
499227 8 1
499377 1 -1
499385 10 1
499474 20 1
499528 18 1
499546 4 -1
499587 3 1
499613 27 -1
499619 19 1
499627 7 1
499656 2 -1
499689 5 1
499689 9 1
499699 15 1
499710 14 1
499716 16 1
499721 0 1
499732 17 1
499740 1 -1
499844 22 1
499877 12 -1
499946 11 -1
500022 13 -1
500024 1 1
500087 25 -1
500199 20 1
500231 3 1
500234 0 1
500261 2 -1
500269 8 1
500280 10 -1
500366 21 1
500376 9 1
500425 4 -1
500465 0 -1
500516 1 -1
500516 6 1
500516 15 1
500540 14 1
500570 19 1
500618 16 1
500771 0 1
500785 12 -1
500844 11 -1
500884 2 -1
500892 7 -1
500900 13 -1
500926 1 -1
500973 22 1
500989 8 -1
501053 23 1
501091 14 -1
501102 15 -1
501115 0 1
501129 18 -1
501154 17 -1
501158 16 -1
501190 10 1
501247 4 -1
501307 13 1
501311 9 1
501336 0 -1
501360 12 1
501440 26 1
501454 1 -1
501478 3 1
501505 14 1
501666 15 1
501698 5 1
501720 21 1
501746 13 -1
501760 0 -1
501768 2 1
501892 6 -1
501990 1 -1
502131 2 -1
502149 11 -1
502160 9 -1
502246 14 -1
502246 16 -1
502254 20 -1
502284 0 1
502307 1 -1
502351 19 -1
502364 3 -1
502408 18 -1
502429 12 1
502448 7 1
502508 10 1
502561 0 -1
502617 2 1
502643 1 -1
502666 8 -1
502794 15 1
502824 0 -1
502859 22 -1
502909 4 1
502915 3 1
502966 11 1
502978 9 1
502980 17 1
503008 13 1
503008 10 1
503066 12 1
503090 8 -1
503106 14 1
503109 16 1
503138 18 1
503143 6 -1
503149 20 1
503192 24 1
503193 1 1
503209 10 -1
503219 5 1
503233 7 1
503238 17 1
503272 11 -1
503305 2 1
503326 13 -1
503390 19 1
503391 8 -1
503412 9 -1
503442 15 -1
503485 12 -1
503501 14 -1
503612 15 -1
503626 16 -1
503632 13 -1
503654 21 -1
503697 31 1
503697 0 1
503745 11 1
503773 10 1
503774 17 -1
503783 18 -1
503785 15 -1
503818 16 -1
503828 12 1
503834 9 1
503871 14 1
503874 3 -1
503890 7 -1
503957 8 -1
503997 11 -1
504019 13 1
504023 1 1
504040 6 1
504062 5 1
504068 2 -1
504256 15 1
504277 4 -1
504358 12 -1
504366 19 -1
504422 10 -1
504427 18 -1
504430 14 -1
504430 0 1
504486 13 -1
504535 23 -1
504615 20 -1
504642 8 1
504643 9 1
504696 3 1
504707 21 -1
504732 1 -1
504744 11 1
504769 17 1
504809 22 -1
504865 7 -1
504879 14 1
504906 2 -1
504994 13 -1
505029 0 1
505083 12 -1
505137 6 -1
505236 1 1
505244 24 -1
505292 16 -1
505357 19 -1
505357 10 1
505362 15 -1
505394 11 1
505438 25 -1
505459 28 -1
505459 5 1
505510 13 1
505513 14 1
505577 12 1
505588 27 -1
505589 0 -1
505599 26 -1
505609 21 -1
505647 4 1
505655 3 1
505663 8 -1
505685 2 1
505720 1 -1
505728 9 -1
505808 17 1
506028 14 -1
506034 16 1
506039 18 1
506074 7 1
506082 23 -1
506114 10 1
506123 0 -1
506131 2 -1
506324 1 -1
506372 20 1
506380 19 1
506405 24 -1
506426 5 -1
506448 12 1
506485 0 1
506512 9 -1
506571 3 1
506614 13 -1
506665 1 1
506700 2 1
506716 8 1
506727 11 -1
506759 22 1
506824 15 -1
506835 0 1
506896 4 1
506899 6 1
506985 21 1
507200 12 1
507244 0 -1
507251 20 1
507259 16 1
507275 3 -1
507350 2 -1
507382 1 -1
507404 14 1
507415 15 1
507453 17 1
507496 0 -1
507501 9 -1
507589 13 -1
507590 10 -1
507710 22 1
507737 8 1
507786 0 -1
507823 7 1
507829 2 1
507834 18 -1
507835 4 1
507847 1 -1
507995 11 1
508049 19 -1
508121 13 1
508124 5 1
508189 0 1
508194 1 1
508248 14 1
508258 16 1
508275 23 1
508296 12 1
508323 15 1
508436 17 1
508465 0 -1
508468 25 1
508481 3 -1
508565 2 1
508608 6 -1
508662 9 -1
508670 1 -1
508698 10 -1
508769 21 -1
508774 14 -1
508780 11 -1
508798 20 -1
508815 13 -1
508855 15 -1
508884 0 1
508907 4 1
508919 16 -1
508930 18 -1
508989 8 1
509042 1 1
509113 12 1
509177 7 1
509234 13 1
509330 14 1
509338 15 1
509359 1 -1
509376 3 -1
509408 11 -1
509411 10 -1
509486 0 1
509537 12 -1
509580 2 1
509600 13 -1
509639 9 1
509672 6 1
509677 8 1
509694 11 1
509754 10 1
509782 20 1
509782 17 1
509811 5 -1
509846 12 1
509860 18 1
509878 16 1
509890 19 1
509919 9 -1
509947 7 1
509962 14 1
509967 4 -1
510069 11 -1
510125 3 -1
510128 8 -1
510140 13 -1
510148 10 -1
510152 0 -1
510166 15 -1
510176 22 1
510198 18 1
510210 12 -1
510230 21 1
510292 14 -1
510301 13 -1
510316 9 -1
510350 17 -1
510356 15 -1
510388 16 -1
510402 19 -1
510471 7 1
510488 12 1
510512 11 1
510531 2 -1
510549 1 1
510579 10 1
510604 17 -1
510617 5 -1
510628 6 -1
510648 13 1
510671 14 1
510676 16 -1
510792 0 -1
510837 15 1
510950 8 -1
510961 24 1
510998 4 1
511009 12 -1
511009 9 -1
511014 11 -1
511020 2 1
511052 0 -1
511071 1 1
511122 18 -1
511178 13 -1
511189 14 -1
511248 20 -1
511248 7 1
511401 12 1
511522 0 1
511534 1 1
511579 13 1
511584 3 -1
511611 2 -1
511616 21 -1
511627 19 -1
511659 23 -1
511667 16 1
511675 14 1
511756 17 1
511760 10 -1
511788 6 -1
511788 8 -1
511831 9 -1
511879 11 -1
511917 15 -1
512046 0 -1
512078 25 -1
512111 26 -1
512127 22 -1
512151 1 -1
512186 12 1
512229 3 -1
512272 10 1
512280 13 1
512334 0 1
512411 4 1
512414 2 1
512435 1 1
512465 31 -1
512514 14 1
512524 15 1
512534 16 1
512573 5 -1
512653 9 -1
512669 0 1
512670 18 1
512731 1 -1
512906 11 1
512916 19 1
512949 17 -1
512985 7 1
513054 13 1
513056 12 1
513059 0 1
513150 2 1
513196 24 -1
513201 14 1
513217 3 -1
513219 1 1
513239 23 -1
513247 20 1
513301 0 -1
513304 10 -1
513389 15 1
513432 8 -1
513562 2 1
513590 1 1
513594 4 1
513674 0 -1
513690 13 -1
513755 27 -1
513819 12 1
513851 11 1
513980 21 1
514013 14 1
514056 6 1
514067 18 1
514142 29 1
514146 16 1
514152 5 -1
514168 15 1
514174 10 -1
514176 7 -1
514190 8 -1
514193 9 -1
514212 1 -1
514214 22 1
514217 3 -1
514233 12 -1
514303 20 1
514319 13 -1
514330 11 -1
514335 19 1
514390 0 -1
514413 12 -1
514450 14 -1
514577 17 -1
514628 0 -1
514746 9 1
514794 1 -1
514795 10 1
514798 13 1
514813 15 1
514818 4 1
514819 8 1
514829 14 1
514883 16 1
514942 12 1
514972 13 1
515001 11 -1
515012 2 1
515087 21 1
515149 0 -1
515201 1 1
515258 7 -1
515291 3 1
515297 14 -1
515318 23 1
515334 5 1
515342 13 -1
515361 15 -1
515366 11 -1
515388 18 -1
515399 16 -1
515420 12 -1
515485 9 1
515528 17 -1
515565 0 -1
515571 6 1
515590 2 1
515598 15 -1
515616 10 1
515709 13 1
515737 19 -1
515761 1 -1
515764 14 1
515818 25 -1
515826 4 1
515925 12 1
515925 8 1
516033 14 1
516113 2 1
516116 16 1
516124 1 -1
516127 0 -1
516197 10 -1
516237 20 -1
516237 17 1
516245 13 -1
516285 11 -1
516291 21 -1
516344 15 -1
516430 14 -1
516436 9 1
516452 8 1
516459 7 1
516465 6 1
516518 12 1
516522 11 1
516570 3 -1
516581 13 1
516583 10 1
516608 18 1
516643 9 -1
516676 16 1
516710 14 1
516740 19 1
516742 15 1
516753 12 -1
516753 22 1
516758 11 -1
516849 4 -1
516851 7 -1
516852 5 -1
516892 28 1
516898 8 -1
516903 18 1
516906 20 1
516930 26 1
516942 13 -1
516957 9 -1
516978 6 -1
516997 12 -1
517002 17 -1
517035 10 -1
517061 16 -1
517077 15 -1
517099 14 -1
517118 11 -1
517129 13 -1
517230 1 1
517233 0 1
517279 9 1
517284 2 1
517308 7 1
517312 12 1
517317 16 -1
517321 10 1
517343 15 -1
517353 17 -1
517359 11 1
517389 13 1
517445 14 1
517456 12 1
517560 13 1
517580 8 1
517585 0 -1
517615 14 1
517676 15 1
517768 16 1
517794 1 -1
517795 0 -1
517795 18 -1
517854 2 -1
517881 19 -1
517940 12 -1
517981 13 -1
518063 11 1
518074 6 1
518117 14 -1
518139 21 -1
518139 10 1
518187 3 -1
518219 20 -1
518239 1 1
518268 9 -1
518332 0 1
518396 24 -1
518397 7 1
518418 8 1
518437 13 1
518461 17 1
518481 4 -1
518482 5 -1
518670 12 -1
518676 15 -1
518703 14 -1
518840 2 -1
518842 11 1
518858 1 -1
518912 23 -1
518915 8 -1
518961 22 -1
519022 0 1
519031 9 1
519114 10 1
519182 13 1
519196 1 1
519224 3 1
519245 12 1
519256 14 1
519307 16 1
519482 11 -1
519485 1 -1
519530 2 1
519541 0 1
519710 5 -1
519718 8 -1
519751 9 -1
519761 15 -1
519871 7 1
519880 0 1
519890 6 1
519928 10 1
520008 2 1
520009 18 1
520021 1 -1
520094 12 1
520105 13 1
520121 4 1
520137 19 1
520162 0 1
520196 3 1
520213 21 1
520379 1 -1
520422 2 -1
520500 0 1
520503 11 -1
520551 14 -1
520589 17 -1
520758 0 1
520777 9 1
520819 1 1
520855 13 1
520857 12 1
520879 15 1
520879 10 1
520911 22 1
520919 20 1
520986 2 1
521040 16 1
521051 3 -1
521083 14 1
521110 11 -1
521113 4 1
521153 0 1
521201 23 1
521244 8 -1
521330 13 -1
521427 18 -1
521432 15 -1
521433 1 -1
521540 19 -1
521564 10 1
521572 9 1
521580 12 1
521588 7 1
521642 2 -1
521689 13 1
521755 14 1
521806 16 1
521806 1 -1
521822 0 1
521873 11 -1
521948 5 1
521975 25 1
521986 15 1
521991 6 -1
522007 31 1
522013 3 -1
522049 0 -1
522120 12 -1
522136 10 -1
522193 17 -1
522221 13 -1
522222 21 -1
522267 1 1
522287 9 1
522297 14 -1
522308 8 1
522346 20 -1
522370 16 -1
522391 0 -1
522545 2 1
522555 19 -1
522604 4 1
522630 12 1
522640 1 1
522652 7 1
522652 26 -1
522727 0 -1
522749 11 1
522781 15 1
522813 14 1
522856 3 -1
522870 17 1
522878 18 1
522888 6 -1
523001 2 1
523023 16 1
523031 13 -1
523042 0 1
523119 1 1
523176 10 -1
523232 22 -1
523307 5 1
523342 8 1
523361 9 1
523377 11 1
523383 24 -1
523412 13 1
523423 12 1
523450 14 1
523460 10 1
523493 15 1
523544 12 1
523546 4 -1
523571 9 -1
523595 7 -1
523627 13 1
523657 18 1
523663 19 1
523687 20 1
523689 11 -1
523692 16 1
523697 15 1
523708 17 1
523716 14 1
523737 21 1
523756 0 -1
523780 3 -1
523855 8 -1
523862 12 -1
523887 10 -1
523901 11 -1
523957 13 -1
523973 14 -1
524072 15 -1
524081 18 -1
524082 13 -1
524086 17 -1
524102 12 -1
524106 16 -1
524178 14 -1
524199 6 1
524210 5 1
524215 11 1
524221 9 1
524256 7 1
524288 17 -1
524300 16 -1
524312 1 1
524336 12 1
524392 10 1
524403 0 -1
524411 13 1
524438 15 1
524457 19 -1
524523 14 1
524610 15 1
524672 27 1
524683 22 1
524683 23 1
524723 11 -1
524755 12 -1
524763 8 -1
524767 13 -1
524768 14 -1
524924 13 -1
524973 14 -1
524981 16 -1
525048 18 -1
525072 15 -1
525102 21 -1
525110 10 1
525118 2 1
525134 11 1
525142 0 1
525166 20 -1
525177 9 1
525209 12 1
525231 17 -1
525322 14 1
525372 13 1
525381 6 1
525396 1 -1
525408 4 -1
525460 7 -1
525542 0 1
525566 12 -1
525577 10 -1
525585 8 -1
525590 3 1
525617 16 1
525702 13 -1
525722 1 1
525738 2 -1
525811 9 -1
525854 14 -1
525875 11 -1
525876 24 -1
525894 0 1
525897 15 -1
526004 12 1
526069 19 -1
526069 22 -1
526133 13 1
526137 1 1
526268 2 -1
526268 18 1
526294 5 -1
526319 0 1
526327 6 -1
526331 10 -1
526351 17 1
526391 16 1
526407 12 -1
526445 15 1
526531 9 1
526584 14 -1
526585 7 -1
526611 8 -1
526633 1 -1
526644 3 1
526681 13 -1
526778 11 1
526778 28 -1
526907 30 -1
526945 0 -1
526971 20 1
526982 2 1
526993 12 1
527047 14 1
527057 21 1
527064 1 -1
527072 13 1
527181 0 1
527229 4 1
527307 3 1
527315 11 -1
527326 19 1
527391 9 1
527417 2 -1
527423 5 -1
527463 0 -1
527524 1 1
527536 10 -1
527600 7 1
527659 15 -1
527799 12 1
527810 8 -1
527834 13 1
527917 14 1
527943 16 1
528011 20 1
528019 23 1
528027 0 1
528068 29 1
528068 25 1
528116 17 1
528143 21 1
528164 2 1
528201 1 1
528288 12 -1
528315 15 -1
528347 18 -1
528368 14 -1
528374 0 -1
528422 4 1
528444 11 1
528465 6 1
528468 3 1
528487 13 1
528531 1 -1
528540 24 1
528559 10 1
528583 16 -1
528608 0 1
528755 9 1
528793 22 1
528833 1 -1
528857 15 1
528895 14 1
528911 8 -1
528968 2 -1
528974 13 -1
529011 0 1
529035 12 -1
529207 3 -1
529220 1 -1
529290 0 -1
529397 19 -1
529462 13 1
529486 11 1
529508 2 -1
529518 10 1
529551 7 1
529567 20 -1
529604 0 -1
529700 1 -1
529728 14 1
529825 17 1
529911 3 1
529921 4 1
529927 12 -1
529938 2 1
529946 13 -1
530045 15 -1
530107 16 -1
530110 9 -1
530174 5 1
530185 0 -1
530217 6 1
530249 14 -1
530281 11 1
530316 8 1
530324 21 -1
530326 10 1
530362 9 1
530367 12 1
530394 18 1
530422 13 1
530429 15 1
530496 11 1
530510 10 -1
530510 17 1
530534 7 -1
530536 14 1
530550 23 1
530554 19 1
530563 8 -1
530598 16 1
530630 22 1
530647 26 1
530655 1 1
530657 18 1
530668 12 -1
530751 20 1
530759 2 -1
530760 17 1
530808 6 -1
530813 9 -1
530818 10 -1
530820 13 -1
530843 8 -1
530853 15 -1
530862 11 -1
530916 14 -1
530920 12 -1
530924 13 -1
530940 16 -1
530985 19 -1
531001 0 -1
531020 14 -1
531052 15 -1
531065 7 1
531071 18 -1
531086 17 -1
531140 11 1
531182 16 -1
531194 5 1
531197 12 1
531210 10 1
531213 3 1
531247 13 1
531259 9 1
531291 14 1
531318 11 1
531355 15 1
531380 13 1
531436 14 1
531444 4 1
531474 12 1
531535 15 1
531560 24 1
531570 18 1
531615 8 -1
531629 13 -1
531635 27 1
531674 10 -1
531702 16 1
531707 9 -1
531726 11 -1
531733 12 -1
531742 25 1
531742 17 1
531769 14 -1
531867 13 -1
531882 15 -1
531926 0 1
532054 14 -1
532065 21 -1
532081 12 1
532190 1 1
532202 19 -1
532231 3 -1
532242 13 1
532247 8 1
532309 0 1
532360 2 -1
532392 14 1
532398 6 -1
532403 7 -1
532411 16 1
532431 10 -1
532441 11 -1
532441 15 1
532451 5 -1
532537 0 -1
532548 12 -1
532596 23 -1
532693 20 -1
532693 13 -1
532785 9 -1
532814 4 1
532846 1 1
532887 22 -1
533024 12 1
533096 31 -1
533102 14 1
533110 0 1
533136 1 -1
533185 17 1
533229 13 1
533279 18 1
533290 11 -1
533359 15 1
533381 3 1
533394 10 -1
533429 2 1
533472 8 1
533547 19 1
533553 14 -1
533620 16 -1
533652 0 1
533684 4 1
533697 1 1
533725 13 -1
533741 21 -1
533805 6 1
533832 12 1
533889 2 1
533897 11 1
533934 5 -1
534034 0 1
534047 7 1
534074 14 1
534128 23 -1
534165 3 1
534190 1 -1
534214 15 1
534321 0 -1
534322 9 -1
534438 4 1
534450 20 1
534482 13 -1
534483 2 1
534507 1 1
534616 10 1
534644 17 -1
534649 0 1
534660 3 1
534872 2 -1
534891 5 1
534908 0 1
535058 12 1
535095 6 -1
535128 8 -1
535160 14 1
535168 1 1
535184 13 -1
535184 7 -1
535203 9 -1
535228 10 -1
535245 11 -1
535332 24 1
535403 0 -1
535418 26 1
535422 16 -1
535423 12 -1
535434 3 1
535471 15 -1
535514 22 1
535514 2 1
535525 14 -1
535546 1 -1
535557 18 -1
535635 4 1
535683 19 -1
535708 8 1
535760 10 1
535764 13 1
535799 11 1
535820 17 -1
535912 12 1
535912 15 1
535917 16 1
535956 0 1
535984 1 1
536062 21 1
536148 14 1
536213 3 1
536237 2 1
536256 9 -1
536358 0 -1
536417 13 -1
536457 1 1
536524 15 -1
536600 6 -1
536610 20 -1
536621 11 1
536632 12 1
536688 0 1
536745 2 -1
536750 18 -1
536838 1 1
536903 0 1
536909 7 1
536941 16 1
536944 8 1
536997 5 -1
537029 4 -1
537051 14 1
537102 10 -1
537105 9 -1
537137 3 1
537142 13 -1
537218 0 1
537419 11 1
537430 9 1
537435 12 1
537454 8 1
537481 17 1
537493 10 1
537513 2 -1
537524 14 1
537549 13 1
537567 15 1
537590 16 1
537594 1 1
537674 11 -1
537690 19 1
537738 28 1
537742 20 1
537783 17 1
537787 22 1
537814 18 1
537815 7 -1
537819 6 -1
537878 14 -1
537896 12 -1
537896 10 -1
537900 9 -1
537912 13 -1
537935 15 -1
537943 8 -1
538012 12 -1
538014 14 -1
538018 13 -1
538023 11 -1
538053 16 -1
538147 15 -1
538168 21 -1
538190 19 -1
538190 4 1
538225 18 -1
538226 17 -1
538241 0 -1
538254 23 -1
538265 5 1
538265 9 1
538282 7 1
538298 10 1
538319 16 -1
538343 14 1
538365 13 1
538383 12 1
538415 20 -1
538458 11 1
538500 13 1
538542 15 1
538566 14 1
538598 12 1
538645 17 1
538653 16 1
538657 25 1
538681 15 1
538716 18 1
538740 10 -1
538746 8 -1
538802 11 -1
538807 14 -1
538834 6 1
538836 13 -1
538840 12 -1
538845 3 1
538885 0 -1
538899 9 1
539012 7 -1
539022 15 -1
539060 19 -1
539068 14 -1
539072 13 -1
539140 1 1
539159 16 -1
539178 2 1
539181 15 -1
539217 10 1
539232 11 1
539232 8 1
539253 22 -1
539286 21 -1
539312 12 1
539320 5 1
539334 17 -1
539344 14 1
539354 13 1
539436 11 1
539490 12 1
539495 13 1
539506 14 1
539557 9 -1
539592 0 1
539600 16 1
539648 1 -1
539664 7 1
539672 3 -1
539678 15 1
539737 6 -1
539801 10 -1
539850 13 -1
539944 14 -1
539946 12 -1
539946 2 1
539957 8 1
539970 19 -1
539970 4 1
539973 9 1
539973 18 -1
539978 20 -1
540016 11 1
540059 24 -1
540094 0 -1
540107 10 1
540156 16 -1
540184 1 1
540238 13 1
540285 22 -1
540295 14 1
540317 29 -1
540371 0 1
540381 15 1
540462 17 1
540481 2 -1
540543 12 -1
540607 23 -1
540634 9 -1
540674 11 -1
540714 13 -1
540725 8 -1
540768 7 1
540774 14 -1
540779 0 1
540811 15 -1
540865 1 -1
540908 12 1
540940 5 -1
540978 3 1
540986 2 -1
541018 4 1
541034 16 -1
541090 27 -1
541123 13 1
541134 0 -1
541163 10 1
541182 11 1
541182 9 1
541198 18 1
541284 6 -1
541381 20 1
541381 1 1
541381 17 1
541397 14 1
541456 8 -1
541483 0 1
541520 31 -1
541542 19 1
541612 12 -1
541617 21 1
541784 13 -1
541789 15 -1
541870 2 1
541894 0 -1
541937 1 1
542042 4 -1
542090 16 1
542095 3 1
542122 14 1
542123 25 1
542160 5 1
542208 0 1
542326 6 1
542391 11 -1
542402 9 -1
542461 10 -1
542466 24 1
542472 0 1
542477 1 -1
542501 13 -1
542541 23 1
542606 2 1
542649 3 -1
542670 15 -1
542670 22 1
542711 7 1
542724 12 1
542811 1 1
542842 14 1
542916 13 1
543033 0 1
543154 18 1
543184 2 -1
543194 17 1
543208 8 -1
543210 1 1
543224 12 -1
543267 10 -1
543283 26 1
543304 15 -1
543326 11 -1
543328 14 -1
543428 20 -1
543444 16 -1
543503 9 1
543581 1 1
543648 0 -1
543659 5 1
543713 21 -1
543718 13 1
543734 19 -1
543734 4 -1
543750 3 -1
543799 6 1
544024 2 -1
544073 10 -1
544105 1 -1
544153 7 1
544270 4 -1
544273 0 -1
544325 8 -1
544497 14 -1
544519 12 -1
544594 15 -1
544609 1 1
544621 11 1
544624 9 1
544698 10 1
544704 13 1
544855 16 1
544895 21 1
544899 17 1
544925 2 1
544927 15 1
544949 3 -1
544959 11 -1
544960 19 1
544970 0 1
544984 20 1
544992 18 1
545002 14 1
545051 12 -1
545094 5 -1
545102 8 -1
545104 9 -1
545106 7 -1
545142 6 -1
545175 13 -1
545203 10 -1
545244 12 -1
545253 16 -1
545274 14 -1
545306 1 1
545314 17 -1
545357 15 -1
545389 9 1
545411 13 -1
545411 22 -1
545435 16 -1
545454 18 -1
545470 11 1
545548 12 1
545620 14 1
545668 11 1
545676 13 1
545698 0 1
545714 12 1
545765 7 1
545770 15 1
545822 8 1
545822 10 1
545826 16 1
545830 17 1
545856 14 1
545878 4 -1
545910 20 1
545916 9 -1
545921 15 1
545966 19 1
545969 3 -1
545980 5 -1
545980 6 -1
546012 18 1
546019 13 -1
546079 10 -1
546087 25 1
546120 12 -1
546130 2 1
546133 11 -1
546133 14 -1
546253 13 -1
546262 15 -1
546341 16 -1
546362 23 -1
546362 1 -1
546367 14 -1
546442 15 -1
546447 8 1
546482 7 1
546524 0 1
546539 17 -1
546579 13 1
546582 9 1
546587 19 -1
546592 12 1
546603 21 -1
546614 18 -1
546622 11 1
546759 14 1
546796 22 -1
546829 20 -1
546899 12 -1
546915 0 -1
546947 15 1
546950 16 1
547022 13 -1
547022 10 -1
547071 1 1
547092 11 -1
547135 9 -1
547146 14 -1
547194 24 -1
547328 17 -1
547377 2 1
547377 8 1
547425 10 1
547436 3 1
547441 12 1
547473 13 1
547495 0 -1
547522 23 -1
547552 1 1
547602 6 -1
547648 14 1
547659 16 1
547694 15 1
547723 13 1
547770 0 1
547832 4 -1
547882 11 -1
547898 12 -1
547901 7 -1
547917 19 1
547949 17 1
548000 18 1
548011 14 -1
548064 5 1
548075 2 -1
548110 13 -1
548118 20 1
548118 10 1
548129 9 1
548148 1 1
548193 15 -1
548269 21 1
548296 0 1
548400 3 1
548441 12 1
548484 2 -1
548494 11 1
548526 14 1
548650 1 -1
548731 8 -1
548787 4 -1
548795 13 -1
548854 0 1
548860 16 1
548960 7 -1
548985 1 -1
549066 3 1
549150 22 1
549209 2 1
549214 9 1
549263 10 1
549300 21 1
549386 12 1
549392 0 1
549483 14 1
549494 15 1
549494 24 1
549537 1 1
549569 23 1
549585 17 1
549590 11 -1
549617 20 1
549623 8 -1
549634 0 -1
549730 13 -1
549762 2 -1
549867 19 -1
549875 12 -1
549898 0 1
549912 16 -1
549912 1 1
549924 6 1
549983 14 -1
549988 5 1
549988 10 1
550020 4 1
550036 9 1
550052 15 -1
550074 18 -1
550095 3 -1
550262 13 1
550262 1 -1
550375 22 1
550382 0 1
550386 2 1
550504 26 1
550563 11 -1
550654 12 -1
550705 1 1
550724 3 -1
550730 13 -1
550730 16 -1
550730 14 -1
550762 15 -1
550869 0 1
550955 19 -1
550979 1 -1
551052 7 1
551057 2 1
551060 4 -1
551100 17 -1
551127 9 1
551246 10 1
551288 11 1
551321 8 -1
551331 21 -1
551436 0 -1
551439 20 -1
551457 1 -1
551522 2 1
551525 5 -1
551665 14 -1
551665 30 -1
551671 0 -1
551761 13 -1
551853 15 -1
551858 12 -1
551858 25 -1
551866 22 -1
551880 18 -1
551901 6 1
551931 0 -1
551949 3 1
551987 1 1
552000 9 1
552032 11 1
552076 16 1
552089 14 1
552104 13 1
552104 10 1
552108 12 1
552178 15 1
552229 8 -1
552245 14 1
552245 7 -1
552255 11 -1
552266 21 1
552281 16 1
552301 17 1
552309 27 1
552325 20 1
552331 24 1
552349 19 1
552422 4 -1
552422 18 1
552427 6 -1
552443 12 -1
552446 13 -1
552446 23 1
552494 9 -1
552495 10 -1
552502 5 -1
552527 8 -1
552578 14 -1
552599 12 -1
552615 15 -1
552637 11 -1
552646 13 -1
552692 17 -1
552728 16 -1
552774 14 -1
552809 7 1
552825 1 1
552830 15 -1
552857 2 -1
552862 0 1
552884 18 -1
552922 10 1
552938 13 1
552991 12 1
553147 8 1
553153 9 1
553169 14 1
553177 15 1
553191 13 1
553192 16 1
553195 11 1
553196 17 1
553212 6 -1
553268 1 -1
553328 7 -1
553402 12 -1
553432 14 -1
553448 0 -1
553464 11 -1
553469 28 1
553534 19 -1
553545 3 1
553568 13 -1
553588 8 -1
553631 10 -1
553635 16 -1
553636 15 -1
553641 9 -1
553657 12 -1
553684 18 -1
553727 14 -1
553749 5 1
553759 20 -1
553772 17 -1
553868 1 1
553872 13 1
553883 2 1
553921 21 -1
553953 19 -1
553953 16 -1
553985 22 -1
554055 14 1
554070 13 1
554103 15 1
554130 10 -1
554141 0 1
554248 11 -1
554248 12 -1
554251 4 1
554283 2 1
554307 23 -1
554329 14 1
554396 7 -1
554412 17 1
554430 1 -1
554436 15 1
554447 3 -1
554496 0 1
554505 13 -1
554573 16 -1
554598 9 1
554608 8 1
554630 25 -1
554737 11 1
554780 6 1
554845 0 1
554850 12 1
554856 26 -1
554931 2 -1
554936 14 1
554984 13 1
554985 10 1
555022 18 1
555081 20 1
555127 15 1
555151 14 1
555232 12 -1
555232 9 -1
555253 11 -1
555283 16 1
555315 1 1
555339 19 1
555366 18 1
555420 17 1
555425 5 1
555428 13 -1
555436 22 1
555444 0 1
555457 3 -1
555476 4 -1
555503 2 -1
555533 24 -1
555633 1 1
555667 14 -1
555707 15 -1
555820 0 1
555833 21 1
555847 13 1
555876 12 1
555895 10 1
555898 9 1
556032 20 1
556075 0 1
556091 8 -1
556166 11 -1
556199 15 1
556230 1 -1
556266 16 1
556290 7 -1
556312 2 1
556328 3 -1
556354 14 -1
556435 13 -1
556462 0 1
556548 17 -1
556607 21 1
556641 1 1
556714 12 1
556763 0 1
556800 11 1
556865 14 1
556913 2 -1
556919 10 -1
556935 13 1
556951 23 1
556962 15 1
556967 1 -1
557005 0 -1
557107 3 1
557166 27 1
557241 6 -1
557289 19 -1
557300 12 -1
557322 4 1
557338 22 1
557343 2 1
557410 16 -1
557433 1 -1
557445 14 -1
557467 18 -1
557542 8 -1
557625 0 1
557660 13 1
557757 9 1
557773 1 1
557894 10 -1
557945 2 1
557950 20 -1
557950 3 1
558141 0 1
558155 15 -1
558198 24 1
558281 1 -1
558284 5 1
558284 21 -1
558310 14 -1
558321 19 -1
558413 2 1
558509 3 1
558531 6 1
558547 11 1
558652 0 1
558676 12 1
558696 13 1
558728 7 1
558740 1 -1
558837 2 -1
558845 17 1
558885 0 -1
558942 16 1
559041 1 -1
559041 15 1
559046 4 1
559151 10 -1
559160 9 -1
559192 0 -1
559218 14 -1
559256 13 -1
559283 12 -1
559452 2 1
559471 8 1
559511 11 1
559530 18 1
559584 3 -1
559597 12 1
559605 5 -1
559616 21 1
559651 16 1
559699 1 -1
559712 13 1
559724 19 1
559732 20 1
559740 14 1
559788 7 1
559815 15 1
559861 17 1
559933 25 1
559935 10 -1
559949 6 -1
559949 26 1
559952 8 -1
559960 18 1
559963 9 -1
559976 11 -1
560027 0 1
560081 14 -1
560110 12 -1
560122 16 -1
560134 13 -1
560172 15 -1
560218 2 1
560304 17 -1
560374 11 1
560376 20 -1
560379 14 -1
560400 22 -1
560417 18 -1
560433 4 1
560457 16 -1
560465 13 1
560489 19 -1
560497 1 1
560508 12 1
560516 3 1
560562 29 1
560607 15 1
560626 10 1
560650 13 1
560685 14 1
560755 17 1
560798 11 -1
560820 23 1
560836 15 1
560857 0 1
560862 1 1
560862 31 1
560916 8 -1
560932 16 1
561018 12 -1
561021 13 -1
561045 14 -1
561083 9 -1
561142 7 -1
561153 18 -1
561174 2 1
561220 15 -1
561275 10 1
561319 14 -1
561323 19 -1
561325 21 -1
561357 6 1
561368 17 -1
561410 11 1
561436 13 1
561494 12 1
561553 0 1
561565 1 1
561633 14 1
561641 20 -1
561662 16 1
561687 15 1
561706 13 1
561781 3 -1
561813 5 -1
561814 9 -1
561829 12 -1
561862 18 1
561888 15 1
561918 0 1
561948 11 -1
561952 10 -1
561980 8 -1
562012 13 -1
562017 14 -1
562028 17 1
562039 12 -1
562141 22 -1
562173 19 -1
562185 16 -1
562283 14 -1
562310 23 -1
562318 7 1
562334 24 -1
562351 15 -1
562391 11 1
562419 13 1
562423 12 1
562423 9 1
562480 10 1
562501 2 -1
562520 0 -1
562560 6 1
562584 16 1
562586 13 1
562592 14 1
562737 4 -1
562743 14 1
562791 15 1
562826 20 1
562834 16 1
562838 17 1
562840 18 1
562858 19 1
562894 13 -1
562896 12 -1
562915 21 1
562936 8 -1
562941 11 -1
563008 1 1
563012 10 -1
563022 0 -1
563089 14 -1
563100 2 -1
563226 15 -1
563319 1 1
563345 9 1
563384 0 1
563386 13 1
563452 12 1
563527 22 1
563592 20 1
563605 0 -1
563646 1 1
563661 3 -1
563662 14 1
563672 16 1
563696 7 -1
563742 5 -1
563742 2 1
563753 11 -1
563828 21 1
563833 13 -1
564021 15 -1
564028 0 1
564116 17 -1
564156 1 -1
564172 3 -1
564193 12 1
564215 18 -1
564322 2 1
564349 4 -1
564365 23 1
564366 26 1
564404 0 1
564430 1 -1
564634 11 -1
564639 22 1
564709 2 1
564712 13 -1
564715 0 -1
564752 19 -1
564784 14 -1
564881 25 1
564891 1 -1
564903 8 -1
565010 5 -1
565026 10 1
565037 3 -1
565059 9 1
565142 0 -1
565247 6 1
565290 15 1
565329 1 1
565333 4 -1
565354 2 -1
565494 12 -1
565494 7 -1
565639 1 1
565720 0 1
565870 14 1
565873 3 1
565881 20 -1
565913 13 1
565929 16 1
565945 21 -1
566008 1 -1
566123 2 1
566131 0 -1
566219 11 -1
566236 10 -1
566268 12 -1
566391 3 -1
566405 1 1
566413 0 1
566445 13 -1
566598 2 1
566644 15 -1
566679 4 1
566688 0 -1
566751 17 -1
566907 3 -1
566923 0 1
566933 1 1
566977 5 1
566988 2 1
567031 8 1
567034 9 1
567050 7 1
567063 14 1
567090 11 1
567106 12 1
567192 6 -1
567214 18 1
567291 16 1
567299 19 1
567399 0 1
567428 23 1
567450 21 1
567481 1 -1
567493 13 -1
567504 24 1
567541 2 -1
567573 20 1
567654 10 -1
567676 14 -1
567686 4 -1
567718 3 1
567735 17 -1
567767 15 -1
567790 0 -1
567835 1 1
567912 16 -1
568041 18 -1
568065 0 1
568138 13 1
568191 2 -1
568218 19 -1
568218 5 1
568275 17 -1
568347 8 -1
568363 22 -1
568364 1 1
568385 9 -1
568404 4 1
568429 0 -1
568519 3 -1
568640 0 -1
568643 15 1
568707 18 -1
568729 14 -1
568760 1 -1
568885 0 1
568893 2 1
568944 27 -1
569030 31 -1
569040 21 -1
569115 1 1
569169 20 -1
569266 12 1
569331 19 -1
569331 2 -1
569341 11 1
569363 25 -1
569395 3 1
569472 0 -1
569496 7 -1
569546 24 -1
569632 8 1
569635 1 1
569693 4 -1
569701 16 1
569825 6 -1
569846 0 -1
569938 5 1
569967 1 1
569975 28 -1
570002 3 -1
570018 9 1
570024 2 1
570164 0 1
570169 10 1
570298 4 -1
570416 18 1
570432 2 1
570443 13 1
570470 14 1
570475 1 1
570491 19 1
570524 17 1
570545 0 1
570588 23 1
570626 15 1
570749 12 -1
570763 3 1
570765 22 1
570814 0 -1
570873 2 1
570991 20 1
571035 1 -1
571072 21 1
571072 8 -1
571094 0 1
571265 3 1
571265 14 -1
571525 1 1
571539 13 1
571590 2 1
571620 11 -1
571652 10 -1
571663 0 1
571717 9 -1
571733 16 1
571757 4 -1
571759 5 1
571765 22 1
571781 7 -1
571802 24 1
571888 3 1
571899 15 -1
571902 1 1
571931 12 -1
571942 26 1
572023 17 -1
572071 18 -1
572079 19 -1
572082 2 1
572157 6 -1
572189 14 -1
572224 1 -1
572233 25 1
572254 21 -1
572286 0 -1
572329 20 -1
572337 13 1
572544 15 1
572625 3 -1
572668 16 1
572751 2 1
572760 1 -1
572880 0 -1
572899 11 -1
572985 5 1
573058 4 1
573124 3 1
573305 1 -1
573345 10 1
573358 2 1
573393 20 -1
573420 0 -1
573511 6 1
573587 14 1
573587 23 -1
573647 1 1
573707 4 -1
573839 3 -1
573839 2 1
573941 13 -1
573992 0 1
573995 9 -1
574081 5 -1
574086 7 1
574135 17 1
574137 1 1
574199 19 1
574274 15 -1
574374 2 1
574441 4 -1
574457 12 1
574468 8 -1
574526 1 1
574618 0 -1
574715 3 -1
574828 2 -1
574893 1 -1
574900 5 -1
574919 6 -1
575110 4 1
575113 18 -1
575185 0 -1
575290 3 1
575317 11 1
575349 14 1
575392 21 -1
575419 0 -1
575419 2 -1
575477 1 1
575602 16 1
575650 22 -1
575650 7 1
575696 0 1
575779 10 -1
575784 3 1
575832 1 1
575908 27 -1
575919 12 -1
575930 24 -1
575948 13 -1
576038 0 -1
576080 2 -1
576230 4 -1
576307 1 1
576330 3 -1
576343 5 -1
576389 0 -1
576488 23 -1
576515 2 1
576531 6 1
576757 9 1
576781 1 -1
576811 8 -1
576892 0 1
576940 15 1
577101 19 1
577101 3 -1
577142 1 1
577174 4 -1
577214 20 1
577244 0 1
577252 2 1
577440 7 -1
577458 1 1
577499 11 1
577547 0 -1
577606 6 -1
577655 5 -1
577757 14 -1
577784 1 1
577840 0 -1
577848 3 -1
577907 2 -1
577923 4 -1
577940 17 -1
578085 13 1
578117 0 1
578302 1 -1
578305 2 -1
578380 12 -1
578380 9 -1
578488 3 1
578536 0 -1
578606 15 -1
578665 16 -1
578746 18 -1
578816 1 -1
578875 5 1
578880 0 -1
578883 2 -1
578939 22 -1
579025 8 1
579107 0 1
579120 4 1
579133 10 -1
579141 1 1
579229 3 1
579434 21 -1
579487 6 -1
579514 0 -1
579520 31 -1
579573 2 -1
579584 25 -1
579648 3 1
579649 14 1
579757 1 -1
579761 4 1
579795 0 1
579802 7 1
579842 17 1
580003 12 -1
580009 2 1
580081 0 -1
580108 1 1
580218 5 1
580277 3 -1
580374 13 1
580409 0 -1
580432 1 1
580438 4 -1
580471 19 1
580508 11 1
580562 18 1
580589 2 1
580616 16 1
580670 15 1
580670 0 -1
580777 20 1
580922 1 -1
581008 2 1
581013 14 -1
581035 0 -1
581153 3 -1
581220 1 1
581325 6 1
581373 5 1
581454 21 1
581454 2 -1
581454 17 -1
581556 0 1
581661 3 -1
581669 9 -1
581684 4 -1
581744 1 1
581755 15 1
581776 22 1
581817 13 -1
581846 12 -1
581948 8 1
582061 2 1
582078 0 1
582216 1 -1
582303 5 1
582381 4 -1
582419 0 1
582454 6 1
582454 10 1
582534 7 -1
582540 2 1
582558 1 1
582580 3 -1
582706 0 1
582744 14 -1
582808 13 -1
582959 11 1
583142 0 1
583155 1 -1
583174 2 -1
583195 23 -1
583227 19 1
583356 16 1
583389 3 1
583389 4 1
583636 5 1
583668 15 -1
583740 1 -1
583765 0 1
583770 2 -1
583840 18 -1
583851 6 1
583889 10 1
583905 12 1
583910 3 -1
584096 0 -1
584130 1 1
584254 2 -1
584270 8 1
584335 24 -1
584356 11 -1
584372 7 -1
584378 0 1
584421 17 1
584431 9 -1
584437 13 -1
584465 4 -1
584485 5 -1
584517 14 -1
584614 1 -1
584746 2 1
584759 3 -1
584850 12 1
584906 0 -1
584937 20 1
585074 16 1
585164 1 1
585229 2 1
585326 0 -1
585356 4 1
585388 13 -1
585399 6 1
585463 14 -1
585489 1 1
585528 15 -1
585538 3 1
585561 0 1
585667 21 1
585851 1 1
585952 2 1
585968 0 -1
586140 5 1
586189 3 1
586198 1 -1
586224 0 -1
586345 9 1
586355 19 -1
586379 4 1
586443 0 1
586527 8 -1
586627 2 1
586646 10 -1
586714 1 1
586718 7 1
586914 6 1
586971 0 -1
587124 3 1
587124 2 -1
587268 1 -1
587379 4 -1
587452 13 1
587478 0 -1
587581 5 1
587581 16 1
587599 1 1
587774 2 -1
587838 11 -1
587860 15 1
587957 3 -1
588008 7 -1
588016 0 1
588072 4 1
588117 1 -1
588204 14 -1
588226 2 -1
588314 0 1
588443 3 -1
588461 1 1
588559 5 -1
588603 0 1
588629 2 -1
588709 6 1
588731 12 -1
588741 22 -1
588814 1 -1
588947 0 1
589032 4 1
589053 3 -1
589128 7 1
589222 0 -1
589236 2 -1
589247 9 1
589279 8 -1
589338 1 1
589467 17 1
589515 20 1
589607 0 -1
589652 2 -1
589671 3 1
589685 1 -1
589816 6 -1
589892 5 -1
589942 4 1
590139 14 1
590139 18 -1
590144 13 1
590160 1 1
590183 0 1
590289 2 1
590311 11 -1
590440 3 1
590483 0 1
590547 10 -1
590652 4 -1
590712 1 1
590719 12 -1
590722 0 -1
590848 15 -1
590934 2 -1
591071 1 -1
591203 5 -1
591224 3 -1
591321 16 1
591337 2 -1
591360 0 1
591385 19 -1
591434 1 1
591466 4 1
591522 13 -1
591579 6 1
591686 21 -1
591766 1 1
591767 3 1
591772 2 1
591837 7 -1
592073 5 -1
592079 0 1
592111 4 -1
592212 1 -1
592237 2 -1
592331 12 -1
592353 11 -1
592460 14 -1
592541 3 1
592611 6 1
592702 0 -1
592724 1 1
592912 8 -1
592917 2 -1
592974 0 1
593030 3 1
593034 4 -1
593119 1 1
593143 10 -1
593202 0 -1
593385 5 -1
593514 7 -1
593535 18 -1
593557 6 1
593613 3 1
593623 1 1
593675 2 -1
593740 9 1
593780 0 1
593820 13 1
593922 15 1
593981 1 -1
594013 4 1
594143 2 -1
594284 1 1
594379 0 1
594443 3 1
594739 16 1
594755 4 1
594804 2 1
594828 1 -1
594900 5 1
594914 0 -1
595040 8 -1
595121 3 1
595156 0 1
595217 6 1
595239 1 1
595287 2 1
595349 0 -1
595626 7 -1
595642 9 -1
595696 5 1
595752 2 -1
595755 4 -1
595771 17 -1
595819 1 1
595838 3 -1
595927 0 1
596045 10 -1
596115 6 -1
596190 19 1
596322 0 -1
596356 1 1
596400 2 1
596408 4 -1
596448 20 1
596580 3 -1
596620 0 1
596631 11 -1
596631 14 -1
596658 5 -1
596676 1 1
596889 2 1
597020 4 -1
597023 0 -1
597025 1 -1
597039 3 1
597125 12 1
597297 0 1
597379 1 -1
597534 8 1
597566 3 -1
597569 0 -1
597577 2 -1
597582 5 -1
597609 6 -1
597786 13 -1
597878 15 -1
597883 0 -1
597915 7 -1
597996 4 1
598032 1 1
598093 22 1
598112 0 1
598157 3 1
598267 2 -1
598540 1 -1
598541 0 1
598630 9 1
598700 2 1
598709 4 1
598858 3 -1
598893 1 1
598931 17 1
598952 21 -1
598996 8 -1
599017 14 1
599082 0 -1
599092 16 1
599135 2 -1
599157 5 1
599157 10 1
599286 6 -1
599296 11 -1
599318 12 -1
599354 1 1
599614 2 -1
599635 3 1
599673 1 -1
599689 7 1
599689 0 -1
599802 13 1
599866 4 1
599952 15 1
600003 1 -1
600060 0 -1
600113 18 1
600183 3 -1
600310 2 1
600374 0 -1
600484 6 1
600588 1 -1
600635 5 1
600756 0 -1
600854 1 -1
600882 2 -1
600898 14 1
600962 13 1
601016 8 -1
601054 3 -1
601059 20 1
601091 4 -1
601102 15 1
601306 2 1
601362 0 -1
601362 1 -1
601406 7 -1
601468 5 -1
601597 12 1
601624 0 -1
601640 10 1
601682 3 -1
601817 4 -1
601894 1 -1
601924 0 -1
601930 6 -1
601962 2 1
602161 3 -1
602252 1 1
602284 14 -1
602395 2 1
602494 13 1
602497 0 1
602518 4 1
602575 11 1
602605 1 -1
602688 16 1
602787 2 1
602870 5 1
602897 19 1
602954 1 -1
602962 9 -1
602967 3 1
603026 7 1
603119 0 -1
603244 4 1
603284 17 -1
603295 6 1
603467 2 -1
603510 1 1
603515 14 1
603580 3 -1
603682 15 1
603699 0 1
603789 12 -1
603800 23 1
603918 5 1
603942 0 -1
603943 2 1
603961 13 -1
604102 1 1
604122 4 -1
604187 16 -1
604200 0 -1
604273 3 1
604501 1 -1
604520 8 -1
604547 2 -1
604676 0 -1
604714 18 -1
604735 11 -1
604757 12 -1
604767 5 -1
604896 14 -1
605013 1 -1
605025 3 -1
605114 4 1
605154 10 1
605224 2 -1
605305 0 1
605359 9 -1
605423 6 -1
605444 13 1
605519 1 1
605522 3 -1
605654 2 1
605676 0 -1
605735 20 -1
605827 1 1
605856 4 1
605912 17 -1
605920 0 -1
605928 15 -1
605960 14 -1
605971 3 1
606089 12 1
606090 21 -1
606202 0 1
606261 5 1
606286 2 -1
606380 1 -1
606412 16 1
606428 7 1
606444 0 1
606455 11 -1
606471 3 1
606508 13 -1
606831 1 1
606858 0 1
606871 4 1
606885 8 1
606936 10 1
606998 2 1
607121 12 1
607207 18 1
607234 1 -1
607250 19 1
607293 15 1
607304 3 1
607411 22 1
607422 9 -1
607465 0 1
607468 2 1
607470 5 -1
607508 25 1
607556 14 -1
607599 6 1
607786 1 1
607951 4 1
607960 13 1
608051 0 -1
608153 2 1
608185 1 -1
608282 17 -1
608352 3 -1
608352 0 -1
608478 1 1
608623 0 1
608658 6 -1
608685 4 1
608733 2 1
608889 5 1
608916 3 -1
608952 1 1
609056 16 1
609188 2 1
609247 0 1
609286 1 1
609298 7 -1
609378 19 -1
609378 20 -1
609443 24 -1
609529 11 1
609550 3 1
609647 2 1
609679 9 1
609701 10 1
609729 4 1
609757 1 -1
609765 13 1
609830 0 -1
609830 8 1
609916 14 1
609959 18 1
610039 3 1
610066 2 1
610131 12 -1
610303 5 -1
610303 6 -1
610305 1 1
610418 0 1
610638 1 -1
610641 0 -1
610652 3 -1
610684 4 1
610684 2 1
610700 7 -1
610926 15 1
610940 0 -1
610954 1 -1
611076 21 1
611211 5 -1
611269 4 -1
611291 1 1
611308 3 -1
611386 2 -1
611496 14 -1
611506 0 -1
611523 13 -1
611760 1 -1
611770 6 1
611791 2 -1
611885 3 1
612065 5 1
612135 0 1
612222 1 -1
612377 4 1
612510 1 1
612573 2 1
612684 0 1
612753 15 1
612807 6 -1
612872 5 1
612882 14 1
612920 3 -1
612925 12 -1
612968 2 1
612971 0 -1
613018 1 1
613026 4 -1
613054 17 1
613151 11 -1
613226 8 1
613226 18 1
613256 0 1
613280 16 -1
613339 2 -1
613377 1 -1
613473 13 1
613614 4 1
613621 0 -1
613635 7 1
613672 3 -1
613719 1 1
613866 0 -1
613893 10 1
613920 2 -1
613957 14 1
613979 9 -1
614022 15 1
614113 3 1
614199 5 1
614207 1 -1
614258 0 -1
614382 2 -1
614430 12 1
614473 20 1
614525 1 -1
614570 4 1
614580 6 -1
614680 3 -1
614813 0 1
614828 13 -1
615021 1 1
615043 2 -1
615080 0 -1
615118 8 1
615247 19 -1
615336 0 1
615360 4 -1
615368 3 1
615397 5 1
615513 1 1
615720 11 -1
615768 2 -1
615795 17 1
615858 1 -1
615870 0 -1
615892 7 -1
616118 10 1
616160 3 -1
616210 1 1
616214 2 1
616259 0 -1
616279 5 -1
616335 4 1
616354 6 1
616513 1 -1
616582 0 1
616623 8 1
616676 2 1
616687 14 1
616875 16 1
617012 1 1
617015 3 -1
617023 0 1
617028 7 -1
617128 2 1
617182 21 -1
617375 4 1
617375 6 1
617376 9 1
617477 3 -1
617530 1 1
617617 5 1
617634 0 1
617762 15 1
617843 2 -1
617917 1 1
617988 13 -1
618004 4 1
618074 0 -1
618176 3 -1
618302 0 1
618364 8 1
618379 1 1
618385 5 -1
618504 2 -1
618726 0 1
618742 1 -1
618746 4 1
618885 6 -1
618936 3 -1
618971 2 -1
619068 0 1
619110 1 -1
619181 12 1
619295 0 -1
619310 5 -1
619326 7 -1
619354 4 1
619358 3 1
619595 0 -1
619699 1 -1
619702 2 -1
619783 14 -1
619794 6 1
619898 0 -1
620019 10 1
620023 1 -1
620035 19 -1
620041 18 -1
620129 2 1
620154 3 1
620299 9 1
620334 4 -1
620390 0 1
620460 15 1
620539 1 -1
620546 2 -1
620551 16 1
620578 11 -1
620608 13 -1
620739 5 -1
620922 0 -1
620965 31 1
620976 12 1
621001 1 1
621051 23 -1
621150 3 -1
621158 6 -1
621169 8 1
621223 14 1
621250 2 1
621261 4 -1
621299 1 -1
621503 0 -1
621615 7 -1
621628 1 -1
621637 5 1
621653 3 -1
621664 2 -1
621869 0 1
621946 1 -1
622115 4 -1
622131 0 1
622255 21 1
622276 20 1
622298 2 -1
622432 1 -1
622432 3 -1
622438 13 -1
622470 22 1
622663 10 -1
622698 0 -1
622728 6 1
622940 1 1
622946 3 -1
622948 2 -1
622986 17 -1
623050 7 -1
623116 0 1
623139 4 1
623158 5 1
623287 12 -1
623308 1 1
623394 2 1
623439 0 1
623480 9 1
623539 3 -1
623797 0 1
623798 2 -1
623844 1 -1
623873 4 1
623889 6 1
623899 14 1
624053 0 -1
624151 1 1
624168 11 -1
624168 8 -1
624227 13 -1
624260 2 1
624276 15 -1
624284 0 1
624453 3 1
624465 1 1
624501 19 -1
624620 0 1
624641 5 -1
624650 4 -1
624824 2 -1
624921 16 1
624945 0 1
624985 10 -1
624996 3 -1
625054 1 -1
625125 14 -1
625195 13 -1
625345 0 -1
625404 1 -1
625442 9 1
625458 18 -1
625471 2 1
625485 12 1
625533 5 -1
625565 4 -1
625587 11 1
625772 0 -1
625829 2 1
625877 3 -1
625877 15 1
625906 1 1
626017 14 -1
626041 0 -1
626081 7 1
626103 6 -1
626272 0 1
626323 4 -1
626361 5 -1
626384 1 1
626511 8 1
626517 0 1
626533 16 -1
626554 2 -1
626592 3 -1
626702 1 1
626909 12 -1
626936 13 -1
626987 0 1
627016 3 -1
627030 2 -1
627238 1 -1
627247 5 1
627342 0 -1
627403 7 -1
627436 4 -1
627454 2 1
627468 10 1
627548 3 1
627549 17 1
627582 0 1
627744 1 -1
627758 11 -1
627780 6 -1
627898 15 -1
627952 0 1
627973 14 -1
628059 2 1
628076 1 -1
628102 3 -1
628145 9 1
628223 0 -1
628314 4 1
628489 2 1
628510 0 1
628564 1 1
628612 13 -1
628639 5 -1
628661 16 1
628914 0 -1
628919 3 1
628962 6 -1
629040 4 1
629108 1 1
629161 2 1
629177 7 1
629220 8 -1
629228 0 1
629435 12 -1
629435 1 1
629607 0 1
629607 18 -1
629671 14 -1
629725 10 1
629736 3 -1
629761 1 -1
629800 2 -1
629838 4 -1
629854 5 1
629947 0 1
630090 1 -1
630203 3 -1
630209 2 -1
630273 0 -1
630300 6 -1
630316 11 -1
630386 13 -1
630504 0 1
630511 1 -1
630547 4 1
630609 2 -1
630843 5 -1
630843 0 -1
630996 3 -1
631009 1 1
631079 2 -1
631112 17 1
631154 15 1
631155 8 -1
631262 9 -1
631284 21 -1
631308 0 -1
631347 1 1
631504 3 -1
631607 4 1
631627 6 -1
631697 0 1
631810 2 -1
631853 19 1
631886 1 1
631966 3 1
632017 0 -1
632047 12 -1
632063 7 -1
632176 14 -1
632192 5 -1
632240 1 -1
632380 0 1
632493 2 1
632514 13 1
632565 1 1
632616 3 1
632627 4 -1
632684 0 1
632880 2 -1
632915 0 -1
633003 5 1
633074 1 -1
633084 3 -1
633186 6 1
633224 4 -1
633369 16 -1
633379 1 -1
633401 10 1
633439 0 -1
633466 8 1
633530 2 1
633675 7 -1
633729 3 -1
633799 11 -1
633820 0 -1
633863 5 1
633863 12 -1
633868 1 -1
634078 22 -1
634080 0 -1
634094 4 1
634196 9 1
634207 13 1
634288 2 -1
634368 1 1
634444 14 1
634484 0 1
634511 3 -1
634662 4 -1
634727 1 -1
634734 2 1
634814 6 -1
634960 15 -1
634984 0 -1
635074 1 1
635094 3 -1
635131 5 -1
635392 4 -1
635410 1 1
635481 2 1
635545 0 -1
635572 3 1
635658 13 -1
635889 6 1
635898 1 1
635964 7 -1
636056 8 1
636088 3 1
636094 2 1
636115 0 1
636142 20 1
636217 5 -1
636327 4 -1
636378 1 1
636400 17 1
636620 2 1
636626 14 -1
636644 1 1
636746 0 -1
636814 3 -1
636959 12 1
636980 4 -1
637023 0 1
637109 1 -1
637109 9 -1
637238 10 -1
637241 2 -1
637262 0 -1
637432 6 -1
637464 16 -1
637485 5 1
637551 1 1
637561 18 -1
637647 3 -1
637668 2 1
637690 19 -1
637816 0 -1
637819 15 1
637859 1 -1
638012 11 -1
638068 4 1
638149 13 -1
638173 3 -1
638184 14 -1
638211 2 1
638250 0 -1
638391 1 -1
638447 7 -1
638472 0 -1
638582 6 -1
638689 5 1
638808 8 1
638818 2 1
638859 1 1
638915 0 -1
638918 3 -1
639116 4 1
639155 1 -1
639229 2 1
639243 0 1
639452 6 1
639538 3 -1
639595 0 1
639608 5 1
639632 1 -1
639778 4 -1
639915 2 1
639963 3 -1
639995 13 -1
640019 1 1
640065 12 -1
640065 14 -1
640138 0 -1
640237 7 -1
640310 1 1
640377 5 1
640414 17 -1
640479 4 1
640640 2 1
640753 3 1
640807 0 1
640834 10 -1
640866 1 1
641006 6 -1
641076 2 -1
641184 1 -1
641207 3 -1
641229 4 1
641296 5 -1
641344 0 1
641446 7 -1
641516 15 1
641519 2 -1
641616 0 -1
641638 1 1
641645 18 1
641710 11 -1
641710 9 -1
641817 6 -1
641884 0 1
641968 8 -1
641984 3 1
642016 2 1
642140 1 1
642258 0 1
642301 4 1
642469 0 1
642478 1 -1
642591 12 -1
642639 7 -1
642647 3 1
642690 2 1
642720 16 1
642731 5 1
642845 1 -1
642892 14 -1
642914 0 1
642978 21 1
643037 3 1
643196 1 1
643333 4 1
643365 13 1
643411 2 1
643478 3 -1
643497 0 1
643548 6 1
643708 1 -1
643865 2 1
643905 4 -1
643994 0 -1
644139 3 1
644183 1 -1
644225 9 -1
644273 5 -1
644386 0 -1
644397 22 1
644526 20 1
644561 2 -1
644594 1 1
644658 0 -1
644727 7 -1
644816 10 1
644945 3 -1
644961 4 -1
644977 8 -1
645015 2 -1
645106 19 -1
645106 0 1
645160 5 1
645203 1 -1
645386 6 1
645472 2 -1
645525 1 -1
645606 4 -1
645617 0 -1
645692 3 -1
645730 31 -1
645882 1 -1
645918 0 -1
646100 3 1
646176 2 1
646184 0 -1
646299 4 1
646342 6 -1
646376 1 -1
646525 5 -1
646633 9 1
646689 2 -1
646716 0 1
646739 1 -1
646831 3 -1
646848 8 -1
647009 7 -1
647271 1 -1
647277 11 -1
647326 0 1
647331 10 -1
647358 2 -1
647380 4 1
647417 3 -1
647673 0 1
647799 1 1
647906 0 -1
647928 3 -1
647944 5 -1
648062 2 1
648142 1 -1
648162 4 -1
648186 0 1
648234 6 1
648428 7 -1
648440 0 1
648481 12 1
648508 2 -1
648567 18 -1
648581 3 -1
648589 8 -1
648653 9 1
648672 1 -1
648766 0 -1
648814 5 1
648992 3 1
648992 2 1
649040 13 -1
649040 17 1
649194 1 -1
649238 4 -1
649261 0 -1
649406 2 1
649593 1 1
649621 10 1
649860 3 1
649919 0 1
650029 6 -1
650032 2 -1
650088 1 1
650158 0 1
650205 4 1
650212 8 -1
650362 5 -1
650422 0 -1
650540 3 -1
650606 1 1
650755 2 -1
650782 7 -1
650854 4 1
650938 0 -1
650971 1 -1
651104 15 1
651109 3 1
651115 6 1
651214 2 -1
651319 11 1
651322 1 1
651449 0 1
651663 14 -1
651668 5 -1
651676 1 1
651817 4 -1
651835 9 1
651846 3 -1
651881 2 -1
652053 0 -1
652136 1 -1
652313 7 1
652314 2 1
652380 0 -1
652523 16 1
652544 5 1
652648 1 1
652663 3 -1
652700 6 -1
652730 0 -1
652770 2 1
652813 8 1
652853 4 -1
653015 1 1
653084 0 1
653109 3 1
653265 10 -1
653297 20 1
653474 2 1
653498 4 1
653575 1 -1
653681 0 1
653684 13 -1
653684 7 -1
653813 3 -1
653936 2 1
653952 1 1
654103 5 -1
654157 6 -1
654264 0 -1
654305 1 1
654538 0 1
654546 4 1
654630 3 1
654632 2 1
654794 0 1
654802 9 1
654863 1 -1
655027 5 -1
655092 6 1
655179 1 -1
655189 15 -1
655191 0 -1
655275 3 -1
655344 2 -1
655516 0 -1
655575 11 -1
655576 8 -1
655667 4 -1
655723 1 -1
655807 2 -1
655860 7 -1
655876 3 -1
655928 0 1
655930 5 -1
656264 2 1
656296 1 1
656308 0 -1
656328 6 -1
656380 4 -1
656481 3 -1
656522 0 -1
656522 10 1
656554 16 -1
656618 9 1
656654 1 -1
656720 2 1
656806 0 -1
656908 17 -1
657023 1 -1
657037 7 1
657041 4 -1
657045 0 1
657301 5 1
657338 6 -1
657372 1 1
657419 2 -1
657424 3 -1
657513 0 1
657670 4 -1
657682 8 -1
657747 13 1
657880 1 -1
658075 2 1
658077 0 1
658134 3 -1
658209 5 1
658424 1 1
658537 2 1
658623 0 1
658658 4 1
658660 3 -1
658714 12 -1
658781 1 -1
658889 0 1
658935 6 -1
659187 0 1
659236 2 -1
659287 7 1
659305 3 1
659307 1 -1
659494 5 -1
659658 1 1
659714 2 -1
659776 0 -1
659786 4 -1
659940 14 -1
659945 3 -1
659964 1 -1
660015 9 1
660047 15 -1
660112 8 -1
660149 2 1
660294 13 1
660343 0 1
660386 3 -1
660411 1 1
660439 10 -1
660464 4 1
660541 11 -1
660606 6 -1
660762 5 1
660798 1 -1
660877 2 1
661009 0 1
661141 7 1
661208 12 -1
661270 2 1
661279 0 1
661298 1 1
661364 3 1
661471 4 -1
661552 6 1
661557 0 -1
661659 5 1
661826 1 1
661890 2 1
661939 3 1
662003 8 -1
662108 4 -1
662122 0 -1
662193 1 -1
662240 14 1
662326 16 1
662536 7 1
662556 1 -1
662605 3 -1
662648 2 1
662670 5 -1
662699 0 1
662729 4 -1
662914 1 1
663024 6 -1
663062 2 1
663221 3 -1
663295 0 1
663454 9 -1
663503 1 -1
663581 0 -1
663621 5 -1
663707 3 -1
663809 4 -1
663825 7 -1
663863 2 -1
663901 0 1
664003 8 1
664067 1 1
664067 17 1
664124 3 -1
664164 13 -1
664325 6 -1
664398 1 1
664446 4 -1
664475 11 1
664476 0 -1
664500 2 1
664760 3 1
664869 0 1
664906 5 -1
664966 1 -1
665048 2 1
665120 12 -1
665121 0 -1
665295 1 1
665405 7 -1
665411 6 1
665486 3 1
665486 0 1
665508 18 -1
665566 4 1
665587 1 -1
665679 14 1
665728 2 1
665803 0 1
666002 9 1
666099 3 1
666103 1 -1
666123 0 1
666260 10 1
666287 5 1
666367 15 -1
666437 1 -1
666470 2 1
666534 3 -1
666538 4 -1
666556 0 1
666582 8 1
666857 0 1
666949 1 1
666988 2 -1
667055 6 1
667098 19 1
667168 5 -1
667179 3 -1
667214 0 -1
667388 4 1
667445 2 -1
667493 1 1
667622 7 -1
667832 0 -1
667840 1 -1
667883 3 1
667915 2 -1
668044 0 -1
668106 4 1
668162 6 -1
668203 1 1
668283 0 -1
668367 8 1
668377 3 1
668527 1 1
668635 2 1
668654 0 -1
668670 4 -1
668689 5 1
668885 0 1
669022 3 -1
669049 1 1
669329 2 -1
669377 9 1
669388 0 1
669388 10 -1
669420 7 1
669560 6 -1
669589 1 -1
669597 5 1
669678 13 -1
669751 4 1
669769 3 1
669783 0 -1
669791 2 -1
669972 1 1
670006 0 1
670172 11 -1
670269 3 -1
670385 0 1
670516 5 1
670541 2 -1
670549 1 -1
670831 4 -1
670944 7 1
670965 0 -1
670968 3 1
670968 15 1
671000 2 -1
671049 1 1
671118 8 1
671430 3 -1
671444 1 -1
671489 2 -1
671523 0 1
671559 6 -1
671621 4 1
671914 5 -1
671935 3 1
671984 1 -1
672150 0 -1
672174 2 -1
672492 0 1
672516 20 -1
672516 9 1
672570 6 -1
672582 1 -1
672618 2 -1
672637 3 -1
672677 4 1
672774 16 1
672798 0 1
672860 5 1
672919 7 1
672963 1 -1
673042 3 1
673161 0 -1
673290 4 -1
673325 2 1
673386 13 1
673413 0 1
673487 1 1
673612 10 1
673720 12 -1
673725 6 -1
673749 0 1
673816 3 -1
673820 1 -1
673935 8 1
673991 4 -1
674048 2 1
674108 1 1
674222 0 -1
674305 5 1
674426 7 1
674456 0 1
674483 3 -1
674507 2 1
674579 19 1
674590 9 -1
674628 6 1
674628 1 1
674692 0 1
674730 14 -1
674991 1 -1
675044 0 -1
675055 2 1
675136 4 1
675138 3 1
675313 0 1
675515 1 -1
675531 2 1
675552 5 -1
675644 7 1
675692 0 1
675697 3 -1
675813 4 -1
675880 8 -1
676019 1 1
676189 0 -1
676213 2 1
676278 6 -1
676380 3 -1
676386 1 1
676514 21 -1
676560 0 1
676606 5 -1
676756 1 -1
676802 0 -1
676893 4 -1
676909 2 1
677083 1 1
677148 0 1
677159 13 -1
677256 10 1
677345 2 -1
677347 3 1
677417 0 1
677476 5 1
677552 8 1
677589 11 1
677619 1 1
677632 9 -1
677869 7 1
677869 0 -1
677937 4 -1
677960 6 1
678019 2 -1
678135 1 1
678234 3 -1
678385 0 -1
678417 5 1
678490 1 -1
678492 12 -1
678675 0 1
678731 2 -1
678800 4 -1
678836 15 -1
678839 3 -1
678906 6 1
678989 0 1
678993 1 1
679185 2 -1
679191 7 -1
679316 1 1
679354 4 1
679360 0 1
679481 8 1
679646 1 1
679648 0 1
679739 3 1
679809 2 1
679830 5 1
679908 4 -1
679975 14 -1
680018 9 1
680026 0 1
680198 1 -1
680233 6 1
680255 13 1
680389 3 -1
680505 2 -1
680529 1 -1
680637 0 -1
680642 10 1
680857 3 -1
680878 0 1
680932 4 -1
680959 2 -1
681007 11 -1
681029 1 1
681142 7 1
681182 0 1
681212 5 -1
681298 6 -1
681529 3 1
681529 0 1
681563 1 1
681634 2 1
681889 0 -1
681964 1 -1
682004 4 1
682072 2 -1
682109 3 1
682125 6 1
682168 8 -1
682190 5 -1
682332 0 1
682353 1 -1
682512 9 -1
682536 2 -1
682641 4 1
682706 0 1
682716 1 -1
682716 3 1
682988 0 -1
683141 7 1
683206 2 1
683258 1 -1
683300 0 -1
683321 3 1
683329 12 1
683590 0 1
683608 5 -1
683646 2 -1
683754 4 -1
683856 1 1
683926 3 1
683963 6 1
684022 0 1
684209 1 -1
684364 2 -1
684399 4 1
684512 7 -1
684517 5 -1
684597 11 -1
684641 0 1
684689 3 1
684733 1 -1
684737 10 -1
685006 6 -1
685027 13 -1
685049 8 -1
685052 2 1
685118 1 -1
685124 4 1
685189 0 1
685286 17 -1
685393 5 1
685457 14 1
685466 0 -1
685475 1 1
685527 3 1
685543 2 -1
685629 9 1
685729 0 1
685995 7 -1
686027 2 1
686047 1 -1
686084 0 -1
686108 3 -1
686212 4 1
686333 0 1
686386 1 1
686392 6 -1
686479 2 1
686776 0 1
686898 1 -1
686898 8 -1
686914 3 1
686925 5 -1
686970 4 1
687134 2 -1
687336 0 1
687472 1 -1
687532 3 -1
687543 7 1
687747 9 1
687811 6 -1
687867 1 -1
687868 2 -1
687898 0 -1
687940 5 -1
688053 3 1
688123 4 -1
688212 1 1
688344 2 1
688440 3 1
688470 0 -1
688553 15 1
688635 1 -1
688833 10 1
688857 3 -1
688897 16 1
688919 6 1
688997 2 1
689048 0 1
689119 4 1
689252 1 1
689354 0 -1
689370 5 1
689448 2 1
689480 3 -1
689494 7 -1
689650 0 -1
689682 8 -1
689736 4 1
689790 1 1
689800 12 1
689846 0 -1
689886 2 -1
689993 6 -1
690093 0 1
690163 1 -1
690276 3 -1
690526 4 -1
690544 0 1
690585 2 1
690638 9 1
690671 1 1
690687 3 1
690789 18 1
690832 13 -1
690837 5 -1
690856 0 1
690997 1 -1
691050 2 -1
691124 0 1
691154 6 -1
691299 3 1
691308 4 -1
691340 1 -1
691552 8 -1
691579 0 -1
691697 2 -1
691767 7 -1
691821 11 1
691837 5 1
691840 0 -1
691864 10 -1
691890 1 1
691928 3 1
692146 0 -1
692267 4 1
692327 1 1
692382 2 1
692509 3 1
692724 0 1
692777 6 -1
692863 5 -1
692869 2 1
692888 1 -1
693052 0 1
693186 7 1
693242 4 -1
693261 8 1
693310 0 1
693347 9 1
693390 12 1
693472 1 1
693498 3 -1
693498 2 -1
693756 14 -1
693788 5 -1
693823 0 1
693847 4 -1
693849 1 1
693976 3 -1
694113 0 -1
694218 2 -1
694311 1 -1
694411 0 1
694589 3 -1
694669 6 -1
694685 2 -1
694806 4 -1
694822 1 1
695072 0 1
695105 10 -1
695164 5 1
695177 1 1
695201 3 -1
695325 9 1
695357 2 -1
695363 7 -1
695451 0 1
695604 6 -1
695672 0 -1
695673 1 -1
695685 3 -1
695790 4 1
695862 15 1
696056 13 -1
696067 2 -1
696099 8 1
696112 0 -1
696185 3 -1
696189 1 -1
696407 0 1
696443 4 1
696529 2 -1
696540 5 -1
696560 1 -1
696666 0 -1
696808 3 1
696967 1 1
696991 2 -1
697021 0 1
697066 12 -1
697077 9 -1
697193 7 1
697201 6 -1
697238 11 -1
697241 0 -1
697332 1 -1
697410 5 1
697426 4 -1
697445 2 -1
697606 0 1
697786 3 -1
697838 1 1
697851 8 -1
697958 10 1
698138 0 -1
698168 2 -1
698347 1 -1
698383 0 -1
698394 3 -1
698485 6 1
698559 4 1
698617 0 -1
698716 7 -1
698728 1 1
698791 3 -1
698821 2 -1
698861 5 1
698990 0 -1
699216 9 1
699236 4 -1
699240 0 1
699268 1 1
699272 2 -1
699560 14 1
699611 0 1
699647 1 1
699740 3 -1
699743 6 -1
699780 5 1
699934 0 1
699969 2 1
700048 1 -1
700167 4 -1
700173 0 1
700189 3 -1
700216 8 -1
700404 2 -1
700452 0 -1
700514 7 -1
700558 1 -1
700710 5 1
700721 0 1
700772 3 -1
700785 11 -1
700820 4 1
700861 2 -1
700901 1 1
701065 0 -1
701398 0 1
701425 1 1
701468 3 1
701562 2 -1
701590 4 -1
701624 6 -1
701664 0 1
701710 15 1
701901 7 -1
701927 1 -1
701995 5 1
702022 10 1
702048 2 -1
702108 0 1
702145 3 1
702161 9 1
702312 1 -1
702379 0 -1
702605 0 1
702674 1 -1
702677 8 1
702758 2 -1
702812 4 -1
702881 5 -1
702908 3 -1
702978 12 1
703033 1 1
703086 6 1
703232 0 -1
703295 13 -1
703500 2 -1
703521 4 -1
703537 1 -1
703626 0 1
703811 3 1
703884 0 -1
703972 7 -1
703978 2 -1
704124 1 -1
704150 5 1
704204 14 -1
704354 3 1
704365 0 -1
704451 2 -1
704472 4 -1
704490 1 -1
704569 8 -1
704894 2 1
704902 9 -1
704937 0 1
704945 6 1
704988 3 -1
705047 1 -1
705321 0 -1
705332 5 1
705379 1 -1
705561 0 -1
705579 3 -1
705582 2 1
705665 4 1
705754 1 -1
705837 12 -1
705923 16 1
705961 0 1
706004 7 -1
706187 5 -1
706302 1 -1
706305 2 -1
706326 4 1
706343 10 1
706345 3 -1
706353 0 1
706606 0 1
706633 9 1
706654 11 -1
706665 1 -1
706740 2 1
706907 0 1
706955 6 1
707012 4 -1
707197 0 1
707205 1 1
707229 7 -1
707348 3 1
707463 2 1
707503 5 -1
707622 8 -1
707630 0 1
707745 1 1
707761 4 -1
707858 17 1
707906 3 -1
707912 6 -1
707947 2 1
707999 0 1
708120 1 -1
708288 0 -1
708401 2 1
708417 15 -1
708439 1 -1
708568 13 1
708729 6 1
708742 0 1
708793 1 1
708799 3 1
708850 4 -1
708912 5 -1
708963 0 1
709094 2 -1
709215 0 1
709293 7 -1
709309 1 1
709310 10 1
709449 3 -1
709558 0 -1
709570 2 1
709796 0 1
709798 6 1
709809 1 -1
709906 4 -1
709954 5 1
710072 11 1
710105 3 1
710137 18 -1
710188 1 -1
710207 2 -1
710266 9 1
710287 0 1
710438 14 1
710492 8 -1
710619 4 -1
710712 3 1
710744 1 -1
710841 0 1
710916 2 1
711111 1 -1
711112 0 1
711223 5 1
711260 7 -1
711266 3 -1
711346 0 1
711411 2 -1
711470 6 1
711510 1 1
711599 4 1
711599 13 -1
711846 2 1
711886 0 1
712018 1 -1
712034 3 -1
712246 0 -1
712300 2 1
712308 9 -1
712316 4 -1
712365 1 1
712394 8 1
712518 7 1
712531 0 1
712555 5 1
712636 3 -1
712941 1 -1
712956 0 1
712964 2 1
713038 4 -1
713055 3 1
713082 6 1
713104 12 1
713320 0 1
713421 10 -1
713463 1 -1
713582 0 -1
713668 3 1
713673 5 1
713684 2 -1
713706 11 1
713840 1 1
713970 0 1
714074 4 -1
714106 2 1
714114 9 1
714178 6 1
714184 3 1
714215 1 1
714345 0 -1
714560 0 -1
714586 1 -1
714619 5 -1
714695 7 1
714698 4 -1
714850 2 1
714942 3 -1
714996 0 1
715150 1 1
715275 0 -1
715280 2 -1
715350 8 -1
715503 0 -1
715522 5 -1
715640 15 -1
715694 1 1
715726 14 -1
715740 3 1
715751 2 1
715791 4 -1
715874 0 1
716093 1 -1
716116 0 -1
716140 6 -1
716146 10 1
716178 3 -1
716398 2 -1
716559 1 -1
716577 0 1
716726 7 -1
716734 4 -1
716860 2 -1
716912 0 -1
716920 3 1
716930 5 1
717131 1 1
717132 0 1
717188 9 -1
717366 0 1
717403 4 1
717480 1 -1
717570 2 -1
717608 0 -1
717640 6 1
717790 13 -1
717801 3 1
717935 7 -1
718005 0 -1
718010 1 1
718129 4 -1
718145 8 1
718263 3 -1
718268 2 1
718349 5 1
718529 0 1
718552 1 1
718618 6 1
718747 2 -1
718854 10 1
718870 4 1
718927 1 1
719037 9 1
719053 3 -1
719085 0 1
719209 2 -1
719241 7 1
719257 5 1
719317 0 -1
719381 11 -1
719463 1 1
719580 0 -1
719685 2 1
719848 1 -1
719910 0 1
719913 3 -1
719929 6 -1
719943 4 -1
720004 8 1
720197 1 1
720199 0 1
720391 2 1
720424 3 -1
720563 7 -1
720602 0 1
720617 5 -1
720733 1 1
721055 4 1
721058 12 -1
721079 2 -1
721136 0 -1
721136 1 1
721284 3 -1
721316 6 1
721515 5 -1
721555 2 1
721624 0 1
721680 1 -1
721730 3 -1
721773 4 -1
721918 8 -1
721990 0 -1
722240 1 -1
722251 2 -1
722267 0 1
722316 3 -1
722402 9 -1
722455 6 -1
722461 5 -1
722603 7 -1
722615 1 -1
722702 0 1
722909 4 1
722931 2 1
722958 1 1
723111 3 -1
723188 0 1
723294 11 1
723337 10 1
723365 1 -1
723396 0 -1
723406 2 -1
723586 4 1
723654 0 -1
723713 3 -1
723820 6 1
723917 1 -1
723982 5 1
724003 8 -1
724100 2 1
724159 0 1
724227 4 1
724406 3 -1
724490 1 1
724735 0 1
724756 16 -1
724772 7 -1
724804 2 1
724831 6 1
724840 1 -1
724874 5 1
724884 9 1
725008 3 -1
725083 0 1
725231 4 1
725255 2 1
725337 0 1
725380 1 -1
725416 3 1
725615 6 1
725637 12 -1
725640 0 1
725755 1 -1
725809 3 1
725857 0 -1
725924 4 -1
725951 2 1
726110 10 1
726118 1 -1
726158 7 -1
726223 5 -1
726311 0 -1
726416 2 1
726454 3 -1
726650 1 -1
726798 9 1
726862 8 -1
726878 2 1
726912 0 1
726980 4 -1
727033 1 -1
727303 3 -1
727378 14 -1
727534 0 -1
727549 1 1
727577 2 -1
727593 18 -1
727615 5 1
727679 6 1
727765 15 1
727838 0 -1
727910 3 -1
728012 13 -1
728033 4 -1
728050 2 1
728101 0 1
728109 17 1
728121 1 -1
728206 7 -1
728327 3 1
728452 1 -1
728566 5 -1
728622 0 1
728727 2 1
728802 4 -1
728883 11 -1
728931 3 1
728980 6 -1
729014 1 1
729152 0 -1
729421 5 1
729437 2 1
729464 3 1
729536 4 -1
729552 1 1
729571 12 -1
729582 8 1
729593 7 -1
729657 9 1
729773 0 -1
729915 1 1
729920 2 -1
729979 3 1
730074 0 -1
730141 10 1
730290 4 -1
730329 5 1
730345 2 1
730420 0 -1
730443 1 -1
730786 2 -1
730794 0 1
730839 3 1
730872 6 -1
730890 7 -1
730983 1 -1
731025 0 1
731259 8 -1
731350 3 1
731366 1 -1
731370 4 -1
731490 2 -1
731517 0 1
731732 5 -1
731737 1 -1
731906 0 1
732100 1 1
732151 0 1
732164 2 1
732344 3 1
732374 4 1
732463 0 1
732473 6 1
732592 2 -1
732660 1 -1
732764 0 1
732946 7 1
733043 4 -1
733118 9 -1
733134 5 -1
733150 3 -1
733185 0 1
733200 1 -1
733250 2 -1
733527 6 -1
733603 1 1
733666 3 -1
733691 2 -1
733736 0 -1
733994 10 -1
734000 8 1
734026 4 1
734064 5 -1
734113 2 -1
734128 11 -1
734130 0 1
734160 1 1
734204 7 -1
734290 3 -1
734395 0 1
734506 1 -1
734628 0 1
734698 6 -1
734720 4 -1
734747 3 1
734827 2 -1
734828 9 1
734852 0 -1
734867 1 1
735263 2 1
735268 0 1
735433 1 -1
735467 5 -1
735502 4 1
735599 0 1
735682 3 1
735709 6 -1
735808 1 -1
735828 0 1
735945 2 -1
735999 8 -1
736211 7 -1
736227 0 1
736300 10 1
736356 1 -1
736461 0 1
736510 4 1
736542 3 1
736633 2 1
736668 0 1
736827 5 1
736884 1 -1
737109 2 -1
737128 6 -1
737181 3 -1
737219 4 -1
737247 1 -1
737281 0 1
737584 2 -1
737618 1 1
737686 5 -1
737805 9 1
737899 0 1
737918 3 1
737923 8 1
737955 11 1
738001 1 1
738031 2 -1
738203 7 1
738239 4 -1
738364 13 -1
738399 0 -1
738407 6 -1
738471 12 1
738557 3 -1
738559 1 -1
738721 2 1
738944 0 -1
739003 3 -1
739105 5 -1
739130 1 1
739226 4 1
739331 10 -1
739385 6 -1
739420 2 1
739476 0 1
739511 1 1
739557 7 1
739809 3 1
739852 0 1
739885 2 1
739928 4 -1
740049 1 1
740074 0 1
740379 3 -1
740452 0 1
740567 2 -1
740599 1 1
740610 5 1
740664 31 1
740794 0 1
740836 8 1
740952 4 -1
740968 1 -1
741043 2 1
741083 0 -1
741121 7 1
741185 3 1
741223 9 -1
741320 6 1
741451 0 -1
741496 1 -1
741497 2 1
741513 5 1
741715 0 1
741847 10 -1
741889 11 -1
741965 3 -1
742024 4 1
742034 1 -1
742096 0 1
742172 2 -1
742303 6 1
742357 3 -1
742379 1 1
742451 7 -1
742623 2 -1
742725 4 1
742751 0 -1
742771 3 1
742803 8 -1
742931 1 -1
742964 5 -1
743002 0 -1
743179 3 -1
743222 6 -1
743230 0 -1
743277 1 -1
743287 2 -1
743416 9 -1
743502 14 1
743640 1 -1
743724 0 1
743781 3 -1
743813 4 -1
743953 5 1
743969 2 1
744186 1 -1
744313 0 1
744383 3 1
744442 2 -1
744511 1 -1
744560 6 1
744786 3 -1
744792 15 1
744816 0 1
744821 7 -1
744861 4 -1
744910 5 -1
744910 2 -1
745063 1 -1
745105 0 1
745222 12 -1
745342 0 1
745396 2 1
745399 3 -1
745415 6 -1
745595 4 -1
745603 1 -1
745619 8 -1
745780 11 1
745813 3 1
745834 9 -1
745877 0 -1
745946 1 1
746082 2 -1
746232 3 -1
746296 1 -1
746321 4 -1
746361 5 -1
746366 0 1
746393 10 1
746627 1 -1
746743 2 -1
746845 6 1
746905 0 1
746909 3 -1
747046 4 -1
747143 7 -1
747174 0 1
747203 1 1
747216 2 -1
747323 5 1
747414 3 -1
747420 0 1
747554 9 -1
747756 1 1
747863 0 1
747893 2 1
748110 1 -1
748134 4 -1
748183 0 1
748323 3 1
748382 2 1
748409 7 -1
748468 8 -1
748613 0 -1
748618 13 -1
748650 5 1
748671 1 1
748736 6 1
748857 2 -1
749001 1 1
749040 3 -1
749142 4 -1
749177 0 -1
749360 1 -1
749430 0 1
749570 2 -1
749586 3 -1
749607 6 -1
749672 0 -1
749908 1 -1
749940 4 1
750000 2 1
750002 0 1
750037 12 1
750069 5 1
750258 0 1
750274 8 -1
750295 1 1
750349 3 -1
750585 7 -1
750607 6 -1
750666 0 1
750698 10 -1
750709 2 1
750815 1 -1
750940 4 -1
751047 5 -1
751070 0 1
751209 3 -1
751331 1 -1
751370 0 1
751370 9 1
751370 2 1
751542 11 1
751655 0 1
751657 4 -1
751660 6 1
751671 15 -1
751698 1 1
751725 3 -1
751878 2 -1
751918 0 -1
751988 7 -1
752004 5 1
752085 1 1
752101 8 -1
752246 0 -1
752351 4 1
752468 1 1
752509 3 -1
752558 2 1
752880 0 -1
752961 5 1
753008 1 1
753079 6 1
753208 3 1
753224 2 1
753367 7 -1
753439 0 1
753455 13 -1
753504 4 -1
753564 1 -1
753584 10 1
753619 3 -1
753713 2 -1
753737 0 -1
753885 8 -1
753951 1 -1
754025 0 1
754030 3 1
754197 4 1
754337 5 -1
754420 2 -1
754423 3 1
754447 0 1
754487 9 -1
754503 1 -1
754678 0 -1
754842 6 -1
754850 1 1
755019 0 1
755025 3 1
755103 2 1
755148 7 1
755217 1 1
755265 4 1
755533 0 1
755565 2 1
755675 3 -1
755741 1 -1
755756 5 -1
755756 12 1
755863 6 -1
755885 0 1
756005 2 1
756094 3 1
756128 1 -1
756172 0 -1
756277 4 -1
756435 2 -1
756487 7 -1
756562 0 -1
756616 8 1
756680 5 -1
756692 1 -1
756787 3 -1
756874 9 1
756970 4 1
757091 0 -1
757174 2 1
757204 1 1
757266 3 1
757551 10 -1
757567 1 -1
757583 6 1
757696 4 -1
757704 0 1
757819 3 -1
757884 2 1
757901 1 1
758013 0 1
758169 5 1
758206 14 1
758236 0 1
758244 1 -1
758325 2 -1
758389 4 -1
758529 6 -1
758578 0 -1
758604 3 -1
758655 7 1
758764 1 -1
758822 0 -1
759015 2 -1
759109 5 1
759131 13 -1
759158 3 1
759170 0 1
759274 1 1
759453 4 1
759453 8 1
759496 6 -1
759496 0 -1
759499 2 1
759582 11 -1
759635 1 -1
759719 0 1
759797 15 1
759958 0 1
759969 3 -1
759969 2 1
759990 5 1
760171 1 1
760173 0 -1
760206 9 -1
760243 10 1
760473 4 -1
760520 0 1
760546 1 1
760652 2 -1
760657 3 -1
760816 7 -1
760848 0 -1
760908 1 1
761001 12 -1
761079 0 1
761103 3 -1
761130 2 1
761198 4 -1
761248 6 1
761280 8 1
761436 0 1
761442 5 1
761446 1 1
761517 16 1
761665 0 -1
761710 3 -1
761795 1 1
761840 2 1
761898 0 -1
762119 9 -1
762232 0 1
762275 7 -1
762296 5 -1
762363 1 1
762388 3 -1
762388 4 -1
762398 6 1
762511 0 1
762552 2 1
762888 10 1
762904 1 1
762941 0 1
763027 2 -1
763076 3 -1
763286 1 -1
763444 0 -1
763454 2 1
763540 4 -1
763683 0 1
763715 5 -1
763763 3 -1
763784 1 -1
763801 6 -1
763903 7 1
763909 0 1
763914 2 1
764242 3 1
764290 1 -1
764355 4 1
764365 8 1
764438 0 -1
764618 2 1
764634 9 1
764673 1 -1
764786 0 1
764892 3 -1
765000 11 1
765010 5 1
765016 0 -1
765193 7 1
765258 1 1
765282 3 -1
765301 2 -1
765338 4 1
765408 0 1
765483 6 -1
765687 3 1
765693 0 -1
765757 2 -1
765767 1 -1
765913 5 1
765945 12 -1
766007 0 -1
766152 1 -1
766257 6 -1
766289 3 1
766354 8 -1
766443 4 -1
766483 10 1
766486 2 1
766517 1 1
766542 0 1
766714 3 -1
766872 1 -1
766948 2 1
767109 0 1
767180 4 -1
767246 9 -1
767265 7 -1
767343 6 1
767348 3 -1
767424 2 -1
767440 0 -1
767450 5 1
767451 1 -1
767692 0 1
767958 0 1
767999 1 -1
768058 3 1
768076 2 -1
768224 4 1
768267 6 -1
768273 0 1
768332 8 1
768363 1 -1
768531 2 -1
768627 3 -1
768633 0 1
768697 11 1
768869 5 1
768914 1 -1
768958 4 -1
769090 3 1
769138 9 -1
769192 10 1
769227 0 1
769235 2 -1
769280 1 1
769450 7 1
769638 3 -1
769647 1 1
769654 6 -1
769700 4 1
769837 0 -1
769885 5 1
769939 2 -1
770058 0 1
770224 13 -1
770240 3 -1
770248 1 1
770347 0 1
770406 2 -1
770590 1 -1
770695 4 1
770879 2 1
770885 7 1
770938 3 1
771030 0 1
771116 6 -1
771135 1 1
771363 5 -1
771363 2 1
771374 8 -1
771392 4 1
771454 3 1
771505 0 -1
771691 1 1
771922 12 -1
772034 1 -1
772040 0 1
772072 2 1
772196 3 -1
772416 6 1
772420 1 1
772570 4 1
772606 0 1
772653 11 -1
772739 5 1
772766 2 -1
772771 1 1
772782 3 -1
772793 9 -1
772932 7 1
773126 10 -1
773139 0 1
773228 3 -1
773244 2 1
773287 1 1
773319 8 1
773427 14 1
773545 4 -1
773647 0 1
773706 5 -1
773819 1 1
773916 3 -1
773921 2 -1
774039 6 -1
774058 0 -1
774206 1 1
774279 4 -1
774348 0 -1
774378 3 1
774383 2 -1
774416 7 1
774601 0 -1
774641 5 -1
774770 1 -1
774859 2 1
774969 0 -1
775004 4 -1
775050 3 1
775050 6 -1
775145 1 -1
775362 0 1
775404 15 -1
775516 1 -1
775566 5 -1
775582 2 1
775598 12 -1
775665 4 1
775673 3 1
775719 0 -1
775851 7 1
775856 9 1
775950 0 1
776006 6 -1
776028 1 1
776044 2 1
776071 3 1
776264 11 -1
776361 0 -1
776379 1 -1
776436 8 1
776474 3 -1
776568 4 -1
776595 0 1
776716 2 -1
776878 0 1
776882 3 1
776931 1 -1
776963 5 -1
777226 0 -1
777270 10 1
777420 2 -1
777460 0 -1
777503 1 1
777511 3 1
777737 4 -1
777791 6 -1
777834 7 1
777863 0 1
777868 1 -1
777888 2 -1
778135 3 1
778237 0 -1
778241 1 -1
778274 5 -1
778361 2 1
778487 4 -1
778535 0 -1
778549 3 -1
778668 1 -1
778672 9 -1
778801 6 -1
778817 2 1
778828 0 1
779094 0 1
779151 3 -1
779192 1 1
779253 7 -1
779274 5 1
779339 8 1
779513 0 1
779527 2 -1
779628 4 -1
779736 1 1
779892 3 1
780017 0 1
780083 1 -1
780091 6 1
780156 10 1
780234 2 -1
780295 3 1
780321 4 1
780567 0 1
780575 5 1
780631 1 -1
780717 2 1
780962 4 -1
781018 1 -1
781096 3 1
781123 8 1
781150 0 1
781268 7 1
781317 9 1
781383 1 -1
781419 2 1
781488 5 1
781531 12 -1
781560 0 1
781736 6 1
781784 3 1
781854 0 -1
781897 13 -1
781917 1 1
782042 4 -1
782107 2 -1
782253 0 1
782268 1 -1
782300 3 1
782402 5 1
782413 11 -1
782590 2 1
782612 0 1
782703 10 -1
782723 1 -1
782751 4 1
782778 6 1
782835 0 -1
782972 8 1
783050 0 -1
783112 3 -1
783294 2 1
783308 1 1
783316 9 1
783345 0 -1
783542 7 1
783679 0 1
783687 3 1
783695 1 1
783840 4 -1
783859 5 1
783974 2 -1
784012 0 1
784049 1 1
784111 6 -1
784149 3 -1
784264 0 -1
784434 2 -1
784440 1 -1
784700 0 -1
784751 3 -1
784756 8 1
784826 5 -1
784888 4 -1
784912 7 -1
784985 1 1
784993 0 1
785135 2 -1
785159 3 1
785221 0 -1
785412 10 1
785444 16 -1
785537 1 -1
785595 2 -1
785638 4 1
785762 0 1
785804 3 1
785852 6 1
785912 1 -1
786070 2 1
786229 5 -1
786296 0 1
786299 7 -1
786440 1 -1
786465 3 -1
786718 4 -1
786761 2 -1
786879 0 -1
786938 9 -1
786954 1 1
787019 6 1
787078 3 -1
787167 0 -1
787231 2 -1
787339 1 1
787400 12 -1
787486 0 1
787524 3 1
787613 7 1
787669 5 -1
787701 8 -1
787806 0 1
787814 4 1
787822 1 1
787911 2 1
788047 0 1
788051 3 1
788303 14 -1
788334 1 -1
788376 0 -1
788550 5 1
788556 4 1
788588 2 -1
788669 6 1
788685 1 1
788724 0 1
788873 3 -1
788948 0 -1
789056 17 -1
789069 2 1
789211 1 -1
789396 0 -1
789443 5 1
789542 2 1
789568 1 -1
789604 4 1
789615 9 1
789658 3 -1
789701 10 -1
789717 7 1
789762 0 1
789894 1 -1
789972 2 -1
789999 0 -1
790114 3 1
790367 5 1
790410 11 1
790450 0 1
790463 1 -1
790625 8 -1
790652 6 -1
790657 2 1
790688 4 -1
790815 1 1
790937 3 -1
791074 0 -1
791345 0 -1
791359 2 -1
791367 9 -1
791374 1 1
791398 4 -1
791399 12 1
791485 15 1
791541 3 -1
791547 0 -1
791560 6 1
791824 2 -1
791840 5 -1
791934 7 1
791946 1 -1
791961 3 1
792103 4 1
792119 0 1
792347 1 1
792409 13 -1
792410 8 -1
792538 2 -1
792571 3 1
792694 0 -1
792716 1 1
792743 6 1
792760 4 -1
792968 3 1
792995 2 -1
793083 1 -1
793210 0 1
793291 5 -1
793409 7 1
793468 2 1
793514 0 1
793570 3 1
793637 1 -1
793828 4 -1
793839 0 -1
793860 6 -1
794086 10 1
794140 2 1
794172 3 1
794179 1 -1
794194 5 -1
794304 0 1
794377 9 1
794554 1 -1
794613 2 -1
794648 0 -1
794672 3 1
794887 0 -1
794997 4 1
795110 1 -1
795226 12 1
795290 0 -1
795312 2 -1
795425 7 1
795430 3 -1
795501 1 1
795559 0 1
795596 6 1
795634 5 -1
795677 8 -1
795755 4 1
795803 0 -1
795880 1 1
795967 2 -1
796231 3 1
796404 1 1
796424 0 -1
796451 2 1
796655 5 -1
796698 3 -1
796735 1 1
796783 4 -1
796964 0 -1
797037 6 1
797075 9 -1
797085 10 -1
797152 2 -1
797306 0 -1
797311 1 1
797445 3 -1
797531 0 1
797537 5 1
797537 7 -1
797569 4 1
797676 8 1
797762 13 1
797787 0 1
797805 11 1
797859 6 -1
797865 1 -1
797870 2 -1
798077 3 -1
798096 0 1
798202 1 -1
798311 4 1
798332 2 -1
798482 3 1
798552 0 -1
798554 1 1
798875 0 -1
798891 3 -1
798899 7 -1
798939 1 1
798945 5 1
799036 2 -1
799109 0 -1
799281 3 -1
799439 9 1
799458 0 1
799471 4 1
799484 1 -1
799514 6 -1
799611 8 -1
799705 0 1
799767 2 -1
799918 5 -1
799955 12 -1
800016 1 -1
800022 0 1
800041 3 -1
800173 4 -1
800219 2 -1
800382 0 -1
800411 1 1
800603 0 -1
800681 2 -1
800901 6 -1
800912 3 -1
800923 7 -1
800971 1 1
800987 10 -1
801014 0 1
801159 2 1
801245 4 -1
801320 5 -1
801358 3 -1
801358 1 1
801406 0 -1
801694 0 -1
801753 1 -1
801847 11 1
801869 2 1
801911 6 1
801963 0 -1
802046 3 -1
802207 0 1
802313 1 1
802333 4 1
802546 0 -1
802581 2 1
802621 3 1
802644 1 -1
802718 5 1
802750 9 1
802772 8 -1
802970 7 -1
802986 4 1
803056 2 -1
803072 0 1
803142 3 1
803200 1 -1
803373 13 1
803567 6 1
803599 5 -1
803634 0 1
803653 14 -1
803656 4 -1
803712 1 -1
803750 2 1
803761 10 -1
803923 0 1
803954 3 -1
804099 1 -1
804169 0 1
804223 2 -1
804304 4 -1
804446 7 -1
804454 1 1
804470 3 -1
804609 5 -1
804647 2 1
804652 6 -1
804706 8 1
804788 1 -1
804794 0 1
805201 11 -1
805260 3 -1
805300 1 -1
805308 0 1
805375 2 -1
805389 4 -1
805469 5 1
805470 9 1
805676 0 1
805835 2 -1
805881 1 1
805929 0 1
806018 3 -1
806168 6 1
806268 1 1
806337 0 -1
806340 10 -1
806362 12 -1
806413 7 1
806458 3 -1
806469 4 1
806539 2 -1
806668 0 -1
806836 1 -1
806856 5 -1
806927 0 -1
806980 3 -1
807102 4 1
807199 1 1
807270 2 -1
807277 0 1
807426 6 1
807496 3 -1
807565 1 1
807566 8 1
807686 7 -1
807727 2 -1
807824 0 1
808124 0 1
808132 1 -1
808167 5 -1
808168 15 -1
808184 2 -1
808210 6 1
808243 4 -1
808253 3 -1
808415 0 -1
808447 9 -1
808470 1 1
808662 2 1
808767 0 -1
808888 3 -1
808984 7 -1
808992 1 -1
809008 0 -1
809016 6 -1
809041 4 -1
809210 5 -1
809291 3 -1
809339 2 -1
809344 0 1
809561 1 1
809730 4 1
809812 0 1
809889 1 1
809892 3 -1
810000 2 -1
810124 0 1
810167 6 -1
810371 0 1
810387 10 -1
810457 2 -1
810468 1 -1
810489 14 1
810532 8 -1
810586 3 -1
810586 5 1
810695 0 1
810798 4 1
810854 11 -1
810914 0 -1
810935 7 -1
811048 1 1
811080 3 -1
811161 2 1
811306 12 -1
811328 0 1
811349 9 -1
811439 1 1
811483 5 1
811524 4 1
811768 3 -1
811833 6 -1
811889 2 -1
811892 0 1
812001 1 -1
812080 17 1
812120 0 -1
812252 8 1
812333 0 1
812349 5 -1
812349 2 -1
812386 7 -1
812517 1 1
812523 4 -1
812650 3 -1
812838 0 1
812866 1 -1
813058 2 -1
813096 3 -1
813198 6 1
813213 1 1
813370 10 1
813520 0 -1
813584 1 1
813592 4 -1
813760 2 -1
813784 5 -1
813907 3 1
813908 9 1
814047 13 -1
814104 0 1
814144 1 1
814187 6 1
814187 8 -1
814224 2 -1
814297 4 1
814305 3 1
814412 0 1
814574 11 -1
814603 7 1
814692 0 -1
814692 1 1
814708 3 -1
814713 5 -1
814899 2 1
814954 4 -1
814961 12 1
815018 1 1
815248 0 -1
815358 2 1
815401 3 -1
815565 1 1
815670 6 1
815675 4 1
815756 9 1
815786 0 -1
815791 3 -1
815834 2 -1
815930 1 -1
816057 8 1
816127 0 1
816132 5 -1
816296 1 1
816358 0 -1
816390 3 -1
816525 2 1
816538 7 -1
816654 0 1
816756 6 -1
816760 4 -1
816852 16 1
816853 1 -1
816895 15 1
816941 0 1
816995 3 -1
816998 2 -1
817215 1 1
817326 0 1
817417 3 1
817449 10 1
817551 5 -1
817747 1 1
817761 2 1
817780 4 1
817841 6 1
817858 3 -1
817925 0 -1
817941 7 -1
818056 9 1
818228 14 -1
818288 1 1
818304 3 -1
818312 0 1
818444 2 -1
818508 5 -1
818529 4 1
818546 0 -1
818646 1 -1
818809 8 -1
818830 0 -1
818887 2 -1
818906 3 -1
818997 1 1
819075 0 1
819346 2 -1
819384 1 1
819422 0 -1
819475 5 1
819481 7 1
819505 4 -1
819663 3 1
819744 6 1
819822 2 1
819830 0 -1
819952 1 -1
820099 0 1
820206 3 1
820242 4 -1
820426 5 -1
820498 1 -1
820507 11 1
820513 2 1
820515 0 -1
820684 6 1
820757 0 -1
820889 3 1
820894 12 -1
820904 1 1
820932 7 1
820988 4 1
821020 0 -1
821209 2 1
821367 3 -1
821367 10 -1
821436 1 -1
821641 2 -1
821644 0 1
821765 5 -1
821813 3 -1
821926 8 -1
822012 1 1
822085 4 -1
822173 6 1
822184 0 -1
822206 9 -1
822348 2 -1
822383 1 1
822506 3 -1
822724 0 1
822774 4 1
822802 2 -1
822903 1 -1
822909 3 -1
823108 7 -1
823141 5 1
823251 2 -1
823297 0 1
823481 1 -1
823511 3 -1
823786 8 -1
823822 1 -1
823850 4 -1
823877 0 1
823915 2 -1
823936 6 -1
824097 5 -1
824113 3 -1
824205 13 1
824221 10 1
824382 0 1
824388 2 1
824392 1 1
824549 3 1
824737 1 1
824745 0 -1
824954 4 1
824975 0 1
825049 3 1
825075 6 -1
825081 2 -1
825096 1 -1
825156 7 1
825204 0 1
825449 0 1
825516 3 -1
825516 5 -1
825602 9 1
825660 1 1
825680 4 1
825796 0 -1
825798 2 -1
825995 1 -1
826054 12 -1
826123 6 1
826204 3 -1
826261 2 -1
826392 0 -1
826446 4 -1
826523 1 -1
826623 8 -1
826640 7 1
826736 2 1
826892 3 -1
826895 0 -1
826956 5 -1
827063 1 -1
827115 0 1
827139 10 1
827176 4 -1
827204 2 1
827257 6 -1
827338 3 -1
827362 0 1
827421 1 1
827757 0 -1
827784 9 1
827800 1 1
827876 2 -1
828074 5 -1
828101 0 -1
828163 4 1
828171 3 1
828187 1 1
828418 11 -1
828472 0 1
828564 2 1
828633 3 -1
828687 7 1
828736 1 1
828854 0 1
829058 2 -1
829063 6 1
829098 0 -1
829149 3 -1
829257 8 -1
829294 1 -1
829316 4 1
829407 0 -1
829461 5 1
829644 0 1
829667 1 1
829762 2 -1
829816 10 -1
829837 3 -1
829968 0 1
830094 4 -1
830095 15 -1
830192 2 1
830203 1 1
830235 7 -1
830267 12 1
830326 3 1
830444 6 -1
830514 0 1
830570 1 1
830643 2 1
830914 0 1
830920 1 -1
830923 5 -1
831130 4 1
831135 0 -1
831138 3 -1
831192 9 -1
831299 8 -1
831331 2 -1
831377 0 -1
831428 6 1
831471 18 1
831521 1 -1
831605 7 1
831608 0 1
831794 2 -1
831804 5 1
831876 1 1
831928 3 -1
831987 0 -1
832254 4 -1
832390 3 1
832400 1 -1
832500 0 -1
832508 2 -1
832855 3 -1
832928 4 1
832988 1 -1
833008 6 -1
833073 0 1
833202 5 1
833218 2 -1
833304 3 -1
833347 1 1
833390 0 -1
833613 0 1
833621 9 -1
833677 2 -1
833707 14 -1
833726 7 -1
833907 1 -1
833992 3 -1
834062 5 -1
834062 8 1
834072 4 -1
834088 10 -1
834132 2 -1
834137 6 1
834172 0 1
834415 1 1
834551 2 1
834728 0 1
834760 3 -1
834790 1 -1
834911 17 -1
835016 7 1
835018 5 -1
835018 6 -1
835040 16 1
835048 4 1
835059 0 1
835206 3 -1
835225 2 -1
835346 1 -1
835368 0 1
835524 9 -1
835634 0 1
835693 4 -1
835814 13 -1
835890 1 -1
835892 0 1
835937 2 -1
835980 3 -1
836136 11 -1
836289 1 1
836300 0 1
836394 2 -1
836426 5 -1
836442 3 1
836491 6 -1
836656 1 -1
836805 4 -1
836881 0 -1
836910 3 -1
836910 8 1
837015 1 1
837104 2 -1
837313 7 1
837345 5 -1
837480 6 -1
837524 0 1
837539 4 -1
837566 2 -1
837567 1 1
837598 3 -1
837808 0 -1
838039 2 1
838044 3 -1
838129 1 -1
838136 0 1
838168 10 -1
838240 4 -1
838329 9 -1
838454 0 1
838514 1 -1
838686 0 1
838727 3 1
838764 2 1
838813 5 -1
838909 8 -1
838974 6 -1
839030 0 -1
839030 1 -1
839226 2 1
839320 4 1
839328 3 1
839339 12 -1
839364 0 1
839377 1 1
839474 7 1
839603 0 -1
839740 3 -1
839750 1 1
839928 0 1
839941 2 1
840014 4 1
840178 5 1
840285 0 1
840322 1 -1
840452 3 -1
840508 0 -1
840543 9 1
840613 2 -1
840667 1 1
840672 6 1
840856 0 1
840860 7 1
841038 10 -1
841091 2 1
841172 3 1
841183 0 -1
841187 1 -1
841188 5 -1
841191 4 -1
841296 13 -1
841433 0 -1
841532 15 -1
841553 11 1
841623 6 1
841640 3 -1
841657 0 1
841743 1 -1
841801 2 1
841879 0 -1
842027 8 1
842102 1 1
842142 4 -1
842166 5 1
842275 0 1
842327 3 -1
842446 6 -1
842483 2 -1
842493 1 1
842642 0 1
842847 4 -1
842860 1 1
842878 0 -1
842948 7 1
842962 2 1
843107 3 1
843107 5 -1
843311 0 1
843432 1 -1
843499 3 1
843553 9 1
843561 0 -1
843574 6 1
843585 4 -1
843671 2 1
843806 0 1
843908 3 -1
843974 1 -1
843983 8 -1
844136 0 -1
844319 4 -1
844366 0 1
844371 1 -1
844381 2 1
844440 3 -1
844510 5 1
844695 0 -1
844856 2 -1
844932 1 1
844950 6 -1
845043 0 1
845128 3 -1
845214 7 1
845273 0 1
845302 1 1
845318 2 -1
845395 4 1
845490 0 -1
845509 11 -1
845520 10 -1
845691 1 1
845786 0 -1
845789 2 -1
845885 8 -1
845918 3 -1
845966 5 -1
846221 1 -1
846235 0 1
846364 3 -1
846463 7 -1
846475 4 -1
846493 2 1
846503 6 1
846520 9 -1
846600 1 -1
846869 0 -1
847019 3 -1
847020 5 -1
847140 4 1
847164 13 1
847165 1 -1
847208 2 1
847428 3 1
847428 0 -1
847681 2 -1
847686 6 1
847701 1 -1
847820 3 1
848006 0 -1
848068 1 -1
848156 4 -1
848282 12 1
848382 2 -1
848387 0 -1
848390 5 1
848438 1 1
848444 3 -1
848471 7 1
848519 9 -1
848605 8 1
848621 0 1
848821 1 -1
848825 4 1
848833 3 -1
848866 2 1
848941 0 1
849271 14 -1
849328 2 1
849345 1 1
849357 5 -1
849446 3 -1
849465 6 -1
849473 0 1
849543 4 1
849747 0 -1
849882 1 1
849938 10 -1
850000 0 -1
850029 2 1
850048 3 -1
850216 1 1
850292 5 -1
850317 0 -1
850454 3 1
850454 9 -1
850464 2 -1
850494 4 -1
850572 8 -1
850636 0 1
850776 7 1
850804 1 1
850862 3 1
850905 16 1
850970 0 1
851056 6 1
851133 1 1
851166 2 -1
851187 4 1
851276 3 -1
851314 0 -1
851335 11 1
851486 1 -1
851534 0 1
851641 5 1
851787 0 1
851835 2 -1
852012 3 -1
852046 1 1
852088 0 -1
852203 4 -1
852313 2 1
852356 7 -1
852388 6 1
852401 1 -1
852539 5 -1
852550 0 1
852700 3 -1
852789 2 -1
852945 1 -1
852948 9 1
853130 0 1
853130 10 -1
853146 3 -1
853248 2 -1
853308 4 1
853511 1 1
853517 8 1
853686 7 1
853711 0 1
853884 1 1
853936 0 -1
853958 6 -1
853958 2 -1
853969 5 -1
853985 4 -1
854028 3 -1
854235 1 -1
854262 0 1
854490 3 1
854614 1 1
854662 0 1
854667 2 -1
854689 12 1
854751 4 -1
854893 0 -1
854925 3 -1
855103 2 1
855142 1 -1
855146 7 1
855280 6 -1
855312 0 1
855366 5 -1
855516 4 1
855527 3 -1
855674 1 -1
855729 0 1
855801 2 1
855917 3 -1
855968 0 1
856036 1 1
856290 2 1
856291 9 -1
856312 5 -1
856344 6 1
856374 0 -1
856387 8 1
856521 3 -1
856548 4 -1
856609 1 -1
856742 2 1
856782 0 1
856881 11 -1
856997 0 1
857097 7 -1
857177 1 1
857236 3 -1
857290 5 1
857290 10 1
857338 0 -1
857446 2 1
857542 1 -1
857568 4 1
857688 3 -1
857704 0 -1
857795 6 1
857908 2 1
857975 0 -1
858096 1 1
858144 3 1
858182 8 1
858214 5 1
858241 4 1
858244 0 1
858556 0 1
858580 13 -1
858623 2 1
858644 6 -1
858644 1 1
858714 3 -1
858905 0 -1
858993 1 -1
859160 17 1
859225 0 -1
859273 7 1
859313 4 -1
859332 2 1
859402 3 -1
859528 0 -1
859533 1 -1
859558 5 -1
859590 12 -1
859660 6 1
859805 2 -1
859872 0 1
859882 1 1
859977 8 1
860063 4 1
860090 3 -1
860192 0 -1
860253 1 -1
860281 2 1
860386 9 -1
860456 0 -1
860676 3 -1
860676 7 -1
860743 2 1
860751 11 1
860781 4 -1
860825 1 1
860826 5 1
860964 0 1
861052 15 -1
861122 6 1
861192 1 1
861364 3 -1
861418 2 -1
861512 0 -1
861563 10 -1
861697 8 -1
861736 1 1
861837 5 1
861904 3 -1
861909 4 1
862009 6 -1
862049 0 -1
862106 2 1
862310 3 1
862323 1 -1
862331 0 1
862493 9 -1
862581 0 -1
862581 2 -1
862603 4 1
862675 1 1
862756 7 1
862949 0 1
863019 3 -1
863056 1 1
863180 5 1
863210 0 1
863272 2 1
863363 6 1
863411 1 -1
863420 3 -1
863578 4 -1
863613 0 -1
863745 2 -1
863917 1 1
864022 3 -1
864094 5 1
864159 7 1
864218 0 -1
864223 2 -1
864427 8 -1
864467 1 -1
864508 0 1
864614 4 -1
864637 3 -1
864707 10 1
864750 12 -1
864789 1 -1
864809 0 1
864836 11 1
864868 6 1
864906 2 1
865008 9 -1
865018 5 1
865045 3 1
865311 4 1
865360 1 1
865384 2 -1
865392 0 -1
865475 3 -1
865610 14 -1
865736 0 1
865749 1 1
865771 6 1
865881 3 1
865900 7 1
866007 0 1
866033 4 -1
866061 2 1
866101 1 -1
866349 0 -1
866480 5 1
866486 3 1
866569 0 1
866617 1 1
866754 4 1
866765 2 -1
866789 0 -1
866988 1 1
867104 6 -1
867144 0 -1
867222 2 -1
867227 3 1
867364 0 1
867458 5 -1
867522 1 1
867523 8 -1
867679 2 -1
867695 3 -1
867762 0 1
867794 4 1
867940 7 1
868097 1 -1
868157 2 1
868211 9 1
868222 6 -1
868308 3 1
868340 0 1
868464 1 1
868641 11 -1
868681 0 -1
868838 1 -1
868850 4 1
868861 5 -1
868872 2 1
868899 10 1
868931 3 -1
868982 0 -1
869092 12 1
869191 1 1
869254 7 -1
869264 8 1
869318 3 -1
869544 4 -1
869554 6 1
869579 2 1
869603 0 -1
869741 1 -1
869931 13 -1
869958 0 -1
869995 3 1
870054 2 -1
870167 9 1
870264 0 -1
870275 5 1
870298 1 -1
870597 3 1
870664 0 -1
870672 4 -1
870676 1 -1
870748 2 1
870917 0 -1
871000 3 -1
871006 6 1
871175 0 -1
871209 1 -1
871253 5 -1
871350 10 1
871425 2 -1
871446 7 1
871478 4 1
871571 1 1
871629 3 -1
871664 0 1
871876 2 -1
871919 6 -1
871982 1 -1
872070 8 1
872148 3 -1
872156 5 -1
872172 4 -1
872250 0 1
872539 1 -1
872553 3 1
872575 2 1
872752 0 1
872906 1 1
873005 14 -1
873102 5 1
873155 4 1
873177 3 1
873177 9 -1
873279 2 1
873360 0 1
873438 1 1
873558 7 1
873580 3 -1
873650 6 1
873741 2 1
873865 16 -1
873937 4 -1
873956 0 -1
873962 1 -1
874015 8 -1
874155 10 -1
874182 3 -1
874324 1 -1
874451 2 1
874486 0 1
874488 5 -1
874585 6 -1
874707 1 -1
874784 3 -1
874934 2 -1
874940 11 -1
874991 0 1
874993 4 -1
875082 1 -1
875098 7 -1
875198 3 1
875208 0 -1
875386 2 -1
875464 0 -1
875482 6 1
875606 3 -1
875642 1 1
875757 12 1
875918 5 -1
875939 8 1
875988 0 -1
875996 3 -1
876093 2 -1
876098 4 -1
876162 1 -1
876230 9 1
876445 7 1
876521 1 -1
876544 0 1
876547 2 -1
876598 3 -1
876739 4 -1
876928 5 -1
876950 6 1
877098 1 1
877157 0 1
877218 2 1
877288 3 1
877407 0 1
877468 1 -1
877603 0 1
877756 3 -1
877775 4 -1
877855 1 -1
877931 2 -1
877960 7 -1
878014 6 -1
878036 9 -1
878164 15 1
878167 0 1
878293 5 1
878369 3 1
878396 1 -1
878406 2 1
878412 10 1
878531 0 1
878754 1 1
878772 3 -1
878777 8 1
878778 0 1
878835 4 1
878874 2 1
879108 0 -1
879180 3 1
879266 5 -1
879327 1 -1
879328 0 1
879347 2 -1
879529 6 1
879568 0 1
879605 4 1
879782 3 1
879871 1 -1
879916 0 -1
880056 7 1
880056 2 -1
880088 13 -1
880158 0 -1
880174 3 1
880246 1 -1
880250 5 -1
880486 0 1
880637 8 1
880658 14 1
880725 4 -1
880758 2 -1
880776 3 1
880790 1 1
880833 0 -1
881002 9 1
881024 10 -1
881045 0 1
881217 6 1
881222 2 -1
881325 0 1
881348 1 -1
881378 3 1
881593 5 1
881612 0 -1
881697 1 1
881741 4 -1
881781 3 -1
881897 2 1
882010 0 -1
882056 7 1
882195 3 1
882221 1 -1
882373 2 -1
882386 4 -1
882399 6 1
882496 5 1
882574 0 -1
882593 3 1
882753 1 -1
882765 9 -1
882840 2 -1
882937 11 1
883031 4 -1
883146 1 -1
883173 0 -1
883340 3 1
883458 7 -1
883469 0 1
883501 2 -1
883525 1 -1
883603 8 -1
883708 4 1
883759 0 -1
883881 1 1
883888 5 -1
883980 2 1
884028 3 1
884125 0 -1
884151 6 -1
884404 0 1
884458 1 -1
884495 3 -1
884700 2 1
884794 0 -1
884796 4 1
884850 9 -1
884976 1 -1
885087 10 -1
885124 0 1
885218 3 -1
885226 5 1
885276 1 1
885323 6 1
885353 0 -1
885409 2 1
885595 0 -1
885667 7 -1
885710 3 1
885816 1 1
885866 0 1
885888 2 -1
885909 4 -1
885947 12 -1
886121 3 -1
886167 1 1
886210 0 -1
886215 5 -1
886248 15 -1
886312 8 1
886344 2 -1
886527 6 1
886543 0 1
886554 1 1
886626 4 -1
886723 3 -1
886766 2 1
886850 0 1
887096 1 1
887129 3 1
887304 0 -1
887409 1 -1
887454 2 -1
887527 5 -1
887583 0 1
887666 17 1
887731 4 1
887739 7 -1
887742 3 1
887844 0 1
887892 6 -1
887961 1 1
888161 2 -1
888220 0 1
888322 8 -1
888420 4 -1
888456 3 -1
888478 0 1
888489 1 -1
888639 2 1
888741 9 1
888838 0 -1
888848 1 1
888870 11 -1
888919 3 1
889053 4 -1
889096 5 -1
889101 7 -1
889150 10 -1
889220 6 1
889230 1 1
889346 2 1
889416 0 1
889435 3 1
889565 1 -1
889797 0 1
889811 2 1
889950 3 1
889994 6 1
889999 5 -1
890077 4 -1
890082 0 -1
890137 1 -1
890225 8 -1
890260 2 1
890511 0 1
890684 1 -1
890762 3 -1
890762 13 -1
890805 9 -1
890818 4 -1
890945 2 -1
890977 6 1
891030 1 1
891052 7 1
891055 0 -1
891396 5 1
891420 2 1
891498 3 1
891556 1 -1
891592 0 -1
891859 10 1
891907 4 1
891911 1 -1
891953 0 -1
891966 3 -1
892065 2 1
892192 0 -1
892208 6 1
892318 1 1
892482 8 1
892702 3 1
892756 2 -1
892796 0 1
892866 1 1
892933 5 1
892963 4 1
892998 11 -1
893036 7 1
893170 3 -1
893234 2 1
893245 1 1
893359 0 1
893390 6 -1
893664 4 -1
893686 3 -1
893710 2 -1
893729 15 -1
893729 18 1
893750 0 -1
893777 1 1
893815 9 1
893858 5 1
893972 0 1
894170 2 -1
894191 0 -1
894309 3 1
894342 7 -1
894358 1 -1
894426 4 1
894460 0 -1
894700 1 1
894712 3 -1
894761 10 -1
894782 5 1
894849 0 -1
894874 2 -1
895051 1 -1
895115 4 -1
895126 6 -1
895320 8 1
895390 0 1
895398 1 1
895454 3 1
895492 14 -1
895588 2 -1
895755 5 -1
895919 0 1
895962 1 1
896045 2 -1
896051 12 -1
896115 6 1
896180 4 1
896212 3 -1
896314 0 1
896496 1 1
896567 7 -1
896583 0 1
896669 3 1
896733 2 1
896781 11 -1
896875 1 1
897040 9 1
897072 5 -1
897190 2 1
897193 0 1
897248 4 1
897389 1 -1
897416 3 -1
897437 6 -1
897545 0 -1
897663 2 -1
897792 0 -1
897792 1 1
897961 4 1
897985 10 1
898018 3 -1
898050 7 -1
898135 1 -1
898184 0 1
898222 8 1
898335 6 1
898362 2 -1
898407 3 -1
898426 5 1
898429 0 -1
898646 0 1
898683 1 1
898826 2 -1
899025 1 1
899106 4 -1
899125 3 -1
899195 0 1
899286 5 -1
899472 2 -1
899485 7 -1
899552 0 1
899574 1 1
899598 9 -1
899619 6 -1
899743 4 -1
899775 3 -1
899856 0 1
900122 1 -1
900184 3 1
900210 2 -1
900275 8 1
900315 0 1
900505 1 1
900541 4 -1
900549 0 1
900576 3 1
900608 11 1
900686 2 1
900705 5 -1
900777 0 -1
900884 1 1
900990 3 -1
901135 0 -1
901215 6 1
901258 1 -1
901342 2 1
901410 0 1
901444 7 1
901592 3 -1
901624 5 -1
901637 4 1
901726 13 1
901748 9 -1
901851 1 -1
901909 0 -1
901984 16 1
902027 6 -1
902038 2 -1
902194 3 -1
902298 4 -1
902403 1 -1
902452 10 1
902476 0 -1
902513 2 1
902543 12 -1
902602 3 1
902618 5 1
902710 7 -1
902755 0 1
902782 1 -1
903083 0 -1
903113 8 1
903188 2 1
903215 3 1
903330 4 -1
903346 1 1
903403 6 1
903419 0 1
903575 9 -1
903634 0 1
903639 3 -1
903887 2 1
903907 1 1
903991 0 -1
904102 5 -1
904171 3 -1
904300 1 -1
904343 2 1
904376 0 1
904483 4 1
904626 0 -1
904822 2 -1
904833 8 -1
904842 1 1
904905 0 1
904927 7 1
904967 3 -1
905015 5 -1
905015 6 -1
905238 0 -1
905281 4 -1
905284 2 -1
905406 1 -1
905483 3 -1
905619 0 -1
905761 1 1
905940 6 -1
905958 4 1
905988 2 -1
905991 0 -1
906216 0 1
906241 3 -1
906326 11 1
906339 1 -1
906370 12 -1
906499 5 1
906615 4 -1
906649 0 1
906649 8 -1
906692 1 1
906716 2 -1
906773 10 -1
906928 3 -1
906972 9 -1
906993 6 1
907067 1 1
907087 7 -1
907189 2 1
907222 0 -1
907364 3 -1
907574 0 1
907607 1 1
907712 4 1
907772 3 1
907821 5 1
907842 6 -1
907874 2 -1
907909 0 -1
907982 1 1
908165 3 1
908305 0 1
908331 2 -1
908385 7 1
908526 1 1
908767 3 1
908772 4 1
908810 2 1
908820 5 -1
908901 0 1
909014 6 1
909070 1 1
909166 0 1
909401 3 -1
909420 0 1
909429 1 -1
909449 4 1
909522 2 1
909530 8 -1
909530 10 -1
909793 5 1
909816 1 -1
909828 0 1
909831 3 1
909893 7 1
909981 2 1
910156 0 -1
910175 1 1
910438 3 1
910497 9 1
910566 4 -1
910610 0 -1
910637 5 -1
910691 2 1
910735 1 1
910798 6 1
910981 0 -1
911040 3 1
911142 15 1
911207 7 1
911247 0 -1
911320 1 -1
911328 4 1
911390 2 1
911432 3 1
911497 8 1
911502 0 -1
911577 6 1
911714 1 1
911827 0 1
911865 2 -1
911948 4 1
912002 14 -1
912034 3 1
912034 5 1
912192 0 1
912271 1 1
912324 2 -1
912537 0 -1
912625 13 1
912636 3 1
912646 1 1
912776 2 -1
912784 0 1
912998 1 -1
913016 4 1
913039 3 -1
913077 6 1
913112 0 -1
913184 9 -1
913214 7 1
913364 0 1
913480 2 -1
913507 5 -1
913507 12 -1
913520 1 1
913593 0 1
913649 3 -1
913682 4 -1
913722 10 1
913895 1 1
914068 3 1
914109 11 1
914117 0 -1
914168 2 1
914195 8 -1
914388 6 -1
914420 5 -1
914435 1 1
914463 3 1
914525 0 1
914630 2 1
914740 0 -1
914758 4 1
914996 1 -1
915100 3 -1
915200 0 1
915237 6 1
915310 7 1
915340 2 1
915358 1 -1
915506 3 1
915525 0 1
915748 0 -1
915794 4 -1
915850 5 -1
915917 1 -1
916022 2 -1
916103 0 -1
916113 3 1
916449 0 1
916455 4 1
916466 2 -1
916519 1 -1
916592 10 1
916640 7 -1
916672 0 -1
916785 5 -1
916886 1 -1
916887 3 1
916893 6 -1
916947 9 1
917045 0 -1
917154 2 1
917180 4 1
917205 8 1
917277 0 1
917425 3 1
917446 1 1
917492 0 -1
917774 5 1
917829 0 1
917860 2 1
917874 4 -1
917892 3 -1
917978 1 1
918071 0 1
918317 2 1
918338 3 -1
918353 1 1
918398 0 -1
918645 6 1
918664 7 -1
918720 1 1
918744 0 1
918978 0 -1
918998 4 -1
919026 3 -1
919045 2 -1
919071 1 -1
919145 5 -1
919150 8 -1
919206 0 -1
919448 0 -1
919462 10 -1
919505 2 -1
919607 1 -1
919634 9 1
919655 6 1
919843 3 1
919889 0 -1
919962 2 -1
919978 16 -1
920042 5 -1
920090 4 1
920128 12 1
920155 7 -1
920157 1 -1
920410 3 -1
920448 0 1
920526 1 1
920676 2 -1
920776 4 -1
920972 0 -1
921015 3 -1
921053 8 1
921082 1 1
921096 6 1
921152 2 1
921233 0 -1
921423 3 1
921445 7 -1
921450 0 1
921472 5 -1
921473 1 1
921813 0 1
921816 3 1
921827 9 -1
921837 6 -1
921843 2 -1
921852 4 1
921852 1 -1
922041 11 -1
922082 0 1
922356 1 -1
922418 3 1
922490 0 -1
922517 2 1
922759 1 1
922821 3 -1
922891 5 1
922896 4 1
922901 6 1
922977 2 1
923036 0 1
923041 13 -1
923106 8 1
923360 1 1
923401 0 1
923431 3 -1
923452 2 -1
923565 4 -1
923573 7 1
923662 0 1
923783 5 1
923859 1 -1
923912 2 -1
923976 10 -1
924033 3 -1
924035 0 1
924228 1 -1
924331 6 1
924342 12 -1
924514 3 -1
924557 1 1
924584 0 -1
924613 2 -1
924637 4 1
924782 5 -1
924831 7 -1
924940 1 1
925129 0 -1
925223 9 1
925272 3 1
925304 2 1
925320 6 1
925411 0 1
925496 1 1
925669 4 1
925674 11 -1
925677 0 1
925680 5 -1
925777 2 -1
925825 8 -1
925879 3 1
926018 1 -1
926235 0 1
926287 3 -1
926379 4 1
926383 1 1
926492 2 -1
926556 10 1
926564 0 -1
926706 6 -1
926806 0 -1
926814 7 1
926900 3 -1
926943 2 -1
926971 1 -1
927083 5 1
927142 0 1
927360 0 -1
927400 2 -1
927502 3 1
927515 4 -1
927523 14 -1
927550 1 -1
927585 0 1
927846 9 1
927886 1 -1
927964 0 1
928018 3 -1
928072 13 1
928088 2 1
928222 6 1
928245 0 1
928257 4 -1
928383 15 1
928455 1 1
928459 5 -1
928464 3 -1
928561 2 -1
928582 0 -1
928781 8 1
928910 7 -1
928922 0 1
928926 3 1
928942 4 1
928991 1 1
929007 6 1
929159 0 1
929276 2 -1
929351 5 -1
929386 1 1
929437 0 1
929689 3 -1
929735 0 1
929781 11 -1
929914 1 -1
929977 2 -1
929996 6 1
930047 4 -1
930071 0 -1
930264 7 1
930283 1 -1
930361 10 -1
930411 0 1
930436 2 -1
930469 3 -1
930619 8 1
930641 0 -1
930660 1 1
930780 4 -1
930856 5 1
930882 3 -1
930920 12 1
931003 0 -1
931038 6 1
931140 2 -1
931208 1 1
931237 0 -1
931441 0 -1
931484 3 -1
931589 1 1
931748 5 1
931794 0 -1
931820 7 1
931855 2 -1
931888 9 -1
931893 3 1
931977 4 1
932019 0 1
932129 1 1
932296 3 1
932339 2 1
932360 0 -1
932629 6 -1
932672 5 1
932679 1 1
932695 0 1
932898 3 1
932919 0 1
932965 4 -1
933032 2 -1
933078 1 -1
933148 0 -1
933263 7 1
933264 8 1
933301 3 -1
933392 13 -1
933411 0 1
933457 1 1
933634 4 1
933758 0 -1
933758 2 -1
933816 1 -1
933903 3 -1
934094 0 1
934150 5 1
934209 6 -1
934215 2 -1
934319 0 1
934368 4 1
934388 1 -1
934505 3 -1
934650 10 -1
934669 0 -1
934688 2 1
934888 0 1
934913 3 1
934940 1 -1
935005 5 -1
935005 12 -1
935017 4 -1
935037 7 -1
935118 0 1
935144 9 -1
935150 2 1
935262 6 1
935311 1 1
935327 8 -1
935338 3 -1
935435 14 1
935447 0 1
935676 0 1
935768 3 1
935843 1 -1
935865 2 1
936023 0 -1
936037 4 1
936216 1 -1
936370 3 1
936371 0 1
936391 5 1
936563 2 1
936573 1 1
936613 0 1
936824 0 -1
936843 6 -1
936972 3 1
937039 2 -1
937066 0 -1
937122 9 -1
937145 1 -1
937181 4 1
937278 10 -1
937359 7 -1
937380 3 -1
937414 0 1
937455 11 1
937456 8 -1
937472 1 -1
937660 6 -1
937692 5 1
937719 2 1
937866 4 1
937955 0 1
938017 3 -1
938036 1 -1
938186 2 1
938423 3 1
938440 0 1
938595 5 1
938596 1 1
938600 7 -1
938662 2 -1
938794 0 1
938799 6 1
938831 3 -1
938987 4 1
938995 1 -1
939022 0 -1
939240 9 1
939366 1 1
939374 2 -1
939382 0 -1
939433 3 -1
939584 5 -1
939648 12 -1
939704 4 -1
939723 1 1
939823 3 -1
939831 2 -1
939890 0 1
939971 10 1
940301 1 -1
940379 6 1
940446 4 1
940481 3 1
940497 0 1
940513 5 1
940551 8 1
940578 2 -1
940715 0 -1
940777 7 1
940833 1 -1
941005 0 1
941083 3 1
941132 9 1
941196 1 1
941282 2 -1
941303 6 1
941336 0 -1
941474 4 -1
941475 3 1
941586 0 -1
941739 2 -1
941744 1 1
941862 5 1
941878 3 -1
942042 0 -1
942119 1 1
942171 4 -1
942196 7 1
942212 2 1
942287 3 1
942357 8 1
942494 1 1
942572 0 1
942674 2 1
942771 6 1
942776 10 1
942799 0 1
942889 3 1
943050 1 1
943064 0 -1
943187 4 1
943330 5 -1
943373 2 1
943433 1 -1
943491 3 1
943571 0 1
943631 7 1
943690 14 1
943883 3 1
943921 0 -1
943977 1 -1
944061 2 -1
944173 6 -1
944176 0 1
944195 5 1
944313 9 -1
944324 4 1
944485 3 1
944517 0 -1
944518 1 -1
944539 2 1
944711 13 1
944762 0 -1
944884 1 -1
944888 3 -1
944990 8 1
945082 4 1
945082 0 -1
945251 2 1
945263 1 -1
945313 6 -1
945340 3 1
945452 11 -1
945614 5 1
945638 1 -1
945700 2 1
945710 7 -1
945719 0 -1
945904 16 1
946076 3 1
946122 4 -1
946162 2 1
946180 1 -1
946216 6 1
946302 0 1
946484 3 -1
946706 1 1
946836 0 1
946863 2 -1
946952 7 -1
947081 3 -1
947085 1 1
947108 5 -1
947129 12 -1
947130 0 -1
947162 4 -1
947237 6 -1
947258 10 1
947312 2 -1
947340 0 1
947625 1 1
947710 3 -1
947758 4 1
947903 8 -1
947915 0 1
947980 1 -1
948000 2 1
948038 5 -1
948134 3 1
948247 9 1
948339 1 1
948505 0 -1
948527 6 1
948586 3 -1
948645 2 1
948750 4 -1
948841 0 1
948871 1 1
949048 3 1
949121 2 -1
949134 0 -1
949145 7 1
949205 1 1
949440 5 1
949456 0 -1
949580 2 -1
949645 8 1
949688 0 1
949786 1 -1
949811 3 -1
949858 4 1
950037 2 -1
950053 15 1
950080 0 1
950246 6 -1
950279 9 1
950386 1 -1
950542 0 -1
950590 3 -1
950652 4 1
950727 1 1
950746 2 -1
950848 5 1
950994 3 -1
951106 11 -1
951203 6 -1
951206 0 -1
951281 1 1
951325 4 -1
951354 7 -1
951429 12 1
951456 2 -1
951472 0 1
951644 10 1
951687 3 -1
951770 0 -1
951816 5 -1
951831 1 -1
951929 2 -1
951991 4 1
952228 1 -1
952289 3 -1
952305 0 1
952482 6 1
952590 8 -1
952638 2 -1
952644 7 1
952678 3 -1
952789 1 -1
952896 0 1
953079 4 1
953117 2 1
953219 5 1
953251 0 -1
953256 6 1
953280 3 -1
953325 1 -1
953504 0 -1
953579 2 1
953728 1 1
953791 0 1
953882 3 -1
953966 7 -1
954030 9 1
954044 0 1
954119 1 1
954127 5 1
954151 4 1
954245 6 -1
954267 2 -1
954288 3 1
954450 10 1
954478 1 1
954509 0 1
954742 2 1
954796 4 -1
954890 3 1
954912 11 1
955048 1 -1
955073 5 1
955096 0 1
955298 3 -1
955336 7 -1
955430 0 -1
955444 2 1
955535 8 1
955586 1 -1
955664 6 -1
955680 0 -1
955745 3 1
955872 4 1
955961 1 -1
956074 0 1
956150 2 1
956347 3 1
956395 9 1
956481 13 1
956501 1 -1
956578 4 -1
956588 6 1
956610 2 1
956642 5 1
956672 0 1
956734 3 1
956864 1 -1
957045 0 1
957086 2 -1
957219 1 1
957223 7 1
957299 0 1
957335 4 -1
957341 3 1
957341 8 1
957491 12 -1
957548 2 -1
957577 15 1
957652 5 1
957704 0 -1
957781 1 -1
957943 3 1
957943 0 -1
958130 1 -1
958147 0 -1
958279 2 1
958354 3 -1
958416 4 1
958448 6 1
958448 10 1
958631 9 1
958670 1 -1
958719 0 -1
958760 3 1
958999 2 1
959023 5 -1
959063 0 -1
959082 11 1
959129 4 1
959168 3 -1
959230 1 1
959277 0 1
959458 2 1
959552 1 1
959609 7 1
959698 0 -1
959770 3 -1
959920 6 1
959927 1 1
959942 0 1
960125 4 -1
960128 2 -1
960200 14 1
960208 0 -1
960265 8 1
960286 1 -1
960372 3 1
960490 5 -1
960751 0 -1
960826 1 -1
960845 2 -1
960920 3 -1
960947 7 -1
961028 6 -1
961177 4 -1
961254 10 1
961310 2 -1
961334 0 -1
961378 1 -1
961447 5 -1
961608 3 -1
961725 1 1
961874 4 1
961941 6 1
961942 0 1
961968 2 -1
962054 3 -1
962221 9 -1
962237 0 -1
962293 1 1
962393 5 1
962522 0 1
962527 3 1
962608 4 1
962624 1 1
962675 2 -1
962823 6 -1
962863 0 1
962973 11 -1
962975 1 -1
963075 7 1
963151 2 1
963191 0 -1
963210 8 -1
963215 3 1
963344 5 -1
963366 4 1
963537 1 1
963659 0 -1
963683 3 -1
963857 2 1
963902 1 1
963978 10 1
964220 6 -1
964236 0 -1
964263 9 1
964290 2 -1
964371 3 -1
964462 4 -1
964470 0 -1
964482 1 1
964494 7 1
964725 5 1
964768 2 1
964787 0 -1
965012 1 -1
965096 3 1
965136 0 1
965252 8 -1
965357 1 1
965400 0 1
965446 15 -1
965456 2 -1
965607 4 -1
965623 3 1
965700 1 -1
965786 0 1
965832 12 1
965833 7 -1
965918 6 -1
965921 2 -1
966082 1 -1
966104 0 1
966123 5 -1
966139 3 1
966340 4 -1
966410 0 1
966620 2 -1
966627 1 -1
966710 0 1
966714 3 -1
966993 17 -1
966999 0 1
967063 5 -1
967090 6 -1
967191 1 1
967230 8 1
967310 2 1
967345 0 1
967402 3 -1
967413 4 -1
967413 13 -1
967562 1 1
967676 0 -1
967794 2 -1
967853 9 -1
968017 0 1
968041 7 1
968060 3 -1
968112 18 -1
968126 1 -1
968246 2 -1
968404 0 -1
968461 5 -1
968466 3 1
968477 4 1
968485 1 1
968627 11 -1
968634 0 1
968724 2 1
968735 10 1
968745 6 -1
968864 0 1
968864 1 1
969100 8 -1
969158 4 -1
969192 3 -1
969202 0 -1
969337 5 1
969392 1 1
969425 2 1
969435 0 1
969484 7 1
969530 12 1
969552 6 -1
969573 16 -1
969654 3 1
969775 1 1
969847 0 1
970116 2 -1
970121 3 -1
970202 4 -1
970240 5 1
970315 1 1
970369 0 1
970589 2 1
970627 0 1
970680 6 -1
970809 3 -1
970858 0 -1
970889 1 -1
971234 1 -1
971255 3 -1
971277 2 -1
971282 10 -1
971306 4 1
971360 0 1
971548 7 1
971562 5 1
971593 1 1
971718 0 1
971744 9 1
971755 2 1
971946 0 -1
971980 4 -1
971981 8 -1
971992 1 1
972088 6 -1
972123 3 -1
972231 2 -1
972360 0 1
972508 5 1
972568 1 1
972717 0 -1
972725 3 -1
972943 2 -1
972972 0 -1
973011 4 -1
973024 6 1
973116 1 1
973120 13 -1
973131 3 1
973397 0 1
973400 2 -1
973443 12 -1
973495 1 1
973539 3 -1
973668 7 1
973749 4 -1
973803 0 -1
973921 5 1
974023 9 -1
974028 3 1
974043 1 1
974061 0 1
974109 2 -1
974402 0 1
974466 4 -1
974496 11 1
974608 1 -1
974636 0 1
974722 6 1
974792 3 -1
974813 2 1
974899 0 1
974991 7 -1
974991 1 -1
975184 8 -1
975265 10 1
975281 2 1
975297 5 -1
975458 0 -1
975480 3 -1
975531 1 -1
975607 4 -1
975754 2 -1
975942 3 1
976087 1 -1
976109 9 1
976117 0 -1
976162 5 1
976200 2 -1
976353 4 -1
976366 6 1
976442 1 -1
976520 0 1
976538 14 1
976753 3 -1
976788 0 -1
976882 2 1
976958 7 -1
977014 1 1
977036 0 1
977151 8 1
977199 3 -1
977237 6 1
977299 0 1
977419 1 -1
977482 4 -1
977570 2 -1
977581 5 1
977678 11 1
977707 0 -1
977721 3 -1
977788 1 1
978054 2 1
978261 0 -1
978344 1 -1
978371 3 -1
978530 4 -1
978602 15 1
978683 1 1
978731 9 1
978753 2 1
978839 3 -1
978866 0 1
978871 6 1
978909 7 1
979043 5 -1
979054 13 1
979145 0 1
979209 1 -1
979247 2 -1
979263 4 -1
979312 10 1
979443 0 1
979527 3 -1
979591 12 1
979720 2 1
979765 1 -1
979838 0 1
980010 5 1
980021 4 -1
980064 8 1
980070 0 1
980112 1 1
980258 3 1
980279 7 -1
980403 2 -1
980465 0 -1
980481 1 1
980548 6 1
980666 3 -1
980734 4 -1
980835 1 -1
980870 2 -1
980984 0 1
981268 3 -1
981316 6 1
981324 0 -1
981365 5 -1
981404 1 -1
981561 0 -1
981574 2 -1
981787 4 -1
981843 10 -1
981870 3 -1
981924 9 1
981937 0 -1
981944 1 -1
982020 8 -1
982260 3 -1
982278 2 -1
982294 1 1
982359 7 1
982477 0 -1
982601 6 -1
982754 2 1
982784 5 1
982798 4 1
982824 0 1
982879 1 1
982918 3 -1
983047 0 -1
983219 2 1
983220 1 -1
983258 0 1
983488 4 -1
983500 0 1
983595 3 -1
983605 1 -1
983633 11 -1
983681 2 1
983805 5 1
983840 0 -1
984063 8 -1
984068 3 1
984181 1 1
984192 31 1
984232 0 -1
984321 12 1
984377 2 1
984396 6 -1
984423 7 1
984485 0 -1
984503 10 1
984532 1 -1
984584 3 1
984616 4 1
984708 5 1
984829 0 1
985052 3 -1
985062 2 -1
985070 0 1
985112 1 1
985116 9 1
985275 0 -1
985342 6 1
985346 4 1
985519 2 -1
985594 5 1
985623 0 1
985648 1 1
985739 3 -1
985847 0 -1
985866 7 1
986027 1 1
986116 4 1
986247 2 1
986250 0 1
986261 6 1
986376 1 -1
986427 3 -1
986710 2 1
986744 1 1
986839 0 1
986873 3 -1
986879 8 -1
986992 5 -1
987137 11 1
987142 0 1
987150 2 1
987156 4 1
987212 10 -1
987223 6 1
987281 1 1
987355 0 1
987454 7 -1
987567 9 1
987631 3 -1
987752 0 1
987809 1 1
987841 4 -1
987860 2 -1
988024 0 -1
988077 3 -1
988196 1 1
988322 2 -1
988333 0 -1
988384 5 1
988679 3 -1
988778 1 -1
988803 8 1
988808 7 1
988889 4 1
988889 6 1
988943 0 1
989023 2 -1
989131 1 1
989276 0 1
989340 5 -1
989437 3 -1
989488 1 -1
989518 0 1
989717 2 1
989878 0 -1
989953 3 -1
989993 4 1
990028 1 -1
990184 2 -1
990289 0 1
990376 1 1
990469 13 1
990558 0 1
990641 3 -1
990652 5 -1
990662 6 1
990727 9 1
990735 4 1
990872 2 1
990933 1 1
990961 0 -1
991017 7 1
991178 11 1
991222 0 -1
991377 3 1
991459 0 1
991481 1 1
991497 4 -1
991576 5 -1
991600 2 -1
991662 10 -1
991684 6 1
991770 3 1
991824 8 -1
991826 0 -1
991845 12 -1
991852 1 -1
992017 16 -1
992060 2 -1
992114 0 1
992173 3 -1
992194 4 1
992251 1 -1
992474 5 -1
992581 3 1
992584 0 -1
992619 9 1
992632 1 -1
992775 2 -1
992974 0 1
993183 3 1
993210 1 1
993221 14 1
993266 4 1
993296 6 -1
993310 0 -1
993323 7 1
993463 2 1
993613 0 1
993744 1 1
993852 0 -1
993914 2 1
993930 5 -1
993952 3 -1
994089 1 -1
994226 4 1
994258 0 1
994263 6 -1
994387 2 -1
994398 3 -1
994629 7 -1
994689 1 -1
994786 0 1
994790 8 1
994849 2 -1
994865 5 -1
994911 4 1
995048 9 -1
995060 1 -1
995086 3 -1
995123 6 1
995317 0 1
995423 1 -1
995553 2 -1
995602 3 -1
995650 0 -1
995948 0 1
995995 1 1
996052 4 -1
996064 3 1
996177 10 -1
996263 2 -1
996327 5 1
996332 1 -1
996491 0 -1
996607 6 1
996709 7 1
996725 2 -1
996752 3 1
996773 4 1
996811 8 1
996890 1 -1
997060 0 1
997219 3 -1
997422 1 1
997429 2 -1
997437 0 1
997555 4 -1
997617 6 1
997660 5 1
997704 0 1
997801 1 1
997821 15 1
997902 2 1
997907 3 -1
998020 0 1
998184 7 1
998310 0 1
998364 1 -1
998364 2 1
998552 5 1
998644 3 1
998660 8 1
998684 4 1
998724 11 -1
998736 0 -1
998778 9 1
998875 6 1
998890 1 1
999063 10 -1
999068 0 1
999114 2 -1
999160 3 1
999268 1 -1
999297 0 -1
999434 5 -1
999474 4 -1
999573 2 -1
999606 3 -1
999645 0 1
999676 7 1
999780 1 1
999869 0 -1
999995 3 -1
1000111 0 -1
1000283 2 -1
1000347 1 -1
1000380 6 1
1000401 12 -1
1000406 5 1
1000436 0 1
1000566 4 1
1000573 8 -1
1000597 3 -1
1000670 0 -1
1000712 1 1
1000939 9 -1
1000955 2 1
1001016 0 -1
1001082 1 1
1001202 3 -1
1001352 0 1
1001437 1 -1
1001444 2 1
1001562 6 1
1001562 13 1
1001581 0 -1
1001594 4 1
1001610 3 1
1001788 5 -1
1001796 0 1
1001895 2 1
1001965 7 1
1002001 1 -1
1002030 0 1
1002212 3 1
1002360 4 -1
1002371 2 -1
1002376 0 -1
1002570 1 1
1002605 3 1
1002724 0 1
1002841 6 -1
1002928 1 -1
1002932 10 1
1002966 0 1
1003008 3 -1
1003061 4 1
1003062 2 1
1003255 7 -1
1003287 5 1
1003293 0 -1
1003507 1 1
1003553 0 -1
1003561 8 1
1003618 3 -1
1003776 2 1
1003795 0 1
1003839 4 -1
1003868 6 1
1003884 1 -1
1004023 3 1
1004206 5 1
1004249 2 -1
1004257 1 -1
1004357 12 -1
1004400 0 1
1004636 9 1
1004668 3 1
1004789 0 -1
1004797 1 -1
1004843 4 -1
1004916 17 -1
1004926 2 1
1005109 0 -1
1005194 1 -1
1005292 3 -1
1005335 7 -1
1005383 2 1
1005453 6 -1
1005503 0 1
1005609 10 -1
1005673 5 -1
1005681 3 -1
1005746 1 1
1005851 0 -1
1005862 2 -1
1006012 4 -1
1006079 0 -1
1006087 3 1
1006294 1 1
1006399 8 -1
1006439 0 -1
1006496 3 -1
1006571 2 -1
1006673 1 1
1006758 4 1
1006764 11 1
1006813 0 1
1006915 6 -1
1007028 2 -1
1007033 0 1
1007048 1 1
1007055 5 1
1007098 3 -1
1007291 9 -1
1007366 7 -1
1007385 0 -1
1007419 1 -1
1007592 0 1
1007689 3 1
1007721 2 1
1007753 6 1
1007812 0 -1
1007826 4 1
1007931 1 1
1007979 5 1
1008092 3 -1
1008119 12 -1
1008350 0 1
1008355 8 1
1008366 10 -1
1008414 2 -1
1008505 1 -1
1008543 7 1
1008551 4 1
1008694 3 -1
1008852 1 1
1008893 2 1
1008944 0 -1
1009032 6 1
1009215 9 -1
1009309 4 1
1009336 0 -1
1009350 3 1
1009368 2 -1
1009371 5 -1
1009402 1 1
1009516 14 1
1009640 0 1
1009742 3 1
1009828 2 -1
1009914 0 -1
1009942 1 1
1010032 6 1
1010107 7 -1
1010199 0 1
1010303 1 1
1010344 3 1
1010422 4 -1
1010532 2 -1
1010688 0 1
1010806 5 -1
1010853 1 1
1010956 3 1
1010957 6 1
1011115 4 1
1011214 8 1
1011225 2 1
1011239 0 -1
1011360 3 -1
1011397 1 1
1011510 7 -1
1011698 2 -1
1011752 5 -1
1011778 1 1
1011806 0 1
1011881 9 -1
1012058 0 -1
1012171 4 1
1012198 3 1
1012289 0 1
1012340 1 1
1012400 2 -1
1012440 11 1
1012472 6 1
1012619 0 1
1012666 3 -1
1012721 1 1
1012846 0 -1
1012864 2 -1
1013072 1 -1
1013106 3 -1
1013122 10 1
1013160 5 -1
1013171 13 -1
1013207 4 1
1013265 0 1
1013337 2 1
1013386 15 -1
1013493 6 -1
1013626 1 -1
1013767 7 1
1013786 0 1
1013800 3 -1
1013945 4 1
1013998 0 -1
1014009 8 1
1014025 1 -1
1014026 2 -1
1014122 5 1
1014262 3 1
1014345 0 -1
1014509 2 1
1014578 1 -1
1014762 9 -1
1014912 0 -1
1014934 6 1
1014987 3 -1
1014993 4 1
1015068 5 -1
1015130 1 -1
1015213 2 1
1015331 0 1
1015489 1 -1
1015603 0 -1
1015675 3 -1
1015815 7 -1
1015831 10 -1
1015835 1 1
1015917 2 -1
1015933 8 -1
1016073 4 -1
1016073 16 -1
1016074 0 1
1016094 11 1
1016191 3 -1
1016230 1 1
1016331 0 -1
1016390 2 -1
1016417 6 1
1016438 5 1
1016586 0 -1
1016637 3 -1
1016750 1 -1
1016839 4 1
1016863 2 1
1016933 9 1
1016954 0 1
1017099 3 1
1017237 0 -1
1017309 5 -1
1017320 2 1
1017325 1 -1
1017460 7 -1
1017535 6 -1
1017634 0 -1
1017642 12 1
1017693 1 1
1017841 3 -1
1017943 4 -1
1017997 2 -1
1018266 1 -1
1018283 0 1
1018448 6 -1
1018518 0 1
1018529 3 -1
1018621 1 -1
1018696 8 1
1018701 2 -1
1018728 5 -1
1018774 0 1
1018975 13 -1
1018979 1 -1
1018991 3 1
1019064 4 1
1019169 2 -1
1019177 0 1
1019362 6 1
1019488 0 1
1019523 7 -1
1019552 1 1
1019679 3 1
1019757 4 -1
1019867 2 -1
1019902 1 -1
1019945 0 -1
1019964 11 -1
1020098 5 1
1020115 9 -1
1020163 3 -1
1020201 10 1
1020279 0 -1
1020434 4 1
1020463 1 -1
1020561 2 1
1020566 15 -1
1020571 0 1
1020684 3 -1
1020792 0 -1
1020862 7 1
1020931 6 -1
1021017 5 1
1021039 1 1
1021063 0 -1
1021071 2 -1
1021184 4 1
1021318 3 1
1021374 1 1
1021394 8 -1
1021442 0 -1
1021727 3 -1
1021783 2 -1
1021930 1 -1
1022028 5 -1
1022039 0 1
1022236 4 1
1022248 7 1
1022329 3 -1
1022423 0 -1
1022482 1 -1
1022496 2 -1
1022522 9 1
1022737 0 -1
1022856 6 1
1022865 1 -1
1022952 2 -1
1022995 5 1
1023103 8 1
1023130 3 -1
1023159 0 1
1023256 4 1
1023417 1 -1
1023632 2 1
1023705 0 -1
1023716 3 -1
1023758 6 1
1023834 11 1
1023941 13 1
1023982 1 1
1024006 4 1
1024035 0 -1
1024108 2 1
1024135 17 1
1024277 0 -1
1024296 5 1
1024324 1 1
1024360 7 -1
1024403 3 -1
1024479 14 -1
1024490 10 1
1024535 2 -1
1024602 0 -1
1024719 1 -1
1024831 0 1
1024866 18 1
1025038 6 1
1025042 4 -1
1025046 0 -1
1025091 3 -1
1025106 1 -1
1025236 2 -1
1025360 9 1
1025400 0 -1
1025537 3 -1
1025602 7 -1
1025626 0 1
1025662 1 1
1025666 2 1
1025703 4 1
1025736 5 1
1025822 8 -1
1026018 0 -1
1026188 6 -1
1026247 1 1
1026258 3 1
1026349 2 -1
1026473 4 1
1026569 0 1
1026604 1 -1
1026650 5 1
1026838 0 -1
1026946 3 1
1027058 2 -1
1027138 1 -1
1027155 0 1
1027273 6 -1
1027402 12 1
1027413 3 -1
1027456 10 -1
1027483 0 1
1027504 4 -1
1027521 1 -1
1027534 2 1
1027542 9 -1
1027714 7 1
1027768 8 1
1027795 0 1
1027859 3 -1
1027887 1 -1
1027996 2 1
1028096 5 1
1028230 4 -1
1028235 0 1
1028321 3 1
1028424 1 1
1028472 2 -1
1028601 0 -1
1028649 6 1
1028735 15 -1
1028798 1 1
1028929 0 1
1029004 5 1
1029009 3 1
1029165 2 1
1029198 0 1
1029254 4 -1
1029343 1 1
1029435 0 -1
1029520 6 1
1029531 9 1
1029638 8 1
1029724 11 -1
1029727 3 -1
1029748 0 1
1029810 7 1
1029864 2 1
1029883 1 1
1029928 5 1
1030231 1 -1
1030279 0 1
1030326 4 1
1030340 2 -1
1030385 3 1
1030592 1 -1
1030810 0 1
1030967 1 -1
1031001 2 -1
1031036 4 -1
1031073 3 1
1031122 0 1
1031336 6 -1
1031358 7 1
1031361 0 -1
1031374 10 -1
1031412 5 1
1031476 2 -1
1031554 1 -1
1031616 3 1
1031842 4 -1
1031874 16 -1
1031930 2 -1
1031933 0 -1
1032072 1 1
1032239 3 -1
1032390 5 -1
1032424 1 1
1032476 9 1
1032497 8 1
1032503 4 -1
1032522 0 -1
1032600 2 1
1032680 7 -1
1032782 6 -1
1032831 3 1
1032927 0 1
1032997 1 -1
1033059 2 1
1033242 3 -1
1033244 0 1
1033345 1 1
1033529 0 -1
1033637 6 1
1033639 4 1
1033716 1 -1
1033771 2 1
1033785 0 -1
1033862 5 -1
1033970 3 -1
1034115 7 -1
1034185 0 1
1034228 1 -1
1034250 8 1
1034456 2 -1
1034567 1 -1
1034688 4 1
1034701 3 -1
1034701 6 -1
1034782 0 1
1034841 13 -1
1034916 2 -1
1035093 3 -1
1035099 9 1
1035147 0 1
1035151 1 -1
1035217 5 1
1035344 4 -1
1035440 0 -1
1035502 3 1
1035577 6 1
1035617 2 -1
1035675 1 1
1035711 0 -1
1035840 10 -1
1035969 3 1
1035980 12 -1
1035987 0 1
1036054 1 1
1036155 7 -1
1036243 5 1
1036297 2 1
1036360 4 1
1036397 0 1
1036423 1 1
1036660 3 -1
1036730 0 1
1036781 2 -1
1036800 1 1
1036872 8 1
1036942 0 -1
1037074 4 1
1037146 5 1
1037206 9 -1
1037359 0 1
1037367 6 1
1037384 1 1
1037474 2 1
1037485 3 -1
1037643 0 -1
1037759 4 -1
1037872 3 -1
1037924 1 1
1037936 0 1
1037958 11 -1
1038071 5 1
1038173 2 1
1038227 7 -1
1038283 1 -1
1038444 0 1
1038476 3 -1
1038598 10 -1
1038648 2 -1
1038804 0 1
1038831 4 -1
1038843 1 1
1039030 0 -1
1039070 2 1
1039081 3 -1
1039108 6 -1
1039222 1 1
1039398 14 -1
1039417 0 -1
1039495 3 1
1039538 5 1
1039549 4 1
1039551 2 1
1039601 1 1
1039656 8 -1
1039710 7 -1
1039754 0 -1
1039828 12 -1
1040019 0 -1
1040065 17 -1
1040108 3 1
1040115 1 -1
1040242 2 -1
1040366 6 1
1040406 0 -1
1040456 1 1
1040540 4 -1
1040935 3 1
1040946 2 1
1040997 0 1
1041020 1 -1
1041075 9 1
1041123 5 1
1041312 8 1
1041333 3 1
1041398 2 1
1041467 0 1
1041552 1 1
1041556 4 1
1041744 0 -1
1041846 7 1
1041931 1 1
1041989 3 -1
1042045 0 -1
1042085 6 1
1042102 2 1
1042214 5 1
1042241 4 -1
1042262 1 -1
1042403 10 1
1042451 0 -1
1042540 2 -1
1042558 3 1
1042648 1 -1
1042717 0 -1
1042962 3 -1
1042983 4 -1
1042988 8 -1
1043015 2 1
1043037 0 -1
1043048 7 1
1043211 1 1
1043289 9 1
1043558 5 -1
1043558 0 -1
1043652 4 1
1043701 2 -1
1043703 3 1
1043741 15 -1
1043769 1 1
1043794 6 -1
1043832 0 1
1043891 11 1
1044124 1 -1
1044152 0 1
1044165 2 -1
1044391 3 1
1044461 5 -1
1044499 7 1
1044644 1 -1
1044687 12 1
1044700 4 1
1044738 0 -1
1044832 2 1
1044988 6 -1
1045009 8 1
1045084 9 -1
1045188 1 -1
1045283 0 1
1045396 5 -1
1045423 3 1
1045477 2 1
1045607 1 1
1045837 13 1
1045861 4 -1
1045904 0 -1
1045918 2 -1
1046139 1 1
1046181 0 1
1046235 3 -1
1046342 6 1
1046369 2 -1
1046450 0 1
1046458 7 -1
1046570 4 1
1046579 10 1
1046671 1 1
1046750 3 -1
1046842 5 -1
1046847 2 1
1047016 1 -1
1047035 0 1
1047240 3 -1
1047452 0 -1
1047532 1 -1
1047589 2 -1
1047610 11 1
1047671 4 -1
1047694 0 1
1047696 5 1
1047739 3 -1
1047740 8 -1
1047820 7 1
1047864 1 -1
1047911 6 1
1048051 9 -1
1048102 0 -1
1048247 1 -1
1048266 2 1
1048421 4 -1
1048524 3 1
1048658 0 1
1048728 2 1
1048755 1 1
1048804 6 -1
1049094 4 1
1049102 1 -1
1049201 5 -1
1049250 0 -1
1049255 3 1
1049400 2 -1
1049545 10 -1
1049650 1 1
1049674 9 1
1049744 3 1
1049794 0 1
1050037 7 1
1050110 2 1
1050166 4 1
1050166 1 -1
1050244 6 -1
1050352 0 1
1050491 8 1
1050496 3 1
1050513 1 1
1050534 12 -1
1050545 5 -1
1050561 2 -1
1050671 0 1
1050843 4 -1
1050859 1 -1
1050889 0 -1
1051028 6 1
1051109 3 1
1051114 11 1
1051174 1 -1
1051300 2 1
1051413 0 -1
1051502 5 -1
1051674 1 1
1051792 3 1
1051827 4 -1
1051993 0 1
1052023 2 -1
1052052 7 -1
1052093 10 -1
1052179 8 -1
1052189 6 1
1052190 1 -1
1052415 5 -1
1052450 3 -1
1052493 2 -1
1052562 0 -1
1052613 1 1
1052641 9 -1
1052810 4 1
1052859 3 1
1052867 0 -1
1053121 1 -1
1053136 0 1
1053178 2 1
1053270 5 1
1053391 7 1
1053488 0 1
1053516 4 -1
1053516 1 -1
1053657 2 1
1053668 3 -1
1053762 0 -1
1053775 6 -1
1053886 1 -1
1053974 12 -1
1054124 4 -1
1054178 2 -1
1054189 14 1
1054226 0 1
1054410 1 -1
1054447 10 -1
1054455 3 1
1054619 11 -1
1054662 5 1
1054758 6 -1
1054798 1 1
1054812 8 -1
1054826 4 1
1054847 2 1
1054896 0 -1
1054898 7 1
1054973 3 1
1055168 0 1
1055307 2 1
1055332 1 1
1055382 9 1
1055422 0 1
1055602 3 1
1055827 1 1
1055981 0 1
1056062 2 1
1056070 5 -1
1056095 4 1
1056160 1 1
1056188 13 -1
1056252 3 -1
1056253 6 -1
1056430 7 1
1056504 1 -1
1056626 0 1
1056683 8 -1
1056771 2 -1
1056790 9 1
1056887 5 1
1056890 1 -1
1057043 4 1
1057112 3 -1
1057220 0 -1
1057223 2 -1
1057470 1 -1
1057688 2 -1
1057768 6 1
1057811 0 1
1057838 3 1
1057889 4 -1
1058006 1 -1
1058026 10 1
1058123 5 -1
1058161 2 -1
1058241 0 1
1058252 3 -1
1058409 1 1
1058446 8 -1
1058513 0 -1
1058800 7 1
1058811 2 -1
1058876 9 -1
1058957 1 -1
1059004 6 -1
1059026 4 -1
1059029 0 1
1059047 12 1
1059063 3 1
1059090 15 -1
1059155 5 -1
1059288 1 -1
1059480 2 1
1059542 0 1
1059608 1 -1
1059735 16 -1
1059741 3 1
1059778 11 1
1059813 0 1
1059942 2 1
1060026 4 1
1060125 0 -1
1060149 5 1
1060150 1 -1
1060165 14 -1
1060197 6 -1
1060300 3 -1
1060512 0 -1
1060519 1 -1
1060622 2 -1
1060783 4 -1
1060789 0 1
1060853 9 -1
1060920 7 -1
1061090 1 1
1061111 2 1
1061141 0 -1
1061186 3 1
1061240 6 -1
1061240 8 1
1061477 0 -1
1061584 2 -1
1061595 5 1
1061690 1 1
1061747 0 1
1061787 4 -1
1061880 3 1
1061880 10 -1
1062041 1 1
1062081 0 -1
1062234 7 1
1062253 2 -1
1062294 0 -1
1062382 1 1
1062487 5 1
1062710 4 -1
1062716 2 -1
1062730 1 -1
1062750 6 1
1062804 0 1
1062831 3 1
1063282 8 -1
1063296 0 -1
1063299 1 1
1063371 4 1
1063417 2 -1
1063626 0 -1
1063691 3 1
1063823 1 1
1063860 0 1
1063874 5 -1
1064105 2 1
1064113 0 -1
1064142 9 -1
1064171 1 -1
1064177 7 -1
1064250 3 -1
1064333 0 1
1064476 6 -1
1064484 4 -1
1064508 10 1
1064583 2 1
1064680 12 -1
1064718 1 1
1064723 11 -1
1064787 0 -1
1064938 3 -1
1065035 2 1
1065066 1 -1
1065160 0 1
1065185 4 1
1065336 5 -1
1065397 0 1
1065419 1 1
1065422 3 -1
1065564 2 1
1065626 6 -1
1065800 0 -1
1065830 4 1
1065959 1 1
1065991 8 1
1066080 0 1
1066217 5 1
1066265 2 -1
1066310 1 -1
1066311 0 1
1066373 3 -1
1066540 7 -1
1066838 4 -1
1066898 1 1
1066902 0 -1
1066980 6 -1
1066996 2 -1
1067056 9 -1
1067246 0 1
1067265 3 1
1067414 1 -1
1067475 14 -1
1067480 2 1
1067499 0 1
1067612 4 -1
1067636 5 1
1067724 3 -1
1067805 1 -1
1067862 7 1
1067929 0 -1
1068109 6 -1
1068162 12 1
1068163 2 -1
1068206 0 1
1068313 13 -1
1068321 10 -1
1068325 1 -1
1068474 0 -1
1068576 3 -1
1068598 2 1
1068684 4 1
1068743 11 -1
1068775 8 1
1068817 1 -1
1068856 0 -1
1068985 3 1
1069066 2 1
1069066 9 -1
1069154 0 -1
1069157 5 -1
1069178 1 -1
1069237 6 1
1069399 3 -1
1069657 0 1
1069692 4 -1
1069764 1 1
1069778 2 1
1069966 7 -1
1070097 5 -1
1070103 3 1
1070178 2 1
1070267 0 1
1070336 1 -1
1070441 4 -1
1070511 0 1
1070581 3 -1
1070742 1 -1
1070785 8 -1
1070814 0 1
1070874 2 1
1071043 6 -1
1071110 1 -1
1071119 10 -1
1071122 4 1
1071309 0 -1
1071445 1 1
1071530 2 1
1071564 3 1
1071570 5 1
1071672 0 -1
1071816 4 -1
1071909 0 1
1071946 12 1
1071962 2 -1
1071999 1 1
1072177 3 1
1072215 7 1
1072298 0 1
1072322 6 1
1072446 2 1
1072558 1 1
1072570 0 -1
1072591 9 -1
1072623 3 -1
1072801 0 1
1072828 4 1
1072914 2 1
1072938 1 1
1072989 5 1
1073403 0 -1
1073413 3 1
1073458 1 -1
1073591 8 1
1073604 2 1
1073714 7 -1
1073720 6 -1
1073771 0 -1
1073791 1 -1
1073843 10 -1
1073881 15 1
1073994 5 -1
1074013 4 -1
1074029 0 1
1074122 1 1
1074150 3 1
1074311 9 1
1074322 2 -1
1074440 11 -1
1074491 0 -1
1074670 1 1
1074722 4 1
1074741 3 1
1074789 2 -1
1074961 5 1
1075053 1 1
1075055 0 -1
1075389 0 1
1075429 6 1
1075488 3 1
1075496 2 1
1075540 1 1
1075657 0 -1
1075773 12 1
1075778 7 1
1075814 4 1
1075912 5 1
1075966 2 1
1076062 1 -1
1076068 0 -1
1076176 3 1
1076375 6 -1
1076383 4 1
1076417 1 1
1076442 2 -1
1076478 0 1
1076584 3 -1
1076633 16 1
1076644 8 -1
1076676 9 1
1076705 0 -1
1076790 1 1
1076982 3 -1
1077063 0 1
1077108 2 -1
1077137 1 -1
1077181 7 -1
1077229 4 1
1077256 6 1
1077307 0 1
1077353 5 1
1077396 3 1
1077592 2 1
1077652 1 1
1077724 0 -1
1077802 10 -1
1078081 0 -1
1078193 1 -1
1078237 2 1
1078245 6 1
1078293 3 -1
1078294 4 1
1078331 0 -1
1078513 1 -1
1078568 8 -1
1078654 5 1
1078672 7 1
1078729 0 -1
1078922 4 1
1078971 2 1
1079014 0 1
1079035 3 -1
1079086 1 1
1079280 0 -1
1079414 1 1
1079417 2 -1
1079605 5 -1
1079626 3 -1
1079734 6 1
1079771 11 1
1079785 1 -1
1079825 0 1
1079962 4 1
1079997 9 1
1080097 2 -1
1080212 13 1
1080287 1 1
1080362 3 -1
1080438 10 1
1080497 0 1
1080635 1 -1
1080648 7 -1
1080841 2 -1
1081056 3 -1
1081061 5 -1
1081091 4 1
1081091 0 1
1081131 1 1
1081233 14 1
1081239 2 -1
1081298 8 -1
1081330 0 1
1081346 6 1
1081655 1 1
1081669 0 -1
1081696 4 -1
1081749 3 -1
1081857 9 1
1081921 7 -1
1081956 2 -1
1081970 5 -1
1082031 0 -1
1082058 1 -1
1082249 0 1
1082308 6 1
1082401 1 -1
1082512 3 -1
1082534 4 -1
1082636 2 1
1082652 12 1
1082741 0 -1
1082756 1 1
1082980 3 1
1083002 5 -1
1083082 2 -1
1083272 1 -1
1083281 0 1
1083284 4 1
1083555 11 -1
1083566 0 -1
1083622 2 -1
1083657 3 1
1083778 1 -1
1083781 8 1
1083853 0 -1
1083856 6 -1
1084082 1 -1
1084117 2 1
1084178 7 1
1084195 10 -1
1084251 4 1
1084270 0 1
1084286 9 1
1084394 5 1
1084463 3 1
1084568 0 1
1084576 1 1
1084805 2 -1
1084948 1 1
1085012 0 1
1085060 3 1
1085189 6 1
1085232 5 1
1085323 1 -1
1085335 4 -1
1085385 0 1
1085415 8 -1
1085458 3 1
1085517 2 -1
1085616 0 -1
1085839 0 1
1085861 3 -1
1085880 1 -1
1085974 2 -1
1086016 4 1
1086100 0 1
1086156 6 -1
1086210 7 1
1086242 1 -1
1086549 0 -1
1086624 3 1
1086624 2 -1
1086704 5 -1
1086794 1 -1
1086948 0 1
1087065 2 -1
1087133 4 -1
1087135 8 1
1087323 0 1
1087367 1 1
1087387 3 1
1087468 10 -1
1087538 2 -1
1087564 7 -1
1087685 1 1
1087769 12 1
1087790 0 1
1087812 6 -1
1087871 4 -1
1087876 9 1
1087946 3 -1
1088024 0 -1
1088068 1 1
1088145 5 -1
1088156 2 -1
1088320 0 -1
1088411 1 -1
1088471 4 1
1088586 15 -1
1088623 3 1
1088653 2 1
1088671 11 1
1088720 6 -1
1088830 0 -1
1088947 1 -1
1089016 7 -1
1089102 3 1
1089102 8 -1
1089144 5 1
1089300 2 -1
1089402 0 -1
1089443 4 1
1089467 9 -1
1089515 1 -1
1089590 3 1
1089902 1 -1
1089948 0 -1
1090042 2 -1
1090133 5 -1
1090152 4 1
1090201 0 -1
1090286 3 -1
1090434 0 -1
1090435 1 1
1090483 2 1
1090596 7 1
1090596 10 -1
1090628 6 1
1090813 0 -1
1090918 2 -1
1090923 3 1
1090999 1 1
1091039 0 1
1091090 5 1
1091248 4 -1
1091333 1 -1
1091380 2 -1
1091415 0 1
1091509 12 -1
1091692 8 -1
1091789 3 1
1091886 1 -1
1092009 0 -1
1092068 9 1
1092100 6 -1
1092101 2 1
1092313 4 -1
1092342 0 1
1092426 1 -1
1092525 5 1
1092584 0 -1
1092668 7 1
1092670 3 -1
1092792 1 -1
1092823 2 1
1092885 18 -1
1092917 13 -1
1093014 10 -1
1093057 0 1
1093062 4 -1
1093299 2 -1
1093300 1 1
1093320 3 1
1093466 6 1
1093659 9 1
1093686 0 1
1093693 1 1
1093732 4 1
1093799 3 -1
1093944 5 1
1093987 2 1
1094082 1 1
1094232 0 1
1094336 4 -1
1094412 3 -1
1094433 8 -1
1094454 2 1
1094522 0 -1
1094630 1 1
1094675 7 1
1094680 6 -1
1094777 14 1
1094815 0 1
1094874 5 1
1094917 2 1
1094977 1 -1
1095347 3 -1
1095384 4 -1
1095419 0 1
1095554 1 1
1095588 2 -1
1095830 6 1
1095895 11 -1
1095949 10 1
1096010 0 -1
1096072 2 1
1096126 7 1
1096136 1 -1
1096153 8 -1
1096239 16 1
1096244 3 1
1096303 9 1
1096325 5 1
1096427 0 -1
1096454 1 -1
1096473 4 1
1096698 0 -1
1096760 3 1
1096792 2 1
1096823 1 1
1096978 0 1
1097158 4 -1
1097210 1 1
1097238 5 1
1097274 0 1
1097282 6 1
1097470 2 -1
1097636 0 -1
1097658 3 -1
1097701 31 1
1097827 1 1
1097873 12 1
1097953 2 -1
1097972 0 1
1098109 7 -1
1098141 4 1
1098158 5 1
1098222 3 1
1098244 0 1
1098355 1 -1
1098397 2 -1
1098711 6 1
1098719 0 1
1098730 1 -1
1098859 4 -1
1098883 8 1
1098888 2 1
1098910 3 1
1098965 0 1
1099163 9 1
1099230 0 1
1099258 1 1
1099532 4 1
1099539 2 1
1099568 7 1
1099598 6 -1
1099603 5 1
1099643 1 -1
1099743 3 -1
1099786 0 -1
1100016 1 -1
1100162 0 -1
1100168 3 1
1100248 2 1
1100431 10 -1
1100442 0 1
1100581 5 -1
1100592 4 -1
1100592 1 1
1100689 8 1
1100732 2 1
1100770 3 1
1100775 9 1
1100794 0 -1
1100907 7 -1
1100931 1 1
1101130 6 1
1101140 11 -1
1101162 0 -1
1101205 4 -1
1101377 3 1
1101405 0 1
1101452 2 1
1101483 1 1
1101796 3 -1
1101839 5 1
1101863 2 -1
1101957 0 1
1102022 6 -1
1102029 1 1
1102140 4 1
1102186 3 -1
1102323 2 1
1102366 8 -1
1102390 1 1
1102495 0 1
1102516 12 -1
1102656 3 -1
1102814 0 1
1102898 7 1
1102924 1 1
1102989 2 -1
1103043 0 -1
1103129 5 1
1103188 4 1
1103296 6 1
1103352 0 -1
1103424 2 1
1103441 9 1
1103482 1 -1
1103532 3 -1
1103626 0 1
1103805 4 1
1103806 15 -1
1103865 1 -1
1104026 5 1
1104104 0 1
1104107 2 -1
1104333 7 1
1104336 3 1
1104403 1 -1
1104478 0 1
1104689 0 1
1104752 8 -1
1104806 3 -1
1104816 2 -1
1104865 4 1
1104924 11 1
1104925 1 1
1104946 6 -1
1105010 10 1
1105042 5 -1
1105080 0 1
1105272 1 -1
1105279 2 -1
1105354 0 -1
1105558 0 1
1105569 9 -1
1105596 3 -1
1105615 1 -1
1105725 2 -1
1105897 4 -1
1105905 0 -1
1105941 1 -1
1105961 6 -1
1105988 5 -1
1106106 13 -1
1106136 0 1
1106182 2 -1
1106252 7 1
1106337 3 1
1106514 1 1
1106531 0 -1
1106558 8 -1
1106598 4 -1
1106784 3 -1
1106883 2 -1
1106907 0 -1
1107078 1 1
1107157 0 -1
1107332 12 -1
1107445 0 1
1107461 17 -1
1107471 5 1
1107485 1 -1
1107488 3 -1
1107574 2 1
1107590 4 1
1107622 10 -1
1107633 9 -1
1107767 0 1
1107805 6 -1
1108025 2 1
1108053 1 1
1108194 0 1
1108348 3 -1
1108364 7 -1
1108448 1 1
1108638 4 1
1108692 2 -1
1108729 0 -1
1108787 1 1
1108831 3 -1
1108955 5 -1
1108987 11 -1
1109052 6 -1
1109076 0 1
1109192 8 -1
1109310 0 -1
1109331 4 -1
1109339 1 1
1109380 2 1
1109659 3 1
1109675 0 -1
1109714 1 1
1109734 7 1
1109858 2 1
1109938 5 1
1110016 4 1
1110059 0 1
1110126 6 1
1110246 1 -1
1110250 3 1
1110387 0 -1
1110470 14 1
1110573 2 1
1110726 4 -1
1110777 3 1
1110782 0 1
1110810 1 1
1111072 9 1
1111181 1 1
1111250 7 1
1111279 2 1
1111298 5 -1
1111314 0 1
1111548 0 -1
1111568 1 -1
1111744 2 1
1111760 0 -1
1111771 3 -1
1111782 6 1
1111798 4 -1
1111943 1 -1
1112040 8 -1
1112107 0 1
1112158 5 1
1112222 3 -1
1112266 10 -1
1112346 0 -1
1112362 7 -1
1112416 2 1
1112499 1 1
1112556 13 -1
1112776 0 1
1112835 11 1
1112846 4 -1
1112881 2 -1
1112964 12 -1
1113023 3 1
1113031 1 1
1113050 6 1
1113190 5 1
1113193 0 1
1113330 9 -1
1113367 2 -1
1113390 1 -1
1113491 0 1
1113580 4 -1
1113695 18 1
1113707 0 1
1113781 8 1
1113835 3 -1
1113872 6 1
1113953 0 1
1113967 1 1
1114088 2 -1
1114281 3 -1
1114346 0 -1
1114378 7 -1
1114501 5 1
1114527 1 1
1114544 2 -1
1114575 4 -1
1114703 0 1
1114781 3 -1
1114894 1 -1
1114926 0 -1
1115235 2 1
1115236 4 1
1115278 3 -1
1115318 0 1
1115356 5 -1
1115361 10 1
1115383 6 1
1115434 1 -1
1115611 0 -1
1115780 8 -1
1115880 3 -1
1115904 0 1
1115917 4 -1
1115947 2 -1
1115974 9 -1
1115982 1 1
1116308 1 1
1116404 2 -1
1116490 0 1
1116659 7 -1
1116705 12 -1
1116710 3 1
1116753 5 -1
1116808 1 -1
1116880 2 1
1116909 4 1
1117054 0 -1
1117171 1 1
1117221 6 1
1117245 3 -1
1117355 2 -1
1117425 0 -1
1117566 1 -1
1117636 0 1
1117691 4 -1
1117909 7 -1
1117920 8 1
1117973 13 1
1117984 3 -1
1117984 0 1
1118065 2 -1
1118086 1 1
1118177 5 1
1118231 10 1
1118263 6 1
1118339 15 1
1118414 3 -1
1118429 1 1
1118661 0 1
1118726 14 1
1118747 2 -1
1118852 4 1
1118854 11 -1
1118903 3 1
1119009 1 -1
1119080 5 1
1119220 0 1
1119223 2 1
1119328 9 -1
1119360 6 -1
1119572 0 -1
1119574 1 -1
1119645 3 -1
1119787 0 -1
1119892 4 1
1119924 2 1
1119950 1 -1
1120005 5 1
1120021 7 1
1120083 0 -1
1120150 3 -1
1120335 1 -1
1120365 2 -1
1120370 6 -1
1120405 0 -1
1120529 4 1
1120694 1 1
1120714 0 -1
1120800 8 1
1120816 2 -1
1120924 3 1
1120967 5 -1
1121225 0 1
1121256 1 -1
1121303 4 -1
1121526 2 -1
1121553 7 -1
1121585 3 -1
1121585 9 -1
1121590 0 -1
1121823 1 1
1121932 0 1
1121961 2 1
1121999 6 -1
1122008 4 -1
1122165 3 1
1122206 1 1
1122254 0 -1
1122343 5 1
1122423 10 -1
1122488 12 -1
1122566 0 -1
1122584 3 1
1122662 2 1
1122742 1 -1
1122972 0 1
1122988 4 1
1123079 3 1
1123084 7 -1
1123104 1 -1
1123350 2 -1
1123364 0 1
1123369 6 1
1123434 8 1
1123443 1 -1
1123576 0 1
1123681 3 1
1123718 5 -1
1123826 2 1
1123928 0 1
1123971 16 1
1123997 1 1
1124028 4 1
1124213 0 -1
1124278 2 1
1124283 3 1
1124350 1 -1
1124369 9 -1
1124450 0 1
1124573 5 1
1124664 6 1
1124691 3 -1
1124740 2 1
1124793 4 1
1124926 1 -1
1125008 0 -1
1125043 7 1
1125261 10 -1
1125282 3 1
1125304 8 -1
1125386 0 -1
1125410 1 -1
1125449 2 1
1125618 0 1
1125686 3 -1
1125797 1 -1
1125890 5 1
1125914 4 -1
1125960 0 -1
1126132 3 -1
1126153 2 1
1126164 1 1
1126309 7 1
1126314 9 -1
1126363 6 1
1126484 0 1
1126527 1 1
1126640 2 -1
1126734 3 -1
1127024 14 1
1127055 4 -1
1127063 1 1
1127068 0 -1
1127123 3 -1
1127174 6 -1
1127239 11 -1
1127309 2 1
1127314 5 1
1127400 0 -1
1127620 0 -1
1127625 1 -1
1127725 3 -1
1127776 2 1
1127792 4 -1
1127967 0 1
1127970 1 1
1128002 6 -1
1128152 8 -1
1128217 0 1
1128220 2 1
1128319 5 -1
1128384 3 1
1128514 1 1
1128540 0 1
1128712 7 -1
1128776 3 1
1128881 1 1
1128886 0 1
1128926 2 1
1128937 4 1
1129166 0 -1
1129179 3 -1
1129256 1 -1
1129260 9 -1
1129378 2 1
1129405 10 -1
1129504 0 -1
1129518 13 -1
1129636 5 -1
1129668 3 -1
1129816 1 1
1129864 0 1
1129872 6 -1
1130042 4 1
1130079 2 1
1130105 0 1
1130162 8 1
1130175 1 -1
1130345 0 1
1130549 3 -1
1130611 0 -1
1130695 7 -1
1130721 1 1
1130797 2 1
1130828 4 -1
1130915 6 1
1131092 5 -1
1131114 0 1
1131254 2 1
1131259 1 1
1131315 3 -1
1131438 0 1
1131602 1 -1
1131705 2 1
1131724 0 -1
1131818 3 -1
1131920 4 1
1131936 7 -1
1131990 8 -1
1132000 5 -1
1132005 1 1
1132097 12 1
1132178 2 -1
1132232 0 1
1132376 1 -1
1132479 3 -1
1132517 0 -1
1132640 6 1
1132728 0 1
1132746 4 1
1132764 9 1
1132893 2 -1
1132936 1 1
1133000 3 -1
1133102 0 -1
1133336 0 1
1133391 4 1
1133414 5 -1
1133436 7 1
1133446 3 -1
1133502 1 -1
1133548 10 -1
1133575 2 1
1133806 0 -1
1133879 1 -1
1134000 6 -1
1134027 2 1
1134204 15 -1
1134226 3 -1
1134371 0 1
1134382 5 1
1134411 1 1
1134500 4 -1
1134548 17 1
1134672 3 -1
1134689 0 1
1134715 2 -1
1134720 9 1
1134762 1 -1
1134935 6 -1
1134935 8 1
1134951 7 -1
1134965 0 -1
1135128 11 1
1135137 1 1
1135193 2 1
1135209 4 -1
1135236 5 -1
1135309 0 1
1135333 3 1
1135365 12 -1
1135542 0 1
1135663 1 1
1135677 2 -1
1135932 0 1
1136040 1 1
1136053 3 -1
1136289 6 -1
1136330 4 1
1136354 10 -1
1136378 2 -1
1136484 0 1
1136499 3 -1
1136616 1 -1
1136687 5 -1
1136695 0 1
1136719 8 1
1136838 2 -1
1136913 0 -1
1137039 7 -1
1137176 6 1
1137200 1 1
1137251 3 1
1137422 4 -1
1137485 0 -1
1137543 1 -1
1137571 2 -1
1137606 5 -1
1137853 3 1
1137859 9 -1
1138032 0 1
1138079 4 -1
1138128 1 1
1138246 3 1
1138262 2 1
1138471 6 1
1138619 1 1
1138649 0 -1
1138724 4 1
1138735 2 -1
1138804 11 1
1138848 3 1
1138888 0 -1
1138939 5 1
1138982 1 1
1139030 10 -1
1139108 0 1
1139288 7 -1
1139425 4 -1
1139428 2 1
1139450 0 -1
1139482 3 -1
1139510 1 -1
1139546 8 1
1139686 0 -1
1139874 3 -1
1140070 1 1
1140127 2 1
1140139 0 1
1140256 6 1
1140283 3 1
1140310 12 1
1140369 5 1
1140413 1 1
1140468 0 -1
1140586 4 -1
1140603 2 -1
1140643 7 -1
1140698 0 1
1140707 9 -1
1140761 3 1
1140776 1 1
1140940 0 1
1140954 15 1
1141120 1 -1
1141176 0 1
1141234 6 1
1141314 2 -1
1141363 3 1
1141438 5 1
1141516 0 -1
1141662 1 -1
1141691 4 1
1141771 13 -1
1141804 10 -1
1141847 0 -1
1142008 2 1
1142075 0 -1
1142088 3 -1
1142219 1 -1
1142362 5 1
1142395 8 1
1142408 0 1
1142424 4 1
1142475 2 -1
1142567 9 -1
1142588 11 -1
1142604 1 -1
1142620 3 1
1142739 6 1
1142787 7 1
1142846 14 -1
1142943 0 1
1142943 2 -1
1143154 1 -1
1143272 0 1
1143319 5 -1
1143362 3 -1
1143416 2 1
1143496 4 -1
1143509 1 -1
1143514 0 1
1143803 3 -1
1143862 0 -1
1143908 1 -1
1144128 2 1
1144166 4 1
1144217 0 -1
1144222 8 1
1144262 7 -1
1144270 3 1
1144362 6 -1
1144428 0 1
1144458 1 -1
1144647 0 1
1144674 5 1
1144819 2 -1
1144839 1 -1
1144883 4 -1
1144928 0 1
1144969 3 1
1145232 9 1
1145257 0 -1
1145297 2 1
1145355 1 1
1145426 6 1
1145437 3 -1
1145605 0 1
1145657 7 1
1145816 0 -1
1145899 1 -1
1145907 4 -1
1145915 10 -1
1146001 2 1
1146082 5 -1
1146114 12 1
1146125 3 -1
1146157 8 -1
1146164 0 1
1146274 1 -1
1146406 0 1
1146463 2 1
1146580 4 1
1146635 0 1
1146665 1 -1
1146812 3 -1
1146936 2 -1
1146974 5 -1
1146982 0 -1
1147036 1 1
1147103 6 1
1147194 0 1
1147232 31 1
1147286 3 1
1147541 0 -1
1147572 1 -1
1147646 2 1
1147692 4 -1
1147705 7 -1
1147807 3 1
1147936 0 -1
1147974 8 -1
1148112 1 -1
1148116 2 -1
1148183 0 -1
1148274 3 -1
1148360 9 -1
1148371 5 1
1148454 0 -1
1148499 1 -1
1148500 6 -1
1148688 4 1
1148720 0 -1
1148822 15 1
1148828 2 -1
1149011 3 1
1149037 1 -1
1149062 0 -1
1149252 5 1
1149253 7 -1
1149360 6 1
1149361 1 -1
1149454 4 1
1149510 2 1
1149609 0 1
1149708 1 1
1149752 3 -1
1149967 2 1
1150198 11 1
1150206 0 1
1150209 5 -1
1150252 3 -1
1150264 1 1
1150430 2 1
1150494 10 1
1150524 0 -1
1150550 4 -1
1150639 1 1
1150693 6 1
1150787 0 -1
1150811 8 -1
1150865 9 1
1150908 2 -1
1150940 3 -1
1151144 12 1
1151212 1 -1
1151300 7 -1
1151381 0 1
1151598 4 -1
1151609 2 -1
1151628 3 -1
1151628 6 -1
1151660 5 -1
1151772 1 -1
1151921 0 1
1152101 3 1
1152139 1 1
1152284 4 1
1152321 2 -1
1152424 0 1
1152538 1 -1
1152542 17 -1
1152552 5 -1
1152606 16 1
1152700 0 -1
1152735 6 1
1152776 2 -1
1152832 3 -1
1152900 1 -1
1153007 0 -1
1153026 10 1
1153122 13 1
1153300 7 -1
1153404 4 -1
1153453 1 -1
1153466 2 1
1153552 8 1
1153560 0 1
1153606 3 -1
1153982 5 -1
1153989 1 -1
1154052 3 -1
1154103 0 1
1154122 9 1
1154143 2 -1
1154224 6 1
1154328 1 -1
1154464 4 -1
1154614 0 1
1154619 2 1
1154646 7 -1
1154740 3 -1
1154845 0 1
1154896 1 1
1155130 0 1
1155191 6 1
1155263 1 -1
1155287 4 1
1155310 2 -1
1155326 3 -1
1155347 5 1
1155584 8 1
1155634 1 1
1155796 0 -1
1155890 3 1
1155944 4 -1
1156014 2 -1
1156206 1 -1
1156245 5 1
1156261 9 -1
1156409 0 -1
1156470 2 -1
1156577 1 -1
1156616 3 1
1156637 4 1
1156847 7 1
1156917 6 1
1156922 0 1
1157024 3 -1
1157056 12 -1
1157153 1 1
1157167 0 -1
1157199 2 1
1157260 5 1
1157411 10 -1
1157412 0 1
1157610 3 1
1157661 2 1
1157705 1 1
1157752 0 1
1157774 4 -1
1158048 0 -1
1158064 1 -1
1158115 5 -1
1158134 2 -1
1158153 14 -1
1158217 3 1
1158411 11 1
1158437 1 -1
1158454 8 1
1158456 0 1
1158572 13 1
1158626 6 1
1158733 3 -1
1158782 7 -1
1158786 1 1
1158798 9 1
1158803 0 -1
1158822 2 1
1158850 4 1
1159045 0 -1
1159179 3 -1
1159295 2 -1
1159348 1 -1
1159381 0 1
1159507 5 1
1159572 4 1
1159641 3 1
1159668 6 1
1159868 0 1
1159882 1 -1
1160007 2 1
1160088 10 1
1160253 1 -1
1160257 7 -1
1160327 3 1
1160388 8 -1
1160448 0 -1
1160644 4 1
1160695 2 -1
1160700 6 -1
1160777 1 1
1160915 5 1
1160947 3 1
1160982 0 1
1161173 2 1
1161248 0 -1
1161337 1 1
1161398 4 1
1161399 3 1
1161472 0 1
1161649 2 -1
1161696 1 -1
1161732 9 1
1161841 0 1
1161850 5 1
1162001 3 1
1162065 0 -1
1162111 2 -1
1162130 6 1
1162143 4 -1
1162252 1 1
1162280 7 1
1162323 8 1
1162404 0 1
1162409 3 -1
1162799 3 -1
1162800 1 1
1162808 0 1
1162818 2 -1
1162828 10 1
1163111 4 -1
1163151 0 -1
1163167 1 1
1163274 5 1
1163396 0 1
1163401 3 -1
1163473 13 1
1163527 2 -1
1163651 0 1
1163715 1 -1
1163753 6 -1
1163804 4 1
1163828 15 1
1163860 3 -1
1163973 2 -1
1164048 0 1
1164064 1 1
1164134 7 1
1164151 9 -1
1164194 5 1
1164400 0 -1
1164421 1 -1
1164465 3 -1
1164641 0 1
1164656 2 1
1164892 4 1
1164961 1 -1
1164989 0 -1
1165054 3 1
1165129 6 1
1165132 2 -1
1165150 5 1
1165182 8 1
1165220 0 -1
1165368 1 1
1165454 0 1
1165456 3 -1
1165591 2 -1
1165698 7 1
1165811 0 1
1165888 1 -1
1165916 4 1
1166058 3 -1
1166076 0 1
1166112 6 1
1166295 2 -1
1166365 11 -1
1166448 1 1
1166553 4 1
1166558 0 1
1166585 5 1
1166679 3 -1
1166763 2 -1
1166827 1 1
1166931 0 1
1166940 10 1
1167085 3 1
1167085 7 -1
1167107 9 -1
1167182 12 1
1167190 1 -1
1167193 8 1
1167252 0 1
1167343 4 -1
1167461 2 -1
1167494 5 1
1167528 0 -1
1167561 1 -1
1167687 3 1
1167762 6 -1
1167816 0 -1
1167980 4 -1
1168060 1 1
1168157 0 1
1168171 2 -1
1168289 3 1
1168579 6 1
1168584 7 1
1168625 1 1
1168636 0 -1
1168668 2 1
1168714 3 -1
1168902 5 -1
1168982 1 -1
1169016 4 -1
1169122 3 1
1169189 0 1
1169345 2 -1
1169375 10 1
1169466 0 -1
1169514 3 1
1169514 6 1
1169522 1 -1
1169718 0 1
1169901 1 -1
1170046 2 -1
1170062 9 1
1170100 4 -1
1170116 3 1
1170202 8 -1
1170234 11 1
1170234 0 1
1170249 1 1
1170277 5 1
1170503 2 -1
1170718 3 1
1170758 0 -1
1170765 1 -1
1170810 4 -1
1170890 7 1
1170922 6 -1
1171119 0 -1
1171140 1 -1
1171175 3 1
1171213 2 -1
1171234 5 -1
1171331 0 1
1171586 0 1
1171712 1 -1
1171718 6 -1
1171890 3 -1
1171895 0 1
1171914 2 -1
1171926 4 -1
1172116 9 1
1172148 5 -1
1172253 1 -1
1172301 0 1
1172336 3 -1
1172379 2 -1
1172624 1 -1
1172684 4 -1
1172830 2 -1
1172865 0 1
1172879 3 -1
1173012 1 -1
1173040 8 -1
1173104 5 1
1173123 7 -1
1173206 0 -1
1173320 2 1
1173357 1 1
1173435 0 -1
1173454 10 -1
1173459 6 -1
1173478 4 1
1173561 3 -1
1173659 0 1
1173912 0 1
1173962 1 1
1174018 2 1
1174061 3 -1
1174104 11 -1
1174319 0 -1
1174394 5 1
1174448 14 1
1174542 1 -1
1174582 7 1
1174586 4 -1
1174695 13 -1
1174722 2 1
1174760 9 -1
1174770 6 1
1174797 3 1
1174851 0 1
1174917 1 -1
1174932 8 1
1175211 2 1
1175252 4 1
1175346 0 -1
1175473 1 1
1175528 3 -1
1175719 0 1
1175829 5 1
1175840 1 1
1175845 6 1
1175867 12 -1
1175894 2 -1
1176001 3 1
1176031 0 1
1176207 1 -1
1176340 4 -1
1176367 2 1
1176469 3 -1
1176513 0 1
1176694 5 -1
1176759 1 -1
1176767 7 1
1176791 8 1
1176829 2 1
1176834 9 -1
1176912 0 -1
1176974 3 -1
1177116 1 -1
1177127 0 -1
1177178 10 -1
1177259 6 -1
1177408 4 -1
1177533 2 1
1177561 0 -1
1177658 1 -1
1177694 16 -1
1177726 3 1
1177812 0 -1
1177958 2 -1
1178033 4 -1
1178041 0 1
1178167 5 1
1178206 1 -1
1178291 7 1
1178409 3 1
1178583 1 -1
1178619 8 1
1178654 0 1
1178672 2 -1
1178831 4 -1
1178876 3 -1
1178954 1 -1
1178973 6 -1
1179070 5 1
1179274 0 1
1179307 1 1
1179398 2 1
1179468 4 -1
1179607 11 1
1179610 3 1
1179645 7 -1
1179843 1 -1
1179868 0 1
1179892 2 -1
1179930 6 -1
1179952 10 -1
1179994 15 1
1180005 3 1
1180043 5 -1
1180150 0 1
1180349 2 -1
1180408 3 -1
1180424 9 -1
1180441 0 1
1180443 1 -1
1180508 4 -1
1180806 1 -1
1180806 2 -1
1181018 3 -1
1181034 0 -1
1181362 1 -1
1181397 0 -1
1181424 3 1
1181435 5 1
1181467 4 1
1181510 2 -1
1181629 0 -1
1181629 8 1
1181650 6 1
1181735 1 -1
1182002 0 -1
1182031 3 1
1182032 7 1
1182112 1 -1
1182209 4 1
1182220 2 -1
1182269 0 -1
1182413 5 -1
1182531 0 1
1182574 14 1
1182639 2 1
1182644 3 1
1182711 1 -1
1182873 0 -1
1182950 10 1
1183036 3 1
1183039 1 -1
1183093 0 1
1183216 4 -1
1183219 9 -1
1183348 2 1
1183370 6 1
1183440 3 -1
1183474 0 1
1183539 7 1
1183612 1 1
1183692 11 1
1183826 2 -1
1183832 0 -1
1183875 5 1
1183918 4 1
1183920 3 -1
1184054 0 1
1184172 1 -1
1184283 2 -1
1184316 6 1
1184453 0 1
1184514 1 1
1184627 3 -1
1184631 4 1
1184703 8 1
1184853 17 -1
1184896 9 1
1184993 2 -1
1185004 0 1
1185034 1 1
1185079 6 1
1185192 5 1
1185315 3 -1
1185476 2 -1
1185570 1 1
1185589 0 1
1185635 7 -1
1185659 10 -1
1185740 4 1
1185761 3 -1
1185777 12 -1
1185890 6 1
1185958 1 1
1185995 0 -1
1186014 13 1
1186105 5 1
1186159 2 1
1186237 0 1
1186409 4 -1
1186449 3 -1
1186457 0 -1
1186556 1 1
1186710 0 1
1186874 2 1
1186874 8 1
1186911 3 1
1187114 1 1
1187117 0 -1
1187347 2 -1
1187374 3 -1
1187400 6 1
1187465 4 -1
1187481 1 -1
1187486 5 -1
1187645 0 -1
1187739 7 -1
1187804 2 -1
1187838 1 -1
1187984 0 -1
1188126 3 1
1188178 1 -1
1188204 0 -1
1188250 9 1
1188277 2 1
1188446 0 -1
1188594 3 -1
1188626 4 -1
1188666 0 1
1188749 1 1
1188862 5 1
1188964 6 1
1188986 2 1
1189010 0 -1
1189259 1 1
1189271 7 1
1189303 4 1
1189324 11 1
1189335 3 1
1189446 0 -1
1189636 8 -1
1189650 1 1
1189706 2 1
1189714 0 -1
1189862 5 -1
1189988 4 1
1190018 3 1
1190166 2 1
1190170 0 1
1190174 10 -1
1190184 6 1
1190210 1 -1
1190281 9 1
1190389 0 -1
1190442 3 -1
1190569 1 1
1190601 7 1
1190645 4 -1
1190659 0 1
1190743 12 -1
1190744 14 1
1190835 3 -1
1190851 2 -1
1190968 1 -1
1191195 0 -1
1191216 5 1
1191243 3 1
1191324 2 1
1191536 1 -1
1191714 4 1
1191714 0 -1
1191800 2 -1
1191829 6 -1
1191845 3 1
1191931 1 1
1192117 7 -1
1192141 9 -1
1192286 0 1
1192356 8 1
1192447 3 1
1192471 1 1
1192488 2 1
1192689 5 1
1192794 4 -1
1192805 0 1
1192882 6 1
1192963 2 -1
1193020 1 1
1193049 3 -1
1193173 0 -1
1193370 1 -1
1193439 0 -1
1193495 4 -1
1193592 5 1
1193651 2 1
1193737 3 -1
1193737 1 1
1193882 6 1
1193904 0 1
1194112 1 -1
1194124 7 1
1194237 10 1
1194285 0 1
1194291 8 -1
1194387 2 -1
1194425 3 -1
1194535 0 1
1194570 5 -1
1194575 4 1
1194660 1 -1
1194793 0 1
1194874 2 -1
1194887 3 1
1195071 0 1
1195108 9 1
1195241 1 1
1195322 12 -1
1195347 2 1
1195462 0 1
1195543 5 1
1195559 3 1
1195580 6 1
1195595 1 -1
1195696 4 -1
1195798 2 1
1196001 0 -1
1196140 7 -1
1196166 3 1
1196176 1 -1
1196247 15 1
1196381 4 1
1196381 6 1
1196489 2 -1
1196494 0 -1
1196558 3 1
1196736 0 -1
1196736 1 -1
1196827 5 -1
1196849 10 -1
1196972 0 -1
1197077 1 1
1197085 9 1
1197150 11 1
1197160 3 1
1197204 2 -1
1197300 8 1
1197429 4 1
1197429 13 -1
1197506 0 1
1197542 7 1
1197564 3 -1
1197611 1 1
1197660 2 -1
1197859 0 1
1197881 16 -1
1197924 6 1
1197972 3 1
1198082 0 -1
1198143 1 -1
1198257 5 -1
1198370 2 -1
1198491 0 1
1198514 1 -1
1198526 4 -1
1198590 3 1
1198754 0 1
1198999 3 -1
1199012 0 1
1199068 2 -1
1199078 1 1
1199267 5 -1
1199275 4 -1
1199372 0 -1
1199441 1 -1
1199482 6 -1
1199552 2 1
1199600 3 -1
1199649 0 1
1199735 7 -1
1199828 1 -1
1200125 0 -1
1200160 9 -1
1200203 3 -1
1200240 2 -1
1200256 8 -1
1200327 4 -1
1200382 1 -1
1200536 6 -1
1200627 3 1
1200627 0 1
1200632 5 1
1200767 1 -1
1200848 0 -1
1200971 2 -1
1201019 3 1
1201113 4 -1
1201119 0 -1
1201138 10 1
1201307 1 -1
1201363 12 1
1201422 3 -1
1201428 2 -1
1201492 0 -1
1201605 5 -1
1201696 6 -1
1201697 0 -1
1201835 4 -1
1201847 1 -1
1201912 7 1
1202024 3 -1
1202137 2 -1
1202180 8 1
1202186 0 1
1202222 1 -1
1202589 5 -1
1202594 2 -1
1202617 1 -1
1202626 3 -1
1202686 13 -1
1202710 0 1
1202782 4 -1
1202868 6 -1
1202952 1 1
1203030 0 -1
1203067 2 1
1203169 9 -1
1203223 3 -1
1203261 0 1
1203330 7 1
1203508 4 -1
1203512 1 1
1203776 2 1
1203838 0 1
1203911 3 -1
1203932 5 1
1204056 1 1
1204169 6 1
1204172 0 -1
1204244 2 1
1204357 3 -1
1204397 0 1
1204435 1 1
1204689 4 -1
1204730 0 -1
1204819 3 1
1204835 5 1
1204954 2 1
1204962 0 -1
1204999 1 -1
1205104 11 -1
1205104 9 -1
1205126 8 -1
1205182 0 1
1205308 1 -1
1205330 10 -1
1205383 12 -1
1205507 3 1
1205531 7 -1
1205585 0 1
1205655 2 1
1205666 1 -1
1205741 4 -1
1205792 6 1
1205878 17 1
1205916 0 -1
1206055 3 -1
1206104 2 1
1206212 1 -1
1206227 5 -1
1206338 0 1
1206499 4 1
1206579 2 -1
1206620 1 1
1206657 3 -1
1206690 0 -1
1206781 14 -1
1206878 6 1
1206902 0 1
1207039 2 -1
1207050 8 1
1207196 1 -1
1207211 0 -1
1207270 3 -1
1207301 4 1
1207443 0 1
1207474 7 1
1207587 5 1
1207678 3 1
1207716 2 -1
1207726 1 -1
1207791 0 -1
1207893 10 1
1207994 4 -1
1208059 1 -1
1208071 3 1
1208138 0 1
1208178 9 1
1208329 13 -1
1208342 0 -1
1208425 2 -1
1208492 3 -1
1208506 6 1
1208533 5 1
1208631 1 1
1208690 0 1
1208882 2 -1
1208909 7 1
1209016 15 1
1209017 8 -1
1209038 4 -1
1209065 0 1
1209094 3 -1
1209163 1 -1
1209358 0 -1
1209414 6 -1
1209500 5 -1
1209538 1 -1
1209592 2 -1
1209696 3 -1
1209801 0 -1
1210038 2 -1
1210092 12 -1
1210114 1 1
1210142 4 -1
1210164 0 1
1210172 3 -1
1210384 0 1
1210392 5 -1
1210462 6 1
1210489 2 -1
1210667 1 -1
1210812 0 1
1210868 4 -1
1210898 3 -1
1210973 7 1
1211039 1 -1
1211088 0 -1
1211091 9 -1
1211209 2 1
1211344 3 -1
1211390 0 1
1211428 1 -1
1211674 2 -1
1211714 5 -1
1211806 3 1
1211823 1 1
1211876 8 -1
1211908 10 1
1211943 0 -1
1211951 6 -1
1212021 4 1
1212279 0 1
1212365 2 1
1212372 1 1
1212494 3 1
1212505 7 1
1212507 0 -1
1212706 4 -1
1212757 6 1
1212867 0 -1
1212912 1 1
1212961 3 -1
1213058 9 1
1213080 2 1
1213085 0 1
1213133 5 -1
1213187 11 1
1213256 1 -1
1213391 0 1
1213428 4 -1
1213553 2 -1
1213738 3 -1
1213752 0 -1
1213800 8 1
1213815 1 -1
1213940 7 1
1213991 0 -1
1214010 2 -1
1214090 5 -1
1214173 1 1
1214348 0 1
1214353 3 -1
1214412 6 -1
1214482 2 1
1214504 4 -1
1214532 1 -1
1214762 3 1
1214878 0 -1
1215103 0 1
1215133 1 -1
1215154 3 1
1215197 2 1
1215254 4 1
1215344 0 1
1215498 1 1
1215498 5 -1
1215557 3 -1
1215692 0 -1
1215810 6 -1
1215874 9 1
1215907 2 1
1215955 0 1
1216036 7 1
1216044 1 -1
1216213 3 1
1216269 4 1
1216278 10 1
1216331 2 -1
1216358 0 1
1216592 1 1
1216718 0 -1
1216777 8 -1
1216820 3 1
1216831 6 -1
1216957 0 1
1216967 1 1
1216971 5 -1
1217046 2 -1
1217229 3 -1
1217264 0 1
1217334 4 1
1217338 1 1
1217519 2 1
1217551 0 1
1217573 15 -1
1217632 7 -1
1217684 1 -1
1217831 3 -1
1217927 5 1
1217938 6 1
1217992 0 1
1217995 2 -1
1218099 4 -1
1218246 1 1
1218288 3 1
1218368 0 -1
1218562 12 -1
1218610 0 -1
1218683 2 1
1218728 10 1
1218760 3 -1
1218785 1 1
1218849 4 -1
1218884 9 1
1218965 0 -1
1219135 1 -1
1219142 6 1
1219158 2 -1
1219228 0 1
1219325 5 -1
1219430 0 1
1219513 3 1
1219604 8 -1
1219671 4 1
1219692 1 -1
1219771 0 -1
1219846 2 1
1219849 7 -1
1219980 3 -1
1220050 1 1
1220099 0 1
1220131 13 1
1220445 1 1
1220529 0 1
1220577 2 -1
1220668 3 -1
1220674 6 1
1220744 5 -1
1220752 4 -1
1220848 0 1
1220986 1 1
1221061 2 -1
1221074 0 -1
1221227 11 -1
1221358 1 1
1221359 0 -1
1221410 3 1
1221464 8 -1
1221507 2 -1
1221590 0 1
1221593 9 1
1221668 5 -1
1221800 4 -1
1221858 1 -1
1221872 3 1
1221926 6 1
1221931 0 -1
1221982 2 1
1222050 7 1
1222392 1 1
1222474 3 1
1222533 4 1
1222544 0 -1
1222550 10 -1
1222673 2 -1
1222763 1 -1
1222818 14 1
1222850 6 1
1223033 17 1
1223076 3 1
1223095 0 -1
1223142 1 -1
1223146 5 1
1223353 0 -1
1223377 2 -1
1223485 3 -1
1223506 8 -1
1223513 1 -1
1223549 9 1
1223565 7 1
1223630 4 1
1223635 0 -1
1223834 2 -1
1223939 0 -1
1224085 1 -1
1224092 3 -1
1224130 5 -1
1224216 0 -1
1224226 6 1
1224363 4 1
1224562 2 1
1224625 1 -1
1224674 0 1
1224688 3 1
1224952 7 1
1225002 1 -1
1225016 5 -1
1225024 2 1
1225092 3 -1
1225129 4 1
1225162 10 -1
1225204 6 -1
1225317 0 -1
1225420 8 1
1225500 3 1
1225500 2 -1
1225524 1 1
1225548 16 1
1225785 9 1
1225855 0 1
1225892 3 1
1225911 1 1
1226185 2 1
1226201 4 -1
1226226 6 -1
1226228 0 -1
1226266 1 -1
1226274 7 -1
1226440 5 1
1226449 0 1
1226629 3 1
1226661 2 1
1226806 0 1
1226840 1 1
1226943 4 -1
1227131 0 1
1227205 1 1
1227317 3 1
1227370 2 1
1227373 0 1
1227408 5 -1
1227607 0 1
1227660 6 1
1227701 1 -1
1227784 3 -1
1227835 0 -1
1227902 10 -1
1227978 12 1
1228058 2 -1
1228174 0 1
1228176 4 1
1228229 1 -1
1228300 8 1
1228330 7 -1
1228472 3 -1
1228518 0 -1
1228537 2 1
1228547 6 -1
1228600 1 -1
1228754 0 -1
1228778 5 1
1228918 3 -1
1228971 1 1
1229074 9 1
1229122 0 1
1229241 2 1
1229281 4 -1
1229350 1 1
1229372 0 -1
1229380 3 1
1229439 11 1
1229591 0 1
1229859 6 1
1229890 1 1
1229934 0 -1
1229950 2 1
1230023 4 -1
1230133 5 -1
1230144 3 -1
1230162 0 -1
1230394 7 -1
1230402 1 -1
1230418 2 1
1230505 0 1
1230606 3 1
1230643 15 -1
1230784 1 -1
1230813 4 1
1230848 0 -1
1231055 0 1
1231057 5 -1
1231127 2 1
1231224 6 -1
1231294 3 1
1231295 0 1
1231331 1 -1
1231460 8 1
1231490 4 -1
1231514 0 -1
1231578 13 1
1231708 7 1
1231804 2 -1
1231858 0 1
1231903 1 1
1231922 5 1
1232078 3 1
1232078 10 1
1232202 9 1
1232213 0 1
1232245 6 -1
1232260 1 -1
1232277 2 1
1232430 0 -1
1232473 4 1
1232495 3 -1
1232753 2 -1
1232796 0 1
1232816 1 1
1232901 3 1
1232906 5 -1
1233030 17 -1
1233054 0 1
1233202 6 -1
1233212 2 -1
1233309 3 -1
1233356 1 1
1233360 0 1
1233363 8 -1
1233502 11 1
1233554 4 -1
1233719 1 -1
1233739 7 1
1233882 0 1
1233911 3 -1
1233916 2 -1
1233997 12 -1
1234190 6 -1
1234287 1 1
1234303 5 -1
1234311 4 -1
1234427 9 -1
1234432 0 1
1234604 3 1
1234604 2 1
1234636 1 -1
1234836 10 -1
1234985 1 1
1235009 0 -1
1235067 2 1
1235110 7 -1
1235169 3 -1
1235338 0 1
1235448 4 1
1235537 1 1
1235577 0 1
1235674 5 1
1235776 2 1
1235808 6 1
1235873 3 -1
1235900 1 -1
1236150 4 -1
1236158 8 1
1236238 0 -1
1236249 2 -1
1236335 3 1
1236436 1 -1
1236480 7 -1
1236539 5 -1
1236679 2 1
1236802 3 -1
1236811 0 -1
1236923 4 1
1236996 6 1
1236996 1 -1
1237125 0 -1
1237222 11 1
1237351 1 1
1237356 2 -1
1237367 0 -1
1237582 3 -1
1237654 0 1
1237730 1 1
1237791 6 1
1237834 2 1
1237942 0 -1
1237953 5 -1
1238006 3 1
1238012 4 1
1238092 1 -1
1238103 8 -1
1238254 9 -1
1238270 0 -1
1238544 2 1
1238598 12 -1
1238608 3 1
1238641 1 -1
1238657 7 1
1238745 4 1
1238853 0 1
1238909 5 -1
1239060 10 1
1239181 1 -1
1239210 3 1
1239253 2 1
1239296 6 -1
1239328 14 1
1239471 0 -1
1239584 1 1
1239619 3 -1
1239729 2 -1
1239818 0 -1
1239834 5 -1
1239854 4 -1
1240008 3 -1
1240016 8 1
1240039 0 1
1240104 1 -1
1240156 7 1
1240188 2 -1
1240374 0 1
1240425 3 1
1240434 1 1
1240457 9 1
1240645 2 -1
1240672 0 1
1240809 1 -1
1240858 4 -1
1240876 6 1
1241027 3 1
1241038 0 1
1241247 5 -1
1241317 1 1
1241360 2 -1
1241570 0 1
1241575 4 1
1241629 3 1
1241704 1 1
1241801 6 1
1242037 3 -1
1242083 2 -1
1242118 0 1
1242198 5 1
1242232 1 -1
1242365 7 -1
1242542 2 -1
1242677 0 -1
1242704 3 -1
1242736 4 1
1242768 12 1
1242811 9 1
1242827 1 -1
1242833 13 -1
1243091 8 1
1243123 10 1
1243150 3 -1
1243187 6 -1
1243196 1 1
1243244 2 -1
1243292 0 1
1243594 1 -1
1243612 3 1
1243642 0 1
1243671 5 1
1243706 2 -1
1243808 4 -1
1243918 0 -1
1243982 1 -1
1244168 0 -1
1244182 2 1
1244300 3 1
1244429 7 -1
1244437 0 1
1244542 4 -1
1244558 1 1
1244638 6 -1
1244754 0 1
1244767 3 -1
1244870 2 -1
1244940 8 1
1245036 5 -1
1245102 1 1
1245348 2 1
1245356 0 1
1245434 11 1
1245453 1 -1
1245501 3 -1
1245513 4 1
1245670 6 1
1245850 0 1
1245928 7 -1
1246025 5 1
1246035 1 -1
1246052 2 1
1246057 10 -1
1246116 3 -1
1246216 0 1
1246376 1 1
1246456 0 1
1246525 3 1
1246533 4 -1
1246606 9 -1
1246743 1 -1
1246762 2 1
1246804 0 -1
1246853 12 -1
1246917 3 1
1247011 0 1
1247014 6 -1
1247229 2 1
1247250 4 -1
1247293 1 -1
1247320 3 -1
1247370 0 1
1247438 5 1
1247690 1 -1
1247692 0 1
1247702 2 -1
1247896 8 -1
1247922 0 1
1247965 3 1
1247968 4 -1
1248126 6 1
1248153 7 -1
1248159 2 -1
1248164 0 1
1248254 1 1
1248444 13 -1
1248454 0 -1
1248465 9 -1
1248573 16 -1
1248578 3 1
1248710 4 -1
1248831 1 1
1248857 5 1
1248863 0 1
1248866 2 -1
1248927 10 -1
1248970 3 1
1248981 6 -1
1249141 1 1
1249386 0 1
1249502 1 1
1249572 3 1
1249572 2 -1
1249854 4 -1
1249856 1 -1
1249862 5 -1
1249946 0 -1
1250029 2 -1
1250153 7 -1
1250174 3 1
1250260 0 1
1250357 6 -1
1250399 1 -1
1250537 0 1
1250652 3 1
1250739 2 -1
1250852 8 1
1250939 1 -1
1250951 4 -1
1250962 0 -1
1251190 2 -1
1251222 5 1
1251282 9 -1
1251289 1 1
1251394 3 -1
1251523 7 1
1251558 0 -1
1251636 4 -1
1251642 2 -1
1251652 6 1
1251668 10 -1
1251826 1 1
1252082 3 -1
1252202 0 1
1252210 1 1
1252346 2 1
1252421 0 -1
1252543 1 1
1252544 3 1
1252657 5 1
1252687 0 1
1252781 4 -1
1252821 2 -1
1252894 8 -1
1253001 12 1
1253044 0 1
1253105 1 -1
1253130 6 1
1253256 0 1
1253291 3 -1
1253366 11 -1
1253486 1 -1
1253510 4 -1
1253512 2 1
1253603 7 1
1253651 5 -1
1253662 0 1
1253681 3 -1
1253894 13 1
1253982 0 1
1254026 1 -1
1254087 3 1
1254216 4 -1
1254221 2 1
1254228 0 1
1254458 0 1
1254517 5 1
1254579 1 -1
1254689 3 1
1254700 2 -1
1254718 0 1
1254828 6 -1
1254933 1 1
1254990 8 -1
1255097 3 -1
1255130 9 -1
1255156 2 -1
1255164 0 1
1255352 4 -1
1255409 14 -1
1255463 5 -1
1255498 1 -1
1255586 7 1
1255629 2 1
1255777 0 -1
1255796 3 -1
1255807 6 -1
1255828 10 1
1256050 1 -1
1256078 4 -1
1256336 2 1
1256390 0 -1
1256449 1 -1
1256575 3 -1
1256702 0 -1
1256720 6 1
1256785 15 -1
1256796 5 -1
1256796 8 -1
1256871 9 1
1256916 0 1
1257005 1 1
1257027 2 -1
1257037 3 1
1257086 7 1
1257223 4 1
1257478 2 -1
1257505 3 -1
1257545 0 1
1257561 1 1
1257623 6 -1
1257902 1 -1
1257942 0 1
1257951 3 -1
1258161 5 1
1258201 0 1
1258206 2 1
1258279 4 1
1258287 1 -1
1258537 7 1
1258636 0 1
1258642 1 -1
1258720 3 1
1258897 2 -1
1258979 0 1
1258999 6 1
1259012 4 -1
1259064 11 -1
1259085 5 1
1259214 0 1
1259214 1 1
1259322 3 1
1259370 2 1
1259408 9 -1
1259592 0 1
1259687 8 -1
1259722 4 1
1259730 3 -1
1259750 1 -1
1259972 7 1
1260058 2 -1
1260105 1 1
1260176 0 -1
1260332 3 -1
1260407 10 1
1260423 4 -1
1260461 6 1
1260552 5 -1
1260563 0 1
1260675 1 1
1260722 3 -1
1260786 2 1
1260792 0 -1
1261022 1 -1
1261033 0 -1
1261084 12 -1
1261133 3 1
1261248 2 1
1261281 0 -1
1261364 6 -1
1261407 5 1
1261419 1 -1
1261544 4 -1
1261665 9 -1
1261692 0 1
1261735 3 1
1261950 2 1
1261959 1 -1
1262116 7 1
1262127 3 1
1262234 0 1
1262282 1 -1
1262331 5 1
1262407 2 1
1262624 4 1
1262643 8 1
1262729 3 1
1262729 0 -1
1262822 1 -1
1262896 2 1
1262976 11 1
1262998 6 -1
1263043 0 -1
1263100 10 1
1263296 0 1
1263326 4 1
1263366 1 -1
1263465 3 1
1263594 2 1
1263733 1 1
1263820 5 -1
1263930 0 -1
1263933 3 -1
1264051 6 -1
1264062 2 1
1264112 1 1
1264293 7 -1
1264301 0 -1
1264361 4 1
1264480 1 1
1264515 0 1
1264610 8 -1
1264610 9 -1
1264621 3 -1
1264760 5 -1
1264761 2 1
1264825 13 1
1264863 0 -1
1264954 6 -1
1264994 4 1
1265053 1 -1
1265096 0 -1
1265309 3 -1
1265328 0 1
1265465 2 1
1265585 1 -1
1265669 0 -1
1265728 7 -1
1265755 3 -1
1265792 4 -1
1265881 0 1
1265927 2 1
1265958 1 1
1266169 5 1
1266238 0 1
1266394 6 1
1266405 2 -1
1266522 1 -1
1266534 3 -1
1266569 0 1
1266857 0 1
1266862 2 -1
1266869 1 1
1266921 4 1
1267039 11 1
1267085 0 -1
1267211 10 -1
1267221 1 -1
1267222 3 -1
1267293 0 1
1267372 6 1
1267555 8 1
1267569 2 -1
1267587 5 1
1267630 4 1
1267641 0 -1
1267668 3 -1
1267749 1 -1
1267768 7 -1
1267792 9 1
1267976 0 1
1268130 3 1
1268142 1 -1
1268249 2 1
1268281 0 1
1268550 5 -1
1268598 3 -1
1268660 0 -1
1268695 12 1
1268711 1 1
1268727 2 -1
1268759 4 -1
1268880 0 -1
1269092 0 -1
1269178 6 -1
1269186 7 -1
1269267 1 1
1269323 3 -1
1269436 2 -1
1269436 8 -1
1269498 0 -1
1269544 5 1
1269622 1 -1
1269684 15 -1
1269705 0 -1
1269856 9 -1
1269892 4 -1
1269893 2 -1
1269925 3 -1
1269980 1 1
1270089 0 1
1270178 10 -1
1270334 3 1
1270372 2 1
1270374 1 -1
1270457 5 1
1270549 6 1
1270585 4 1
1270646 7 -1
1270699 0 1
1270904 1 1
1270936 3 1
1270944 0 1
1271016 11 -1
1271081 2 1
1271146 16 1
1271212 0 -1
1271306 4 1
1271328 3 1
1271382 8 1
1271456 1 1
1271556 2 -1
1271750 3 -1
1271769 0 1
1271790 14 -1
1271843 1 -1
1271844 6 1
1271887 5 1
1272105 4 -1
1272244 2 1
1272352 3 -1
1272367 1 1
1272376 0 -1
1272596 7 1
1272726 10 1
1272754 1 1
1272758 3 1
1272768 6 -1
1272876 9 -1
1272943 2 -1
1272948 0 1
1273100 1 -1
1273189 0 1
1273294 4 -1
1273327 5 1
1273386 2 -1
1273400 0 -1
1273446 3 -1
1273636 1 -1
1273918 6 -1
1273999 0 1
1274015 1 -1
1274080 3 -1
1274080 2 1
1274176 12 -1
1274217 7 1
1274246 5 1
1274263 8 1
1274354 4 1
1274469 3 -1
1274533 0 1
1274576 1 -1
1274778 2 1
1274865 0 -1
1274875 3 1
1274983 4 1
1275090 0 1
1275136 1 1
1275254 2 -1
1275284 3 -1
1275527 1 -1
1275588 0 -1
1275660 9 1
1275692 5 1
1275735 6 1
1275864 1 -1
1275886 3 -1
1275966 2 -1
1276095 4 -1
1276165 0 1
1276236 1 -1
1276240 7 1
1276283 8 1
1276305 15 1
1276434 13 -1
1276504 3 -1
1276531 10 -1
1276660 5 -1
1276660 2 1
1276713 0 1
1276797 1 1
1276837 4 -1
1276842 11 1
1276928 3 1
1277057 6 -1
1277132 2 -1
1277283 0 1
1277349 1 -1
1277530 3 1
1277530 9 1
1277541 5 -1
1277566 4 -1
1277584 0 -1
1277608 2 1
1277702 1 1
1277914 0 1
1278052 2 -1
1278068 6 1
1278132 3 1
1278220 1 -1
1278279 0 1
1278320 7 1
1278369 12 1
1278538 0 1
1278546 3 -1
1278707 4 -1
1278777 2 -1
1278784 1 1
1278928 0 1
1278997 5 -1
1279143 8 1
1279151 1 1
1279177 3 -1
1279272 10 -1
1279425 4 1
1279430 0 -1
1279478 2 -1
1279530 6 1
1279711 1 -1
1279712 0 1
1279779 3 -1
1279788 7 1
1279938 5 -1
1279941 2 -1
1280024 0 1
1280185 3 1
1280251 1 -1
1280440 4 1
1280454 9 1
1280626 0 1
1280648 2 -1
1280650 1 -1
1280712 6 1
1280787 3 1
1281104 2 -1
1281194 1 1
1281196 3 -1
1281206 0 1
1281239 7 1
1281346 5 -1
1281448 4 -1
1281583 2 1
1281589 1 1
1281604 3 -1
1281768 0 1
1281921 6 1
1281976 1 1
1282077 0 -1
1282162 4 -1
1282195 8 -1
1282287 2 1
1282295 0 1
1282340 3 1
1282496 7 1
1282532 1 1
1282657 5 -1
1282749 2 1
1282808 3 -1
1282811 0 1
1282843 4 1
1282907 1 1
1283364 0 -1
1283399 9 1
1283466 1 -1
1283485 2 -1
1283496 3 -1
1283536 4 1
1283560 10 1
1283582 5 -1
1283625 6 1
1283896 0 -1
1284024 1 -1
1284141 0 -1
1284184 8 1
1284195 2 -1
1284324 3 1
1284345 11 -1
1284443 1 -1
1284450 0 -1
1284479 5 -1
1284522 6 1
1284560 4 1
1284625 7 1
1284652 2 -1
1284786 3 -1
1284798 1 1
1285017 0 1
1285124 2 1
1285167 1 -1
1285232 3 -1
1285420 15 1
1285425 5 -1
1285570 0 -1
1285587 2 1
1285694 3 1
1285705 4 1
1285717 1 -1
1285850 9 -1
1285957 6 1
1285960 0 -1
1286033 8 1
1286199 0 1
1286302 1 1
1286302 2 1
1286382 3 1
1286386 4 -1
1286416 0 1
1286618 0 -1
1286624 7 1
1286660 1 -1
1286828 5 -1
1286984 0 -1
1287000 2 1
1287011 3 1
1287212 1 -1
1287269 17 -1
1287355 6 -1
1287462 4 -1
1287476 2 -1
1287489 3 -1
1287524 0 1
1287527 13 1
1287571 1 -1
1287656 12 -1
1287914 7 -1
1287918 1 1
1288000 8 -1
1288010 10 1
1288027 0 -1
1288161 5 -1
1288166 2 1
1288177 3 -1
1288258 6 1
1288309 0 -1
1288430 14 -1
1288480 1 -1
1288540 0 1
1288559 4 -1
1288639 3 1
1288752 16 -1
1288825 1 -1
1288849 2 -1
1288954 0 -1
1289010 9 1
1289064 5 -1
1289107 3 -1
1289179 4 -1
1289274 0 1
1289279 6 -1
1289325 2 1
1289415 1 -1
1289623 0 -1
1289851 3 -1
1289933 1 1
1289970 0 1
1290031 2 1
1290090 7 1
1290203 0 1
1290260 4 1
1290273 3 1
1290304 1 -1
1290432 0 -1
1290461 6 1
1290499 5 -1
1290663 0 1
1290719 10 1
1290741 2 1
1290852 1 -1
1290875 3 1
1290902 8 1
1290902 9 1
1291004 0 -1
1291216 2 -1
1291400 4 -1
1291425 1 1
1291439 5 -1
1291477 3 1
1291509 7 1
1291512 0 1
1291767 1 -1
1291842 0 -1
1291869 3 1
1291904 2 1
1291912 6 1
1292057 4 1
1292071 0 1
1292272 3 -1
1292307 1 1
1292321 11 1
1292380 2 -1
1292396 5 1
1292401 0 -1
1292686 3 1
1292748 0 1
1292831 7 -1
1292837 9 1
1292848 2 -1
1292880 1 -1
1292971 0 -1
1293057 4 1
1293213 6 -1
1293234 13 -1
1293242 1 1
1293288 3 1
1293409 0 -1
1293578 2 1
1293613 1 1
1293758 0 -1
1293823 4 1
1293858 5 1
1293858 8 -1
1293890 3 1
1293968 1 -1
1294037 0 1
1294054 2 -1
1294258 0 -1
1294266 6 -1
1294331 3 -1
1294524 1 -1
1294546 0 1
1294577 4 1
1294742 2 1
1294793 5 1
1294863 7 -1
1294875 0 1
1295008 10 -1
1295067 3 1
1295068 1 -1
1295234 0 1
1295423 1 1
1295449 2 1
1295502 0 -1
1295535 3 -1
1295576 4 1
1295739 8 -1
1295847 9 1
1295906 2 1
1295916 6 -1
1295981 3 -1
1295992 0 -1
1296008 1 -1
1296201 5 1
1296228 0 -1
1296255 11 -1
1296306 4 1
1296314 7 1
1296374 1 1
1296384 2 -1
1296451 0 1
1296669 3 -1
1296753 1 1
1296811 0 1
1296846 2 -1
1297066 0 1
1297082 6 -1
1297201 3 -1
1297284 1 1
1297418 4 -1
1297427 0 1
1297550 2 -1
1297636 5 1
1297668 1 1
1297717 9 1
1297757 0 1
1297846 3 1
1298114 0 1
1298241 1 -1
1298265 6 -1
1298265 2 -1
1298389 0 -1
1298434 7 -1
1298448 12 1
1298474 4 -1
1298480 3 -1
1298555 5 1
1298641 8 1
1298649 0 -1
1298732 2 -1
1298801 1 1
1298813 13 -1
1298870 3 -1
1298942 10 -1
1299085 0 1
1299144 1 1
1299208 4 1
1299275 3 1
1299437 2 -1
1299472 0 1
1299510 1 -1
1299512 5 -1
1299566 6 1
1299713 0 -1
1299775 3 1
1299877 1 1
1299893 2 -1
1299962 4 -1
1300167 11 1
1300184 0 1
1300366 2 1
1300405 1 -1
1300425 6 -1
1300463 3 1
1300474 7 -1
1300490 8 1
1300501 5 1
1300501 0 1
1300720 4 -1
1300726 9 1
1300753 0 -1
1300954 1 -1
1301073 2 1
1301092 0 1
1301216 3 -1
1301304 1 1
1301371 0 -1
1301538 2 1
1301678 3 1
1301711 0 1
1301784 4 -1
1301823 6 1
1301877 1 -1
1301909 7 -1
1301914 5 1
1301990 10 1
1302242 2 1
1302324 0 1
1302366 3 1
1302411 1 -1
1302500 8 1
1302629 0 -1
1302796 1 -1
1302833 3 -1
1302922 0 -1
1302924 4 1
1302946 2 1
1303252 6 1
1303263 7 1
1303279 3 -1
1303306 5 -1
1303340 1 -1
1303408 2 1
1303441 0 -1
1303543 9 1
1303666 4 1
1303876 1 -1
1303881 2 -1
1303986 0 -1
1304059 3 -1
1304241 6 1
1304255 1 1
1304306 5 1
1304338 15 1
1304338 2 -1
1304427 0 -1
1304505 3 -1
1304505 7 1
1304718 4 1
1304748 0 1
1304797 1 -1
1304854 14 -1
1305042 0 -1
1305048 2 -1
1305176 1 -1
1305193 3 -1
1305307 0 1
1305467 8 -1
1305512 4 -1
1305520 1 -1
1305521 9 1
1305531 6 1
1305655 5 -1
1305746 0 1
1305749 2 -1
1305940 3 1
1305940 10 1
1306093 1 1
1306138 0 -1
1306214 2 -1
1306234 4 -1
1306348 3 -1
1306367 0 1
1306464 1 1
1306585 7 -1
1306708 0 -1
1306918 2 -1
1306939 0 -1
1306950 3 -1
1306982 5 -1
1307032 1 -1
1307036 6 -1
1307161 0 1
1307310 4 -1
1307375 2 -1
1307498 0 -1
1307498 8 1
1307530 9 -1
1307540 1 1
1307552 3 -1
1307746 0 1
1307788 6 -1
1307799 12 -1
1307853 2 1
1307942 3 -1
1307943 1 -1
1307955 5 1
1308084 4 -1
1308111 0 -1
1308143 11 -1
1308290 1 1
1308455 0 1
1308544 3 -1
1308565 2 1
1308648 1 1
1308721 7 -1
1308761 0 -1
1309019 2 1
1309159 3 -1
1309168 4 1
1309201 1 1
1309202 6 1
1309232 0 -1
1309266 5 1
1309455 9 -1
1309567 3 1
1309729 2 -1
1309737 1 1
1309799 0 -1
1309960 3 1
1310096 1 -1
1310164 13 1
1310172 7 -1
1310236 4 1
1310293 10 -1
1310400 0 -1
1310436 2 -1
1310465 8 -1
1310486 3 -1
1310652 1 -1
1310728 0 1
1310755 5 -1
1310895 6 1
1310910 4 -1
1310911 2 1
1310949 0 -1
1311014 1 1
1311174 3 -1
1311181 0 1
1311379 2 1
1311389 1 1
1311395 0 -1
1311615 5 1
1311680 6 1
1311750 0 -1
1311852 2 -1
1311862 3 -1
1311938 4 1
1311978 1 -1
1312096 0 1
1312308 3 -1
1312333 0 1
1312349 1 -1
1312357 7 1
1312553 2 -1
1312626 6 -1
1312655 0 1
1312808 17 1
1312853 1 -1
1312897 0 1
1312953 4 1
1312964 5 -1
1312996 3 -1
1313088 9 -1
1313109 14 -1
1313131 0 1
1313163 10 -1
1313244 2 1
1313372 1 1
1313421 8 1
1313449 0 1
1313458 3 1
1313604 6 1
1313646 4 1
1313690 12 1
1313692 0 1
1313722 2 -1
1313743 7 1
1313747 1 1
1313904 5 -1
1313926 3 -1
1314008 0 1
1314126 1 1
1314356 0 -1
1314402 2 1
1314505 1 1
1314598 0 -1
1314684 3 1
1314727 4 -1
1314807 5 -1
1314829 0 -1
1314877 2 -1
1314985 6 1
1315047 1 -1
1315079 0 -1
1315082 7 -1
1315151 3 -1
1315280 8 1
1315345 2 -1
1315399 0 -1
1315622 1 1
1315730 4 -1
1315753 0 -1
1315845 3 -1
1315958 0 -1
1315984 1 -1
1316044 2 -1
1316044 9 -1
1316065 10 1
1316119 11 1
1316237 6 1
1316269 5 -1
1316304 0 -1
1316396 4 -1
1316506 2 -1
1316525 1 -1
1316562 3 -1
1316635 0 -1
1316678 16 -1
1316863 0 -1
1316904 1 1
1316968 3 1
1317121 4 -1
1317183 6 1
1317210 2 -1
1317211 0 1
1317237 5 1
1317262 1 1
1317366 3 1
1317436 7 1
1317559 0 -1
1317769 3 -1
1317798 1 1
1317801 0 -1
1317855 4 1
1317925 2 -1
1317925 9 -1
1317968 12 -1
1318130 0 1
1318189 1 1
1318204 8 -1
1318363 0 1
1318381 3 -1
1318398 2 1
1318559 5 1
1318559 6 1
1318591 0 -1
1318701 1 1
1318871 7 1
1318891 4 1
1318931 0 1
1318935 10 1
1319069 3 -1
1319080 2 -1
1319161 0 1
1319217 1 1
1319480 0 1
1319558 6 -1
1319576 1 -1
1319612 3 1
1319798 2 -1
1319838 0 1
1319874 4 -1
1319951 1 -1
1319978 5 1
1320066 0 -1
1320257 2 -1
1320308 0 -1
1320314 1 1
1320332 15 -1
1320354 3 -1
1320533 0 1
1320572 4 1
1320601 6 -1
1320800 3 -1
1320859 0 -1
1320878 1 -1
1320913 9 -1
1320918 5 1
1320967 2 -1
1321042 8 -1
1321128 7 1
1321206 0 1
1321305 3 -1
1321412 1 -1
1321426 0 -1
1321536 14 -1
1321612 4 1
1321676 2 -1
1321708 13 1
1321765 1 1
1321786 0 -1
1321880 5 -1
1321993 6 1
1321998 3 -1
1321999 0 1
1322133 2 -1
1322216 0 -1
1322317 1 1
1322345 4 1
1322402 3 -1
1322566 0 1
1322606 2 1
1322696 1 1
1322799 6 -1
1322805 5 -1
1322807 0 1
1322966 8 1
1322977 9 -1
1322998 17 -1
1323003 3 -1
1323068 2 1
1323071 4 1
1323071 1 1
1323165 0 1
1323192 7 1
1323224 10 -1
1323484 0 1
1323605 3 -1
1323643 1 -1
1323708 0 -1
1323777 2 1
1323815 11 1
1323990 1 -1
1324014 3 1
1324062 0 -1
1324159 4 1
1324202 12 -1
1324277 5 1
1324315 6 -1
1324406 3 1
1324455 2 -1
1324457 0 -1
1324570 1 1
1324618 7 1
1324702 0 1
1324817 3 -1
1324852 4 -1
1324933 2 1
1324987 9 -1
1325073 0 1
1325110 1 1
1325419 3 -1
1325453 1 -1
1325642 0 -1
1325645 2 1
1325648 5 -1
1325696 6 1
1325836 8 1
1325892 4 -1
1325962 0 1
1326013 7 -1
1326013 1 1
1326021 3 -1
1326121 2 -1
1326266 0 1
1326540 3 -1
1326545 1 1
1326578 2 -1
1326594 5 1
1326642 6 -1
1326844 0 1
1326916 1 1
1326948 4 -1
1327228 3 -1
1327287 2 -1
1327352 10 -1
1327421 0 1
1327448 1 -1
1327480 7 -1
1327609 6 -1
1327646 4 -1
1327690 3 1
1327763 2 1
1327806 0 1
1328004 1 -1
1328050 5 -1
1328050 9 -1
1328106 0 1
1328158 3 -1
1328338 0 -1
1328343 4 1
1328359 1 1
1328394 6 -1
1328453 2 -1
1328590 0 -1
1328730 1 1
1328846 3 -1
1328867 8 -1
1328932 5 -1
1329028 0 1
1329109 4 1
1329113 1 1
1329157 2 -1
1329388 3 1
1329603 0 1
1329614 2 -1
1329649 1 1
1329722 7 -1
1329888 5 1
1329990 3 1
1329996 10 -1
1330017 6 1
1330092 2 1
1330114 9 1
1330168 0 1
1330213 4 -1
1330221 1 1
1330423 0 -1
1330436 12 -1
1330568 2 -1
1330608 3 1
1330612 1 -1
1330770 0 -1
1330995 8 -1
1331017 3 -1
1331098 0 -1
1331148 1 -1
1331221 5 1
1331280 2 -1
1331326 0 1
1331334 4 -1
1331406 3 -1
1331528 1 1
1331640 7 1
1331713 0 1
1331737 6 -1
1331882 1 1
1331936 3 -1
1331974 2 1
1332049 11 1
1332092 4 -1
1332111 0 1
1332135 5 1
1332379 0 -1
1332446 2 -1
1332448 1 -1
1332624 3 -1
1332632 0 -1
1332672 13 1
1332789 1 -1
1332812 6 -1
1332844 8 -1
1332852 0 1
1332962 7 -1
1333148 2 -1
1333194 0 -1
1333204 4 1
1333358 1 1
1333392 3 -1
1333489 9 1
1333510 5 -1
1333528 0 1
1333613 2 -1
1333770 0 1
1333838 3 -1
1333890 1 1
1333994 10 -1
1334086 2 1
1334107 0 -1
1334236 4 1
1334241 6 -1
1334276 1 1
1334329 0 1
1334526 3 -1
1334559 0 1
1334564 12 1
1334663 1 1
1334763 2 -1
1334800 8 1
1334940 5 -1
1335010 1 -1
1335030 4 -1
1335104 0 -1
1335214 3 -1
1335252 7 -1
1335265 2 1
1335392 6 -1
1335592 1 -1
1335706 0 -1
1335752 3 -1
1335832 5 -1
1335951 2 -1
1336106 4 1
1336143 1 -1
1336254 0 1
1336327 9 1
1336440 3 -1
1336456 6 1
1336489 1 1
1336574 0 1
1336660 2 -1
1336703 5 1
1336816 10 -1
1336824 0 -1
1337026 1 1
1337117 2 -1
1337128 3 -1
1337142 4 1
1337144 0 -1
1337375 0 -1
1337384 1 -1
1337412 7 1
1337590 2 1
1337670 5 -1
1337681 3 -1
1337746 8 -1
1337754 0 -1
1337771 1 -1
1337832 4 -1
1338047 14 -1
1338052 2 1
1338068 6 1
1338135 0 1
1338154 13 1
1338283 3 -1
1338303 1 1
1338353 0 -1
1338603 0 -1
1338673 3 -1
1338706 1 -1
1338767 2 1
1338778 9 -1
1338850 0 1
1338896 7 1
1338916 4 -1
1339025 6 -1
1339068 5 1
1339078 3 1
1339269 0 1
1339275 1 1
1339466 2 1
1339549 4 -1
1339680 3 1
1339734 10 1
1339820 0 1
1339827 1 1
1339831 16 -1
1339852 11 1
1339922 2 1
1340198 1 -1
1340212 3 1
1340319 4 1
1340366 0 -1
1340497 5 1
1340567 6 1
1340589 1 1
1340594 8 -1
1340626 2 1
1340766 9 -1
1340900 3 1
1340923 1 1
1340946 0 1
1341102 2 -1
1341153 7 1
1341228 12 -1
1341363 4 -1
1341432 5 1
1341464 1 1
1341470 0 -1
1341562 2 -1
1341653 3 -1
1341830 6 -1
1341962 0 -1
1342036 1 1
1342048 4 1
1342115 3 1
1342266 2 -1
1342276 0 -1
1342374 1 1
1342518 0 -1
1342540 8 1
1342588 3 -1
1342733 2 -1
1342752 0 -1
1342755 9 1
1342868 5 1
1342923 1 -1
1342971 0 1
1343002 6 1
1343109 3 1
1343128 4 -1
1343217 7 1
1343249 15 -1
1343281 1 1
1343319 0 -1
1343432 2 -1
1343572 13 1
1343636 1 -1
1343655 0 1
1343711 3 1
1343781 10 1
1343830 5 -1
1343901 0 1
1344141 2 -1
1344163 6 1
1344192 1 -1
1344265 4 1
1344321 0 -1
1344329 3 1
1344450 7 1
1344551 1 1
1344598 2 -1
1344616 0 1
1344722 3 1
1344765 5 -1
1344824 0 1
1344946 4 -1
1345012 12 -1
1345090 2 1
1345119 1 -1
1345152 6 1
1345200 0 -1
1345313 9 1
1345324 3 1
1345399 8 1
1345428 0 -1
1345541 2 1
1345619 4 1
1345639 1 -1
1345727 3 -1
1345783 0 1
1346038 1 -1
1346135 3 1
1346184 5 -1
1346232 2 -1
1346312 4 -1
1346366 6 1
1346377 10 -1
1346389 1 -1
1346428 0 1
1346635 7 -1
1346750 0 -1
1346760 1 -1
1346871 3 -1
1346941 2 -1
1347019 0 1
1347108 5 -1
1347306 1 -1
1347318 3 -1
1347355 8 -1
1347401 4 1
1347414 2 1
1347581 0 -1
1347785 6 1
1347860 1 -1
1347892 11 -1
1347973 3 -1
1348006 7 1
1348121 2 1
1348142 0 -1
1348233 1 -1
1348481 4 -1
1348495 9 1
1348575 3 -1
1348586 5 1
1348704 0 -1
1348763 1 1
1348812 2 -1
1348935 0 1
1348984 3 1
1349182 4 1
1349183 6 1
1349223 0 -1
1349290 2 1
1349312 8 1
1349320 1 1
1349376 3 1
1349537 7 -1
1349591 12 1
1349620 0 -1
1349690 1 1
1349779 3 -1
1349850 0 1
1350000 2 1
1350021 5 1
1350158 4 -1
1350206 0 1
1350214 15 1
1350239 1 1
1350343 10 1
1350381 3 -1
1350590 6 1
1350591 0 -1
1350682 2 -1
1350687 9 -1
1350763 1 -1
1350814 0 1
1350881 5 -1
1350892 4 1
1350983 3 -1
1351037 0 -1
1351146 1 -1
1351155 2 1
1351330 0 -1
1351450 3 -1
1351569 7 -1
1351609 4 1
1351687 6 -1
1351698 1 -1
1351700 0 -1
1351843 2 -1
1351880 5 1
1352052 0 1
1352081 1 1
1352138 3 -1
1352257 8 -1
1352321 2 1
1352356 0 1
1352444 1 -1
1352584 3 -1
1352601 6 1
1352625 4 1
1352797 2 -1
1352834 0 -1
1352848 5 -1
1352996 7 -1
1353008 1 -1
1353068 0 -1
1353138 3 -1
1353254 4 1
1353291 0 1
1353377 1 -1
1353509 2 -1
1353651 0 1
1353740 3 -1
1353866 0 1
1353891 9 -1
1353925 1 -1
1353966 2 -1
1354130 3 -1
1354202 6 -1
1354213 10 1
1354218 5 1
1354229 0 1
1354382 4 -1
1354385 8 -1
1354511 1 1
1354576 0 1
1354675 2 -1
1354732 3 -1
1354788 0 -1
1354793 13 1
1354858 14 1
1354878 1 -1
1355019 0 1
1355164 7 -1
1355257 1 -1
1355304 0 1
1355310 17 -1
1355334 3 -1
1355352 2 1
1355374 12 1
1355428 6 1
1355535 4 1
1355573 5 -1
1355642 1 -1
1355739 3 1
1355798 0 -1
1355836 2 -1
1355847 9 -1
1356040 11 -1
1356148 3 -1
1356180 1 -1
1356248 4 -1
1356309 2 -1
1356357 0 -1
1356497 5 -1
1356551 3 -1
1356685 6 1
1356730 1 1
1356766 2 -1
1356954 10 1
1356967 0 -1
1357002 4 -1
1357095 1 -1
1357153 3 -1
1357228 7 -1
1357305 0 1
1357319 8 1
1357473 2 -1
1357596 0 -1
1357667 1 1
1357712 4 1
1357792 3 1
1357835 5 -1
1357964 0 1
1357997 9 -1
1357998 1 1
1358179 2 -1
1358201 3 -1
1358303 0 1
