Input scale (32 bit):
 359620928
Input zero point:
 128
Hidden scale (32 bit):
 34126276
Hidden zero point:
 127
Weight input scale (32 bit):
 25122400
Weight input zero point:
 129
Weight hidden scale (32 bit):
 41394816
Weight hidden zero point:
 133
Output linear scale (32 bit):
 396823200
Output linear zero point:
 121
Output sigmoid r scale (32 bit):
 16843010
Output sigmoid r zero point:
 0
Output sigmoid z scale (32 bit):
 16843010
Output sigmoid z zero point:
 0
Output tanh n scale (32 bit):
 33686020
Output tanh n zero point:
 127
Output r_hn scale (32 bit):
 334608448
Output r_hn zero point:
 131
Output z_n scale (32 bit):
 33553920
Output z_n zero point:
 127
Output z_h scale (32 bit):
 33524838
Output z_h zero point:
 127
Scale ih (32 bit):
 22767170
Scale hh (32 bit):
 3559900
Scale r_hn (32 bit):
 19974682
Scale z_n (32 bit):
 16909320
Scale z_h (32 bit):
 17145176
Scale new_h_zn (32 bit):
 4222933248
Scale new_h_zh (32 bit):
 4219273216
Weight_ih (8 bit):
weight_ih[0] = {36, 19, -16, 9, 0, 31, 0, 42, 0, 0, -19, 71, -1, 32, -32, 2, 24, 0, 0, 26, -11, 0, -11, 0, -20, 8, -12, 0, 18, 0, 0, 0, -28, 0, -2, 0, 0, 0, 0, 0, 81, 0, 2, -12, 7, -53, -26, 0, 0, 10, -1, -3, -17, 0, -22, 1, 18, 0, 16, 8, 4, -16, 22, -21, 4, 15, 0, 0, 0, 41, 0, 17};
weight_ih[1] = {-1, 3, 22, 0, 0, 6, 0, 8, 0, 0, 1, 7, 13, -3, 2, -2, 6, 0, 0, 12, -2, 0, 8, 0, -2, 6, 8, 0, 1, 0, 0, 0, 3, 2, -2, 0, 0, 0, 0, 0, 1, 0, 8, 2, 16, 8, 3, 0, 0, 2, 3, -1, 4, 0, 17, 10, 0, 0, 1, 25, 1, 1, 10, 6, 3, 9, 0, 0, 14, 4, 0, 4};
weight_ih[2] = {0, -20, 16, -6, 0, -8, 0, -5, 0, 0, -7, -9, 27, 3, 51, 12, -14, 0, 0, -25, 0, 0, -34, 0, 18, 0, 42, 0, -7, 0, 0, 0, 64, 8, -2, 0, 0, 0, 0, 0, -44, 0, -12, 12, 17, -22, 9, 0, 0, 16, 10, 14, -5, 0, 8, -40, 10, 0, 16, 0, -33, -31, 22, 4, 17, -1, 0, 0, 8, 16, 0, -68};
weight_ih[3] = {-34, 15, 9, 10, 0, 29, 0, 47, 0, 0, 11, -51, 4, -12, 19, -17, 23, 0, 0, -6, 31, 0, 6, 0, -34, 9, 36, 0, -3, 0, 0, 0, 22, -9, -5, 0, 0, 0, 0, 0, -38, 0, -9, 5, 13, -5, 6, 0, 0, 0, 37, -4, 3, 0, 12, 9, 5, 0, 8, -19, 24, -8, 5, 20, -1, 10, 0, 0, 29, 9, 0, 25};
weight_ih[4] = {-24, -7, -10, -15, 0, -43, 0, -17, 0, 0, 5, -10, -19, -21, 57, -18, 38, 0, 0, -57, 4, 0, -17, 0, -12, -3, 23, 0, -1, 0, 0, 0, -6, -10, 61, 0, 0, 0, 0, 0, 37, 0, -3, 6, 14, -1, 16, 0, 0, -23, 12, -2, 7, 0, 10, -31, -13, 0, 24, -14, -6, -42, -5, 10, 7, -18, 0, 0, -33, 29, 0, -55};
weight_ih[5] = {0, 2, 12, 1, 0, 1, 0, 1, 0, 0, 2, 3, 1, 2, 3, 4, 2, 0, 0, 3, 4, 0, 4, 0, 7, 2, 3, 0, 2, 0, 0, 0, 0, 2, 1, 0, 0, 0, 0, 0, 4, 0, 3, 4, 5, 8, 5, 0, 0, 3, 2, 0, 0, 0, 3, -1, 0, 0, 1, 1, 3, 1, 4, 6, 0, -1, 0, 0, -1, 4, 0, 1};
weight_ih[6] = {4, -6, 1, 3, 0, 9, 0, -8, 0, 0, 10, 17, 12, -1, 48, 6, 42, 0, 0, 7, 1, 0, -14, 0, 1, 18, 11, 0, 5, 0, 0, 0, 10, -2, -3, 0, 0, 0, 0, 0, 38, 0, -24, 0, 0, 55, 8, 0, 0, 4, 18, 3, 3, 0, 22, 26, 23, 0, 5, 8, 8, -6, 12, 16, -2, -17, 0, 0, -11, -6, 0, -5};
weight_ih[7] = {-7, 12, 29, 0, 0, 5, 0, 4, 0, 0, 9, -24, 55, -27, 7, 30, -4, 0, 0, 34, 56, 0, 12, 0, -22, 7, -22, 0, -10, 0, 0, 0, 4, -9, 10, 0, 0, 0, 0, 0, -19, 0, 13, -15, 40, 34, -11, 0, 0, 40, -23, -13, 11, 0, 4, 20, -3, 0, 8, 35, 11, 3, -9, 18, -2, 10, 0, 0, -5, -12, 0, -8};
weight_ih[8] = {-37, 10, -32, -21, 0, -22, 0, 29, 0, 0, -6, 107, -17, 8, 90, 5, 6, 0, 0, 43, 11, 0, -29, 0, 3, 16, 5, 0, 17, 0, 0, 0, 32, 11, 17, 0, 0, 0, 0, 0, -21, 0, 17, -1, -3, 20, 19, 0, 0, -1, -24, -6, 46, 0, -12, 0, -22, 0, -20, -14, -12, 18, 24, 12, 3, 19, 0, 0, -9, 10, 0, 0};
weight_ih[9] = {5, -16, 20, 6, 0, 5, 0, -11, 0, 0, 6, 0, -4, -19, 19, 12, -14, 0, 0, -6, 1, 0, -12, 0, -4, -11, 9, 0, 6, 0, 0, 0, 1, -5, -18, 0, 0, 0, 0, 0, -37, 0, 10, -6, -11, 14, -12, 0, 0, -26, -10, -8, -8, 0, 35, 21, -3, 0, 9, 20, -16, 16, 25, -1, 4, -9, 0, 0, 19, 2, 0, 2};
weight_ih[10] = {-22, 13, 27, 9, 0, 1, 0, 0, 0, 0, 26, -6, -1, -2, 5, 0, -5, 0, 0, 1, 2, 0, -5, 0, 9, 12, -2, 0, -9, 0, 0, 0, 5, 5, -8, 0, 0, 0, 0, 0, -25, 0, 10, 6, -4, 35, 18, 0, 0, 4, 24, -7, -1, 0, -7, 2, -4, 0, 11, 8, 2, 3, 20, 19, 7, -1, 0, 0, -1, 6, 0, -5};
weight_ih[11] = {0, 1, 10, 1, 0, 1, 0, 1, 0, 0, 2, 2, 2, 1, 2, 4, 3, 0, 0, 3, 4, 0, 4, 0, 6, 1, 3, 0, 1, 0, 0, 0, -1, 2, 1, 0, 0, 0, 0, 0, 5, 0, 2, 4, 7, 9, 5, 0, 0, 3, 1, 0, 1, 0, 2, -1, 1, 0, 1, 2, 2, 1, 3, 5, 0, 0, 0, 0, 0, 4, 0, 2};
weight_ih[12] = {10, 6, 8, 6, 0, 0, 0, 4, 0, 0, 11, 18, -1, -10, 7, 17, -6, 0, 0, 5, 5, 0, -6, 0, 10, 7, 2, 0, 3, 0, 0, 0, -2, 7, -3, 0, 0, 0, 0, 0, -6, 0, 15, 15, 3, 33, 15, 0, 0, 3, 6, 0, 4, 0, 5, 3, 7, 0, 0, 9, 8, 5, 5, 11, 3, -7, 0, 0, -3, 2, 0, -12};
weight_ih[13] = {-2, -5, 4, 5, 0, 0, 0, 9, 0, 0, -16, -3, 3, -12, 12, 8, 26, 0, 0, -1, 6, 0, 6, 0, 15, 1, -20, 0, 9, 0, 0, 0, -5, -1, -2, 0, 0, 0, 0, 0, 17, 0, 2, 7, -31, 42, 5, 0, 0, 10, 11, 3, -7, 0, -4, 4, -11, 0, 9, -16, 20, 7, -5, 11, 1, -7, 0, 0, 3, 5, 0, 14};
weight_ih[14] = {3, 9, 13, 3, 0, -2, 0, -1, 0, 0, 16, -1, 9, -3, 2, -4, 4, 0, 0, 7, 5, 0, 1, 0, 4, 5, -5, 0, -1, 0, 0, 0, -6, -1, 2, 0, 0, 0, 0, 0, 3, 0, 0, 6, 4, 26, 0, 0, 0, 5, 3, -1, 11, 0, 4, 4, -2, 0, -1, 18, -1, -1, 5, 3, 4, -2, 0, 0, 8, 9, 0, 3};
weight_ih[15] = {-1, 0, 8, 1, 0, 1, 0, 0, 0, 0, 1, 3, 2, 2, 2, 4, 4, 0, 0, 2, 4, 0, 4, 0, 6, 0, 3, 0, 1, 0, 0, 0, 0, 2, 2, 0, 0, 0, 0, 0, 5, 0, 3, 3, 6, 9, 3, 0, 0, 3, 0, 0, 2, 0, 3, 0, 2, 0, 2, 3, 2, 1, 3, 3, 0, 0, 0, 0, 1, 2, 0, 3};
weight_ih[16] = {-16, 13, -41, -4, 0, -34, 0, -23, 0, 0, 15, 13, -2, -8, 25, 11, 20, 0, 0, 27, -1, 0, 11, 0, -3, 15, 8, 0, 16, 0, 0, 0, -2, 8, 0, 0, 0, 0, 0, 0, 4, 0, 18, 33, -25, 55, 6, 0, 0, -8, 10, -9, 24, 0, 19, 4, -15, 0, 17, -19, -1, -9, 17, 26, 0, 8, 0, 0, 8, 25, 0, -9};
weight_ih[17] = {0, 2, 12, 1, 0, 1, 0, 2, 0, 0, 2, 3, 1, 2, 3, 4, 2, 0, 0, 3, 3, 0, 4, 0, 7, 2, 5, 0, 2, 0, 0, 0, 0, 2, 1, 0, 0, 0, 0, 0, 4, 0, 3, 3, 5, 9, 4, 0, 0, 3, 3, 0, 0, 0, 3, -2, 0, 0, 1, 1, 3, 1, 3, 6, 0, 0, 0, 0, 0, 3, 0, 2};
weight_ih[18] = {0, 2, 12, 1, 0, 1, 0, 1, 0, 0, 3, 2, 2, 2, 2, 4, 1, 0, 0, 3, 3, 0, 3, 0, 7, 2, 3, 0, 1, 0, 0, 0, -1, 2, 1, 0, 0, 0, 0, 0, 4, 0, 3, 4, 7, 8, 4, 0, 0, 4, 2, 0, 1, 0, 3, -1, 1, 0, 1, 2, 3, 1, 3, 6, -1, 0, 0, 0, 0, 4, 0, 0};
weight_ih[19] = {0, 33, 7, -16, 0, -17, 0, -13, 0, 0, 26, 68, -37, -36, 35, 12, -25, 0, 0, 23, 29, 0, 26, 0, 17, 12, 5, 0, -1, 0, 0, 0, 33, 28, -4, 0, 0, 0, 0, 0, 2, 0, 39, 30, -9, 0, 34, 0, 0, -43, 28, -4, 12, 0, 63, 7, 11, 0, 11, 6, 0, -17, -1, 16, 9, 2, 0, 0, -14, 2, 0, 9};
weight_ih[20] = {2, -3, 12, 2, 0, -6, 0, 19, 0, 0, 13, 10, 16, 0, 14, -2, 10, 0, 0, 15, -4, 0, 1, 0, 8, -5, 11, 0, -7, 0, 0, 0, 1, -2, -4, 0, 0, 0, 0, 0, -3, 0, 3, -8, 21, 27, 4, 0, 0, 0, 11, 0, 8, 0, 10, 3, 5, 0, 4, 3, 5, -7, 0, 5, 0, 1, 0, 0, 0, -9, 0, -3};
weight_ih[21] = {6, 8, 48, 9, 0, 4, 0, 17, 0, 0, 12, 22, 45, 9, -41, 17, -31, 0, 0, -3, 26, 0, -4, 0, 3, 20, 23, 0, 6, 0, 0, 0, 21, 10, -6, 0, 0, 0, 0, 0, -43, 0, 33, 16, 54, -58, 16, 0, 0, 32, 7, -10, -35, 0, 17, 19, -18, 0, 5, 43, 31, 6, 19, 47, 10, 15, 0, 0, 9, 32, 0, 7};
weight_ih[22] = {13, -20, -11, 7, 0, -8, 0, 11, 0, 0, 18, -5, 20, 6, 34, 8, 13, 0, 0, -19, 13, 0, 6, 0, -50, -11, 10, 0, -19, 0, 0, 0, 9, -4, 4, 0, 0, 0, 0, 0, 28, 0, 1, -9, 40, 93, -23, 0, 0, -43, 33, 4, 19, 0, -27, 25, 6, 0, 20, -4, -32, 12, -16, -26, -4, -23, 0, 0, -13, -26, 0, -8};
weight_ih[23] = {1, 2, 12, 1, 0, 1, 0, 1, 0, 0, 3, 3, 1, 2, 2, 4, 1, 0, 0, 2, 3, 0, 4, 0, 7, 2, 4, 0, 1, 0, 0, 0, -1, 1, 1, 0, 0, 0, 0, 0, 4, 0, 3, 4, 6, 8, 4, 0, 0, 3, 3, 0, 1, 0, 3, -1, 0, 0, 1, 1, 2, 1, 3, 5, 0, 0, 0, 0, -1, 4, 0, 1};
weight_ih[24] = {17, -7, -26, 12, 0, 41, 0, 2, 0, 0, 21, 18, 1, -10, 10, -29, 7, 0, 0, 35, -14, 0, -15, 0, -14, -8, 1, 0, 23, 0, 0, 0, 10, 3, 9, 0, 0, 0, 0, 0, 0, 0, 38, -10, 20, -9, -41, 0, 0, 21, -19, 1, 15, 0, 28, 38, -20, 0, 14, 23, 23, -9, -2, -11, -3, 4, 0, 0, 32, -2, 0, -12};
weight_ih[25] = {1, -2, 33, 7, 0, -14, 0, -19, 0, 0, 10, -4, -14, 2, -35, -29, -39, 0, 0, -23, -14, 0, -11, 0, -10, 6, -5, 0, 18, 0, 0, 0, 14, -6, 3, 0, 0, 0, 0, 0, 9, 0, 14, 3, 30, -69, 7, 0, 0, -29, 4, -11, -21, 0, 4, 11, -11, 0, -6, 9, -24, -7, 35, -34, 15, -14, 0, 0, 12, 41, 0, -34};
weight_ih[26] = {1, 4, 8, 0, 0, 0, 0, 16, 0, 0, -14, 1, -3, 4, 12, -6, 27, 0, 0, -8, -11, 0, 15, 0, 0, 1, 15, 0, -1, 0, 0, 0, -4, -2, -1, 0, 0, 0, 0, 0, 15, 0, 7, -1, 0, -36, -1, 0, 0, 3, 16, 2, -9, 0, 5, 1, 0, 0, -2, -7, -1, 1, 0, 4, 0, 12, 0, 0, -5, 1, 0, 2};
weight_ih[27] = {-9, 8, 43, -3, 0, -6, 0, 16, 0, 0, 1, 8, 16, 1, 10, 7, 19, 0, 0, -1, -1, 0, 21, 0, 11, 13, 16, 0, -5, 0, 0, 0, 3, 6, -1, 0, 0, 0, 0, 0, -2, 0, 4, 3, 5, -12, 4, 0, 0, 1, -2, 5, 4, 0, 7, 5, -12, 0, 1, 25, 5, 2, 2, 6, -13, 5, 0, 0, 4, -16, 0, 7};
weight_ih[28] = {-1, 2, 10, 1, 0, 1, 0, 1, 0, 0, 3, 3, 2, 2, 3, 4, 2, 0, 0, 3, 3, 0, 3, 0, 7, 2, 4, 0, 1, 0, 0, 0, -1, 2, 2, 0, 0, 0, 0, 0, 4, 0, 3, 4, 6, 9, 5, 0, 0, 3, 2, 0, 1, 0, 3, -1, 1, 0, 2, 2, 2, 1, 3, 6, 0, 0, 0, 0, 0, 4, 0, 2};
weight_ih[29] = {-1, 2, 11, 1, 0, 1, 0, 0, 0, 0, 3, 3, 1, 2, 3, 4, 1, 0, 0, 2, 4, 0, 4, 0, 7, 1, 4, 0, 1, 0, 0, 0, -1, 2, 1, 0, 0, 0, 0, 0, 3, 0, 3, 4, 6, 9, 4, 0, 0, 3, 3, 0, 1, 0, 3, -2, 0, 0, 2, 1, 2, 1, 3, 5, 0, 0, 0, 0, -1, 4, 0, 2};
weight_ih[30] = {39, 3, 43, 2, 0, 10, 0, -3, 0, 0, -7, -15, 18, -73, 13, 2, 17, 0, 0, 30, 3, 0, -12, 0, -67, 24, 9, 0, 2, 0, 0, 0, 10, -12, 5, 0, 0, 0, 0, 0, 44, 0, -20, 12, 15, -52, 47, 0, 0, 22, 24, -10, -8, 0, 83, -14, 16, 0, -12, 39, -43, 16, 9, 14, -4, 3, 0, 0, 22, -52, 0, 15};
weight_ih[31] = {10, -13, 2, 0, 0, -11, 0, -5, 0, 0, -7, 23, 27, -6, 10, 19, 2, 0, 0, -17, 15, 0, -11, 0, -14, -7, -21, 0, 7, 0, 0, 0, -1, -14, -4, 0, 0, 0, 0, 0, -1, 0, 5, -30, -17, 54, -2, 0, 0, -39, 6, 2, -20, 0, -26, -17, 1, 0, 3, 14, 22, 1, -7, -2, -3, -39, 0, 0, -13, -2, 0, -8};
weight_ih[32] = {2, 10, 28, -1, 0, 17, 0, 3, 0, 0, 0, 28, -12, -7, 4, 4, 7, 0, 0, 5, -6, 0, 8, 0, 1, 10, -6, 0, 10, 0, 0, 0, 4, 7, -1, 0, 0, 0, 0, 0, 9, 0, 9, 16, -3, -4, 12, 0, 0, 12, -6, -4, -1, 0, 24, 14, 1, 0, 0, 5, -6, 9, 19, 13, 12, 11, 0, 0, -12, 11, 0, 10};
weight_ih[33] = {8, -5, 6, 4, 0, 3, 0, -1, 0, 0, 18, 0, 10, -3, -5, 3, -4, 0, 0, 6, 0, 0, -8, 0, 1, -1, 1, 0, -6, 0, 0, 0, -13, 4, -1, 0, 0, 0, 0, 0, -1, 0, -15, 5, 23, 28, 10, 0, 0, 0, -6, 0, 11, 0, 11, -5, 10, 0, 7, 11, -3, -1, 8, 8, 4, 0, 0, 0, 8, -10, 0, 6};
weight_ih[34] = {-19, 28, 94, 14, 0, 3, 0, 28, 0, 0, -21, -50, 33, 32, -39, -17, 15, 0, 0, -2, -41, 0, 39, 0, 21, 30, 25, 0, 30, 0, 0, 0, 33, 7, -11, 0, 0, 0, 0, 0, -53, 0, 0, 13, 67, -106, 50, 0, 0, -7, 29, -9, 18, 0, 17, 8, -16, 0, 19, 54, 27, -13, -18, 54, -27, -9, 0, 0, -1, -4, 0, -7};
weight_ih[35] = {-6, -2, -9, 13, 0, -10, 0, 0, 0, 0, -10, 9, 32, 1, 39, -14, 50, 0, 0, 53, -11, 0, 6, 0, -7, 2, 13, 0, -6, 0, 0, 0, 9, 5, 4, 0, 0, 0, 0, 0, -13, 0, -4, 10, -22, 5, 9, 0, 0, 5, 17, 0, -23, 0, -4, -4, 3, 0, -15, 6, 3, 2, 2, -3, -4, 0, 0, 0, 22, -12, 0, 8};
weight_ih[36] = {-2, 3, 19, -1, 0, -1, 0, 7, 0, 0, 4, 8, 5, 1, 8, 0, 6, 0, 0, 4, 0, 0, 8, 0, 0, 0, 10, 0, -4, 0, 0, 0, 5, 0, 1, 0, 0, 0, 0, 0, 6, 0, 6, 4, 16, 9, 8, 0, 0, 2, 1, -2, 7, 0, 18, 0, 7, 0, 1, 14, 5, 1, 13, 8, 6, 4, 0, 0, -2, 4, 0, 1};
weight_ih[37] = {28, 3, 2, -2, 0, -8, 0, -23, 0, 0, 3, -28, -1, -15, -10, 0, -29, 0, 0, -9, 5, 0, -18, 0, 52, 13, -4, 0, -4, 0, 0, 0, 49, 5, -3, 0, 0, 0, 0, 0, -12, 0, -1, 4, -24, 28, 13, 0, 0, -18, -8, 8, 15, 0, 7, 8, 10, 0, 8, -18, -30, -3, 9, 1, -1, 0, 0, 0, -16, 24, 0, 0};
weight_ih[38] = {-11, 3, 5, 10, 0, -4, 0, 11, 0, 0, -1, -20, 0, -11, 1, -22, -1, 0, 0, -28, 18, 0, -13, 0, -3, 7, -1, 0, -21, 0, 0, 0, -9, -5, 6, 0, 0, 0, 0, 0, -4, 0, -19, 10, 13, 9, 13, 0, 0, 3, 0, 0, 3, 0, 13, 1, 20, 0, -4, 24, 18, 14, 9, 14, 11, 4, 0, 0, -3, 16, 0, -7};
weight_ih[39] = {23, -24, 4, 2, 0, -16, 0, -10, 0, 0, 25, -23, 23, -1, 11, -42, 32, 0, 0, 8, -1, 0, -12, 0, 5, 2, 39, 0, 12, 0, 0, 0, 11, -6, 1, 0, 0, 0, 0, 0, 48, 0, 9, 10, 20, 35, 8, 0, 0, -9, 8, -2, -12, 0, 37, 12, 28, 0, -6, 41, 28, 0, 16, -3, 1, 15, 0, 0, -1, 8, 0, -35};
weight_ih[40] = {-30, -1, 15, -4, 0, -7, 0, 14, 0, 0, -32, 17, 11, -15, 27, 38, -31, 0, 0, 25, 38, 0, 7, 0, 6, 6, 20, 0, 0, 0, 0, 0, -11, 3, -8, 0, 0, 0, 0, 0, -35, 0, 27, -3, -2, -21, 5, 0, 0, 12, 12, -5, -2, 0, 19, 9, -12, 0, -10, -8, 5, 2, 6, 10, 5, 13, 0, 0, 17, -2, 0, -11};
weight_ih[41] = {31, -9, -16, -5, 0, -20, 0, 48, 0, 0, 22, -3, 45, 2, -36, -37, 46, 0, 0, -9, -58, 0, 9, 0, -1, -5, 30, 0, -33, 0, 0, 0, 8, 14, -16, 0, 0, 0, 0, 0, -37, 0, -27, -9, 14, -48, -12, 0, 0, 24, -18, 0, -11, 0, -8, -15, 3, 0, -12, 32, -7, 0, -4, 8, -6, 33, 0, 0, -19, -13, 0, -41};
weight_ih[42] = {-14, 10, 22, 2, 0, 3, 0, -3, 0, 0, -7, -4, 13, 2, -5, -6, 7, 0, 0, 8, -5, 0, 2, 0, 12, 10, 0, 0, 0, 0, 0, 0, 15, 5, -2, 0, 0, 0, 0, 0, -8, 0, -11, 8, 8, -19, 14, 0, 0, 21, -1, 0, -2, 0, -3, -5, -9, 0, -7, 17, -4, -17, 1, 14, -2, 8, 0, 0, 6, 2, 0, -3};
weight_ih[43] = {18, 10, 36, 2, 0, 4, 0, 13, 0, 0, 15, -5, -16, -2, -14, 3, -8, 0, 0, 12, -4, 0, 3, 0, -6, 17, -28, 0, 12, 0, 0, 0, 7, -1, 8, 0, 0, 0, 0, 0, 24, 0, 22, 16, -8, -65, 17, 0, 0, 6, -8, 3, -36, 0, 3, -3, -4, 0, 2, -16, 1, 0, 3, 8, 5, 16, 0, 0, 9, 4, 0, 8};
weight_ih[44] = {27, -1, 29, 22, 0, 22, 0, 1, 0, 0, 52, -30, 13, -25, -37, 26, -2, 0, 0, 11, 33, 0, 17, 0, 9, 1, -2, 0, 0, 0, 0, 0, -35, 7, -28, 0, 0, 0, 0, 0, 15, 0, -12, 4, 41, -19, 1, 0, 0, 36, 18, 11, 11, 0, 28, 16, 34, 0, 12, -4, -3, 37, 1, 7, 0, 9, 0, 0, -26, -1, 0, -9};
weight_ih[45] = {-3, 7, 32, -6, 0, -13, 0, -24, 0, 0, -16, 23, 23, 14, 70, -6, 30, 0, 0, 7, -13, 0, 5, 0, -24, 12, -23, 0, 7, 0, 0, 0, -14, 1, 9, 0, 0, 0, 0, 0, 31, 0, -5, 6, 20, -34, 1, 0, 0, 7, 11, 9, 56, 0, 32, -15, -4, 0, 36, 53, -8, -27, 2, 0, 4, -14, 0, 0, 32, 11, 0, 1};
weight_ih[46] = {27, -3, 17, -14, 0, -4, 0, 10, 0, 0, 8, 3, -19, -19, -8, 4, 43, 0, 0, 23, -4, 0, 11, 0, 5, 17, -26, 0, 9, 0, 0, 0, -3, 2, -21, 0, 0, 0, 0, 0, 25, 0, -39, 25, 18, -42, 35, 0, 0, 6, -13, 2, 0, 0, 21, -16, -27, 0, -1, 15, -4, 5, -24, 33, -11, 4, 0, 0, -16, -14, 0, 12};
weight_ih[47] = {-25, 26, 95, 1, 0, 32, 0, 8, 0, 0, -4, 3, -13, -14, 7, 3, 7, 0, 0, -4, -9, 0, 41, 0, 18, 28, 29, 0, -18, 0, 0, 0, -2, 12, -4, 0, 0, 0, 0, 0, -14, 0, 11, 10, 25, -49, 23, 0, 0, 31, 39, -6, 5, 0, 29, 36, -13, 0, 17, 55, 11, -7, 24, 25, 16, 1, 0, 0, 17, 17, 0, -16};
weight_ih[48] = {12, 11, 10, 28, 0, 80, 0, 22, 0, 0, 7, -39, 22, 11, -21, -9, -18, 0, 0, 47, 5, 0, 21, 0, 8, -2, 6, 0, 22, 0, 0, 0, 3, -6, -6, 0, 0, 0, 0, 0, -1, 0, 5, -1, -18, -10, 8, 0, 0, 62, 1, 1, 10, 0, 62, 82, 12, 0, -7, -23, 39, 26, 2, 6, -5, 26, 0, 0, 42, 1, 0, 41};
weight_ih[49] = {11, 7, 17, 9, 0, 16, 0, -18, 0, 0, 56, -21, -8, -4, -7, 21, 21, 0, 0, -13, -6, 0, 10, 0, -3, 20, -2, 0, 8, 0, 0, 0, -1, 7, -10, 0, 0, 0, 0, 0, -10, 0, -4, 14, 10, -1, 16, 0, 0, 8, 37, -6, -3, 0, -8, -27, -7, 0, -4, -2, -25, -13, 0, 11, 4, -23, 0, 0, -9, 18, 0, -8};
weight_ih[50] = {3, -1, 35, 10, 0, 16, 0, -28, 0, 0, 19, 26, -29, -2, 10, 8, -31, 0, 0, 9, 5, 0, -5, 0, -7, 15, -55, 0, 33, 0, 0, 0, 36, 3, 0, 0, 0, 0, 0, 0, 31, 0, 3, 5, -41, 5, 95, 0, 0, 44, -19, -11, -2, 0, -39, 4, 36, 0, -23, 6, 13, -13, -23, 57, -4, -37, 0, 0, -21, -15, 0, -17};
weight_ih[51] = {9, 50, 38, -4, 0, 13, 0, 17, 0, 0, 26, 40, 31, 55, 78, 0, 17, 0, 0, 57, 23, 0, -1, 0, -16, 5, 55, 0, -9, 0, 0, 0, 96, 20, 15, 0, 0, 0, 0, 0, -39, 0, 16, 6, -7, 23, 11, 0, 0, 39, 9, 18, 3, 0, -20, 5, -9, 0, -26, 45, -2, -6, 14, 3, -3, -26, 0, 0, 42, -34, 0, -34};
weight_ih[52] = {-4, 62, 76, -13, 0, -15, 0, -3, 0, 0, -31, -42, -14, -43, -9, -22, -20, 0, 0, -18, -6, 0, -18, 0, 39, 35, 7, 0, 5, 0, 0, 0, 31, 8, 12, 0, 0, 0, 0, 0, 13, 0, -33, 22, 9, -86, 29, 0, 0, 8, -5, 3, -11, 0, 60, -6, -29, 0, 22, 5, -4, -15, 13, 58, 21, 7, 0, 0, 3, 29, 0, 0};
weight_ih[53] = {4, 13, 5, -2, 0, -4, 0, 15, 0, 0, 16, 16, 14, 23, 11, 5, 11, 0, 0, 16, 0, 0, 11, 0, -2, 1, 0, 0, -3, 0, 0, 0, 17, 1, -1, 0, 0, 0, 0, 0, 10, 0, 5, 3, 11, 20, -3, 0, 0, -4, 8, 8, -10, 0, 2, 14, 8, 0, 0, 4, -6, 2, 11, -2, 10, -5, 0, 0, -11, 28, 0, 18};
weight_ih[54] = {-2, 20, 50, -24, 0, 13, 0, 13, 0, 0, 17, -43, 26, -4, -30, -5, 2, 0, 0, 16, 18, 0, 10, 0, -17, 26, 10, 0, 7, 0, 0, 0, 15, -7, 23, 0, 0, 0, 0, 0, 28, 0, -3, -5, -17, 11, 5, 0, 0, -5, 2, 3, -7, 0, 43, 1, -3, 0, 2, 0, 20, -35, -10, 9, -9, -31, 0, 0, -22, -16, 0, 1};
weight_ih[55] = {20, 8, -1, 5, 0, 19, 0, 10, 0, 0, 23, 31, -15, -5, -25, 3, -26, 0, 0, 40, -10, 0, 8, 0, 13, -2, 0, 0, 13, 0, 0, 0, 5, 6, -14, 0, 0, 0, 0, 0, 8, 0, 15, 15, 22, -17, 10, 0, 0, 28, -20, -3, 54, 0, 15, 34, 25, 0, -3, 12, -2, 13, 15, 16, 7, 8, 0, 0, 23, 19, 0, -1};
weight_ih[56] = {-5, -23, -6, -7, 0, -8, 0, -12, 0, 0, -25, -24, -11, -63, -5, 16, 1, 0, 0, 1, -4, 0, 4, 0, 14, 4, -28, 0, -11, 0, 0, 0, -54, 4, 18, 0, 0, 0, 0, 0, 21, 0, -12, 9, 8, 0, 19, 0, 0, -8, -2, -3, 23, 0, 55, 16, -28, 0, -9, 60, -55, -6, -20, 0, 3, 11, 0, 0, 35, 10, 0, -31};
weight_ih[57] = {-8, 11, 26, 9, 0, 21, 0, 4, 0, 0, 0, -12, 5, -2, -20, 7, 13, 0, 0, 27, 9, 0, 15, 0, 15, 13, -5, 0, 0, 0, 0, 0, -12, 6, -37, 0, 0, 0, 0, 0, 7, 0, -29, 13, 6, 25, 9, 0, 0, 13, -5, 8, 13, 0, 19, 10, 5, 0, 2, 12, 5, 2, 13, 21, 4, 16, 0, 0, -8, 18, 0, 2};
weight_ih[58] = {20, -7, 29, -3, 0, 1, 0, -10, 0, 0, 11, 21, -11, 8, 6, -4, 1, 0, 0, 4, -1, 0, 7, 0, -11, 11, 0, 0, 19, 0, 0, 0, 23, -1, 9, 0, 0, 0, 0, 0, 14, 0, 19, 18, 2, 27, 30, 0, 0, 0, 11, 0, -17, 0, 15, 4, -1, 0, 13, 11, 14, 1, 19, 4, 4, -36, 0, 0, 4, 0, 0, 6};
weight_ih[59] = {-19, 26, 10, 5, 0, -15, 0, -30, 0, 0, 36, -65, 12, 14, -50, 11, -23, 0, 0, 22, 18, 0, 4, 0, -15, 29, -2, 0, -12, 0, 0, 0, 7, -8, 18, 0, 0, 0, 0, 0, -4, 0, -23, 11, 8, -5, 22, 0, 0, 0, -34, -4, 37, 0, -2, -5, 26, 0, 12, 14, -85, -8, -1, 5, -1, 20, 0, 0, 2, 24, 0, 9};
weight_ih[60] = {9, 44, 74, 0, 0, -36, 0, 11, 0, 0, -13, -17, 31, 14, -11, -14, -26, 0, 0, 0, -1, 0, 7, 0, 2, 52, 27, 0, 10, 0, 0, 0, 62, 18, 7, 0, 0, 0, 0, 0, -46, 0, 10, 7, 9, -77, 26, 0, 0, -2, 10, -6, -34, 0, 67, -5, -1, 0, -22, 38, -6, 1, 8, 23, 10, -10, 0, 0, -13, 49, 0, 10};
weight_ih[61] = {-8, 9, 9, 12, 0, -22, 0, 0, 0, 0, 26, 30, 26, -3, 24, 2, 28, 0, 0, 26, 32, 0, -1, 0, -11, 7, 45, 0, 12, 0, 0, 0, 33, -9, 8, 0, 0, 0, 0, 0, 48, 0, -4, 1, 24, -37, 15, 0, 0, 2, 23, -13, -31, 0, 24, 13, 23, 0, -4, 53, 4, 13, 57, -24, 18, 9, 0, 0, -24, 36, 0, 9};
weight_ih[62] = {3, -5, -22, 9, 0, 6, 0, -14, 0, 0, 14, 7, 9, -8, 20, 12, 3, 0, 0, 2, 1, 0, 7, 0, 24, -8, 25, 0, 2, 0, 0, 0, 2, 10, -4, 0, 0, 0, 0, 0, 4, 0, 12, 26, 23, 3, 14, 0, 0, 13, -16, 0, 54, 0, 2, 2, 4, 0, -3, 19, 15, -7, 11, -6, 5, -10, 0, 0, -28, -17, 0, -23};
weight_ih[63] = {0, 11, 20, 0, 0, -14, 0, 6, 0, 0, 23, 23, -10, 2, 7, 7, -12, 0, 0, 5, 10, 0, -8, 0, 22, 15, 8, 0, 0, 0, 0, 0, 6, 8, -2, 0, 0, 0, 0, 0, 0, 0, 18, -2, 9, 25, -6, 0, 0, -6, -3, 8, -5, 0, 1, -4, 11, 0, -4, -3, 7, 11, 8, 18, -5, -9, 0, 0, -22, -1, 0, 3};
weight_ih[64] = {10, 6, 10, 15, 0, -6, 0, 9, 0, 0, 13, 5, -7, 4, -7, -12, 8, 0, 0, -20, 4, 0, -5, 0, 0, 2, 12, 0, 8, 0, 0, 0, 23, 3, -5, 0, 0, 0, 0, 0, 53, 0, 2, 7, 31, 2, -9, 0, 0, 4, 19, 0, 0, 0, 24, 2, 39, 0, -11, 13, -6, -8, 26, 2, 13, 21, 0, 0, -17, 37, 0, 21};
weight_ih[65] = {1, -12, -19, -8, 0, -10, 0, -9, 0, 0, 9, -60, 36, 9, -5, -35, 24, 0, 0, -41, 10, 0, -1, 0, -22, -6, 5, 0, -14, 0, 0, 0, 26, 2, 17, 0, 0, 0, 0, 0, 15, 0, -27, -10, 43, 35, -13, 0, 0, -34, -4, 15, 28, 0, 38, 15, 21, 0, -46, 67, -21, 1, -1, -24, 15, -32, 0, 0, 32, 6, 0, 32};
weight_ih[66] = {-5, 9, 27, 4, 0, 0, 0, -1, 0, 0, -1, -3, 6, 1, 5, 6, -1, 0, 0, 0, 5, 0, 4, 0, -6, 10, 8, 0, 2, 0, 0, 0, 12, 3, 2, 0, 0, 0, 0, 0, 3, 0, -1, 2, 7, 9, 7, 0, 0, 5, 9, -1, -2, 0, 24, 3, 3, 0, -2, 10, -11, 6, 12, 9, 2, 9, 0, 0, -2, -2, 0, 4};
weight_ih[67] = {10, 2, -9, 1, 0, -2, 0, 0, 0, 0, 14, 11, 18, 12, -6, -4, 3, 0, 0, -8, -8, 0, 1, 0, 8, -2, 5, 0, 8, 0, 0, 0, 21, -2, -7, 0, 0, 0, 0, 0, 6, 0, -5, -4, 21, 36, -6, 0, 0, -6, 4, 2, 17, 0, -2, 1, 7, 0, 7, 24, 6, 0, 3, -8, 1, -5, 0, 0, -2, 18, 0, -5};
weight_ih[68] = {5, 1, 2, 5, 0, 6, 0, 14, 0, 0, 8, 19, 5, -3, 6, 9, 5, 0, 0, 9, 2, 0, 1, 0, 5, 1, 8, 0, 4, 0, 0, 0, -4, 1, 4, 0, 0, 0, 0, 0, 10, 0, 7, 2, 6, 29, 1, 0, 0, 2, 4, 3, 4, 0, 3, 3, -1, 0, -8, 6, 3, 1, -3, 2, 0, 4, 0, 0, 0, 2, 0, 0};
weight_ih[69] = {-11, -7, -5, -18, 0, -8, 0, 3, 0, 0, 22, 15, -21, 1, -8, 10, -12, 0, 0, 7, 20, 0, -13, 0, -11, -5, -34, 0, 5, 0, 0, 0, 18, -6, 5, 0, 0, 0, 0, 0, 2, 0, -12, -14, 52, 28, -14, 0, 0, 36, -7, -2, 8, 0, 3, -20, -18, 0, 8, 0, 12, -26, -11, 1, -10, 7, 0, 0, -9, -35, 0, -15};
weight_ih[70] = {2, 47, 30, 0, 0, 4, 0, 4, 0, 0, 22, -3, 33, 19, -8, 3, -1, 0, 0, 29, -6, 0, 4, 0, -17, 7, -44, 0, 19, 0, 0, 0, 9, 6, -8, 0, 0, 0, 0, 0, 21, 0, 13, -17, 5, -27, -27, 0, 0, 19, 14, 9, -8, 0, 17, 7, -9, 0, -3, 30, 16, -4, -25, -19, -8, 6, 0, 0, -11, 31, 0, -30};
weight_ih[71] = {14, 4, 5, -6, 0, -10, 0, -2, 0, 0, 6, 13, 8, -7, 21, -5, 11, 0, 0, 5, -6, 0, 5, 0, -3, 2, 8, 0, -6, 0, 0, 0, 3, 2, 7, 0, 0, 0, 0, 0, 18, 0, 6, 0, -2, 32, 4, 0, 0, -12, 17, 2, 4, 0, 15, 6, 3, 0, 6, 8, -25, -4, -5, -10, -1, 9, 0, 0, 3, 1, 0, -1};
weight_ih[72] = {-65, 27, -12, -61, 0, -60, 0, -1, 0, 0, -3, 53, 13, 70, 35, -44, -67, 0, 0, 20, -14, 0, -36, 0, -21, 41, 50, 0, 17, 0, 0, 0, 48, 4, -49, 0, 0, 0, 0, 0, -93, 0, -36, 24, -15, 14, -2, 0, 0, -34, -25, 37, 23, 0, -79, -15, -42, 0, -39, -12, 6, 12, -3, 60, -12, 41, 0, 0, -39, -1, 0, -8};
weight_ih[73] = {-9, -2, -9, 0, 0, -5, 0, -5, 0, 0, -3, -12, -13, 0, -3, -2, -11, 0, 0, -4, -1, 0, 0, 0, -5, -2, 0, 0, -2, 0, 0, 0, 7, -1, 1, 0, 0, 0, 0, 0, -21, 0, -5, -4, -13, -23, 1, 0, 0, -4, -9, -2, -1, 0, -13, -6, -7, 0, -5, -17, -4, -1, -15, -4, -3, -4, 0, 0, -6, -8, 0, -8};
weight_ih[74] = {-17, 20, -10, -37, 0, -17, 0, 39, 0, 0, 43, 21, -28, -33, 13, 19, -7, 0, 0, 56, 48, 0, -3, 0, -5, 27, 28, 0, -20, 0, 0, 0, -10, -6, -19, 0, 0, 0, 0, 0, -37, 0, 17, 14, 47, 81, 12, 0, 0, -40, 15, -24, 10, 0, 4, -37, -22, 0, 22, 13, 17, 13, 17, 18, -15, 15, 0, 0, -21, 9, 0, -23};
weight_ih[75] = {12, 39, 16, -29, 0, -5, 0, -12, 0, 0, 41, 11, -18, 2, 11, 32, 8, 0, 0, 59, -19, 0, 12, 0, -13, 33, -11, 0, 21, 0, 0, 0, 40, 7, -13, 0, 0, 0, 0, 0, -19, 0, -20, 35, 12, -15, 5, 0, 0, 0, 29, 9, 27, 0, 75, -29, 0, 0, 66, 8, 72, 7, 14, 3, 17, -78, 0, 0, 12, 92, 0, -40};
weight_ih[76] = {-13, 17, -14, 18, 0, -40, 0, 4, 0, 0, -43, -85, 51, 9, -18, 9, -6, 0, 0, -37, 27, 0, -49, 0, 26, -2, 6, 0, -18, 0, 0, 0, 38, 18, -59, 0, 0, 0, 0, 0, -14, 0, -80, -12, 30, 10, -36, 0, 0, 5, -10, 27, 22, 0, -39, 13, 54, 0, -1, 32, -8, 21, -13, -17, 13, -9, 0, 0, 33, -24, 0, -39};
weight_ih[77] = {-2, 3, 2, -1, 0, -1, 0, -4, 0, 0, -1, -3, 0, 0, -1, -7, -2, 0, 0, -3, 0, 0, -1, 0, -4, 0, -2, 0, -1, 0, 0, 0, -1, -1, 2, 0, 0, 0, 0, 0, -2, 0, 1, -4, -7, -12, -4, 0, 0, -1, -1, 0, -4, 0, 0, -2, -2, 0, -16, 1, -2, -1, -31, 0, -2, -2, 0, 0, 0, -8, 0, -1};
weight_ih[78] = {5, 0, -20, -11, 0, 23, 0, -7, 0, 0, 7, -24, 0, -13, 8, -2, -5, 0, 0, 12, 17, 0, -45, 0, -31, -48, -14, 0, -6, 0, 0, 0, 41, 0, 7, 0, 0, 0, 0, 0, -1, 0, -26, 13, -20, 39, -19, 0, 0, 22, 30, -9, -1, 0, -11, -2, -13, 0, -1, -17, -10, -8, 42, -59, 11, -29, 0, 0, 35, 12, 0, 20};
weight_ih[79] = {-41, 33, 59, -5, 0, -43, 0, 20, 0, 0, 3, -20, -19, -37, -2, 6, -44, 0, 0, -44, 34, 0, -46, 0, 54, 23, 37, 0, -28, 0, 0, 0, 30, -3, 24, 0, 0, 0, 0, 0, -64, 0, -20, -4, 83, -9, 17, 0, 0, -15, 13, -43, 34, 0, 58, 14, 7, 0, 33, -15, 18, 15, 40, 40, 10, 18, 0, 0, -6, 47, 0, -46};
weight_ih[80] = {-65, 33, -7, 4, 0, -28, 0, -47, 0, 0, -21, 3, 11, 49, 21, -5, 2, 0, 0, -2, -3, 0, 36, 0, 21, 19, 11, 0, 5, 0, 0, 0, 93, -10, -43, 0, 0, 0, 0, 0, -35, 0, -51, -16, -50, -18, 29, 0, 0, -1, -15, 11, 6, 0, -50, 6, -9, 0, -16, 19, 11, -7, -6, 8, -22, -3, 0, 0, -37, -14, 0, 8};
weight_ih[81] = {-61, 32, 26, 32, 0, 61, 0, 14, 0, 0, 14, -36, 17, -35, -24, -18, 15, 0, 0, -11, 7, 0, 12, 0, 26, 12, 2, 0, 7, 0, 0, 0, -8, 19, 0, 0, 0, 0, 0, 0, 9, 0, -63, 7, -41, 36, -24, 0, 0, 60, 10, -42, 61, 0, -15, 12, -22, 0, 15, 21, -2, -38, 15, -21, -16, -29, 0, 0, -12, 0, 0, 24};
weight_ih[82] = {-33, -17, -4, -3, 0, -17, 0, -28, 0, 0, -27, -10, -5, 1, 29, -15, 16, 0, 0, 53, 54, 0, 0, 0, -7, -2, -6, 0, 9, 0, 0, 0, 60, 6, 22, 0, 0, 0, 0, 0, 7, 0, 4, -12, 21, 27, 12, 0, 0, -1, -23, -5, -28, 0, 35, 0, 14, 0, -33, 31, -7, -42, -61, 23, 7, -11, 0, 0, 0, -12, 0, 41};
weight_ih[83] = {-1, 3, 2, -1, 0, -1, 0, -2, 0, 0, -1, -2, 2, 0, -1, -5, -1, 0, 0, -2, 0, 0, 0, 0, -3, 1, 0, 0, 0, 0, 0, 0, 0, -1, 2, 0, 0, 0, 0, 0, -1, 0, 1, -3, -5, -10, -4, 0, 0, -2, 0, -1, -2, 0, 1, 0, -1, 0, -15, 2, -1, -1, -29, 0, 0, -1, 0, 0, 1, -6, 0, 1};
weight_ih[84] = {21, 13, 8, 11, 0, -27, 0, 2, 0, 0, 50, 1, 17, -77, -33, -15, 48, 0, 0, 52, -6, 0, 41, 0, 11, -1, 16, 0, 24, 0, 0, 0, -39, 28, -25, 0, 0, 0, 0, 0, -4, 0, -34, -9, -18, 18, -42, 0, 0, -62, -13, -17, -11, 0, 14, 11, -24, 0, -41, 49, -46, -11, -12, -17, 4, 1, 0, 0, -19, 21, 0, -45};
weight_ih[85] = {-60, 27, 22, -33, 0, -20, 0, -14, 0, 0, 51, 22, 25, 14, -4, -21, -72, 0, 0, -1, -54, 0, -4, 0, 56, 33, 12, 0, -24, 0, 0, 0, -5, 12, 0, 0, 0, 0, 0, 0, -30, 0, -10, -28, -49, -10, 12, 0, 0, -49, -47, 5, 32, 0, -20, -19, -37, 0, 28, 1, -4, -39, 22, 9, -39, 20, 0, 0, 13, 4, 0, -19};
weight_ih[86] = {0, -32, -28, -28, 0, -12, 0, 14, 0, 0, -23, -3, 5, -18, 23, -21, 5, 0, 0, -1, -8, 0, 20, 0, -35, -50, -29, 0, -5, 0, 0, 0, 2, -5, 23, 0, 0, 0, 0, 0, -2, 0, -1, -6, 7, -37, 43, 0, 0, -6, 17, -1, -27, 0, -16, -3, -7, 0, 4, -7, -16, -3, 24, 5, -34, -23, 0, 0, 26, -10, 0, -20};
weight_ih[87] = {0, 1, -1, -2, 0, -2, 0, -4, 0, 0, 0, -3, 2, 1, 0, -2, 0, 0, 0, -2, 0, 0, -1, 0, 5, 2, 0, 0, 0, 0, 0, 0, 0, -2, 1, 0, 0, 0, 0, 0, -1, 0, 2, 6, -4, -11, -6, 0, 0, -3, -1, -1, 3, 0, 2, -1, 0, 0, -16, 3, -1, -1, -20, -1, 3, 0, 0, 0, 1, 0, 0, 0};
weight_ih[88] = {16, 14, 13, 8, 0, -36, 0, -36, 0, 0, 10, -31, 22, -18, -12, 17, 51, 0, 0, -3, 19, 0, 20, 0, 33, 15, -7, 0, 2, 0, 0, 0, 9, 32, 39, 0, 0, 0, 0, 0, -28, 0, 46, 24, 10, 7, 50, 0, 0, -16, -17, -8, -65, 0, -23, -8, 42, 0, 38, -51, 14, -20, -26, 30, 1, 38, 0, 0, 1, -13, 0, 29};
weight_ih[89] = {-2, 1, 1, -1, 0, -1, 0, -3, 0, 0, -1, -1, 1, 0, 0, -7, -1, 0, 0, -1, 0, 0, 0, 0, -4, 0, -1, 0, -1, 0, 0, 0, 0, -1, 1, 0, 0, 0, 0, 0, -3, 0, 0, -5, -6, -12, -4, 0, 0, -1, -2, -1, -3, 0, 0, -1, -2, 0, -17, 2, -1, 0, -32, 0, -1, -1, 0, 0, 1, -8, 0, 1};
weight_ih[90] = {-1, 2, 2, -1, 0, -1, 0, -3, 0, 0, 0, -2, 2, 0, 0, -7, -2, 0, 0, -1, 1, 0, -1, 0, -4, 1, -1, 0, -1, 0, 0, 0, 0, -1, 1, 0, 0, 0, 0, 0, -2, 0, 1, -4, -5, -11, -5, 0, 0, -2, -1, 0, -3, 0, 1, 0, -1, 0, -16, 2, -2, 0, -29, 0, -2, 0, 0, 0, 1, -7, 0, 0};
weight_ih[91] = {-43, -8, 22, -18, 0, 2, 0, -27, 0, 0, 4, -78, 60, -39, -46, -4, 12, 0, 0, -4, -34, 0, -45, 0, 20, 25, 5, 0, 9, 0, 0, 0, -35, -4, 28, 0, 0, 0, 0, 0, -57, 0, 3, 7, 73, -17, 2, 0, 0, 19, -26, 8, 66, 0, -12, 50, 8, 0, 49, 123, 48, 17, 51, -4, -11, -36, 0, 0, 18, 6, 0, 2};
weight_ih[92] = {54, 76, 61, -12, 0, 19, 0, -7, 0, 0, -4, -7, -27, -9, -31, 7, -62, 0, 0, 33, 30, 0, -1, 0, -31, 32, -52, 0, 31, 0, 0, 0, -11, 5, -10, 0, 0, 0, 0, 0, 5, 0, -3, -10, 10, -41, -22, 0, 0, 3, 29, -3, -18, 0, 40, -15, 23, 0, -18, -13, 7, -5, -37, -10, 2, -11, 0, 0, -11, 50, 0, -1};
weight_ih[93] = {-16, -7, 37, 8, 0, 24, 0, -13, 0, 0, 3, -43, 16, -58, 19, -13, -24, 0, 0, 0, 18, 0, 18, 0, 12, 23, -2, 0, -28, 0, 0, 0, 0, 0, 42, 0, 0, 0, 0, 0, -19, 0, 26, -3, 14, -32, 25, 0, 0, -14, 7, -14, -19, 0, 47, 19, -41, 0, -26, 12, 10, 40, 0, 35, -17, -12, 0, 0, 43, -47, 0, 22};
weight_ih[94] = {-56, -20, -52, 4, 0, 3, 0, 9, 0, 0, -32, -19, -22, 1, 14, -48, 25, 0, 0, -7, -12, 0, -9, 0, 3, 3, 15, 0, -2, 0, 0, 0, 8, -8, -19, 0, 0, 0, 0, 0, -42, 0, -5, -2, -52, -37, 39, 0, 0, -9, -31, -1, -18, 0, -57, 4, -34, 0, -11, -14, 10, 4, 17, 46, 83, 4, 0, 0, 0, 76, 0, 10};
weight_ih[95] = {-2, 2, 1, -1, 0, -1, 0, -2, 0, 0, 0, -1, 2, 0, -1, -6, -1, 0, 0, -1, 0, 0, 0, 0, -3, 0, -1, 0, -1, 0, 0, 0, -1, -1, 1, 0, 0, 0, 0, 0, -3, 0, 1, -4, -6, -12, -4, 0, 0, -1, -2, 0, -3, 0, 0, 0, -3, 0, -17, 2, -1, -1, -31, 1, -2, 0, 0, 0, 2, -9, 0, 0};
weight_ih[96] = {-9, 19, 29, -53, 0, 1, 0, 4, 0, 0, 10, -53, 74, -5, 1, -6, -4, 0, 0, 23, 19, 0, 9, 0, -42, -2, -27, 0, 10, 0, 0, 0, 15, -6, -12, 0, 0, 0, 0, 0, -49, 0, 27, -24, -35, 6, -22, 0, 0, -14, 18, 10, 8, 0, 44, 0, 24, 0, -25, 24, 67, 15, 15, -31, 9, -33, 0, 0, 20, 42, 0, -22};
weight_ih[97] = {-35, -11, 35, 9, 0, 6, 0, 36, 0, 0, -2, 23, -10, -23, 24, 6, -3, 0, 0, 1, -30, 0, 17, 0, -8, 0, 31, 0, 31, 0, 0, 0, -3, 3, -30, 0, 0, 0, 0, 0, -42, 0, -19, 31, 16, -19, 14, 0, 0, 27, 36, -12, 12, 0, 3, 34, -34, 0, 8, 27, 30, -54, 13, -42, -10, 27, 0, 0, 20, -6, 0, -71};
weight_ih[98] = {-55, -14, -19, -17, 0, -29, 0, -65, 0, 0, -16, -62, 30, -30, 9, 10, -5, 0, 0, -50, 38, 0, 11, 0, -28, -1, 36, 0, -8, 0, 0, 0, 10, -3, -27, 0, 0, 0, 0, 0, -11, 0, -31, -35, 63, 48, -7, 0, 0, 32, -24, -16, 27, 0, 36, 49, 32, 0, -23, 81, -13, 0, 6, 35, 17, 73, 0, 0, 14, 39, 0, -39};
weight_ih[99] = {-5, 3, 10, -1, 0, 0, 0, -15, 0, 0, -4, -18, -2, -4, 2, -12, -15, 0, 0, -7, -1, 0, 0, 0, -38, -1, -1, 0, -8, 0, 0, 0, 50, -2, -1, 0, 0, 0, 0, 0, -10, 0, -4, -17, -13, -17, 0, 0, 0, -19, -2, 2, -7, 0, 44, -2, -10, 0, -16, -17, -6, -1, -5, 10, -6, -11, 0, 0, 1, -3, 0, -8};
weight_ih[100] = {-1, 2, 2, -1, 0, -2, 0, -3, 0, 0, -1, -1, 2, 0, 0, -6, -1, 0, 0, -2, 1, 0, 0, 0, -3, 1, -1, 0, 0, 0, 0, 0, 0, -1, 1, 0, 0, 0, 0, 0, -2, 0, 1, -3, -4, -12, -4, 0, 0, -2, -1, -1, -2, 0, 1, -1, -1, 0, -16, 2, -1, 0, -28, 1, -1, 0, 0, 0, 1, -6, 0, 0};
weight_ih[101] = {-2, 3, 2, -1, 0, -1, 0, -3, 0, 0, -1, -1, 2, 0, -1, -8, -2, 0, 0, -1, 0, 0, -1, 0, -5, 0, -1, 0, 0, 0, 0, 0, 0, -1, 1, 0, 0, 0, 0, 0, -2, 0, 2, -5, -6, -11, -4, 0, 0, -2, -2, -1, -3, 0, 0, 0, -2, 0, -17, 2, -1, 0, -31, 1, -2, -1, 0, 0, 1, -7, 0, 0};
weight_ih[102] = {11, -21, 4, -2, 0, -16, 0, -48, 0, 0, 20, -24, -20, -31, 0, -8, 18, 0, 0, -55, -8, 0, -7, 0, 27, 0, 32, 0, 15, 0, 0, 0, -4, -18, -17, 0, 0, 0, 0, 0, 82, 0, -35, -23, -28, -42, -10, 0, 0, -35, -42, 15, -26, 0, 24, -1, 26, 0, -13, 22, -36, -2, -3, -11, 2, -9, 0, 0, -19, -38, 0, -10};
weight_ih[103] = {5, -18, 30, 6, 0, 65, 0, -74, 0, 0, 17, 16, -7, -10, 19, 13, -1, 0, 0, 8, -13, 0, 2, 0, 5, 12, -34, 0, 17, 0, 0, 0, 18, 6, 48, 0, 0, 0, 0, 0, -31, 0, -13, 19, -12, -10, 0, 0, 0, 65, 1, -8, 0, 0, 0, 12, -19, 0, 26, -8, -17, -53, 40, -31, 18, -38, 0, 0, 27, 17, 0, -38};
weight_ih[104] = {-26, -19, -15, 11, 0, -11, 0, 7, 0, 0, 8, -6, 22, 5, -21, -18, -13, 0, 0, -18, -8, 0, -9, 0, 6, -20, 38, 0, -17, 0, 0, 0, 12, -10, 12, 0, 0, 0, 0, 0, -67, 0, -2, -9, 64, 18, 1, 0, 0, 18, -20, -5, 16, 0, -29, -25, -26, 0, 29, 19, -3, -39, 15, 3, -31, 12, 0, 0, 14, -55, 0, -6};
weight_ih[105] = {16, 18, -6, -1, 0, 34, 0, 42, 0, 0, -1, -1, -28, 11, -26, 10, -10, 0, 0, 27, 26, 0, 3, 0, -16, -22, -24, 0, 35, 0, 0, 0, 29, 6, -4, 0, 0, 0, 0, 0, 2, 0, -11, 42, 1, 30, 12, 0, 0, -11, 8, -5, 40, 0, 8, 14, 4, 0, 44, -14, -8, 35, 23, -37, -5, 5, 0, 0, -32, 20, 0, 31};
weight_ih[106] = {34, 5, -87, 3, 0, -10, 0, -41, 0, 0, 49, 20, 25, -14, 26, 27, -31, 0, 0, 21, 20, 0, -65, 0, 18, 24, -6, 0, 28, 0, 0, 0, 65, 21, -34, 0, 0, 0, 0, 0, 23, 0, 3, 29, -17, 38, 22, 0, 0, -17, 21, 12, 8, 0, 40, -18, 53, 0, -34, -16, 22, -5, 38, -4, -11, 27, 0, 0, -1, 15, 0, -48};
weight_ih[107] = {39, -20, -24, 4, 0, -20, 0, 2, 0, 0, -28, -7, 22, 16, 21, -84, 33, 0, 0, 45, -26, 0, 24, 0, -9, -25, -15, 0, -25, 0, 0, 0, 24, -12, -8, 0, 0, 0, 0, 0, 38, 0, 1, -35, 2, -29, -9, 0, 0, 26, -1, -4, -21, 0, 48, -20, -8, 0, -44, 11, -21, -27, -20, -17, 1, -20, 0, 0, 19, -59, 0, 8};
weight_ih[108] = {-3, -7, -23, -1, 0, -3, 0, -10, 0, 0, -4, -8, -8, 0, -1, 0, -7, 0, 0, -9, 0, 0, -5, 0, 0, -7, -5, 0, -1, 0, 0, 0, 1, -3, 3, 0, 0, 0, 0, 0, -10, 0, -2, 2, -15, -21, -8, 0, 0, -8, -2, -2, 1, 0, -9, -4, -2, 0, -14, -14, -4, 0, -19, -12, 1, -4, 0, 0, -4, -4, 0, -3};
weight_ih[109] = {28, 2, 12, -40, 0, -22, 0, -8, 0, 0, 74, 38, -29, 71, -11, -21, -75, 0, 0, 21, 38, 0, -34, 0, 0, -18, -39, 0, -9, 0, 0, 0, 16, -25, -25, 0, 0, 0, 0, 0, -54, 0, -12, -33, -37, 73, -12, 0, 0, 2, 44, 4, -5, 0, -75, 2, 19, 0, -29, -25, -31, -7, -65, -44, -10, -26, 0, 0, -27, -21, 0, -34};
weight_ih[110] = {24, 1, 26, 71, 0, 73, 0, -8, 0, 0, -70, 45, 8, 20, 87, 35, 11, 0, 0, 75, 11, 0, -7, 0, 36, 16, 28, 0, 44, 0, 0, 0, 10, 11, 74, 0, 0, 0, 0, 0, 9, 0, -14, 7, 1, 24, 0, 0, 0, 46, 21, -3, -29, 0, -19, 1, 48, 0, -2, -17, 5, 3, -14, -3, -6, -19, 0, 0, 48, 9, 0, 53};
weight_ih[111] = {0, -10, 1, -2, 0, -16, 0, -32, 0, 0, 5, -17, 10, 9, 46, -20, -23, 0, 0, -20, 5, 0, -3, 0, 7, -8, -29, 0, -14, 0, 0, 0, -4, 0, -6, 0, 0, 0, 0, 0, -10, 0, 17, -22, 5, -17, 17, 0, 0, -36, 6, -15, 20, 0, -17, 13, 29, 0, -8, 14, -28, 1, -12, -17, 15, -4, 0, 0, -8, -14, 0, -43};
weight_ih[112] = {17, -16, 7, 42, 0, 43, 0, 52, 0, 0, 24, 4, 2, -21, -8, 12, -33, 0, 0, -14, -10, 0, 15, 0, -33, -9, 19, 0, -8, 0, 0, 0, -33, -1, -19, 0, 0, 0, 0, 0, -63, 0, 1, -15, 32, -9, 1, 0, 0, 66, 19, 1, 32, 0, -16, 123, -35, 0, -21, 73, -28, -7, -76, -41, -22, 12, 0, 0, 47, -57, 0, -45};
weight_ih[113] = {-9, 7, 41, -14, 0, -50, 0, 41, 0, 0, 36, -11, 44, 18, 34, -84, 40, 0, 0, -28, -52, 0, 27, 0, -3, -2, 27, 0, 4, 0, 0, 0, 8, -21, 6, 0, 0, 0, 0, 0, -30, 0, 45, 5, 25, -54, 3, 0, 0, 23, 13, 2, -4, 0, 31, 27, 4, 0, -46, 32, -34, 20, -8, -42, -7, 51, 0, 0, -11, -18, 0, -48};
weight_ih[114] = {-17, -5, 0, 3, 0, -24, 0, 13, 0, 0, 19, -40, 28, 3, 21, -42, 23, 0, 0, -33, 31, 0, 26, 0, -11, -13, 8, 0, -45, 0, 0, 0, -15, 19, 30, 0, 0, 0, 0, 0, 41, 0, -35, -13, 31, -3, 11, 0, 0, 6, 47, 1, -39, 0, -23, -29, 18, 0, -29, -35, -4, -10, -7, 17, -12, -1, 0, 0, -28, -32, 0, -6};
weight_ih[115] = {-23, 5, 10, 1, 0, -25, 0, -2, 0, 0, -36, -1, 26, -12, 35, -104, 28, 0, 0, 33, -42, 0, 17, 0, 41, 20, 27, 0, -16, 0, 0, 0, -10, -7, -23, 0, 0, 0, 0, 0, -9, 0, 4, -22, 1, -81, 11, 0, 0, 7, -10, -8, 20, 0, -3, -41, -22, 0, 9, 15, 7, -20, -52, 12, -13, 14, 0, 0, -10, -34, 0, -7};
weight_ih[116] = {-14, -2, -5, 43, 0, 22, 0, -98, 0, 0, 81, 57, -2, -44, 6, 7, -7, 0, 0, 9, -3, 0, -30, 0, -8, 14, -16, 0, -27, 0, 0, 0, -6, 7, -17, 0, 0, 0, 0, 0, -36, 0, 86, 11, 10, -8, 31, 0, 0, -62, 67, -28, -64, 0, 24, -16, -12, 0, 28, -7, -104, 5, 39, -15, 26, -70, 0, 0, -4, 8, 0, -30};
weight_ih[117] = {33, -42, -47, 6, 0, 28, 0, -22, 0, 0, -20, 73, 62, -70, -10, 30, -19, 0, 0, 13, -28, 0, -7, 0, 10, -61, 23, 0, -12, 0, 0, 0, 0, -11, 18, 0, 0, 0, 0, 0, 14, 0, 47, 1, 0, 8, -18, 0, 0, 30, -53, -30, 77, 0, -15, 4, 4, 0, -25, 63, 23, -53, 17, 2, -19, -21, 0, 0, 57, -28, 0, -30};
weight_ih[118] = {-68, -13, 6, 3, 0, 1, 0, -5, 0, 0, 17, 21, -25, -6, 55, -3, 0, 0, 0, -6, -4, 0, 5, 0, -4, 0, 27, 0, -2, 0, 0, 0, -14, 2, 51, 0, 0, 0, 0, 0, -82, 0, 14, 18, 15, 10, 30, 0, 0, 22, -26, 20, -25, 0, -55, -44, 56, 0, -1, -36, -39, -31, -9, 22, 1, 9, 0, 0, -35, 0, 0, -63};
weight_ih[119] = {18, -21, -17, -18, 0, 40, 0, -30, 0, 0, 31, -43, -7, 10, 33, -94, -16, 0, 0, -1, -22, 0, -1, 0, -54, -17, -20, 0, 1, 0, 0, 0, 44, 5, 12, 0, 0, 0, 0, 0, -34, 0, 4, -39, 18, 11, 8, 0, 0, 9, 32, -3, 9, 0, -22, -1, 20, 0, -39, 24, 14, 59, -58, -8, 53, -23, 0, 0, 2, 11, 0, 7};
weight_ih[120] = {-20, -24, -26, -26, 0, -18, 0, -33, 0, 0, 77, -27, -2, -31, -1, -33, 3, 0, 0, -20, -9, 0, -4, 0, 21, 5, 1, 0, -7, 0, 0, 0, -5, -7, 37, 0, 0, 0, 0, 0, -8, 0, -19, -4, 50, -39, 2, 0, 0, -19, -48, 19, 79, 0, 5, 70, 42, 0, -50, 79, -17, 43, -30, 5, 6, -47, 0, 0, -31, -5, 0, -105};
weight_ih[121] = {-13, 20, 33, 36, 0, 21, 0, -56, 0, 0, 7, -52, 4, -20, -35, -11, -7, 0, 0, 34, 2, 0, 39, 0, -12, -6, 15, 0, -7, 0, 0, 0, -21, -6, -11, 0, 0, 0, 0, 0, -29, 0, 7, -13, 44, -46, 1, 0, 0, -7, -23, -19, 9, 0, 2, -19, 77, 0, 24, 14, -14, 58, 6, 17, 8, -30, 0, 0, 12, 36, 0, -7};
weight_ih[122] = {46, 35, 25, -2, 0, 8, 0, 21, 0, 0, -28, -50, 15, 15, -51, 9, -2, 0, 0, -3, -17, 0, 17, 0, 26, 12, -12, 0, 16, 0, 0, 0, 13, 14, -9, 0, 0, 0, 0, 0, -14, 0, 18, -11, 15, -60, -27, 0, 0, -2, -27, -5, 32, 0, 9, 5, -4, 0, 14, -5, -5, -13, -39, -42, -26, 35, 0, 0, -3, -14, 0, -41};
weight_ih[123] = {-53, -33, 47, 0, 0, -23, 0, -37, 0, 0, 37, 32, 7, -50, 15, 1, -46, 0, 0, -17, 15, 0, 5, 0, -46, 41, 15, 0, 16, 0, 0, 0, -57, -15, 45, 0, 0, 0, 0, 0, -11, 0, -29, -6, 20, 50, 28, 0, 0, -21, -12, -23, 2, 0, 25, -47, -3, 0, -9, 73, 3, -7, -17, 22, 10, -5, 0, 0, 8, -12, 0, -67};
weight_ih[124] = {2, -6, 11, 3, 0, -22, 0, -17, 0, 0, -6, 19, 14, -15, 39, -9, -5, 0, 0, -18, 39, 0, 6, 0, -25, 15, -34, 0, 16, 0, 0, 0, -14, -3, -11, 0, 0, 0, 0, 0, -20, 0, 23, -21, 11, 15, -34, 0, 0, -17, 0, 14, 43, 0, -30, -15, 20, 0, 25, -8, 26, 2, -61, -34, -8, -16, 0, 0, -21, 16, 0, -52};
weight_ih[125] = {26, 8, 13, -3, 0, -14, 0, -12, 0, 0, -11, -8, 6, 27, 7, -3, -42, 0, 0, -18, -1, 0, 2, 0, 31, 5, 2, 0, -12, 0, 0, 0, 42, 3, -10, 0, 0, 0, 0, 0, -11, 0, 8, -10, 27, -60, -3, 0, 0, -4, 18, -3, 25, 0, 6, -30, 21, 0, -1, 16, 6, -6, 27, 10, 19, 1, 0, 0, 1, 64, 0, -24};
weight_ih[126] = {41, -36, -52, -32, 0, 53, 0, -34, 0, 0, -5, -2, -9, -6, -12, 25, -7, 0, 0, 66, 1, 0, 41, 0, -19, -35, -47, 0, 20, 0, 0, 0, -6, 4, -27, 0, 0, 0, 0, 0, 4, 0, -64, -14, 16, -3, 3, 0, 0, 39, 17, -21, 26, 0, 45, -19, -19, 0, -9, -10, -12, -10, -8, -20, 27, 5, 0, 0, 3, -7, 0, 22};
weight_ih[127] = {-37, 25, 4, 4, 0, -59, 0, -39, 0, 0, 19, 87, -44, 7, 44, 2, -17, 0, 0, -11, -3, 0, 18, 0, -21, 24, -4, 0, -18, 0, 0, 0, -14, -6, -20, 0, 0, 0, 0, 0, 15, 0, 1, 12, -70, 29, 15, 0, 0, -69, 26, -17, 25, 0, 8, -6, -7, 0, -3, -35, -63, -33, -36, 19, -20, -4, 0, 0, -16, 18, 0, -60};
weight_ih[128] = {-31, -18, -20, -11, 0, -17, 0, -11, 0, 0, 27, 19, 0, -45, 25, 9, -8, 0, 0, 9, -26, 0, 12, 0, 16, 25, -21, 0, -25, 0, 0, 0, -31, 25, 17, 0, 0, 0, 0, 0, -72, 0, -4, 3, -10, 34, -12, 0, 0, -24, -22, 3, -30, 0, -29, -3, 11, 0, -16, -3, -60, 20, 6, -2, 5, 1, 0, 0, 26, -4, 0, 1};
weight_ih[129] = {-4, 28, -1, 11, 0, 29, 0, -61, 0, 0, -11, -42, -23, -63, 3, 16, -30, 0, 0, 59, 13, 0, -9, 0, -36, 22, 22, 0, 31, 0, 0, 0, -4, -11, -46, 0, 0, 0, 0, 0, -41, 0, -31, -19, -44, -5, 9, 0, 0, -24, -57, -3, -25, 0, -5, -7, 15, 0, -21, -4, -25, 10, 16, -44, -12, 15, 0, 0, -22, -10, 0, 43};
weight_ih[130] = {15, 30, -16, -35, 0, -13, 0, 29, 0, 0, -54, 22, 7, 18, -19, 59, 24, 0, 0, 54, -1, 0, 31, 0, -15, 8, 10, 0, -5, 0, 0, 0, 6, -4, -32, 0, 0, 0, 0, 0, -20, 0, 24, 7, 1, -8, -12, 0, 0, 21, 7, 6, -17, 0, -48, -64, 17, 0, 10, -58, 2, 11, -54, -23, -30, -31, 0, 0, -1, -36, 0, -21};
weight_ih[131] = {-19, -35, 8, 23, 0, 20, 0, -11, 0, 0, -33, -12, 33, 9, 31, 22, -25, 0, 0, 50, 47, 0, -54, 0, 50, -14, -63, 0, -61, 0, 0, 0, 56, -19, 42, 0, 0, 0, 0, 0, 8, 0, 6, -4, -53, 70, 13, 0, 0, 33, 14, 18, 44, 0, 52, 18, 0, 0, 8, 54, -50, 35, 32, -35, -25, -60, 0, 0, 22, -41, 0, -28};
weight_ih[132] = {-4, -5, -18, -27, 0, -7, 0, 0, 0, 0, -20, -27, 27, 22, 15, -109, -8, 0, 0, 19, -11, 0, 9, 0, 22, -7, 16, 0, -53, 0, 0, 0, 9, -12, -2, 0, 0, 0, 0, 0, 30, 0, 19, -14, 13, -13, -4, 0, 0, -23, 26, 16, 14, 0, -14, 27, -3, 0, -30, 4, 26, -22, 39, 6, -10, -5, 0, 0, 3, 0, 0, 16};
weight_ih[133] = {-30, 12, 9, -11, 0, -16, 0, -33, 0, 0, -18, -20, 15, 80, 9, -78, -38, 0, 0, 28, -21, 0, -1, 0, 52, 28, 43, 0, 17, 0, 0, 0, 10, -35, -7, 0, 0, 0, 0, 0, -41, 0, 11, -62, -8, -12, -9, 0, 0, -16, -36, -9, 29, 0, -45, 6, 5, 0, -33, 3, 6, -11, 11, 24, 11, 1, 0, 0, 0, 17, 0, -5};
weight_ih[134] = {-21, 5, 43, -18, 0, 7, 0, -12, 0, 0, -24, -41, -3, -8, -12, -24, 9, 0, 0, -4, -19, 0, 9, 0, 28, 10, -35, 0, -8, 0, 0, 0, 34, 16, -6, 0, 0, 0, 0, 0, -45, 0, -10, 5, 25, -11, -15, 0, 0, -15, -16, 10, 10, 0, 7, -12, -30, 0, 36, 16, -4, -20, 2, -15, -4, -12, 0, 0, -14, 51, 0, -17};
weight_ih[135] = {-11, -14, -34, 17, 0, 23, 0, -20, 0, 0, -13, -51, 60, -12, -3, 28, 0, 0, 0, -56, -8, 0, -45, 0, 21, 2, -35, 0, 4, 0, 0, 0, 29, -11, 36, 0, 0, 0, 0, 0, -1, 0, 38, -22, 25, 46, -3, 0, 0, -9, 4, -20, 95, 0, 4, 44, -32, 0, 66, 37, -11, 23, 7, -35, -54, -27, 0, 0, -4, -4, 0, -34};
weight_ih[136] = {-5, -31, -21, -2, 0, 11, 0, 11, 0, 0, -3, 20, -5, 7, -25, 6, -9, 0, 0, -21, 1, 0, 14, 0, 5, -14, 4, 0, -13, 0, 0, 0, -8, -11, -32, 0, 0, 0, 0, 0, 34, 0, -16, -22, 27, -28, -8, 0, 0, -3, -12, -12, 21, 0, -35, -2, -31, 0, 15, 5, -25, -8, -24, -30, -2, 28, 0, 0, 18, -37, 0, 23};
weight_ih[137] = {8, 5, -33, 20, 0, -10, 0, -34, 0, 0, 32, 31, 63, 38, -4, -11, -57, 0, 0, -43, -5, 0, -28, 0, 21, -9, -17, 0, 34, 0, 0, 0, 35, -8, -7, 0, 0, 0, 0, 0, -25, 0, 51, -45, 58, -17, -10, 0, 0, -36, -68, 7, 7, 0, -17, 46, -13, 0, 29, 46, 45, 16, 6, 19, -32, 42, 0, 0, 19, -3, 0, 28};
weight_ih[138] = {45, 19, -20, -12, 0, -2, 0, 19, 0, 0, 32, 57, 15, 21, -9, -11, 11, 0, 0, 6, -15, 0, -2, 0, -1, -8, -28, 0, 8, 0, 0, 0, -40, -14, -15, 0, 0, 0, 0, 0, 6, 0, 4, -22, -4, 68, -13, 0, 0, -34, 4, 11, 2, 0, -16, 4, -10, 0, 22, 12, 28, -6, 15, -19, -2, -23, 0, 0, -1, -4, 0, -35};
weight_ih[139] = {-69, 1, -38, -17, 0, 13, 0, 20, 0, 0, 118, 2, -17, -10, 2, 11, -25, 0, 0, -11, -25, 0, 6, 0, -37, -16, -33, 0, -14, 0, 0, 0, 6, 14, 2, 0, 0, 0, 0, 0, -86, 0, 14, 0, 18, -1, 18, 0, 0, 13, 16, -6, -28, 0, -70, -5, -50, 0, -7, 16, 7, -22, -11, -20, 3, -2, 0, 0, 49, 10, 0, -32};
weight_ih[140] = {-36, 4, 55, -15, 0, 18, 0, -32, 0, 0, 3, -63, 95, -62, -41, -24, 1, 0, 0, -7, -13, 0, 5, 0, -5, 16, 14, 0, 15, 0, 0, 0, 30, -1, -3, 0, 0, 0, 0, 0, -86, 0, 16, -45, -11, -41, -26, 0, 0, 37, -38, -36, 20, 0, -41, 16, 17, 0, 2, 35, 43, 47, -37, 9, 4, 6, 0, 0, 41, -32, 0, 53};
weight_ih[141] = {-3, 4, 33, -39, 0, -47, 0, -38, 0, 0, -70, -13, 41, 31, 60, -16, 19, 0, 0, -1, -19, 0, -26, 0, -2, 2, 15, 0, 4, 0, 0, 0, -12, -33, -18, 0, 0, 0, 0, 0, 29, 0, -5, -11, 24, 10, -22, 0, 0, 10, 25, 0, 19, 0, -67, -73, 15, 0, -15, -5, 33, -32, 21, 7, -9, -59, 0, 0, -39, -7, 0, -76};
weight_ih[142] = {-21, -2, 13, -4, 0, -17, 0, -5, 0, 0, -37, 9, -19, -18, -1, -31, 25, 0, 0, -12, -12, 0, -19, 0, -4, 0, 6, 0, -22, 0, 0, 0, -25, -8, -39, 0, 0, 0, 0, 0, 22, 0, -19, -17, -6, -30, -16, 0, 0, -37, -6, -16, 9, 0, -31, 0, 0, 0, -7, -2, 16, -11, -20, 34, -6, -11, 0, 0, 9, -6, 0, 27};
weight_ih[143] = {-26, -9, -19, 21, 0, -3, 0, -4, 0, 0, -18, -35, 6, 59, 18, -2, -9, 0, 0, -28, -6, 0, 14, 0, -10, -2, -29, 0, -50, 0, 0, 0, 10, -13, 9, 0, 0, 0, 0, 0, -47, 0, -8, -45, -4, -5, -51, 0, 0, 34, -35, -7, -38, 0, 23, -33, 10, 0, -1, -1, 4, 6, -12, 16, 4, 9, 0, 0, 2, -13, 0, -18};
weight_ih[144] = {27, -11, -32, -4, 0, -11, 0, 12, 0, 0, -9, 4, 8, -41, 45, -4, 39, 0, 0, 30, -55, 0, -3, 0, 15, -13, 51, 0, 0, 0, 0, 0, -15, -21, -24, 0, 0, 0, 0, 0, 21, 0, -25, -37, 56, -24, -38, 0, 0, -30, 20, -6, 3, 0, 21, -8, 14, 0, -14, 20, -20, 17, -22, -56, -1, 4, 0, 0, -26, -1, 0, 13};
weight_ih[145] = {-16, -3, 9, 0, 0, -2, 0, -9, 0, 0, 12, 25, -7, 62, 1, 4, -35, 0, 0, -12, 29, 0, -5, 0, 20, 7, 4, 0, 26, 0, 0, 0, 3, 0, -7, 0, 0, 0, 0, 0, 26, 0, 11, -16, -12, 44, -10, 0, 0, 7, -4, 8, 13, 0, -16, 10, 9, 0, 12, -7, 19, 11, 0, -7, -33, 13, 0, 0, -20, 21, 0, 27};
weight_ih[146] = {-30, 4, 9, -2, 0, 10, 0, -3, 0, 0, -79, 15, -18, 70, 39, -29, -7, 0, 0, -29, -7, 0, -13, 0, 26, 18, -41, 0, -18, 0, 0, 0, -22, 16, 4, 0, 0, 0, 0, 0, 24, 0, -17, -5, -21, -62, 34, 0, 0, 23, -25, 31, -16, 0, -38, -13, -27, 0, -39, 1, 27, -13, -49, 61, 0, 3, 0, 0, 57, 12, 0, 1};
weight_ih[147] = {-4, -4, 12, -59, 0, 19, 0, -10, 0, 0, -21, -96, 34, -49, -63, -22, -18, 0, 0, -21, -16, 0, -7, 0, -17, 20, 18, 0, 32, 0, 0, 0, 28, 7, -28, 0, 0, 0, 0, 0, -3, 0, -3, 12, -8, -10, 11, 0, 0, -1, -28, -14, 14, 0, 9, 49, 0, 0, -33, 85, -35, 6, 16, 0, -12, 17, 0, 0, -15, 30, 0, 15};
weight_ih[148] = {-6, 3, -31, -58, 0, 82, 0, -26, 0, 0, 27, 32, -40, 40, -20, 0, -10, 0, 0, 103, -12, 0, 13, 0, 38, -29, 36, 0, 6, 0, 0, 0, 16, 13, -25, 0, 0, 0, 0, 0, 14, 0, -18, -16, -10, -27, 20, 0, 0, 55, -6, 8, -26, 0, -5, 13, 6, 0, -8, -77, 42, -39, 44, 63, -43, 23, 0, 0, 10, -16, 0, 25};
weight_ih[149] = {-2, -6, -32, -1, 0, -3, 0, -6, 0, 0, -10, -10, -7, -5, -7, -14, -8, 0, 0, -9, -8, 0, -10, 0, -24, -5, -13, 0, -4, 0, 0, 0, -2, -5, -4, 0, 0, 0, 0, 0, -13, 0, -9, -13, -17, -33, -13, 0, 0, -7, -7, 0, -6, 0, -10, 1, -2, 0, -9, -10, -7, -4, -23, -15, -1, -1, 0, 0, 0, -11, 0, -4};
weight_ih[150] = {3, 19, -41, -9, 0, 25, 0, 32, 0, 0, 59, 53, 55, 105, 34, -15, 40, 0, 0, 40, -10, 0, 28, 0, -84, -54, 17, 0, 15, 0, 0, 0, -17, -37, -14, 0, 0, 0, 0, 0, -34, 0, 0, -75, 33, 124, -62, 0, 0, -12, 29, -20, -8, 0, -21, 31, -2, 0, 21, -9, 13, 12, 25, -61, -19, -12, 0, 0, -17, 6, 0, -12};
weight_ih[151] = {-17, -19, -3, -19, 0, -21, 0, 3, 0, 0, 14, -71, 48, -54, 3, -44, 22, 0, 0, -65, -3, 0, 19, 0, 40, -1, -19, 0, -23, 0, 0, 0, -15, 43, 45, 0, 0, 0, 0, 0, -3, 0, 26, 16, 26, -66, 23, 0, 0, 41, 41, 33, -40, 0, 75, -10, -48, 0, -2, 2, 49, -30, -33, 16, -29, -15, 0, 0, 25, -44, 0, -29};
weight_ih[152] = {-5, -22, 1, -8, 0, -17, 0, 33, 0, 0, -28, 4, -5, -26, 68, 5, 1, 0, 0, -8, -31, 0, 14, 0, -48, -4, 23, 0, -23, 0, 0, 0, 5, -39, -25, 0, 0, 0, 0, 0, -11, 0, 47, 1, -17, -25, 24, 0, 0, -42, 51, 38, -31, 0, 89, -5, 0, 0, 5, -7, 3, 20, 52, -35, 36, -17, 0, 0, -6, 40, 0, -51};
weight_ih[153] = {-5, -29, -27, 36, 0, -12, 0, 52, 0, 0, -18, 1, 7, 15, -10, 34, 20, 0, 0, 19, 40, 0, 14, 0, -18, -40, -20, 0, 1, 0, 0, 0, 12, -4, -32, 0, 0, 0, 0, 0, 38, 0, -20, -23, -18, 25, -30, 0, 0, 13, 30, 14, -10, 0, -19, -58, 23, 0, 12, -26, 22, 13, 35, -14, -5, 23, 0, 0, -10, 23, 0, -36};
weight_ih[154] = {-50, -31, -40, 33, 0, 22, 0, 28, 0, 0, 31, -7, 46, -23, -6, -17, 38, 0, 0, -49, -48, 0, 31, 0, -22, -14, -9, 0, 20, 0, 0, 0, -3, 11, 26, 0, 0, 0, 0, 0, 15, 0, 21, -9, 3, -9, -7, 0, 0, 5, 9, -27, 61, 0, -12, 43, -9, 0, -11, 7, 57, 35, -31, 14, 8, 24, 0, 0, 18, -23, 0, 12};
weight_ih[155] = {1, 5, 28, 2, 0, 2, 0, 6, 0, 0, 9, 10, 7, 4, 6, 13, 9, 0, 0, 9, 8, 0, 9, 0, 22, 4, 11, 0, 3, 0, 0, 0, 1, 5, 4, 0, 0, 0, 0, 0, 14, 0, 8, 12, 20, 34, 13, 0, 0, 7, 5, -1, 9, 0, 7, -1, 4, 0, 8, 11, 5, 4, 21, 14, 1, 3, 0, 0, 0, 12, 0, 6};
weight_ih[156] = {-6, -13, -19, -27, 0, -24, 0, 18, 0, 0, -15, 13, -20, -25, 53, -12, -35, 0, 0, 7, 3, 0, -1, 0, 10, -19, 13, 0, 13, 0, 0, 0, 4, -24, -40, 0, 0, 0, 0, 0, -13, 0, -55, -14, -27, 44, -33, 0, 0, 8, -11, -12, 3, 0, -16, -45, 10, 0, 8, 42, 27, 11, 54, -48, 8, -7, 0, 0, -49, 20, 0, -12};
weight_ih[157] = {-66, 7, 2, -13, 0, -24, 0, -3, 0, 0, 25, 21, 30, 5, 59, -4, 35, 0, 0, 42, 38, 0, 28, 0, -2, -21, 62, 0, -16, 0, 0, 0, -8, -9, -11, 0, 0, 0, 0, 0, -49, 0, 21, 11, -5, 33, -9, 0, 0, 5, -2, 42, 27, 0, -53, -53, -38, 0, -19, 7, 6, -44, -1, -40, -6, -15, 0, 0, -33, -37, 0, -15};
weight_ih[158] = {7, 11, -9, -3, 0, 27, 0, -20, 0, 0, 8, 28, -35, 4, 25, 60, 9, 0, 0, -2, -20, 0, 6, 0, -19, 11, -26, 0, -13, 0, 0, 0, 50, 3, 2, 0, 0, 0, 0, 0, -15, 0, -18, -35, -1, 46, -4, 0, 0, 14, 11, 0, 17, 0, 56, -35, -45, 0, 31, -19, -6, -6, -17, -10, 22, 12, 0, 0, -8, -28, 0, -21};
weight_ih[159] = {1, -4, -24, -2, 0, -4, 0, -4, 0, 0, -7, -11, -9, -5, -6, -13, -10, 0, 0, -8, -8, 0, -10, 0, -17, -2, -9, 0, -3, 0, 0, 0, 2, -4, -5, 0, 0, 0, 0, 0, -15, 0, -8, -9, -15, -36, -11, 0, 0, -7, -2, 1, -8, 0, -8, -1, -5, 0, -9, -12, -4, -4, -19, -11, 0, -2, 0, 0, -3, -6, 0, -7};
weight_ih[160] = {29, -25, 29, 12, 0, 69, 0, 33, 0, 0, -53, -54, 49, -29, -25, 4, -7, 0, 0, 28, 11, 0, -35, 0, 44, -15, -62, 0, 1, 0, 0, 0, -22, -16, 31, 0, 0, 0, 0, 0, 1, 0, -24, 14, 11, 9, -11, 0, 0, 36, 4, -1, 58, 0, 12, 43, 14, 0, -10, 84, 43, 19, 6, -14, 9, -27, 0, 0, 12, -44, 0, 31};
weight_ih[161] = {1, 7, 32, 2, 0, 2, 0, 7, 0, 0, 10, 11, 6, 4, 8, 13, 7, 0, 0, 9, 8, 0, 10, 0, 23, 5, 14, 0, 3, 0, 0, 0, 1, 4, 4, 0, 0, 0, 0, 0, 13, 0, 9, 12, 16, 34, 12, 0, 0, 7, 8, -1, 5, 0, 9, -2, 2, 0, 9, 9, 7, 3, 22, 14, 0, 3, 0, 0, 0, 10, 0, 4};
weight_ih[162] = {2, 7, 32, 2, 0, 3, 0, 7, 0, 0, 12, 10, 8, 5, 6, 13, 6, 0, 0, 9, 7, 0, 9, 0, 23, 5, 13, 0, 3, 0, 0, 0, 0, 4, 3, 0, 0, 0, 0, 0, 12, 0, 8, 12, 19, 32, 12, 0, 0, 8, 7, 1, 7, 0, 9, -1, 3, 0, 8, 11, 8, 3, 22, 16, 1, 3, 0, 0, 0, 11, 0, 3};
weight_ih[163] = {12, 11, 16, -18, 0, 34, 0, 11, 0, 0, 51, 68, -64, -42, -31, 28, -21, 0, 0, 34, -30, 0, 18, 0, 24, 10, 7, 0, -16, 0, 0, 0, 5, 3, -2, 0, 0, 0, 0, 0, -10, 0, 23, -40, 25, -52, -52, 0, 0, 50, -23, -19, 43, 0, -20, 15, -2, 0, 1, -43, -39, -17, -21, 14, -12, 15, 0, 0, 38, -23, 0, 11};
weight_ih[164] = {-43, 23, -2, 10, 0, -61, 0, 3, 0, 0, 7, -51, 51, -25, 26, -54, -4, 0, 0, -9, -12, 0, 7, 0, 34, 34, 7, 0, -10, 0, 0, 0, 40, 12, -13, 0, 0, 0, 0, 0, -44, 0, -40, 58, -24, -82, 10, 0, 0, 18, -13, -10, 40, 0, 25, 23, -49, 0, 81, -5, -11, -43, 22, -5, -2, -13, 0, 0, 53, 17, 0, -27};
weight_ih[165] = {-18, -15, 42, -15, 0, 12, 0, -23, 0, 0, 17, 24, -22, -50, -1, 29, -50, 0, 0, -5, -1, 0, 8, 0, -3, -22, -1, 0, -53, 0, 0, 0, 17, -31, -60, 0, 0, 0, 0, 0, -26, 0, 20, -14, -13, 39, 2, 0, 0, -56, -21, -33, 5, 0, 41, -42, -7, 0, 21, 12, -43, -27, 23, -57, 19, -11, 0, 0, -39, -5, 0, 42};
weight_ih[166] = {12, 12, 55, 13, 0, 8, 0, 45, 0, 0, -66, -14, -11, -36, -9, -16, 34, 0, 0, -8, -76, 0, 0, 0, -59, 0, -29, 0, -18, 0, 0, 0, 23, -33, -8, 0, 0, 0, 0, 0, 100, 0, -15, -52, 51, -102, -22, 0, 0, -14, -4, -26, -13, 0, 86, -32, -29, 0, 37, 12, -8, 16, -1, 28, -24, -8, 0, 0, 20, 21, 0, 33};
weight_ih[167] = {2, 6, 32, 2, 0, 3, 0, 7, 0, 0, 12, 10, 6, 5, 7, 13, 6, 0, 0, 8, 8, 0, 10, 0, 24, 5, 14, 0, 3, 0, 0, 0, 1, 4, 3, 0, 0, 0, 0, 0, 13, 0, 9, 13, 18, 33, 11, 0, 0, 7, 8, 0, 7, 0, 9, -1, 2, 0, 9, 11, 6, 4, 22, 14, 1, 3, 0, 0, -1, 12, 0, 4};
weight_ih[168] = {18, 3, -13, -7, 0, -19, 0, 55, 0, 0, 49, 11, -48, -2, -17, -32, -6, 0, 0, -21, -46, 0, 21, 0, -8, -26, 4, 0, 6, 0, 0, 0, -8, 13, 26, 0, 0, 0, 0, 0, -8, 0, -13, -18, 5, -24, 17, 0, 0, -7, 31, -13, -43, 0, 24, -6, 19, 0, 38, -39, 33, -6, -37, 69, -8, 29, 0, 0, 23, -48, 0, -30};
weight_ih[169] = {2, -25, 12, -36, 0, -14, 0, -32, 0, 0, 4, 54, -50, -40, 72, 30, 6, 0, 0, -58, -23, 0, 6, 0, -17, -19, 8, 0, 3, 0, 0, 0, 1, 4, 6, 0, 0, 0, 0, 0, -13, 0, 66, -7, -1, -30, 21, 0, 0, -37, 60, 2, -20, 0, 6, 22, -6, 0, 49, -20, -11, -58, -21, 11, 9, 38, 0, 0, 28, -13, 0, -9};
weight_ih[170] = {-5, 38, 36, -45, 0, -54, 0, -43, 0, 0, 2, -76, 38, 12, -43, -59, 14, 0, 0, -57, 1, 0, 12, 0, 24, 35, 44, 0, -26, 0, 0, 0, -20, 38, -18, 0, 0, 0, 0, 0, 3, 0, -27, 54, -8, 38, 43, 0, 0, -46, -18, -1, 86, 0, -51, -32, 11, 0, -34, 56, -67, -7, -29, 18, -3, 36, 0, 0, -4, 29, 0, -18};
weight_ih[171] = {-19, -15, 19, 5, 0, -16, 0, -17, 0, 0, -17, -35, 19, -15, -10, -16, -15, 0, 0, 14, -4, 0, -5, 0, 29, -3, -2, 0, -14, 0, 0, 0, 21, 6, 4, 0, 0, 0, 0, 0, -7, 0, -17, 22, -24, -64, 32, 0, 0, 6, -2, -9, 4, 0, 16, 11, -6, 0, 16, 0, -18, 1, 45, 20, 39, 12, 0, 0, -13, 44, 0, 9};
weight_ih[172] = {0, -6, -28, -2, 0, -2, 0, -6, 0, 0, -11, -11, -7, -4, -8, -13, -7, 0, 0, -9, -7, 0, -9, 0, -22, -4, -13, 0, -3, 0, 0, 0, 0, -5, -4, 0, 0, 0, 0, 0, -12, 0, -8, -11, -18, -35, -11, 0, 0, -7, -7, 1, -7, 0, -8, 0, -3, 0, -10, -10, -6, -4, -21, -14, -1, -3, 0, 0, 0, -11, 0, -5};
weight_ih[173] = {1, -5, -30, -3, 0, -2, 0, -5, 0, 0, -11, -11, -6, -5, -9, -13, -6, 0, 0, -8, -8, 0, -10, 0, -23, -4, -13, 0, -3, 0, 0, 0, -1, -4, -3, 0, 0, 0, 0, 0, -12, 0, -9, -12, -18, -34, -12, 0, 0, -6, -8, 1, -8, 0, -8, 2, -3, 0, -10, -11, -6, -4, -22, -14, -1, -3, 0, 0, 2, -11, 0, -5};
weight_ih[174] = {-39, 23, 50, 7, 0, -25, 0, -2, 0, 0, -53, -37, -16, -56, 0, -33, -11, 0, 0, -21, 11, 0, 22, 0, 15, 8, -17, 0, -23, 0, 0, 0, 41, 6, 24, 0, 0, 0, 0, 0, 36, 0, -7, -6, 0, -119, -39, 0, 0, -1, 24, 11, -34, 0, 20, -32, -37, 0, -7, 8, -31, 30, -12, 37, -18, 2, 0, 0, 5, 5, 0, -16};
weight_ih[175] = {-8, 3, -11, -16, 0, -4, 0, 1, 0, 0, -24, -33, 19, 17, 16, -65, 27, 0, 0, -15, -14, 0, -16, 0, 20, -7, 51, 0, 52, 0, 0, 0, 4, 10, -39, 0, 0, 0, 0, 0, -43, 0, -20, 24, 56, -35, -6, 0, 0, -28, 8, -6, 0, 0, 34, -27, -31, 0, -28, 27, 13, 5, -49, 17, -8, 32, 0, 0, -15, -39, 0, 47};
weight_ih[176] = {-30, -26, 20, 5, 0, 4, 0, 23, 0, 0, 42, -11, 6, -14, -51, 20, -30, 0, 0, -46, -40, 0, 22, 0, 27, 6, -69, 0, 14, 0, 0, 0, -34, -26, -39, 0, 0, 0, 0, 0, -38, 0, -12, -27, 12, 4, -12, 0, 0, -9, 49, -16, 42, 0, -94, 14, 49, 0, -6, 7, 83, 25, -43, 12, 5, -4, 0, 0, -26, 40, 0, -44};
weight_ih[177] = {2, 5, 7, -9, 0, 2, 0, -2, 0, 0, -40, -18, 16, 7, 0, -12, 2, 0, 0, -24, 48, 0, 8, 0, 27, -22, 33, 0, 5, 0, 0, 0, -30, 7, 1, 0, 0, 0, 0, 0, -58, 0, -5, -11, -52, -8, 0, 0, 0, -41, 14, 0, -3, 0, 14, 30, -3, 0, 16, -7, 5, 23, -3, 16, 2, 32, 0, 0, 28, 10, 0, 47};
weight_ih[178] = {-5, -35, -14, -15, 0, 25, 0, -15, 0, 0, 37, -7, 45, -77, -12, 5, 24, 0, 0, 3, 10, 0, 13, 0, 3, -45, 16, 0, 3, 0, 0, 0, -8, 5, -2, 0, 0, 0, 0, 0, -23, 0, 31, -2, -18, 57, 2, 0, 0, 17, 4, -10, -1, 0, 15, 19, -3, 0, 3, -1, 41, 1, 59, -25, 45, -15, 0, 0, -13, 30, 0, 23};
weight_ih[179] = {-14, -19, -13, -14, 0, -6, 0, 2, 0, 0, -33, -30, 7, -14, 8, -49, 30, 0, 0, 41, -41, 0, 11, 0, 66, -20, 13, 0, -10, 0, 0, 0, 15, -10, -3, 0, 0, 0, 0, 0, 21, 0, -8, 30, -14, -35, 22, 0, 0, -3, -9, 4, 28, 0, -15, -32, -17, 0, 60, -13, 9, -32, 44, 15, 4, -15, 0, 0, -15, -4, 0, 12};
weight_ih[180] = {-16, -9, -40, -4, 0, 16, 0, -1, 0, 0, 21, 24, -13, -7, -7, 8, -2, 0, 0, 3, 6, 0, -3, 0, -7, -24, -31, 0, 1, 0, 0, 0, -36, 5, -8, 0, 0, 0, 0, 0, 10, 0, 14, 16, -3, 64, 3, 0, 0, 6, -15, -7, 7, 0, -7, 3, -22, 0, 14, -13, -2, -1, 25, 22, -25, 10, 0, 0, -7, -25, 0, 2};
weight_ih[181] = {3, -51, 5, 4, 0, -43, 0, 4, 0, 0, -19, -26, -10, -58, -14, -60, -17, 0, 0, 2, 8, 0, -61, 0, -25, 13, -11, 0, -2, 0, 0, 0, -48, -8, -23, 0, 0, 0, 0, 0, -1, 0, 18, -27, -10, -20, 3, 0, 0, -9, -4, -4, -59, 0, 33, -6, -6, 0, -48, -11, 52, -23, -44, 43, 14, -3, 0, 0, 9, -12, 0, -38};
weight_ih[182] = {-52, 21, 49, 0, 0, -7, 0, -9, 0, 0, -1, 4, 0, -18, 11, 13, 39, 0, 0, -45, -4, 0, 26, 0, 47, -3, 21, 0, -18, 0, 0, 0, 24, 13, 1, 0, 0, 0, 0, 0, 4, 0, 6, 6, -58, 9, -3, 0, 0, -36, 0, -6, -47, 0, -10, -6, -21, 0, 3, -12, -36, -4, 16, -6, -1, -2, 0, 0, 6, -3, 0, 22};
weight_ih[183] = {35, 25, 60, 1, 0, 28, 0, 34, 0, 0, -46, -2, -59, -29, -10, -47, -37, 0, 0, 13, -39, 0, -10, 0, 41, 23, -20, 0, -67, 0, 0, 0, 32, -12, 1, 0, 0, 0, 0, 0, 22, 0, -21, -3, -9, -33, 32, 0, 0, 8, -16, 33, -6, 0, 61, -26, -12, 0, -9, 2, -32, 14, -14, 18, -11, -5, 0, 0, 35, -2, 0, -30};
weight_ih[184] = {10, -14, -42, 8, 0, -20, 0, 30, 0, 0, 36, 30, 28, 32, -30, -12, 6, 0, 0, 25, 4, 0, -29, 0, -30, -17, -29, 0, 19, 0, 0, 0, -31, -10, 28, 0, 0, 0, 0, 0, 18, 0, 26, -41, -63, 34, -5, 0, 0, -60, -54, 4, -42, 0, 10, -31, -6, 0, -16, -23, 32, 9, -40, -2, 22, 6, 0, 0, -8, -4, 0, 14};
weight_ih[185] = {16, -17, -33, 9, 0, 18, 0, -5, 0, 0, -15, -1, 2, 25, -25, 33, -20, 0, 0, 39, 37, 0, -14, 0, -3, -18, -21, 0, 36, 0, 0, 0, 11, 34, 17, 0, 0, 0, 0, 0, 40, 0, -71, -48, -60, 17, -47, 0, 0, 1, -47, -5, -18, 0, -29, 9, 0, 0, -48, -57, 19, 17, -4, 9, -3, 28, 0, 0, -1, 12, 0, 8};
weight_ih[186] = {31, -21, -16, -15, 0, -27, 0, -27, 0, 0, 12, 19, 30, 30, -1, 26, 11, 0, 0, 26, 20, 0, -8, 0, -1, -10, -2, 0, 10, 0, 0, 0, -11, -4, 2, 0, 0, 0, 0, 0, 19, 0, 17, -39, 3, 47, -2, 0, 0, -9, -25, -1, -88, 0, -14, 5, 30, 0, -16, -54, -17, -6, -17, 14, -26, -2, 0, 0, 6, -36, 0, 13};
weight_ih[187] = {-3, -11, 31, 1, 0, -1, 0, 4, 0, 0, -4, -26, -2, 2, -38, -5, -13, 0, 0, 19, -37, 0, -19, 0, 43, 27, -43, 0, -17, 0, 0, 0, 11, -18, 2, 0, 0, 0, 0, 0, 38, 0, 11, 19, -5, -81, 9, 0, 0, -11, -54, -5, -9, 0, -44, -36, -21, 0, 26, 14, -13, -14, 48, -12, -12, 24, 0, 0, 3, 4, 0, -10};
weight_ih[188] = {-1, -13, -23, 18, 0, -3, 0, 10, 0, 0, 75, 45, -21, -6, -33, -51, 2, 0, 0, 8, -39, 0, -6, 0, 17, -13, 43, 0, -6, 0, 0, 0, -22, 12, -15, 0, 0, 0, 0, 0, -21, 0, -12, 7, 59, -30, -15, 0, 0, 19, 39, -10, 30, 0, -34, 22, 21, 0, 33, 82, 11, 6, 7, 10, 2, 21, 0, 0, -30, -6, 0, 11};
weight_ih[189] = {1, 42, 8, 8, 0, 12, 0, -14, 0, 0, 11, -36, 58, 39, -67, -29, -17, 0, 0, -9, -7, 0, -34, 0, 49, 38, 25, 0, 23, 0, 0, 0, 82, 32, -40, 0, 0, 0, 0, 0, 9, 0, 42, 8, -12, -24, -4, 0, 0, -15, 13, 8, 34, 0, -23, 50, -13, 0, -8, 38, -11, 37, 24, -15, 7, -43, 0, 0, 8, 18, 0, -15};
weight_ih[190] = {8, 3, 13, -35, 0, 13, 0, -27, 0, 0, -47, -15, 39, -8, 62, 18, 13, 0, 0, 46, 60, 0, -9, 0, -35, 25, -49, 0, -33, 0, 0, 0, 80, -8, -8, 0, 0, 0, 0, 0, -13, 0, -40, 36, -35, 14, 51, 0, 0, 21, -23, 13, -68, 0, 68, -74, -48, 0, 7, -60, -53, -21, 37, -38, -51, -57, 0, 0, -36, -15, 0, 56};
weight_ih[191] = {-15, 3, -23, -24, 0, -17, 0, -27, 0, 0, -13, -53, 41, -40, -27, -40, -9, 0, 0, -13, 8, 0, 9, 0, 10, -13, 16, 0, -24, 0, 0, 0, 11, 54, 22, 0, 0, 0, 0, 0, -8, 0, 11, 24, -28, 4, 9, 0, 0, -14, 28, -2, -2, 0, 19, 64, -39, 0, -48, 23, 30, -8, -36, -32, 29, -11, 0, 0, -2, 5, 0, 5};
weight_ih[192] = {35, 26, 11, 23, 0, 39, 0, 14, 0, 0, -31, -68, 72, 8, -62, -31, 18, 0, 0, 5, -60, 0, -6, 0, -29, -14, -66, 0, -20, 0, 0, 0, -34, -20, -1, 0, 0, 0, 0, 0, 25, 0, -20, -32, 2, -13, -14, 0, 0, 37, 2, 12, 33, 0, 3, 71, -44, 0, 2, 71, 14, 28, -33, -13, -11, -19, 0, 0, 17, 42, 0, 5};
weight_ih[193] = {-25, 2, 19, 15, 0, 24, 0, -15, 0, 0, 20, -47, 9, -16, 2, -33, 9, 0, 0, -31, -30, 0, 9, 0, 14, -23, 3, 0, 37, 0, 0, 0, 41, -11, 19, 0, 0, 0, 0, 0, -13, 0, -7, 5, -30, 5, -8, 0, 0, 36, 72, -21, 41, 0, -1, 39, 14, 0, 59, 65, 4, -19, 33, -22, -1, 53, 0, 0, -10, 34, 0, -33};
weight_ih[194] = {-29, 19, 6, -25, 0, 15, 0, -3, 0, 0, -64, -29, 8, -127, 1, -7, 41, 0, 0, -47, -28, 0, 13, 0, 14, -16, 7, 0, -23, 0, 0, 0, -25, -7, 3, 0, 0, 0, 0, 0, -2, 0, 3, -3, 1, -92, 8, 0, 0, -13, 9, -64, -15, 0, -22, -12, -4, 0, 9, 0, -29, -23, -15, 22, -16, 35, 0, 0, -9, -3, 0, 22};
weight_ih[195] = {-48, 35, 42, 24, 0, -2, 0, -11, 0, 0, 27, 4, 18, 89, 40, -2, -12, 0, 0, 22, -28, 0, 22, 0, 49, 36, -2, 0, 6, 0, 0, 0, 35, -15, -13, 0, 0, 0, 0, 0, -58, 0, 4, 24, -19, -33, -8, 0, 0, 20, -46, 7, -17, 0, -32, -10, 23, 0, 18, 1, 18, 6, 22, 11, 41, -18, 0, 0, 1, 76, 0, 0};
weight_ih[196] = {-64, -41, 36, 12, 0, 12, 0, 10, 0, 0, 33, 7, 1, 64, -13, 44, -8, 0, 0, 3, 0, 0, 23, 0, -20, -11, 4, 0, -8, 0, 0, 0, -25, -2, 3, 0, 0, 0, 0, 0, -1, 0, 10, -19, 10, 61, 34, 0, 0, -2, 16, -8, 4, 0, 17, -13, -22, 0, -15, 3, -1, 21, 40, 20, -41, 23, 0, 0, -15, -11, 0, -24};
weight_ih[197] = {11, 18, 43, -5, 0, -4, 0, -37, 0, 0, -10, -24, -26, -47, 13, -8, 36, 0, 0, 5, -3, 0, -1, 0, 67, 40, 0, 0, 9, 0, 0, 0, 26, 35, 10, 0, 0, 0, 0, 0, 21, 0, -8, 33, -6, -79, 37, 0, 0, 9, -5, -14, -2, 0, 23, -5, 3, 0, -6, 11, -13, -18, -19, 17, -23, -19, 0, 0, -26, -55, 0, 17};
weight_ih[198] = {0, -4, -26, 32, 0, 9, 0, -11, 0, 0, 33, 19, 1, -4, 17, 17, -31, 0, 0, 30, 27, 0, 3, 0, 10, 0, -21, 0, -7, 0, 0, 0, 4, 11, -49, 0, 0, 0, 0, 0, -52, 0, 37, -23, 10, 36, -27, 0, 0, 22, -8, 3, -24, 0, 31, 10, -5, 0, -5, -43, -35, 27, -29, 48, -27, 56, 0, 0, 34, -21, 0, 18};
weight_ih[199] = {6, -13, 58, 30, 0, 32, 0, 0, 0, 0, -12, -41, 40, 22, -6, 19, 39, 0, 0, 14, 24, 0, -21, 0, -19, 1, -48, 0, -23, 0, 0, 0, -2, -14, 31, 0, 0, 0, 0, 0, 9, 0, -39, -31, -25, 36, -17, 0, 0, -6, 12, 15, -59, 0, 19, 19, -19, 0, -7, -19, -1, 29, -27, -30, -11, -35, 0, 0, 47, -20, 0, 38};
weight_ih[200] = {1, -8, -30, -2, 0, 12, 0, -18, 0, 0, 34, 23, -31, -17, -6, -6, -31, 0, 0, 31, -25, 0, -14, 0, -34, -12, 43, 0, 10, 0, 0, 0, -58, 5, -11, 0, 0, 0, 0, 0, 2, 0, -35, -15, -6, -20, 5, 0, 0, 0, -5, 24, -8, 0, -19, 29, 35, 0, 17, 6, -72, 34, -18, -24, -11, 18, 0, 0, 52, -7, 0, -2};
weight_ih[201] = {-19, -45, 40, 28, 0, -34, 0, -6, 0, 0, 3, -12, -27, -24, -20, -39, 11, 0, 0, 2, 17, 0, 11, 0, -8, -9, 37, 0, 10, 0, 0, 0, -25, -10, -37, 0, 0, 0, 0, 0, -11, 0, -20, -16, 34, -16, 6, 0, 0, 20, -33, -4, -7, 0, -40, 21, 51, 0, -26, 43, 8, 15, 10, 17, -9, 35, 0, 0, -37, 20, 0, -50};
weight_ih[202] = {24, -67, 6, -38, 0, -22, 0, 2, 0, 0, -21, 19, 9, -3, 52, 31, 22, 0, 0, 23, 38, 0, -35, 0, -9, -18, 26, 0, -10, 0, 0, 0, 11, -31, -3, 0, 0, 0, 0, 0, 33, 0, -20, -2, -4, 80, -7, 0, 0, 1, -28, 50, -28, 0, 16, -52, -11, 0, -13, -35, -9, -2, 38, -3, -16, 42, 0, 0, 24, -3, 0, 28};
weight_ih[203] = {-40, -20, 10, 6, 0, -9, 0, 3, 0, 0, -33, -48, 54, -11, 20, -35, 23, 0, 0, -62, 38, 0, -37, 0, 10, -17, 2, 0, 17, 0, 0, 0, -1, -25, -41, 0, 0, 0, 0, 0, 24, 0, -60, -26, -33, 49, 19, 0, 0, -20, 31, 9, 8, 0, 62, 46, 12, 0, -9, 46, 92, 18, 23, -14, 38, -9, 0, 0, 8, 15, 0, 4};
weight_ih[204] = {19, -25, 17, -2, 0, 24, 0, 28, 0, 0, 17, 65, 15, 3, 17, 3, 68, 0, 0, 11, 5, 0, 23, 0, -52, -25, 42, 0, 12, 0, 0, 0, -18, -33, -3, 0, 0, 0, 0, 0, 62, 0, 17, -37, 35, 86, -40, 0, 0, -9, 8, 14, -29, 0, 22, -11, 32, 0, 13, 32, 44, 13, -1, -34, -4, -16, 0, 0, -7, 2, 0, 12};
weight_ih[205] = {7, 23, 36, -9, 0, -13, 0, 7, 0, 0, -9, -30, -11, -4, -1, -16, 13, 0, 0, 18, -2, 0, -22, 0, 71, 40, -50, 0, 4, 0, 0, 0, 10, 29, 4, 0, 0, 0, 0, 0, 0, 0, -24, 43, -9, -77, 30, 0, 0, -1, -17, -26, 23, 0, -17, 5, -1, 0, -1, -1, -33, -8, -7, 20, 3, -3, 0, 0, -8, -16, 0, 6};
weight_ih[206] = {27, -29, -15, -8, 0, 24, 0, -11, 0, 0, 6, 30, -24, 18, 9, 19, 8, 0, 0, 12, 27, 0, -17, 0, -30, -32, -1, 0, 31, 0, 0, 0, -16, 12, -1, 0, 0, 0, 0, 0, -6, 0, 18, 16, 15, 90, 0, 0, 0, -4, 5, 31, 1, 0, 24, -20, -4, 0, 27, -13, -23, 28, -19, -41, 6, -25, 0, 0, 21, 27, 0, 7};
weight_ih[207] = {-26, -9, -13, -2, 0, 17, 0, 32, 0, 0, 20, 35, -11, 26, 7, -47, -6, 0, 0, 21, 12, 0, -26, 0, 17, -23, 4, 0, -2, 0, 0, 0, -6, 2, 11, 0, 0, 0, 0, 0, -4, 0, 15, -38, -20, 22, -65, 0, 0, -5, 30, -2, -26, 0, -8, -17, 14, 0, 22, 0, 42, -33, -43, 0, -42, -21, 0, 0, 6, -97, 0, 12};
weight_ih[208] = {33, 6, 2, -16, 0, 14, 0, -24, 0, 0, -13, -8, 22, 23, 8, 10, 18, 0, 0, 22, -18, 0, 30, 0, -50, -24, 3, 0, 21, 0, 0, 0, -15, 24, -26, 0, 0, 0, 0, 0, 10, 0, 31, -30, 17, 46, -11, 0, 0, 2, 0, -7, -9, 0, 26, -10, 18, 0, 18, -8, 3, 0, 0, -11, 27, -14, 0, 0, 28, 20, 0, -20};
weight_ih[209] = {7, -7, 4, -17, 0, -85, 0, 5, 0, 0, -21, 54, -13, 12, 51, 14, 0, 0, 0, -10, 4, 0, -37, 0, 2, 16, -9, 0, 17, 0, 0, 0, -6, -6, 19, 0, 0, 0, 0, 0, 37, 0, 20, 16, 10, 10, 30, 0, 0, -69, 23, 27, 35, 0, 10, 16, 12, 0, 64, 33, -43, -33, -11, -35, -1, -37, 0, 0, -24, 8, 0, -22};
weight_ih[210] = {-12, 18, 30, 2, 0, -13, 0, 22, 0, 0, -16, -16, -5, 18, -15, -21, 31, 0, 0, -20, 13, 0, 0, 0, -10, 22, -32, 0, 2, 0, 0, 0, -20, -19, 25, 0, 0, 0, 0, 0, 8, 0, 7, -27, 20, 25, 18, 0, 0, -17, -6, 2, -44, 0, -22, -4, 10, 0, 3, 22, 14, 14, -23, 24, -8, 3, 0, 0, -7, 17, 0, 20};
weight_ih[211] = {-18, -29, -33, -22, 0, -3, 0, -2, 0, 0, -19, -24, -8, -12, -34, -23, 9, 0, 0, -15, -41, 0, 8, 0, 23, -30, -4, 0, 18, 0, 0, 0, -19, 12, -51, 0, 0, 0, 0, 0, 12, 0, -4, -32, -8, -30, -16, 0, 0, 23, 2, -12, -9, 0, -6, -14, -6, 0, -42, 0, 8, -13, -30, 10, -11, 0, 0, 0, -26, -58, 0, -17};
weight_ih[212] = {19, 9, 23, 22, 0, 6, 0, -27, 0, 0, 38, -2, -8, -1, -49, 39, -42, 0, 0, -11, 26, 0, 12, 0, 20, 6, 38, 0, -18, 0, 0, 0, 10, -1, 14, 0, 0, 0, 0, 0, 2, 0, 27, 14, -26, -2, 4, 0, 0, 4, -26, -3, 4, 0, 8, -10, 25, 0, 26, 0, -1, 16, 47, 15, 3, -7, 0, 0, 2, 24, 0, -14};
weight_ih[213] = {37, -20, -53, -5, 0, 2, 0, -14, 0, 0, -13, 23, -37, 28, 39, 14, -21, 0, 0, 10, 41, 0, -13, 0, -32, -32, -18, 0, 0, 0, 0, 0, -14, -25, -33, 0, 0, 0, 0, 0, 12, 0, -47, -32, 24, 25, -49, 0, 0, -8, -22, 7, 8, 0, 15, 10, 42, 0, 25, 3, -6, 10, 34, -16, 12, 5, 0, 0, -14, 22, 0, -22};
weight_ih[214] = {-24, -18, -30, 4, 0, -3, 0, -27, 0, 0, -6, -2, -18, 4, -28, 13, 89, 0, 0, -31, -3, 0, 31, 0, 26, -11, -29, 0, 14, 0, 0, 0, -42, 2, 34, 0, 0, 0, 0, 0, 75, 0, -16, -8, -16, -94, 8, 0, 0, 4, -33, -6, -4, 0, 28, -1, -4, 0, -22, 0, -26, 1, 11, 19, -27, -1, 0, 0, -25, -36, 0, 28};
weight_ih[215] = {-15, 6, 35, -16, 0, -1, 0, 20, 0, 0, 23, -3, -28, 16, -19, 34, 1, 0, 0, 10, 5, 0, 15, 0, 47, -5, -6, 0, -3, 0, 0, 0, -16, -9, 5, 0, 0, 0, 0, 0, -11, 0, 4, 1, -11, -23, 37, 0, 0, -11, 1, -8, -37, 0, 13, -13, -5, 0, -7, 0, 50, -40, 52, 54, 6, -54, 0, 0, 8, 6, 0, 13};

Bias_ih (8 bit):
 {687, -335, -436, 263, 205, -4, 85, 178, -159, -229, 4, 317, 250, -207, 370, -461, 221, -170, -59, 65, -43, -315, 47, -357, -171, 58, 404, 425, 775, -30, -649, -494, -22, 68, 368, 438, 729, 71, 3, 210, 251, 5, -407, -410, -226, -5, 166, 471, 407, 656, 261, -242, 62, 409, 409, -493, -369, -337, 327, 189, 399, -99, 368, 254, -100, -118, -406, -44, 193, 361, 302, 223, 193, 30, 486, 421, -4, 299, 81, -173, 55, -156, -27, -165, 125, 109, 313, 212, 290, 203, -151, -299, -113, -14, 286, 175, 210, 190, 260, 125, 472, 398, 333, 385, -70, 406, 266, -239, 537, -131, 180, 107, 152, -121, -91, -90, -318, 207, 150, -6, -98, -114, -253, -243, 379, -93, -96, 322, -71, 701, -10, 280, -86, 279, 78, 336, 124, -30, -101, 208, 105, 96, -250, -87, 161, -28, -24, 163, 114, 155, 11, 191, 215, 176, -71, 52, -83, 196, 121, -12, 220, 54, 191, 174, 19, 197, 80, 61, 154, 143, 89, -1, -58, 60, 83, -29, -105, 33, 150, 219, 65, 179, 128, 129, 175, 125, 109, 115, 135, 16, 16, -135, 109, 169, 91, 297, -30, 109, 111, 84, 101, 189, 241, 159, 103, 141, 111, -134, 71, 177, 107, -80, 146, 144, 213, -224};
Weight_hh (8 bit):
weight_hh[0] = {11, 9, 6, -15, -14, 5, 1, 11, 26, 3, -5, 1, 24, 5, -15, 2, -14, -15, 3, -18, 11, 2, 2, 28, 14, -26, 15, 30, 1, -22, 61, -13, -10, -14, -35, -12, 8, -14, 27, -16, -8, 3, 11, 11, 13, -39, -17, 14, -11, -5, -41, -14, -48, -11, -10, 12, 11, -20, -4, 2, -11, -66, -19, 12, 17, 26, 10, -28, -42, -4, -2, -11};
weight_hh[1] = {-7, -6, -1, -4, 5, 0, -2, -2, 2, 1, -10, 6, -2, -7, -2, -1, -3, -2, -10, 0, 4, 5, -5, 2, -2, 8, 2, 3, -12, 7, 8, 0, 1, -3, 0, 10, -5, 3, -2, -9, 5, -2, -11, -11, -7, -4, 0, -1, 11, 7, 3, 1, -2, 11, 11, -4, -11, 3, 7, 5, 11, 3, 0, 5, 1, 2, -11, 4, 2, -3, 7, 0};
weight_hh[2] = {11, -18, 22, 14, -8, -29, 19, 8, -17, -11, -2, 5, -9, 2, 1, -7, 2, 9, -1, -10, 2, 5, 17, 5, -13, 2, -5, 30, -23, 12, 18, -17, -33, -4, -60, 0, -18, -5, -32, 14, 10, 2, -7, -7, -8, -32, -24, -6, 7, 2, 32, 31, -12, 8, 8, 19, -4, 38, 12, -9, 7, -5, 16, -6, 34, 11, -8, -39, -14, 0, -10, -43};
weight_hh[3] = {9, -11, -9, -6, 11, 0, 16, 4, -8, 3, 2, 9, -7, -11, -26, 16, 8, -9, -7, -1, 16, -7, -15, -29, -15, 4, 6, 6, 4, -24, 8, -1, -20, -24, 20, 6, 6, -16, 2, -20, 26, -13, -5, -6, -5, -37, 33, 3, 5, 0, -2, 2, 7, 7, 6, -27, -6, 2, 2, -30, 7, -6, -30, 0, 39, 12, -6, -4, -8, -23, 9, -6};
weight_hh[4] = {-7, -4, -7, 0, -37, 7, 7, 15, 8, -5, 10, 0, -9, 44, 2, 13, -10, -6, 12, -2, -20, -6, 25, 23, 20, 8, 1, -1, -5, 25, 63, 11, -1, -25, 26, -10, 14, 3, -4, -12, 34, 7, 5, 5, 3, 5, 13, 11, -5, 16, -11, 24, -27, -5, -5, -26, 8, 11, 7, -6, -5, 43, 28, 7, 26, 4, 5, -20, 70, -19, -2, 1};
weight_hh[5] = {2, -1, -3, 2, 1, 1, 2, 1, 0, 1, 0, 0, -1, -1, 1, -3, -4, -2, -1, -3, -2, -1, 0, -3, -3, 4, 2, 1, 0, -1, 0, 1, 3, -1, 0, 4, 1, -4, 0, -2, 1, 0, -5, -5, -4, 0, 1, -2, 5, 1, -1, -2, 2, 5, 5, -2, -5, -1, 0, 2, 5, -1, 1, 2, 0, -2, -5, 3, -2, 2, 3, -1};
weight_hh[6] = {-18, -2, -16, -33, -18, -5, -42, 0, 14, 17, -1, 0, 50, -33, -41, -50, 22, -49, -13, -11, 1, 6, -26, -40, -24, 18, 14, 46, -4, -24, 14, 32, 1, -17, -13, 8, 2, -1, -20, -5, 11, -17, -9, -9, -14, 29, 22, 17, 9, 17, 8, -9, 11, 9, 9, 12, -8, 1, 8, -50, 8, 5, 21, -13, -9, -25, -9, 12, -15, 18, 22, 4};
weight_hh[7] = {-7, -6, -5, 24, 4, 5, 21, -4, -8, 2, -7, 7, -16, 14, 21, 21, -5, 11, -7, -8, -29, -7, -16, 27, 25, 18, -6, -14, 0, 49, 8, -19, 18, -11, 0, 3, 2, 17, 18, -16, 0, 1, -4, -4, -5, 24, -9, -47, 4, -12, 12, -30, 29, 4, 4, -9, -3, 2, -8, 29, 4, -11, 12, 21, -7, -1, -4, 18, 21, 27, 1, 3};
weight_hh[8] = {-10, -14, 24, 14, 12, -7, -37, -1, 10, -2, 17, 1, 8, 14, 35, 8, 16, -8, 6, 11, -14, 0, 58, -3, 40, -32, 30, 8, -26, -8, 33, -35, 25, 6, 10, -9, -7, 35, -21, 5, 14, 2, 7, 6, 4, -21, 13, 11, -5, 21, -8, -5, 24, -3, -6, 16, 10, 15, 37, 65, -5, 29, 44, 36, 50, 0, 2, -7, 16, -17, -3, 5};
weight_hh[9] = {26, -10, -11, -29, -18, 0, 3, 32, -3, 7, 0, 8, 33, 22, -1, -17, 16, 1, -3, -16, -13, 9, 12, -1, -9, -24, 35, 61, 4, 18, -7, -13, 9, 0, -9, 5, 16, -7, -5, 8, -8, -5, -5, -5, -4, -54, 17, -16, 5, 0, 7, -29, 41, 5, 5, -15, -5, -22, -10, 15, 5, 5, -37, 8, -25, -1, -5, 19, -1, 2, 7, 19};
weight_hh[10] = {-3, 4, 9, 8, 2, 8, 10, -11, 1, -4, -6, 4, -3, -2, 7, -3, -1, 2, -4, -10, 18, 11, -10, -4, -7, -7, 6, 20, -7, -2, 18, -20, 7, -5, 3, 6, -5, -11, -3, -4, -6, 0, -7, -7, -2, -12, -15, 21, 7, -1, 8, 14, 3, 7, 7, -9, -7, -2, -1, 9, 7, 0, -15, 7, 27, -1, -7, 10, -6, -4, 1, -2};
weight_hh[11] = {2, -1, -3, 1, 0, 1, 1, 1, -1, 1, 1, 0, -1, -1, 2, -2, -4, -1, -1, -3, -2, -1, 1, -2, -3, 3, 2, 1, 0, -1, 0, 1, 3, -2, 0, 4, 1, -3, -1, -1, 1, 0, -5, -5, -4, 0, 1, -2, 5, 1, -2, -3, 3, 5, 5, -2, -5, -1, 0, 2, 5, -1, 1, 1, 0, -2, -5, 3, -1, 1, 3, 0};
weight_hh[12] = {5, -8, 4, 3, 0, -2, 6, 4, -7, 3, -2, -1, 5, -4, 4, -7, 2, -1, -2, -1, -5, -2, -3, -7, -10, 3, 0, 9, 5, -7, -8, -11, -4, 1, 6, 8, 7, -5, 13, 0, -11, -14, -8, -8, -5, -8, -4, -1, 8, -2, -2, 0, 3, 8, 8, 0, -8, -1, -10, 0, 8, -6, 4, -2, -6, 4, -8, 3, 1, -4, 10, -4};
weight_hh[13] = {-3, -1, -23, 0, 0, 3, 2, -5, 5, -6, 5, 1, 5, -6, 4, -6, 4, 6, -2, 3, 4, 8, -15, -12, -16, 24, 2, 10, 3, -9, 5, -6, 8, 10, 18, 11, 0, -15, -7, 0, -4, 6, -12, -12, -15, -25, 4, 2, 12, -5, 13, 6, -22, 12, 12, -6, -12, -4, 7, 26, 12, -22, 3, -5, 23, -1, -12, 11, -5, 8, 2, -6};
weight_hh[14] = {4, -7, -2, 8, -5, -2, 1, 3, -1, 1, 3, -2, 4, -6, 3, -3, -8, -2, 0, 3, -2, -5, 2, -1, -8, 4, 7, 5, 3, -4, -5, -8, 1, -2, -2, 8, 5, 0, 3, 0, -2, -5, -9, -9, -3, 6, -4, -6, 9, 3, 7, 2, 0, 9, 9, -4, -9, 1, -1, 10, 9, -6, 5, 3, -2, -1, -9, -1, 7, -3, 6, -4};
weight_hh[15] = {1, 0, -3, 1, 0, 2, 0, 2, 1, 1, 1, -1, -1, -2, 1, -2, -3, -2, -3, -2, -2, -1, 0, -2, -4, 3, 1, 1, 0, -1, 0, 1, 3, -2, -1, 5, 1, -4, -1, -3, 1, 0, -5, -5, -5, 1, 1, 0, 5, 1, -1, -2, 1, 5, 5, -2, -5, -1, 1, 1, 5, -1, 1, 0, 2, -1, -5, 3, -1, 0, 2, 0};
weight_hh[16] = {6, -6, 7, -7, 16, -7, 11, 6, -30, 11, 15, 7, 2, 10, -4, -10, -6, -10, 10, -4, -8, -21, 8, -18, 25, 40, 6, -11, -16, -20, -11, 5, -4, 9, -22, 4, -2, 4, 6, -29, 30, 5, -4, -4, -6, 16, -4, -18, 4, -16, 16, -10, 1, 4, 4, -15, -4, -9, 15, -11, 4, 39, -3, 18, -8, -59, -4, -36, -3, -11, 8, -19};
weight_hh[17] = {2, -1, -3, 2, 1, 1, 2, 2, 0, 2, 0, 0, -1, -1, 1, -3, -4, -2, -1, -3, -2, -2, 0, -3, -3, 3, 2, 1, 0, -1, 0, 2, 3, -2, -1, 4, 1, -4, -1, -2, 1, -1, -5, -5, -4, 0, 1, -2, 5, 1, -1, -3, 2, 5, 5, -2, -5, -1, 1, 2, 5, -1, 2, 2, 0, -2, -5, 3, -2, 2, 3, 0};
weight_hh[18] = {3, -1, -3, 2, 0, 1, 2, 2, -1, 1, 0, 0, -1, 0, 2, -3, -4, -1, -1, -4, -3, -1, 1, -2, -2, 3, 2, 1, 0, -1, 0, 1, 4, -2, 0, 4, 1, -2, 0, -2, 1, -1, -5, -5, -4, 0, 0, -2, 5, 1, -1, -3, 2, 5, 5, -1, -5, -1, 0, 2, 5, -1, 1, 1, 0, -3, -5, 3, -2, 2, 3, 0};
weight_hh[19] = {-1, -5, 49, 41, 38, 7, 0, 4, -4, 1, 10, 9, -36, -2, 8, 33, -17, -23, 7, 11, -19, -16, 5, 10, 36, -46, 21, -37, 13, 14, 6, -15, 26, -3, 8, -2, -3, 29, -2, 2, -3, -1, 2, 2, 3, 9, 5, -7, -2, -18, 17, -14, -5, -2, -2, 1, 2, 26, 15, -43, -2, 0, -2, 13, 19, -7, 2, -25, 8, -22, -2, -10};
weight_hh[20] = {-6, -10, -1, 1, 7, 1, -4, -2, 2, 7, -20, 14, -3, -4, -7, -5, -5, -3, -24, -7, -5, 7, -6, -7, -1, 0, -2, 10, -12, 1, 7, -4, -3, -6, 5, 13, -3, 3, 5, -8, 3, -9, -15, -15, -7, 0, -1, 3, 15, 11, 4, 1, -4, 15, 15, -5, -15, 6, 2, 0, 15, 5, 3, 5, -6, 14, -15, 0, -3, 2, 10, 6};
weight_hh[21] = {-19, 7, 4, 3, 9, -7, -17, 14, -74, -28, -10, 7, 15, -27, 13, 0, 16, -10, 9, 0, -8, -21, 23, -3, 20, -1, 48, 3, 9, 48, -56, 23, -5, -15, -26, 1, -21, 45, 2, 22, -16, -3, -3, -3, 17, -17, 28, -6, 4, 12, -34, 13, -7, 4, 3, 49, -3, 30, 1, 2, 4, 2, 7, 26, -30, -15, -4, 43, -8, -12, -19, 5};
weight_hh[22] = {1, 10, -6, 1, 1, 8, 4, -7, 21, 10, -12, 8, 1, -3, 5, -9, 1, 7, -16, 14, -1, 7, -23, -2, -15, -19, -2, 2, -26, -2, 7, -9, 8, 5, 3, 12, -12, -21, -7, 5, -8, 21, -9, -9, -10, -21, 18, 12, 9, 11, 27, 8, 1, 9, 9, -9, -8, -6, -8, 5, 9, -1, 2, -11, 21, 25, -9, 0, -7, -17, -5, -14};
weight_hh[23] = {2, -1, -3, 2, 1, 1, 2, 1, 0, 2, 0, 0, -1, -1, 1, -3, -4, -2, -1, -3, -3, -2, 1, -2, -2, 4, 2, 1, 0, -1, 0, 1, 3, -2, 0, 4, 1, -3, 0, -2, 1, 0, -5, -5, -4, 0, 1, -2, 5, 1, -1, -4, 2, 5, 5, -2, -5, -1, 0, 2, 5, -1, 1, 2, 0, -2, -5, 3, -2, 2, 3, 0};
weight_hh[24] = {-51, -16, -39, -41, -23, -6, -3, 28, 0, 2, 3, 14, 2, 11, -16, 16, 33, -57, 6, 34, -5, -4, -6, 2, -21, -39, 3, 35, -23, -15, -20, 7, 26, -32, -3, -8, -24, -13, -15, -4, 32, 11, 7, 7, 9, -12, 5, -12, -7, -31, 3, 7, -4, -7, -7, 39, 8, -13, -14, -20, -7, 11, -11, -39, -21, 3, 7, -2, 2, 0, 3, -3};
weight_hh[25] = {-10, 2, 1, -3, -4, -7, -6, -8, -9, -9, -12, 32, -22, -37, -8, 11, 2, -2, -16, -9, 4, 40, -7, 11, -44, 0, -17, 16, -6, 25, 5, 11, -3, -6, -35, 2, -7, -14, 24, -2, 6, -6, -1, -1, 1, -11, -21, 4, 1, 12, -1, 18, 5, 1, 1, 11, -3, 21, -27, 1, 1, -13, -11, 3, 10, -22, -1, 1, -13, -14, 3, -6};
weight_hh[26] = {1, -3, 9, -3, 13, 0, 4, 5, -1, 1, -6, 3, 1, -2, -3, -5, 3, -5, -1, -8, 3, 11, -8, -7, -2, -2, 0, 3, -1, -2, 0, -3, -10, -5, -3, 0, -4, -4, -3, -4, -2, 3, -1, -1, 1, -8, -5, 12, 1, 12, -3, 8, 0, 1, 1, 4, -1, -1, -2, -4, 1, 8, -4, 9, 2, -2, -1, 2, -1, 3, -1, 4};
weight_hh[27] = {3, -3, 7, 3, 9, 0, 10, 1, 15, 2, -2, -2, -12, -3, 19, -2, -8, 1, -10, 7, 0, 3, -10, -5, -15, 8, 7, 9, 2, 7, 13, 4, -2, -23, 6, 6, -8, -10, 6, 5, -13, -5, -7, -7, -10, 2, 5, 7, 7, 3, 4, 10, 0, 7, 7, -6, -7, 2, 1, -2, 7, 2, 2, 3, 3, 0, -7, 7, 15, -19, 2, -9};
weight_hh[28] = {2, -1, -3, 2, 0, 1, 1, 1, 0, 1, 0, 0, 0, -2, 1, -3, -4, -2, -2, -3, -2, -1, 0, -3, -3, 3, 1, 1, 0, -1, -1, 1, 3, -1, -1, 4, 1, -3, -1, -2, 2, -1, -6, -5, -4, 0, 1, -2, 6, 2, -1, -3, 1, 5, 6, -2, -5, -1, 1, 2, 6, -1, 1, 2, 0, -2, -6, 3, -1, 1, 3, 0};
weight_hh[29] = {2, -1, -3, 2, 1, 1, 2, 2, -1, 1, 1, 0, -1, -1, 1, -3, -4, -1, -1, -3, -2, -1, 1, -3, -3, 4, 1, 1, 0, -1, 0, 1, 3, -2, 0, 4, 1, -3, 0, -2, 1, 0, -5, -5, -4, 0, 1, -3, 5, 1, 0, -3, 2, 5, 5, -2, -5, -1, 0, 2, 5, -1, 1, 2, 0, -2, -5, 3, -2, 2, 3, 0};
weight_hh[30] = {18, 6, -6, -32, -8, 30, -6, -31, 2, -26, -1, 10, -30, -6, 16, -20, 5, -5, 7, 10, 0, 22, 16, 6, 25, 0, -9, 4, 6, 15, 30, -2, -17, -10, -13, -1, -60, 7, -22, 6, -34, -8, -6, -5, 3, -18, -17, 6, 6, 39, -28, 13, 11, 5, 6, -25, -5, 110, -23, 8, 3, 9, 26, 27, 6, -5, -6, -7, -28, 32, 4, 3};
weight_hh[31] = {7, -16, -4, -3, -18, 1, 10, -10, -14, -10, -28, 14, 6, -17, -10, 9, 0, 2, -13, -14, -8, 12, -8, -19, -3, -4, 2, 3, 0, 8, 0, -2, 1, 4, -4, 9, -9, 9, -6, 1, 12, -10, -9, -9, -3, -7, 10, 0, 9, 8, 11, 0, 0, 9, 9, -2, -9, 15, -13, 21, 9, 1, -11, 24, -11, 1, -9, -7, 4, -16, 7, 1};
weight_hh[32] = {-25, -2, -4, 5, -3, -1, -6, -6, 27, -2, 11, 9, -5, -6, 0, 6, 5, -1, -2, 14, 12, 3, -6, -4, 4, 19, -11, 1, -15, 3, 4, -1, 23, -5, 23, 8, -11, 13, 10, -18, 9, 3, -6, -6, -10, -4, 10, -6, 6, 6, 16, 1, -5, 6, 6, -3, -6, 6, 8, -20, 6, 5, -13, 11, 10, -13, -6, -8, 1, -2, 3, -16};
weight_hh[33] = {12, -2, 6, 13, -9, -5, 5, 8, 5, 16, 1, 1, 8, 6, 6, 0, 0, -4, -2, 7, -1, -3, -5, -9, -6, 9, 8, 3, -2, 2, 10, -2, -8, 1, 5, 0, -7, 0, -12, 2, -4, -18, -6, -6, 2, 6, -3, -3, 6, 9, -7, 6, -14, 6, 6, 4, -6, 8, -16, 4, 6, -11, 3, -8, -7, 17, -6, -3, 11, -10, -3, -11};
weight_hh[34] = {6, -9, 14, -94, -6, 15, 1, 11, -17, -2, -11, -14, 15, 40, -27, -36, -4, 1, -4, 21, -21, -24, -8, -6, 0, 7, 9, -36, -21, 17, 70, -26, -27, -29, -7, 12, -52, 34, 25, 35, -41, -7, -5, -6, -8, -12, 7, -44, 8, -56, 18, -30, 8, 6, 10, 10, -8, 44, -38, -2, 6, -3, 7, -24, 5, 12, -11, 18, -16, 32, 10, -61};
weight_hh[35] = {10, 7, -4, -4, -2, -1, 7, 10, -4, -8, 3, -6, 11, 9, 5, 0, 6, 5, 11, 5, 6, -19, -5, -10, 1, 17, 0, -3, 14, -5, -10, -4, 10, 7, -10, -4, 2, 1, -2, -22, -2, 3, -1, 0, 20, -2, -7, -1, 0, 6, 4, 11, -8, 0, 1, 7, 2, -4, 4, 0, 1, -7, -2, 19, 1, -4, -1, 7, -3, -16, 3, -3};
weight_hh[36] = {3, -7, -1, 4, 3, -1, 0, -1, -2, 0, -3, 4, 3, 0, 2, -2, -6, -3, -5, -3, -1, 1, 1, -3, 1, 3, 6, 6, -4, -2, -1, -6, 5, -4, 0, 8, 0, 4, -4, -9, 4, 0, -11, -11, -5, -1, -2, 1, 11, 8, 2, -2, -1, 11, 11, -3, -10, 1, 2, 3, 11, 5, 1, 8, -1, -8, -11, 0, 5, 3, 7, 0};
weight_hh[37] = {14, -22, -29, -10, -29, 2, 11, 1, 2, -8, 15, -14, 14, -38, -34, -32, -1, -26, 12, -3, 33, -14, 10, -11, -19, -4, -12, -3, 24, -5, 2, 41, -7, -14, -9, -6, -7, -7, -37, -6, -1, -5, -6, -6, 4, 4, 33, -28, 6, -1, 12, 5, -15, 6, 6, 12, -3, 5, -4, -25, 6, -26, 4, -5, -5, -9, -6, -21, 3, 3, -1, -14};
weight_hh[38] = {7, -23, -15, 6, -16, -3, 14, 7, -14, 1, 6, -2, -4, 20, 2, -1, 7, 2, -3, -7, -11, 17, 2, 1, 9, 16, -5, 4, 11, -10, 3, -8, -14, -7, 4, 1, 0, -4, 14, 9, -25, -5, -2, -2, -2, 5, 3, 10, 2, 15, 4, -17, -35, 2, 2, -5, -1, -4, -18, -2, 2, 0, 11, -11, 6, -7, -2, -6, 3, 19, 1, -12};
weight_hh[39] = {-1, 9, -43, -9, 3, 6, -15, -3, -20, -2, -3, -13, 27, 13, -39, -24, -42, -38, 19, -7, -29, -5, -3, 34, 64, 7, 17, 8, 2, -26, 49, 31, 13, 20, 21, -9, -2, 12, 12, -4, 7, 7, 6, 6, 6, -9, 12, -57, -5, -18, 1, -20, 21, -5, -5, 11, 7, 8, 26, -10, -5, -16, -1, 30, -28, 12, 5, -14, 43, -4, -6, 13};
weight_hh[40] = {-13, 1, -18, 3, 20, 7, -14, -9, 22, 9, -3, 6, 1, -2, -13, -14, 8, -8, -1, 14, -2, 4, 22, 30, 15, -8, 7, -17, -13, 18, -1, 5, 27, -15, 15, 2, -11, 11, -25, -20, 17, 11, 1, 1, -1, 0, 6, -27, -1, -13, 6, -8, -13, -2, -1, -1, 1, 2, 18, -22, -2, 8, 32, 18, -14, -2, 1, -10, 18, -15, -4, -12};
weight_hh[41] = {-38, -7, 18, -3, -7, -9, -41, 6, 7, -4, -19, 4, 18, 16, -5, -15, 33, 30, -13, -2, 18, 24, -16, 16, 3, -2, -2, 3, -2, -17, 1, -5, -1, 16, 17, 6, -9, 32, -32, -8, -28, -1, -4, -4, -3, -33, -1, 23, 4, -5, -35, -13, 13, 4, 4, -2, -4, -4, -41, 9, 4, -5, -21, -10, 12, 17, -4, 2, 15, 8, 4, -9};
weight_hh[42] = {-4, -1, -3, -6, -7, -2, -10, 2, 10, -5, -6, 6, 8, -8, -1, 4, 6, 5, -10, -5, 6, 7, -4, 6, 6, -1, 2, 3, -5, 7, 6, 0, 11, 0, 10, 3, -7, 6, -2, -8, 7, -3, -4, -4, -17, -6, -1, 3, 4, 7, -5, -4, -8, 4, 4, 6, -4, 1, 7, -11, 4, -2, -7, 7, 1, -1, -4, 2, 6, -3, 4, 3};
weight_hh[43] = {-2, 5, 3, -2, 4, -5, -1, -4, 2, -1, 24, -3, -7, 14, -8, 1, 5, 12, 18, 10, 1, -8, 2, 1, 14, -1, -1, -8, 7, 4, 6, 8, 15, -2, -7, -11, -7, 7, 1, -9, 7, 10, 6, 6, 11, 1, -10, 0, -5, 1, 20, 6, 1, -5, -6, 6, 8, 9, 12, -5, -5, 11, -4, -6, 12, -13, 5, 0, -5, 2, -6, -9};
weight_hh[44] = {2, 10, -32, -12, -4, 0, -13, -16, 6, -7, 6, 7, -11, -28, 18, -26, 5, -18, 1, -10, 0, -22, 3, 2, 20, 5, 10, 1, -14, -26, -4, 33, 3, 3, 32, -1, -17, 17, -19, 1, -20, 11, 0, -1, -5, 62, -2, 17, -1, 4, -1, 13, 14, 0, 2, 30, 0, 5, 12, 24, 0, -3, 36, -2, -18, -27, -2, -18, -5, -16, 1, -7};
weight_hh[45] = {-18, -4, 0, -21, 10, -9, -13, 10, 28, 17, 13, 13, -7, -13, -4, -4, 7, 1, -3, 3, 14, 9, -5, -23, 10, 10, 27, 13, -14, 27, 25, 18, -9, -26, 35, 0, -28, 28, -9, -6, 21, -7, -6, -4, -5, -23, 21, -1, 3, 25, -31, -1, -5, 3, 5, 20, 0, 28, 12, -18, 3, -30, -3, 39, 5, 13, -3, -4, 14, -4, 4, -10};
weight_hh[46] = {2, -11, -10, -18, -11, 1, 2, -1, -6, -6, 25, 22, 24, -28, -30, 5, -6, 0, 4, 1, -7, -15, 15, -17, 31, -10, -4, 3, 19, 10, 3, 35, 11, -32, -1, 2, -22, 30, -2, 4, 16, -7, -5, -6, -4, -11, 2, -12, 6, 8, 18, 2, 28, 6, 5, 11, -2, 47, 16, 0, 5, 22, 4, -2, -14, -23, -5, -4, 10, -20, 2, -6};
weight_hh[47] = {9, -16, -12, -26, -21, -3, 36, 13, -23, 5, -3, -13, 10, -33, 24, -5, 8, 10, 17, -4, 4, 4, 14, 23, -15, 11, -12, -8, -10, 42, 6, -18, -5, 8, -35, -10, -14, 7, 17, -4, -11, -7, -7, -7, 18, 11, 1, -14, 7, -14, 5, -3, -25, 7, 8, 9, -5, 41, -23, -7, 7, -27, 22, 7, -9, 10, -7, -2, -9, 14, -5, 2};
weight_hh[48] = {9, 3, -3, -25, -6, 3, 21, -2, -13, -8, 10, 9, 52, 35, 6, -2, -16, 30, 8, -23, 3, -20, -7, -9, 15, 36, -17, -14, -5, 1, -29, -24, 10, -19, -23, -5, 10, 17, 20, -24, -16, 3, -3, 0, 2, 20, 44, -28, 3, -23, 0, -22, 9, 0, 0, -48, 0, -4, 1, 2, 3, 33, 5, -5, 46, -5, -1, 3, 0, -11, -3, -19};
weight_hh[49] = {19, -8, 14, -28, -6, -10, 20, 4, -9, 13, 24, -5, -2, -23, -5, -6, 19, -11, 2, 21, -1, -38, 21, -21, -25, -6, 14, -10, 11, -3, 12, 11, -11, 33, -14, 3, -3, 2, 6, 24, -41, -7, -4, -4, -8, -11, 12, 18, 4, 1, -9, 1, -10, 4, 4, 3, -3, 14, 20, 1, 4, -16, 21, -3, 1, 3, -4, -20, -16, -22, 5, -20};
weight_hh[50] = {-14, -21, -11, 8, 0, -7, -10, 32, 37, 15, 28, -29, -9, -23, 30, -5, 25, 19, -19, 31, -15, 0, 30, -17, -3, 40, 1, -1, -27, -7, -7, 0, 12, -8, 35, 7, -43, 17, 14, 4, 20, -8, -10, -10, 10, 24, 3, 20, 10, 1, 53, -8, -18, 10, 10, 35, -9, 30, -2, 2, 10, 17, 5, -17, 1, 8, -10, 6, 7, 1, -6, -51};
weight_hh[51] = {9, 0, -17, -10, -9, 9, -34, -28, -2, -6, 4, 1, 3, -9, 7, 4, -30, 5, -1, 12, 14, -31, -7, -8, 9, 0, 23, -7, -6, 11, 5, 13, 51, 17, 24, -2, -14, -49, -5, -19, 25, 35, 0, 0, 6, -5, 11, 10, 0, -4, 23, -8, -22, 0, 1, -4, 1, -7, 27, -4, 0, -17, 5, 30, -12, 3, 0, 28, -24, 7, -3, -21};
weight_hh[52] = {65, -3, 26, -38, -58, -25, 31, 23, -14, -7, -7, 13, 21, 16, -31, -15, -52, 37, 3, 12, 9, -8, 14, -3, 23, 11, -13, -5, -7, -11, 37, -14, -34, 5, -41, 9, -60, -4, -63, 5, 5, 11, -16, -11, 8, 14, 6, 24, 5, -6, 20, -9, 3, 12, 14, 21, -7, 62, -19, 29, 14, 63, 26, -15, -21, -10, -16, 24, 4, 26, 3, -16};
weight_hh[53] = {11, -24, 5, -4, -9, -2, 7, 3, 5, 8, 1, -6, -3, 7, 11, -14, -9, 0, -4, 6, 8, 3, 12, -16, 3, 10, 5, 18, 3, -4, 0, -3, -3, -18, 5, 5, -2, 17, -2, -7, -13, -10, -9, -9, -4, -2, 9, 6, 9, 9, -4, -6, -2, 9, 9, -6, -9, 0, 11, -6, 9, 4, -3, 4, 2, 1, -9, 5, 5, -5, 5, -12};
weight_hh[54] = {-14, -18, -33, -23, 22, 1, -2, -8, 0, 20, -7, 17, -5, -3, -37, 5, -15, -11, -5, 14, 6, -44, 12, 6, 38, -20, 24, 13, -6, 4, 31, 24, 8, -24, 11, -2, -19, 19, -8, -7, 20, 1, -3, -2, -1, 7, 26, 3, 1, -8, -15, -1, -22, 2, 3, 12, 0, 9, 31, -9, 2, 18, 7, -11, -31, 18, -2, 3, 5, 30, 0, -3};
weight_hh[55] = {-40, 4, -1, -2, -15, -7, -16, 0, -5, 3, -4, 16, -5, -7, -19, 18, 4, 25, 0, -8, 26, -16, 5, -3, 30, 10, -28, -34, 0, 17, -5, 10, 17, 23, -8, 7, -14, -9, 7, -27, 32, -11, -11, -11, 0, -13, 3, -13, 10, 32, 2, 16, 12, 8, 13, -15, -10, 17, 9, 12, 11, 14, -5, 18, 14, -38, -10, -16, -9, 4, 9, 13};
weight_hh[56] = {-4, -17, -48, -55, -36, -11, -10, 11, -6, 25, 3, 14, 12, -28, 17, 18, -25, -9, 1, 10, -57, 38, 1, 1, 1, -22, 14, -30, -14, 25, -51, 40, 16, -9, 18, -2, -2, 9, -6, 3, 10, -4, 1, 1, -1, 3, 20, -30, -1, -24, -2, -16, 39, -1, -1, -39, 2, 17, -2, 35, 0, -23, 24, 6, -25, 7, 1, 25, 4, -26, 1, 23};
weight_hh[57] = {-4, 5, -7, 7, 9, 6, 0, 27, 23, 13, 11, -5, -4, 13, 3, 2, 2, 10, 10, 24, 14, -14, -11, 1, 11, 3, 1, -1, -5, -2, 18, 1, 5, 4, 31, 3, -11, -6, 7, -13, -2, 2, -6, -6, -8, 14, -13, 1, 6, -3, 6, 4, 10, 6, 6, -7, -6, -1, 3, -11, 6, 3, -6, -16, 4, 2, -6, 6, -7, 9, 4, -5};
weight_hh[58] = {-10, -8, 5, 2, -1, -1, 2, 5, 17, 21, -3, 0, 2, 8, 0, 4, -3, 5, -7, 15, 0, 4, 4, 4, 13, 10, 6, -2, -17, 5, 10, 2, -14, -5, -10, 5, -15, 6, 3, -15, 4, -15, -10, -10, 1, 10, -21, -8, 10, 4, 7, 6, -1, 10, 10, -1, -10, 8, -6, 7, 10, 3, -11, 6, 12, 24, -10, 0, -7, 10, 2, -10};
weight_hh[59] = {19, -10, -1, -6, -5, -4, 10, -1, -11, 1, -2, -11, -32, 31, 23, 0, 10, 11, 7, -17, -13, 25, 9, -32, -9, 11, 7, -4, -10, 0, 35, -7, -10, -17, -38, -5, -1, -24, -11, -10, -27, -29, 3, 3, 4, -30, 3, 7, -3, 15, -14, 47, 45, -3, -3, -12, 5, 5, -18, 52, -4, 13, 21, -11, 8, -4, 4, 49, 5, 9, -3, -1};
weight_hh[60] = {-11, 3, 3, -48, 0, -21, 27, 7, -25, -32, -5, 29, -3, -6, -3, 5, -14, -17, 3, -8, 16, -13, -12, 6, -2, -15, 15, -12, -14, 6, 35, 11, -3, 1, -65, -7, -57, -3, -15, 1, -9, 37, -1, -3, -10, 23, -7, 0, -5, 15, -11, 15, -10, -4, -5, 2, 4, 83, -10, -32, -3, 0, 10, 11, 7, 9, 4, -28, 1, -14, -18, -18};
weight_hh[61] = {31, -14, 4, -19, -29, -21, 8, 16, 15, 18, 0, -22, -9, -4, 25, -7, 20, -4, 2, -2, 8, 9, -25, -7, -5, -16, 8, 16, 9, 6, 13, 5, -18, -23, 32, -1, 2, -20, -35, -6, -22, 15, 0, 3, -9, -25, -10, -24, -1, -5, -47, 9, -6, -3, -4, 14, -1, 2, -20, -16, 0, -31, -12, -3, -25, 16, 3, 47, -22, 20, -4, 20};
weight_hh[62] = {12, -3, -4, -13, 8, -15, 7, 10, 3, -11, -15, -5, -20, 7, -2, -7, -3, 4, 7, -21, -5, 14, 1, 4, 27, -10, 8, 25, -7, -3, -7, 1, -19, -2, 3, 6, -10, 10, 2, -11, 0, -6, -9, -9, -5, -11, -17, -7, 9, -10, -30, 14, 2, 9, 9, 9, -8, 7, -7, -7, 9, 15, -12, -5, -16, -12, -9, 21, 6, 1, 1, 23};
weight_hh[63] = {33, 5, 3, 20, 5, -1, -4, 2, -1, 20, 0, -10, -2, 11, 6, -24, -12, 7, -3, -1, 10, -2, -4, 0, -9, -3, -12, 5, 9, -13, -2, -6, -16, 5, -2, 8, 4, -13, 17, -1, -19, -15, -11, -11, -2, 0, -5, -6, 11, -7, -4, -9, -8, 11, 11, -5, -11, 4, 0, -1, 11, -7, 35, 12, 15, 17, -11, -12, -3, -2, 9, 6};
weight_hh[64] = {-8, -4, -14, -12, -18, 6, 19, -23, -6, -3, -2, -3, -8, 7, -14, 18, 1, 3, -3, 9, -10, 1, -4, -16, 11, 14, 6, -6, -5, -9, 20, -2, 14, -1, 13, 9, 2, 4, -16, -20, 11, 0, -10, -10, -2, -16, -31, 9, 10, 13, -15, 4, 24, 10, 10, 0, -9, -2, -9, 17, 10, -15, -28, 10, 9, -8, -10, -5, -25, 13, 10, -3};
weight_hh[65] = {-21, 0, -3, -55, -13, 0, -12, 15, 26, -2, -12, -5, -31, 6, -41, -13, -65, 9, 1, -6, 23, 16, -1, 38, 2, -23, 33, 71, -31, 20, 40, -1, 2, -31, 11, -3, -34, -8, -7, 0, 47, 2, 0, 0, 4, -101, 73, 31, -2, 16, -1, -15, -33, -1, -1, -45, 0, 12, -3, -16, 1, -11, -47, -17, 46, -1, 2, 13, 22, 17, -1, -21};
weight_hh[66] = {-5, -8, -1, -4, 6, 1, -1, -2, 0, -4, -6, -1, 2, 2, -1, 1, -5, 7, -2, -2, -4, 5, -3, -1, 9, 6, 0, 3, -10, 1, 12, -2, 3, -5, 7, 1, -6, 1, -3, -9, -1, 0, -8, -8, -1, -2, -5, 2, 8, 12, 6, 2, -1, 8, 8, -11, -8, 5, 6, 3, 8, 12, 3, 4, 1, 1, -8, -1, 6, 7, 1, 7};
weight_hh[67] = {-4, 7, 10, 12, -6, -1, -9, 12, 3, 33, -4, 19, 1, -6, 0, 0, -11, -12, -30, 5, 14, -16, -3, -3, -11, -2, -2, 14, 7, -8, -5, -8, -5, -4, 1, 14, 9, -23, 21, 4, -3, -13, -5, -5, -55, 6, -4, -6, 5, 0, -10, 13, -1, 5, 5, 7, -5, -9, -27, 5, 5, -11, 5, -16, -16, 0, -5, -1, 1, -2, 8, -4};
weight_hh[68] = {7, -11, -1, 1, 0, -1, 3, 7, -6, 6, -3, 5, 5, -1, 3, -5, -5, -1, -5, -1, 1, 1, -2, -7, -7, -1, 1, 9, -1, -1, -7, -5, -4, -5, 0, 8, 3, -1, 4, 1, -6, -8, -8, -8, -6, 2, -4, -7, 8, 0, 2, -5, 4, 8, 8, -6, -8, 1, -2, 2, 8, -3, 5, 4, -7, 2, -8, 1, 2, -1, 8, 1};
weight_hh[69] = {-14, 14, -9, 2, -3, 5, 13, -16, 37, 0, -16, -1, -18, 7, -35, 20, 5, 13, -8, 20, -13, 12, -24, 10, -1, -10, -25, -2, -12, -4, -11, 13, -15, 12, 8, 1, 9, -15, 18, -20, 2, 5, 0, 0, -3, -13, -27, -9, 0, -3, 3, -3, 8, 0, 0, 10, -1, -12, -34, -10, 0, -43, -37, -19, 5, 12, 0, -38, -5, 3, -3, -1};
weight_hh[70] = {50, 9, -4, -3, -8, -7, 10, 0, 11, -7, 28, -23, 2, 8, 32, -1, 9, 42, 1, -2, -17, 2, 16, 32, 7, 2, -10, -5, 15, 40, -8, -2, 47, -36, -22, -1, -8, -24, 24, 8, -34, 24, 2, 0, 2, -19, 15, -11, -1, 1, -5, -22, 17, -1, 0, -34, 1, 19, 6, 13, -1, -12, 13, -24, 8, 13, 1, 50, -13, 35, -18, -2};
weight_hh[71] = {6, -13, 7, 0, -5, -1, 4, 6, 0, 4, -5, 3, 0, 8, -4, -6, -4, 2, -8, -4, -11, 0, 3, -3, 3, 4, -1, 9, 1, 0, -7, -3, -6, -4, -7, 8, 4, 4, -2, -8, -4, -9, -8, -8, -7, -1, 4, -2, 8, 1, -3, -4, 0, 8, 8, -2, -8, 3, 1, 4, 8, 4, 6, 2, -4, 8, -8, -1, -2, 2, 7, 6};
weight_hh[72] = {-21, 19, 60, 44, -16, -12, 3, 12, 18, 10, -39, 19, -10, -7, 29, 5, -29, 7, -15, -43, 25, 10, 2, 39, -2, 32, -26, -36, -1, 12, 25, -32, -2, -14, -3, 9, 16, 5, 38, -61, -2, 5, -2, -1, -23, -13, -19, 21, 5, -28, -17, 35, 8, 1, 1, -17, -4, -31, -72, 27, 0, 17, -4, 5, 26, -15, 1, -8, 4, -8, -6, 32};
weight_hh[73] = {6, 1, 1, -4, -9, -3, 9, 6, -9, -5, 8, -7, 2, 8, -1, -3, -3, 2, 8, -5, -3, -8, 6, 3, 6, -9, -1, 0, 3, -5, 0, 3, 2, -5, -4, -11, -4, -1, -2, 11, -4, 5, 11, 11, 5, 5, 2, -2, -11, -5, 0, -4, 0, -11, -11, 4, 10, 1, -5, 1, -11, 7, 11, -9, -7, -8, 11, -1, -2, 10, -1, 7};
weight_hh[74] = {38, 11, -18, 23, 6, -8, -1, 68, 31, 62, 67, -10, -11, 51, 17, 3, -25, 50, 20, -18, -43, -9, 18, -14, -6, 44, 12, 11, 49, -29, -43, -14, 10, 18, 8, -1, 36, -16, -22, 10, -39, -3, -7, -3, -4, 31, 44, -24, 7, -20, -19, -31, -14, 2, 5, -3, 2, -52, 10, -7, 2, -15, 1, 15, -8, 25, -8, 59, 9, 14, 30, 34};
weight_hh[75] = {17, -2, -39, 13, 0, 17, -18, -34, -6, 5, 18, 5, 30, -19, -19, 12, -46, -21, 14, 4, -14, -40, 24, -6, -20, -5, 54, -8, 5, 33, 20, 41, 42, 20, 14, -2, 3, 50, -42, -13, 58, 15, 0, -7, 0, 9, -19, -22, -1, -24, 24, -52, 4, 9, 1, -5, -1, 36, 16, -19, 3, -19, -40, 27, -58, -37, -5, -33, 12, -28, 13, -23};
weight_hh[76] = {16, -9, -32, -6, -8, 24, -32, -18, 17, 2, 1, -7, -14, -37, -2, -40, -25, 40, -12, 5, -16, -8, -22, -42, 5, 69, 31, 23, 9, 43, -12, 66, 38, -14, 6, 18, 6, -1, 3, 17, -18, -3, -15, -15, -29, -7, 10, -10, 15, 24, -8, -24, 3, 15, 15, 50, -17, 17, 29, 41, 15, -1, -23, -1, -15, -13, -15, -26, -21, -48, -2, 1};
weight_hh[77] = {0, 2, -1, -1, 0, 0, 1, 0, 0, -1, 1, -1, -1, 1, 1, 0, 0, -1, 2, -1, 0, 0, 1, 1, 1, -1, 0, -1, 0, -1, 1, 2, 2, 0, 0, -2, -1, -1, -1, 1, -1, 2, 2, 2, 2, 1, 0, -1, -2, 0, 1, 0, -1, -2, -2, 0, 2, -1, -2, 0, -2, 0, -1, 1, 2, -1, 2, -2, -1, 1, -2, -1};
weight_hh[78] = {-15, 43, -47, 6, -23, 5, 112, -25, -21, -28, 14, -13, -10, 3, -9, 57, 26, 53, 12, 10, 18, -53, -16, 33, 17, -31, -105, -14, 5, -26, -48, -62, 22, 49, -18, -5, 43, 6, 23, 8, -18, 30, 3, 4, 6, -22, -60, -40, -3, -37, -14, -46, 42, -3, -4, 29, 5, -31, -2, -55, -3, -27, -20, -49, -53, 3, 3, 15, 24, 12, -4, 28};
weight_hh[79] = {9, 9, 42, -24, 1, 16, 28, 1, 4, 4, -20, 19, -34, -3, -51, 50, 15, -18, -14, -37, -2, -46, 0, 32, 1, -9, -3, -42, -35, 36, 28, 27, 12, 0, -1, 14, -6, -11, -7, 9, -3, -17, -6, -6, -23, 26, -3, 20, 7, 24, -22, 45, -12, 11, 9, 35, -8, 39, -11, -8, 9, 59, 34, -26, 17, 15, -8, -4, 33, -36, 9, -18};
weight_hh[80] = {4, -6, 13, -45, 3, -4, -41, -12, 10, 10, -2, 30, -13, -8, -38, 6, -4, 14, -6, -18, 18, 2, -21, -15, -28, -20, 21, 29, -9, 21, -11, -30, -32, -1, -12, 7, -51, -77, -8, -3, 35, -9, -20, -13, -6, 1, 11, 19, 9, 15, 1, 53, -45, 14, 19, 13, -10, 11, -8, -2, 15, 21, 20, 17, -22, -2, -11, 23, -29, -4, 10, 25};
weight_hh[81] = {-28, -6, -19, -21, 21, 12, -34, -12, 14, 17, -11, 5, 69, -17, -35, -8, -47, -34, -10, 14, 26, -37, -26, 27, 1, 0, 27, 30, -5, -4, -10, 18, -5, -24, -12, 4, -5, 8, -10, -31, 6, 11, -3, -8, -16, -11, 121, -42, 4, 15, -4, -12, -75, 9, 12, -45, -9, -10, -17, 16, 12, -10, 94, -6, 3, 11, -12, -27, 25, 5, 5, 28};
weight_hh[82] = {54, 13, -65, 58, 7, -5, 20, 27, -9, 19, 18, -17, -17, 55, 26, 2, -10, 18, -2, 7, -7, -28, 5, -14, 37, 11, 14, 18, 4, -42, -19, 4, 38, 9, 41, 20, 30, 82, -7, 18, -29, -23, -14, -14, -21, -17, -19, 1, 16, -1, -11, -67, -38, 24, 14, 3, -10, 23, 28, -3, 14, 50, -5, 1, -57, -15, -14, -30, 6, -23, 46, -17};
weight_hh[83] = {0, 1, -1, -1, 0, 0, 1, 0, 0, -1, -1, 0, -1, 1, 1, 0, 0, -1, 1, -1, 0, 0, 0, 1, 0, -1, 0, 0, -1, -1, 1, 1, 1, -1, 0, -1, -1, 0, -1, 0, 0, 2, 1, 1, 1, 0, 0, 0, -1, 1, 1, 1, -1, -1, -1, 0, 1, -1, -1, 0, -1, 0, -1, 1, 1, -1, 1, -1, 0, 1, -1, 0};
weight_hh[84] = {8, -22, -52, 40, -7, 11, 40, 15, 36, 14, -22, 19, -12, -12, 6, 0, -23, 20, -6, -5, 1, 12, -29, 46, 13, -33, 63, 19, -38, 17, 55, 18, -7, 16, 33, 14, 22, -29, -2, -29, 46, -15, -7, -18, -13, -1, -11, -42, 18, -7, 82, 20, 5, 18, 8, -15, -14, -16, -5, -35, 7, -3, 2, 26, 18, 12, -16, 47, 57, -4, 9, -6};
weight_hh[85] = {11, 27, 26, 19, 11, -12, -9, -4, -12, -9, 11, -5, -64, -33, -30, -4, 10, 28, 7, -39, 21, 4, 10, 10, -11, -13, -6, 25, 2, -1, -29, -22, 15, 21, -30, -3, 1, -33, -9, 0, 0, 4, 2, 3, 7, 37, 5, 8, 0, 36, 28, -22, 0, -2, 0, -29, 2, 9, -55, 11, -1, -5, -20, -19, 15, 5, 3, 5, 16, 38, 17, -15};
weight_hh[86] = {2, -11, -37, -10, 33, -38, 1, 9, 20, 25, -29, 4, 17, -5, 2, -3, 2, -21, -24, 20, 26, 48, 7, 0, 39, -5, 14, 12, -16, 5, 10, -13, -13, 0, 4, 34, -14, -6, -13, -15, -6, -25, -42, -37, -27, 6, -5, 0, 35, 27, -23, -7, 1, 38, 33, 10, -35, 1, 23, -3, 42, 10, 2, 2, -7, 8, -45, 26, 15, 16, 29, 14};
weight_hh[87] = {0, 1, -1, 0, -1, 0, 1, 0, 1, 0, -1, 0, 0, 1, 0, -1, 0, -2, 1, -1, 0, 0, 1, 0, 0, -2, 0, -1, 1, -1, 0, 1, 0, 0, -1, 0, 0, -1, -1, 0, 0, 1, 1, 1, 1, 1, 0, -1, -1, 0, 0, 1, -2, -1, -1, 0, 1, -1, -2, 0, -1, 0, 0, 2, 2, 0, 1, -1, -1, 0, 0, -1};
weight_hh[88] = {24, -5, 67, 41, -12, -15, 18, -18, 19, 24, -18, 11, -38, -25, 31, 8, -10, -22, -18, -39, -18, 11, -8, 15, 24, 0, -46, 14, -24, -14, 2, -24, -20, -16, -17, 14, -29, -56, 10, -47, 24, -11, -11, -18, -21, -12, -7, 38, 15, -4, 19, 17, -50, 17, 12, 17, -11, -9, 14, -25, 11, 12, -2, -11, 2, -21, -17, -16, -78, -2, 25, -17};
weight_hh[89] = {0, 1, -1, -1, 0, 0, 0, 0, 1, -1, 0, 0, 0, 1, 0, 0, 0, -1, 1, -1, 0, 0, 0, 0, 0, 0, 0, -1, 0, -1, 1, 1, 1, 0, 0, -1, 0, -1, -2, 0, 0, 1, 1, 1, 1, 0, 0, -1, -1, 0, 1, 0, -1, -1, -1, 0, 1, -1, -2, 0, -1, 0, -1, 1, 1, -1, 1, -1, -1, 1, -1, -1};
weight_hh[90] = {0, 1, -1, -1, 0, 0, 1, 0, 1, 0, 0, 0, -1, 1, 0, 0, 0, -1, 1, -1, 0, 0, 0, 1, 1, -1, 0, -1, 0, -1, 0, 1, 1, 1, 0, -1, -1, 0, -1, 0, 0, 1, 1, 1, 1, 0, 0, -1, -1, 0, 1, 0, -1, -1, -1, 0, 1, -1, -2, 0, -1, 0, -1, 1, 1, 0, 1, -1, 0, 1, -1, 0};
weight_hh[91] = {-20, 5, -18, -43, -17, -11, 7, -15, 3, -8, -12, 9, 1, -14, -35, 19, 2, 3, -3, 9, 46, -16, 9, -12, 2, 19, -3, -1, -6, 43, -4, 12, 6, 2, -17, 13, -7, -25, -23, -15, 25, -3, -14, -15, -5, -19, 21, -23, 16, 38, -10, -5, 28, 21, 21, -9, -16, 16, -17, 6, 19, -2, -32, 3, 3, -9, -20, -7, -29, -13, 8, -11};
weight_hh[92] = {12, -12, -2, 2, 0, -4, -10, 5, 1, -5, 18, 0, 6, 28, 2, 5, 6, -16, 6, 21, 3, -36, 17, 53, 27, -22, -4, 8, -8, 8, 12, 8, -14, 20, 0, -8, -22, 6, 5, 15, -16, -10, 11, 10, -5, 5, -10, -11, -10, 7, -13, -14, -19, -10, -10, -6, 10, 14, 6, 7, -11, -8, 11, -6, 1, 20, 10, -24, -3, 0, -6, -28};
weight_hh[93] = {-22, 15, -13, -24, -31, -11, -13, 43, 34, 21, -2, 2, -14, 55, 8, 8, 7, 1, 4, -5, 21, 20, -14, -9, -29, -6, -7, 32, -5, -23, 41, -22, -14, -20, 25, -10, -8, 2, -19, -4, -18, -10, 11, 11, -12, -25, -4, 33, -11, -7, -1, -8, -4, -11, -11, 11, 11, -18, -38, 20, -11, 2, 2, -22, 11, 19, 11, 10, -15, 5, 8, -10};
weight_hh[94] = {9, 2, -4, -2, 9, 15, -10, -13, -30, 8, 17, 25, 8, -18, -21, 8, -22, -10, 6, -29, 16, 18, 13, 16, -23, 2, -13, -7, 22, 11, -5, -13, -2, -6, -37, 5, 18, -1, -5, 14, 12, 1, -2, -1, -13, 7, -2, 16, 2, 10, -42, -12, -1, 3, 3, -2, -1, 11, 14, -1, 2, 6, 1, 8, -20, -9, -3, -20, 12, -20, 2, 37};
weight_hh[95] = {0, 1, -1, -1, 0, 0, 0, 0, 1, -1, 0, 0, -1, 1, 0, 0, 0, -1, 1, -1, 0, 1, 0, 1, 1, -1, 0, -1, -1, -1, 1, 1, 1, 0, 0, -1, -1, 0, -1, 0, 0, 2, 1, 1, 1, 1, 0, -1, -1, 0, 1, 0, 0, -1, -1, 0, 1, 0, -2, 0, -1, 0, -1, 1, 2, -1, 1, -1, -1, 1, -1, -1};
weight_hh[96] = {25, -19, 27, 24, 10, -5, -36, -1, 33, -3, -23, -13, 0, 46, -25, -22, -29, 29, -10, -10, -20, -27, -23, 20, 14, 24, -20, 5, -22, -20, 44, 12, -18, -2, -14, -1, 0, 3, -35, -31, -1, 19, 1, 1, -4, 30, 20, 10, -1, 10, -3, -38, -77, -1, -1, 7, 1, -8, -17, 6, -1, 32, 47, 20, -12, -9, 1, -18, 47, -18, 0, 20};
weight_hh[97] = {-99, 6, -7, -9, -41, -8, -39, 12, 24, 6, -38, 11, 59, 16, -15, 15, -19, -33, -16, 14, -13, 11, -18, -2, 12, 51, -31, 19, -30, -19, 15, 5, 10, 27, 7, 11, -20, -18, 16, -57, 16, -1, -7, -9, -12, 7, -5, -31, 11, -30, 22, 21, 7, 6, 4, 39, -4, 45, 2, 7, 10, -24, 41, -23, 36, -3, -13, 8, -39, 17, 5, 8};
weight_hh[98] = {22, 29, -29, 13, 32, -1, -14, 2, 28, 5, -17, 11, -56, 54, -5, -2, -63, 27, -27, 11, -1, -24, -16, -21, 9, -4, 19, 7, -32, -13, 23, 54, 15, -8, 11, 12, -21, 5, -23, -36, 89, -29, -13, -12, -8, 20, 61, 24, 19, -24, -31, -26, -6, 12, 14, -74, -16, -8, -10, -27, 19, -10, 28, -10, 15, 32, -17, 0, 2, -23, 9, 5};
weight_hh[99] = {-11, 7, -4, -16, 7, -1, 8, 20, 7, 37, 10, -14, 5, 1, -3, -1, 10, 12, 0, -5, 41, -27, 5, 13, -12, 9, -1, 0, -8, 9, 22, 11, 2, -12, -1, -8, -21, -11, 21, 13, -9, -15, 11, 11, -13, 3, -4, 0, -11, -4, -16, 4, 4, -11, -11, -5, 10, 3, -18, -10, -11, 4, 16, -11, -27, 13, 11, 8, -14, 18, 19, 0};
weight_hh[100] = {0, 1, -1, -1, 0, 0, 1, 0, 0, -1, -1, 0, 0, 1, 0, 0, 0, -1, 1, -1, 0, 0, 0, 1, 1, -1, 0, -1, 0, -1, 1, 1, 2, 0, 0, -1, -1, 0, -2, 0, 0, 1, 1, 1, 1, 0, 0, -1, -1, 1, 1, 1, -1, -1, -1, 0, 1, -1, -1, 0, -1, 0, -1, 2, 1, 0, 1, 0, -1, 1, -1, 0};
weight_hh[101] = {0, 1, -1, -1, 0, 0, 1, 0, 1, -1, 0, -1, -1, 1, 0, 0, 0, -1, 1, -1, 0, 0, 0, 0, 0, -1, 0, -1, 0, -1, 1, 1, 1, 0, 0, -1, 0, -1, -1, 0, 0, 2, 1, 1, 1, 0, 1, -1, -1, 0, 1, 0, -1, -1, -1, 0, 1, -1, -2, 0, -1, 0, -1, 1, 2, -1, 1, -1, -1, 1, -1, -1};
weight_hh[102] = {76, -6, -38, -68, -84, -23, 59, 43, -21, -23, 40, -7, 6, 33, -20, -12, -40, 5, 7, -57, 50, 7, 9, -14, 10, -20, 32, 38, 0, -79, 74, -20, -23, -16, 31, -3, -41, -35, -29, 20, 16, 5, 5, 5, 9, -19, -7, 69, -4, 9, 33, 27, 23, -5, -5, 49, 4, -16, -41, 71, -4, -1, -3, -35, 9, -36, 5, -13, 6, 86, 1, 12};
weight_hh[103] = {14, -7, 5, 36, 20, 2, 51, -5, -14, 4, 13, -7, -31, -10, 36, -28, 1, -15, 1, 6, -31, 32, -16, -37, -13, 12, -63, -1, 12, -4, -10, 22, -6, 25, 2, 10, -17, -4, -1, -9, -55, -7, -6, -3, -4, 5, -47, -10, 9, 29, 33, -1, 18, 9, 10, -25, -3, 12, 21, -22, 7, 9, -38, 42, 23, -23, -5, -31, -25, 16, 8, -8};
weight_hh[104] = {-35, 2, -8, 6, -16, 8, -9, -9, 19, 5, -28, 21, 5, 0, 9, 29, 17, -12, -5, 12, 32, 6, -1, 7, -11, -29, 8, -15, 14, 2, -19, -7, -5, 18, 9, 5, 10, 41, -1, -3, 6, -9, -3, -3, -2, 0, 2, 7, 3, 0, -34, 23, 3, 3, 3, 22, -2, -6, -21, 2, 3, -13, -12, -12, 9, 23, -3, 5, 11, -11, 2, -13};
weight_hh[105] = {11, -7, 7, 23, -11, -26, -15, 15, 0, 14, 7, 8, -4, 31, 28, -34, -38, 30, 7, 24, -11, -21, 19, -20, 25, 31, -28, 31, 7, -24, -32, 2, -5, 6, 18, 0, 26, 23, 49, 3, -28, -12, -17, -8, -8, -16, 1, -5, 18, -28, -12, -17, -22, 9, 7, 3, 3, -27, 6, -2, 11, 26, 2, 10, -28, 12, -12, 5, -21, 58, 28, -13};
weight_hh[106] = {16, 3, 0, 21, 10, 4, -13, 3, -17, 27, 30, -24, -35, -49, 25, 8, -19, -28, 9, -48, 36, 28, -11, -8, 12, 15, 8, -21, 39, -11, -8, -31, 22, -2, -14, -6, 2, -67, 2, 41, 57, 3, 8, 5, 2, 26, 1, 9, -3, 63, 2, 48, 1, -7, -7, 19, 12, 7, 54, 26, -6, 23, 23, -23, -11, 36, 8, -14, 4, -21, 12, -23};
weight_hh[107] = {-39, -26, -5, -4, -14, 3, -2, 14, 30, 22, 0, 15, -25, -41, -6, -15, 2, -6, -27, -33, -6, 35, -7, 15, -23, -18, 0, -15, -32, 30, 17, 13, -14, -1, -6, 33, -79, 6, 6, -17, -2, -24, -36, -37, -27, 5, -19, 9, 28, 41, -15, 10, -11, 29, 36, -5, -32, 9, -6, -28, 34, -13, -1, -2, 1, 10, -27, -5, 0, 21, 35, -7};
weight_hh[108] = {-1, 5, 1, 1, -2, 0, 3, -2, -4, 6, 2, 4, 1, 2, -2, 3, 4, 2, 1, 1, -5, -3, 3, 3, -3, -1, -6, -5, 7, 1, 1, 2, -2, 3, -3, -7, 3, -5, 7, 8, -5, -1, 10, 10, -4, 1, 5, 0, -10, -8, -2, 3, -1, -10, -10, 2, 10, -1, -7, 0, -10, -4, 2, -2, 1, 5, 10, -3, -5, -5, 0, -2};
weight_hh[109] = {33, -10, -18, 25, 24, 1, 8, 6, 36, -12, -10, -1, -42, 11, 21, 0, 2, 30, -8, -26, -10, -8, -4, 6, -7, 22, -5, -17, -11, -4, -38, -18, -10, 27, 78, 14, 42, -16, 18, 2, 8, -4, -15, -16, -15, 31, -18, 19, 17, 11, 0, -16, 12, 12, 12, 6, -14, -56, 33, 25, 22, 32, 19, -2, -8, 19, -20, 8, 37, 1, 27, -3};
weight_hh[110] = {-4, 8, -3, -8, 20, -9, 29, -3, -19, 2, -30, 12, -26, -29, -21, 23, 5, 7, -4, 10, 19, 9, -27, -19, 12, 13, 7, -8, -16, 15, -69, 2, 0, 19, 13, 15, 13, -14, 3, -9, 64, -1, -18, -18, -4, -25, -15, -28, 19, -8, -1, 16, 33, 19, 18, 27, -16, -5, 31, -63, 19, 34, -79, 8, -30, -20, -17, 20, 11, 9, 13, 14};
weight_hh[111] = {20, 12, 18, -22, 39, 10, 0, 23, 10, -14, 9, -9, -12, -7, 2, -36, 38, -32, 6, -26, 75, 10, -25, -31, -36, -23, 13, 4, 18, 28, -16, -7, -50, -14, 5, -4, 14, -82, -23, 0, 20, 22, 2, 3, 5, 4, 14, 33, -3, 5, -5, 48, -22, -2, -2, -5, 3, -19, 13, -46, -2, 62, -16, -4, 26, -9, 2, -21, 7, 13, -15, 16};
weight_hh[112] = {24, 2, 52, 27, 1, 23, 23, 8, 28, 21, -13, 17, 43, -25, 34, 0, 21, 4, -13, -31, -7, 11, -12, 34, -6, 19, -16, -27, 20, 13, 3, -14, 7, 4, -11, 35, 16, 4, 34, -7, -79, -6, -23, -28, -27, -16, 0, -29, 19, 43, -2, 31, 80, 29, 24, 18, -23, -4, -23, 58, 29, 23, 47, -28, 55, 9, -21, 22, -27, -31, 21, -8};
weight_hh[113] = {-51, -9, -25, -18, -23, -11, -5, 27, -59, 25, -17, 52, 7, 9, -11, -12, 10, 90, -24, 27, -11, 27, -39, -19, -19, 8, 14, -15, -41, 0, 42, 18, 5, 1, 27, 27, -58, 50, 3, -12, -1, -20, -27, -16, -12, -10, -13, -41, 23, -12, 47, -36, 27, 27, 17, -27, -19, 8, -62, 13, 29, -28, -44, 23, -9, 6, -21, -18, -17, 5, 19, -51};
weight_hh[114] = {1, 9, -34, -8, 35, -10, 16, 21, 28, 32, -19, 35, 7, -14, 9, 1, -11, -30, -29, 18, -9, 7, -4, -52, -22, 3, 4, 30, -6, 27, 36, 9, -4, -28, 22, 26, -36, 11, -28, 6, -37, -39, -20, -14, -30, -10, -28, 34, 14, 41, -19, 4, 1, 16, 19, 29, -10, -4, 15, 45, 20, -30, 12, -2, 6, 37, -17, -25, 10, -20, 30, -12};
weight_hh[115] = {-17, -12, 19, 12, -24, 4, -36, 6, 20, 17, -48, 44, 21, 12, -3, 1, 28, 10, -29, -29, -22, 49, -14, -6, 32, -4, -7, 5, -88, 11, -6, -11, -10, 45, -32, 26, -2, 25, -3, -41, 16, -9, -30, -28, -1, -21, -53, 10, 31, 12, -31, 22, 6, 30, 24, 25, -26, -19, -17, 18, 24, 31, -5, -14, 13, 5, -28, 10, -55, -4, 23, -8};
weight_hh[116] = {-16, -6, 23, -7, 54, 12, 30, -3, 21, 26, -4, 4, 67, -15, -22, 55, 20, -33, -28, 8, -78, -27, -16, -36, 7, -7, 67, -43, -3, -15, 47, -31, 3, 20, 32, 11, -2, -7, -20, 14, 10, -7, -10, -15, -25, -29, -30, 32, 17, 12, -6, -25, 68, 15, 17, 9, -16, 5, 2, -6, 10, -35, -8, 31, 1, 7, -9, -10, -16, -21, 6, 46};
weight_hh[117] = {-33, -11, -10, -41, -16, 13, 75, -3, -3, 16, 6, -23, 13, -72, -33, 31, 9, 40, -16, 6, -32, -8, 6, 66, -9, -67, -24, -57, 19, -10, -34, -9, 33, 25, 3, 11, -40, -14, 9, -13, 0, -4, -12, -10, -21, -24, -10, 3, 12, 5, 11, 14, 75, 13, 13, -6, -10, 2, 20, -11, 18, -28, -32, -3, -7, -2, -20, 0, -13, 23, 19, 39};
weight_hh[118] = {-3, -7, 48, 31, 13, -12, -62, 14, -5, 12, -19, 22, -36, -35, 35, 18, -5, -10, -16, -29, -20, 36, -18, 84, -4, -18, 6, -27, -22, 41, 18, 17, 6, 38, -8, 13, -6, -26, 38, -15, 64, 13, -11, -11, -20, 17, -24, -15, 11, -9, 26, 19, -3, 11, 11, 19, -11, 39, 25, 1, 11, -18, 4, 15, 8, -20, -11, 27, 39, -10, 7, -16};
weight_hh[119] = {43, -7, -37, 25, -17, -29, -5, 34, 34, 7, 46, 4, 9, 44, 20, -42, -14, 25, 2, -16, -45, -29, -8, -9, 10, 18, 23, -8, 78, -44, -29, 7, -22, 10, -21, 17, 57, -7, -54, 6, -29, -18, -18, -12, -9, 6, 43, -21, 21, -2, 3, -39, 61, 15, 12, -2, -5, -20, 44, 18, 14, 15, 31, 26, -6, 1, -15, 27, 19, -6, 11, -42};
weight_hh[120] = {4, -13, -43, -35, 2, 6, -14, -1, -9, 32, -16, 16, -15, -49, 6, 19, 4, -26, -14, -20, 15, 13, -15, 0, 19, -22, -15, -24, 5, 84, 50, 19, -5, -36, 15, 13, 13, -5, -5, -14, 40, -7, -10, -12, -20, -17, -16, -23, 8, 2, 18, -1, 3, 12, 9, 13, -6, -30, -20, 4, 10, -11, 11, 40, 36, -4, -13, -8, -33, 22, 15, -9};
weight_hh[121] = {11, -8, 19, 15, 6, 1, 8, -16, -3, 13, -26, 25, -35, 8, 3, 14, 17, 44, -23, -49, -14, 19, -40, -31, -25, 47, -9, 3, -3, -12, -45, 4, -19, 6, -7, 20, -20, -71, -6, -14, 10, -18, -22, -20, -21, -4, -54, 21, 18, 37, 11, 34, 3, 20, 18, -25, -16, 19, -31, -15, 20, 19, -27, -26, -23, -21, -18, 25, 17, 14, 21, 0};
weight_hh[122] = {7, 12, -10, -14, 26, -10, 0, -7, 13, 13, 32, 8, -5, 6, -17, 15, -3, 11, -8, -1, 15, 13, -3, 4, 13, 24, 0, 8, 10, 15, 13, 40, 37, 1, 7, 2, 0, 4, 32, -1, -6, 10, -1, -1, -33, -20, 23, 7, 1, -20, -13, 5, -9, 1, 2, -12, -1, 21, 22, -20, 1, -3, 1, -11, -11, -19, -1, 4, 0, -8, 14, -4};
weight_hh[123] = {4, 15, -13, 34, 7, 3, -39, -26, -4, -21, -9, 3, -28, 25, 2, 11, -31, -2, 1, -46, -74, -10, 9, -15, -4, -20, -55, 14, -9, 1, 30, -13, -1, 12, -14, -4, 11, 29, -2, 20, -10, 25, 1, 1, 6, 10, 5, 19, -1, -5, 7, -8, -20, -2, -2, -13, 3, 3, -42, 18, -4, 57, 22, -9, 24, -19, 3, -9, 5, -21, -14, 30};
weight_hh[124] = {-29, 4, 8, 3, 26, 13, 3, -18, 6, -3, -1, 26, -29, 7, -5, 52, -1, 15, -14, -14, -8, 11, -8, 21, -6, 12, -13, -69, -22, 31, -1, 18, 9, 16, -22, 0, -7, 2, -17, 6, 17, 27, 13, 13, -38, 32, -26, 8, -13, -6, -3, -26, 16, -13, -13, -35, 11, 11, 14, 29, -13, 14, 7, 18, 14, 5, 13, -34, -30, -14, -3, 0};
weight_hh[125] = {-15, -6, 48, 9, 1, 2, -3, 18, -6, 65, -25, 27, 5, -8, -1, -4, -6, -4, -14, -12, 9, -11, -1, -5, -10, -5, -5, -6, 13, 6, 22, 4, -33, -10, -16, 0, -4, 4, 17, 12, -7, -10, 7, 8, -37, -6, -13, -3, -8, -2, -16, 21, -14, -8, -7, 4, 8, -2, -32, -18, -7, -3, 0, 18, -9, 10, 7, -3, -7, 1, 15, 10};
weight_hh[126] = {40, -2, 20, 51, -18, 13, 13, -12, 0, 9, 18, 12, -3, -9, 53, 14, -39, -18, 0, 6, -33, -34, -13, 3, 5, 24, -18, -15, 25, 32, -38, -9, -4, 3, -37, 17, 18, 31, -19, -23, -24, 6, -9, -7, -17, -9, -3, -5, 6, 18, -13, -15, 35, 7, 6, -18, -4, 12, -1, -16, 10, 15, -22, 51, -59, -6, -8, 21, 19, -52, 4, 50};
weight_hh[127] = {-45, -4, -15, -43, -14, 8, -23, 21, 15, 23, 6, -1, -9, -38, 25, -13, 23, 12, -7, -3, 17, 17, -22, -44, -6, 1, -23, -28, -6, 17, -34, 5, -3, -49, 21, 15, -26, -22, 22, -27, 47, -23, -24, -26, -22, -1, -17, 2, 20, 8, -2, -14, -25, 16, 14, 7, -23, -12, 47, -36, 16, 5, -27, -17, 17, -27, -15, -18, -22, -12, 20, -4};
weight_hh[128] = {12, -2, 4, 44, 0, 4, -59, -3, 16, 12, -17, 33, 75, 2, 9, 11, -91, -39, -18, -19, -27, 20, -9, 0, -14, 3, 1, 77, 8, -36, 53, 22, 8, -18, -44, 15, 5, -7, -6, -14, -23, -4, -16, -14, -18, 0, 65, 6, 16, 26, -10, -1, -1, 11, 11, -16, -8, -33, -29, 11, 13, -19, 75, 47, 19, -13, -16, -28, 55, -1, 21, 10};
weight_hh[129] = {24, 4, 36, 7, 21, 13, -48, 23, 21, 38, -22, 4, 31, -18, -20, 19, -12, -6, -15, 9, -19, 38, -2, 40, 13, -17, 23, 24, -21, 9, -22, 14, 11, -27, -8, 15, -1, -21, 21, -4, 52, -25, -10, -13, -23, 7, -7, -27, 8, -10, 23, 5, -30, 12, 15, -1, -18, -13, -8, -35, 11, -25, -10, 19, -66, 31, -13, 4, 64, 3, 28, -6};
weight_hh[130] = {-6, 9, 10, 10, 7, 15, 10, -15, 13, 0, -5, -3, -12, -34, 14, 38, 27, 22, -4, -2, 3, -35, 4, -17, -12, 4, 42, -26, -13, -12, -8, 17, 36, 13, 3, 8, -16, -15, -45, -1, 15, 26, -4, -3, -25, -10, 6, 4, 3, 8, -15, 12, 9, 4, 5, 42, -5, 3, 11, 13, 4, -30, 32, 9, -21, 7, -4, -23, 27, -25, -9, -3};
weight_hh[131] = {-24, 18, 9, 3, 4, 0, 15, -14, 23, 5, -2, -4, -22, 22, 24, -9, -46, -11, -3, 20, -9, -19, 6, 73, 16, -8, 17, 17, -30, 15, -16, 5, 21, -6, 34, -4, 19, 9, 2, -17, 20, 3, 4, 3, -7, -3, 11, -7, 6, -1, 21, -41, -46, -3, 2, -36, 5, 1, 29, 15, -1, -53, 14, 49, 5, -11, -7, -12, -5, -1, 4, 29};
weight_hh[132] = {49, -2, 3, 18, -25, -32, 10, 52, 9, 65, 49, 45, -23, 18, 2, -27, 3, 41, 16, -37, -26, -19, -18, -22, 4, 10, 15, 15, 2, -19, -12, 0, -30, -9, 18, -12, 35, -21, 6, 5, -12, -22, 12, 16, -32, 5, 0, 17, -12, 4, -44, -30, 18, -14, -12, -5, 17, -31, 4, 13, -14, 5, 14, 7, -11, 27, 13, -15, 16, 32, 30, 13};
weight_hh[133] = {-24, 0, -2, 26, 22, -21, 7, -43, 14, 33, -48, 97, -17, 2, -7, -11, -11, -7, -14, -58, -5, 19, -41, -21, 47, -12, 21, 7, -22, 9, -5, 13, 19, 41, -14, 14, -3, -3, 17, -9, 25, -27, 4, 3, -60, -6, -18, 3, -5, -9, -62, 24, 24, -7, 0, -7, 5, -62, -11, -6, 1, 32, -7, 21, -34, -17, 3, -6, 28, -22, 25, 7};
weight_hh[134] = {-25, -23, 12, 0, -32, -15, 15, 15, -10, 46, -3, -3, 3, -20, -3, -3, 11, 12, -12, 7, -19, -34, 13, -7, -9, -34, -17, -10, -2, 27, 25, -13, -11, -10, -21, -1, -19, -10, -11, 9, -26, 2, 8, 8, -11, -17, -11, 18, -8, 0, 18, -24, 12, -8, -8, 2, 5, 14, -8, 7, -8, 7, 32, -6, 2, 16, 8, -5, -6, 24, 20, -31};
weight_hh[135] = {-15, 9, -21, 9, 14, -11, -14, 16, 22, 3, 5, 5, -20, 8, 4, -6, 2, 14, -3, 1, -4, -7, 8, 42, 1, 12, 43, -9, -4, 9, 17, 19, 22, -12, 17, 0, 9, 17, 30, -1, -10, -13, 1, 1, -12, 35, -25, -28, -1, 9, 0, 7, -38, -1, -1, 14, 1, 2, -15, 3, -1, 2, 9, -9, 19, -45, 1, 11, -17, 43, 0, -4};
weight_hh[136] = {-18, -5, -20, -59, -17, 6, -12, 36, -5, -2, 7, 0, 1, -13, -6, 4, -6, -12, 11, 9, 58, -13, -29, -54, -18, -6, 7, -1, 32, -17, -31, -9, -49, 38, -16, -8, 28, -34, 13, -1, 52, 13, 8, 8, 9, -33, 5, 45, -8, -5, 15, 12, 13, -8, -8, 17, 8, -15, 12, 3, -8, 15, -8, -41, 11, -9, 8, 13, 14, 16, -20, 33};
weight_hh[137] = {21, 5, 12, -51, 15, 12, 41, 8, -1, 18, 1, 23, 60, -37, -53, 1, -1, 21, -12, -4, 23, -21, -1, -25, 15, -40, -54, -65, 7, -18, 18, -32, -7, -13, -10, 18, 3, -54, 25, 0, -8, 1, -15, -12, -20, -19, -14, -5, 10, 4, -3, 16, 48, 7, 8, 16, -6, -39, 18, -21, 5, -1, -27, 8, 3, 1, -11, -4, 35, -23, 15, 34};
weight_hh[138] = {22, -4, -13, 32, -3, -2, 7, 13, 6, 30, -8, 3, 4, -3, 9, -23, 7, -13, -20, -5, -19, -8, 7, 1, -10, -5, 12, 16, 16, -9, -49, -1, 6, 2, 3, 12, 48, -25, 20, 3, 0, 0, -12, -11, -35, 9, 30, 12, 12, 0, -3, -41, -3, 12, 13, 0, -11, -60, -16, 13, 12, -8, -10, 1, -11, -9, -11, -7, 17, 1, 20, -11};
weight_hh[139] = {32, -35, -49, -1, -2, 0, -22, -1, -17, 34, -3, 14, 32, -34, 13, -4, -5, -22, -20, -25, -25, -10, -2, -8, 14, 19, 19, -9, 13, -10, 4, 7, -2, 13, -16, 8, 44, -39, 14, 19, 7, 0, -3, -9, -27, 25, -1, 13, 9, 5, 24, -16, 33, 6, 4, 7, -5, -39, -9, 30, 4, 4, 9, 27, -19, -17, -7, -20, 37, -3, 12, 14};
weight_hh[140] = {21, -32, 36, -24, 12, 18, -24, 6, 29, 24, -15, 7, -48, -1, -29, 2, -31, 12, -34, 5, -6, 10, -11, 2, -13, 44, -9, 0, -46, -14, 7, -20, -14, 2, -19, 28, -21, -57, 13, -10, 75, -27, -37, -39, -38, -34, 25, 29, 42, 18, 16, -3, -29, 30, 28, -35, -34, -18, -7, -48, 40, 14, -62, -34, 13, 19, -30, 4, 23, -1, 24, 8};
weight_hh[141] = {3, -23, 82, 28, -49, -12, -63, -2, -7, 4, -8, 8, 12, -6, 68, 20, 1, 5, -11, -12, -10, 25, -20, 1, 4, 13, 10, -24, -7, 44, 0, -14, 2, 0, 5, 10, -12, -44, 12, -2, 20, -21, -17, -12, -8, 13, -29, -6, 13, 17, 17, -20, -44, 17, 9, 16, -15, 49, -19, 11, 17, 27, -6, -5, 16, -14, -10, 21, -13, -25, 22, -50};
weight_hh[142] = {49, -6, 30, -22, 15, 3, 3, 26, -8, -16, 22, 3, 2, 39, 44, 19, 30, 39, 4, -28, -1, -8, -14, -21, 6, 1, -1, 22, 14, -14, -4, 14, -60, -14, 4, 4, -5, 17, -60, 2, 18, 15, -2, -2, -4, -38, -35, 31, 3, 3, 13, -1, 3, 1, 3, 33, -1, 20, 23, 18, 2, 23, 6, 0, 30, -3, -2, -17, -1, 18, 3, -4};
weight_hh[143] = {-20, -1, 24, 24, 41, 1, -19, 31, 27, 21, -6, 34, -8, -47, 13, -3, 0, -35, -16, -26, 22, 20, -11, -6, -26, -42, -18, 21, -19, 28, 9, -34, -23, -4, -2, 24, -13, -10, 16, 3, 48, -37, -20, -19, -16, 11, 19, -10, 14, 16, -15, -8, -7, 15, 19, -5, -16, -56, 35, -37, 14, 7, -39, 68, 9, 18, -13, 21, 23, -31, 27, -13};
weight_hh[144] = {-5, -26, -18, -30, -21, 9, 17, -7, -18, 10, -13, -3, 17, -11, -19, -11, -41, 32, -8, -9, 10, 13, -21, 0, -22, 86, -39, -22, 18, -30, -53, -1, 1, -4, 22, 4, -17, -23, -6, 21, -4, -7, 7, 0, -1, 50, 24, -23, -5, 35, 6, 9, 41, -7, -4, -62, 1, 15, 39, -3, -8, 24, 30, -27, -23, 16, 7, 19, 57, -13, 10, 29};
weight_hh[145] = {41, -23, 7, 20, -30, -10, 63, 41, -9, -5, 6, 25, -20, 41, 4, 1, -15, 3, -22, 6, -7, -34, 15, 0, -3, -6, -12, -22, 12, -37, -16, -9, -19, -22, 6, 23, 59, 5, -10, -10, -12, -48, -11, -10, -38, 28, -23, -5, 10, -7, -12, -5, 10, 8, 9, -10, -7, -40, 12, 23, 9, 37, 26, -43, 8, -36, -9, -10, 2, 22, 4, 1};
weight_hh[146] = {-11, 7, -35, -17, 10, -22, 20, 34, -38, -17, -25, -22, 0, 14, -17, 7, -25, -10, -1, -52, -44, 30, 14, -14, 7, -49, 13, 17, -23, 2, 12, -23, 22, 17, -30, 2, -61, -3, -58, 24, 49, 9, -8, -13, -6, 3, -12, 11, 13, 5, 24, -12, 17, 6, 15, 5, -11, 60, -8, 35, 12, 18, 20, -8, -45, -17, -7, -15, -34, 14, -2, -7};
weight_hh[147] = {-24, -27, 23, -42, 28, -18, 21, 15, -39, -1, 1, 4, -7, -28, -40, 13, -41, -30, -2, -21, 40, 9, 2, 25, 23, 5, 3, 7, -20, 37, 7, -19, -2, -18, 5, 13, -30, -21, -12, -1, -25, -16, -8, -13, -10, -35, 60, -64, 14, 18, -10, -21, -22, 12, 14, -52, -7, 45, -23, -31, 15, -1, -11, -33, 3, -15, -10, 50, 1, -11, 17, -19};
weight_hh[148] = {37, 4, 21, -8, -23, -3, 16, -4, -11, -29, 5, -11, -2, 14, 17, -41, 2, 1, 7, 25, -19, -24, 28, -17, 29, 5, 0, 5, -1, 5, 45, 16, -16, -17, -20, 2, -3, 18, 11, 14, -12, 9, -7, -6, 1, 64, 13, 7, 6, 35, -6, -12, -4, 6, 10, 4, -6, -3, 11, -65, 7, 57, 23, 10, -32, -29, -10, 26, 27, -37, -7, -15};
weight_hh[149] = {-3, 4, 5, -5, -3, -2, -2, -3, -2, -4, 1, -1, 2, 2, -2, 6, 7, 3, 4, 5, 5, 2, 0, 6, 5, -6, -3, -3, 1, 3, 1, 0, -4, 1, -1, -9, -3, 5, 1, 5, -3, 2, 12, 12, 9, 1, -1, 4, -12, -3, 1, 5, -4, -12, -12, 5, 12, 2, -3, -3, -12, 2, -1, -4, -1, 2, 12, -5, 2, -3, -7, 1};
weight_hh[150] = {-42, 15, 17, 31, -21, 19, -2, 21, 3, 17, -5, 6, 5, 25, 22, 12, 7, -1, 1, 15, -43, -50, -22, -29, -34, 3, -1, -18, 16, -52, -24, -30, -9, 11, 51, -16, 60, 16, 38, -8, -2, -7, 21, 21, 8, 10, 24, 13, -19, -55, -5, -52, 16, -22, -13, -21, 16, -105, -11, -13, -20, -50, 7, -6, -26, 12, 11, -19, 0, -7, 0, -35};
weight_hh[151] = {-4, -15, 61, 1, -22, -12, -22, -7, 56, -18, 12, 15, -21, 4, 37, -18, 9, 24, -6, 32, -14, 47, 12, -10, -38, 8, -23, -10, -36, -2, 57, -29, -1, -32, -28, 7, -31, 1, 33, -28, 18, -3, 5, -4, -10, -32, 7, -18, -5, -7, 34, -24, -13, 3, 1, -45, 0, 17, 6, 27, -3, -57, 11, 8, 28, 25, 3, -47, -66, 12, -9, -41};
weight_hh[152] = {-29, -6, 0, 31, 27, -10, -24, 22, -21, -1, -32, 16, -9, -39, 17, 43, 19, -20, -19, -22, 23, 11, -7, 33, 9, 9, 15, 7, -20, 52, 72, 17, 18, -53, -2, 15, -11, 27, -8, -25, 36, 10, -9, -6, -1, 30, -51, -29, 11, 9, 23, -13, -20, 7, 6, 10, -16, 43, 42, -30, 6, -15, -31, 1, -20, 1, -5, 15, 43, -13, 11, 7};
weight_hh[153] = {50, -2, -44, 44, 14, 0, -6, -11, -19, -5, 32, -25, 9, -45, -12, -32, 2, 15, 5, 3, -8, -52, 29, 1, 7, 4, 19, -19, 51, 2, -52, 49, -2, -14, -55, 1, 33, 6, -22, 37, -17, -4, -5, -4, 4, 4, 2, -13, 5, -14, -11, -20, 9, 6, 5, 26, 2, 13, 29, -1, -3, -8, 41, 42, -58, -16, -4, -7, 50, -8, -6, 12};
weight_hh[154] = {12, 22, 23, -21, 17, -4, -22, -13, 5, 3, -64, 3, -2, -46, -2, 3, -2, -37, -6, -40, 9, 33, -11, 6, 17, 12, 49, -13, -31, 6, -16, 29, -1, -16, -23, 6, -38, -57, -39, 7, 15, 1, -10, -8, -5, 1, 16, -2, 13, 35, -44, 35, 5, 10, 14, 18, -10, 12, 9, -23, 6, 19, 8, -20, -15, 25, -13, 2, 29, -16, -1, 24};
weight_hh[155] = {3, -4, -6, 4, 2, 2, 2, 2, 0, 3, -1, 1, -2, -3, 3, -4, -8, -3, -4, -5, -4, -2, 0, -5, -5, 6, 3, 3, -2, -2, -1, 0, 5, -2, 1, 9, 2, -3, -1, -4, 3, -2, -12, -12, -9, -1, 0, -3, 12, 3, -2, -5, 5, 12, 12, -5, -12, -1, 2, 4, 12, -1, 1, 3, 0, -3, -12, 4, -1, 2, 7, 1};
weight_hh[156] = {19, -44, -32, 24, 28, 2, -1, -17, -49, -23, 17, -22, 6, -22, -5, -7, -30, -13, 7, -7, -26, -3, -16, 9, 25, -13, 68, -1, 0, -8, 49, 14, -14, 38, -15, -2, 27, -18, -33, 11, 21, 5, -4, -4, 3, 14, -18, -14, 5, -1, 49, 7, 13, 8, 2, 30, -1, -25, -7, 58, 4, 34, -2, 34, -22, -23, -7, 28, 68, 8, -1, -2};
weight_hh[157] = {-37, -19, -4, -1, 24, 12, -40, -19, 8, -2, 67, -25, -21, -49, 27, 17, 1, -15, 8, 2, 21, 39, 32, 2, 40, 15, -12, -14, 13, -13, -8, -1, 40, -11, 33, 7, 8, -47, -66, 6, 34, 9, -15, -16, -27, -17, 7, 23, 22, 25, -8, 49, -2, 22, 21, 8, -9, 42, 20, -31, 12, 58, 2, -18, 39, -47, -18, -10, 56, -10, -1, 13};
weight_hh[158] = {-9, -29, 10, -6, -5, -3, 18, 3, -1, 8, -37, 4, 15, 25, -3, 9, 0, 15, -12, -16, -26, 6, -4, 2, 48, -16, 14, 5, -32, -10, 6, 3, -22, 10, 1, 0, -13, 11, -22, -5, -17, 11, -1, -1, -10, 6, -35, 3, -3, 1, -12, -32, -2, -1, -2, -1, 4, -3, -38, 2, 2, 24, -6, 44, -29, 11, 4, -31, 0, 8, -2, 25};
weight_hh[159] = {-2, 2, 6, -3, -2, -4, 0, -2, -3, -3, 2, -1, 1, 5, -1, 5, 6, 4, 8, 3, 5, 2, 0, 5, 8, -5, -3, -2, 0, 2, 1, -1, -4, 3, 1, -12, -3, 6, 1, 6, -3, 1, 11, 11, 10, -2, -2, 1, -11, -3, 0, 3, -2, -11, -11, 5, 11, 1, -3, -2, -11, 2, -1, 0, -4, 1, 11, -4, 1, 1, -6, 1};
weight_hh[160] = {-34, 2, -22, -19, -9, 18, -37, -5, 1, -8, -12, -5, 0, 36, -48, 4, 9, 18, 6, 34, -18, -37, -5, -17, 16, -8, 30, -13, 0, 12, 26, 39, 16, 27, 22, -8, -4, -3, -12, 7, 2, 9, 12, 11, 21, -8, 13, 11, -14, -14, -3, -6, -23, -13, -12, 61, 11, 16, -4, -33, -8, -39, 2, 1, -28, 43, 11, 13, 26, 0, -15, -1};
weight_hh[161] = {3, -4, -5, 5, 3, 1, 3, 3, 2, 4, -1, 1, -2, -3, 1, -6, -8, -3, -4, -5, -5, -2, 0, -6, -6, 6, 3, 3, -1, -2, -1, 1, 4, -2, 0, 9, 3, -5, -1, -5, 3, -2, -12, -12, -9, -1, 1, -4, 12, 3, 0, -6, 4, 12, 12, -5, -12, -1, 3, 4, 12, -1, 1, 4, 1, -2, -12, 4, -2, 3, 7, 0};
weight_hh[162] = {4, -4, -5, 5, 2, 1, 3, 4, 1, 3, -1, 2, -2, -2, 2, -5, -7, -3, -4, -6, -6, -2, 0, -5, -4, 6, 3, 3, -2, -2, -2, 0, 5, -2, 1, 9, 2, -3, -1, -5, 3, -2, -12, -12, -9, 0, -1, -4, 12, 3, -1, -7, 4, 12, 12, -3, -12, -2, 2, 4, 12, -1, 1, 3, 0, -3, -12, 5, -2, 3, 8, 0};
weight_hh[163] = {-12, -14, -4, 0, 0, -6, 19, -1, -3, -6, 0, 23, 68, -35, -8, -27, 16, -14, -2, 0, -13, -28, 20, -13, 36, 9, -19, -117, 4, -52, -11, 62, -8, -12, 4, 0, 4, -3, 0, -5, -30, -1, 3, -2, 8, 53, -82, 21, 4, 8, 9, -31, 7, -1, 9, 33, -4, -9, 1, -6, 8, 21, 9, 1, -27, -29, -5, -27, -26, -12, -5, 7};
weight_hh[164] = {-29, 10, 25, -28, 4, -12, 2, 22, 8, 42, -22, 33, -17, 4, 7, 2, -18, 12, -12, 16, -13, 29, -23, 1, -44, -20, -7, -44, -43, 13, 41, -12, 15, -16, 63, 9, -84, -32, 14, 19, 5, -13, 12, 9, -37, 24, -24, 22, -6, 27, -22, -8, 2, -11, -8, -8, 3, 80, -32, -12, -7, -30, 24, -27, -5, 5, 8, -3, -16, -6, 20, 35};
weight_hh[165] = {-5, -4, -10, -1, 61, 1, -2, -26, -14, -38, 47, -42, -1, -64, 8, 9, 8, -19, 0, 12, 0, -19, 20, 18, 16, 16, -8, 5, 2, 43, -10, 26, 39, -34, -15, -1, 1, -24, 30, 13, 34, 23, -2, -2, 7, -4, 7, -33, 3, -1, 5, -11, -40, 1, 1, -17, -2, 26, 33, -50, 2, 6, -14, 21, 15, -22, -1, 26, 11, -2, -32, -26};
weight_hh[166] = {-12, -7, 46, -11, -45, -16, 14, -12, -12, -14, -7, 1, -1, -14, -6, -4, 12, 30, -14, 3, 10, -19, 0, -20, 22, 24, -11, 1, -40, 28, 32, 4, 15, -17, -15, 21, -61, -2, 12, 36, -10, 30, -31, -33, -6, -16, 14, 9, 27, -23, 29, 10, -5, 31, 30, 8, -27, 87, 1, 16, 34, 9, -1, -43, 9, -4, -26, -15, -3, 37, -11, -14};
weight_hh[167] = {3, -4, -6, 5, 3, 1, 2, 3, 1, 4, -1, 1, -2, -2, 2, -5, -8, -3, -4, -5, -5, -3, 0, -5, -4, 7, 3, 3, -2, -2, -2, 0, 4, -2, 0, 9, 3, -4, -1, -5, 4, -2, -12, -12, -8, -1, 0, -4, 12, 2, 1, -7, 4, 12, 12, -4, -12, -2, 3, 4, 12, -1, 0, 3, 1, -3, -12, 4, -2, 3, 7, 0};
weight_hh[168] = {-7, -34, 16, 6, -11, -10, -26, -5, -16, 15, -3, -9, 15, -11, 26, 24, 12, -5, -4, 5, -1, 10, 46, -54, 17, 1, 23, 13, -3, 5, 57, -65, -62, -12, 1, 3, 10, -8, -13, 29, 5, 2, 2, 2, 0, 14, -48, 42, -2, 8, 1, 35, -83, -2, -2, 46, -1, 14, 23, 63, -3, 29, -6, -3, 47, 20, 2, -67, -5, 0, 11, -38};
weight_hh[169] = {29, -1, -1, 0, -14, 1, 33, -26, 6, 4, 52, -1, -6, 6, -5, 2, -12, 2, 16, -2, -15, -13, 17, -43, -15, 11, 3, -18, 51, -4, 0, -5, 27, 8, -17, -6, 18, 17, -7, 27, -18, -6, 8, 3, 8, -4, 19, 15, -7, 11, 11, 9, 26, -5, -7, 3, 4, 15, 5, 9, -8, -12, 32, 2, -2, -24, 5, -13, -4, 15, -1, -41};
weight_hh[170] = {9, 7, 10, 15, 14, -1, 12, -16, -1, -3, 4, -4, -6, 12, 0, 2, 5, 11, -8, 2, -1, 0, 3, -3, 2, -2, -17, 2, 0, 13, 9, -6, 9, 1, -6, 1, 0, -2, 0, 2, -12, -11, 0, -1, -1, -1, 6, 8, 1, 1, -8, 10, -8, 1, 0, 8, -1, 11, -1, -5, 1, -5, 14, -9, 1, 4, -1, 5, -1, 4, -1, -8};
weight_hh[171] = {-3, 28, -7, -21, -1, 22, -10, -33, -15, -78, -6, -41, -15, -15, -7, -2, 1, -33, 22, -17, 12, 42, -15, -9, 18, -19, -4, -14, -27, 2, 10, 11, 8, 9, -15, -17, -33, 6, -35, -1, 16, 19, 8, 9, 14, 4, -34, 12, -9, 3, -23, 25, -6, -7, -9, 2, 10, 50, -30, -15, -10, 13, 12, 11, 7, 3, 7, 4, 4, 42, -22, 5};
weight_hh[172] = {-3, 5, 5, -4, -2, -2, -2, -3, -1, -4, 1, -2, 0, 3, -1, 5, 8, 3, 4, 5, 4, 2, 0, 6, 5, -6, -3, -3, 1, 2, 2, 0, -4, 2, 1, -10, -2, 3, 2, 6, -4, 2, 13, 13, 9, 0, 0, 4, -13, -3, -1, 5, -3, -13, -13, 4, 12, 1, -3, -4, -13, 1, -1, -3, -1, 3, 13, -4, 2, -2, -7, 0};
weight_hh[173] = {-3, 4, 5, -4, -3, -1, -3, -3, 0, -3, 0, -1, 2, 3, -1, 6, 8, 2, 4, 4, 5, 2, -1, 7, 6, -7, -3, -3, 1, 2, 1, 0, -5, 2, 0, -9, -2, 4, 1, 5, -3, 2, 12, 12, 9, 1, -1, 5, -12, -3, -2, 6, -4, -12, -12, 4, 12, 1, -3, -4, -12, 1, -1, -4, 0, 3, 12, -4, 2, -3, -7, 1};
weight_hh[174] = {-8, -24, 14, -61, 36, 15, 6, 4, -11, -20, -17, 1, 5, -4, 18, 25, -26, -13, -5, -25, 15, 33, -3, -14, 6, 2, -1, -13, -31, 32, 23, 17, 3, 1, 0, 1, -92, -4, -49, -37, 21, -1, 8, 3, -7, 0, -15, -7, -10, 27, 35, -4, 12, 1, -12, 28, 5, 118, 49, -17, -9, -2, -6, 29, -13, -11, 10, -2, 18, -30, 8, 8};
weight_hh[175] = {-71, -6, 16, -48, 29, 24, -5, 8, 40, 22, -26, 44, -21, -30, -31, 2, -18, -22, -16, -41, 5, 56, -22, -4, 2, 5, -8, -52, -57, 7, 29, 10, -9, -16, -8, 16, -72, -68, 0, -26, 26, -15, -13, -20, -7, -26, -4, -15, 20, 14, -12, 8, 7, 11, 12, 18, -17, 32, -12, -33, 19, 3, -65, -1, 45, 1, -9, -26, -4, -28, 10, -38};
weight_hh[176] = {40, -5, -10, 3, 7, -1, 26, -12, -55, -25, 2, -18, 9, -11, 3, 0, -22, 7, 10, -19, -6, 12, 9, -8, -34, -9, 14, 1, 18, 8, -3, -4, -20, 3, -36, -16, 13, -10, -17, 32, -20, -11, 8, 9, 27, -1, 28, 23, -9, 12, 12, -16, 8, -9, -8, -13, 9, 14, 4, 41, -9, 5, 15, -3, -3, 7, 9, -3, 19, 17, -10, -5};
weight_hh[177] = {48, 17, -5, 23, -13, 5, 4, 25, -27, 7, 4, -10, -5, 24, 10, 1, -14, 15, -2, -10, -10, -18, 9, 19, -87, -11, 10, 20, 53, -18, -28, -26, 11, -25, -15, 8, 70, -6, 6, 6, -29, 4, 0, 0, -6, 13, 1, -17, -6, -26, 6, -22, 15, -1, -4, -3, -5, -28, -9, 13, 1, -16, 12, -14, -1, 13, 2, 10, -5, -9, 13, 6};
weight_hh[178] = {13, 11, 7, 26, 24, -23, 4, -37, 22, -34, 28, -15, -9, -35, -11, -9, -18, -47, 20, -28, 22, 32, 51, 22, 60, -27, 6, 35, 21, 13, 16, 18, 8, -31, 6, -6, 43, 5, -29, -17, 16, 38, 3, 1, 11, -6, 29, 15, -5, 42, -41, 37, 5, 4, -3, 4, 8, 9, 13, -6, 6, 89, -2, 57, 39, -50, -3, -7, 30, -9, -30, 42};
weight_hh[179] = {9, 11, -10, 11, 4, 1, 16, -6, -12, -9, -4, -6, -3, -6, 3, -10, -8, -16, 11, 13, 24, -24, -24, -5, -35, 0, 4, 0, -11, -9, -4, -6, 7, -3, -5, -2, 13, -8, -18, -2, 19, 6, -6, -6, 21, -2, -6, -20, 6, 10, 25, 23, -28, 6, 6, -5, 0, -20, 4, 5, 6, -20, -9, 12, 5, -17, -6, 8, 8, -3, 8, -29};
weight_hh[180] = {-2, 8, 1, 16, 6, 16, -9, -4, -11, 18, -23, 42, -1, -16, -15, 10, 0, -7, -42, -4, -9, -19, 12, 26, -28, 1, -9, -7, 9, 9, -15, -5, 19, 12, -26, 30, 33, -16, 25, 0, 10, -10, -12, -12, -33, 4, 6, -4, 12, -2, -8, -8, -7, 13, 13, -5, -14, -28, -12, -6, 14, -7, 5, 13, 12, -19, -13, -17, -5, -33, 20, -3};
weight_hh[181] = {22, -22, -22, 27, 11, -6, 13, 18, -34, -23, -1, 2, 11, 0, 12, -10, -24, -11, 7, -27, -15, 1, -15, -7, 1, 1, 9, 3, 24, -14, -17, -9, -10, -11, 37, -2, 7, 22, -19, -5, 0, -2, -11, -10, -16, 18, 36, -1, 8, 5, 9, -16, 28, 7, 7, -14, -7, -15, 45, 6, 7, 33, 29, 15, 0, -39, -11, 12, 28, -5, 14, 25};
weight_hh[182] = {-11, -10, 6, 12, 2, -5, -35, -8, 82, -3, -43, 25, 17, 22, -12, -1, 34, -30, -7, 0, -10, 24, -44, -25, 28, 13, 14, -3, -58, 4, 10, 3, -16, -9, 16, 4, 0, -16, -2, -29, -12, -5, 1, 0, 5, -36, -18, -8, -1, 16, 34, -6, -13, 0, -1, 17, -3, -1, -14, 11, -1, -7, 3, 15, 18, 30, 1, -29, -8, -34, 1, -4};
weight_hh[183] = {-27, 15, -41, -25, -10, 6, -13, 1, 19, 2, 5, 10, 8, 11, 10, 24, -10, -18, -9, 4, 7, 10, 27, 18, -4, -2, 18, -12, -45, 47, 27, 32, 17, -12, -3, 5, -40, 39, 9, -9, 1, 27, -3, 4, 7, -27, -9, -4, -3, 27, -34, -1, 40, 3, -2, -4, -7, 54, 60, 7, -4, 13, -7, 13, -39, 1, -2, 50, 33, -51, 1, 2};
weight_hh[184] = {-1, 3, 11, 30, -2, 6, 4, 50, 8, -11, 1, -2, -4, 16, 12, -24, 23, -4, 0, 13, -46, -9, -17, -19, -3, 9, 47, -19, -1, -4, -30, 51, -6, 4, 5, -6, 42, -7, -11, -7, 7, 9, 3, 1, 13, 10, -8, -11, -5, 1, -33, -38, -1, -2, -5, 3, 4, -44, -7, -47, -3, -14, -17, 47, 9, -3, 4, -31, 11, -6, -4, 43};
weight_hh[185] = {43, 11, -10, 1, -37, 12, 4, -9, 16, -10, 7, 0, 0, 15, 9, 0, -37, -16, 10, -15, -27, -40, 10, -43, 2, 28, -6, -2, 20, 3, 9, 4, 1, -24, -13, -7, 9, -31, 9, 28, 1, 13, 7, 7, 6, 3, 32, 18, -7, 9, 12, -3, 29, -7, -7, -37, 6, 3, 6, -6, -7, -3, 17, 9, -15, -1, 7, -17, 2, -21, -9, -1};
weight_hh[186] = {-8, 32, 23, 4, -24, 10, -20, 5, 38, -10, -8, 0, -5, -5, 8, 14, 4, 6, -6, -12, 8, 4, 2, 2, -19, -1, 10, 5, 4, -7, 0, 0, 12, 19, -10, 13, 14, 9, 6, 0, 17, 11, -7, -5, -9, -19, 3, 17, 6, -16, -51, -6, -4, 6, 7, 20, -8, -17, -19, -8, 5, -10, -10, -3, 17, 22, -7, -5, -12, -23, -2, -2};
weight_hh[187] = {11, -4, 0, 10, -2, -6, 5, 6, 1, 8, 19, -4, -2, 10, 1, -4, -8, 7, 13, 7, 0, -12, 5, -5, 4, 1, 5, 3, 12, -2, -4, -6, 4, -7, -9, 2, 5, 3, 5, -4, -1, -3, -8, -7, 1, 9, -9, -1, 8, 3, 14, 0, 2, 8, 8, 1, -6, 3, 10, 9, 8, 0, 4, -2, 1, -6, -8, 2, -1, 3, 8, -7};
weight_hh[188] = {36, 14, -33, -32, 1, -2, -8, 5, -27, 0, 11, 31, 7, -61, -37, -25, -42, 35, -8, -19, 9, 6, -24, -18, -6, 12, 22, 5, 32, 10, 27, 32, -2, -3, 5, 15, -11, -55, -3, 16, 19, 4, -10, -9, -16, -23, 11, 16, 15, 39, -3, 28, 81, 18, 17, 16, -7, 22, -1, -3, 17, -9, -32, -29, -5, -20, -18, 16, 11, -1, 15, -17};
weight_hh[189] = {-31, -8, -33, -30, 14, -16, -4, 5, -13, 14, 26, -12, -3, -13, -50, 31, 2, 25, 6, -9, 7, 2, 2, 14, 13, 16, 28, 6, -10, 59, -10, 10, 8, -63, 29, 8, -15, 33, -31, -10, 41, 0, -15, -16, -11, -26, 8, -50, 14, 20, 2, -35, 30, 15, 16, -25, -11, 59, 33, -16, 19, -21, -48, 51, -22, -14, -12, 21, 21, 3, 12, 10};
weight_hh[190] = {25, 5, -8, 2, 2, -9, -12, -12, -4, -19, 22, 5, -19, 40, 19, -15, -22, 20, 9, 21, 12, -10, 13, 21, -20, 50, 14, 17, 9, 0, -18, 2, 15, -9, -18, -1, 0, 30, 24, 11, -6, 6, -6, -5, 5, -8, 12, -27, 6, -9, -9, -41, 4, 5, 5, -5, -2, 15, 18, 44, 5, 14, -6, -9, -36, -38, -5, 9, -7, 37, 1, 31};
weight_hh[191] = {16, -2, -39, 55, 25, 4, -4, -18, -25, -2, -65, -11, -13, -1, 10, -12, -12, 15, -2, -23, -18, 12, 28, 38, 33, -18, 14, 16, -69, -2, 3, 14, 30, 34, -5, -1, -6, 58, -30, -7, 31, 12, -14, -16, 2, 3, -55, 11, 15, -22, -15, -13, -9, 16, 15, 4, -12, 18, -33, 0, 8, 28, -5, 12, -19, -27, -10, -27, 14, 15, 2, 26};
weight_hh[192] = {11, 15, 10, 15, 6, -15, -8, 33, -2, 17, -19, 1, -27, 11, -16, -15, -69, 26, -3, -22, 13, -10, -9, 35, -24, -22, -50, -8, -46, 21, 3, -8, -21, 6, -37, 4, -10, -51, 28, -8, -14, -15, 9, 10, 15, 11, 41, -63, 0, -30, 23, -15, -9, -7, -2, -73, 0, 17, -8, -37, -3, 4, -6, -10, 22, 49, 3, 42, 2, -2, 0, -18};
weight_hh[193] = {24, -27, -4, -40, -27, -18, 7, 1, -40, 11, -14, 21, 43, -17, -17, -15, -9, -14, -7, -32, 5, 40, 12, 37, 63, 30, 2, -16, -1, 13, 65, 10, -19, 2, -28, 1, -17, -19, -19, -13, -13, -15, 0, 1, -4, -31, 16, -22, 0, 39, 8, 0, -25, 3, 3, -15, 3, 41, 8, 3, -1, 35, 24, 15, 5, -6, -3, 0, 21, 18, 0, 13};
weight_hh[194] = {19, -34, 1, -19, -9, 1, 9, 32, -20, 4, -44, 17, -5, 46, 27, -11, -4, -15, -45, 3, 7, 12, 13, -4, -14, -26, -11, 0, -60, 21, 32, -13, -14, -19, -29, 25, -76, 17, 22, 3, 3, 14, -6, -10, -41, -2, -42, -14, 15, 20, -3, -5, 18, 4, 13, -11, -11, 58, -25, 18, 14, -37, 6, 11, -29, 7, -9, -6, -28, -6, 17, 16};
weight_hh[195] = {-45, 42, 19, -62, 10, -6, -33, 29, -6, -14, 0, 12, -11, -26, 3, 37, 25, -5, -2, 10, 26, -6, -2, 54, -10, -30, -38, -4, -17, -18, -11, -36, 4, 15, 45, 11, -100, -47, -20, -19, 22, 14, -2, -5, -3, -39, 17, 23, 9, 11, -63, -27, -52, 3, 2, -22, 1, 70, -25, -2, 8, -26, 7, -63, 41, 0, -5, 12, -2, 26, 4, -6};
weight_hh[196] = {2, 8, -27, 8, 26, -2, 10, -1, -15, -44, 42, -43, 2, 6, 29, 14, 10, -2, 53, -33, -26, -3, 18, 6, 1, -13, 12, 3, 17, -2, 1, 7, 29, -11, 28, -37, 14, 24, -10, 10, -6, 6, 19, 19, 74, 3, 22, 10, -20, 13, 10, -23, -1, -19, -16, -13, 23, 4, 29, -9, -16, -6, 6, -2, 31, 0, 19, -18, 17, 18, -4, 3};
weight_hh[197] = {16, 9, -29, -29, -2, 5, 18, -8, 13, 2, 40, -43, 5, -4, -6, 13, 1, 38, 17, -7, 8, 17, 28, -2, 46, -1, 3, 1, 0, 4, 34, -7, 0, 0, 2, -5, -35, -4, -19, 10, -3, -4, 2, 3, 1, 2, -21, 5, -5, -7, 11, 21, 7, -8, -6, 0, 2, 100, 9, 12, -6, 14, 20, -25, -11, -7, 5, 9, 2, 49, -14, 27};
weight_hh[198] = {10, 10, 15, 38, 13, 3, 14, 23, 7, -19, 27, -34, -14, 38, 19, 5, -9, 11, 23, -5, -26, 10, -21, -6, 40, 52, -33, -3, 5, -4, -24, -22, 27, 32, -20, -27, 18, 47, -38, -3, -1, -21, 7, 8, 46, -9, -36, 39, -4, -8, 42, -69, 26, -7, -5, -2, 8, 2, 17, 14, -4, 36, 2, 29, -4, 0, 3, -9, 26, 15, -9, 16};
weight_hh[199] = {15, 18, 17, -7, 46, 3, -4, -8, -1, -15, 4, -13, 8, 8, 9, -31, 13, -6, 11, 14, 15, -5, -2, 33, -20, -6, 12, 23, -5, -13, 4, -19, -18, -12, 5, -21, -4, 2, -14, 7, -4, 21, 23, 24, 14, 12, 9, 35, -24, -33, -27, 3, 7, -24, -25, 14, 21, -29, -22, -24, -25, 11, 7, -25, -7, 14, 24, 23, -14, -5, -22, -22};
weight_hh[200] = {-42, 2, 7, 45, 4, 13, -47, -21, 8, 5, -30, 19, 12, -13, 15, 29, -47, 6, -11, 1, 9, 2, -13, 73, -4, 5, -70, -21, -32, -28, 58, -41, -41, 27, 15, 9, -7, -46, 30, -26, 21, 18, 0, 2, -4, -1, -47, 32, -1, -9, -25, 34, -9, 2, -4, -63, -8, 14, -13, -17, 3, 33, -14, -22, 19, 21, -1, 8, -14, 17, 10, -26};
weight_hh[201] = {18, 8, 4, -10, -10, 3, 21, 7, -11, 6, 0, -16, -2, -19, 2, -9, 8, 20, 0, -12, -4, 34, 5, -35, 0, -6, 75, -42, -27, -10, 18, 3, 5, 29, 19, 5, -6, -25, -22, 38, -20, -13, -6, -6, -8, -44, 5, 8, 5, -4, -44, 30, 21, 4, 7, -1, -5, 11, -27, 38, 6, -10, 38, -16, 16, -32, -10, 19, 89, -22, 12, 9};
weight_hh[202] = {62, 13, -8, 20, 22, -20, 10, -28, 31, -26, 10, -9, -27, -5, 38, 21, 32, 1, 26, 8, -11, -6, 11, 17, 75, -29, 8, 64, -4, -57, 21, -70, 21, -13, 27, -21, 41, 32, -51, -4, 3, 14, 15, 20, 32, -20, -16, 20, -17, -6, -6, -40, -2, -9, -21, -41, 13, -45, 6, 1, -13, 32, -2, 18, 6, 56, 14, -28, -6, 39, -23, -2};
weight_hh[203] = {-1, -26, -8, 2, 33, -12, 45, -16, -66, 1, 22, -17, -11, 2, -6, 8, 10, 12, 3, 14, 34, -4, -6, 11, 5, -1, 21, -3, 18, 47, -1, 14, -9, -29, -6, -5, -1, 23, -4, -10, 7, -12, -6, -6, -3, -13, -14, -65, 7, -7, 59, -32, -42, -2, 10, 8, -1, 7, 6, 10, -4, 9, -8, 78, -36, -6, 2, 30, 12, -16, 3, 15};
weight_hh[204] = {0, 2, 37, 25, -19, -16, -19, 6, 13, 67, -15, -11, 21, -14, 2, -1, 20, 6, -1, 2, 4, -12, -8, 23, -28, -3, -14, 7, 3, -31, -9, -8, -28, 7, 28, -4, 49, -30, 56, 0, -12, -39, 16, 13, 19, 3, -28, 9, -10, -28, 5, -11, -18, -13, -9, 13, 12, -90, -21, 34, -10, -47, 4, -19, -12, 26, 10, -9, -8, -27, 50, 41};
weight_hh[205] = {64, -25, 13, -14, 12, -19, -15, -12, 12, 17, 35, -11, -19, 27, -20, -29, -4, 45, 12, -18, -17, -1, 59, 1, 84, 5, 1, -5, 44, -1, -2, 33, -26, 1, -8, -2, -8, 29, -30, -3, -19, -13, -1, 1, -13, 6, 8, 5, 2, -18, -16, 1, -2, -6, 2, -7, -10, 91, 6, 0, -1, 90, 15, -9, 9, -15, -3, -8, 7, 70, -14, -3};
weight_hh[206] = {-7, 0, -53, 10, 11, 5, 23, 4, -6, 9, -9, 9, 2, 24, 5, -12, -11, -4, 8, 41, -7, -23, -2, -47, 14, -24, -8, 1, 27, -45, -15, -5, -7, -11, 17, 1, 71, 27, -12, -16, 9, -31, 5, 10, 7, -2, -20, 12, -3, -29, 22, -41, -6, -10, -6, -14, 4, -120, 7, -9, -3, 4, 8, -12, 1, 20, 11, -16, -6, -1, 15, -35};
weight_hh[207] = {-32, 16, -6, 21, -74, 7, -19, -9, 52, -18, 5, 25, 13, 29, 25, -5, 1, -35, 0, 36, 4, -10, 35, 14, -4, -2, 25, -5, -18, -67, 32, 6, 26, -31, 90, 6, 11, 10, -20, 0, -18, -16, -6, -2, -3, 14, -3, 22, 4, -6, -1, -1, 42, 3, 1, -11, 1, -41, -9, -21, 6, -44, -43, -8, 20, 32, -1, -28, -20, 20, 7, -41};
weight_hh[208] = {26, 15, 33, -10, -43, -20, -34, 34, 20, -7, 21, -13, 0, 30, 47, -49, 48, 3, 24, 23, 3, -48, -34, -3, -3, 1, -4, 43, 28, -10, -22, -5, -14, 6, 22, -4, 17, 11, -39, -4, -12, 3, 0, -6, 26, 21, 25, -17, 2, -33, 22, -53, -22, 2, 7, 17, -4, -40, -15, -5, 12, 54, 9, -19, 8, -10, -11, 38, -14, 25, -14, 32};
weight_hh[209] = {50, 2, 7, 36, 26, -27, -22, -33, -24, -1, 40, -33, -42, 14, 68, 33, 6, -16, 35, -3, 6, 5, 14, -6, 30, -11, 33, -20, 29, 10, 29, -28, -10, -20, -7, -22, 6, -18, 1, 6, -25, 5, 12, 8, 26, -11, -10, 16, -6, -2, 3, 18, -33, -3, -7, -19, 9, 8, -6, 51, -8, -23, 17, 29, 56, 5, 6, -9, 7, 49, -11, -40};
weight_hh[210] = {-23, -5, 6, -9, -24, 26, -9, -1, 4, 31, -14, 18, 5, -4, -14, 9, 11, -14, -37, 17, 36, -7, 8, 9, -14, 1, 5, -11, 12, -12, 2, -2, 21, -9, 9, 12, 21, -7, 21, -7, -1, 12, 1, 1, -36, -1, -11, -12, 0, -2, -34, 57, 8, 0, 0, -1, 0, 9, -35, -8, 0, -10, 1, 9, -7, 10, 0, -5, -15, -25, -6, 19};
weight_hh[211] = {-17, 37, 25, 9, -4, -7, -22, -5, 8, 4, -3, 4, -61, -37, -24, -21, 9, 15, -9, -26, 14, 8, -11, -6, -1, 29, -6, -18, -5, 41, 2, -16, 24, 0, -18, 28, -8, -8, 15, 21, 18, -9, -25, -17, -10, 26, 6, -4, 25, 66, -17, 38, 21, 20, 23, -16, -17, 39, 43, 5, 16, 0, 8, 26, 48, -17, -24, -17, 0, -13, 12, -28};
weight_hh[212] = {23, 7, -9, 22, 2, 7, 3, -12, -27, -12, 22, -27, -2, -11, -9, -2, -17, -22, 15, 4, 32, -42, -2, -28, 13, 7, -4, -6, 34, -26, -7, -14, -8, -8, 3, -5, 27, -8, 3, 15, 20, 8, 0, 2, 22, -21, 11, 45, -2, 10, -3, 20, -3, -2, -2, -21, 5, -14, 34, 0, 0, 7, 4, 0, -4, -31, 1, 8, 25, 28, -1, 21};
weight_hh[213] = {60, 0, 51, 38, -7, 15, 14, -3, -14, -1, -10, 2, -28, 43, 32, -58, 10, -13, 12, 35, 1, -35, 0, -17, -27, -1, -1, 28, 12, -20, -41, -42, 12, -5, -34, -5, 30, 21, 5, 22, -62, 3, 17, 15, 12, -26, 10, -16, -11, -61, 9, -20, -22, -17, -6, 20, 12, -38, 21, -37, -18, 22, 50, -25, -51, 10, 13, 4, -9, -6, -10, -8};
weight_hh[214] = {-29, -3, 12, -4, -1, -2, -3, -3, 71, 2, -11, -21, -26, -8, 14, -4, -11, -12, 1, -9, 25, 16, 2, -24, -52, -36, 11, 10, -18, -10, 24, -31, 14, -16, 25, 0, -6, -24, 5, 2, 18, 18, -1, -1, -8, -19, -2, 34, -2, -4, -9, 19, 28, -3, -4, 3, -1, -2, 19, 0, 0, -36, -18, -44, 57, -2, 2, -4, -5, -19, 4, -5};
weight_hh[215] = {10, 15, -7, 19, 5, -19, 8, -7, -22, 0, 10, -6, -15, 13, -24, -3, 17, 8, -6, -37, -22, -20, -3, 0, 82, 3, 5, 2, 15, 5, -49, 36, 11, 12, -39, 14, 44, 21, -133, 15, -2, -8, -17, -18, -3, 10, -11, 19, 15, 31, -7, -13, 25, 18, 15, 6, -7, 22, 28, -6, 12, 59, -16, 30, -10, -31, -18, -17, 25, 37, 8, -16};

Bias_hh (8 bit):
 {2716, -236, -2004, 673, 1908, -312, -186, 1639, -82, -1499, 1734, -1967, 533, -1865, 888, -1027, -3280, -126, -777, -1451, 680, 456, 378, -1643, -1504, 1227, 1816, 1540, 1558, 861, -1254, -508, -843, 96, 37, 2005, 1800, -246, 190, -1470, 1850, -820, -1780, -1810, -972, -197, -859, -347, 1789, 3498, 502, -1543, 1729, 1798, 1797, -1167, -1605, -1873, 2024, 627, 1748, -945, 483, 1003, -429, -2426, -1781, 1727, 1880, -896, 1443, -1292, 1624, 221, 2188, 2997, 305, 1846, 1803, -1121, 344, -1015, -36, -1040, 497, 648, 3012, 1284, 2338, 1188, -966, -1874, -539, 68, 1398, 1178, 1184, 1145, 2584, 2133, 3052, 1985, 2768, 1643, -500, 2780, 1285, -1526, 3654, -832, 1559, 683, 1194, -1029, -583, -573, -2030, 584, 1939, -39, -626, -743, -1593, -1608, 2613, -595, -616, 1571, -455, 4583, -79, 928, -547, 348, -342, 792, 651, -246, -643, 1335, 597, 253, -1597, -628, 1030, -97, -150, 1045, 727, 989, 142, 1224, 1375, 1127, 19, 88, -549, 1253, 775, -41, 1151, 201, 1219, 784, 92, 1262, 512, -18, 998, 939, 480, 102, -437, 377, 533, -179, -717, 209, 809, 1401, 415, 1224, 820, 836, 1116, 507, 697, 737, 866, 104, 103, -864, 695, 1081, 543, 1900, -180, 695, 708, 532, 648, 1207, 1542, 1018, 659, 904, 711, -494, 455, 1029, 683, -532, 631, 968, 1361, -1356};
