0 19 -1
3 2 1
81 3 1
91 0 1
118 5 -1
194 8 -1
220 1 1
231 2 -1
242 4 1
250 0 -1
274 3 -1
274 7 1
365 6 -1
368 0 -1
399 1 1
473 3 1
473 12 -1
508 0 -1
556 4 1
559 15 1
564 5 1
576 1 1
664 0 1
683 3 1
710 2 1
758 6 1
839 10 1
840 0 1
876 3 -1
919 4 -1
946 0 -1
946 9 -1
946 2 -1
955 1 1
1133 1 1
1150 6 -1
1161 13 1
1166 2 1
1182 8 -1
1260 0 -1
1284 3 1
1298 4 1
1314 1 -1
1392 0 1
1419 2 1
1478 3 -1
1483 5 1
1484 16 -1
1489 0 -1
1500 1 1
1645 7 -1
1645 2 -1
1669 4 -1
1673 1 1
1677 3 1
1698 11 -1
1774 0 1
1784 9 1
1866 1 -1
1876 2 1
1884 0 -1
1946 5 -1
2024 0 -1
2032 4 1
2053 6 1
2060 1 -1
2080 3 -1
2120 2 1
2271 0 1
2381 0 -1
2392 3 1
2394 4 -1
2407 1 -1
2408 5 1
2419 7 1
2451 17 1
2499 0 -1
2504 6 -1
2558 12 -1
2582 2 1
2588 1 1
2612 3 1
2612 0 -1
2728 0 -1
2769 1 1
2811 2 -1
2830 0 1
2940 0 1
2999 6 -1
3020 3 -1
3039 4 -1
3058 2 -1
3117 8 1
3162 1 -1
3188 0 1
3193 7 -1
3214 3 1
3287 0 -1
3332 9 -1
3334 1 -1
3359 5 1
3394 4 1
3405 0 -1
3410 3 -1
3461 6 -1
3515 1 1
3515 10 1
3542 2 1
3612 11 1
3620 0 1
3741 0 1
3761 4 -1
3765 2 -1
3816 3 1
3827 14 -1
3859 5 1
3866 0 1
3870 13 -1
3906 1 1
3923 6 -1
3969 2 -1
4012 3 -1
4079 0 -1
4091 1 -1
4149 8 1
4184 0 1
4224 3 -1
4277 1 -1
4284 0 -1
4321 5 -1
4407 6 -1
4434 4 1
4445 2 1
4462 1 1
4515 15 1
4515 21 1
4541 0 1
4595 7 -1
4614 3 -1
4646 0 -1
4664 1 1
4676 2 -1
4765 0 -1
4793 4 -1
4848 6 1
4849 1 -1
4869 3 -1
4912 2 1
4966 10 -1
5006 0 -1
5039 1 1
5041 8 -1
5113 0 1
5131 4 -1
5176 7 -1
5202 3 -1
5203 12 -1
5236 0 1
5245 5 -1
5310 9 -1
5385 2 -1
5395 1 -1
5461 0 1
5565 0 -1
5567 1 -1
5611 2 1
5649 3 -1
5684 0 -1
5736 1 -1
5761 5 -1
5804 6 1
5861 2 1
5865 4 -1
5890 3 -1
5909 7 1
5913 0 1
6028 0 1
6111 3 1
6123 1 -1
6127 0 -1
6197 6 -1
6208 4 -1
6240 5 1
6240 0 -1
6292 1 -1
6320 2 1
6321 10 1
6342 9 1
6361 0 -1
6463 0 1
6482 1 1
6546 7 1
6549 2 -1
6554 4 1
6578 3 -1
6586 0 1
6621 6 -1
6777 2 1
6799 3 1
6804 0 -1
6836 16 1
6853 1 1
6917 0 -1
6981 4 1
6987 8 1
7024 3 -1
7041 0 -1
7048 1 -1
7175 7 1
7191 5 -1
7233 1 1
7256 2 -1
7264 0 1
7266 3 -1
7356 4 -1
7387 0 1
7425 1 -1
7481 17 -1
7487 3 1
7487 0 -1
7492 2 1
7513 6 -1
7582 1 -1
7610 9 -1
7653 5 1
7696 11 1
7712 2 -1
7745 0 1
7747 4 1
7757 1 1
7782 12 -1
7831 3 1
7849 0 -1
7868 20 -1
7868 14 -1
7911 8 -1
7937 1 1
7954 15 1
7965 7 1
7968 0 -1
7997 6 -1
8024 3 -1
8083 0 -1
8098 4 -1
8110 5 -1
8181 0 1
8191 2 1
8287 0 -1
8346 1 -1
8422 0 1
8432 3 1
8441 2 1
8459 6 -1
8537 1 1
8618 7 1
8626 3 -1
8626 5 -1
8642 0 -1
8669 2 -1
8743 1 -1
8760 0 -1
8825 3 1
8836 4 1
8858 0 1
8900 23 -1
8916 2 1
8943 8 -1
9061 10 1
9088 0 -1
9100 1 -1
9115 5 1
9142 2 -1
9198 4 -1
9206 0 -1
9228 3 -1
9283 1 -1
9319 0 -1
9320 9 1
9362 6 1
9373 2 1
9427 3 1
9436 1 -1
9537 0 1
9550 5 -1
9577 4 1
9577 13 1
9599 2 -1
9636 3 1
9647 0 1
9695 12 -1
9717 11 1
9765 0 -1
9813 1 -1
9867 6 -1
9896 0 1
9954 8 -1
9968 1 -1
9994 0 -1
10018 5 1
10029 3 1
10074 2 1
10130 1 -1
10158 0 1
10206 7 -1
10265 6 1
10265 0 -1
10311 2 -1
10339 1 -1
10351 3 -1
10359 4 -1
10500 1 -1
10512 9 -1
10513 10 -1
10529 0 1
10539 2 1
10652 6 -1
10674 4 -1
10679 3 -1
10679 0 -1
10686 1 1
10830 0 1
10835 19 1
10843 7 -1
10846 8 1
10867 1 -1
10883 5 -1
10902 3 -1
10964 18 1
11012 2 -1
11020 4 1
11071 6 1
11078 0 1
11095 3 1
11192 0 1
11194 1 -1
11216 2 -1
11292 3 -1
11308 0 1
11387 1 -1
11437 5 -1
11453 2 1
11515 3 -1
11556 1 1
11566 6 1
11590 0 1
11609 14 1
11609 7 -1
11695 8 1
11711 0 1
11759 11 1
11762 4 1
11781 12 1
11781 15 1
11821 0 -1
11856 5 1
11910 9 -1
11923 1 -1
11942 2 -1
12009 0 -1
12071 3 1
12078 1 -1
12145 4 -1
12173 2 1
12195 0 -1
12221 6 1
12270 3 -1
12270 1 1
12302 0 1
12418 2 1
12447 10 1
12486 0 1
12490 3 -1
12496 4 -1
12621 1 -1
12646 2 -1
12692 0 -1
12748 8 1
12770 24 1
12775 5 1
12796 1 1
12823 0 -1
12877 2 1
12888 3 -1
12947 4 1
12947 7 1
12955 0 -1
12965 1 1
13092 13 1
13116 2 -1
13124 3 -1
13165 1 -1
13202 0 -1
13269 5 1
13350 3 -1
13350 1 1
13361 2 1
13366 0 1
13386 4 1
13393 6 1
13415 12 -1
13495 0 1
13540 1 -1
13624 10 1
13681 7 -1
13737 1 1
13759 5 -1
13769 4 -1
13783 0 -1
13791 6 -1
13839 2 -1
13893 3 -1
13909 9 -1
13917 0 -1
14062 0 1
14065 2 1
14084 1 -1
14100 4 1
14146 3 -1
14159 0 -1
14253 6 -1
14273 1 1
14275 2 1
14293 7 -1
14299 0 1
14420 3 -1
14447 0 -1
14459 1 -1
14500 8 1
14610 0 -1
14651 5 -1
14710 3 1
14726 2 1
14747 15 -1
14801 4 -1
14803 1 1
14866 10 1
14895 0 -1
14936 3 -1
14957 2 -1
14963 9 1
14987 1 1
15001 0 1
15092 17 1
15113 5 1
15125 0 1
15156 6 -1
15172 1 -1
15177 3 -1
15180 4 -1
15202 2 -1
15349 0 -1
15392 11 1
15398 3 1
15473 0 -1
15503 4 -1
15535 1 -1
15543 7 -1
15575 5 -1
15578 0 -1
15586 6 1
15586 8 1
15677 2 -1
15736 1 1
15779 14 1
15802 0 1
15908 2 1
15922 0 1
15930 1 -1
16000 3 1
16032 0 1
16037 9 -1
16070 5 1
16070 6 -1
16150 0 -1
16156 2 1
16236 4 1
16236 7 1
16242 3 1
16266 0 -1
16289 1 1
16365 10 1
16381 2 -1
16438 3 -1
16446 8 -1
16457 0 1
16466 1 -1
16543 5 -1
16583 4 1
16612 2 1
16631 0 -1
16655 1 1
16844 3 1
16857 2 1
16940 6 1
16973 5 1
16978 0 -1
16986 4 1
17014 1 -1
17050 3 -1
17059 7 1
17075 2 1
17110 0 -1
17196 1 1
17220 9 1
17222 0 1
17263 3 -1
17284 13 1
17349 1 1
17429 5 -1
17435 11 1
17440 0 1
17526 2 1
17542 20 -1
17609 0 1
17631 4 1
17647 7 -1
17660 6 -1
17663 3 -1
17708 1 -1
17732 0 1
17741 2 -1
17757 12 1
17875 3 -1
17897 1 1
17929 29 -1
17956 0 -1
17961 10 1
17972 2 1
17998 4 -1
18069 3 1
18072 0 -1
18084 1 -1
18182 0 1
18260 7 -1
18308 4 -1
18316 16 1
18338 5 -1
18354 0 1
18370 6 -1
18370 8 1
18402 9 -1
18413 1 -1
18448 2 -1
18499 3 -1
18507 0 -1
18618 1 -1
18622 0 1
18630 4 -1
18674 2 1
18776 0 -1
18778 3 -1
18789 5 1
18820 1 -1
18907 2 -1
18945 4 -1
18945 7 1
18972 6 1
18985 1 -1
19031 0 1
19122 3 -1
19130 0 -1
19163 1 -1
19240 5 -1
19249 0 1
19284 8 -1
19304 4 1
19326 6 1
19364 2 -1
19384 1 1
19434 11 1
19469 0 -1
19562 1 1
19617 2 1
19618 0 1
19646 4 1
19649 14 -1
19703 7 -1
19713 3 -1
19765 0 -1
19778 9 -1
19821 21 1
19842 2 -1
19920 1 -1
19928 6 -1
19950 12 -1
19977 3 -1
20052 0 1
20074 2 1
20122 19 -1
20122 1 -1
20186 0 1
20187 8 1
20219 3 -1
20219 5 1
20295 1 -1
20305 0 -1
20318 2 1
20356 4 -1
20369 6 -1
20547 2 -1
20571 0 1
20638 9 1
20664 1 -1
20689 0 1
20718 4 1
20735 3 -1
20735 5 1
20780 2 1
20856 1 1
20864 0 1
20864 10 1
20955 3 1
21025 1 1
21057 4 1
21157 0 -1
21186 5 -1
21186 7 1
21251 3 -1
21256 2 -1
21259 0 1
21283 22 -1
21388 1 1
21404 0 -1
21444 6 1
21487 2 1
21565 1 -1
21677 0 1
21697 3 -1
21724 2 -1
21750 1 1
21788 0 1
21807 4 1
21885 6 1
21898 0 -1
21912 7 -1
21928 1 1
21928 8 -1
22068 3 -1
22107 1 -1
22121 5 -1
22154 10 1
22167 2 -1
22174 4 -1
22207 0 -1
22229 18 1
22282 6 -1
22291 1 -1
22304 3 -1
22315 12 1
22348 0 1
22393 2 1
22504 1 -1
22508 4 -1
22522 0 1
22524 3 1
22540 5 -1
22616 2 -1
22621 7 1
22648 0 1
22750 3 -1
22809 8 1
22825 0 1
22867 1 1
22987 5 1
22987 0 -1
22992 3 -1
23073 1 -1
23073 2 -1
23089 25 1
23089 9 -1
23148 0 1
23177 3 -1
23210 4 1
23242 1 -1
23261 15 -1
23282 11 -1
23325 2 -1
23368 6 1
23409 0 1
23502 5 1
23508 10 -1
23540 13 -1
23551 2 1
23572 4 -1
23580 0 1
23609 1 -1
23691 3 -1
23693 0 1
23744 6 -1
23782 2 -1
23802 1 1
23820 8 1
23916 3 1
23927 4 1
23927 5 -1
23976 0 -1
23988 1 -1
24008 2 1
24064 7 1
24080 0 1
24164 3 1
24180 0 -1
24250 2 -1
24271 9 1
24278 4 -1
24362 1 -1
24379 16 -1
24384 5 1
24440 0 -1
24464 6 1
24510 2 -1
24520 1 -1
24580 0 1
24636 20 -1
24655 1 1
24701 8 -1
24725 4 -1
24728 0 -1
24798 7 -1
24800 3 -1
24826 1 1
24841 0 -1
24857 5 -1
24943 0 1
24954 2 -1
25013 3 -1
25019 1 -1
25088 4 1
25093 0 -1
25153 26 1
25187 2 1
25195 11 1
25206 3 1
25219 1 -1
25233 0 1
25292 9 1
25390 1 -1
25416 2 -1
25451 4 -1
25459 7 -1
25548 0 1
25566 6 -1
25615 3 -1
25647 8 1
25682 0 1
25759 1 -1
25808 3 1
25824 5 1
25840 24 -1
25843 0 1
25900 2 1
25943 1 1
26007 3 -1
26074 0 -1
26120 4 1
26124 1 1
26158 2 1
26206 3 1
26223 0 1
26227 6 -1
26238 5 1
26383 2 -1
26386 0 -1
26415 3 1
26442 4 1
26511 1 -1
26528 28 -1
26571 13 1
26609 3 -1
26625 8 1
26649 0 -1
26690 5 -1
26700 1 1
26760 0 1
26797 10 -1
26808 3 1
26808 6 -1
26809 4 -1
26851 2 -1
26874 1 1
26878 0 1
26894 17 1
26958 7 -1
27044 15 -1
27044 0 -1
27071 2 1
27154 0 1
27228 1 -1
27275 0 1
27316 2 1
27348 3 -1
27386 1 -1
27410 11 -1
27426 4 -1
27431 8 1
27437 0 -1
27547 7 -1
27550 2 -1
27571 1 1
27646 0 -1
27657 5 1
27678 3 -1
27700 9 -1
27756 4 -1
27781 2 1
27797 6 -1
27799 0 1
27872 3 1
27945 0 -1
27952 1 1
28006 2 -1
28111 1 1
28125 5 -1
28143 4 1
28151 10 1
28173 0 1
28248 19 -1
28248 14 1
28256 7 1
28259 2 -1
28286 3 -1
28305 1 -1
28318 0 1
28334 6 1
28334 12 1
28426 0 -1
28485 3 1
28581 5 1
28659 1 1
28683 3 -1
28684 0 1
28753 2 1
28798 0 -1
28816 4 -1
28845 1 -1
28850 6 1
28896 0 1
28979 2 1
28979 9 -1
29016 1 1
29022 0 1
29030 7 1
29097 3 1
29135 0 -1
29199 4 1
29216 13 -1
29233 0 1
29237 2 1
29237 8 1
29280 11 1
29293 3 -1
29345 0 1
29373 1 -1
29495 3 1
29554 1 1
29562 4 -1
29565 5 -1
29570 10 -1
29603 0 1
29707 0 -1
29728 1 -1
29732 2 -1
29772 7 -1
29785 3 -1
29828 0 -1
29897 4 1
29925 9 -1
29963 2 1
30032 3 -1
30038 5 1
30059 0 -1
30102 1 -1
30151 6 -1
30170 0 -1
30207 2 1
30264 4 -1
30276 1 1
30282 0 1
30296 3 -1
30323 8 1
30453 1 -1
30457 7 1
30532 5 1
30538 3 -1
30570 16 -1
30583 0 1
30610 4 1
30638 1 1
30669 2 1
30683 0 -1
30817 0 1
30828 6 -1
30844 1 1
30898 2 -1
30925 4 1
30970 0 -1
30984 3 -1
31032 1 -1
31129 12 1
31145 2 -1
31146 0 -1
31172 18 -1
31215 7 -1
31223 1 1
31226 3 -1
31226 8 -1
31254 0 1
31301 11 1
31371 0 1
31376 2 1
31441 5 1
31451 6 1
31505 3 -1
31586 1 1
31602 15 1
31613 2 -1
31614 0 1
31654 4 1
31688 21 1
31771 1 -1
31798 0 1
31833 2 1
31870 5 1
31936 1 -1
31938 0 1
31946 14 -1
31962 3 1
31973 4 1
32086 2 1
32188 3 -1
32204 0 -1
32247 17 -1
32279 10 1
32309 0 1
32315 1 -1
32319 4 -1
32365 5 1
32376 9 -1
32429 3 -1
32440 0 1
32501 1 1
32505 7 1
32542 2 1
32601 6 1
32690 0 -1
32694 1 -1
32795 2 1
32814 0 -1
32911 0 1
32967 3 -1
32992 4 1
33010 0 -1
33015 2 -1
33021 12 1
33031 6 -1
33064 8 -1
33069 1 1
33131 0 -1
33150 11 -1
33150 7 1
33244 0 -1
33250 1 1
33300 3 -1
33332 9 -1
33354 5 -1
33365 0 -1
33383 4 -1
33416 1 1
33478 2 -1
33504 10 1
33515 6 -1
33526 3 1
33569 1 1
33588 0 1
33687 0 -1
33706 7 1
33725 2 -1
33758 1 -1
33762 5 -1
33795 4 -1
33811 0 -1
33924 23 1
33929 3 -1
33948 1 1
33956 2 1
34042 0 -1
34063 8 -1
34128 3 1
34137 1 -1
34165 0 -1
34225 5 1
34264 0 1
34337 3 1
34375 13 -1
34413 2 1
34418 9 -1
34423 4 -1
34512 1 -1
34585 0 -1
34660 2 1
34685 1 1
34690 0 1
34698 10 1
34730 3 1
34746 6 -1
34806 0 1
34843 4 -1
34875 1 -1
34894 2 -1
34930 0 1
34939 3 1
34977 11 1
34977 8 1
35036 0 -1
35127 5 1
35133 3 -1
35138 6 1
35141 0 -1
35165 7 -1
35185 4 1
35266 1 1
35305 0 1
35342 2 -1
35443 1 1
35450 9 1
35517 0 1
35544 4 1
35557 14 1
35563 5 -1
35579 2 1
35633 1 1
35676 0 -1
35686 3 1
35772 6 -1
35786 0 1
35799 2 -1
35891 10 1
35907 7 1
35911 4 -1
35960 3 1
35967 1 -1
36036 5 1
36047 0 1
36165 1 1
36178 0 1
36213 3 1
36270 4 1
36283 2 1
36331 6 1
36374 0 1
36375 1 1
36503 9 1
36506 2 -1
36560 4 1
36560 7 1
36562 1 -1
36632 0 -1
36730 0 1
36741 1 1
36753 2 1
36837 6 1
36854 0 1
36869 8 1
36901 3 1
36935 1 -1
36982 5 -1
37019 13 1
37062 12 -1
37116 1 1
37166 0 1
37181 4 1
37234 2 1
37245 3 1
37291 0 1
37374 5 -1
37406 17 -1
37447 0 -1
37473 1 -1
37481 6 -1
37482 2 1
37503 10 1
37567 4 -1
37589 3 1
37676 1 1
37710 2 -1
37730 0 1
37804 5 -1
37858 9 1
37878 4 -1
37878 1 -1
37887 0 -1
37912 8 1
37933 3 1
38051 0 -1
38159 6 -1
38164 7 1
38175 2 -1
38251 1 -1
38277 3 1
38298 5 -1
38309 19 -1
38337 0 1
38417 2 1
38434 1 -1
38492 0 1
38594 3 -1
38605 0 -1
38624 4 -1
38624 1 1
38669 2 1
38793 3 1
38814 5 1
38828 0 1
38847 8 -1
38857 10 -1
38874 7 -1
38895 2 -1
38968 0 -1
38974 1 -1
39011 4 -1
39099 2 -1
39126 15 1
39129 0 1
39148 9 1
39152 1 1
39255 12 1
39266 3 1
39285 0 -1
39298 11 -1
39298 5 1
39320 6 -1
39322 2 1
39341 4 -1
39353 1 -1
39406 0 -1
39475 3 1
39529 2 1
39532 0 -1
39677 3 -1
39680 0 1
39712 5 1
39712 1 1
39750 6 1
39809 7 1
39900 0 1
39926 1 1
39986 13 -1
40000 2 -1
40008 0 -1
40067 4 -1
40083 3 1
40087 1 1
40142 0 1
40147 10 -1
40233 2 1
40244 22 -1
40279 3 -1
40330 6 -1
40365 0 -1
40405 4 -1
40470 2 -1
40472 1 -1
40529 0 1
40534 7 -1
40593 3 1
40635 0 -1
40639 1 -1
40658 5 -1
40760 20 -1
40768 4 -1
40814 8 1
40845 1 1
40863 0 1
40889 25 -1
40894 2 1
40978 0 1
41082 11 1
41093 0 1
41125 5 1
41147 3 -1
41147 16 1
41147 2 1
41193 0 -1
41199 1 -1
41340 7 -1
41341 9 1
41341 0 1
41367 2 -1
41389 1 1
41410 3 -1
41432 6 -1
41453 4 1
41488 0 1
41561 5 -1
41586 1 -1
41598 0 1
41695 3 1
41749 8 -1
41764 4 1
41846 2 1
41878 12 1
41891 3 -1
41897 0 -1
41949 1 1
41953 7 -1
41999 0 1
42085 2 -1
42093 3 1
42093 6 -1
42114 4 -1
42130 1 -1
42149 0 -1
42302 3 1
42303 2 1
42316 1 1
42362 9 1
42444 0 1
42469 1 1
42485 5 -1
42496 3 -1
42504 2 1
42523 6 1
42567 0 1
42582 7 -1
42620 8 1
42638 1 1
42673 0 -1
42730 2 -1
42775 10 -1
42781 14 1
42828 1 -1
42864 4 -1
42896 0 1
42910 3 1
42953 11 -1
42953 5 1
42958 2 1
43039 15 1
43039 30 1
43043 1 -1
43044 0 -1
43106 3 -1
43184 0 1
43189 9 -1
43205 2 1
43211 4 1
43302 0 1
43318 3 -1
43393 5 -1
43394 0 1
43420 1 -1
43531 0 1
43578 1 -1
43630 4 1
43670 0 1
43673 6 -1
43673 2 1
43708 3 -1
43727 17 -1
43727 26 -1
43767 1 1
43856 12 1
43893 2 -1
43909 0 1
43920 3 -1
43960 7 1
44060 0 -1
44114 10 -1
44116 3 1
44157 2 -1
44170 1 -1
44173 0 -1
44350 6 -1
44351 1 1
44404 5 1
44425 0 -1
44452 4 -1
44479 8 1
44533 1 -1
44565 3 -1
44608 0 1
44643 2 1
44726 7 -1
44765 0 -1
44767 4 -1
44818 3 1
44855 6 -1
44871 2 -1
44908 1 -1
44909 5 1
45065 3 1
45065 0 1
45089 1 1
45097 2 1
45137 4 1
45186 0 1
45254 1 1
45328 8 -1
45334 0 -1
45360 3 -1
45366 5 -1
45387 7 -1
45440 1 -1
45457 6 1
45565 2 1
45581 3 1
45602 0 1
45619 9 1
45633 1 1
45694 10 -1
45747 12 1
45756 0 -1
45807 5 1
45807 2 1
45821 1 -1
45833 3 1
45855 13 1
45875 4 1
45941 0 -1
46004 1 -1
46038 2 -1
46097 3 1
46229 0 1
46230 4 -1
46231 6 -1
46253 5 -1
46269 2 1
46274 8 1
46360 0 1
46371 20 1
46373 1 -1
46392 14 -1
46521 2 1
46527 0 1
46552 1 -1
46585 4 -1
46618 3 1
46699 5 1
46726 1 -1
46753 2 -1
46806 7 -1
46806 0 1
46822 18 -1
46825 3 -1
46849 6 1
46922 0 1
46951 4 1
46984 2 1
47016 9 1
47024 0 1
47037 3 -1
47102 11 -1
47113 1 1
47172 5 -1
47276 1 1
47303 0 -1
47338 12 -1
47411 4 -1
47411 7 -1
47446 6 -1
47448 3 -1
47451 2 1
47463 1 -1
47483 0 -1
47510 27 -1
47594 0 1
47650 3 1
47682 15 -1
47693 2 -1
47744 0 -1
47806 4 1
47860 3 1
47860 1 1
47919 0 -1
47924 2 1
47983 22 1
48003 1 -1
48048 16 -1
48080 5 -1
48080 0 -1
48088 7 -1
48155 9 -1
48185 0 1
48193 4 -1
48193 1 1
48198 8 -1
48343 3 1
48366 1 -1
48402 2 -1
48413 0 -1
48440 6 -1
48537 3 -1
48544 0 1
48548 1 1
48596 5 -1
48628 13 -1
48644 0 -1
48652 2 -1
48725 1 1
48752 3 -1
48822 10 1
48878 2 1
48886 4 -1
48886 24 1
48888 1 -1
48900 0 -1
48956 3 1
48956 6 -1
49053 0 1
49058 11 1
49058 5 1
49101 8 1
49149 3 -1
49168 0 1
49219 1 -1
49289 4 1
49322 2 -1
49366 1 -1
49378 7 1
49391 6 1
49437 0 -1
49450 3 1
49547 1 -1
49550 0 1
49566 2 -1
49632 4 -1
49703 3 1
49714 0 1
49746 12 -1
49794 2 1
49821 0 -1
49918 23 1
49925 0 1
49926 1 -1
49929 5 -1
49950 7 -1
50004 8 -1
50031 2 -1
50069 9 -1
50071 0 -1
50120 1 1
50249 0 1
50254 2 1
50262 14 1
50294 3 1
50301 1 -1
50337 4 1
50402 5 1
50466 10 1
50504 3 1
50512 2 1
50520 0 1
50617 6 1
50652 1 1
50673 0 -1
50697 3 -1
50719 2 1
50724 4 -1
50724 7 -1
50821 1 1
50864 0 1
50896 5 1
50907 11 -1
50950 21 -1
51010 1 -1
51051 4 1
51079 9 -1
51106 3 1
51160 0 -1
51168 2 1
51176 6 -1
51208 1 1
51272 0 -1
51299 3 -1
51337 13 1
51377 1 1
51380 0 1
51418 2 1
51530 3 -1
51587 1 -1
51643 2 -1
51649 6 -1
51655 0 1
51728 4 -1
51748 1 -1
51767 0 -1
51767 8 1
51788 5 -1
51853 10 -1
51917 0 1
51982 17 -1
52022 0 -1
52046 4 -1
52046 7 -1
52068 9 -1
52103 2 -1
52139 1 -1
52165 3 -1
52166 0 -1
52294 5 -1
52320 0 1
52337 1 1
52353 2 -1
52405 4 1
52455 0 1
52506 1 -1
52519 3 -1
52519 6 -1
52587 2 1
52627 8 -1
52718 0 -1
52724 7 1
52740 4 1
52740 5 1
52766 3 -1
52869 1 -1
52874 0 1
53008 0 1
53032 1 -1
53051 2 1
53078 4 -1
53100 6 1
53113 3 -1
53164 5 1
53226 0 1
53227 1 -1
53288 2 -1
53325 3 -1
53350 0 1
53401 9 -1
53409 7 -1
53449 0 -1
53469 4 -1
53519 3 1
53519 2 1
53610 1 -1
53626 6 1
53637 5 -1
53680 8 -1
53691 0 -1
53715 3 -1
53734 2 1
53772 1 -1
53788 20 1
53831 0 -1
53892 4 -1
53979 0 1
53985 1 -1
53992 2 1
54046 12 1
54132 3 1
54132 6 1
54142 5 -1
54175 1 1
54196 9 1
54202 0 -1
54228 2 -1
54304 16 1
54328 3 -1
54328 0 -1
54356 1 -1
54449 2 1
54465 13 1
54494 0 -1
54525 1 -1
54540 3 -1
54551 5 -1
54562 4 1
54605 8 1
54719 1 1
54720 0 1
54744 6 1
54755 11 1
54820 25 -1
54876 0 -1
54884 7 -1
54908 4 -1
54927 2 -1
54943 3 -1
54959 9 -1
54981 10 -1
54989 0 1
55078 1 -1
55131 2 -1
55212 3 -1
55231 4 -1
55259 1 1
55293 0 1
55357 6 -1
55379 2 -1
55438 3 1
55444 1 -1
55446 0 -1
55497 8 -1
55529 5 -1
55537 7 1
55569 0 -1
55593 19 1
55792 0 1
55823 1 1
55843 2 -1
55851 22 1
55862 6 -1
55905 0 1
55981 9 -1
56013 5 1
56021 0 -1
56025 1 -1
56061 4 1
56083 2 1
56104 3 -1
56109 15 -1
56126 7 -1
56152 0 1
56210 1 1
56281 12 -1
56292 0 1
56298 2 -1
56303 8 -1
56330 3 -1
56400 4 1
56400 10 1
56418 0 1
56459 5 -1
56496 11 -1
56529 0 -1
56541 1 1
56582 3 -1
56734 1 -1
56749 2 -1
56757 0 -1
56758 4 -1
56797 6 1
56797 24 1
56819 13 1
56832 3 -1
56878 0 -1
56932 1 1
56980 2 1
57002 0 -1
57034 3 -1
57093 1 1
57141 18 -1
57206 8 1
57206 17 1
57217 0 1
57217 2 -1
57282 1 -1
57351 0 1
57367 3 -1
57399 23 1
57410 6 -1
57431 5 1
57437 2 1
57472 4 1
57472 7 -1
57480 1 1
57491 0 1
57587 3 1
57593 10 -1
57649 1 1
57663 2 -1
57757 0 1
57786 4 1
57856 0 -1
57883 5 -1
57894 2 1
57937 6 1
57958 12 1
57969 0 -1
58028 1 1
58085 0 -1
58087 14 -1
58130 2 -1
58154 3 -1
58189 4 1
58209 1 -1
58211 0 -1
58238 7 -1
58238 9 -1
58342 0 -1
58356 5 1
58367 3 -1
58371 1 -1
58509 0 1
58532 4 -1
58549 2 1
58563 3 1
58624 11 -1
58729 1 1
58770 0 1
58770 2 -1
58818 13 -1
58842 4 -1
58915 1 -1
58928 0 -1
58963 7 1
59001 3 -1
59001 2 1
59036 0 1
59076 6 -1
59119 8 -1
59120 1 -1
59194 3 1
59205 21 -1
59259 5 -1
59261 4 -1
59270 0 -1
59366 10 1
59374 0 -1
59390 3 -1
59420 9 1
59471 1 1
59476 2 -1
59514 0 -1
59517 6 -1
59549 28 1
59608 4 -1
59636 1 1
59700 2 -1
59734 0 1
59796 5 -1
59807 3 1
59853 0 1
59854 1 1
59920 2 1
59974 0 1
60003 3 -1
60039 1 -1
60044 8 1
60070 0 -1
60151 6 -1
60215 3 -1
60226 0 1
60233 1 1
60253 4 -1
60334 5 -1
60379 0 -1
60398 2 -1
60409 9 1
60416 1 -1
60495 3 -1
60503 7 1
60538 0 1
60584 1 -1
60600 4 1
60613 2 1
60694 3 1
60753 10 -1
60777 0 -1
60785 5 1
60852 2 -1
60887 3 -1
60890 0 1
60962 4 -1
60971 1 1
61032 0 -1
61033 8 1
61049 2 -1
61075 16 -1
61097 3 1
61161 6 -1
61166 1 -1
61188 7 -1
61274 2 1
61321 1 -1
61323 5 1
61339 0 -1
61355 15 -1
61449 0 1
61516 2 -1
61519 3 -1
61559 13 1
61573 0 1
61672 1 1
61696 4 -1
61699 12 1
61704 2 -1
61720 3 1
61837 1 1
61849 0 -1
61876 5 -1
61930 3 1
61930 7 1
61957 6 1
61959 0 -1
61978 10 -1
62000 11 1
62023 1 -1
62099 4 -1
62113 0 1
62172 14 -1
62183 2 1
62252 0 1
62301 9 1
62317 3 1
62328 5 1
62345 0 1
62393 1 1
62422 2 -1
62454 4 -1
62489 0 -1
62547 1 1
62559 7 1
62602 6 -1
62604 3 -1
62647 2 1
62655 0 1
62760 1 1
62817 3 -1
62817 22 1
62887 0 -1
62989 8 -1
63016 0 1
63095 1 1
63112 0 -1
63123 2 -1
63150 6 1
63163 4 -1
63276 7 -1
63280 1 -1
63290 5 1
63322 3 -1
63354 0 1
63354 2 1
63397 17 1
63419 9 1
63470 1 1
63494 10 -1
63502 4 -1
63540 0 -1
63542 3 1
63591 2 -1
63644 6 1
63663 0 -1
63752 3 -1
63795 5 1
63827 11 -1
63836 4 1
63849 1 1
63870 8 1
63875 0 1
63905 7 -1
63980 0 -1
64022 1 1
64074 2 1
64096 6 1
64150 12 1
64163 4 1
64187 0 1
64189 1 -1
64305 2 -1
64332 5 1
64335 0 1
64367 3 -1
64469 0 -1
64493 4 1
64515 9 -1
64537 2 1
64558 6 -1
64576 1 -1
64601 0 -1
64692 3 1
64757 0 1
64760 7 -1
64796 1 -1
64859 8 1
64864 4 -1
64956 3 -1
65006 1 1
65012 2 -1
65039 0 -1
65173 0 -1
65191 4 1
65246 2 1
65267 15 -1
65289 5 1
65302 0 -1
65392 1 -1
65466 2 -1
65499 3 1
65562 1 -1
65593 0 1
65665 6 1
65692 3 -1
65727 0 1
65762 12 -1
65783 1 -1
65805 5 1
65872 4 -1
65918 0 -1
65965 1 1
65966 2 -1
65972 3 -1
65998 11 -1
66082 7 -1
66127 0 -1
66187 2 1
66197 1 1
66246 5 -1
66246 6 -1
66255 4 -1
66256 18 1
66267 10 1
66286 0 -1
66342 14 -1
66343 9 1
66360 1 1
66388 0 1
66434 3 1
66436 2 1
66529 4 1
66543 1 -1
66574 0 -1
66643 8 -1
66670 6 -1
66686 0 1
66772 21 1
66778 3 1
66805 0 -1
66880 7 -1
66912 0 -1
66915 2 -1
66924 1 -1
67003 3 -1
67085 1 -1
67134 0 1
67141 2 1
67148 5 -1
67202 13 1
67230 4 -1
67240 0 -1
67267 16 -1
67275 1 1
67364 0 -1
67377 2 -1
67460 7 -1
67514 3 -1
67557 4 -1
67587 0 -1
67611 5 1
67632 9 1
67634 1 -1
67643 8 -1
67686 10 -1
67718 19 -1
67718 0 -1
67761 3 -1
67826 6 -1
67831 1 1
67853 2 1
67892 0 -1
67952 4 -1
68004 1 -1
68035 3 -1
68057 2 1
68073 5 -1
68121 0 1
68240 0 1
68309 2 1
68326 3 1
68336 0 -1
68387 1 1
68441 0 1
68514 6 -1
68546 2 -1
68567 8 1
68569 1 -1
68583 5 -1
68586 0 -1
68621 3 -1
68726 4 -1
68754 1 1
68761 0 -1
68766 2 1
68793 9 -1
68841 3 1
68911 7 -1
68919 0 1
68940 1 -1
69040 4 -1
69041 2 1
69051 5 1
69105 10 1
69113 1 -1
69126 0 -1
69137 3 -1
69202 6 -1
69263 0 -1
69282 1 -1
69282 2 -1
69395 4 1
69435 0 -1
69460 1 1
69460 8 -1
69486 5 -1
69537 3 -1
69653 7 1
69712 0 -1
69744 2 -1
69750 3 -1
69766 4 -1
69825 12 1
69834 1 1
69871 0 1
69911 13 -1
69943 3 1
69943 2 -1
69981 5 -1
69997 11 -1
70020 1 -1
70027 0 -1
70088 4 -1
70169 2 1
70195 1 1
70320 0 1
70352 8 1
70379 7 1
70416 3 -1
70448 6 -1
70449 0 1
70467 4 1
70516 1 1
70567 0 -1
70631 2 1
70653 3 -1
70689 1 1
70834 4 -1
70836 2 1
70846 5 1
70868 9 -1
70873 3 1
70878 0 1
70879 1 1
70978 0 1
70997 6 1
71061 2 -1
71102 0 1
71217 1 -1
71298 5 -1
71330 22 -1
71330 8 -1
71341 3 -1
71360 0 1
71407 1 1
71491 2 1
71502 0 -1
71507 4 1
71561 3 1
71582 1 -1
71588 29 1
71600 0 1
71669 7 1
71738 6 -1
71744 2 1
71749 1 -1
71771 5 1
71781 11 1
71787 3 -1
71892 0 1
71918 4 1
71927 1 -1
71980 2 -1
72008 0 1
72055 3 1
72072 9 1
72072 10 -1
72088 1 -1
72179 6 1
72193 0 -1
72225 4 1
72244 2 -1
72244 8 1
72273 1 1
72389 0 -1
72399 3 1
72491 2 1
72510 0 -1
72555 12 -1
72571 7 1
72674 6 1
72684 13 -1
72684 0 -1
72696 1 1
72700 2 1
72743 3 1
72754 5 -1
72821 0 -1
72833 1 -1
72921 2 -1
72961 0 -1
72991 4 -1
73007 1 1
73055 6 -1
73074 0 1
73087 3 1
73114 9 -1
73120 7 -1
73136 16 1
73189 5 1
73246 0 1
73345 10 -1
73383 2 -1
73386 4 1
73394 14 -1
73422 1 -1
73525 0 -1
73615 1 1
73619 2 1
73673 5 -1
73685 0 1
73695 11 -1
73716 4 1
73748 3 -1
73791 0 -1
73805 1 -1
73813 6 1
73821 7 1
73859 2 1
73910 15 -1
73969 3 1
74090 0 1
74164 1 1
74168 8 -1
74197 0 -1
74264 3 -1
74302 2 -1
74345 0 1
74347 1 -1
74393 4 -1
74458 7 1
74522 2 1
74530 1 -1
74587 5 -1
74622 0 -1
74641 12 -1
74667 6 -1
74700 1 -1
74716 10 -1
74719 0 1
74748 2 -1
74813 4 -1
74834 3 1
74874 0 -1
74885 1 1
74963 8 -1
75006 0 -1
75049 9 1
75081 3 1
75081 5 -1
75087 1 1
75116 0 1
75151 7 -1
75175 4 1
75205 2 -1
75210 6 -1
75256 0 1
75256 1 1
75388 0 1
75420 3 1
75452 2 1
75511 5 -1
75542 4 -1
75663 1 -1
75694 2 -1
75713 0 -1
75820 0 1
75849 1 1
75866 8 1
75893 4 1
75898 6 -1
75917 7 1
75920 0 -1
75947 3 1
75952 2 -1
75973 5 1
76010 1 1
76172 2 1
76191 0 1
76199 3 1
76207 4 1
76308 0 1
76339 9 1
76403 1 -1
76414 2 1
76425 0 1
76446 12 1
76463 5 1
76543 3 1
76570 4 -1
76594 1 1
76618 19 1
76656 0 -1
76656 2 -1
76764 1 1
76766 0 -1
76887 3 1
76914 0 -1
76946 5 -1
77005 14 1
77067 0 1
77070 20 1
77083 2 1
77130 1 -1
77156 6 1
77167 0 -1
77204 3 -1
77284 1 -1
77297 0 1
77320 4 -1
77328 7 1
77333 2 1
77360 10 1
77414 0 1
77435 5 1
77446 3 -1
77469 1 1
77521 11 1
77521 6 -1
77543 9 -1
77559 2 -1
77623 0 1
77658 1 -1
77661 8 1
77674 4 1
77779 16 1
77790 3 -1
77804 0 1
77808 1 -1
77924 0 1
77973 6 -1
77993 1 1
78005 7 -1
78013 4 -1
78027 2 -1
78037 15 -1
78037 17 1
78123 27 1
78182 1 -1
78244 0 1
78258 2 1
78263 3 1
78400 0 -1
78451 5 1
78489 12 -1
78505 2 1
78513 0 1
78532 8 -1
78539 1 -1
78580 3 -1
78585 13 1
78650 7 -1
78723 1 -1
78747 10 -1
78755 4 1
78774 6 -1
78798 0 -1
78822 3 -1
78865 5 1
78912 1 1
78947 0 1
78972 2 1
79058 0 1
79150 4 -1
79182 0 1
79193 2 -1
79241 1 1
79284 6 -1
79327 11 -1
79333 0 -1
79359 5 1
79392 3 1
79420 1 1
79443 0 1
79448 2 -1
79476 4 1
79499 8 1
79585 0 1
79597 1 -1
79612 3 -1
79628 9 -1
79827 0 1
79854 3 -1
79902 2 -1
79929 6 -1
79940 0 -1
79960 1 -1
79972 10 -1
80098 0 1
80101 7 -1
80123 2 -1
80133 1 1
80214 4 1
80225 5 -1
80311 1 -1
80375 2 -1
80402 0 1
80418 3 1
80445 9 1
80467 6 1
80484 1 -1
80547 0 1
80585 4 -1
80644 3 -1
80671 5 1
80682 0 -1
80682 1 1
80703 14 -1
80789 12 1
80827 2 -1
80867 1 -1
80886 3 -1
80905 0 1
80907 7 -1
80939 4 1
80950 6 -1
81012 0 -1
81036 1 1
81058 2 1
81128 0 -1
81133 5 -1
81160 3 -1
81243 0 -1
81286 4 -1
81289 2 -1
81348 11 -1
81359 0 1
81377 1 -1
81391 9 1
81402 3 -1
81434 6 -1
81434 15 -1
81480 0 1
81520 13 -1
81560 1 1
81600 3 1
81607 0 1
81617 10 -1
81665 4 1
81670 8 -1
81681 7 1
81740 1 -1
81740 2 -1
81794 3 -1
81837 0 1
81918 6 -1
81955 2 1
81979 0 1
82004 4 1
82041 5 -1
82133 0 -1
82137 1 -1
82178 2 -1
82305 3 -1
82330 1 -1
82378 4 -1
82404 0 1
82423 22 1
82466 5 -1
82493 1 -1
82525 3 1
82528 0 1
82646 0 1
82659 8 -1
82662 2 -1
82751 3 -1
82767 18 -1
82830 1 -1
82869 2 -1
82885 0 1
82960 5 -1
83011 0 1
83019 7 1
83020 10 1
83023 1 1
83056 4 1
83100 6 -1
83116 2 -1
83128 0 1
83207 1 -1
83252 0 1
83283 9 1
83326 2 -1
83331 3 -1
83356 1 -1
83366 0 1
83455 4 1
83460 5 -1
83511 0 1
83531 1 -1
83554 2 1
83584 8 1
83589 6 -1
83611 3 -1
83667 0 -1
83705 1 -1
83761 7 -1
83791 2 -1
83793 4 1
83852 3 -1
83870 1 1
83874 0 -1
83885 12 -1
83895 5 -1
84014 6 -1
84016 2 1
84027 0 -1
84175 0 1
84207 9 -1
84229 17 1
84241 1 -1
84325 13 -1
84336 3 1
84358 10 -1
84393 0 1
84411 5 -1
84450 1 1
84487 21 -1
84487 7 1
84492 2 -1
84503 0 -1
84535 4 1
84608 0 -1
84626 8 1
84652 1 -1
84691 3 1
84723 2 1
84820 6 -1
84845 4 1
84871 0 -1
84874 5 1
84900 3 1
84954 2 -1
84968 0 1
85002 11 -1
85015 1 -1
85094 3 -1
85102 0 1
85140 7 -1
85216 4 -1
85218 9 1
85222 1 -1
85266 0 1
85293 3 1
85303 6 -1
85375 0 -1
85416 1 1
85433 2 1
85508 3 1
85513 0 -1
85583 8 -1
85658 2 -1
85682 0 -1
85691 24 1
85704 3 -1
85775 1 -1
85777 10 1
85787 5 1
85873 2 -1
85922 7 1
85938 6 1
85946 4 -1
85962 0 -1
85970 1 1
86142 0 -1
86176 1 -1
86185 3 -1
86240 4 -1
86250 9 1
86252 0 -1
86298 2 1
86335 5 1
86416 3 1
86518 8 1
86524 2 -1
86530 0 1
86567 1 1
86593 11 -1
86636 3 1
86637 0 -1
86663 7 -1
86671 4 1
86744 2 1
86748 1 1
86776 0 1
86787 5 -1
86954 1 1
86994 2 1
87077 3 -1
87082 6 -1
87099 0 1
87206 2 1
87295 0 -1
87328 1 -1
87345 4 -1
87357 7 -1
87362 3 1
87456 2 1
87467 0 -1
87490 1 -1
87518 8 1
87539 6 1
87564 3 -1
87582 20 -1
87582 9 1
87683 4 -1
87687 1 1
87701 2 -1
87760 5 1
87827 0 1
87969 3 1
87989 4 -1
88002 6 1
88007 0 1
88046 1 1
88123 2 1
88131 0 -1
88165 3 -1
88211 5 -1
88211 1 1
88227 12 -1
88351 2 -1
88356 23 -1
88378 3 -1
88389 10 -1
88397 1 -1
88410 0 1
88442 15 1
88485 6 1
88542 0 1
88571 11 -1
88571 3 1
88598 2 -1
88614 18 1
88625 9 1
88647 0 -1
88706 5 -1
88735 4 -1
88745 1 1
88767 3 -1
88775 7 -1
88904 0 -1
88941 1 -1
88980 3 -1
89015 0 -1
89047 2 -1
89098 6 -1
89122 4 -1
89126 1 1
89176 3 1
89195 0 -1
89251 2 -1
89300 1 1
89388 14 1
89410 9 -1
89415 0 1
89445 4 -1
89469 7 1
89474 8 -1
89480 2 1
89485 1 1
89539 0 1
89560 5 1
89592 3 -1
89658 1 1
89668 6 1
89684 0 1
89711 17 1
89786 3 1
89818 31 -1
89834 0 -1
89844 1 -1
89872 10 1
89942 2 1
89955 0 1
89985 3 -1
90017 5 -1
90073 4 -1
90090 0 1
90202 1 1
90205 2 1
90237 6 -1
90239 0 -1
90307 7 1
90334 12 -1
90392 1 -1
90398 3 1
90399 8 1
90428 4 1
90436 2 -1
90463 11 1
90474 5 1
90506 0 1
90581 1 1
90595 3 -1
90646 0 1
90667 2 1
90772 0 1
90795 4 -1
90812 3 -1
90871 13 1
90898 2 -1
90952 1 1
91006 0 1
91065 16 -1
91124 0 1
91140 1 -1
91146 2 -1
91194 10 -1
91207 3 -1
91232 0 -1
91248 6 -1
91269 8 -1
91325 1 1
91366 2 -1
91430 3 -1
91463 9 -1
91506 5 -1
91508 4 1
91527 0 1
91624 3 1
91627 0 -1
91645 7 -1
91682 1 1
91753 6 -1
91769 0 1
91801 2 -1
91820 3 -1
91843 4 -1
91871 1 -1
91921 0 -1
92043 5 -1
92057 2 -1
92059 3 -1
92061 1 1
92071 0 1
92129 4 1
92222 1 1
92239 0 1
92258 3 1
92269 11 -1
92280 6 1
92280 2 1
92331 7 1
92363 0 1
92407 1 -1
92468 3 1
92511 5 1
92520 4 1
92585 1 1
92613 12 1
92656 15 -1
92656 9 1
92672 0 1
92742 14 1
92747 2 1
92768 1 -1
92785 0 1
92860 3 1
92919 0 1
92927 4 1
92970 2 -1
93040 7 -1
93075 3 1
93131 1 -1
93156 6 -1
93193 2 1
93215 8 1
93258 0 1
93266 4 1
93271 3 -1
93322 1 1
93363 0 -1
93408 5 1
93513 0 1
93518 1 -1
93569 6 -1
93645 13 -1
93649 4 1
93677 2 1
93693 3 1
93822 0 1
93838 10 -1
93865 5 -1
93887 3 -1
93907 1 -1
93919 2 -1
93932 0 -1
93946 9 1
94021 6 1
94034 0 1
94064 1 -1
94120 2 -1
94155 3 -1
94188 0 -1
94214 8 1
94221 1 -1
94290 5 -1
94333 11 -1
94349 0 1
94362 4 -1
94370 7 1
94489 0 1
94596 1 -1
94596 2 1
94607 3 1
94626 0 1
94709 4 1
94786 1 1
94808 3 -1
94822 2 -1
94902 0 -1
94969 1 -1
95042 3 -1
95056 2 1
95064 8 1
95069 0 -1
95096 4 -1
95144 1 -1
95171 5 -1
95225 10 1
95236 6 1
95236 0 1
95265 7 1
95354 1 -1
95499 2 1
95511 0 1
95537 3 -1
95547 1 1
95580 15 1
95623 5 1
95639 0 1
95717 1 1
95725 2 -1
95730 3 1
95754 0 -1
95838 7 -1
95858 4 1
95870 6 -1
95926 3 -1
95929 2 -1
96004 0 -1
96058 5 -1
96088 1 -1
96095 11 1
96117 0 -1
96215 0 1
96224 4 -1
96273 1 1
96337 0 1
96348 3 1
96353 20 -1
96378 2 -1
96418 1 1
96488 0 -1
96493 9 -1
96525 6 -1
96526 18 1
96563 3 -1
96595 7 -1
96603 4 1
96604 2 1
96612 10 1
96633 0 1
96697 12 -1
96698 14 1
96775 0 1
96793 1 1
96805 13 -1
96840 2 -1
96848 3 -1
96945 5 1
96966 8 -1
96970 1 1
96988 0 -1
97130 0 1
97136 1 1
97192 7 -1
97256 4 1
97257 16 -1
97283 0 -1
97283 2 -1
97412 5 -1
97478 1 -1
97514 3 -1
97539 2 -1
97559 0 1
97611 4 1
97656 1 1
97665 0 -1
97708 6 -1
97735 3 1
97762 2 1
97805 0 1
97857 1 -1
97858 9 -1
97885 7 1
97912 5 -1
97923 8 1
97960 3 -1
98001 2 -1
98018 4 1
98055 1 1
98081 0 -1
98227 0 1
98229 2 1
98242 1 -1
98342 6 1
98373 4 -1
98374 0 -1
98385 5 1
98437 1 1
98460 12 -1
98476 2 1
98528 0 1
98546 3 -1
98546 7 1
98607 1 1
98648 0 1
98702 2 -1
98711 4 -1
98753 0 -1
98767 3 1
98767 6 -1
98879 5 1
98885 10 -1
98890 8 1
98925 0 -1
98957 1 -1
99019 9 1
99070 4 1
99111 3 1
99155 1 -1
99180 2 -1
99202 0 1
99340 1 1
99342 0 1
99352 5 -1
99421 4 -1
99422 2 -1
99455 3 1
99492 0 -1
99643 13 1
99648 2 1
99705 0 1
99748 1 -1
99799 3 1
99815 6 -1
99825 5 1
99868 0 -1
99887 1 1
99949 7 1
99973 0 -1
100070 4 -1
100080 1 -1
100094 3 -1
100110 2 1
100223 23 -1
100239 0 -1
100314 3 1
100336 2 -1
100384 6 1
100401 0 -1
100425 4 1
100438 12 -1
100445 1 -1
100505 0 1
100567 11 -1
100589 2 -1
100594 7 -1
100622 1 -1
100645 0 -1
100750 8 1
100766 5 -1
100771 10 1
100782 3 -1
100804 4 -1
100806 0 1
100828 1 1
100868 6 1
100965 0 1
100997 26 -1
100999 1 -1
101056 3 -1
101075 0 -1
101078 2 1
101142 7 1
101170 1 -1
101180 5 -1
101298 3 -1
101320 2 -1
101336 0 1
101348 1 1
101363 9 -1
101513 21 1
101513 0 -1
101549 1 -1
101561 4 -1
101578 2 -1
101578 17 -1
101623 0 1
101653 5 1
101750 8 1
101803 6 1
101803 2 1
101814 3 -1
101862 0 -1
101900 4 -1
101908 1 1
101973 0 1
102029 2 -1
102034 3 1
102083 0 1
102096 1 -1
102126 10 -1
102185 6 -1
102243 1 -1
102249 3 -1
102260 2 1
102271 4 1
102284 0 1
102341 9 -1
102440 0 -1
102464 7 -1
102480 13 -1
102505 2 1
102572 0 -1
102588 11 -1
102609 6 -1
102610 16 1
102660 1 1
102674 5 1
102682 0 1
102695 8 -1
102722 3 1
102792 0 1
102803 19 -1
102839 1 -1
102896 0 -1
102967 2 1
102984 4 1
102994 0 1
103008 1 -1
103018 3 -1
103142 7 1
103158 5 -1
103195 2 -1
103230 0 -1
103238 3 1
103367 4 -1
103370 0 -1
103371 1 1
103442 2 -1
103450 3 -1
103464 10 -1
103534 9 1
103539 0 -1
103561 1 1
103647 5 -1
103684 6 -1
103706 3 -1
103730 4 -1
103743 0 -1
103746 1 -1
103835 15 -1
103859 7 -1
103910 2 -1
103915 0 -1
103944 1 -1
103948 3 -1
104036 4 1
104050 12 1
104097 1 -1
104101 0 -1
104125 2 1
104238 3 -1
104294 1 1
104329 6 -1
104343 4 1
104345 2 -1
104380 0 1
104448 8 -1
104476 1 -1
104552 0 1
104571 5 -1
104649 4 1
104652 11 -1
104746 0 -1
104748 6 1
104781 14 -1
104824 3 -1
104836 1 -1
104840 2 1
104888 9 1
104931 10 1
104953 24 1
104982 0 -1
104998 1 -1
105022 5 1
105041 2 1
105044 3 1
105044 4 -1
105103 0 -1
105125 25 1
105141 7 1
105151 6 -1
105173 1 -1
105208 0 1
105270 2 -1
105313 3 1
105383 8 1
105447 5 1
105471 0 1
105514 2 -1
105556 1 -1
105565 6 -1
105587 0 -1
105721 1 -1
105753 2 1
105774 4 -1
105775 0 1
105834 7 -1
105899 13 1
105907 1 1
105909 5 -1
105974 3 -1
105979 2 -1
106028 12 1
106049 6 1
106049 0 -1
106071 9 -1
106112 4 -1
106158 0 -1
106237 2 -1
106272 0 1
106273 1 1
106318 3 -1
106358 10 -1
106386 4 1
106415 8 1
106447 5 -1
106457 6 -1
106471 1 -1
106522 0 1
106544 7 1
106646 0 1
106651 3 -1
106656 1 1
106686 2 -1
106791 0 1
106838 1 -1
106896 0 -1
106922 2 1
106973 5 -1
106984 9 -1
107035 1 1
107059 22 -1
107062 0 -1
107102 15 1
107108 7 -1
107127 3 -1
107129 2 1
107148 4 1
107174 0 1
107221 1 -1
107292 0 1
107339 3 -1
107394 1 -1
107479 5 -1
107499 4 -1
107522 0 1
107532 3 1
107602 2 -1
107651 0 1
107704 28 -1
107704 10 -1
107726 6 -1
107737 3 -1
107755 1 1
107801 7 1
107815 0 -1
107833 4 -1
107833 2 1
107914 1 1
108043 2 1
108067 0 -1
108083 3 -1
108091 17 1
108110 1 -1
108177 12 -1
108220 8 1
108253 0 -1
108312 3 1
108365 0 -1
108371 6 -1
108371 9 -1
108403 5 -1
108511 1 1
108543 11 1
108543 3 -1
108543 2 -1
108575 4 -1
108610 0 -1
108680 7 1
108716 0 1
108716 1 -1
108736 13 -1
108785 2 -1
108822 14 -1
108830 0 1
108876 5 1
108901 4 1
108902 1 1
108908 6 -1
108946 0 1
109000 3 1
109010 2 1
109043 0 -1
109190 0 1
109204 4 1
109220 8 1
109225 2 1
109278 1 -1
109295 3 -1
109322 0 1
109370 5 1
109397 7 -1
109466 1 -1
109470 2 1
109499 3 1
109542 4 1
109659 1 -1
109674 0 1
109698 2 -1
109776 0 -1
109897 4 -1
109897 0 -1
109908 3 -1
109929 2 1
109983 12 -1
110010 1 -1
110101 3 1
110177 8 -1
110187 1 1
110206 0 1
110292 4 1
110298 3 -1
110316 6 -1
110327 0 1
110349 10 1
110359 5 -1
110370 11 -1
110377 1 -1
110405 2 -1
110424 0 -1
110634 2 1
110655 0 -1
110711 4 1
110722 1 1
110760 0 -1
110800 20 -1
110800 3 -1
110805 5 1
110840 7 -1
110865 6 1
110900 2 1
110909 1 -1
110918 0 1
111055 0 1
111058 19 1
111074 3 -1
111074 1 -1
111144 15 1
111209 0 -1
111295 9 -1
111305 5 -1
111356 4 1
111364 3 1
111413 0 1
111413 2 -1
111449 1 -1
111509 6 -1
111558 7 1
111563 0 -1
111624 1 1
111641 2 1
111660 3 -1
111703 4 -1
111818 1 -1
111839 0 1
111867 2 -1
111923 3 -1
111929 10 1
112004 8 -1
112021 4 -1
112026 0 1
112133 12 -1
112155 0 1
112176 3 -1
112187 1 1
112251 5 1
112273 9 -1
112283 7 -1
112321 2 -1
112376 1 1
112396 3 1
112434 18 1
112437 0 1
112477 11 -1
112552 2 1
112563 14 1
112570 1 1
112587 0 -1
112703 6 -1
112724 5 -1
112731 1 1
112754 0 -1
112787 4 -1
112789 2 -1
112947 1 1
112955 3 -1
113004 8 -1
113036 2 -1
113047 0 -1
113082 4 1
113126 1 -1
113170 5 1
113170 0 -1
113208 3 -1
113208 21 1
113251 6 1
113251 10 1
113262 2 1
113268 0 1
113291 1 -1
113464 4 1
113487 2 -1
113530 9 1
113552 3 -1
113579 0 1
113581 7 1
113622 5 -1
113650 1 -1
113702 13 -1
113718 2 1
113724 12 1
113724 0 -1
113734 6 1
113843 1 1
113861 0 -1
113896 17 1
113907 8 1
114041 1 -1
114068 3 -1
114078 5 1
114100 0 1
114197 2 -1
114208 0 1
114218 4 1
114288 3 1
114320 0 -1
114323 7 -1
114358 6 -1
114384 1 1
114447 2 -1
114531 0 1
114573 1 -1
114601 4 -1
114605 5 1
114632 3 1
114654 2 -1
114659 0 1
114750 1 -1
114756 8 1
114766 0 -1
114906 6 1
114928 22 1
114948 4 -1
114992 16 -1
114992 7 1
115016 0 -1
115110 5 1
115121 2 -1
115133 1 1
115159 3 1
115162 0 -1
115301 0 1
115325 1 -1
115339 4 -1
115360 2 1
115390 6 1
115427 3 1
115428 0 1
115508 1 -1
115573 0 1
115573 9 1
115583 2 -1
115589 10 1
115685 4 1
115694 1 1
115703 0 -1
115707 3 -1
115825 0 -1
115852 8 -1
115855 1 1
115906 3 1
115960 27 1
116013 6 -1
116029 5 1
116032 0 -1
116050 1 -1
116059 2 1
116060 4 -1
116121 3 1
116175 12 1
116224 0 1
116226 1 1
116287 2 -1
116317 3 -1
116379 0 -1
116443 5 1
116451 4 1
116484 7 1
116521 2 1
116529 3 -1
116596 1 1
116661 0 -1
116750 2 -1
116755 8 1
116776 11 1
116777 9 1
116778 1 1
116825 0 -1
116863 10 1
116873 5 -1
116895 6 1
116919 3 -1
116955 1 -1
116981 0 1
116994 2 -1
117056 13 -1
117104 7 1
117185 4 1
117196 3 -1
117212 0 1
117223 2 1
117306 1 -1
117389 6 1
117395 0 1
117432 3 -1
117432 2 1
117491 1 1
117505 0 -1
117507 20 1
117596 4 1
117618 0 1
117671 1 -1
117739 0 1
117787 8 1
117798 5 -1
117830 7 -1
117846 0 -1
117878 3 -1
117916 2 -1
117919 4 1
117959 0 -1
117991 9 -1
118007 6 -1
118017 1 1
118120 3 -1
118158 2 -1
118181 0 1
118209 1 -1
118249 10 -1
118271 5 1
118281 0 -1
118340 3 1
118389 2 1
118398 1 1
118480 0 1
118483 7 1
118539 23 -1
118561 11 -1
118588 1 -1
118612 4 -1
118682 0 1
118754 5 1
118765 1 -1
118805 0 1
118808 3 -1
118865 2 -1
118883 15 -1
118905 0 -1
118971 1 -1
119027 4 -1
119028 3 1
119090 2 1
119104 6 -1
119136 7 1
119149 0 -1
119188 1 -1
119254 3 -1
119268 0 -1
119324 2 -1
119370 0 1
119394 4 1
119477 0 -1
119496 3 -1
119515 1 -1
119604 8 1
119617 0 1
119663 5 1
119663 6 -1
119700 12 1
119708 1 1
119749 0 1
119776 2 -1
119786 3 1
119829 18 1
119837 7 -1
119894 9 -1
119898 1 -1
119923 0 1
120007 2 1
120071 3 1
120087 19 1
120109 6 -1
120119 13 -1
120152 5 -1
120160 4 1
120162 0 1
120240 1 1
120243 2 -1
120271 0 -1
120402 1 1
120426 0 1
120431 3 1
120474 11 1
120474 2 1
120490 7 -1
120517 8 -1
120530 4 -1
120595 1 -1
120614 5 1
120689 14 1
120708 0 1
120721 2 1
120748 10 1
120840 0 1
120893 3 1
120926 4 1
120947 2 -1
120966 1 -1
121012 0 1
121033 5 1
121092 3 -1
121141 9 1
121149 1 1
121178 2 1
121205 6 1
121237 0 -1
121248 16 1
121305 1 -1
121312 3 -1
121337 4 1
121350 0 1
121399 8 1
121487 0 -1
121517 5 1
121623 4 1
121631 1 -1
121640 2 1
121705 3 -1
121705 0 1
121807 6 -1
121807 12 1
121814 0 -1
121816 1 1
121866 2 -1
121904 3 1
121928 0 1
121958 7 1
121998 1 1
122000 5 -1
122078 4 1
122089 2 1
122113 3 1
122197 0 -1
122280 9 -1
122312 10 1
122334 6 -1
122344 0 1
122395 1 -1
122477 4 -1
122492 0 1
122495 11 1
122495 5 -1
122527 3 -1
122543 2 1
122588 1 1
122707 0 -1
122715 7 1
122721 3 1
122764 1 1
122796 2 1
122828 6 -1
122839 24 1
122866 0 1
122917 3 -1
122995 0 1
123011 2 -1
123129 3 -1
123161 1 -1
123175 4 1
123183 15 1
123194 8 1
123317 0 -1
123323 3 1
123352 1 1
123425 7 -1
123430 0 -1
123441 2 1
123473 5 1
123484 6 -1
123519 3 -1
123540 1 -1
123542 4 -1
123570 0 1
123624 9 -1
123659 2 -1
123712 0 1
123763 10 -1
123801 3 -1
123882 0 1
123888 4 -1
123888 1 -1
123892 6 1
123892 2 1
123924 5 -1
124012 0 1
124021 8 1
124066 1 1
124113 0 -1
124215 12 1
124247 1 1
124263 3 1
124279 6 -1
124341 0 -1
124376 5 1
124376 2 -1
124432 1 -1
124465 0 -1
124473 14 -1
124489 3 -1
124494 11 1
124559 21 1
124571 0 1
124575 2 -1
124594 1 -1
124610 4 -1
124610 7 1
124731 3 -1
124784 8 1
124787 1 1
124795 0 1
124817 9 1
124819 2 -1
124900 0 -1
124940 4 -1
124973 1 -1
125016 0 -1
125053 17 1
125177 3 -1
125182 10 1
125248 0 1
125263 4 -1
125279 13 1
125282 2 -1
125290 5 1
125300 6 -1
125327 1 1
125362 0 1
125376 7 -1
125419 3 -1
125483 0 1
125493 1 -1
125507 2 1
125666 0 1
125694 1 1
125741 6 -1
125757 2 1
125762 20 -1
125765 0 -1
125773 3 -1
125806 5 1
125925 0 1
125948 4 1
126031 0 -1
126037 7 -1
126073 1 1
126085 9 1
126182 6 1
126214 2 1
126254 4 1
126262 1 1
126300 11 -1
126300 5 -1
126311 0 1
126375 3 -1
126418 0 -1
126444 1 -1
126451 2 -1
126550 0 -1
126569 10 -1
126621 4 -1
126668 3 1
126692 2 -1
126762 8 -1
126770 0 -1
126794 16 -1
126795 1 1
126864 3 -1
126886 0 -1
126927 4 -1
126964 1 1
126999 0 -1
127010 9 1
127139 18 1
127141 1 1
127141 2 -1
127144 5 1
127222 0 1
127246 4 -1
127284 3 1
127310 1 -1
127375 0 -1
127375 2 1
127476 1 -1
127477 3 -1
127504 7 -1
127547 6 1
127547 0 -1
127547 8 -1
127568 15 -1
127572 4 -1
127590 5 -1
127601 2 -1
127659 1 1
127692 3 -1
127746 0 1
127826 12 1
127843 2 1
127851 1 -1
127856 0 -1
127934 11 -1
127939 4 1
127988 5 -1
127990 0 -1
128020 13 -1
128079 2 -1
128084 6 1
128084 14 1
128087 3 -1
128102 0 1
128117 10 1
128205 1 -1
128221 7 1
128299 2 1
128305 3 -1
128344 0 1
128375 1 1
128428 8 1
128460 5 1
128482 0 1
128509 2 1
128514 6 1
128572 1 -1
128579 0 -1
128632 3 1
128633 4 -1
128818 0 -1
128869 5 1
128924 0 1
128944 9 1
128949 1 -1
128975 4 1
128982 2 -1
129003 7 -1
129052 0 1
129095 3 -1
129104 1 -1
129116 22 -1
129237 2 -1
129256 0 -1
129261 1 -1
129285 4 1
129310 10 1
129331 12 -1
129353 3 -1
129353 8 -1
129379 5 1
129385 6 -1
129423 0 1
129444 2 -1
129581 0 -1
129589 3 -1
129600 1 1
129681 7 -1
129785 0 1
129786 1 -1
129793 5 1
129847 6 -1
129928 2 1
129933 9 1
129944 0 -1
129967 1 1
129979 3 -1
130059 4 -1
130081 0 -1
130148 1 1
130175 2 1
130191 3 -1
130191 6 -1
130218 0 -1
130277 8 1
130334 1 -1
130385 3 1
130401 2 -1
130442 4 1
130454 7 -1
130529 1 -1
130532 0 -1
130581 3 -1
130667 0 -1
130704 1 -1
130761 5 -1
130777 4 1
130780 0 1
130793 3 -1
130868 2 -1
130992 3 1
131008 0 -1
131089 2 1
131091 1 -1
131110 0 1
131148 8 -1
131196 3 -1
131202 9 1
131230 0 1
131250 5 -1
131253 7 1
131266 12 -1
131266 15 -1
131277 6 1
131277 1 1
131341 2 1
131472 1 -1
131484 0 -1
131510 4 1
131567 2 -1
131602 0 -1
131631 3 1
131632 13 1
131709 0 1
131723 5 1
131803 11 1
131817 2 -1
131857 3 1
131857 10 -1
131861 1 -1
131865 4 -1
131871 0 -1
131873 7 1
131997 14 1
131997 0 1
132029 6 -1
132031 1 -1
132043 2 1
132083 8 1
132112 0 -1
132131 3 1
132223 0 1
132228 1 1
132252 4 -1
132276 2 -1
132470 25 -1
132502 0 -1
132534 6 -1
132591 1 1
132599 3 -1
132637 0 1
132685 5 -1
132706 2 1
132749 9 1
132776 1 1
132790 0 -1
132819 3 1
132927 2 -1
132966 1 1
132974 4 -1
133045 3 -1
133064 0 -1
133136 5 1
133163 2 1
133196 10 1
133220 0 1
133276 4 1
133316 7 1
133359 0 1
133361 1 1
133480 6 1
133502 11 -1
133526 1 1
133620 5 -1
133631 3 -1
133631 4 -1
133634 2 1
133670 0 1
133707 1 -1
133808 0 1
133851 3 1
133873 7 -1
133883 2 1
133905 0 -1
133910 8 1
133932 9 -1
134076 1 1
134096 0 -1
134117 2 -1
134147 3 -1
134168 6 1
134206 0 -1
134272 1 -1
134332 4 -1
134362 0 1
134367 3 1
134457 1 1
134528 0 -1
134566 10 -1
134587 5 1
134593 3 -1
134593 2 1
134598 7 1
134674 9 1
134679 4 1
134706 6 -1
134802 0 1
134813 8 -1
134819 2 -1
134835 3 -1
134840 1 1
134972 0 -1
135013 1 1
135034 5 -1
135050 21 -1
135050 2 1
135055 3 1
135083 0 1
135090 4 1
135223 1 1
135265 12 1
135278 2 -1
135308 15 1
135343 0 -1
135394 11 1
135445 0 1
135490 5 1
135507 2 1
135555 0 1
135571 3 1
135590 1 -1
135716 8 1
135738 14 -1
135754 2 1
135767 4 -1
135775 1 1
135845 6 1
135867 3 -1
135883 0 -1
135953 7 -1
135953 17 -1
135965 1 -1
135977 2 -1
135985 5 1
136002 0 -1
136141 3 -1
136146 1 -1
136153 0 1
136162 4 -1
136259 0 -1
136296 6 1
136342 1 -1
136375 0 -1
136431 2 1
136436 5 -1
136473 4 -1
136509 1 -1
136525 0 1
136630 7 -1
136657 2 -1
136675 0 -1
136683 12 1
136712 1 1
136726 3 -1
136856 9 -1
136882 5 1
136883 2 1
136936 3 1
136943 0 1
137038 6 -1
137049 0 -1
137089 1 1
137173 3 -1
137175 0 1
137186 4 -1
137279 1 -1
137307 5 1
137339 7 1
137361 2 -1
137396 0 -1
137404 13 -1
137464 1 -1
137522 0 -1
137525 4 -1
137586 2 1
137613 3 1
137629 10 1
137640 8 -1
137699 0 -1
137807 3 -1
137807 2 -1
137831 4 -1
137833 1 -1
137887 9 -1
138006 3 1
138020 1 -1
138033 0 1
138145 20 1
138202 4 1
138202 1 1
138206 0 1
138215 3 1
138237 6 -1
138285 5 -1
138285 2 1
138315 0 1
138409 3 -1
138522 2 -1
138601 1 1
138605 0 -1
138608 3 1
138629 8 -1
138637 4 1
138661 6 1
138683 5 -1
138754 0 1
138758 2 1
138770 1 -1
138823 3 1
138871 7 -1
138876 9 -1
138879 0 1
138931 1 -1
139008 2 1
139016 4 -1
139048 16 -1
139064 10 -1
139125 1 1
139169 0 -1
139177 15 1
139183 5 -1
139212 2 1
139220 3 1
139220 12 1
139263 6 -1
139306 1 -1
139318 0 1
139355 4 1
139446 2 -1
139457 11 1
139476 0 -1
139488 1 1
139500 3 -1
139532 8 1
139540 7 1
139674 2 1
139677 1 1
139720 3 1
139779 14 -1
139779 0 -1
139854 6 1
139855 13 -1
139916 0 -1
140043 5 1
140056 1 -1
140088 4 1
140099 0 -1
140137 2 1
140193 7 1
140237 1 1
140284 3 -1
140311 0 1
140360 6 1
140365 2 -1
140403 1 1
140459 4 -1
140465 0 -1
140499 5 -1
140558 3 -1
140612 0 1
140612 2 -1
140628 10 -1
140722 0 -1
140768 3 1
140778 1 1
140819 0 1
140838 4 1
140951 5 1
140953 1 -1
140970 0 -1
140994 6 -1
141080 2 -1
141085 0 -1
141112 19 -1
141124 1 -1
141155 9 -1
141284 2 -1
141306 11 -1
141349 8 1
141381 3 1
141394 0 -1
141483 1 1
141502 0 1
141503 4 -1
141504 2 1
141531 6 1
141590 3 1
141617 0 1
141648 1 1
141741 7 -1
141757 17 -1
141757 26 1
141784 3 -1
141809 4 -1
141830 1 1
141883 0 1
141918 5 -1
141977 2 -1
142011 1 -1
142063 0 1
142101 12 -1
142152 4 1
142196 1 1
142209 0 1
142233 2 -1
142251 3 -1
142273 18 1
142295 9 1
142380 5 1
142381 8 1
142386 1 1
142402 7 1
142456 2 1
142466 6 1
142469 3 1
142505 0 1
142567 1 -1
142618 0 1
142638 11 1
142665 2 1
142698 3 -1
142765 0 1
142789 21 1
142880 5 1
142906 4 1
142910 2 1
142923 0 -1
142936 1 -1
142982 13 -1
142990 7 1
143058 0 1
143107 1 -1
143117 2 1
143127 3 1
143133 15 1
143205 0 1
143208 6 1
143248 4 1
143301 1 1
143316 8 -1
143321 3 -1
143348 9 -1
143361 0 -1
143369 5 -1
143369 2 1
143515 10 -1
143541 3 -1
143563 14 1
143574 0 -1
143603 4 -1
143645 1 -1
143713 12 1
143727 0 -1
143756 6 -1
143788 5 1
143821 1 -1
143829 0 1
143864 2 -1
143931 3 -1
143966 4 1
143990 1 1
144063 0 1
144111 2 1
144143 3 -1
144173 0 -1
144208 16 -1
144208 8 1
144251 5 -1
144276 4 1
144288 7 -1
144307 0 -1
144331 2 -1
144337 3 1
144381 1 1
144514 0 -1
144587 1 1
144627 4 1
144646 0 -1
144691 5 1
144745 3 -1
144745 6 -1
144748 1 1
144759 0 1
144788 10 -1
144794 2 -1
144877 0 1
144921 1 1
144939 3 1
144974 4 -1
144982 7 1
145019 0 1
145041 2 -1
145127 1 1
145132 8 -1
145135 3 -1
145186 0 -1
145272 6 -1
145277 2 1
145292 1 1
145295 0 1
145336 3 1
145478 1 -1
145546 3 1
145551 5 -1
145552 9 -1
145554 0 1
145675 4 1
145680 0 1
145707 7 -1
145748 3 -1
145756 2 -1
145863 0 1
145885 20 1
145885 23 1
145885 1 1
145906 6 1
145928 12 -1
145960 3 -1
145981 5 1
145981 2 1
145992 8 1
146018 4 -1
146048 1 1
146122 0 1
146207 2 -1
146229 0 -1
146241 1 -1
146304 4 -1
146314 11 1
146333 0 -1
146349 3 -1
146401 10 -1
146438 2 1
146465 5 -1
146562 3 -1
146591 0 -1
146606 1 -1
146680 9 -1
146683 2 1
146691 13 1
146707 0 -1
146755 3 1
146773 1 -1
146831 0 -1
146911 2 -1
146917 8 -1
146917 17 -1
146941 0 -1
146957 1 1
147059 0 -1
147062 4 -1
147142 7 1
147142 2 1
147153 3 1
147212 0 1
147293 6 1
147305 1 -1
147341 0 1
147373 3 1
147422 5 -1
147424 4 1
147489 1 1
147561 0 1
147575 3 -1
147618 2 -1
147672 0 -1
147678 1 -1
147690 9 1
147755 6 1
147787 10 1
147791 4 -1
147803 7 -1
147825 0 1
147846 2 1
147868 5 1
147886 1 -1
148007 3 1
148057 1 -1
148072 2 -1
148096 0 -1
148214 0 1
148222 3 1
148235 1 1
148303 6 1
148314 5 -1
148335 11 1
148335 7 1
148378 0 1
148400 1 1
148424 3 -1
148452 4 -1
148464 18 -1
148529 2 -1
148593 12 -1
148600 0 1
148636 3 -1
148712 0 1
148738 2 -1
148759 4 -1
148759 1 -1
148835 3 1
148862 0 -1
148944 1 1
148969 6 1
148983 2 -1
149002 0 1
149034 3 -1
149045 8 -1
149077 10 1
149109 16 -1
149112 0 -1
149158 1 1
149166 4 -1
149246 0 -1
149249 3 -1
149270 5 1
149424 0 -1
149445 2 -1
149476 4 -1
149480 1 1
149518 6 -1
149641 3 -1
149647 9 1
149651 1 1
149671 2 1
149692 0 -1
149743 5 -1
149778 4 -1
149786 7 1
149813 0 -1
149867 3 -1
149875 1 1
149905 6 1
149918 0 1
149921 2 1
150066 8 -1
150071 3 1
150077 13 1
150125 4 -1
150147 2 -1
150160 0 1
150206 5 1
150227 11 -1
150254 1 1
150259 0 -1
150335 10 -1
150375 0 -1
150375 2 1
150407 1 1
150451 4 1
150480 7 -1
150498 3 -1
150507 6 -1
150572 1 1
150614 2 -1
150636 9 1
150657 19 -1
150692 0 -1
150700 3 1
150758 1 -1
150834 2 1
150851 0 1
150910 3 1
150953 0 -1
150955 1 1
151066 0 -1
151066 8 1
151117 4 1
151129 1 1
151135 5 -1
151216 15 -1
151217 0 1
151278 7 -1
151313 2 -1
151314 1 1
151358 0 1
151383 3 -1
151420 6 -1
151487 4 -1
151514 0 -1
151563 2 -1
151592 5 1
151603 14 1
151624 3 -1
151685 1 -1
151754 9 -1
151788 2 1
151807 6 1
151826 0 -1
151890 4 -1
151895 1 1
151915 10 -1
151920 3 -1
151950 0 -1
151990 11 1
152028 7 1
152044 5 -1
152072 1 -1
152084 0 -1
152216 3 1
152248 2 1
152280 6 -1
152299 0 1
152420 0 1
152427 1 -1
152463 3 1
152476 2 -1
152506 12 1
152543 4 -1
152592 0 1
152596 1 -1
152699 2 1
152737 3 1
152765 1 -1
152820 0 -1
152834 7 1
152850 22 -1
152858 4 -1
152893 8 1
152936 0 -1
153006 5 1
153065 0 1
153081 3 1
153148 1 -1
153151 2 1
153172 13 1
153175 0 -1
153237 6 -1
153237 17 -1
153241 4 1
153288 0 1
153313 1 -1
153387 2 -1
153448 0 1
153506 3 -1
153507 1 1
153516 5 -1
153567 7 -1
153589 0 -1
153618 2 1
153699 3 1
153700 1 -1
153806 6 -1
153890 0 1
153890 1 1
153895 3 -1
153903 8 1
153954 4 -1
153973 5 1
154059 0 1
154091 1 -1
154092 2 -1
154161 9 1
154191 0 1
154204 7 -1
154269 11 -1
154269 16 1
154271 1 1
154290 6 -1
154301 3 1
154309 4 1
154322 2 1
154411 0 -1
154494 3 -1
154521 0 1
154548 2 -1
154583 4 -1
154625 1 -1
154675 0 -1
154779 1 -1
154779 3 1
154849 8 -1
154871 5 1
154881 10 -1
154970 0 1
154974 1 -1
155010 2 -1
155043 12 1
155091 0 1
155172 3 1
155242 2 1
155247 0 -1
155301 4 1
155301 14 -1
155311 5 -1
155319 1 1
155344 6 1
155381 3 1
155387 9 -1
155475 0 -1
155486 2 1
155494 7 1
155506 1 -1
155575 3 -1
155581 0 1
155659 4 -1
155688 25 -1
155701 0 1
155704 1 1
155752 13 1
155763 6 -1
155849 5 -1
155929 0 -1
155948 2 1
155983 3 1
156046 4 1
156060 0 1
156095 1 1
156139 11 1
156171 0 -1
156177 3 -1
156177 2 -1
156214 6 -1
156252 7 -1
156256 1 1
156268 10 1
156375 3 1
156400 0 -1
156424 2 -1
156441 1 -1
156548 21 -1
156548 0 1
156644 9 -1
156695 0 1
156719 6 -1
156752 4 -1
156779 3 -1
156805 15 1
156806 8 1
156816 5 -1
156826 1 -1
156892 2 -1
156945 7 1
156986 0 -1
157018 1 -1
157031 3 -1
157094 4 1
157112 2 1
157155 0 1
157192 5 -1
157203 1 1
157278 12 -1
157289 3 -1
157289 6 1
157330 0 1
157346 2 -1
157376 4 -1
157440 0 1
157545 0 -1
157563 2 1
157570 1 1
157622 10 -1
157655 5 1
157655 8 -1
157673 0 -1
157687 6 -1
157708 11 1
157739 1 1
157751 9 -1
157794 2 -1
157802 0 -1
157805 3 -1
157923 1 -1
158015 0 -1
158026 2 1
158058 4 1
158117 3 1
158138 0 1
158187 5 1
158243 0 -1
158267 2 -1
158275 1 1
158300 6 1
158380 4 1
158391 3 1
158412 7 1
158445 1 1
158504 0 1
158547 8 1
158595 0 1
158634 1 -1
158654 5 -1
158740 0 -1
158756 2 1
158794 3 1
158815 4 1
158955 9 1
158961 2 1
158997 1 1
159004 3 1
159049 0 -1
159127 5 1
159146 7 -1
159160 0 1
159197 3 -1
159199 1 1
159213 2 1
159267 0 -1
159299 20 -1
159299 14 -1
159300 18 1
159380 1 1
159434 0 -1
159444 3 -1
159471 6 1
159538 0 1
159565 1 1
159622 4 -1
159632 5 1
159659 0 1
159670 2 1
159678 3 -1
159737 1 -1
159790 0 1
159890 3 -1
159912 7 1
159915 2 1
159924 1 1
159992 4 1
160084 3 1
160084 6 -1
160105 1 1
160122 2 1
160124 0 1
160202 9 -1
160251 0 1
160299 4 1
160353 8 1
160363 10 -1
160414 0 -1
160488 1 -1
160492 3 -1
160546 5 1
160568 2 1
160578 6 -1
160643 0 -1
160650 1 -1
160658 4 -1
160686 3 1
160799 0 1
160818 2 1
160841 1 1
160847 15 1
160847 17 -1
160882 3 -1
160912 16 1
160938 0 1
160992 4 -1
161008 5 -1
161046 2 -1
161148 9 -1
161202 1 1
161210 7 -1
161237 0 1
161256 8 -1
161288 3 1
161299 2 1
161336 0 -1
161347 4 1
161363 28 -1
161387 1 -1
161406 11 1
161449 5 1
161452 0 -1
161484 3 -1
161524 2 -1
161570 0 -1
161583 1 -1
161621 13 -1
161653 4 1
161694 0 -1
161696 3 -1
161702 10 1
161755 6 -1
161755 2 1
161800 0 1
161918 0 1
161927 7 1
161943 1 1
162000 2 1
162133 1 -1
162148 0 -1
162148 8 1
162255 6 -1
162266 3 1
162266 12 -1
162266 0 -1
162322 1 1
162357 5 1
162390 0 -1
162427 2 -1
162463 4 -1
162510 1 -1
162540 3 1
162572 7 1
162621 0 -1
162653 2 1
162681 1 -1
162719 0 1
162793 3 1
162830 5 -1
162842 0 1
162846 4 1
162846 6 1
162875 1 -1
162903 2 1
162932 9 1
162975 10 1
163060 1 1
163067 0 -1
163137 3 1
163173 4 1
163188 0 -1
163209 7 -1
163298 5 1
163301 0 1
163362 2 1
163419 1 1
163481 3 1
163491 0 -1
163602 0 1
163602 2 -1
163612 1 -1
163642 11 -1
163701 0 -1
163810 1 1
163825 6 -1
163827 2 1
163830 3 1
163830 7 -1
163860 0 -1
163902 4 1
163997 9 -1
164093 8 -1
164139 0 1
164158 3 1
164173 1 -1
164185 5 1
164265 0 1
164281 4 1
164287 12 -1
164292 2 1
164308 6 1
164346 1 1
164429 0 -1
164475 7 1
164523 2 -1
164527 1 -1
164641 5 -1
164668 4 -1
164679 3 1
164730 0 -1
164749 2 1
164865 0 -1
164889 6 -1
164905 3 -1
164922 1 -1
164977 0 1
164980 2 -1
165007 13 -1
165039 7 -1
165039 8 1
165108 1 1
165114 5 1
165147 3 -1
165206 0 -1
165206 2 1
165211 9 1
165277 1 1
165336 0 1
165418 4 -1
165434 0 -1
165458 2 1
165460 1 -1
165561 0 -1
165566 5 -1
165593 3 -1
165616 1 -1
165659 0 1
165684 11 -1
165684 2 -1
165720 4 -1
165765 10 1
165767 0 1
165831 1 -1
165835 3 -1
165888 0 1
165953 6 1
165964 8 -1
166035 1 1
166055 3 1
166075 4 1
166082 5 -1
166117 0 -1
166160 2 1
166235 0 -1
166356 6 -1
166361 0 -1
166388 2 -1
166394 1 1
166466 4 -1
166480 12 1
166490 7 -1
166506 5 1
166571 3 1
166581 1 -1
166619 2 1
166665 0 -1
166756 1 -1
166770 6 -1
166797 3 -1
166797 0 -1
166821 4 1
166923 0 -1
166952 5 -1
167038 14 1
167073 2 1
167087 3 1
167159 1 1
167167 19 1
167184 7 1
167200 0 -1
167200 10 -1
167240 4 1
167291 2 -1
167296 16 1
167313 3 -1
167341 1 -1
167353 0 1
167458 0 -1
167512 9 1
167522 1 -1
167522 2 1
167554 3 -1
167555 17 1
167595 4 -1
167662 0 1
167737 8 -1
167764 7 1
167767 0 -1
167802 6 -1
167812 13 1
167881 1 -1
167888 5 -1
167898 3 -1
167931 0 1
168001 2 -1
168046 1 -1
168108 0 1
168113 15 1
168172 3 -1
168224 1 -1
168226 2 1
168296 4 1
168350 5 1
168377 6 1
168382 0 1
168393 1 -1
168428 2 1
168517 0 1
168550 1 -1
168616 0 -1
168635 4 1
168635 10 1
168640 8 1
168656 2 -1
168731 1 1
168737 9 -1
168850 3 -1
168887 5 1
168887 0 -1
168888 2 1
168913 1 -1
168930 6 1
168969 4 -1
169038 0 1
169054 7 -1
169097 2 1
169102 20 1
169102 23 1
169145 0 -1
169151 3 1
169255 1 1
169317 11 -1
169350 2 1
169376 3 -1
169382 8 -1
169403 0 1
169441 1 -1
169508 0 -1
169624 0 -1
169626 1 1
169638 4 -1
169722 0 1
169780 7 1
169790 5 1
169806 2 1
169879 0 -1
169887 3 -1
169967 1 -1
169973 4 -1
169985 0 1
170027 2 -1
170102 0 1
170122 1 -1
170150 3 -1
170252 5 -1
170253 2 1
170274 6 1
170285 9 1
170312 1 1
170320 4 1
170322 0 -1
170349 12 1
170384 3 -1
170420 0 1
170473 7 -1
170591 0 1
170650 14 -1
170650 22 -1
170674 1 1
170699 2 1
170758 5 -1
170790 3 1
170852 0 1
170860 1 1
170897 6 -1
170954 2 1
170959 0 -1
170986 3 -1
170989 4 -1
170994 30 1
171037 1 -1
171119 0 1
171161 2 1
171198 3 -1
171219 1 1
171274 8 1
171343 4 1
171359 11 -1
171370 6 -1
171392 3 1
171400 1 -1
171408 0 1
171577 0 -1
171588 3 -1
171589 1 1
171642 2 -1
171698 4 -1
171714 5 1
171714 10 -1
171717 0 1
171725 15 1
171763 1 1
171800 3 -1
171811 7 1
171870 2 1
171940 0 -1
171994 3 1
172013 4 -1
172091 0 1
172117 2 1
172134 1 -1
172177 8 -1
172182 5 -1
172244 0 -1
172263 9 1
172339 1 -1
172349 2 -1
172379 4 1
172391 6 -1
172413 3 -1
172434 12 -1
172475 0 1
172537 7 -1
172545 1 1
172585 16 1
172585 2 1
172617 0 -1
172649 3 -1
172698 5 -1
172726 4 -1
172744 0 -1
172805 2 -1
172843 3 1
172924 1 1
172993 6 1
173028 4 -1
173036 2 1
173058 24 -1
173063 0 -1
173069 10 1
173101 5 -1
173105 1 -1
173133 13 -1
173144 8 1
173222 0 -1
173251 3 -1
173262 7 1
173270 1 -1
173273 11 1
173273 9 1
173319 0 1
173445 3 1
173488 2 -1
173536 6 -1
173574 5 1
173574 0 1
173633 1 -1
173641 3 -1
173657 4 -1
173708 2 1
173722 0 -1
173835 0 1
173839 1 1
173953 2 1
173977 0 1
173988 7 -1
174044 4 -1
174052 3 1
174056 1 1
174090 5 1
174090 6 1
174119 0 -1
174122 8 1
174242 1 -1
174243 0 -1
174246 3 -1
174367 4 -1
174391 2 -1
174396 0 1
174435 1 1
174444 3 1
174520 10 1
174563 9 1
174584 7 -1
174590 5 1
174595 6 1
174627 2 1
174629 1 -1
174654 0 1
174692 14 -1
174745 3 -1
174778 12 1
174788 0 1
174822 1 1
174853 2 -1
174960 0 1
174976 3 1
175046 8 -1
175076 4 1
175122 6 -1
175159 1 -1
175182 0 1
175280 0 -1
175339 2 1
175346 1 1
175347 3 1
175423 7 -1
175441 0 1
175443 4 -1
175476 5 -1
175513 1 1
175519 6 1
175541 2 1
175664 3 -1
175681 15 1
175682 0 1
175788 0 -1
175799 2 1
175818 4 1
175906 0 -1
175910 1 -1
175917 8 1
175992 5 -1
176017 0 -1
176025 2 -1
176068 9 -1
176084 1 -1
176127 3 1
176129 0 1
176164 7 1
176256 2 1
176261 13 1
176261 0 1
176265 1 1
176352 3 -1
176444 5 1
176444 6 1
176446 0 -1
176500 2 1
176519 4 1
176594 3 -1
176620 1 -1
176671 0 1
176734 2 -1
176801 4 -1
176801 1 1
176820 0 -1
176863 8 -1
176928 9 1
176938 6 1
176976 0 1
176983 1 -1
177040 3 -1
177142 11 -1
177152 1 -1
177156 4 1
177180 2 -1
177258 0 -1
177282 3 -1
177313 1 -1
177347 6 -1
177374 7 1
177390 5 1
177403 2 1
177411 0 -1
177454 10 1
177495 1 1
177502 3 1
177556 0 1
177629 2 -1
177682 1 -1
177822 0 -1
177836 5 -1
177881 4 1
177959 0 -1
177970 3 -1
178024 9 -1
178045 21 -1
178048 2 1
178061 1 -1
178080 0 -1
178190 3 1
178212 7 1
178212 0 -1
178217 18 -1
178252 1 1
178268 4 -1
178277 2 -1
178287 5 1
178321 0 -1
178416 1 1
178416 3 -1
178478 0 1
178492 2 -1
178518 6 -1
178518 8 1
178634 0 -1
178651 4 1
178658 3 -1
178778 1 -1
178854 0 1
178878 3 1
178913 7 -1
178970 10 1
178978 0 1
178982 1 1
178991 2 1
179034 9 -1
179099 6 -1
179099 0 1
179104 3 -1
179179 1 -1
179206 11 -1
179231 2 1
179249 12 -1
179255 5 -1
179324 13 1
179346 3 -1
179353 0 1
179437 4 -1
179464 2 -1
179475 0 1
179529 8 1
179550 6 -1
179587 1 -1
179591 0 -1
179663 5 -1
179663 2 -1
179748 1 -1
179792 3 -1
179808 4 1
179827 0 1
179908 2 -1
179926 0 -1
179929 1 -1
180034 3 -1
180055 0 1
180131 2 1
180163 5 1
180195 4 -1
180195 22 1
180236 7 1
180254 3 1
180260 10 1
180279 0 -1
180308 1 1
180370 2 -1
180397 0 1
180453 17 1
180502 1 -1
180518 6 -1
180518 0 1
180550 8 1
180636 5 -1
180671 1 -1
180757 0 -1
180843 2 1
180848 7 1
180880 4 1
180905 6 1
180906 0 1
180937 3 1
181055 2 1
181066 0 -1
181066 1 1
181087 5 1
181184 12 -1
181215 4 -1
181227 1 1
181254 3 -1
181297 6 -1
181302 2 1
181362 0 -1
181420 11 1
181421 1 -1
181461 7 1
181466 0 1
181496 3 -1
181566 0 -1
181582 5 1
181586 4 1
181593 9 1
181678 6 1
181771 1 -1
181786 2 -1
181826 0 1
181942 3 -1
181953 1 -1
181993 0 1
182001 14 -1
182033 2 1
182076 5 -1
182122 1 -1
182138 0 1
182270 3 -1
182270 0 1
182275 2 -1
182280 6 -1
182340 4 1
182423 0 -1
182474 8 -1
182485 1 -1
182517 26 1
182611 0 -1
182614 3 -1
182670 4 1
182682 1 1
182719 0 1
182727 2 -1
182786 9 1
182815 7 -1
182829 6 -1
182864 1 1
182872 3 -1
182872 10 -1
182974 2 -1
183020 0 1
183033 5 1
183033 1 -1
183073 4 1
183076 11 1
183092 3 1
183175 0 -1
183204 1 -1
183205 2 1
183312 8 -1
183318 3 -1
183345 0 1
183366 6 1
183398 1 1
183420 12 1
183460 4 1
183533 5 1
183560 0 -1
183560 9 -1
183589 1 -1
183613 16 1
183646 3 -1
183656 2 1
183678 7 -1
183686 0 -1
183792 0 1
183815 4 1
183893 15 -1
183893 2 -1
183960 1 1
183984 5 -1
184014 0 -1
184113 2 1
184133 1 -1
184148 0 -1
184186 4 -1
184205 8 1
184237 3 -1
184258 0 -1
184266 7 -1
184319 1 1
184382 0 -1
184387 10 -1
184430 3 1
184480 0 1
184522 6 -1
184586 0 1
184589 4 1
184592 2 -1
184626 3 -1
184690 1 1
184699 0 -1
184842 2 -1
184875 1 -1
184892 5 -1
184927 0 -1
185032 3 1
185044 1 -1
185048 0 -1
185067 2 1
185097 11 1
185097 23 -1
185118 6 1
185175 0 -1
185228 3 -1
185290 13 1
185306 4 1
185365 5 1
185403 0 1
185441 3 -1
185443 1 -1
185532 2 1
185535 0 1
185597 10 -1
185613 14 1
185629 7 1
185649 1 -1
185652 0 1
185677 4 -1
185779 2 1
185817 5 -1
185822 1 -1
185828 9 -1
185830 3 -1
185892 6 -1
185892 8 -1
185986 0 -1
186005 2 -1
186012 1 1
186036 4 1
186043 3 -1
186118 0 1
186233 0 1
186236 3 1
186242 1 1
186371 7 -1
186381 0 -1
186407 1 1
186473 2 -1
186481 0 1
186516 19 1
186588 1 1
186637 0 -1
186682 3 -1
186693 2 1
186720 5 -1
186725 4 -1
186790 0 1
186817 8 1
186876 3 1
186946 2 1
186947 1 1
186975 7 -1
187032 9 1
187034 0 -1
187068 4 1
187075 6 -1
187091 3 1
187136 1 1
187142 0 1
187177 2 -1
187203 11 1
187214 5 -1
187265 0 1
187289 20 1
187326 1 1
187408 2 1
187422 4 -1
187483 3 1
187483 0 -1
187510 6 1
187639 0 -1
187650 2 1
187677 18 -1
187698 3 1
187705 1 1
187709 5 1
187730 8 -1
187779 0 1
187873 2 -1
187882 1 1
187894 3 -1
188058 0 -1
188064 1 -1
188090 6 -1
188106 15 1
188195 0 -1
188200 4 1
188203 5 1
188225 13 -1
188308 0 1
188324 2 -1
188354 7 1
188375 3 -1
188402 10 1
188407 9 1
188422 1 1
188450 12 1
188536 0 -1
188553 2 1
188579 4 -1
188595 3 1
188616 1 -1
188649 5 -1
188649 0 -1
188665 8 1
188762 2 1
188773 0 -1
188797 1 1
188821 3 -1
188837 17 1
188902 4 -1
188966 16 -1
188999 1 -1
189009 6 1
189034 0 -1
189047 7 -1
189128 5 1
189136 0 1
189184 1 1
189224 4 -1
189267 11 1
189273 2 1
189289 0 -1
189310 14 -1
189365 1 -1
189407 3 -1
189439 6 1
189498 2 -1
189544 0 -1
189559 1 1
189579 4 1
189579 8 -1
189584 5 -1
189633 3 1
189644 7 -1
189684 0 -1
189711 2 -1
189844 0 1
189853 3 -1
189869 10 -1
189910 4 -1
189912 12 1
189944 1 1
190041 6 -1
190095 3 -1
190111 1 1
190162 0 1
190197 2 1
190248 4 -1
190278 8 1
190288 1 1
190321 3 1
190342 0 1
190423 2 -1
190474 0 1
190514 5 -1
190541 3 -1
190591 0 1
190631 1 1
190646 2 1
190708 6 -1
190737 0 -1
190783 3 -1
190796 1 1
190861 0 -1
190872 2 -1
190901 9 -1
190917 7 1
190923 5 -1
190979 0 1
190982 1 -1
190990 4 -1
191030 15 1
191076 2 -1
191229 3 -1
191242 0 1
191256 8 1
191299 2 1
191320 10 1
191341 1 -1
191353 4 -1
191388 0 1
191417 5 -1
191471 3 -1
191482 13 -1
191502 1 -1
191530 2 -1
191557 0 1
191568 6 -1
191611 7 1
191683 4 1
191683 1 1
191729 3 -1
191768 0 1
191863 1 -1
191891 0 1
192003 6 1
192035 0 -1
192046 2 1
192062 12 -1
192066 1 1
192105 9 1
192252 1 -1
192304 2 1
192309 3 -1
192320 7 -1
192339 0 1
192363 5 -1
192390 6 -1
192421 1 -1
192441 4 1
192492 0 -1
192503 3 1
192530 2 -1
192643 0 1
192699 3 -1
192707 10 -1
192784 1 1
192785 0 -1
192820 4 -1
192857 5 -1
192891 0 1
192900 11 1
192977 1 -1
192997 2 -1
193005 0 1
193008 27 -1
193083 8 1
193105 3 1
193145 0 1
193146 1 -1
193180 18 -1
193183 4 1
193218 2 1
193277 9 -1
193301 3 -1
193363 5 -1
193438 14 -1
193465 2 1
193486 0 1
193537 1 1
193561 3 -1
193621 0 1
193653 6 1
193695 1 1
193723 7 -1
193751 0 1
193803 3 -1
193836 4 -1
193840 1 -1
193927 2 1
193975 8 -1
194024 3 1
194029 10 1
194040 0 -1
194126 19 -1
194131 6 1
194169 2 -1
194180 0 -1
194190 13 1
194223 5 1
194227 4 -1
194239 1 1
194255 9 -1
194255 17 -1
194330 3 -1
194346 0 -1
194352 7 -1
194418 1 -1
194421 2 1
194550 3 1
194572 0 1
194604 1 1
194626 5 1
194634 4 1
194663 6 1
194669 2 1
194682 0 -1
194685 11 -1
194788 0 1
194807 1 -1
194894 2 -1
194905 0 1
194997 7 -1
195013 1 -1
195015 0 -1
195061 4 1
195072 8 -1
195120 5 1
195126 2 1
195152 0 -1
195158 16 1
195163 3 1
195190 1 -1
195263 0 1
195362 2 -1
195373 9 1
195389 3 -1
195392 1 -1
195408 4 -1
195496 10 -1
195502 15 -1
195518 0 1
195528 5 1
195631 3 -1
195631 12 1
195636 0 1
195738 7 1
195748 1 1
195760 6 1
195773 0 1
195786 4 1
195859 2 -1
195932 1 -1
196018 5 1
196071 2 -1
196114 0 -1
196117 4 1
196125 1 1
196200 6 -1
196224 3 -1
196230 0 1
196254 9 1
196308 2 1
196346 0 1
196437 5 1
196496 7 1
196504 1 1
196568 3 -1
196647 0 -1
196655 1 1
196684 6 -1
196754 0 -1
196759 2 1
196778 4 -1
196813 11 -1
196827 1 1
196878 8 -1
196888 5 -1
196891 0 -1
196912 3 -1
196931 10 1
196996 2 -1
197015 0 -1
197060 4 1
197125 7 1
197130 0 -1
197209 1 -1
197221 13 -1
197232 2 1
197278 0 1
197394 9 -1
197395 1 1
197399 0 1
197407 4 1
197522 14 -1
197571 3 1
197576 6 1
197584 1 -1
197657 0 1
197689 2 1
197738 1 -1
197748 8 1
197775 0 -1
197797 3 -1
197823 12 -1
197824 24 -1
197872 5 1
197899 7 1
197927 1 1
197952 0 1
197955 2 1
198049 3 -1
198071 6 1
198092 1 1
198167 21 1
198184 2 -1
198205 4 -1
198227 0 1
198294 1 -1
198307 5 1
198353 3 1
198358 0 1
198519 4 -1
198538 0 1
198587 3 -1
198630 6 -1
198635 2 -1
198665 1 -1
198694 8 -1
198753 5 -1
198807 0 -1
198822 1 -1
198823 3 -1
198872 2 1
198898 4 1
198941 0 1
199015 1 1
199041 3 1
199046 0 -1
199097 2 -1
199124 6 -1
199197 0 1
199285 23 1
199342 0 1
199370 1 -1
199414 7 1
199415 9 -1
199482 0 -1
199506 2 -1
199511 3 -1
199555 1 1
199586 0 1
199600 4 -1
199640 6 -1
199699 5 -1
199731 3 1
199737 2 1
199747 1 -1
199898 0 1
199957 3 -1
199957 2 -1
199995 4 1
199995 10 -1
200057 0 -1
200059 13 1
200120 1 1
200140 7 -1
200168 0 1
200199 5 -1
200274 6 1
200301 1 1
200317 12 -1
200349 4 -1
200419 3 1
200422 0 1
200436 2 1
200446 11 -1
200487 1 -1
200511 8 -1
200543 0 1
200575 20 -1
200660 1 1
200667 5 1
200672 0 1
200677 3 1
200685 2 1
200720 4 1
200747 6 1
200812 9 1
200878 1 1
200898 2 1
200946 7 -1
200949 0 1
201021 3 1
201027 4 1
201056 0 -1
201075 1 -1
201091 19 -1
201123 10 -1
201200 0 1
201220 22 -1
201252 1 1
201263 31 1
201317 0 1
201349 14 1
201349 15 1
201369 4 -1
201398 2 -1
201459 0 1
201478 8 1
201604 0 -1
201627 1 1
201629 2 1
201639 5 1
201650 6 1
201709 3 1
201720 4 -1
201731 0 -1
201779 9 1
201793 1 1
201833 2 1
201965 0 1
201986 1 -1
202053 3 1
202085 2 1
202091 5 -1
202110 0 1
202233 0 1
202252 11 1
202306 2 -1
202317 7 1
202338 6 1
202353 1 1
202397 3 1
202450 4 -1
202508 1 1
202510 8 1
202548 2 1
202558 5 1
202561 0 -1
202639 10 1
202675 1 1
202685 0 -1
202741 3 1
202771 2 -1
202781 0 1
202800 4 1
202886 6 1
203015 5 -1
203026 1 1
203056 0 -1
203058 13 -1
203085 3 1
203115 4 1
203139 7 1
203152 0 1
203209 1 -1
203211 2 1
203338 0 -1
203377 1 -1
203397 3 -1
203443 0 1
203461 2 1
203520 8 1
203531 5 -1
203569 0 1
203639 3 -1
203679 0 -1
203687 2 -1
203756 1 -1
203792 4 -1
203843 6 1
203843 0 -1
203897 7 -1
203945 1 1
203961 5 -1
204058 9 -1
204069 0 1
204151 1 -1
204159 4 1
204168 2 1
204203 3 1
204208 11 1
204246 0 1
204370 0 1
204397 2 -1
204423 8 -1
204445 6 -1
204445 15 -1
204466 3 1
204466 5 -1
204509 4 -1
204519 1 -1
204590 0 -1
204628 2 1
204703 21 1
204707 1 -1
204711 0 -1
204767 3 -1
204812 0 1
204896 1 1
204961 6 -1
205036 0 -1
205103 2 -1
205133 14 -1
205146 0 -1
205213 3 -1
205227 4 -1
205247 1 -1
205265 0 -1
205332 7 -1
205332 2 1
205391 8 1
205391 9 -1
205412 5 -1
205441 1 1
205450 3 -1
205506 0 -1
205563 2 -1
205574 10 1
205577 4 1
205606 1 1
205612 0 1
205649 12 -1
205724 0 1
205740 3 -1
205810 2 1
205872 4 -1
205950 5 -1
205973 1 1
206014 6 -1
206025 7 1
206052 2 -1
206068 0 -1
206154 1 1
206194 0 -1
206202 3 1
206239 4 1
206251 8 -1
206253 2 -1
206303 1 1
206369 0 1
206428 3 -1
206479 2 1
206487 5 -1
206489 1 -1
206573 4 1
206601 0 1
206605 6 1
206648 9 -1
206654 7 1
206670 3 -1
206690 1 1
206753 0 -1
206890 3 1
206896 4 1
206896 23 1
206896 0 -1
206900 1 1
206955 2 -1
207083 1 -1
207116 3 -1
207154 0 -1
207170 10 1
207178 4 1
207189 2 1
207202 6 -1
207256 0 1
207347 7 -1
207358 3 -1
207414 0 -1
207422 2 -1
207428 1 1
207460 5 1
207520 0 1
207578 3 1
207625 1 -1
207643 0 1
207780 0 1
207799 25 1
207821 1 -1
207890 2 1
207895 6 -1
207911 4 1
207922 0 1
207970 5 1
207971 12 1
207971 8 1
208046 3 -1
208116 2 -1
208141 1 1
208169 7 -1
208185 11 -1
208199 0 -1
208266 3 1
208282 4 -1
208314 6 1
208315 16 -1
208327 1 -1
208344 0 -1
208352 2 1
208411 10 1
208433 5 -1
208462 0 -1
208486 24 1
208492 3 -1
208524 1 1
208637 4 -1
208637 9 -1
208744 15 1
208745 0 1
208809 8 -1
208830 28 1
208831 13 -1
208831 2 -1
208844 0 -1
208847 7 1
208906 6 -1
208935 1 -1
208954 3 1
208959 17 1
208976 0 -1
209072 2 1
209094 1 -1
209180 3 -1
209250 0 1
209262 1 -1
209330 2 1
209338 4 -1
209346 7 -1
209352 5 -1
209360 0 -1
209422 3 -1
209473 0 1
209475 1 -1
209586 2 1
209594 6 -1
209647 8 -1
209661 0 -1
209669 9 -1
209677 4 -1
209679 1 -1
209776 5 -1
209821 0 1
209841 2 -1
209862 29 1
209862 1 1
209868 3 -1
209959 0 1
209983 4 -1
210036 1 1
210069 2 1
210088 3 1
210096 0 1
210206 11 -1
210303 5 -1
210314 2 -1
210367 3 -1
210405 0 1
210421 12 1
210427 1 1
210443 9 1
210537 0 1
210588 3 1
210608 1 -1
210701 0 1
210744 6 1
210781 4 1
210787 2 1
210814 3 -1
210814 7 -1
210814 1 1
210905 0 1
211012 2 -1
211055 3 -1
211066 0 1
211072 4 -1
211152 10 -1
211158 6 -1
211171 0 -1
211172 1 1
211227 5 -1
211238 18 1
211262 2 -1
211270 3 1
211354 1 -1
211390 0 1
211450 4 -1
211510 0 1
211515 7 1
211518 8 -1
211519 1 -1
211593 6 -1
211604 9 1
211609 0 -1
211727 2 -1
211733 13 1
211765 5 -1
211789 4 -1
211797 3 1
211797 0 1
211894 1 -1
211926 11 1
211926 0 1
211931 2 -1
211948 12 -1
212055 3 1
212089 1 -1
212094 0 1
212122 2 -1
212163 5 -1
212168 4 1
212208 7 -1
212218 1 1
212286 0 -1
212313 20 -1
212313 14 -1
212313 22 -1
212378 1 1
212399 3 1
212426 4 -1
212453 9 -1
212507 8 -1
212563 1 -1
212598 2 -1
212635 6 -1
212637 0 -1
212652 10 -1
212712 1 -1
212735 0 1
212764 4 1
212840 0 -1
212861 2 -1
212879 1 -1
213087 3 1
213098 5 -1
213098 6 -1
213127 0 -1
213133 2 -1
213200 1 -1
213264 0 -1
213324 8 -1
213357 1 -1
213388 9 -1
213431 3 1
213452 0 1
213466 4 1
213506 1 -1
213528 6 1
213538 11 1
213571 7 1
213603 23 -1
213630 5 -1
213630 2 1
213635 10 1
213689 0 -1
213732 25 -1
213772 4 1
213775 3 1
213857 1 1
213882 0 1
213885 2 1
213904 27 -1
213985 0 -1
214042 1 -1
214108 5 1
214108 0 -1
214135 2 -1
214143 4 -1
214228 1 1
214248 9 1
214272 0 -1
214280 7 -1
214334 3 -1
214380 0 1
214452 6 -1
214506 26 -1
214538 0 -1
214582 1 -1
214586 2 -1
214678 3 -1
214756 1 -1
214818 2 1
214836 0 -1
214861 4 -1
214920 6 -1
214936 12 1
214943 1 1
214982 0 -1
215016 2 1
215022 7 1
215024 3 -1
215027 5 1
215086 10 -1
215151 11 1
215156 0 -1
215195 4 1
215221 3 1
215258 8 1
215272 1 1
215333 6 1
215387 0 -1
215429 1 1
215446 3 1
215481 4 -1
215489 2 1
215538 22 1
215565 5 1
215567 0 -1
215614 1 -1
215711 0 1
215715 3 1
215731 2 -1
215887 6 -1
215913 1 -1
215925 13 1
215968 0 1
215984 5 1
216016 2 -1
216021 3 -1
216032 9 -1
216054 16 1
216054 18 1
216078 0 -1
216078 1 -1
216118 8 1
216226 0 1
216227 1 -1
216247 4 1
216247 10 -1
216312 21 1
216336 0 -1
216376 23 1
216419 6 -1
216449 0 1
216457 7 1
216468 2 -1
216556 0 -1
216570 17 1
216590 4 1
216596 1 -1
216650 3 1
216674 0 -1
216682 2 -1
216735 1 1
216828 6 1
216828 24 1
216838 9 1
216862 3 -1
216865 2 -1
216870 5 -1
216913 11 -1
216936 1 1
216948 4 -1
216958 0 1
217064 8 -1
217080 3 1
217102 2 1
217129 0 1
217257 28 1
217260 0 1
217267 4 -1
217279 25 1
217291 1 -1
217300 5 1
217333 2 -1
217343 22 1
217352 7 1
217360 10 -1
217451 6 1
217460 1 -1
217483 0 -1
217537 2 -1
217553 4 1
217580 3 -1
217601 12 -1
217607 0 -1
217658 1 -1
217712 0 1
217730 19 -1
217776 2 -1
217806 5 1
217807 1 -1
217827 3 -1
217951 0 1
217967 9 -1
217984 1 -1
217992 4 -1
218031 8 -1
218037 7 -1
218053 3 1
218121 0 1
218174 1 1
218206 2 1
218236 0 -1
218289 5 -1
218339 0 1
218375 4 1
218392 1 1
218440 2 -1
218499 0 -1
218558 6 -1
218569 11 1
218596 3 -1
218617 0 -1
218633 30 1
218676 2 1
218698 26 1
218741 5 1
218762 7 1
218768 0 1
218774 1 1
218805 27 1
218859 3 -1
218859 10 1
218870 8 -1
218932 1 1
218934 14 -1
218988 4 1
219081 1 1
219085 3 -1
219136 0 -1
219176 2 -1
219195 5 -1
219198 6 -1
219238 0 1
219321 15 -1
219372 0 1
219380 2 -1
219391 4 -1
219407 20 -1
219407 7 -1
219448 1 -1
219488 3 -1
219579 24 -1
219622 5 -1
219636 2 1
219645 1 1
219646 0 -1
219665 21 -1
219681 3 -1
219751 6 1
219758 4 1
219797 0 1
219802 1 1
219826 22 -1
219859 18 -1
219929 0 1
219934 3 -1
220020 19 -1
220031 8 1
220063 2 -1
220141 1 -1
220165 7 1
220230 0 1
220278 23 -1
220334 4 -1
220337 2 -1
220353 5 1
220354 1 -1
220392 0 1
220399 3 1
220439 20 -1
220439 29 -1
220514 1 -1
220536 17 1
220552 2 -1
220568 16 1
220568 0 1
220614 3 -1
220654 9 1
220665 1 1
220689 4 1
220689 0 1
220697 22 -1
220697 24 -1
220729 7 1
220740 6 1
220778 2 1
220783 12 1
220834 0 -1
220837 5 -1
220862 1 -1
220917 3 1
220934 8 -1
220976 2 1
221011 0 -1
221019 4 1
221044 1 1
221143 0 -1
221148 6 -1
221170 18 1
221208 2 -1
221213 21 1
221241 1 -1
221272 5 1
221343 0 1
221396 3 -1
221398 2 -1
221406 19 1
221492 0 -1
221594 3 1
221608 1 1
221621 0 -1
221632 20 1
221632 6 -1
221729 25 -1
221729 26 -1
221772 9 -1
221799 3 -1
221809 4 -1
221820 1 1
221839 2 -1
221925 0 -1
222035 0 1
222035 1 1
222073 2 1
222116 7 -1
222159 15 -1
222175 5 1
222180 4 1
222180 23 1
222181 10 1
222191 0 1
222245 28 -1
222282 2 1
222290 3 -1
222414 1 -1
222417 14 -1
222420 0 -1
222438 22 1
222438 18 -1
222508 0 -1
222535 3 -1
222551 4 -1
222556 5 1
222610 6 -1
222636 1 -1
222651 0 1
222686 2 1
222686 8 -1
222696 9 -1
222745 7 -1
222785 3 -1
222805 1 -1
222900 2 1
222933 31 -1
222957 0 1
222976 5 1
223054 3 -1
223083 0 1
223089 6 -1
223134 2 -1
223152 1 1
223188 4 -1
223196 0 -1
223330 3 -1
223341 17 1
223365 1 1
223390 7 -1
223422 0 1
223519 0 -1
223535 6 1
223547 1 -1
223551 4 -1
223567 2 1
223599 11 1
223617 0 1
223621 8 1
223626 3 1
223672 10 1
223728 1 -1
223777 2 1
223814 18 1
223837 0 1
223861 1 1
223893 4 1
223922 5 1
223922 13 1
223927 6 -1
223970 3 1
223986 19 1
223991 2 -1
224013 0 1
224014 1 1
224083 16 1
224147 0 1
224206 2 -1
224236 1 1
224314 5 1
224395 24 1
224395 8 1
224405 6 -1
224440 2 1
224448 3 -1
224502 0 -1
224518 4 1
224523 21 1
224588 9 -1
224626 2 1
224631 20 1
224642 0 -1
224643 1 -1
224685 5 1
224695 3 -1
224739 18 1
224787 0 1
224822 2 1
224824 19 1
224825 7 -1
224833 1 1
224849 4 1
224910 6 -1
224911 0 1
224913 3 1
224953 23 1
225014 1 -1
225041 0 1
225072 5 1
225147 0 -1
225171 4 1
225330 0 -1
225330 2 -1
225340 25 1
225353 1 -1
225373 17 -1
225389 3 -1
225405 9 1
225445 7 -1
225528 1 1
225534 5 -1
225534 26 1
225563 0 1
225582 6 -1
225582 2 1
225598 24 1
225633 3 -1
225684 0 1
225699 1 1
225727 10 1
225816 4 -1
225835 3 -1
225838 2 1
225840 0 -1
225856 11 -1
225964 8 1
225974 5 1
226063 0 1
226070 1 1
226146 4 -1
226159 0 1
226227 7 1
226267 1 -1
226310 0 -1
226340 2 -1
226378 3 1
226383 5 1
226394 9 1
226441 4 -1
226441 1 -1
226571 2 1
226609 0 -1
226662 6 1
226684 3 -1
226711 0 1
226770 8 1
226804 1 -1
226835 2 1
226845 0 1
226888 27 1
226926 3 -1
226953 25 1
226955 1 -1
226961 0 -1
227017 29 1
227071 0 1
227103 24 1
227126 1 1
227141 3 1
227146 6 1
227182 4 -1
227195 0 1
227270 2 -1
227318 9 1
227337 0 -1
227383 12 1
227404 13 -1
227409 3 1
227436 26 1
227473 1 1
227493 4 -1
227496 2 1
227501 5 1
227522 6 -1
227544 8 1
227555 0 -1
227624 1 1
227659 0 1
227705 3 -1
227743 2 1
227767 7 -1
227780 0 1
227791 15 -1
227827 1 -1
227908 4 -1
227931 5 -1
227944 2 1
227990 3 1
228003 0 -1
228113 20 -1
228116 0 1
228135 11 1
228135 21 -1
228173 2 -1
228190 1 -1
228243 0 1
228259 4 1
228275 19 -1
228285 5 1
228307 17 -1
228361 1 -1
228363 2 -1
228447 3 -1
228530 0 -1
228565 16 -1
228585 1 -1
228592 2 1
228619 6 -1
228638 7 1
228646 4 -1
228654 0 -1
228688 3 -1
228758 22 -1
228804 0 1
228882 3 -1
228909 18 -1
228928 0 1
228968 1 -1
228992 2 1
229024 4 1
229049 20 -1
229049 0 -1
229081 21 -1
229081 23 -1
229108 5 -1
229127 1 -1
229137 7 -1
229170 0 -1
229178 6 -1
229194 2 1
229210 24 -1
229299 0 -1
229317 1 1
229339 25 -1
229339 10 1
229363 4 1
229376 3 -1
229428 2 -1
229468 12 1
229470 1 1
229500 22 -1
229554 5 1
229554 8 1
229591 3 1
229624 0 1
229640 9 -1
229649 1 -1
229661 6 -1
229777 0 -1
229814 1 -1
229871 2 -1
229871 17 1
229903 3 -1
229919 23 -1
229954 0 -1
229976 1 -1
230070 5 -1
230113 4 -1
230118 2 1
230156 27 -1
230167 18 1
230177 16 1
230242 26 -1
230282 1 1
230290 0 1
230328 8 1
230338 19 1
230349 2 -1
230430 0 1
230440 3 1
230476 1 -1
230488 4 1
230521 21 1
230547 0 1
230629 7 -1
230661 3 -1
230665 1 1
230682 6 1
230693 13 -1
230774 10 -1
230787 2 1
230807 0 1
230822 4 1
230914 0 1
230951 5 -1
230975 3 -1
230994 2 1
231026 9 -1
231034 1 -1
231034 0 1
231048 20 1
231080 17 -1
231153 0 -1
231177 22 1
231209 6 1
231225 1 1
231231 14 -1
231231 8 -1
231255 2 1
231263 3 1
231274 18 -1
231317 0 -1
231322 7 1
231378 1 1
231381 5 -1
231402 21 1
231403 25 -1
231435 19 -1
231505 3 1
231513 2 -1
231537 0 1
231596 4 1
231679 0 -1
231741 5 -1
231745 1 1
231746 2 1
231784 3 1
231893 0 -1
231919 17 -1
231939 4 -1
231939 1 -1
231975 2 -1
231983 0 -1
232058 3 -1
232058 6 -1
232092 1 -1
232112 7 1
232117 5 -1
232128 19 -1
232158 0 -1
232182 2 -1
232249 1 1
232273 20 -1
232289 4 1
232305 15 1
232348 24 -1
232442 1 1
232459 0 -1
232483 5 1
232499 10 1
232569 3 -1
232575 1 -1
232585 0 1
232649 28 -1
232649 12 1
232650 8 1
232650 9 1
232660 2 -1
232695 0 -1
232761 1 -1
232789 3 -1
232886 5 1
232891 2 1
232966 4 1
232988 3 1
233079 0 1
233080 18 1
233080 26 -1
233080 1 -1
233171 2 1
233188 0 -1
233208 29 -1
233224 1 -1
233273 17 1
233294 0 1
233305 19 1
233305 4 -1
233348 5 -1
233363 1 1
233402 0 -1
233423 6 -1
233442 7 -1
233509 3 1
233509 8 -1
233574 0 -1
233617 21 1
233627 23 1
233635 4 -1
233660 2 -1
233676 20 1
233688 1 1
233732 0 1
233735 3 -1
233840 0 -1
233871 1 -1
233896 2 1
233939 18 1
233966 4 -1
233993 6 1
233996 3 -1
234014 19 1
234035 1 -1
234047 25 1
234095 7 -1
234111 11 -1
234111 2 1
234130 0 -1
234213 5 1
234305 0 -1
234329 4 1
234369 16 -1
234412 24 1
234417 0 1
234455 3 1
234478 1 -1
234498 6 -1
234595 2 -1
234606 8 -1
234633 1 -1
234639 4 1
234692 5 -1
234692 0 1
234718 3 1
234776 1 1
234796 7 1
234799 21 1
234831 0 -1
234831 2 1
234917 22 1
234933 3 -1
234958 1 -1
234960 0 -1
234974 4 -1
235036 2 1
235135 1 1
235159 3 1
235164 5 1
235218 0 -1
235294 2 1
235315 27 1
235324 1 -1
235353 0 1
235401 8 -1
235474 0 -1
235484 1 -1
235487 3 1
235487 14 1
235487 24 1
235573 2 1
235637 0 -1
235643 6 1
235723 25 1
235727 4 -1
235729 0 -1
235745 9 -1
235793 2 -1
235814 1 -1
235831 3 1
235885 0 1
235977 1 -1
235998 2 -1
236022 0 -1
236030 4 -1
236046 5 -1
236089 3 1
236089 6 1
236159 1 -1
236175 18 1
236239 23 1
236247 0 -1
236261 15 1
236368 19 1
236368 4 -1
236401 10 1
236417 7 -1
236417 0 -1
236422 5 -1
236457 2 -1
236481 1 -1
236551 3 -1
236589 6 1
236605 0 1
236626 1 -1
236661 2 -1
236691 30 1
236767 1 -1
236809 5 -1
236855 0 1
236887 2 1
236911 3 1
236992 11 -1
237019 0 -1
237046 7 -1
237046 8 1
237078 28 1
237086 1 -1
237121 9 1
237129 0 -1
237142 4 1
237207 3 -1
237231 1 -1
237336 16 -1
237365 2 -1
237388 1 -1
237443 0 1
237449 4 1
237552 0 -1
237555 1 -1
237561 2 -1
237658 17 -1
237666 0 1
237690 19 -1
237691 5 1
237707 6 -1
237723 27 1
237739 4 1
237739 22 -1
237751 1 1
237787 20 -1
237793 2 1
237795 0 1
237852 3 1
237890 1 1
237959 0 1
237997 23 -1
238065 1 1
238072 0 -1
238091 3 1
238153 18 -1
238169 2 1
238179 5 -1
238196 0 -1
238255 22 -1
238303 24 -1
238319 3 -1
238335 2 -1
238346 21 -1
238367 20 -1
238411 15 1
238435 0 1
238448 1 1
238480 7 1
238497 8 1
238497 26 -1
238513 4 1
238531 2 -1
238561 23 -1
238587 1 1
238604 0 1
238631 5 1
238668 14 1
238701 6 -1
238738 1 1
238754 13 1
238755 25 -1
238763 0 -1
238787 16 1
238819 3 1
238819 10 -1
238830 2 -1
238835 17 1
238908 4 -1
238991 24 -1
239023 3 -1
239045 2 1
239077 1 -1
239152 18 1
239163 0 -1
239184 11 1
239206 12 1
239234 1 -1
239260 2 1
239265 3 -1
239270 29 -1
239278 4 1
239335 19 1
239335 0 -1
239378 9 -1
239399 23 -1
239403 1 -1
239416 17 1
239421 6 1
239464 20 1
239485 3 1
239485 0 1
239486 2 -1
239507 21 1
239620 5 -1
239641 4 -1
239692 3 -1
239700 18 1
239706 0 1
239754 1 1
239802 19 1
239802 7 -1
239829 8 -1
239874 0 1
239901 1 1
239947 3 -1
239953 2 -1
239996 4 1
240044 5 -1
240046 1 -1
240050 0 1
240087 21 1
240168 3 1
240173 22 1
240179 2 1
240246 1 1
240308 0 1
240356 6 1
240359 4 -1
240431 2 1
240439 1 -1
240496 5 1
240509 0 -1
240622 0 1
240629 1 1
240635 3 -1
240673 7 -1
240725 4 1
240778 1 1
240840 18 -1
240904 6 -1
240904 2 1
240915 19 -1
240923 0 1
240969 3 -1
241063 0 1
241084 1 -1
241108 20 -1
241141 25 -1
241141 2 -1
241186 0 1
241205 3 1
241205 24 -1
241233 1 -1
241345 2 -1
241377 5 -1
241415 4 -1
241442 6 1
241459 1 1
241463 26 -1
241490 0 1
241619 0 1
241678 27 -1
241705 7 -1
241732 0 -1
241743 3 -1
241753 16 1
241786 4 1
241810 1 -1
241818 20 -1
241845 2 1
241855 6 -1
241882 13 1
241882 10 1
241883 17 1
241920 5 1
241936 28 -1
241936 18 1
241971 1 -1
241979 12 1
241979 0 1
242065 15 1
242068 2 -1
242095 0 -1
242103 3 -1
242114 1 -1
242132 4 -1
242151 8 1
242151 9 -1
242218 0 -1
242323 6 -1
242323 0 1
242323 2 1
242339 5 1
242358 3 -1
242366 7 -1
242414 1 1
242459 0 1
242495 22 1
242559 18 1
242575 19 1
242576 0 1
242596 1 -1
242694 0 -1
242742 2 1
242753 6 1
242753 1 -1
242817 17 1
242823 3 1
242886 4 -1
242914 23 1
242922 1 -1
242957 2 -1
242976 0 1
243011 20 1
243011 3 1
243011 21 1
243011 7 1
243075 0 -1
243077 1 -1
243156 2 -1
243183 6 -1
243202 0 -1
243215 8 1
243241 1 -1
243247 5 1
243261 4 1
243263 3 1
243269 19 1
243434 1 1
243435 0 1
243527 16 -1
243546 0 -1
243555 4 -1
243583 2 1
243595 7 1
243607 3 1
243656 25 1
243677 5 1
243726 0 -1
243797 1 1
243820 2 -1
243838 3 1
243849 22 1
243914 10 1
243962 0 -1
243970 1 1
244043 23 1
244043 18 -1
244048 2 1
244064 8 1
244096 0 1
244129 3 -1
244161 5 1
244162 1 -1
244215 0 -1
244215 9 -1
244256 4 -1
244317 7 -1
244338 3 1
244344 6 -1
244354 0 1
244478 0 1
244522 1 1
244540 2 -1
244602 24 1
244607 0 1
244623 4 1
244676 1 1
244749 0 -1
244752 26 1
244774 6 1
244774 14 1
244774 2 1
244809 1 -1
244913 3 -1
244930 10 -1
244986 4 -1
245010 2 -1
245042 5 -1
245050 0 -1
245075 17 1
245135 1 -1
245161 9 -1
245166 0 1
245193 3 1
245246 6 1
245264 1 1
245316 0 -1
245353 4 1
245375 15 -1
245405 1 -1
245440 3 1
245451 5 -1
245483 2 -1
245494 19 1
245550 1 -1
245617 0 -1
245634 30 1
245676 27 1
245687 4 1
245687 7 1
245690 2 1
245752 1 1
245785 0 -1
245805 31 1
245891 24 1
245902 2 1
245934 8 -1
245936 0 1
245941 1 -1
245945 5 -1
246020 3 -1
246042 29 1
246042 4 -1
246092 1 -1
246131 2 -1
246198 0 1
246214 6 1
246268 13 -1
246289 3 -1
246346 0 -1
246346 2 -1
246397 16 -1
246407 5 1
246413 4 1
246429 12 -1
246450 11 -1
246463 1 -1
246475 0 -1
246493 21 -1
246493 7 1
246558 25 1
246569 3 1
246622 1 -1
246647 2 1
246663 0 1
246676 6 1
246751 5 -1
246751 8 -1
246784 23 -1
246784 10 -1
246794 18 -1
246797 0 1
246800 1 -1
246870 2 1
246902 0 -1
246961 20 -1
247023 3 -1
247023 0 -1
247033 4 1
247090 22 -1
247195 1 1
247235 5 1
247240 3 1
247267 21 -1
247267 0 1
247283 2 1
247291 4 -1
247332 6 1
247364 19 -1
247368 1 -1
247387 0 1
247439 18 -1
247444 20 -1
247471 3 -1
247509 2 -1
247525 24 -1
247525 0 1
247537 1 -1
247606 22 -1
247616 5 1
247694 4 -1
247700 3 -1
247713 2 -1
247756 0 -1
247783 15 1
247832 7 -1
247892 1 1
247912 14 1
247912 17 1
247923 0 1
247966 3 -1
248057 23 -1
248073 1 -1
248089 0 1
248127 9 -1
248138 22 -1
248162 2 -1
248192 24 -1
248213 27 -1
248235 25 -1
248255 1 1
248299 26 -1
248342 3 1
248363 19 1
248369 2 -1
248407 0 -1
248416 4 1
248428 20 1
248428 13 1
248471 5 -1
248482 11 1
248514 18 1
248525 16 1
248541 0 -1
248557 17 1
248565 1 1
248600 2 1
248605 3 1
248691 0 1
248718 8 1
248726 1 1
248783 5 1
248791 4 -1
248823 19 1
248852 6 1
248896 1 1
248901 21 1
248949 0 1
248952 20 1
249067 3 -1
249100 2 -1
249102 0 -1
249186 4 1
249213 5 -1
249266 0 -1
249270 1 1
249288 3 1
249299 19 1
249334 2 1
249363 20 1
249363 22 1
249417 15 -1
249417 21 1
249484 1 1
249492 23 1
249503 6 1
249546 9 1
249567 3 1
249573 0 -1
249589 2 1
249653 8 -1
249657 1 -1
249734 17 -1
249766 7 1
249777 0 1
249782 4 1
249804 14 -1
249831 2 -1
249879 10 -1
249911 16 -1
249935 0 -1
249997 18 -1
250029 3 -1
250056 2 1
250060 1 -1
250094 6 -1
250097 4 1
250142 5 -1
250204 0 1
250238 1 -1
250244 3 1
250277 21 1
250279 2 -1
250298 19 -1
250336 0 1
250403 1 -1
250419 4 1
250427 20 -1
250445 0 -1
250492 6 -1
250497 3 1
250519 2 1
250524 7 -1
250556 18 -1
250594 5 1
250715 1 -1
250758 4 -1
250766 19 -1
250793 24 -1
250794 0 -1
250814 25 -1
250863 1 1
250911 0 1
250932 5 -1
250932 2 -1
250965 3 -1
250975 20 -1
251008 6 -1
251029 8 -1
251042 1 -1
251056 4 -1
251068 0 1
251153 2 -1
251174 3 1
251209 7 1
251209 1 -1
251225 0 -1
251298 26 -1
251308 15 1
251330 21 -1
251376 2 1
251384 0 1
251399 1 1
251402 4 1
251486 6 -1
251491 3 -1
251523 16 1
251556 0 1
251588 1 -1
251674 12 1
251702 0 1
251717 9 -1
251733 17 1
251739 18 1
251763 1 1
251781 13 1
251789 4 -1
251803 8 -1
251824 28 -1
251830 2 -1
251878 19 1
251910 29 -1
251943 6 -1
251959 5 1
252002 3 -1
252039 0 1
252077 2 -1
252120 1 -1
252195 0 -1
252201 23 1
252276 3 1
252276 2 -1
252307 1 1
252316 0 -1
252351 5 1
252491 8 1
252495 1 -1
252504 3 -1
252527 4 -1
252555 22 1
252571 7 -1
252600 0 1
252695 2 -1
252727 21 1
252738 5 1
252765 20 1
252772 0 1
252807 1 -1
252856 11 -1
252878 0 -1
252882 4 1
252899 24 1
252937 2 -1
252945 3 1
252966 1 1
253028 14 -1
253039 6 1
253104 0 -1
253160 1 1
253163 3 -1
253179 2 1
253189 5 -1
253212 4 1
253233 17 -1
253265 7 1
253270 0 -1
253410 2 -1
253445 0 1
253458 3 1
253458 15 -1
253501 6 -1
253523 1 1
253571 0 1
253633 2 1
253636 5 1
253700 1 -1
253748 0 1
253813 9 -1
253840 2 1
253845 22 1
253861 4 1
253877 19 -1
253878 1 1
253885 0 -1
253936 3 -1
253992 0 1
254019 1 -1
254041 2 1
254049 6 1
254060 24 1
254060 18 -1
254125 5 -1
254135 7 1
254146 12 1
254192 4 1
254200 10 -1
254227 3 1
254237 0 1
254240 1 -1
254329 8 1
254384 0 -1
254426 1 1
254479 3 1
254506 2 1
254509 0 -1
254522 26 1
254579 4 -1
254611 1 -1
254619 5 -1
254651 25 1
254716 7 1
254737 2 -1
254748 30 1
254804 0 1
254917 1 -1
254966 2 1
254979 0 -1
255054 3 1
255067 1 -1
255081 8 1
255111 0 -1
255113 6 -1
255199 23 1
255208 1 1
255264 20 1
255285 3 1
255316 4 -1
255361 5 -1
255393 0 1
255439 2 1
255495 3 -1
255509 0 -1
255511 6 1
255538 7 1
255570 1 1
255586 4 1
255638 0 -1
255672 2 -1
255673 9 -1
255699 3 1
255760 1 -1
255772 0 -1
255812 25 1
255823 27 1
255834 5 1
255893 2 1
255898 0 -1
255912 3 -1
255921 1 -1
255984 6 1
255984 8 -1
256006 17 -1
256014 4 1
256014 0 -1
256038 28 1
256038 31 1
256124 21 -1
256124 18 -1
256135 16 -1
256156 3 -1
256167 13 -1
256183 0 -1
256199 10 -1
256220 5 1
256288 1 -1
256296 19 -1
256328 7 1
256341 2 1
256398 3 -1
256429 4 1
256473 1 1
256487 0 -1
256551 2 1
256554 11 -1
256554 15 -1
256618 0 -1
256638 1 1
256650 22 -1
256661 14 -1
256683 4 -1
256731 20 -1
256739 0 -1
256742 2 1
256747 18 -1
256824 1 -1
256825 3 1
256828 19 -1
256865 21 -1
256911 2 -1
256941 23 -1
256967 1 -1
256973 4 -1
256973 0 1
257070 3 1
257080 0 -1
257091 24 -1
257118 5 1
257150 2 1
257166 1 1
257211 0 -1
257287 3 1
257344 4 1
257349 2 1
257356 1 -1
257451 0 1
257457 23 -1
257505 5 1
257561 0 -1
257586 25 -1
257607 2 1
257629 12 1
257634 22 -1
257660 1 1
257678 0 -1
257693 24 -1
257715 16 1
257811 3 1
257811 1 1
257844 9 -1
257844 18 1
257852 7 -1
257913 5 1
257924 0 1
257929 6 -1
257973 1 1
257973 17 1
258005 26 -1
258053 4 1
258064 0 1
258107 3 -1
258112 2 -1
258158 0 -1
258263 20 1
258271 1 -1
258338 18 1
258349 2 1
258355 4 1
258359 19 1
258392 16 1
258445 3 -1
258446 14 1
258446 1 1
258449 0 1
258467 21 1
258505 17 1
258531 27 -1
258532 24 -1
258548 2 1
258572 0 1
258574 6 -1
258621 4 -1
258642 1 -1
258660 5 -1
258698 20 1
258714 0 1
258746 19 1
258746 25 -1
258875 13 -1
258875 22 1
258876 18 1
258932 1 1
258940 3 1
258940 0 -1
258961 2 -1
258972 21 1
259004 10 -1
259036 6 -1
259055 0 1
259097 1 1
259117 7 -1
259122 5 1
259160 0 -1
259163 2 -1
259171 3 -1
259176 11 -1
259182 20 1
259187 8 -1
259274 1 -1
259284 9 -1
259319 4 -1
259359 2 1
259434 21 1
259445 6 1
259472 1 1
259480 0 1
259488 22 1
259515 3 -1
259585 5 -1
259655 0 1
259657 1 -1
259689 4 1
259714 19 -1
259714 23 1
259714 17 -1
259757 3 -1
259802 1 -1
259810 7 1
259821 15 -1
259845 0 -1
259853 2 -1
259864 18 -1
259918 6 1
259939 3 -1
259939 16 -1
259946 0 1
259961 8 -1
260016 1 -1
260036 5 1
260036 12 -1
260047 0 -1
260052 4 -1
260082 2 1
260211 0 1
260262 2 -1
260283 3 -1
260313 0 -1
260393 1 -1
260490 2 1
260514 5 -1
260528 3 -1
260560 1 -1
260608 0 -1
260702 6 -1
260703 2 1
260729 20 -1
260747 0 -1
260766 1 -1
260770 4 -1
260794 7 1
260850 0 1
260874 19 -1
260912 2 -1
260977 3 1
260993 5 1
261004 26 -1
261100 6 1
261103 0 1
261120 1 1
261132 14 1
261140 4 1
261143 2 1
261259 0 -1
261283 28 -1
261326 3 1
261328 1 1
261393 0 -1
261407 16 1
261433 5 -1
261439 4 1
261476 18 1
261515 1 -1
261589 3 1
261608 2 1
261650 0 -1
261670 9 1
261717 4 -1
261729 17 1
261777 19 1
261783 0 -1
261815 2 1
261834 1 -1
261858 20 1
261933 0 1
261987 4 1
261991 1 -1
261992 21 1
262014 8 -1
262014 18 1
262046 2 -1
262081 0 -1
262154 6 -1
262160 1 -1
262170 5 1
262250 0 -1
262326 1 -1
262342 3 1
262358 19 1
262358 23 1
262358 25 1
262374 4 -1
262390 20 1
262401 0 1
262487 1 -1
262511 0 -1
262530 15 -1
262530 2 -1
262535 6 1
262551 5 -1
262565 3 -1
262584 7 -1
262666 1 1
262745 4 1
262745 22 1
262769 0 -1
262777 3 -1
262777 2 -1
262835 1 1
262917 21 1
262927 0 1
262992 5 1
263008 2 1
263046 0 1
263169 3 -1
263172 7 -1
263185 6 -1
263204 1 -1
263218 24 1
263325 17 -1
263378 1 1
263384 3 -1
263390 0 1
263433 18 -1
263454 9 -1
263462 4 1
263492 2 -1
263518 11 1
263529 0 1
263535 1 1
263551 10 -1
263610 3 1
263645 0 1
263648 23 1
263718 2 1
263793 4 1
263841 16 1
263869 1 -1
263881 7 1
263892 0 -1
263905 20 -1
263916 5 1
263948 3 1
263949 2 -1
263959 8 1
263970 25 1
264016 1 -1
264034 27 1
264035 0 1
264099 26 1
264131 4 -1
264131 2 1
264160 1 1
264163 12 -1
264164 0 1
264188 3 1
264239 6 1
264292 19 1
264303 0 1
264368 2 -1
264416 5 1
264459 3 1
264470 0 1
264563 1 -1
264572 24 1
264580 0 -1
264615 29 1
264636 8 -1
264642 2 -1
264706 3 1
264720 0 1
264722 6 1
264732 1 -1
264768 4 -1
264798 5 1
264846 2 -1
264897 1 -1
264945 7 -1
264967 0 -1
265058 1 -1
265074 4 -1
265134 0 -1
265152 3 1
265152 6 -1
265153 9 1
265195 25 1
265201 1 -1
265246 0 1
265273 2 1
265342 1 1
265400 3 1
265405 4 -1
265480 0 -1
265486 26 1
265514 1 1
265545 2 1
265550 8 1
265582 17 -1
265609 0 1
265655 7 1
265711 15 -1
265736 0 1
265744 2 1
265754 3 1
265792 13 -1
265819 5 -1
265852 1 -1
265905 22 -1
266001 19 -1
266012 31 1
266018 0 -1
266020 1 -1
266066 16 -1
266120 6 1
266141 0 -1
266163 23 -1
266179 4 1
266184 2 -1
266231 1 -1
266249 21 -1
266265 3 1
266270 18 -1
266272 0 -1
266292 20 -1
266399 24 -1
266399 0 -1
266437 2 1
266448 5 -1
266488 3 1
266512 0 1
266550 19 -1
266614 2 -1
266630 1 -1
266638 4 -1
266638 0 1
266646 22 -1
266743 7 1
266754 5 1
266759 20 -1
266786 0 -1
266800 3 -1
266808 1 1
266840 23 -1
266945 4 -1
266949 1 -1
267045 0 -1
267060 2 -1
267138 22 -1
267176 0 -1
267227 10 1
267259 11 1
267278 0 1
267281 2 -1
267324 21 -1
267326 1 -1
267340 23 -1
267345 3 1
267345 18 1
267377 6 1
267388 8 -1
267469 1 1
267474 12 1
267495 14 1
267512 2 1
267517 26 -1
267547 0 1
267573 3 -1
267614 19 1
267614 17 1
267662 1 -1
267670 4 -1
267673 5 1
267710 24 -1
267716 0 1
267759 2 1
267775 20 1
267818 30 -1
267827 1 1
267853 3 1
267861 6 1
267885 0 1
267904 25 -1
267908 7 1
267947 18 1
267963 2 1
267976 4 -1
268017 1 -1
268057 5 1
268138 0 1
268158 1 1
268165 2 1
268173 8 -1
268194 13 1
268194 22 1
268226 17 1
268248 0 -1
268302 3 -1
268323 6 1
268337 1 -1
268355 10 -1
268366 2 1
268377 21 1
268400 0 1
268409 5 -1
268420 4 -1
268500 19 1
268506 0 -1
268554 3 -1
268594 0 -1
268678 16 -1
268686 20 1
268710 23 1
268748 0 1
268762 1 1
268796 6 -1
268801 3 -1
268828 2 1
268850 21 1
268877 0 1
268903 22 1
268920 1 -1
269043 12 -1
269049 7 -1
269059 2 -1
269065 9 -1
269095 1 1
269108 15 -1
269129 8 1
269132 0 1
269194 29 1
269234 4 -1
269237 6 -1
269280 5 1
269282 0 -1
269304 2 1
269336 3 -1
269415 0 -1
269419 17 -1
269438 1 -1
269473 18 -1
269500 19 -1
269508 4 1
269581 3 -1
269583 1 1
269624 14 -1
269653 7 -1
269656 5 1
269667 0 -1
269688 6 1
269709 27 -1
269710 16 -1
269722 1 1
269742 20 -1
269785 2 1
269790 3 1
269798 0 -1
269871 4 -1
269911 0 1
269967 19 -1
270011 18 -1
270027 2 -1
270043 5 1
270048 1 1
270158 0 1
270236 1 -1
270242 20 -1
270258 2 1
270268 3 -1
270290 22 -1
270311 28 -1
270312 24 -1
270312 0 -1
270354 25 -1
270387 26 -1
270419 1 1
270447 0 -1
270489 3 1
270568 4 1
270578 0 -1
270645 17 1
270677 21 -1
270698 2 -1
270699 8 1
270709 3 -1
270727 0 1
270763 5 -1
270792 1 -1
270838 13 1
270852 0 1
270919 4 1
270921 2 1
270935 15 1
270935 9 1
270971 1 1
270999 7 -1
271021 6 1
271024 0 1
271128 18 1
271136 1 1
271144 16 1
271166 2 -1
271204 5 1
271228 3 -1
271268 0 1
271306 17 1
271322 4 1
271413 0 1
271415 1 1
271472 3 -1
271483 19 1
271499 6 1
271515 5 -1
271556 0 -1
271574 1 1
271612 18 1
271650 2 -1
271773 27 -1
271781 20 1
271783 1 1
271788 0 1
271795 3 1
271843 2 -1
271881 21 1
271900 0 -1
271918 19 1
272002 2 1
272031 0 -1
272053 6 1
272080 3 -1
272120 4 -1
272139 24 1
272140 1 -1
272176 23 1
272270 0 1
272289 14 -1
272291 1 -1
272305 20 1
272321 5 -1
272327 3 -1
272386 25 1
272440 0 1
272467 1 -1
272491 7 1
272493 2 -1
272547 21 1
272552 3 1
272555 4 -1
272579 17 -1
272612 0 1
272633 15 -1
272644 22 1
272676 26 1
272690 2 -1
272738 0 1
272741 18 -1
272757 3 -1
272784 5 1
272805 9 -1
272817 1 -1
272840 0 -1
272902 8 1
272937 2 -1
272942 4 1
272966 10 1
272996 0 1
273003 1 1
273031 19 -1
273095 23 1
273095 0 -1
273204 1 -1
273246 3 1
273264 4 1
273289 5 1
273332 6 -1
273337 7 1
273369 0 1
273383 2 1
273385 11 1
273398 1 1
273482 0 1
273498 3 1
273551 1 1
273600 0 -1
273611 4 -1
273617 2 -1
273686 5 1
273708 1 1
273756 3 1
273805 2 1
273837 20 -1
273837 8 -1
273853 1 -1
273869 6 1
273885 0 1
273950 4 1
273966 24 1
273966 17 1
274014 0 1
274030 18 1
274138 0 1
274163 1 -1
274186 5 1
274224 3 -1
274245 2 -1
274267 28 1
274313 1 1
274353 6 1
274361 4 1
274401 0 1
274417 7 1
274444 3 1
274462 1 1
274509 2 -1
274533 0 1
274557 5 -1
274651 0 1
274656 3 -1
274734 2 1
274740 29 1
274804 25 1
274853 1 1
274901 0 -1
274928 2 1
274955 27 1
274955 5 -1
274955 9 1
275019 8 -1
275028 1 -1
275054 4 -1
275062 10 -1
275085 0 1
275127 16 -1
275148 3 1
275170 2 -1
275191 1 -1
275207 0 1
275299 30 1
275385 24 1
275385 18 -1
275390 2 1
275393 4 -1
275422 0 1
275460 6 1
275476 3 1
275540 1 1
275557 0 1
275600 2 1
275679 1 -1
275680 3 -1
275699 4 -1
275721 0 1
275750 12 -1
275804 19 -1
275820 1 1
275836 23 -1
275868 22 -1
275879 3 1
275922 5 1
275954 6 1
275954 0 -1
275975 1 1
276030 9 -1
276067 2 1
276086 3 1
276086 0 -1
276130 1 1
276159 16 -1
276196 0 1
276255 7 -1
276271 2 1
276287 19 -1
276316 1 -1
276331 21 -1
276344 4 1
276352 26 -1
276373 5 -1
276400 22 -1
276427 3 1
276435 0 -1
276481 20 -1
276481 2 1
276513 1 1
276559 0 -1
276562 25 -1
276588 24 -1
276598 4 -1
276696 3 1
276739 0 -1
276782 11 1
276803 21 -1
276836 17 1
276838 1 1
276846 5 1
276889 0 1
276890 2 1
276900 23 -1
276976 18 1
276993 1 1
276997 6 -1
277008 0 1
277013 13 1
277037 4 -1
277115 0 -1
277150 2 1
277190 14 1
277191 15 1
277198 1 -1
277244 3 -1
277271 0 1
277276 28 -1
277287 19 1
277319 16 1
277378 2 -1
277384 25 -1
277400 17 1
277416 7 -1
277448 18 1
277497 20 1
277510 0 1
277550 3 -1
277606 1 -1
277615 0 -1
277678 4 1
277706 19 1
277765 0 1
277771 6 -1
277771 10 -1
277771 26 -1
277781 3 1
277782 5 1
277803 1 1
277835 2 1
277846 18 1
277878 21 1
277916 20 1
277988 0 1
277992 1 -1
278004 4 1
278029 22 1
278031 2 1
278050 8 -1
278093 19 1
278150 0 1
278158 23 1
278222 5 -1
278228 2 1
278276 6 -1
278287 0 1
278305 1 -1
278308 3 -1
278319 20 1
278359 4 -1
278437 12 -1
278462 1 -1
278469 2 -1
278480 17 -1
278496 7 1
278561 22 1
278612 0 -1
278643 1 1
278652 9 1
278663 3 -1
278674 5 -1
278690 2 1
278698 4 -1
278749 0 -1
278824 15 -1
278824 21 1
278824 24 1
278829 1 -1
278867 6 1
278899 2 1
278910 0 -1
278958 3 1
278996 1 1
279012 4 -1
279042 0 -1
279044 19 -1
279122 2 -1
279168 14 -1
279190 1 -1
279195 0 1
279270 20 -1
279276 18 -1
279286 16 -1
279318 13 -1
279326 4 -1
279329 0 -1
279379 1 1
279423 19 -1
279480 0 1
279490 2 1
279555 3 1
279614 5 1
279689 20 -1
279722 2 -1
279758 1 1
279765 3 -1
279770 4 1
279770 22 -1
279770 23 -1
279783 0 1
279856 21 -1
279899 18 -1
279902 0 -1
279923 1 1
279963 6 1
279990 2 -1
280028 11 1
280033 0 -1
280084 1 1
280116 3 1
280125 20 -1
280189 17 1
280221 5 -1
280232 8 -1
280297 9 1
280307 15 1
280321 0 1
280366 3 1
280407 1 -1
280415 21 -1
280442 2 1
280495 4 -1
280496 0 1
280528 7 1
280554 3 1
280578 1 -1
280604 0 -1
280608 26 -1
280673 16 1
280678 5 1
280737 19 1
280748 2 -1
280759 27 -1
280759 18 1
280770 1 1
280786 17 1
280791 3 1
280802 14 1
280846 4 1
280877 6 -1
280888 12 1
280893 0 1
280950 2 -1
281023 0 1
281060 28 -1
281070 3 -1
281128 1 -1
281140 19 1
281146 0 1
281167 5 -1
281256 0 -1
281279 1 -1
281302 2 1
281306 4 1
281385 0 -1
281404 24 1
281430 6 1
281443 1 -1
281471 2 -1
281487 7 -1
281514 0 -1
281559 20 1
281568 1 1
281576 19 1
281576 8 1
281619 3 1
281624 5 1
281643 0 -1
281697 2 1
281731 1 1
281834 3 -1
281834 13 -1
281834 6 -1
281864 1 -1
281898 2 1
281898 17 -1
281903 0 -1
281962 15 -1
281995 22 1
281995 16 -1
282011 4 1
282024 0 -1
282059 1 1
282118 3 1
282124 25 1
282134 5 1
282137 0 -1
282140 2 -1
282188 7 1
282220 21 1
282263 24 1
282285 9 1
282317 23 1
282350 18 -1
282366 4 -1
282376 0 -1
282392 2 1
282408 1 -1
282516 0 -1
282527 3 -1
282554 5 1
282599 1 1
282618 2 -1
282626 0 -1
282676 4 -1
282704 20 -1
282720 3 1
282746 1 1
282769 6 -1
282906 0 1
282954 3 1
282978 7 1
283017 0 -1
283027 2 -1
283123 1 1
283161 0 1
283215 6 1
283231 9 1
283247 2 1
283278 1 1
283293 0 1
283360 8 1
283381 4 1
283414 16 1
283419 3 -1
283446 0 -1
283458 1 -1
283467 30 1
283478 25 1
283502 2 1
283516 5 -1
283553 18 1
283575 0 -1
283575 10 -1
283618 6 -1
283639 3 1
283672 7 1
283675 4 1
283725 0 1
283803 1 1
283868 3 -1
283886 5 1
283908 2 1
283913 19 1
283950 4 -1
283970 1 1
284045 0 -1
284115 2 1
284155 27 1
284155 22 1
284156 23 1
284163 1 -1
284225 0 -1
284268 4 -1
284333 3 1
284338 5 -1
284338 2 -1
284349 24 1
284367 1 -1
284378 0 1
284510 25 1
284521 15 -1
284537 3 -1
284550 4 -1
284564 9 -1
284570 1 -1
284607 26 1
284623 7 1
284634 0 -1
284639 17 -1
284671 28 1
284736 29 1
284744 2 -1
284756 1 1
284757 18 -1
284768 6 -1
284779 0 1
284800 3 -1
284811 8 -1
284873 4 -1
284883 0 -1
284906 1 1
284948 2 -1
285010 16 -1
285015 31 1
285074 20 -1
285122 19 -1
285147 0 -1
285155 2 -1
285163 4 -1
285195 1 -1
285219 17 -1
285252 21 -1
285254 0 1
285262 3 1
285273 6 1
285284 18 -1
285389 0 1
285397 1 1
285421 2 -1
285445 15 -1
285507 0 1
285509 22 -1
285525 19 -1
285536 1 1
285585 3 1
285622 23 -1
285628 0 -1
285628 2 -1
285703 21 -1
285724 18 -1
285735 0 1
285810 24 -1
285812 2 -1
285874 1 -1
285875 0 -1
285929 3 1
285945 4 1
285945 22 -1
285961 20 -1
285990 2 1
286052 1 1
286079 21 -1
286119 0 1
286122 25 -1
286133 14 1
286191 4 -1
286197 5 1
286219 27 -1
286219 1 1
286240 12 1
286263 0 -1
286305 11 1
286316 16 1
286324 7 -1
286326 24 -1
286332 22 -1
286342 2 1
286348 17 1
286372 0 1
286412 6 1
286477 23 -1
286477 26 -1
286482 3 -1
286520 8 -1
286557 4 1
286586 1 -1
286595 2 1
286606 10 1
286608 0 1
286649 5 -1
286670 18 1
286692 15 1
286716 0 -1
286735 1 1
286740 3 -1
286815 19 1
286815 17 1
286823 2 -1
286864 20 1
286869 0 1
286880 16 1
286896 25 -1
286932 1 1
286993 21 1
287009 13 1
287014 18 1
287025 3 1
287036 5 -1
287073 1 -1
287122 4 -1
287122 0 1
287154 19 1
287164 14 1
287208 2 1
287232 0 -1
287242 1 1
287250 20 1
287251 17 1
287315 22 1
287361 0 -1
287385 2 -1
287400 1 1
287422 12 -1
287428 4 -1
287428 6 -1
287455 21 1
287468 0 1
287476 19 1
287530 3 1
287557 1 1
287584 2 -1
287600 0 1
287725 0 1
287734 23 1
287769 3 1
287799 4 1
287820 21 1
287831 5 -1
287831 22 1
287895 0 1
287911 20 1
287924 1 1
287987 3 -1
288046 6 1
288089 2 1
288125 1 -1
288218 3 -1
288250 0 1
288282 19 -1
288282 5 1
288293 18 -1
288294 1 -1
288333 2 -1
288347 17 -1
288393 0 1
288411 7 -1
288476 3 -1
288520 4 -1
288535 2 -1
288536 0 1
288637 8 -1
288657 1 1
288680 18 -1
288685 16 -1
288696 2 1
288707 3 -1
288710 19 -1
288755 9 1
288766 0 -1
288806 20 -1
288820 5 1
288822 4 -1
288847 17 -1
288859 1 1
288863 13 -1
288879 2 -1
288884 11 1
288884 14 -1
288884 0 1
288927 10 1
288932 3 1
289004 1 -1
289011 0 1
289056 19 -1
289075 2 -1
289099 18 -1
289121 23 -1
289125 4 -1
289185 20 -1
289228 0 1
289250 5 1
289282 2 -1
289314 28 -1
289325 6 -1
289325 21 -1
289354 0 1
289355 1 1
289379 26 -1
289477 0 1
289486 24 -1
289502 3 1
289504 1 1
289540 19 -1
289564 4 -1
289584 0 -1
289588 20 -1
289637 22 -1
289637 25 -1
289658 15 1
289665 1 1
289696 5 -1
289701 27 -1
289728 2 -1
289733 3 1
289735 0 1
289830 12 1
289834 4 1
289854 1 -1
289862 7 1
289878 6 1
289892 0 -1
289894 29 -1
289916 21 -1
289954 2 1
289970 3 1
290023 16 1
290030 1 1
290032 0 -1
290128 4 1
290131 5 -1
290150 2 1
290165 1 -1
290195 8 1
290287 0 -1
290318 1 -1
290418 0 -1
290422 4 1
290480 5 -1
290496 18 1
290507 20 1
290507 17 1
290534 3 -1
290545 0 -1
290615 2 1
290674 1 1
290701 7 -1
290717 19 1
290749 3 1
290824 0 1
290862 1 -1
290875 2 1
290934 20 1
290953 0 1
290991 3 1
291023 22 1
291047 4 1
291055 6 -1
291055 21 1
291077 15 -1
291084 1 -1
291109 2 -1
291120 0 1
291206 24 1
291276 5 1
291313 16 -1
291346 8 1
291356 0 -1
291394 4 -1
291442 1 1
291507 9 1
291518 0 1
291539 20 1
291539 13 -1
291552 3 -1
291571 18 -1
291614 1 -1
291625 6 1
291636 2 1
291649 0 1
291700 23 1
291700 25 1
291716 17 -1
291727 5 -1
291732 19 -1
291759 3 -1
291765 4 1
291817 1 -1
291856 2 -1
291880 0 1
291958 3 1
292025 0 1
292087 2 1
292109 11 -1
292130 0 -1
292152 24 1
292157 3 -1
292176 1 1
292178 5 1
292184 7 1
292291 2 1
292324 6 1
292324 18 -1
292365 1 -1
292385 0 -1
292404 3 -1
292458 4 -1
292525 1 -1
292536 0 1
292539 2 -1
292603 19 -1
292643 0 -1
292662 3 -1
292668 22 1
292743 2 -1
292754 9 1
292813 4 1
292893 7 -1
292931 0 1
292934 1 1
292942 17 1
292950 3 1
292969 2 1
292979 5 1
293057 0 1
293098 15 1
293111 1 -1
293131 4 1
293183 27 1
293184 28 1
293208 0 -1
293250 1 1
293312 24 1
293345 23 1
293393 7 1
293398 6 -1
293399 8 1
293404 2 -1
293447 0 1
293455 3 1
293484 5 1
293595 1 -1
293616 0 1
293624 2 1
293635 26 1
293702 3 1
293746 0 1
293808 1 -1
293812 4 -1
293828 10 -1
293863 2 -1
293893 5 1
293904 0 -1
293917 3 -1
293951 1 1
293957 6 -1
294022 25 1
294057 0 1
294086 14 -1
294102 4 -1
294180 0 -1
294280 29 1
294280 16 -1
294301 31 1
294323 2 -1
294324 0 1
294328 1 1
294441 18 -1
294443 4 1
294452 3 1
294492 1 1
294511 2 -1
294538 13 -1
294584 0 1
294610 1 1
294645 27 1
294667 21 -1
294683 2 1
294694 3 1
294699 19 -1
294703 4 -1
294710 0 1
294739 17 -1
294771 20 -1
294796 18 -1
294817 0 -1
294828 23 -1
294860 24 -1
294962 3 1
294989 16 -1
295000 5 1
295042 1 1
295054 19 -1
295054 21 -1
295060 0 1
295075 6 -1
295086 22 -1
295126 20 -1
295129 2 1
295177 1 -1
295185 0 1
295187 4 -1
295269 18 -1
295301 0 -1
295364 1 -1
295387 21 -1
295408 26 -1
295435 2 -1
295441 24 -1
295449 22 -1
295462 12 1
295473 3 1
295521 25 -1
295535 1 -1
295537 19 -1
295537 20 -1
295548 8 1
295594 0 -1
295634 14 1
295662 4 1
295666 2 -1
295677 30 -1
295682 23 -1
295683 17 1
295688 0 -1
295704 5 -1
295711 1 1
295720 15 1
295723 3 1
295795 10 -1
295844 7 1
295870 0 1
295896 1 -1
295897 2 1
295908 22 -1
295924 16 1
295940 3 -1
295946 24 -1
295981 4 1
296032 18 1
296040 0 1
296053 13 1
296053 1 -1
296102 17 1
296118 5 -1
296134 2 -1
296142 3 1
296147 0 -1
296270 0 -1
296300 2 1
296311 25 -1
296343 15 1
296344 23 -1
296344 18 1
296386 3 1
296388 0 -1
296432 1 -1
296472 6 -1
296478 2 -1
296504 19 1
296601 1 -1
296607 5 -1
296623 14 1
296650 20 1
296655 21 1
296655 18 1
296660 0 1
296687 3 -1
296771 1 1
296779 19 1
296787 0 1
296840 2 1
296879 4 -1
296908 6 1
296918 0 1
296924 20 1
296929 3 -1
296951 5 1
296977 21 1
297042 2 1
297125 1 -1
297158 7 1
297182 19 1
297203 0 -1
297206 4 -1
297278 20 1
297279 2 -1
297307 1 1
297311 26 1
297332 21 1
297343 22 1
297383 0 -1
297391 3 1
297397 11 -1
297407 5 -1
297440 12 -1
297440 17 -1
297456 23 1
297472 16 -1
297472 8 -1
297496 1 -1
297504 6 -1
297504 18 -1
297552 4 1
297569 0 1
297579 9 1
297603 3 -1
297633 15 -1
297740 27 1
297751 2 -1
297778 10 -1
297805 5 -1
297826 13 -1
297840 3 -1
297855 1 -1
297861 0 1
297867 7 -1
297875 17 -1
297907 19 -1
297937 2 -1
297989 0 1
298018 1 -1
298052 16 -1
298098 0 -1
298160 2 1
298185 1 -1
298221 19 -1
298224 0 -1
298224 18 -1
298238 4 1
298256 21 -1
298270 3 1
298353 0 -1
298395 1 -1
298407 22 -1
298439 20 -1
298439 17 -1
298485 0 -1
298544 19 -1
298560 1 -1
298568 3 -1
298579 2 1
298590 5 -1
298622 0 1
298729 4 -1
298730 6 -1
298733 1 1
298740 21 -1
298788 2 1
298794 20 -1
298826 3 -1
298840 0 1
298891 1 1
298990 0 -1
299014 2 -1
299036 7 -1
299073 5 1
299116 18 1
299132 0 1
299140 4 -1
299181 22 -1
299192 6 -1
299202 28 -1
299217 1 1
299224 21 -1
299261 16 1
299331 24 -1
299342 3 -1
299350 0 -1
299390 1 1
299407 17 1
299423 19 1
299441 2 1
299484 0 -1
299503 12 1
299503 26 -1
299546 9 -1
299548 1 1
299568 5 1
299584 3 -1
299589 18 1
299635 2 1
299643 0 1
299729 20 1
299769 4 -1
299804 3 1
299804 14 1
299858 6 -1
299860 1 1
299885 2 -1
299896 0 1
299971 7 1
299971 17 1
300033 3 -1
300049 0 -1
300061 1 -1
300084 4 -1
300164 20 1
300178 0 -1
300196 19 1
300223 5 1
300231 1 -1
300277 3 -1
300309 2 1
300324 0 1
300342 21 1
300398 4 -1
300476 0 -1
300495 3 1
300500 2 1
300503 23 1
300514 15 -1
300535 6 -1
300535 16 -1
300551 22 1
300585 1 1
300599 20 1
300610 5 1
300643 0 -1
300664 13 -1
300718 3 -1
300739 2 -1
300765 4 1
300773 1 -1
300793 11 -1
300801 0 1
300836 8 -1
300857 24 1
300858 25 1
300866 7 -1
300924 1 -1
301019 0 -1
301019 18 -1
301046 5 1
301071 4 1
301095 1 -1
301148 17 -1
301191 2 1
301196 0 -1
301223 3 -1
301244 19 -1
301311 1 -1
301330 9 -1
301373 23 1
301381 0 -1
301422 2 -1
301430 4 -1
301443 3 1
301496 1 1
301599 7 1
301648 2 1
301674 0 -1
301690 1 -1
301701 3 1
301707 6 -1
301760 4 -1
301825 24 1
301825 8 -1
301832 0 1
301868 18 -1
301889 16 1
301943 5 1
301978 0 -1
302018 20 -1
302063 1 -1
302067 2 -1
302083 22 1
302093 6 1
302228 1 -1
302233 0 -1
302244 25 1
302260 3 -1
302276 2 -1
302325 5 1
302381 0 1
302405 26 1
302417 1 1
302470 30 1
302486 3 1
302491 2 -1
302502 19 1
302534 17 1
302540 0 -1
302550 4 -1
302666 0 -1
302698 2 1
302728 3 1
302766 1 -1
302775 0 1
302792 5 -1
302857 6 -1
302857 18 1
302904 0 1
302910 2 1
302921 4 1
302937 1 -1
303010 0 -1
303018 23 1
303107 1 1
303136 2 -1
303147 25 1
303158 28 1
303158 31 1
303195 3 -1
303244 8 -1
303254 5 1
303265 0 -1
303280 4 -1
303308 12 -1
303351 14 -1
303365 2 1
303372 27 1
303394 15 -1
303437 0 -1
303441 1 -1
303450 3 -1
303469 7 -1
303566 29 1
303566 26 1
303582 16 -1
303587 11 1
303593 0 1
303618 1 1
303679 10 -1
303716 3 -1
303722 5 -1
303781 9 1
303800 1 1
303829 2 1
303845 21 -1
303851 6 -1
303895 0 1
303953 20 -1
303953 4 1
303969 22 -1
303991 3 1
304015 0 1
304031 2 1
304130 0 -1
304147 17 -1
304162 19 -1
304168 15 -1
304190 18 -1
304195 1 1
304205 3 -1
304211 16 -1
304265 2 -1
304275 14 -1
304276 21 -1
304297 24 -1
304308 23 -1
304364 1 1
304386 0 -1
304404 22 -1
304431 3 1
304485 19 -1
304517 0 -1
304568 1 1
304576 5 1
304598 18 -1
304609 21 -1
304638 20 -1
304670 0 1
304711 23 -1
304730 2 -1
304791 3 1
304824 24 -1
304837 0 1
304880 4 1
304888 1 1
304966 0 1
304966 2 1
304985 19 -1
304985 12 1
305043 1 1
305082 23 -1
305083 0 1
305098 13 1
305098 22 -1
305098 17 1
305114 20 -1
305146 26 -1
305167 2 1
305198 4 1
305208 0 1
305235 1 -1
305243 15 1
305264 6 1
305275 25 -1
305307 24 -1
305312 5 -1
305366 3 -1
305372 18 1
305393 27 -1
305436 7 1
305452 17 1
305479 28 -1
305495 0 1
305553 1 -1
305560 2 1
305570 3 1
305587 9 1
305630 23 -1
305635 0 1
305657 18 1
305678 16 1
305737 11 1
305753 1 1
305759 0 1
305791 3 -1
305796 2 -1
305799 20 1
305823 6 -1
305823 21 1
305863 19 1
305890 1 1
305896 4 -1
305931 18 1
305974 0 1
305984 2 -1
306104 0 1
306113 19 1
306113 22 1
306148 2 1
306172 21 1
306178 4 -1
306221 5 -1
306231 0 1
306254 1 -1
306258 3 1
306339 20 1
306339 2 1
306382 15 -1
306436 1 1
306468 19 1
306479 21 1
306495 0 1
306516 3 1
306548 22 1
306570 2 -1
306601 4 -1
306614 0 1
306621 1 -1
306683 18 -1
306694 10 -1
306710 20 1
306710 5 1
306723 0 -1
306726 17 -1
306731 3 -1
306742 13 -1
306742 16 -1
306769 12 -1
306801 2 1
306827 1 -1
306836 0 1
306844 8 -1
306855 30 1
306941 14 -1
306962 0 1
306968 7 -1
306984 4 1
306994 1 -1
307086 5 1
307094 0 1
307145 18 -1
307161 17 -1
307173 1 1
307188 3 1
307228 2 -1
307239 0 -1
307242 15 -1
307258 19 -1
307263 6 -1
307306 16 -1
307359 1 -1
307391 4 1
307416 3 1
307419 2 -1
307457 0 -1
307548 20 -1
307562 0 1
307572 19 -1
307591 2 1
307612 3 -1
307669 0 -1
307677 4 1
307677 1 -1
307693 17 -1
307758 25 -1
307801 21 -1
307806 3 1
307838 1 -1
307895 19 -1
307920 0 -1
307973 2 1
307973 18 -1
308034 1 1
308048 5 -1
308060 0 -1
308096 4 1
308171 0 1
308177 2 1
308209 3 1
308257 20 -1
308263 21 -1
308274 23 -1
308290 22 -1
308376 1 -1
308424 5 -1
308432 0 1
308438 2 1
308448 3 1
308478 6 -1
308532 0 -1
308548 13 1
308576 1 1
308585 8 1
308596 29 -1
308617 14 1
308618 9 -1
308642 0 -1
308644 3 -1
308725 19 1
308746 24 -1
308768 15 1
308789 1 1
308832 27 -1
308876 18 1
308878 2 -1
308886 5 1
308926 4 -1
308940 0 -1
308961 21 -1
309004 11 1
309069 6 1
309072 0 -1
309090 3 1
309109 2 1
309112 10 -1
309120 7 1
309130 1 -1
309176 12 1
309209 0 -1
309225 20 1
309319 3 -1
309319 2 1
309319 1 1
309346 4 -1
309348 18 1
309402 17 1
309483 1 1
309512 2 1
309542 0 -1
309563 3 -1
309612 19 1
309620 1 -1
309676 20 1
309695 0 1
309733 2 1
309757 22 1
309762 5 -1
309781 1 -1
309785 4 1
309821 25 1
309821 8 1
309864 6 1
309864 0 1
309962 1 1
309974 2 -1
309982 23 1
310007 3 -1
310015 21 1
310081 0 1
310111 7 -1
310128 5 1
310140 1 -1
310176 20 1
310192 2 1
310219 0 1
310273 16 -1
310294 24 1
310299 3 1
310324 0 -1
310410 4 1
310434 6 -1
310466 26 1
310490 1 1
310552 5 -1
310584 0 -1
310617 8 1
310633 3 1
310641 2 -1
310684 1 -1
310716 0 -1
310724 4 1
310724 22 1
310756 19 -1
310789 7 1
310818 0 1
310853 6 1
310865 1 1
310869 2 1
310939 0 1
311014 23 1
311030 4 1
311052 5 1
311060 3 1
311068 21 1
311068 0 1
311154 2 1
311176 25 1
311197 24 1
311208 0 1
311240 1 -1
311350 0 -1
311353 3 -1
311369 17 1
311390 5 -1
311440 1 -1
311573 3 1
311591 0 1
311591 1 1
311595 2 -1
311627 8 1
311702 5 1
311724 0 1
311740 4 -1
311810 2 -1
311853 3 1
311874 0 -1
311990 1 -1
311992 6 -1
312014 31 1
312057 18 1
312086 4 1
312089 2 -1
312111 3 1
312111 26 1
312121 24 1
312143 1 -1
312167 0 -1
312175 5 -1
312175 25 1
312296 0 -1
312336 3 -1
312358 14 1
312365 1 -1
312369 19 1
312401 6 1
312406 0 1
312500 2 1
312518 4 1
312530 1 -1
312632 3 1
312662 0 1
312670 11 -1
312691 16 -1
312723 29 1
312726 2 -1
312744 1 -1
312782 0 1
312788 28 1
312796 17 -1
312852 15 -1
312868 20 -1
312890 0 -1
312905 1 -1
312965 2 1
312981 5 1
312992 18 -1
313003 9 -1
313040 0 1
313062 16 -1
313067 21 -1
313090 1 1
313130 4 1
313151 17 -1
313207 7 -1
313257 0 1
313304 20 -1
313309 18 -1
313347 24 -1
313368 22 -1
313384 13 -1
313384 0 1
313411 15 -1
313433 19 -1
313438 21 -1
313449 2 -1
313465 23 -1
313465 25 -1
313481 17 -1
313501 1 1
313524 0 -1
313578 20 -1
313594 26 -1
313648 3 1
313658 4 1
313658 6 1
313659 1 -1
313674 22 -1
313690 19 -1
313691 8 1
313701 2 1
313734 12 1
313769 0 1
313828 23 -1
313862 27 -1
313876 1 -1
313889 2 1
313906 24 -1
313908 0 -1
313916 3 -1
313973 22 -1
314013 21 -1
314021 4 -1
314061 0 1
314077 14 1
314110 10 1
314137 3 1
314174 11 1
314174 23 -1
314182 17 1
314196 15 1
314198 1 -1
314206 25 -1
314223 16 1
314260 18 1
314271 13 1
314298 5 1
314314 2 -1
314326 0 -1
314335 24 -1
314352 22 -1
314368 19 1
314400 1 1
314448 17 1
314459 0 -1
314491 2 1
314497 16 1
314529 18 1
314561 20 1
314593 14 1
314595 0 1
314607 1 1
314685 2 1
314744 18 1
314755 4 -1
314776 3 1
314787 21 1
314792 5 1
314819 7 1
314832 0 -1
314875 19 1
314883 20 1
314962 0 -1
314969 3 -1
314988 1 1
315072 0 1
315109 2 -1
315125 19 1
315142 16 -1
315149 20 1
315176 1 -1
315184 21 1
315190 4 -1
315195 9 -1
315201 0 1
315206 3 -1
315238 12 -1
315313 1 1
315319 2 1
315367 17 -1
315374 0 1
315383 22 1
315399 15 -1
315416 13 -1
315494 2 -1
315496 0 1
315536 7 1
315544 4 1
315582 0 1
315604 14 -1
315651 1 -1
315657 18 -1
315695 5 -1
315714 17 -1
315722 3 -1
315743 6 -1
315827 1 1
315835 0 1
315851 19 -1
315897 2 -1
315964 0 1
315975 18 -1
315980 3 -1
315982 1 1
316044 17 -1
316087 2 -1
316095 0 1
316193 4 -1
316238 5 -1
316243 6 -1
316275 3 1
316318 2 1
316334 15 1
316335 16 1
316347 1 -1
316356 27 -1
316356 8 1
316386 0 -1
316399 28 -1
316399 18 -1
316431 20 -1
316442 24 -1
316464 10 1
316490 0 1
316534 1 1
316539 2 -1
316571 9 1
316592 7 -1
316641 6 1
316652 0 1
316657 4 -1
316678 14 1
316683 1 -1
316694 5 1
316778 2 1
316786 16 1
316786 26 -1
316818 3 -1
316915 29 -1
316939 0 -1
316947 2 -1
317012 22 1
317022 3 1
317046 1 1
317072 4 -1
317087 0 1
317174 0 1
317176 2 1
317213 1 1
317216 12 -1
317237 19 1
317259 3 1
317278 7 -1
317366 15 -1
317395 1 -1
317463 5 1
317463 17 -1
317525 0 1
317581 2 1
317614 6 1
317640 16 -1
317654 0 1
317724 3 -1
317725 1 1
317753 23 1
317771 0 1
317775 2 1
317785 4 -1
317818 21 -1
317876 1 -1
317947 5 -1
317952 3 1
317963 0 -1
317963 17 -1
317984 2 1
318011 18 -1
318060 6 1
318064 1 1
318086 0 -1
318092 7 -1
318167 3 -1
318205 30 -1
318205 31 -1
318205 25 -1
318211 0 -1
318223 1 -1
318237 10 1
318241 4 -1
318269 20 -1
318291 14 1
318312 11 1
318339 5 -1
318398 8 1
318406 1 1
318481 2 -1
318507 0 1
318543 4 -1
318588 1 -1
318616 0 -1
318624 3 1
318662 2 1
318705 17 1
318721 13 1
318737 19 1
318745 1 -1
318753 5 -1
318788 0 -1
318842 2 1
318850 18 1
318858 4 -1
318882 16 1
318935 3 -1
318978 15 1
319000 21 1
319027 0 1
319043 22 1
319043 7 -1
319087 1 1
319111 4 1
319132 0 -1
319140 20 1
319199 2 1
319204 5 1
319220 19 1
319241 0 1
319258 18 1
319279 24 1
319287 3 -1
319293 1 1
319349 0 -1
319355 6 1
319408 27 1
319426 1 -1
319430 23 1
319435 2 -1
319473 0 -1
319494 14 -1
319498 4 -1
319527 26 1
319605 0 -1
319623 21 1
319629 5 -1
319693 2 -1
319704 3 -1
319709 9 -1
319717 0 1
319752 4 1
319805 1 -1
319817 16 -1
319849 25 1
319881 17 -1
319903 3 1
319924 24 1
319927 2 1
319956 6 -1
319973 0 1
319996 1 1
320096 28 1
320102 5 1
320118 3 1
320125 0 -1
320155 1 1
320161 2 -1
320193 8 1
320248 0 -1
320311 15 1
320354 2 -1
320381 3 1
320397 23 1
320454 4 -1
320494 1 1
320507 0 -1
320537 6 1
320542 10 1
320580 2 -1
320591 3 -1
320623 16 1
320651 0 1
320655 9 -1
320679 1 -1
320698 14 1
320736 17 1
320740 4 -1
320765 0 -1
320784 7 1
320849 26 1
320853 1 1
320865 25 1
320924 3 -1
320972 2 -1
321002 1 -1
321005 0 1
321085 18 1
321107 4 1
321107 13 -1
321128 0 1
321155 3 -1
321157 1 1
321166 2 -1
321214 12 -1
321254 0 1
321257 5 -1
321327 2 1
321332 29 1
321344 0 1
321356 1 -1
321386 11 -1
321408 15 -1
321451 24 1
321477 0 1
321483 6 -1
321494 23 1
321562 1 1
321585 5 1
321628 0 -1
321703 17 -1
321743 4 1
321744 0 -1
321800 2 1
321859 3 1
321870 8 -1
321880 19 -1
321945 6 -1
321975 0 1
321977 20 -1
321977 22 -1
321977 7 -1
321978 1 1
321988 30 1
321999 18 -1
322004 2 1
322009 16 -1
322020 15 -1
322042 13 -1
322066 17 -1
322094 4 -1
322130 0 -1
322150 1 -1
322227 19 -1
322241 0 1
322257 12 1
322267 18 -1
322273 2 1
322278 5 1
322278 21 -1
322292 1 1
322332 20 -1
322342 3 1
322348 17 -1
322388 4 -1
322429 16 -1
322445 22 -1
322461 9 -1
322509 19 -1
322509 23 -1
322509 0 -1
322579 21 -1
322590 24 -1
322618 0 1
322622 20 -1
322670 1 -1
322681 3 1
322727 0 -1
322730 2 1
322762 11 1
322767 22 -1
322836 1 -1
322856 10 1
322858 21 -1
322880 23 -1
322891 14 1
322934 15 1
322934 2 1
322971 0 -1
323009 20 -1
323009 25 -1
323041 1 -1
323049 17 1
323089 13 1
323095 0 -1
323106 27 -1
323116 24 -1
323138 16 1
323159 2 -1
323221 0 -1
323256 18 1
323283 3 1
323315 23 -1
323321 21 -1
323323 4 -1
323342 0 -1
323356 1 1
323358 2 -1
323364 12 -1
323372 17 1
323385 15 1
323482 0 -1
323492 5 -1
323493 26 -1
323519 2 1
323537 1 -1
323546 3 1
323557 18 1
323589 19 1
323589 7 -1
323603 0 -1
323678 4 1
323686 6 -1
323712 0 1
323732 2 -1
323746 1 -1
323766 3 -1
323815 20 1
323880 18 1
323887 19 1
323922 14 -1
323930 1 1
323933 5 1
323968 2 1
324016 4 1
324035 0 -1
324093 1 1
324180 0 1
324234 15 -1
324266 20 1
324274 1 -1
324288 6 -1
324315 16 -1
324331 3 -1
324331 21 1
324331 25 -1
324344 0 1
324347 4 1
324406 5 -1
324412 17 -1
324417 8 -1
324449 2 1
324452 1 1
324556 3 1
324565 0 1
324643 2 1
324675 18 -1
324686 4 -1
324691 0 1
324718 13 -1
324728 6 1
324734 19 -1
324739 31 -1
324761 24 -1
324766 10 1
324782 1 1
324788 0 1
324798 3 1
324895 2 -1
324956 1 -1
324997 0 1
325019 14 1
325044 4 1
325089 3 -1
325105 16 1
325105 17 1
325117 1 -1
325132 5 1
325156 0 -1
325169 22 1
325234 7 1
325274 0 -1
325363 3 1
325363 4 1
325379 2 1
325409 1 1
325513 8 -1
325516 0 1
325524 17 1
325552 1 -1
325556 26 -1
325567 5 -1
325578 21 1
325578 18 1
325588 16 1
325634 2 1
325648 0 1
325739 3 1
325750 1 1
325776 0 1
325814 11 -1
325841 2 1
325879 22 1
325911 6 -1
325922 9 -1
325943 20 1
325959 23 1
325989 0 1
326024 3 -1
326034 5 1
326072 12 -1
326104 13 -1
326118 0 1
326130 1 -1
326153 7 -1
326179 15 -1
326233 4 -1
326244 21 1
326257 0 -1
326278 1 -1
326325 2 1
326362 16 -1
326384 18 -1
326447 1 -1
326459 28 -1
326519 0 -1
326523 25 -1
326524 2 1
326524 10 1
326540 3 -1
326545 27 -1
326588 17 -1
326614 1 1
326636 4 1
326642 0 -1
326703 2 1
326717 29 -1
326733 19 -1
326761 1 1
326798 0 1
326803 18 -1
326808 3 -1
326943 5 1
326947 4 1
326964 6 1
326971 1 -1
327018 15 1
327055 16 1
327072 3 -1
327104 0 1
327141 2 -1
327172 1 1
327190 14 1
327190 8 1
327201 7 1
327238 0 1
327281 17 1
327351 5 1
327362 22 -1
327362 9 -1
327383 2 1
327394 0 -1
327444 1 -1
327499 16 1
327515 3 1
327571 2 1
327578 0 1
327606 1 -1
327609 6 -1
327632 4 -1
327663 15 1
327668 19 1
327684 17 1
327703 0 1
327738 3 -1
327751 1 -1
327797 5 -1
327813 0 -1
327878 11 -1
327878 24 1
327942 4 -1
327958 3 -1
327958 2 1
327964 0 1
327974 20 1
328039 13 -1
328160 1 1
328171 0 1
328179 12 1
328192 2 -1
328200 23 1
328269 4 -1
328281 0 1
328355 1 1
328356 3 -1
328394 9 -1
328407 2 1
328434 0 -1
328522 19 1
328535 1 1
328555 16 -1
328582 3 -1
328592 5 -1
328619 7 1
328681 0 -1
328684 6 1
328738 18 -1
328802 0 -1
328807 3 1
328869 2 1
328920 1 1
328920 0 1
328953 8 -1
328974 5 -1
329006 4 -1
329017 3 -1
329038 14 1
329063 1 -1
329114 2 -1
329168 24 1
329173 0 1
329200 20 1
329204 1 -1
329275 0 -1
329291 2 1
329297 26 1
329299 3 1
329345 4 -1
329365 1 1
329385 0 1
329442 23 1
329447 6 1
329468 21 1
329501 0 -1
329506 1 -1
329522 3 -1
329603 17 1
329635 4 -1
329636 0 1
329640 30 1
329647 1 -1
329662 5 1
329726 27 1
329726 2 -1
329775 0 1
329812 24 1
329813 18 1
329839 1 1
329839 3 1
329877 4 1
329904 0 1
329909 20 1
329925 2 -1
329941 19 1
329941 28 1
329942 25 1
330092 21 1
330119 2 1
330167 7 -1
330178 0 -1
330199 26 1
330224 1 -1
330231 6 1
330264 22 1
330288 4 1
330328 12 -1
330328 2 1
330352 0 -1
330360 3 1
330381 1 -1
330393 15 -1
330409 16 -1
330457 24 1
330500 11 -1
330500 14 -1
330532 0 -1
330554 17 -1
330575 3 1
330586 29 1
330586 8 1
330592 2 1
330598 1 -1
330624 5 -1
330667 4 -1
330683 25 1
330772 3 -1
330780 18 -1
330815 2 -1
330828 7 1
330844 10 1
330855 0 1
330919 1 -1
330925 19 -1
330930 6 1
330930 31 1
330957 0 -1
331059 2 1
331062 4 -1
331075 5 1
331075 0 -1
331102 1 -1
331167 26 1
331259 1 -1
331285 3 -1
331356 0 1
331360 28 1
331446 21 -1
331468 6 -1
331500 2 -1
331505 13 -1
331510 15 -1
331523 0 1
331532 8 1
331586 5 1
331586 16 -1
331596 3 1
331618 1 1
331650 19 -1
331658 0 1
331666 20 -1
331699 22 -1
331701 2 -1
331703 4 -1
331715 17 -1
331747 23 -1
331781 0 1
331783 1 -1
331833 3 1
331876 2 1
331897 12 -1
331946 0 1
332005 24 -1
332013 1 -1
332071 0 1
332085 20 -1
332110 22 -1
332142 19 -1
332196 0 1
332198 23 -1
332199 25 -1
332241 21 -1
332255 1 1
332263 7 1
332263 9 1
332311 2 -1
332319 4 -1
332349 6 -1
332392 3 1
332392 16 1
332392 10 1
332408 1 -1
332452 0 1
332499 15 1
332542 2 1
332564 24 -1
332564 0 -1
332571 1 1
332585 17 1
332601 23 -1
332650 13 1
332650 18 1
332655 3 1
332671 14 1
332720 0 1
332738 1 -1
332757 5 1
332757 21 -1
332758 2 -1
332779 4 1
332822 6 -1
332875 20 1
332961 3 -1
332972 7 -1
332972 26 -1
332980 17 1
332988 0 -1
332994 27 -1
333037 25 -1
333058 18 1
333069 1 1
333144 5 1
333144 8 -1
333168 0 -1
333171 2 -1
333209 12 -1
333252 3 1
333270 1 -1
333340 0 -1
333348 9 1
333367 19 1
333424 2 -1
333458 3 -1
333464 1 1
333472 4 -1
333488 16 -1
333553 18 1
333577 0 1
333617 14 -1
333622 5 -1
333633 17 -1
333674 2 -1
333695 3 -1
333714 7 1
333719 0 -1
333790 4 -1
333847 1 1
333894 0 -1
333896 15 -1
333897 2 -1
333939 11 -1
333940 6 1
333972 3 -1
333980 1 -1
333988 16 -1
334047 24 -1
334058 0 -1
334068 5 1
334080 4 -1
334101 17 -1
334103 2 -1
334111 21 1
334137 1 -1
334187 0 -1
334197 25 -1
334321 0 1
334321 2 -1
334326 19 -1
334326 8 -1
334375 13 1
334418 3 1
334439 1 1
334453 0 1
334466 5 1
334477 12 1
334520 22 1
334552 6 1
334555 2 1
334584 26 -1
334588 1 -1
334617 7 -1
334657 16 1
334721 4 -1
334727 3 -1
334732 0 -1
334735 9 -1
334756 15 1
334772 1 1
334858 20 1
334869 0 -1
334919 1 -1
334950 5 -1
334971 3 -1
334971 14 1
335006 2 1
335020 0 1
335052 23 1
335100 1 1
335122 18 1
335165 4 -1
335197 22 1
335229 10 -1
335240 2 -1
335251 6 -1
335251 0 -1
335294 17 1
335296 1 -1
335382 0 -1
335390 19 1
335401 5 1
335487 11 -1
335493 2 -1
335499 1 -1
335541 3 1
335552 4 1
335562 0 -1
335638 15 -1
335659 24 1
335724 8 -1
335745 23 1
335767 14 -1
335769 3 1
335810 20 -1
335810 22 1
335810 16 -1
335838 1 1
335845 0 -1
335874 18 -1
335882 17 -1
335941 2 -1
335951 0 1
335965 3 -1
335973 1 -1
336046 21 -1
336078 0 1
336111 2 1
336186 0 -1
336186 1 -1
336240 5 -1
336261 18 -1
336274 2 -1
336277 17 -1
336281 4 1
336317 0 1
336325 20 -1
336411 3 1
336412 15 1
336428 0 -1
336433 12 1
336519 27 -1
336519 6 1
336519 16 1
336586 1 1
336589 0 1
336591 4 1
336616 9 1
336632 3 1
336691 28 -1
336691 5 1
336696 7 -1
336729 1 -1
336739 2 -1
336777 25 -1
336820 21 -1
336857 3 -1
336860 0 -1
336894 1 -1
336930 4 1
336930 2 -1
336949 14 1
336970 16 1
336981 6 1
337011 0 1
337046 18 1
337067 19 1
337083 5 1
337094 3 -1
337126 0 -1
337142 2 -1
337164 13 -1
337174 1 1
337207 8 -1
337236 7 1
337314 3 1
337314 15 -1
337321 1 1
337357 2 1
337414 0 -1
337496 1 1
337520 0 1
337551 3 1
337572 2 1
337583 4 1
337605 9 1
337615 6 1
337626 0 1
337801 1 1
337803 2 -1
337822 3 1
337825 7 -1
337841 19 1
337873 17 -1
337884 0 1
337893 4 1
337916 11 1
337978 1 1
338008 5 1
338037 2 1
338056 0 1
338149 1 -1
338153 18 -1
338223 0 1
338248 4 -1
338284 3 -1
338346 24 1
338362 0 -1
338389 16 1
338421 23 1
338467 2 -1
338489 0 -1
338510 1 -1
338550 3 -1
338561 15 1
338599 20 1
338604 6 1
338644 0 1
338674 2 -1
338690 21 1
338700 1 1
338755 5 1
338755 9 -1
338788 4 1
338790 0 -1
338798 3 -1
338857 17 1
338865 1 1
338902 2 1
338937 25 1
339021 0 1
339066 19 1
339070 4 1
339099 14 -1
339139 0 -1
339195 23 1
339227 20 1
339228 21 1
339272 0 1
339276 5 1
339276 2 -1
339316 1 1
339330 3 -1
339389 16 -1
339397 4 1
339421 13 -1
339421 10 -1
339453 22 1
339456 2 1
339457 1 1
339524 0 1
339550 29 1
339571 27 1
339620 3 1
339625 6 -1
339631 26 1
339635 1 1
339657 18 -1
339668 2 1
339676 0 -1
339786 24 1
339787 0 1
339792 17 -1
339808 15 -1
339948 3 1
339958 28 1
339977 7 -1
339981 1 -1
340026 4 1
340044 6 1
340058 0 -1
340109 8 -1
340157 2 -1
340175 1 1
340187 0 -1
340216 30 1
340238 5 1
340259 9 1
340260 18 -1
340316 0 1
340328 1 1
340340 20 -1
340356 16 1
340361 2 -1
340420 3 1
340469 4 1
340472 0 -1
340496 14 1
340509 1 -1
340550 25 1
340566 2 -1
340592 6 -1
340603 21 -1
340609 0 -1
340662 7 1
340691 1 1
340711 26 1
340738 3 -1
340754 5 1
340754 0 1
340797 12 -1
340797 2 1
340864 0 -1
340872 13 -1
340900 1 1
340973 4 1
340985 2 1
340993 3 -1
341041 1 1
341098 16 -1
341108 0 1
341114 19 -1
341114 23 -1
341130 5 1
341162 22 -1
341189 2 1
341227 6 -1
341248 21 -1
341259 0 -1
341279 4 1
341313 3 1
341361 0 1
341385 2 1
341420 10 -1
341440 1 1
341442 24 -1
341463 11 -1
341485 17 -1
341533 20 -1
341589 22 -1
341614 23 -1
341616 0 1
341618 1 -1
341624 21 -1
341646 19 -1
341699 3 1
341721 8 1
341788 0 1
341795 1 1
341807 15 1
341855 4 -1
341866 2 1
341904 5 -1
341909 0 1
341979 12 1
342000 24 -1
342008 23 -1
342022 6 -1
342027 3 1
342065 25 -1
342089 2 -1
342129 1 1
342132 0 1
342162 7 -1
342242 17 1
342246 4 -1
342266 16 1
342285 3 1
342285 0 -1
342301 5 -1
342302 2 -1
342323 15 1
342323 1 1
342334 18 1
342420 20 1
342452 0 -1
342484 6 -1
342492 19 1
342516 1 -1
342538 14 1
342613 17 1
342624 8 1
342629 4 1
342694 2 -1
342699 5 -1
342720 11 -1
342721 18 1
342753 0 -1
342801 3 1
342839 26 -1
342859 1 1
342883 0 -1
342935 19 1
342952 16 -1
342968 20 1
342968 28 -1
342973 2 -1
342984 10 1
342997 0 1
343038 1 -1
343056 3 1
343097 5 -1
343140 15 -1
343161 25 -1
343171 1 1
343220 2 1
343226 9 -1
343234 0 -1
343274 3 -1
343345 1 -1
343379 4 1
343398 12 -1
343406 0 -1
343419 17 -1
343484 29 -1
343484 21 1
343484 16 -1
343505 24 -1
343527 0 -1
343536 1 1
343591 18 -1
343602 2 1
343623 6 -1
343677 4 1
343693 1 -1
343725 3 1
343785 27 -1
343806 13 1
343806 7 -1
343810 0 1
343838 14 1
343844 2 -1
343856 1 1
343911 0 -1
344008 4 1
344024 2 1
344064 0 1
344069 3 1
344070 5 -1
344118 6 -1
344145 22 1
344193 17 1
344209 1 -1
344244 2 -1
344295 0 -1
344354 3 -1
344386 23 1
344391 1 1
344397 21 1
344408 0 1
344419 19 1
344446 5 -1
344478 2 1
344542 1 1
344558 0 -1
344596 7 -1
344612 4 1
344671 2 1
344725 22 1
344736 0 -1
344779 5 1
344838 3 -1
344838 6 -1
344857 0 -1
344859 8 1
344862 2 1
344888 1 -1
344945 14 -1
344951 16 -1
344967 17 -1
344975 4 -1
344991 0 -1
345053 15 -1
345068 1 -1
345074 21 1
345128 23 1
345144 0 1
345160 11 -1
345160 13 -1
345171 3 1
345285 1 -1
345326 4 1
345335 2 1
345375 18 -1
345402 0 1
345402 17 -1
345450 19 -1
345451 20 -1
345453 3 1
345510 0 -1
345547 2 1
345633 9 1
345666 0 1
345692 7 1
345703 3 1
345721 1 -1
345741 16 1
345746 2 1
345784 5 1
345854 1 1
345881 0 1
345956 6 -1
346011 4 -1
346031 3 -1
346039 1 -1
346042 8 -1
346047 0 1
346085 15 1
346149 28 -1
346184 1 -1
346192 5 1
346224 0 1
346235 30 -1
346241 2 -1
346257 18 1
346289 4 1
346321 20 -1
346369 3 -1
346375 6 1
346386 1 1
346418 16 1
346482 19 1
346493 0 -1
346504 2 1
346563 1 -1
346603 4 1
346622 0 1
346665 3 1
346665 12 -1
346665 24 1
346697 5 1
346722 0 -1
346730 2 -1
346736 1 -1
346880 9 1
346888 0 1
346923 8 1
346955 6 -1
346974 7 -1
346998 4 1
347004 0 1
347121 1 1
347127 0 1
347184 2 -1
347208 10 1
347219 3 -1
347267 27 -1
347272 0 1
347301 1 -1
347369 4 -1
347396 2 -1
347468 1 -1
347547 0 -1
347552 3 -1
347616 2 1
347627 7 -1
347638 5 1
347665 0 1
347697 18 1
347728 4 1
347788 0 1
347790 1 -1
347804 22 1
347821 2 1
347826 15 1
347858 6 1
347880 3 -1
347901 23 1
347901 17 1
347949 20 1
347954 1 -1
348025 5 1
348030 0 -1
348034 4 1
348041 24 1
348044 2 -1
348147 1 1
348167 0 1
348213 21 1
348269 2 1
348280 0 -1
348345 3 1
348401 25 1
348422 5 1
348471 6 -1
348508 1 1
348509 2 -1
348514 13 -1
348514 26 1
348522 0 1
348573 3 -1
348647 0 1
348651 1 -1
348695 4 1
348772 29 1
348788 3 1
348796 0 -1
348815 31 1
348832 1 1
348844 7 1
348922 5 -1
348938 2 1
348944 21 1
348951 0 1
348992 6 1
349006 4 1
349010 1 -1
349073 14 -1
349094 0 -1
349127 1 -1
349194 3 1
349210 2 1
349223 25 1
349223 0 -1
349256 17 -1
349274 1 -1
349300 4 1
349320 5 -1
349350 0 -1
349384 8 1
349438 6 -1
349438 2 -1
349449 19 -1
349461 1 1
349503 3 -1
349546 27 1
349546 26 1
349589 24 1
349621 0 -1
349755 3 -1
349771 5 1
349793 0 -1
349804 1 1
349922 2 -1
349977 0 1
349993 1 -1
350013 4 1
350019 12 1
350126 10 -1
350175 1 1
350180 2 -1
350191 25 1
350223 5 -1
350239 0 1
350255 6 -1
350255 7 1
350271 16 -1
350277 3 1
350319 11 -1
350332 4 -1
350365 0 1
350375 2 -1
350395 14 -1
350457 20 -1
350478 0 -1
350502 3 -1
350513 17 -1
350513 18 -1
350523 1 -1
350545 23 -1
350561 19 -1
350599 21 -1
350618 16 -1
350642 22 -1
350682 4 1
350698 1 1
350704 2 -1
350717 0 1
350819 20 -1
350835 3 -1
350844 0 1
350889 2 -1
350889 18 -1
350908 19 -1
350948 1 -1
350973 0 1
350986 24 -1
351029 22 -1
351045 23 -1
351067 2 1
351096 0 1
351136 15 1
351142 20 -1
351222 0 1
351233 12 1
351255 26 -1
351260 2 1
351267 1 1
351276 21 -1
351308 8 1
351357 0 1
351384 16 1
351400 22 -1
351416 14 1
351424 1 1
351432 3 -1
351459 9 -1
351464 13 1
351464 23 -1
351467 2 1
351523 24 -1
351529 6 1
351529 0 1
351566 15 1
351566 30 -1
351577 5 -1
351585 17 1
351607 1 -1
351609 18 1
351679 2 1
351690 3 -1
351690 16 1
351730 4 1
351772 1 -1
351835 7 1
351854 0 -1
351900 17 1
351913 3 1
351937 2 1
351942 18 1
351960 1 1
351996 20 1
352004 19 1
352015 0 -1
352028 5 1
352029 10 -1
352044 4 1
352082 11 -1
352093 6 -1
352121 1 1
352136 0 1
352286 1 1
352297 21 1
352340 9 -1
352356 3 -1
352359 7 -1
352362 2 -1
352387 4 1
352415 16 -1
352426 5 1
352437 15 -1
352480 19 1
352512 0 -1
352560 17 -1
352563 2 -1
352571 3 1
352598 18 -1
352631 1 -1
352652 0 -1
352705 20 1
352734 4 -1
352770 25 -1
352775 2 -1
352778 0 -1
352818 3 1
352843 1 -1
352942 28 -1
353024 1 1
353031 0 -1
353100 4 1
353114 24 -1
353157 13 1
353157 16 1
353157 0 -1
353200 8 1
353203 2 1
353248 5 -1
353305 0 1
353334 3 1
353395 1 1
353399 2 1
353415 14 1
353427 0 1
353447 6 -1
353467 4 -1
353479 18 1
353541 0 -1
353544 22 1
353560 3 -1
353560 16 1
353560 1 1
353565 21 1
353608 2 1
353665 0 -1
353689 17 1
353709 1 1
353743 5 1
353775 3 1
353780 0 1
353838 4 1
353899 23 1
353947 20 1
353995 19 1
354001 2 1
354030 1 1
354070 3 -1
354114 0 -1
354156 6 -1
354167 15 -1
354167 21 1
354178 5 -1
354189 22 1
354189 9 -1
354209 1 -1
354232 2 -1
354280 0 -1
354318 11 -1
354350 13 -1
354350 1 1
354366 3 1
354425 18 -1
354428 0 1
354431 2 -1
354447 10 -1
354479 4 1
354490 14 -1
354495 17 -1
354529 1 -1
354576 7 1
354586 3 -1
354664 0 -1
354703 1 1
354715 6 1
354793 0 -1
354807 3 1
354834 25 -1
354850 1 -1
354854 4 -1
354922 2 1
354963 0 1
354984 8 1
355006 12 1
355016 5 1
355027 20 -1
355027 1 1
355049 27 -1
355092 15 1
355156 2 -1
355213 0 -1
355237 16 1
355253 17 1
355258 3 -1
355261 4 -1
355323 0 1
355378 1 -1
355395 2 1
355441 0 1
355457 5 -1
355487 7 -1
355515 1 1
355548 3 1
355562 0 1
355608 26 -1
355692 1 -1
355696 0 1
355771 3 -1
355801 23 1
355817 6 -1
355817 2 -1
355833 0 1
355909 8 -1
355918 4 -1
355930 18 1
355976 0 1
355978 5 -1
356038 31 -1
356039 1 1
356059 16 -1
356080 14 -1
356091 7 -1
356105 2 1
356123 19 1
356145 15 -1
356177 3 1
356214 1 -1
356252 24 1
356253 10 1
356277 0 1
356285 6 -1
356306 2 1
356321 4 -1
356338 5 1
356376 3 -1
356385 1 -1
356408 0 1
356599 0 -1
356650 3 -1
356655 4 -1
356725 21 -1
356752 6 -1
356752 1 1
356758 2 -1
356811 8 1
356822 5 1
356916 0 1
356940 2 -1
356948 1 -1
357005 9 1
357069 30 -1
357087 0 1
357091 16 1
357139 2 -1
357151 1 -1
357155 12 1
357171 5 -1
357198 0 -1
357252 3 1
357284 4 -1
357343 1 1
357349 17 1
357463 0 1
357510 23 1
357521 24 1
357526 3 1
357536 1 -1
357564 2 1
357574 5 -1
357575 22 1
357639 25 1
357642 0 1
357650 18 1
357667 1 1
357757 0 -1
357768 19 1
357806 2 1
357822 3 -1
357837 1 -1
357843 28 1
357873 0 -1
357889 4 -1
357929 21 1
357975 2 -1
357994 29 1
358026 20 1
358026 6 -1
358042 0 1
358069 3 -1
358170 0 1
358203 2 1
358219 4 -1
358232 1 -1
358284 23 1
358284 7 1
358292 0 1
358316 27 1
358316 3 -1
358316 26 1
358348 17 -1
358381 22 1
358405 1 -1
358413 25 1
358434 2 -1
358445 14 -1
358488 5 -1
358579 3 -1
358590 1 1
358625 0 -1
358628 8 -1
358684 2 1
358794 3 1
358816 0 1
358854 18 -1
358880 7 1
358886 6 -1
358899 2 -1
358933 4 1
358933 1 -1
358953 0 1
358961 10 -1
358966 5 1
359004 12 1
359090 24 1
359118 1 1
359133 9 -1
359154 19 -1
359219 3 1
359220 0 1
359283 25 1
359286 1 1
359316 26 1
359351 2 1
359352 4 1
359353 0 1
359369 6 -1
359391 5 -1
359466 3 1
359477 28 1
359493 7 1
359498 0 -1
359541 11 -1
359603 2 1
359606 27 1
359606 21 -1
359622 4 -1
359632 1 -1
359670 13 -1
359686 20 -1
359735 15 -1
359743 16 -1
359759 0 -1
359762 3 -1
359783 17 -1
359799 1 1
359810 2 1
359864 14 -1
359865 0 1
359961 23 -1
359977 19 -1
359985 1 -1
359996 0 1
360106 16 -1
360122 20 -1
360143 2 1
360210 0 1
360338 0 1
360347 19 -1
360358 18 -1
360380 1 1
360401 24 -1
360428 23 -1
360428 2 -1
360444 21 -1
360444 22 -1
360471 0 1
360573 15 1
360587 3 -1
360589 1 1
360600 2 1
360616 12 1
360662 4 1
360670 10 1
360697 0 -1
360702 25 -1
360713 6 -1
360726 1 -1
360734 13 1
360767 29 -1
360783 22 -1
360799 23 -1
360826 3 -1
360831 21 -1
360853 14 1
360853 0 1
360871 16 1
360885 5 -1
360896 9 -1
360896 17 1
360939 24 -1
360960 0 -1
360981 11 -1
361012 1 1
361025 15 1
361025 7 -1
361061 4 1
361073 2 1
361078 3 -1
361078 18 1
361089 26 -1
361105 19 1
361164 1 1
361202 0 1
361202 17 1
361234 20 1
361282 5 -1
361304 6 1
361311 1 1
361315 2 -1
361347 0 -1
361401 18 1
361403 4 1
361454 8 1
361460 19 1
361465 0 1
361503 2 -1
361632 3 1
361645 7 -1
361648 12 -1
361671 1 -1
361688 0 -1
361702 20 1
361739 2 1
361766 5 1
361801 0 1
361814 13 -1
361823 1 -1
361847 17 -1
361868 3 1
361884 14 -1
361906 21 1
361911 16 -1
361917 0 1
361954 2 1
361956 1 1
361960 25 -1
361992 6 1
362013 0 1
362014 9 1
362080 4 -1
362110 3 1
362161 0 -1
362199 2 -1
362228 30 -1
362250 1 -1
362258 7 -1
362267 0 1
362293 8 -1
362363 3 1
362384 0 -1
362398 2 -1
362443 1 1
362447 4 1
362454 6 1
362567 3 -1
362572 24 -1
362625 1 -1
362637 11 1
362637 5 -1
362680 0 -1
362717 16 1
362750 4 -1
362787 15 1
362798 3 -1
362810 0 -1
362818 1 -1
362895 26 -1
362903 2 1
362916 31 -1
362920 0 1
362959 22 1
362959 1 1
363008 17 1
363013 3 1
363024 18 1
363050 5 1
363083 2 -1
363104 7 -1
363153 23 1
363155 1 1
363185 20 1
363185 0 1
363260 8 1
363286 1 -1
363308 2 1
363347 0 1
363378 6 -1
363406 4 1
363443 5 1
363470 0 1
363518 12 1
363540 16 -1
363604 9 1
363620 1 -1
363701 3 1
363733 0 1
363776 15 -1
363787 2 1
363794 1 1
363819 21 1
363826 4 1
363830 5 1
363862 6 -1
363862 17 -1
363910 0 1
363979 1 -1
363983 3 -1
364018 2 -1
364037 0 1
364055 19 -1
364077 18 -1
364136 16 -1
364158 5 -1
364187 0 -1
364205 4 -1
364211 3 1
364265 2 1
364273 1 1
364346 6 -1
364362 0 -1
364402 1 -1
364442 10 1
364475 7 1
364491 0 -1
364555 4 -1
364571 5 -1
364593 14 1
364612 0 -1
364644 1 -1
364673 3 -1
364700 23 1
364727 2 1
364765 17 1
364872 9 1
364931 3 -1
364937 15 1
364945 0 1
364958 2 -1
364999 1 1
365015 4 1
365028 5 1
365050 0 -1
365109 18 1
365160 0 1
365168 7 -1
365173 12 1
365202 1 1
365219 2 -1
365273 3 -1
365302 8 1
365353 4 1
365410 19 1
365410 27 -1
365410 6 1
365410 1 1
365426 2 -1
365427 0 1
365474 13 -1
365474 16 -1
365525 0 -1
365571 1 1
365673 2 -1
365716 0 1
365720 4 -1
365744 1 -1
365754 9 1
365818 3 -1
365904 2 1
365926 29 -1
365931 5 1
365934 7 1
365945 0 -1
365960 1 -1
366012 24 1
366056 0 1
366065 3 -1
366098 6 1
366139 1 -1
366141 2 -1
366186 0 1
366248 10 -1
366270 8 -1
366345 5 1
366345 0 -1
366358 3 1
366409 4 1
366474 1 1
366506 0 -1
366584 3 -1
366614 2 -1
366627 1 1
366630 6 -1
366635 20 1
366635 23 1
366643 0 -1
366657 21 1
366728 4 1
366737 5 1
366791 0 1
366823 2 1
366828 3 -1
366829 26 1
366845 1 -1
366893 25 1
366958 16 1
367022 19 1
367022 22 1
367025 0 -1
367081 2 -1
367087 24 1
367156 0 -1
367175 4 -1
367210 3 1
367236 1 1
367258 11 -1
367261 0 1
367444 3 -1
367444 2 1
367445 1 -1
367452 21 1
367473 14 -1
367522 0 1
367559 5 -1
367570 20 1
367602 8 -1
367635 1 1
367640 2 1
367664 0 -1
367732 17 -1
367764 25 1
367796 24 1
367823 0 1
367844 4 1
367844 2 1
367906 3 1
367946 28 1
367957 26 1
367977 1 -1
368011 5 -1
368022 22 1
368075 27 1
368126 7 -1
368129 3 -1
368141 0 -1
368167 1 1
368183 4 1
368237 6 1
368247 30 1
368250 0 1
368315 2 1
368330 1 1
368355 0 -1
368371 3 -1
368409 5 -1
368473 1 -1
368505 2 -1
368512 0 1
368602 4 -1
368602 25 1
368632 0 1
368677 1 -1
368720 24 1
368723 2 1
368731 10 1
368739 0 -1
368816 1 1
368820 3 -1
368828 7 1
368844 0 1
368849 18 -1
368927 2 1
368977 1 1
369053 3 -1
369054 13 -1
369076 0 -1
369102 20 -1
369107 6 -1
369129 2 1
369166 16 -1
369201 0 -1
369204 15 -1
369215 17 -1
369247 23 -1
369258 14 -1
369295 19 -1
369311 3 -1
369329 0 -1
369332 1 -1
369365 2 -1
369430 12 1
369462 18 -1
369481 22 -1
369485 1 -1
369505 20 -1
369559 21 -1
369564 2 -1
369599 0 1
369602 17 -1
369606 4 1
369612 1 1
369666 5 -1
369674 19 -1
369736 0 1
369795 23 -1
369860 20 -1
369862 0 1
369886 21 -1
369924 24 -1
369929 3 1
369967 27 -1
369976 4 -1
369989 9 1
370001 1 1
370021 13 1
370026 2 -1
370096 0 -1
370107 15 1
370117 11 1
370142 3 -1
370158 1 1
370182 23 -1
370182 18 1
370193 0 1
370246 22 -1
370260 2 1
370263 7 -1
370311 21 -1
370318 0 1
370327 16 1
370343 4 1
370343 1 -1
370359 17 1
370365 3 -1
370365 5 1
370440 0 1
370456 19 1
370461 2 1
370494 24 -1
370527 0 1
370569 28 -1
370569 8 1
370612 3 -1
370655 15 1
370659 0 1
370666 6 -1
370730 20 1
370730 17 1
370734 4 -1
370734 1 1
370789 0 1
370805 5 -1
370848 2 1
370864 3 -1
370875 1 -1
371042 18 1
371053 16 -1
371063 12 -1
371065 0 -1
371093 4 1
371096 2 1
371097 1 1
371128 6 -1
371192 0 -1
371214 25 -1
371219 5 -1
371238 1 -1
371257 3 1
371277 0 -1
371278 9 -1
371278 26 -1
371310 20 1
371316 2 1
371364 14 -1
371371 1 1
371464 4 -1
371474 0 1
371520 17 -1
371525 3 -1
371552 16 -1
371572 1 -1
371595 0 1
371660 5 1
371740 2 -1
371770 1 1
371773 15 1
371775 0 1
371790 4 -1
371867 7 1
371880 6 1
371923 8 -1
371923 18 -1
371945 21 1
371945 2 -1
371988 19 -1
372009 11 1
372025 3 -1
372047 5 1
372055 0 -1
372068 10 -1
372115 1 -1
372157 2 1
372182 0 -1
372248 1 1
372283 3 -1
372321 0 -1
372326 17 1
372375 22 1
372401 1 1
372401 2 -1
372417 15 1
372442 0 -1
372482 6 -1
372493 5 -1
372498 3 1
372503 25 -1
372507 4 -1
372546 24 -1
372568 23 1
372571 0 -1
372632 13 -1
372633 14 -1
372635 2 1
372654 21 1
372677 0 1
372721 1 1
372729 7 1
372815 0 1
372826 8 1
372858 4 -1
372890 2 -1
372892 1 -1
372944 6 -1
373056 1 -1
373073 3 -1
373087 0 -1
373116 22 1
373132 2 1
373170 12 -1
373185 4 -1
373237 0 1
373277 16 -1
373294 7 1
373312 3 -1
373374 5 1
373385 0 -1
373406 27 -1
373406 1 1
373407 18 -1
373551 3 1
373567 19 -1
373576 1 1
373584 2 -1
373600 26 -1
373624 0 1
373664 10 -1
373734 0 -1
373761 8 1
373771 1 -1
373782 5 1
373793 6 -1
373836 2 -1
373893 0 1
373922 4 -1
373922 15 1
373959 1 1
373987 9 -1
374041 2 -1
374051 20 -1
374067 7 -1
374094 21 -1
374094 30 -1
374100 3 -1
374116 23 1
374116 1 1
374118 0 -1
374180 5 1
374229 17 1
374255 6 -1
374266 0 1
374289 4 1
374295 1 -1
374390 3 1
374395 0 1
374454 1 -1
374470 16 1
374497 2 -1
374524 14 -1
374538 0 1
374615 3 -1
374653 11 -1
374675 0 -1
374675 8 -1
374684 4 1
374701 6 -1
374726 2 1
374769 7 1
374777 10 -1
374820 3 1
374833 0 1
374841 1 -1
374911 2 -1
374954 28 -1
375016 0 1
375063 1 -1
375099 3 1
375201 5 -1
375263 0 1
375273 1 -1
375357 4 1
375373 13 1
375379 3 -1
375384 2 1
375387 0 1
375406 7 1
375524 0 1
375556 6 -1
375599 19 1
375599 3 -1
375621 8 1
375642 15 1
375645 1 -1
375655 2 1
375663 5 1
375692 4 1
375794 0 -1
375797 1 -1
375857 24 1
375868 2 1
375905 0 1
375922 17 1
375970 1 -1
375990 4 1
376026 0 1
376042 3 -1
376053 2 1
376072 9 1
376083 23 1
376115 6 1
376115 16 1
376126 5 -1
376244 4 -1
376244 7 1
376292 2 -1
376298 0 1
376308 25 1
376327 1 -1
376335 3 1
376373 20 1
376373 29 1
376405 22 1
376421 0 1
376466 1 1
376494 4 1
376513 2 1
376545 21 1
376574 0 -1
376643 1 -1
376674 18 1
376687 3 1
376695 24 1
376754 2 -1
376760 26 1
376800 4 1
376800 0 1
376808 6 -1
376812 1 -1
376824 19 1
376846 27 1
376846 5 1
376951 0 -1
376982 1 1
376985 23 1
377082 0 -1
377127 1 -1
377160 3 -1
377175 4 -1
377211 17 -1
377238 2 -1
377276 5 1
377312 1 1
377338 0 -1
377362 31 1
377399 3 -1
377405 22 1
377442 0 1
377480 2 1
377596 0 -1
377614 3 1
377634 1 1
377727 20 -1
377733 2 1
377749 5 -1
377781 6 -1
377800 4 -1
377812 1 -1
377843 0 1
377888 8 -1
377899 9 -1
377948 0 -1
377965 1 -1
378007 11 1
378017 25 1
378093 27 1
378136 18 -1
378141 0 1
378146 5 -1
378154 4 -1
378162 2 1
378187 7 -1
378211 6 1
378216 3 1
378334 1 -1
378356 2 1
378372 19 -1
378404 10 -1
378426 3 -1
378501 13 -1
378521 1 1
378533 5 -1
378539 0 -1
378558 2 1
378565 29 1
378608 12 -1
378654 3 -1
378674 1 1
378678 4 1
378705 0 -1
378716 6 1
378716 14 -1
378759 23 -1
378770 21 -1
378807 0 1
378823 15 -1
378869 3 1
378896 22 -1
378904 19 -1
378922 0 -1
378931 18 -1
378974 24 -1
378997 1 1
379006 2 -1
379022 0 1
379033 20 -1
379049 16 -1
379114 3 1
379132 1 -1
379146 21 -1
379146 0 1
379243 23 -1
379261 0 -1
379267 1 1
379272 2 -1
379275 22 -1
379275 17 -1
379339 5 1
379372 19 -1
379398 3 1
379420 20 -1
379428 1 1
379452 7 1
379511 21 -1
379517 2 1
379533 25 -1
379533 26 -1
379536 0 1
379554 24 -1
379565 4 -1
379605 1 -1
379678 23 -1
379689 3 -1
379706 0 1
379742 13 1
379748 5 1
379758 2 -1
379769 1 -1
379769 11 1
379780 15 1
379796 6 -1
379812 14 1
379831 4 1
379839 16 1
379861 0 -1
379898 9 1
379944 1 1
379984 17 1
379998 2 1
380016 7 1
380033 10 1
380140 3 1
380154 0 -1
380186 4 -1
380194 2 -1
380210 18 1
380221 24 -1
380258 1 -1
380264 6 -1
380272 0 -1
380339 20 1
380355 3 -1
380426 0 1
380436 17 1
380452 1 1
380457 12 -1
380457 2 -1
380578 3 -1
380597 19 1
380608 8 1
380635 1 -1
380645 16 -1
380650 5 1
380661 25 -1
380677 0 1
380715 15 -1
380801 27 -1
380804 0 1
380855 6 1
380882 2 1
380923 4 -1
380954 0 -1
381008 1 1
381021 3 -1
381059 28 -1
381059 18 -1
381097 0 1
381129 5 -1
381191 2 -1
381207 0 -1
381226 3 1
381226 1 1
381246 4 -1
381274 26 -1
381313 0 1
381371 6 1
381379 1 1
381414 2 1
381419 0 1
381440 3 -1
381476 7 1
381510 14 1
381532 16 1
381532 8 -1
381548 4 -1
381580 5 1
381689 1 1
381725 13 1
381726 0 1
381758 22 1
381790 21 1
381846 1 -1
381860 2 -1
381873 0 -1
381911 4 1
381989 3 1
382016 7 -1
382018 1 1
382037 0 1
382048 25 -1
382048 10 -1
382080 17 1
382115 2 -1
382241 4 1
382263 18 1
382284 8 -1
382306 11 -1
382306 3 -1
382338 5 -1
382349 6 1
382370 16 -1
382370 1 -1
382371 2 1
382377 0 1
382467 23 1
382499 12 -1
382499 9 -1
382523 0 -1
382534 3 -1
382548 4 1
382548 1 1
382596 22 1
382631 0 1
382737 1 -1
382757 19 -1
382757 6 -1
382768 5 1
382773 7 -1
382806 4 -1
382822 20 -1
382822 2 1
382927 0 1
383037 0 -1
383082 1 1
383090 2 1
383142 0 1
383166 5 1
383166 14 1
383209 15 1
383209 21 -1
383214 3 1
383230 6 -1
383247 1 1
383316 2 -1
383351 0 -1
383354 16 1
383378 1 -1
383467 17 1
383467 26 -1
383479 4 1
383493 3 -1
383558 0 1
383596 29 -1
383628 10 -1
383668 0 -1
383725 3 1
383746 2 1
383757 1 -1
383768 18 1
383789 0 -1
383789 9 -1
383841 4 -1
383940 8 1
383975 1 -1
384004 2 1
384025 5 -1
384090 0 -1
384136 1 -1
384160 4 -1
384176 19 1
384216 0 -1
384235 2 -1
384241 31 -1
384273 13 -1
384294 6 1
384313 7 -1
384313 0 1
384364 3 -1
384418 5 -1
384498 24 1
384515 1 1
384563 3 1
384563 23 1
384563 16 -1
384625 0 -1
384660 17 -1
384670 9 1
384710 1 -1
384716 2 1
384746 0 -1
384756 28 -1
384770 3 1
384842 8 -1
384849 1 1
384873 4 -1
384885 20 1
384887 0 1
384896 5 1
384918 7 -1
384928 6 -1
384928 15 1
385001 2 1
385014 1 1
385172 1 1
385192 4 -1
385192 0 1
385229 3 -1
385229 2 -1
385331 1 1
385340 0 -1
385444 14 1
385450 0 1
385498 3 -1
385506 1 1
385530 10 1
385573 6 -1
385579 4 -1
385595 25 1
385659 7 1
385675 2 1
385689 0 -1
385702 24 1
385702 18 1
385713 5 -1
385724 22 1
385724 17 1
385740 3 -1
385831 21 1
385831 0 1
385861 1 -1
385866 2 1
385933 20 1
385933 23 1
385958 0 1
386032 1 1
386062 2 -1
386170 5 1
386175 9 -1
386197 0 -1
386216 1 -1
386256 4 1
386275 3 -1
386347 24 1
386353 0 1
386390 30 1
386401 25 1
386465 0 -1
386476 27 1
386490 2 1
386514 3 -1
386519 8 1
386530 1 -1
386573 5 1
386578 4 1
386723 1 1
386729 3 1
386729 2 -1
386756 6 -1
386772 7 1
386820 15 -1
386823 0 1
386901 1 1
386936 0 -1
386954 2 -1
386997 3 1
387001 4 1
387046 17 -1
387057 18 -1
387097 0 -1
387121 24 1
387175 25 1
387175 26 1
387199 2 -1
387212 3 -1
387234 6 -1
387239 1 -1
387304 19 -1
387328 4 1
387400 20 -1
387401 29 1
387405 1 -1
387409 0 -1
387417 3 1
387422 28 1
387422 12 -1
387438 2 1
387519 9 -1
387551 0 1
387562 5 -1
387594 7 1
387610 1 -1
387642 2 1
387683 4 -1
387691 6 1
387701 27 1
387702 0 -1
387723 3 -1
387723 16 1
387743 1 1
387790 0 -1
387836 10 -1
387852 13 -1
387873 2 -1
387884 11 -1
387895 14 -1
387895 0 1
387902 1 1
387997 4 -1
388032 0 -1
388078 1 1
388110 21 -1
388110 18 -1
388142 19 -1
388158 20 -1
388164 0 -1
388207 22 -1
388239 5 1
388266 2 -1
388271 17 -1
388279 1 1
388282 12 1
388303 3 1
388303 16 -1
388384 23 -1
388422 0 -1
388486 2 1
388497 21 -1
388537 20 -1
388540 24 -1
388559 0 1
388569 19 -1
388569 4 -1
388577 22 -1
388610 3 1
388618 1 -1
388669 0 -1
388704 2 -1
388783 1 -1
388787 23 -1
388798 14 1
388808 21 -1
388897 3 -1
388916 26 -1
388924 22 -1
388927 15 1
388932 20 -1
388956 0 1
388960 1 1
389023 8 -1
389034 24 -1
389061 17 1
389093 16 1
389099 5 1
389136 0 1
389142 2 1
389142 9 -1
389190 23 -1
389270 11 -1
389292 0 -1
389311 4 -1
389311 7 1
389327 1 -1
389335 3 1
389346 2 1
389356 15 1
389357 18 1
389466 1 -1
389529 25 -1
389572 0 1
389609 10 -1
389614 3 -1
389615 24 -1
389625 1 -1
389647 2 -1
389682 0 -1
389700 6 1
389711 18 1
389714 4 -1
389786 19 1
389788 0 1
389829 12 -1
389867 3 -1
389909 1 1
389958 5 -1
389959 8 1
389980 0 -1
389988 4 1
389988 7 -1
390061 1 -1
390066 9 -1
390069 2 1
390125 17 -1
390130 0 1
390152 6 1
390214 1 -1
390257 0 1
390281 15 -1
390302 16 -1
390305 2 -1
390313 5 -1
390383 1 -1
390384 0 1
390431 27 -1
390431 3 1
390432 13 1
390432 28 -1
390432 31 -1
390517 30 -1
390560 20 1
390560 6 -1
390561 26 -1
390576 2 -1
390589 1 1
390593 25 -1
390614 8 -1
390625 18 -1
390649 0 1
390662 3 1
390693 4 -1
390748 0 -1
390774 1 -1
390781 5 1
390813 2 1
390861 21 1
390867 3 -1
390896 0 1
390969 14 1
390971 1 1
390980 17 1
391004 2 1
391060 4 1
391076 3 1
391157 0 1
391189 16 1
391229 2 -1
391278 7 1
391278 0 -1
391291 15 1
391313 3 1
391326 1 -1
391399 19 1
391404 0 -1
391426 2 -1
391455 4 1
391463 29 -1
391479 22 1
391481 1 -1
391484 11 -1
391592 8 -1
391610 1 1
391635 21 1
391662 3 1
391710 6 -1
391728 0 1
391775 5 -1
391786 23 1
391802 7 -1
391882 0 -1
391898 2 -1
391958 3 -1
391979 12 -1
391979 17 -1
391983 1 1
392045 0 -1
392060 16 -1
392097 6 1
392108 13 -1
392118 1 -1
392140 20 -1
392140 2 1
392156 0 1
392172 5 -1
392173 22 1
392209 4 1
392281 1 -1
392299 0 -1
392344 2 1
392366 8 1
392374 7 -1
392448 0 1
392479 3 -1
392551 4 -1
392554 5 -1
392592 6 1
392618 1 1
392624 14 1
392629 0 1
392688 15 1
392777 2 -1
392801 3 1
392801 1 -1
392839 9 -1
392874 4 -1
392874 0 1
392882 19 -1
392989 2 -1
392995 1 1
393012 0 1
393016 5 1
393121 0 -1
393140 26 -1
393145 3 1
393194 2 -1
393204 4 -1
393247 18 1
393312 24 1
393333 8 1
393337 1 -1
393360 0 1
393398 23 1
393473 5 -1
393499 1 -1
393530 0 1
393559 4 1
393608 7 -1
393616 2 1
393624 3 1
393677 0 -1
393678 9 1
393688 1 1
393699 28 -1
393709 6 -1
393849 25 1
393865 2 1
393906 3 -1
393908 5 1
393914 20 1
393930 10 1
393934 4 -1
393989 0 1
394049 1 -1
394107 17 -1
394113 2 -1
394118 0 1
394177 3 -1
394177 6 -1
394184 1 1
394226 8 -1
394236 0 -1
394305 4 1
394338 2 1
394365 5 -1
394367 1 -1
394414 7 -1
394494 15 1
394548 2 1
394559 0 1
394575 16 1
394677 6 -1
394688 21 1
394688 24 1
394693 0 1
394698 3 -1
394748 1 -1
394784 2 -1
394841 0 -1
394946 19 1
394946 3 -1
394946 23 1
394986 1 -1
395032 2 1
395058 4 1
395075 5 1
395104 0 -1
395135 1 -1
395247 14 1
395247 18 1
395249 0 1
395316 7 1
395333 22 1
395343 3 1
395360 0 -1
395421 2 1
395429 4 -1
395437 1 1
395462 9 -1
395483 24 1
395558 3 -1
395580 5 1
395599 0 1
395623 1 1
395698 2 1
395703 4 1
395720 26 1
395730 0 1
395808 1 -1
395827 3 -1
395848 13 -1
395854 0 1
395859 6 -1
395865 23 1
395908 2 1
395977 5 1
395982 1 1
396010 25 1
396020 27 1
396021 30 1
396074 3 -1
396090 0 -1
396106 29 1
396107 17 -1
396171 1 -1
396192 11 1
396241 0 1
396316 3 -1
396348 4 1
396356 1 1
396372 0 1
396375 6 -1
396397 2 1
396475 0 -1
396530 1 -1
396536 12 -1
396622 19 -1
396622 28 1
396623 16 -1
396623 26 1
396624 0 1
396638 2 -1
396687 20 -1
396691 4 1
396741 8 -1
396751 0 1
396800 3 1
396805 6 1
396853 2 1
396880 25 1
396880 18 -1
396882 1 1
396902 0 -1
396966 5 1
397044 1 1
397062 4 -1
397138 22 -1
397144 3 1
397144 0 1
397179 7 -1
397203 10 -1
397224 27 1
397229 1 -1
397289 2 -1
397302 0 1
397321 15 -1
397332 21 -1
397396 11 -1
397428 3 -1
397429 0 1
397493 20 -1
397514 6 -1
397520 2 1
397533 19 -1
397533 17 -1
397602 1 -1
397606 23 -1
397649 0 -1
397697 24 -1
397703 16 -1
397729 2 1
397772 21 -1
397799 22 -1
397802 0 1
397807 1 -1
397836 4 1
397864 20 -1
397923 2 1
397939 0 1
397940 1 1
397944 19 -1
398073 23 -1
398095 21 -1
398127 5 1
398138 2 1
398154 22 -1
398192 3 1
398213 0 -1
398235 26 -1
398256 18 -1
398267 12 1
398278 24 -1
398278 8 1
398303 1 1
398315 4 1
398321 2 -1
398364 25 -1
398364 0 1
398436 23 -1
398448 1 -1
398449 6 -1
398450 14 1
398492 16 1
398503 0 1
398546 2 1
398557 3 -1
398557 22 -1
398646 1 1
398664 15 1
398665 0 1
398670 4 -1
398729 5 -1
398742 7 1
398759 10 1
398767 17 1
398791 1 1
398815 3 -1
398815 24 -1
398858 0 1
398912 16 1
398933 6 -1
398933 18 1
398944 1 1
398976 2 -1
398982 0 1
399041 4 1
399073 13 1
399094 0 -1
399099 1 1
399116 11 -1
399127 8 1
399145 19 1
399153 20 1
399164 2 -1
399202 29 -1
399237 3 -1
399297 1 -1
399374 18 1
399406 6 1
399411 2 -1
399423 4 -1
399425 0 1
399449 3 1
399476 17 -1
399503 9 -1
399546 5 -1
399548 0 1
399655 1 1
399675 15 -1
399675 21 1
399702 7 -1
399714 0 1
399718 14 -1
399750 3 -1
399750 16 -1
399817 2 -1
399826 4 -1
399835 1 1
399890 28 -1
399935 0 1
399976 20 1
399976 27 -1
399986 5 1
400008 1 -1
400024 2 -1
400083 12 1
400101 0 1
400113 4 1
400204 0 -1
400250 3 -1
400250 2 1
400266 25 -1
400330 17 1
400341 6 -1
400359 1 1
400373 5 1
400449 24 -1
400449 9 -1
400465 3 1
400478 0 -1
400492 1 -1
400524 19 1
400583 0 1
400588 16 1
400621 13 1
400633 1 1
400642 21 1
400653 23 1
400669 2 -1
400693 0 -1
400701 7 -1
400707 18 1
400728 3 1
400814 6 -1
400842 4 1
400846 5 -1
400846 2 1
400857 0 -1
400943 17 1
400971 0 1
400999 1 1
401007 15 -1
401067 2 -1
401072 20 1
401072 8 -1
401104 0 1
401157 4 1
401169 22 1
401179 14 -1
401201 1 -1
401217 3 1
401233 5 -1
401272 0 1
401287 21 1
401287 2 1
401314 6 -1
401378 7 -1
401386 1 1
401448 9 -1
401479 4 1
401486 3 1
401515 2 -1
401531 1 1
401550 0 -1
401652 26 -1
401674 0 -1
401677 1 -1
401695 5 1
401701 3 -1
401744 2 -1
401803 0 -1
401814 17 -1
401824 18 -1
401834 1 -1
401846 19 -1
401910 23 1
401969 2 1
401996 8 1
402001 1 -1
402050 0 -1
402124 4 1
402174 6 1
402184 7 -1
402195 5 1
402200 13 1
402206 0 1
402321 0 1
402340 3 1
402394 1 -1
402491 20 -1
402499 4 -1
402523 2 1
402555 16 1
402567 1 1
402587 6 -1
402647 0 -1
402679 3 1
402684 10 -1
402711 2 1
402757 1 -1
402802 0 1
402829 7 -1
402866 4 1
402878 17 1
402883 3 -1
402888 8 -1
402921 2 1
402966 0 1
403028 18 1
403093 5 1
403109 0 -1
403132 1 -1
403222 6 1
403232 0 -1
403336 0 1
403341 1 -1
403364 3 -1
403367 2 1
403447 0 1
403498 4 1
403512 5 1
403533 1 1
403544 24 1
403566 2 1
403598 11 1
403716 3 -1
403716 23 1
403716 25 1
403739 0 -1
403791 2 -1
403848 0 1
403861 4 -1
403879 1 1
403899 5 1
403910 22 1
403947 3 1
403953 15 1
403990 0 -1
404031 1 -1
404103 9 1
404124 6 -1
404189 3 1
404192 4 1
404208 1 1
404254 2 -1
404294 0 -1
404297 16 1
404313 7 -1
404329 10 1
404393 20 1
404425 3 -1
404452 0 1
404458 2 -1
404550 1 1
404576 24 1
404581 0 1
404608 5 -1
404684 26 1
404721 2 1
404756 1 -1
404796 3 1
404818 0 -1
404877 4 -1
404877 6 1
404909 25 1
404952 2 -1
404954 1 -1
404960 0 1
404979 5 -1
405044 3 1
405049 21 1
405108 0 1
405135 19 1
405170 2 -1
405199 22 1
405221 31 1
405222 0 1
405280 7 -1
405285 24 1
405298 1 1
405316 4 1
405351 0 1
405355 5 -1
405393 17 -1
405414 8 1
405417 2 -1
405449 1 1
405468 6 -1
405479 9 -1
405484 0 1
405522 18 -1
405600 3 1
405613 0 1
405623 1 1
405659 2 1
405703 4 -1
405737 27 1
405748 26 1
405844 20 -1
405850 3 1
405893 0 -1
405909 30 1
405952 12 -1
405973 23 1
405973 7 1
405993 1 1
406012 0 -1
406016 6 1
406048 3 -1
406078 2 -1
406118 0 1
406137 1 1
406210 5 1
406264 8 1
406296 24 1
406296 2 -1
406324 1 -1
406328 4 -1
406339 11 1
406426 0 1
406468 28 1
406513 3 1
406556 2 -1
406602 5 1
406607 0 1
406618 25 1
406683 1 1
406720 3 -1
406726 9 -1
406747 14 -1
406761 0 1
406787 4 1
406828 16 -1
406833 12 -1
406860 1 -1
406865 15 -1
406892 19 -1
406892 20 -1
406898 21 -1
406957 2 -1
407005 13 -1
407013 0 1
407026 27 1
407043 3 -1
407062 1 -1
407115 0 -1
407134 6 1
407177 2 1
407198 29 1
407203 4 1
407239 1 -1
407243 0 -1
407263 10 -1
407279 19 -1
407295 21 -1
407311 17 -1
407317 18 -1
407336 23 -1
407354 0 1
407376 2 1
407408 22 -1
407408 1 1
407483 3 -1
407486 0 1
407521 5 1
407542 24 -1
407571 1 -1
407593 20 -1
407614 0 1
407628 21 -1
407650 14 1
407714 23 -1
407725 0 -1
407736 3 -1
407755 22 -1
407757 15 1
407763 1 1
407768 8 1
407843 11 1
407870 2 -1
407940 25 -1
407945 3 1
407988 16 1
408021 7 1
408026 24 -1
408026 0 1
408037 17 1
408101 21 -1
408102 2 1
408102 18 1
408130 1 -1
408147 5 1
408152 0 1
408166 6 -1
408186 4 -1
408268 3 1
408280 0 1
408295 22 -1
408299 1 -1
408322 2 -1
408359 12 1
408375 17 1
408424 20 1
408432 19 1
408456 16 1
408478 18 1
408494 3 -1
408496 1 1
408534 2 -1
408563 5 1
408577 4 1
408582 0 1
408617 8 1
408671 6 -1
408682 26 -1
408690 7 -1
408703 14 -1
408722 0 -1
408725 3 -1
408725 9 1
408752 2 -1
408811 19 1
408811 13 -1
408859 0 -1
408863 1 1
408907 20 1
408911 4 1
408940 25 -1
408972 5 1
409022 1 1
409036 2 1
409069 23 -1
409117 3 -1
409133 0 1
409176 15 -1
409198 16 -1
409210 1 -1
409289 2 -1
409305 0 1
409431 7 1
409434 5 -1
409439 0 1
409456 24 -1
409520 21 1
409538 1 -1
409552 4 1
409568 3 1
409584 11 1
409606 27 -1
409619 0 1
409627 6 1
409671 8 -1
409692 28 -1
409693 1 -1
409759 0 -1
409762 2 1
409778 14 1
409869 1 1
409869 0 1
409939 17 1
409971 3 -1
409972 4 1
409974 0 -1
409982 2 -1
410020 1 1
410170 6 -1
410203 1 -1
410213 2 1
410216 0 1
410254 4 -1
410278 5 1
410286 3 -1
410294 13 -1
410315 21 1
410337 18 1
410358 0 -1
410362 1 -1
410380 15 -1
410423 19 1
410423 26 -1
410477 0 1
410524 1 -1
410544 4 -1
410563 9 -1
410584 23 1
410654 2 -1
410659 6 -1
410686 3 1
410702 8 -1
410713 5 -1
410745 17 -1
410794 0 -1
410842 4 1
410858 7 1
410885 2 1
410927 1 1
410939 22 1
410939 16 -1
410966 3 -1
410971 0 -1
411068 14 -1
411076 0 1
411095 2 1
411112 1 -1
411154 15 -1
411159 5 1
411181 4 -1
411283 18 -1
411294 17 -1
411314 1 -1
411326 0 1
411342 20 -1
411347 3 1
411390 10 1
411412 31 -1
411471 19 -1
411487 2 1
411508 0 1
411547 4 1
411573 6 1
411584 30 -1
411632 7 1
411672 0 1
411676 1 1
411686 2 1
411799 11 -1
411799 8 1
411809 16 1
411830 1 1
411863 9 1
411895 3 -1
411906 5 -1
411944 2 1
411960 0 -1
411970 29 -1
412017 1 -1
412083 6 -1
412086 0 -1
412116 4 1
412142 3 -1
412186 18 1
412229 23 1
412234 0 1
412309 1 1
412315 24 1
412336 5 1
412357 3 1
412390 2 -1
412481 1 -1
412507 4 1
412530 0 1
412540 6 1
412551 7 -1
412572 15 -1
412610 2 -1
412615 19 1
412618 3 1
412644 1 -1
412658 0 1
412734 5 1
412744 20 1
412787 12 1
412789 0 1
412797 1 -1
412841 4 -1
412852 3 -1
412890 2 -1
412906 16 -1
412978 1 1
413035 13 -1
413095 0 1
413115 3 -1
413160 1 -1
413207 9 1
413242 0 -1
413260 7 1
413282 11 1
413309 1 1
413360 3 -1
413391 0 1
413411 2 1
413422 8 -1
413518 14 1
413519 24 1
413542 4 1
413599 1 -1
413637 2 -1
413647 25 1
413690 5 1
413696 0 1
413712 23 1
413717 6 1
413744 10 1
413780 1 1
413827 0 1
413830 2 -1
413835 3 1
413873 4 1
413905 27 1
413948 21 1
413948 0 1
413958 1 1
413970 26 1
414002 17 1
414077 28 1
414077 0 1
414083 5 1
414152 3 1
414163 4 1
414195 22 1
414228 20 1
414228 16 1
414230 0 -1
414263 2 1
414362 0 -1
414367 1 -1
414432 6 -1
414453 19 1
414454 2 1
414494 0 -1
414518 25 1
414523 3 -1
414529 5 -1
414566 1 1
414647 23 1
414660 2 1
414711 7 -1
414728 1 1
414771 0 1
414808 15 -1
414894 6 1
414917 0 -1
414961 4 -1
415007 5 1
415012 8 1
415023 21 1
415024 0 1
415030 1 1
415066 24 1
415077 3 1
415136 2 1
415195 18 -1
415217 27 1
415217 1 -1
415292 0 1
415292 17 -1
415324 25 1
415367 2 -1
415380 4 -1
415391 1 1
415394 3 1
415442 6 -1
415474 5 -1
415475 0 -1
415550 7 -1
415552 1 1
415589 0 1
415620 3 -1
415679 4 -1
415682 2 1
415711 12 1
415755 1 -1
415840 29 1
415851 9 1
415872 6 1
415891 0 1
415904 5 -1
415926 2 -1
415933 1 1
415969 8 -1
415969 26 1
415989 4 -1
415992 0 -1
416017 13 -1
416033 11 -1
416055 30 1
416066 14 -1
416090 3 -1
416106 1 1
416117 2 -1
416122 0 -1
416130 16 -1
416178 19 -1
416227 22 -1
416235 0 1
416318 5 1
416329 2 -1
416332 4 1
416356 3 -1
416356 7 1
416359 0 1
416377 15 -1
416377 18 -1
416420 21 -1
416454 1 -1
416501 0 1
416533 20 -1
416533 23 -1
416533 17 -1
416552 2 1
416565 16 -1
416571 6 -1
416571 31 1
416598 3 -1
416614 0 1
416626 1 -1
416635 24 -1
416727 22 -1
416743 4 1
416797 18 -1
416815 1 1
416888 20 -1
416939 0 1
416968 23 -1
416969 10 1
417001 12 1
417033 19 -1
417046 2 -1
417071 0 1
417073 22 -1
417140 21 -1
417150 4 1
417151 24 -1
417164 1 1
417173 3 -1
417178 13 1
417226 17 1
417240 0 1
417259 27 -1
417259 2 -1
417280 15 1
417287 1 -1
417323 16 1
417355 20 -1
417420 6 1
417484 1 1
417495 9 1
417517 22 -1
417517 0 -1
417522 2 -1
417527 3 1
417624 18 1
417635 0 -1
417670 17 1
417710 26 -1
417742 25 -1
417758 5 1
417793 0 1
417807 1 1
417823 3 -1
417839 19 1
417855 4 -1
417952 18 1
417964 1 1
418027 2 1
418032 14 -1
418033 23 -1
418054 21 1
418062 0 -1
418065 17 1
418121 7 -1
418129 20 1
418161 1 1
418194 5 1
418210 19 1
418218 4 1
418226 2 1
418238 0 1
418309 1 -1
418376 0 1
418419 24 -1
418452 9 1
418457 2 -1
418468 3 1
418480 1 1
418484 16 -1
418505 6 -1
418532 4 1
418548 5 1
418551 0 1
418669 1 1
418677 7 1
418683 3 -1
418720 0 1
418742 20 1
418785 18 -1
418806 25 -1
418871 1 -1
418892 3 1
418898 0 1
418925 2 1
418935 17 -1
419056 0 -1
419064 13 1
419086 6 1
419086 15 1
419107 21 1
419150 28 -1
419161 2 -1
419236 8 -1
419246 1 1
419258 4 1
419286 0 1
419311 5 -1
419317 3 -1
419322 7 -1
419354 2 -1
419355 26 -1
419365 27 -1
419365 14 1
419403 16 1
419413 1 1
419414 0 1
419529 3 1
419558 1 1
419559 0 -1
419596 2 1
419612 22 1
419637 4 1
419655 6 -1
419666 24 -1
419677 5 -1
419741 3 -1
419774 10 1
419819 2 -1
419840 1 -1
419860 18 1
419873 0 -1
419935 23 1
420012 1 1
420024 0 1
420048 4 1
420048 2 1
420053 11 -1
420139 15 -1
420150 0 -1
420161 8 1
420205 1 -1
420209 5 -1
420273 16 -1
420282 2 -1
420303 3 1
420441 0 -1
420536 1 1
420574 0 -1
420604 4 -1
420628 20 -1
420634 3 1
420655 2 1
420695 1 1
420701 0 -1
420709 17 -1
420741 25 -1
420749 7 -1
420848 6 -1
420882 1 -1
420883 2 -1
420889 0 1
420913 14 1
420924 3 -1
421010 5 -1
421026 0 1
421047 4 -1
421051 1 -1
421085 8 -1
421123 2 1
421171 15 1
421184 0 -1
421205 1 -1
421289 3 -1
421354 7 -1
421364 0 1
421366 1 -1
421375 9 1
421386 12 1
421418 4 1
421418 6 1
421429 21 -1
421450 19 1
421450 5 1
421551 1 1
421561 3 1
421585 2 1
421612 17 1
421647 0 -1
421786 3 -1
421794 18 1
421813 4 1
421819 2 -1
421821 0 -1
421837 23 1
421880 5 1
421884 1 -1
421886 7 1
421913 6 1
421966 20 1
421982 0 -1
422031 3 -1
422042 2 -1
422051 1 -1
422095 10 -1
422184 4 -1
422196 1 -1
422224 16 -1
422230 0 -1
422256 19 1
422367 0 -1
422407 5 1
422439 9 -1
422472 2 1
422504 11 1
422527 0 1
422587 4 -1
422590 24 1
422591 1 1
422595 3 1
422660 2 1
422722 1 -1
422748 0 -1
422751 8 1
422762 28 -1
422848 3 1
422858 5 -1
422859 2 1
422873 1 -1
422891 6 1
422892 0 1
422998 4 -1
423004 0 -1
423052 2 1
423076 3 -1
423111 7 1
423127 17 1
423130 0 -1
423240 0 1
423268 1 -1
423283 2 -1
423294 5 1
423321 22 1
423370 0 1
423450 13 1
423458 1 1
423493 18 1
423495 2 -1
423514 16 1
423525 0 -1
423536 21 1
423611 3 1
423619 1 1
423681 2 -1
423697 6 1
423761 5 -1
423808 4 -1
423822 1 1
423842 0 1
423853 3 1
423933 23 1
423990 0 -1
423998 25 1
424010 1 -1
424073 24 1
424081 0 -1
424111 3 1
424111 26 1
424138 6 -1
424143 2 1
424167 1 -1
424181 9 -1
424191 22 1
424240 4 -1
424266 15 -1
424320 7 1
424328 1 -1
424331 0 -1
424374 2 -1
424395 27 1
424396 21 1
424481 29 1
424482 0 1
424492 8 1
424514 19 -1
424562 4 -1
424592 2 1
424643 0 -1
424643 10 1
424675 20 -1
424683 1 1
424686 3 1
424686 5 1
424707 25 1
424847 24 1
424847 18 -1
424864 1 -1
424882 3 -1
424933 12 1
424952 0 1
425001 1 1
425019 2 1
425030 7 -1
425040 28 1
425040 6 1
425062 26 1
425097 0 1
425105 14 1
425126 16 1
425137 3 -1
425175 5 1
425223 4 1
425239 2 -1
425263 0 1
425266 11 -1
425328 1 1
425363 8 -1
425376 3 -1
425384 13 -1
425391 0 1
425449 2 -1
425509 1 -1
425515 0 1
425537 4 1
425545 20 -1
425556 27 1
425578 23 -1
425578 17 -1
425588 5 1
425599 15 -1
425661 0 -1
425668 1 -1
425674 3 1
425696 21 -1
425803 22 -1
425809 0 1
425857 14 -1
425863 2 -1
425904 4 -1
425932 19 -1
425948 20 -1
426013 3 1
426051 12 -1
426061 17 -1
426062 1 -1
426083 21 -1
426086 2 1
426094 6 -1
426099 0 1
426126 23 -1
426190 25 -1
426201 24 -1
426217 1 -1
426247 0 -1
426266 18 -1
426303 7 1
426335 19 -1
426346 3 1
426357 0 1
426389 2 -1
426392 1 -1
426405 21 -1
426524 15 1
426529 22 -1
426577 13 1
426615 0 1
426642 16 1
426686 1 -1
426755 0 -1
426787 4 -1
426803 26 -1
426808 3 -1
426821 1 1
426846 2 -1
426851 17 1
426889 21 -1
426894 6 -1
426910 14 1
426921 8 1
426932 23 -1
426937 0 -1
427000 1 -1
427012 5 1
427013 7 -1
427029 22 -1
427029 25 -1
427029 16 1
427029 18 1
427058 2 -1
427061 30 -1
427101 4 -1
427109 3 1
427141 19 1
427142 20 1
427236 0 -1
427276 24 -1
427283 1 1
427303 2 1
427311 3 -1
427351 18 1
427426 5 1
427428 1 -1
427432 4 -1
427432 0 1
427448 12 -1
427512 19 1
427526 0 1
427544 20 1
427589 1 -1
427649 0 1
427727 9 -1
427773 0 1
427781 2 1
427816 3 -1
427819 16 -1
427843 4 -1
427845 6 -1
427878 8 -1
427921 15 -1
427922 0 -1
427932 17 -1
427948 1 -1
427964 5 1
428009 2 -1
428028 7 -1
428035 0 1
428050 3 -1
428093 23 -1
428127 1 1
428133 4 1
428136 24 -1
428157 25 -1
428211 2 -1
428222 29 -1
428291 3 -1
428312 1 -1
428332 0 1
428426 6 1
428480 4 -1
428515 0 -1
428601 2 -1
428625 1 -1
428657 0 -1
428695 27 -1
428705 17 1
428802 4 -1
428802 1 1
428824 2 -1
428867 15 1
428888 3 -1
428899 5 1
428910 0 -1
428931 20 1
428951 1 1
428979 6 1
428996 8 1
429028 19 1
429031 0 -1
429036 7 -1
429049 2 1
429110 1 -1
429125 10 1
429146 18 1
429157 22 1
429162 3 -1
429168 0 -1
429189 21 1
429221 17 1
429232 9 -1
429253 5 -1
429278 1 -1
429382 11 -1
429383 3 1
429396 0 1
429433 1 -1
429463 16 -1
429483 4 -1
429517 2 1
429524 0 1
429568 1 1
429597 14 -1
429608 3 1
429630 5 -1
429654 0 1
429735 2 -1
429769 23 1
429777 4 -1
429791 8 1
429812 12 -1
429898 25 -1
429909 6 1
429927 0 1
429941 15 -1
429943 1 1
429963 16 -1
429984 2 1
429990 3 -1
430011 17 -1
430049 0 1
430051 4 1
430078 1 -1
430081 18 -1
430092 13 1
430188 19 -1
430202 2 -1
430205 0 -1
430210 5 1
430229 1 -1
430237 3 -1
430293 7 -1
430371 6 -1
430393 2 -1
430446 3 1
430491 0 1
430584 1 1
430619 2 -1
430632 0 1
430672 21 -1
430694 5 -1
430729 4 -1
430745 1 1
430758 14 1
430758 0 1
430769 16 1
430790 6 -1
430823 9 -1
430839 2 1
430866 17 1
430930 26 -1
430950 1 1
430954 3 1
431003 7 1
431022 0 1
431027 18 1
431035 4 -1
431091 5 -1
431102 15 1
431194 0 1
431210 3 1
431269 19 1
431274 24 1
431280 2 -1
431289 1 -1
431314 0 1
431325 4 -1
431360 31 -1
431430 3 -1
431448 1 -1
431521 2 1
431543 20 1
431543 5 1
431615 7 1
431618 0 1
431640 1 1
431640 10 -1
431718 0 -1
431728 2 -1
431758 8 1
431790 9 -1
431799 1 1
431829 0 1
431865 6 1
431924 3 -1
431930 17 -1
431962 0 1
431982 4 1
431982 1 -1
432048 11 -1
432048 30 -1
432092 0 1
432145 2 -1
432162 1 1
432209 0 -1
432220 3 1
432284 25 1
432287 1 -1
432327 6 -1
432328 0 -1
432328 2 -1
432349 4 -1
432413 5 -1
432438 3 -1
432478 13 1
432499 2 1
432542 22 1
432607 23 1
432607 0 1
432650 12 1
432655 1 -1
432671 4 -1
432693 21 1
432693 8 -1
432717 0 -1
432736 28 1
432757 15 1
432846 0 -1
432857 1 -1
432886 6 1
432911 2 1
432929 3 1
432930 24 1
432972 5 -1
433010 20 1
433030 1 -1
433082 4 -1
433091 0 1
433104 2 1
433155 17 1
433182 3 1
433187 29 1
433214 0 1
433284 26 1
433338 18 1
433349 16 -1
433349 2 -1
433359 0 -1
433397 23 1
433409 1 -1
433424 3 1
433449 4 1
433467 14 -1
433483 5 -1
433531 24 1
433542 6 1
433582 1 -1
433588 2 1
433617 0 -1
433649 3 -1
433703 22 1
433719 7 1
433725 0 1
433731 1 -1
433768 4 1
433789 9 1
433803 2 -1
433848 25 1
433864 3 1
433881 0 -1
433897 27 1
434015 0 1
434028 2 1
434101 6 -1
434106 3 1
434122 0 -1
434123 26 1
434126 4 -1
434143 1 1
434198 28 1
434246 2 1
434273 0 1
434290 1 1
434321 3 -1
434370 5 -1
434370 15 1
434431 0 1
434434 8 -1
434445 19 -1
434445 20 -1
434445 7 -1
434456 18 -1
434473 1 -1
434542 16 1
434542 24 1
434558 10 -1
434563 12 -1
434574 6 -1
434606 13 -1
434634 1 -1
434670 11 -1
434697 2 1
434711 0 1
434771 4 -1
434789 5 -1
434800 9 1
434817 0 -1
434828 1 1
434832 3 -1
434869 2 -1
434885 14 -1
434899 0 -1
434907 21 -1
434993 20 -1
434993 1 1
435009 23 -1
435041 19 -1
435049 4 -1
435049 2 -1
435065 22 -1
435100 0 1
435124 3 1
435143 18 -1
435186 1 -1
435240 0 -1
435267 17 -1
435305 21 -1
435315 25 -1
435327 0 -1
435396 20 -1
435396 3 1
435444 16 -1
435476 19 -1
435477 4 -1
435477 22 -1
435477 5 1
435482 2 1
435487 15 -1
435571 1 1
435595 0 1
435654 7 1
435659 21 -1
435713 2 1
435743 1 1
435751 0 -1
435831 6 1
435858 3 1
435864 22 -1
435880 23 -1
435893 0 1
435912 1 1
435917 27 -1
435933 2 -1
435984 0 1
436025 20 -1
436089 3 -1
436107 0 1
436111 24 -1
436178 4 -1
436218 25 -1
436245 0 1
436250 17 1
436283 5 1
436309 1 -1
436347 14 1
436363 23 -1
436385 0 -1
436393 2 -1
436436 3 -1
436528 4 1
436541 22 -1
436561 1 1
436573 18 1
436602 2 -1
436666 0 1
436696 1 -1
436702 5 1
436713 24 -1
436785 0 1
436799 17 1
436815 2 -1
436820 6 -1
436839 4 1
436847 20 1
436863 9 -1
436895 19 1
436906 0 1
436992 3 1
437014 8 -1
437032 1 -1
437035 2 1
437105 7 1
437110 0 1
437207 5 1
437207 30 -1
437212 1 1
437218 16 -1
437235 0 1
437250 2 1
437285 3 -1
437293 6 1
437371 1 1
437382 0 -1
437411 26 -1
437473 2 -1
437508 21 1
437511 3 1
437540 1 1
437551 28 -1
437551 18 -1
437560 4 1
437572 23 -1
437573 24 -1
437599 5 1
437645 7 -1
437679 1 1
437723 2 1
437726 0 -1
437728 3 -1
437798 13 1
437826 0 1
437857 6 1
437879 4 1
437879 1 -1
437895 31 -1
437916 15 1
437949 3 -1
437986 0 -1
438024 27 -1
438056 1 1
438088 14 1
438137 5 1
438137 0 1
438164 2 1
438169 16 1
438217 3 -1
438260 8 -1
438282 12 1
438282 7 -1
438284 0 -1
438290 4 1
438346 2 -1
438403 1 1
438427 0 1
438475 25 -1
438532 0 -1
438540 19 1
438540 3 -1
438556 22 1
438572 17 1
438583 21 1
438592 1 -1
438596 2 -1
438615 5 -1
438669 10 -1
438677 4 -1
438745 1 -1
438814 0 1
438894 6 -1
438948 15 -1
438948 8 1
438975 0 -1
438991 16 -1
439013 18 -1
439023 4 1
439044 1 -1
439056 5 1
439056 26 -1
439104 2 1
439134 3 -1
439143 0 -1
439217 7 1
439217 1 -1
439359 2 -1
439378 4 1
439390 1 -1
439410 3 -1
439432 6 1
439445 0 -1
439572 9 1
439572 17 -1
439577 0 -1
439582 2 1
439614 11 1
439668 13 1
439725 4 1
439725 0 1
439754 3 -1
439767 1 -1
439830 14 1
439878 5 1
439883 6 -1
439914 1 -1
439959 12 -1
439977 0 -1
440023 29 -1
440061 2 1
440071 1 -1
440152 0 -1
440160 7 -1
440221 1 -1
440259 5 1
440281 19 1
440302 28 -1
440308 0 1
440308 2 1
440378 20 1
440378 3 1
440410 17 1
440428 1 -1
440453 0 -1
440453 8 -1
440496 2 -1
440499 4 -1
440560 24 1
440564 1 1
440601 0 1
440646 3 1
440676 7 1
440689 15 -1
440712 0 -1
440722 5 -1
440749 23 1
440749 1 -1
440775 21 1
440813 4 -1
440851 6 -1
440861 0 1
440942 3 -1
440953 2 -1
440990 10 -1
441077 1 -1
441087 25 1
441111 4 -1
441122 0 1
441136 2 -1
441184 8 -1
441216 1 1
441248 20 1
441248 16 -1
441273 0 -1
441313 9 -1
441372 2 1
441377 24 1
441378 18 -1
441387 1 -1
441410 6 1
441418 0 1
441469 3 -1
441571 23 1
441603 7 -1
441635 22 1
441657 5 -1
441678 0 1
441721 3 -1
441772 1 -1
441784 4 1
441794 0 -1
441829 26 1
441845 2 1
441947 3 1
441960 0 -1
441964 1 1
441979 12 1
442057 2 1
442087 24 1
442119 25 1
442135 4 -1
442151 1 -1
442173 3 -1
442189 0 -1
442226 2 -1
442323 0 1
442388 21 1
442409 3 -1
442425 4 -1
442448 0 1
442466 1 -1
442474 23 1
442577 0 1
442624 30 1
442653 1 1
442662 3 -1
442689 24 1
442691 2 -1
442697 0 -1
442710 27 1
442753 6 -1
442764 22 1
442796 5 -1
442812 1 1
442820 0 -1
442896 3 1
442925 2 -1
442941 13 -1
442947 0 -1
442968 11 -1
443006 16 -1
443011 8 -1
443038 4 -1
443038 1 1
443140 18 -1
443183 28 1
443215 20 -1
443218 2 1
443231 1 -1
443240 0 1
443253 5 1
443312 6 1
443312 9 -1
443360 0 1
443382 3 1
443384 4 -1
443393 17 -1
443413 1 1
443473 19 -1
443505 29 1
443506 25 1
443519 0 -1
443570 31 1
443570 10 -1
443570 26 1
443574 1 1
443589 3 -1
443656 27 1
443675 4 -1
443677 2 1
443763 21 -1
443764 18 -1
443796 16 -1
443814 0 -1
443841 3 -1
443855 6 -1
443900 1 1
443930 2 1
443952 0 1
443957 19 -1
443957 4 1
444038 17 -1
444054 22 -1
444080 0 1
444106 1 1
444121 2 1
444123 5 -1
444172 15 -1
444193 21 -1
444231 20 -1
444231 7 1
444231 1 -1
444290 2 -1
444299 4 -1
444301 3 1
444336 0 1
444352 19 -1
444416 23 -1
444443 0 -1
444484 2 -1
444494 6 -1
444548 21 -1
444569 3 1
444590 1 -1
444594 0 1
444634 20 -1
444654 4 1
444666 24 -1
444709 2 1
444723 0 1
444735 1 1
444803 23 -1
444811 22 -1
444897 5 -1
444903 3 -1
444903 0 1
444910 1 -1
444916 2 1
445021 25 -1
445029 4 -1
445032 14 1
445053 13 1
445102 0 -1
445182 24 -1
445198 16 1
445198 17 1
445222 1 1
445225 6 1
445230 23 -1
445257 0 1
445300 5 -1
445311 22 -1
445311 18 1
445327 7 -1
445335 3 1
445381 2 1
445408 1 -1
445483 11 -1
445499 0 1
445553 3 -1
445577 1 -1
445604 0 -1
445634 15 1
445634 26 -1
445650 20 1
445658 2 1
445677 8 1
445714 4 1
445754 1 1
445763 0 1
445795 19 1
445806 18 1
445811 3 -1
445827 24 -1
445848 12 1
445849 2 -1
445892 17 1
445956 25 -1
445958 1 1
446020 23 -1
446096 0 1
446101 7 -1
446106 21 1
446109 4 1
446117 3 1
446133 1 1
446182 5 -1
446198 6 -1
446219 0 1
446246 16 -1
446278 2 1
446307 1 -1
446321 28 -1
446348 0 1
446407 3 -1
446440 4 1
446539 2 1
446585 5 -1
446625 0 -1
446631 1 -1
446665 27 -1
446703 3 1
446751 6 1
446757 0 -1
446776 2 -1
446794 8 1
446835 1 1
446880 9 1
446905 0 1
446988 3 1
446996 1 1
447009 18 -1
447052 25 -1
447084 5 -1
447117 4 1
447117 14 1
447117 21 1
447141 0 1
447181 15 1
447181 30 -1
447182 26 -1
447224 2 -1
447246 22 1
447257 0 1
447345 1 -1
447353 11 -1
447407 17 1
447411 4 -1
447428 0 -1
447439 6 1
447439 2 -1
447504 16 1
447525 3 -1
447592 1 1
447600 10 -1
447654 2 1
447665 8 -1
447697 29 -1
447697 0 1
447705 4 1
447705 7 1
447729 13 -1
447788 1 -1
447802 0 -1
447869 3 -1
447901 5 -1
447912 9 1
447926 0 -1
447928 2 1
448084 23 1
448135 1 1
448149 19 -1
448165 3 1
448173 2 -1
448235 0 -1
448278 6 1
448288 5 -1
448326 1 -1
448334 4 1
448342 2 1
448381 0 1
448406 20 -1
448483 1 -1
448538 0 -1
448557 12 1
448560 2 -1
448632 4 1
448673 7 -1
448729 21 -1
448777 3 -1
448783 5 1
448834 1 -1
448837 0 -1
448880 9 1
448890 16 1
448901 28 -1
448912 6 1
448923 26 -1
448939 10 1
448955 4 -1
448987 27 -1
448987 17 1
448998 2 1
448999 1 1
449008 0 -1
449030 14 1
449065 3 1
449095 18 1
449121 0 1
449152 1 -1
449164 7 1
449205 2 -1
449266 0 -1
449309 3 1
449368 6 1
449395 0 -1
449406 2 -1
449438 8 -1
449483 1 -1
449503 25 1
449514 5 -1
449535 19 1
449546 0 1
449632 4 -1
449632 23 1
449644 1 -1
449676 0 1
449696 24 1
449761 3 1
449813 1 -1
449847 18 1
449863 2 -1
449890 20 1
449901 5 -1
449962 0 -1
450019 4 1
450046 3 -1
450094 2 1
450105 0 1
450158 1 1
450212 22 1
450231 0 1
450277 17 -1
450282 6 -1
450303 1 1
450304 5 -1
450309 8 1
450333 4 1
450352 3 1
450363 2 1
450382 7 1
450422 23 1
450460 1 1
450513 0 -1
450535 24 1
450653 0 -1
450664 10 -1
450728 6 -1
450798 3 1
450817 0 -1
450825 25 1
450830 2 1
450867 1 -1
451035 1 -1
451053 2 -1
451062 0 1
451121 3 1
451164 5 1
451220 0 1
451252 4 -1
451252 1 -1
451266 24 1
451293 2 1
451328 0 -1
451341 3 -1
451373 26 1
451405 7 1
451426 1 1
451462 0 -1
451502 22 1
451502 2 1
451567 20 1
451577 0 1
451617 1 -1
451631 25 1
451651 4 -1
451653 5 -1
451706 6 1
451738 11 -1
451740 0 1
451766 2 1
451804 1 1
451857 3 -1
451868 27 1
451889 29 1
451892 0 -1
451911 15 -1
451917 4 1
451954 8 -1
451962 1 -1
452018 7 -1
452018 2 -1
452072 5 1
452131 0 1
452169 30 1
452179 3 -1
452212 26 1
452214 2 -1
452263 0 1
452297 6 -1
452334 1 -1
452340 13 -1
452384 0 1
452432 3 -1
452491 5 1
452518 1 -1
452554 4 1
452639 0 1
452669 1 -1
452684 12 -1
452685 2 -1
452706 18 -1
452768 0 1
452770 21 -1
452792 16 -1
452885 0 -1
452889 23 -1
452909 4 -1
452921 5 1
452937 2 1
452985 19 -1
452986 6 1
453018 20 -1
453028 1 1
453028 3 -1
453071 27 1
453114 22 -1
453136 2 1
453141 0 -1
453187 1 1
453195 4 -1
453265 18 -1
453270 0 -1
453297 3 -1
453308 21 -1
453335 5 -1
453372 15 -1
453372 17 -1
453393 1 1
453394 24 -1
453423 0 1
453445 20 -1
453469 19 -1
453490 3 1
453534 0 -1
453534 2 1
453550 23 -1
453574 22 -1
453630 6 1
453659 0 -1
453716 21 -1
453727 5 -1
453755 1 1
453777 0 -1
453778 2 -1
453867 0 -1
453904 20 -1
453904 4 -1
453920 25 -1
453933 1 1
453953 22 -1
453961 23 -1
453969 3 -1
453980 2 -1
454017 26 -1
454039 24 -1
454082 16 1
454112 1 -1
454158 4 1
454162 7 -1
454178 6 -1
454189 0 1
454211 3 -1
454277 1 1
454341 0 -1
454361 11 1
454410 2 1
454415 3 1
454436 22 -1
454437 17 1
454469 1 1
454469 8 -1
454485 19 1
454493 0 1
454501 4 1
454598 10 -1
454624 1 1
454624 3 -1
454641 24 -1
454662 13 1
454684 2 1
454732 5 1
454783 1 1
454813 18 1
454827 4 -1
454839 0 1
454882 2 1
454888 25 -1
454936 20 1
454943 0 -1
454963 3 -1
455006 14 -1
455006 15 -1
455049 7 -1
455073 0 -1
455116 2 -1
455158 1 1
455178 23 -1
455183 5 -1
455186 4 1
455189 9 -1
455210 16 -1
455256 3 1
455264 28 -1
455299 1 -1
455326 0 -1
455328 8 1
455345 2 -1
455371 17 -1
455414 6 1
455436 24 -1
455460 0 -1
455484 1 1
455538 2 -1
455553 4 -1
455554 3 -1
455570 0 1
455597 5 -1
455742 7 1
455758 29 -1
455758 18 -1
455780 2 1
455801 0 -1
455855 25 -1
455866 21 1
455873 1 -1
455875 4 1
455952 0 1
456016 6 -1
456040 3 -1
456041 1 -1
456081 27 -1
456124 0 1
456145 9 -1
456238 1 1
456288 2 -1
456339 3 1
456339 24 -1
456411 0 -1
456456 4 -1
456511 2 1
456522 0 -1
456548 10 1
456554 15 1
456575 6 1
456597 5 1
456617 1 1
456626 0 1
456640 8 -1
456683 3 1
456737 2 -1
456758 26 -1
456792 1 -1
456826 4 -1
456898 30 -1
456919 11 -1
456919 0 1
456964 1 -1
456968 5 1
456984 19 1
456984 22 1
456984 9 1
457032 7 -1
457070 12 -1
457070 18 1
457102 0 1
457137 4 -1
457149 1 1
457156 31 -1
457177 3 -1
457203 0 -1
457231 2 1
457306 23 1
457318 1 -1
457416 3 -1
457416 0 -1
457457 2 -1
457494 1 1
457548 0 -1
457586 28 -1
457586 21 1
457596 6 -1
457607 5 -1
457645 2 -1
457661 1 1
457693 7 1
457701 0 1
457709 10 1
457714 3 1
457811 0 1
457854 4 1
457916 0 -1
457930 14 1
458037 9 -1
458048 6 1
458048 1 1
458091 2 1
458136 0 -1
458148 4 1
458205 1 1
458274 16 1
458290 17 1
458295 0 1
458317 2 -1
458327 3 1
458360 1 1
458419 4 -1
458435 5 1
458467 6 -1
458467 23 1
458467 7 -1
458505 2 1
458533 0 -1
458585 8 1
458628 3 -1
458640 0 1
458693 2 1
458697 1 -1
458725 5 1
458725 24 1
458784 0 -1
458854 19 1
458880 1 1
458908 3 1
458940 2 -1
459047 20 1
459056 1 1
459064 22 1
459093 5 1
459096 0 -1
459133 21 1
459150 2 -1
459160 3 1
459180 4 1
459238 0 1
459262 9 -1
459273 25 1
459305 26 1
459338 2 -1
459386 3 -1
459391 0 -1
459410 1 1
459434 24 1
459471 4 -1
459477 6 -1
459499 5 1
459571 1 1
459639 0 -1
459649 3 -1
459649 8 1
459725 1 1
459773 2 1
459797 4 -1
459800 0 -1
459821 29 1
459896 3 -1
459904 1 -1
459918 5 1
459918 23 1
459934 7 1
459958 0 1
460020 2 -1
460061 1 -1
460079 15 1
460109 0 -1
460144 6 -1
460224 4 -1
460224 25 1
460225 1 -1
460238 2 1
460273 5 1
460273 17 1
460281 0 -1
460369 1 1
460429 0 1
460466 16 1
460583 4 1
460595 26 1
460601 0 1
460617 3 1
460638 5 -1
460638 2 1
460660 22 1
460681 27 1
460692 7 -1
460728 1 -1
460812 0 1
460832 6 1
460856 3 1
460873 1 1
460875 24 1
460958 4 -1
460971 2 -1
460996 0 1
460998 25 1
461014 10 -1
461025 9 -1
461057 8 -1
461059 1 -1
461068 28 1
461079 3 -1
461111 23 1
461124 0 1
461202 2 1
461283 12 -1
461341 4 1
461396 0 1
461430 1 -1
461434 7 1
461533 0 1
461573 5 -1
461619 1 1
461632 3 1
461635 2 -1
461649 0 1
461691 13 -1
461692 14 -1
461790 1 -1
461804 19 -1
461837 17 -1
461842 9 1
461853 3 -1
461855 2 -1
461885 20 -1
461885 8 1
461907 18 -1
461949 16 -1
461960 6 1
461971 0 -1
462057 27 1
462078 3 -1
462080 1 1
462086 4 -1
462089 2 1
462117 0 1
462175 5 1
462240 0 -1
462272 22 -1
462284 1 1
462315 11 -1
462318 2 -1
462344 4 1
462379 0 1
462401 29 1
462429 1 -1
462487 21 -1
462498 3 -1
462506 0 1
462514 6 -1
462530 23 -1
462535 2 -1
462562 20 -1
462580 1 -1
462617 0 -1
462643 4 1
462659 12 1
462659 24 -1
462691 5 1
462735 1 -1
462737 3 -1
462756 0 -1
462782 2 1
462899 1 -1
462965 3 1
463024 2 -1
463046 6 -1
463048 0 -1
463058 1 -1
463078 23 -1
463118 7 -1
463132 21 -1
463185 3 -1
463245 0 1
463304 8 -1
463368 15 1
463368 24 -1
463398 0 -1
463400 4 -1
463401 22 -1
463417 1 -1
463427 3 -1
463454 2 1
463598 1 -1
463605 5 -1
463605 18 1
463642 3 1
463658 23 -1
463669 2 -1
463675 0 1
463739 4 -1
463781 1 1
463795 7 1
463804 0 1
463900 3 1
463900 2 1
463908 0 -1
463981 26 -1
464013 25 -1
464024 6 -1
464053 4 -1
464056 5 1
464078 19 1
464170 1 -1
464192 0 1
464320 0 1
464325 8 -1
464336 1 -1
464360 2 1
464446 0 1
464465 5 1
464465 13 -1
464486 11 -1
464525 1 1
464529 9 1
464545 3 -1
464551 2 1
464577 7 -1
464680 6 -1
464723 23 -1
464723 0 -1
464728 2 -1
464763 4 -1
464787 10 -1
464808 3 -1
464876 0 1
464884 1 -1
464980 21 1
464999 0 1
465017 1 1
465018 3 1
465088 24 -1
465093 4 -1
465110 25 -1
465120 8 -1
465142 6 -1
465142 7 1
465153 18 -1
465202 1 -1
465206 9 1
465217 2 -1
465238 31 -1
465284 0 -1
465351 1 1
465357 5 1
465368 26 -1
465437 2 1
465453 27 -1
465456 0 -1
465464 4 1
465486 3 -1
465504 1 1
465631 0 -1
465674 2 -1
465682 1 -1
465787 3 -1
465824 5 -1
465863 1 -1
465869 0 1
465883 4 -1
465900 7 1
465908 2 1
465988 0 1
466012 15 1
466090 3 -1
466098 0 1
466136 2 -1
466218 1 -1
466238 5 -1
466238 17 1
466249 9 1
466270 22 1
466270 25 -1
466281 6 -1
466282 4 1
466302 20 1
466372 2 1
466401 0 1
466409 1 1
466491 0 1
466517 3 1
466528 11 1
466593 19 1
466595 2 -1
466629 1 1
466671 0 1
466700 6 -1
466758 4 -1
466792 3 1
466794 0 1
466810 7 1
466813 5 1
466851 10 -1
466872 8 -1
466915 23 1
466939 0 1
466947 1 -1
467044 28 -1
467063 0 1
467080 4 -1
467093 2 1
467127 1 1
467130 30 -1
467135 3 1
467173 26 -1
467189 0 1
467205 13 1
467216 6 -1
467221 5 1
467264 1 -1
467334 22 1
467345 24 1
467377 2 1
467474 3 1
467480 0 -1
467496 7 1
467576 1 -1
467619 0 1
467641 2 1
467651 5 -1
467678 8 -1
467732 3 1
467756 1 1
467799 0 1
467818 4 -1
467818 16 1
467887 1 -1
468001 3 1
468022 5 1
468060 1 -1
468092 10 -1
468122 2 1
468157 0 1
468162 14 -1
468205 20 1
468205 1 -1
468253 4 1
468266 0 1
468304 2 -1
468334 24 1
468345 3 1
468354 1 1
468377 0 1
468452 6 1
468519 2 1
468548 1 -1
468592 8 1
468603 0 1
468608 4 -1
468689 23 1
468721 9 -1
468769 0 1
468796 5 1
468850 25 1
468886 1 1
468916 0 -1
468941 2 1
469003 7 1
469022 6 -1
469025 3 1
469052 0 -1
469080 1 -1
469194 0 1
469205 2 1
469217 1 1
469237 4 -1
469250 3 -1
469301 0 -1
469323 5 -1
469398 2 1
469430 6 1
469463 0 1
469489 3 -1
469561 1 -1
469624 17 1
469648 4 -1
469715 5 -1
469737 1 -1
469780 0 -1
469785 7 -1
469823 2 -1
469882 25 1
469893 9 -1
469904 1 1
469930 0 1
469938 3 -1
469957 6 -1
470023 4 1
470048 2 1
470097 24 1
470097 0 1
470177 3 -1
470192 1 -1
470269 23 1
470272 2 -1
470312 12 1
470336 0 -1
470341 1 1
470398 3 1
470430 6 1
470452 5 1
470508 0 -1
470527 8 -1
470531 1 -1
470583 4 1
470610 0 1
470688 7 1
470742 27 1
470742 21 -1
470753 2 -1
470890 1 1
470916 0 1
470924 6 1
470926 4 -1
470946 5 1
470978 25 1
471000 28 1
471005 3 1
471005 2 -1
471086 9 1
471094 0 1
471099 1 -1
471107 26 1
471172 19 -1
471193 0 -1
471208 4 1
471228 2 1
471285 1 1
471290 3 -1
471354 0 -1
471414 5 -1
471451 8 1
471483 3 1
471484 0 -1
471486 4 1
471580 6 1
471591 10 -1
471620 0 -1
471693 2 1
471730 1 -1
471747 3 1
471771 0 1
471774 31 1
471784 22 -1
471817 18 -1
471849 16 -1
471857 4 -1
471865 1 1
471876 2 -1
471946 29 1
472016 0 -1
472023 3 -1
472036 1 1
472104 2 1
472107 20 -1
472146 0 -1
472195 4 -1
472203 11 -1
472204 21 -1
472212 7 -1
472236 23 -1
472260 3 -1
472287 0 1
472300 5 -1
472333 24 -1
472349 1 1
472354 8 -1
472462 17 -1
472494 19 -1
472507 0 1
472518 3 -1
472534 1 -1
472542 4 1
472596 2 1
472607 22 -1
472655 5 1
472660 0 -1
472695 1 -1
472784 7 1
472795 6 -1
472808 0 1
472835 2 -1
472961 3 1
473022 1 -1
473047 2 -1
473096 5 -1
473106 21 -1
473107 24 -1
473107 0 1
473139 25 -1
473155 1 1
473195 4 1
473225 3 1
473262 0 -1
473305 6 -1
473312 1 1
473313 2 -1
473321 14 1
473375 0 -1
473380 7 1
473493 2 1
473496 0 -1
473499 3 -1
473505 1 -1
473550 4 -1
473612 0 1
473622 22 -1
473665 18 1
473683 1 1
473730 2 -1
473751 27 -1
473751 23 -1
473752 9 -1
473752 26 -1
473754 0 -1
473762 6 1
473828 1 -1
473861 0 1
473880 4 -1
473880 24 -1
473926 2 -1
474005 1 1
474036 3 1
474098 0 -1
474138 5 1
474208 0 1
474246 8 -1
474256 3 -1
474348 2 1
474364 1 -1
474371 0 1
474504 3 -1
474549 1 1
474563 5 -1
474576 2 -1
474582 7 1
474611 28 -1
474611 12 1
474612 15 1
474646 0 1
474682 1 -1
474686 4 1
474719 6 -1
474740 24 -1
474770 0 1
474783 30 -1
474783 10 -1
474805 9 1
474821 2 1
474918 0 -1
474977 26 -1
475017 4 -1
475030 5 1
475061 1 -1
475106 8 1
475138 25 -1
475159 6 -1
475181 3 1
475224 0 -1
475235 16 1
475235 7 1
475259 1 1
475267 17 1
475321 2 -1
475364 0 -1
475372 4 -1
475396 19 1
475414 1 1
475514 3 1
475549 0 -1
475557 27 -1
475573 2 1
475643 11 -1
475665 9 -1
475667 0 -1
475670 6 -1
475742 3 1
475750 23 1
475773 0 1
475810 2 -1
475827 1 -1
475890 0 1
475912 22 1
475939 3 -1
475944 20 1
475976 7 -1
475992 5 -1
476000 0 -1
476013 1 1
476049 4 -1
476132 3 1
476138 8 1
476196 1 -1
476248 0 1
476256 2 -1
476299 10 1
476331 18 -1
476347 3 1
476387 4 -1
476388 1 -1
476398 0 -1
476417 5 -1
476481 2 1
476510 0 1
476543 1 -1
476557 3 -1
476605 13 1
476632 12 1
476696 15 1
476707 2 -1
476718 29 -1
476722 1 1
476730 4 1
476750 7 1
476761 6 1
476788 0 -1
476868 9 1
476884 5 1
476903 1 1
476911 23 1
476933 2 -1
476941 0 1
477019 3 1
477062 8 -1
477070 0 1
477105 14 1
477105 22 1
477121 4 -1
477142 2 1
477191 24 1
477222 1 1
477234 17 1
477236 3 -1
477309 6 1
477317 0 1
477320 21 1
477347 2 1
477395 7 1
477397 1 -1
477433 0 -1
477497 3 -1
477543 0 1
477562 2 1
477599 1 1
477633 4 1
477666 0 1
477685 16 -1
477755 5 -1
477782 25 1
477785 0 -1
477814 11 1
477814 8 -1
477868 6 -1
477943 7 -1
477955 1 1
477975 4 1
477976 0 1
478008 26 1
478024 2 1
478072 24 1
478080 0 -1
478131 1 -1
478142 3 1
478158 5 -1
478260 2 -1
478274 4 1
478309 9 -1
478310 1 -1
478331 0 -1
478341 6 -1
478443 0 1
478486 3 1
478486 2 1
478507 7 -1
478561 0 1
478620 5 1
478628 1 -1
478653 8 -1
478790 1 -1
478792 3 -1
478800 0 -1
478894 4 1
478910 6 1
478940 2 1
478951 0 1
478995 1 -1
479007 25 1
479084 0 1
479126 2 -1
479156 1 -1
479233 4 1
479249 3 1
479306 1 -1
479319 6 -1
479338 0 1
479375 2 -1
479384 8 -1
479426 5 1
479427 23 1
479455 1 -1
479464 0 1
479507 3 1
479572 4 1
479598 0 1
479599 9 1
479648 1 -1
479684 10 -1
479717 6 1
479749 22 -1
479749 26 1
479781 7 -1
479786 3 1
479792 0 1
479830 2 -1
479862 5 -1
479937 0 1
480012 3 -1
480017 1 -1
480055 2 1
480077 0 -1
480180 1 -1
480200 17 -1
480233 19 -1
480243 0 1
480244 18 -1
480265 20 -1
480265 2 1
480297 4 1
480319 5 1
480362 3 -1
480364 1 1
480480 2 -1
480544 6 -1
480571 7 -1
480587 0 1
480607 4 1
480668 3 1
480700 0 -1
480706 2 1
480716 13 1
480753 1 1
480792 5 -1
480859 0 1
480894 3 -1
480936 1 -1
480937 6 1
480956 2 1
480978 4 -1
481007 10 1
481017 15 -1
481060 21 -1
481060 9 -1
481082 8 1
481107 1 1
481149 0 1
481192 2 -1
481200 7 -1
481251 0 -1
481275 5 1
481318 3 -1
481375 0 -1
481404 30 1
481426 22 -1
481470 1 1
481490 16 -1
481555 6 -1
481591 4 -1
481603 1 -1
481606 0 1
481641 3 1
481641 2 1
481705 24 -1
481723 0 1
481748 23 -1
481776 1 1
481813 5 1
481819 0 1
481858 2 -1
481974 3 1
481974 8 -1
481982 4 1
482068 0 1
482087 2 1
482127 1 -1
482184 0 -1
482264 5 -1
482268 1 1
482313 0 -1
482329 4 -1
482420 6 1
482436 12 1
482458 1 -1
482458 10 -1
482552 0 1
482565 2 1
482657 0 -1
482697 3 -1
482756 4 -1
482788 2 -1
482792 0 1
482808 1 1
482845 7 -1
482888 9 1
482925 3 1
482952 24 -1
482970 1 1
482974 8 -1
483033 2 1
483038 23 -1
483038 17 1
483082 4 1
483103 0 1
483108 6 1
483113 5 1
483115 1 -1
483253 11 -1
483253 3 1
483277 0 1
483361 25 -1
483401 4 1
483420 0 1
483500 1 -1
483532 6 -1
483554 26 -1
483557 2 -1
483661 1 -1
483661 5 1
483667 7 -1
483750 0 1
483764 4 -1
483793 2 1
483812 27 -1
483812 14 1
483836 1 1
483876 9 1
483928 0 1
483941 3 1
484006 10 -1
484038 2 -1
484070 5 1
484073 0 -1
484169 0 1
484211 1 -1
484269 3 -1
484269 2 1
484328 28 -1
484360 0 1
484396 1 1
484429 4 1
484433 7 1
484486 0 1
484500 24 -1
484524 2 1
484538 1 -1
484575 6 1
484618 20 1
484629 12 -1
484634 0 -1
484640 3 1
484672 8 1
484727 1 1
484774 2 -1
484812 4 -1
484844 29 -1
484887 21 1
484892 1 1
484919 5 -1
484938 0 -1
484984 6 -1
484984 2 -1
485070 9 -1
485072 1 -1
485080 0 1
485188 11 1
485196 3 -1
485217 0 1
485231 16 -1
485231 25 -1
485231 10 -1
485235 4 -1
485255 1 1
485317 5 -1
485424 3 1
485446 18 -1
485462 2 1
485516 0 1
485553 13 -1
485555 1 -1
485564 8 -1
485585 6 1
485650 3 1
485666 0 1
485704 2 -1
485729 1 1
485747 19 -1
485787 0 1
485790 5 1
485880 1 -1
485896 4 1
485935 2 1
485989 7 1
486083 0 1
486126 3 -1
486144 6 -1
486198 23 1
486202 1 1
486238 4 1
486243 0 -1
486319 3 1
486353 0 1
486370 2 -1
486392 26 -1
486396 1 -1
486456 10 -1
486478 0 1
486478 8 1
486569 1 1
486577 4 -1
486591 2 1
486607 0 1
486650 5 -1
486650 12 -1
486655 3 1
486658 7 1
486717 0 -1
486725 6 1
486789 2 1
486871 1 -1
486875 0 1
486929 9 -1
487033 1 -1
487079 11 -1
487124 0 1
487128 3 -1
487144 5 -1
487155 6 -1
487214 2 -1
487218 1 1
487238 4 1
487246 7 1
487253 0 1
487380 3 -1
487418 2 -1
487420 1 -1
487426 0 1
487553 22 1
487601 1 1
487633 10 -1
487638 5 1
487649 4 1
487660 6 -1
487673 2 -1
487703 9 1
487735 0 1
487746 3 -1
487778 1 1
487811 18 -1
487872 0 1
487923 2 1
487948 1 -1
487988 4 1
487988 7 -1
488036 5 1
488052 0 1
488133 16 1
488146 2 -1
488160 3 -1
488197 14 1
488284 1 1
488314 4 1
488386 2 1
488412 0 -1
488431 1 -1
488434 3 -1
488434 8 -1
488531 6 -1
488547 5 1
488584 23 1
488590 0 -1
488606 2 -1
488629 1 -1
488649 4 1
488670 9 1
488713 0 -1
488714 17 1
488719 3 1
488842 7 -1
488869 0 1
488959 1 -1
488961 5 1
488991 4 -1
489004 6 -1
489006 0 -1
489060 2 -1
489063 3 1
489100 25 1
489125 0 -1
489141 1 1
489259 0 -1
489272 2 -1
489282 1 -1
489315 8 -1
489334 4 1
489369 3 -1
489455 5 1
489514 2 1
489538 0 1
489616 7 1
489632 3 -1
489643 6 -1
489653 1 1
489659 15 -1
489662 0 1
489786 0 1
489834 1 -1
489874 3 -1
489976 2 1
490003 4 -1
490003 0 -1
490011 1 -1
490148 0 1
490217 1 -1
490218 2 1
490320 0 1
490347 8 -1
490358 7 1
490382 1 -1
490406 4 1
490412 3 -1
490425 2 1
490433 12 -1
490476 9 -1
490487 5 -1
490519 27 1
490543 1 -1
490600 0 1
490648 11 -1
490680 10 1
490745 3 -1
490747 1 -1
490748 0 -1
490781 4 -1
490863 2 -1
490885 6 -1
490906 0 1
490971 3 -1
490976 5 -1
491032 0 1
491096 1 1
491116 2 1
491159 0 1
491218 8 1
491239 1 -1
491309 0 -1
491339 2 -1
491379 5 -1
491379 24 -1
491406 1 1
491427 6 1
491444 9 -1
491465 0 1
491495 4 -1
491513 3 -1
491567 2 1
491712 3 1
491741 1 1
491745 23 -1
491745 7 -1
491790 0 -1
491798 2 -1
491845 4 1
491863 6 1
491898 0 1
491926 1 -1
491938 22 -1
491970 10 1
491995 0 -1
492016 3 -1
492029 2 1
492069 1 1
492078 8 1
492115 4 -1
492196 13 1
492239 0 -1
492304 2 1
492325 12 -1
492325 9 -1
492368 5 1
492371 0 -1
492398 7 1
492436 1 1
492500 0 -1
492583 18 1
492615 1 -1
492736 4 -1
492755 11 -1
492771 3 1
492771 2 1
492790 0 1
492801 1 1
492803 5 -1
492852 6 1
492922 0 1
492986 10 -1
492997 2 -1
493002 7 1
493029 3 1
493034 0 -1
493099 8 1
493123 4 1
493133 0 1
493149 1 -1
493228 5 -1
493249 2 -1
493251 0 1
493276 6 -1
493329 1 -1
493373 3 1
493403 0 -1
493462 4 -1
493486 17 -1
493506 1 1
493542 0 1
493658 14 1
493685 3 -1
493722 6 -1
493725 2 1
493782 0 1
493787 24 -1
493881 1 1
493889 0 -1
493932 2 1
493959 21 1
493986 3 1
493994 0 -1
494056 8 -1
494087 1 -1
494109 6 1
494131 15 1
494171 4 -1
494174 5 1
494185 2 1
494211 3 -1
494276 1 1
494279 0 -1
494385 0 1
494397 7 1
494410 9 1
494448 3 -1
494506 4 1
494582 0 1
494604 12 1
494614 5 -1
494641 2 1
494679 1 1
494733 11 -1
494760 6 -1
494840 1 -1
494862 3 1
494913 4 -1
494918 2 -1
494932 0 1
495010 1 -1
495055 0 1
495077 3 -1
495082 7 -1
495087 5 1
495120 2 -1
495171 0 -1
495227 6 -1
495356 0 1
495368 1 -1
495370 2 -1
495378 3 1
495474 5 1
495475 0 -1
495534 4 -1
495538 1 -1
495550 13 1
495577 2 -1
495646 9 1
495665 0 1
495679 28 -1
495679 23 1
495713 1 1
495743 10 -1
495797 6 1
495824 2 -1
495853 0 1
495868 4 1
495877 5 1
495900 1 -1
495910 3 -1
495937 7 -1
495947 8 1
496070 1 -1
496090 2 -1
496111 0 1
496119 3 1
496130 4 -1
496247 1 1
496259 20 1
496262 0 -1
496329 5 -1
496422 1 1
496423 3 -1
496426 0 1
496453 22 1
496549 2 -1
496625 9 1
496657 6 -1
496723 0 1
496754 5 1
496754 2 -1
496799 4 1
496807 1 1
496829 0 -1
496893 3 -1
496926 8 -1
496944 0 -1
496974 2 1
496989 1 -1
497033 17 -1
497054 14 1
497119 3 1
497130 10 1
497140 6 -1
497150 4 1
497182 1 1
497202 0 -1
497267 7 1
497291 19 -1
497342 0 -1
497409 3 -1
497420 2 -1
497452 0 -1
497474 1 -1
497488 4 -1
497552 0 1
497646 2 1
497650 1 -1
497678 5 1
497678 16 1
497708 0 -1
497796 8 1
497799 1 -1
497807 3 1
497818 6 -1
497855 0 1
497866 2 1
497984 7 -1
498017 0 1
498043 3 1
498097 5 1
498131 1 -1
498190 4 1
498234 0 -1
498258 15 -1
498325 1 1
498342 0 1
498347 2 -1
498387 3 1
498457 0 1
498486 1 1
498538 5 -1
498540 4 1
498565 2 -1
498602 24 1
498608 3 -1
498624 11 1
498662 1 1
498678 13 1
498710 10 -1
498777 0 -1
498799 2 1
498847 1 -1
498855 7 -1
498879 0 1
498903 9 1
498960 4 1
499007 0 1
499022 6 -1
499059 1 -1
499070 3 1
499220 2 -1
499238 1 1
499272 0 -1
499274 4 1
499290 25 1
499296 3 -1
499392 0 -1
499476 7 -1
499478 2 -1
499484 5 -1
499494 6 -1
499497 0 1
499559 3 -1
499580 4 1
499621 1 1
499710 2 1
499720 0 1
499742 8 -1
499742 9 -1
499802 1 -1
499825 0 -1
499892 5 -1
499914 12 1
499935 4 -1
499951 0 -1
499963 1 -1
500000 6 -1
500000 7 1
500067 3 -1
500161 2 1
500178 0 1
500266 4 -1
500298 1 -1
500328 5 1
500344 3 -1
500346 0 1
500365 2 1
500430 11 -1
500473 0 1
500500 1 1
500607 2 -1
500661 1 1
500666 21 -1
500706 0 -1
500709 3 1
500709 7 -1
500731 8 1
500819 0 1
500826 4 1
500903 9 1
500970 0 -1
501012 1 1
501096 6 1
501096 2 -1
501104 4 -1
501155 1 -1
501290 7 -1
501295 5 1
501295 0 1
501338 1 -1
501354 2 1
501354 10 1
501394 4 -1
501397 3 1
501470 0 1
501523 1 1
501577 0 -1
501580 2 -1
501634 8 -1
501714 3 -1
501717 0 1
501721 1 -1
501762 5 -1
501795 6 1
501845 0 1
501870 26 -1
501904 1 1
501929 3 1
501979 0 1
501999 19 1
501999 12 -1
501999 20 1
502021 2 -1
502042 27 -1
502082 1 -1
502085 0 1
502128 18 1
502136 4 1
502230 3 -1
502257 2 1
502278 5 -1
502343 11 -1
502348 0 1
502455 1 -1
502467 0 1
502472 3 -1
502477 2 -1
502515 4 -1
502531 7 -1
502558 6 -1
502625 0 -1
502644 10 1
502672 1 -1
502698 2 1
502746 3 -1
502870 1 1
502889 0 -1
502894 4 1
502934 2 -1
502989 0 1
503036 3 1
503147 0 -1
503171 2 1
503187 5 -1
503235 6 -1
503257 1 1
503273 7 1
503396 9 -1
503404 0 -1
503418 2 -1
503426 1 1
503439 8 -1
503466 3 -1
503501 0 1
503504 21 1
503595 1 -1
503599 4 1
503601 0 -1
503633 5 1
503676 3 1
503676 16 1
503740 23 1
503805 0 1
503816 6 1
503885 3 1
503891 2 1
503910 0 -1
503966 4 -1
503966 1 -1
503977 12 -1
504014 7 -1
504063 10 -1
504071 0 1
504106 2 -1
504127 5 -1
504164 1 1
504221 0 -1
504278 3 1
504310 2 -1
504349 1 -1
504373 4 1
504469 0 -1
504503 6 1
504514 9 1
504530 1 1
504547 8 -1
504618 0 1
504665 3 -1
504724 1 -1
504740 13 1
504744 4 -1
504753 2 -1
504767 0 -1
504897 1 1
504966 14 -1
504966 2 -1
504993 5 1
504998 0 1
505002 4 1
505003 3 -1
505062 1 1
505170 0 -1
505191 6 1
505267 2 1
505311 0 1
505328 4 1
505331 8 -1
505425 7 -1
505460 5 -1
505464 1 -1
505525 9 1
505562 10 -1
505589 0 -1
505619 1 -1
505699 4 -1
505707 3 -1
505744 0 1
505761 12 -1
505764 2 -1
505796 1 1
505804 11 1
505869 25 1
505885 0 1
505901 5 1
505968 2 -1
506014 7 -1
506016 0 1
506035 3 -1
506155 1 -1
506180 0 1
506194 2 1
506223 8 1
506229 3 1
506320 1 -1
506331 6 -1
506331 0 -1
506406 2 1
506433 4 -1
506444 3 1
506481 0 1
506485 1 -1
506616 2 -1
506645 3 -1
506651 7 -1
506739 6 1
506761 5 -1
506769 0 -1
506771 19 -1
506828 4 1
506852 1 1
506852 2 1
506895 3 -1
506909 0 1
506965 10 -1
507040 1 -1
507040 8 1
507067 0 -1
507094 13 1
507107 2 -1
507134 4 1
507212 6 1
507219 1 1
507244 3 -1
507379 5 1
507380 0 1
507408 1 -1
507460 9 1
507545 22 -1
507546 24 1
507546 18 1
507554 0 1
507554 1 -1
507572 2 -1
507588 11 -1
507669 0 1
507763 4 1
507767 1 -1
507803 16 -1
507825 3 -1
507828 2 -1
507830 5 -1
507892 0 -1
507900 7 -1
507943 8 -1
507981 1 -1
507997 17 -1
508018 3 1
508061 12 1
508062 14 -1
508067 2 1
508072 0 -1
508142 4 -1
508207 0 1
508233 9 -1
508244 3 -1
508295 1 -1
508319 6 -1
508319 10 1
508322 0 -1
508464 1 -1
508475 0 1
508537 4 -1
508540 2 1
508561 7 1
508577 23 -1
508577 26 1
508618 0 -1
508662 1 -1
508730 3 -1
508792 6 -1
508798 0 -1
508798 2 1
508841 5 1
508943 3 -1
508943 8 -1
509002 2 1
509049 1 -1
509056 0 -1
509093 20 -1
509139 3 1
509171 0 -1
509179 9 -1
509211 6 1
509222 11 -1
509234 1 1
509238 4 -1
509249 5 1
509288 0 -1
509359 7 1
509428 1 -1
509472 2 -1
509566 0 1
509625 3 -1
509641 4 1
509658 10 -1
509668 0 -1
509674 13 1
509679 2 -1
509695 5 -1
509792 0 -1
509795 1 -1
509819 3 1
509824 15 -1
509891 2 1
509968 4 1
509982 1 1
509996 7 1
510066 0 1
510077 5 -1
510093 3 1
510109 2 1
510127 1 1
510200 6 1
510219 0 -1
510266 1 -1
510294 4 1
510313 3 -1
510335 0 1
510351 2 -1
510383 12 -1
510434 1 -1
510437 0 -1
510544 3 -1
510571 2 1
510589 0 1
510613 1 1
510625 4 1
510630 5 -1
510641 25 -1
510641 9 -1
510681 7 1
510695 0 1
510716 6 1
510738 3 1
510798 1 -1
510813 31 1
510824 2 1
510878 0 1
510934 3 -1
510996 8 1
511028 4 1
511049 5 -1
511125 0 -1
511153 1 -1
511248 2 -1
511278 0 1
511318 7 1
511322 4 1
511334 1 -1
511394 0 1
511447 3 -1
511490 6 -1
511501 24 -1
511504 2 -1
511516 1 1
511565 5 -1
511680 0 -1
511716 3 1
511754 2 1
511759 9 1
511782 0 1
511826 1 -1
511845 28 -1
511915 0 1
511974 3 1
511987 4 -1
511995 6 -1
512008 1 1
512036 7 -1
512038 8 1
512060 12 -1
512173 1 1
512227 0 1
512232 2 -1
512253 17 -1
512290 4 -1
512339 0 1
512372 5 -1
512404 11 -1
512444 0 -1
512447 3 -1
512458 2 1
512533 14 1
512552 1 1
512562 0 -1
512576 9 -1
512597 6 -1
512608 10 -1
512667 3 1
512670 0 1
512677 4 1
512689 2 -1
512753 1 -1
512823 5 1
512839 0 1
512855 8 1
512920 3 1
512922 1 1
513006 0 -1
513080 1 -1
513135 18 1
513167 2 1
513199 6 -1
513221 23 1
513269 1 1
513285 5 -1
513318 7 1
513334 0 1
513370 4 -1
513385 2 -1
513414 9 -1
513444 0 -1
513451 1 -1
513479 3 -1
513479 22 1
513586 6 1
513586 2 -1
513651 0 1
513660 1 -1
513745 4 1
513780 3 1
513790 2 -1
513909 15 -1
513909 21 1
513911 0 1
513995 10 1
514003 2 1
514014 0 -1
514023 1 1
514075 7 -1
514099 4 -1
514113 3 1
514140 0 -1
514172 5 -1
514177 11 1
514204 1 -1
514269 2 1
514306 3 -1
514386 1 1
514411 0 -1
514486 2 1
514523 0 1
514532 6 -1
514559 3 -1
514634 5 1
514657 0 1
514693 8 1
514744 4 1
514761 1 1
514763 0 1
514812 3 -1
514849 7 1
514898 1 -1
514924 0 -1
515010 4 -1
515027 6 -1
515032 3 1
515032 2 1
515071 0 1
515075 5 -1
515091 1 1
515188 0 1
515231 2 1
515325 4 -1
515376 6 -1
515414 25 1
515435 9 -1
515440 0 1
515446 1 -1
515467 2 -1
515543 26 1
515586 8 -1
515602 3 -1
515619 0 1
515635 1 1
515704 10 1
515715 24 1
515725 0 -1
515778 1 1
515800 13 -1
515865 3 -1
515889 2 1
515951 5 1
516018 4 1
516049 0 1
516123 2 -1
516159 1 1
516166 0 1
516179 3 -1
516187 11 -1
516284 7 -1
516316 12 1
516322 0 -1
516362 2 1
516367 1 1
516373 4 -1
516456 5 1
516510 8 1
516532 9 1
516562 1 -1
516596 0 -1
516650 6 1
516655 4 -1
516666 3 1
516752 0 1
516838 2 -1
516902 0 -1
516940 5 -1
516945 1 -1
517010 3 1
517047 2 -1
517157 1 -1
517166 6 1
517168 0 1
517187 7 1
517273 2 1
517292 0 1
517295 3 -1
517328 1 -1
517381 4 -1
517391 5 1
517414 0 1
517499 9 1
517504 2 -1
517606 6 -1
517631 0 -1
517689 1 -1
517727 4 1
517730 2 1
517735 11 -1
517742 0 1
517784 3 1
517800 7 1
517800 17 -1
517844 1 -1
517848 0 1
517950 5 1
517956 2 -1
518014 1 1
518069 0 1
518090 4 -1
518128 3 1
518200 2 -1
518206 0 1
518356 0 -1
518360 1 -1
518380 27 1
518380 29 1
518445 8 -1
518450 5 1
518472 3 1
518529 1 -1
518574 12 -1
518601 0 -1
518628 2 1
518638 22 -1
518671 10 -1
518713 1 1
518754 0 1
518767 6 -1
518832 4 -1
518864 1 -1
518864 2 -1
518939 15 -1
518947 0 1
518971 5 1
519041 1 1
519057 3 1
519066 7 1
519117 0 1
519117 2 -1
519146 4 -1
519199 1 1
519240 21 -1
519262 6 -1
519283 3 1
519283 16 -1
519286 0 1
519390 1 -1
519412 8 1
519453 0 1
519455 11 1
519477 4 1
519514 2 -1
519541 3 1
519565 0 1
519735 25 -1
519745 2 1
519756 24 -1
519759 1 -1
519802 0 -1
519821 9 1
519848 10 -1
519864 23 -1
519896 7 1
519912 1 -1
519950 6 -1
519955 0 1
519976 2 -1
520057 5 1
520057 13 1
520079 0 1
520097 1 1
520208 3 -1
520222 4 1
520283 8 -1
520361 0 -1
520423 6 -1
520425 2 -1
520455 5 1
520472 1 1
520514 0 1
520525 4 1
520533 3 -1
520557 7 -1
520573 12 -1
520646 1 1
520654 2 1
520683 0 1
520745 3 1
520865 1 1
520887 4 -1
520898 2 -1
520917 5 -1
520917 14 -1
520917 6 -1
520968 0 -1
520981 11 1
521003 9 -1
521127 2 1
521135 0 -1
521197 8 1
521206 4 -1
521210 1 -1
521218 7 -1
521242 0 1
521342 2 -1
521363 10 1
521371 1 -1
521379 3 -1
521420 0 1
521497 6 -1
521540 4 -1
521551 2 -1
521565 1 1
521613 0 -1
521659 3 -1
521719 0 1
521726 1 1
521772 2 1
521837 0 1
521890 5 1
521911 4 1
521917 3 -1
521931 1 1
522040 7 -1
522064 0 -1
522089 8 -1
522125 1 -1
522199 0 1
522218 4 1
522218 6 1
522255 2 -1
522298 1 -1
522368 0 1
522384 5 1
522443 9 1
522489 3 -1
522492 2 1
522508 28 -1
522605 0 -1
522687 1 1
522707 3 -1
522707 2 -1
522766 7 1
522766 0 1
522826 1 -1
522863 5 -1
522873 0 -1
522895 11 -1
522967 4 -1
522981 8 1
522996 1 -1
523024 20 1
523078 3 -1
523088 6 -1
523166 2 -1
523169 0 1
523196 21 1
523298 3 1
523314 0 1
523370 4 1
523375 1 -1
523395 2 1
523444 0 -1
523475 7 -1
523518 6 1
523524 3 -1
523532 1 -1
523540 23 1
523540 24 1
523607 0 -1
523631 2 -1
523673 4 1
523709 1 1
523712 15 -1
523765 3 -1
523766 13 -1
523768 0 1
523830 5 1
523862 8 -1
523878 0 -1
523986 3 1
524045 0 -1
524064 1 1
524109 2 1
524142 6 -1
524152 10 -1
524221 1 1
524272 0 -1
524303 5 -1
524341 2 -1
524378 4 -1
524386 0 1
524414 1 -1
524453 3 -1
524529 12 1
524529 14 1
524556 0 1
524592 1 1
524642 2 1
524674 3 1
524733 4 1
524749 7 -1
524781 1 1
524797 5 -1
524846 0 1
524865 2 -1
524873 9 1
524899 3 -1
524959 25 1
524971 1 -1
525018 0 1
525066 2 -1
525088 19 1
525112 4 -1
525160 1 1
525164 0 1
525217 16 1
525260 5 1
525286 2 1
525359 3 1
525394 0 1
525426 7 1
525442 6 1
525499 0 -1
525507 10 1
525517 1 -1
525523 2 -1
525593 3 -1
525647 0 1
525668 5 1
525684 1 -1
525773 4 1
525786 8 1
525819 1 -1
525824 3 -1
525872 9 1
525888 0 -1
525990 7 -1
526012 2 -1
526017 0 -1
526103 4 1
526125 5 -1
526130 6 1
526141 0 -1
526172 1 1
526248 2 -1
526302 3 1
526329 1 1
526404 0 -1
526420 11 -1
526426 4 1
526445 2 -1
526525 0 -1
526527 1 1
526555 3 1
526642 0 -1
526684 5 -1
526700 26 1
526722 8 -1
526732 4 1
526743 6 -1
526764 12 -1
526829 9 1
526850 3 -1
526881 1 1
526885 0 -1
526907 2 -1
526990 10 -1
526996 0 1
527087 1 1
527091 4 -1
527114 0 1
527130 3 -1
527130 2 1
527260 1 -1
527383 2 1
527415 0 1
527434 4 -1
527458 1 1
527474 3 -1
527520 0 -1
527522 7 1
527603 8 1
527614 5 -1
527616 0 1
527631 1 -1
527667 15 -1
527673 6 -1
527689 9 -1
527753 3 1
527753 0 1
527796 2 1
527828 4 -1
527833 1 1
527923 0 1
527979 3 1
528011 24 -1
528022 1 -1
528049 2 1
528078 0 -1
528086 5 1
528238 0 1
528248 22 -1
528248 7 -1
528250 2 1
528323 6 1
528401 1 1
528420 11 -1
528441 14 1
528463 3 1
528463 0 -1
528473 13 -1
528474 10 1
528484 9 1
528578 4 -1
528582 1 -1
528597 0 1
528602 5 1
528694 3 -1
528699 23 -1
528742 2 -1
528772 0 1
528784 1 1
528871 12 1
528893 6 -1
528917 4 1
528946 2 -1
528998 7 1
529022 17 -1
529035 3 -1
529075 0 1
529094 1 -1
529196 2 -1
529204 0 1
529231 4 -1
529280 1 1
529323 0 1
529355 8 -1
529469 1 -1
529604 0 1
529613 5 -1
529640 2 1
529648 3 -1
529710 0 1
529710 9 1
529731 10 1
529796 25 -1
529797 0 1
529812 1 1
529863 2 -1
529880 4 -1
529919 3 -1
529919 0 1
530005 1 -1
530021 0 -1
530096 5 1
530102 2 1
530184 0 -1
530191 4 -1
530199 3 1
530203 1 1
530204 11 1
530247 7 1
530247 8 1
530301 6 1
530306 0 -1
530388 1 -1
530473 5 1
530521 2 -1
530537 4 1
530537 16 -1
530545 1 -1
530602 0 -1
530634 9 -1
530650 3 1
530717 0 -1
530723 2 -1
530739 1 1
530741 6 -1
530763 18 1
530828 10 1
530868 0 1
530910 1 -1
530935 27 -1
530940 7 1
530967 2 1
530994 3 1
531161 0 -1
531171 6 1
531193 8 -1
531263 4 1
531268 0 1
531279 1 1
531376 0 -1
531413 3 1
531430 2 1
531442 1 -1
531451 24 -1
531521 5 1
531579 1 1
531601 13 -1
531610 0 -1
531642 7 -1
531647 2 -1
531666 15 -1
531674 4 -1
531716 0 1
531720 3 -1
531795 30 -1
531830 0 1
531876 2 1
531929 3 1
531951 5 1
531951 0 1
531992 1 -1
532045 4 1
532101 2 -1
532123 3 -1
532134 0 1
532139 6 1
532158 1 -1
532182 19 1
532238 7 -1
532242 0 -1
532322 3 1
532327 2 1
532351 1 1
532383 4 1
532416 0 1
532440 20 1
532456 10 1
532467 5 1
532563 2 -1
532622 6 1
532706 1 1
532734 4 -1
532738 0 -1
532786 2 1
532811 3 1
532887 1 -1
532891 0 1
532913 5 -1
532913 21 1
532956 12 -1
532956 9 1
532966 8 -1
532988 7 1
533004 6 -1
533020 0 1
533040 4 -1
533047 3 1
533081 1 1
533235 2 1
533240 3 -1
533241 0 1
533266 1 -1
533348 0 -1
533375 4 -1
533396 5 1
533446 0 1
533452 1 1
533466 2 -1
533625 1 1
533689 0 1
533697 2 1
533722 3 -1
533730 7 -1
533794 8 -1
533806 1 -1
533837 5 -1
533845 0 -1
533993 3 -1
534001 0 1
534052 11 1
534076 4 -1
534143 1 1
534170 2 1
534181 3 -1
534181 9 -1
534247 0 1
534267 5 1
534338 1 -1
534364 6 -1
534372 0 1
534399 2 -1
534407 13 1
534496 4 -1
534532 1 1
534536 0 -1
534544 7 -1
534547 8 -1
534638 2 1
534659 3 -1
534676 12 -1
534745 4 1
534805 0 1
534810 10 1
534826 1 -1
534853 3 -1
534934 0 1
535012 1 -1
535063 9 -1
535073 6 -1
535079 0 -1
535084 5 1
535100 2 1
535111 3 -1
535149 26 1
535213 1 -1
535345 2 1
535364 0 1
535414 4 -1
535460 8 1
535498 0 1
535503 5 1
535556 1 -1
535562 2 1
535664 6 1
535673 0 1
535729 1 1
535750 11 -1
535769 4 1
535799 3 -1
535836 2 1
535858 7 -1
535902 1 1
535922 15 1
535978 0 1
536041 5 1
536088 1 -1
536094 2 1
536100 4 1
536100 0 1
536164 3 -1
536180 17 -1
536257 1 -1
536272 0 -1
536320 2 -1
536352 8 -1
536374 10 -1
536382 0 -1
536426 1 -1
536444 3 1
536471 7 -1
536535 0 1
536557 2 1
536608 1 1
536610 14 1
536680 0 1
536696 22 -1
536739 12 -1
536761 6 -1
536812 0 1
536914 4 -1
536970 3 1
536981 5 1
536983 1 -1
537032 2 -1
537056 0 -1
537168 1 1
537177 0 -1
537188 7 1
537196 3 -1
537220 4 -1
537234 6 -1
537258 2 1
537288 0 1
537337 1 1
537341 8 1
537438 3 -1
537438 5 -1
537481 2 -1
537519 0 -1
537599 4 1
537610 9 1
537632 0 -1
537642 28 1
537653 6 1
537685 11 1
537722 1 -1
537728 29 1
537779 0 1
537918 1 -1
537927 5 -1
537938 2 -1
538002 3 1
538045 0 1
538051 10 -1
538081 1 -1
538094 8 1
538153 0 -1
538182 2 -1
538260 3 1
538287 6 1
538298 0 1
538301 4 -1
538411 2 1
538427 9 -1
538432 1 -1
538435 0 1
538524 12 -1
538591 1 -1
538606 0 1
538631 3 -1
538688 4 1
538706 6 -1
538736 7 -1
538755 0 1
538760 18 -1
538780 1 1
538782 5 1
538870 2 1
538944 0 -1
539087 4 1
539110 3 -1
539123 2 -1
539147 1 -1
539233 5 -1
539271 0 1
539329 1 1
539362 6 -1
539362 2 1
539381 0 -1
539384 3 -1
539389 7 -1
539405 14 -1
539405 23 -1
539522 1 -1
539545 0 -1
539545 9 1
539593 2 -1
539695 3 -1
539706 5 1
539715 4 1
539792 6 1
539816 0 -1
539849 2 -1
539889 1 1
539945 0 1
539996 3 -1
540002 7 -1
540046 1 1
540047 0 -1
540074 2 1
540123 4 -1
540147 8 1
540211 5 1
540227 1 -1
540254 3 1
540265 12 -1
540276 0 1
540311 2 -1
540416 0 1
540421 10 -1
540437 19 1
540437 25 -1
540448 3 -1
540510 4 1
540566 0 -1
540602 1 -1
540630 5 1
540631 6 1
540663 3 1
540674 0 -1
540780 1 1
540786 2 1
540805 0 -1
540888 13 1
540940 0 -1
540971 1 -1
541012 2 -1
541052 0 1
541093 5 1
541103 3 1
541179 8 1
541195 4 -1
541232 11 1
541232 6 -1
541243 2 1
541266 0 1
541302 3 -1
541316 1 1
541372 0 1
541404 7 1
541426 27 -1
541480 0 -1
541497 1 1
541509 4 -1
541555 3 -1
541576 5 -1
541674 1 -1
541684 6 -1
541711 2 1
541740 0 -1
541791 10 1
541872 4 1
541876 1 -1
541877 0 -1
541920 9 -1
541955 2 1
541993 0 -1
542033 3 1
542049 8 1
542071 12 1
542074 1 1
542189 2 -1
542194 7 1
542235 1 1
542243 0 -1
542340 3 -1
542376 1 -1
542393 0 1
542458 5 1
542501 22 1
542524 0 1
542565 4 1
542608 2 1
542630 20 1
542630 0 -1
542667 3 -1
542721 6 1
542771 1 -1
542775 7 -1
542799 0 -1
542834 2 -1
542845 9 1
542872 5 1
542888 16 1
542896 4 1
542917 0 -1
542922 1 -1
542974 24 1
542995 14 1
543017 11 -1
543036 0 -1
543061 1 1
543065 2 1
543162 4 -1
543181 3 -1
543232 6 1
543242 10 -1
543323 0 1
543361 5 -1
543400 1 -1
543436 0 1
543495 3 1
543543 2 1
543553 4 -1
543577 0 1
543581 1 1
543651 9 -1
543662 13 -1
543662 23 1
543662 26 1
543705 6 1
543740 2 1
543762 1 -1
543834 3 1
543893 0 1
543920 12 1
543924 4 1
543984 8 -1
543998 2 1
544000 7 -1
544012 0 1
544097 3 1
544123 1 -1
544178 15 1
544183 0 1
544194 4 -1
544220 5 1
544288 1 -1
544312 3 -1
544393 2 1
544432 0 1
544456 1 -1
544505 3 1
544520 4 1
544554 0 1
544607 11 -1
544618 2 -1
544637 1 1
544651 9 -1
544727 0 1
544758 7 1
544785 3 1
544785 5 -1
544800 1 -1
544801 6 -1
544836 0 1
544866 2 1
544964 1 -1
544992 0 -1
545059 8 -1
545148 0 1
545149 1 1
545193 5 -1
545263 3 -1
545266 4 1
545314 0 -1
545339 17 -1
545341 2 -1
545355 7 1
545468 9 1
545476 1 1
545521 6 -1
545578 0 1
545580 2 1
545604 4 1
545607 3 -1
545653 1 1
545693 0 1
545812 2 -1
545816 1 -1
545822 0 1
545897 31 1
545898 18 -1
545927 4 -1
545951 3 -1
545962 8 1
546016 10 -1
546112 5 -1
546114 1 1
546145 13 -1
546150 0 1
546166 6 1
546255 2 -1
546287 0 -1
546308 1 -1
546384 0 1
546408 3 -1
546413 11 1
546489 2 1
546507 1 1
546596 5 1
546623 3 -1
546644 4 -1
546663 0 -1
546714 2 -1
546715 9 -1
546765 7 -1
546782 0 1
546876 3 -1
546882 1 -1
546902 0 1
546929 6 -1
546951 4 -1
546954 2 1
547040 0 1
547058 5 -1
547072 1 1
547182 2 -1
547193 0 -1
547233 1 1
547268 3 -1
547316 0 -1
547330 4 1
547414 1 -1
547434 6 -1
547445 2 -1
547483 3 -1
547515 0 -1
547531 24 -1
547531 7 1
547532 10 1
547563 5 -1
547604 1 1
547660 23 -1
547660 25 -1
547661 2 1
547682 3 1
547746 0 1
547757 8 1
547769 1 1
547875 9 1
547880 3 -1
547886 0 1
547938 1 -1
548004 0 -1
548019 4 1
548063 5 -1
548101 3 -1
548144 7 1
548144 2 -1
548176 12 1
548219 6 1
548294 3 1
548305 0 -1
548337 1 -1
548366 4 1
548386 2 1
548434 0 -1
548456 5 -1
548490 3 -1
548498 11 1
548515 1 1
548593 0 1
548609 2 -1
548628 8 1
548649 15 -1
548672 1 1
548696 4 -1
548757 13 1
548816 0 -1
548886 6 1
548902 10 -1
548907 3 1
548918 5 1
548920 0 -1
549031 1 -1
549036 0 1
549041 2 1
549071 4 1
549103 3 -1
549157 0 1
549232 1 -1
549286 2 1
549316 3 -1
549334 0 1
549396 1 -1
549442 4 -1
549522 0 1
549531 2 -1
549579 7 1
549638 8 1
549652 0 1
549724 12 -1
549740 1 -1
549751 6 -1
549764 4 -1
549767 14 -1
549815 3 1
549858 5 1
549934 1 1
549979 0 -1
550025 21 1
550030 2 1
550046 9 1
550068 3 1
550079 10 -1
550111 0 1
550131 1 -1
550175 6 -1
550179 4 -1
550256 0 1
550267 2 -1
550283 11 -1
550325 1 1
550385 5 1
550409 7 1
550412 3 1
550466 1 -1
550471 2 -1
550526 0 -1
550562 8 -1
550616 6 1
550659 1 1
550681 0 1
550694 2 1
550842 0 -1
550845 1 -1
550912 5 1
550920 2 -1
550957 4 -1
550971 3 -1
551086 7 1
551100 9 1
551146 0 -1
551175 2 -1
551216 1 -1
551261 3 1
551320 0 1
551336 4 1
551369 10 -1
551405 1 1
551422 2 1
551441 0 1
551465 8 1
551535 3 1
551590 1 -1
551707 4 -1
551723 13 -1
551745 6 -1
551745 12 -1
551750 0 -1
551793 5 -1
551871 0 -1
551877 2 1
551959 1 -1
551968 0 1
552003 3 -1
552046 11 1
552110 1 1
552110 2 -1
552223 6 -1
552245 3 -1
552261 5 1
552264 0 -1
552272 9 1
552284 1 -1
552325 2 1
552347 15 -1
552368 8 -1
552403 0 1
552425 4 -1
552433 16 1
552470 3 1
552505 7 1
552508 0 -1
552626 6 1
552634 1 1
552658 5 1
552659 10 -1
552742 0 -1
552779 2 1
552791 4 1
552808 1 -1
552927 0 -1
552938 3 -1
552967 1 -1
552992 14 -1
553024 2 -1
553059 0 -1
553126 4 1
553150 1 -1
553158 3 1
553207 24 1
553231 7 -1
553231 2 -1
553346 0 1
553362 1 -1
553384 3 -1
553389 8 -1
553518 0 1
553529 1 -1
553604 6 1
553626 5 -1
553626 0 -1
553698 1 1
553723 2 1
553725 0 1
553846 3 1
553852 10 -1
553860 4 1
553900 7 -1
553924 0 -1
553940 2 -1
554025 0 1
554061 1 -1
554072 3 -1
554077 5 1
554088 9 -1
554123 2 1
554131 0 -1
554206 4 1
554231 1 1
554249 6 -1
554314 3 -1
554368 2 -1
554388 1 1
554497 0 1
554553 4 -1
554585 2 1
554652 5 -1
554653 0 -1
554690 6 1
554690 7 1
554749 1 -1
554752 0 1
554760 3 -1
554819 13 -1
554835 2 1
554920 1 1
554956 4 -1
554969 11 -1
554991 9 -1
555045 3 1
555088 6 -1
555093 2 -1
555098 5 1
555103 1 -1
555125 0 1
555142 25 1
555219 0 1
555311 7 1
555340 0 1
555356 8 1
555375 4 -1
555378 3 -1
555464 1 -1
555534 5 -1
555558 0 1
555574 2 1
555588 3 1
555593 6 -1
555658 1 1
555663 0 -1
555682 4 -1
555792 0 1
555811 2 -1
555835 3 1
555847 1 -1
555891 0 -1
556004 4 -1
556010 0 1
556023 5 1
556023 6 1
556039 2 1
556044 9 -1
556052 1 1
556087 12 -1
556117 7 1
556130 3 -1
556176 0 -1
556222 1 -1
556249 8 -1
556332 0 1
556385 1 -1
556431 3 1
556474 14 1
556523 2 -1
556550 5 1
556554 1 -1
556560 6 -1
556560 10 1
556563 0 -1
556625 16 -1
556649 7 -1
556673 4 1
556722 0 1
556746 2 1
556818 22 -1
556885 1 -1
556904 0 1
556969 11 -1
556974 2 -1
557028 3 1
557046 1 -1
557108 4 1
557184 0 -1
557221 1 -1
557254 3 -1
557313 8 -1
557367 0 -1
557431 2 1
557455 4 -1
557522 0 1
557533 5 -1
557588 1 -1
557598 3 -1
557668 2 -1
557756 0 -1
557782 1 1
557786 6 -1
557786 13 -1
557869 0 -1
557885 2 1
557935 1 -1
557936 9 -1
557958 12 1
557998 0 -1
558001 5 1
558044 10 -1
558060 7 1
558149 0 1
558156 4 1
558253 3 1
558272 0 1
558302 1 -1
558323 2 -1
558393 0 1
558463 5 -1
558474 3 -1
558474 6 -1
558495 4 -1
558495 1 1
558501 0 -1
558541 2 1
558675 1 -1
558729 7 -1
558764 3 1
558771 0 1
558775 9 1
558791 2 1
558838 4 1
558839 11 1
558858 1 1
558888 0 1
559017 0 1
559023 1 1
559151 8 -1
559167 6 -1
559215 1 -1
559231 3 -1
559258 2 1
559264 0 -1
559342 7 -1
559350 10 1
559395 0 -1
559408 1 1
559409 5 1
559490 2 -1
559507 0 -1
559575 3 -1
559579 4 1
559656 17 -1
559715 2 1
559749 1 1
559866 0 -1
559871 3 1
559871 12 1
559871 15 -1
559898 5 -1
559932 1 -1
559938 4 -1
559957 9 -1
559995 0 -1
560000 28 -1
560011 8 -1
560097 6 1
560113 3 -1
560124 1 1
560145 0 -1
560207 2 1
560250 0 1
560317 4 1
560344 5 1
560355 3 -1
560355 0 -1
560433 2 -1
560472 1 -1
560538 0 1
560602 6 1
560642 0 -1
560656 4 1
560661 2 1
560664 1 1
560699 3 -1
560801 7 -1
560861 1 -1
560876 0 1
561010 4 -1
561016 0 1
561032 30 -1
561032 9 1
561043 3 -1
561054 8 -1
561075 18 1
561145 2 -1
561150 6 -1
561166 0 -1
561204 21 1
561232 1 -1
561317 4 -1
561344 5 -1
561371 2 1
561399 1 -1
561419 0 -1
561540 0 -1
561563 1 -1
561591 7 1
561639 2 1
561642 0 1
561696 4 1
561720 29 -1
561720 26 -1
561731 3 -1
561817 5 1
561827 9 -1
561886 0 1
561887 2 -1
561962 1 -1
562029 0 1
562042 6 1
562058 10 -1
562074 3 -1
562123 2 1
562131 1 1
562142 0 -1
562171 16 1
562236 5 1
562244 7 -1
562294 1 1
562324 0 -1
562370 2 1
562418 3 -1
562421 4 1
562484 0 1
562494 23 1
562574 2 1
562597 0 1
562655 6 -1
562663 1 1
562709 0 -1
562709 8 -1
562744 4 1
562795 15 1
562869 1 -1
562967 11 1
562983 0 1
563010 19 -1
563021 9 1
563074 2 -1
563086 1 -1
563106 3 -1
563133 5 1
563134 0 -1
563139 4 -1
563246 0 -1
563257 6 1
563295 2 1
563450 3 -1
563457 1 -1
563483 0 1
563526 20 -1
563539 2 1
563612 8 1
563614 1 -1
563617 0 1
563622 5 -1
563655 14 1
563719 10 -1
563753 0 1
563768 7 1
563770 1 -1
563784 24 1
563794 3 -1
563805 9 -1
563836 4 -1
563913 13 1
563977 6 -1
563977 2 -1
563993 0 1
564095 0 -1
564148 1 -1
564162 4 -1
564181 5 -1
564203 2 1
564211 0 -1
564312 1 -1
564340 7 1
564364 0 1
564386 8 1
564474 0 -1
564482 3 -1
564482 2 1
564485 4 -1
564517 1 1
564541 6 1
564576 0 1
564579 11 1
564692 0 1
564703 1 -1
564824 3 -1
564837 12 -1
564870 1 -1
564912 2 -1
564977 0 -1
564998 6 1
565017 7 -1
565052 3 1
565068 1 1
565100 5 -1
565130 0 1
565138 17 -1
565142 4 1
565154 2 1
565219 10 -1
565251 1 -1
565270 0 -1
565310 3 1
565332 22 -1
565428 2 -1
565477 0 1
565513 4 1
565549 3 1
565611 5 -1
565614 0 1
565622 6 -1
565622 7 -1
565622 1 -1
565622 2 1
565772 3 -1
565772 0 -1
565783 1 -1
565823 4 1
565847 2 -1
565962 1 -1
565966 9 -1
566030 5 -1
566062 3 1
566089 2 1
566156 0 -1
566170 4 1
566234 11 1
566234 13 1
566251 7 -1
566312 0 1
566342 8 -1
566347 2 1
566355 1 -1
566487 0 1
566492 4 1
566529 1 1
566551 3 -1
566643 9 -1
566667 0 1
566707 6 -1
566710 1 -1
566793 3 -1
566800 0 1
566804 2 1
566835 4 -1
566928 7 -1
566963 0 -1
566965 12 -1
566966 18 1
567014 3 1
567035 6 -1
567041 2 -1
567051 5 1
567099 1 -1
567112 0 1
567145 4 -1
567261 2 1
567278 1 1
567309 15 -1
567406 0 -1
567417 8 -1
567462 1 -1
567470 5 -1
567481 3 -1
567516 0 1
567589 7 1
567626 0 1
567647 1 1
567653 16 -1
567669 10 -1
567702 3 1
567718 6 -1
567739 2 -1
567739 9 1
567782 14 1
567808 1 1
567892 0 1
567899 4 -1
567925 3 -1
567933 5 1
567989 2 -1
568002 1 -1
568038 0 1
568161 1 -1
568169 0 1
568215 2 1
568234 4 -1
568352 3 1
568505 0 -1
568535 8 1
568548 3 -1
568564 1 1
568567 6 1
568613 4 1
568637 0 -1
568680 2 1
568726 1 1
568760 3 -1
568774 0 -1
568776 5 -1
568814 19 -1
568857 12 -1
568892 2 -1
568907 1 -1
568943 13 -1
568970 3 1
569040 6 1
569040 0 -1
569072 10 1
569110 2 -1
569120 7 1
569172 0 -1
569249 3 1
569258 1 1
569271 5 -1
569287 24 -1
569311 0 -1
569373 2 -1
569451 4 1
569455 1 1
569502 3 1
569537 0 -1
569599 9 -1
569620 2 1
569628 1 1
569631 6 -1
569669 0 -1
569674 5 -1
569765 4 1
569806 7 -1
569806 0 -1
569819 3 -1
569841 2 -1
569975 21 -1
569979 1 -1
570039 11 -1
570088 4 1
570096 2 -1
570115 0 1
570125 5 1
570181 1 -1
570233 0 1
570332 0 -1
570335 3 -1
570366 1 1
570394 10 -1
570470 9 1
570475 7 -1
570513 8 1
570556 1 1
570558 2 -1
570577 3 -1
570577 5 -1
570577 0 -1
570684 6 -1
570706 0 1
570737 1 -1
570741 4 -1
570797 2 1
570814 17 1
570816 0 -1
570862 3 1
570926 1 1
570964 0 1
570985 5 -1
571007 12 1
571050 2 1
571071 20 1
571101 0 1
571120 4 1
571128 1 -1
571268 0 -1
571308 6 -1
571383 3 1
571394 14 -1
571399 0 1
571442 4 1
571458 8 -1
571474 2 -1
571485 1 -1
571491 5 -1
571609 3 1
571609 9 -1
571644 1 -1
571696 0 1
571700 2 1
571743 6 1
571757 4 1
571781 23 1
571808 3 -1
571837 0 1
571845 1 1
571910 11 1
571910 10 1
571926 7 -1
571937 2 -1
571958 0 1
572071 4 1
572189 6 1
572208 1 1
572216 3 1
572248 0 -1
572297 25 1
572390 1 1
572399 0 1
572402 4 1
572420 3 -1
572420 2 1
572426 5 -1
572447 8 -1
572533 0 1
572539 7 -1
572589 1 1
572619 3 1
572654 2 -1
572737 6 1
572775 0 -1
572797 4 1
572829 3 1
572866 5 1
572872 2 1
572907 0 -1
572926 1 1
573022 3 -1
573055 0 1
573073 2 1
573103 1 -1
573168 10 1
573210 0 -1
573280 7 -1
573281 1 1
573299 2 -1
573302 3 -1
573312 5 -1
573323 0 -1
573361 6 -1
573438 0 -1
573458 12 1
573544 3 -1
573554 4 1
573560 2 -1
573576 0 -1
573651 1 -1
573716 11 -1
573786 2 1
573808 1 -1
573828 6 -1
573874 0 -1
573909 4 -1
573974 16 -1
573990 1 -1
573992 0 1
574060 3 -1
574103 26 1
574119 0 1
574146 9 1
574232 4 -1
574232 5 -1
574258 2 -1
574285 8 -1
574331 0 1
574377 10 1
574381 1 1
574404 3 -1
574436 0 -1
574490 2 1
574522 13 -1
574538 1 1
574619 0 1
574619 18 1
574717 1 -1
574726 2 -1
574737 5 -1
574748 3 -1
574748 22 -1
574790 6 -1
574796 7 -1
574933 0 1
575067 0 1
575078 4 -1
575086 1 1
575092 9 1
575180 2 -1
575235 1 1
575237 0 1
575263 5 -1
575285 8 -1
575306 12 1
575328 6 -1
575366 3 -1
575376 0 1
575403 2 1
575425 4 -1
575445 1 1
575505 7 1
575513 0 1
575640 2 -1
575650 10 1
575653 0 1
575656 3 1
575736 11 -1
575771 0 1
575800 4 1
575822 15 1
575824 1 1
575951 3 -1
575977 1 1
575994 6 -1
576021 0 1
576102 8 -1
576113 2 1
576129 0 -1
576142 1 1
576156 5 -1
576252 0 -1
576312 2 1
576316 1 1
576408 7 1
576424 9 1
576467 3 -1
576486 0 -1
576489 4 -1
576501 1 -1
576535 2 -1
576564 5 -1
576645 0 1
576674 1 -1
576736 3 -1
576758 2 1
576779 0 1
576831 4 1
576860 6 1
576872 1 -1
576940 3 1
577008 2 1
577016 5 1
577080 0 1
577110 4 -1
577150 3 1
577198 24 -1
577208 1 1
577214 0 1
577220 2 1
577263 13 1
577279 7 1
577327 9 -1
577346 0 1
577362 3 -1
577376 1 1
577456 4 1
577462 5 -1
577467 2 1
577515 0 1
577521 6 -1
577542 11 1
577542 12 -1
577565 1 -1
577574 3 -1
577620 0 -1
577768 3 1
577771 0 1
577819 4 -1
577892 7 1
577902 0 1
577940 5 1
577972 1 1
577972 2 -1
578026 6 1
578125 0 1
578155 8 -1
578166 4 -1
578176 3 -1
578178 1 -1
578201 2 1
578242 0 1
578359 19 -1
578359 1 1
578370 3 1
578378 0 1
578381 5 -1
578440 2 -1
578456 4 -1
578456 10 1
578510 9 -1
578537 7 1
578566 3 -1
578676 0 1
578738 1 1
578778 6 1
578830 0 -1
578886 5 -1
578889 2 -1
578911 1 -1
578964 0 -1
578972 3 1
579089 1 -1
579117 2 1
579190 4 1
579203 3 1
579230 8 -1
579238 0 1
579262 7 -1
579274 1 1
579305 14 1
579310 6 1
579354 0 1
579364 2 1
579396 3 -1
579431 1 1
579464 0 -1
579477 9 -1
579552 4 1
579606 0 -1
579625 1 -1
579649 11 1
579757 0 1
579778 6 1
579778 13 -1
579778 23 1
579778 10 1
579794 2 -1
579822 1 1
579826 5 -1
579882 0 1
579885 3 -1
579907 4 -1
580025 2 1
580028 0 -1
580106 3 1
580185 1 1
580197 6 -1
580267 2 -1
580272 8 -1
580278 5 1
580332 3 -1
580379 1 -1
580380 18 -1
580383 0 -1
580489 0 1
580501 2 1
580552 1 1
580573 3 -1
580606 9 1
580608 0 1
580689 4 1
580692 6 -1
580724 5 -1
580724 2 -1
580762 7 -1
580799 3 1
580837 0 1
580931 1 1
580955 2 1
580971 0 1
581014 3 1
581044 4 -1
581089 0 1
581092 1 1
581159 2 1
581186 8 1
581208 3 -1
581218 6 -1
581261 1 1
581326 12 1
581326 16 1
581358 10 1
581390 11 -1
581406 4 1
581420 0 -1
581552 7 1
581552 0 -1
581578 2 -1
581594 5 1
581616 3 1
581640 1 1
581662 0 -1
581756 15 -1
581783 2 -1
581793 1 -1
581847 6 -1
581850 0 -1
581920 3 -1
581979 1 1
581990 0 1
582027 2 -1
582068 4 1
582100 20 -1
582113 0 1
582121 5 1
582132 3 -1
582152 1 1
582197 8 1
582229 0 1
582245 7 -1
582338 1 -1
582430 4 -1
582444 14 1
582487 2 -1
582498 0 -1
582523 1 1
582535 3 -1
582551 9 1
582556 5 -1
582602 0 1
582692 1 1
582718 2 1
582719 0 1
582734 3 1
582745 4 -1
582944 3 1
582949 0 -1
582970 2 1
583063 1 1
583067 0 -1
583067 8 -1
583126 6 1
583191 0 -1
583241 1 1
583357 3 -1
583406 0 1
583427 2 1
583450 1 1
583462 4 1
583465 5 -1
583497 9 1
583519 7 -1
583551 3 1
583562 6 -1
583615 0 1
583675 2 1
583691 12 1
583750 3 -1
583787 0 -1
583797 4 -1
583805 1 -1
583898 0 1
583927 8 -1
583930 2 1
583943 5 1
583958 1 -1
584035 6 -1
584067 0 1
584119 4 -1
584137 2 1
584158 3 1
584174 1 -1
584180 10 1
584207 0 1
584309 7 1
584338 0 1
584352 3 -1
584379 2 -1
584400 5 -1
584550 3 1
584559 1 -1
584607 0 1
584615 2 1
584716 1 -1
584723 9 1
584749 0 -1
584766 21 -1
584808 11 1
584852 2 -1
584862 6 -1
584873 5 1
584884 0 1
584889 4 1
584905 1 1
584954 3 -1
585034 7 -1
585107 0 -1
585109 27 1
585152 3 1
585209 0 1
585240 4 -1
585264 1 -1
585298 2 -1
585346 6 -1
585357 5 1
585357 0 -1
585367 12 -1
585378 3 1
585449 1 1
585496 2 -1
585518 13 -1
585582 10 -1
585585 0 1
585607 4 1
585625 15 -1
585655 1 1
585711 6 -1
585720 0 1
585728 2 1
585830 5 -1
585843 3 1
585851 0 1
585926 8 1
586002 1 -1
586039 3 -1
586171 0 1
586184 14 -1
586195 1 1
586200 2 -1
586238 3 1
586300 4 -1
586319 5 -1
586319 0 -1
586356 17 1
586381 1 -1
586432 2 1
586477 0 1
586550 7 1
586622 4 -1
586641 3 -1
586663 2 -1
586679 6 -1
586751 1 -1
586829 0 1
586851 11 1
586851 8 -1
586851 9 -1
586945 1 1
586948 3 1
586966 0 1
587001 4 -1
587001 10 1
587118 1 1
587125 0 -1
587136 2 1
587168 3 -1
587216 6 -1
587275 7 -1
587286 5 1
587372 2 -1
587391 0 -1
587402 3 -1
587493 1 1
587533 0 -1
587614 2 1
587636 3 -1
587654 1 1
587681 0 1
587686 4 1
587695 5 1
587754 8 1
587829 3 1
587861 6 -1
587861 9 -1
587872 1 1
587977 0 -1
587985 7 1
588060 1 -1
588074 4 1
588090 0 1
588098 3 1
588098 2 -1
588162 5 -1
588211 0 1
588243 1 -1
588324 2 1
588340 0 1
588399 6 -1
588416 1 1
588444 4 -1
588450 0 -1
588485 13 1
588501 3 -1
588549 2 -1
588576 0 1
588608 1 -1
588657 11 -1
588678 9 1
588700 3 1
588727 0 -1
588763 4 -1
588807 19 1
588915 3 1
588942 0 -1
588962 1 1
588990 6 1
589006 2 -1
589054 5 -1
589092 0 1
589122 4 -1
589150 1 -1
589242 2 1
589244 0 -1
589317 1 -1
589323 18 1
589460 7 -1
589484 2 -1
589488 4 1
589495 3 -1
589517 8 1
589527 5 1
589552 0 -1
589592 6 -1
589658 0 1
589666 1 1
589721 3 1
589753 12 -1
589785 0 1
589855 4 -1
589863 1 -1
589871 10 1
589941 3 -1
589960 2 1
590011 0 -1
590038 5 1
590061 1 -1
590124 0 -1
590140 6 1
590183 15 1
590188 2 -1
590202 7 1
590240 0 -1
590346 0 1
590409 8 -1
590420 1 1
590422 2 1
590452 0 1
590484 3 1
590570 0 1
590585 4 -1
590605 1 -1
590723 0 -1
590794 1 1
590828 3 1
590841 2 -1
590903 7 -1
590948 0 1
590952 4 1
590960 1 1
590978 5 1
591059 0 1
591086 2 1
591141 1 -1
591167 0 -1
591172 3 1
591172 6 1
591194 9 -1
591194 10 -1
591294 4 -1
591306 2 -1
591314 1 1
591430 5 -1
591441 8 -1
591446 3 1
591446 0 1
591508 1 -1
591529 2 1
591548 0 1
591613 6 1
591645 13 1
591672 0 1
591758 2 -1
591795 3 1
591817 12 -1
591881 1 -1
591892 5 1
591957 0 -1
591989 2 1
592000 4 1
592010 6 -1
592043 3 1
592044 1 -1
592061 0 -1
592145 7 -1
592188 2 1
592216 0 1
592217 1 1
592306 4 1
592311 5 1
592311 9 1
592340 0 1
592386 3 1
592419 17 1
592440 0 -1
592516 10 -1
592526 11 1
592553 0 -1
592608 1 1
592650 2 1
592677 0 -1
592685 4 -1
592774 5 -1
592774 1 1
592854 7 1
592919 2 1
592948 0 -1
592963 1 -1
593031 3 -1
593107 0 1
593171 2 -1
593225 0 1
593252 3 1
593257 5 1
593257 16 -1
593300 8 -1
593311 6 -1
593322 9 1
593334 1 1
593374 4 1
593386 7 -1
593451 25 1
593478 0 -1
593495 1 1
593504 3 1
593607 0 -1
593644 2 1
593668 4 1
593680 1 -1
593773 5 1
593789 0 -1
593790 10 -1
593838 12 -1
593866 1 -1
593870 2 -1
593891 6 1
593967 14 -1
594003 4 -1
594034 0 1
594080 1 -1
594106 3 -1
594131 2 -1
594160 0 1
594203 8 1
594293 1 -1
594311 0 -1
594313 4 -1
594354 11 -1
594370 3 -1
594397 6 1
594397 9 1
594468 1 -1
594536 0 1
594601 2 1
594612 3 -1
594644 5 -1
594684 4 1
594700 0 1
594793 1 1
594805 13 -1
594817 0 1
594840 2 -1
594902 7 -1
594976 1 -1
595042 0 -1
595066 2 1
595071 4 -1
595095 5 1
595128 3 -1
595157 0 -1
595160 10 1
595164 1 -1
595224 8 1
595308 0 1
595316 2 1
595342 15 1
595348 3 1
595429 18 -1
595434 4 1
595541 2 -1
595544 0 -1
595547 5 -1
595563 1 1
595574 3 -1
595579 9 -1
595673 0 -1
595684 7 -1
595752 1 -1
595772 2 1
595783 0 1
595815 3 -1
595858 6 -1
595942 1 1
596009 2 -1
596036 3 1
596057 0 -1
596116 31 1
596143 4 -1
596149 8 -1
596197 0 -1
596297 7 -1
596310 0 -1
596331 3 -1
596347 1 -1
596374 6 -1
596385 10 1
596417 11 -1
596460 0 1
596477 2 1
596538 4 -1
596550 1 -1
596600 5 -1
596611 3 -1
596643 0 1
596713 2 -1
596728 1 -1
596772 0 1
596826 9 1
596913 0 1
596917 4 1
596919 1 1
596968 2 -1
597019 5 -1
597111 1 -1
597121 3 -1
597124 0 -1
597127 17 -1
597170 6 1
597191 8 -1
597237 0 1
597268 1 -1
597363 3 -1
597369 0 1
597431 2 -1
597441 1 -1
597524 5 -1
597621 14 1
597627 3 -1
597640 0 -1
597643 4 1
597659 7 1
597659 2 1
597691 10 -1
597777 0 -1
597794 1 -1
597836 13 -1
597847 9 1
597887 0 1
597890 2 -1
597989 4 1
597990 1 1
598100 3 1
598116 0 -1
598169 1 -1
598223 16 -1
598223 0 -1
598224 8 -1
598340 4 -1
598363 2 1
598374 5 1
598376 0 1
598395 3 -1
598417 7 -1
598492 0 1
598535 6 1
598546 1 -1
598567 12 1
598589 0 -1
598589 2 -1
598616 3 1
598712 0 -1
598731 1 1
598820 2 1
598836 0 -1
598874 5 1
598913 1 -1
598954 15 1
598969 4 -1
599051 6 1
599070 7 1
599072 2 1
599083 8 -1
599145 0 1
599158 3 -1
599212 21 -1
599271 0 1
599298 2 -1
599300 1 -1
599320 4 -1
599325 5 -1
599341 3 -1
599430 0 -1
599481 6 -1
599501 1 -1
599529 2 1
599626 4 -1
599661 0 -1
599686 1 1
599739 3 1
599739 5 -1
599752 2 -1
599771 9 1
599779 7 -1
599787 0 -1
599844 1 1
599932 0 1
599991 3 1
600045 1 -1
600065 4 -1
600185 3 -1
600204 2 -1
600206 0 1
600212 5 1
600239 1 1
600287 10 -1
600308 11 1
600400 0 -1
600400 1 1
600421 2 -1
600448 3 -1
600480 13 -1
600502 12 1
600513 7 1
600529 4 -1
600534 0 -1
600588 6 -1
600647 2 1
600677 3 -1
600687 0 1
600706 5 1
600791 1 1
600803 0 -1
600859 4 -1
600932 9 -1
600945 0 1
600976 1 -1
601018 6 1
601018 14 1
601072 8 -1
601082 3 1
601083 0 1
601093 2 1
601130 1 -1
601190 5 -1
601262 4 1
601279 3 -1
601319 7 1
601319 2 -1
601335 0 1
601448 22 -1
601483 0 1
601491 3 -1
601512 6 1
601516 1 -1
601539 2 1
601545 10 -1
601601 0 1
601702 1 1
601706 15 1
601727 9 1
601883 1 1
601916 0 1
601921 11 1
601972 4 -1
602007 2 1
602018 3 -1
602028 8 1
602074 0 -1
602077 7 -1
602098 5 -1
602222 1 1
602254 2 1
602270 0 1
602308 18 1
602351 4 1
602362 3 -1
602415 1 -1
602480 2 -1
602501 6 -1
602512 0 -1
602555 5 1
602619 1 -1
602695 0 -1
602695 2 1
602706 3 -1
602722 4 -1
602794 1 -1
602802 13 -1
602845 0 1
602896 2 1
602899 10 1
602972 1 1
603039 12 1
603039 8 1
603058 0 1
603066 5 1
603125 6 1
603130 2 -1
603151 1 -1
603178 0 1
603289 0 -1
603338 1 -1
603372 2 1
603393 3 -1
603423 7 1
603447 4 -1
603447 16 1
603574 0 1
603598 6 1
603684 28 -1
603696 0 1
603717 1 1
603737 3 -1
603738 4 1
603770 19 -1
603826 2 1
603836 0 1
603899 11 1
603901 1 -1
604028 5 -1
604028 9 1
604065 2 -1
604068 0 -1
604071 3 -1
604088 1 -1
604100 4 -1
604174 0 1
604189 7 1
604275 0 -1
604291 3 1
604329 2 -1
604436 6 -1
604479 1 -1
604501 5 1
604544 14 -1
604544 23 -1
604557 0 1
604587 3 -1
604656 1 1
604678 0 1
604761 2 1
604781 4 1
604815 0 1
604834 7 1
604845 9 -1
604870 1 -1
604909 6 1
604930 3 -1
604941 8 -1
604963 5 -1
604979 0 1
605008 2 1
605076 0 1
605108 4 1
605221 0 -1
605248 2 -1
605265 1 1
605274 3 -1
605404 6 1
605409 0 1
605457 1 -1
605531 4 1
605576 26 -1
605597 9 1
605636 1 -1
605664 3 -1
605667 0 -1
605721 2 1
605737 10 1
605774 0 -1
605813 1 1
605855 6 -1
605876 3 -1
605887 5 -1
605898 8 1
605922 4 -1
605933 0 1
605946 2 -1
605997 1 -1
606086 3 1
606156 7 -1
606178 2 1
606188 1 1
606226 0 1
606305 4 -1
606336 0 -1
606339 5 1
606376 1 -1
606414 2 -1
606470 0 -1
606478 3 1
606505 6 -1
606611 4 -1
606634 2 1
606688 3 1
606704 1 -1
606736 0 1
606785 5 -1
606801 8 -1
606817 7 1
606882 3 -1
606887 2 1
606910 1 -1
606930 0 1
606962 4 1
606962 6 1
607091 0 1
607107 1 1
607113 2 -1
607123 30 -1
607156 10 -1
607236 0 1
607242 5 1
607290 3 1
607430 0 -1
607446 7 1
607486 1 1
607489 3 -1
607570 0 1
607570 2 -1
607575 6 -1
607639 17 1
607643 4 -1
607672 1 -1
607704 5 -1
607720 0 1
607725 15 1
607763 3 -1
607790 2 1
607849 1 1
607962 13 1
607970 4 -1
607978 0 -1
608005 3 -1
608026 11 1
608037 2 -1
608128 0 1
608198 5 -1
608212 1 -1
608220 9 -1
608225 3 1
608241 14 1
608244 0 -1
608369 1 -1
608381 4 -1
608413 12 1
608451 3 -1
608499 2 -1
608521 0 -1
608542 10 -1
608550 1 1
608626 0 -1
608671 5 1
608671 24 1
608685 3 -1
608693 2 -1
608714 8 1
608749 0 1
608811 6 -1
608840 7 1
608899 1 -1
608908 2 -1
608961 0 -1
609070 1 -1
609106 4 -1
609113 0 1
609187 3 -1
609230 9 -1
609252 20 -1
609260 0 -1
609288 1 -1
609370 0 -1
609370 2 -1
609408 3 1
609413 6 1
609433 4 1
609475 0 1
609550 7 -1
609588 2 1
609606 8 -1
609620 0 -1
609647 1 1
609660 5 -1
609703 3 -1
609730 0 1
609743 4 1
609821 2 -1
609828 1 -1
609918 11 -1
609958 0 -1
609989 1 -1
610036 2 1
610047 6 -1
610070 0 1
610101 5 1
610171 0 -1
610187 9 -1
610219 3 -1
610257 2 -1
610259 7 1
610305 12 1
610356 1 1
610396 0 1
610400 4 -1
610461 2 -1
610493 3 -1
610499 8 1
610504 0 -1
610546 1 -1
610568 5 -1
610692 0 1
610697 2 1
610703 3 1
610727 1 -1
610767 4 1
610907 21 1
610912 7 1
610928 0 -1
610993 13 -1
611044 0 1
611058 1 -1
611114 3 -1
611130 4 -1
611154 2 1
611192 0 -1
611275 1 -1
611283 6 1
611310 3 1
611356 0 1
611391 2 -1
611423 8 -1
611423 9 1
611461 10 1
611465 1 1
611471 0 1
611498 5 -1
611529 4 1
611541 3 1
611541 7 1
611611 2 1
611627 0 -1
611630 1 1
611638 11 1
611737 3 -1
611767 22 1
611778 6 1
611779 0 1
611801 1 -1
611912 4 -1
611939 14 -1
611950 3 -1
611960 1 -1
611987 5 -1
612025 0 1
612092 2 -1
612158 1 1
612181 0 -1
612261 6 1
612267 3 1
612286 0 1
612307 4 -1
612315 7 1
612315 2 1
612326 12 -1
612369 15 -1
612476 9 -1
612487 5 1
612492 3 -1
612509 8 -1
612541 0 1
612541 1 1
612546 2 -1
612670 4 1
612672 0 1
612714 1 1
612815 10 -1
612844 0 1
612892 1 -1
612949 3 -1
612960 7 1
613051 2 -1
613127 6 -1
613127 0 1
613143 3 1
613258 0 1
613276 1 -1
613282 2 1
613293 9 1
613347 4 -1
613366 0 -1
613385 5 1
613444 17 1
613454 3 -1
613462 1 1
613498 0 -1
613508 8 -1
613514 2 -1
613551 6 -1
613623 1 1
613644 0 1
613653 4 -1
613758 2 -1
613768 0 1
613836 5 -1
613880 0 1
613900 3 -1
613987 2 1
614000 1 1
614040 4 1
614089 9 -1
614133 0 1
614142 3 -1
614142 6 1
614194 1 -1
614223 2 -1
614234 7 1
614239 5 -1
614255 0 1
614282 13 -1
614298 10 1
614346 19 1
614347 16 -1
614387 1 1
614392 0 1
614443 3 -1
614468 2 -1
614497 8 1
614524 6 -1
614556 1 1
614658 0 1
614674 5 1
614746 1 -1
614806 4 -1
614825 0 1
614900 3 1
614922 2 -1
614943 1 1
614965 0 1
615024 7 1
615034 6 -1
615110 5 1
615126 3 -1
615129 1 1
615137 4 -1
615153 2 1
615207 18 -1
615266 0 -1
615368 3 -1
615384 2 -1
615422 0 1
615491 1 1
615499 4 1
615550 11 -1
615553 0 -1
615620 5 1
615658 6 1
615674 0 -1
615677 1 -1
615779 0 1
615782 7 -1
615803 2 1
615808 14 -1
615824 3 -1
615866 1 1
615896 0 1
615937 12 1
616045 0 -1
616056 2 1
616066 3 -1
616077 5 -1
616136 4 1
616152 6 1
616217 1 1
616260 9 1
616281 2 -1
616316 0 1
616330 3 -1
616388 1 -1
616435 0 1
616499 4 -1
616539 20 -1
616540 8 1
616566 0 1
616584 1 1
616744 3 1
616757 2 1
616873 0 1
616878 4 1
616940 3 -1
616953 1 1
616991 2 -1
617020 0 1
617088 10 1
617098 15 1
617098 9 -1
617109 5 -1
617139 0 1
617148 1 -1
617166 3 -1
617168 7 -1
617222 2 1
617257 4 -1
617313 11 1
617342 1 1
617410 0 1
617442 6 -1
617442 23 -1
617464 8 -1
617518 5 -1
617527 1 -1
617531 0 1
617566 3 -1
617628 4 1
617680 1 1
617700 25 -1
617711 2 -1
617712 0 1
617829 0 1
617835 3 -1
617886 1 -1
617910 4 -1
617915 6 -1
617915 12 1
617934 0 -1
617937 2 1
618012 5 1
618039 7 1
618047 0 1
618051 1 1
618087 3 -1
618165 2 -1
618173 0 1
618259 8 -1
618289 4 1
618388 1 -1
618431 0 1
618474 10 -1
618474 17 -1
618496 6 1
618496 9 -1
618521 0 1
618551 1 -1
618576 2 -1
618658 0 1
618705 3 -1
618716 7 -1
618736 1 1
618821 2 -1
618947 3 -1
618969 5 -1
618979 0 -1
619006 4 1
619044 2 1
619125 0 1
619139 1 -1
619162 11 -1
619167 3 1
619224 0 -1
619317 1 1
619365 4 -1
619463 3 -1
619468 5 -1
619508 1 -1
619509 2 1
619525 0 1
619627 0 -1
619740 4 1
619764 2 1
619794 0 -1
619807 3 -1
619807 12 1
619841 1 1
619861 6 1
619958 5 1
619984 2 -1
619994 1 1
620065 8 -1
620081 3 -1
620089 0 -1
620151 16 1
620171 1 -1
620183 7 -1
620184 10 -1
620191 0 1
620194 9 1
620307 6 1
620310 0 1
620357 1 1
620371 3 1
620414 2 1
620417 4 -1
620538 13 1
620540 1 -1
620549 0 1
620662 2 1
620667 0 1
620695 1 -1
620764 6 1
620764 0 -1
620780 7 -1
620804 4 1
620839 3 -1
620856 1 -1
620893 2 -1
620930 5 -1
621014 0 -1
621054 19 1
621076 8 -1
621113 3 -1
621129 2 1
621148 0 -1
621204 9 1
621215 4 1
621231 1 -1
621256 0 1
621350 2 -1
621397 1 -1
621403 3 1
621417 7 -1
621468 5 -1
621507 0 1
621554 6 1
621594 2 -1
621596 1 -1
621613 0 -1
621763 0 -1
621812 2 -1
621914 0 1
621919 3 1
621946 6 -1
621952 5 1
621953 1 1
621968 8 1
622021 7 -1
622046 4 -1
622107 0 1
622130 1 1
622150 9 1
622252 3 1
622253 0 -1
622258 27 -1
622285 2 1
622306 1 1
622344 6 1
622406 0 1
622461 4 -1
622521 2 -1
622532 3 1
622658 1 1
622684 0 -1
622752 2 1
622785 6 1
622791 0 1
622812 10 1
622836 4 1
622840 1 -1
622844 7 -1
622916 0 1
622935 5 -1
622946 18 -1
622967 11 1
622993 1 -1
623000 3 -1
623123 0 -1
623146 1 -1
623166 4 1
623220 3 1
623228 2 1
623290 0 1
623319 1 -1
623322 6 -1
623408 5 1
623424 2 1
623456 7 -1
623467 3 1
623486 0 -1
623497 4 1
623505 14 1
623541 1 -1
623671 3 -1
623677 2 1
623698 13 1
623751 1 -1
623763 20 -1
623779 0 1
623859 4 -1
623897 0 1
623902 8 -1
623913 6 1
623924 5 1
623951 3 -1
624021 15 -1
624026 0 1
624085 7 -1
624101 10 1
624122 1 -1
624128 2 1
624150 22 1
624171 9 -1
624179 0 -1
624193 3 -1
624222 4 1
624303 1 1
624335 0 1
624354 2 -1
624442 3 -1
624451 6 -1
624483 0 1
624484 1 -1
624580 11 1
624590 0 -1
624623 2 -1
624816 0 1
624816 8 1
624855 1 1
624859 5 1
624870 2 1
624924 4 -1
624924 12 1
624934 0 1
625045 1 -1
625096 3 1
625096 2 -1
625131 0 -1
625190 4 1
625254 1 -1
625292 3 -1
625294 5 -1
625348 2 1
625383 0 -1
625456 10 -1
625504 3 1
625510 0 -1
625536 7 1
625552 4 -1
625569 9 -1
625577 1 -1
625604 2 1
625612 8 1
625625 0 -1
625732 1 -1
625751 5 1
625762 6 1
625867 0 -1
625891 1 -1
626031 0 1
626033 3 -1
626095 2 1
626105 1 -1
626138 0 -1
626213 6 -1
626238 4 1
626254 0 -1
626262 7 -1
626278 1 -1
626353 2 1
626369 0 -1
626407 11 -1
626407 3 -1
626407 9 -1
626443 1 -1
626482 0 1
626504 13 -1
626532 4 1
626584 2 -1
626614 0 -1
626641 1 1
626657 3 -1
626735 5 -1
626858 12 1
626901 24 -1
626952 0 1
626966 6 1
626971 7 1
626975 1 -1
626987 4 1
627025 2 1
627127 0 1
627132 3 1
627159 1 1
627213 5 1
627237 0 -1
627272 2 1
627358 1 -1
627417 14 1
627460 3 1
627503 16 -1
627504 2 -1
627514 8 -1
627541 0 -1
627675 5 -1
627693 1 -1
627705 0 -1
627724 3 1
627802 4 -1
627807 0 1
627902 1 1
627923 6 -1
627971 2 -1
628019 3 -1
628020 15 -1
628044 0 1
628064 1 1
628127 9 -1
628164 0 1
628181 10 1
628185 4 -1
628216 2 -1
628289 0 1
628342 3 -1
628390 7 1
628393 0 -1
628428 6 -1
628428 8 1
628430 1 1
628449 2 1
628519 4 -1
628535 3 1
628541 0 1
628610 5 -1
628612 1 -1
628664 2 1
628699 0 -1
628731 3 -1
628793 1 -1
628816 0 -1
628868 6 1
628901 2 -1
628979 1 1
629014 5 -1
629051 7 -1
629137 9 -1
629143 3 1
629143 2 -1
629168 1 -1
629180 0 1
629223 8 1
629285 4 1
629336 0 -1
629352 2 -1
629358 3 -1
629358 1 1
629503 5 1
629530 0 -1
629559 1 -1
629607 4 1
629637 3 -1
629696 10 1
629777 7 1
629806 2 -1
629866 0 1
629868 11 1
629868 12 -1
629890 23 1
629942 1 1
629976 6 -1
629978 4 -1
630035 2 1
630046 5 1
630062 9 -1
630075 0 -1
630136 1 -1
630193 0 -1
630234 3 -1
630250 2 -1
630321 1 1
630457 0 -1
630497 3 -1
630513 5 -1
630513 6 1
630599 0 -1
630635 4 1
630676 1 -1
630709 0 1
630728 2 -1
630787 3 1
630837 1 -1
630838 0 1
630889 10 1
630970 5 1
630970 0 1
630981 2 -1
630997 8 1
631018 4 -1
631026 1 1
631099 7 -1
631137 0 1
631204 2 1
631266 6 -1
631271 0 1
631287 14 -1
631303 3 1
631397 4 1
631421 5 -1
631426 1 -1
631529 3 -1
631536 0 1
631545 15 -1
631615 1 1
631666 2 1
631682 0 -1
631706 6 1
631760 1 -1
631771 3 -1
631776 7 1
631841 0 1
631846 11 1
631846 8 1
631894 2 -1
631991 3 1
632018 13 1
632085 0 1
632115 4 1
632142 2 -1
632163 1 1
632217 3 -1
632246 0 1
632276 9 -1
632319 6 -1
632324 5 -1
632324 7 -1
632340 1 -1
632365 0 1
632373 2 1
632459 3 -1
632477 4 -1
632528 1 1
632604 2 -1
632695 0 -1
632738 3 -1
632738 5 -1
632812 4 1
632830 2 1
632846 8 1
632877 1 -1
632881 0 -1
632921 26 1
632932 6 1
633023 0 -1
633082 2 1
633098 1 -1
633128 0 -1
633190 5 1
633195 3 1
633200 9 -1
633246 0 -1
633288 1 1
633383 0 -1
633394 12 1
633483 0 1
633491 3 -1
633491 6 -1
633539 2 1
633606 4 1
633646 10 1
633648 1 -1
633663 7 1
633711 3 1
633784 2 1
633792 0 1
633828 1 -1
633888 11 1
633888 0 -1
633937 4 1
634005 1 1
634007 9 1
634009 0 -1
634012 2 -1
634125 5 1
634146 3 -1
634239 0 1
634340 3 1
634340 0 -1
634344 4 1
634356 7 -1
634374 1 1
634426 6 -1
634474 0 1
634474 2 -1
634536 3 -1
634566 1 -1
634608 5 -1
634684 8 1
634717 1 -1
634719 4 -1
634721 2 -1
634732 0 1
634823 6 1
634874 1 -1
634888 10 1
634901 0 -1
634947 3 1
634952 2 1
634985 24 -1
635018 0 1
635053 1 1
635057 7 1
635124 5 -1
635140 3 -1
635146 4 -1
635154 0 1
635237 1 -1
635253 6 -1
635307 13 1
635323 0 1
635329 21 1
635372 3 -1
635396 1 -1
635407 2 1
635454 0 1
635509 4 1
635560 0 1
635565 3 1
635640 2 -1
635694 8 1
635759 17 1
635761 3 -1
635785 1 -1
635802 11 -1
635827 4 1
635839 0 1
635861 2 1
635888 12 1
635944 1 -1
635970 0 1
635974 3 -1
636092 0 1
636092 2 -1
636156 1 -1
636167 3 1
636167 5 -1
636210 9 1
636274 20 -1
636323 2 1
636371 0 -1
636404 10 1
636412 7 1
636484 0 -1
636518 1 -1
636568 2 1
636576 3 -1
636586 8 -1
636618 6 -1
636643 0 1
636653 4 -1
636683 5 -1
636702 1 -1
636769 3 1
636796 2 -1
636907 1 -1
636958 0 1
636965 3 -1
637006 9 -1
637032 4 1
637081 7 1
637102 6 -1
637151 0 -1
637204 5 -1
637258 2 -1
637311 1 1
637323 0 -1
637371 4 1
637382 3 1
637476 1 1
637505 2 1
637543 6 -1
637578 3 -1
637618 5 -1
637655 1 -1
637656 0 1
637693 13 1
637726 2 -1
637774 10 -1
637779 12 1
637801 11 -1
637801 3 1
637806 0 1
637818 1 -1
637919 7 1
637930 0 1
637984 1 -1
638048 4 1
638107 5 -1
638150 0 -1
638181 1 -1
638188 9 1
638204 3 -1
638220 2 1
638277 0 -1
638359 1 -1
638400 0 -1
638403 3 1
638403 4 -1
638446 2 -1
638532 8 1
638586 5 1
638596 18 1
638612 3 1
638625 0 1
638696 2 -1
638731 0 1
638735 1 -1
638736 6 1
638758 4 1
638830 0 -1
638907 1 -1
638908 3 -1
638940 14 1
639048 10 -1
639077 0 -1
639084 1 1
639102 5 1
639112 15 1
639128 3 1
639158 2 -1
639180 0 1
639298 0 1
639338 6 -1
639354 3 -1
639386 2 1
639397 0 -1
639403 7 1
639455 1 -1
639478 8 -1
639483 4 1
639507 0 -1
639596 3 -1
639628 0 -1
639634 2 1
639644 1 1
639752 0 -1
639800 6 -1
639830 1 -1
639843 11 -1
639843 2 1
639862 4 -1
639908 12 -1
639951 5 -1
639951 16 -1
640012 0 -1
640015 9 1
640058 2 -1
640125 0 1
640152 7 -1
640160 3 1
640170 1 1
640201 4 1
640252 6 -1
640281 0 -1
640305 2 1
640358 1 -1
640370 8 1
640434 5 1
640504 3 1
640527 4 1
640545 0 -1
640551 1 1
640563 2 1
640628 10 -1
640656 0 1
640682 6 -1
640725 13 1
640730 3 -1
640757 7 -1
640769 1 1
640797 0 1
640843 5 1
640874 4 1
640918 17 1
640934 1 1
641015 2 1
641015 9 1
641058 0 1
641079 6 1
641132 1 1
641176 27 -1
641192 4 1
641206 0 -1
641241 2 -1
641284 8 -1
641301 1 1
641364 3 1
641380 0 -1
641458 2 1
641528 0 1
641555 4 -1
641622 3 1
641662 0 1
641692 11 1
641720 1 -1
641724 6 -1
641808 0 -1
641832 3 -1
641875 5 1
641910 1 1
641950 2 1
641955 0 1
641993 12 -1
642004 9 1
642079 7 1
642099 1 -1
642176 2 -1
642176 10 1
642232 4 1
642246 0 -1
642294 8 -1
642337 5 -1
642377 0 1
642388 2 1
642393 3 1
642470 1 -1
642514 0 1
642595 13 1
642619 4 -1
642627 3 -1
642653 1 1
642724 22 1
642727 0 1
642799 5 1
642815 2 -1
642831 6 1
642839 1 -1
642853 0 1
642861 7 -1
642864 3 -1
642990 4 1
642990 0 1
643046 9 -1
643049 2 1
643084 3 1
643154 14 1
643200 1 -1
643205 0 -1
643251 6 1
643267 2 -1
643304 8 -1
643306 0 1
643315 3 -1
643401 1 1
643420 0 1
643498 2 1
643544 0 1
643546 7 1
643552 3 -1
643591 1 -1
643659 0 1
643707 4 1
643734 5 1
643734 2 -1
643756 19 -1
643764 1 -1
643780 0 1
643799 6 -1
643842 12 -1
643895 3 -1
643901 0 1
643928 15 1
643949 1 1
643955 2 1
644094 4 -1
644129 0 -1
644143 1 -1
644197 8 1
644207 2 1
644248 0 -1
644250 5 1
644250 9 1
644272 20 -1
644304 7 -1
644312 1 -1
644354 0 1
644374 3 1
644481 4 1
644578 0 -1
644659 2 1
644675 1 -1
644692 0 -1
644702 6 1
644718 3 1
644728 5 -1
644844 0 1
644852 16 -1
644856 1 1
644890 2 -1
645022 1 1
645083 3 1
645116 2 1
645142 10 -1
645159 7 1
645195 4 1
645202 5 1
645208 0 1
645239 9 1
645260 11 1
645304 13 -1
645322 0 1
645404 1 -1
645422 0 -1
645476 6 -1
645497 3 -1
645537 4 1
645551 2 -1
645572 0 1
645598 1 1
645648 21 -1
645653 5 -1
645691 0 -1
645723 3 -1
645771 2 1
645775 1 -1
645868 4 -1
645868 0 -1
645948 6 1
645949 7 1
646013 8 1
646018 2 1
646040 3 1
646072 0 1
646078 12 1
646106 1 -1
646169 5 -1
646186 4 -1
646207 9 1
646271 10 -1
646289 1 1
646362 0 -1
646481 1 -1
646486 2 1
646521 4 1
646524 0 1
646577 7 1
646615 3 1
646669 0 1
646678 1 1
646679 5 -1
646706 2 -1
646825 3 -1
646852 1 1
646892 4 -1
646916 6 1
646916 8 -1
646959 2 -1
646970 0 1
646980 25 -1
647021 1 -1
647023 3 1
647109 14 1
647136 0 -1
647174 11 -1
647178 1 -1
647263 4 1
647300 0 -1
647367 24 -1
647389 6 1
647435 2 1
647445 3 -1
647545 1 -1
647558 0 -1
647647 2 1
647658 3 -1
647668 5 1
647668 0 1
647694 1 -1
647754 8 -1
647797 15 1
647865 0 -1
647875 1 -1
647883 10 -1
647894 2 1
647942 3 -1
647975 0 -1
647988 4 1
648012 17 -1
648045 5 1
648077 6 -1
648077 7 1
648101 0 -1
648203 0 1
648258 1 1
648324 0 1
648351 4 -1
648351 2 1
648405 3 1
648421 9 1
648444 1 -1
648539 5 -1
648571 6 1
648577 2 -1
648609 0 -1
648617 1 -1
648625 7 1
648665 4 -1
648700 3 -1
648746 0 -1
648786 11 -1
648802 2 1
648878 0 -1
648974 3 -1
648980 13 1
649008 1 1
649044 6 1
649141 1 -1
649146 0 1
649173 22 1
649249 0 -1
649281 2 1
649310 4 -1
649326 1 1
649353 0 1
649399 7 1
649488 1 1
649528 9 -1
649533 2 1
649539 5 1
649560 3 -1
649611 0 1
649625 8 1
649661 1 1
649689 6 -1
649725 4 -1
649727 0 1
649759 2 -1
649780 3 1
649829 0 -1
649854 1 1
649979 5 -1
649990 0 1
650032 1 -1
650036 4 -1
650122 0 1
650124 3 1
650184 6 -1
650216 2 -1
650224 0 -1
650388 0 -1
650407 1 -1
650426 5 1
650434 2 1
650560 8 -1
650564 1 -1
650571 9 1
650657 12 -1
650662 0 1
650681 2 -1
650709 4 1
650713 7 -1
650721 23 1
650729 1 -1
650764 3 -1
650804 0 -1
650834 10 1
650911 0 1
650920 2 1
651070 3 1
651072 1 1
651087 6 -1
651108 4 1
651140 0 1
651165 2 1
651237 16 -1
651253 0 -1
651261 1 -1
651366 7 -1
651390 0 1
651393 2 -1
651409 5 -1
651425 3 1
651455 1 1
651503 4 -1
651517 8 1
651624 2 1
651651 3 -1
651651 0 -1
651758 6 -1
651775 0 -1
651834 1 1
651858 4 1
651866 5 1
651890 0 -1
651893 3 -1
651987 0 1
652011 26 1
652015 1 -1
652027 7 1
652043 10 1
652100 2 -1
652113 3 1
652145 0 -1
652170 1 -1
652172 4 1
652290 0 1
652328 2 1
652333 6 1
652344 5 -1
652350 1 -1
652409 3 -1
652436 0 1
652519 4 -1
652535 1 1
652559 2 -1
652570 11 1
652699 9 -1
652710 0 -1
652724 1 -1
652796 5 1
652847 0 1
652866 4 -1
652898 3 1
652914 1 1
652914 17 1
652992 0 1
653016 2 -1
653210 3 -1
653250 2 1
653293 1 1
653322 5 1
653322 6 1
653325 0 -1
653430 12 -1
653438 0 -1
653441 3 -1
653474 1 1
653478 2 -1
653502 7 1
653516 8 -1
653559 0 -1
653627 4 1
653672 1 1
653720 10 1
653736 6 -1
653798 0 1
653849 3 1
653860 9 1
653865 5 1
653951 2 1
653970 0 1
654051 4 1
654051 1 1
654118 3 1
654129 0 -1
654161 14 1
654161 18 -1
654209 2 1
654224 1 1
654284 7 1
654300 5 -1
654376 6 -1
654403 0 1
654405 4 1
654407 1 -1
654419 3 -1
654435 2 -1
654462 11 -1
654559 8 -1
654561 0 -1
654666 2 1
654674 0 -1
654764 1 1
654865 3 -1
654903 2 -1
654946 1 -1
654964 0 -1
654978 13 1
655074 7 -1
655099 0 -1
655107 3 -1
655119 1 -1
655123 2 1
655127 4 1
655214 0 -1
655268 5 1
655279 9 -1
655370 3 -1
655376 2 1
655397 6 -1
655451 15 1
655490 1 -1
655510 0 -1
655515 8 1
655550 4 -1
655620 0 -1
655623 3 -1
655687 5 1
655695 1 1
655795 6 1
655800 0 -1
655816 7 1
655832 2 1
655843 3 1
655865 1 1
655902 12 1
655913 4 1
656053 2 -1
656069 3 -1
656112 0 1
656165 6 -1
656187 5 1
656207 1 -1
656222 0 -1
656278 2 1
656311 3 -1
656324 0 1
656393 1 1
656477 10 1
656480 0 -1
656482 11 -1
656547 8 1
656574 1 1
656590 6 -1
656596 0 -1
656598 7 1
656614 4 -1
656714 0 -1
656732 2 1
656784 16 1
656832 3 -1
656837 0 -1
656937 1 -1
656969 2 -1
656977 6 1
656985 4 1
657036 0 -1
657042 5 -1
657128 3 1
657130 1 1
657146 0 -1
657192 2 1
657281 0 -1
657299 4 1
657312 1 -1
657332 7 -1
657337 3 1
657461 6 1
657504 5 1
657525 0 -1
657601 8 1
657606 4 1
657644 0 -1
657646 2 1
657670 1 -1
657729 3 1
657730 9 -1
657767 10 1
657789 0 1
657868 1 1
657875 2 -1
657939 3 1
657944 4 1
658020 5 1
658025 7 1
658030 14 1
658031 21 -1
658053 1 -1
658073 6 -1
658095 0 1
658106 13 1
658122 2 -1
658132 3 -1
658205 0 -1
658210 1 -1
658275 4 -1
658306 0 1
658353 2 1
658384 1 -1
658413 0 1
658417 15 -1
658511 0 -1
658557 3 1
658573 1 1
658589 2 -1
658622 4 1
658671 0 1
658675 8 1
658753 3 -1
658761 1 -1
658799 0 1
658842 2 -1
658869 5 -1
658955 9 1
658966 3 -1
658976 22 -1
659076 2 1
659086 0 1
659124 1 -1
659159 3 1
659194 0 -1
659213 6 -1
659307 1 -1
659315 10 1
659347 0 1
659352 5 1
659355 4 1
659363 12 -1
659390 3 1
659428 7 1
659488 1 1
659492 20 1
659524 2 1
659584 3 -1
659602 0 -1
659610 8 -1
659653 6 1
659670 4 1
659718 0 -1
659750 2 -1
659750 17 -1
659798 5 -1
659815 3 -1
659823 0 1
659858 9 1
659871 1 1
659981 2 1
660008 19 -1
660024 4 -1
660044 1 -1
660057 7 1
660073 0 1
660137 11 -1
660172 0 -1
660250 5 1
660286 1 1
660341 0 1
660363 6 1
660427 10 -1
660438 3 -1
660438 2 1
660472 0 1
660578 0 1
660653 9 -1
660658 3 1
660665 1 1
660669 2 -1
660675 5 1
660677 0 -1
660742 4 -1
660830 1 1
660837 0 1
660863 7 1
660911 3 1
660911 12 1
660916 2 -1
661036 1 1
661078 0 1
661157 4 -1
661158 5 1
661185 0 -1
661218 1 1
661290 0 -1
661298 14 1
661298 23 -1
661346 2 1
661395 13 -1
661397 1 -1
661406 8 -1
661411 6 -1
661481 3 -1
661512 4 1
661514 0 1
661568 1 -1
661599 2 1
661620 16 -1
661638 0 1
661642 18 -1
661685 5 1
661751 0 1
661754 1 1
661755 3 -1
661771 9 1
661814 6 1
661830 2 -1
661878 10 1
661997 3 -1
661997 0 1
662072 15 -1
662112 0 -1
662120 1 1
662158 11 -1
662158 28 -1
662260 0 1
662273 4 1
662300 2 1
662302 1 -1
662330 8 1
662338 7 1
662427 6 -1
662471 1 -1
662507 0 1
662537 2 -1
662599 5 1
662604 3 -1
662618 0 -1
662636 4 -1
662733 0 1
662755 2 1
662814 3 1
662826 1 1
662838 7 -1
662971 0 1
663007 4 1
663007 1 -1
663023 3 1
663061 9 -1
663093 0 1
663104 5 1
663190 12 -1
663211 8 -1
663214 0 -1
663217 1 -1
663217 2 1
663297 10 -1
663317 4 1
663434 0 -1
663469 2 1
663507 3 -1
663507 7 -1
663534 24 1
663536 0 1
663555 6 1
663561 5 -1
663590 1 -1
663663 0 1
663692 4 -1
663695 2 -1
663749 3 -1
663781 1 1
663878 25 1
663946 1 1
663980 0 1
663999 3 -1
664031 4 -1
664100 0 1
664146 1 1
664149 2 -1
664179 11 -1
664200 9 -1
664206 0 1
664307 1 1
664313 6 -1
664337 0 1
664356 2 -1
664386 4 1
664488 0 -1
664511 1 -1
664566 2 -1
664606 0 -1
664609 5 -1
664684 3 -1
664694 1 1
664716 6 1
664716 10 1
664786 0 -1
664877 3 1
664942 7 -1
664953 14 -1
665009 2 -1
665020 0 1
665051 1 -1
665060 5 1
665084 3 -1
665087 4 -1
665146 8 1
665153 0 1
665235 2 1
665236 1 1
665289 0 1
665414 1 -1
665463 2 -1
665498 4 1
665522 5 -1
665557 0 -1
665590 3 -1
665668 7 1
665673 2 -1
665694 0 -1
665727 6 1
665758 1 -1
665799 0 1
665813 17 -1
665821 4 1
665861 3 -1
665888 2 1
665926 1 -1
666054 0 1
666071 8 -1
666111 1 1
666119 2 -1
666165 0 -1
666167 6 1
666205 3 -1
666221 11 -1
666253 9 1
666326 0 -1
666329 2 -1
666361 7 -1
666382 5 1
666393 16 -1
666444 0 1
666445 1 -1
666514 4 -1
666597 0 -1
666623 1 -1
666716 6 1
666716 13 -1
666764 2 -1
666776 1 -1
666807 0 -1
666844 4 -1
666850 3 1
666866 5 -1
666912 0 1
666998 2 1
667017 8 1
667038 7 1
667076 3 -1
667081 9 -1
667127 1 1
667186 0 -1
667223 4 1
667226 2 -1
667283 0 1
667316 1 -1
667317 3 -1
667366 5 -1
667436 0 -1
667457 10 -1
667522 1 1
667538 3 1
667608 6 1
667704 2 1
667745 0 -1
667780 5 -1
667833 3 -1
667860 7 1
667921 1 -1
667941 2 -1
667948 0 1
667949 4 1
668006 9 1
668046 0 -1
668091 11 1
668094 1 1
668097 3 -1
668161 2 1
668215 5 1
668267 1 -1
668306 6 1
668347 0 1
668349 21 1
668360 4 1
668392 12 -1
668441 3 -1
668500 0 -1
668521 14 1
668602 2 1
668618 7 -1
668622 1 1
668656 0 -1
668661 5 -1
668682 4 1
668704 8 -1
668766 0 1
668796 10 1
668800 1 1
668833 2 -1
668871 3 1
668887 6 -1
668898 0 1
668993 1 -1
669029 4 -1
669059 2 1
669070 0 1
669075 3 -1
669188 5 -1
669228 0 1
669247 7 -1
669279 2 -1
669348 1 -1
669352 4 -1
669360 3 -1
669360 13 -1
669510 2 1
669510 8 -1
669525 1 -1
669575 0 -1
669626 4 1
669682 19 -1
669686 1 -1
669720 2 1
669725 18 -1
669729 0 1
669811 20 -1
669841 0 -1
669852 1 -1
669948 4 1
669951 3 -1
669983 15 -1
669983 2 1
670032 6 -1
670048 5 1
670049 1 -1
670083 0 -1
670112 11 1
670166 9 -1
670209 0 -1
670210 1 -1
670295 3 -1
670351 0 1
670396 1 1
670424 6 1
670424 8 1
670440 2 1
670456 10 1
670483 5 -1
670585 12 1
670601 0 1
670639 3 -1
670686 4 -1
670693 2 1
670762 7 1
670763 0 -1
670775 1 1
670832 6 -1
670902 0 1
670910 2 -1
670956 1 1
671020 5 -1
671028 4 -1
671133 1 -1
671160 0 1
671246 3 -1
671260 0 1
671273 9 -1
671338 8 -1
671359 26 1
671370 2 -1
671378 0 1
671379 4 1
671407 7 1
671472 1 1
671499 3 -1
671588 0 1
671612 2 1
671613 1 -1
671714 13 -1
671733 0 -1
671819 1 1
671832 6 -1
671832 14 -1
671856 2 1
671875 3 1
671880 0 1
671961 5 -1
672112 0 -1
672117 4 -1
672133 24 1
672149 3 1
672149 7 1
672154 11 1
672198 1 1
672246 0 1
672262 23 -1
672262 16 -1
672305 6 -1
672308 2 1
672348 8 -1
672375 3 -1
672383 1 1
672388 0 1
672434 5 1
672434 12 1
672504 4 1
672536 2 -1
672563 9 -1
672572 1 1
672609 0 -1
672654 3 1
672746 0 -1
672751 2 -1
672758 1 1
672821 6 -1
672877 0 -1
672883 4 -1
672907 17 1
672912 5 1
672939 1 1
672961 3 -1
672974 2 1
673063 0 -1
673100 10 -1
673125 1 -1
673184 0 -1
673202 2 -1
673251 6 1
673262 8 1
673302 1 1
673353 0 -1
673450 2 -1
673520 7 -1
673525 3 1
673525 0 -1
673636 4 -1
673653 1 1
673686 2 1
673745 6 1
673778 5 -1
673786 0 -1
673830 1 1
673869 3 1
673958 0 -1
673963 4 -1
673995 1 1
674054 0 1
674138 2 1
674175 8 -1
674213 3 1
674213 7 1
674250 5 1
674347 6 -1
674362 4 -1
674370 1 1
674390 2 1
674404 0 -1
674412 15 1
674535 1 1
674548 0 1
674584 10 1
674627 2 -1
674683 0 1
674697 1 1
674718 5 -1
674750 3 1
674788 6 1
674820 9 -1
674842 12 -1
674960 0 -1
674973 3 -1
675068 1 1
675070 2 -1
675092 4 -1
675097 0 1
675100 7 -1
675175 5 1
675186 3 -1
675199 0 -1
675229 1 -1
675299 2 1
675334 0 -1
675406 1 -1
675449 0 -1
675507 4 -1
675532 2 -1
675575 3 -1
675596 1 1
675637 5 -1
675637 0 1
675659 14 1
675766 0 1
675781 1 -1
675788 3 -1
675841 10 -1
675849 4 -1
675863 6 -1
675874 11 1
675962 1 1
675986 3 1
676008 2 1
676013 9 1
676054 0 -1
676078 5 1
676148 1 1
676180 3 -1
676188 0 -1
676228 8 -1
676231 2 -1
676304 6 -1
676339 0 1
676379 3 1
676433 2 -1
676498 1 1
676529 5 -1
676551 7 -1
676564 0 -1
676567 4 1
676588 3 1
676666 0 1
676690 6 1
676691 12 -1
676716 1 1
676777 0 1
676782 3 -1
676809 13 1
676873 1 1
676906 9 1
676908 2 1
676930 4 -1
677112 0 -1
677142 2 -1
677217 8 -1
677224 1 -1
677231 0 -1
677293 7 1
677300 3 -1
677301 4 -1
677392 2 -1
677397 1 1
677427 0 1
677464 5 -1
677524 3 1
677550 15 -1
677588 0 -1
677603 1 -1
677749 3 -1
677760 0 1
677808 6 -1
677809 22 -1
677809 25 -1
677852 2 -1
677886 0 1
677894 9 1
677937 5 1
677986 1 -1
677994 7 -1
677997 0 1
678018 4 1
678077 2 1
678109 11 -1
678174 8 1
678175 1 1
678212 3 1
678260 0 1
678327 2 1
678330 6 -1
678344 4 1
678361 1 -1
678400 0 1
678421 5 -1
678437 3 -1
678453 10 1
678512 0 -1
678625 12 -1
678679 3 -1
678679 7 -1
678711 6 1
678715 4 -1
678736 1 -1
678765 2 -1
678827 0 -1
678883 9 1
678917 1 1
679012 0 1
679013 2 1
679102 1 -1
679131 0 -1
679233 2 -1
679324 5 -1
679356 29 1
679367 3 -1
679440 0 -1
679461 4 1
679461 7 -1
679506 1 -1
679550 6 1
679606 0 1
679614 13 -1
679614 10 1
679663 2 1
679695 1 1
679700 21 1
679711 3 -1
679749 0 -1
679804 4 -1
679829 9 1
679876 1 1
679883 0 1
679907 2 1
679915 5 1
679958 8 1
679980 11 1
679980 0 -1
680012 6 1
680055 3 -1
680109 2 1
680114 4 -1
680130 0 1
680235 7 1
680262 0 1
680263 1 -1
680324 5 1
680340 2 -1
680449 1 1
680533 0 -1
680541 4 -1
680566 2 1
680630 1 1
680646 6 -1
680660 0 -1
680743 3 -1
680791 7 1
680818 0 -1
680818 2 1
680829 8 -1
680880 4 -1
680947 12 1
680969 10 -1
681029 1 -1
681044 2 -1
681065 3 1
681119 9 -1
681130 0 -1
681198 1 -1
681231 4 1
681240 0 1
681270 6 -1
681275 3 1
681296 5 -1
681350 0 -1
681388 1 1
681490 2 -1
681557 0 1
681565 1 1
681589 4 -1
681657 8 -1
681689 3 -1
681716 5 -1
681721 2 1
681726 0 1
681759 1 -1
681866 0 1
681872 6 1
681888 3 1
681944 1 1
681952 2 -1
682038 0 1
682081 3 -1
682119 5 -1
682126 1 -1
682202 0 -1
682234 7 1
682303 4 -1
682347 0 1
682388 10 1
682425 2 1
682484 6 -1
682496 1 -1
682498 3 1
682498 0 -1
682516 13 -1
682621 4 -1
682662 1 -1
682667 2 -1
682694 3 -1
682787 0 1
682841 1 1
682904 3 1
682914 2 1
682936 0 -1
682968 4 1
682968 7 -1
683057 0 -1
683118 5 1
683140 6 -1
683183 9 1
683186 1 -1
683315 3 -1
683326 0 -1
683344 2 -1
683371 1 1
683376 8 1
683436 0 1
683540 1 1
683548 3 -1
683565 2 1
683567 0 1
683570 5 -1
683597 7 -1
683613 16 -1
683637 4 1
683656 24 -1
683785 0 1
683806 3 -1
683809 2 1
683828 14 1
683887 10 -1
683892 0 1
683927 1 1
683988 4 -1
684021 5 1
684022 2 1
684027 3 1
684038 0 1
684043 11 1
684097 6 1
684097 1 1
684158 0 1
684271 2 1
684274 1 1
684277 0 1
684279 3 1
684301 9 -1
684344 8 1
684346 4 1
684446 0 1
684468 1 -1
684475 3 -1
684500 6 -1
684508 2 -1
684559 0 -1
684637 1 -1
684688 3 -1
684785 2 -1
684826 1 1
684838 7 -1
684887 0 1
685000 5 -1
685024 0 -1
685034 1 1
685042 6 -1
685048 4 1
685118 12 -1
685129 10 -1
685166 3 1
685193 0 1
685241 2 -1
685247 9 -1
685301 8 -1
685374 4 -1
685392 3 -1
685423 1 1
685447 0 1
685462 5 1
685472 2 1
685572 7 1
685607 0 -1
685608 1 -1
685634 3 -1
685704 2 -1
685712 0 1
685733 4 -1
685782 1 -1
685849 11 -1
685956 5 1
686023 0 1
686031 4 -1
686128 1 -1
686144 0 1
686145 2 -1
686160 6 1
686193 7 1
686195 3 1
686300 0 -1
686334 1 -1
686354 4 -1
686381 2 1
686392 3 -1
686477 1 1
686480 0 -1
686590 3 1
686633 6 1
686634 2 1
686650 0 -1
686709 4 1
686725 10 -1
686784 0 -1
686838 22 1
686842 1 1
686881 12 -1
686914 0 1
686972 5 1
687010 15 1
687057 1 -1
687090 2 1
687096 6 1
687096 18 1
687104 4 -1
687112 3 1
687192 8 1
687229 1 1
687235 0 1
687332 9 1
687335 2 1
687337 3 -1
687354 17 1
687380 5 1
687383 0 -1
687446 1 1
687526 14 -1
687536 0 1
687563 2 -1
687579 3 -1
687628 7 -1
687630 1 -1
687740 11 1
687776 0 -1
687776 2 -1
687797 3 1
687801 1 -1
687832 5 -1
687888 0 1
687902 4 1
687945 6 -1
687974 1 -1
688004 0 -1
688023 2 -1
688031 3 -1
688128 8 -1
688224 0 -1
688251 2 1
688256 4 -1
688267 3 -1
688300 9 1
688305 7 -1
688333 1 -1
688337 0 1
688342 6 1
688455 0 1
688477 2 -1
688514 13 -1
688518 1 1
688547 3 -1
688571 4 -1
688680 1 1
688719 5 -1
688719 6 -1
688762 0 1
688858 12 -1
688901 0 1
688926 2 -1
688966 7 1
688998 8 1
689067 1 -1
689073 0 1
689116 6 1
689138 2 -1
689143 3 1
689181 5 1
689208 4 -1
689228 1 -1
689288 20 -1
689361 0 1
689374 3 1
689399 2 -1
689401 10 1
689417 9 -1
689430 1 1
689460 0 -1
689584 3 1
689584 0 -1
689616 5 -1
689627 4 -1
689675 7 -1
689807 0 -1
689816 1 -1
689853 6 -1
689864 2 -1
689960 0 1
689976 3 1
690006 4 1
690010 1 1
690084 5 1
690095 2 1
690105 15 -1
690119 0 -1
690186 3 1
690187 1 1
690304 7 -1
690331 6 -1
690331 2 -1
690347 0 1
690369 1 -1
690379 3 -1
690465 0 1
690542 1 -1
690546 5 -1
690568 0 -1
690611 10 1
690678 0 1
690729 6 1
690731 1 1
690772 4 1
690788 3 1
690804 2 1
690809 0 1
690925 1 -1
690933 7 -1
690981 3 -1
690987 0 1
691030 5 1
691030 2 -1
691062 8 1
691163 4 -1
691175 0 1
691180 3 1
691223 21 1
691282 2 -1
691288 16 1
691300 1 -1
691390 3 1
691390 0 -1
691395 14 -1
691395 9 -1
691481 5 -1
691481 13 -1
691497 4 -1
691501 1 1
691503 0 -1
691505 2 1
691599 6 1
691610 0 1
691675 7 -1
691685 3 -1
691717 1 1
691731 2 -1
691760 11 1
691844 4 1
691868 3 -1
691868 10 1
691884 0 1
691911 8 1
691957 2 1
692048 0 1
692058 1 -1
692110 6 1
692131 3 -1
692185 2 -1
692209 0 -1
692217 1 -1
692243 4 -1
692368 1 1
692448 5 1
692488 0 1
692602 4 1
692634 2 -1
692637 0 -1
692658 3 -1
692760 0 -1
692782 8 -1
692792 6 1
692795 1 1
692841 2 -1
692879 9 1
692892 0 -1
692921 5 -1
692948 3 1
692969 1 -1
692981 4 -1
693053 0 -1
693061 7 1
693077 2 1
693126 1 -1
693174 0 -1
693244 3 -1
693279 0 1
693297 1 -1
693421 5 -1
693459 12 -1
693485 1 1
693513 0 -1
693526 2 1
693611 0 1
693670 1 -1
693690 3 -1
693690 4 1
693717 11 -1
693729 0 1
693738 7 -1
693760 9 -1
693763 2 -1
693803 17 1
693888 1 -1
693910 6 -1
693980 3 1
693986 0 1
693991 2 1
694033 4 -1
694120 0 1
694125 13 1
694234 1 1
694244 3 1
694273 0 -1
694319 23 1
694340 5 -1
694371 4 -1
694424 1 -1
694464 2 -1
694491 0 1
694512 7 1
694577 6 -1
694577 10 1
694596 0 -1
694601 1 -1
694663 18 1
694674 8 1
694695 2 1
694717 0 -1
694781 3 -1
694797 5 1
694889 0 -1
694932 2 -1
694964 19 -1
694974 3 1
694992 1 1
695028 4 1
695042 0 1
695050 15 -1
695152 2 1
695171 3 -1
695178 1 -1
695184 0 -1
695200 6 1
695243 5 -1
695326 4 1
695331 0 1
695355 1 -1
695372 2 -1
695388 3 -1
695587 3 1
695587 12 1
695588 8 -1
695595 0 1
695603 2 1
695681 4 -1
695722 1 1
695743 0 -1
695783 3 -1
695802 10 1
695856 2 -1
695875 0 -1
695888 11 1
695915 1 -1
695996 3 -1
695996 9 1
696004 7 -1
696084 1 -1
696094 0 1
696200 0 -1
696221 5 1
696278 1 1
696318 2 -1
696330 0 1
696358 4 1
696383 25 -1
696385 3 -1
696467 1 -1
696539 2 1
696555 0 -1
696565 6 1
696592 3 -1
696630 5 1
696657 1 1
696662 8 -1
696670 0 -1
696721 7 1
696729 4 -1
696762 2 -1
696771 0 1
696796 3 1
696854 1 -1
696877 0 -1
697006 6 -1
697033 0 1
697100 4 1
697124 10 -1
697140 5 1
697213 1 1
697216 0 1
697224 2 -1
697261 7 -1
697307 3 1
697334 0 -1
697407 1 -1
697442 2 -1
697479 6 -1
697500 12 1
697522 9 -1
697527 3 -1
697570 5 1
697588 1 1
697613 0 1
697689 2 -1
697724 0 -1
697758 11 -1
697769 3 -1
697785 4 -1
697858 0 -1
697930 22 1
697931 16 1
697937 1 -1
698006 5 -1
698112 1 -1
698138 2 -1
698151 0 -1
698160 4 1
698215 3 -1
698249 0 1
698297 1 1
698342 2 -1
698355 0 -1
698382 6 -1
698452 5 1
698457 3 -1
698490 8 -1
698519 4 -1
698576 2 1
698627 0 1
698678 3 1
698696 1 1
698704 9 1
698712 7 -1
698764 0 1
698769 6 1
698833 2 1
698882 1 -1
698903 3 -1
698909 5 -1
698911 0 -1
699070 0 1
699075 2 -1
699083 1 -1
699145 3 -1
699167 0 -1
699220 4 1
699242 6 -1
699257 1 -1
699277 0 1
699298 2 1
699325 7 -1
699349 14 1
699360 8 1
699398 0 1
699403 3 -1
699438 1 1
699564 2 1
699575 4 -1
699603 1 1
699710 0 -1
699744 1 -1
699752 3 -1
699820 0 1
699865 11 -1
699889 4 -1
699908 5 1
699937 0 1
700019 2 1
700035 7 1
700111 1 -1
700123 10 -1
700268 2 1
700274 0 -1
700284 13 -1
700293 1 -1
700317 8 -1
700349 3 -1
700370 5 -1
700381 6 -1
700408 0 -1
700494 2 -1
700498 1 -1
700526 4 -1
700567 0 1
700569 3 1
700682 18 -1
700768 17 1
700795 3 -1
700801 7 -1
700836 0 -1
700865 4 -1
700865 6 -1
700870 5 -1
700885 1 -1
700921 2 1
700991 0 1
701005 9 1
701026 26 1
701067 1 -1
701144 0 -1
701145 2 -1
701212 4 1
701236 1 -1
701257 3 1
701263 6 1
701268 0 -1
701306 8 -1
701327 12 1
701376 0 -1
701381 2 1
701413 10 -1
701483 3 -1
701507 0 -1
701574 7 1
701599 0 -1
701628 11 1
701631 1 1
701722 3 -1
701820 1 -1
701822 2 -1
701824 0 1
701905 4 -1
701918 5 -1
701978 0 -1
701994 1 -1
702026 9 1
702050 2 1
702058 15 1
702082 0 1
702171 3 -1
702252 8 1
702273 2 -1
702284 4 1
702303 0 1
702332 7 1
702359 6 -1
702368 1 -1
702402 0 -1
702413 3 -1
702424 5 1
702504 2 1
702555 0 1
702578 1 -1
702633 3 1
702651 4 -1
702746 6 1
702749 2 1
702751 1 -1
702789 14 -1
702832 19 1
702832 10 1
702835 0 -1
702853 5 -1
702918 3 1
702977 2 -1
702988 0 1
703025 4 1
703026 12 -1
703034 7 -1
703047 9 1
703114 1 -1
703122 6 -1
703122 13 1
703138 3 -1
703176 8 -1
703184 0 -1
703211 2 1
703288 1 -1
703305 0 -1
703380 3 -1
703404 4 -1
703450 0 1
703463 1 -1
703563 3 -1
703644 0 1
703649 11 1
703692 2 -1
703695 4 -1
703735 20 1
703754 0 -1
703783 5 -1
703836 1 -1
703923 2 1
704004 8 1
704009 0 -1
704017 1 1
704041 4 1
704100 6 -1
704125 0 -1
704170 2 1
704202 1 -1
704213 3 1
704235 5 1
704264 0 -1
704332 10 1
704501 0 1
704525 3 -1
704541 6 1
704561 1 1
704627 2 1
704665 0 1
704670 7 1
704751 4 -1
704755 1 -1
704756 5 1
704767 3 -1
704770 0 -1
704864 2 -1
704896 9 -1
704916 1 -1
705084 2 1
705097 1 -1
705105 4 1
705111 0 1
705132 12 1
705218 6 1
705240 5 -1
705248 0 1
705319 1 -1
705347 0 -1
705400 4 1
705455 3 -1
705476 7 1
705492 1 -1
705562 2 -1
705584 0 -1
705675 3 1
705682 1 1
705694 0 1
705702 5 1
705767 10 -1
705812 2 -1
705820 9 -1
705842 0 -1
705853 8 1
705938 6 1
705981 3 -1
706038 2 1
706041 1 1
706093 4 -1
706127 5 -1
706180 0 -1
706228 1 -1
706296 0 1
706347 7 1
706358 15 -1
706403 4 -1
706407 1 -1
706454 0 -1
706503 2 1
706535 3 -1
706540 5 -1
706583 6 1
706616 14 1
706637 13 -1
706680 9 1
706704 0 -1
706745 8 -1
706750 2 1
706758 1 1
706777 3 -1
706798 4 -1
706854 0 1
706948 1 -1
706952 2 1
706981 6 -1
706997 3 1
707013 0 -1
707089 12 1
707133 1 1
707153 10 -1
707223 3 -1
707301 0 1
707390 18 1
707408 0 -1
707433 2 -1
707465 3 -1
707465 5 -1
707500 1 1
707518 11 -1
707524 0 -1
707540 4 -1
707650 0 -1
707672 2 1
707685 3 1
707685 1 -1
707734 6 1
707734 8 -1
707801 0 1
707879 7 -1
707883 1 -1
707889 2 -1
707911 3 -1
707935 4 -1
707959 5 -1
707971 0 1
708072 1 1
708083 0 -1
708246 1 1
708250 21 1
708250 31 -1
708270 4 -1
708319 2 1
708373 3 1
708411 0 1
708423 1 -1
708454 5 1
708518 0 -1
708551 9 1
708561 2 -1
708599 3 -1
708604 4 -1
708612 7 1
708628 1 1
708636 12 -1
708637 0 -1
708717 10 -1
708792 6 -1
708792 2 1
708841 3 -1
708865 0 -1
708995 4 -1
709021 0 1
709024 1 1
709166 0 1
709217 1 -1
709265 7 1
709273 2 -1
709303 5 -1
709318 4 -1
709378 6 1
709384 3 -1
709402 1 1
709445 0 1
709502 2 1
709550 8 -1
709566 0 1
709625 11 -1
709626 3 -1
709636 4 -1
709670 0 -1
709749 2 1
709773 1 -1
709776 5 1
709822 0 1
709846 3 1
709926 16 1
709948 9 1
709967 0 1
709975 1 -1
709980 2 -1
710109 6 1
710125 0 -1
710148 1 -1
710217 2 1
710227 15 -1
710260 5 1
710260 0 1
710313 3 -1
710321 4 1
710453 8 1
710458 2 1
710549 1 1
710555 0 -1
710587 3 -1
710672 4 -1
710682 2 -1
710692 0 1
710700 1 -1
710794 0 -1
710797 7 -1
710878 3 1
710886 1 1
711001 27 1
711023 4 -1
711063 0 -1
711071 1 -1
711141 2 -1
711152 9 -1
711157 5 1
711168 10 -1
711187 0 -1
711216 12 -1
711227 6 1
711273 1 -1
711326 0 -1
711345 3 -1
711378 2 1
711446 1 -1
711453 8 -1
711474 23 -1
711566 3 1
711574 0 1
711614 5 -1
711617 2 1
711619 7 -1
711625 11 -1
711644 1 1
711695 0 1
711772 4 1
711797 6 -1
711856 0 -1
711875 3 -1
711926 13 1
711982 0 -1
712010 1 -1
712082 2 1
712084 0 1
712098 5 1
712119 20 1
712123 4 -1
712184 0 -1
712200 1 1
712208 7 -1
712227 6 -1
712280 3 1
712291 0 -1
712334 2 1
712395 1 -1
712399 9 -1
712450 4 -1
712476 3 -1
712538 10 1
712560 2 -1
712584 0 1
712724 0 1
712732 7 1
712743 3 -1
712756 1 1
712890 0 1
712927 1 -1
713036 2 1
713049 5 -1
713083 1 -1
713097 6 -1
713114 0 -1
713151 12 -1
713155 4 -1
713242 3 1
713261 0 1
713264 2 -1
713366 9 -1
713377 8 1
713393 7 -1
713409 17 -1
713433 0 -1
713447 3 -1
713484 5 1
713487 2 1
713506 1 1
713578 4 -1
713670 0 1
713694 2 1
713711 1 1
713726 3 -1
713753 15 -1
713774 6 -1
713777 0 -1
713873 1 1
713928 0 1
713930 5 -1
713936 2 -1
713965 4 -1
713973 7 1
714027 0 -1
714050 1 -1
714175 0 1
714175 2 -1
714227 1 -1
714247 3 -1
714248 10 -1
714284 4 -1
714290 8 -1
714333 0 -1
714366 6 1
714376 2 -1
714413 1 1
714441 22 1
714479 0 1
714484 9 1
714495 3 -1
714578 4 1
714626 1 1
714675 7 -1
714731 13 -1
714785 14 1
714796 0 1
714852 2 1
714860 5 -1
714865 3 1
714904 0 -1
714957 4 -1
714977 1 -1
715012 0 1
715054 6 1
715059 3 -1
715089 2 -1
715150 1 -1
715193 8 1
715215 16 -1
715236 11 -1
715236 0 -1
715258 3 1
715317 2 1
715336 1 1
715341 0 -1
715344 4 1
715354 5 -1
715408 9 1
715465 0 -1
715467 3 1
715483 6 1
715559 18 -1
715661 3 -1
715689 0 1
715719 1 1
715790 2 -1
715801 5 1
715813 0 1
715888 1 1
715913 6 -1
715919 0 1
715997 4 -1
716016 0 -1
716021 2 1
716029 7 1
716073 1 -1
716075 3 1
716139 8 -1
716142 0 -1
716258 0 -1
716258 2 -1
716271 3 -1
716362 0 1
716364 4 1
716397 6 -1
716400 1 -1
716483 3 -1
716589 1 1
716596 0 1
716693 0 -1
716698 10 -1
716725 5 1
716730 2 1
716755 4 -1
716775 1 -1
716816 0 -1
716868 7 1
716873 3 -1
716952 1 1
716956 2 -1
717031 8 1
717040 0 1
717064 11 1
717085 3 -1
717146 1 -1
717163 0 1
717182 5 -1
717187 2 1
717301 1 -1
717332 6 1
717335 0 1
717391 3 1
717408 2 -1
717451 12 1
717458 1 -1
717480 7 1
717528 4 1
717558 9 1
717601 13 1
717615 0 -1
717633 2 1
717698 5 -1
717708 15 -1
717803 1 1
717805 3 -1
717805 0 1
717881 24 1
717883 2 1
717899 4 -1
717942 0 1
717967 8 -1
718000 1 -1
718004 3 1
718058 0 1
718074 6 1
718087 2 1
718155 0 -1
718182 10 1
718184 1 1
718198 3 -1
718214 4 -1
718273 0 -1
718375 9 -1
718378 0 1
718396 3 1
718493 6 1
718558 2 1
718568 1 1
718606 3 1
718624 0 1
718633 8 1
718644 5 -1
718730 0 -1
718738 1 1
718740 14 1
718770 7 1
718800 3 -1
718818 2 1
718837 0 -1
718927 1 -1
718939 4 -1
719052 3 -1
719060 0 1
719068 2 1
719084 9 -1
719127 11 1
719184 0 1
719192 5 -1
719256 30 1
719268 1 1
719302 0 1
719310 4 1
719337 6 -1
719451 1 -1
719504 10 -1
719514 0 -1
719530 3 1
719536 7 1
719549 2 -1
719630 0 -1
719657 1 1
719665 5 1
719681 4 1
719729 12 -1
719754 0 -1
719756 3 -1
719788 2 1
719830 1 -1
719860 0 1
719880 6 -1
719987 0 1
720016 1 1
720025 2 -1
720036 3 1
720173 1 1
720192 5 1
720192 0 1
720221 7 -1
720315 0 1
720346 1 -1
720428 3 1
720460 8 1
720463 4 1
720493 2 -1
720638 3 1
720638 0 1
720664 6 1
720693 1 1
720697 5 1
720713 2 1
720761 19 -1
720767 0 1
720797 4 -1
720831 3 -1
720878 1 -1
720890 16 1
720925 0 -1
720966 2 1
721072 1 1
721148 5 -1
721152 4 1
721189 0 -1
721191 2 -1
721240 3 1
721285 0 1
721374 8 -1
721406 0 1
721417 9 1
721418 1 -1
721422 2 1
721433 3 -1
721481 6 -1
721600 5 1
721612 1 1
721632 3 1
721648 7 -1
721656 0 -1
721667 2 1
721797 1 -1
721815 0 1
721833 4 -1
721841 3 1
721895 2 -1
721922 15 1
721946 0 1
722035 3 -1
722062 6 -1
722094 12 1
722152 1 1
722180 17 1
722212 4 1
722234 3 1
722255 0 1
722288 8 1
722309 7 1
722325 10 -1
722329 1 -1
722376 2 1
722435 0 1
722460 3 1
722513 5 1
722524 14 -1
722527 1 1
722546 6 -1
722559 4 -1
722559 0 1
722583 2 1
722589 9 -1
722696 28 1
722700 1 1
722793 13 -1
722822 0 -1
722830 2 1
722868 3 -1
722886 1 -1
722922 7 1
722943 0 -1
722997 6 1
723018 5 1
723061 3 1
723075 1 1
723110 0 1
723233 11 1
723258 3 -1
723280 1 -1
723287 2 1
723317 4 1
723389 0 1
723470 10 -1
723481 5 -1
723505 0 1
723524 2 -1
723607 0 1
723631 6 1
723649 1 -1
723663 3 1
723712 4 -1
723728 9 1
723744 2 1
723819 0 -1
723841 1 -1
723860 3 -1
723966 0 1
724018 6 -1
724026 1 1
724072 3 -1
724072 0 -1
724123 4 -1
724179 0 -1
724222 2 -1
724244 25 -1
724244 8 -1
724331 0 1
724341 7 1
724377 1 -1
724405 6 1
724448 0 1
724462 3 -1
724464 5 1
724472 2 -1
724566 1 1
724588 0 1
724674 3 -1
724706 2 1
724780 1 1
724842 0 1
724889 10 1
724893 4 1
724932 2 -1
724964 0 1
724969 3 -1
724980 5 1
724986 7 1
725104 18 -1
725127 0 1
725131 1 -1
725147 11 -1
725158 2 1
725190 8 1
725211 3 -1
725215 4 -1
725280 1 -1
725391 0 1
725408 2 1
725426 5 -1
725432 3 1
725461 1 1
725480 6 -1
725526 4 -1
725531 0 1
725620 2 1
725657 3 -1
725658 0 1
725796 1 -1
725813 9 -1
725824 13 -1
725892 4 1
725899 3 -1
725905 7 -1
725964 6 -1
725964 0 1
725985 1 1
726060 0 -1
726095 2 -1
726157 8 1
726175 1 -1
726176 0 -1
726179 12 -1
726219 4 1
726259 10 -1
726286 5 1
726300 0 -1
726324 2 1
726345 3 -1
726394 15 -1
726406 0 1
726524 0 1
726533 1 1
726544 6 1
726571 2 1
726587 3 -1
726606 4 -1
726648 0 1
726652 14 -1
726727 1 -1
726802 5 1
726807 3 1
726872 0 -1
726900 1 1
726969 4 1
726985 0 -1
727039 2 1
727049 9 -1
727111 0 -1
727210 11 -1
727259 2 -1
727267 1 -1
727275 3 -1
727299 7 -1
727307 5 1
727340 23 1
727341 0 1
727426 6 1
727447 0 1
727452 1 1
727495 3 1
727506 2 -1
727557 0 -1
727642 1 -1
727694 4 1
727727 10 1
727748 3 1
727802 5 -1
727810 0 -1
727834 9 1
727944 0 -1
727985 7 -1
727995 2 -1
728037 4 -1
728041 1 1
728060 6 -1
728073 0 -1
728114 8 -1
728224 0 1
728226 2 1
728238 1 -1
728248 3 -1
728253 5 1
728326 0 -1
728371 13 -1
728408 4 1
728408 1 -1
728414 12 1
728466 0 -1
728468 2 -1
728490 3 -1
728543 6 -1
728597 1 1
728621 0 1
728689 2 1
728710 3 1
728715 5 -1
728783 1 -1
728799 7 -1
728862 0 1
728936 3 -1
728936 2 1
728973 0 1
728976 1 1
729084 0 -1
729113 9 1
729121 4 -1
729145 8 -1
729164 1 -1
729167 11 -1
729167 5 1
729167 2 -1
729178 3 -1
729242 10 1
729382 0 -1
729398 3 1
729403 2 1
729468 4 1
729468 6 -1
729480 0 1
729492 1 -1
729600 0 1
729624 3 -1
729661 22 -1
729686 1 1
729823 0 -1
729847 4 -1
729855 6 1
729876 2 -1
729881 1 -1
729935 0 -1
730075 5 1
730086 3 1
730086 0 1
730097 7 1
730107 2 1
730156 8 -1
730242 9 -1
730250 1 -1
730306 17 1
730312 3 -1
730336 0 -1
730374 2 1
730414 6 -1
730419 1 -1
730451 10 1
730492 0 1
730516 5 -1
730564 12 -1
730601 1 1
730613 0 1
730650 3 -1
730661 4 1
730766 7 1
730779 14 -1
730833 2 1
730887 0 -1
730951 29 -1
730983 5 1
730992 1 1
731002 0 -1
731016 4 -1
731059 2 -1
731080 11 1
731096 3 -1
731102 8 1
731171 1 -1
731174 0 -1
731209 16 -1
731231 9 -1
731290 2 1
731322 4 -1
731338 3 -1
731338 1 -1
731370 13 -1
731440 0 -1
731478 6 -1
731499 7 -1
731524 1 1
731558 3 1
731599 0 1
731709 4 1
731713 1 -1
731739 0 1
731763 2 -1
731911 1 1
731919 5 1
731994 6 1
731997 2 1
732026 3 -1
732048 4 -1
732049 0 1
732112 8 1
732120 1 1
732155 0 1
732225 2 -1
732246 3 1
732263 0 -1
732359 5 -1
732381 6 -1
732386 0 -1
732413 9 1
732434 4 1
732467 1 -1
732472 3 -1
732472 2 -1
732499 0 -1
732620 0 -1
732656 1 1
732703 2 1
732714 3 -1
732744 0 -1
732768 5 -1
732813 4 1
732842 1 -1
732934 3 1
732940 2 -1
732961 0 1
732967 7 -1
733112 8 1
733128 0 -1
733160 3 -1
733160 2 1
733219 1 -1
733225 10 1
733262 0 -1
733294 11 -1
733375 3 1
733394 1 -1
733413 6 1
733474 4 1
733583 1 1
733593 0 1
733638 2 -1
733676 7 1
733692 0 -1
733778 5 1
733789 12 -1
733802 0 -1
733853 6 -1
733859 2 1
733861 4 1
733875 18 1
733918 8 1
733962 1 1
734036 3 -1
734068 2 1
734079 13 1
734106 0 1
734172 1 1
734200 4 -1
734243 0 1
734273 3 -1
734273 5 1
734329 1 1
734348 0 -1
734369 6 -1
734377 7 -1
734450 10 1
734453 0 -1
734493 3 1
734518 1 -1
734520 9 1
734541 2 -1
734549 0 1
734563 15 1
734681 0 1
734696 1 1
734697 5 1
734767 2 1
734791 0 -1
734877 4 1
734879 1 -1
734907 14 -1
734960 3 -1
735017 2 1
735051 1 -1
735100 11 1
735111 7 1
735116 0 -1
735127 5 -1
735181 3 1
735229 6 1
735244 4 -1
735262 0 1
735380 0 -1
735405 1 1
735407 3 -1
735477 9 1
735509 2 1
735579 5 1
735595 4 1
735607 1 -1
735659 6 1
735694 0 1
735734 2 -1
735796 7 -1
735800 1 1
735820 8 -1
735822 0 1
735853 10 -1
735869 3 1
735928 0 -1
735939 12 -1
735966 2 1
736046 5 -1
736092 3 -1
736143 6 1
736164 0 -1
736167 1 -1
736269 0 1
736304 3 -1
736312 4 1
736365 1 -1
736388 0 1
736433 7 -1
736439 2 -1
736498 3 1
736511 0 1
736558 1 1
736562 5 -1
736610 4 -1
736627 0 1
736648 9 -1
736672 2 1
736694 3 -1
736723 0 -1
736777 8 1
736799 21 -1
736842 0 -1
736885 13 -1
736901 2 -1
736906 3 -1
736929 1 -1
736957 4 1
737062 7 -1
737070 0 1
737100 3 1
737114 1 1
737186 6 1
737188 0 1
737304 0 1
737324 1 1
737340 4 -1
737379 2 1
737400 16 -1
737476 5 -1
737493 1 1
737508 3 -1
737516 0 -1
737616 2 -1
737622 0 1
737687 1 -1
737701 3 1
737702 6 -1
737731 4 -1
737747 0 1
737766 8 1
737830 2 1
737868 1 1
737898 3 -1
737970 0 -1
737992 5 -1
738045 12 -1
738050 1 1
738088 6 1
738089 0 -1
738110 4 1
738204 0 -1
738287 2 1
738303 3 1
738389 15 1
738416 4 1
738443 1 -1
738473 7 -1
738482 0 1
738486 6 -1
738508 5 -1
738534 3 1
738540 2 1
738596 0 1
738614 1 -1
738712 0 1
738747 3 -1
738766 2 -1
738795 1 1
738900 10 1
738948 20 1
738965 0 1
738970 9 -1
738991 11 -1
739002 6 -1
739034 14 -1
739118 4 -1
739126 7 -1
739139 0 -1
739153 3 1
739166 1 1
739241 2 1
739249 0 1
739339 1 1
739349 3 -1
739405 5 -1
739472 4 1
739478 2 -1
739502 0 1
739521 1 -1
739561 3 -1
739572 6 1
739593 13 1
739612 0 -1
739690 8 -1
739706 2 1
739713 0 1
739814 5 -1
739819 4 -1
739867 7 1
739873 9 -1
739916 1 1
739932 0 -1
739951 3 -1
739953 2 1
740045 6 1
740058 0 -1
740077 1 1
740163 3 -1
740174 10 1
740179 2 -1
740190 0 -1
740258 1 -1
740324 5 -1
740356 3 1
740367 0 -1
740410 2 1
740426 1 -1
740514 0 1
740553 4 -1
740561 9 -1
740627 1 1
740636 0 1
740639 2 -1
740647 8 1
740765 3 -1
740776 0 1
740811 1 -1
740883 4 -1
740926 11 1
740980 3 1
740984 1 -1
741077 0 1
741114 2 1
741190 3 1
741206 6 -1
741222 4 -1
741230 0 -1
741302 5 -1
741345 0 -1
741346 2 -1
741351 1 1
741431 7 1
741432 10 1
741528 15 -1
741536 1 -1
741550 8 -1
741582 3 1
741582 2 1
741654 0 -1
741689 6 -1
741726 1 1
741767 0 1
741791 3 1
741797 5 -1
741947 0 1
741985 3 -1
742000 4 1
742055 2 -1
742087 6 1
742113 1 -1
742130 9 -1
742213 7 1
742232 0 -1
742243 5 1
742274 1 -1
742281 2 1
742391 4 -1
742393 3 1
742396 0 1
742431 1 -1
742522 0 1
742530 2 1
742587 3 -1
742651 0 1
742786 3 1
742790 1 -1
742794 4 -1
742805 0 -1
742818 12 -1
742882 16 1
742923 7 -1
742923 0 -1
742947 11 1
742951 1 -1
742985 2 1
742995 3 1
743076 0 1
743097 6 1
743108 4 -1
743145 1 1
743146 5 1
743189 3 -1
743226 2 -1
743330 1 -1
743334 19 -1
743388 3 1
743394 0 1
743398 9 -1
743474 2 1
743479 4 1
743491 1 -1
743501 0 1
743511 6 1
743592 8 -1
743608 5 -1
743613 3 1
743651 0 -1
743681 1 1
743694 2 -1
743721 17 -1
743826 4 -1
743870 1 -1
743904 6 -1
743906 0 -1
743928 2 1
744022 3 -1
744041 0 -1
744049 5 1
744092 10 1
744152 0 1
744156 2 -1
744180 4 1
744213 7 1
744215 3 1
744269 1 -1
744404 0 1
744404 2 -1
744412 3 -1
744452 9 -1
744455 1 1
744508 0 -1
744616 1 1
744624 8 -1
744662 0 1
744796 12 -1
744796 0 1
744828 3 1
744834 7 1
744871 2 -1
744874 4 -1
744911 0 -1
744964 1 -1
744989 5 1
745000 6 -1
745024 3 -1
745083 0 -1
745091 2 1
745134 1 -1
745212 4 1
745218 0 -1
745236 3 -1
745290 9 -1
745301 13 -1
745317 1 1
745344 2 1
745366 10 1
745435 5 -1
745441 0 1
745543 7 -1
745559 0 -1
745570 6 1
745595 4 -1
745626 3 -1
745666 0 -1
745696 1 -1
745796 8 1
745801 2 1
745871 3 -1
745882 1 1
745887 0 1
745914 5 1
746040 0 -1
746054 2 1
746069 1 -1
746145 3 -1
746156 0 -1
746172 6 -1
746262 1 1
746276 4 1
746279 2 -1
746279 9 -1
746301 7 1
746387 3 -1
746438 1 1
746489 0 1
746607 3 1
746607 4 1
746617 1 -1
746620 0 1
746704 10 -1
746709 6 -1
746730 11 -1
746752 8 -1
746755 2 1
746800 0 1
746801 1 -1
746833 3 -1
746849 5 1
746900 0 -1
746954 4 -1
746978 7 -1
746991 2 -1
747016 0 -1
747074 3 -1
747120 0 1
747161 12 1
747200 1 1
747220 2 1
747225 6 -1
747244 0 1
747290 5 -1
747290 14 -1
747389 1 1
747462 24 1
747467 2 1
747480 0 1
747505 9 1
747521 3 -1
747574 1 -1
747585 0 -1
747655 7 1
747693 2 -1
747709 6 -1
747730 5 1
747736 4 -1
747736 0 1
747762 3 -1
747773 8 -1
747924 2 1
747933 1 1
747978 10 -1
747983 3 1
748042 13 1
748042 0 1
748119 1 -1
748143 4 -1
748144 0 -1
748171 6 -1
748174 2 1
748284 0 -1
748300 7 1
748304 1 1
748429 9 1
748450 3 -1
748493 16 -1
748497 4 1
748566 0 1
748601 2 -1
748659 1 -1
748665 3 1
748676 8 1
748719 5 -1
748719 0 -1
748794 11 -1
748816 4 1
748837 2 1
748844 1 1
748848 0 -1
748880 3 -1
749009 0 1
749026 1 1
749058 2 -1
749117 0 -1
749171 5 1
749215 0 1
749243 4 1
749257 6 -1
749332 10 1
749353 15 1
749372 0 -1
749376 1 1
749396 3 -1
749536 2 1
749566 4 1
749594 1 1
749611 8 -1
749617 3 1
749638 5 -1
749641 0 -1
749719 7 1
749751 1 1
749781 0 -1
749786 2 1
749842 3 -1
749869 6 1
749869 18 -1
749912 4 -1
749950 0 1
749998 2 1
750084 3 -1
750090 5 1
750102 1 -1
750221 0 -1
750287 1 1
750305 3 1
750331 6 1
750415 0 1
750428 7 -1
750473 1 -1
750474 2 -1
750525 10 1
750530 3 -1
750536 5 -1
750548 0 1
750643 11 1
750646 4 -1
750702 2 1
750772 3 -1
750783 9 1
750788 0 1
750815 13 -1
750843 1 1
750896 0 -1
750950 2 1
750992 5 1
750997 1 1
751001 4 1
751001 0 -1
751107 0 1
751122 7 1
751180 1 -1
751181 2 -1
751218 3 -1
751225 0 1
751245 12 -1
751331 20 1
751349 0 1
751351 4 -1
751353 6 -1
751396 17 -1
751417 5 1
751417 14 -1
751417 2 1
751455 0 -1
751514 3 1
751549 1 1
751589 8 1
751589 9 -1
751638 2 -1
751686 0 -1
751718 10 1
751740 1 -1
751750 6 1
751796 3 -1
751812 0 -1
751890 2 -1
751914 0 1
751924 1 -1
751996 4 -1
752097 1 1
752148 0 -1
752186 3 -1
752202 6 -1
752272 0 1
752278 1 -1
752307 4 -1
752347 5 -1
752366 2 1
752368 0 -1
752384 3 1
752452 7 -1
752480 1 1
752546 8 1
752578 2 1
752591 0 1
752594 3 1
752629 4 -1
752642 9 -1
752682 1 1
752715 0 1
752825 5 1
752825 2 1
752831 0 1
752949 0 1
752986 3 1
753048 1 -1
753054 0 -1
753153 7 -1
753169 0 1
753196 3 1
753234 1 1
753244 12 -1
753277 5 -1
753282 2 1
753306 4 1
753333 0 1
753390 3 -1
753403 1 1
753427 6 1
753502 8 -1
753519 2 -1
753556 0 -1
753567 15 1
753588 3 1
753641 4 -1
753674 0 -1
753779 0 -1
753785 2 -1
753790 1 1
753798 3 1
753814 6 -1
753879 7 1
753911 16 1
753975 1 -1
753983 4 1
753991 3 -1
754005 0 1
754127 0 1
754165 1 1
754228 3 -1
754239 2 -1
754244 5 -1
754251 0 1
754338 4 1
754416 6 1
754470 2 1
754475 0 -1
754536 1 1
754599 0 -1
754677 4 -1
754685 22 -1
754697 1 1
754701 3 1
754706 11 1
754706 5 1
754707 2 -1
754712 0 -1
754765 10 1
754835 9 1
754911 1 1
754921 6 1
754927 3 -1
754927 2 1
754954 0 -1
755015 4 1
755052 0 1
755092 1 1
755158 12 -1
755158 0 1
755168 3 -1
755179 2 1
755184 5 1
755185 7 -1
755285 1 -1
755340 6 1
755382 4 -1
755389 0 -1
755405 2 -1
755459 19 -1
755475 1 1
755504 0 -1
755512 8 -1
755545 14 -1
755614 3 -1
755631 0 -1
755636 2 1
755654 1 -1
755744 6 -1
755852 0 1
755856 3 -1
755977 0 1
755983 7 -1
756031 1 1
756039 10 1
756071 4 1
756077 3 1
756096 0 1
756109 5 1
756114 6 1
756114 2 -1
756204 1 1
756233 23 -1
756233 9 1
756233 18 1
756335 0 1
756364 2 -1
756388 1 -1
756418 4 1
756432 0 -1
756469 8 1
756491 17 -1
756523 13 1
756536 0 1
756544 3 -1
756590 2 1
756603 7 -1
756625 5 1
756653 0 1
756754 3 1
756759 1 -1
756759 0 -1
756769 4 -1
756770 11 1
756894 0 1
756947 3 -1
756960 1 1
757001 0 -1
757055 2 1
757082 6 1
757092 21 -1
757114 5 -1
757146 3 1
757152 1 -1
757213 0 1
757273 7 1
757302 2 1
757356 3 1
757364 0 -1
757372 8 -1
757394 10 -1
757458 9 1
757498 1 -1
757528 2 -1
757544 0 1
757549 3 -1
757579 4 -1
757614 5 -1
757692 1 1
757737 6 -1
757748 3 1
757791 0 1
757879 1 -1
757901 4 -1
757902 0 -1
757942 7 -1
757995 2 -1
758014 0 1
758028 5 -1
758079 1 1
758124 15 -1
758151 3 -1
758210 6 -1
758216 2 1
758229 0 1
758248 1 -1
758304 4 -1
758329 0 -1
758350 3 1
758421 1 -1
758468 2 1
758482 0 -1
758517 5 -1
758522 7 1
758560 3 1
758597 11 -1
758619 1 1
758630 0 1
758689 2 -1
758726 12 1
758740 0 -1
758842 0 1
758893 2 -1
758941 0 -1
758949 4 -1
758952 3 1
758961 1 -1
758984 5 1
759139 1 1
759146 2 -1
759218 0 -1
759248 7 -1
759253 3 -1
759264 13 -1
759264 8 1
759296 6 1
759312 4 1
759331 0 1
759336 1 -1
759371 2 1
759455 0 1
759484 3 -1
759675 4 -1
759711 1 -1
759780 6 1
759790 0 -1
759834 2 1
759844 9 1
759913 1 1
759965 0 -1
759973 5 -1
760016 3 -1
760022 4 1
760081 2 1
760083 0 -1
760102 16 1
760110 1 1
760188 8 -1
760231 10 -1
760236 3 1
760296 6 1
760306 0 1
760309 2 -1
760344 4 1
760435 5 1
760449 0 -1
760462 3 -1
760477 1 -1
760489 12 1
760562 7 1
760645 0 -1
760679 1 1
760704 3 -1
760707 4 -1
760726 11 -1
760748 0 1
760785 2 1
760880 1 1
760890 0 1
760898 5 -1
760924 3 1
761010 0 1
761016 2 -1
761048 9 1
761078 4 -1
761150 3 -1
761169 0 -1
761220 8 -1
761231 6 -1
761247 1 1
761276 2 -1
761303 7 -1
761392 3 -1
761432 1 -1
761462 0 1
761612 0 -1
761618 1 1
761650 10 1
761752 2 -1
761774 0 1
761791 4 -1
761806 5 -1
761833 6 1
761838 3 -1
761884 7 -1
761908 9 -1
761983 2 1
761993 1 1
762048 3 1
762059 0 1
762102 13 1
762134 4 -1
762145 8 1
762166 17 1
762178 1 1
762204 0 -1
762220 2 -1
762263 3 1
762322 5 -1
762325 0 -1
762349 6 -1
762360 1 1
762440 2 1
762467 12 1
762480 4 1
762537 0 1
762644 0 -1
762682 20 1
762693 2 1
762725 11 -1
762734 1 -1
762746 6 1
762749 0 -1
762752 3 -1
762768 5 1
762870 0 -1
762916 1 -1
762918 2 -1
762983 0 1
762994 3 -1
763097 1 1
763101 0 1
763133 8 1
763134 10 -1
763144 6 -1
763150 2 1
763214 3 1
763278 0 1
763282 4 -1
763303 7 -1
763468 1 1
763518 0 -1
763622 2 -1
763641 1 1
763649 6 -1
763657 0 -1
763674 4 1
763682 3 -1
763714 14 -1
763768 5 -1
763792 0 -1
763800 9 -1
763823 1 -1
763846 2 1
763902 3 1
763972 7 -1
764008 1 1
764036 4 -1
764074 0 1
764082 2 -1
764090 6 1
764101 8 -1
764128 3 -1
764187 0 -1
764218 1 1
764219 5 1
764297 0 -1
764369 3 -1
764395 1 1
764539 0 -1
764558 2 1
764574 11 1
764589 1 -1
764590 3 1
764625 7 1
764657 0 -1
764705 4 1
764713 5 1
764763 0 1
764783 2 -1
764816 3 -1
764877 0 1
764939 9 1
764972 1 -1
764998 0 1
765014 2 1
765036 6 -1
765063 3 -1
765100 8 -1
765133 4 1
765161 0 1
765161 1 1
765165 5 -1
765283 0 1
765338 1 -1
765348 27 -1
765348 18 -1
765471 2 1
765504 4 -1
765590 0 1
765611 5 1
765632 3 1
765649 16 -1
765692 6 -1
765724 2 1
765737 0 -1
765741 1 1
765810 10 1
765858 3 -1
765897 0 1
765899 1 1
765950 2 -1
766014 9 -1
766079 5 -1
766088 1 -1
766100 3 -1
766111 6 1
766197 4 1
766197 7 1
766202 0 1
766208 12 1
766342 0 1
766425 2 1
766439 1 1
766466 0 1
766546 3 -1
766560 4 1
766562 5 1
766594 11 1
766608 1 1
766659 2 -1
766734 0 1
766788 3 -1
766789 1 -1
766865 0 1
766882 4 1
766885 2 1
766896 15 -1
766922 7 -1
766975 1 -1
767003 0 1
767008 3 1
767100 6 -1
767124 0 1
767156 1 1
767175 8 1
767293 0 1
767344 1 -1
767347 2 1
767358 10 1
767398 0 -1
767476 3 -1
767498 14 1
767531 1 -1
767549 0 1
767562 5 -1
767583 4 -1
767594 2 1
767648 6 1
767688 7 -1
767782 0 1
767798 3 1
767823 2 -1
767841 13 -1
767892 1 -1
767901 0 1
767928 9 -1
767958 4 -1
768000 0 -1
768008 3 1
768013 5 1
768079 1 -1
768185 6 -1
768228 8 1
768244 4 1
768258 0 -1
768261 1 1
768298 2 1
768333 7 -1
768357 17 1
768387 0 -1
768400 3 1
768449 5 -1
768521 0 -1
768529 2 -1
768610 3 1
768615 10 1
768660 1 1
768766 2 1
768787 12 1
768803 3 -1
768812 0 1
768845 1 -1
768873 19 1
768959 6 -1
768977 0 1
769002 7 -1
769039 4 -1
769039 1 1
769091 0 1
769099 8 -1
769153 9 1
769212 3 1
769234 2 1
769266 0 1
769378 5 -1
769405 3 -1
769406 4 1
769414 0 1
769430 1 1
769475 2 -1
769561 0 -1
769572 6 1
769604 3 1
769609 1 -1
769647 7 1
769693 0 -1
769696 2 1
769752 4 -1
769776 1 -1
769808 5 1
769924 0 1
769948 2 1
769948 9 -1
769962 1 1
770007 3 -1
770023 6 -1
770034 0 1
770066 10 1
770147 1 -1
770163 0 1
770174 2 -1
770206 3 1
770233 5 1
770268 7 1
770335 11 1
770337 1 1
770374 0 1
770381 4 -1
770405 2 1
770426 3 1
770475 6 -1
770486 13 1
770492 0 1
770522 1 -1
770607 0 1
770650 2 1
770736 4 1
770840 3 -1
770877 1 1
770926 0 1
770980 6 -1
771034 3 1
771042 0 1
771054 1 -1
771066 8 1
771070 4 -1
771109 12 -1
771112 2 1
771170 0 1
771206 5 -1
771230 3 -1
771252 1 1
771340 2 -1
771356 10 1
771391 0 -1
771442 3 -1
771453 4 1
771563 0 -1
771593 2 -1
771610 1 -1
771614 6 1
771625 14 1
771636 3 1
771652 5 1
771724 0 1
771754 15 1
771796 1 1
771832 3 -1
771832 4 -1
771848 7 -1
771969 8 -1
771989 1 -1
772042 0 1
772044 3 -1
772071 2 1
772076 5 1
772162 6 -1
772173 0 1
772243 4 1
772292 9 -1
772297 2 -1
772318 0 -1
772340 1 1
772434 3 -1
772442 11 1
772506 5 -1
772507 12 -1
772521 1 -1
772528 2 1
772550 7 1
772555 0 -1
772590 4 -1
772697 0 -1
772699 1 -1
772748 3 1
772864 0 1
772872 10 -1
772915 21 -1
772974 3 -1
772980 8 -1
772985 2 1
773028 5 -1
773079 0 -1
773098 1 1
773146 7 1
773185 0 1
773227 6 -1
773237 2 1
773243 4 1
773263 1 1
773307 0 1
773366 9 -1
773388 17 1
773444 0 1
773454 1 -1
773463 2 -1
773495 5 1
773501 3 -1
773553 4 1
773579 0 1
773581 13 1
773713 2 -1
773743 3 -1
773744 0 1
773815 1 1
773828 6 1
773858 0 1
773939 2 1
773956 4 1
773963 3 1
774005 1 -1
774011 5 1
774146 2 1
774167 0 1
774210 1 1
774277 0 -1
774291 6 1
774380 0 1
774390 2 1
774398 11 1
774420 10 -1
774430 3 -1
774460 7 -1
774463 9 1
774597 0 -1
774609 1 -1
774646 4 -1
774651 3 1
774710 0 -1
774721 12 1
774791 1 1
774807 25 -1
774834 0 -1
774850 2 1
774860 5 -1
774877 3 -1
774914 8 1
774972 1 -1
775008 4 1
775057 0 1
775078 2 -1
775118 3 -1
775172 6 1
775174 0 1
775178 7 1
775286 0 1
775307 2 1
775323 5 1
775331 4 1
775335 1 1
775339 3 1
775384 0 -1
775511 0 -1
775520 1 -1
775564 3 -1
775634 0 -1
775710 1 1
775720 6 1
775733 0 1
775785 5 -1
775785 2 -1
775812 3 -1
775879 7 -1
775879 1 1
775935 8 1
775968 0 1
775988 4 -1
776021 2 1
776060 1 -1
776070 0 -1
776097 15 -1
776172 6 -1
776180 0 1
776242 2 -1
776254 1 1
776290 13 -1
776310 4 -1
776344 3 -1
776355 9 1
776399 1 -1
776485 0 1
776564 3 1
776591 0 1
776666 5 -1
776677 4 1
776715 0 1
776720 2 1
776742 16 -1
776778 1 -1
776790 3 -1
776828 12 -1
776871 8 -1
776887 10 1
776935 0 -1
776967 1 1
776973 2 1
777061 0 -1
777096 4 1
777153 1 1
777177 0 -1
777182 5 -1
777215 2 -1
777252 3 1
777275 0 1
777322 9 1
777381 0 -1
777408 6 1
777435 4 1
777435 7 1
777454 2 1
777478 3 -1
777499 0 -1
777528 1 -1
777612 0 -1
777628 5 1
777677 2 -1
777697 1 -1
777720 3 -1
777795 8 1
777830 4 1
777838 6 1
777854 0 -1
777894 1 1
777908 2 1
777952 0 1
778032 17 -1
778074 24 1
778075 0 1
778152 2 1
778160 9 -1
778193 4 -1
778201 7 1
778203 3 1
778269 1 1
778322 10 -1
778354 11 -1
778404 0 -1
778440 6 -1
778451 1 1
778496 3 -1
778511 0 1
778580 5 1
778615 2 1
778622 1 -1
778629 0 1
778676 22 -1
778708 3 -1
778784 8 1
778826 1 -1
778843 2 -1
778870 7 1
778870 0 1
778880 6 1
778894 4 -1
778902 3 1
778966 13 1
778972 0 -1
779007 1 -1
779042 9 -1
779047 5 -1
779090 2 -1
779098 3 -1
779098 0 -1
779106 12 1
779188 1 1
779204 0 1
779297 4 1
779310 3 -1
779319 0 1
779353 6 1
779374 1 -1
779440 0 1
779504 3 1
779520 5 1
779542 2 -1
779590 0 -1
779644 7 -1
779668 4 -1
779732 1 1
779773 2 1
779837 10 -1
779848 8 1
779856 0 1
779880 14 1
779912 3 -1
779914 1 -1
779974 0 1
779988 5 -1
780009 2 -1
780052 6 1
780079 0 -1
780099 1 1
780106 3 1
780224 15 -1
780291 0 1
780302 3 -1
780332 11 -1
780332 9 -1
780353 4 1
780361 7 1
780428 5 1
780453 0 -1
780482 2 1
780484 1 -1
780590 6 -1
780625 0 1
780656 1 -1
780708 2 -1
780724 3 1
780724 4 -1
780831 1 1
780837 8 1
780874 0 1
780944 5 1
780958 2 -1
780985 0 -1
780998 19 -1
780998 23 1
781030 3 -1
781071 7 -1
781095 0 1
781119 4 -1
781205 0 -1
781208 1 1
781213 9 -1
781251 3 1
781307 0 1
781364 6 -1
781405 1 -1
781417 5 -1
781420 2 -1
781433 0 1
781560 0 -1
781599 1 1
781648 2 1
781750 6 1
781772 13 -1
781777 3 1
781784 1 -1
781788 7 1
781799 0 1
781857 4 -1
781896 2 1
781925 0 -1
781978 1 1
782003 3 -1
782030 16 1
782105 0 -1
782161 1 -1
782223 4 1
782224 6 1
782245 11 1
782245 3 -1
782328 1 -1
782343 0 1
782352 2 1
782385 5 1
782428 9 1
782444 0 -1
782546 18 -1
782581 2 -1
782594 0 1
782614 4 1
782675 10 -1
782691 3 -1
782718 8 1
782719 1 -1
782809 2 1
782848 0 1
782852 5 -1
782903 1 1
782933 3 -1
782949 4 1
783016 0 1
783102 1 -1
783133 0 1
783142 7 -1
783153 3 1
783239 0 1
783288 2 -1
783336 4 -1
783347 5 -1
783352 6 -1
783352 0 -1
783457 1 1
783500 0 1
783524 2 1
783652 1 -1
783656 0 -1
783674 3 1
783731 4 1
783744 2 -1
783814 8 -1
783832 1 -1
783890 6 1
783898 0 1
783900 12 1
783933 10 -1
783943 3 -1
783949 7 1
784008 14 1
784021 0 1
784102 4 -1
784137 3 1
784201 1 -1
784217 0 -1
784223 2 1
784276 6 -1
784287 5 -1
784392 1 1
784406 9 1
784454 2 -1
784467 0 -1
784545 3 -1
784545 13 1
784574 0 1
784594 1 -1
784610 7 1
784680 0 1
784696 15 1
784706 2 1
784739 3 1
784739 8 1
784787 1 1
784808 5 -1
784811 4 -1
784916 0 -1
784932 2 -1
784935 3 -1
784960 1 1
785034 0 -1
785045 6 -1
785094 10 -1
785142 1 -1
785158 0 -1
785163 2 1
785169 9 -1
785212 5 -1
785230 4 -1
785263 0 1
785315 1 -1
785341 3 1
785381 0 1
785408 2 1
785470 6 -1
785496 0 1
785537 3 -1
785561 4 -1
785609 0 -1
785636 2 -1
785710 1 -1
785749 3 -1
785814 12 1
785846 6 1
785892 0 -1
785896 1 1
785942 3 1
785998 0 1
786069 7 -1
786098 2 -1
786104 0 1
786105 1 1
786139 3 -1
786163 5 1
786200 6 1
786286 11 1
786303 4 -1
786332 0 -1
786346 2 -1
786351 3 -1
786373 9 1
786445 0 -1
786468 1 -1
786544 3 1
786569 0 -1
786577 2 1
786620 5 -1
786645 4 1
786661 1 -1
786695 8 -1
786738 6 -1
786781 0 1
786825 1 -1
786867 7 -1
786888 0 -1
786953 3 1
786996 4 -1
787009 0 -1
787034 2 1
787130 5 -1
787163 3 1
787179 6 1
787198 1 -1
787243 0 -1
787286 2 1
787318 16 -1
787348 0 1
787356 3 -1
787379 1 -1
787458 0 1
787496 7 -1
787523 2 -1
787544 5 -1
787568 1 1
787665 4 1
787684 8 -1
787754 1 -1
787764 3 1
787770 6 -1
787786 0 1
787867 10 1
787895 0 -1
787939 1 1
787958 3 -1
787996 2 1
788025 0 -1
788049 12 -1
788060 4 -1
788071 5 -1
788121 1 1
788135 14 1
788157 3 1
788221 2 -1
788246 0 -1
788318 9 1
788322 1 1
788329 11 1
788358 4 -1
788415 0 -1
788471 2 -1
788538 0 -1
788576 5 -1
788608 17 1
788651 1 1
788673 3 -1
788697 2 1
788705 8 -1
788745 4 1
788770 0 1
788842 7 -1
788842 1 -1
788880 0 -1
788893 3 1
788934 2 -1
788984 6 -1
789033 0 1
789036 4 1
789040 1 1
789060 5 1
789081 9 -1
789119 3 -1
789130 0 -1
789162 2 1
789167 15 -1
789253 0 -1
789361 3 -1
789369 0 -1
789394 1 -1
789409 2 1
789463 7 -1
789463 10 1
789471 4 1
789475 0 1
789576 1 1
789581 3 1
789662 6 -1
789741 1 1
789742 0 -1
789807 3 -1
789836 2 -1
789838 4 -1
789877 0 1
789946 5 1
790007 0 1
790049 3 -1
790065 2 1
790150 1 -1
790178 9 -1
790205 7 1
790231 6 -1
790242 11 -1
790285 13 -1
790312 2 1
790330 1 1
790368 0 1
790393 5 -1
790484 0 1
790495 3 -1
790495 1 1
790535 4 1
790565 8 -1
790592 0 -1
790680 1 -1
790737 3 -1
790780 2 1
790817 10 -1
790831 0 -1
790849 4 1
790852 1 -1
790855 5 1
790914 7 -1
790949 0 -1
790957 3 1
791000 2 -1
791035 1 -1
791072 0 -1
791145 18 1
791156 4 1
791179 0 1
791199 6 -1
791236 1 -1
791253 2 -1
791293 0 1
791414 0 1
791494 3 1
791554 8 -1
791596 6 1
791597 0 1
791607 1 1
791623 7 1
791725 3 1
791728 2 1
791781 1 -1
791797 0 1
791844 5 -1
791897 4 1
791903 0 -1
791935 3 1
791940 2 1
791974 1 1
792026 6 1
792027 0 1
792091 19 1
792177 12 1
792188 2 1
792220 9 1
792263 11 -1
792263 14 1
792268 5 1
792268 7 1
792284 0 1
792309 4 -1
792349 20 -1
792353 1 1
792360 3 -1
792424 2 -1
792473 0 1
792498 1 -1
792553 3 1
792602 0 1
792607 8 -1
792682 2 -1
792696 1 1
792712 4 -1
792736 5 -1
792749 3 -1
792865 0 -1
792929 2 1
792962 3 -1
792994 13 1
793021 0 1
793034 7 1
793066 1 1
793080 6 1
793123 9 -1
793150 2 -1
793155 3 1
793195 0 -1
793252 1 1
793306 0 1
793351 3 -1
793429 4 1
793433 1 -1
793459 0 -1
793510 6 1
793564 3 -1
793607 1 -1
793612 2 -1
793633 0 1
793650 8 -1
793671 10 -1
793703 5 1
793725 15 1
793753 0 1
793760 4 -1
793796 1 1
793859 2 -1
793897 17 -1
793961 0 1
793994 1 -1
794069 3 -1
794069 12 1
794090 0 1
794090 2 1
794096 6 -1
794139 4 1
794155 5 -1
794198 9 1
794205 1 -1
794230 0 1
794289 3 1
794327 11 -1
794509 4 -1
794515 3 -1
794547 2 1
794550 0 1
794566 1 1
794595 5 1
794606 7 -1
794671 0 1
794692 8 -1
794751 1 -1
794778 2 -1
794840 4 1
794853 0 1
794923 1 -1
794999 2 1
795025 10 1
795036 6 1
795047 5 -1
795052 3 -1
795122 0 -1
795197 9 1
795223 4 1
795259 0 -1
795294 3 -1
795300 7 -1
795304 1 -1
795439 0 1
795477 2 -1
795493 1 1
795509 6 1
795514 3 1
795520 5 1
795574 4 1
795660 8 1
795674 1 -1
795727 2 -1
795735 0 -1
795767 13 -1
795845 0 1
795939 6 1
795953 2 1
795982 3 -1
796014 5 -1
796020 0 1
796029 1 1
796073 7 -1
796090 9 1
796175 11 1
796202 3 1
796215 1 -1
796218 12 -1
796291 0 -1
796360 4 -1
796390 14 1
796416 1 1
796417 2 1
796428 3 -1
796444 0 1
796503 5 -1
796554 0 -1
796557 10 1
796659 8 1
796665 2 1
796678 4 -1
796795 1 1
796842 6 -1
796847 0 1
796890 3 1
796890 2 -1
796987 0 1
796988 1 -1
796993 26 1
796996 4 -1
797100 9 1
797116 3 -1
797154 0 1
797204 1 -1
797358 3 -1
797358 2 -1
797412 6 -1
797422 5 -1
797444 0 -1
797452 7 1
797553 0 1
797578 2 1
797591 1 -1
797699 0 -1
797742 4 1
797775 1 1
797834 2 1
797858 0 1
797885 3 -1
797885 5 1
797917 6 -1
797948 1 1
797990 0 -1
798068 9 1
798102 0 1
798105 3 1
798105 4 -1
798170 7 -1
798223 0 1
798293 2 1
798327 1 1
798331 3 -1
798390 11 -1
798390 5 1
798419 4 -1
798512 1 -1
798514 2 -1
798519 8 1
798530 0 1
798659 0 1
798706 1 1
798766 2 -1
798793 3 1
798812 0 -1
798863 16 1
798879 7 1
798906 6 1
799019 3 -1
799027 0 1
799085 1 1
799144 0 1
799153 10 -1
799226 4 -1
799242 2 1
799250 0 -1
799254 1 1
799260 3 -1
799293 6 -1
799336 5 1
799439 1 -1
799454 2 1
799486 18 -1
799492 0 -1
799508 8 1
799580 4 1
799596 0 -1
799649 1 -1
799701 2 1
799703 0 1
799793 5 -1
799820 3 1
799824 1 -1
799828 0 1
799830 6 -1
799903 4 1
799927 2 -1
799944 0 1
799983 1 -1
800016 3 -1
800051 0 -1
800169 1 1
800174 2 1
800185 0 1
800201 7 -1
800228 3 -1
800287 5 -1
800303 9 -1
800306 4 1
800405 0 -1
800416 2 -1
800421 3 1
800475 12 1
800518 14 1
800532 0 -1
800536 1 -1
800561 8 1
800618 3 -1
800639 2 1
800647 0 -1
800673 4 -1
800695 6 1
800701 10 -1
800743 1 -1
800830 3 -1
800870 0 1
800915 1 -1
800927 7 1
800970 0 -1
800991 17 1
801015 4 -1
801023 3 1
801082 0 -1
801104 6 -1
801115 2 -1
801217 5 -1
801271 9 -1
801281 1 -1
801324 0 -1
801346 4 -1
801346 2 1
801429 0 1
801432 3 -1
801442 13 1
801455 1 -1
801528 6 -1
801546 0 1
801582 2 -1
801625 3 1
801656 1 1
801668 5 1
801684 7 -1
801695 0 -1
801821 3 -1
801851 0 1
801878 6 -1
801950 0 -1
801959 10 -1
802015 4 1
802039 1 1
802055 2 1
802104 0 1
802141 5 -1
802217 9 -1
802238 15 -1
802253 1 1
802281 11 1
802281 2 -1
802329 3 -1
802356 0 1
802362 4 -1
802418 7 1
802421 6 -1
802430 1 1
802432 8 1
802453 12 1
802453 0 -1
802512 2 1
802571 3 -1
802593 0 -1
802624 1 -1
802748 4 1
802792 3 1
802797 1 1
802875 0 1
802915 6 1
802986 1 -1
802996 2 -1
803007 0 1
803122 0 1
803152 7 -1
803173 5 -1
803202 1 -1
803240 2 -1
803270 6 1
803329 3 1
803340 0 1
803410 8 1
803414 4 -1
803436 0 -1
803466 2 1
803555 3 -1
803575 1 -1
803583 0 1
803619 5 1
803703 2 -1
803744 1 -1
803797 3 -1
803802 0 -1
803821 4 -1
803893 7 1
803907 0 -1
803931 2 1
803934 1 1
804017 3 1
804020 0 1
804065 5 -1
804130 9 -1
804159 4 -1
804178 2 1
804216 19 1
804216 13 -1
804216 16 1
804243 3 -1
804248 6 1
804304 1 1
804318 0 1
804345 8 -1
804388 11 1
804404 2 -1
804428 0 -1
804474 12 1
804478 1 -1
804484 3 -1
804541 0 1
804587 7 -1
804603 14 1
804679 1 1
804705 3 1
804818 6 -1
804826 0 -1
804872 2 -1
804893 10 1
804901 4 -1
804936 0 1
805016 5 1
805026 1 -1
805044 0 -1
805054 9 -1
805089 2 1
805209 1 1
805248 28 -1
805261 3 -1
805275 0 -1
805304 4 -1
805312 2 -1
805339 6 -1
805373 0 1
805377 1 1
805473 3 -1
805489 5 -1
805496 0 1
805578 1 -1
805614 0 1
805667 3 1
805667 4 1
805721 0 -1
805764 1 1
805769 2 -1
805844 0 -1
805937 1 1
805962 0 -1
805968 9 -1
805981 4 1
805989 5 1
806022 2 -1
806075 3 1
806102 7 -1
806126 1 -1
806194 6 1
806199 0 -1
806247 2 1
806248 8 1
806280 23 1
806285 3 1
806320 0 -1
806344 10 -1
806348 4 -1
806408 11 1
806422 0 1
806478 3 -1
806501 1 -1
806624 12 -1
806645 0 -1
806695 1 1
806699 4 1
806710 2 1
806742 6 1
806750 0 -1
806795 15 1
806860 7 1
806876 0 -1
806878 1 -1
806887 3 1
806914 5 1
806957 2 1
806989 13 1
807074 4 -1
807080 3 -1
807098 0 1
807185 2 -1
807204 8 -1
807223 0 1
807227 1 1
807279 3 1
807311 29 1
807322 0 -1
807344 5 -1
807354 6 -1
807380 1 1
807414 2 1
807432 0 -1
807489 3 1
807551 0 -1
807553 7 -1
807557 1 -1
807650 10 1
807661 2 1
807677 0 -1
807682 3 -1
807792 0 -1
807811 5 1
807815 4 -1
807881 3 1
807892 2 -1
807910 1 -1
807956 9 -1
808005 0 1
808091 3 1
808097 1 -1
808110 0 -1
808128 2 1
808150 4 -1
808193 8 -1
808228 0 -1
808279 6 -1
808283 1 1
808343 20 -1
808460 1 -1
808470 0 -1
808504 4 1
808574 3 -1
808576 0 1
808623 2 -1
808644 12 -1
808650 1 1
808666 6 1
808687 21 1
808699 0 1
808719 5 1
808816 3 -1
808823 1 1
808848 2 1
808881 9 -1
808892 7 1
808924 0 -1
809029 1 1
809037 3 1
809047 0 -1
809085 2 -1
809096 6 -1
809166 5 -1
809166 0 -1
809206 4 -1
809278 0 -1
809363 1 1
809377 0 1
809496 0 1
809504 3 -1
809558 2 1
809569 1 1
809606 0 1
809609 4 1
809633 16 -1
809655 5 1
809665 7 1
809724 3 1
809730 6 1
809750 1 1
809784 2 -1
809855 0 1
809891 9 1
809950 3 -1
809953 0 -1
809980 4 -1
810015 2 1
810050 0 1
810111 5 -1
810125 1 1
810149 8 1
810171 6 -1
810181 10 -1
810286 0 1
810312 1 -1
810326 7 1
810364 11 -1
810380 3 1
810407 0 1
810485 2 -1
810504 1 1
810532 0 1
810558 5 1
810574 3 -1
810676 6 -1
810711 2 1
810727 0 1
810762 4 -1
810772 3 1
810773 9 -1
810837 15 1
810850 0 1
810880 12 1
810895 1 1
810947 2 -1
810950 0 -1
810966 5 1
810982 3 1
811080 1 -1
811084 0 1
811133 4 1
811160 8 1
811176 3 -1
811176 2 1
811208 0 1
811224 6 1
811262 1 1
811313 0 -1
811374 3 1
811423 2 1
811431 0 -1
811435 1 1
811450 5 1
811528 4 1
811568 17 1
811584 3 1
811620 1 -1
811632 10 1
811649 2 -1
811673 0 -1
811675 9 -1
811761 7 -1
811779 0 1
811806 1 1
811880 2 1
811902 0 1
811976 3 1
812007 1 -1
812105 0 -1
812186 3 1
812191 8 -1
812201 4 -1
812232 0 -1
812320 11 -1
812337 2 1
812350 0 -1
812379 3 -1
812392 1 -1
812396 5 1
812396 6 -1
812560 4 -1
812576 1 -1
812580 0 1
812584 7 -1
812589 2 1
812621 9 -1
812686 14 1
812686 0 1
812729 13 -1
812761 1 1
812783 0 -1
812788 3 1
812815 2 -1
812906 0 -1
812912 5 1
812958 4 -1
812981 3 -1
813027 0 -1
813051 6 -1
813129 0 1
813132 10 1
813134 1 1
813180 3 1
813245 12 -1
813253 0 1
813293 7 1
813293 2 1
813295 1 1
813352 5 -1
813457 0 -1
813489 1 -1
813524 2 -1
813556 9 -1
813583 0 -1
813602 3 -1
813632 4 -1
813642 6 1
813707 0 -1
813750 2 1
813814 3 -1
813835 1 1
813930 0 1
813994 4 1
814008 3 1
814029 1 -1
814054 0 1
814148 11 1
814153 0 -1
814188 1 -1
814204 3 -1
814212 2 1
814255 5 -1
814277 8 -1
814345 4 -1
814394 1 -1
814411 0 1
814416 3 -1
814422 10 1
814427 6 1
814459 2 1
814516 0 -1
814591 1 1
814610 3 1
814634 0 -1
814685 5 -1
814688 2 -1
814731 0 1
814736 7 1
814776 1 1
814806 3 -1
814848 0 1
814868 6 1
814916 2 1
814954 0 -1
814962 1 -1
815050 19 -1
815067 4 1
815088 0 1
815120 5 1
815163 2 1
815201 8 1
815255 3 -1
815308 6 1
815309 0 -1
815353 1 1
815395 2 -1
815407 0 1
815448 3 1
815454 4 -1
815459 9 1
815502 13 1
815510 7 -1
815525 0 1
815542 1 1
815631 2 1
815644 3 -1
815716 1 -1
815755 0 -1
815808 4 1
815825 17 1
815873 0 -1
815911 18 1
815970 10 1
815986 0 -1
816066 3 1
816084 1 -1
816088 5 -1
816093 6 1
816104 2 -1
816126 8 -1
816195 7 1
816203 0 1
816260 3 -1
816288 1 1
816314 0 1
816330 2 1
816432 0 -1
816448 9 -1
816459 3 1
816463 1 -1
816534 5 1
816562 0 1
816580 2 1
816588 6 1
816590 4 -1
816660 0 -1
816787 0 -1
816804 1 -1
816813 14 1
816862 3 -1
816910 0 -1
816969 4 1
816991 5 -1
816998 1 1
817039 2 1
817061 3 1
817133 0 1
817181 1 -1
817211 10 1
817233 6 -1
817257 0 1
817268 2 -1
817270 3 1
817324 4 -1
817329 12 1
817356 0 -1
817372 1 1
817437 9 -1
817464 3 -1
817490 5 1
817496 2 1
817562 1 -1
817587 0 -1
817630 30 -1
817630 7 1
817662 3 1
817663 4 1
817703 0 -1
817711 1 -1
817809 0 1
817813 6 1
817872 3 1
817904 1 1
817937 5 -1
817974 2 -1
818033 0 -1
818041 4 -1
818060 11 -1
818066 3 -1
818071 8 1
818138 0 -1
818211 13 -1
818211 2 1
818262 0 -1
818275 6 1
818303 1 -1
818316 7 -1
818388 5 1
818404 4 1
818431 2 -1
818467 1 -1
818479 3 1
818486 0 1
818549 10 -1
818610 0 1
818650 1 -1
818676 3 -1
818686 2 -1
818694 6 1
818716 0 1
818783 4 -1
818861 5 -1
818888 3 -1
818926 2 1
818936 7 -1
818939 0 -1
818985 8 -1
819021 1 -1
819057 0 -1
819135 6 -1
819159 0 1
819167 2 -1
819222 1 1
819243 9 -1
819277 3 -1
819388 2 1
819407 0 1
819416 1 -1
819490 3 -1
819505 4 -1
819517 0 1
819522 12 -1
819635 0 -1
819683 3 1
819699 5 1
819795 1 -1
819839 4 -1
819863 0 -1
819866 2 -1
819984 1 1
819990 0 -1
819995 8 -1
820049 6 1
820081 11 -1
820088 0 1
820097 2 1
820135 3 -1
820174 1 -1
820197 0 1
820215 5 1
820218 4 1
820226 7 1
820274 9 -1
820318 0 1
820342 2 1
820355 3 1
820442 0 1
820511 15 -1
820522 6 1
820545 1 -1
820546 0 -1
820581 3 -1
820694 5 -1
820720 1 1
820761 0 1
820793 2 1
820823 3 -1
820860 0 -1
820915 1 -1
820919 7 1
820941 14 1
820962 6 1
820995 0 1
821008 4 -1
821030 2 -1
821043 3 1
821048 16 1
821210 9 -1
821223 0 -1
821242 13 -1
821258 2 1
821269 3 -1
821292 1 -1
821341 0 -1
821371 4 1
821387 10 -1
821414 21 -1
821438 0 1
821472 1 1
821511 3 -1
821554 5 1
821607 12 -1
821617 1 -1
821661 0 -1
821701 7 1
821709 4 -1
821731 2 -1
821736 6 1
821795 0 1
821903 0 -1
821951 8 1
821957 3 -1
821962 2 1
821992 1 -1
822005 5 -1
822016 0 -1
822123 11 -1
822142 0 -1
822189 1 1
822198 3 -1
822199 2 -1
822260 0 -1
822362 0 1
822366 1 1
822387 4 1
822392 6 1
822419 3 1
822419 2 1
822446 27 -1
822478 5 1
822532 20 1
822610 0 1
822672 2 1
822720 0 1
822721 1 -1
822782 4 1
822817 0 -1
822854 10 1
822865 6 1
822897 2 -1
822911 1 1
822954 3 -1
822962 8 1
823040 0 1
823088 4 1
823104 1 -1
823112 7 -1
823147 2 -1
823163 0 1
823166 3 -1
823177 9 -1
823287 0 1
823310 1 -1
823359 3 1
823392 18 1
823445 5 -1
823475 1 -1
823499 4 -1
823504 0 -1
823609 2 -1
823660 0 -1
823668 1 1
823768 3 1
823800 0 1
823832 1 -1
823838 7 1
823838 2 1
823854 4 1
823865 8 -1
823897 6 1
823910 0 -1
823934 5 -1
823950 11 1
823951 13 1
823977 3 1
824015 9 -1
824080 0 -1
824082 2 1
824170 1 1
824171 3 -1
824217 0 -1
824249 4 1
824330 0 1
824332 1 1
824338 15 -1
824338 25 -1
824338 17 1
824348 6 -1
824354 10 1
824386 5 1
824509 1 -1
824542 2 1
824579 3 1
824587 4 1
824609 0 -1
824612 7 1
824768 8 1
824770 2 -1
824773 3 -1
824797 0 1
824810 5 1
824875 6 1
824894 1 -1
824904 0 -1
824972 3 1
824999 2 1
825004 9 -1
825055 1 -1
825146 0 -1
825240 7 1
825248 1 1
825253 0 1
825262 5 -1
825289 4 -1
825371 0 1
825412 3 1
825477 2 -1
825541 12 -1
825584 6 1
825609 3 -1
825611 0 1
825623 1 1
825660 4 1
825708 0 -1
825708 2 1
825713 5 1
825778 8 1
825789 1 1
825821 3 -1
825824 0 -1
825853 7 1
825885 22 1
825930 0 1
825950 2 -1
825974 1 -1
825993 9 -1
826004 6 1
826014 11 1
826044 0 1
826050 4 -1
826164 1 1
826165 5 -1
826172 0 1
826210 3 -1
826278 0 -1
826353 1 1
826423 3 -1
826423 2 -1
826455 6 -1
826466 16 -1
826514 0 -1
826526 1 -1
826595 7 -1
826616 3 1
826619 0 1
826643 2 1
826708 1 1
826724 13 -1
826724 8 -1
826737 0 1
826772 4 -1
826896 2 1
826896 9 -1
826928 6 -1
826976 0 1
827025 3 -1
827073 0 -1
827078 1 -1
827111 10 -1
827121 5 1
827179 4 -1
827191 0 -1
827218 3 1
827256 7 -1
827280 1 -1
827353 2 1
827414 3 -1
827420 0 1
827453 1 -1
827519 12 -1
827534 4 -1
827538 0 1
827567 5 -1
827597 2 1
827627 3 -1
827627 8 1
827656 0 1
827777 0 1
827820 3 1
827826 2 -1
827832 1 -1
827895 0 1
827917 6 -1
827928 9 -1
828006 0 -1
828016 3 -1
828024 5 -1
828038 1 1
828056 11 1
828124 0 -1
828207 1 1
828228 3 -1
828247 4 1
828288 2 -1
828348 0 1
828433 10 1
828454 0 1
828465 23 1
828535 2 -1
828562 0 -1
828572 6 -1
828594 1 1
828598 4 -1
828626 7 -1
828632 3 -1
828766 2 1
828780 1 1
828801 0 -1
828809 15 -1
828830 3 1
828908 4 -1
828916 0 -1
828938 9 1
828975 1 1
828992 5 1
829021 0 1
829024 6 1
829040 3 1
829154 1 1
829196 14 1
829239 0 -1
829244 2 -1
829287 4 1
829336 1 1
829363 0 -1
829432 3 1
829449 7 -1
829454 5 -1
829475 12 1
829476 0 -1
829476 2 1
829521 1 -1
829594 0 -1
829642 3 1
829658 4 -1
829658 13 -1
829669 8 1
829698 0 1
829712 2 -1
829719 1 -1
829798 0 -1
829835 3 -1
829884 11 -1
829924 0 1
829932 2 1
829948 10 1
829954 5 -1
830053 4 -1
830061 1 -1
830094 7 -1
830153 0 -1
830185 2 1
830196 6 1
830259 1 -1
830271 3 1
830274 0 -1
830357 18 1
830394 0 -1
830411 2 -1
830420 4 1
830420 1 -1
830480 3 1
830583 8 -1
830623 0 1
830660 2 -1
830674 3 -1
830679 6 1
830741 0 1
830744 9 -1
830767 1 1
830859 0 1
830873 3 1
830894 5 -1
830984 1 1
831077 0 -1
831082 3 1
831088 2 1
831170 1 -1
831175 0 1
831194 4 -1
831265 6 -1
831276 3 -1
831300 0 1
831338 2 1
831367 7 1
831389 5 1
831417 0 1
831475 3 1
831504 4 -1
831523 0 -1
831541 1 -1
831550 2 1
831582 8 -1
831658 0 1
831711 9 -1
831730 1 1
831754 0 -1
831878 3 -1
831883 5 1
831891 1 1
831907 4 1
831948 16 1
831976 0 1
831996 7 1
832026 2 -1
832077 3 1
832085 1 -1
832094 0 1
832152 6 -1
832218 0 1
832254 2 1
832262 1 1
832286 3 1
832324 5 -1
832429 0 -1
832435 1 -1
832501 2 1
832547 0 -1
832550 6 1
832617 1 -1
832653 0 1
832657 9 -1
832665 4 1
832689 10 -1
832743 3 -1
832786 5 1
832802 7 1
832895 0 1
832942 6 -1
832963 3 1
832969 2 1
832976 1 1
833001 0 -1
833020 4 -1
833127 0 1
833173 1 -1
833189 3 -1
833189 2 -1
833259 5 -1
833307 6 1
833324 14 1
833356 0 -1
833366 20 1
833371 1 -1
833383 4 1
833409 12 1
833442 2 -1
833477 0 -1
833506 8 1
833598 0 -1
833651 3 1
833668 2 1
833716 6 -1
833753 5 -1
833756 1 -1
833802 0 -1
833877 3 -1
833917 2 1
833926 0 1
833927 1 -1
834011 11 -1
834030 0 -1
834100 1 -1
834119 3 -1
834130 2 1
834140 4 1
834173 7 -1
834272 0 -1
834323 6 1
834334 10 -1
834339 3 1
834377 2 1
834378 0 1
834455 4 1
834463 9 1
834484 0 1
834485 8 -1
834487 1 1
834565 3 -1
834656 17 -1
834660 1 1
834705 5 -1
834713 0 -1
834807 3 -1
834831 0 -1
834834 2 1
834861 6 -1
834862 1 1
834866 4 1
834914 7 1
834949 0 -1
835027 3 1
835045 1 -1
835055 0 1
835081 2 1
835162 0 1
835172 5 1
835213 4 -1
835217 1 -1
835237 12 1
835269 0 -1
835312 2 -1
835370 1 -1
835390 0 -1
835462 13 1
835495 8 -1
835495 9 -1
835543 7 1
835551 4 1
835551 1 -1
835554 3 -1
835624 0 -1
835651 5 1
835656 6 -1
835750 0 -1
835753 3 1
835769 2 -1
835785 10 1
835817 11 1
835856 0 1
835934 4 -1
835958 1 1
835962 3 1
836016 2 -1
836098 0 1
836118 6 -1
836176 1 1
836204 0 -1
836236 7 -1
836244 4 -1
836258 2 1
836330 0 1
836365 1 -1
836387 3 -1
836430 9 -1
836529 0 1
836548 18 -1
836580 3 1
836591 5 1
836648 0 1
836716 1 1
836731 2 1
836771 0 1
836776 3 -1
836806 6 -1
836887 0 1
836900 1 -1
836938 4 1
836957 2 -1
837008 0 1
837059 7 -1
837067 1 -1
837069 5 1
837110 0 -1
837150 12 1
837182 3 1
837188 2 1
837207 0 1
837236 15 1
837236 10 -1
837309 4 -1
837378 3 -1
837432 1 -1
837432 2 1
837448 0 1
837451 14 1
837505 5 1
837567 0 1
837591 3 -1
837619 1 -1
837623 16 -1
837623 8 -1
837643 4 1
837661 2 -1
837688 0 1
837730 6 1
837784 3 1
837800 7 1
837804 1 1
837859 11 1
837882 0 1
837894 2 1
837945 13 1
837980 3 -1
837998 1 -1
838007 0 1
838123 2 -1
838124 0 1
838150 6 1
838173 1 1
838193 3 -1
838246 9 1
838353 1 1
838365 4 -1
838365 0 1
838386 3 1
838472 0 -1
838515 5 1
838526 19 1
838526 7 -1
838530 1 1
838547 8 1
838593 0 -1
838601 2 1
838607 10 1
838666 6 1
838711 0 -1
838735 4 1
838827 0 -1
838838 2 -1
838875 3 -1
838909 1 1
838953 0 -1
838988 5 -1
839058 2 1
839059 0 1
839086 1 1
839106 4 -1
839117 3 -1
839235 9 -1
839268 1 -1
839273 0 -1
839337 3 1
839386 12 -1
839386 0 -1
839434 5 1
839504 0 -1
839536 8 1
839547 2 -1
839558 6 -1
839626 1 1
839732 0 1
839735 4 -1
839767 2 1
839805 3 -1
839820 1 -1
839832 0 -1
839880 5 -1
839950 0 -1
839993 7 -1
840013 1 -1
840020 2 1
840025 3 1
840084 6 -1
840098 4 1
840106 10 -1
840181 9 1
840184 0 -1
840251 3 -1
840305 0 -1
840360 1 -1
840380 5 -1
840410 0 1
840453 4 -1
840496 2 -1
840509 0 -1
840541 1 1
840558 8 1
840616 6 1
840633 0 1
840670 3 1
840721 2 1
840723 1 1
840727 7 1
840738 0 -1
840787 4 -1
840853 5 1
840861 0 -1
840864 3 -1
840912 13 1
840916 1 -1
840958 2 -1
841009 6 -1
841020 31 -1
841063 3 1
841086 0 1
841116 1 -1
841122 4 -1
841181 2 1
841181 9 -1
841210 0 1
841272 3 1
841287 1 -1
841327 0 1
841347 5 -1
841385 2 1
841406 6 1
841428 7 -1
841460 10 1
841466 3 -1
841468 1 1
841471 8 -1
841484 4 1
841568 0 1
841632 2 1
841664 3 1
841675 0 -1
841750 11 -1
841788 0 -1
841807 4 -1
841839 1 1
841861 2 -1
841874 3 1
841885 6 1
841922 12 -1
842004 0 1
842013 1 1
842116 9 -1
842128 0 1
842194 1 -1
842223 15 1
842234 0 -1
842266 3 1
842315 5 1
842320 6 -1
842336 2 1
842352 0 -1
842417 8 1
842465 0 -1
842476 3 1
842563 0 1
842568 2 -1
842569 4 -1
842589 1 1
842654 18 1
842670 3 -1
842678 0 1
842718 5 1
842750 1 1
842782 16 1
842790 7 1
842804 2 1
842911 0 -1
842932 1 -1
842944 4 1
843038 0 1
843062 9 -1
843140 0 -1
843169 17 -1
843180 5 -1
843196 3 -1
843266 4 1
843277 2 -1
843300 1 1
843355 0 1
843411 7 1
843427 26 1
843433 6 1
843438 3 -1
843449 8 1
843478 0 1
843484 1 -1
843503 2 1
843594 0 1
843657 1 -1
843658 3 1
843752 2 1
843771 21 1
843793 11 -1
843836 0 1
843941 0 -1
843965 9 1
844012 4 1
844013 6 -1
844036 1 -1
844064 0 -1
844083 5 -1
844137 7 -1
844182 0 -1
844185 3 1
844201 12 1
844212 2 1
844225 1 1
844282 10 1
844289 0 1
844403 4 -1
844411 3 -1
844414 0 1
844419 1 -1
844427 6 -1
844440 2 -1
844513 0 -1
844529 5 1
844653 3 -1
844674 2 1
844741 0 -1
844782 4 1
844792 1 -1
844860 0 -1
844873 3 1
844932 2 1
844979 1 1
844983 0 -1
845007 5 -1
845099 3 -1
845120 1 -1
845174 2 -1
845208 0 1
845233 20 1
845319 0 1
845341 3 -1
845362 8 -1
845394 6 1
845397 2 1
845424 0 -1
845531 4 1
845544 1 -1
845561 3 1
845620 11 1
845626 2 -1
845652 10 -1
845693 7 1
845706 14 1
845709 1 -1
845717 0 -1
845822 0 1
845867 6 1
845870 1 -1
845878 9 1
845921 5 -1
845921 0 -1
845926 4 1
845975 3 -1
846039 0 -1
846104 2 1
846152 0 -1
846168 3 1
846179 12 1
846241 1 1
846268 0 -1
846276 8 1
846297 4 -1
846330 7 1
846335 2 -1
846362 5 1
846364 3 -1
846394 0 -1
846434 1 -1
846501 6 -1
846523 13 1
846523 24 1
846555 2 1
846616 0 1
846620 1 1
846695 15 1
846708 4 -1
846741 0 1
846805 1 -1
846813 5 -1
846846 9 1
846859 0 1
846867 3 -1
846991 10 1
846995 1 1
847012 2 1
847055 4 -1
847087 3 1
847098 0 1
847152 7 1
847192 1 -1
847203 0 -1
847211 8 -1
847265 2 1
847297 5 1
847300 0 1
847313 3 -1
847349 1 -1
847466 4 -1
847490 2 -1
847523 0 -1
847630 6 1
847657 0 1
847728 1 -1
847759 5 -1
847764 0 -1
847775 3 1
847805 4 1
847829 7 1
847877 16 1
847890 1 -1
847966 2 1
847977 0 1
848001 3 -1
848006 9 -1
848017 6 -1
848073 1 1
848127 0 -1
848203 2 -1
848243 3 -1
848275 5 -1
848307 0 1
848431 2 1
848442 1 -1
848458 17 1
848463 3 1
848522 6 -1
848530 7 -1
848555 0 1
848571 4 1
848627 1 1
848667 0 -1
848678 2 1
848689 3 -1
848726 5 1
848778 0 1
848796 1 1
848904 2 -1
848931 3 -1
848946 4 -1
849001 0 -1
849044 6 -1
849106 0 -1
849135 2 1
849146 8 1
849151 3 1
849167 13 -1
849167 1 -1
849224 0 1
849264 7 1
849280 4 -1
849345 1 1
849372 2 -1
849457 6 -1
849458 10 1
849519 0 1
849533 14 -1
849534 1 -1
849619 5 1
849632 0 -1
849732 3 -1
849732 1 1
849748 11 1
849781 0 1
849791 9 1
849791 18 1
849847 2 1
849855 6 1
849877 12 1
849929 1 -1
849941 0 -1
849945 4 1
849973 3 -1
850049 8 -1
850070 2 -1
850073 0 -1
850081 5 -1
850102 7 1
850122 1 1
850135 22 1
850194 3 1
850204 0 -1
850253 6 -1
850296 4 -1
850307 2 1
850314 1 -1
850384 0 -1
850392 19 1
850489 5 -1
850618 4 -1
850661 3 -1
850679 1 1
850688 0 1
850780 2 -1
850780 9 1
850839 0 -1
850864 1 -1
850882 3 1
850909 10 -1
850973 0 1
851005 2 1
851040 1 1
851059 8 -1
851107 3 -1
851166 15 -1
851193 0 -1
851236 6 -1
851255 2 1
851312 0 -1
851368 4 -1
851404 1 -1
851457 5 1
851476 0 -1
851562 7 1
851580 1 1
851596 11 -1
851639 3 1
851704 6 -1
851712 0 1
851715 2 -1
851736 9 1
851759 1 1
851771 4 -1
851849 3 1
851889 0 1
851897 5 -1
851967 2 -1
851983 12 -1
852042 3 -1
852053 0 1
852118 4 -1
852142 1 1
852182 7 1
852190 2 1
852198 13 -1
852212 0 -1
852252 6 -1
852332 1 -1
852333 0 -1
852360 5 1
852419 2 -1
852451 3 1
852501 1 -1
852508 0 1
852521 10 -1
852529 4 -1
852623 0 1
852644 3 -1
852653 2 1
852662 1 -1
852843 3 1
852851 1 1
852876 4 1
852881 2 -1
852908 7 -1
852924 0 -1
852994 8 1
853037 1 1
853083 0 1
853128 2 -1
853226 1 1
853238 4 -1
853246 3 -1
853254 0 1
853316 5 1
853445 3 1
853456 6 1
853470 0 -1
853488 14 -1
853593 1 1
853596 2 -1
853605 4 1
853617 11 -1
853619 0 1
853655 3 1
853703 12 1
853741 0 1
853779 1 -1
853816 5 1
853816 2 1
853832 9 -1
853843 6 -1
853956 1 1
854004 16 1
854012 0 1
854015 8 1
854047 3 1
854069 2 1
854133 0 1
854241 6 1
854243 0 -1
854257 3 1
854284 5 -1
854298 4 -1
854331 1 1
854335 7 -1
854424 0 -1
854450 3 -1
854520 17 1
854526 2 1
854532 1 -1
854574 0 1
854585 9 1
854657 4 1
854703 0 1
854714 1 -1
854724 5 1
854770 2 1
854818 0 -1
854875 3 1
854972 7 -1
854972 8 -1
854976 4 1
854999 2 -1
855071 3 -1
855072 1 1
855107 0 1
855176 6 -1
855219 5 -1
855248 0 1
855258 1 -1
855283 3 -1
855419 0 1
855439 10 1
855451 1 1
855477 3 1
855480 2 1
855595 9 1
855625 7 1
855673 3 -1
855713 5 -1
855716 2 -1
855721 4 1
855727 0 1
855767 6 1
855810 1 -1
855885 3 -1
855897 0 1
855944 2 1
856000 1 1
856044 0 1
856047 8 -1
856092 4 -1
856100 3 1
856154 15 -1
856185 1 -1
856197 5 1
856334 0 -1
856401 6 1
856417 2 -1
856443 4 1
856493 0 -1
856568 1 -1
856598 0 1
856606 9 1
856622 3 1
856649 2 1
856757 1 1
856847 3 -1
856869 2 -1
856874 10 -1
856885 0 1
856919 1 1
857014 18 1
857019 0 1
857068 8 -1
857089 3 -1
857124 4 -1
857138 0 -1
857140 7 1
857154 5 -1
857294 1 1
857326 2 -1
857358 20 1
857358 9 -1
857393 0 1
857443 4 -1
857499 1 -1
857511 0 1
857530 11 1
857562 2 1
857616 3 -1
857616 14 -1
857616 5 1
857654 0 -1
857680 13 -1
857688 1 -1
857753 4 -1
857783 2 -1
857809 6 1
857836 3 1
857885 0 -1
857890 7 -1
857990 0 -1
858059 1 1
858062 3 -1
858067 5 -1
858089 8 1
858100 10 -1
858126 0 -1
858245 1 -1
858261 2 1
858430 1 1
858433 6 1
858433 12 -1
858444 0 -1
858507 4 1
858511 2 1
858524 3 1
858530 9 1
858559 7 1
858585 0 1
858612 1 1
858723 2 1
858750 3 -1
858758 0 1
858813 1 1
858825 6 -1
858871 0 1
858894 4 -1
858958 1 -1
858992 3 -1
859013 8 -1
859024 0 -1
859078 5 1
859142 1 1
859191 0 1
859196 7 1
859199 2 -1
859212 3 1
859212 4 -1
859322 0 1
859379 11 -1
859427 2 1
859438 3 -1
859454 10 1
859465 9 1
859475 5 1
859531 1 1
859551 17 1
859634 0 1
859674 2 1
859680 3 -1
859716 1 -1
859728 6 1
859744 0 1
859766 15 -1
859871 0 1
859885 1 -1
859897 4 1
859900 3 1
859905 2 -1
859970 5 1
859986 7 1
860096 0 -1
860155 2 -1
860220 0 -1
860240 1 1
860260 4 1
860308 6 -1
860317 0 1
860395 2 1
860434 1 -1
860438 3 1
860537 0 -1
860615 13 -1
860615 7 1
860643 1 -1
860647 2 -1
860650 0 -1
860655 4 1
860663 3 -1
860669 12 1
860679 6 1
860771 0 -1
860841 10 -1
860894 5 1
860897 0 -1
860905 3 -1
860927 8 1
860986 1 1
860994 0 1
861093 0 -1
861109 2 -1
861159 1 1
861217 0 -1
861244 7 1
861324 4 -1
861330 2 1
861344 1 -1
861351 3 -1
861399 11 -1
861400 5 1
861443 9 1
861448 0 -1
861538 1 1
861572 0 -1
861582 2 1
861593 3 -1
861668 6 -1
861670 0 1
861721 1 -1
861727 4 -1
861743 14 -1
861851 5 -1
861856 3 -1
861905 1 1
861926 8 1
861932 0 1
862034 2 1
862078 1 1
862088 0 -1
862102 4 1
862173 6 -1
862211 10 1
862249 0 1
862260 2 -1
862337 3 -1
862442 9 1
862445 1 1
862454 0 1
862509 2 -1
862550 3 -1
862560 0 -1
862630 7 1
862640 1 -1
862646 19 1
862646 6 -1
862700 0 1
862743 3 1
862808 4 -1
862820 1 1
862829 0 1
862840 8 -1
862845 5 1
862939 3 -1
862947 12 -1
862964 0 1
862972 2 -1
863117 0 -1
863138 4 1
863152 3 -1
863183 1 -1
863200 2 1
863230 0 1
863334 9 1
863345 3 1
863356 5 1
863356 13 1
863364 7 -1
863388 1 1
863447 2 1
863452 4 -1
863463 0 -1
863541 3 -1
863559 1 -1
863571 6 -1
863614 0 1
863673 2 -1
863775 10 1
863776 0 1
863807 5 -1
863848 4 1
863904 2 1
863908 1 1
863947 3 1
863977 7 -1
864009 0 -1
864011 6 1
864110 1 -1
864122 0 1
864141 2 -1
864143 3 -1
864194 17 -1
864263 4 1
864279 1 -1
864318 0 -1
864361 2 1
864388 3 -1
864463 6 -1
864468 1 1
864573 0 -1
864654 4 -1
864662 1 -1
864667 5 1
864667 15 -1
864772 0 1
864807 8 1
864839 2 -1
864859 1 -1
864888 0 1
864904 3 -1
864904 16 1
865011 6 1
865033 4 1
865037 1 -1
865089 2 -1
865124 3 1
865180 0 -1
865183 5 1
865281 0 1
865312 9 1
865315 2 1
865350 3 -1
865371 7 -1
865404 6 -1
865420 1 -1
865441 0 -1
865484 11 -1
865593 1 -1
865652 0 1
865667 5 -1
865774 2 1
865782 4 1
865807 8 1
865812 0 1
865815 1 -1
865828 6 -1
865871 14 -1
865876 3 -1
865922 0 -1
865992 7 -1
866024 2 1
866118 3 -1
866129 20 -1
866156 0 -1
866161 13 -1
866177 4 1
866202 1 -1
866237 2 1
866247 6 1
866261 0 1
866339 3 1
866355 9 1
866360 0 -1
866403 1 -1
866548 4 -1
866564 3 -1
866574 1 -1
866602 0 -1
866634 5 1
866645 10 1
866710 7 1
866712 0 -1
866712 2 -1
866774 8 -1
866806 3 -1
866833 0 -1
866938 0 1
866960 1 -1
866960 2 -1
867027 3 1
867037 0 -1
867080 5 -1
867133 1 -1
867161 0 1
867177 2 -1
867182 6 -1
867279 0 -1
867301 9 1
867306 4 -1
867330 1 1
867338 3 -1
867419 11 1
867443 2 -1
867508 0 -1
867532 5 1
867634 0 -1
867650 2 -1
867688 6 -1
867705 1 -1
867717 4 -1
867732 0 1
867784 3 -1
867866 1 -1
867897 2 -1
867978 3 1
867978 12 -1
867985 0 1
868068 1 1
868072 7 -1
868080 4 1
868091 0 -1
868128 6 -1
868128 2 1
868174 3 -1
868249 0 1
868290 10 1
868408 5 -1
868439 1 1
868542 0 -1
868580 3 1
868585 2 1
868634 8 1
868636 1 -1
868693 4 1
868693 7 -1
868693 0 1
868776 3 -1
868798 0 -1
868822 1 1
868838 2 1
868843 5 1
868897 0 1
868902 13 1
868988 3 -1
869031 0 1
869064 2 -1
869068 4 -1
869117 6 -1
869171 0 1
869182 9 1
869197 1 1
869303 0 1
869359 5 1
869378 3 -1
869380 1 -1
869410 4 1
869440 11 1
869467 7 -1
869504 6 1
869539 2 1
869559 1 -1
869590 3 -1
869604 0 1
869666 8 1
869692 10 -1
869757 0 -1
869768 2 -1
869777 4 -1
869784 3 1
869837 5 -1
869897 6 -1
869913 0 1
869938 1 -1
869980 3 -1
869999 14 -1
869999 16 1
869999 17 -1
870001 2 1
870136 1 1
870148 4 1
870149 9 1
870165 0 -1
870192 3 -1
870208 7 1
870214 12 1
870276 0 -1
870283 5 1
870309 1 1
870386 3 1
870394 0 -1
870477 2 -1
870490 1 -1
870502 4 -1
870568 8 -1
870582 3 -1
870636 0 -1
870676 1 1
870697 5 1
870719 2 1
870740 7 -1
870742 0 1
870816 6 1
870845 4 1
870849 1 1
870856 0 1
870961 2 1
870977 0 1
871004 3 1
871063 1 1
871149 5 -1
871160 0 1
871160 9 1
871186 2 -1
871197 3 -1
871259 0 -1
871288 6 1
871396 3 1
871399 0 -1
871418 2 1
871420 1 1
871504 8 1
871514 7 -1
871538 4 -1
871567 1 -1
871654 2 -1
871675 6 -1
871678 0 1
871744 1 1
871799 3 -1
871839 0 -1
871869 13 1
871874 2 1
871885 4 1
871982 0 -1
871998 3 1
872099 1 1
872132 5 1
872159 7 -1
872170 9 1
872191 12 1
872224 6 -1
872232 4 -1
872276 1 1
872278 0 1
872304 3 -1
872331 2 1
872385 10 1
872404 0 1
872428 8 -1
872470 1 -1
872530 0 1
872552 2 -1
872589 5 -1
872707 6 -1
872766 3 1
872804 2 -1
872820 0 1
872822 1 -1
872953 4 -1
872974 0 -1
872992 3 -1
873010 1 -1
873078 5 -1
873132 0 1
873180 9 1
873202 6 -1
873203 1 -1
873234 3 -1
873268 4 -1
873280 2 1
873293 0 -1
873352 15 -1
873366 1 -1
873401 0 1
873454 3 1
873481 8 -1
873492 2 1
873508 0 -1
873550 1 -1
873562 7 -1
873567 11 1
873621 6 1
873643 0 1
873659 4 1
873680 3 -1
873739 1 -1
873740 2 1
873804 10 -1
873863 0 -1
873921 1 -1
873922 3 -1
873954 5 1
873989 0 -1
874094 9 1
874105 0 -1
874142 3 1
874196 2 1
874288 7 -1
874296 1 -1
874368 0 1
874384 4 1
874406 5 -1
874438 8 -1
874443 2 1
874468 0 -1
874469 1 -1
874567 6 1
874570 0 1
874610 3 -1
874642 13 -1
874642 22 1
874674 2 -1
874685 1 -1
874728 12 1
874779 4 1
874817 0 1
874830 3 1
874857 5 1
874911 2 1
874930 0 1
874997 10 -1
875018 6 -1
875040 9 1
875045 1 1
875051 0 1
875131 2 -1
875134 7 -1
875150 4 -1
875150 0 -1
875158 16 -1
875174 3 1
875243 1 -1
875309 0 1
875384 2 -1
875424 1 -1
875451 0 1
875502 6 -1
875521 4 1
875556 0 -1
875566 3 1
875588 18 1
875609 11 1
875610 2 1
875760 5 1
875776 3 1
875784 0 -1
875787 1 -1
875876 4 -1
875881 0 1
875964 1 -1
875970 3 -1
876013 0 1
876088 2 -1
876176 1 -1
876214 4 -1
876238 0 -1
876265 5 1
876319 8 -1
876341 2 1
876349 0 -1
876351 1 1
876362 6 1
876394 3 1
876456 0 1
876533 1 -1
876561 7 -1
876566 2 -1
876590 3 -1
876617 4 1
876692 1 -1
876711 5 -1
876746 0 1
876781 6 1
876797 3 -1
876845 1 -1
876848 0 -1
876996 3 1
877018 0 -1
877042 2 1
877050 9 1
877168 0 1
877190 5 1
877192 3 -1
877202 1 1
877233 6 -1
877276 2 -1
877278 0 -1
877319 7 1
877319 8 -1
877371 4 -1
877385 1 -1
877405 3 -1
877432 0 1
877437 11 -1
877493 2 1
877556 1 -1
877601 0 -1
877700 3 -1
877706 5 1
877730 4 1
877770 10 -1
877813 0 -1
877845 12 -1
877925 1 -1
877940 7 1
877942 0 -1
877958 2 1
878007 9 1
878052 0 1
878097 1 -1
878109 4 -1
878157 6 1
878162 3 1
878206 2 1
878232 8 1
878238 5 1
878254 14 -1
878272 1 1
878340 15 -1
878345 0 -1
878388 3 -1
878431 2 -1
878477 0 -1
878630 3 -1
878649 1 1
878654 0 -1
878662 6 -1
878662 2 1
878689 5 -1
878748 9 -1
878790 4 1
878836 1 -1
878861 0 1
878899 2 -1
878983 1 1
879004 0 1
879092 6 1
879119 2 1
879167 3 -1
879174 0 1
879177 1 -1
879205 7 -1
879209 4 1
879321 0 1
879329 12 1
879366 10 -1
879370 1 -1
879372 2 1
879388 3 1
879479 0 -1
879533 6 -1
879552 1 1
879564 4 -1
879598 0 -1
879614 3 -1
879662 5 1
879733 1 1
879751 0 1
879802 13 1
879847 2 -1
879998 0 1
880003 7 -1
880027 6 1
880070 5 1
880073 2 1
880074 1 -1
880076 3 1
880100 0 1
880156 8 -1
880216 0 1
880245 4 1
880257 1 -1
880301 3 -1
880310 2 -1
880410 0 1
880414 6 -1
880447 1 1
880543 3 -1
880552 0 -1
880565 5 1
880608 4 -1
880656 7 -1
880664 0 -1
880737 10 1
880785 2 1
880812 6 1
880818 1 -1
880895 0 1
880954 4 1
880989 3 -1
881003 1 1
881011 2 -1
881019 0 1
881092 21 -1
881102 8 1
881113 9 1
881168 1 1
881194 0 1
881231 3 -1
881245 2 1
881390 7 1
881436 0 -1
881452 3 1
881489 5 1
881543 11 -1
881559 1 -1
881573 0 -1
881608 24 -1
881644 4 -1
881699 2 1
881707 0 -1
881730 1 -1
881736 12 -1
881790 6 1
881922 1 1
881941 5 -1
881941 0 1
881946 2 1
881973 9 -1
881978 3 1
881986 4 -1
882016 8 -1
882027 10 1
882051 0 -1
882107 1 -1
882156 7 -1
882169 0 -1
882177 6 -1
882177 2 -1
882204 3 -1
882289 1 1
882381 14 -1
882399 0 1
882402 4 -1
882408 2 1
882414 5 1
882446 3 -1
882446 13 -1
882450 1 1
882517 0 1
882623 0 1
882648 1 -1
882650 2 -1
882661 6 -1
882811 15 1
882841 7 1
882854 9 -1
882884 0 1
882892 3 -1
882892 2 1
883030 1 1
883040 0 -1
883069 18 1
883111 4 -1
883123 2 -1
883139 3 -1
883169 0 -1
883196 1 1
883282 0 1
883349 5 1
883381 1 -1
883405 0 1
883456 11 1
883462 7 1
883467 3 -1
883478 10 -1
883482 4 1
883596 6 1
883596 2 1
883601 0 -1
883725 0 -1
883756 1 -1
883804 4 -1
883806 5 -1
883822 2 -1
883857 3 -1
883949 1 1
883958 0 1
884053 2 1
884058 8 -1
884058 17 1
884064 0 1
884069 3 -1
884080 6 1
884095 1 -1
884185 0 -1
884262 3 1
884273 5 1
884418 0 -1
884459 3 -1
884477 4 -1
884482 1 1
884510 6 -1
884526 2 -1
884542 0 -1
884647 0 1
884659 1 -1
884671 3 -1
884703 19 1
884760 2 1
884768 5 1
884840 1 -1
884864 3 1
884865 4 -1
884865 0 -1
884897 10 1
884961 16 -1
884961 8 1
884977 0 -1
884988 2 -1
885010 7 -1
885030 1 1
885060 3 -1
885098 0 -1
885203 4 1
885219 0 -1
885227 1 -1
885262 9 1
885273 5 1
885324 0 1
885413 13 -1
885413 1 1
885441 0 1
885466 3 1
885466 6 -1
885467 2 1
885520 11 1
885590 0 -1
885598 1 1
885670 3 -1
885692 5 1
885703 2 -1
885767 7 1
885821 12 1
885861 0 1
885864 6 1
885923 2 1
885937 4 1
885969 1 1
885972 8 1
885977 3 1
885978 0 1
886084 0 -1
886154 1 1
886192 5 1
886272 6 1
886305 0 -1
886305 9 1
886320 4 1
886326 1 -1
886348 10 -1
886402 2 -1
886431 0 -1
886444 3 -1
886493 7 -1
886509 14 -1
886537 0 1
886633 2 1
886665 3 1
886694 4 -1
886694 1 1
886735 6 -1
886767 0 1
886866 0 -1
886885 2 1
886890 3 -1
886898 1 1
886918 8 -1
887020 0 1
887046 5 -1
887049 4 1
887077 1 -1
887194 0 -1
887218 6 -1
887304 0 1
887361 2 -1
887364 4 1
887412 9 -1
887428 3 -1
887430 1 1
887436 0 1
887509 5 1
887541 11 1
887557 0 1
887589 2 1
887601 1 1
887670 3 -1
887670 6 1
887678 4 1
887768 0 1
887791 1 1
887794 2 1
887880 7 1
887888 0 1
887890 3 1
887896 8 -1
887976 1 -1
887987 0 -1
888024 5 1
888049 4 -1
888116 3 -1
888172 1 -1
888186 6 -1
888229 12 -1
888250 2 1
888280 0 1
888347 1 -1
888358 3 -1
888401 0 1
888498 2 1
888537 1 1
888554 0 -1
888621 3 -1
888645 7 1
888726 2 -1
888738 4 1
888799 0 1
888831 8 1
888899 1 1
888906 3 1
888906 0 -1
888944 5 1
888949 6 -1
889040 0 1
889041 10 -1
889093 1 -1
889109 4 -1
889180 0 1
889202 2 1
889266 1 1
889306 0 -1
889314 3 -1
889355 7 -1
889411 9 1
889433 2 -1
889438 5 -1
889438 0 -1
889454 6 -1
889492 4 1
889508 3 1
889562 11 1
889645 0 1
889645 1 1
889669 2 1
889704 3 -1
889806 1 1
889863 8 1
889884 5 1
889890 2 -1
889914 0 -1
889959 6 -1
889996 1 -1
890032 0 -1
890126 3 1
890142 2 -1
890156 0 -1
890217 4 -1
890320 3 -1
890367 1 1
890368 2 1
890379 23 1
890379 17 -1
890381 0 1
890443 10 1
890492 0 1
890518 3 1
890552 1 -1
890588 4 1
890591 0 -1
890618 2 1
890709 7 1
890721 1 -1
890776 9 1
890841 5 -1
890841 6 1
890852 0 -1
890921 3 -1
890963 4 -1
890989 0 -1
891024 13 -1
891066 15 -1
891067 18 1
891077 2 1
891084 1 1
891120 3 1
891131 12 1
891152 20 1
891153 16 -1
891161 0 -1
891290 1 1
891292 6 -1
891306 2 -1
891314 5 1
891319 0 1
891330 3 1
891410 7 -1
891478 0 -1
891483 1 -1
891523 3 -1
891561 2 -1
891596 0 -1
891604 11 1
891693 4 -1
891722 3 1
891749 0 1
891787 5 -1
891797 6 -1
891798 8 -1
891854 1 -1
891862 10 -1
891932 3 1
891988 0 -1
892009 1 -1
892011 4 -1
892050 2 -1
892072 7 -1
892101 0 1
892125 3 -1
892162 1 -1
892184 9 1
892217 0 -1
892273 2 1
892303 5 -1
892418 4 -1
892437 0 -1
892502 2 -1
892521 1 -1
892550 0 1
892636 3 -1
892668 0 1
892700 1 -1
892743 8 1
892765 5 1
892821 4 -1
892840 6 1
892856 3 1
892862 7 1
892894 1 1
892956 0 -1
892974 2 1
893069 0 1
893082 3 -1
893160 4 -1
893200 2 -1
893238 5 -1
893265 0 -1
893273 1 1
893356 6 1
893396 0 -1
893431 2 1
893446 1 1
893494 4 1
893509 0 1
893517 11 -1
893544 3 1
893611 7 1
893664 1 1
893668 2 -1
893689 0 1
893700 8 1
893716 5 -1
893732 13 1
893759 3 -1
893772 4 -1
893821 0 1
893849 1 -1
893888 2 1
893915 6 -1
893958 3 1
894024 1 1
894036 0 -1
894119 9 1
894141 2 1
894208 0 -1
894208 1 1
894232 7 1
894313 6 1
894325 0 -1
894361 3 -1
894366 2 -1
894387 1 -1
894560 3 1
894575 4 1
894635 0 -1
894646 5 -1
894721 14 -1
894739 0 1
894753 6 1
894764 10 -1
894768 1 -1
894770 3 1
894837 0 -1
894842 2 1
894861 7 1
894933 4 -1
894936 15 -1
894958 1 1
895022 26 -1
895065 12 1
895068 0 -1
895079 2 -1
895130 9 1
895153 1 -1
895162 3 1
895178 5 -1
895194 6 1
895208 0 -1
895280 4 1
895307 2 1
895345 0 -1
895371 3 1
895514 0 -1
895518 1 -1
895538 17 1
895565 3 -1
895629 5 1
895635 0 -1
895689 8 -1
895695 1 -1
895772 0 -1
895774 6 -1
895780 2 -1
895796 19 -1
895901 1 1
895925 0 1
895973 3 1
896010 4 1
896011 2 1
896119 10 1
896167 3 -1
896205 9 -1
896215 0 -1
896244 1 -1
896248 7 1
896248 2 -1
896366 3 1
896366 0 1
896401 4 -1
896421 1 1
896535 0 -1
896548 5 1
896570 21 -1
896570 16 1
896622 1 -1
896634 13 -1
896667 8 -1
896699 6 -1
896720 2 1
896769 3 -1
896771 4 1
896792 1 -1
896798 0 -1
896892 12 1
896933 0 -1
896952 2 -1
896968 3 1
896973 7 -1
896981 1 1
897000 5 -1
897083 0 1
897086 6 1
897169 1 -1
897177 3 1
897183 2 1
897309 0 -1
897324 1 -1
897403 2 -1
897443 0 -1
897473 10 -1
897497 4 1
897516 5 -1
897559 11 -1
897559 0 -1
897602 8 1
897645 6 -1
897656 2 -1
897661 3 -1
897682 7 1
897719 1 -1
897828 4 1
897881 0 1
897882 2 1
897903 3 -1
897912 1 -1
897990 0 -1
898076 1 -1
898098 0 1
898123 3 1
898131 2 1
898150 4 1
898225 9 1
898349 3 -1
898365 0 -1
898430 5 -1
898458 1 -1
898521 4 -1
898529 0 1
898537 6 -1
898591 3 -1
898591 2 1
898630 1 -1
898661 0 1
898806 12 1
898811 1 1
898819 2 -1
898849 14 -1
898881 3 -1
898924 0 -1
898932 4 -1
898945 5 -1
899037 0 -1
899048 2 1
899064 6 1
899126 7 1
899134 3 1
899152 0 -1
899162 1 -1
899327 4 1
899351 1 1
899384 0 1
899456 6 -1
899461 5 -1
899494 15 1
899500 0 1
899504 9 1
899515 8 -1
899526 3 1
899526 2 -1
899545 1 -1
899601 11 -1
899607 0 -1
899650 4 1
899714 0 -1
899736 3 1
899738 1 1
899762 2 1
899794 20 -1
899867 0 1
899907 5 1
899908 1 1
899929 3 -1
899964 7 1
899983 2 -1
900011 0 1
900087 1 -1
900112 0 -1
900182 10 -1
900270 1 1
900327 4 -1
900332 5 1
900354 3 1
900375 0 -1
900407 6 -1
900461 2 1
900510 0 1
900550 3 -1
900590 8 -1
900633 9 -1
900657 1 1
900673 0 1
900681 4 1
900711 2 1
900714 7 -1
900762 3 -1
900773 5 -1
900814 1 1
900891 6 -1
900899 0 -1
900923 2 1
900996 1 1
901012 4 -1
901017 0 -1
901114 0 1
901152 3 -1
901289 5 -1
901337 0 -1
901348 6 -1
901359 10 -1
901364 3 -1
901367 1 1
901399 2 -1
901471 11 1
901472 0 1
901514 8 1
901557 3 1
901562 1 -1
901582 0 -1
901627 2 1
901692 0 -1
901754 3 -1
901754 1 1
901782 4 -1
901790 0 1
901880 2 1
901896 0 -1
901912 6 1
901966 3 -1
902030 0 1
902052 13 -1
902068 7 -1
902149 1 1
902159 3 1
902165 4 1
902251 5 1
902259 0 -1
902336 1 -1
902356 3 -1
902364 6 -1
902377 0 -1
902388 2 -1
902474 0 1
902520 1 -1
902525 9 -1
902556 4 -1
902595 2 -1
902611 8 1
902705 1 1
902713 7 -1
902724 5 -1
902753 0 1
902767 3 1
902778 10 1
902842 2 -1
902847 6 -1
902882 0 1
902892 1 -1
902960 3 -1
902976 14 -1
902992 0 -1
903078 1 1
903159 3 1
903202 5 1
903239 1 1
903273 0 1
903293 2 -1
903326 4 1
903326 6 -1
903397 0 1
903406 12 -1
903503 0 1
903511 7 -1
903525 2 1
903562 3 -1
903618 1 1
903624 0 -1
903643 8 1
903664 9 1
903700 4 -1
903737 0 1
903761 2 -1
903779 1 1
903868 3 1
903877 0 1
903973 1 -1
903998 0 1
904011 4 -1
904089 3 -1
904126 5 1
904159 6 1
904180 10 -1
904234 2 1
904317 0 1
904337 1 -1
904460 2 -1
904462 0 -1
904535 1 1
904551 3 1
904589 5 -1
904621 6 1
904637 0 -1
904664 9 1
904696 1 1
904707 8 1
904710 2 -1
904712 4 1
904777 3 -1
904841 0 1
904868 12 -1
904935 2 1
904986 0 1
905008 6 -1
905019 3 -1
905035 7 1
905047 1 -1
905067 4 -1
905083 13 -1
905088 5 -1
905172 2 -1
905174 0 1
905228 1 1
905239 3 1
905400 2 1
905426 1 1
905427 11 -1
905465 3 -1
905467 0 1
905478 4 -1
905556 8 1
905611 1 1
905613 0 1
905631 10 -1
905648 2 1
905706 3 -1
905728 7 1
905771 0 -1
905784 1 1
905793 9 -1
905905 0 1
905927 3 1
905954 1 -1
905975 6 -1
906053 0 1
906083 5 1
906104 2 1
906125 1 -1
906147 4 -1
906233 0 1
906341 2 -1
906344 0 -1
906389 7 -1
906394 3 -1
906486 4 1
906514 1 -1
906523 6 1
906534 5 -1
906561 2 1
906599 0 -1
906696 1 -1
906709 0 1
906712 3 1
906738 12 -1
906760 16 -1
906760 9 -1
906843 0 1
906857 4 -1
906885 1 1
906889 18 -1
906910 6 -1
906932 3 1
907007 5 1
907039 2 -1
907117 0 -1
907147 10 1
907230 0 1
907278 1 -1
907292 2 -1
907335 0 -1
907340 3 -1
907448 11 -1
907453 1 -1
907470 8 -1
907496 5 1
907496 2 -1
907534 3 1
907606 1 -1
907625 0 1
907671 4 1
907711 7 1
907727 17 -1
907730 3 -1
907738 0 -1
907792 13 1
907848 0 1
907878 9 1
907921 19 -1
907932 6 -1
907953 5 -1
907975 2 1
908014 1 1
908028 0 1
908034 4 -1
908152 3 1
908192 0 1
908199 1 -1
908206 2 -1
908340 4 -1
908345 3 -1
908348 7 1
908348 0 -1
908374 1 1
908437 5 1
908442 2 1
908448 8 -1
908466 0 -1
908490 6 1
908501 10 -1
908544 3 1
908554 1 1
908695 2 -1
908723 1 1
908786 0 -1
908894 6 -1
908915 2 1
908916 1 -1
908920 0 -1
908931 9 -1
908947 3 -1
908958 5 1
909020 0 1
909066 7 -1
909102 4 1
909110 1 1
909160 2 1
909259 3 1
909318 6 -1
909318 12 -1
909329 0 1
909388 2 -1
909394 8 1
909453 0 -1
909477 4 -1
909481 1 1
909485 3 -1
909512 11 -1
909584 0 1
909650 1 1
909716 6 1
909799 4 -1
909823 5 -1
909848 1 -1
909850 2 -1
909877 0 -1
909947 3 1
910024 0 1
910098 2 -1
910151 0 1
910173 3 -1
910178 4 1
910235 1 -1
910256 0 -1
910286 6 -1
910329 5 -1
910329 15 -1
910329 2 1
910374 0 1
910412 1 1
910415 3 -1
910468 7 1
910501 4 1
910556 0 1
910565 13 -1
910599 1 -1
910678 0 1
910726 6 1
910769 5 1
910786 2 1
910823 4 1
910861 3 -1
910949 0 1
910972 1 1
911027 9 1
911038 2 1
911081 0 1
911102 3 -1
911158 1 -1
911178 4 -1
911178 7 -1
911232 14 -1
911248 0 1
911264 2 -1
911275 10 -1
911323 3 1
911355 1 1
911414 8 1
911490 12 1
911528 1 1
911546 0 -1
911664 0 -1
911683 6 1
911714 1 -1
911731 5 -1
911740 2 1
911790 3 -1
911852 0 -1
911871 4 1
911911 1 1
911920 7 1
911968 2 -1
912011 3 1
912085 1 1
912156 0 1
912202 2 1
912210 5 1
912237 3 -1
912242 6 -1
912262 4 1
912285 8 1
912301 0 -1
912317 9 1
912435 16 1
912454 0 1
912457 2 1
912468 1 1
912478 3 -1
912564 10 -1
912572 4 1
912624 0 1
912641 1 1
912685 2 -1
912699 3 1
912720 5 1
912758 6 -1
912763 0 1
912822 1 -1
912823 17 -1
912895 0 1
912908 21 1
912914 2 1
912924 3 -1
913062 0 -1
913123 9 -1
913161 2 1
913166 3 -1
913213 1 -1
913279 0 1
913295 8 1
913338 4 1
913338 7 1
913381 11 1
913407 1 -1
913427 0 1
913500 13 -1
913575 6 1
913586 0 -1
913596 1 1
913596 2 -1
913688 5 -1
913693 3 -1
913741 4 1
913817 2 1
913836 0 1
913870 10 1
913913 3 1
913923 1 1
913951 7 1
913983 12 1
914010 0 1
914064 2 1
914104 1 1
914112 20 1
914112 5 -1
914112 6 -1
914132 4 -1
914139 3 -1
914163 0 -1
914290 1 -1
914408 0 1
914531 5 1
914532 2 1
914564 6 1
914593 0 -1
914601 3 1
914628 24 1
914644 7 -1
914697 1 1
914699 0 1
914752 2 -1
914870 4 -1
914914 1 1
914940 3 1
915004 2 -1
915045 0 -1
915047 5 1
915100 1 -1
915136 3 -1
915144 15 1
915160 0 -1
915233 4 1
915241 7 -1
915252 8 -1
915273 0 -1
915359 14 -1
915424 11 1
915455 1 1
915480 2 1
915531 9 1
915536 5 -1
915542 3 1
915569 0 1
915588 4 -1
915612 1 1
915660 18 1
915692 2 1
915725 6 1
915725 0 -1
915738 3 -1
915801 1 -1
915867 0 1
915910 4 -1
915934 7 1
915940 2 1
915950 3 -1
916036 5 1
916109 0 1
916144 3 1
916144 1 1
916155 8 1
916214 0 -1
916240 13 1
916262 12 -1
916309 4 -1
916313 1 1
916340 3 -1
916348 0 1
916359 6 -1
916396 2 1
916445 9 1
916492 1 -1
916531 5 1
916539 7 1
916552 3 -1
916568 0 -1
916644 4 -1
916644 2 1
916666 0 1
916746 3 1
916773 0 -1
916821 10 1
916842 6 -1
916861 1 1
916875 2 -1
916891 0 -1
917006 4 -1
917014 0 -1
917053 1 -1
917135 0 -1
917160 3 -1
917176 8 1
917236 1 -1
917246 0 -1
917248 7 -1
917332 2 -1
917401 5 -1
917422 1 1
917450 3 -1
917466 17 1
917479 0 1
917487 11 1
917584 2 -1
917607 1 -1
917646 0 1
917692 3 -1
917708 6 1
917724 4 1
917724 9 1
917767 0 1
917788 1 1
917810 2 1
917853 16 -1
917885 5 -1
917985 0 -1
917986 1 -1
918081 0 1
918083 4 -1
918116 6 -1
918138 3 -1
918143 10 -1
918197 8 1
918205 0 1
918272 2 1
918304 5 -1
918365 1 -1
918380 3 -1
918425 4 1
918433 0 1
918514 2 1
918548 1 1
918557 0 1
918600 3 1
918656 0 -1
918659 7 -1
918680 6 1
918716 1 1
918756 25 1
918756 2 -1
918775 0 -1
918898 0 -1
919000 0 1
919014 13 -1
919117 0 1
919121 1 -1
919121 8 -1
919137 3 1
919143 4 1
919213 5 -1
919223 2 -1
919312 1 1
919320 7 -1
919342 0 -1
919363 3 -1
919401 11 -1
919446 0 -1
919457 2 1
919473 4 1
919481 10 1
919487 14 -1
919518 1 -1
919565 0 1
919605 3 -1
919616 6 -1
919659 9 1
919686 2 -1
919702 5 1
919788 0 -1
919825 3 1
919880 1 1
919909 4 1
919933 2 -1
919940 0 1
920046 0 1
920062 7 -1
920074 1 -1
920089 3 1
920094 6 -1
920110 8 -1
920132 15 1
920164 2 1
920180 5 1
920267 1 -1
920293 0 1
920382 3 -1
920400 2 -1
920437 1 -1
920449 0 -1
920519 6 -1
920559 0 1
920594 3 -1
920621 2 1
920646 4 1
920652 1 -1
920699 0 1
920734 12 -1
920755 9 -1
920814 1 -1
920820 0 1
920930 0 -1
920983 3 -1
921005 1 1
921021 4 -1
921024 5 -1
921064 0 -1
921099 2 -1
921131 8 -1
921196 3 -1
921287 0 1
921330 2 1
921354 1 -1
921389 3 1
921405 0 -1
921420 4 -1
921421 11 -1
921486 6 -1
921497 5 1
921497 7 1
921525 1 -1
921536 0 1
921575 2 1
921702 1 1
921739 4 -1
921760 0 -1
921798 3 1
921884 0 -1
921916 9 1
921927 6 1
921982 0 1
922007 3 1
922023 5 1
922037 2 1
922073 1 -1
922085 4 -1
922201 3 -1
922206 0 -1
922259 1 1
922265 2 -1
922279 7 1
922316 0 -1
922367 22 -1
922400 6 1
922400 10 1
922408 4 -1
922435 0 -1
922440 1 1
922513 2 -1
922609 3 1
922676 0 -1
922779 4 1
922783 0 1
922803 3 -1
922807 1 1
922910 0 1
922948 5 1
922969 12 1
922980 7 1
922980 9 -1
922988 1 1
922991 8 -1
922996 2 1
923002 3 1
923012 16 1
923178 1 -1
923211 3 1
923214 0 1
923222 2 -1
923270 11 1
923346 0 1
923383 5 -1
923383 1 1
923405 3 -1
923442 6 -1
923453 2 1
923493 0 -1
923569 4 -1
923577 1 -1
923604 3 1
923614 14 -1
923703 2 1
923762 1 1
923786 10 -1
923792 0 1
923813 3 1
923835 5 1
923872 6 1
923907 2 1
923919 4 1
923931 1 1
923937 0 1
924044 8 -1
924098 9 1
924111 0 1
924130 2 -1
924246 4 1
924275 3 -1
924310 1 1
924345 18 -1
924367 2 1
924388 6 -1
924420 0 1
924431 7 1
924492 1 -1
924517 3 -1
924587 0 -1
924673 1 -1
924711 0 -1
924721 13 1
924738 3 1
924738 5 1
924775 6 1
924840 2 -1
924861 0 1
924939 4 -1
925030 0 -1
925032 1 -1
925044 7 1
925055 9 1
925065 2 1
925130 8 1
925143 0 1
925178 3 1
925189 5 -1
925213 1 -1
925221 10 1
925243 0 -1
925248 11 1
925248 6 1
925315 2 1
925354 4 -1
925378 1 1
925393 3 1
925471 0 -1
925568 0 1
925587 3 -1
925646 5 1
925657 12 1
925665 4 -1
925689 7 1
925737 0 1
925753 6 1
925765 1 1
925775 2 1
925941 1 -1
925995 3 1
925995 0 1
926003 2 -1
926108 1 -1
926173 0 1
926173 9 -1
926189 3 -1
926232 2 1
926248 6 1
926277 0 -1
926285 1 -1
926388 3 1
926398 4 1
926398 10 1
926479 7 1
926483 1 -1
926495 23 -1
926500 0 1
926570 5 1
926597 3 1
926613 0 -1
926688 1 1
926710 2 -1
926729 4 -1
926750 0 -1
926790 3 -1
926876 1 -1
926909 0 1
926946 2 1
926989 3 1
927038 5 -1
927067 0 -1
927076 8 1
927096 4 1
927167 2 -1
927172 7 1
927183 21 1
927186 0 -1
927199 3 1
927208 1 -1
927215 6 1
927374 0 -1
927394 1 1
927414 4 1
927419 2 -1
927527 13 -1
927538 5 1
927575 1 1
927634 3 -1
927645 2 1
927667 6 -1
927704 0 1
927728 4 1
927736 10 -1
927742 14 -1
927822 0 -1
927882 7 -1
927895 2 1
927908 3 -1
927950 1 1
927981 0 1
928064 9 -1
928086 8 1
928132 1 1
928134 2 -1
928148 4 1
928150 3 -1
928270 0 1
928313 1 -1
928333 6 -1
928379 0 1
928462 7 -1
928481 0 -1
928484 5 -1
928494 4 1
928596 3 -1
928613 2 -1
928672 1 1
928688 16 -1
928715 0 1
928838 3 -1
928844 2 1
928876 0 -1
928885 1 1
928956 5 1
929029 0 -1
929059 3 1
929059 1 1
929064 2 -1
929086 8 1
929107 10 1
929131 0 1
929172 9 1
929204 11 -1
929228 1 -1
929241 0 1
929260 4 -1
929343 6 -1
929395 0 -1
929401 1 -1
929419 5 -1
929419 15 1
929497 0 1
929540 2 1
929585 3 1
929591 1 1
929607 4 -1
929776 2 -1
929780 1 -1
929787 0 -1
929811 3 -1
929900 0 -1
929913 7 -1
929918 5 -1
929937 4 1
929999 6 -1
930002 0 1
930005 2 1
930053 3 -1
930139 1 1
930273 3 1
930300 13 1
930332 1 -1
930338 0 1
930397 10 1
930408 5 1
930440 6 1
930448 0 -1
930451 9 1
930478 2 -1
930488 3 -1
930538 1 -1
930588 0 -1
930623 17 1
930639 7 1
930663 4 1
930687 3 1
930709 2 1
930880 19 1
930897 3 1
930897 1 1
930899 0 -1
930907 5 1
930945 2 -1
930945 8 1
931036 0 -1
931042 4 -1
931052 12 -1
931084 1 -1
931165 2 1
931206 0 -1
931231 1 1
931246 11 -1
931289 3 1
931321 5 1
931348 7 -1
931417 4 1
931418 2 1
931499 3 1
931504 6 -1
931504 0 1
931618 1 -1
931633 0 1
931644 2 -1
931692 3 -1
931762 0 1
931800 1 1
931869 14 -1
931894 2 -1
931945 6 1
931981 1 1
931982 0 1
932052 8 -1
932128 0 1
932162 1 -1
932170 3 -1
932211 4 -1
932259 0 -1
932278 5 -1
932322 1 -1
932356 2 -1
932391 3 1
932396 6 -1
932471 15 -1
932472 9 1
932505 1 -1
932514 0 -1
932549 4 -1
932584 2 1
932616 3 -1
932633 0 -1
932686 7 1
932694 1 1
932740 5 1
932778 0 1
932832 2 1
932884 4 1
932978 0 1
932998 8 1
933052 6 -1
933065 1 -1
933079 3 1
933084 0 -1
933224 11 -1
933251 0 -1
933251 1 1
933267 5 1
933271 4 -1
933283 7 1
933288 2 1
933304 3 -1
933364 10 -1
933412 0 1
933416 1 1
933460 12 1
933492 6 1
933517 2 -1
933538 0 -1
933546 3 -1
933568 9 -1
933605 4 -1
933697 0 1
933745 2 1
933767 3 1
933804 0 -1
933807 1 -1
933944 6 -1
933952 7 -1
933978 1 -1
933980 4 -1
933992 3 -1
934062 0 -1
934170 1 1
934180 5 1
934202 0 1
934226 2 -1
934234 3 -1
934335 4 -1
934377 0 1
934455 3 1
934465 2 1
934471 9 -1
934537 1 1
934557 6 -1
934648 5 -1
934670 0 -1
934694 1 1
934702 2 -1
934750 16 -1
934782 10 1
934793 0 1
934836 8 1
934867 1 1
934898 0 -1
934933 2 1
934992 4 1
935019 3 -1
935069 1 -1
935105 5 1
935140 0 -1
935169 2 -1
935237 0 1
935266 28 1
935268 1 -1
935277 3 -1
935322 4 1
935352 0 1
935379 7 -1
935390 2 1
935440 1 -1
935473 0 1
935497 3 1
935581 0 -1
935625 1 1
935642 6 1
935642 2 1
935677 4 -1
935699 0 -1
935817 0 -1
935847 8 1
935984 7 -1
935986 1 1
935997 14 -1
936029 0 1
936035 3 1
936040 13 -1
936062 5 -1
936099 2 1
936137 0 -1
936169 15 -1
936181 1 -1
936201 10 -1
936234 6 -1
936258 0 -1
936266 3 1
936342 1 -1
936344 2 1
936362 4 1
936475 3 1
936492 0 -1
936534 5 1
936556 12 -1
936572 2 -1
936610 0 -1
936674 6 1
936685 17 1
936701 4 -1
936737 1 1
936784 0 1
936792 8 -1
936857 9 1
936862 7 -1
936868 3 1
936882 1 -1
937029 0 1
937034 2 -1
937072 4 1
937072 5 1
937076 1 1
937077 3 1
937093 11 1
937193 0 -1
937271 3 -1
937282 2 -1
937294 0 1
937330 27 -1
937435 0 1
937455 1 1
937513 5 -1
937513 2 1
937596 0 -1
937628 7 -1
937632 1 1
937679 3 1
937725 0 1
937741 4 -1
937781 6 -1
937814 1 -1
937857 9 1
937873 3 -1
937875 0 1
937970 2 1
938023 5 -1
938072 3 1
938128 4 1
938166 0 -1
938176 1 1
938222 2 1
938279 0 1
938362 7 1
938370 1 -1
938394 6 1
938400 0 1
938459 5 1
938459 2 -1
938475 3 -1
938539 4 -1
938555 1 1
938620 0 1
938663 9 -1
938674 3 1
938679 2 1
938727 0 -1
938749 13 1
938803 8 -1
938878 0 1
938883 3 1
938894 4 1
938910 5 -1
938921 6 1
938926 1 -1
938932 2 1
939007 11 -1
939104 10 -1
939120 7 -1
939122 0 -1
939124 1 -1
939157 2 -1
939265 4 -1
939275 3 1
939308 0 -1
939325 1 1
939383 2 1
939449 0 1
939485 3 1
939628 0 1
939672 4 -1
939679 3 -1
939694 1 1
939727 6 -1
939754 0 1
939759 8 1
939802 9 1
939821 7 1
939834 2 1
939865 1 1
939891 0 1
939894 5 1
940055 4 1
940055 1 1
940066 0 1
940084 2 1
940103 3 1
940114 6 1
940232 16 1
940297 2 1
940299 3 -1
940329 10 -1
940366 5 -1
940375 0 1
940436 1 -1
940501 6 -1
940512 3 -1
940512 12 1
940541 0 1
940611 1 -1
940643 0 -1
940662 8 -1
940705 3 1
940772 2 -1
940801 1 1
940804 4 1
940861 5 1
940866 9 -1
940893 0 -1
940978 1 -1
941001 2 1
941017 3 -1
941017 0 -1
941114 6 1
941127 4 1
941140 0 -1
941163 1 1
941175 7 -1
941221 11 1
941237 3 1
941248 2 1
941357 1 -1
941372 0 -1
941463 3 -1
941474 4 -1
941476 0 1
941484 6 -1
941522 13 -1
941530 1 1
941595 0 1
941630 18 -1
941651 10 1
941716 2 1
941748 5 1
941748 7 -1
941756 0 -1
941893 0 1
941909 1 1
941925 3 1
941936 2 -1
941984 9 1
941992 0 -1
942006 6 -1
942070 1 1
942094 0 1
942102 17 1
942151 3 -1
942188 2 -1
942191 4 1
942210 5 -1
942260 1 -1
942331 0 1
942393 3 -1
942414 2 1
942436 0 -1
942489 6 -1
942506 7 1
942538 4 -1
942565 0 1
942597 8 1
942630 1 1
942640 12 -1
942664 2 1
942683 5 1
942785 0 -1
942816 1 -1
942876 2 1
942890 0 1
942892 4 1
942914 3 -1
942941 9 1
942997 0 -1
942998 1 1
943005 19 1
943124 3 1
943124 2 1
943215 0 -1
943325 0 -1
943333 3 1
943360 1 -1
943392 20 1
943426 0 1
943500 8 -1
943529 1 -1
943575 5 1
943578 0 -1
943580 2 1
943602 4 1
943701 0 -1
943715 1 1
943720 6 -1
943726 3 1
943779 14 1
943779 7 -1
943820 0 1
943833 2 1
943896 1 -1
943924 4 1
943935 3 1
943959 0 1
944026 5 -1
944075 2 -1
944086 1 1
944129 3 -1
944145 6 -1
944199 10 -1
944228 0 1
944275 4 -1
944275 1 -1
944327 3 1
944399 0 1
944469 1 1
944497 7 1
944521 5 -1
944521 0 1
944532 8 -1
944534 2 -1
944537 3 1
944654 4 1
944704 6 -1
944730 3 -1
944763 2 1
944819 1 -1
944833 11 1
944843 0 -1
944897 12 -1
944897 15 -1
944929 3 1
944956 0 -1
944983 5 1
944989 1 1
945010 2 1
945029 4 -1
945072 0 -1
945182 7 -1
945194 1 -1
945198 9 1
945327 0 -1
945351 3 -1
945359 4 1
945424 10 -1
945437 0 -1
945467 2 1
945488 5 1
945564 3 -1
945577 1 1
945617 0 -1
945674 4 1
945703 2 -1
945738 1 1
945746 6 -1
945757 3 1
945800 0 -1
945912 1 1
945924 2 1
945940 5 -1
945945 0 1
946064 0 -1
946182 3 -1
946209 9 1
946262 0 1
946273 6 1
946297 1 -1
946331 4 -1
946380 3 1
946402 5 1
946402 2 -1
946482 1 1
946493 0 1
946510 8 1
946590 3 1
946617 21 1
946617 22 -1
946628 0 1
946645 1 1
946652 2 -1
946653 4 -1
946660 6 -1
946698 7 -1
946778 10 1
946789 0 -1
946837 1 -1
946878 2 1
946896 11 1
946961 12 1
946982 3 1
946996 4 1
947024 1 1
947055 0 -1
947169 1 -1
947192 3 1
947198 0 1
947284 9 -1
947308 0 -1
947343 2 1
947348 5 1
947363 1 1
947386 3 -1
947391 13 1
947412 8 -1
947464 7 -1
947525 0 -1
947584 3 1
947590 2 1
947649 0 1
947705 4 -1
947717 1 -1
947748 0 -1
947794 3 1
947810 6 1
947816 2 -1
947864 5 1
947907 14 1
947933 1 -1
947987 3 -1
948012 0 -1
948100 4 1
948116 7 -1
948117 10 -1
948118 1 1
948168 0 1
948186 3 1
948262 5 1
948283 2 -1
948294 0 1
948401 6 -1
948423 8 -1
948475 4 -1
948503 1 1
948504 2 1
948568 0 1
948622 3 -1
948673 1 1
948678 0 -1
948724 11 -1
948756 2 1
948790 0 1
948858 1 -1
948864 3 -1
948971 6 1
948982 12 1
949014 0 -1
949025 15 -1
949084 3 1
949138 0 1
949218 2 1
949229 1 1
949253 4 1
949264 0 1
949283 5 1
949304 9 1
949326 10 -1
949369 8 1
949433 1 1
949439 2 -1
949525 0 -1
949527 7 -1
949551 3 -1
949612 1 -1
949636 4 -1
949648 0 -1
949675 2 1
949713 18 -1
949745 5 -1
949746 0 1
949772 3 1
949826 6 -1
949871 0 1
949941 2 1
949946 4 -1
949955 1 1
949995 0 1
949998 3 -1
950094 0 -1
950108 1 1
950148 2 1
950207 5 1
950229 6 1
950229 17 -1
950234 0 1
950269 7 1
950293 1 -1
950336 8 1
950390 13 1
950401 2 1
950465 9 -1
950530 0 -1
950594 3 -1
950626 2 -1
950632 1 1
950634 0 -1
950636 4 1
950758 0 -1
950814 3 1
950821 1 -1
950830 11 -1
950863 6 -1
950954 4 1
950995 0 1
951003 10 -1
951019 1 1
951040 3 -1
951089 30 1
951094 5 1
951102 2 1
951107 7 1
951110 0 1
951260 12 -1
951277 0 -1
951282 8 -1
951287 3 -1
951325 4 -1
951330 2 -1
951390 16 1
951390 1 1
951454 9 -1
951545 5 -1
951559 0 1
951564 2 1
951579 1 -1
951615 3 -1
951734 0 1
951768 1 1
951809 3 1
951892 0 -1
951959 6 1
951991 15 1
952005 3 -1
952005 0 -1
952022 4 -1
952034 5 1
952035 14 1
952040 2 -1
952126 0 -1
952139 1 1
952231 0 1
952271 2 1
952292 8 -1
952325 1 -1
952349 0 1
952400 6 1
952405 4 1
952411 3 1
952438 10 1
952486 1 -1
952507 2 -1
952534 7 1
952596 0 -1
952607 3 -1
952700 1 -1
952709 0 1
952712 4 1
952808 23 1
952816 0 -1
952819 3 -1
952851 11 -1
952885 1 1
952937 5 1
952980 2 1
953002 6 -1
953023 0 -1
953070 1 -1
953099 13 -1
953136 0 -1
953206 2 -1
953209 3 -1
953256 1 1
953287 0 1
953292 7 -1
953421 3 -1
953432 12 1
953437 2 1
953441 4 1
953442 5 -1
953526 0 -1
953593 9 -1
953598 1 1
953614 3 1
953633 0 1
953682 2 1
953733 0 -1
953780 1 -1
953796 4 -1
953846 0 -1
953894 5 1
953910 2 -1
953958 0 1
953969 7 1
953969 1 1
954023 3 -1
954077 0 1
954102 4 -1
954144 2 1
954163 6 -1
954216 3 1
954217 0 1
954335 8 -1
954336 1 -1
954356 19 -1
954391 2 1
954413 3 -1
954492 0 -1
954509 1 -1
954625 3 -1
954648 0 1
954691 1 1
954743 11 1
954743 6 1
954743 9 1
954767 4 -1
954805 0 -1
954818 3 1
954851 2 1
954861 5 -1
955015 3 -1
955055 2 1
955093 0 1
955094 1 -1
955150 4 1
955227 3 -1
955254 0 -1
955259 7 -1
955271 1 1
955302 2 1
955324 10 1
955345 6 -1
955350 5 -1
955356 8 -1
955359 0 -1
955455 1 -1
955509 4 -1
955608 1 -1
955622 0 -1
955630 3 -1
955743 9 1
955759 2 1
955771 1 -1
955797 0 -1
955823 5 1
955829 3 1
955856 4 1
955904 13 1
955904 7 -1
955926 0 -1
955956 1 1
956006 2 1
956038 3 1
956063 0 -1
956110 1 1
956210 4 1
956221 0 1
956237 2 -1
956313 8 1
956329 0 -1
956398 6 -1
956427 0 1
956485 1 1
956537 4 -1
956549 17 1
956554 3 1
956690 1 -1
956694 0 -1
956694 2 -1
956710 10 -1
956718 7 -1
956780 3 -1
956799 0 -1
956807 11 1
956818 5 -1
956872 9 -1
956877 6 -1
956879 4 -1
956880 1 1
956896 0 1
956947 2 -1
957022 3 -1
957065 16 -1
957127 0 -1
957172 2 1
957260 1 1
957264 5 1
957301 6 -1
957307 0 -1
957366 12 1
957417 0 1
957422 2 1
957452 1 -1
957468 3 -1
957609 1 -1
957635 2 1
957682 4 1
957699 6 1
957705 0 1
957710 3 -1
957731 5 -1
957823 0 -1
957839 9 -1
957882 2 1
957930 3 1
957933 0 -1
957956 1 1
957968 7 -1
958052 4 -1
958078 0 1
958097 10 1
958110 2 -1
958147 1 -1
958156 3 -1
958172 6 1
958223 0 -1
958237 8 -1
958327 1 1
958363 4 -1
958376 0 1
958398 3 -1
958472 1 -1
958486 0 -1
958516 13 -1
958586 2 1
958618 3 1
958624 6 1
958645 5 -1
958661 7 1
958665 1 1
958734 0 1
958817 2 -1
958828 18 1
958844 3 -1
958844 0 1
958847 1 -1
958957 9 1
958962 0 -1
959027 6 -1
959032 4 1
959044 1 1
959054 2 1
959086 15 -1
959161 5 -1
959168 0 1
959215 12 1
959258 8 -1
959290 0 1
959371 7 -1
959387 4 -1
959397 3 1
959415 1 -1
959438 0 -1
959548 2 -1
959588 1 1
959607 3 1
959645 5 1
959725 0 1
959766 4 1
959770 1 -1
959790 2 1
959800 3 -1
959836 0 -1
959964 0 -1
960010 9 -1
960016 2 -1
960042 6 -1
960085 5 -1
960096 7 1
960163 0 1
960165 1 -1
960182 8 1
960209 3 1
960282 0 1
960290 14 1
960350 1 1
960397 0 -1
960402 3 -1
960467 4 1
960472 2 -1
960494 6 -1
960510 0 -1
960519 1 1
960547 20 1
960569 5 1
960601 3 1
960676 11 -1
960693 2 1
960773 4 1
960773 0 1
960858 1 -1
960886 7 1
960921 0 1
960945 2 1
961004 5 -1
961021 0 -1
961023 3 -1
961064 13 -1
961074 1 -1
961096 6 1
961116 4 -1
961160 10 -1
961171 2 -1
961193 17 -1
961235 3 -1
961265 1 1
961292 0 1
961391 0 -1
961421 2 -1
961426 4 -1
961429 3 1
961450 12 -1
961515 5 -1
961545 0 1
961632 1 -1
961647 2 1
961660 7 -1
961730 3 -1
961781 4 -1
961794 0 1
961840 1 -1
961883 2 -1
961894 0 1
961950 3 1
962001 0 -1
962025 1 1
962031 6 1
962106 9 1
962157 0 1
962160 4 -1
962176 3 -1
962192 8 1
962286 0 1
962337 7 1
962359 2 1
962370 1 -1
962418 3 -1
962418 0 1
962439 5 -1
962482 16 1
962515 4 -1
962515 6 -1
962515 10 1
962547 0 1
962547 1 -1
962584 2 -1
962740 11 -1
962752 1 -1
962797 0 -1
962816 2 1
962864 3 -1
962966 5 -1
962969 0 -1
962998 6 -1
963070 0 1
963106 3 -1
963106 8 -1
963115 1 -1
963272 2 1
963293 4 1
963297 1 -1
963302 0 1
963326 3 1
963396 9 1
963423 0 1
963455 5 -1
963470 1 1
963525 2 1
963548 0 1
963643 4 1
963692 10 1
963751 2 -1
963762 0 -1
963821 7 1
963845 1 1
963864 3 1
963917 0 1
964006 4 -1
964030 13 -1
964032 1 -1
964049 0 -1
964052 8 1
964073 6 1
964073 15 1
964089 3 -1
964202 9 -1
964204 1 -1
964226 2 1
964302 0 -1
964331 3 -1
964374 5 -1
964385 1 1
964417 14 1
964433 7 1
964460 2 -1
964487 0 -1
964564 1 -1
964624 0 1
964664 6 -1
964691 2 1
964697 11 -1
964712 1 1
964728 4 -1
964777 3 -1
964815 5 1
964905 1 -1
964936 0 1
964936 2 1
965019 3 -1
965034 4 -1
965073 8 1
965080 0 1
965143 2 1
965191 21 -1
965218 0 1
965239 3 1
965266 5 -1
965272 7 1
965274 1 -1
965356 4 -1
965374 6 -1
965395 2 -1
965465 1 -1
965546 0 -1
965621 12 1
965648 2 -1
965651 1 1
965691 0 -1
965707 3 -1
965823 0 1
965841 6 -1
965927 3 1
966026 1 1
966062 8 1
966070 0 1
966090 4 -1
966100 2 -1
966153 3 -1
966187 0 1
966207 1 1
966228 5 1
966255 6 -1
966333 2 1
966339 0 -1
966352 10 1
966388 1 -1
966454 0 1
966457 4 -1
966562 2 -1
966586 0 1
966610 9 1
966685 3 -1
966707 7 1
966712 5 -1
966720 0 1
966739 25 1
966747 1 1
966763 4 -1
966841 0 1
966922 3 -1
966961 1 1
966997 6 -1
967040 2 1
967040 8 -1
967094 0 1
967126 4 1
967126 5 -1
967134 1 1
967142 3 1
967228 0 1
967276 2 -1
967303 1 -1
967336 7 1
967338 0 -1
967438 6 1
967456 4 -1
967477 1 -1
967497 2 1
967513 12 1
967524 9 1
967631 5 -1
967650 0 -1
967666 1 1
967688 3 -1
967762 0 1
967843 4 1
967862 0 -1
967868 10 1
967872 1 -1
967900 3 -1
967921 8 1
967932 7 1
967975 2 -1
968093 3 1
968136 5 -1
968152 0 1
968206 4 1
968206 2 1
968257 0 -1
968275 1 -1
968381 0 -1
968438 1 -1
968451 2 1
968459 15 -1
968459 18 -1
968499 0 -1
968502 3 -1
968545 6 -1
968545 14 1
968588 5 1
968605 0 1
968627 1 1
968679 2 -1
968695 3 1
968729 0 1
968803 9 1
968824 11 -1
968835 0 1
968891 3 -1
968913 2 1
968932 4 1
968985 6 1
968992 1 -1
969023 5 -1
969104 3 -1
969125 10 1
969141 2 -1
969147 0 1
969182 1 1
969270 0 1
969297 3 1
969302 4 -1
969362 12 1
969363 1 -1
969367 0 -1
969389 2 -1
969399 7 1
969437 6 -1
969448 17 -1
969493 3 -1
969512 13 -1
969612 0 -1
969649 4 1
969706 3 -1
969712 0 1
969722 1 1
969837 0 1
969872 2 1
969879 1 1
969899 5 1
969974 8 1
970052 0 -1
970060 7 1
970070 1 -1
970098 2 -1
970232 3 -1
970254 0 1
970254 1 -1
970308 2 -1
970326 4 1
970369 0 -1
970415 5 1
970431 1 1
970453 3 1
970480 20 1
970512 0 -1
970619 0 -1
970627 1 -1
970635 6 -1
970678 3 -1
970693 4 -1
970694 11 1
970738 7 -1
970738 9 1
970775 0 1
970775 2 1
970810 1 -1
970866 22 -1
970883 0 -1
970893 5 -1
970974 8 1
971006 2 -1
971049 6 -1
971068 4 1
971122 0 1
971141 3 1
971165 1 1
971243 2 1
971286 0 1
971358 1 -1
971366 3 -1
971399 0 -1
971463 7 1
971533 6 1
971536 1 1
971608 3 -1
971716 2 -1
971732 0 1
971802 4 1
971834 9 -1
971845 5 1
971882 0 1
971931 1 1
971931 10 1
971942 2 1
972001 0 1
972049 8 1
972116 1 -1
972146 3 -1
972173 7 -1
972191 2 1
972197 4 1
972242 0 -1
972290 1 -1
972307 5 -1
972366 3 1
972380 0 -1
972404 2 1
972479 13 -1
972482 0 1
972560 4 -1
972565 6 -1
972581 0 -1
972592 3 -1
972651 2 1
972668 1 -1
972715 11 1
972740 0 1
972764 5 1
972818 7 -1
972862 1 1
972874 4 -1
972874 0 1
972879 2 -1
972933 3 -1
972995 9 1
973027 1 1
973038 0 1
973108 2 1
973113 6 -1
973145 3 -1
973180 4 -1
973213 1 -1
973282 0 -1
973339 3 1
973382 12 -1
973382 10 -1
973401 0 -1
973402 1 1
973497 0 1
973535 3 -1
973543 4 1
973567 1 1
973586 2 -1
973624 7 1
973745 0 1
973753 1 -1
973769 5 -1
973769 6 -1
973823 2 1
973844 0 -1
973890 4 -1
973941 3 1
973962 0 -1
974027 16 -1
974027 8 -1
974043 2 -1
974059 9 -1
974120 1 -1
974137 3 -1
974191 0 -1
974204 5 1
974220 6 1
974297 0 1
974313 1 1
974349 3 -1
974422 0 1
974458 1 -1
974521 2 1
974539 0 1
974575 10 -1
974583 4 1
974645 0 -1
974672 5 -1
974752 3 -1
974771 2 1
974779 0 1
974844 9 1
974845 1 1
974854 6 1
974919 0 1
974934 4 -1
974951 3 1
974973 8 1
974983 2 1
975014 1 1
975075 7 1
975134 5 1
975161 3 1
975214 0 1
975232 1 1
975236 6 -1
975252 13 1
975304 4 1
975368 0 -1
975481 2 -1
975483 0 -1
975553 3 1
975585 5 -1
975595 1 -1
975618 6 1
975704 2 1
975763 3 1
975788 1 1
975802 0 1
975849 7 1
975929 2 -1
975935 0 1
975940 12 -1
975956 3 -1
975962 8 1
975974 1 -1
976005 9 -1
976058 4 1
976069 15 -1
976096 5 -1
976096 0 -1
976155 3 1
976157 1 1
976340 1 -1
976361 0 1
976365 3 1
976397 4 -1
976405 2 1
976413 19 -1
976429 7 -1
976467 0 -1
976530 1 1
976542 5 1
976558 3 -1
976625 0 1
976641 2 -1
976671 11 -1
976713 1 -1
976757 3 1
976757 6 1
976784 4 1
976800 14 1
976800 0 1
976870 2 1
976959 0 -1
976994 9 -1
977069 0 -1
977086 1 1
977165 6 -1
977167 0 1
977224 3 1
977251 1 1
977316 10 -1
977343 2 -1
977399 0 1
977402 18 1
977450 3 -1
977457 1 1
977493 4 1
977520 0 1
977531 5 -1
977574 2 1
977622 6 -1
977638 0 -1
977692 3 -1
977743 7 -1
977810 2 -1
977836 1 1
977849 0 1
977896 4 -1
977918 8 -1
977961 12 -1
977972 0 1
978021 1 -1
978047 5 -1
978084 3 -1
978087 0 -1
978197 1 1
978275 4 1
978283 3 1
978284 2 1
978364 0 -1
978461 6 1
978469 0 -1
978493 3 1
978493 7 1
978493 10 -1
978498 5 1
978509 2 -1
978551 1 -1
978627 0 1
978674 4 1
978692 11 -1
978743 1 1
978759 2 -1
978762 0 1
978842 8 1
978880 0 -1
978885 3 1
978917 6 1
978930 1 -1
979028 0 1
979041 4 -1
979095 3 1
979114 1 1
979135 0 -1
979143 9 -1
979221 2 -1
979235 7 -1
979287 1 1
979288 3 -1
979294 21 -1
979304 6 -1
979347 5 -1
979372 4 1
979374 0 -1
979450 2 1
979464 1 -1
979487 3 1
979544 0 -1
979654 1 1
979673 0 1
979697 3 1
979697 2 1
979734 4 1
979735 10 -1
979853 8 1
979863 5 -1
979890 3 -1
979896 16 1
979923 2 -1
979982 12 -1
979982 0 1
979982 15 1
980033 1 1
980089 3 1
980092 0 -1
980156 2 1
980190 1 1
980205 0 1
980250 9 1
980293 6 -1
980347 5 1
980381 1 -1
980382 2 -1
980492 3 -1
980503 0 1
980516 4 -1
980540 11 1
980610 2 1
980637 7 1
980662 0 -1
980691 3 1
980734 13 1
980750 1 -1
980777 6 -1
980777 0 -1
980799 8 -1
980884 14 1
980895 4 1
980901 3 1
980944 1 1
981038 0 -1
981089 2 -1
981113 1 1
981187 0 1
981293 3 1
981293 6 -1
981306 4 1
981325 2 1
981341 5 -1
981344 0 -1
981347 7 -1
981462 1 -1
981503 3 1
981530 9 1
981546 2 -1
981583 0 1
981645 1 -1
981693 0 -1
981696 3 -1
981766 8 -1
981777 5 1
981822 1 1
981849 0 1
981943 7 -1
981959 12 -1
981984 4 -1
982020 1 -1
982024 2 1
982090 0 1
982121 3 1
982201 1 -1
982217 0 1
982239 5 -1
982274 2 1
982290 4 -1
982293 6 -1
982317 3 -1
982328 0 -1
982375 1 1
982486 2 1
982508 10 -1
982529 3 -1
982564 1 -1
982583 0 -1
982604 17 1
982669 4 1
982669 7 1
982698 0 -1
982712 8 1
982733 24 -1
982755 11 -1
982766 3 -1
982805 0 1
982841 6 1
982928 0 1
982939 1 -1
982959 3 1
982962 2 -1
983034 0 1
983128 1 1
983136 5 -1
983155 3 -1
983169 0 1
983190 2 1
983233 6 -1
983310 1 -1
983330 0 1
983368 3 -1
983427 4 -1
983437 2 1
983459 7 1
983550 9 1
983582 5 1
983631 0 1
983664 1 1
983669 2 -1
983722 8 1
983733 4 -1
983757 3 -1
983765 13 1
983765 10 -1
983806 0 -1
983850 1 -1
983905 2 1
983937 0 1
983969 3 -1
984012 6 -1
984023 12 1
984051 1 1
984055 5 -1
984112 4 1
984125 2 -1
984158 0 -1
984163 3 1
984201 7 -1
984284 0 -1
984367 15 -1
984378 2 -1
984399 0 -1
984455 1 -1
984464 6 -1
984479 4 -1
984571 3 1
984625 14 -1
984632 0 1
984636 1 1
984647 9 -1
984711 11 1
984746 0 1
984781 3 1
984817 1 -1
984821 4 1
984846 0 -1
984854 2 1
984958 7 1
984974 3 -1
985023 5 1
985034 6 1
985044 0 1
985066 2 1
985149 0 -1
985164 1 1
985176 4 -1
985216 10 1
985250 0 1
985313 2 1
985349 1 -1
985363 0 1
985383 3 1
985490 5 -1
985547 4 1
985550 9 -1
985551 1 1
985576 3 -1
985582 0 -1
985679 8 -1
985714 0 -1
985775 3 1
985800 2 -1
985891 0 -1
985902 1 -1
985915 12 1
985958 16 1
985985 3 1
985985 5 -1
986025 2 1
986055 6 1
986091 1 1
986160 0 -1
986178 3 -1
986266 1 -1
986275 2 1
986297 4 -1
986313 7 -1
986318 0 -1
986377 3 1
986469 0 1
986474 13 -1
986506 6 -1
986582 8 1
986587 3 1
986603 19 -1
986611 1 -1
986646 11 1
986667 4 1
986732 2 1
986756 0 1
986800 1 1
986907 0 -1
986915 5 -1
986963 2 -1
986990 4 1
987001 3 -1
987006 1 -1
987033 0 -1
987087 7 1
987130 6 -1
987143 0 1
987173 2 -1
987194 3 1
987253 0 -1
987369 0 -1
987377 15 1
987381 1 -1
987390 3 -1
987393 2 1
987447 5 -1
987509 0 1
987566 1 1
987635 8 1
987646 2 1
987656 9 1
987659 4 -1
987721 18 1
987742 1 -1
987818 0 1
987855 3 1
987860 5 -1
987861 7 1
987871 2 -1
987929 1 -1
987936 0 1
988014 4 1
988035 0 -1
988054 10 1
988081 3 -1
988102 2 1
988110 1 1
988194 6 1
988237 28 1
988293 0 -1
988323 3 -1
988328 1 1
988401 4 -1
988406 0 1
988510 1 1
988528 0 1
988575 2 -1
988624 14 -1
988624 9 1
988688 11 1
988745 0 -1
988763 6 -1
988769 3 -1
988806 5 1
988807 2 1
988850 0 1
988864 1 -1
988976 0 1
989011 3 -1
989038 2 -1
989054 1 1
989118 7 1
989138 4 -1
989161 6 1
989231 3 1
989251 1 -1
989279 5 -1
989282 0 1
989430 0 -1
989457 3 -1
989465 4 -1
989505 8 1
989516 2 1
989538 10 -1
989564 0 1
989606 1 1
989699 3 -1
989704 6 -1
989720 9 -1
989747 2 -1
989787 1 -1
989795 5 -1
989828 17 -1
989852 0 -1
989864 4 -1
989892 7 1
989919 3 1
989973 1 1
989973 2 1
990013 0 1
990145 3 -1
990161 6 -1
990198 4 -1
990199 0 1
990311 5 -1
990319 1 -1
990408 12 1
990451 2 -1
990502 0 1
990505 1 1
990537 7 1
990553 4 1
990558 6 1
990559 8 1
990653 0 -1
990677 3 -1
990682 2 1
990694 1 -1
990757 5 1
990811 0 1
990870 3 1
990880 4 -1
990881 9 1
990884 1 1
990908 2 -1
990924 10 1
990945 6 -1
990988 27 1
991041 1 1
991066 3 -1
991093 0 1
991152 2 -1
991160 15 1
991204 0 1
991209 5 -1
991210 4 -1
991232 1 -1
991349 0 1
991378 2 1
991418 1 1
991470 0 1
991472 3 1
991615 0 1
991615 2 -1
991617 5 -1
991634 8 1
991668 3 -1
991746 0 1
991795 1 1
991843 2 1
991881 3 -1
991886 0 1
991932 4 1
991940 7 1
991945 9 -1
991956 13 -1
991964 1 1
992042 6 1
992119 1 1
992195 0 1
992284 3 -1
992316 0 1
992316 2 -1
992359 4 1
992364 31 1
992375 10 1
992483 3 1
992483 6 1
992483 0 -1
992504 1 1
992547 2 1
992601 5 1
992665 11 -1
992665 7 -1
992702 1 -1
992703 3 1
992738 4 -1
992751 14 -1
992776 0 -1
992784 2 -1
992794 12 -1
992911 1 -1
992939 0 1
993063 9 1
993085 0 -1
993106 5 -1
993117 6 -1
993119 3 -1
993257 2 1
993278 1 1
993332 3 -1
993348 0 1
993359 7 1
993458 0 -1
993472 1 -1
993480 4 -1
993482 2 -1
993525 3 1
993547 8 -1
993600 5 -1
993625 0 1
993645 1 -1
993732 2 -1
993791 0 1
993830 4 1
993842 10 -1
993846 1 1
993899 0 -1
993934 3 -1
994014 0 -1
994020 9 1
994028 1 -1
994127 3 1
994138 0 -1
994149 4 1
994194 2 -1
994201 1 -1
994299 6 -1
994323 3 -1
994369 0 -1
994409 1 -1
994423 2 1
994460 5 1
994493 0 -1
994514 8 1
994591 0 1
994600 20 1
994670 2 1
994729 3 1
994755 1 1
994761 7 1
994794 13 1
994804 6 -1
994815 0 -1
994850 4 -1
994880 11 1
994896 2 -1
994925 3 -1
994939 0 -1
994939 1 -1
994949 5 1
995049 0 -1
995116 1 -1
995116 10 -1
995127 2 1
995138 3 -1
995159 12 1
995164 4 -1
995268 0 1
995363 2 -1
995374 6 1
995377 0 1
995406 7 1
995412 5 -1
995463 4 -1
995471 8 1
995498 0 1
995503 1 1
995527 3 -1
995584 2 1
995616 0 -1
995684 1 -1
995718 15 1
995726 0 -1
995739 3 -1
995844 0 -1
995866 1 -1
995933 3 1
995941 0 1
995955 17 -1
996065 2 -1
996129 3 -1
996140 7 -1
996175 0 1
996188 4 -1
996217 1 -1
996234 6 -1
996277 5 1
996277 9 1
996293 2 1
996298 0 1
996341 3 -1
996403 0 -1
996406 10 -1
996418 1 1
996428 8 -1
996535 3 1
996546 2 -1
996616 4 -1
996620 1 1
996645 0 -1
996664 6 -1
996731 3 -1
996750 11 -1
996751 0 1
996798 5 1
996801 1 1
996870 0 1
996879 14 -1
996990 1 -1
996994 4 1
997008 6 -1
997008 2 -1
997051 16 1
997099 0 -1
997153 3 1
997180 1 1
997180 26 1
997218 0 -1
997228 2 1
997250 5 -1
997287 9 1
997322 0 -1
997346 3 -1
997352 18 -1
997365 1 -1
997381 7 -1
997416 8 -1
997481 2 1
997543 0 1
997545 3 1
997567 13 -1
997610 6 1
997670 0 1
997674 5 -1
997696 19 1
997724 1 -1
997794 0 1
997800 4 -1
997926 1 1
997938 2 1
997991 3 1
998005 0 -1
998091 7 1
998093 5 1
998111 1 -1
998136 0 -1
998155 4 1
998158 6 1
998182 2 1
998185 3 -1
998274 0 -1
998319 9 -1
998352 8 1
998384 3 1
998411 2 -1
998456 1 1
998470 15 1
998478 0 -1
998522 4 -1
998561 5 -1
998612 0 -1
998623 1 1
998644 2 1
998725 0 1
998771 12 -1
998787 3 -1
998824 6 1
998824 1 -1
998857 7 -1
998873 2 -1
998986 3 1
998986 0 1
999093 5 -1
999120 2 -1
999155 0 -1
999183 1 1
999195 3 1
999222 6 -1
999244 29 -1
999244 10 -1
999265 8 -1
999296 4 1
999305 0 1
999351 2 1
999373 1 -1
999389 3 -1
999494 0 -1
999550 1 -1
999588 3 1
999620 0 -1
999663 4 -1
999748 1 -1
999773 0 1
999797 3 1
999808 2 1
999940 0 -1
999941 1 1
1000001 3 -1
1000009 4 -1
1000050 5 1
1000061 2 1
1000124 1 -1
1000246 0 -1
1000286 6 1
1000286 2 -1
1000297 9 -1
1000312 1 1
1000316 7 1
1000399 0 1
1000458 5 1
1000464 3 1
1000528 0 1
1000534 13 -1
1000566 10 1
1000630 1 1
1000689 3 -1
1000727 6 -1
1000762 2 1
1000791 4 1
1000794 0 1
1000824 1 -1
1000877 11 -1
1000910 5 -1
1000929 0 1
1000931 3 -1
1000953 7 1
1000990 2 -1
1001006 14 -1
1001009 1 1
1001049 12 1
1001050 0 1
1001130 4 1
1001178 8 1
1001221 2 1
1001270 0 1
1001334 6 -1
1001356 1 -1
1001377 3 -1
1001377 0 1
1001436 9 1
1001461 4 -1
1001490 0 -1
1001549 1 1
1001608 0 -1
1001619 3 -1
1001662 7 -1
1001678 2 1
1001719 0 1
1001735 1 -1
1001813 5 -1
1001839 3 1
1001840 4 1
1001888 0 1
1001926 2 1
1002017 10 -1
1002044 0 -1
1002089 1 1
1002151 2 -1
1002189 8 1
1002194 6 1
1002210 4 -1
1002259 5 1
1002275 1 -1
1002294 0 -1
1002307 3 -1
1002382 2 1
1002443 0 1
1002464 1 1
1002527 3 1
1002533 9 -1
1002541 4 1
1002581 6 -1
1002603 0 -1
1002619 2 -1
1002662 1 -1
1002710 5 -1
1002726 11 1
1002785 3 1
1002839 1 1
1002839 2 1
1002890 0 1
1002920 16 1
1002924 4 1
1002998 0 -1
1003027 1 -1
1003033 7 -1
1003065 3 -1
1003092 2 1
1003113 6 -1
1003135 8 -1
1003143 0 1
1003206 1 -1
1003242 13 1
1003264 3 1
1003285 12 -1
1003433 0 1
1003473 3 1
1003546 0 1
1003557 1 1
1003567 2 -1
1003613 4 -1
1003651 0 -1
1003667 3 -1
1003678 5 1
1003726 1 1
1003793 2 1
1003807 0 -1
1003823 7 1
1003915 1 -1
1003936 4 -1
1003946 0 1
1004030 2 -1
1004056 0 -1
1004075 3 1
1004102 5 1
1004150 6 -1
1004191 0 -1
1004269 3 -1
1004282 1 1
1004306 4 1
1004403 23 -1
1004468 3 1
1004472 1 -1
1004505 2 1
1004508 0 1
1004605 7 1
1004607 5 -1
1004623 6 -1
1004655 1 1
1004672 9 -1
1004677 0 1
1004731 2 -1
1004822 0 1
1004890 3 -1
1004940 11 -1
1004962 2 1
1004984 10 1
1005012 1 -1
1005032 4 1
1005059 5 1
1005102 3 -1
1005134 0 1
1005145 8 -1
1005217 1 1
1005236 0 -1
1005252 6 -1
1005274 7 1
1005295 3 1
1005338 4 1
1005352 0 -1
1005397 1 -1
1005419 2 1
1005564 5 1
1005564 1 -1
1005572 0 1
1005607 6 -1
1005672 2 1
1005700 0 1
1005704 3 -1
1005713 4 -1
1005750 1 1
1005806 0 -1
1005822 9 1
1005897 3 1
1005897 2 -1
1005903 7 1
1005919 1 1
1005932 0 1
1006015 13 -1
1006026 5 -1
1006048 0 -1
1006093 3 -1
1006102 8 1
1006108 1 -1
1006134 6 -1
1006161 0 -1
1006282 0 -1
1006376 2 1
1006427 4 1
1006491 1 -1
1006499 3 1
1006515 5 -1
1006521 0 1
1006591 2 1
1006612 7 -1
1006617 6 -1
1006628 10 1
1006681 1 1
1006685 0 1
1006695 3 -1
1006797 4 -1
1006811 15 1
1006822 9 1
1006838 0 -1
1006854 17 1
1006857 2 1
1006862 1 -1
1006908 3 -1
1007004 8 -1
1007120 4 -1
1007120 0 1
1007155 12 -1
1007213 1 1
1007219 0 -1
1007262 6 1
1007316 2 1
1007322 7 1
1007364 3 1
1007378 0 -1
1007422 1 1
1007434 4 -1
1007466 5 -1
1007542 2 -1
1007590 3 -1
1007606 1 -1
1007630 0 -1
1007749 4 -1
1007768 0 -1
1007773 2 1
1007805 3 1
1007878 0 1
1007950 9 -1
1007976 1 -1
1007982 5 -1
1007999 0 1
1008015 20 -1
1008031 10 -1
1008071 4 -1
1008124 1 1
1008155 0 1
1008165 6 -1
1008214 3 -1
1008246 2 -1
1008285 0 -1
1008317 1 -1
1008402 16 -1
1008412 3 1
1008426 4 1
1008429 5 1
1008439 0 1
1008480 2 1
1008622 3 1
1008683 0 -1
1008686 1 -1
1008708 2 -1
1008756 7 1
1008790 0 1
1008810 11 1
1008821 6 -1
1008873 1 -1
1008915 0 1
1008918 9 -1
1008939 8 1
1008950 13 -1
1009014 3 1
1009059 1 1
1009103 4 -1
1009138 0 -1
1009186 2 1
1009219 6 1
1009224 3 1
1009262 14 -1
1009272 0 1
1009353 5 1
1009369 0 -1
1009417 3 -1
1009422 4 1
1009423 2 -1
1009426 1 1
1009530 7 -1
1009590 0 1
1009599 1 1
1009616 3 1
1009643 2 1
1009729 0 1
1009735 12 -1
1009740 4 1
1009810 5 -1
1009813 1 1
1009821 15 -1
1009826 3 1
1009856 0 -1
1009896 2 1
1009906 21 -1
1009928 8 1
1009987 0 -1
1009992 6 1
1010019 3 -1
1010036 9 1
1010122 2 -1
1010165 0 -1
1010187 1 1
1010248 7 1
1010261 3 -1
1010320 0 1
1010326 5 -1
1010349 1 1
1010353 2 1
1010465 4 -1
1010503 0 1
1010532 1 -1
1010578 6 -1
1010597 2 1
1010680 11 -1
1010721 0 -1
1010740 10 -1
1010777 3 -1
1010827 0 1
1010844 4 -1
1010921 1 -1
1010934 0 1
1010992 8 1
1010998 3 1
1011051 6 -1
1011059 2 1
1011089 9 -1
1011102 1 1
1011154 0 1
1011199 4 1
1011223 3 -1
1011250 5 -1
1011276 1 1
1011288 2 -1
1011312 0 1
1011428 0 1
1011459 1 -1
1011540 2 -1
1011602 7 -1
1011651 1 1
1011686 3 1
1011734 5 1
1011750 0 1
1011798 12 -1
1011838 1 -1
1011880 0 1
1011911 3 -1
1011927 8 -1
1011933 4 1
1011960 6 1
1011970 2 1
1011999 1 -1
1012027 0 -1
1012150 0 -1
1012153 3 -1
1012169 5 -1
1012218 2 1
1012255 7 -1
1012308 4 -1
1012309 0 1
1012352 10 -1
1012378 1 -1
1012411 6 -1
1012443 0 1
1012446 2 -1
1012564 1 1
1012575 0 1
1012602 4 -1
1012680 3 -1
1012680 5 -1
1012701 11 -1
1012725 1 1
1012853 0 1
1012900 3 1
1012916 17 1
1012922 2 1
1012938 6 -1
1012959 0 1
1012981 4 1
1013013 7 1
1013024 8 -1
1013102 1 1
1013107 0 1
1013112 3 -1
1013137 5 1
1013153 2 -1
1013185 9 1
1013295 1 -1
1013325 3 -1
1013356 4 -1
1013365 0 1
1013389 14 -1
1013389 2 1
1013432 6 -1
1013468 1 -1
1013516 0 -1
1013518 3 1
1013604 5 -1
1013610 2 -1
1013623 0 1
1013658 10 -1
1013698 4 1
1013714 3 -1
1013843 1 -1
1013862 2 -1
1013927 3 -1
1013927 0 1
1013980 6 -1
1014037 0 -1
1014037 1 1
1014056 8 -1
1014081 4 -1
1014088 2 1
1014131 5 -1
1014179 0 -1
1014224 1 -1
1014295 7 -1
1014316 3 -1
1014338 2 1
1014386 1 -1
1014453 6 -1
1014464 13 -1
1014475 9 1
1014502 0 1
1014529 3 -1
1014550 11 1
1014553 1 -1
1014644 0 -1
1014722 3 1
1014741 0 1
1014746 1 1
1014797 2 1
1014883 4 1
1014937 6 -1
1014942 1 -1
1014948 7 -1
1015026 2 -1
1015039 0 -1
1015077 10 1
1015098 5 1
1015120 8 -1
1015179 3 -1
1015186 0 1
1015254 4 -1
1015254 2 1
1015281 9 -1
1015311 0 1
1015311 1 -1
1015410 15 1
1015421 3 -1
1015480 1 -1
1015539 5 -1
1015544 7 -1
1015545 0 1
1015609 4 1
1015641 3 1
1015661 1 1
1015668 0 1
1015732 2 -1
1015829 0 1
1015926 6 -1
1015926 18 1
1015969 2 1
1015980 5 1
1016048 1 1
1016058 0 -1
1016109 3 -1
1016176 0 -1
1016189 2 -1
1016242 1 -1
1016270 12 -1
1016270 25 1
1016270 7 1
1016273 0 1
1016302 4 -1
1016324 6 1
1016329 3 1
1016391 0 1
1016435 1 1
1016496 0 -1
1016555 3 -1
1016614 11 1
1016625 10 1
1016630 0 1
1016700 2 -1
1016705 4 -1
1016740 0 -1
1016797 3 -1
1016806 1 1
1016926 2 1
1016931 7 -1
1016936 6 -1
1016936 8 -1
1016948 0 1
1016958 5 -1
1016967 1 1
1017017 3 1
1017020 4 -1
1017044 22 1
1017055 0 -1
1017145 1 -1
1017173 0 -1
1017176 2 1
1017205 13 1
1017243 3 -1
1017326 1 -1
1017388 2 1
1017417 0 -1
1017436 5 1
1017484 3 -1
1017511 1 1
1017517 14 -1
1017528 0 -1
1017635 2 1
1017638 0 1
1017657 7 -1
1017689 9 1
1017697 4 1
1017733 1 1
1017864 2 -1
1017885 0 1
1017904 8 1
1017919 1 -1
1017936 5 -1
1017979 6 1
1018011 3 -1
1018041 0 -1
1018092 4 -1
1018092 2 1
1018092 10 -1
1018172 0 -1
1018205 17 1
1018283 0 1
1018285 3 -1
1018291 12 -1
1018306 1 -1
1018366 6 -1
1018404 0 1
1018414 7 1
1018463 11 -1
1018491 1 1
1018515 4 -1
1018516 0 -1
1018570 2 -1
1018597 3 1
1018602 9 1
1018614 0 1
1018672 1 1
1018807 2 1
1018828 5 -1
1018834 6 -1
1018850 24 1
1018871 8 1
1018899 0 1
1018902 4 1
1019011 1 -1
1019027 2 -1
1019038 3 1
1019057 0 -1
1019169 0 1
1019200 1 1
1019231 3 -1
1019285 4 -1
1019285 5 1
1019368 1 -1
1019419 0 1
1019430 3 1
1019446 10 1
1019505 2 1
1019559 0 1
1019640 4 1
1019667 6 1
1019694 0 1
1019708 1 -1
1019753 16 -1
1019755 2 1
1019785 5 1
1019833 3 -1
1019882 9 1
1019902 1 1
1019916 0 1
1019922 7 -1
1019968 2 1
1020010 4 -1
1020032 3 1
1020037 0 1
1020075 13 -1
1020085 1 -1
1020129 6 1
1020142 0 -1
1020172 5 1
1020225 12 -1
1020242 3 1
1020260 0 -1
1020279 1 1
1020384 0 -1
1020443 2 -1
1020458 1 1
1020502 0 -1
1020516 6 -1
1020575 7 -1
1020599 0 1
1020602 5 1
1020634 3 1
1020643 1 -1
1020672 2 1
1020677 11 1
1020784 4 1
1020841 1 1
1020844 3 1
1020860 0 1
1020913 20 1
1020919 2 1
1020924 8 1
1020940 6 -1
1021026 0 1
1021037 3 -1
1021091 4 1
1021096 5 1
1021155 0 1
1021196 1 -1
1021236 7 -1
1021381 1 1
1021386 2 1
1021437 4 1
1021445 3 1
1021448 0 -1
1021483 6 -1
1021554 1 1
1021558 19 -1
1021574 0 -1
1021585 5 -1
1021607 2 -1
1021639 3 -1
1021728 0 1
1021816 9 1
1021827 8 -1
1021838 3 1
1021865 2 -1
1021913 10 1
1021947 1 -1
1022031 6 1
1022050 0 -1
1022119 1 -1
1022147 0 1
1022171 4 -1
1022241 3 -1
1022292 1 -1
1022300 0 -1
1022327 2 -1
1022418 6 -1
1022424 0 -1
1022440 3 1
1022472 5 -1
1022518 4 1
1022572 2 -1
1022585 0 1
1022649 3 1
1022651 1 1
1022671 7 -1
1022752 0 1
1022784 8 1
1022800 2 1
1022827 9 1
1022856 4 -1
1022856 0 -1
1022860 1 1
1022918 5 1
1023030 1 1
1023074 3 -1
1023122 0 1
1023223 1 -1
1023251 10 -1
1023259 0 1
1023267 3 1
1023268 2 1
1023386 0 1
1023391 5 -1
1023396 7 1
1023417 1 -1
1023439 6 -1
1023515 2 1
1023529 4 1
1023579 3 -1
1023606 1 1
1023630 0 -1
1023727 0 1
1023740 2 -1
1023767 1 1
1023800 3 1
1023859 9 -1
1023883 0 -1
1023888 4 -1
1023998 6 1
1024025 3 -1
1024090 7 -1
1024130 0 1
1024146 1 1
1024216 2 1
1024267 3 -1
1024283 4 1
1024294 0 1
1024336 1 -1
1024380 5 1
1024399 0 -1
1024401 6 -1
1024439 12 1
1024444 2 -1
1024487 3 1
1024516 0 1
1024517 1 1
1024546 11 -1
1024590 10 -1
1024633 0 1
1024654 4 -1
1024676 2 1
1024708 8 -1
1024758 0 1
1024783 16 -1
1024826 5 -1
1024861 0 -1
1024866 1 -1
1024907 2 -1
1024955 3 -1
1024976 4 -1
1025049 1 -1
1025106 0 -1
1025151 2 -1
1025170 6 -1
1025175 3 1
1025213 18 -1
1025226 1 1
1025232 0 -1
1025267 5 1
1025347 4 1
1025372 0 1
1025380 2 1
1025401 3 -1
1025428 13 -1
1025436 7 1
1025471 14 1
1025600 6 -1
1025613 1 1
1025616 2 -1
1025697 0 -1
1025702 4 -1
1025729 8 -1
1025795 1 -1
1025874 0 -1
1025901 15 1
1025912 9 1
1025933 3 -1
1025964 1 -1
1025979 0 1
1025987 6 1
1026094 2 1
1026154 1 1
1026170 3 -1
1026178 7 -1
1026186 5 1
1026194 0 -1
1026288 12 1
1026320 2 -1
1026351 1 -1
1026379 4 1
1026390 3 1
1026395 0 1
1026460 11 1
1026498 0 -1
1026551 2 1
1026559 1 -1
1026600 5 1
1026621 0 -1
1026729 8 -1
1026730 1 -1
1026790 4 1
1026798 0 1
1026858 3 -1
1026906 0 1
1026944 7 1
1026965 6 1
1027014 0 -1
1027040 5 -1
1027040 2 -1
1027073 1 1
1027078 3 1
1027083 9 -1
1027145 4 -1
1027169 10 1
1027242 0 -1
1027262 1 -1
1027266 2 1
1027304 3 -1
1027348 0 1
1027449 21 1
1027449 0 -1
1027470 1 -1
1027497 2 -1
1027502 5 1
1027546 3 -1
1027588 6 -1
1027589 7 1
1027664 8 1
1027766 3 1
1027787 0 1
1027830 1 1
1027854 4 -1
1027895 0 -1
1027976 2 1
1027992 3 -1
1027994 1 1
1028018 5 1
1028027 0 -1
1028072 9 -1
1028126 6 1
1028137 13 1
1028185 1 -1
1028201 2 -1
1028233 3 -1
1028241 4 1
1028266 12 1
1028266 0 1
1028266 17 -1
1028362 0 -1
1028411 7 1
1028432 2 1
1028459 5 -1
1028478 0 -1
1028481 11 1
1028513 6 -1
1028568 1 -1
1028580 0 1
1028620 10 -1
1028624 4 -1
1028674 8 1
1028677 2 1
1028706 0 1
1028737 1 -1
1028771 3 -1
1028857 0 -1
1028905 2 -1
1028911 6 1
1028927 1 1
1028937 5 1
1028991 3 1
1029013 0 1
1029112 1 -1
1029120 7 -1
1029136 2 1
1029169 23 1
1029225 0 1
1029281 6 -1
1029306 1 1
1029330 3 1
1029351 0 1
1029367 2 -1
1029418 4 1
1029426 14 1
1029475 1 -1
1029483 0 1
1029577 8 -1
1029648 1 -1
1029706 6 -1
1029738 3 -1
1029765 0 -1
1029769 4 -1
1029830 7 1
1029846 2 1
1029878 5 1
1029921 0 -1
1029932 3 1
1029975 10 1
1030007 16 1
1030031 0 1
1030055 1 1
1030077 2 -1
1030088 4 -1
1030128 3 -1
1030222 9 -1
1030235 1 -1
1030303 2 1
1030346 0 -1
1030378 5 1
1030418 4 -1
1030418 1 1
1030450 0 1
1030458 15 -1
1030523 8 1
1030534 3 1
1030636 0 1
1030730 3 -1
1030781 2 -1
1030789 4 1
1030791 1 -1
1030835 5 -1
1030942 3 -1
1030946 1 -1
1030992 0 1
1031012 2 1
1031098 0 -1
1031132 1 1
1031136 3 1
1031136 13 1
1031136 6 -1
1031160 4 1
1031232 20 -1
1031235 0 -1
1031257 2 1
1031329 9 1
1031332 3 -1
1031345 7 1
1031502 1 -1
1031523 4 -1
1031525 0 1
1031549 3 -1
1031676 1 -1
1031678 0 -1
1031716 2 1
1031748 6 -1
1031781 5 -1
1031818 0 1
1031840 3 -1
1031869 1 1
1031947 2 -1
1032087 7 -1
1032090 0 1
1032135 11 1
1032135 6 1
1032200 2 -1
1032216 4 1
1032221 0 1
1032248 1 1
1032296 5 -1
1032302 3 1
1032350 12 -1
1032353 0 1
1032420 2 1
1032436 18 -1
1032442 1 -1
1032522 19 1
1032528 3 -1
1032533 8 1
1032587 4 -1
1032608 9 1
1032619 1 1
1032641 0 -1
1032646 2 -1
1032732 10 1
1032751 0 -1
1032759 5 1
1032764 7 1
1032769 3 -1
1032864 0 1
1032877 2 1
1032941 4 1
1032966 1 -1
1032995 0 1
1033113 6 1
1033114 2 -1
1033135 0 1
1033147 1 1
1033216 3 -1
1033331 0 -1
1033332 1 -1
1033444 0 1
1033457 3 -1
1033490 8 -1
1033554 14 1
1033586 2 1
1033651 4 1
1033651 6 1
1033678 3 1
1033710 5 -1
1033732 0 -1
1033736 1 1
1033812 2 -1
1033873 0 1
1033917 1 1
1034014 4 -1
1034024 0 -1
1034062 2 -1
1034070 17 -1
1034102 10 -1
1034106 1 -1
1034119 7 -1
1034156 11 1
1034161 5 1
1034178 6 -1
1034210 3 1
1034350 0 1
1034352 4 1
1034446 0 -1
1034457 9 -1
1034468 3 1
1034479 8 -1
1034489 1 -1
1034500 12 1
1034524 2 -1
1034570 0 -1
1034640 5 -1
1034675 1 1
1034753 2 1
1034761 3 -1
1034836 1 1
1034884 7 -1
1034911 0 1
1034962 6 -1
1034973 3 -1
1035000 2 1
1035017 1 -1
1035070 4 1
1035072 0 -1
1035166 3 1
1035172 5 -1
1035185 0 1
1035187 1 -1
1035199 9 1
1035306 0 1
1035363 3 -1
1035368 1 1
1035380 4 1
1035441 10 1
1035457 2 1
1035467 6 -1
1035476 0 -1
1035525 1 1
1035570 7 -1
1035575 3 -1
1035588 0 1
1035623 5 1
1035688 0 -1
1035693 2 -1
1035735 4 -1
1035790 15 -1
1035900 1 -1
1035914 2 1
1035926 0 1
1035965 3 -1
1036032 0 1
1036037 6 -1
1036059 9 1
1036069 4 -1
1036075 5 -1
1036078 1 1
1036177 11 1
1036177 3 -1
1036188 0 -1
1036275 1 -1
1036370 3 1
1036392 2 -1
1036435 8 1
1036475 0 -1
1036481 4 -1
1036499 6 -1
1036521 12 1
1036542 5 1
1036642 1 1
1036642 2 -1
1036655 0 -1
1036682 13 1
1036760 0 -1
1036779 3 -1
1036819 1 -1
1036827 4 1
1036868 2 1
1036972 3 1
1036983 0 1
1036997 1 -1
1037037 6 -1
1037069 7 -1
1037069 10 1
1037134 4 1
1037136 0 -1
1037168 3 -1
1037279 0 -1
1037362 2 -1
1037384 1 1
1037418 0 1
1037445 8 1
1037510 5 -1
1037565 1 -1
1037574 3 1
1037590 2 1
1037601 0 1
1037606 6 -1
1037724 1 -1
1037744 0 -1
1037770 3 -1
1037795 7 1
1037838 2 1
1037850 0 1
1037879 4 1
1037891 1 -1
1037950 5 1
1037983 3 -1
1038074 6 -1
1038077 1 1
1038092 0 1
1038176 3 1
1038198 0 -1
1038242 1 -1
1038254 4 -1
1038278 10 1
1038294 2 1
1038303 0 -1
1038372 3 -1
1038415 1 -1
1038423 5 -1
1038477 8 -1
1038528 7 -1
1038531 2 -1
1038544 0 -1
1038585 3 -1
1038625 4 1
1038651 0 1
1038714 9 1
1038751 2 1
1038769 0 1
1038778 3 1
1038798 1 -1
1038972 22 -1
1038992 1 1
1038999 0 1
1039141 0 1
1039144 6 1
1039177 1 -1
1039187 3 1
1039230 2 -1
1039262 7 1
1039294 0 -1
1039395 4 -1
1039402 0 1
1039423 13 -1
1039455 5 -1
1039466 3 -1
1039480 2 -1
1039552 0 -1
1039562 1 -1
1039627 6 1
1039665 0 -1
1039705 2 1
1039713 10 -1
1039717 4 -1
1039724 3 -1
1039730 1 -1
1039763 0 1
1039789 9 1
1039901 5 1
1039907 1 1
1039923 7 1
1039942 2 -1
1040049 0 -1
1040068 6 1
1040076 4 1
1040111 11 -1
1040160 0 1
1040170 3 -1
1040170 2 1
1040258 1 -1
1040270 0 -1
1040353 5 -1
1040412 3 -1
1040417 2 1
1040443 1 1
1040487 8 -1
1040519 27 -1
1040538 0 -1
1040588 1 -1
1040606 12 -1
1040632 3 1
1040643 2 -1
1040662 0 -1
1040745 7 1
1040786 1 1
1040802 0 -1
1040831 6 1
1040850 4 1
1040967 1 -1
1041049 0 1
1041100 3 -1
1041100 10 1
1041111 2 -1
1041156 1 1
1041186 9 -1
1041189 0 -1
1041237 4 -1
1041272 5 -1
1041294 17 1
1041320 3 1
1041331 2 1
1041336 0 -1
1041352 1 -1
1041369 6 1
1041390 8 1
1041439 7 -1
1041441 0 -1
1041543 4 -1
1041546 3 -1
1041551 21 1
1041552 16 -1
1041565 0 -1
1041584 2 1
1041683 0 -1
1041696 1 -1
1041745 5 1
1041785 0 1
1041788 3 -1
1041809 14 1
1041886 1 1
1041906 6 1
1042008 3 1
1042027 0 1
1042059 2 -1
1042084 1 -1
1042110 11 -1
1042126 0 -1
1042245 4 1
1042250 5 -1
1042277 3 1
1042285 2 1
1042311 0 1
1042325 8 -1
1042390 13 -1
1042411 9 1
1042483 1 1
1042519 2 -1
1042538 0 -1
1042556 3 -1
1042664 4 1
1042664 1 -1
1042691 12 -1
1042691 0 1
1042833 1 -1
1042841 6 1
1042874 7 -1
1042887 0 -1
1042965 3 1
1042992 2 -1
1043002 4 1
1043153 0 1
1043158 3 -1
1043191 5 1
1043200 1 -1
1043231 2 1
1043260 6 1
1043336 8 -1
1043346 0 1
1043357 3 1
1043406 1 1
1043454 2 -1
1043457 0 -1
1043470 7 -1
1043572 9 -1
1043585 1 -1
1043604 5 1
1043615 6 1
1043615 0 1
1043685 2 1
1043715 0 -1
1043736 4 -1
1043760 3 -1
1043868 0 1
1043873 10 1
1043930 2 1
1043938 1 1
1043959 3 1
1044002 11 1
1044014 0 1
1044050 4 -1
1044094 5 1
1044107 1 1
1044158 2 -1
1044163 7 1
1044169 3 1
1044260 8 1
1044266 0 1
1044296 1 -1
1044373 4 -1
1044392 2 1
1044429 0 -1
1044540 0 -1
1044593 3 -1
1044647 19 1
1044652 6 -1
1044679 1 -1
1044819 12 1
1044824 0 1
1044868 2 -1
1044869 1 1
1044884 3 -1
1044884 9 -1
1044933 0 -1
1044996 5 1
1045034 6 1
1045045 0 1
1045050 4 1
1045050 1 -1
1045099 2 1
1045120 3 -1
1045163 10 -1
1045246 0 1
1045260 8 1
1045335 2 -1
1045340 3 1
1045401 1 1
1045402 0 -1
1045421 5 1
1045437 4 1
1045445 7 -1
1045531 0 -1
1045539 6 1
1045566 3 -1
1045610 1 1
1045644 0 1
1045679 15 1
1045794 1 -1
1045808 3 -1
1045808 2 1
1045824 0 1
1045832 4 -1
1045937 14 1
1045942 5 1
1045956 0 1
1045980 11 1
1046023 9 1
1046028 3 1
1046034 2 -1
1046098 0 -1
1046179 1 -1
1046195 20 1
1046195 7 1
1046216 8 -1
1046265 2 1
1046360 1 1
1046383 0 -1
1046388 10 -1
1046496 3 -1
1046525 4 1
1046546 1 -1
1046550 0 1
1046625 6 -1
1046681 0 1
1046716 3 1
1046731 1 -1
1046738 2 -1
1046818 5 -1
1046840 17 1
1046892 4 -1
1046912 1 1
1046942 3 -1
1046950 0 1
1046953 7 -1
1046972 2 1
1047050 0 -1
1047066 6 1
1047100 1 -1
1047184 0 1
1047200 2 -1
1047219 4 -1
1047238 5 1
1047270 12 -1
1047287 1 -1
1047416 0 -1
1047447 2 -1
1047485 3 -1
1047524 0 1
1047571 6 1
1047598 4 1
1047642 0 1
1047648 1 -1
1047684 2 1
1047705 5 -1
1047721 3 -1
1047743 16 -1
1047836 1 -1
1047864 0 -1
1047872 13 -1
1047899 2 -1
1047936 4 -1
1047942 3 1
1048021 1 1
1048055 0 1
1048108 11 1
1048130 2 1
1048192 0 1
1048227 8 -1
1048307 4 1
1048356 7 1
1048366 9 1
1048404 1 1
1048409 3 -1
1048432 0 1
1048549 0 1
1048587 2 1
1048601 1 -1
1048630 3 1
1048654 0 -1
1048678 5 1
1048686 4 -1
1048699 6 1
1048795 1 -1
1048834 2 1
1048855 3 -1
1048939 0 1
1049065 2 -1
1049086 0 -1
1049097 6 -1
1049097 10 1
1049115 1 -1
1049138 7 1
1049162 8 1
1049194 5 1
1049224 0 -1
1049295 1 1
1049318 3 1
1049388 9 1
1049440 4 1
1049478 1 -1
1049502 0 1
1049522 2 -1
1049543 3 -1
1049602 5 1
1049608 0 1
1049639 1 -1
1049723 0 -1
1049774 4 1
1049774 2 -1
1049785 3 -1
1049807 12 -1
1049815 7 -1
1049831 0 1
1049831 1 1
1049839 6 -1
1049930 0 -1
1050000 2 1
1050018 1 -1
1050054 5 -1
1050064 14 1
1050083 0 -1
1050086 8 -1
1050108 11 1
1050129 4 -1
1050182 1 -1
1050190 0 1
1050258 3 1
1050339 10 -1
1050409 18 1
1050444 7 -1
1050449 0 -1
1050462 2 1
1050516 5 1
1050575 0 -1
1050585 1 1
1050629 3 1
1050710 13 1
1050710 2 1
1050752 0 -1
1050753 9 1
1050763 6 -1
1050774 1 -1
1050839 26 -1
1050846 4 1
1050849 3 1
1050938 2 -1
1050955 1 1
1050957 5 -1
1051010 15 1
1051021 0 1
1051072 7 -1
1051161 0 1
1051166 2 1
1051177 4 1
1051258 3 -1
1051268 6 -1
1051326 1 1
1051328 0 1
1051403 5 1
1051414 2 1
1051451 3 1
1051483 4 1
1051484 17 -1
1051510 1 -1
1051564 10 -1
1051615 0 -1
1051645 2 -1
1051647 3 -1
1051681 1 -1
1051709 6 1
1051725 0 -1
1051741 12 -1
1051806 7 1
1051830 0 1
1051881 2 1
1051954 0 1
1052042 11 -1
1052052 1 -1
1052053 3 1
1052053 0 -1
1052096 8 -1
1052150 6 -1
1052177 4 -1
1052248 0 1
1052249 3 -1
1052249 1 1
1052343 5 1
1052354 2 -1
1052400 0 -1
1052443 1 -1
1052462 3 -1
1052548 7 -1
1052580 2 1
1052588 4 -1
1052628 1 1
1052655 3 1
1052668 0 -1
1052676 6 -1
1052811 2 -1
1052816 1 -1
1052822 5 1
1052843 0 -1
1052851 3 -1
1052902 4 -1
1052980 0 -1
1052991 1 -1
1053010 8 1
1053031 16 1
1053042 9 1
1053085 3 -1
1053176 1 1
1053203 6 1
1053211 0 1
1053246 5 1
1053265 4 1
1053295 2 1
1053305 3 1
1053311 0 -1
1053354 13 -1
1053448 0 1
1053527 1 -1
1053531 2 -1
1053555 4 -1
1053590 6 -1
1053612 12 -1
1053674 0 -1
1053733 1 1
1053762 2 1
1053773 3 -1
1053797 0 -1
1053870 7 1
1053894 0 1
1053902 1 1
1053942 4 -1
1053977 8 -1
1053993 3 1
1054044 0 -1
1054128 9 -1
1054211 0 -1
1054219 3 -1
1054235 2 -1
1054246 5 -1
1054273 1 1
1054305 4 -1
1054317 0 1
1054353 10 1
1054431 0 1
1054442 1 1
1054450 6 1
1054450 23 1
1054466 2 1
1054547 7 1
1054632 1 -1
1054654 0 -1
1054681 3 1
1054692 5 1
1054711 2 1
1054759 0 -1
1054880 6 1
1054886 0 -1
1054907 3 -1
1054939 2 -1
1055002 1 -1
1055034 4 -1
1055106 5 1
1055107 0 1
1055138 9 -1
1055149 3 -1
1055170 2 1
1055184 1 -1
1055232 0 1
1055305 7 1
1055321 6 -1
1055332 0 -1
1055345 1 -1
1055401 2 -1
1055409 4 1
1055560 0 -1
1055584 3 -1
1055646 2 -1
1055654 24 1
1055666 0 1
1055728 1 -1
1055764 4 -1
1055772 10 -1
1055791 0 1
1055869 11 1
1055869 8 1
1055917 3 -1
1055921 1 1
1056014 0 -1
1056057 5 -1
1056084 15 1
1056103 1 -1
1056111 2 -1
1056116 3 1
1056122 0 -1
1056267 6 -1
1056272 0 1
1056326 3 1
1056342 2 1
1056405 4 -1
1056478 1 -1
1056498 5 1
1056519 3 -1
1056560 0 1
1056589 2 1
1056643 17 -1
1056663 1 1
1056689 0 1
1056718 3 1
1056748 7 -1
1056750 6 -1
1056796 0 -1
1056812 4 -1
1056828 1 1
1056869 8 1
1056922 5 1
1056928 3 1
1057024 0 -1
1057046 2 1
1057094 10 1
1057148 0 -1
1057151 4 -1
1057191 6 1
1057219 1 1
1057246 0 1
1057291 2 1
1057320 3 1
1057401 7 -1
1057405 1 -1
1057444 5 1
1057465 0 -1
1057519 2 -1
1057530 3 1
1057575 0 -1
1057590 1 -1
1057694 0 -1
1057723 3 -1
1057782 8 -1
1057782 9 -1
1057812 4 1
1057815 0 -1
1057890 11 1
1057895 5 -1
1057919 0 1
1057959 1 -1
1058000 2 1
1058036 0 1
1058142 0 1
1058146 1 -1
1058148 3 1
1058148 6 1
1058150 4 1
1058207 7 -1
1058234 2 -1
1058320 5 -1
1058320 14 1
1058332 1 1
1058344 3 -1
1058360 0 -1
1058460 2 1
1058484 0 -1
1058517 1 -1
1058540 6 -1
1058556 3 -1
1058562 4 1
1058586 0 1
1058621 12 1
1058685 2 -1
1058719 1 1
1058739 5 1
1058809 0 -1
1058814 9 -1
1058900 4 -1
1058916 2 1
1058920 1 1
1058927 0 -1
1058946 3 -1
1058986 6 -1
1059037 0 1
1059094 13 1
1059098 1 1
1059158 3 -1
1059161 2 1
1059252 0 -1
1059263 4 1
1059352 3 1
1059389 2 -1
1059392 0 1
1059427 6 1
1059473 1 -1
1059542 0 -1
1059548 3 -1
1059561 7 1
1059642 1 -1
1059650 4 -1
1059655 0 1
1059738 11 -1
1059739 5 -1
1059755 0 -1
1059760 3 -1
1059782 18 -1
1059831 1 1
1059835 8 -1
1059852 2 -1
1059884 0 -1
1059932 10 1
1059954 3 1
1059992 0 1
1060007 9 1
1060013 4 1
1060040 6 -1
1060096 2 -1
1060150 3 -1
1060179 5 1
1060218 1 -1
1060254 0 1
1060271 7 -1
1060330 2 1
1060380 1 -1
1060383 20 -1
1060386 0 1
1060534 6 -1
1060549 1 -1
1060573 0 1
1060631 3 -1
1060695 5 1
1060728 12 1
1060762 4 1
1060787 2 1
1060892 0 -1
1060900 8 -1
1060910 3 -1
1060948 7 -1
1060952 1 1
1060975 6 1
1061018 0 -1
1061039 2 1
1061129 1 -1
1061130 3 1
1061155 0 -1
1061165 4 1
1061179 9 -1
1061190 10 1
1061265 2 -1
1061305 1 1
1061329 15 1
1061484 1 1
1061492 0 1
1061500 4 1
1061555 5 -1
1061598 3 -1
1061630 0 1
1061651 1 -1
1061738 7 1
1061741 2 1
1061794 0 1
1061818 3 1
1061843 1 1
1061910 0 1
1061942 8 -1
1061969 2 -1
1061974 9 1
1062017 5 1
1062042 0 1
1062044 3 -1
1062048 1 -1
1062092 13 1
1062129 4 1
1062157 6 1
1062158 0 1
1062189 17 -1
1062200 2 1
1062282 0 1
1062395 1 1
1062431 7 -1
1062431 2 -1
1062447 14 1
1062458 5 -1
1062506 3 1
1062514 0 1
1062548 4 1
1062576 10 -1
1062588 1 -1
1062630 0 -1
1062676 2 -1
1062732 3 -1
1062740 0 -1
1062762 1 1
1062780 6 -1
1062910 2 1
1062935 4 -1
1062974 3 -1
1063009 0 -1
1063092 7 1
1063135 9 -1
1063137 1 1
1063149 0 1
1063160 2 1
1063194 3 1
1063248 0 -1
1063264 6 -1
1063264 12 1
1063314 1 -1
1063356 5 -1
1063420 3 -1
1063479 0 -1
1063503 1 1
1063584 0 1
1063619 2 1
1063662 3 -1
1063665 4 -1
1063701 0 1
1063737 22 -1
1063759 8 -1
1063780 11 -1
1063818 7 -1
1063845 5 1
1063845 2 -1
1063868 1 -1
1063882 3 1
1063936 0 1
1064033 0 -1
1064036 1 -1
1064064 4 -1
1064076 2 1
1064148 0 -1
1064178 6 1
1064221 1 1
1064323 5 1
1064350 3 -1
1064367 0 1
1064390 4 -1
1064394 1 1
1064425 9 -1
1064491 0 1
1064549 2 -1
1064570 3 1
1064592 1 -1
1064604 0 1
1064629 6 -1
1064748 5 1
1064777 1 1
1064780 8 -1
1064782 2 1
1064796 3 -1
1064801 13 -1
1064855 0 1
1064898 16 -1
1064950 1 1
1064971 0 -1
1065011 2 -1
1065100 7 1
1065105 0 -1
1065116 4 1
1065178 6 1
1065253 5 -1
1065258 3 1
1065336 1 -1
1065436 0 1
1065479 10 1
1065484 3 -1
1065489 2 1
1065511 4 -1
1065523 1 -1
1065546 0 -1
1065629 11 1
1065704 5 1
1065707 0 -1
1065716 1 -1
1065726 3 -1
1065726 2 -1
1065726 8 1
1065785 7 -1
1065836 0 -1
1065882 4 1
1065946 2 1
1065973 6 1
1066011 0 -1
1066067 1 1
1066126 0 1
1066166 3 -1
1066215 5 1
1066236 1 1
1066266 0 -1
1066325 7 1
1066403 15 1
1066424 2 -1
1066430 3 -1
1066432 1 -1
1066518 0 -1
1066575 19 1
1066575 6 -1
1066575 14 1
1066607 4 1
1066642 0 -1
1066656 2 1
1066672 3 -1
1066747 9 -1
1066760 0 -1
1066821 1 -1
1066833 10 -1
1066892 3 1
1066900 2 1
1066978 4 -1
1066992 0 1
1067014 1 1
1067118 3 -1
1067123 6 1
1067142 0 -1
1067144 5 1
1067177 12 1
1067200 1 -1
1067258 0 -1
1067308 4 1
1067360 3 -1
1067362 2 1
1067381 1 1
1067499 9 1
1067510 6 -1
1067580 3 1
1067587 1 -1
1067591 2 -1
1067612 0 -1
1067628 5 -1
1067650 11 1
1067650 8 -1
1067712 7 1
1067759 0 1
1067772 1 1
1067838 2 -1
1067865 0 -1
1067941 1 -1
1067994 6 -1
1067995 0 1
1068048 3 -1
1068058 4 1
1068107 0 -1
1068144 5 -1
1068220 0 -1
1068268 3 1
1068284 10 1
1068289 2 -1
1068316 9 -1
1068342 1 1
1068343 0 -1
1068365 7 1
1068413 4 -1
1068429 6 1
1068494 3 -1
1068506 1 1
1068523 2 1
1068566 0 1
1068682 8 -1
1068683 0 1
1068697 1 -1
1068749 2 -1
1068752 4 1
1068832 0 -1
1068886 6 1
1068953 3 1
1069030 1 -1
1069088 0 -1
1069101 5 1
1069139 7 -1
1069182 3 -1
1069184 0 1
1069223 1 1
1069224 2 1
1069292 0 -1
1069405 1 -1
1069423 3 -1
1069449 4 -1
1069456 2 -1
1069523 0 -1
1069574 5 -1
1069585 8 1
1069585 18 -1
1069692 2 1
1069698 0 -1
1069775 4 1
1069780 1 1
1069870 3 -1
1069875 0 1
1069896 6 1
1069912 2 -1
1069961 1 -1
1069993 0 1
1070025 5 1
1070058 12 -1
1070090 4 1
1070111 3 -1
1070134 1 -1
1070149 0 -1
1070165 2 -1
1070254 0 -1
1070324 1 1
1070332 3 1
1070348 6 -1
1070380 13 -1
1070391 2 1
1070415 0 1
1070481 4 1
1070509 1 -1
1070525 7 -1
1070557 3 -1
1070641 2 1
1070680 1 -1
1070713 0 -1
1070799 3 -1
1070810 9 1
1070850 0 -1
1070852 4 -1
1070864 6 1
1070884 1 1
1071004 5 -1
1071020 3 1
1071022 0 1
1071041 10 1
1071046 15 -1
1071090 16 -1
1071100 2 1
1071170 7 -1
1071194 4 -1
1071240 0 -1
1071245 3 -1
1071267 1 1
1071329 2 -1
1071364 0 1
1071455 5 1
1071456 1 -1
1071471 0 -1
1071476 17 -1
1071541 8 -1
1071549 4 1
1071557 2 1
1071638 1 -1
1071691 6 -1
1071718 3 1
1071756 11 1
1071791 0 -1
1071920 3 -1
1071941 0 1
1071968 7 -1
1071976 5 1
1072008 1 -1
1072035 2 -1
1072036 9 -1
1072065 0 1
1072132 3 -1
1072164 6 -1
1072170 1 -1
1072186 4 1
1072261 0 -1
1072272 2 1
1072363 1 1
1072379 10 1
1072390 5 1
1072398 0 1
1072492 2 -1
1072508 20 -1
1072519 8 -1
1072522 3 -1
1072535 0 1
1072565 4 -1
1072670 0 1
1072680 6 -1
1072702 12 -1
1072710 1 -1
1072734 3 -1
1072750 7 1
1072842 5 -1
1072895 9 -1
1072903 1 1
1072928 3 1
1072944 4 1
1072970 2 1
1072981 0 1
1073069 1 -1
1073105 0 1
1073220 2 1
1073242 0 1
1073270 1 1
1073336 3 -1
1073347 13 -1
1073358 5 -1
1073427 7 -1
1073428 2 1
1073468 1 -1
1073530 3 1
1073546 0 1
1073551 8 -1
1073625 1 -1
1073637 4 -1
1073669 10 -1
1073680 6 -1
1073680 2 -1
1073683 0 1
1073712 11 -1
1073726 3 -1
1073808 1 1
1073852 5 -1
1073853 0 1
1073900 2 1
1073938 3 -1
1074048 4 -1
1074064 7 -1
1074064 0 -1
1074078 6 1
1074131 3 1
1074145 2 1
1074169 1 1
1074223 0 1
1074352 0 1
1074356 1 -1
1074362 3 1
1074373 2 -1
1074400 14 -1
1074419 4 1
1074462 0 -1
1074486 6 1
1074486 8 1
1074550 1 1
1074556 3 -1
1074602 0 -1
1074736 0 -1
1074750 7 -1
1074776 5 -1
1074836 2 -1
1074848 0 1
1074852 6 1
1074886 1 1
1074964 3 1
1075076 1 -1
1075080 2 -1
1075090 0 1
1075153 9 -1
1075158 3 -1
1075173 4 1
1075185 5 -1
1075193 0 -1
1075274 1 1
1075303 0 -1
1075314 2 1
1075357 3 1
1075411 8 -1
1075454 6 -1
1075479 4 1
1075507 0 -1
1075636 5 1
1075642 0 1
1075660 1 1
1075690 11 -1
1075760 3 -1
1075765 0 1
1075771 2 1
1075842 1 -1
1075870 4 -1
1075910 6 -1
1075916 9 1
1075959 3 1
1075980 0 -1
1075991 16 -1
1076023 2 1
1076047 1 1
1076055 13 1
1076085 0 1
1076168 3 1
1076201 7 -1
1076202 0 1
1076217 1 1
1076249 4 1
1076249 2 -1
1076265 10 1
1076308 0 -1
1076378 15 -1
1076389 6 -1
1076402 1 -1
1076442 0 1
1076443 8 -1
1076550 0 -1
1076561 3 1
1076588 1 1
1076593 5 -1
1076620 4 -1
1076655 0 -1
1076725 2 1
1076775 1 -1
1076813 3 1
1076846 7 -1
1076879 0 1
1076915 12 1
1076916 9 1
1076934 4 -1
1076953 2 -1
1076985 0 -1
1077039 3 -1
1077055 5 1
1077109 0 -1
1077156 1 -1
1077184 2 1
1077227 6 1
1077313 4 1
1077335 8 1
1077340 0 -1
1077341 1 1
1077415 2 -1
1077458 7 -1
1077464 0 -1
1077501 3 1
1077506 1 1
1077550 5 -1
1077584 0 -1
1077660 2 -1
1077668 10 -1
1077668 17 -1
1077727 3 -1
1077797 11 -1
1077810 0 1
1077818 6 -1
1077881 1 1
1077894 2 1
1077928 0 1
1077969 3 -1
1078028 0 -1
1078067 1 -1
1078076 9 -1
1078103 4 -1
1078125 2 -1
1078141 0 -1
1078252 1 1
1078264 0 -1
1078362 0 1
1078415 3 -1
1078487 0 1
1078512 5 1
1078528 14 -1
1078530 4 -1
1078560 6 -1
1078599 1 -1
1078603 2 1
1078657 3 -1
1078700 19 1
1078710 0 1
1078772 1 1
1078802 2 1
1078815 0 -1
1078845 7 1
1078877 3 1
1078909 4 1
1078942 0 -1
1078978 1 -1
1078979 5 -1
1079054 2 1
1079119 10 -1
1079163 0 1
1079282 0 1
1079324 1 1
1079345 3 -1
1079388 0 1
1079388 8 1
1079420 5 1
1079474 12 -1
1079500 6 -1
1079518 1 -1
1079530 2 -1
1079560 9 1
1079565 3 1
1079616 0 -1
1079643 4 1
1079643 7 1
1079699 1 1
1079734 0 -1
1079756 2 1
1079774 11 -1
1079791 3 -1
1079840 0 1
1079904 21 -1
1079914 5 -1
1079925 6 -1
1079961 4 1
1079992 2 -1
1080050 1 -1
1080082 0 1
1080188 0 -1
1080219 1 -1
1080253 3 1
1080274 6 -1
1080280 4 1
1080290 8 -1
1080312 0 -1
1080376 7 -1
1080409 5 -1
1080421 1 1
1080468 2 1
1080478 3 -1
1080543 0 -1
1080634 10 1
1080659 0 -1
1080694 2 -1
1080699 9 -1
1080720 3 -1
1080761 0 1
1080776 1 -1
1080892 5 1
1080925 2 1
1080941 3 1
1080965 1 1
1080981 4 -1
1080989 0 -1
1081120 0 1
1081138 1 1
1081161 2 -1
1081166 3 -1
1081218 0 -1
1081258 6 -1
1081301 8 -1
1081336 4 1
1081349 5 -1
1081382 2 1
1081408 3 -1
1081438 0 1
1081473 13 1
1081509 1 1
1081537 12 1
1081551 0 1
1081629 3 1
1081634 2 1
1081672 0 1
1081682 7 1
1081703 4 -1
1081711 1 -1
1081797 0 1
1081817 11 -1
1081838 9 1
1081860 2 -1
1081900 0 -1
1081900 1 1
1081903 6 1
1081924 10 -1
1082010 0 -1
1082090 4 -1
1082096 1 -1
1082115 0 1
1082118 3 -1
1082279 1 -1
1082311 5 1
1082336 2 1
1082349 0 1
1082408 7 -1
1082432 4 -1
1082451 3 -1
1082464 1 1
1082472 0 1
1082505 6 -1
1082572 2 -1
1082577 0 -1
1082644 3 1
1082652 1 -1
1082655 14 -1
1082763 5 -1
1082787 4 1
1082800 2 1
1082819 0 -1
1082938 0 -1
1082945 6 1
1082999 1 1
1083044 0 1
1083053 3 -1
1083069 7 -1
1083077 4 -1
1083118 10 -1
1083150 8 -1
1083171 30 -1
1083192 1 -1
1083246 3 1
1083247 5 1
1083273 2 -1
1083285 0 1
1083355 1 -1
1083392 0 1
1083442 3 -1
1083451 6 1
1083496 0 -1
1083504 2 1
1083615 0 -1
1083687 11 1
1083717 0 1
1083733 2 -1
1083746 4 1
1083758 1 1
1083844 0 1
1083848 3 1
1083859 6 -1
1083859 12 -1
1083916 1 1
1083959 0 1
1083988 17 -1
1084044 3 -1
1084105 1 -1
1084139 8 -1
1084139 9 1
1084165 4 1
1084171 5 1
1084182 2 -1
1084242 0 1
1084246 13 -1
1084257 3 -1
1084346 0 -1
1084386 6 -1
1084418 2 1
1084450 3 1
1084476 1 1
1084477 0 -1
1084488 4 1
1084488 7 -1
1084547 28 1
1084633 10 1
1084638 2 -1
1084654 3 -1
1084665 5 1
1084669 1 -1
1084767 0 -1
1084853 1 1
1084866 0 1
1084891 2 -1
1084961 3 1
1084996 0 1
1085038 1 -1
1085117 2 1
1085128 5 -1
1085128 9 1
1085186 3 -1
1085192 8 -1
1085197 4 1
1085210 1 -1
1085305 6 -1
1085326 7 -1
1085332 0 1
1085367 2 1
1085387 1 1
1085436 0 -1
1085563 0 -1
1085568 4 1
1085579 2 1
1085584 1 -1
1085649 3 1
1085678 0 -1
1085729 6 -1
1085784 0 1
1085874 3 -1
1085910 0 1
1085923 15 1
1085923 22 1
1085923 18 1
1085941 1 1
1085963 4 1
1086026 0 1
1086052 7 1
1086055 2 -1
1086095 5 1
1086116 3 -1
1086134 1 -1
1086202 6 1
1086202 9 -1
1086224 12 1
1086251 0 -1
1086283 2 1
1086314 1 -1
1086356 0 -1
1086479 0 -1
1086530 2 1
1086546 5 -1
1086562 3 -1
1086677 1 -1
1086685 4 -1
1086704 0 1
1086804 3 -1
1086827 0 1
1086884 1 -1
1086933 0 1
1086998 2 1
1087011 4 -1
1087025 3 1
1087062 8 -1
1087068 5 -1
1087070 1 1
1087148 13 1
1087156 0 -1
1087213 16 -1
1087218 2 -1
1087245 6 1
1087262 0 1
1087342 4 1
1087377 0 1
1087390 1 1
1087471 2 -1
1087471 10 1
1087487 7 1
1087504 0 1
1087514 3 -1
1087540 5 1
1087570 1 -1
1087610 0 1
1087710 0 -1
1087729 6 1
1087753 1 1
1087761 3 -1
1087815 11 1
1087831 0 -1
1087914 1 1
1087946 2 1
1087965 8 1
1087981 3 1
1088019 4 -1
1088051 5 1
1088051 12 1
1088059 0 1
1088108 1 -1
1088148 6 1
1088159 2 1
1088178 0 1
1088188 7 -1
1088207 3 -1
1088293 0 1
1088293 1 1
1088366 4 1
1088406 2 1
1088449 3 -1
1088454 1 1
1088502 5 -1
1088524 9 -1
1088535 0 1
1088634 2 -1
1088640 0 -1
1088669 3 1
1088728 4 -1
1088766 0 -1
1088809 7 -1
1088833 1 1
1088882 2 -1
1088890 10 -1
1088895 3 -1
1088938 5 1
1088976 8 1
1088978 0 1
1089012 1 -1
1089094 0 1
1089099 2 -1
1089104 6 1
1089196 1 -1
1089212 0 1
1089322 0 -1
1089333 2 1
1089357 3 1
1089440 0 -1
1089442 4 -1
1089545 6 1
1089559 0 -1
1089571 1 -1
1089583 3 -1
1089656 0 1
1089663 11 -1
1089754 1 1
1089792 4 1
1089806 2 -1
1089825 3 -1
1089878 5 1
1089879 0 -1
1089879 9 1
1089942 1 -1
1089964 12 1
1089975 8 1
1089999 0 -1
1090040 6 1
1090040 2 1
1090050 24 -1
1090115 4 1
1090118 0 -1
1090264 1 -1
1090271 3 -1
1090271 2 -1
1090331 0 1
1090341 13 1
1090341 10 1
1090362 5 -1
1090421 7 -1
1090438 0 -1
1090454 1 1
1090513 6 1
1090556 0 -1
1090631 3 -1
1090639 1 1
1090695 19 1
1090749 2 1
1090792 0 -1
1090828 1 1
1090835 5 1
1090867 3 -1
1090889 8 -1
1090889 9 1
1090897 4 -1
1090900 6 -1
1090910 14 -1
1090913 0 -1
1090975 2 -1
1091014 1 1
1091034 0 -1
1091066 7 -1
1091139 0 1
1091195 1 1
1091206 2 1
1091262 0 1
1091308 4 -1
1091313 3 -1
1091324 6 -1
1091381 0 1
1091381 1 -1
1091426 15 1
1091496 0 1
1091555 3 -1
1091651 4 1
1091679 2 -1
1091711 0 -1
1091727 11 -1
1091756 1 -1
1091776 3 1
1091776 5 -1
1091781 6 1
1091816 0 1
1091856 7 1
1091856 8 1
1091910 2 1
1091940 0 1
1091963 1 -1
1092001 3 -1
1092141 2 -1
1092163 1 1
1092176 0 1
1092227 5 1
1092243 3 -1
1092281 0 -1
1092356 4 -1
1092386 0 -1
1092386 2 -1
1092464 3 1
1092499 1 -1
1092617 0 1
1092620 2 1
1092673 6 -1
1092679 1 -1
1092689 3 -1
1092700 5 -1
1092734 0 1
1092767 4 -1
1092802 27 -1
1092824 13 1
1092840 0 -1
1092850 2 -1
1092856 8 1
1092884 1 -1
1092958 0 -1
1093060 18 1
1093063 0 -1
1093076 2 1
1093090 4 -1
1093146 9 1
1093151 3 1
1093186 0 -1
1093243 10 -1
1093254 6 1
1093255 1 -1
1093293 0 1
1093324 7 -1
1093404 4 -1
1093431 3 1
1093436 1 -1
1093533 16 -1
1093534 0 1
1093538 5 1
1093555 2 -1
1093614 1 1
1093641 0 -1
1093657 3 -1
1093673 6 1
1093759 0 -1
1093786 2 1
1093799 1 1
1093811 4 -1
1093877 9 1
1093985 1 -1
1093995 0 -1
1094011 2 -1
1094033 7 1
1094049 12 -1
1094054 5 1
1094116 0 -1
1094119 3 1
1094154 1 1
1094194 4 1
1094237 0 -1
1094341 1 -1
1094344 3 -1
1094444 0 1
1094482 2 1
1094500 10 -1
1094533 5 -1
1094537 4 -1
1094560 0 -1
1094586 3 -1
1094672 0 -1
1094678 7 1
1094683 6 1
1094718 2 -1
1094722 1 -1
1094823 8 -1
1094866 21 -1
1094883 1 -1
1094914 0 -1
1094947 2 1
1094979 5 1
1095019 0 1
1095032 3 -1
1095038 14 -1
1095065 1 -1
1095137 0 1
1095210 9 1
1095218 4 1
1095274 3 -1
1095296 15 1
1095350 6 1
1095363 0 -1
1095387 7 -1
1095393 5 1
1095420 2 -1
1095444 1 -1
1095487 0 -1
1095495 3 1
1095540 4 1
1095597 11 1
1095605 0 -1
1095633 1 1
1095651 2 1
1095720 3 -1
1095726 26 -1
1095780 8 -1
1095790 13 1
1095812 6 1
1095817 0 1
1095844 5 -1
1095849 1 1
1095887 2 -1
1095887 10 1
1095895 4 -1
1095935 0 1
1095968 7 -1
1096016 3 1
1096046 0 -1
1096204 1 -1
1096282 0 -1
1096285 3 -1
1096317 5 1
1096328 12 1
1096349 9 -1
1096360 2 1
1096397 1 1
1096406 0 -1
1096478 3 1
1096500 20 -1
1096512 0 1
1096572 1 1
1096586 2 -1
1096629 17 1
1096630 0 1
1096637 4 1
1096715 8 1
1096734 7 -1
1096754 0 1
1096760 1 -1
1096836 2 -1
1096860 0 -1
1096887 3 -1
1096943 1 -1
1096973 6 -1
1096978 0 -1
1097036 4 1
1097080 3 1
1097145 1 -1
1097189 0 1
1097276 3 -1
1097284 5 -1
1097298 2 -1
1097303 0 1
1097318 1 -1
1097362 4 1
1097419 7 -1
1097431 0 1
1097478 6 -1
1097526 2 1
1097618 11 1
1097661 0 1
1097682 3 1
1097682 9 -1
1097689 1 -1
1097757 0 -1
1097773 5 -1
1097774 2 1
1097862 0 1
1097878 3 -1
1097882 1 1
1097902 6 -1
1098072 1 1
1098080 4 -1
1098090 3 -1
1098104 0 1
1098220 12 1
1098220 0 1
1098225 5 1
1098230 2 1
1098306 29 1
1098338 0 1
1098435 0 -1
1098442 4 1
1098445 6 -1
1098447 1 -1
1098467 2 -1
1098539 0 1
1098564 13 -1
1098564 10 -1
1098585 3 -1
1098608 1 -1
1098663 0 1
1098671 8 -1
1098687 2 1
1098736 9 -1
1098773 7 1
1098777 1 -1
1098781 0 1
1098813 4 -1
1098880 3 -1
1098886 16 1
1099020 0 1
1099080 18 -1
1099101 5 -1
1099122 3 -1
1099123 6 -1
1099139 0 1
1099164 4 1
1099165 14 -1
1099168 2 -1
1099180 1 1
1099249 0 -1
1099343 3 1
1099358 1 -1
1099386 2 1
1099485 0 -1
1099510 9 1
1099523 4 -1
1099533 1 1
1099552 5 1
1099563 6 1
1099563 7 -1
1099568 3 -1
1099609 0 -1
1099617 11 1
1099620 2 -1
1099681 8 -1
1099706 0 1
1099712 1 1
1099810 3 -1
1099845 4 -1
1099859 2 1
1099878 1 1
1099926 0 -1
1100004 5 -1
1100031 3 1
1100044 0 -1
1100063 1 -1
1100079 10 -1
1100101 2 -1
1100160 0 -1
1100176 6 -1
1100208 4 1
1100268 1 -1
1100286 0 -1
1100321 2 1
1100383 0 1
1100385 7 -1
1100482 0 -1
1100498 3 -1
1100574 2 1
1100606 0 -1
1100621 1 1
1100681 8 -1
1100719 3 1
1100809 1 -1
1100837 0 -1
1100944 3 -1
1100950 4 -1
1100960 5 1
1100961 0 -1
1100970 1 -1
1101030 2 1
1101046 6 1
1101059 0 1
1101275 2 1
1101283 0 -1
1101312 4 1
1101321 1 1
1101353 10 -1
1101396 0 -1
1101406 3 1
1101407 5 -1
1101433 6 -1
1101503 2 -1
1101506 1 1
1101517 0 -1
1101696 1 1
1101712 4 1
1101724 3 -1
1101742 0 1
1101837 7 -1
1101863 5 -1
1101866 0 1
1101944 3 1
1101960 9 -1
1101966 2 -1
1101984 0 1
1102035 6 1
1102062 1 1
1102103 0 1
1102213 2 -1
1102224 0 1
1102248 1 -1
1102342 0 1
1102347 12 -1
1102409 4 -1
1102412 3 -1
1102425 1 1
1102438 0 -1
1102444 2 1
1102514 7 1
1102541 8 -1
1102632 3 1
1102660 0 1
1102713 9 1
1102756 10 1
1102766 0 -1
1102796 4 -1
1102808 1 1
1102831 5 1
1102858 3 -1
1102863 15 -1
1102901 0 1
1102901 2 1
1103002 1 -1
1103078 6 1
1103100 3 -1
1103113 0 -1
1103130 4 -1
1103153 2 1
1103195 1 1
1103219 0 1
1103288 7 1
1103293 5 -1
1103320 3 1
1103337 0 1
1103379 2 -1
1103530 8 -1
1103546 3 -1
1103551 11 -1
1103567 0 -1
1103570 1 1
1103610 2 1
1103685 0 -1
1103691 6 -1
1103759 1 -1
1103788 3 -1
1103790 0 -1
1103793 5 -1
1103809 9 1
1103855 2 1
1103896 0 1
1103916 4 1
1103933 1 -1
1104010 0 1
1104045 13 -1
1104083 2 -1
1104138 0 1
1104174 6 -1
1104196 12 -1
1104207 10 -1
1104239 17 -1
1104244 0 -1
1104291 1 1
1104295 4 -1
1104303 16 -1
1104314 2 1
1104352 3 1
1104432 8 1
1104486 0 -1
1104501 1 1
1104529 7 1
1104564 3 -1
1104599 0 -1
1104642 4 -1
1104670 1 1
1104720 0 -1
1104733 5 -1
1104771 2 1
1104776 3 -1
1104841 18 1
1104946 0 1
1105016 2 1
1105021 4 1
1105057 1 -1
1105063 0 1
1105166 3 -1
1105169 0 1
1105190 7 -1
1105228 5 1
1105228 2 1
1105238 6 1
1105247 1 1
1105376 4 -1
1105378 3 -1
1105397 0 -1
1105400 11 1
1105408 1 1
1105486 8 1
1105515 0 -1
1105545 10 1
1105572 3 1
1105603 1 -1
1105622 0 1
1105626 6 -1
1105704 2 -1
1105722 4 -1
1105722 5 1
1105740 0 1
1105787 1 1
1105835 7 -1
1105857 0 1
1105932 2 1
1105975 0 -1
1105976 1 -1
1105980 3 -1
1106002 12 -1
1106018 6 1
1106117 4 -1
1106133 0 -1
1106158 1 1
1106174 3 1
1106179 2 1
1106324 9 -1
1106370 3 -1
1106375 0 -1
1106389 15 1
1106410 8 -1
1106472 0 1
1106506 1 -1
1106572 0 -1
1106625 5 1
1106633 7 -1
1106647 2 1
1106690 1 -1
1106770 10 1
1106776 3 1
1106808 0 -1
1106810 4 1
1106867 1 1
1106867 2 -1
1106926 0 -1
1106972 3 -1
1107050 0 -1
1107077 13 -1
1107098 5 -1
1107120 2 -1
1107184 3 -1
1107189 4 -1
1107195 6 1
1107246 1 -1
1107273 0 1
1107334 20 -1
1107345 2 1
1107383 7 1
1107396 0 1
1107420 11 1
1107421 14 -1
1107431 1 1
1107512 0 1
1107528 8 -1
1107564 4 1
1107574 3 -1
1107592 5 -1
1107595 2 1
1107603 6 -1
1107619 1 -1
1107633 0 1
1107743 9 -1
1107748 0 -1
1107786 3 -1
1107808 2 1
1107853 0 -1
1107950 0 1
1107980 3 1
1107992 1 -1
1107996 7 1
1108055 2 1
1108087 6 -1
1108161 1 -1
1108192 0 1
1108297 0 -1
1108322 4 -1
1108377 1 -1
1108388 3 -1
1108431 0 1
1108512 2 1
1108517 8 -1
1108544 5 -1
1108568 1 1
1108581 3 1
1108624 23 1
1108625 9 -1
1108632 0 1
1108640 4 -1
1108689 7 -1
1108737 1 1
1108749 0 1
1108759 2 1
1108778 3 -1
1108856 0 -1
1108933 1 -1
1108990 2 -1
1108999 4 1
1109011 5 1
1109022 6 1
1109096 1 -1
1109097 0 -1
1109202 0 -1
1109286 3 -1
1109304 0 1
1109465 1 -1
1109468 2 1
1109490 5 1
1109495 10 1
1109550 0 1
1109597 3 1
1109635 6 -1
1109656 4 1
1109663 0 1
1109664 1 1
1109683 2 1
1109775 0 -1
1109785 13 1
1109823 3 -1
1109860 1 1
1109914 5 1
1109925 2 -1
1110011 0 -1
1110035 4 -1
1110065 3 -1
1110076 6 1
1110129 0 -1
1110172 15 -1
1110172 22 1
1110173 17 -1
1110213 1 -1
1110253 7 1
1110253 0 -1
1110285 3 1
1110382 4 -1
1110390 1 -1
1110398 2 1
1110430 5 1
1110476 0 1
1110495 16 -1
1110495 8 1
1110511 3 -1
1110575 0 -1
1110581 9 -1
1110596 1 -1
1110624 2 -1
1110688 0 -1
1110736 4 1
1110753 3 -1
1110785 10 1
1110855 2 1
1110908 5 1
1110930 0 -1
1110946 12 1
1110948 1 1
1110978 7 -1
1111021 6 -1
1111035 0 1
1111063 4 -1
1111099 2 1
1111136 1 -1
1111152 0 1
1111199 3 -1
1111258 0 1
1111290 11 -1
1111305 1 -1
1111312 8 1
1111328 2 -1
1111344 5 1
1111363 0 -1
1111394 4 -1
1111440 3 -1
1111462 14 -1
1111466 1 -1
1111484 9 1
1111486 0 -1
1111505 6 -1
1111559 2 1
1111604 0 -1
1111656 1 1
1111661 3 1
1111708 4 -1
1111790 2 -1
1111801 7 -1
1111829 0 1
1111841 1 1
1111892 18 1
1111935 0 1
1112026 1 -1
1112045 0 -1
1112123 10 -1
1112128 3 -1
1112129 6 1
1112268 2 1
1112282 0 -1
1112354 5 1
1112405 0 -1
1112418 1 1
1112419 3 -1
1112419 8 -1
1112451 12 -1
1112494 4 1
1112499 2 -1
1112508 0 1
1112558 9 -1
1112601 1 -1
1112655 3 -1
1112725 2 1
1112753 0 1
1112794 1 1
1112820 4 1
1112827 5 -1
1112866 0 1
1112978 0 -1
1113010 19 1
1113085 6 -1
1113101 3 -1
1113102 0 -1
1113155 1 1
1113171 4 -1
1113179 7 1
1113204 2 -1
1113206 0 -1
1113273 5 1
1113303 0 1
1113343 3 -1
1113344 1 1
1113354 11 -1
1113430 0 1
1113434 2 1
1113440 31 -1
1113514 1 1
1113564 3 1
1113612 9 -1
1113660 0 1
1113679 2 1
1113725 6 -1
1113778 0 -1
1113784 21 -1
1113789 3 -1
1113881 7 -1
1113883 0 -1
1113901 4 -1
1113909 1 -1
1114031 3 -1
1114084 1 1
1114104 0 1
1114139 2 1
1114149 6 -1
1114219 5 -1
1114219 0 1
1114231 1 -1
1114251 3 1
1114252 4 -1
1114278 8 -1
1114340 0 1
1114370 2 -1
1114409 1 1
1114450 9 -1
1114477 3 -1
1114536 6 1
1114558 12 1
1114558 7 -1
1114558 0 -1
1114592 1 -1
1114612 2 -1
1114630 4 1
1114656 0 1
1114692 5 1
1114763 1 1
1114781 0 1
1114843 2 1
1114899 0 1
1114941 1 1
1114977 6 -1
1115004 0 -1
1115052 3 -1
1115068 2 -1
1115074 10 1
1115138 0 1
1115186 5 -1
1115248 0 -1
1115262 3 1
1115289 8 -1
1115300 2 1
1115304 1 1
1115375 11 -1
1115420 4 -1
1115450 6 -1
1115455 3 -1
1115482 9 -1
1115485 0 -1
1115487 1 -1
1115493 13 -1
1115536 2 -1
1115608 0 -1
1115674 1 -1
1115676 14 -1
1115711 0 1
1115751 4 -1
1115848 16 1
1115864 3 1
1115864 7 1
1115912 6 -1
1115939 0 1
1116009 2 1
1116031 1 -1
1116044 0 -1
1116057 3 -1
1116077 4 1
1116154 5 1
1116159 0 -1
1116214 1 -1
1116235 2 -1
1116256 3 1
1116321 8 -1
1116392 0 1
1116400 1 1
1116428 9 -1
1116476 4 -1
1116484 2 -1
1116506 0 1
1116557 5 1
1116589 7 -1
1116590 10 1
1116622 0 1
1116659 3 -1
1116783 6 -1
1116787 1 1
1116831 4 1
1116858 3 1
1116874 0 1
1116880 25 1
1116901 12 -1
1116947 2 -1
1116976 1 -1
1117019 5 -1
1117049 0 -1
1117068 3 1
1117158 1 1
1117159 0 1
1117175 2 1
1117206 4 1
1117266 6 -1
1117309 3 1
1117331 7 1
1117357 1 -1
1117412 0 1
1117422 2 1
1117514 5 -1
1117520 0 -1
1117528 1 -1
1117532 4 1
1117584 3 1
1117632 0 1
1117682 1 -1
1117772 6 -1
1117809 3 -1
1117834 0 1
1117859 1 -1
1117879 2 1
1117922 5 -1
1117981 0 -1
1117992 10 -1
1118051 3 -1
1118110 0 1
1118116 2 -1
1118126 15 1
1118145 7 1
1118234 13 1
1118234 8 1
1118236 1 -1
1118328 0 1
1118330 4 -1
1118336 2 1
1118368 5 1
1118406 9 -1
1118427 20 -1
1118429 1 1
1118494 0 -1
1118497 3 -1
1118589 2 1
1118609 1 1
1118626 0 1
1118653 6 1
1118693 4 1
1118736 0 -1
1118739 3 -1
1118782 7 1
1118814 2 -1
1118846 5 -1
1118849 0 1
1118959 3 1
1118980 1 1
1118997 0 -1
1119016 4 1
1119064 2 -1
1119115 12 1
1119115 18 1
1119156 0 1
1119173 1 -1
1119180 8 -1
1119201 6 -1
1119244 11 1
1119290 2 1
1119358 1 1
1119427 3 -1
1119454 0 1
1119502 9 1
1119564 0 -1
1119588 6 1
1119604 7 1
1119647 3 1
1119677 0 1
1119717 14 -1
1119719 1 1
1119721 4 1
1119760 5 -1
1119760 2 1
1119873 3 -1
1119890 1 1
1119928 0 1
1119970 2 -1
1120040 4 1
1120074 1 -1
1120115 0 -1
1120158 8 -1
1120201 5 1
1120201 2 1
1120220 0 1
1120266 1 1
1120282 7 1
1120298 9 -1
1120410 4 -1
1120427 3 1
1120448 6 -1
1120453 1 -1
1120456 0 -1
1120491 10 -1
1120626 0 -1
1120636 1 1
1120652 3 1
1120652 5 -1
1120695 2 -1
1120760 0 -1
1120810 1 1
1120848 3 -1
1120892 0 -1
1120924 2 1
1120986 6 -1
1121039 13 -1
1121085 0 1
1121152 2 -1
1121176 1 1
1121192 4 1
1121218 0 1
1121254 3 1
1121324 0 -1
1121330 16 -1
1121366 1 -1
1121394 11 1
1121450 3 -1
1121534 6 -1
1121547 4 1
1121555 1 1
1121566 0 -1
1121598 5 -1
1121614 2 -1
1121663 3 -1
1121687 0 -1
1121695 12 1
1121716 7 1
1121805 0 -1
1121813 10 1
1121862 2 -1
1121904 1 -1
1121914 4 -1
1122019 0 1
1122039 17 1
1122052 3 -1
1122089 1 1
1122093 2 1
1122114 5 -1
1122125 0 -1
1122125 8 1
1122146 6 -1
1122243 0 -1
1122265 3 -1
1122269 4 1
1122273 1 -1
1122329 2 -1
1122458 3 1
1122480 0 -1
1122512 9 1
1122550 2 1
1122555 7 1
1122566 5 1
1122578 0 1
1122636 1 1
1122660 4 -1
1122695 6 -1
1122696 0 1
1122727 15 -1
1122791 1 1
1122802 0 -1
1122802 2 1
1122867 3 -1
1122928 0 1
1122966 4 -1
1122984 1 -1
1123028 2 -1
1123044 0 -1
1123049 8 -1
1123060 3 1
1123071 10 1
1123157 0 -1
1123168 1 -1
1123184 6 -1
1123256 3 -1
1123297 7 -1
1123345 1 1
1123350 9 -1
1123353 4 1
1123369 0 1
1123415 11 1
1123458 5 1
1123485 0 1
1123504 2 1
1123542 1 -1
1123610 0 1
1123662 3 1
1123724 1 -1
1123732 2 -1
1123802 12 -1
1123823 6 -1
1123831 0 -1
1123845 14 -1
1123858 3 -1
1123920 5 -1
1123958 0 -1
1123966 2 1
1124022 4 -1
1124070 3 -1
1124073 0 -1
1124081 8 -1
1124087 1 -1
1124264 3 1
1124280 1 1
1124304 0 1
1124328 5 -1
1124344 4 -1
1124421 0 1
1124425 10 -1
1124441 2 -1
1124460 3 -1
1124462 1 -1
1124527 0 -1
1124635 7 1
1124672 3 -1
1124673 2 1
1124694 6 1
1124705 9 -1
1124715 4 1
1124750 0 -1
1124780 5 1
1124791 24 1
1124854 1 -1
1124866 3 1
1124874 0 -1
1124904 2 -1
1124980 0 1
1125046 1 1
1125204 0 -1
1125215 1 1
1125264 6 -1
1125296 5 1
1125309 0 -1
1125312 7 -1
1125360 2 -1
1125387 3 1
1125392 19 1
1125425 4 1
1125425 0 -1
1125602 1 1
1125602 2 -1
1125657 0 1
1125704 3 -1
1125704 6 1
1125715 10 -1
1125736 5 -1
1125772 0 1
1125780 4 -1
1125796 1 -1
1125828 2 1
1125887 0 1
1125909 18 1
1125925 3 1
1125981 1 1
1126005 8 1
1126038 15 -1
1126038 7 1
1126105 0 -1
1126166 4 1
1126199 5 1
1126226 0 -1
1126296 2 1
1126330 0 1
1126332 1 -1
1126392 3 -1
1126454 0 1
1126516 2 -1
1126521 1 1
1126572 0 1
1126613 3 1
1126650 6 1
1126661 9 -1
1126682 17 -1
1126688 0 1
1126709 1 -1
1126747 13 1
1126768 2 -1
1126813 0 1
1126838 3 -1
1126876 4 -1
1126962 8 -1
1127034 0 -1
1127037 6 -1
1127061 1 1
1127070 10 1
1127155 5 1
1127161 0 -1
1127231 4 1
1127231 1 1
1127244 2 1
1127259 0 1
1127284 11 -1
1127300 3 1
1127426 1 -1
1127456 2 1
1127489 0 1
1127499 6 -1
1127526 3 -1
1127564 12 -1
1127602 7 1
1127607 0 1
1127607 9 -1
1127626 4 1
1127655 5 1
1127704 2 1
1127717 0 -1
1127768 3 -1
1127787 1 1
1127951 8 -1
1127954 0 -1
1127972 14 -1
1127972 1 -1
1127996 4 -1
1128056 0 1
1128058 3 -1
1128123 5 -1
1128146 1 -1
1128160 2 1
1128195 0 -1
1128263 7 1
1128311 3 1
1128319 4 -1
1128367 0 1
1128408 2 1
1128424 10 -1
1128504 3 -1
1128510 6 -1
1128516 1 -1
1128520 0 -1
1128617 9 -1
1128628 0 1
1128639 2 -1
1128703 3 1
1128722 4 -1
1128722 1 1
1128765 0 1
1128910 1 -1
1128994 6 -1
1129053 7 1
1129058 5 -1
1129058 0 1
1129069 4 -1
1129096 2 -1
1129101 1 1
1129106 3 -1
1129168 0 -1
1129176 15 1
1129270 1 1
1129302 0 -1
1129305 3 1
1129348 11 -1
1129348 2 -1
1129413 6 1
1129466 1 -1
1129515 3 1
1129520 13 -1
1129520 9 -1
1129523 0 -1
1129552 5 -1
1129574 2 1
1129629 0 1
1129653 1 1
1129730 7 -1
1129730 0 -1
1129818 4 -1
1129824 2 1
1129875 8 1
1129907 3 1
1129982 6 -1
1130001 0 -1
1130028 1 1
1130036 5 1
1130050 2 -1
1130103 0 1
1130117 3 1
1130165 12 -1
1130201 1 1
1130214 0 1
1130222 4 -1
1130267 2 -1
1130310 3 -1
1130321 0 -1
1130383 1 -1
1130391 7 -1
1130436 0 -1
1130520 6 1
1130524 4 -1
1130531 2 -1
1130547 0 -1
1130574 9 1
1130662 0 1
1130772 1 -1
1130832 8 -1
1130837 3 -1
1130907 6 -1
1130939 10 1
1130957 1 1
1130961 0 1
1130993 5 -1
1130993 2 -1
1131090 3 -1
1131116 7 1
1131118 1 1
1131122 0 -1
1131189 4 -1
1131237 0 -1
1131243 2 -1
1131304 6 1
1131347 11 -1
1131364 3 -1
1131455 5 1
1131468 2 1
1131473 1 -1
1131476 9 -1
1131546 0 -1
1131572 4 1
1131605 3 -1
1131665 1 1
1131702 0 1
1131794 7 1
1131812 0 -1
1131826 3 1
1131834 1 1
1131906 5 -1
1131907 8 -1
1131933 2 1
1131979 4 1
1132005 1 -1
1132052 3 -1
1132060 0 -1
1132100 14 -1
1132176 1 -1
1132181 2 1
1132229 0 -1
1132293 3 -1
1132336 6 -1
1132354 1 1
1132358 13 1
1132358 10 -1
1132363 0 1
1132390 5 1
1132406 2 -1
1132530 9 -1
1132542 0 1
1132555 1 -1
1132646 0 -1
1132702 12 -1
1132721 4 1
1132739 3 -1
1132745 16 -1
1132777 6 1
1132777 0 -1
1132874 15 1
1132874 2 -1
1132914 1 1
1132917 5 1
1132965 0 1
1132981 3 -1
1133035 4 1
1133094 2 1
1133108 1 -1
1133202 3 1
1133204 0 -1
1133282 6 1
1133289 1 1
1133301 7 -1
1133314 5 1
1133347 2 1
1133358 0 1
1133398 4 -1
1133508 0 -1
1133572 2 -1
1133616 10 -1
1133648 23 -1
1133660 1 -1
1133669 3 -1
1133773 0 1
1133809 5 1
1133822 2 -1
1133841 1 1
1133949 8 1
1133970 3 -1
1133970 0 1
1134031 1 -1
1134035 17 1
1134048 2 1
1134051 7 1
1134067 4 -1
1134088 6 -1
1134091 0 1
1134207 3 -1
1134285 2 -1
1134341 0 1
1134369 1 1
1134449 0 -1
1134486 4 -1
1134563 1 -1
1134572 0 -1
1134637 9 1
1134647 6 1
1134653 3 -1
1134680 22 1
1134685 0 -1
1134720 7 -1
1134733 5 1
1134760 2 1
1134783 0 1
1134784 1 -1
1134825 4 -1
1134873 8 -1
1134895 3 -1
1134946 0 -1
1134964 1 1
1134986 2 -1
1135002 13 -1
1135086 0 1
1135115 3 1
1135125 1 1
1135131 6 1
1135212 2 1
1135238 5 1
1135282 11 1
1135319 1 -1
1135416 0 -1
1135458 4 1
1135494 1 -1
1135545 0 -1
1135582 3 -1
1135663 2 1
1135682 0 -1
1135690 5 -1
1135776 8 1
1135803 3 1
1135828 4 -1
1135841 9 -1
1135875 1 -1
1135905 2 -1
1135975 0 1
1136029 3 -1
1136034 7 1
1136066 1 1
1136072 0 -1
1136163 6 -1
1136166 2 -1
1136195 0 1
1136196 10 1
1136219 4 -1
1136248 1 -1
1136456 0 1
1136582 3 -1
1136598 0 1
1136604 6 1
1136606 1 1
1136623 7 1
1136631 2 -1
1136658 9 1
1136684 5 1
1136744 0 -1
1136786 8 1
1136792 3 1
1136792 1 -1
1136862 2 1
1136881 0 1
1136913 4 1
1136977 1 1
1136985 3 -1
1137055 6 -1
1137071 0 1
1137098 2 -1
1137130 19 1
1137182 0 -1
1137195 5 1
1137195 12 -1
1137235 4 1
1137260 7 1
1137319 2 1
1137345 11 1
1137351 0 1
1137352 1 1
1137394 3 1
1137534 10 1
1137538 1 -1
1137571 6 1
1137571 2 1
1137587 3 -1
1137603 15 1
1137606 4 -1
1137646 5 -1
1137660 0 1
1137699 1 -1
1137786 3 1
1137786 8 1
1137797 2 -1
1137808 0 -1
1137949 0 1
1137969 6 -1
1138028 2 1
1138033 13 -1
1138050 1 1
1138189 3 -1
1138200 0 1
1138251 1 -1
1138324 0 -1
1138356 4 -1
1138356 9 -1
1138388 3 1
1138399 6 -1
1138420 16 1
1138436 1 1
1138482 0 1
1138501 2 -1
1138506 5 1
1138598 3 1
1138630 7 1
1138692 0 -1
1138700 8 -1
1138735 4 1
1138735 2 1
1138799 1 -1
1138850 0 1
1138872 6 -1
1138915 3 -1
1138963 2 -1
1138969 10 -1
1138977 1 -1
1138985 0 1
1139022 5 1
1139119 0 1
1139134 4 1
1139135 3 1
1139174 1 -1
1139251 0 1
1139275 7 1
1139361 3 -1
1139366 11 1
1139380 0 1
1139409 12 1
1139442 2 1
1139452 17 -1
1139472 4 -1
1139503 0 1
1139506 5 -1
1139553 1 -1
1139603 3 -1
1139646 9 -1
1139651 6 -1
1139667 8 1
1139678 2 -1
1139726 0 -1
1139738 1 -1
1139847 4 1
1139857 0 1
1139898 2 1
1139924 1 1
1139955 0 -1
1139979 5 1
1140041 7 1
1140049 3 -1
1140175 0 1
1140202 4 -1
1140215 6 1
1140288 0 1
1140291 3 -1
1140303 1 1
1140355 14 -1
1140377 2 -1
1140409 0 1
1140452 9 1
1140473 5 1
1140496 1 -1
1140511 3 1
1140565 4 1
1140602 2 1
1140613 15 1
1140637 0 -1
1140678 13 1
1140678 1 1
1140731 6 1
1140750 7 -1
1140756 0 -1
1140828 2 -1
1140859 1 1
1140882 0 -1
1140919 5 -1
1140978 3 -1
1141052 1 -1
1141186 0 -1
1141199 3 1
1141234 1 1
1141298 4 -1
1141312 2 1
1141317 0 -1
1141363 7 -1
1141371 5 1
1141408 11 1
1141423 1 -1
1141425 3 -1
1141465 0 1
1141538 2 -1
1141580 10 1
1141633 4 1
1141666 8 1
1141723 0 -1
1141731 6 -1
1141763 2 1
1141810 1 -1
1141900 0 -1
1141957 3 1
1141989 12 1
1141996 1 1
1142008 4 -1
1142027 0 -1
1142072 7 1
1142161 20 -1
1142172 6 1
1142182 3 1
1142187 1 -1
1142226 2 1
1142295 5 1
1142366 0 1
1142379 3 -1
1142473 0 -1
1142473 2 1
1142544 1 1
1142580 0 -1
1142591 3 -1
1142634 8 -1
1142688 6 1
1142701 2 -1
1142725 7 -1
1142746 1 1
1142749 4 -1
1142784 3 1
1142784 5 -1
1142849 9 -1
1142927 0 1
1142937 1 -1
1142980 3 -1
1143032 10 -1
1143075 0 -1
1143144 4 1
1143177 2 1
1143193 3 -1
1143212 0 -1
1143284 5 -1
1143298 1 1
1143322 11 -1
1143324 0 1
1143408 2 -1
1143451 13 -1
1143478 0 -1
1143487 1 -1
1143535 4 1
1143582 3 -1
1143591 8 -1
1143615 0 -1
1143644 2 1
1143677 1 1
1143721 0 1
1143730 6 -1
1143773 9 -1
1143795 3 -1
1143878 1 -1
1143953 0 -1
1143988 3 1
1144035 1 -1
1144066 0 1
1144117 2 -1
1144172 4 -1
1144176 0 -1
1144187 5 -1
1144221 1 1
1144252 6 -1
1144297 7 -1
1144343 2 1
1144354 16 1
1144386 1 1
1144397 3 -1
1144434 10 1
1144483 14 -1
1144496 0 -1
1144551 4 1
1144593 2 1
1144596 3 1
1144647 0 1
1144655 5 1
1144655 6 1
1144741 9 -1
1144773 1 1
1144789 3 -1
1144805 2 1
1144835 0 -1
1144918 7 -1
1144926 4 -1
1144960 1 -1
1145052 2 1
1145074 6 1
1145085 18 -1
1145113 0 1
1145117 5 -1
1145148 1 1
1145198 3 1
1145235 0 1
1145257 4 1
1145281 2 -1
1145386 11 -1
1145391 3 -1
1145418 0 1
1145439 6 -1
1145493 9 1
1145494 1 -1
1145509 2 1
1145525 0 -1
1145568 8 1
1145590 3 1
1145627 4 -1
1145662 0 -1
1145708 12 1
1145712 1 -1
1145716 7 -1
1145799 3 1
1145805 0 -1
1145848 6 1
1145877 1 -1
1145942 0 1
1145950 4 -1
1145988 2 -1
1145993 3 -1
1146106 5 1
1146160 17 1
1146192 3 1
1146232 1 1
1146235 0 -1
1146238 2 -1
1146272 4 -1
1146288 9 -1
1146388 0 1
1146409 3 1
1146410 1 1
1146418 6 -1
1146471 8 -1
1146477 2 1
1146533 0 1
1146568 5 -1
1146603 1 -1
1146748 0 -1
1146788 1 1
1146893 4 -1
1146899 0 1
1146939 3 1
1146955 2 1
1146978 1 -1
1147019 5 1
1147020 0 1
1147038 7 1
1147161 1 1
1147192 2 -1
1147208 10 1
1147256 3 -1
1147272 4 1
1147310 0 -1
1147320 6 1
1147349 1 -1
1147406 11 -1
1147412 2 1
1147428 8 1
1147463 0 1
1147476 3 1
1147476 5 -1
1147584 0 1
1147683 4 1
1147708 0 1
1147712 1 -1
1147740 6 1
1147756 7 -1
1147836 9 1
1147861 0 -1
1147889 1 -1
1147890 2 -1
1147944 3 -1
1147992 5 -1
1148022 0 1
1148066 1 1
1148121 2 1
1148148 0 1
1148164 3 1
1148202 12 1
1148288 6 -1
1148352 19 -1
1148366 2 1
1148390 3 -1
1148401 4 -1
1148417 7 -1
1148438 5 1
1148438 0 1
1148459 1 -1
1148594 2 -1
1148610 14 -1
1148610 0 1
1148643 10 -1
1148647 1 -1
1148726 0 -1
1148755 4 1
1148761 9 1
1148828 2 1
1148832 1 1
1148852 3 1
1148900 5 -1
1149015 0 1
1149056 2 -1
1149062 4 1
1149078 3 -1
1149156 0 1
1149180 6 -1
1149191 13 1
1149201 1 1
1149304 2 -1
1149309 0 -1
1149320 3 -1
1149380 1 1
1149449 8 1
1149540 3 1
1149556 21 -1
1149566 1 -1
1149602 0 1
1149712 6 1
1149720 0 1
1149747 4 -1
1149766 3 -1
1149771 2 -1
1149820 5 -1
1149820 7 -1
1149884 0 -1
1149965 1 -1
1149992 2 1
1149993 0 -1
1150008 3 -1
1150104 6 -1
1150114 4 1
1150134 1 -1
1150158 0 1
1150228 3 1
1150244 2 1
1150255 10 -1
1150287 5 1
1150320 1 1
1150354 0 -1
1150373 8 -1
1150460 0 1
1150468 4 -1
1150610 9 1
1150626 7 1
1150694 1 1
1150696 3 -1
1150701 2 1
1150717 0 -1
1150792 5 1
1150795 4 -1
1150846 12 -1
1150868 0 1
1150892 1 -1
1150916 3 1
1150921 2 -1
1150976 0 -1
1151061 6 -1
1151073 1 1
1151126 4 1
1151142 3 -1
1151171 2 -1
1151233 11 1
1151249 0 -1
1151287 7 1
1151359 0 1
1151384 8 -1
1151412 1 -1
1151448 15 -1
1151470 0 1
1151500 4 -1
1151518 6 -1
1151569 1 -1
1151604 3 1
1151636 2 -1
1151642 13 1
1151642 9 1
1151717 5 1
1151733 0 1
1151766 1 -1
1151823 4 -1
1151830 3 -1
1151856 2 1
1151867 0 1
1151964 23 1
1151996 6 -1
1151998 0 1
1152077 7 1
1152093 3 -1
1152106 2 1
1152109 1 1
1152179 0 1
1152211 5 -1
1152222 8 -1
1152282 1 1
1152289 0 -1
1152319 2 1
1152401 0 1
1152480 1 -1
1152519 0 1
1152555 6 1
1152566 2 1
1152577 4 -1
1152593 3 1
1152653 1 1
1152663 5 1
1152749 0 -1
1152786 7 -1
1152794 2 -1
1152805 3 -1
1152847 1 -1
1152867 0 -1
1152939 4 1
1152980 0 -1
1152996 10 1
1153007 6 -1
1153017 3 -1
1153023 2 1
1153032 1 1
1153039 9 1
1153211 3 1
1153211 8 -1
1153216 1 -1
1153227 0 -1
1153278 4 -1
1153297 11 1
1153378 0 -1
1153407 3 -1
1153482 0 1
1153490 6 -1
1153501 2 -1
1153512 12 -1
1153512 18 1
1153560 7 -1
1153564 1 1
1153619 3 -1
1153641 5 -1
1153641 17 -1
1153705 0 -1
1153738 2 1
1153756 1 -1
1153813 3 1
1153824 0 -1
1153934 0 -1
1153943 1 -1
1153958 2 -1
1153974 6 -1
1154068 4 -1
1154068 0 -1
1154092 5 1
1154205 7 -1
1154221 3 -1
1154246 0 -1
1154264 8 -1
1154286 20 -1
1154306 1 -1
1154377 0 -1
1154382 10 -1
1154415 3 1
1154436 2 1
1154439 4 1
1154495 1 1
1154525 0 1
1154565 5 -1
1154611 3 -1
1154673 13 1
1154686 2 1
1154697 1 -1
1154716 27 -1
1154783 0 -1
1154791 6 1
1154794 4 -1
1154898 2 1
1154944 0 1
1155017 3 1
1155040 1 1
1155081 5 -1
1155081 9 -1
1155108 0 -1
1155205 1 1
1155232 3 -1
1155253 8 -1
1155361 6 -1
1155374 2 -1
1155404 11 1
1155406 1 -1
1155420 0 -1
1155506 3 -1
1155535 4 -1
1155560 5 1
1155592 1 1
1155597 0 -1
1155602 2 1
1155705 16 1
1155732 0 -1
1155745 7 1
1155779 1 -1
1155801 6 1
1155802 10 1
1155850 2 1
1155914 4 1
1155920 15 1
1155941 9 1
1155967 1 1
1155968 3 1
1155987 0 1
1156006 5 -1
1156094 0 -1
1156108 1 -1
1156194 3 -1
1156210 0 -1
1156228 4 1
1156285 12 -1
1156323 2 1
1156325 0 -1
1156433 0 1
1156436 3 -1
1156436 14 1
1156478 5 1
1156487 7 -1
1156531 1 -1
1156559 0 1
1156559 2 -1
1156640 4 1
1156656 3 1
1156694 0 1
1156696 1 -1
1156769 6 1
1156801 2 1
1156857 1 -1
1156882 3 -1
1156914 0 1
1156986 4 -1
1157072 0 -1
1157099 7 -1
1157123 3 -1
1157196 0 -1
1157228 1 1
1157269 2 -1
1157317 6 -1
1157325 4 1
1157338 3 1
1157382 9 -1
1157392 8 -1
1157414 5 -1
1157422 1 -1
1157430 0 1
1157500 2 1
1157537 0 -1
1157607 1 1
1157688 0 1
1157708 4 -1
1157736 2 -1
1157747 3 -1
1157758 6 1
1157908 5 1
1157946 3 1
1157954 0 -1
1158012 1 -1
1158060 0 1
1158200 1 1
1158209 2 1
1158217 0 -1
1158225 3 1
1158306 8 1
1158381 5 -1
1158385 4 1
1158391 1 -1
1158435 2 -1
1158462 7 1
1158553 0 1
1158558 10 1
1158583 1 1
1158660 6 1
1158685 2 -1
1158688 0 1
1158693 3 -1
1158712 4 1
1158752 1 1
1158841 0 -1
1158913 3 1
1158929 12 -1
1158948 1 1
1159048 6 -1
1159074 7 1
1159082 4 -1
1159109 1 1
1159124 0 1
1159139 3 -1
1159147 2 -1
1159252 8 -1
1159281 0 -1
1159327 5 1
1159376 2 1
1159445 22 1
1159456 0 1
1159467 11 1
1159490 1 1
1159601 3 1
1159623 2 1
1159628 6 1
1159684 0 -1
1159687 1 -1
1159778 5 -1
1159792 0 1
1159808 4 -1
1159827 3 -1
1159840 7 1
1159848 2 -1
1159864 1 1
1159891 0 -1
1159961 10 -1
1160004 9 -1
1160069 6 -1
1160080 2 1
1160122 3 1
1160138 4 -1
1160139 0 1
1160219 1 -1
1160294 5 -1
1160295 0 -1
1160316 2 -1
1160348 19 -1
1160380 13 -1
1160388 1 -1
1160391 3 -1
1160441 0 1
1160509 4 1
1160520 6 -1
1160536 2 1
1160563 14 1
1160582 1 1
1160585 3 1
1160601 0 -1
1160735 17 1
1160740 0 1
1160781 3 -1
1160904 0 -1
1160907 9 -1
1160945 1 -1
1160993 3 -1
1161015 0 1
1161015 2 -1
1161079 21 1
1161090 6 1
1161130 1 1
1161176 8 1
1161186 5 1
1161195 4 -1
1161203 7 -1
1161240 2 1
1161275 0 1
1161294 15 1
1161316 1 -1
1161348 10 1
1161383 3 -1
1161446 0 1
1161466 2 -1
1161505 1 1
1161509 4 -1
1161509 12 -1
1161530 11 1
1161541 6 -1
1161592 0 1
1161595 3 -1
1161595 24 -1
1161692 9 1
1161702 1 -1
1161745 5 -1
1161767 16 1
1161788 3 1
1161872 4 1
1161885 0 1
1161888 1 1
1161904 7 1
1161942 2 1
1161982 0 -1
1162077 1 -1
1162134 0 1
1162170 2 -1
1162176 8 1
1162197 3 -1
1162197 5 1
1162234 4 -1
1162283 18 -1
1162364 0 1
1162390 3 1
1162423 2 1
1162454 1 -1
1162484 7 1
1162487 0 1
1162592 0 -1
1162622 4 1
1162638 6 1
1162638 1 -1
1162689 0 1
1162691 3 -1
1162807 0 1
1162839 1 -1
1162880 2 1
1162925 0 1
1162928 13 -1
1163016 4 -1
1163041 0 1
1163111 5 1
1163121 8 -1
1163124 2 1
1163148 3 1
1163170 7 1
1163220 1 -1
1163229 6 -1
1163274 0 -1
1163336 11 -1
1163342 3 -1
1163352 2 -1
1163371 4 1
1163385 0 -1
1163422 1 1
1163535 0 1
1163562 5 -1
1163573 3 -1
1163586 2 1
1163601 1 -1
1163780 0 -1
1163815 2 -1
1163839 7 -1
1163884 6 -1
1163914 0 -1
1163962 3 -1
1163976 1 -1
1164008 4 1
1164014 5 1
1164024 0 1
1164062 2 -1
1164110 9 1
1164149 1 -1
1164169 10 -1
1164175 3 -1
1164280 0 1
1164293 2 1
1164335 1 1
1164368 3 1
1164395 4 -1
1164395 0 1
1164427 7 -1
1164505 0 -1
1164524 1 -1
1164648 0 -1
1164706 1 1
1164738 4 1
1164750 2 1
1164758 0 1
1164766 6 -1
1164777 3 -1
1164841 12 1
1164863 20 -1
1164863 25 1
1164875 1 1
1164914 0 -1
1164970 3 1
1165002 2 1
1165013 5 -1
1165066 1 -1
1165078 14 -1
1165078 9 1
1165088 0 -1
1165142 8 -1
1165166 3 -1
1165185 7 1
1165228 2 -1
1165282 10 1
1165379 6 -1
1165379 0 1
1165403 4 -1
1165415 1 1
1165534 0 -1
1165540 5 -1
1165572 3 1
1165592 1 1
1165633 0 1
1165704 2 1
1165717 4 -1
1165768 3 -1
1165778 1 -1
1165830 6 1
1165868 0 1
1165894 13 -1
1165932 2 -1
1165980 3 -1
1165991 5 1
1166010 0 1
1166045 8 1
1166088 4 1
1166088 9 1
1166120 0 -1
1166157 1 -1
1166166 2 1
1166340 1 1
1166370 3 -1
1166435 0 -1
1166507 10 1
1166524 1 -1
1166546 0 1
1166582 3 -1
1166620 2 1
1166652 7 -1
1166653 0 1
1166773 0 -1
1166776 3 1
1166802 4 1
1166867 2 1
1166886 0 1
1166889 5 1
1166898 1 -1
1166970 6 1
1166972 3 -1
1167012 8 -1
1167026 0 1
1167093 2 -1
1167096 1 1
1167144 4 1
1167182 0 -1
1167184 3 -1
1167269 1 1
1167297 7 -1
1167324 2 1
1167356 11 1
1167362 5 -1
1167362 6 -1
1167378 3 1
1167442 16 -1
1167483 1 1
1167494 0 -1
1167531 4 -1
1167561 2 -1
1167590 0 1
1167609 3 1
1167676 1 -1
1167707 0 1
1167754 5 -1
1167781 2 1
1167786 6 -1
1167829 10 -1
1167858 1 1
1167866 4 1
1167872 9 -1
1167921 0 -1
1167958 12 -1
1168001 3 1
1168019 1 1
1168031 0 1
1168034 2 1
1168044 8 -1
1168136 7 -1
1168173 0 -1
1168216 4 1
1168222 3 1
1168394 1 1
1168423 3 -1
1168434 0 1
1168509 2 -1
1168536 0 -1
1168591 1 -1
1168595 4 -1
1168673 0 -1
1168678 5 -1
1168700 6 1
1168735 2 1
1168773 1 1
1168818 9 -1
1168829 3 1
1168840 0 -1
1168969 8 1
1168972 2 -1
1168974 4 1
1169001 0 1
1169025 3 -1
1169123 1 -1
1169130 0 1
1169184 5 -1
1169238 3 -1
1169248 10 1
1169278 0 -1
1169291 6 -1
1169301 1 -1
1169377 11 1
1169447 2 1
1169458 7 1
1169490 1 1
1169506 0 -1
1169598 5 -1
1169627 3 -1
1169651 0 1
1169673 2 -1
1169692 4 1
1169756 0 -1
1169839 3 -1
1169865 1 1
1169872 12 -1
1169904 2 1
1169925 6 1
1169936 9 1
1169990 8 1
1170014 0 -1
1170049 5 1
1170054 3 1
1170056 1 -1
1170058 4 -1
1170127 7 -1
1170173 0 1
1170242 1 1
1170264 3 1
1170283 0 -1
1170361 2 1
1170433 1 -1
1170449 4 1
1170458 3 -1
1170495 5 -1
1170538 10 1
1170590 1 -1
1170608 0 -1
1170613 2 1
1170656 3 1
1170748 7 -1
1170753 0 1
1170788 1 1
1170839 2 -1
1170863 0 -1
1170866 3 1
1170882 15 -1
1170909 6 -1
1170968 5 1
1170974 1 -1
1170979 8 1
1170995 0 -1
1171089 2 -1
1171184 0 1
1171256 4 -1
1171258 3 1
1171312 19 1
1171315 2 1
1171318 0 1
1171340 1 -1
1171376 13 -1
1171468 3 1
1171468 5 1
1171479 0 -1
1171502 1 -1
1171522 2 1
1171591 11 -1
1171626 4 1
1171656 6 -1
1171661 3 -1
1171691 1 1
1171750 0 1
1171766 2 1
1171863 0 1
1172005 4 -1
1172027 0 -1
1172066 1 1
1172070 3 1
1172086 10 1
1172097 6 1
1172167 7 -1
1172226 2 1
1172251 1 1
1172263 3 -1
1172312 9 1
1172366 0 1
1172433 1 1
1172435 5 -1
1172468 2 -1
1172494 0 1
1172564 3 1
1172626 4 -1
1172656 0 -1
1172731 2 -1
1172796 1 1
1172844 7 -1
1172849 5 -1
1172860 8 1
1172911 0 1
1172977 1 -1
1172997 4 1
1173028 0 1
1173032 3 -1
1173064 6 1
1173118 23 1
1173150 0 1
1173182 1 1
1173188 2 -1
1173260 0 -1
1173263 3 1
1173279 5 1
1173333 14 -1
1173360 4 -1
1173373 0 1
1173419 11 1
1173422 2 1
1173467 6 -1
1173540 0 -1
1173541 1 1
1173569 3 -1
1173634 29 -1
1173650 2 -1
1173672 0 1
1173698 4 1
1173698 7 -1
1173699 1 1
1173720 9 1
1173790 3 1
1173817 8 1
1173849 6 1
1173876 1 -1
1173951 0 -1
1174015 3 -1
1174064 12 1
1174077 4 -1
1174088 0 -1
1174128 2 1
1174201 0 1
1174204 5 1
1174218 1 1
1174257 3 -1
1174343 13 -1
1174365 2 -1
1174408 17 1
1174416 1 -1
1174478 3 1
1174496 4 -1
1174499 0 1
1174585 2 1
1174609 0 -1
1174612 5 1
1174621 1 -1
1174730 9 -1
1174730 10 -1
1174744 0 -1
1174752 8 -1
1174827 4 -1
1174838 2 1
1174891 6 1
1174945 3 -1
1174959 0 1
1174988 1 1
1175064 2 -1
1175082 0 1
1175106 5 1
1175166 3 1
1175178 1 -1
1175182 7 -1
1175206 0 1
1175295 2 1
1175371 1 1
1175391 3 -1
1175440 0 1
1175472 6 -1
1175539 2 1
1175547 11 1
1175547 0 -1
1175625 4 1
1175657 0 -1
1175676 12 -1
1175698 21 1
1175730 1 -1
1175854 3 1
1175899 7 1
1175907 1 1
1175940 6 -1
1175950 0 -1
1175980 4 -1
1176001 2 1
1176042 5 1
1176079 3 -1
1176097 1 -1
1176098 0 1
1176117 10 1
1176214 15 -1
1176230 2 -1
1176254 0 -1
1176298 1 1
1176310 4 -1
1176364 6 -1
1176380 3 1
1176474 1 -1
1176477 2 -1
1176482 0 1
1176514 5 -1
1176536 7 1
1176619 0 1
1176641 1 -1
1176713 6 -1
1176794 8 -1
1176816 0 -1
1176818 1 -1
1176848 3 -1
1176928 2 -1
1177009 5 1
1177060 4 1
1177066 0 -1
1177068 3 1
1177116 13 1
1177160 2 1
1177162 0 1
1177191 1 -1
1177246 26 1
1177256 6 -1
1177286 0 1
1177294 3 -1
1177353 9 -1
1177370 1 -1
1177396 2 -1
1177407 4 1
1177460 12 -1
1177461 14 -1
1177466 0 1
1177493 5 1
1177536 3 -1
1177564 1 1
1177589 11 1
1177630 0 -1
1177649 10 1
1177729 8 1
1177730 0 1
1177756 3 1
1177769 4 -1
1177858 6 1
1177864 2 1
1177872 0 1
1177919 1 -1
1177934 18 -1
1177955 5 -1
1177982 3 -1
1177987 7 1
1178095 2 -1
1178112 1 1
1178162 0 1
1178202 3 -1
1178296 1 -1
1178312 0 1
1178331 2 1
1178342 9 -1
1178412 5 1
1178466 0 -1
1178491 4 -1
1178552 2 -1
1178592 3 -1
1178684 1 -1
1178709 0 1
1178713 7 -1
1178782 6 1
1178804 3 -1
1178804 2 -1
1178815 8 1
1178831 0 1
1178858 4 1
1178882 1 1
1178912 5 1
1178968 0 1
1179030 2 1
1179051 1 1
1179073 3 -1
1179116 16 1
1179168 4 1
1179170 6 -1
1179241 1 -1
1179266 0 1
1179280 2 1
1179301 7 -1
1179376 0 -1
1179430 1 1
1179438 11 -1
1179489 0 1
1179519 3 -1
1179605 0 1
1179616 1 -1
1179632 6 -1
1179702 0 -1
1179739 2 1
1179761 3 -1
1179777 1 -1
1179804 9 -1
1179879 5 1
1179879 0 -1
1179922 4 -1
1179954 13 -1
1179968 2 -1
1179981 3 1
1179989 0 -1
1180116 10 1
1180144 1 -1
1180196 2 1
1180277 0 1
1180330 5 -1
1180333 4 -1
1180345 1 1
1180449 3 -1
1180455 0 1
1180523 1 -1
1180556 6 1
1180578 0 1
1180648 7 1
1180669 3 1
1180674 2 -1
1180685 9 -1
1180712 4 1
1180836 5 -1
1180857 15 1
1180857 8 -1
1180889 1 1
1180911 2 1
1180916 0 -1
1180986 17 1
1180992 3 1
1181026 0 1
1181055 1 -1
1181115 6 -1
1181131 2 -1
1181182 0 -1
1181185 3 -1
1181240 1 1
1181381 7 -1
1181384 3 1
1181435 0 -1
1181470 4 1
1181583 0 -1
1181588 6 -1
1181588 14 -1
1181593 3 1
1181610 2 1
1181615 1 1
1181696 0 -1
1181738 5 -1
1181739 8 1
1181760 10 1
1181787 3 -1
1181804 1 -1
1181841 2 -1
1181846 12 -1
1181847 0 1
1181857 4 -1
1181910 9 1
1181998 1 1
1182007 0 -1
1182093 2 1
1182118 0 1
1182155 1 1
1182163 7 -1
1182195 3 1
1182196 4 1
1182254 5 -1
1182284 0 1
1182319 2 -1
1182324 1 1
1182389 3 -1
1182405 19 -1
1182506 1 -1
1182519 0 -1
1182550 2 1
1182588 3 1
1182598 13 1
1182620 6 -1
1182633 0 1
1182684 8 -1
1182699 1 1
1182749 5 1
1182800 0 -1
1182803 2 1
1182897 4 -1
1182991 3 -1
1183028 2 -1
1183074 0 1
1183082 1 1
1183093 6 -1
1183179 9 1
1183179 10 -1
1183190 3 1
1183208 0 1
1183260 1 1
1183276 4 1
1183332 0 1
1183429 1 -1
1183504 2 1
1183507 3 -1
1183566 11 -1
1183566 12 1
1183602 4 1
1183630 7 -1
1183646 0 1
1183652 5 1
1183673 6 1
1183741 2 -1
1183784 1 -1
1183792 0 1
1183922 0 -1
1183969 3 1
1183969 2 1
1183985 1 -1
1184125 18 1
1184152 5 1
1184158 1 -1
1184195 3 -1
1184224 0 1
1184275 9 -1
1184308 6 1
1184340 7 1
1184348 4 1
1184402 0 1
1184442 2 -1
1184496 3 1
1184529 1 -1
1184552 0 -1
1184566 5 1
1184598 8 1
1184673 2 1
1184686 4 1
1184721 3 -1
1184723 1 1
1184877 0 -1
1184910 2 -1
1184912 1 1
1184942 6 -1
1184963 3 -1
1184985 16 -1
1185001 0 -1
1185033 4 -1
1185082 5 1
1185082 7 -1
1185098 1 -1
1185151 0 1
1185184 3 1
1185287 1 1
1185382 2 1
1185388 4 -1
1185409 3 -1
1185434 0 1
1185472 1 -1
1185522 6 1
1185533 5 -1
1185533 0 -1
1185544 11 -1
1185598 8 1
1185608 2 -1
1185630 13 1
1185686 0 1
1185688 1 -1
1185716 14 -1
1185742 4 1
1185759 10 1
1185767 7 1
1185858 2 -1
1185872 3 1
1185955 0 1
1186006 5 1
1186053 4 1
1186085 1 -1
1186097 3 -1
1186097 0 1
1186146 6 -1
1186146 12 1
1186242 0 -1
1186267 1 1
1186320 2 -1
1186339 3 -1
1186425 0 -1
1186444 4 -1
1186448 1 1
1186516 5 1
1186535 0 1
1186549 7 -1
1186549 2 1
1186554 8 -1
1186659 0 1
1186769 9 1
1186785 3 -1
1186796 2 1
1186835 0 1
1186841 1 -1
1187006 6 1
1187012 1 -1
1187032 3 -1
1187114 0 -1
1187186 4 1
1187194 1 1
1187223 2 -1
1187242 10 -1
1187274 7 1
1187296 0 -1
1187307 17 -1
1187323 3 -1
1187430 0 1
1187452 2 1
1187478 5 -1
1187524 4 1
1187532 6 1
1187564 1 1
1187650 11 -1
1187688 0 1
1187699 2 1
1187715 9 1
1187738 1 1
1187785 3 1
1187806 0 -1
1187847 4 1
1187919 1 -1
1187930 5 1
1187965 0 1
1187992 7 -1
1188010 3 -1
1188091 6 -1
1188125 1 -1
1188180 2 -1
1188252 3 -1
1188254 0 1
1188295 12 -1
1188314 1 1
1188338 5 1
1188339 13 -1
1188363 0 1
1188419 2 1
1188473 3 1
1188476 1 1
1188484 0 1
1188489 8 1
1188524 4 -1
1188596 10 1
1188602 0 -1
1188656 2 -1
1188657 1 -1
1188698 3 -1
1188712 0 -1
1188830 0 -1
1188874 4 1
1188927 0 1
1188940 15 -1
1188962 3 -1
1188973 6 1
1189026 1 1
1189080 9 1
1189123 2 -1
1189161 0 1
1189209 4 1
1189209 1 -1
1189225 7 -1
1189252 3 1
1189284 0 1
1189344 2 1
1189360 5 1
1189382 1 -1
1189389 0 -1
1189499 8 1
1189596 6 -1
1189596 2 1
1189604 0 1
1189655 3 -1
1189722 0 1
1189749 1 1
1189790 10 1
1189822 2 -1
1189827 0 -1
1189843 14 -1
1189854 3 1
1189854 5 -1
1189935 4 1
1189935 1 -1
1189967 7 1
1190053 2 1
1190072 0 -1
1190080 3 1
1190090 6 -1
1190124 1 1
1190182 0 -1
1190209 16 1
1190245 4 1
1190280 0 1
1190298 2 1
1190327 5 1
1190386 0 -1
1190402 20 -1
1190402 8 -1
1190488 3 -1
1190504 0 -1
1190510 12 1
1190511 1 -1
1190526 2 -1
1190620 4 -1
1190628 0 -1
1190672 1 -1
1190676 7 -1
1190682 3 1
1190703 9 1
1190749 0 -1
1190832 1 -1
1190878 3 -1
1190958 4 -1
1190983 0 -1
1190988 2 -1
1191015 6 1
1191023 1 1
1191109 0 -1
1191206 0 1
1191210 1 -1
1191219 5 1
1191235 2 -1
1191284 3 1
1191345 4 1
1191396 1 1
1191402 10 1
1191457 0 1
1191466 2 1
1191480 3 -1
1191557 1 1
1191563 0 1
1191649 6 -1
1191660 0 -1
1191670 5 -1
1191692 3 -1
1191712 4 -1
1191714 11 -1
1191888 0 1
1191923 2 1
1191936 1 1
1192006 0 1
1192015 7 1
1192035 4 -1
1192036 15 1
1192036 9 1
1192082 3 -1
1192097 1 1
1192127 5 1
1192128 6 -1
1192130 0 1
1192154 2 -1
1192291 1 -1
1192294 3 -1
1192342 0 -1
1192358 8 1
1192375 2 1
1192488 3 1
1192504 0 1
1192600 6 -1
1192614 0 -1
1192656 1 -1
1192668 4 -1
1192740 7 -1
1192815 0 -1
1192853 1 1
1192853 2 -1
1192885 10 1
1192896 3 -1
1192952 0 -1
1192974 4 -1
1192982 6 1
1193014 1 1
1193036 5 1
1193065 0 1
1193068 18 -1
1193089 3 1
1193103 2 -1
1193111 12 1
1193176 9 -1
1193286 3 -1
1193328 4 1
1193329 0 1
1193337 2 1
1193337 8 1
1193365 1 -1
1193450 7 1
1193517 0 1
1193519 5 -1
1193541 11 1
1193546 1 1
1193562 2 -1
1193627 6 -1
1193664 0 -1
1193691 3 1
1193744 1 1
1193788 2 1
1193885 13 -1
1193928 24 1
1193929 1 1
1193958 0 -1
1193971 5 1
1193971 14 -1
1193982 4 1
1193992 3 -1
1194038 2 1
1194062 10 1
1194102 0 -1
1194111 1 1
1194143 6 -1
1194213 3 1
1194250 2 1
1194296 1 -1
1194301 0 1
1194320 4 -1
1194369 8 1
1194449 0 -1
1194481 1 1
1194585 0 -1
1194659 4 1
1194680 3 -1
1194726 2 -1
1194739 0 1
1194820 5 -1
1194852 1 -1
1194868 7 -1
1194871 0 1
1194901 3 1
1194954 2 1
1195058 1 -1
1195078 6 1
1195134 0 1
1195202 2 1
1195218 3 -1
1195269 0 1
1195276 1 -1
1195282 5 1
1195376 4 -1
1195387 0 1
1195438 3 1
1195530 6 -1
1195562 9 -1
1195583 11 1
1195605 12 1
1195607 0 1
1195610 7 1
1195630 1 1
1195664 3 -1
1195669 2 1
1195707 0 -1
1195747 4 -1
1195812 1 1
1195820 5 1
1195820 16 -1
1195836 0 1
1195890 2 -1
1195906 3 -1
1195999 1 -1
1196035 6 1
1196059 0 1
1196086 4 -1
1196126 3 1
1196142 2 -1
1196185 8 1
1196239 0 1
1196368 1 1
1196379 15 -1
1196389 9 -1
1196392 0 -1
1196408 7 1
1196489 4 -1
1196524 0 1
1196553 1 -1
1196594 3 -1
1196618 2 1
1196634 0 -1
1196658 17 -1
1196723 10 -1
1196747 1 1
1196771 5 -1
1196803 4 -1
1196803 0 -1
1196814 3 1
1196830 2 1
1196852 6 -1
1196852 13 -1
1196964 0 1
1197040 3 -1
1197045 7 1
1197073 1 -1
1197077 2 1
1197182 4 1
1197206 5 1
1197217 8 1
1197230 0 1
1197275 1 1
1197292 6 1
1197303 2 -1
1197335 0 -1
1197389 9 -1
1197472 1 -1
1197482 0 1
1197502 3 1
1197537 4 -1
1197550 2 1
1197658 5 -1
1197728 3 -1
1197738 7 -1
1197773 0 1
1197787 6 1
1197792 2 -1
1197823 1 -1
1197884 23 1
1197890 0 1
1197996 0 1
1198004 1 -1
1198015 2 1
1198028 3 1
1198093 10 1
1198098 14 -1
1198142 8 -1
1198170 1 1
1198284 0 1
1198311 4 1
1198397 0 -1
1198400 9 -1
1198416 7 -1
1198491 2 -1
1198496 3 -1
1198528 0 -1
1198534 5 1
1198573 1 -1
1198674 4 -1
1198716 3 1
1198727 2 1
1198730 0 1
1198743 30 -1
1198758 1 -1
1198851 0 1
1198942 3 -1
1198944 1 1
1198974 2 1
1198980 5 -1
1199007 0 -1
1199066 6 -1
1199066 8 1
1199068 4 -1
1199130 9 1
1199149 7 1
1199179 0 -1
1199184 3 -1
1199270 10 1
1199345 1 -1
1199404 3 1
1199431 5 1
1199432 2 1
1199474 0 1
1199517 11 -1
1199528 1 -1
1199574 0 -1
1199592 13 1
1199625 6 -1
1199668 2 -1
1199689 0 -1
1199705 1 1
1199709 4 -1
1199716 3 -1
1199867 1 1
1199888 2 1
1199918 0 1
1199936 5 1
1199950 3 -1
1200036 0 1
1200055 8 1
1200060 1 -1
1200100 4 -1
1200124 6 1
1200141 12 1
1200154 0 1
1200230 1 -1
1200356 3 1
1200366 2 -1
1200393 0 1
1200399 5 -1
1200423 1 1
1200439 4 -1
1200442 9 1
1200504 0 -1
1200552 3 -1
1200616 2 -1
1200622 0 -1
1200641 7 1
1200718 0 1
1200764 3 1
1200786 1 -1
1200807 27 1
1200842 2 1
1200861 5 1
1200877 0 -1
1200971 1 1
1200984 6 -1
1201024 0 1
1201079 2 -1
1201084 4 1
1201108 8 1
1201161 1 -1
1201167 3 -1
1201175 0 -1
1201237 17 1
1201269 7 1
1201307 2 1
1201323 9 1
1201355 5 -1
1201366 3 1
1201366 16 1
1201377 6 1
1201434 4 -1
1201459 0 1
1201495 20 -1
1201515 1 1
1201554 2 1
1201576 3 1
1201581 11 -1
1201616 0 -1
1201717 1 -1
1201780 2 -1
1201785 4 1
1201791 0 1
1201906 1 1
1201957 6 -1
1201963 7 -1
1201968 3 1
1202006 0 -1
1202092 10 1
1202108 4 1
1202140 12 -1
1202156 0 1
1202162 8 1
1202248 2 -1
1202272 0 -1
1202274 3 -1
1202280 5 -1
1202287 1 1
1202465 2 1
1202466 1 1
1202495 4 -1
1202516 3 -1
1202565 0 1
1202652 1 -1
1202688 2 -1
1202696 0 1
1202736 3 1
1202785 5 -1
1202839 0 -1
1202846 1 1
1202866 4 1
1202871 6 1
1202962 3 -1
1202997 0 1
1203000 9 1
1203007 1 1
1203145 2 -1
1203150 0 -1
1203192 1 -1
1203196 4 -1
1203204 3 -1
1203236 5 1
1203277 7 1
1203306 0 1
1203382 1 1
1203387 6 -1
1203398 2 -1
1203424 3 1
1203430 11 1
1203441 0 1
1203527 10 -1
1203629 2 1
1203731 0 -1
1203773 1 1
1203844 0 -1
1203860 12 1
1203889 4 1
1203892 3 -1
1203942 0 1
1203946 7 -1
1203956 6 -1
1203958 1 -1
1204112 3 1
1204133 1 1
1204139 2 -1
1204182 8 -1
1204225 5 -1
1204226 9 -1
1204240 4 -1
1204247 0 1
1204338 3 -1
1204365 2 1
1204387 0 1
1204496 1 -1
1204532 0 1
1204534 7 -1
1204591 15 1
1204591 2 -1
1204615 4 1
1204688 1 1
1204704 5 1
1204752 10 -1
1204764 0 1
1204800 3 1
1204822 2 1
1204877 1 -1
1204886 0 1
1204995 0 -1
1205021 6 1
1205066 2 1
1205093 0 1
1205144 3 1
1205150 5 -1
1205160 8 -1
1205171 13 1
1205246 0 -1
1205257 9 1
1205262 1 -1
1205284 4 -1
1205295 2 -1
1205338 3 -1
1205376 0 -1
1205408 11 1
1205429 6 1
1205441 1 1
1205512 0 -1
1205529 2 1
1205627 1 -1
1205663 4 1
1205746 3 1
1205804 1 -1
1205843 0 1
1205848 7 1
1205902 6 1
1205940 3 -1
1205945 17 -1
1205953 0 -1
1206002 4 1
1206004 2 -1
1206010 1 1
1206101 5 1
1206106 8 1
1206114 0 -1
1206171 3 -1
1206181 1 -1
1206235 2 1
1206352 1 -1
1206354 14 -1
1206364 3 1
1206418 0 -1
1206472 2 -1
1206534 0 1
1206558 5 -1
1206560 3 -1
1206582 7 -1
1206655 0 1
1206663 4 -1
1206731 1 -1
1206773 3 -1
1206784 16 -1
1206878 0 -1
1206900 1 -1
1206945 2 1
1206966 3 1
1206978 0 1
1207020 6 -1
1207052 5 1
1207058 4 1
1207090 0 1
1207090 1 1
1207106 9 -1
1207170 19 -1
1207171 2 -1
1207200 0 -1
1207284 7 -1
1207370 0 -1
1207375 3 -1
1207402 2 1
1207416 4 1
1207433 1 -1
1207450 11 1
1207461 10 -1
1207504 0 -1
1207525 5 -1
1207547 6 1
1207568 3 1
1207602 0 1
1207622 1 1
1207730 15 -1
1207764 3 -1
1207775 4 -1
1207828 1 -1
1207872 2 -1
1207877 0 -1
1207977 5 1
1207993 7 1
1208030 21 1
1208031 8 -1
1208065 0 1
1208098 2 1
1208146 4 1
1208160 9 -1
1208170 3 1
1208173 0 -1
1208181 6 -1
1208184 1 -1
1208202 12 1
1208334 2 -1
1208364 13 1
1208366 3 -1
1208368 1 -1
1208388 0 1
1208471 5 1
1208503 0 1
1208529 4 -1
1208562 2 1
1208567 1 -1
1208578 3 -1
1208606 7 1
1208611 0 -1
1208686 10 -1
1208738 1 -1
1208761 6 1
1208807 2 1
1208850 0 -1
1208912 4 1
1208920 1 1
1208922 5 -1
1208966 0 -1
1208968 3 -1
1209036 2 -1
1209073 8 -1
1209084 0 -1
1209113 1 -1
1209127 9 -1
1209180 3 -1
1209234 22 1
1209266 2 1
1209271 1 -1
1209277 11 -1
1209339 7 1
1209369 0 1
1209374 3 1
1209396 6 1
1209527 0 -1
1209570 3 -1
1209633 0 1
1209654 1 -1
1209694 4 -1
1209723 2 1
1209782 3 -1
1209847 1 1
1209884 5 1
1209895 10 -1
1209944 0 1
1209965 8 1
1209971 2 1
1209992 7 1
1210016 4 -1
1210016 1 1
1210067 0 -1
1210078 3 -1
1210094 12 1
1210202 2 -1
1210223 6 -1
1210226 0 1
1210320 3 -1
1210331 5 1
1210355 4 1
1210379 1 1
1210433 0 1
1210481 14 -1
1210564 0 1
1210581 1 -1
1210659 2 -1
1210675 6 1
1210685 0 1
1210766 3 -1
1210766 1 1
1210782 25 -1
1210825 15 1
1210890 5 -1
1210911 2 -1
1210935 0 -1
1210976 9 -1
1211008 3 -1
1211060 4 -1
1211105 0 1
1211105 1 1
1211137 2 1
1211169 13 -1
1211266 0 1
1211298 1 -1
1211303 3 -1
1211314 10 1
1211320 11 -1
1211363 7 -1
1211366 4 -1
1211443 0 1
1211476 1 1
1211553 0 -1
1211578 6 1
1211599 2 1
1211673 1 -1
1211709 4 -1
1211709 0 1
1211766 3 1
1211836 0 1
1211846 5 1
1211846 2 1
1211856 1 1
1211922 8 -1
1211975 6 -1
1211975 7 -1
1211986 18 1
1211991 3 -1
1212010 1 1
1212072 9 1
1212075 2 -1
1212088 0 1
1212197 1 -1
1212233 3 -1
1212235 0 1
1212255 5 1
1212303 2 1
1212341 0 1
1212386 4 1
1212491 6 -1
1212491 10 1
1212550 2 1
1212572 0 -1
1212592 1 -1
1212679 3 -1
1212685 0 -1
1212706 5 -1
1212737 4 -1
1212757 7 1
1212784 2 -1
1212786 1 1
1212803 12 1
1212803 0 -1
1212824 8 1
1212910 16 -1
1212954 9 -1
1212971 1 -1
1213012 3 -1
1213023 2 1
1213034 0 1
1213060 4 -1
1213182 0 1
1213211 3 1
1213314 0 1
1213348 1 -1
1213383 6 1
1213410 4 1
1213421 3 1
1213429 0 1
1213491 2 1
1213515 1 -1
1213531 0 1
1213614 3 -1
1213658 0 1
1213684 5 1
1213684 1 1
1213727 2 -1
1213789 4 -1
1213794 0 1
1213813 3 1
1213835 8 1
1213878 10 -1
1213878 26 -1
1213910 6 1
1213948 2 1
1214023 3 1
1214050 9 1
1214075 1 1
1214082 0 1
1214152 7 1
1214157 5 -1
1214192 4 1
1214214 0 1
1214273 1 1
1214388 0 1
1214415 3 1
1214434 1 1
1214437 2 -1
1214523 6 -1
1214563 4 -1
1214608 1 1
1214609 14 -1
1214625 3 1
1214646 0 -1
1214657 2 1
1214684 5 -1
1214748 7 1
1214751 0 -1
1214777 1 -1
1214818 3 -1
1214867 8 1
1214910 2 1
1214915 0 1
1214992 1 -1
1215092 9 1
1215135 5 1
1215178 1 1
1215189 11 1
1215196 0 1
1215235 3 1
1215248 4 1
1215361 10 1
1215383 0 -1
1215385 2 -1
1215458 6 -1
1215493 0 1
1215506 7 -1
1215532 1 -1
1215544 3 -1
1215555 5 1
1215611 2 1
1215635 0 -1
1215651 4 1
1215724 1 1
1215764 3 1
1215791 8 -1
1215813 0 -1
1215848 2 -1
1215905 1 -1
1215942 6 1
1215942 9 1
1215987 0 -1
1216006 4 -1
1216033 5 1
1216100 0 -1
1216232 3 -1
1216284 1 -1
1216323 2 1
1216326 0 1
1216450 0 1
1216452 3 1
1216458 6 1
1216462 1 1
1216506 5 -1
1216549 0 -1
1216549 2 -1
1216651 13 -1
1216655 1 -1
1216740 4 -1
1216758 3 -1
1216769 8 -1
1216780 2 1
1216807 0 1
1216871 6 1
1216916 0 -1
1216925 7 -1
1216979 3 1
1217000 1 1
1217014 0 1
1217017 9 1
1217074 4 1
1217102 11 -1
1217146 12 1
1217179 1 1
1217205 3 -1
1217237 2 1
1217264 6 -1
1217312 0 -1
1217350 5 1
1217356 1 1
1217360 17 -1
1217433 4 -1
1217446 3 -1
1217457 0 1
1217490 2 1
1217538 7 -1
1217542 1 -1
1217567 0 -1
1217667 3 1
1217715 2 -1
1217726 6 -1
1217726 8 1
1217739 0 -1
1217740 1 1
1217823 5 -1
1217846 0 1
1217913 1 1
1218003 0 -1
1218005 20 -1
1218094 1 -1
1218134 3 -1
1218167 4 -1
1218167 6 1
1218167 2 -1
1218172 0 1
1218263 19 1
1218272 7 -1
1218328 5 -1
1218344 10 -1
1218355 3 1
1218392 2 1
1218441 0 -1
1218469 1 -1
1218497 4 -1
1218564 0 -1
1218580 3 -1
1218642 2 1
1218654 1 1
1218674 0 -1
1218822 12 -1
1218846 1 -1
1218876 4 1
1218943 0 -1
1218957 7 -1
1219037 9 1
1219043 3 1
1219059 11 -1
1219075 0 1
1219102 2 1
1219156 6 1
1219174 0 -1
1219193 5 1
1219203 1 1
1219215 4 1
1219268 3 -1
1219330 2 -1
1219372 1 -1
1219408 0 1
1219505 0 -1
1219570 1 1
1219570 10 -1
1219580 3 1
1219586 2 -1
1219618 6 1
1219618 13 -1
1219618 8 -1
1219622 4 1
1219639 5 -1
1219651 0 1
1219731 7 1
1219758 0 -1
1219833 2 1
1219865 0 -1
1219948 4 1
1219948 1 1
1219962 9 1
1220017 0 1
1220037 6 1
1220048 3 -1
1220053 2 -1
1220112 5 1
1220118 1 -1
1220134 0 1
1220268 3 1
1220287 2 1
1220291 1 -1
1220359 4 1
1220421 0 -1
1220472 7 -1
1220494 3 -1
1220515 2 -1
1220527 0 1
1220585 8 1
1220650 0 1
1220666 1 -1
1220843 15 -1
1220847 1 1
1220859 10 1
1220865 12 1
1220964 0 -1
1220978 6 -1
1220994 2 1
1220999 3 -1
1221029 1 -1
1221037 9 -1
1221061 4 -1
1221077 0 1
1221101 23 1
1221128 5 1
1221182 7 1
1221217 0 1
1221230 2 -1
1221284 3 1
1221367 4 -1
1221391 1 1
1221450 2 1
1221480 3 -1
1221522 0 1
1221542 8 1
1221579 5 -1
1221581 1 -1
1221682 6 -1
1221682 0 -1
1221738 4 1
1221782 1 1
1221828 0 1
1221886 3 1
1221929 2 -1
1221961 18 1
1221980 0 -1
1221993 5 -1
1222082 3 -1
1222129 1 -1
1222133 0 1
1222160 2 1
1222187 6 1
1222273 0 1
1222294 3 1
1222310 1 -1
1222326 13 1
1222404 2 1
1222407 4 -1
1222412 0 -1
1222508 1 -1
1222593 7 1
1222697 3 -1
1222698 0 -1
1222830 4 -1
1222856 0 1
1222864 14 -1
1222867 2 1
1222893 1 -1
1222896 3 1
1222907 5 -1
1222907 12 1
1222950 9 -1
1222971 6 1
1223009 0 -1
1223036 11 1
1223064 1 -1
1223092 2 -1
1223106 3 1
1223165 17 -1
1223217 4 1
1223238 1 -1
1223254 0 1
1223270 7 -1
1223321 2 1
1223348 5 1
1223418 0 1
1223419 1 1
1223423 10 -1
1223444 6 1
1223525 0 -1
1223530 8 -1
1223568 2 1
1223606 3 1
1223612 1 -1
1223729 0 -1
1223756 5 1
1223794 2 -1
1223822 1 -1
1223826 3 -1
1223864 6 1
1223866 0 1
1223882 7 -1
1223910 4 -1
1223995 1 -1
1224025 2 1
1224033 0 1
1224068 3 -1
1224068 16 -1
1224183 0 -1
1224261 2 -1
1224267 6 -1
1224288 3 1
1224302 4 1
1224304 9 -1
1224337 0 1
1224368 1 -1
1224447 0 -1
1224514 3 -1
1224541 15 -1
1224548 0 1
1224548 1 1
1224562 8 -1
1224656 4 -1
1224729 2 1
1224737 1 1
1224756 3 -1
1224756 12 1
1224756 6 -1
1224761 5 1
1224818 0 -1
1224874 10 1
1224960 2 -1
1224976 3 1
1224998 0 -1
1225057 11 1
1225100 13 -1
1225136 1 -1
1225164 0 -1
1225186 5 1
1225196 6 1
1225197 2 1
1225229 21 -1
1225245 7 -1
1225321 1 1
1225366 4 1
1225368 0 -1
1225444 3 -1
1225465 9 1
1225519 1 -1
1225540 0 -1
1225626 8 -1
1225659 5 -1
1225664 3 1
1225669 2 -1
1225712 4 -1
1225726 0 -1
1225809 6 -1
1225878 1 1
1225890 3 -1
1225895 2 1
1225970 7 -1
1225995 0 -1
1226083 4 1
1226087 1 1
1226145 2 1
1226172 0 -1
1226257 1 1
1226293 10 -1
1226341 0 -1
1226422 3 -1
1226450 1 -1
1226563 0 1
1226583 12 1
1226605 2 1
1226624 7 1
1226637 5 1
1226644 1 -1
1226674 3 1
1226687 0 1
1226716 4 1
1226776 6 -1
1226793 0 1
1226833 1 1
1226833 2 -1
1226868 3 -1
1226992 14 -1
1226994 1 1
1227016 0 -1
1227062 2 1
1227091 4 -1
1227099 5 -1
1227120 11 1
1227139 0 -1
1227236 0 1
1227276 3 1
1227309 2 1
1227325 6 1
1227373 1 1
1227454 4 1
1227470 3 -1
1227475 0 1
1227486 9 1
1227540 2 -1
1227556 5 1
1227563 1 -1
1227572 8 -1
1227586 0 -1
1227701 3 -1
1227741 0 1
1227744 1 1
1227776 2 1
1227894 3 1
1227938 13 1
1227938 7 -1
1227959 6 -1
1227982 0 1
1227997 2 -1
1228086 4 1
1228091 3 -1
1228093 1 -1
1228101 0 1
1228201 0 -1
1228280 1 1
1228303 3 -1
1228311 0 -1
1228324 17 1
1228429 0 -1
1228441 4 -1
1228475 2 1
1228482 1 -1
1228486 5 1
1228496 3 1
1228550 0 -1
1228550 8 -1
1228604 9 -1
1228631 7 1
1228655 0 1
1228725 2 1
1228776 4 -1
1228850 1 -1
1228878 0 -1
1228905 3 -1
1228937 2 1
1228980 5 1
1228986 0 -1
1228996 6 -1
1229030 1 -1
1229066 10 1
1229098 3 1
1229141 0 1
1229184 12 1
1229203 1 1
1229292 7 1
1229294 3 -1
1229356 18 1
1229399 1 -1
1229413 0 1
1229413 2 -1
1229421 9 1
1229469 6 -1
1229496 5 1
1229496 8 1
1229526 4 1
1229587 0 1
1229590 1 1
1229641 2 1
1229698 0 -1
1229700 3 1
1229792 1 -1
1229872 15 -1
1229883 6 -1
1229892 4 -1
1229894 2 1
1229896 3 -1
1229945 0 1
1229947 5 -1
1229985 7 -1
1229985 1 1
1230098 3 1
1230109 0 1
1230130 19 1
1230130 16 -1
1230214 0 -1
1230283 4 -1
1230340 1 -1
1230361 0 1
1230369 2 1
1230431 5 1
1230501 3 -1
1230509 0 1
1230513 1 -1
1230517 8 1
1230582 13 -1
1230598 2 -1
1230614 4 -1
1230626 0 1
1230646 10 1
1230700 3 1
1230724 0 -1
1230729 1 -1
1230786 6 -1
1230791 7 1
1230845 2 -1
1230910 3 1
1230936 5 1
1231012 0 1
1231025 4 1
1231076 2 1
1231098 1 1
1231103 3 -1
1231119 14 -1
1231178 0 1
1231184 11 1
1231270 6 -1
1231288 0 -1
1231307 1 1
1231313 2 -1
1231388 5 -1
1231392 4 -1
1231409 3 1
1231420 8 -1
1231493 1 -1
1231501 7 -1
1231533 2 1
1231619 0 1
1231630 3 -1
1231786 0 -1
1231786 2 1
1231791 4 -1
1231791 6 -1
1231829 9 1
1231843 1 1
1231872 3 -1
1231872 10 1
1231927 0 1
1232029 1 -1
1232136 0 -1
1232230 1 1
1232242 7 1
1232243 2 1
1232292 0 1
1232318 3 -1
1232334 5 -1
1232430 8 -1
1232449 0 -1
1232487 2 1
1232500 4 -1
1232560 3 -1
1232592 0 -1
1232613 1 1
1232656 9 -1
1232710 6 1
1232715 2 -1
1232737 0 1
1232801 5 1
1232803 1 -1
1232847 4 -1
1232847 0 -1
1232860 3 -1
1232981 0 -1
1232992 1 1
1233097 11 -1
1233178 2 -1
1233204 6 1
1233242 4 -1
1233242 10 -1
1233258 5 -1
1233288 0 -1
1233317 3 1
1233363 1 1
1233403 2 1
1233452 9 1
1233462 0 -1
1233463 8 -1
1233505 12 -1
1233536 1 -1
1233543 3 -1
1233591 0 -1
1233613 13 -1
1233624 6 1
1233650 2 1
1233718 7 1
1233738 1 1
1233742 22 1
1233785 3 -1
1233900 0 -1
1234016 4 -1
1234030 0 -1
1234084 1 -1
1234107 2 1
1234145 0 -1
1234204 5 1
1234231 3 -1
1234268 1 1
1234330 7 1
1234344 2 -1
1234379 0 -1
1234398 6 1
1234403 4 1
1234435 1 1
1234473 3 -1
1234476 0 1
1234564 2 1
1234592 0 1
1234677 10 1
1234693 3 1
1234712 0 1
1234720 5 1
1234733 4 -1
1234812 0 -1
1234817 2 1
1234822 1 1
1234935 6 1
1234938 0 -1
1234996 1 1
1235048 2 -1
1235069 0 -1
1235080 7 1
1235161 11 -1
1235161 3 -1
1235166 5 -1
1235181 1 -1
1235247 12 1
1235279 2 1
1235357 0 1
1235381 3 1
1235382 1 1
1235386 8 1
1235429 6 1
1235451 4 1
1235497 0 1
1235499 2 -1
1235505 9 -1
1235576 1 -1
1235607 3 -1
1235628 0 1
1235749 1 -1
1235830 4 1
1235882 0 1
1235945 1 -1
1235978 2 1
1236015 10 -1
1236037 0 -1
1236069 3 1
1236135 0 1
1236171 5 1
1236176 4 -1
1236228 2 1
1236295 3 -1
1236310 1 1
1236322 16 -1
1236322 8 -1
1236322 17 1
1236365 6 1
1236378 0 1
1236440 2 1
1236488 0 1
1236495 1 -1
1236537 3 -1
1236537 9 1
1236555 4 1
1236588 7 -1
1236606 0 -1
1236612 5 -1
1236670 1 1
1236730 0 1
1236757 6 -1
1236827 0 -1
1236916 2 -1
1236999 4 1
1237004 0 -1
1237019 1 1
1237101 3 1
1237114 0 -1
1237117 11 -1
1237117 5 -1
1237144 2 1
1237203 6 -1
1237212 1 -1
1237268 8 1
1237294 3 -1
1237321 7 1
1237386 4 -1
1237391 2 1
1237402 0 1
1237406 1 1
1237434 10 1
1237493 3 1
1237531 5 -1
1237581 0 1
1237633 9 -1
1237703 0 1
1237740 12 1
1237773 4 1
1237777 1 1
1237859 2 1
1237896 3 -1
1237946 1 1
1237982 5 1
1238042 0 -1
1238079 7 -1
1238079 2 -1
1238095 3 1
1238148 1 1
1238152 0 1
1238170 6 -1
1238308 0 -1
1238321 3 1
1238331 1 -1
1238332 2 -1
1238439 5 -1
1238458 4 -1
1238502 1 -1
1238517 3 -1
1238520 6 -1
1238557 15 -1
1238558 2 1
1238560 0 -1
1238684 1 1
1238708 0 -1
1238729 3 -1
1238805 2 -1
1238821 4 1
1238821 0 -1
1238873 1 -1
1238923 3 1
1238958 0 -1
1238966 5 -1
1239044 2 1
1239063 6 -1
1239119 3 -1
1239135 0 -1
1239180 4 -1
1239181 11 -1
1239232 0 1
1239242 1 -1
1239267 2 -1
1239267 8 1
1239320 13 1
1239374 14 -1
1239388 0 -1
1239413 1 -1
1239450 7 1
1239525 3 1
1239546 6 -1
1239591 1 1
1239627 0 1
1239721 3 -1
1239737 0 -1
1239742 2 1
1239804 9 1
1239820 4 -1
1239843 0 1
1239933 3 -1
1239960 5 1
1239962 1 -1
1239971 2 -1
1240038 7 1
1240041 6 -1
1240105 0 -1
1240159 1 1
1240170 8 -1
1240175 4 1
1240183 2 -1
1240191 10 1
1240261 0 1
1240323 3 -1
1240338 1 -1
1240371 0 -1
1240428 5 -1
1240514 4 -1
1240535 3 -1
1240589 6 -1
1240659 2 1
1240664 0 1
1240717 1 -1
1240729 9 1
1240772 7 -1
1240796 0 1
1240804 3 -1
1240836 11 -1
1240863 5 1
1240885 2 -1
1240909 1 1
1240938 0 -1
1241040 6 -1
1241082 1 1
1241094 8 1
1241105 0 1
1241116 2 1
1241199 4 1
1241223 20 1
1241242 0 1
1241250 3 -1
1241288 1 1
1241417 0 1
1241433 7 -1
1241481 15 1
1241481 1 -1
1241492 3 -1
1241503 9 -1
1241546 10 -1
1241550 4 -1
1241572 0 -1
1241573 2 1
1241660 1 1
1241712 3 1
1241825 2 1
1241836 5 -1
1241852 1 -1
1241868 13 1
1241872 4 -1
1241892 0 -1
1241938 3 -1
1241943 6 1
1242010 0 -1
1242051 2 -1
1242107 0 1
1242158 3 -1
1242158 7 1
1242160 1 -1
1242231 4 1
1242244 5 -1
1242301 2 -1
1242352 3 1
1242356 1 -1
1242373 0 -1
1242395 6 -1
1242489 0 -1
1242519 1 -1
1242526 2 1
1242548 3 -1
1242596 0 1
1242599 12 -1
1242606 4 -1
1242755 5 -1
1242763 2 -1
1242819 7 1
1242857 11 -1
1242876 1 1
1242878 0 -1
1242943 6 1
1242954 3 1
1242956 4 1
1242964 10 1
1242991 2 1
1243002 0 -1
1243029 14 1
1243050 8 -1
1243065 1 -1
1243118 0 -1
1243150 3 -1
1243241 1 1
1243327 4 1
1243352 0 -1
1243352 17 -1
1243373 3 -1
1243456 0 1
1243464 2 -1
1243513 7 -1
1243556 0 -1
1243605 1 -1
1243631 9 1
1243631 18 -1
1243663 5 -1
1243695 2 1
1243803 1 1
1243824 0 -1
1243873 3 1
1243916 2 -1
1243943 6 1
1243953 8 1
1243970 0 1
1243972 1 -1
1244085 4 -1
1244098 3 -1
1244125 5 1
1244131 0 -1
1244340 3 -1
1244342 0 1
1244343 1 1
1244373 2 -1
1244464 4 1
1244502 0 -1
1244537 1 -1
1244598 5 -1
1244609 6 1
1244609 2 1
1244658 0 -1
1244714 1 1
1244794 4 -1
1244830 2 -1
1244867 13 1
1244899 3 1
1244907 0 -1
1244964 9 1
1244975 8 1
1244980 7 -1
1244996 6 -1
1245007 15 1
1245042 0 -1
1245050 5 1
1245081 1 1
1245093 12 1
1245095 3 -1
1245219 0 -1
1245282 1 -1
1245308 3 -1
1245313 2 1
1245404 0 -1
1245452 1 -1
1245501 3 1
1245523 28 -1
1245546 0 1
1245564 4 -1
1245571 5 1
1245576 2 1
1245649 7 1
1245697 3 -1
1245706 10 1
1245719 0 1
1245798 1 1
1245824 2 -1
1245832 0 1
1245888 6 -1
1245910 3 -1
1245951 4 1
1245985 5 1
1245988 1 1
1245996 8 1
1246082 9 -1
1246103 3 1
1246152 0 1
1246177 1 1
1246275 2 -1
1246280 6 1
1246283 0 1
1246350 7 -1
1246358 4 1
1246423 0 1
1246436 5 -1
1246506 2 1
1246512 3 -1
1246544 1 -1
1246673 6 -1
1246689 0 -1
1246697 1 -1
1246705 3 1
1246751 2 1
1246770 11 1
1246813 0 -1
1246886 1 1
1246899 21 -1
1246901 3 -1
1246920 8 -1
1246966 0 1
1247028 4 -1
1247104 1 1
1247146 6 -1
1247156 14 1
1247213 2 1
1247275 0 1
1247290 1 -1
1247318 10 1
1247358 4 -1
1247404 0 1
1247409 3 -1
1247414 23 -1
1247442 2 -1
1247447 5 -1
1247465 1 1
1247479 16 -1
1247501 9 -1
1247514 0 -1
1247544 6 1
1247544 12 1
1247644 1 1
1247651 3 -1
1247678 0 1
1247689 2 -1
1247729 4 1
1247753 7 1
1247807 0 1
1247871 3 1
1247909 5 1
1247909 0 -1
1247909 8 -1
1247963 6 1
1248000 0 -1
1248007 1 -1
1248060 17 1
1248156 2 -1
1248201 1 1
1248291 0 1
1248296 11 1
1248339 3 -1
1248366 7 1
1248371 5 -1
1248377 2 1
1248390 1 -1
1248409 0 1
1248479 4 -1
1248532 6 -1
1248532 9 1
1248551 0 1
1248559 3 1
1248575 10 1
1248629 2 1
1248741 1 1
1248823 3 1
1248825 4 -1
1248844 0 -1
1248930 8 -1
1248958 1 1
1249005 0 1
1249081 2 1
1249091 7 -1
1249144 1 -1
1249150 0 -1
1249224 4 -1
1249231 5 1
1249231 9 1
1249306 2 -1
1249322 3 -1
1249478 0 1
1249523 1 -1
1249556 2 -1
1249564 3 -1
1249624 0 1
1249640 6 1
1249708 1 1
1249747 5 1
1249750 0 -1
1249782 2 1
1249785 3 1
1249856 0 1
1249898 4 -1
1249902 1 -1
1249954 0 -1
1250018 2 -1
1250070 0 -1
1250075 1 1
1250188 5 -1
1250193 0 -1
1250209 11 -1
1250247 2 1
1250252 3 -1
1250276 4 -1
1250280 1 -1
1250338 6 1
1250389 7 1
1250403 9 -1
1250424 0 -1
1250454 1 1
1250473 3 1
1250494 2 1
1250548 0 -1
1250575 13 -1
1250615 1 1
1250655 4 1
1250666 0 -1
1250698 3 -1
1250779 6 -1
1250790 8 -1
1250938 0 -1
1250940 14 -1
1250951 2 1
1250974 1 -1
1251048 0 1
1251058 10 -1
1251107 7 -1
1251144 5 -1
1251160 3 1
1251175 1 1
1251185 0 1
1251188 2 -1
1251361 1 -1
1251386 3 -1
1251397 4 1
1251408 2 1
1251472 0 -1
1251499 12 1
1251582 0 1
1251607 5 1
1251628 3 -1
1251720 1 1
1251741 6 -1
1251746 0 1
1251752 7 -1
1251776 4 -1
1251822 8 -1
1251886 2 -1
1251893 1 1
1251988 0 -1
1252074 3 -1
1252098 1 1
1252106 5 1
1252136 2 -1
1252144 6 1
1252174 0 1
1252179 4 -1
1252295 0 1
1252316 3 -1
1252362 2 1
1252381 10 -1
1252471 1 1
1252494 7 -1
1252531 6 -1
1252536 3 1
1252574 5 -1
1252604 0 1
1252663 1 -1
1252682 9 -1
1252768 8 1
1252792 0 -1
1252800 3 1
1252818 1 -1
1252827 2 1
1252894 0 1
1252913 4 -1
1252971 1 -1
1253015 5 1
1253074 2 1
1253090 16 1
1253093 3 -1
1253112 0 -1
1253122 7 -1
1253167 1 -1
1253223 4 -1
1253251 0 1
1253284 13 1
1253300 2 -1
1253305 3 -1
1253330 1 -1
1253337 6 1
1253426 0 1
1253498 3 1
1253509 5 -1
1253509 1 -1
1253520 18 -1
1253531 2 1
1253630 4 -1
1253692 9 -1
1253719 0 -1
1253735 10 1
1253767 2 -1
1253821 6 1
1253842 0 1
1253864 7 1
1253890 1 -1
1253907 3 -1
1253939 0 -1
1253969 4 -1
1254004 5 -1
1254006 2 -1
1254079 12 1
1254082 1 1
1254100 3 1
1254133 0 -1
1254213 2 -1
1254229 11 -1
1254236 0 1
1254263 1 -1
1254294 15 1
1254310 3 -1
1254331 4 1
1254337 0 -1
1254450 0 -1
1254573 6 -1
1254622 1 1
1254638 9 -1
1254665 2 -1
1254681 8 -1
1254686 7 -1
1254689 0 -1
1254710 4 -1
1254718 3 1
1254795 0 1
1254807 1 -1
1254912 3 -1
1254913 0 1
1254917 2 -1
1254944 5 -1
1254993 1 1
1255041 4 -1
1255068 14 -1
1255111 3 1
1255122 10 -1
1255143 0 -1
1255143 2 1
1255154 19 1
1255208 6 1
1255261 0 -1
1255368 1 1
1255372 0 -1
1255444 5 -1
1255553 1 -1
1255605 2 1
1255648 3 -1
1255689 0 -1
1255691 8 -1
1255714 1 -1
1255791 4 -1
1255842 0 1
1255858 2 1
1255869 3 1
1255898 1 1
1255906 5 1
1255976 6 -1
1255982 0 1
1256057 13 -1
1256065 1 1
1256094 3 -1
1256100 2 -1
1256108 0 -1
1256137 7 1
1256143 11 1
1256178 4 -1
1256261 0 1
1256266 1 -1
1256336 3 -1
1256379 10 -1
1256401 6 -1
1256438 0 -1
1256452 1 1
1256530 27 1
1256544 4 1
1256548 0 1
1256556 3 1
1256575 2 1
1256616 8 1
1256637 9 -1
1256702 7 -1
1256782 3 -1
1256788 6 1
1256804 2 -1
1256814 1 -1
1256841 5 1
1256863 0 1
1256992 0 1
1256992 1 -1
1257024 3 -1
1257038 2 1
1257088 12 -1
1257091 0 -1
1257198 1 -1
1257201 4 -1
1257266 2 -1
1257349 0 -1
1257368 5 1
1257470 3 -1
1257476 7 -1
1257476 17 -1
1257508 0 1
1257513 2 -1
1257584 1 -1
1257588 4 1
1257621 0 -1
1257712 3 -1
1257734 20 1
1257734 10 1
1257744 6 -1
1257744 2 1
1257755 9 1
1257766 5 1
1257774 1 1
1257932 3 1
1257951 0 -1
1257959 4 -1
1257967 1 -1
1257981 2 -1
1258099 0 1
1258163 11 1
1258217 6 -1
1258250 15 1
1258250 26 -1
1258284 0 -1
1258330 1 1
1258391 0 1
1258454 2 1
1258480 3 -1
1258508 22 1
1258526 1 1
1258548 0 -1
1258592 4 1
1258594 8 -1
1258679 3 1
1258680 2 -1
1258717 7 -1
1258721 1 -1
1258722 5 -1
1258722 12 1
1258736 0 -1
1258841 6 1
1258865 0 1
1258889 3 1
1258902 1 -1
1258910 2 1
1258995 4 1
1259002 9 -1
1259023 16 1
1259092 1 1
1259166 0 -1
1259168 10 -1
1259185 5 1
1259195 14 -1
1259281 3 1
1259302 1 1
1259324 0 1
1259366 4 -1
1259381 2 -1
1259453 18 1
1259464 0 1
1259475 7 -1
1259485 1 -1
1259491 3 1
1259561 8 -1
1259606 2 1
1259684 3 -1
1259685 4 -1
1259690 5 1
1259760 0 1
1259830 1 1
1259840 6 1
1259843 2 -1
1259864 0 -1
1259916 3 -1
1259969 24 -1
1260020 0 1
1260035 1 -1
1260047 4 1
1260088 7 -1
1260109 3 1
1260141 5 -1
1260218 1 1
1260305 3 -1
1260308 0 -1
1260319 2 1
1260370 4 1
1260453 6 -1
1260466 0 1
1260507 8 1
1260518 3 -1
1260544 2 -1
1260575 1 -1
1260577 0 1
1260593 12 1
1260662 5 -1
1260708 4 -1
1260757 1 1
1260776 2 1
1260810 0 -1
1260907 3 -1
1260918 1 1
1260966 0 1
1261071 0 -1
1261092 6 -1
1261119 3 -1
1261136 5 1
1261232 2 1
1261301 1 1
1261313 3 1
1261349 4 -1
1261404 0 -1
1261480 2 1
1261484 1 -1
1261509 0 1
1261523 7 -1
1261528 8 1
1261539 13 -1
1261646 5 1
1261646 9 -1
1261657 0 -1
1261668 1 -1
1261711 2 -1
1261721 3 -1
1261756 4 -1
1261829 10 1
1261845 1 1
1261915 3 1
