0 2 -1
24 0 1
51 3 1
63 1 -1
124 5 1
188 0 1
188 9 1
231 12 -1
234 2 1
252 6 -1
253 16 -1
263 3 1
414 4 1
414 0 -1
422 1 1
457 3 -1
462 2 -1
527 7 -1
550 0 -1
575 5 -1
595 1 1
683 8 1
693 6 1
717 0 1
720 4 1
736 13 1
801 1 1
865 3 -1
941 2 -1
1001 0 1
1010 5 1
1043 10 -1
1059 4 -1
1075 3 -1
1099 0 -1
1176 1 1
1177 2 1
1220 7 1
1225 0 -1
1268 3 1
1295 6 -1
1357 1 1
1381 0 1
1397 2 -1
1518 0 1
1544 1 -1
1564 18 -1
1655 0 1
1671 8 1
1677 3 -1
1736 11 1
1744 4 1
1774 0 1
1870 3 1
1876 2 1
1925 1 -1
1951 5 1
1991 0 1
2069 3 -1
2091 0 -1
2107 2 -1
2115 1 1
2123 4 -1
2187 6 1
2222 0 -1
2252 19 1
2252 10 -1
2292 1 1
2351 2 -1
2435 5 -1
2435 9 1
2462 7 1
2469 4 1
2486 1 -1
2494 0 -1
2510 3 -1
2574 6 -1
2617 8 -1
2640 0 1
2671 1 1
2706 3 1
2800 0 -1
2814 2 -1
2861 1 -1
2897 4 1
2907 5 1
2918 3 1
3042 2 1
3044 1 1
3104 0 -1
3163 7 -1
3176 6 1
3214 0 1
3241 9 -1
3276 4 -1
3289 2 1
3321 3 1
3351 0 1
3413 1 1
3475 0 1
3520 3 -1
3520 2 -1
3521 8 1
3594 1 -1
3622 10 1
3645 0 1
3649 6 1
3703 4 -1
3730 3 -1
3757 2 1
3772 1 -1
3784 7 -1
3792 0 1
3800 11 1
3848 5 -1
3950 0 -1
3977 2 -1
4029 4 -1
4058 14 1
4122 3 -1
4167 1 1
4181 0 -1
4187 17 1
4230 12 -1
4230 2 -1
4240 6 -1
4299 5 1
4332 3 -1
4333 0 1
4342 1 -1
4380 9 1
4446 0 1
4488 15 1
4503 1 -1
4509 8 1
4525 3 1
4541 7 -1
4686 0 1
4687 2 -1
4703 4 1
4772 5 -1
4791 0 -1
4864 1 1
4875 6 1
4888 0 1
4931 2 -1
4960 3 -1
5057 10 -1
5061 1 -1
5073 4 -1
5125 0 1
5159 2 1
5170 3 -1
5229 0 -1
5235 1 -1
5299 7 -1
5364 3 1
5364 0 1
5420 1 1
5452 4 1
5474 0 -1
5476 20 -1
5477 6 -1
5530 8 1
5584 0 -1
5593 1 1
5605 16 1
5611 5 1
5619 2 1
5670 9 1
5734 0 1
5779 1 -1
5788 3 -1
5820 11 1
5847 0 -1
5848 2 -1
5928 7 -1
5980 1 1
5984 3 1
6095 2 -1
6113 0 -1
6127 5 1
6197 3 1
6202 4 1
6224 0 1
6377 0 -1
6379 12 1
6380 1 -1
6390 3 -1
6390 6 1
6433 8 -1
6444 13 -1
6551 2 -1
6553 1 -1
6586 3 1
6594 0 1
6605 5 -1
6613 4 1
6678 7 -1
6705 0 -1
6742 1 1
6788 2 1
6799 3 1
6847 0 -1
6874 6 1
6874 9 -1
6960 4 -1
6992 3 -1
7008 2 -1
7109 1 1
7113 0 -1
7261 2 -1
7288 0 -1
7307 1 -1
7411 25 1
7417 3 1
7419 0 -1
7465 5 1
7465 6 -1
7488 1 1
7492 2 1
7578 0 1
7615 3 -1
7689 4 -1
7723 2 -1
7734 0 -1
7825 3 -1
7832 0 1
7839 1 -1
7916 5 -1
7943 2 1
7960 0 1
8008 4 -1
8012 1 -1
8129 7 -1
8137 10 1
8185 14 1
8205 1 1
8209 0 1
8217 3 -1
8320 0 -1
8325 6 1
8383 4 1
8389 5 1
8400 12 1
8411 9 1
8422 2 -1
8422 8 1
8427 3 -1
8467 0 1
8580 1 1
8621 3 1
8672 2 -1
8717 6 -1
8741 4 -1
8746 0 1
8770 1 -1
8852 0 1
8884 2 -1
8900 5 1
8943 7 -1
8955 1 1
8999 0 1
9029 3 -1
9060 4 -1
9153 13 1
9222 3 1
9249 6 -1
9255 0 1
9303 15 -1
9316 1 1
9357 5 -1
9360 2 1
9368 9 1
9411 8 1
9421 3 -1
9427 4 1
9432 0 1
9511 1 -1
9518 11 1
9566 0 1
9572 10 -1
9588 2 -1
9604 7 -1
9631 3 -1
9673 1 -1
9675 0 -1
9773 0 1
9814 4 -1
9824 3 1
9835 2 -1
9846 5 -1
9940 0 1
10023 3 -1
10057 0 1
10080 1 1
10233 3 -1
10238 6 -1
10285 1 -1
10287 0 -1
10297 5 1
10303 2 -1
10346 8 -1
10405 0 -1
10471 1 1
10499 4 1
10518 0 -1
10545 2 -1
10625 6 1
10657 3 1
10744 0 1
10760 2 -1
10765 17 -1
10813 1 -1
10830 10 -1
10851 3 -1
10875 0 1
10902 4 1
11003 1 1
11023 7 -1
11023 18 -1
11026 2 -1
11047 3 1
11071 0 -1
11173 5 -1
11180 1 1
11222 6 -1
11233 2 -1
11265 4 1
11276 0 -1
11349 1 1
11410 0 1
11453 3 -1
11485 2 -1
11534 0 1
11535 1 -1
11539 11 1
11625 5 1
11636 7 -1
11649 3 1
11711 2 1
11720 1 -1
11754 6 -1
11757 0 -1
11797 9 1
11861 3 1
11861 13 -1
11872 0 -1
11894 1 1
11990 0 -1
12014 4 -1
12076 5 -1
12173 6 -1
12187 2 -1
12260 1 -1
12291 3 -1
12297 0 1
12313 14 1
12329 7 1
12369 4 1
12399 8 -1
12415 2 1
12428 0 1
12470 1 -1
12487 3 1
12539 0 1
12560 6 1
12571 12 -1
12647 1 1
12670 2 1
12700 3 1
12756 4 -1
12802 0 1
12893 3 -1
12931 0 1
12958 9 -1
12984 1 -1
13028 6 1
13033 5 1
13046 0 -1
13103 3 1
13132 2 1
13147 1 -1
13302 3 -1
13323 0 1
13333 1 1
13361 2 -1
13409 8 -1
13475 0 -1
13479 5 -1
13482 4 -1
13511 3 -1
13603 11 1
13608 2 -1
13643 0 1
13671 1 -1
13799 0 -1
13828 10 1
13839 6 -1
13839 9 -1
13845 7 1
13861 1 1
13869 4 1
13904 3 -1
13912 0 1
13936 5 -1
14046 0 -1
14046 1 -1
14065 2 -1
14113 3 -1
14167 0 -1
14226 8 -1
14228 1 1
14237 6 1
14256 4 -1
14301 2 1
14312 3 1
14334 15 -1
14393 1 1
14422 0 -1
14522 2 -1
14528 0 1
14570 7 -1
14574 1 -1
14629 0 -1
14655 4 -1
14731 6 1
14756 1 1
14766 2 -1
14844 3 1
14909 0 -1
14919 5 1
15000 2 1
15011 0 1
15038 4 1
15106 1 -1
15156 0 -1
15161 3 -1
15220 2 -1
15263 7 1
15267 1 -1
15355 5 -1
15371 3 1
15372 0 1
15376 4 1
15376 10 -1
15408 12 1
15425 2 -1
15457 1 1
15538 0 -1
15658 0 -1
15666 11 1
15771 4 1
15801 5 1
15812 0 1
15838 6 -1
15856 1 1
15892 7 1
15898 2 -1
15941 0 1
15978 9 1
16011 8 -1
16016 3 -1
16045 1 -1
16078 0 1
16129 2 1
16183 17 -1
16225 14 1
16231 1 1
16242 3 1
16252 5 -1
16282 0 -1
16328 2 1
16483 3 1
16494 6 -1
16553 0 1
16578 1 1
16586 7 -1
16594 4 -1
16650 10 1
16704 3 -1
16725 5 1
16739 0 1
16759 1 -1
16798 2 -1
16881 0 -1
16913 8 1
16929 3 1
16932 4 -1
16944 1 1
16956 9 1
16967 6 -1
17034 2 1
17042 21 1
17110 0 1
17144 1 -1
17171 3 1
17214 5 -1
17228 0 1
17263 2 -1
17271 4 1
17315 1 -1
17346 0 1
17384 7 -1
17392 3 -1
17488 1 -1
17558 11 -1
17558 12 1
17601 13 -1
17601 0 1
17686 1 -1
17714 5 -1
17736 2 1
17754 0 -1
17773 9 -1
17795 16 -1
17855 0 1
17959 3 1
17969 2 -1
17999 6 -1
18007 0 -1
18010 8 1
18028 4 -1
18049 1 1
18117 7 1
18160 0 1
18171 3 1
18195 2 1
18246 23 1
18250 1 1
18257 0 -1
18355 0 1
18364 3 -1
18379 4 1
18418 18 -1
18434 1 -1
18450 6 1
18617 5 -1
18660 0 1
18671 2 -1
18730 4 1
18758 1 -1
18762 15 -1
18762 22 1
18773 3 1
18800 0 1
18902 2 1
18929 0 1
18966 3 -1
18974 1 -1
18977 6 -1
19085 5 1
19138 2 -1
19152 0 1
19162 3 1
19165 1 1
19259 0 -1
19359 10 1
19372 0 1
19427 4 1
19450 30 -1
19450 31 -1
19524 1 -1
19547 5 -1
19574 3 -1
19593 0 -1
19611 2 1
19641 7 -1
19643 11 -1
19644 12 -1
19665 6 -1
19665 9 1
19705 0 1
19742 1 -1
19767 3 1
19798 4 -1
19837 2 -1
19885 0 1
19943 1 1
19966 3 -1
20012 0 1
20052 14 -1
20057 6 1
20087 2 -1
20108 4 -1
20133 0 1
20138 8 1
20181 3 -1
20213 7 1
20299 0 -1
20310 13 1
20346 1 -1
20377 3 1
20407 10 -1
20439 6 -1
20460 0 -1
20487 5 1
20536 1 1
20549 2 -1
20589 3 1
20718 0 1
20723 1 -1
20783 3 -1
20786 4 1
20786 2 1
20831 6 1
20896 0 1
20931 7 1
20955 5 -1
20976 9 1
21006 0 -1
21033 2 1
21062 8 -1
21100 4 1
21104 1 -1
21232 0 1
21290 1 1
21331 0 -1
21353 3 1
21441 0 -1
21475 1 -1
21476 5 -1
21479 4 -1
21506 2 1
21578 3 -1
21686 11 -1
21713 2 1
21772 12 1
21788 0 -1
21799 3 1
21844 1 -1
21939 0 1
21955 10 -1
21960 2 1
21989 1 -1
22008 9 1
22051 6 1
22086 0 1
22094 8 -1
22191 2 -1
22192 1 1
22204 4 -1
22206 0 1
22266 3 -1
22336 5 1
22342 7 -1
22352 0 1
22409 2 1
22487 3 1
22530 0 1
22559 1 -1
22605 2 1
22608 4 -1
22621 6 -1
22720 0 -1
22726 3 1
22728 13 1
22737 1 1
22847 2 -1
22847 9 -1
22886 1 1
22890 5 1
22962 4 1
23016 0 1
23075 1 -1
23132 7 1
23145 0 1
23218 6 1
23228 3 -1
23253 1 1
23261 0 1
23309 5 -1
23309 10 -1
23320 12 -1
23325 2 1
23438 1 -1
23454 3 1
23505 0 1
23556 2 -1
23607 0 -1
23621 14 1
23623 1 1
23696 3 1
23720 4 1
23744 0 1
23793 5 1
23809 2 -1
23879 8 1
23916 3 -1
23922 29 1
23998 1 1
24000 0 -1
24018 7 -1
24083 4 -1
24115 9 -1
24138 0 1
24142 3 1
24180 16 -1
24182 1 -1
24244 5 -1
24262 0 1
24276 2 -1
24357 1 1
24362 6 -1
24384 3 1
24403 0 1
24450 4 1
24513 2 1
24559 0 -1
24604 3 -1
24685 5 1
24712 0 1
24733 2 -1
24736 1 1
24803 8 -1
24865 0 -1
24921 10 -1
24931 1 -1
25072 3 1
25095 1 -1
25136 6 1
25147 4 -1
25152 5 -1
25182 2 -1
25190 0 1
25255 12 -1
25292 3 -1
25292 7 -1
25300 0 -1
25410 2 1
25413 0 1
25472 1 -1
25510 4 1
25518 3 1
25628 0 -1
25642 2 -1
25642 9 1
25651 1 1
25744 0 -1
25781 8 -1
25813 11 -1
25828 1 1
25848 0 1
25862 2 1
25864 4 -1
25899 6 -1
25980 3 -1
26004 1 -1
26074 7 -1
26098 2 -1
26104 5 1
26152 0 1
26175 1 -1
26206 3 1
26211 4 -1
26321 0 -1
26340 10 1
26364 1 1
26365 2 -1
26448 3 1
26464 0 1
26566 5 -1
26566 1 1
26566 17 1
26582 4 1
26609 2 1
26647 0 1
26673 18 1
26776 7 1
26802 0 -1
26888 9 -1
26921 3 -1
26933 1 -1
26958 0 1
26989 4 1
27017 6 1
27060 2 1
27082 5 -1
27098 0 1
27122 1 1
27189 14 -1
27195 3 -1
27292 2 -1
27308 1 -1
27340 4 1
27345 0 1
27420 3 1
27469 7 1
27470 0 1
27536 2 -1
27609 6 -1
27626 0 -1
27662 3 1
27689 1 -1
27705 11 1
27705 15 -1
27706 24 -1
27727 8 1
27824 10 -1
27860 1 -1
27883 3 -1
27928 0 -1
27974 5 -1
27995 6 1
27998 2 -1
28017 4 -1
28049 25 -1
28053 1 1
28057 0 -1
28108 3 1
28114 7 1
28197 0 1
28227 2 1
28307 26 -1
28350 3 1
28382 5 -1
28396 4 1
28432 1 1
28436 12 -1
28490 2 1
28502 0 1
28608 0 1
28614 1 1
28630 8 -1
28673 6 1
28694 19 -1
28751 4 -1
28756 0 1
28803 1 -1
28807 7 -1
28920 5 -1
28936 3 1
28966 2 -1
28968 0 -1
29009 1 1
29084 0 1
29135 3 -1
29167 9 -1
29173 2 -1
29182 1 -1
29191 0 -1
29210 13 1
29328 6 1
29344 3 -1
29384 1 -1
29428 2 -1
29472 4 -1
29508 7 1
29511 11 -1
29511 0 1
29573 1 1
29635 2 -1
29651 8 -1
29672 6 1
29688 0 1
29807 0 -1
29843 4 1
29887 2 -1
29903 3 1
29909 5 1
29932 1 -1
30102 3 -1
30113 2 1
30137 1 -1
30140 0 -1
30153 4 1
30188 6 1
30242 12 -1
30272 0 -1
30285 9 1
30312 3 -1
30331 1 1
30344 2 -1
30371 16 1
30387 10 1
30425 5 1
30430 0 1
30457 21 -1
30677 1 -1
30715 3 -1
30742 0 1
30823 2 1
30847 0 -1
30855 7 -1
30855 1 -1
30887 4 -1
30914 5 1
30925 3 -1
30957 0 1
31032 1 1
31072 2 -1
31115 0 -1
31118 3 1
31145 28 -1
31230 4 1
31274 17 -1
31277 2 -1
31298 0 -1
31317 6 -1
31338 9 1
31383 1 -1
31408 5 -1
31476 0 -1
31510 8 -1
31535 3 -1
31580 4 -1
31580 7 1
31581 1 1
31596 10 1
31631 0 1
31661 20 -1
31731 3 1
31731 2 -1
31744 1 -1
31833 12 1
31895 0 1
31897 5 1
31943 4 1
31951 3 1
31983 2 -1
32005 6 -1
32040 0 1
32080 13 -1
32088 1 -1
32174 0 1
32177 15 1
32209 2 1
32257 7 -1
32262 1 1
32290 4 -1
32362 3 1
32397 5 1
32464 0 -1
32479 1 1
32499 8 -1
32574 3 1
32577 0 1
32628 4 -1
32685 2 -1
32714 6 -1
32728 0 -1
32768 3 -1
32846 1 1
32865 5 -1
32919 10 -1
32921 2 1
32962 0 1
33003 4 1
33015 1 1
33037 18 -1
33142 0 1
33150 2 -1
33176 3 1
33195 1 -1
33287 0 -1
33362 2 1
33375 3 -1
33393 0 1
33402 8 1
33424 11 1
33511 0 1
33531 9 -1
33564 1 1
33569 3 1
33598 2 -1
33628 7 -1
33635 0 1
33692 6 -1
33725 4 1
33741 0 -1
33755 1 -1
33778 5 -1
33838 2 1
33897 27 -1
33952 1 1
34004 0 1
34069 2 -1
34112 4 -1
34144 0 1
34219 3 -1
34219 5 1
34284 6 1
34289 1 1
34292 0 1
34370 7 1
34370 9 1
34423 8 1
34439 3 1
34462 1 1
34499 4 1
34539 0 1
34542 2 1
34655 0 -1
34656 1 -1
34671 5 -1
34708 3 -1
34773 2 -1
34800 6 1
34813 0 1
34855 1 -1
35017 2 -1
35025 3 1
35031 0 -1
35047 1 1
35176 7 1
35177 0 1
35228 4 1
35228 1 -1
35273 13 -1
35281 0 -1
35294 3 1
35337 8 -1
35396 0 -1
35401 11 1
35418 1 1
35445 14 -1
35466 9 -1
35477 2 -1
35501 0 -1
35552 3 1
35579 5 -1
35599 4 -1
35603 0 1
35708 2 1
35724 6 -1
35729 0 1
35772 3 -1
35788 15 1
35799 1 1
35874 12 -1
35952 2 1
35966 4 1
35990 1 -1
36028 0 -1
36079 10 -1
36089 5 -1
36176 1 1
36181 0 1
36186 6 -1
36221 3 1
36272 8 1
36339 0 -1
36396 2 -1
36433 3 1
36516 1 -1
36541 5 1
36562 0 1
36627 3 -1
36635 7 1
36638 6 1
36640 2 -1
36681 0 -1
36691 4 -1
36699 1 1
36807 0 1
36861 1 1
36869 2 1
37006 4 -1
37006 0 1
37100 2 -1
37130 0 1
37159 3 -1
37164 8 -1
37242 0 1
37248 1 1
37250 11 -1
37288 10 -1
37293 6 1
37331 2 1
37352 4 1
37369 0 1
37385 3 1
37385 7 -1
37413 1 -1
37471 5 1
37508 9 1
37514 0 1
37576 2 1
37594 1 -1
37626 3 1
37667 4 1
37667 0 -1
37780 0 1
37780 1 1
37809 12 -1
37809 2 -1
37852 29 -1
37941 1 1
37944 5 -1
38003 6 1
38038 4 -1
38046 0 1
38078 7 1
38110 17 1
38111 26 1
38122 1 -1
38164 3 1
38207 0 1
38266 2 -1
38292 1 -1
38355 0 1
38384 3 -1
38404 4 1
38443 6 -1
38454 5 -1
38497 10 -1
38519 2 -1
38610 3 1
38624 0 1
38671 1 1
38755 4 1
38755 2 1
38798 0 1
38856 1 -1
38890 3 -1
38906 9 1
38908 0 -1
38954 5 -1
39025 1 -1
39099 8 1
39142 19 1
39158 0 -1
39174 6 -1
39196 3 1
39220 2 -1
39314 0 -1
39368 5 -1
39400 12 1
39400 14 -1
39408 7 -1
39408 1 -1
39416 3 -1
39436 4 -1
39459 2 1
39475 0 1
39582 1 1
39586 0 -1
39715 2 1
39725 0 -1
39765 1 -1
39787 4 -1
39819 3 1
39819 5 1
39862 0 -1
39895 9 1
39973 0 1
40077 7 -1
40099 8 1
40110 6 -1
40136 1 -1
40150 4 1
40169 2 1
40220 0 1
40260 3 1
40283 1 1
40314 5 1
40319 0 -1
40373 2 1
40432 18 -1
40464 1 -1
40491 3 -1
40507 0 1
40585 2 -1
40670 1 -1
40690 22 1
40718 0 1
40730 7 1
40738 3 -1
40776 6 -1
40795 4 1
40830 9 1
40842 0 1
40851 2 -1
40855 1 1
40862 11 -1
40994 0 -1
41002 8 -1
41041 1 -1
41082 2 1
41174 4 -1
41174 13 1
41217 6 1
41232 1 1
41233 5 1
41303 10 1
41308 3 1
41313 2 -1
41319 0 1
41507 0 1
41539 2 1
41549 4 -1
41577 1 1
41604 3 -1
41655 0 -1
41690 5 -1
41700 9 -1
41761 0 1
41780 1 1
41824 3 1
41879 0 1
41960 1 -1
41993 2 1
41996 0 1
42114 0 -1
42173 7 1
42200 5 -1
42219 2 -1
42222 4 -1
42281 6 -1
42319 1 1
42340 3 1
42388 0 -1
42469 2 -1
42480 1 1
42496 28 1
42515 0 -1
42568 4 1
42582 3 1
42621 0 1
42661 1 -1
42797 9 1
42802 3 -1
42826 7 1
42835 10 1
42840 8 -1
42861 11 -1
42863 0 1
42915 6 1
42926 2 -1
42969 0 -1
42988 4 1
43028 3 1
43055 14 1
43060 1 -1
43076 0 -1
43162 2 1
43168 5 1
43246 1 1
43270 3 1
43303 0 1
43383 2 -1
43435 1 -1
43455 0 -1
43490 3 -1
43528 6 -1
43619 0 -1
43625 1 1
43641 5 -1
43641 7 -1
43681 4 -1
43716 3 1
43724 0 1
43743 8 1
43807 9 1
43818 1 -1
43823 0 -1
43856 2 1
43915 16 -1
43990 0 -1
43991 1 1
44001 12 1
44044 13 -1
44048 4 1
44092 0 1
44111 2 1
44151 5 -1
44177 1 -1
44237 3 1
44253 10 -1
44337 2 -1
44406 0 1
44463 6 -1
44474 3 1
44503 4 -1
44513 1 -1
44560 0 -1
44573 2 1
44667 8 -1
44675 1 -1
44688 11 1
44689 0 -1
44694 3 -1
44802 2 -1
44818 20 1
44850 6 1
44866 1 1
44984 0 -1
44990 15 -1
45019 7 -1
45049 2 -1
45081 5 -1
45092 0 1
45162 3 1
45188 4 1
45229 0 1
45231 1 -1
45237 6 -1
45274 2 1
45382 3 -1
45422 1 1
45485 0 1
45495 5 -1
45503 4 1
45584 0 -1
45592 1 1
45651 3 -1
45672 7 -1
45694 0 1
45731 2 1
45817 4 1
45936 12 1
45948 1 -1
45957 9 -1
45962 0 1
45963 2 -1
46000 5 -1
46021 6 -1
46102 0 1
46129 3 -1
46132 1 -1
46215 2 -1
46242 0 1
46317 1 1
46339 3 -1
46349 7 1
46457 5 1
46462 6 -1
46507 1 -1
46532 3 1
46532 0 1
46575 4 -1
46624 8 1
46640 0 -1
46672 2 -1
46704 1 1
46731 11 1
46731 3 -1
46752 0 -1
46885 4 -1
46892 2 1
46908 1 1
46914 6 1
46957 3 -1
46957 5 1
46967 0 1
47010 13 -1
47091 1 -1
47115 0 1
47118 2 -1
47155 3 1
47161 9 1
47204 10 -1
47212 4 -1
47282 0 1
47354 3 -1
47408 5 -1
47458 1 1
47548 8 -1
47580 2 -1
47586 0 1
47639 1 -1
47655 18 -1
47704 7 -1
47725 0 1
47757 3 1
47827 2 -1
47833 1 1
47892 5 1
47904 0 1
47950 4 1
47956 3 -1
48056 2 1
48064 0 -1
48174 0 1
48216 1 1
48247 6 1
48263 3 1
48316 4 -1
48341 0 1
48413 1 -1
48429 12 1
48429 9 1
48462 7 1
48488 0 -1
48531 2 -1
48537 8 -1
48615 1 -1
48644 11 -1
48714 0 -1
48725 3 -1
48728 4 -1
48730 6 1
48763 2 1
48816 10 -1
48830 0 1
48848 5 -1
48951 3 1
48969 1 -1
48972 0 1
48999 2 -1
49066 4 -1
49171 1 -1
49192 3 1
49203 7 -1
49230 6 1
49230 0 -1
49268 16 1
49311 5 1
49344 1 -1
49364 0 -1
49417 4 1
49475 2 1
49493 1 -1
49515 0 -1
49547 15 1
49601 8 -1
49691 1 1
49714 2 -1
49719 19 -1
49719 3 1
49735 7 1
49751 4 1
49752 5 -1
49784 0 1
49872 1 -1
49894 0 -1
49940 2 1
50063 3 1
50077 0 -1
50078 1 -1
50114 4 -1
50211 0 -1
50300 10 1
50321 0 1
50380 7 1
50407 3 1
50415 2 -1
50421 1 1
50429 0 -1
50429 8 -1
50482 6 -1
50493 12 1
50563 0 1
50618 1 -1
50636 2 1
50665 11 -1
50665 9 1
50670 5 -1
50751 3 1
50803 1 1
50824 0 1
50852 4 -1
50853 2 1
50923 14 -1
50946 0 1
50955 6 -1
51057 0 -1
51090 7 -1
51095 27 -1
51095 3 1
51132 1 1
51158 4 -1
51159 5 1
51295 1 1
51305 2 1
51310 8 1
51332 0 1
51353 9 1
51450 3 1
51450 6 -1
51452 4 -1
51463 0 1
51473 1 -1
51557 2 1
51603 0 1
51665 5 1
51692 3 1
51783 2 -1
51819 1 1
51869 0 -1
51976 1 1
51993 2 -1
51998 0 -1
52017 7 1
52100 3 -1
52127 12 -1
52127 8 1
52135 0 -1
52138 4 1
52158 1 -1
52170 17 1
52226 2 1
52288 0 1
52293 3 1
52325 1 -1
52433 0 1
52449 2 -1
52471 11 1
52476 4 1
52492 13 -1
52493 9 -1
52508 3 1
52527 1 1
52546 6 1
52632 0 -1
52670 2 1
52675 5 -1
52706 1 -1
52796 0 -1
52871 4 1
52891 1 1
52903 3 1
53030 6 1
53035 0 1
53073 15 1
53116 3 1
53127 5 1
53145 0 -1
53148 2 -1
53210 1 1
53315 3 -1
53328 0 -1
53331 7 -1
53352 2 -1
53363 10 -1
53391 1 -1
53546 6 1
53573 2 1
53585 1 1
53589 5 -1
53597 4 1
53602 0 -1
53707 3 -1
53755 0 1
53892 0 1
53903 4 1
53933 3 -1
53956 1 1
54029 5 1
54030 8 -1
54032 2 1
54040 6 1
54105 16 1
54129 1 1
54137 7 -1
54148 0 1
54207 3 -1
54218 4 1
54258 2 -1
54261 0 -1
54310 1 -1
54359 0 1
54433 3 1
54470 6 1
54492 5 -1
54508 2 -1
54596 4 -1
54601 0 1
54621 12 -1
54674 3 1
54697 1 1
54699 0 -1
54717 10 1
54750 7 -1
54771 8 1
54857 6 -1
54881 1 -1
54881 0 1
54895 3 -1
54922 5 -1
54931 4 1
54965 2 -1
55051 14 -1
55052 1 -1
55120 3 1
55137 9 1
55142 0 1
55196 2 1
55201 13 1
55223 30 -1
55241 4 1
55319 0 1
55357 5 1
55373 6 -1
55435 1 -1
55440 2 1
55454 0 -1
55548 4 1
55596 1 -1
55653 2 1
55669 3 -1
55675 0 1
55749 8 1
55782 1 1
55800 0 1
55905 2 1
55919 0 1
56013 3 -1
56115 2 1
56128 1 -1
56136 10 -1
56174 0 1
56233 7 -1
56249 4 -1
56255 9 -1
56276 6 -1
56289 1 -1
56306 0 1
56340 11 -1
56341 5 -1
56357 3 -1
56357 2 1
56426 20 1
56449 0 1
56467 1 1
56550 0 -1
56666 0 -1
56674 6 1
56741 4 1
56787 5 1
56792 0 -1
56838 2 -1
56842 1 1
56924 0 -1
56959 7 1
56993 1 1
57051 4 1
57066 2 1
57082 3 1
57136 12 -1
57153 0 1
57157 6 1
57168 1 1
57179 9 -1
57249 5 -1
57260 0 -1
57297 2 -1
57329 3 -1
57402 0 1
57533 1 -1
57566 8 -1
57593 3 -1
57636 7 -1
57676 0 -1
57724 1 1
57749 4 -1
57773 2 1
57777 0 1
57902 0 1
57912 1 -1
57974 13 -1
58001 2 -1
58033 3 -1
58087 1 -1
58125 0 -1
58127 4 1
58146 9 -1
58200 5 -1
58211 2 -1
58238 0 -1
58248 1 -1
58281 3 -1
58297 6 1
58337 0 1
58361 11 -1
58442 1 1
58498 0 -1
58501 8 1
58506 3 1
58539 4 -1
58623 1 -1
58651 5 1
58668 0 1
58668 2 -1
58727 6 -1
58797 3 -1
58805 0 1
58920 2 -1
58926 0 1
59006 21 -1
59006 1 -1
59049 14 -1
59114 3 1
59124 5 -1
59135 7 1
59141 6 1
59146 0 1
59146 2 1
59168 10 1
59192 4 1
59194 1 1
59253 0 1
59334 3 -1
59377 1 1
59385 0 1
59393 16 -1
59407 2 1
59415 9 -1
59501 8 1
59558 4 -1
59565 3 -1
59608 0 -1
59640 2 -1
59745 0 -1
59748 1 1
59780 17 -1
59829 7 -1
59866 2 1
59885 4 -1
59888 0 1
59925 1 1
60092 2 -1
60097 3 -1
60113 1 -1
60113 5 1
60156 0 1
60253 11 1
60256 4 1
60296 6 1
60296 13 -1
60296 23 -1
60302 0 1
60377 3 1
60468 0 1
60492 1 -1
60538 7 1
60554 2 -1
60576 3 -1
60578 4 1
60602 0 1
60619 5 1
60640 9 -1
60683 1 1
60715 10 1
60737 6 -1
60761 0 -1
60801 2 -1
60824 1 -1
60879 0 -1
60917 4 -1
60979 3 1
61018 1 -1
61019 0 -1
61030 2 1
61091 5 -1
61177 3 -1
61181 1 -1
61288 4 1
61328 7 1
61355 0 1
61371 6 1
61371 12 1
61378 1 1
61387 3 -1
61436 8 -1
61489 2 1
61492 0 1
61500 9 1
61558 1 -1
61586 15 -1
61591 0 -1
61720 2 -1
61812 3 1
61831 0 -1
61935 1 -1
61941 0 -1
61968 2 -1
61989 4 1
62005 3 -1
62016 5 -1
62046 0 1
62059 6 1
62070 7 -1
62096 1 -1
62102 28 1
62166 10 -1
62201 3 1
62287 1 1
62304 0 1
62338 8 1
62392 4 1
62408 0 -1
62451 2 -1
62524 0 -1
62537 5 -1
62650 3 1
62652 1 -1
62693 2 1
62699 7 1
62747 6 1
62763 4 -1
62779 0 1
62811 13 -1
62844 3 -1
62844 1 1
62887 0 -1
62914 2 -1
62951 5 -1
62997 0 1
63013 1 1
63040 3 1
63231 6 1
63263 12 1
63284 8 -1
63285 9 -1
63287 0 1
63372 1 -1
63392 0 -1
63392 2 1
63408 7 -1
63446 3 -1
63553 0 -1
63561 1 1
63569 4 1
63612 2 -1
63644 3 1
63650 18 1
63718 1 1
63720 6 1
63776 0 1
63841 2 1
63849 5 -1
63859 3 1
63910 1 -1
63924 4 -1
63932 0 -1
64048 0 1
64080 11 -1
64081 1 -1
64166 25 -1
64177 8 1
64254 1 1
64257 3 1
64262 5 -1
64273 9 -1
64279 4 1
64305 2 1
64307 0 1
64432 0 1
64438 1 -1
64456 3 -1
64531 2 -1
64549 0 1
64655 0 -1
64666 3 -1
64735 5 1
64781 2 -1
64789 0 1
64827 1 -1
64854 31 1
64859 7 -1
64894 0 -1
64929 6 1
64984 1 -1
64988 4 -1
65047 0 1
65058 3 -1
65069 9 1
65112 8 -1
65149 10 -1
65178 1 1
65198 19 1
65198 12 1
65262 2 -1
65267 3 -1
65343 4 1
65359 0 1
65391 13 1
65461 3 1
65464 7 -1
65480 0 1
65488 2 1
65593 1 1
65614 0 1
65617 5 1
65649 16 -1
65660 3 -1
65719 2 -1
65735 6 -1
65738 4 1
65758 1 1
65851 0 1
65869 3 -1
65949 1 -1
65958 0 -1
66063 3 1
66063 5 -1
66076 4 1
66076 0 -1
66100 11 -1
66122 8 -1
66192 2 1
66229 15 1
66230 24 -1
66230 17 -1
66262 3 -1
66286 0 -1
66296 1 1
66334 7 -1
66358 6 1
66391 4 1
66401 14 -1
66426 2 -1
66455 0 -1
66477 5 -1
66487 10 1
66491 1 -1
66579 0 -1
66654 2 1
66665 1 -1
66684 3 1
66692 0 -1
66770 4 -1
66810 0 -1
66870 1 -1
66896 3 1
66901 2 1
66915 0 1
67032 1 -1
67068 8 1
67088 4 -1
67089 3 -1
67095 0 1
67157 2 1
67191 1 -1
67334 2 -1
67382 0 -1
67383 1 1
67390 9 1
67412 5 -1
67536 0 1
67557 2 1
67568 7 -1
67605 27 -1
67659 6 1
67675 0 1
67681 3 -1
67747 1 -1
67777 4 1
67874 10 -1
67917 5 -1
67939 1 1
67949 3 1
67955 0 1
68051 2 1
68108 0 -1
68108 1 1
68132 4 -1
68143 11 -1
68148 3 -1
68218 9 -1
68242 0 -1
68285 2 -1
68293 6 -1
68326 7 1
68401 5 1
68454 13 1
68467 1 -1
68507 4 1
68514 2 1
68519 0 1
68540 3 -1
68618 0 -1
68656 1 1
68712 6 -1
68721 0 1
68750 3 -1
68809 21 -1
68831 0 1
68837 1 -1
68874 5 -1
68944 3 1
68979 7 -1
68992 2 -1
68992 8 -1
69019 0 1
69129 0 -1
69142 3 -1
69180 4 -1
69196 9 -1
69204 1 1
69228 2 1
69230 0 1
69352 3 -1
69392 1 -1
69400 5 -1
69406 10 -1
69449 2 -1
69476 0 1
69539 1 -1
69545 3 1
69555 4 1
69653 0 1
69669 12 1
69691 6 -1
69712 1 -1
69744 3 -1
69846 5 1
69849 0 -1
69898 2 -1
69906 4 -1
69910 1 -1
69949 8 1
70013 14 1
70099 15 1
70110 6 -1
70111 1 1
70115 2 1
70147 3 1
70158 0 -1
70263 0 -1
70293 1 -1
70303 5 -1
70346 3 -1
70373 0 1
70373 2 1
70422 16 -1
70513 6 1
70556 3 -1
70603 4 -1
70610 2 -1
70639 1 1
70663 7 -1
70690 0 1
70821 1 -1
70825 10 1
70846 2 1
70852 0 1
70929 4 -1
70948 3 -1
70999 0 1
71002 6 1
71002 1 -1
71024 8 1
71077 2 -1
71115 0 1
71131 18 1
71158 3 -1
71220 0 -1
71228 5 -1
71268 4 1
71314 2 1
71351 3 1
71369 1 -1
71384 0 1
71389 29 -1
71389 7 1
71496 6 1
71507 0 1
71539 9 -1
71566 1 1
71631 4 1
71717 5 1
71746 1 -1
71781 3 -1
71787 2 -1
71840 0 -1
71975 3 1
71978 0 -1
72012 2 1
72026 4 1
72034 10 1
72055 6 1
72066 7 1
72090 0 1
72102 1 -1
72152 5 -1
72174 3 -1
72244 2 -1
72249 12 1
72300 1 1
72319 0 -1
72344 4 1
72356 11 -1
72383 3 -1
72428 0 1
72489 1 -1
72507 9 -1
72569 0 1
72614 3 -1
72679 1 1
72700 6 1
72711 4 -1
72714 2 1
72759 7 -1
72810 3 1
72829 8 1
72862 0 1
72866 1 -1
72939 2 -1
73004 0 -1
73023 3 1
73050 1 -1
73114 5 1
73173 0 1
73176 2 1
73279 1 -1
73304 0 1
73392 4 1
73412 3 1
73445 0 1
73453 7 1
73453 26 1
73469 10 -1
73496 9 -1
73539 14 -1
73566 0 1
73587 5 -1
73625 3 1
73652 2 -1
73658 1 -1
73715 4 1
73724 0 -1
73732 8 -1
73759 6 1
73818 3 -1
73852 1 1
73877 2 1
73926 12 1
74017 0 1
74037 1 -1
74087 5 -1
74108 2 -1
74122 4 1
74130 7 -1
74168 0 -1
74227 3 1
74232 6 1
74270 11 1
74280 0 -1
74345 2 1
74408 1 1
74420 3 -1
74538 0 1
74571 9 1
74587 2 1
74593 1 -1
74614 6 -1
74614 13 -1
74616 3 1
74662 0 1
74771 1 1
74772 0 -1
74783 7 -1
74811 4 -1
74818 2 -1
74839 8 1
75001 5 -1
75027 3 -1
75044 2 1
75065 0 1
75134 1 -1
75189 0 1
75226 3 1
75250 4 -1
75323 1 1
75323 9 -1
75342 0 -1
75441 3 1
75463 5 1
75476 0 -1
75504 1 1
75527 2 -1
75627 0 1
75635 3 -1
75645 6 -1
75649 4 -1
75686 1 -1
75753 0 1
75753 2 1
75831 3 1
75865 1 1
75887 0 1
75903 5 -1
75979 2 -1
76037 1 1
76043 3 1
76075 6 -1
76097 10 1
76118 11 -1
76162 7 -1
76194 0 1
76242 3 -1
76246 1 1
76290 19 -1
76298 4 -1
76304 0 -1
76323 5 -1
76428 0 -1
76436 2 -1
76548 8 -1
76613 1 -1
76656 6 1
76667 0 1
76669 4 1
76672 2 1
76742 9 1
76769 0 -1
76798 1 1
76828 3 1
76849 5 -1
76871 16 -1
76879 0 -1
76903 2 -1
76984 7 -1
76986 1 -1
77048 3 -1
77072 4 1
77113 0 -1
77218 0 1
77274 3 1
77312 5 1
77322 14 1
77334 1 1
77344 0 1
77376 2 1
77387 8 -1
77411 4 1
77451 10 1
77520 1 -1
77523 0 1
77602 2 -1
77623 6 1
77653 7 1
77682 0 -1
77705 1 1
77774 13 -1
77790 0 1
77822 5 1
77833 2 1
77838 3 -1
77842 4 1
77922 0 1
77924 9 -1
77999 6 -1
78048 3 -1
78084 1 1
78096 11 -1
78198 0 -1
78213 4 -1
78241 3 1
78278 1 -1
78309 0 1
78311 2 -1
78397 8 -1
78440 15 -1
78440 18 1
78467 1 -1
78472 6 -1
78474 0 1
78483 17 1
78537 2 1
78568 4 1
78569 12 1
78655 3 -1
78687 5 -1
78728 0 1
78806 2 1
78826 1 -1
78851 3 1
78909 0 1
78911 7 1
78956 21 -1
79010 6 -1
79015 1 1
79026 0 1
79064 3 1
79064 10 1
79182 5 -1
79195 1 -1
79249 4 -1
79262 3 -1
79268 2 1
79306 0 -1
79429 8 -1
79432 0 -1
79475 3 1
79499 2 -1
79529 0 1
79535 1 -1
79547 7 1
79620 4 1
79623 6 1
79633 5 1
79666 9 1
79687 3 1
79711 1 1
79744 2 -1
79784 0 1
79881 3 -1
79890 1 1
79942 0 1
79950 4 1
80074 6 -1
80122 0 1
80160 11 -1
80168 7 1
80241 2 1
80243 1 -1
80337 3 1
80354 8 1
80430 1 1
80440 12 1
80440 0 1
80445 2 1
80482 13 1
80504 6 1
80504 9 -1
80547 4 1
80558 3 1
80614 0 1
80616 1 -1
80622 5 -1
80698 2 1
80738 0 1
80751 3 -1
80762 14 -1
80934 4 -1
80978 0 1
80982 1 1
81085 0 -1
81138 5 -1
81160 3 1
81172 1 -1
81192 0 -1
81195 2 -1
81248 4 -1
81353 3 -1
81364 8 1
81365 1 1
81399 2 -1
81485 0 1
81527 1 1
81536 6 -1
81549 3 1
81555 7 1
81595 0 1
81627 2 1
81643 5 -1
81644 10 -1
81703 0 -1
81716 1 1
81815 0 -1
81853 2 -1
81877 4 -1
81911 1 1
81912 6 1
81936 0 -1
81960 3 -1
81966 11 1
81966 22 1
82052 9 1
82057 0 -1
82084 2 1
82097 1 -1
82154 3 1
82162 0 1
82208 7 1
82264 4 1
82288 8 -1
82321 2 -1
82353 3 -1
82396 6 1
82428 0 -1
82462 1 1
82541 2 1
82562 3 -1
82584 0 1
82599 4 -1
82611 5 1
82647 1 -1
82693 0 -1
82783 12 -1
82841 1 1
82901 7 -1
82928 3 -1
82933 0 1
82949 4 -1
82998 10 1
83043 2 -1
83100 0 1
83105 5 -1
83148 3 -1
83191 1 -1
83202 0 -1
83250 2 -1
83256 15 -1
83328 4 1
83344 3 1
83381 1 1
83401 0 -1
83476 6 1
83503 2 -1
83524 0 -1
83556 1 -1
83557 5 1
83648 0 -1
83731 4 -1
83750 3 -1
83758 0 -1
83772 11 -1
83879 0 -1
83893 1 -1
83944 6 1
83946 3 1
83960 2 -1
83984 0 1
84013 5 -1
84030 17 1
84078 1 1
84102 0 1
84110 4 1
84153 3 1
84159 7 -1
84191 8 1
84204 2 -1
84212 9 -1
84247 1 1
84255 10 1
84403 0 1
84429 1 -1
84433 2 1
84524 5 -1
84535 0 1
84546 6 -1
84546 14 1
84551 3 1
84618 1 1
84661 0 -1
84723 4 1
84750 3 -1
84761 12 -1
84791 1 1
84812 7 1
84873 2 -1
84938 0 -1
84957 1 1
84965 3 -1
84986 5 1
85021 4 1
85036 0 1
85040 8 1
85118 2 -1
85164 0 1
85234 9 -1
85330 2 -1
85348 1 1
85371 0 1
85373 3 1
85400 4 -1
85448 5 -1
85497 0 1
85537 1 -1
85545 7 -1
85572 3 -1
85578 2 -1
85642 0 -1
85719 1 1
85749 6 1
85766 3 1
85787 0 1
85806 2 1
85917 0 1
85943 8 -1
85964 3 -1
85997 13 -1
86018 9 1
86034 2 -1
86069 1 -1
86110 0 1
86174 3 -1
86174 4 1
86185 6 -1
86222 15 1
86235 1 -1
86236 0 -1
86282 2 -1
86308 12 1
86351 20 1
86384 5 -1
86428 1 1
86453 3 -1
86494 0 -1
86569 4 -1
86617 0 -1
86679 3 1
86749 2 -1
86760 6 1
86767 0 1
86781 1 1
86894 5 -1
86936 4 1
86948 1 1
86970 2 1
87029 10 1
87058 0 1
87101 7 1
87123 1 -1
87136 3 -1
87158 6 -1
87174 0 1
87201 2 -1
87331 1 1
87335 0 -1
87346 5 1
87383 11 -1
87426 3 1
87514 1 -1
87633 4 -1
87636 3 -1
87644 0 -1
87676 2 1
87686 1 1
87722 7 1
87754 0 -1
87759 6 1
87824 8 1
87856 12 -1
87863 1 1
87864 0 1
87902 2 -1
88004 4 -1
88028 0 1
88082 3 1
88093 9 -1
88133 0 -1
88138 2 1
88157 19 1
88157 6 -1
88230 1 1
88275 3 -1
88276 5 1
88302 0 1
88359 4 1
88431 1 -1
88432 10 -1
88472 3 1
88474 0 1
88496 7 1
88544 16 -1
88566 6 1
88609 1 1
88614 2 -1
88673 14 1
88705 0 1
88738 13 1
88743 5 -1
88802 8 -1
88834 0 1
88840 2 1
88883 3 -1
88931 27 -1
88957 1 -1
88969 0 1
89020 4 -1
89028 9 -1
89076 3 1
89095 2 1
89151 1 1
89189 11 1
89237 5 1
89248 0 1
89275 3 -1
89322 1 1
89334 2 -1
89387 4 1
89404 0 -1
89544 6 1
89551 0 1
89571 2 1
89653 1 1
89697 3 1
89705 8 1
89770 17 1
89778 4 -1
89815 2 -1
89834 1 1
89895 0 1
89909 3 1
89931 6 -1
89931 10 1
89947 7 1
90001 0 -1
90024 1 1
90065 2 -1
90103 3 -1
90124 5 1
90173 0 -1
90201 1 1
90243 9 1
90307 12 1
90310 0 -1
90318 6 1
90390 1 1
90479 0 1
90511 4 -1
90522 2 -1
90527 3 1
90576 1 -1
90586 5 -1
90640 0 1
90656 7 1
90726 3 -1
90745 1 -1
90758 2 1
90788 0 1
90834 4 -1
90936 3 -1
90979 2 -1
91059 5 1
91084 0 1
91136 1 1
91176 4 1
91178 9 1
91188 0 -1
91210 11 1
91285 10 -1
91317 6 1
91318 13 -1
91321 1 -1
91339 0 1
91473 2 1
91495 7 1
91507 1 1
91511 3 1
91511 23 1
91586 0 1
91608 8 -1
91707 0 -1
91718 2 1
91726 3 -1
91837 4 -1
91878 1 -1
91909 5 -1
91909 0 1
91925 2 1
91957 3 1
91984 6 1
92071 1 1
92121 0 1
92220 4 1
92220 0 -1
92257 1 -1
92376 0 1
92395 2 -1
92414 3 -1
92414 5 -1
92414 9 -1
92486 0 -1
92551 4 1
92575 10 -1
92607 8 -1
92618 0 -1
92619 1 1
92621 2 1
92629 6 1
92656 3 1
92715 24 1
92715 18 -1
92766 0 1
92769 7 1
92805 1 -1
92876 5 1
92881 2 1
92897 3 1
92926 0 1
93020 1 -1
93059 25 1
93107 2 -1
93112 3 -1
93196 0 -1
93198 1 -1
93276 4 1
93309 3 1
93344 0 1
93349 2 1
93369 1 1
93454 7 -1
93456 0 -1
93521 3 1
93553 1 -1
93577 2 -1
93615 4 1
93661 8 -1
93671 0 -1
93714 3 -1
93720 10 -1
93744 1 1
93757 6 -1
93784 2 -1
93790 9 -1
93800 5 1
93806 0 1
93876 15 1
93913 0 -1
93978 4 -1
94085 1 -1
94182 0 1
94187 7 1
94198 3 -1
94214 2 1
94260 4 -1
94276 1 -1
94284 16 1
94290 0 -1
94295 5 1
94388 0 1
94394 3 1
94402 6 -1
94440 2 -1
94455 1 1
94564 8 1
94569 0 1
94607 3 1
94639 2 -1
94655 4 1
94682 0 1
94698 5 1
94782 1 1
94789 6 1
94803 0 -1
94886 9 1
94913 7 -1
94957 1 1
94972 0 -1
95014 4 -1
95058 11 -1
95074 10 1
95085 3 -1
95114 2 1
95123 17 1
95151 1 -1
95276 0 -1
95284 6 1
95311 3 1
95338 2 -1
95356 4 -1
95445 12 -1
95467 0 -1
95488 8 -1
95546 1 -1
95558 7 -1
95574 5 -1
95577 2 1
95606 3 -1
95633 0 -1
95735 1 1
95789 6 1
95851 0 1
95945 1 -1
95996 0 1
96017 4 1
96018 2 1
96090 5 -1
96117 3 -1
96130 1 1
96152 0 -1
96154 13 -1
96222 2 1
96259 7 1
96283 6 1
96320 1 -1
96364 4 -1
96402 0 1
96412 3 1
96434 8 1
96450 2 -1
96466 5 1
96509 0 -1
96541 1 -1
96670 26 1
96681 0 -1
96686 3 1
96719 2 -1
96731 1 1
96735 4 1
96842 6 1
96842 14 1
96928 3 1
96955 0 1
96971 2 -1
96972 9 -1
97033 7 1
97057 11 1
97100 15 -1
97106 1 1
97111 0 1
97149 3 -1
97197 2 1
97245 0 -1
97293 1 -1
97412 8 1
97428 2 -1
97444 3 1
97444 5 -1
97454 1 -1
97464 4 -1
97487 12 -1
97520 0 1
97628 0 -1
97665 3 -1
97726 0 1
97783 10 1
97799 9 1
97833 1 -1
97847 4 1
97901 2 1
97917 5 -1
97990 0 -1
97995 1 -1
98091 0 1
98132 2 -1
98154 6 -1
98178 1 1
98210 4 -1
98214 0 1
98261 3 -1
98358 2 1
98363 7 -1
98401 5 1
98439 0 1
98535 3 -1
98557 1 1
98589 0 -1
98702 6 -1
98734 9 1
98750 1 -1
98756 0 1
98761 3 1
98809 5 1
98834 2 -1
98863 13 1
98887 0 1
98924 1 -1
98960 4 1
99024 10 1
99043 0 -1
99070 2 1
99078 11 1
99113 1 1
99149 0 1
99218 7 -1
99247 0 -1
99261 5 -1
99284 1 -1
99290 4 1
99299 2 -1
99315 3 1
99325 6 -1
99347 8 -1
99379 19 -1
99468 1 1
99497 0 -1
99508 3 -1
99616 12 -1
99649 1 -1
99685 4 -1
99686 0 -1
99704 3 1
99723 5 1
99777 2 1
99831 16 -1
99841 0 1
99895 7 1
99938 18 -1
100000 1 1
100003 2 -1
100064 4 1
100110 3 -1
100175 0 -1
100185 5 -1
100222 1 1
100234 2 1
100293 8 1
100306 3 1
100330 0 1
100405 1 -1
100435 4 -1
100443 10 -1
100465 2 -1
100475 6 1
100484 0 -1
100518 3 1
100696 2 1
100712 3 -1
100712 15 -1
100770 1 1
100774 4 1
100787 0 1
100897 0 -1
100922 3 1
100940 2 1
100955 1 -1
101000 0 1
101104 4 1
101110 0 1
101120 5 -1
101131 3 -1
101133 1 -1
101142 9 1
101153 6 1
101163 2 1
101206 0 -1
101207 8 -1
101330 7 -1
101341 0 -1
101349 3 -1
101400 14 -1
101443 13 -1
101499 1 -1
101510 0 -1
101577 5 1
101639 2 -1
101690 6 -1
101693 4 1
101703 1 -1
101798 0 1
101868 2 1
101878 3 -1
101890 1 -1
101932 0 1
101991 7 -1
102034 5 -1
102084 0 -1
102101 2 -1
102112 4 1
102131 3 -1
102293 1 1
102316 0 1
102346 20 -1
102449 0 1
102463 1 1
102467 4 1
102475 3 -1
102496 9 1
102555 0 1
102577 2 1
102604 17 -1
102630 1 -1
102658 6 -1
102684 7 1
102819 0 1
102824 2 -1
102905 11 -1
103002 5 -1
103010 0 -1
103017 1 -1
103069 2 -1
103117 0 1
103136 3 1
103202 1 1
103216 4 -1
103217 8 1
103235 0 1
103292 6 1
103292 9 1
103354 0 1
103364 1 1
103378 3 1
103442 5 1
103518 0 -1
103528 2 1
103547 4 -1
103703 0 -1
103710 1 -1
103711 6 -1
103722 3 1
103765 10 -1
103781 2 1
103829 13 -1
103857 1 1
103894 5 -1
103898 4 1
103988 0 1
104004 2 -1
104044 8 1
104051 1 -1
104119 7 -1
104130 6 1
104176 0 1
104232 2 1
104243 3 1
104293 0 1
104345 12 1
104390 1 1
104410 27 -1
104410 22 1
104442 3 -1
104466 2 -1
104523 0 1
104583 1 -1
104614 0 1
104684 4 -1
104695 2 1
104716 7 -1
104748 3 1
104751 0 1
104754 11 1
104754 6 1
104789 1 -1
104861 5 1
104942 2 1
104982 4 -1
104986 1 1
105012 0 1
105033 8 1
105055 10 1
105141 0 1
105170 1 -1
105173 3 -1
105259 6 1
105315 0 -1
105334 5 -1
105337 4 1
105357 1 -1
105382 3 -1
105409 2 1
105463 0 1
105495 9 1
105522 7 -1
105528 14 -1
105538 1 1
105576 3 1
105630 2 -1
105648 0 -1
105656 6 -1
105716 4 -1
105755 0 1
105769 5 1
105861 0 1
105882 2 -1
105913 1 -1
105984 3 -1
106086 4 1
106087 1 1
106173 0 1
106178 3 1
106215 5 -1
106248 7 1
106296 1 1
106328 0 -1
106339 2 -1
106377 3 -1
106441 10 -1
106463 6 1
106473 12 1
106481 4 -1
106484 0 1
106584 2 -1
106656 9 -1
106663 1 -1
106672 5 1
106774 11 1
106780 3 1
106780 0 -1
106812 2 1
106817 28 -1
106856 1 -1
106893 4 -1
106922 0 1
106925 7 -1
106957 13 -1
106979 3 -1
107000 8 -1
107020 1 -1
107046 0 1
107054 6 -1
107188 3 -1
107188 5 1
107269 0 -1
107293 2 -1
107333 15 -1
107376 1 1
107382 0 -1
107480 0 1
107505 29 -1
107530 2 1
107562 4 1
107566 1 -1
107581 3 -1
107598 0 1
107677 5 -1
107715 7 -1
107722 0 1
107731 6 1
107755 1 1
107758 2 -1
107790 3 -1
107828 0 -1
107871 9 1
107876 4 1
107914 8 1
107941 1 -1
107946 0 -1
107984 3 1
108021 18 1
108126 1 1
108174 0 -1
108182 3 -1
108231 2 1
108255 4 -1
108271 0 1
108283 1 1
108352 7 -1
108392 3 -1
108399 0 1
108462 2 -1
108473 1 -1
108580 5 -1
108586 3 1
108631 0 1
108634 6 1
108682 2 1
108733 0 -1
108784 3 -1
108817 8 -1
108838 11 1
108852 0 -1
108868 1 1
108964 4 -1
109005 10 1
109032 6 -1
109042 5 1
109063 1 -1
109072 0 1
109139 2 1
109200 0 1
109206 3 1
109255 1 1
109308 0 1
109311 12 1
109319 4 -1
109376 2 -1
109419 3 1
109429 0 1
109494 5 -1
109537 6 -1
109548 0 -1
109596 2 1
109601 7 -1
109626 1 1
109654 4 1
109658 0 -1
109714 3 1
109776 0 -1
109799 1 1
109827 13 1
109827 8 -1
110000 1 1
110007 0 1
110074 2 -1
110107 0 -1
110128 9 1
110176 3 -1
110230 0 1
110324 2 -1
110343 10 1
110351 4 -1
110383 7 -1
110400 1 1
110429 21 1
110450 5 1
110453 0 -1
110472 3 1
110472 16 1
110537 2 -1
110577 0 -1
110590 6 -1
110593 1 -1
110601 17 -1
110644 11 -1
110683 0 1
110738 4 1
110746 3 1
110778 1 1
110902 8 -1
110902 9 -1
110907 0 1
110934 5 -1
110948 1 1
111012 2 1
111018 0 -1
111061 7 1
111085 6 1
111109 4 -1
111128 0 -1
111141 1 -1
111208 3 -1
111241 2 -1
111254 0 -1
111318 1 -1
111360 0 1
111434 3 1
111439 5 -1
111461 15 1
111466 0 1
111482 6 -1
111488 2 -1
111492 4 1
111496 1 1
111574 0 -1
111687 3 1
111719 2 1
111805 0 -1
111883 4 1
111891 1 1
111891 10 -1
111912 8 -1
111928 0 -1
111955 2 -1
112020 3 1
112055 0 -1
112088 1 -1
112203 2 -1
112229 4 -1
112240 3 -1
112275 0 1
112282 1 1
112332 9 1
112353 6 1
112391 5 1
112403 0 1
112450 2 1
112455 7 -1
112466 3 1
112512 0 1
112604 4 1
112645 1 -1
112708 3 1
112737 0 -1
112772 11 -1
112815 8 1
112834 0 1
112838 1 1
112847 5 -1
112923 2 1
112952 0 1
112955 13 1
112987 6 -1
113009 30 -1
113024 1 -1
113143 2 -1
113149 10 1
113189 0 -1
113224 3 1
113256 5 -1
113286 7 -1
113302 4 -1
113318 0 -1
113390 2 -1
113396 12 -1
113431 1 1
113439 0 1
113471 6 -1
113568 3 1
113584 4 1
113592 1 1
113697 14 -1
113729 0 1
113772 5 -1
113773 1 -1
113847 2 -1
113906 0 1
113912 3 1
113955 23 1
113995 4 1
114003 7 1
114038 0 1
114073 2 1
114112 1 -1
114256 5 1
114261 0 -1
114295 1 1
114299 9 1
114323 2 1
114393 0 1
114471 11 1
114491 1 -1
114535 6 1
114557 0 1
114567 10 -1
114600 3 1
114643 8 1
114718 5 -1
114777 4 -1
114785 2 1
114821 1 -1
114839 0 -1
114874 3 1
115011 1 1
115014 0 -1
115014 2 -1
115116 3 1
115128 4 1
115129 0 1
115148 6 -1
115164 5 1
115196 1 1
115250 0 1
115261 2 -1
115277 7 1
115355 0 -1
115473 0 -1
115486 2 1
115519 4 -1
115535 6 1
115567 1 1
115624 0 1
115642 3 1
115675 8 1
115718 2 -1
115752 1 1
115782 12 1
115782 9 -1
115903 0 -1
115906 7 1
115906 10 1
115938 3 -1
115948 1 1
115954 2 1
116018 20 -1
116072 0 -1
116104 15 -1
116126 5 -1
116174 2 -1
116223 0 1
116244 3 1
116305 1 -1
116317 4 1
116373 6 -1
116465 3 -1
116510 1 1
116534 16 1
116535 17 -1
116543 0 1
116577 8 -1
116588 5 1
116642 0 -1
116653 2 1
116690 3 1
116696 4 -1
116712 1 1
116728 7 1
116757 0 -1
116825 6 1
116881 1 1
116889 9 1
116903 2 1
116932 3 1
117023 5 -1
117054 1 -1
117072 0 -1
117083 4 1
117128 2 -1
117150 3 -1
117233 0 1
117244 1 1
117276 6 1
117325 10 -1
117338 0 -1
117441 4 -1
117449 1 -1
117453 7 -1
117494 0 1
117523 14 1
117566 12 1
117566 2 1
117620 3 1
117674 0 1
117784 0 -1
117806 2 -1
117820 1 -1
117824 26 -1
117840 3 -1
117848 4 -1
117881 0 1
117937 5 -1
118014 1 1
118029 2 1
118066 3 1
118082 7 -1
118147 0 1
118191 1 -1
118195 4 -1
118278 0 1
118346 6 -1
118394 5 1
118442 0 1
118504 2 -1
118518 4 -1
118526 3 -1
118534 8 1
118558 1 1
118641 11 1
118653 0 1
118695 2 1
118727 6 -1
118727 13 1
118754 3 1
118768 1 1
118827 0 1
118911 1 -1
118921 5 1
118921 2 -1
118929 7 -1
118976 0 -1
118996 3 1
119141 2 1
119206 0 1
119296 4 1
119296 1 -1
119343 0 1
119359 2 -1
119372 25 -1
119442 3 1
119461 0 1
119465 1 -1
119480 6 1
119550 7 -1
119566 8 1
119566 9 1
119568 0 -1
119598 4 -1
119598 2 1
119665 0 1
119681 1 -1
119684 3 1
119767 0 -1
119797 2 1
119834 5 1
119864 1 1
119888 24 -1
119888 10 1
119901 3 -1
119936 0 -1
119953 4 1
119979 6 -1
120057 1 -1
120224 0 1
120251 1 1
120264 2 -1
120329 5 1
120372 3 1
120375 0 -1
120388 6 1
120420 1 1
120471 0 1
120501 8 -1
120504 2 1
120511 11 -1
120589 3 -1
120634 4 -1
120710 0 -1
120721 2 -1
120791 1 1
120802 5 -1
120818 3 1
120834 0 1
120877 12 1
120899 9 1
120939 0 -1
120952 6 -1
120952 7 -1
120976 1 1
121017 4 -1
121148 2 1
121162 1 -1
121216 0 1
121350 0 1
121355 3 1
121409 2 1
121412 4 1
121474 0 -1
121490 6 1
121527 1 -1
121554 3 -1
121581 10 -1
121638 7 1
121640 2 -1
121651 14 1
121694 13 1
121698 1 -1
121748 0 1
121764 3 -1
121785 5 1
121847 0 -1
121871 1 1
121949 0 1
121952 19 -1
122116 2 1
122145 16 -1
122156 3 -1
122161 4 1
122215 0 1
122228 1 1
122242 7 -1
122253 5 -1
122253 9 1
122317 8 -1
122334 2 1
122376 3 -1
122382 0 1
122415 1 -1
122511 11 -1
122522 6 -1
122543 0 1
122570 3 1
122581 4 1
122589 2 1
122593 1 -1
122745 0 1
122769 5 -1
122778 1 1
122844 2 1
122855 12 1
122855 10 -1
122868 0 1
122944 1 1
122951 4 -1
122978 3 -1
122984 27 -1
123012 0 -1
123062 2 -1
123139 1 -1
123156 6 1
123258 3 -1
123263 0 -1
123274 2 -1
123294 4 1
123328 8 -1
123330 1 1
123371 0 1
123484 3 1
123505 2 1
123527 0 -1
123661 4 -1
123677 7 -1
123682 5 -1
123709 0 -1
123710 1 1
123790 3 -1
123814 0 1
123879 1 1
123897 6 -1
123975 0 -1
123978 2 -1
124040 3 -1
124064 1 -1
124072 4 -1
124112 5 1
124123 0 1
124123 9 -1
124209 2 1
124295 8 1
124349 3 1
124354 7 1
124427 1 -1
124427 2 -1
124430 0 -1
124459 4 1
124467 13 -1
124545 0 1
124569 3 -1
124596 5 -1
124612 1 1
124679 0 1
124773 6 1
124790 22 -1
124798 1 -1
124881 2 -1
125005 0 -1
125032 7 -1
125037 3 1
125048 12 1
125107 2 1
125142 0 -1
125152 1 -1
125166 6 -1
125198 8 -1
125201 4 1
125257 3 -1
125284 0 -1
125330 1 -1
125338 2 -1
125445 5 1
125467 3 1
125499 9 -1
125507 1 1
125537 0 -1
125547 4 -1
125660 0 -1
125736 21 1
125757 6 -1
125758 0 1
125795 2 -1
125862 1 -1
125865 0 1
125918 10 1
125940 5 1
125950 4 1
125956 3 -1
125983 0 -1
126031 1 -1
126047 2 -1
126112 0 1
126122 11 -1
126171 3 1
126225 1 1
126252 8 -1
126268 2 1
126270 0 -1
126337 20 1
126370 7 -1
126423 3 1
126424 15 -1
126434 5 -1
126523 2 1
126582 0 -1
126595 6 1
126604 1 1
126684 4 1
126746 2 -1
126757 0 1
126789 1 -1
126875 0 1
126902 3 -1
126918 9 -1
126954 1 -1
126985 2 1
126990 4 1
127112 18 -1
127128 3 1
127144 6 1
127160 7 1
127187 0 1
127211 2 -1
127251 8 -1
127317 1 1
127345 0 -1
127369 3 1
127377 4 -1
127412 5 1
127472 0 1
127482 10 1
127523 1 1
127595 3 -1
127687 2 1
127728 1 -1
127738 0 1
127810 6 1
127815 3 1
127864 0 1
127875 9 -1
127902 7 -1
127912 5 1
127920 2 -1
127963 0 1
127971 11 1
128057 3 1
128071 0 -1
128081 1 -1
128095 4 -1
128149 2 1
128237 0 -1
128252 1 -1
128294 6 1
128294 8 -1
128331 3 1
128385 5 -1
128396 0 1
128438 1 1
128444 12 -1
128454 4 1
128506 0 -1
128627 2 -1
128643 1 1
128751 6 1
128794 3 -1
128810 9 -1
128812 4 -1
128831 1 -1
128831 14 1
128831 0 -1
128853 2 1
128885 5 1
128968 0 1
129014 10 1
129019 3 1
129030 1 1
129046 17 -1
129076 0 -1
129078 2 -1
129103 4 1
129154 6 -1
129226 1 1
129261 3 1
129304 7 -1
129336 5 -1
129339 0 1
129483 0 1
129506 4 1
129530 2 -1
129541 6 1
129580 1 -1
129594 0 -1
129605 9 1
129756 2 1
129764 1 -1
129820 13 1
129831 3 -1
129842 5 -1
129852 0 1
129917 4 1
129969 1 -1
129987 2 -1
129992 0 -1
130062 7 1
130078 8 1
130121 3 1
130148 0 1
130221 2 1
130228 11 -1
130264 4 -1
130304 5 1
130348 1 -1
130393 0 1
130395 3 1
130465 2 -1
130497 0 -1
130566 1 -1
130648 0 1
130659 12 1
130712 2 -1
130741 1 -1
130755 7 -1
130798 6 -1
130874 0 -1
130895 9 1
130917 8 -1
130938 3 -1
130938 15 1
130949 2 1
130965 4 1
130995 0 1
131082 1 1
131126 0 1
131201 3 -1
131260 5 -1
131265 1 -1
131340 4 -1
131422 6 -1
131425 2 -1
131446 0 -1
131449 1 1
131497 3 1
131591 0 -1
131646 1 -1
131653 2 1
131696 5 1
131707 4 1
131723 10 -1
131758 0 -1
131771 3 1
131809 6 1
131828 1 -1
131895 2 -1
131992 8 -1
132013 3 1
132013 1 1
132026 0 -1
132110 5 1
132190 1 -1
132201 0 -1
132233 3 -1
132239 7 -1
132330 0 -1
132368 2 -1
132440 4 1
132497 0 1
132529 3 1
132537 1 1
132604 2 1
132628 0 1
132701 6 1
132722 1 1
132808 0 1
132819 13 -1
132825 2 -1
132835 4 1
132873 12 -1
132916 1 -1
132948 0 1
133013 7 -1
133066 5 -1
133088 6 -1
133109 10 1
133125 3 1
133171 0 -1
133214 4 -1
133287 1 -1
133303 19 1
133308 2 1
133314 9 1
133324 3 -1
133330 0 1
133346 14 -1
133432 16 -1
133435 0 -1
133476 1 1
133486 6 1
133529 5 1
133534 3 -1
133539 2 -1
133647 28 1
133658 7 -1
133658 1 -1
133765 0 1
133787 2 -1
133883 0 1
133926 3 -1
133964 4 1
133991 5 -1
133994 0 -1
134004 1 1
134012 2 1
134131 8 -1
134136 3 -1
134163 11 1
134163 9 -1
134163 18 -1
134190 1 -1
134238 2 -1
134260 0 1
134303 10 1
134329 3 1
134359 4 -1
134359 0 -1
134363 1 -1
134410 6 -1
134461 0 1
134485 2 1
134560 1 1
134579 0 1
134697 4 -1
134703 0 1
134724 2 -1
134734 1 -1
134738 3 -1
134818 0 1
134883 5 -1
134883 6 -1
134931 3 1
134935 1 -1
134937 0 1
135044 8 1
135060 7 -1
135097 1 -1
135130 3 -1
135168 0 -1
135179 2 -1
135313 6 1
135324 9 -1
135326 0 1
135377 3 -1
135399 4 1
135410 5 -1
135423 2 -1
135455 0 1
135484 1 -1
135528 13 1
135539 15 -1
135592 10 1
135652 2 1
135669 1 1
135673 0 -1
135678 3 1
135770 7 1
135774 4 1
135776 0 1
135840 6 1
135883 0 -1
135899 3 -1
135903 1 1
135926 5 -1
135990 8 -1
136114 2 1
136124 3 1
136125 4 1
136149 0 1
136233 1 1
136291 0 -1
136355 11 1
136361 2 1
136366 5 1
136366 7 -1
136425 0 1
136427 1 1
136452 6 1
136544 2 -1
136587 3 -1
136603 0 1
136610 1 -1
136721 17 -1
136732 0 1
136818 3 1
136839 5 -1
136842 4 -1
136874 0 1
136958 9 -1
136987 1 1
137001 2 -1
137014 0 1
137054 3 1
137065 6 -1
137160 1 1
137209 4 1
137221 2 1
137285 5 1
137285 0 -1
137338 1 -1
137366 10 -1
137398 0 -1
137430 12 1
137452 2 -1
137457 6 1
137473 14 -1
137500 3 1
137527 1 1
137551 0 1
137608 4 -1
137717 1 -1
137742 3 1
137764 5 -1
137769 7 -1
137895 0 -1
137903 2 -1
137904 8 1
137910 1 1
137946 20 1
137962 3 -1
137996 0 1
138071 1 1
138102 2 -1
138118 9 1
138156 0 -1
138355 2 -1
138366 6 -1
138398 7 -1
138406 4 1
138430 0 1
138450 1 1
138532 0 -1
138570 11 -1
138581 3 -1
138636 1 -1
138645 0 1
138710 5 1
138744 4 -1
138763 0 1
138790 3 -1
138801 10 1
138812 2 -1
138817 6 1
138821 1 1
138828 8 -1
138874 0 -1
138984 3 1
139011 0 -1
139059 7 1
139059 2 -1
139067 4 -1
139121 0 1
139172 5 -1
139182 3 -1
139196 1 1
139293 2 1
139338 0 1
139383 1 -1
139392 3 -1
139408 6 -1
139446 0 1
139451 9 1
139494 27 -1
139567 1 1
139586 3 1
139591 0 1
139688 5 -1
139709 15 1
139752 16 -1
139768 2 1
139774 8 1
139784 3 -1
139833 7 -1
139837 4 1
139838 0 1
139913 1 -1
139978 0 1
139999 2 -1
140099 1 1
140112 0 1
140159 4 1
140187 3 1
140204 10 -1
140236 2 1
140288 1 -1
140300 6 -1
140335 0 1
140376 11 1
140386 3 -1
140443 0 -1
140478 1 1
140526 21 1
140550 4 -1
140558 7 1
140561 0 -1
140612 3 -1
140634 5 -1
140659 1 -1
140685 0 -1
140687 13 -1
140698 12 1
140698 18 -1
140709 6 1
140720 2 -1
140803 0 -1
140828 1 -1
140905 0 1
140937 4 -1
140948 2 1
141018 1 1
141034 0 1
141112 3 1
141139 5 -1
141176 2 -1
141192 6 1
141227 7 -1
141300 4 -1
141303 0 -1
141352 1 1
141354 3 1
141402 2 1
141410 0 1
141534 0 1
141534 1 -1
141574 3 -1
141601 14 -1
141630 4 -1
141639 2 -1
141644 5 -1
141698 8 -1
141719 1 1
141741 0 -1
141795 9 1
141862 0 -1
141883 2 -1
141964 0 1
141993 4 1
142026 7 1
142042 3 1
142074 11 1
142078 1 -1
142112 2 1
142211 0 1
142259 3 -1
142267 1 -1
142310 0 -1
142429 0 -1
142465 1 -1
142488 3 1
142531 5 -1
142568 0 1
142574 2 1
142590 25 1
142611 6 1
142630 4 1
142633 8 1
142654 17 -1
142730 3 1
142743 0 1
142751 10 1
142818 2 1
142828 1 1
142848 19 1
142930 0 1
142936 4 1
142945 5 -1
142950 3 -1
142955 9 -1
143011 1 -1
143047 2 -1
143052 6 -1
143071 0 -1
143106 12 -1
143170 13 -1
143176 3 1
143195 1 1
143307 4 -1
143358 0 1
143384 1 -1
143396 5 1
143417 3 1
143444 7 1
143501 0 1
143514 2 -1
143573 1 1
143606 0 -1
143643 8 1
143718 6 -1
143759 1 -1
143762 2 -1
143815 11 -1
143880 5 -1
143912 0 -1
143928 10 1
143936 1 1
143944 9 -1
143987 2 1
143993 3 1
144022 0 1
144025 4 -1
144089 7 1
144187 0 1
144234 3 1
144245 6 1
144307 1 -1
144380 5 -1
144396 15 -1
144420 4 1
144420 0 1
144439 2 1
144455 3 -1
144480 1 1
144541 0 1
144646 0 -1
144656 2 -1
144662 1 -1
144664 6 -1
144742 0 1
144758 7 -1
144803 4 -1
144861 0 1
144863 2 -1
144874 5 -1
144922 3 1
144976 16 1
144979 0 1
145041 9 1
145049 1 -1
145084 0 -1
145116 2 -1
145143 3 -1
145223 6 1
145246 1 -1
145328 0 -1
145342 2 1
145347 5 1
145368 3 1
145407 1 -1
145438 0 -1
145439 8 1
145444 10 -1
145528 4 -1
145573 2 -1
145589 0 1
145707 6 1
145770 1 1
145817 2 -1
145831 3 -1
145857 11 -1
145858 14 -1
145876 0 1
145927 4 1
145988 1 1
146005 0 1
146051 3 1
146105 7 -1
146153 1 1
146159 0 -1
146169 9 -1
146244 5 1
146266 13 -1
146282 2 -1
146290 4 -1
146298 3 1
146341 8 -1
146343 1 -1
146375 0 1
146486 3 1
146497 2 1
146504 1 -1
146543 0 1
146599 6 1
146641 4 1
146688 0 -1
146693 1 1
146728 3 1
146728 2 -1
146744 5 1
146798 7 1
146883 1 -1
146947 4 1
146948 3 -1
146951 0 -1
147062 18 1
147107 0 1
147126 6 -1
147174 3 1
147201 5 -1
147204 2 1
147233 0 1
147241 1 1
147255 8 1
147334 4 -1
147405 9 1
147427 1 -1
147430 2 -1
147443 7 1
147491 15 1
147518 0 1
147556 6 1
147590 1 -1
147636 3 -1
147645 0 -1
147674 2 1
147705 4 1
147751 0 1
147862 3 1
147964 0 -1
147975 1 -1
148101 3 1
148123 0 -1
148131 2 1
148147 5 -1
148161 1 -1
148179 12 1
148201 10 -1
148252 0 -1
148338 1 1
148365 2 -1
148410 4 1
148542 0 1
148550 3 1
148593 2 1
148599 6 -1
148647 0 -1
148658 5 -1
148681 1 -1
148757 0 -1
148760 9 1
148781 4 -1
148789 3 1
148824 2 -1
148875 0 -1
148888 1 1
148959 7 -1
149018 3 -1
149029 0 1
149034 2 1
149071 5 -1
149084 1 -1
149144 0 -1
149147 8 1
149168 4 1
149200 13 1
149211 14 1
149233 6 1
149268 2 -1
149324 0 1
149442 10 -1
149463 1 1
149483 2 1
149496 3 -1
149589 0 1
149604 7 -1
149636 1 -1
149725 0 1
149770 11 1
149776 3 -1
149813 1 -1
149829 4 -1
149878 6 1
149910 0 1
149937 2 1
149947 5 -1
150001 3 1
150152 4 -1
150168 2 -1
150179 8 1
150188 1 -1
150197 0 1
150305 7 1
150343 0 -1
150374 1 1
150383 5 -1
150431 2 -1
150458 16 -1
150463 3 -1
150477 0 -1
150555 1 1
150579 4 -1
150630 9 -1
150689 3 1
150765 0 1
150813 10 1
150850 5 1
150902 0 1
150904 2 1
150914 1 1
150931 3 1
150942 6 1
151074 0 1
151079 7 1
151095 1 1
151135 2 -1
151186 0 1
151211 8 1
151232 12 -1
151260 1 -1
151297 4 -1
151302 5 -1
151332 0 1
151366 2 1
151372 9 1
151377 3 1
151460 0 1
151490 6 -1
151563 0 -1
151619 4 -1
151651 7 -1
151671 1 1
151673 3 -1
151791 11 1
151796 5 -1
151810 0 1
151823 2 1
151829 1 1
151893 3 1
151920 0 -1
151998 1 1
152006 20 -1
152030 0 1
152038 4 -1
152044 2 -1
152124 6 1
152179 1 -1
152242 0 -1
152264 5 1
152264 9 -1
152296 7 1
152296 2 -1
152361 1 1
152380 0 -1
152409 3 1
152425 4 1
152486 0 1
152517 2 1
152530 1 1
152586 6 1
152651 3 1
152711 1 -1
152726 5 -1
152737 15 1
152745 0 1
152748 2 -1
152832 4 1
152871 3 -1
152879 0 1
152941 13 -1
152941 7 1
152973 2 1
153016 6 -1
153049 0 1
153062 1 -1
153191 4 -1
153191 2 -1
153221 0 1
153221 8 -1
153243 1 1
153296 14 1
153336 0 -1
153429 1 -1
153441 3 1
153449 0 1
153489 10 1
153542 4 1
153548 0 -1
153597 11 -1
153677 2 -1
153683 5 1
153683 6 -1
153736 3 -1
153785 0 -1
153792 1 1
153919 2 1
153922 0 -1
153941 21 1
153957 3 1
153984 12 -1
153985 1 -1
154051 0 -1
154091 8 1
154092 9 -1
154102 6 -1
154158 1 -1
154172 2 1
154188 5 1
154199 3 1
154231 4 -1
154328 17 -1
154365 0 1
154473 3 1
154473 7 -1
154501 1 1
154510 0 1
154570 4 -1
154629 18 1
154631 2 1
154634 5 -1
154680 0 1
154699 1 -1
154715 3 1
154854 2 -1
154876 6 -1
154876 10 -1
154888 1 1
154930 9 1
154935 3 -1
154973 0 -1
154981 4 -1
155037 8 -1
155048 2 -1
155086 1 -1
155150 0 -1
155241 1 -1
155257 6 1
155279 7 1
155303 0 1
155394 1 -1
155459 0 -1
155521 3 1
155534 2 1
155542 5 1
155572 0 1
155589 1 -1
155639 6 -1
155642 4 -1
155661 28 1
155661 31 1
155679 0 1
155714 3 1
155771 2 -1
155790 12 -1
155792 0 -1
155876 13 1
155952 1 1
155978 3 1
156010 2 1
156013 7 -1
156037 8 -1
156042 5 1
156053 4 -1
156093 0 -1
156112 9 -1
156150 1 -1
156225 0 -1
156241 2 -1
156327 10 1
156331 1 1
156382 0 1
156391 16 -1
156456 5 1
156464 4 -1
156499 3 1
156499 2 -1
156633 0 1
156690 1 -1
156717 2 1
156741 0 -1
156746 3 1
156800 6 1
156851 0 1
156867 1 1
156956 2 -1
157010 3 1
157053 1 -1
157058 8 -1
157165 11 -1
157209 0 1
157230 4 -1
157339 0 -1
157364 5 1
157391 7 -1
157411 1 1
157448 2 1
157464 0 -1
157509 6 1
157552 4 1
157553 26 -1
157593 1 -1
157595 3 1
157617 0 1
157676 2 -1
157727 0 -1
157786 1 1
157810 5 -1
157833 0 1
157875 3 1
157902 2 1
157915 4 -1
157918 9 1
157947 1 1
157961 8 1
157972 10 1
158001 0 1
158025 12 1
158052 7 -1
158068 23 -1
158079 6 -1
158111 3 1
158121 1 -1
158246 0 1
158262 4 -1
158262 5 1
158302 1 -1
158332 3 -1
158369 2 1
158407 0 1
158455 13 -1
158471 1 -1
158506 0 -1
158590 2 -1
158608 4 1
158627 3 1
158713 5 -1
158732 0 1
158842 2 -1
158848 3 -1
158854 1 -1
158856 0 1
158858 7 -1
158896 9 1
158907 8 -1
158969 0 1
158995 4 1
159044 1 1
159073 3 1
159184 0 -1
159237 1 -1
159261 5 -1
159272 11 -1
159284 0 1
159304 6 -1
159318 2 1
159382 4 -1
159409 0 1
159533 0 1
159536 3 -1
159544 2 -1
159552 10 1
159604 1 1
159632 0 -1
159659 9 -1
159702 12 1
159708 5 1
159761 3 1
159767 0 1
159783 2 1
159790 1 -1
159874 0 -1
159971 1 1
160003 2 -1
160035 6 -1
160043 4 1
160051 3 -1
160100 5 1
160148 0 -1
160250 2 1
160293 7 -1
160318 0 -1
160362 1 1
160430 4 -1
160476 0 1
160492 2 -1
160530 3 1
160545 1 -1
160551 6 1
160605 14 1
160713 2 1
160733 1 -1
160748 0 -1
160785 4 1
160788 8 1
160793 3 1
160871 0 -1
160890 7 -1
160906 17 1
160918 1 1
160977 0 1
160992 9 -1
161030 3 1
161035 11 1
161040 5 1
161067 10 -1
161104 1 -1
161121 6 -1
161175 2 1
161219 0 1
161297 1 1
161325 0 1
161336 15 -1
161401 2 -1
161422 0 -1
161427 3 1
161480 1 -1
161486 4 1
161497 5 -1
161503 7 -1
161548 0 -1
161626 3 -1
161626 2 1
161648 6 -1
161672 0 -1
161723 8 -1
161769 0 1
161809 4 1
161836 3 -1
161839 1 -1
161896 0 1
161938 12 1
161959 9 -1
161992 5 -1
162029 3 1
162037 1 1
162102 2 -1
162123 0 -1
162131 4 1
162132 7 -1
162153 6 -1
162216 1 -1
162228 3 -1
162255 0 1
162314 2 -1
162325 16 1
162341 10 1
162368 18 -1
162395 0 1
162438 3 -1
162567 2 -1
162603 1 -1
162626 8 1
162639 3 1
162643 0 1
162647 6 -1
162750 0 -1
162788 1 1
162841 5 1
162857 0 -1
162873 4 -1
162927 9 -1
162938 7 -1
162942 1 1
163016 2 -1
163120 3 1
163185 0 -1
163244 2 1
163268 4 -1
163295 0 1
163312 1 1
163341 5 1
163368 3 1
163405 0 1
163470 2 -1
163486 20 -1
163506 1 -1
163561 3 -1
163603 4 -1
163615 7 -1
163669 0 1
163695 1 1
163714 2 -1
163744 22 -1
163765 9 -1
163771 5 1
163803 0 1
163857 1 1
163916 6 1
163943 2 1
163956 0 -1
163977 4 1
163980 3 1
164038 1 -1
164174 2 -1
164195 13 -1
164211 0 -1
164227 1 1
164260 3 1
164292 7 1
164309 0 1
164332 4 -1
164356 6 -1
164405 2 1
164415 1 -1
164432 0 1
164480 3 -1
164528 8 -1
164604 15 1
164690 14 1
164711 4 1
164754 0 -1
164776 19 1
164784 1 1
164840 5 1
164889 2 -1
164905 11 -1
164910 0 -1
164948 3 1
164971 1 -1
165044 6 -1
165045 0 1
165066 4 -1
165112 2 1
165151 1 1
165168 3 -1
165246 0 1
165302 5 -1
165313 2 1
165335 8 -1
165399 0 -1
165464 3 1
165485 12 -1
165513 1 -1
165574 0 1
165582 7 1
165614 9 1
165646 10 1
165689 0 1
165703 1 1
165727 3 1
165770 2 1
165791 4 -1
165829 5 -1
165829 0 1
165900 1 1
165963 0 1
165979 3 1
165990 2 -1
166108 6 -1
166144 0 1
166170 4 1
166232 2 1
166254 3 1
166259 8 1
166267 1 -1
166270 5 1
166420 7 1
166428 1 -1
166442 0 -1
166538 6 -1
166549 4 1
166592 0 1
166598 3 1
166610 1 1
166710 11 1
166711 5 -1
166711 2 -1
166732 0 1
166791 1 1
166904 13 1
166926 9 1
166942 2 1
166960 1 -1
166969 17 1
167006 0 -1
167087 6 -1
167098 10 -1
167130 5 -1
167130 1 -1
167132 0 -1
167162 3 1
167167 2 -1
167210 7 1
167251 4 -1
167267 0 -1
167295 1 -1
167355 3 -1
167356 24 -1
167495 0 -1
167552 3 1
167611 0 -1
167621 4 1
167624 5 -1
167646 2 1
167672 1 -1
167678 9 -1
167707 0 1
167833 1 -1
167861 0 -1
167871 12 1
167877 2 -1
167957 3 -1
167968 6 -1
167984 4 -1
167996 0 1
168025 1 1
168043 18 -1
168121 2 -1
168156 3 1
168159 0 -1
168172 8 -1
168312 0 1
168355 3 -1
168359 1 -1
168387 10 1
168463 6 -1
168473 11 -1
168538 5 -1
168557 1 1
168581 2 -1
168614 0 1
168710 7 1
168712 0 -1
168726 4 -1
168726 1 1
168731 14 1
168731 21 -1
168769 3 1
168812 2 1
168844 6 1
168860 0 1
169048 3 1
169056 2 1
169059 5 -1
169069 1 -1
169121 4 -1
169177 0 1
169204 8 -1
169246 1 1
169247 3 -1
169325 0 1
169419 15 1
169427 1 1
169451 7 -1
169468 4 -1
169473 0 -1
169484 16 -1
169489 6 1
169516 5 1
169516 2 1
169548 3 1
169617 1 -1
169677 25 -1
169718 0 -1
169763 2 -1
169768 3 -1
169814 4 1
169814 1 1
169887 0 -1
169924 6 -1
169978 12 -1
169978 9 -1
169984 2 1
169994 3 1
170002 0 -1
170018 1 1
170096 13 1
170099 0 1
170129 7 1
170129 8 1
170149 4 -1
170197 1 -1
170236 3 1
170284 0 1
170376 6 1
170397 0 -1
170443 2 1
170494 5 -1
170507 4 1
170540 1 1
170542 0 1
170671 2 -1
170682 3 1
170697 1 1
170825 0 -1
170827 6 1
170838 4 1
170882 1 -1
170892 5 -1
170919 2 -1
170946 0 -1
170972 3 -1
171053 9 1
171081 0 -1
171118 8 1
171144 2 1
171161 10 1
171257 1 -1
171268 3 1
171324 0 -1
171343 5 1
171376 2 -1
171414 1 -1
171427 0 1
171459 7 -1
171572 0 -1
171593 2 1
171604 1 1
171644 4 -1
171784 3 1
171819 2 -1
171902 0 1
171913 6 -1
171955 1 -1
171959 4 -1
172029 0 -1
172042 8 -1
172053 9 1
172063 3 1
172135 0 1
172144 1 1
172268 0 1
172278 5 1
172289 7 -1
172305 2 -1
172317 1 -1
172329 4 1
172343 11 1
172394 0 -1
172397 3 1
172418 10 1
172477 6 1
172542 2 1
172574 0 -1
172700 0 -1
172702 1 -1
172773 2 -1
172784 5 1
172862 1 -1
172918 3 1
172956 6 1
172958 0 -1
172977 8 1
173031 7 1
173047 1 1
173085 0 -1
173132 4 -1
173149 3 1
173214 2 1
173219 5 -1
173262 0 -1
173348 3 -1
173396 1 -1
173434 2 -1
173458 4 -1
173541 3 1
173573 1 1
173584 0 1
173660 2 1
173684 7 1
173700 0 1
173724 5 -1
173756 3 1
173757 1 1
173805 8 1
173808 0 -1
173809 4 1
173934 11 1
173961 3 -1
173966 10 1
173982 6 1
174106 0 1
174127 1 1
174154 3 1
174176 5 1
174184 2 1
174224 0 1
174297 1 1
174321 7 1
174358 0 1
174385 2 1
174407 9 1
174450 1 1
174455 6 1
174469 0 -1
174482 4 -1
174563 3 -1
174579 26 -1
174611 2 -1
174622 12 -1
174623 0 1
174643 5 -1
174748 0 1
174756 3 1
174817 1 -1
174837 22 -1
174849 4 1
174858 2 1
174869 6 1
174904 0 -1
174992 3 1
175018 1 -1
175062 7 -1
175105 5 1
175106 2 -1
175175 1 -1
175207 4 -1
175224 13 1
175226 0 1
175324 1 1
175363 2 -1
175382 0 -1
175514 0 -1
175522 4 -1
175522 1 -1
175568 8 -1
175611 3 1
175611 2 1
175611 9 1
175699 1 1
175707 7 -1
175748 0 -1
175825 11 -1
175874 0 -1
175877 4 1
175913 1 1
175955 3 1
175955 14 1
176003 0 -1
176094 2 -1
176127 6 1
176180 5 1
176229 3 1
176239 4 -1
176268 1 -1
176280 0 -1
176312 2 1
176409 0 -1
176437 1 -1
176481 10 1
176519 0 -1
176540 2 -1
176578 8 -1
176610 4 1
176610 6 1
176622 1 1
176632 5 -1
176675 0 1
176685 12 -1
176745 3 1
176815 0 1
176858 9 -1
176946 0 1
176965 2 1
176981 7 1
176986 3 1
177015 1 1
177070 0 1
177078 5 1
177148 6 1
177187 1 -1
177239 2 1
177266 3 -1
177287 19 -1
177288 4 -1
177353 0 1
177396 1 -1
177438 2 1
177465 3 1
177502 8 1
177524 0 1
177626 4 -1
177631 0 -1
177642 10 1
177715 7 -1
177723 3 1
177755 1 1
177760 21 -1
177761 9 -1
177863 0 1
177868 13 -1
177895 2 -1
177916 5 -1
177953 1 -1
177981 3 1
177983 0 1
177985 4 1
178129 2 1
178131 0 -1
178170 1 -1
178193 3 -1
178276 15 1
178325 5 -1
178336 1 -1
178346 2 -1
178353 0 1
178416 6 -1
178448 23 -1
178464 7 -1
178473 0 1
178521 1 1
178591 0 1
178615 2 -1
178679 3 -1
178685 9 -1
178694 4 1
178706 17 1
178712 0 1
178714 1 -1
178781 5 1
178792 12 1
178833 0 1
178857 2 1
178873 3 1
178900 1 1
178900 10 1
178940 0 -1
179045 4 1
179061 0 -1
179088 3 1
179093 6 -1
179104 2 -1
179233 8 -1
179287 16 1
179287 1 1
179327 0 1
179340 2 1
179383 4 -1
179394 11 -1
179450 1 1
179480 0 -1
179486 3 1
179637 0 1
179638 1 -1
179658 5 -1
179695 9 -1
179738 20 1
179752 3 1
179760 6 1
179773 2 1
179867 0 1
179883 7 -1
179932 14 1
179976 0 -1
179980 2 1
179996 3 1
180020 1 -1
180050 5 -1
180069 4 1
180104 8 1
180125 0 1
180202 1 1
180222 13 -1
180225 2 1
180342 0 1
180351 4 -1
180383 1 -1
180480 9 1
180493 0 -1
180496 5 1
180577 22 1
180577 7 1
180577 10 1
180601 0 1
180636 3 -1
180657 2 -1
180778 4 -1
180796 1 1
180872 3 1
180894 2 1
180899 0 1
180942 27 1
180988 1 -1
181009 0 -1
181114 21 1
181119 0 -1
181120 2 -1
181165 1 1
181200 3 1
181205 6 -1
181222 8 1
181238 7 -1
181322 1 1
181329 18 -1
181350 19 -1
181394 0 1
181436 5 1
181447 4 -1
181493 0 -1
181506 1 1
181592 2 -1
181649 0 1
181649 1 -1
181716 11 1
181721 3 1
181727 6 -1
181802 4 1
181802 24 1
181804 1 -1
181840 2 1
181872 0 1
181920 5 1
181931 10 -1
181991 0 1
181995 20 -1
182065 3 1
182098 2 1
182106 0 -1
182189 6 -1
182189 1 -1
182225 4 1
182302 3 1
182329 9 1
182342 0 1
182350 1 -1
182361 5 1
182491 0 -1
182564 1 -1
182576 2 1
182669 0 -1
182697 7 -1
182769 2 1
182802 3 1
182814 0 1
182919 4 -1
182955 1 -1
182963 23 -1
182982 0 1
183011 2 1
183092 25 -1
183105 0 1
183113 8 -1
183132 1 1
183146 3 1
183226 0 1
183275 5 1
183291 6 1
183301 4 1
183302 7 -1
183318 10 1
183338 1 -1
183350 29 -1
183350 17 1
183366 3 -1
183393 9 1
183436 15 -1
183468 2 1
183479 11 -1
183522 0 1
183651 0 1
183658 1 1
183672 4 -1
183678 6 -1
183729 2 1
183747 5 -1
183781 0 1
183801 12 1
183830 1 1
183936 2 1
183946 7 1
183993 1 -1
184032 3 -1
184086 0 1
184102 6 1
184168 1 -1
184188 5 1
184188 8 -1
184204 0 1
184253 3 1
184285 20 1
184321 1 -1
184339 0 1
184363 2 -1
184382 18 1
184430 4 1
184452 3 -1
184482 1 -1
184564 2 -1
184575 7 1
184597 9 -1
184641 0 1
184650 1 -1
184672 10 -1
184793 0 -1
184812 2 1
184825 4 1
184941 21 1
184962 0 -1
184980 1 -1
184984 14 -1
184984 8 -1
185010 3 1
185080 5 1
185092 0 -1
185127 4 1
185156 16 -1
185182 1 1
185200 0 1
185242 2 -1
185252 6 1
185325 0 1
185371 3 -1
185375 1 -1
185389 7 1
185438 0 1
185462 2 1
185473 5 1
185620 3 -1
185661 2 1
185696 0 1
185704 19 -1
185736 6 1
185736 17 -1
185744 1 -1
185806 0 -1
185811 5 -1
185821 4 -1
185876 3 -1
185889 2 -1
185913 0 1
185915 1 -1
185930 8 1
186015 15 1
186042 7 1
186099 1 1
186145 2 1
186155 4 1
186217 0 1
186220 3 -1
186306 6 -1
186341 0 1
186376 2 -1
186416 3 1
186445 22 -1
186458 0 1
186466 4 1
186482 1 1
186620 2 -1
186628 3 1
186665 1 -1
186682 0 -1
186709 5 -1
186747 18 1
186800 4 1
186802 0 -1
186811 6 -1
186816 7 -1
186832 1 -1
186875 8 -1
186983 0 -1
187002 1 1
187004 9 1
187072 2 -1
187101 5 -1
187133 21 -1
187147 4 -1
187158 0 -1
187171 1 -1
187273 3 1
187273 6 -1
187335 2 1
187348 16 -1
187370 0 -1
187409 1 1
187520 11 1
187523 0 1
187553 5 1
187558 4 -1
187561 2 -1
187586 1 1
187606 26 -1
187617 3 1
187649 24 -1
187698 0 1
187751 10 1
187789 8 1
187821 6 1
187856 4 -1
187886 9 1
187907 5 -1
187915 0 1
187937 1 -1
187945 3 1
187993 28 -1
188017 2 -1
188036 12 -1
188047 0 1
188110 1 1
188165 0 1
188232 2 -1
188243 1 -1
188359 6 1
188380 19 1
188386 0 1
188388 7 1
188407 2 1
188412 5 -1
188482 3 -1
188490 0 -1
188525 1 1
188574 4 1
188622 0 -1
188670 20 1
188703 1 -1
188802 3 -1
188810 5 -1
188853 9 1
188875 2 1
188896 8 -1
188902 0 1
188920 1 1
188961 4 -1
189068 0 1
189079 2 1
189111 3 1
189154 22 1
189186 7 1
189197 21 1
189197 0 1
189235 1 1
189283 5 1
189310 2 -1
189319 4 1
189440 1 1
189471 0 1
189498 6 -1
189565 2 -1
189606 25 1
189622 1 1
189651 0 1
189670 13 -1
189718 3 1
189735 23 1
189791 1 1
189802 0 -1
189815 2 1
189842 11 1
189928 7 -1
189928 17 -1
189944 10 -1
189962 1 1
190033 4 1
190036 2 -1
190041 6 1
190046 0 1
190062 3 1
190073 19 -1
190107 1 1
190159 5 -1
190183 0 -1
190202 20 -1
190275 1 1
190277 2 1
190299 0 1
190358 3 -1
190363 4 1
190568 0 1
190573 18 -1
190585 1 -1
190616 12 1
190638 9 1
190648 5 1
190689 0 1
190691 3 1
190734 8 -1
190758 4 1
190772 2 -1
190775 1 1
190815 0 1
190831 6 -1
190962 1 -1
190971 3 -1
191008 2 1
191057 5 1
191121 0 1
191180 3 1
191264 2 1
191309 0 -1
191319 1 1
191323 7 1
191347 22 -1
191445 0 -1
191454 8 1
191476 3 -1
191476 1 1
191561 4 -1
191570 0 -1
191637 10 -1
191657 1 1
191696 2 -1
191702 0 -1
191712 15 -1
191734 9 1
191777 14 -1
191863 16 -1
191871 4 -1
191887 0 1
191917 2 1
191935 7 1
191938 3 1
191981 6 1
191992 17 -1
191996 1 -1
192035 5 -1
192040 0 -1
192142 3 -1
192158 2 -1
192177 1 1
192185 4 -1
192250 8 1
192306 1 -1
192316 0 1
192381 3 -1
192411 6 -1
192432 5 -1
192443 0 1
192455 1 -1
192465 11 1
192465 27 -1
192496 4 -1
192545 0 -1
192596 2 1
192639 1 1
192669 7 -1
192680 12 1
192766 23 -1
192768 0 1
192782 3 -1
192793 2 1
192838 4 1
192838 1 -1
192873 6 -1
192878 5 1
192884 0 -1
192948 9 1
193008 2 1
193010 1 1
193010 0 -1
193024 20 1
193067 18 1
193077 3 1
193161 4 1
193223 2 -1
193239 21 1
193260 0 -1
193330 1 1
193360 3 1
193390 0 -1
193448 2 1
193459 4 -1
193475 17 1
193483 1 -1
193502 0 1
193627 0 1
193671 2 -1
193685 1 1
193741 0 -1
193781 5 1
193830 19 1
193862 16 -1
193884 0 1
193889 3 -1
193921 2 1
193927 13 -1
194011 1 -1
194013 0 1
194023 7 1
194066 9 1
194098 6 1
194120 8 1
194144 3 -1
194170 1 -1
194193 4 -1
194233 5 1
194277 0 1
194322 1 -1
194370 3 1
194400 21 1
194400 2 1
194418 0 -1
194491 4 1
194496 6 -1
194571 3 -1
194578 0 1
194631 2 -1
194668 1 1
194743 5 1
194765 7 -1
194781 3 -1
194805 4 1
194846 10 -1
194854 2 1
194858 1 -1
194867 0 1
194969 6 -1
194980 8 -1
195026 0 -1
195036 3 -1
195044 15 -1
195066 9 1
195066 18 -1
195075 1 1
195152 0 -1
195206 5 -1
195216 23 1
195292 3 -1
195351 2 -1
195415 6 1
195434 1 -1
195450 7 1
195507 19 -1
195544 0 1
195560 12 1
195593 2 1
195611 1 1
195619 4 -1
195636 5 1
195668 20 -1
195711 0 1
195765 22 -1
195817 1 -1
195818 2 -1
195864 0 -1
195904 6 1
196001 3 1
196006 4 1
196039 0 -1
196076 14 1
196076 24 -1
196098 8 -1
196119 5 -1
196119 21 -1
196120 7 1
196120 16 1
196188 1 -1
196216 0 -1
196240 2 1
196259 3 1
196291 9 -1
196297 10 1
196349 4 -1
196363 1 1
196377 0 1
196479 2 -1
196485 0 -1
196534 1 1
196592 6 1
196603 3 1
196603 5 1
196708 7 1
196708 2 1
196767 0 -1
196872 0 1
196917 1 1
196979 0 -1
197046 4 1
197063 1 -1
197071 6 1
197079 2 -1
197216 11 -1
197216 13 -1
197237 9 -1
197242 1 1
197259 2 1
197261 0 1
197321 7 1
197372 0 -1
197377 4 1
197409 3 -1
197420 5 -1
197479 2 1
197530 0 1
197538 17 -1
197581 15 1
197615 1 -1
197689 3 -1
197740 4 -1
197780 5 1
197824 1 -1
197863 0 -1
197888 2 -1
197930 3 -1
197978 1 -1
197990 19 1
197995 0 -1
198006 7 -1
198011 8 1
198076 2 -1
198090 4 1
198108 6 -1
198140 12 1
198145 0 1
198162 18 1
198171 1 -1
198183 5 1
198258 2 1
198320 1 1
198390 3 1
198393 20 1
198438 0 1
198441 22 1
198441 10 -1
198473 4 -1
198514 1 1
198571 0 1
198616 3 -1
198688 6 1
198699 0 1
198699 1 -1
198737 2 1
198796 8 1
198828 23 1
198836 4 -1
198839 3 1
198954 0 1
198962 2 -1
198968 5 1
199046 1 1
199081 3 1
199086 17 -1
199102 0 -1
199172 6 1
199223 4 -1
199223 1 1
199231 7 -1
199253 2 1
199282 0 -1
199296 3 -1
199387 24 1
199387 9 1
199400 1 -1
199414 5 -1
199430 21 1
199473 14 -1
199497 3 1
199516 8 -1
199527 0 -1
199537 16 -1
199645 0 -1
199666 22 1
199699 2 -1
199712 3 1
199757 1 1
199759 0 1
199774 18 -1
199817 15 -1
199832 4 1
199860 31 1
199871 5 1
199892 20 -1
199922 2 1
199944 1 -1
199951 6 1
199978 11 -1
199989 25 1
199989 7 1
200080 1 1
200080 0 -1
200129 2 1
200182 4 -1
200189 0 1
200295 3 -1
200314 0 1
200354 1 -1
200419 9 -1
200424 2 1
200451 0 1
200505 19 -1
200505 8 -1
200529 1 1
200548 3 -1
200577 0 1
200591 5 -1
200591 6 1
200601 20 -1
200634 4 -1
200662 1 -1
200693 2 1
200700 0 1
200763 21 -1
200763 7 -1
200763 17 1
200843 3 1
200854 0 -1
200855 1 1
200902 2 1
200988 5 -1
201037 1 -1
201085 18 1
201091 0 -1
201150 11 -1
201150 23 -1
201152 2 1
201182 16 1
201211 0 -1
201226 1 1
201236 6 1
201279 9 1
201299 4 1
201322 12 -1
201322 8 1
201332 0 -1
201391 5 -1
201406 1 -1
201494 3 -1
201547 0 -1
201601 4 1
201612 2 1
201682 10 -1
201714 0 -1
201722 1 -1
201794 3 1
201795 15 -1
201846 0 -1
201859 5 1
201863 1 1
201864 2 -1
201899 4 1
201923 27 -1
201924 28 -1
202040 1 -1
202052 29 -1
202055 2 -1
202122 3 1
202139 0 -1
202144 6 -1
202160 8 1
202305 0 1
202337 5 1
202363 1 -1
202410 0 -1
202504 26 -1
202509 2 -1
202520 7 1
202538 1 1
202548 0 1
202585 4 -1
202611 24 -1
202633 3 1
202697 16 1
202698 1 -1
202708 0 -1
202735 5 1
202740 2 1
202821 0 -1
202861 3 1
202891 18 1
202902 6 1
202907 4 -1
202929 0 1
202955 19 1
202966 2 -1
202977 21 1
203036 1 1
203084 20 1
203090 3 -1
203117 13 1
203165 0 -1
203181 5 -1
203181 7 1
203254 4 1
203264 1 1
203275 0 1
203305 3 1
203375 17 1
203407 8 1
203412 0 1
203423 1 1
203504 2 -1
203514 6 -1
203536 22 1
203536 23 1
203549 3 1
203572 1 -1
203661 0 1
203697 7 -1
203697 2 -1
203708 21 1
203735 1 1
203775 3 -1
203818 4 -1
203843 0 1
203891 1 -1
203917 5 1
203923 20 1
203939 2 1
203966 0 1
204036 3 -1
204062 6 1
204084 1 1
204084 10 -1
204148 4 -1
204159 15 -1
204159 2 1
204181 25 1
204181 9 -1
204202 11 -1
204202 18 -1
204245 19 -1
204269 0 1
204310 16 -1
204369 2 -1
204404 0 1
204406 5 -1
204443 1 1
204491 4 1
204503 0 -1
204508 6 -1
204592 1 -1
204632 2 -1
204659 0 1
204739 1 -1
204761 3 1
204804 5 -1
204823 0 1
204831 2 -1
204847 14 -1
204858 17 -1
204936 0 -1
204944 6 1
204955 22 -1
204955 18 -1
205030 3 -1
205067 0 -1
205073 1 -1
205105 21 -1
205148 20 -1
205148 4 1
205156 7 1
205245 1 1
205258 2 1
205277 3 -1
205277 23 -1
205342 0 1
205372 1 -1
205374 10 1
205417 8 -1
205433 6 1
205449 0 -1
205516 2 1
205535 4 -1
205602 0 1
205653 5 1
205707 3 -1
205707 24 -1
205728 2 1
205761 1 -1
205825 0 -1
205874 7 -1
205890 4 1
205916 3 -1
205922 15 1
205930 0 1
205954 16 1
205964 1 -1
205965 21 -1
205965 9 1
206040 0 1
206051 11 -1
206105 5 -1
206123 1 -1
206148 17 1
206191 3 -1
206212 13 -1
206218 2 -1
206223 18 1
206244 22 -1
206309 8 1
206312 0 -1
206373 19 1
206423 0 1
206490 1 1
206500 2 -1
206543 4 1
206543 0 1
206567 5 1
206575 7 1
206635 1 1
206650 0 -1
206658 6 -1
206768 0 1
206776 2 -1
206782 12 -1
206825 1 -1
206838 3 1
206857 4 1
206892 0 1
207034 3 -1
207042 0 -1
207051 10 1
207192 1 -1
207204 4 1
207255 2 -1
207257 3 1
207308 6 -1
207341 26 -1
207360 0 -1
207369 1 1
207384 14 1
207384 8 1
207427 30 -1
207437 7 1
207470 3 -1
207470 5 1
207472 0 1
207502 16 1
207548 2 1
207556 9 -1
207562 1 -1
207577 0 -1
207749 2 1
207818 0 1
207857 5 1
207862 3 -1
207885 1 -1
207937 4 1
207947 0 1
207964 2 1
207975 6 -1
208066 7 1
208078 0 1
208111 1 -1
208136 3 -1
208136 21 1
208179 19 1
208179 2 1
208211 20 1
208211 22 1
208238 5 1
208244 25 1
208290 1 -1
208300 4 -1
208346 0 -1
208378 2 1
208410 3 1
208458 11 -1
208488 0 -1
208502 24 1
208593 2 -1
208614 1 -1
208620 0 -1
208631 7 1
208647 5 1
208671 4 1
208741 0 -1
208792 17 -1
208796 1 1
208856 0 1
208872 6 1
208921 23 1
208932 18 -1
208949 1 -1
208977 0 1
208980 3 -1
209017 22 1
209018 16 -1
209023 2 1
209042 4 1
209082 5 -1
209114 13 -1
209122 0 -1
209130 1 1
209179 7 -1
209195 3 1
209238 2 -1
209261 1 -1
209353 0 1
209399 3 -1
209404 6 1
209405 10 -1
209412 4 1
209434 2 -1
209451 1 1
209464 0 -1
209469 19 -1
209490 8 1
209496 5 -1
209598 20 -1
209622 1 1
209630 0 -1
209662 28 1
209662 12 -1
209663 17 -1
209673 18 -1
209748 15 -1
209832 4 1
209856 2 -1
209895 0 1
209901 3 -1
209926 5 1
209974 6 -1
209987 1 1
210004 0 -1
210087 2 1
210092 14 1
210135 0 -1
210157 21 -1
210162 1 1
210173 3 -1
210194 20 -1
210194 4 1
210299 2 1
210331 1 1
210357 0 -1
210385 3 1
210436 8 1
210514 0 1
210576 9 1
210630 22 -1
210634 1 -1
210640 0 1
210779 1 -1
210786 2 -1
210791 5 -1
210823 18 1
210831 7 -1
210850 0 1
210880 4 -1
210909 6 -1
210960 0 -1
210960 1 -1
210995 3 1
211009 2 1
211017 23 -1
211017 17 1
211049 10 -1
211062 0 1
211124 24 -1
211213 0 -1
211215 3 -1
211253 2 -1
211266 4 1
211275 5 1
211295 1 1
211307 8 -1
211317 11 -1
211339 19 1
211393 3 -1
211468 1 1
211479 6 1
211479 2 1
211491 0 1
211565 7 1
211597 3 1
211597 4 1
211621 0 1
211662 12 -1
211666 1 -1
211678 2 1
211726 21 -1
211750 0 1
211812 5 1
211851 1 1
211876 3 1
211909 9 1
211914 2 -1
211973 6 1
212016 0 -1
212040 1 -1
212070 3 -1
212129 0 1
212145 16 1
212180 2 -1
212199 15 1
212214 1 1
212285 3 -1
212290 7 -1
212312 0 -1
212339 4 1
212365 1 1
212452 10 1
212565 17 1
212616 0 -1
212640 2 -1
212656 5 -1
212693 4 -1
212697 1 1
212763 0 1
212796 3 -1
212844 9 1
212863 1 1
212871 2 1
212911 0 -1
212919 22 1
213005 6 1
213018 1 1
213035 0 -1
213048 2 -1
213050 4 1
213062 3 -1
213102 5 1
213113 19 1
213145 26 1
213193 0 1
213209 21 1
213306 23 1
213322 3 -1
213334 1 1
213338 20 1
213360 18 1
213361 0 1
213435 2 -1
213478 5 1
213483 1 -1
213489 6 1
213510 0 -1
213616 1 1
213655 2 -1
213661 16 -1
213677 4 1
213704 24 1
213725 7 -1
213725 0 -1
213757 3 -1
213758 17 -1
213841 0 -1
213854 29 1
213919 15 -1
213951 2 1
213965 1 -1
213983 3 -1
214007 0 -1
214048 8 -1
214056 4 -1
214120 1 -1
214166 6 1
214279 3 1
214287 0 1
214330 5 -1
214334 1 -1
214351 2 1
214354 4 -1
214370 19 -1
214378 7 -1
214435 18 -1
214478 0 -1
214487 1 1
214499 17 -1
214531 20 -1
214593 0 1
214609 2 -1
214644 4 1
214652 1 1
214693 5 1
214736 3 -1
214799 1 1
214822 16 -1
214859 2 -1
214878 0 -1
214918 19 -1
214942 4 1
214959 1 1
214967 3 1
215015 8 -1
215037 14 1
215037 9 1
215047 20 -1
215063 7 1
215082 0 1
215096 22 -1
215106 2 1
215128 5 -1
215144 6 1
215166 21 -1
215179 3 -1
215192 0 -1
215265 1 1
215300 2 1
215337 27 -1
215338 13 -1
215338 25 -1
215418 4 1
215434 1 1
215442 0 -1
215526 2 -1
215553 18 1
215582 0 -1
215617 5 1
215636 1 -1
215681 6 -1
215692 17 1
215696 4 1
215711 0 -1
215751 2 1
215848 3 -1
215939 0 -1
215940 9 -1
215970 1 1
216025 8 -1
216036 3 -1
216101 6 1
216101 0 1
216111 5 1
216140 1 1
216176 19 1
216181 2 -1
216197 11 -1
216263 0 1
216278 3 -1
216311 1 -1
216418 7 -1
216423 2 1
216446 4 1
216498 22 -1
216574 5 -1
216584 0 -1
216627 12 -1
216628 2 1
216668 1 1
216724 3 1
216740 0 1
216756 23 -1
216756 26 -1
216809 4 -1
216855 1 -1
216903 0 1
216918 10 1
216977 5 -1
216982 8 1
217026 1 -1
217063 2 -1
217068 3 -1
217079 14 1
217083 4 1
217100 9 1
217119 7 1
217128 0 1
217227 0 -1
217270 2 -1
217326 3 -1
217369 16 1
217369 0 1
217389 1 -1
217433 6 1
217444 15 1
217447 2 1
217487 21 1
217511 0 -1
217530 13 1
217550 1 -1
217619 0 1
217712 1 -1
217745 0 1
217756 18 1
217760 4 -1
217796 3 1
217804 17 1
217842 2 1
217869 19 1
217872 0 1
217890 5 -1
217949 6 1
217965 20 1
218014 3 -1
218054 4 -1
218062 1 -1
218108 0 -1
218108 2 1
218111 22 1
218154 21 1
218175 25 1
218223 5 1
218240 1 -1
218258 0 1
218266 3 -1
218283 8 -1
218304 24 1
218336 7 -1
218358 6 -1
218358 2 -1
218401 23 1
218413 0 -1
218417 1 -1
218453 4 1
218562 2 -1
218659 5 -1
218702 3 1
218715 0 1
218756 16 -1
218776 1 1
218777 28 1
218820 2 -1
218852 0 1
218863 12 -1
218928 18 -1
218941 1 1
218968 0 1
218992 3 -1
219030 17 -1
219040 2 1
219046 19 -1
219046 10 -1
219102 1 -1
219121 8 -1
219164 15 -1
219164 9 1
219175 20 -1
219212 0 -1
219215 4 -1
219228 11 -1
219250 3 -1
219277 2 -1
219293 14 -1
219363 0 1
219465 18 -1
219467 1 1
219468 3 1
219486 0 1
219508 6 -1
219621 0 1
219630 1 1
219637 5 -1
219650 4 -1
219691 20 -1
219717 3 1
219718 2 1
219763 0 -1
219795 1 1
219898 0 -1
219906 3 1
219916 21 -1
219951 2 1
219957 4 -1
219959 6 1
219961 1 1
220070 0 -1
220078 23 -1
220086 7 1
220110 3 -1
220110 16 1
220110 17 1
220131 5 1
220140 1 -1
220153 2 1
220206 22 -1
220235 4 1
220303 13 1
220323 1 -1
220368 20 -1
220368 24 -1
220385 0 1
220491 0 -1
220513 1 1
220518 3 1
220518 8 -1
220529 6 -1
220537 4 1
220612 0 -1
220615 5 1
220639 2 -1
220658 19 1
220669 27 -1
220733 3 1
220755 25 -1
220755 10 1
220838 0 1
220843 4 1
220846 2 -1
220884 7 -1
220894 1 1
220927 3 -1
220994 0 -1
221013 15 -1
221061 6 1
221081 1 -1
221099 2 -1
221126 0 -1
221142 26 -1
221210 4 -1
221270 11 -1
221271 1 1
221292 12 -1
221357 30 -1
221421 3 -1
221424 0 -1
221475 5 -1
221550 2 1
221568 0 1
221611 1 -1
221652 3 1
221658 22 -1
221663 0 -1
221674 7 -1
221701 31 -1
221711 6 -1
221722 18 -1
221740 1 1
221776 2 -1
221816 0 1
221872 21 1
221875 4 1
221915 5 1
221920 1 1
221985 0 1
221993 2 1
222012 3 1
222045 9 -1
222085 0 -1
222104 6 1
222168 2 -1
222194 4 1
222242 1 -1
222259 0 -1
222345 2 1
222411 1 -1
222432 8 1
222464 20 1
222464 17 1
222469 3 -1
222480 5 1
222493 0 1
222496 16 1
222550 2 1
222560 19 1
222560 4 -1
222589 1 1
222616 0 1
222700 3 1
222732 6 1
222746 0 1
222765 2 -1
222802 1 1
222818 18 1
222840 21 1
222939 3 1
222980 5 1
223028 1 1
223033 24 1
223055 0 1
223092 22 1
223165 3 -1
223181 4 -1
223187 0 1
223211 2 1
223237 20 1
223238 1 1
223310 0 1
223323 5 -1
223380 3 1
223402 2 1
223423 1 -1
223431 23 1
223485 8 -1
223536 0 -1
223549 21 1
223592 4 -1
223592 7 -1
223619 2 -1
223659 0 -1
223684 3 -1
223727 5 -1
223762 0 1
223786 19 -1
223786 9 -1
223786 17 -1
223794 1 -1
223884 0 1
223885 3 1
223903 4 -1
223947 16 -1
224001 18 -1
224020 0 1
224024 1 -1
224028 2 -1
224076 6 1
224108 14 -1
224113 5 -1
224165 0 -1
224213 7 -1
224237 26 1
224239 1 -1
224276 0 1
224280 15 -1
224280 2 1
224350 20 -1
224409 8 1
224425 3 -1
224431 17 -1
224484 2 1
224500 0 -1
224588 1 1
224616 4 1
224624 21 -1
224624 0 -1
224667 3 -1
224745 1 1
224753 6 1
224753 0 -1
224818 13 1
224874 3 1
224914 19 -1
224947 1 -1
224951 4 -1
225011 23 -1
225043 22 -1
225059 7 1
225060 2 -1
225100 0 1
225102 5 1
225205 21 -1
225221 16 1
225231 6 1
225245 4 1
225248 0 -1
225258 2 -1
225291 9 1
225352 1 1
225425 0 -1
225452 2 -1
225484 3 1
225495 18 1
225499 1 1
225532 5 -1
225613 12 -1
225664 1 1
225737 0 -1
225785 10 -1
225828 27 -1
225833 3 1
225847 1 -1
225876 2 1
225887 0 1
225930 19 1
225946 20 1
225962 4 1
225989 1 1
225995 0 -1
226005 5 1
226086 15 -1
226102 2 -1
226129 0 -1
226132 3 -1
226166 1 1
226183 8 1
226258 14 -1
226261 0 -1
226269 7 1
226273 4 1
226331 1 1
226333 2 1
226416 0 1
226430 16 -1
226462 17 -1
226473 6 -1
226540 0 1
226580 18 -1
226642 1 1
226647 4 -1
226688 25 -1
226715 3 -1
226806 2 1
226811 0 -1
226835 1 -1
226860 24 -1
226911 0 1
226956 5 -1
226962 7 -1
226967 6 -1
226994 1 -1
227042 11 1
227043 0 1
227075 13 1
227080 2 1
227096 8 -1
227102 3 -1
227306 3 1
227329 1 -1
227333 21 1
227333 2 -1
227344 0 1
227354 5 -1
227397 23 1
227419 15 1
227429 20 1
227430 4 -1
227462 22 1
227462 0 1
227494 16 1
227510 17 1
227542 1 -1
227558 3 1
227591 0 1
227655 18 1
227695 4 1
227704 1 -1
227741 6 -1
227800 3 1
227810 0 1
227849 19 1
227849 2 -1
227910 0 -1
227978 4 -1
228026 3 -1
228042 5 -1
228058 7 1
228061 0 1
228066 1 1
228069 2 -1
228107 10 -1
228198 0 1
228203 22 1
228246 3 1
228248 1 -1
228273 2 -1
228344 0 -1
228429 23 1
228429 26 1
228441 1 1
228451 12 -1
228496 0 1
228537 14 -1
228569 8 -1
228584 1 1
228601 24 1
228622 20 -1
228623 9 1
228639 17 -1
228647 4 1
228668 0 1
228730 6 -1
228739 1 1
228762 3 1
228784 16 -1
228784 2 1
228868 1 -1
228929 0 1
228977 5 -1
229009 3 1
229031 2 -1
229034 4 -1
229036 1 -1
229074 0 -1
229192 0 -1
229224 21 -1
229225 18 -1
229257 3 1
229262 2 1
229267 15 -1
229268 17 -1
229340 4 -1
229396 6 -1
229421 0 1
229447 1 -1
229456 2 1
229493 19 -1
229541 22 -1
229547 5 1
229571 0 -1
229616 1 -1
229633 2 -1
229687 13 1
229703 0 -1
229735 20 -1
229740 21 -1
229771 1 -1
229783 25 -1
229794 2 1
229816 7 1
229912 6 1
229934 5 1
229936 3 1
230020 2 -1
230025 0 1
230041 11 1
230066 1 1
230074 16 1
230106 23 -1
230122 4 -1
230170 0 -1
230213 12 1
230213 18 1
230229 3 -1
230235 9 1
230255 1 -1
230326 5 1
230345 0 -1
230364 6 -1
230364 17 1
230396 10 1
230448 1 -1
230460 3 -1
230479 0 -1
230489 4 1
230493 22 -1
230493 2 -1
230493 8 1
230509 7 1
230525 19 1
230649 0 -1
230721 2 1
230775 1 -1
230777 5 -1
230807 4 1
230807 0 1
230858 3 -1
230858 6 -1
230928 2 1
230944 15 -1
230944 1 1
230958 0 -1
230976 20 1
230987 18 1
231030 9 -1
231076 3 -1
231117 1 1
231170 5 -1
231174 4 -1
231277 6 1
231299 3 1
231307 1 -1
231326 2 1
231331 7 1
231331 8 1
231353 0 -1
231472 1 -1
231492 2 -1
231503 21 1
231511 0 1
231565 4 1
231589 24 -1
231589 17 -1
231624 0 1
231653 5 1
231674 1 -1
231696 6 -1
231729 2 1
231745 3 -1
231847 29 -1
231871 1 1
231915 4 -1
231938 0 1
231952 7 1
231997 11 1
232046 3 1
232065 0 1
232191 12 1
232199 2 1
232215 0 -1
232220 1 1
232290 3 1
232306 4 1
232331 16 1
232363 19 1
232374 2 -1
232389 1 1
232449 8 1
232460 20 1
232478 0 -1
232503 5 -1
232524 17 1
232535 15 1
232564 1 1
232602 0 -1
232605 2 1
232621 23 1
232707 14 -1
232714 0 1
232718 22 1
232739 6 1
232820 2 -1
232841 5 1
232891 1 1
232895 3 -1
232965 28 1
232971 4 -1
232976 25 1
233000 2 1
233008 0 1
233044 1 1
233137 30 1
233158 6 -1
233180 3 1
233180 21 1
233180 0 1
233205 1 1
233228 2 -1
233287 5 1
233293 0 -1
233306 4 -1
233363 7 -1
233448 3 1
233475 2 1
233524 23 1
233545 8 -1
233545 18 -1
233550 1 -1
233572 0 1
233588 19 -1
233620 16 -1
233642 6 -1
233653 22 1
233657 4 1
233723 1 -1
233766 0 -1
233887 1 -1
233908 0 1
233954 2 1
234002 3 -1
234040 18 -1
234064 1 1
234072 19 -1
234083 15 -1
234158 2 1
234185 20 -1
234212 0 1
234244 5 -1
234259 1 -1
234276 21 -1
234298 17 -1
234335 3 -1
234341 0 1
234346 7 -1
234370 4 1
234394 2 -1
234443 1 1
234492 0 -1
234513 14 1
234572 19 -1
234599 5 1
234608 1 1
234674 6 1
234684 20 -1
234717 4 1
234741 0 -1
234781 21 -1
234792 9 1
234813 3 1
234827 2 1
234846 13 1
234851 0 -1
234878 16 1
234900 8 1
234939 1 -1
234964 18 1
234975 0 -1
235028 5 -1
235029 12 1
235031 2 1
235082 0 1
235104 6 -1
235124 1 1
235128 7 1
235136 4 1
235200 24 -1
235202 0 1
235217 10 1
235246 2 -1
235249 17 1
235273 1 1
235329 25 -1
235356 0 -1
235415 3 1
235480 18 1
235512 0 1
235523 6 1
235539 19 1
235630 27 -1
235636 1 1
235663 3 1
235741 0 -1
235757 4 1
235781 8 -1
235786 2 -1
235789 1 -1
235802 9 1
235867 5 1
235869 3 -1
235878 0 -1
235942 20 1
235970 1 1
235974 26 -1
236023 0 1
236023 2 1
236087 4 1
236152 3 1
236270 2 -1
236317 1 1
236364 0 1
236385 4 1
236404 5 1
236426 10 1
236463 3 -1
236490 0 1
236494 1 1
236517 2 -1
236555 17 -1
236563 7 1
236576 14 1
236651 13 1
236653 0 1
236662 9 -1
236673 8 1
236684 3 1
236684 1 -1
236694 6 -1
236732 4 -1
236740 2 1
236797 5 1
236834 18 -1
236849 1 -1
236931 3 1
236943 2 1
236963 12 1
236991 0 -1
237000 1 -1
237038 22 1
237099 0 1
237114 15 1
237119 4 1
237181 2 -1
237192 1 -1
237227 0 1
237232 7 1
237264 16 1
237339 6 -1
237356 0 1
237361 23 1
237361 1 -1
237441 4 1
237458 20 1
237482 0 1
237527 3 1
237587 21 1
237624 2 -1
237651 0 1
237712 1 1
237759 3 -1
237780 22 1
237780 24 1
237780 18 1
237783 0 1
237791 5 -1
237818 2 -1
237820 4 1
237873 1 1
237990 7 1
238011 3 -1
238011 2 -1
238034 0 1
238038 6 -1
238058 1 -1
238199 23 1
238199 25 1
238210 31 1
238231 5 1
238232 0 1
238296 11 -1
238393 9 -1
238401 0 1
238417 1 1
238463 2 -1
238468 3 1
238468 14 -1
238489 16 -1
238554 17 -1
238570 1 1
238575 6 1
238576 15 -1
238586 4 1
238598 0 -1
238602 19 -1
238624 5 1
238659 2 -1
238683 20 -1
238726 28 1
238726 21 -1
238726 18 -1
238729 0 -1
238749 1 -1
238758 3 -1
238841 0 1
238850 2 -1
238941 13 -1
239038 19 -1
239046 4 -1
239070 22 -1
239083 3 -1
239116 0 -1
239118 1 -1
239134 20 -1
239220 6 1
239220 0 1
239253 21 -1
239317 2 1
239325 0 -1
239332 1 -1
239380 4 -1
239425 8 1
239457 5 -1
239457 0 -1
239457 17 1
239513 1 1
239548 3 1
239570 2 1
239613 0 1
239629 24 -1
239650 20 -1
239650 16 1
239651 26 -1
239682 6 1
239683 23 -1
239683 10 1
239768 0 -1
239779 21 -1
239801 2 -1
239828 7 1
239844 3 -1
239865 12 1
239884 1 -1
239931 0 1
239935 5 1
239973 15 1
239989 19 1
240043 2 1
240069 3 1
240070 6 -1
240073 1 1
240085 4 -1
240102 27 -1
240102 29 -1
240102 17 1
240155 18 1
240163 0 -1
240241 1 -1
240274 8 1
240290 2 -1
240335 0 -1
240370 9 1
240413 3 1
240456 4 1
240456 5 1
240489 0 1
240510 2 1
240593 1 -1
240618 14 -1
240722 7 -1
240741 2 -1
240747 25 -1
240760 0 -1
240783 4 1
240787 1 1
240792 3 -1
240913 0 1
240952 1 1
240961 11 1
241004 6 -1
241026 0 -1
241047 3 -1
241058 8 1
241220 18 -1
241230 2 1
241252 0 1
241265 1 1
241265 3 1
241391 13 1
241400 7 1
241424 5 1
241429 0 1
241448 1 1
241459 2 -1
241464 4 -1
241539 0 -1
241563 6 -1
241658 1 1
241660 0 1
241695 2 1
241754 4 -1
241789 9 1
241797 0 -1
241824 3 -1
241864 21 1
241913 0 1
241929 5 1
241956 16 1
241998 1 -1
242036 0 1
242042 3 1
242082 2 1
242137 4 1
242153 1 -1
242198 22 1
242246 17 1
242262 6 1
242262 2 -1
242284 0 -1
242286 3 1
242315 1 -1
242316 18 1
242326 20 1
242391 5 -1
242453 0 -1
242480 1 -1
242499 2 1
242508 4 -1
242552 19 1
242552 21 1
242593 0 1
242625 1 -1
242730 3 1
242764 1 1
242806 4 -1
242855 0 1
242875 22 1
242911 1 1
242982 14 -1
243004 26 1
243006 0 -1
243014 3 1
243020 2 -1
243101 0 -1
243133 4 -1
243133 9 -1
243143 6 1
243197 23 1
243213 16 -1
243219 2 -1
243256 3 1
243262 8 1
243270 1 -1
243337 5 -1
243359 17 -1
243391 25 1
243407 7 1
243418 2 -1
243443 4 -1
243455 15 -1
243455 0 1
243455 1 1
243487 10 -1
243552 20 -1
243590 0 1
243633 2 1
243647 1 -1
243649 6 1
243665 19 -1
243709 0 1
243713 24 1
243724 3 -1
243724 21 -1
243778 13 -1
243799 12 -1
243804 2 -1
243810 18 -1
243831 5 1
243834 0 1
243947 0 -1
243971 17 -1
243987 20 -1
244019 1 -1
244020 2 1
244035 3 1
244057 11 1
244100 19 -1
244100 22 -1
244127 0 -1
244148 4 1
244165 1 1
244250 6 -1
244261 16 1
244264 2 -1
244272 0 1
244315 3 -1
244342 1 -1
244406 5 -1
244487 0 -1
244543 4 1
244573 14 1
244586 0 1
244594 3 -1
244632 7 -1
244680 23 -1
244691 2 1
244706 0 1
244719 1 -1
244766 18 1
244788 15 1
244825 3 -1
244831 27 -1
244831 8 -1
244858 5 1
244858 1 1
244858 17 1
244933 2 -1
244963 0 1
244971 16 1
245007 4 1
245037 1 -1
245057 3 1
245089 21 -1
245121 0 -1
245132 6 1
245169 2 1
245214 1 1
245245 0 -1
245261 28 -1
245304 18 1
245347 5 -1
245358 1 -1
245368 3 -1
245430 7 -1
245454 0 -1
245507 1 -1
245578 0 -1
245594 2 1
245659 8 -1
245664 4 1
245680 19 1
245688 1 -1
245691 12 -1
245691 0 -1
245701 6 -1
245712 20 1
245744 13 -1
245809 10 1
245822 0 -1
245841 5 1
245852 2 1
245906 9 1
245906 17 -1
245954 0 -1
246029 1 1
246035 24 -1
246051 4 -1
246062 2 1
246072 3 1
246107 0 1
246164 11 -1
246180 7 1
246217 6 -1
246222 1 1
246225 0 1
246244 3 1
246282 5 -1
246385 4 1
246389 1 1
246459 3 1
246508 15 1
246532 2 1
246553 0 -1
246647 16 1
246681 0 -1
246702 1 1
246752 2 -1
246801 0 -1
246852 21 1
246873 1 1
246900 3 1
246932 2 1
246938 7 1
246938 17 1
247014 1 1
247037 0 1
247131 4 1
247144 3 1
247170 0 1
247190 2 1
247196 5 -1
247196 22 1
247228 20 1
247276 0 -1
247292 23 1
247329 1 1
247362 2 -1
247373 3 -1
247416 6 1
247488 1 1
247550 4 1
247556 2 -1
247582 19 1
247583 21 1
247583 18 1
247588 0 -1
247631 5 1
247659 1 1
247776 2 -1
247792 7 1
247800 0 -1
247824 1 1
247830 3 1
247889 10 -1
247905 29 1
247905 22 1
247921 16 -1
247926 12 -1
247944 0 1
247955 1 -1
247977 4 1
248002 13 -1
248012 9 1
248018 17 -1
248039 3 -1
248053 0 -1
248077 5 1
248098 24 1
248109 6 1
248141 1 1
248160 0 1
248211 2 1
248227 8 1
248252 0 1
248254 3 1
248300 1 1
248348 4 -1
248362 0 -1
248372 2 -1
248389 7 1
248464 18 -1
248469 20 -1
248566 19 -1
248566 2 -1
248614 14 -1
248687 4 1
248689 1 -1
248716 3 -1
248743 16 -1
248776 0 1
248832 1 1
248915 0 -1
248980 18 -1
248990 6 1
249001 5 1
249023 2 -1
249028 0 1
249033 19 -1
249041 4 1
249047 3 -1
249062 1 1
249066 22 -1
249130 11 1
249227 2 -1
249270 21 -1
249273 3 1
249324 25 -1
249326 0 1
249408 1 -1
249412 4 -1
249442 5 -1
249455 2 1
249474 15 1
249502 0 1
249602 1 1
249646 23 -1
249646 0 -1
249662 17 1
249745 1 1
249754 8 -1
249764 3 1
249834 6 1
249840 20 1
249840 5 -1
249840 22 -1
249904 27 -1
249915 18 1
249936 2 1
249969 9 1
249987 0 -1
249990 3 -1
250017 19 1
250086 1 1
250103 0 1
250130 4 1
250162 26 -1
250184 2 -1
250235 1 1
250248 14 -1
250270 0 1
250291 6 1
250377 3 1
250432 1 -1
250433 2 -1
250452 4 1
250468 7 -1
250571 0 1
250620 1 -1
250670 2 1
250678 0 -1
250710 20 1
250721 8 1
250743 17 -1
250769 5 -1
250779 4 1
250783 1 -1
250796 0 1
250807 21 1
250898 3 1
250898 2 -1
250936 6 -1
250956 1 -1
250979 18 -1
251054 0 1
251105 1 1
251121 2 1
251179 0 1
251205 3 -1
251210 5 1
251226 7 1
251280 11 1
251291 0 1
251323 15 1
251328 2 1
251387 16 1
251395 4 1
251452 1 -1
251495 3 1
251562 0 1
251581 8 -1
251592 5 1
251599 1 -1
251602 9 1
251694 4 1
251694 0 1
251710 19 1
251796 0 -1
251801 2 1
251823 1 -1
251871 17 1
251882 12 -1
251936 3 1
251946 21 1
251989 5 1
252051 0 -1
252065 23 1
252070 2 1
252081 4 -1
252097 6 -1
252097 18 1
252117 1 1
252161 22 1
252175 3 1
252220 0 -1
252226 20 1
252262 1 -1
252317 2 -1
252357 0 -1
252387 25 1
252400 3 -1
252408 5 1
252447 1 1
252484 31 1
252529 0 -1
252570 24 1
252602 3 1
252699 0 -1
252709 13 -1
252710 16 -1
252726 7 -1
252742 14 -1
252752 6 -1
252802 4 -1
252816 1 1
252822 3 -1
252828 15 -1
252844 2 1
252852 0 1
252871 23 1
252935 22 1
252951 10 -1
252967 5 1
252978 8 -1
252981 1 1
252983 0 1
253016 19 -1
253086 2 -1
253123 3 1
253155 1 1
253172 18 -1
253205 4 -1
253263 0 -1
253302 1 1
253322 2 1
253365 5 1
253387 0 -1
253397 6 -1
253419 20 -1
253419 16 -1
253424 3 -1
253437 1 -1
253532 0 1
253584 4 1
253608 1 1
253612 17 -1
253741 21 -1
253784 2 1
253792 1 -1
253795 0 1
253854 20 -1
253927 4 1
253946 0 -1
253978 2 -1
254023 3 1
254048 19 -1
254056 0 1
254064 22 -1
254096 26 -1
254104 1 -1
254203 2 1
254209 3 1
254225 21 -1
254252 5 1
254261 1 -1
254281 4 1
254316 0 1
254322 23 -1
254375 11 1
254375 15 1
254397 12 1
254418 24 -1
254443 1 1
254451 3 1
254461 9 1
254515 13 1
254523 7 -1
254531 0 1
254612 25 -1
254652 4 -1
254655 18 1
254660 17 1
254679 2 -1
254714 5 -1
254717 0 -1
254719 27 -1
254725 6 -1
254730 8 1
254830 1 1
254851 0 -1
254881 2 -1
254891 30 -1
254902 20 1
254902 3 1
254958 0 1
254970 4 -1
254987 1 1
255015 19 1
255063 7 1
255075 0 1
255106 2 1
255112 5 -1
255122 3 -1
255160 1 -1
255233 0 -1
255364 6 1
255378 3 -1
255407 9 1
255450 10 -1
255472 0 1
255482 1 -1
255563 2 1
255612 8 -1
255622 18 -1
255649 0 1
255652 4 1
255660 1 1
255800 2 -1
255816 0 1
255825 1 -1
255837 17 -1
255869 7 1
255902 20 1
255928 6 -1
255994 1 -1
255998 4 -1
256014 5 1
256023 0 1
256023 2 1
256036 3 -1
256125 0 -1
256138 15 1
256181 21 1
256186 1 1
256192 16 1
256259 3 1
256270 0 1
256278 12 1
256321 4 -1
256333 1 1
256396 14 1
256407 5 1
256423 6 -1
256466 2 -1
256478 1 -1
256496 0 -1
256616 3 -1
256659 0 1
256692 2 1
256788 0 1
256805 18 1
256813 1 -1
256842 3 1
256869 19 1
256869 23 1
256896 5 1
256901 2 1
256930 0 -1
256987 6 1
257014 1 -1
257019 21 1
257065 0 -1
257095 3 1
257095 22 1
257103 4 1
257127 24 1
257183 1 -1
257191 0 -1
257320 2 -1
257342 3 1
257358 0 -1
257385 16 -1
257405 4 1
257449 7 1
257492 6 1
257494 1 -1
257514 13 -1
257557 2 1
257589 3 1
257619 0 -1
257663 1 -1
257708 26 1
257719 4 1
257761 5 -1
257772 15 -1
257772 2 1
257815 28 1
257823 0 1
257826 1 -1
257836 23 1
257917 17 -1
257947 0 1
257971 6 1
257992 2 -1
257998 7 -1
258094 16 -1
258129 3 -1
258137 9 -1
258171 1 1
258180 21 -1
258183 2 -1
258191 5 1
258237 0 1
258245 14 -1
258272 20 -1
258288 10 -1
258320 22 -1
258336 4 1
258348 1 -1
258352 18 -1
258374 0 -1
258395 2 1
258449 3 1
258457 19 -1
258481 17 -1
258489 0 1
258546 1 1
258626 2 1
258642 5 -1
258659 4 1
258675 20 -1
258685 3 1
258686 21 -1
258725 1 -1
258739 0 1
258890 0 -1
258894 1 1
258973 4 1
258981 22 -1
258997 7 1
259019 15 1
259019 0 -1
259037 1 -1
259062 19 -1
259067 2 -1
259115 5 1
259126 8 1
259180 3 1
259191 27 -1
259212 11 1
259212 21 -1
259223 23 -1
259225 1 1
259244 6 1
259255 0 -1
259293 2 1
259298 18 1
259368 4 -1
259373 3 1
259392 17 1
259403 0 1
259492 14 1
259533 1 1
259540 2 -1
259577 20 1
259578 0 1
259583 5 -1
259623 3 1
259642 6 -1
259690 7 -1
259694 1 1
259714 4 1
259771 18 1
259793 9 -1
259819 19 1
259846 1 1
259860 0 -1
259975 5 -1
259994 0 -1
260037 4 1
260050 2 1
260072 8 -1
260123 0 -1
260158 6 1
260214 1 -1
260249 2 1
260265 3 -1
260303 16 -1
260327 7 -1
260351 25 -1
260352 1 1
260368 0 -1
260384 4 1
260437 5 1
260483 2 -1
260533 1 1
260545 0 -1
260609 12 1
260650 0 -1
260652 3 1
260867 13 1
260900 1 1
260916 2 1
260921 9 1
260937 3 -1
260948 0 1
260964 4 -1
261029 8 1
261050 6 -1
261077 1 1
261115 2 1
261131 0 1
261141 7 1
261225 3 1
261270 4 -1
261284 0 -1
261303 5 -1
261303 16 1
261343 1 1
261351 17 1
261373 2 -1
261432 0 1
261448 3 -1
261480 6 1
261562 0 1
261569 4 -1
261598 24 1
261625 2 -1
261684 3 -1
261684 15 1
261685 0 1
261695 5 -1
261716 1 1
261770 20 1
261792 21 1
261813 0 1
261864 2 1
261903 1 -1
261964 18 1
262017 3 -1
262060 6 -1
262071 1 -1
262087 2 -1
262093 5 -1
262095 0 -1
262109 22 1
262203 0 1
262259 2 1
262262 4 -1
262340 0 1
262347 1 1
262351 10 -1
262415 11 -1
262415 7 -1
262431 17 -1
262512 16 -1
262512 1 1
262596 4 -1
262630 24 1
262652 3 -1
262669 1 1
262673 29 1
262673 23 1
262679 0 1
262689 2 -1
262738 25 1
262802 27 1
262808 0 1
262818 19 -1
262867 3 1
262888 18 -1
262899 4 -1
262920 0 1
262931 21 -1
262947 17 -1
262974 28 1
262974 15 -1
262974 2 -1
262995 20 -1
263012 5 -1
263028 1 -1
263071 6 1
263168 2 1
263189 16 -1
263193 1 -1
263200 3 1
263224 0 1
263232 14 -1
263270 19 -1
263329 18 -1
263337 0 -1
263350 22 -1
263358 1 -1
263398 20 -1
263468 0 -1
263474 5 1
263479 13 1
263490 12 1
263490 21 -1
263595 0 -1
263597 6 1
263640 4 1
263657 2 -1
263702 0 1
263713 1 1
263748 3 -1
263812 5 -1
263818 0 1
263869 2 -1
263900 1 -1
263917 0 -1
263931 22 -1
264000 3 -1
264006 30 -1
264060 1 -1
264092 6 1
264116 4 1
264116 2 1
264124 19 1
264124 23 -1
264167 0 -1
264178 15 1
264213 1 -1
264237 7 1
264242 18 1
264248 3 -1
264253 16 1
264323 0 1
264366 17 1
264404 8 1
264418 1 1
264465 0 -1
264479 26 -1
264533 2 -1
264559 1 -1
264575 4 1
264651 3 1
264656 19 1
264661 5 1
264688 0 1
264715 18 1
264733 1 -1
264737 2 -1
264769 10 1
264780 24 -1
264833 0 1
264886 4 1
264914 20 1
264914 7 -1
264946 2 -1
264973 0 -1
265005 3 1
265016 9 1
265038 14 -1
265102 11 -1
265107 5 -1
265124 6 1
265148 1 -1
265210 2 -1
265261 4 -1
265270 0 -1
265305 1 -1
265333 3 1
265339 12 1
265368 0 1
265398 17 -1
265414 16 -1
265435 2 1
265446 13 1
265446 7 1
265451 5 1
265494 1 1
265511 8 1
265527 0 -1
265531 4 1
265645 3 -1
265645 6 -1
265648 0 -1
265661 2 -1
265768 21 1
265769 25 -1
265806 0 1
265812 18 -1
265854 5 1
265865 4 1
265865 1 -1
265887 2 1
265924 0 -1
265940 3 1
265946 9 1
266035 1 1
266091 6 1
266102 0 -1
266177 3 1
266236 1 -1
266268 5 1
266338 0 1
266349 19 1
266354 2 1
266413 20 1
266414 17 1
266419 3 1
266462 0 1
266478 16 1
266498 4 -1
266591 0 1
266607 21 1
266612 2 1
266627 1 -1
266653 5 1
266704 23 1
266714 18 1
266800 4 -1
266845 1 -1
266865 10 -1
266878 2 1
266886 0 1
266908 8 1
266940 3 1
266972 6 -1
266994 22 1
266994 0 -1
267022 1 1
267083 7 1
267107 5 -1
267107 0 1
267176 3 1
267187 4 1
267187 14 -1
267216 1 -1
267295 2 1
267359 15 -1
267367 1 -1
267375 3 -1
267408 0 1
267488 9 1
267512 2 -1
267552 1 1
267572 0 1
267590 19 -1
267685 1 -1
267701 0 1
267703 21 -1
267703 26 1
267719 20 -1
267741 2 1
267752 7 1
267795 3 -1
267929 4 1
267929 17 -1
267936 0 -1
267983 5 1
268015 3 1
268058 19 -1
268070 1 -1
268079 0 1
268090 18 -1
268171 20 -1
268187 0 -1
268208 2 1
268215 1 -1
268235 22 -1
268327 3 -1
268352 1 1
268413 4 -1
268418 6 -1
268434 2 1
268499 14 1
268499 15 1
268504 0 -1
268636 0 -1
268663 2 -1
268671 20 -1
268671 16 1
268671 1 1
268697 5 1
268727 4 -1
268802 0 -1
268821 21 -1
268832 22 -1
268840 1 1
268864 17 1
268880 2 -1
268950 6 1
268950 24 -1
268961 3 1
268972 18 1
268993 7 1
269029 1 -1
269033 0 1
269100 5 1
269117 2 1
269122 23 -1
269149 0 -1
269256 3 -1
269294 0 1
269316 16 1
269316 17 1
269340 2 -1
269348 1 -1
269364 4 -1
269396 19 1
269423 18 1
269466 15 -1
269487 6 1
269497 1 -1
269509 13 -1
269541 2 -1
269602 0 1
269616 3 -1
269670 1 1
269702 4 1
269783 20 1
269794 0 1
269848 3 -1
269848 1 1
269853 14 -1
269915 0 1
269939 8 1
269974 2 1
269982 5 -1
270029 1 -1
270033 0 -1
270052 3 1
270093 4 1
270132 9 1
270154 12 1
270182 1 -1
270192 2 -1
270205 0 -1
270234 7 1
270326 11 1
270331 3 1
270349 1 -1
270353 0 1
270374 5 -1
270425 2 1
270460 0 -1
270508 6 -1
270541 28 -1
270584 3 1
270670 16 1
270696 1 1
270726 4 1
270729 0 1
270788 5 -1
270820 2 1
270842 8 -1
270855 1 1
270879 7 -1
270885 0 -1
270949 21 1
270994 0 1
271022 2 1
271029 1 -1
271057 19 1
271062 3 1
271078 6 1
271089 4 -1
271186 22 1
271218 2 1
271218 17 1
271253 0 1
271331 3 1
271371 1 -1
271379 20 1
271379 0 1
271465 18 1
271512 1 -1
271516 4 -1
271530 24 1
271551 0 1
271573 23 1
271573 25 1
271578 3 1
271637 21 1
271675 1 -1
271680 6 -1
271680 2 1
271777 5 1
271782 7 1
271831 29 1
271833 0 -1
271895 22 1
271898 2 -1
271960 13 -1
271960 26 1
271988 1 -1
272011 0 -1
272013 8 -1
272040 3 -1
272089 14 -1
272113 0 1
272126 2 1
272132 15 -1
272165 1 1
272196 5 1
272244 0 1
272250 19 -1
272255 3 1
272266 4 -1
272298 17 -1
272303 12 -1
272306 1 1
272363 2 -1
272368 0 1
272427 16 -1
272432 11 1
272467 1 1
272478 0 -1
272486 18 -1
272492 3 1
272508 7 -1
272583 5 1
272583 9 -1
272604 2 1
272612 4 1
272615 6 -1
272626 0 1
272653 1 -1
272790 1 1
272830 17 -1
272838 2 -1
272849 0 1
272948 18 -1
272959 23 -1
272970 3 -1
272971 1 -1
272991 0 -1
273040 20 -1
273045 2 -1
273072 4 -1
273120 10 1
273123 0 -1
273185 22 -1
273201 19 -1
273209 3 -1
273217 7 1
273272 1 1
273303 21 -1
273314 13 1
273357 15 1
273368 5 -1
273378 24 -1
273381 0 -1
273389 6 1
273421 1 -1
273432 3 1
273464 27 -1
273464 14 1
273486 0 1
273507 2 -1
273572 25 -1
273580 1 -1
273652 16 1
273660 4 1
273661 0 1
273668 3 1
273749 17 1
273760 2 -1
273787 5 -1
273830 6 -1
273905 3 -1
273910 1 1
273922 0 1
273926 20 1
273996 2 1
274015 4 -1
274023 11 -1
274023 12 -1
274030 0 1
274088 22 -1
274096 7 1
274109 9 1
274114 1 -1
274152 19 1
274184 5 -1
274184 0 -1
274211 3 -1
274238 6 1
274281 1 -1
274324 8 1
274331 0 1
274367 18 1
274394 4 1
274429 0 -1
274448 2 1
274453 15 -1
274458 3 -1
274546 0 -1
274571 16 -1
274616 1 -1
274646 5 1
274668 6 -1
274668 30 -1
274673 2 1
274679 0 -1
274684 17 -1
274793 1 1
274840 21 1
274851 2 -1
274861 20 1
274883 3 -1
274958 7 1
274958 0 1
274978 1 -1
275103 3 -1
275125 0 1
275128 4 1
275140 1 -1
275248 6 1
275265 2 1
275297 3 1
275313 13 1
275313 0 1
275313 26 -1
275321 1 1
275404 8 1
275442 10 1
275462 4 1
275478 1 1
275488 2 -1
275528 5 1
275549 15 1
275609 0 1
275635 17 1
275668 1 -1
275700 2 -1
275716 3 1
275748 0 -1
275786 18 1
275807 6 1
275829 4 -1
275861 19 1
275893 0 1
275953 2 -1
275969 3 1
275992 1 -1
276022 5 -1
276044 21 1
276087 24 1
276124 0 -1
276162 2 -1
276176 1 1
276208 4 1
276210 3 1
276245 0 1
276345 25 1
276361 23 1
276371 1 -1
276372 0 1
276404 2 1
276501 0 1
276546 7 1
276549 5 -1
276562 4 -1
276656 3 1
276675 1 -1
276689 0 -1
276689 2 1
276825 1 -1
276839 6 -1
276861 17 -1
276880 0 -1
276893 3 1
276958 22 1
276968 8 -1
276974 4 -1
277006 16 -1
277008 1 1
277054 0 -1
277076 31 1
277076 18 -1
277097 2 1
277140 3 1
277183 14 -1
277199 7 1
277226 15 -1
277258 6 1
277283 2 1
277320 4 1
277334 24 1
277355 3 -1
277379 0 1
277381 1 1
277441 5 1
277506 23 1
277516 2 1
277527 9 -1
277538 20 -1
277558 1 -1
277571 0 -1
277581 3 1
277602 10 -1
277613 18 -1
277678 12 -1
277707 19 -1
277710 0 -1
277735 1 1
277764 13 -1
277796 6 -1
277817 21 -1
277876 3 -1
277925 7 1
277941 1 -1
277946 5 1
277954 0 -1
277957 11 1
277957 20 -1
277960 2 1
278091 0 -1
278094 4 -1
278102 1 -1
278107 27 -1
278118 16 1
278150 3 1
278183 22 -1
278188 2 -1
278207 0 -1
278288 1 1
278301 21 -1
278412 4 -1
278430 2 1
278473 5 1
278489 1 1
278513 0 1
278516 15 1
278521 17 1
278553 19 1
278580 18 1
278602 14 1
278669 0 -1
278693 3 -1
278731 16 1
278779 4 1
278793 0 -1
278820 1 1
278895 2 1
278906 3 1
278924 25 -1
278925 26 -1
278935 0 -1
278967 6 -1
278967 12 -1
279005 13 -1
279010 9 -1
279017 1 -1
279053 29 -1
279096 18 1
279107 3 -1
279107 0 -1
279118 20 1
279118 23 -1
279129 2 -1
279209 0 1
279211 1 1
279214 19 1
279247 8 1
279279 7 -1
279311 11 -1
279333 0 1
279335 2 -1
279344 17 -1
279473 10 -1
279483 15 -1
279491 1 -1
279526 5 1
279526 6 -1
279534 2 -1
279553 3 1
279553 4 1
279601 0 1
279662 1 -1
279744 0 -1
279747 2 -1
279827 22 -1
279851 1 1
279881 3 -1
279884 4 -1
279884 0 1
279961 6 -1
279972 7 1
279978 2 1
279999 5 -1
280010 9 -1
280053 8 1
280155 3 1
280166 0 1
280171 14 1
280171 24 -1
280198 1 1
280214 2 -1
280271 0 -1
280279 4 1
280343 12 1
280385 1 -1
280387 0 1
280392 17 1
280408 21 1
280440 5 1
280585 1 1
280601 18 1
280649 0 1
280687 2 -1
280722 3 1
280742 1 1
280805 0 -1
280854 5 1
280899 2 1
280916 1 -1
280924 7 -1
280948 3 -1
280948 4 -1
280966 6 -1
280969 0 -1
281077 1 -1
281104 0 -1
281117 19 1
281149 3 1
281171 2 1
281181 16 -1
281214 5 -1
281240 1 1
281243 0 1
281246 23 1
281363 4 -1
281372 0 1
281472 6 -1
281552 0 1
281568 1 -1
281593 2 -1
281633 5 -1
281676 3 1
281718 1 1
281722 4 1
281740 8 -1
281762 10 -1
281792 2 -1
281853 0 1
281891 13 -1
281891 25 1
281901 1 -1
281961 6 -1
282004 0 -1
282020 11 1
282020 3 1
282020 24 1
282020 2 1
282063 27 1
282084 20 -1
282084 26 1
282127 5 1
282133 4 1
282134 0 -1
282141 7 -1
282264 1 -1
282364 3 1
282364 21 -1
282408 0 1
282415 19 -1
282423 16 -1
282423 2 1
282447 4 1
282455 17 -1
282459 1 1
282471 22 -1
282514 15 -1
282514 18 -1
282564 0 -1
282576 20 -1
282600 6 -1
282616 1 1
282617 2 1
282665 23 -1
282684 0 -1
282721 4 -1
282815 21 -1
282826 19 -1
282880 2 -1
282885 3 -1
282901 0 1
282925 1 1
282966 9 -1
283019 11 -1
283026 0 1
283030 14 1
283044 4 -1
283060 1 -1
283068 20 -1
283100 7 1
283100 10 1
283116 6 -1
283116 22 -1
283127 3 -1
283175 0 1
283213 16 1
283245 17 1
283255 1 1
283267 28 -1
283288 15 1
283293 5 1
283307 0 -1
283310 18 1
283374 2 1
283390 3 -1
283439 12 1
283484 0 -1
283564 1 1
283581 0 1
283616 2 -1
283686 6 1
283737 4 -1
283742 0 1
283761 17 1
283772 5 -1
283777 19 1
283785 1 1
283793 7 1
283804 18 1
283860 2 1
283879 3 -1
283979 1 -1
284051 4 -1
284065 0 -1
284126 11 -1
284148 15 -1
284148 23 -1
284159 5 -1
284188 0 -1
284191 3 1
284191 8 1
284263 1 1
284296 0 1
284320 2 -1
284349 4 -1
284374 6 1
284417 3 1
284430 1 1
284438 10 1
284492 14 1
284540 2 1
284559 7 1
284597 0 1
284624 1 -1
284664 13 1
284685 21 1
284704 0 -1
284728 16 1
284729 25 -1
284779 2 -1
284814 9 1
284825 0 1
284914 3 1
284954 5 -1
284978 1 1
285078 0 1
285131 3 -1
285136 1 1
285139 4 1
285180 22 1
285180 2 -1
285188 7 1
285191 0 -1
285313 1 -1
285332 0 1
285341 3 1
285341 8 -1
285371 2 -1
285459 6 -1
285470 5 -1
285529 2 1
285583 3 1
285607 0 -1
285631 1 -1
285655 4 -1
285663 20 1
285715 0 1
285814 5 1
285817 3 -1
285835 1 1
285852 0 1
285857 7 -1
285975 2 -1
285997 6 1
286004 1 -1
286026 4 1
286067 3 -1
286080 0 -1
286083 23 1
286126 9 1
286167 1 -1
286222 0 -1
286249 2 -1
286276 12 1
286282 3 1
286319 21 1
286329 1 -1
286341 16 1
286394 0 -1
286448 8 -1
286470 7 -1
286470 26 1
286491 24 1
286496 6 1
286498 1 -1
286523 2 1
286599 11 -1
286604 5 1
286663 17 -1
286675 1 1
286679 4 1
286685 14 -1
286690 0 -1
286733 2 1
286792 29 1
286824 3 -1
286884 0 1
286941 4 -1
286986 15 -1
286990 1 -1
287002 2 1
287015 0 1
287018 5 1
287061 3 -1
287104 18 -1
287123 16 -1
287127 1 1
287147 19 -1
287158 2 1
287163 20 -1
287195 13 -1
287211 17 -1
287222 12 -1
287254 0 -1
287292 1 1
287308 22 -1
287308 9 1
287335 2 1
287351 21 -1
287362 3 -1
287370 0 -1
287481 0 1
287502 10 1
287502 18 -1
287509 20 -1
287517 19 -1
287518 4 -1
287555 6 -1
287604 0 1
287626 1 -1
287652 11 1
287695 15 1
287695 25 -1
287706 5 -1
287706 0 -1
287722 2 -1
287788 1 -1
287802 21 -1
287845 3 1
287845 0 -1
287888 4 1
287969 17 1
287977 2 -1
287985 22 -1
287985 1 1
288042 0 1
288082 3 1
288136 5 -1
288146 6 1
288179 7 -1
288189 2 -1
288211 4 1
288211 16 1
288254 18 1
288265 0 1
288329 3 1
288340 17 1
288352 1 -1
288372 19 1
288388 13 -1
288407 0 -1
288479 14 -1
288490 15 -1
288501 1 -1
288512 24 -1
288514 0 1
288533 4 1
288598 10 1
288657 2 -1
288684 5 -1
288686 1 1
288754 0 -1
288759 9 -1
288791 3 -1
288791 23 -1
288813 6 1
288856 0 1
288864 1 -1
288892 4 -1
288901 2 1
288952 16 -1
288960 0 -1
289001 1 1
289041 3 -1
289114 8 1
289135 5 1
289138 2 -1
289158 1 1
289178 0 -1
289194 17 -1
289283 7 1
289299 0 -1
289299 1 -1
289377 3 -1
289482 0 1
289565 14 1
289581 2 1
289613 3 -1
289614 4 1
289614 0 1
289614 1 -1
289640 5 1
289662 16 1
289673 21 1
289733 0 1
289781 1 1
289807 2 -1
289839 0 -1
289866 3 -1
289887 4 -1
289952 20 1
289952 22 1
289952 1 1
289973 6 1
289984 0 1
290000 7 -1
290027 2 -1
290033 17 1
290102 12 -1
290167 3 1
290167 15 -1
290194 4 1
290210 8 1
290238 0 1
290280 2 1
290296 21 1
290296 9 -1
290317 1 -1
290363 0 1
290393 3 -1
290430 6 -1
290468 1 -1
290487 0 1
290511 5 -1
290532 2 1
290637 1 -1
290704 11 -1
290723 0 -1
290726 23 1
290753 2 -1
290833 28 1
290860 3 1
290860 6 1
290861 0 -1
290919 22 1
290935 4 -1
290936 1 -1
290952 2 -1
290962 24 1
290984 10 1
291005 0 1
291027 5 -1
291070 3 -1
291091 14 1
291097 7 1
291129 1 1
291177 31 1
291177 9 1
291201 4 -1
291220 21 1
291239 0 -1
291263 18 1
291309 3 -1
291310 1 -1
291317 8 -1
291351 0 1
291360 2 -1
291424 12 -1
291446 15 -1
291463 1 -1
291473 0 1
291553 5 -1
291564 13 -1
291583 0 -1
291596 20 -1
291602 2 1
291607 6 1
291637 4 -1
291655 1 1
291677 0 -1
291693 17 -1
291725 7 1
291741 19 -1
291793 0 -1
291822 23 1
291822 2 1
291833 3 1
291836 1 -1
291838 16 -1
291876 15 -1
291887 14 -1
291924 0 -1
291951 11 -1
292037 18 -1
292042 1 -1
292120 20 -1
292128 19 -1
292129 22 -1
292177 21 -1
292188 0 -1
292252 8 1
292274 16 -1
292279 2 1
292300 6 1
292338 3 -1
292349 12 1
292368 0 -1
292402 13 1
292411 1 -1
292470 2 1
292494 0 1
292499 15 1
292548 7 -1
292553 14 1
292568 1 -1
292572 4 1
292639 11 -1
292639 18 1
292660 5 -1
292682 3 -1
292709 2 -1
292725 27 -1
292741 22 -1
292741 17 1
292765 1 1
292773 6 1
292785 0 -1
292789 16 1
292870 19 1
292908 15 1
292921 0 1
292938 4 -1
292988 5 1
293029 0 -1
293080 17 1
293085 2 1
293120 1 1
293123 18 1
293160 3 1
293209 12 -1
293262 0 1
293273 6 1
293295 2 1
293305 1 -1
293348 14 -1
293358 4 -1
293380 5 1
293394 0 1
293402 13 -1
293402 16 -1
293426 3 1
293460 1 -1
293515 2 -1
293544 0 -1
293563 15 -1
293563 25 -1
293564 10 -1
293585 8 1
293671 3 1
293682 0 -1
293724 2 -1
293732 4 1
293757 1 -1
293757 26 -1
293800 9 1
293827 0 1
293837 17 -1
293888 3 -1
293926 1 -1
293980 0 -1
293993 2 -1
294023 4 -1
294071 1 -1
294103 3 1
294111 16 1
294141 0 -1
294144 18 -1
294154 5 1
294192 7 1
294197 2 -1
294273 6 1
294308 3 -1
294359 14 1
294361 4 1
294369 20 1
294380 15 1
294391 2 -1
294412 0 1
294426 1 1
294445 24 -1
294488 21 1
294528 0 -1
294552 5 1
294595 22 1
294595 16 1
294645 1 1
294659 3 -1
294662 0 -1
294670 8 1
294676 4 1
294728 7 1
294794 2 -1
294817 1 1
294842 6 -1
294934 0 1
294982 19 1
295025 5 -1
295036 0 -1
295049 2 -1
295111 20 1
295111 21 1
295143 3 1
295186 0 1
295194 1 1
295240 23 1
295267 2 -1
295283 12 1
295355 1 1
295385 4 1
295412 6 1
295412 0 -1
295423 3 1
295433 7 1
295534 1 -1
295541 8 -1
295562 0 1
295643 10 1
295648 9 1
295659 3 1
295697 0 1
295699 4 1
295767 2 1
295820 0 1
295875 1 1
295917 16 1
295949 29 1
295957 0 1
295976 2 1
296014 21 1
296022 4 1
296030 5 1
296054 1 1
296078 28 1
296103 0 -1
296121 3 -1
296143 11 -1
296203 1 1
296205 0 1
296207 25 1
296210 2 -1
296240 23 1
296248 7 -1
296320 3 1
296336 13 -1
296358 24 1
296379 18 -1
296401 22 1
296422 6 -1
296433 5 1
296481 17 -1
296510 1 -1
296514 0 1
296551 12 1
296551 15 -1
296567 3 1
296605 2 -1
296637 0 1
296647 4 1
296663 1 -1
296691 20 -1
296739 0 -1
296766 14 -1
296771 19 -1
296841 2 1
296842 18 -1
296876 17 -1
296988 0 -1
297013 16 -1
297022 1 -1
297024 11 1
297030 10 1
297054 4 1
297067 2 -1
297078 7 1
297105 0 -1
297110 19 -1
297110 26 -1
297142 5 1
297158 3 1
297185 6 1
297207 15 1
297219 1 1
297234 0 -1
297247 13 1
297261 9 -1
297320 22 -1
297368 4 1
297379 21 -1
297390 14 1
297402 1 -1
297411 3 1
297481 17 1
297537 16 1
297540 27 -1
297540 12 -1
297543 2 1
297549 1 -1
297572 15 1
297586 0 -1
297626 6 -1
297680 3 1
297717 2 -1
297751 1 1
297755 23 -1
297755 0 -1
297841 8 -1
297868 7 1
297884 3 -1
297905 11 -1
297927 18 1
297932 0 -1
297938 5 1
297948 20 1
297954 2 1
297981 19 1
298069 1 1
298107 0 -1
298112 3 1
298118 4 1
298158 13 -1
298158 16 -1
298206 14 -1
298259 1 -1
298272 0 -1
298335 5 1
298357 3 1
298384 0 1
298411 2 1
298436 1 1
298505 4 -1
298518 0 1
298529 7 1
298572 3 -1
298572 30 -1
298577 17 -1
298658 22 -1
298658 2 -1
298668 6 1
298763 1 1
298803 0 1
298859 4 1
298873 18 -1
298875 2 1
298905 5 1
298916 24 -1
298918 0 -1
298938 1 -1
298991 15 1
299018 3 1
299042 0 -1
299045 21 1
299045 25 -1
299095 1 -1
299194 4 1
299260 3 -1
299260 6 -1
299270 16 1
299271 2 -1
299300 0 -1
299351 17 1
299367 8 -1
299432 0 -1
299464 19 1
299480 20 1
299488 3 -1
299491 2 1
299504 1 1
299553 0 -1
299593 7 -1
299670 1 1
299674 2 -1
299706 4 -1
299754 21 1
299759 5 -1
299824 0 1
299840 15 -1
299859 1 -1
299867 6 1
299937 0 -1
299948 3 1
299948 13 -1
300055 0 -1
300060 4 1
300061 1 -1
300109 10 -1
300144 2 1
300167 0 1
300195 5 1
300230 1 -1
300246 7 1
300259 3 -1
300291 6 -1
300313 0 -1
300345 8 1
300375 4 1
300380 2 -1
300385 1 -1
300431 9 1
300469 0 1
300531 3 1
300560 1 1
300574 0 -1
300592 20 1
300609 16 1
300630 2 1
300635 14 1
300641 5 -1
300721 12 1
300754 17 1
300808 18 1
300813 0 1
300818 23 1
300863 1 -1
300883 22 1
300883 2 -1
300883 26 1
300893 28 1
300963 0 -1
301022 3 1
301052 1 1
301060 7 -1
301076 15 -1
301114 0 1
301141 4 1
301141 2 -1
301173 13 -1
301194 6 -1
301209 1 1
301237 3 -1
301270 19 -1
301302 16 -1
301323 14 -1
301369 2 1
301415 0 1
301474 3 1
301495 27 1
301495 17 -1
301499 4 -1
301506 11 -1
301530 0 1
301560 1 -1
301608 20 -1
301614 2 -1
301665 0 1
301678 21 -1
301697 19 -1
301757 1 1
301775 5 1
301818 12 1
301845 3 1
301850 17 -1
301866 10 1
301882 18 -1
301890 0 1
301898 4 -1
301925 9 1
301933 1 1
301963 22 -1
301979 20 -1
302011 0 1
302051 13 1
302054 3 -1
302054 14 1
302068 2 -1
302097 6 1
302119 21 -1
302140 15 1
302151 0 1
302172 23 -1
302237 16 1
302261 3 1
302265 1 1
302280 5 1
302315 2 -1
302398 11 1
302412 0 1
302430 1 1
302471 17 1
302489 0 -1
302495 3 1
302531 4 1
302562 2 1
302604 1 -1
302608 16 1
302624 5 -1
302624 18 1
302629 0 1
302704 7 -1
302765 1 -1
302785 12 -1
302785 15 -1
302805 4 -1
302893 0 1
302922 1 1
302979 10 1
302989 6 -1
303000 3 1
303005 5 -1
303016 2 1
303046 0 -1
303112 1 -1
303129 9 -1
303140 22 -1
303156 17 -1
303161 0 1
303215 3 -1
303220 16 -1
303226 2 1
303228 4 -1
303265 1 -1
303301 21 -1
303301 8 -1
303430 13 1
303430 24 -1
303431 0 -1
303441 3 1
303441 5 1
303443 2 -1
303535 7 -1
303559 19 -1
303559 29 -1
303559 15 1
303580 18 -1
303586 0 1
303591 1 -1
303666 11 1
303688 23 -1
303723 0 1
303744 1 -1
303774 14 1
303833 5 1
303883 1 1
303892 2 1
303946 20 1
303946 0 -1
303951 6 -1
303962 16 1
304034 4 1
304059 0 1
304075 15 1
304080 3 1
304091 2 1
304196 1 1
304231 0 1
304236 5 1
304290 2 1
304295 3 -1
304330 0 -1
304373 4 -1
304389 1 -1
304397 7 -1
304440 6 1
304440 0 1
304462 21 1
304510 2 -1
304515 3 1
304558 20 1
304562 1 -1
304591 19 1
304614 0 1
304698 8 -1
304712 2 -1
304720 4 1
304720 0 -1
304784 16 -1
304948 2 1
304949 1 1
304983 0 1
304994 10 1
305026 3 1
305064 14 1
305107 1 1
305108 0 1
305131 4 1
305150 2 1
305171 6 -1
305171 25 1
305214 15 1
305219 5 1
305236 21 1
305260 0 -1
305266 1 1
305284 3 1
305365 17 1
305431 4 1
305499 0 1
305510 23 1
305528 2 1
305574 22 1
305594 1 -1
305612 5 1
305612 0 -1
305622 3 1
305709 31 1
305709 24 1
305739 4 1
305743 2 1
305751 12 -1
305754 1 -1
305774 0 -1
305794 11 -1
305854 3 1
305897 16 -1
305897 1 1
305913 13 -1
305966 2 1
305972 15 -1
305977 7 1
305983 0 -1
305999 14 -1
306058 3 -1
306074 5 -1
306090 4 1
306117 8 -1
306130 0 1
306171 19 -1
306171 17 -1
306239 1 -1
306258 0 1
306275 16 -1
306289 18 -1
306332 21 -1
306356 2 1
306403 0 -1
306407 3 1
306493 20 -1
306493 1 1
306509 17 -1
306525 15 -1
306547 0 1
306574 2 1
306606 22 -1
306622 10 1
306622 18 -1
306654 9 1
306668 3 1
306674 1 -1
306681 0 1
306697 12 1
306708 6 1
306719 4 -1
306751 11 1
306751 21 -1
306783 23 -1
306799 13 1
306813 0 1
306850 2 1
306856 7 1
306864 20 -1
307027 1 1
307030 0 -1
307098 4 1
307127 5 1
307182 0 1
307188 1 1
307205 3 -1
307219 16 1
307251 19 1
307259 2 1
307278 6 -1
307288 0 -1
307299 25 -1
307348 1 1
307364 18 1
307476 4 -1
307514 2 1
307573 7 -1
307589 3 1
307590 17 1
307592 0 1
307600 11 -1
307622 22 -1
307643 12 -1
307665 14 -1
307686 5 1
307705 0 -1
307705 2 1
307712 1 -1
307729 24 -1
307740 15 -1
307751 10 1
307761 6 -1
307815 16 -1
307818 0 1
307831 3 1
307858 28 -1
307892 1 1
307896 2 1
308030 9 1
308057 2 -1
308065 1 1
308116 0 1
308137 13 1
308202 18 -1
308232 0 -1
308250 1 -1
308256 5 -1
308283 4 1
308293 3 -1
308299 23 -1
308299 2 1
308331 7 1
308363 17 -1
308377 1 1
308387 0 1
308460 30 -1
308460 26 -1
308476 16 1
308492 15 1
308510 0 1
308516 1 -1
308535 2 -1
308540 3 -1
308546 14 1
308610 0 -1
308694 4 -1
308706 1 1
308718 19 1
308772 0 1
308895 20 1
308895 0 1
308911 3 1
308976 8 -1
308981 5 1
309008 4 -1
309036 1 -1
309040 21 1
309067 2 -1
309073 17 1
309105 22 1
309148 0 1
309194 1 1
309201 6 -1
309202 7 -1
309255 15 -1
309290 2 1
309296 0 -1
309320 18 1
309363 11 -1
309399 1 1
309419 0 -1
309422 3 1
309449 5 -1
309492 19 1
309502 2 1
309599 9 -1
309621 10 1
309701 0 1
309725 4 -1
309734 3 -1
309746 1 -1
309771 14 1
309793 21 1
309812 0 -1
309846 7 -1
309857 6 -1
309884 5 1
309926 0 1
309929 1 1
309949 2 1
309951 3 1
310008 24 1
310080 4 1
310080 1 -1
310104 16 1
310137 22 1
310153 2 1
310180 0 1
310201 23 1
310204 3 1
310266 8 -1
310295 0 -1
310362 5 -1
310373 6 -1
310381 2 -1
310395 25 1
310407 4 -1
310415 1 1
310417 0 -1
310437 3 -1
310537 0 -1
310545 21 1
310570 1 1
310599 12 -1
310650 0 1
310677 13 -1
310729 4 -1
310741 1 1
310763 5 -1
310765 7 1
310779 0 1
310798 16 -1
310824 15 -1
310827 2 1
310838 3 -1
310885 0 -1
310955 1 1
310975 18 -1
310996 6 -1
311039 20 -1
311040 2 1
311091 0 -1
311156 1 1
311172 4 1
311174 3 1
311176 16 -1
311185 17 -1
311201 22 -1
311236 0 1
311297 2 1
311308 18 -1
311316 1 1
311365 0 1
311383 24 -1
311394 19 -1
311394 20 -1
311416 5 1
311473 1 1
311512 9 1
311523 12 1
311534 14 1
311534 15 1
311544 11 1
311555 29 -1
311579 13 1
311657 3 -1
311660 4 -1
311666 0 -1
311684 8 1
311738 6 -1
311749 17 1
311803 2 -1
311809 1 1
311829 0 1
311899 27 -1
311899 15 1
311921 21 -1
311953 5 1
311969 0 -1
311974 22 -1
311977 3 -1
311993 1 -1
311999 4 1
312023 2 1
312103 16 1
312120 17 1
312184 1 1
312200 20 1
312211 3 -1
312214 0 -1
312243 6 -1
312251 2 -1
312273 10 -1
312329 19 1
312337 0 1
312383 11 -1
312394 14 -1
312455 0 1
312458 12 -1
312559 1 1
312563 0 -1
312571 4 -1
312587 13 -1
312630 2 1
312678 0 1
312705 3 -1
312712 1 1
312716 26 -1
312724 16 -1
312732 5 1
312732 7 1
312778 0 -1
312845 9 1
312883 2 1
312885 1 -1
312904 0 -1
312953 18 -1
312974 23 -1
312979 6 1
312990 3 1
313014 4 -1
313017 8 1
313098 2 1
313189 28 -1
313200 5 -1
313202 3 1
313213 0 -1
313220 1 -1
313253 14 1
313313 7 1
313318 0 1
313349 1 1
313361 15 1
313415 0 1
313442 4 -1
313442 16 1
313447 24 -1
313468 21 1
313498 1 -1
313552 2 1
313587 5 -1
313619 17 1
313632 3 1
313638 0 -1
313748 2 1
313764 19 1
313772 0 -1
313780 1 -1
313871 3 1
313920 6 1
313920 0 1
313974 1 1
314022 2 1
314070 7 -1
314081 8 -1
314086 3 -1
314113 21 1
314123 1 1
314135 18 1
314143 4 -1
314151 0 -1
314167 10 -1
314221 15 -1
314260 1 -1
314307 0 1
314328 16 -1
314350 11 1
314398 0 1
314420 2 1
314425 5 1
314479 12 1
314498 4 1
314529 0 1
314532 6 1
314586 2 -1
314594 1 -1
314624 3 1
314651 0 1
314667 22 1
314748 1 -1
314750 2 1
314780 0 1
314823 5 1
314901 0 -1
314909 23 1
314917 4 1
314929 1 1
314930 3 -1
314936 2 1
314952 9 1
314973 20 1
314973 6 -1
315102 2 -1
315134 17 1
315169 0 1
315274 8 -1
315290 1 1
315296 16 1
315302 0 1
315333 3 -1
315333 2 1
315339 5 1
315360 22 1
315360 25 1
315382 24 1
315417 0 1
315446 15 -1
315457 26 1
315461 1 -1
315478 12 -1
315511 14 -1
315521 13 -1
315543 2 1
315545 4 1
315586 19 -1
315586 10 1
315596 1 1
315672 0 1
315747 23 1
315747 16 -1
315747 18 -1
315768 27 1
315775 0 -1
315811 3 1
315820 17 -1
315836 4 1
315854 21 -1
315884 0 1
315927 2 1
315953 1 1
316005 20 -1
316045 19 -1
316091 2 -1
316118 1 1
316134 3 -1
316162 0 -1
316166 16 -1
316263 9 1
316268 6 -1
316291 1 -1
316306 21 -1
316311 0 1
316343 20 -1
316344 2 -1
316349 12 1
316349 14 1
316354 3 -1
316432 13 1
316435 5 -1
316436 1 -1
316472 22 -1
316473 7 -1
316488 19 -1
316489 15 1
316494 0 1
316505 4 -1
316599 1 -1
316628 8 -1
316644 0 1
316677 6 1
316730 1 1
316779 3 -1
316782 0 1
316800 2 1
316819 17 1
316843 5 -1
316854 18 1
316870 1 -1
316886 11 1
316913 0 1
316972 21 -1
317021 2 -1
317026 3 -1
317085 0 1
317134 7 -1
317155 14 -1
317166 15 -1
317198 4 1
317230 16 -1
317241 3 1
317246 1 -1
317279 2 1
317305 5 1
317346 0 1
317450 1 -1
317456 6 1
317456 0 -1
317456 17 -1
317488 4 1
317580 0 -1
317605 1 -1
317649 13 1
317650 16 -1
317666 2 1
317682 18 -1
317746 12 1
317768 5 -1
317798 4 1
317805 3 1
317832 15 1
317832 30 -1
317833 0 -1
317867 2 1
317940 1 -1
317966 0 -1
318007 3 -1
318015 11 1
318061 2 1
318087 0 -1
318097 1 -1
318198 5 1
318206 7 -1
318224 3 1
318250 1 -1
318262 19 1
318262 17 1
318308 2 -1
318324 0 1
318335 16 1
318359 20 1
318434 21 1
318445 6 1
318445 0 1
318469 3 1
318533 2 1
318552 5 -1
318562 1 -1
318601 4 -1
318628 0 1
318676 3 -1
318735 2 1
318738 1 -1
318778 18 1
318875 10 -1
318876 0 1
318888 3 1
318923 4 -1
318931 2 1
318950 14 -1
318951 1 -1
318974 0 -1
318993 5 1
319004 8 1
319036 6 1
319036 13 -1
319068 20 1
319079 21 1
319084 0 1
319112 1 -1
319197 22 1
319213 3 -1
319245 4 -1
319280 1 1
319342 0 1
319383 2 1
319401 15 1
319415 1 -1
319423 25 1
319423 9 -1
319447 0 -1
319455 23 1
319573 6 1
319595 0 1
319598 2 1
319600 1 1
319648 3 -1
319788 21 1
319799 2 1
319896 3 -1
319896 24 1
319896 5 1
319929 1 1
319931 4 -1
319971 0 -1
319982 28 1
320003 22 1
320110 1 -1
320111 11 -1
320116 3 -1
320132 0 -1
320165 7 1
320213 2 1
320218 15 -1
320229 23 1
320245 0 1
320250 14 -1
320257 4 -1
320261 12 -1
320269 1 -1
320277 16 -1
320366 13 -1
320369 8 -1
320471 2 1
320487 20 -1
320503 17 -1
320511 0 -1
320541 15 -1
320555 1 1
320588 4 -1
320594 5 -1
320616 16 -1
320627 3 -1
320627 0 1
320648 19 -1
320686 2 1
320733 1 -1
320750 0 1
320756 27 1
320766 21 -1
320809 10 -1
320836 3 1
320842 18 -1
320850 1 1
320882 17 -1
320890 20 -1
320890 0 -1
320978 19 -1
321035 22 -1
321038 0 1
321070 2 1
321083 3 1
321121 14 1
321142 5 1
321164 12 1
321191 0 -1
321204 1 -1
321245 16 1
321261 13 1
321285 4 1
321293 7 -1
321293 9 -1
321309 2 -1
321347 6 1
321357 25 -1
321368 1 -1
321379 0 1
321486 24 -1
321503 17 1
321529 18 1
321540 2 1
321543 1 1
321658 8 1
321672 4 1
321701 0 -1
321720 1 -1
321766 3 1
321779 2 -1
321836 0 -1
321841 19 1
321853 1 1
321873 23 -1
321890 10 -1
321900 6 -1
321916 14 -1
321916 21 -1
321938 4 -1
321970 11 -1
321978 0 -1
321981 15 -1
321991 3 -1
322002 2 1
322002 18 1
322004 1 1
322045 12 -1
322139 7 1
322147 5 -1
322172 1 1
322196 2 1
322212 16 -1
322212 0 1
322217 3 1
322309 4 1
322333 0 1
322421 13 1
322435 0 -1
322438 2 -1
322443 3 1
322464 6 1
322497 5 1
322520 1 -1
322667 4 -1
322688 1 -1
322690 15 1
322701 3 1
322731 0 -1
322733 14 1
322841 0 1
322841 1 -1
322868 2 -1
322873 5 1
322905 16 1
322940 3 1
322945 4 1
322962 0 1
322970 17 1
323066 2 -1
323077 24 -1
323099 0 1
323120 15 1
323163 26 -1
323166 3 -1
323230 0 1
323252 1 1
323265 2 -1
323308 20 1
323308 16 1
323314 21 1
323316 7 1
323324 4 -1
323335 18 1
323362 0 1
323415 1 -1
323421 17 1
323485 6 -1
323486 22 1
323507 14 -1
323507 0 -1
323594 1 -1
323615 9 1
323679 3 -1
323722 11 -1
323733 2 -1
323735 0 -1
323765 5 -1
323838 0 1
323945 1 1
323950 2 1
323976 0 -1
323989 4 1
323991 3 1
324023 21 1
324066 7 -1
324077 8 1
324122 1 -1
324130 20 1
324152 2 1
324179 5 1
324184 6 -1
324190 0 -1
324286 3 -1
324292 1 -1
324335 0 1
324388 4 -1
324433 1 -1
324453 0 -1
324469 22 1
324517 25 1
324582 2 1
324602 1 -1
324668 5 -1
324700 0 -1
324777 1 1
324779 4 -1
324808 23 1
324840 3 -1
324847 0 1
324883 2 -1
324904 19 1
324953 1 1
324969 14 -1
325001 12 -1
325020 0 1
325055 15 -1
325098 13 -1
325108 6 1
325119 2 1
325126 0 -1
325130 17 -1
325141 18 -1
325194 3 1
325211 16 -1
325227 22 1
325255 0 -1
325279 1 -1
325291 29 1
325307 20 -1
325356 11 1
325375 2 -1
325409 15 -1
325422 0 -1
325426 3 1
325457 1 -1
325501 17 -1
325529 0 1
325539 18 -1
325563 2 -1
325581 19 -1
325582 16 -1
325598 4 -1
325630 1 1
325667 21 -1
325743 5 1
325783 0 1
325839 10 1
325850 2 -1
325872 18 -1
325893 0 -1
325904 19 -1
325915 12 1
325976 1 -1
326001 13 1
326022 3 1
326046 2 -1
326060 0 -1
326065 8 -1
326065 17 1
326118 1 -1
326119 15 1
326121 4 -1
326129 20 -1
326130 21 -1
326162 16 1
326248 5 1
326258 27 -1
326259 23 -1
326264 3 1
326280 11 -1
326283 7 1
326323 22 -1
326325 1 -1
326367 0 -1
326436 17 1
326474 9 -1
326479 0 1
326480 4 1
326490 2 -1
326516 14 -1
326549 3 1
326570 6 -1
326597 0 1
326706 1 -1
326745 2 -1
326764 5 -1
326823 13 -1
326857 1 -1
326858 0 1
326860 3 1
326861 12 -1
326893 15 -1
326917 2 1
326968 25 -1
326984 0 1
327028 1 -1
327075 6 -1
327086 0 -1
327102 3 1
327118 21 -1
327145 17 -1
327161 10 1
327242 16 -1
327262 4 -1
327290 26 -1
327317 2 1
327333 14 1
327347 1 -1
327363 0 -1
327398 8 1
327403 3 -1
327419 24 -1
327452 22 -1
327487 0 -1
327532 1 1
327548 11 1
327554 2 -1
327581 23 -1
327591 15 1
327613 4 1
327640 5 1
327656 0 -1
327672 3 1
327712 1 -1
327720 6 1
327774 2 1
327879 16 1
327892 0 1
327957 18 1
327984 4 -1
328032 0 1
328059 5 -1
328064 1 1
328064 9 -1
328129 20 1
328145 3 -1
328150 0 1
328169 7 1
328193 14 -1
328209 1 1
328274 4 -1
328314 2 1
328371 0 1
328395 1 -1
328443 3 1
328451 19 1
328451 15 -1
328456 5 -1
328529 2 1
328537 0 -1
328653 4 1
328655 0 -1
328681 1 1
328698 3 1
328774 7 1
328774 2 -1
328838 10 -1
328866 1 -1
328887 0 1
328956 2 1
329010 9 -1
329015 4 -1
329016 0 1
329024 1 -1
329032 16 1
329096 22 1
329120 3 1
329142 2 1
329150 6 -1
329161 21 1
329161 17 1
329171 0 -1
329193 20 1
329306 5 1
329311 15 1
329358 4 1
329364 1 1
329424 2 1
329440 3 -1
329488 0 1
329531 1 1
329612 23 1
329612 18 1
329617 0 1
329652 2 -1
329676 25 1
329697 1 1
329709 22 1
329719 24 1
329736 0 1
329746 3 -1
329762 8 -1
329784 11 -1
329784 6 1
329813 13 -1
329846 0 -1
329848 5 1
329870 21 1
329870 30 1
329875 12 -1
329898 1 1
330063 17 -1
330069 2 -1
330079 4 1
330088 1 -1
330112 7 1
330144 19 -1
330160 0 1
330171 14 -1
330241 16 -1
330246 5 1
330251 1 -1
330268 2 -1
330270 0 -1
330278 3 1
330289 18 -1
330378 4 1
330386 6 1
330397 0 -1
330402 17 -1
330436 1 1
330515 2 1
330517 3 1
330547 19 -1
330652 20 -1
330665 21 -1
330676 10 1
330703 0 -1
330730 27 -1
330735 3 -1
330762 11 1
330781 13 1
330793 1 1
330794 15 1
330805 12 1
330825 4 1
330840 0 -1
330902 26 -1
330910 16 1
330950 1 -1
330950 2 -1
330972 3 -1
330985 0 1
331063 6 -1
331095 23 -1
331115 1 1
331203 2 1
331208 3 -1
331246 8 1
331278 0 -1
331289 16 1
331332 5 -1
331375 14 -1
331418 18 1
331434 2 -1
331442 1 1
331450 17 1
331455 3 -1
331469 0 -1
331525 15 -1
331547 6 -1
331587 1 1
331591 0 -1
331659 4 -1
331686 3 1
331708 13 -1
331719 0 -1
331740 12 -1
331751 5 -1
331756 1 1
331831 0 1
331842 2 -1
331891 24 -1
331931 0 -1
331942 4 -1
332063 22 -1
332087 0 1
332091 1 -1
332105 6 1
332111 2 -1
332186 3 1
332191 15 1
332224 4 1
332256 7 1
332256 8 1
332256 17 -1
332277 14 1
332283 5 -1
332318 0 -1
332320 1 -1
332321 9 1
332347 2 1
332417 10 1
332428 3 1
332466 0 1
332494 1 -1
332514 20 1
332535 28 -1
332562 2 -1
332578 25 -1
332611 0 -1
332621 6 1
332643 16 1
332659 1 -1
332723 3 -1
332750 5 1
332750 18 1
332777 2 -1
332828 1 -1
332836 21 1
332858 12 -1
332901 19 1
332938 0 1
332998 1 -1
333030 2 1
333067 0 1
333094 17 1
333102 4 1
333139 1 -1
333159 3 1
333186 5 -1
333191 0 1
333288 20 1
333293 2 1
333352 11 -1
333352 23 1
333374 9 -1
333384 3 1
333385 7 -1
333395 8 -1
333437 4 -1
333460 0 1
333489 1 1
333578 16 -1
333602 3 -1
333610 5 -1
333610 21 1
333613 0 -1
333701 1 1
333718 0 1
333723 2 -1
333739 22 1
333804 15 1
333832 1 -1
333841 0 1
333844 4 1
333946 2 -1
333973 0 1
333976 6 1
334078 0 -1
334150 4 1
334153 2 -1
334164 3 1
334193 1 -1
334196 5 1
334209 0 -1
334255 7 1
334320 21 1
334340 1 1
334352 19 1
334406 3 1
334427 18 1
334432 22 1
334448 20 1
334467 0 -1
334481 23 1
334497 4 -1
334533 1 -1
334578 26 1
334583 2 1
334599 12 -1
334642 27 1
334642 8 -1
334642 9 -1
334656 0 -1
334663 14 -1
334682 13 -1
334682 10 -1
334717 3 -1
334728 15 -1
334771 16 -1
334787 6 -1
334787 2 1
334795 0 1
334856 1 -1
334900 29 1
334908 4 -1
334932 3 1
334956 2 -1
334997 5 1
335029 11 1
335049 1 1
335050 0 1
335126 19 -1
335126 16 -1
335155 0 -1
335166 17 -1
335195 3 -1
335201 15 -1
335214 4 -1
335226 1 -1
335265 6 -1
335295 20 -1
335298 0 1
335389 2 1
335414 1 1
335470 3 -1
335480 18 -1
335502 5 1
335561 0 1
335566 12 1
335593 13 1
335601 1 -1
335620 14 1
335658 2 1
335690 20 -1
335690 0 1
335738 21 -1
335749 3 1
335771 10 -1
335800 0 -1
335803 16 1
335805 1 1
335811 17 1
335942 5 -1
335953 2 1
335964 1 1
335975 11 -1
335975 24 -1
336096 0 1
336145 4 -1
336217 2 1
336233 9 -1
336233 18 1
336238 17 1
336260 0 1
336265 8 1
336299 1 1
336319 7 -1
336362 6 -1
336372 3 1
336391 0 1
336415 19 1
336421 2 1
336448 14 -1
336456 1 1
336496 16 -1
336504 4 1
336528 13 -1
336555 12 -1
336617 1 1
336620 15 -1
336620 2 1
336646 0 1
336657 3 -1
336673 22 -1
336749 21 -1
336792 2 -1
336794 0 -1
336856 6 -1
336915 4 1
336921 31 -1
336923 0 -1
336931 17 -1
336947 1 1
336966 3 -1
336985 5 1
337109 1 1
337149 0 1
337189 16 1
337224 2 1
337264 14 1
337268 1 1
337297 0 -1
337308 9 1
337351 7 -1
337372 15 1
337423 0 -1
337436 5 -1
337469 2 -1
337485 3 1
337501 18 1
337512 6 -1
337592 1 -1
337629 4 -1
337668 2 -1
337673 20 1
337692 0 -1
337725 1 -1
337727 3 1
337770 17 1
337802 0 1
337834 13 -1
337862 1 1
337920 3 -1
337963 5 -1
337971 4 1
337974 0 1
338017 8 1
338028 19 1
338040 1 -1
338081 21 1
338103 2 1
338124 23 1
338135 0 1
338229 1 1
338232 0 -1
338286 7 1
338331 3 1
338338 4 1
338339 0 1
338342 2 1
338409 1 1
338415 22 1
338484 0 -1
338517 2 -1
338554 14 1
338557 3 -1
338570 1 1
338576 15 1
338740 0 -1
338802 3 -1
338834 6 -1
338904 0 1
338920 2 -1
338947 5 1
338977 1 -1
338979 16 1
339035 4 1
339043 3 -1
339052 0 -1
339070 24 1
339124 2 -1
339148 1 -1
339188 22 1
339285 25 1
339288 3 -1
339314 1 1
339315 0 -1
339317 23 1
339318 26 1
339328 28 1
339328 2 -1
339350 7 -1
339366 4 1
339414 5 -1
339414 10 -1
339436 11 -1
339438 0 -1
339468 9 -1
339479 17 -1
339487 13 -1
339511 3 1
339532 15 -1
339540 0 1
339597 6 -1
339597 14 -1
339632 1 1
339672 12 -1
339700 4 -1
339704 16 -1
339720 19 -1
339721 20 -1
339769 2 1
339785 3 -1
339812 5 -1
339813 1 -1
339815 0 -1
339844 27 1
339866 17 -1
339866 18 -1
339930 21 -1
339942 0 -1
339984 1 -1
339992 2 -1
340056 0 1
340132 4 1
340172 20 -1
340180 0 1
340226 2 1
340231 18 -1
340274 6 -1
340295 15 1
340309 0 1
340321 1 -1
340344 5 1
340371 3 1
340381 16 1
340419 0 -1
340446 21 -1
340454 13 1
340467 11 1
340478 7 1
340482 4 -1
340489 12 1
340490 1 1
340527 0 1
340543 10 -1
340553 14 1
340661 3 -1
340666 2 -1
340672 1 1
340715 6 1
340715 15 1
340733 0 -1
340768 20 -1
340809 4 -1
340833 5 -1
340881 1 -1
340881 2 -1
340897 19 1
340919 3 -1
340926 0 1
340930 17 1
340962 23 -1
340973 18 1
341026 9 -1
341048 24 -1
341071 1 1
341075 0 -1
341085 2 -1
341208 4 -1
341248 1 -1
341338 0 1
341354 5 -1
341365 13 -1
341413 21 -1
341413 22 -1
341415 1 -1
341456 0 -1
341462 16 -1
341499 15 -1
341510 3 -1
341521 6 1
341523 2 -1
341542 8 1
341574 7 1
341585 11 1
341620 0 -1
341671 12 1
341671 17 -1
341687 2 1
341788 1 -1
341808 4 -1
341865 5 1
341886 0 1
341897 10 -1
341902 2 1
341908 3 1
341933 1 -1
341999 6 1
342004 0 1
342058 25 -1
342068 1 1
342080 30 -1
342112 0 -1
342155 4 -1
342219 16 1
342238 0 -1
342262 3 1
342295 14 1
342348 1 -1
342356 7 1
342359 0 -1
342370 2 -1
342413 19 1
342445 17 1
342472 0 1
342493 1 1
342628 5 1
342640 0 1
342644 2 -1
342659 4 -1
342660 8 1
342675 1 -1
342703 6 -1
342724 3 -1
342888 2 -1
342988 0 1
343018 1 1
343026 22 1
343026 26 -1
343036 3 1
343093 0 -1
343101 5 -1
343106 16 -1
343120 2 1
343183 1 1
343224 0 -1
343318 3 -1
343348 1 1
343359 2 -1
343434 15 1
343477 9 -1
343480 0 -1
343498 14 1
343499 1 1
343525 5 1
343541 21 1
343558 4 -1
343590 0 1
343601 2 -1
343627 24 1
343638 1 -1
343670 3 -1
343789 2 1
343815 20 1
343824 1 1
343832 0 -1
343842 18 1
343876 4 1
343896 22 1
343939 3 1
343961 19 1
343971 8 -1
344009 1 -1
344143 6 -1
344174 4 1
344176 3 1
344186 29 1
344186 23 1
344197 2 1
344219 7 -1
344235 0 1
344251 21 1
344259 13 -1
344337 15 -1
344356 0 1
344358 11 -1
344358 12 -1
344376 1 -1
344380 5 1
344428 2 -1
344450 3 1
344468 0 -1
344509 14 -1
344568 0 1
344618 1 1
344622 17 -1
344670 16 -1
344670 2 1
344681 18 -1
344736 0 1
344783 20 -1
344799 1 -1
344815 5 -1
344850 0 -1
344944 4 -1
344960 6 1
344966 3 1
344974 0 -1
345089 17 -1
345111 15 1
345111 18 -1
345132 21 -1
345143 9 1
345154 19 -1
345164 2 1
345170 10 1
345174 1 -1
345198 0 1
345202 20 -1
345202 13 1
345234 4 -1
345245 3 -1
345283 12 1
345315 0 -1
345331 7 -1
345347 5 -1
345357 1 1
345369 2 1
345387 16 1
345476 11 -1
345492 3 -1
345495 0 1
345519 24 -1
345540 6 -1
345557 1 -1
345605 25 -1
345621 2 1
345629 4 1
345702 17 1
345761 0 1
345861 1 -1
345863 28 -1
345863 21 -1
345903 7 1
345936 0 1
345984 3 -1
346012 1 -1
346044 4 1
346046 9 -1
346056 23 -1
346081 2 -1
346089 13 -1
346099 0 1
346105 16 -1
346177 1 -1
346185 3 1
346196 5 1
346282 22 -1
346304 2 1
346382 3 -1
346382 0 -1
346395 4 -1
346395 1 -1
346422 15 -1
346532 0 1
346538 1 1
346540 8 1
346551 12 1
346551 2 -1
346594 14 1
346615 5 1
346654 0 1
346709 1 -1
346750 2 -1
346755 0 -1
346758 4 1
346830 10 1
346831 26 -1
346857 0 1
346895 16 1
346899 1 1
346932 3 1
346938 11 1
346948 6 1
347021 0 1
347029 2 -1
347120 19 1
347131 15 1
347147 3 -1
347163 5 -1
347164 0 1
347201 4 -1
347252 1 -1
347284 2 1
347303 18 1
347346 21 1
347379 17 1
347400 3 1
347411 16 1
347421 6 1
347427 7 -1
347431 1 -1
347440 0 -1
347507 2 -1
347550 5 -1
347576 1 -1
347591 0 1
347604 14 -1
347741 0 -1
347776 8 -1
347894 4 1
347959 22 1
347967 1 -1
347991 10 1
348002 2 1
348013 3 -1
348018 0 1
348023 6 -1
348029 5 1
348077 11 1
348120 23 1
348152 7 1
348153 1 1
348160 0 -1
348225 4 1
348238 2 -1
348249 20 1
348249 3 -1
348249 15 1
348292 21 1
348319 0 -1
348330 1 -1
348410 2 1
348426 5 1
348486 24 1
348507 19 1
348523 4 1
348547 0 1
348572 16 1
348572 8 -1
348574 3 -1
348664 1 1
348679 0 1
348804 0 1
348817 1 1
348824 2 1
348846 22 1
348883 5 -1
348918 0 -1
348969 9 -1
349005 1 -1
349036 3 1
349044 14 -1
349045 21 1
349058 2 -1
349082 0 1
349104 17 -1
349120 13 -1
349144 4 1
349168 7 -1
349217 18 -1
349225 0 -1
349238 12 -1
349281 2 1
349284 3 1
349329 16 -1
349345 1 1
349372 0 1
349474 20 -1
349491 17 -1
349499 4 -1
349501 3 1
349515 1 1
349517 6 1
349539 19 -1
349611 0 -1
349657 18 -1
349668 11 -1
349678 1 -1
349743 0 -1
349743 2 -1
349864 0 -1
349877 20 -1
349904 5 1
349926 4 1
349931 2 -1
349942 19 -1
349990 9 1
349998 1 -1
350001 15 1
350066 12 1
350071 13 1
350103 3 -1
350135 2 -1
350160 0 -1
350162 24 -1
350168 1 1
350168 17 1
350297 5 1
350313 0 1
350349 1 -1
350366 6 -1
350399 3 1
350415 2 -1
350423 0 -1
350442 16 1
350546 4 1
350592 11 1
350595 3 -1
350635 21 -1
350635 17 1
350667 2 1
350684 1 -1
350721 15 -1
350732 5 -1
350745 0 -1
350748 7 -1
350786 14 -1
350829 8 1
350845 1 -1
350861 4 1
350872 2 1
350893 18 1
350909 0 -1
350925 6 1
351022 27 -1
351022 13 -1
351030 1 1
351036 0 -1
351054 23 -1
351076 2 1
351113 3 -1
351138 0 1
351194 31 -1
351248 16 -1
351261 0 1
351280 10 1
351302 12 1
351304 4 1
351312 22 -1
351334 3 1
351378 0 1
351413 1 -1
351452 9 -1
351474 15 1
351522 2 -1
351543 0 -1
351570 1 1
351576 3 1
351586 5 1
351624 14 1
351627 4 1
351635 6 -1
351667 11 1
351667 25 -1
351675 7 1
351731 20 1
351732 2 -1
351776 1 1
351812 17 1
351817 3 1
351818 8 1
351840 0 -1
351876 19 1
351882 30 -1
351933 4 1
351937 0 1
351963 2 1
351968 5 -1
351997 1 1
352054 15 1
352054 16 1
352065 3 1
352075 0 1
352118 6 -1
352159 7 -1
352161 21 1
352191 1 -1
352288 4 -1
352290 3 1
352344 20 1
352352 0 -1
352364 1 -1
352446 2 -1
352470 0 -1
352532 5 1
352538 1 -1
352570 3 1
352586 10 -1
352589 0 -1
352618 4 -1
352669 2 1
352699 6 1
352763 17 -1
352796 8 1
352849 2 -1
352852 0 1
352871 14 1
352884 1 1
352941 7 -1
352962 0 -1
353000 21 1
353009 1 -1
353010 12 1
353053 22 1
353067 0 1
353086 15 1
353118 3 1
353205 1 1
353215 18 1
353231 23 1
353247 19 1
353311 2 -1
353328 5 1
353328 0 1
353357 3 1
353365 6 1
353416 4 1
353430 0 -1
353505 20 1
353553 1 -1
353559 2 1
353571 0 1
353618 3 1
353731 22 1
353741 1 1
353776 0 -1
353790 2 -1
353843 5 -1
353860 4 1
353897 0 -1
353912 1 1
353932 13 -1
353951 15 -1
353956 14 -1
354021 2 1
354024 0 -1
354032 8 1
354053 23 1
354093 16 -1
354118 26 1
354182 25 1
354182 10 1
354206 4 -1
354222 2 1
354225 3 -1
354246 11 1
354257 18 -1
354263 7 1
354283 1 1
354289 12 1
354290 24 1
354334 0 -1
354392 20 -1
354408 5 1
354445 3 1
354448 0 1
354456 1 1
354456 17 -1
354459 2 -1
354461 27 1
354526 6 -1
354554 0 -1
354642 1 -1
354684 3 1
354687 18 -1
354695 2 1
354698 19 -1
354698 21 -1
354762 15 1
354815 1 1
354822 0 1
354827 4 -1
354827 16 1
354899 13 1
354956 14 1
354959 0 1
354977 9 -1
355002 1 -1
355020 6 -1
355069 2 -1
355120 0 1
355133 7 1
355160 12 -1
355170 1 -1
355182 17 1
355184 3 1
355206 4 1
355214 8 1
355265 0 1
355278 16 1
355289 5 -1
355289 2 1
355343 1 1
355364 21 -1
355407 11 1
355461 0 -1
355526 2 -1
355536 4 -1
355536 18 1
355568 0 1
355579 3 -1
355585 10 -1
355625 7 -1
355633 6 -1
355665 9 -1
355673 1 1
355711 0 -1
355773 5 1
355800 3 1
355830 1 1
355848 14 -1
355912 2 -1
355923 23 -1
355947 0 1
355955 17 -1
355980 1 1
356052 3 1
356052 13 1
356052 22 -1
356106 0 -1
356152 2 1
356192 12 1
356221 0 -1
356246 5 -1
356262 3 -1
356310 15 1
356330 4 1
356369 1 1
356369 2 -1
356418 8 1
356471 3 1
356512 0 1
356546 11 1
356554 1 -1
356600 19 1
356632 20 1
356657 4 -1
356673 0 1
356699 1 -1
356721 3 1
356783 0 -1
356826 2 1
356842 16 1
356847 6 1
356869 15 1
356890 21 1
356891 7 -1
356976 14 -1
356979 4 -1
356998 18 1
357005 1 -1
357030 5 -1
357041 24 -1
357046 2 -1
357068 0 1
357148 13 -1
357159 3 -1
357169 1 -1
357192 9 1
357216 0 1
357256 2 -1
357277 20 1
357330 1 -1
357342 4 1
357342 0 1
357385 6 1
357390 3 -1
357447 0 -1
357471 2 1
357482 5 1
357503 10 -1
357515 1 1
357543 0 1
357578 8 -1
357616 7 1
357670 0 1
357686 3 1
357686 2 1
357713 4 -1
357725 1 1
357783 0 -1
357793 22 1
357842 5 1
357906 2 -1
357944 15 1
357987 19 1
357987 1 -1
358035 4 -1
358073 28 1
358084 16 1
358086 0 1
358143 2 1
358159 6 1
358164 1 1
358196 0 -1
358245 23 1
358266 3 1
358331 0 1
358442 4 -1
358446 7 -1
358503 20 1
358503 25 1
358519 3 1
358531 1 1
358535 17 1
358567 22 1
358570 0 -1
358583 2 -1
358632 21 1
358680 1 -1
358698 0 -1
358718 9 -1
358755 3 1
358809 13 -1
358809 2 1
358828 0 -1
358837 1 -1
358857 5 -1
358858 18 -1
358890 12 -1
358938 16 -1
359046 2 1
359062 14 -1
359064 0 1
359083 10 1
359099 17 -1
359188 0 1
359220 1 -1
359234 11 -1
359266 3 1
359293 4 -1
359326 0 1
359330 5 1
359408 2 -1
359416 6 1
359426 1 -1
359455 0 1
359470 16 -1
359502 19 -1
359551 3 -1
359556 21 -1
359567 17 -1
359602 0 -1
359607 1 -1
359623 4 1
359626 2 1
359664 23 -1
359674 15 1
359696 13 1
359706 24 -1
359749 11 1
359750 0 1
359774 3 -1
359808 20 -1
359814 12 1
359817 2 1
359895 6 1
359901 0 -1
359922 26 -1
359932 1 1
359958 4 1
359980 5 1
359986 18 1
359994 16 1
360018 3 -1
360050 15 1
360115 9 -1
360126 0 1
360143 1 -1
360244 14 -1
360265 21 -1
360271 0 1
360298 2 1
360308 3 1
360308 7 -1
360345 1 -1
360373 6 1
360373 10 -1
360440 0 1
360502 2 1
360514 1 -1
360523 3 -1
360529 8 -1
360566 19 1
360590 4 -1
360663 0 -1
360663 1 1
360722 2 -1
360728 13 -1
360760 16 -1
360781 3 -1
360789 0 -1
360819 5 -1
360846 15 -1
360867 6 1
360867 18 -1
360873 4 1
360885 1 -1
360886 2 1
360910 12 1
360926 0 -1
360953 22 -1
360953 17 -1
361039 11 1
361076 1 1
361082 27 -1
361104 2 1
361114 7 -1
361222 5 -1
361233 14 1
361243 23 -1
361249 0 1
361259 4 -1
361308 2 1
361340 29 -1
361362 0 1
361367 3 -1
361425 1 -1
361466 0 -1
361501 6 1
361534 2 -1
361550 16 1
361550 0 -1
361586 1 -1
361614 3 -1
361620 5 -1
361659 0 1
361727 9 -1
361763 1 1
361792 8 1
361792 17 1
361813 21 1
361824 20 1
361825 0 1
361845 3 -1
361912 4 1
361931 0 -1
361937 7 -1
361953 6 1
361966 2 1
362060 5 1
362110 1 -1
362114 19 1
362205 2 -1
362219 0 -1
362243 3 -1
362275 4 -1
362326 1 -1
362385 0 -1
362461 3 -1
362463 2 1
362493 1 -1
362512 6 -1
362544 5 -1
362576 0 -1
362587 8 1
362614 4 1
362651 15 1
362678 3 1
362759 22 1
362780 21 1
362826 1 1
362955 0 -1
362958 5 1
362958 2 -1
362985 1 1
363017 20 1
363017 18 1
363090 0 -1
363151 3 -1
363162 1 -1
363184 2 1
363259 0 -1
363275 7 1
363307 5 -1
363321 1 -1
363407 3 -1
363431 2 -1
363468 22 1
363476 1 -1
363533 4 1
363533 26 1
363541 0 1
363576 14 -1
363576 21 1
363597 17 -1
363613 16 -1
363619 15 -1
363624 3 1
363630 13 -1
363647 0 -1
363650 1 -1
363662 12 -1
363662 9 1
363694 25 1
363726 6 1
363792 0 1
363831 4 1
363859 1 -1
363898 2 -1
363920 28 1
363922 0 1
363984 16 -1
364000 17 -1
364021 0 -1
364049 11 -1
364135 3 1
364135 0 1
364140 2 1
364146 10 -1
364260 0 1
364260 1 1
364318 18 -1
364323 19 -1
364328 5 -1
364344 2 1
364360 3 -1
364379 4 -1
364403 7 1
364424 1 1
364436 20 -1
364436 24 -1
364446 15 1
364457 21 -1
364497 0 1
364532 14 1
364565 12 1
364575 6 -1
364576 2 -1
364591 3 -1
364597 13 1
364605 1 -1
364629 0 1
364677 16 1
364694 22 -1
364694 17 1
364766 0 1
364780 5 1
364796 2 1
364801 11 -1
364887 23 -1
364980 1 -1
365005 3 -1
365021 2 1
365032 4 -1
365097 7 -1
365102 0 1
365105 1 1
365134 18 1
365210 15 -1
365210 17 1
365236 5 -1
365244 3 -1
365247 2 -1
365252 0 -1
365254 1 1
365263 6 -1
365338 19 1
365346 4 -1
365383 0 -1
365403 14 -1
365462 3 1
365532 10 1
365588 2 -1
365623 0 1
365661 1 -1
365726 8 1
365747 12 1
365758 4 -1
365771 0 -1
365811 30 -1
365830 1 -1
365836 2 1
365870 13 1
365876 15 1
365887 22 -1
365946 0 -1
365967 7 1
365996 1 -1
366056 0 1
366064 2 -1
366107 3 1
366128 16 1
366155 5 -1
366171 1 1
366177 11 1
366201 0 -1
366306 17 1
366307 0 1
366334 1 1
366354 3 1
366376 6 -1
366392 15 1
366402 20 1
366451 4 1
366467 0 1
366478 2 1
366478 18 1
366499 8 1
366511 1 -1
366564 3 -1
366628 16 1
366650 5 1
366661 1 1
366695 2 -1
366714 21 1
366728 0 -1
366765 7 1
366810 4 -1
366811 6 1
366902 2 -1
366913 0 1
366951 19 1
366951 9 -1
367013 0 -1
367021 1 -1
367031 10 1
367072 4 1
367112 3 1
367123 5 -1
367201 1 -1
367273 20 1
367284 11 1
367338 23 1
367340 0 1
367362 1 -1
367381 6 -1
367402 7 1
367405 2 1
367407 3 -1
367506 0 1
367531 8 1
367542 15 1
367574 24 1
367580 2 -1
367617 21 1
367620 0 -1
367633 3 1
367660 14 1
367660 22 1
367712 1 -1
367741 4 -1
367821 2 -1
367829 0 -1
367854 16 1
367878 3 1
367904 1 1
367983 0 1
368015 5 -1
368047 31 1
368047 1 -1
368047 25 1
368095 3 -1
368130 0 -1
368168 4 -1
368257 0 -1
368305 23 1
368308 2 1
368316 9 -1
368337 22 1
368353 3 -1
368380 12 -1
368388 1 1
368391 0 1
368458 4 -1
368482 6 -1
368490 2 -1
368523 0 1
368563 5 -1
368563 17 -1
368590 3 -1
368611 1 1
368625 0 -1
368627 20 -1
368628 13 -1
368649 24 1
368660 7 -1
368676 19 -1
368730 2 1
368778 21 -1
368781 1 1
368864 11 -1
368864 18 -1
368877 4 -1
368877 0 -1
368912 1 -1
368950 14 -1
368955 5 -1
368966 17 -1
369006 0 1
369057 1 -1
369063 3 1
369079 12 -1
369095 19 -1
369095 20 -1
369114 0 -1
369116 2 1
369143 16 -1
369200 1 1
369208 6 1
369252 4 1
369261 3 -1
369262 18 -1
369272 15 1
369329 2 1
369357 1 1
369442 0 1
369487 5 -1
369498 3 -1
369552 2 -1
369557 0 1
369566 4 1
369659 16 1
369659 1 -1
369660 10 1
369692 17 1
369702 0 1
369724 20 -1
369724 13 -1
369724 15 1
369772 6 -1
369810 11 1
369810 14 -1
369853 12 -1
369865 1 -1
369917 9 1
369960 5 1
369965 4 -1
369998 19 1
370006 2 -1
370027 3 1
370046 1 1
370046 18 1
370078 0 -1
370198 0 -1
370213 2 -1
370261 3 1
370283 6 -1
370347 5 1
370350 0 1
370369 8 1
370379 1 1
370412 21 -1
370414 2 -1
370417 16 -1
370454 28 -1
370514 3 1
370546 1 1
370570 7 1
370598 4 1
370626 29 -1
370635 0 -1
370648 12 1
370669 15 1
370701 1 1
370734 5 1
370755 14 1
370756 0 -1
370798 11 -1
370884 13 1
370938 2 1
370946 0 -1
370949 22 -1
370970 27 -1
370981 10 1
370989 4 -1
370992 6 -1
371013 25 -1
371026 1 -1
371105 3 1
371175 2 -1
371195 1 -1
371223 17 1
371230 0 1
371239 7 -1
371344 4 1
371357 0 1
371360 1 -1
371425 2 -1
371454 3 1
371513 0 -1
371529 8 -1
371594 19 1
371594 5 -1
371626 20 1
371658 18 1
371677 2 1
371723 21 1
371727 1 -1
371728 6 1
371750 0 1
371782 3 1
371830 14 -1
371864 1 1
371879 0 1
371927 2 -1
371949 7 1
371997 3 -1
372024 0 -1
372045 5 1
372061 4 -1
372062 1 -1
372067 9 1
372142 2 1
372233 3 -1
372301 0 1
372325 12 1
372336 23 1
372346 15 1
372368 8 -1
372373 2 -1
372384 1 -1
372389 6 1
372400 4 1
372408 0 -1
372411 5 1
372446 3 1
372448 16 1
372548 0 -1
372561 22 1
372561 26 1
372575 1 -1
372583 21 1
372685 3 1
372696 0 1
372722 17 1
372735 1 -1
372791 4 -1
372808 0 -1
372811 2 1
372972 0 -1
373023 2 1
373045 10 -1
373073 1 1
373101 0 -1
373158 7 1
373238 14 -1
373239 2 1
373250 1 1
373281 3 -1
373282 15 -1
373303 16 -1
373327 0 1
373335 5 1
373335 23 1
373404 1 1
373410 18 -1
373456 4 1
373461 0 1
373480 17 -1
373574 0 -1
373609 3 -1
373657 11 -1
373711 2 1
373714 4 -1
373722 22 -1
373738 16 -1
373743 5 1
373765 12 -1
373786 20 -1
373797 1 1
373797 18 -1
373859 19 -1
373864 0 -1
373875 2 -1
373889 3 1
373937 6 -1
373958 1 1
373980 24 -1
373993 0 -1
374028 13 1
374044 9 1
374066 15 1
374073 4 1
374101 2 1
374121 1 1
374122 0 -1
374152 8 1
374163 21 -1
374181 7 -1
374249 14 1
374254 20 -1
374254 5 1
374254 1 -1
374302 25 -1
374399 4 1
374419 1 -1
374474 3 1
374474 12 -1
374496 6 1
374499 0 1
374507 18 1
374536 17 1
374544 2 -1
374601 1 1
374668 0 1
374722 4 1
374754 19 1
374770 1 1
374770 2 1
374789 3 1
374797 11 -1
374818 7 -1
374851 0 1
374963 13 -1
374965 0 1
374969 6 1
374969 2 1
375028 4 1
375068 0 -1
375076 5 1
375087 3 -1
375092 16 -1
375119 8 1
375133 1 1
375141 21 -1
375141 23 -1
375157 2 1
375174 0 1
375278 1 -1
375283 0 -1
375286 17 -1
375313 15 -1
375334 4 1
375348 2 1
375423 1 -1
375474 5 1
375576 2 -1
375592 9 -1
375592 26 -1
375608 3 1
375615 0 1
375749 0 1
375764 1 1
375786 2 -1
375829 24 -1
375850 22 -1
375872 3 1
375898 16 1
375915 10 1
375936 6 -1
375947 1 1
376006 5 1
376022 15 1
376025 0 -1
376035 4 1
376096 1 1
376108 17 1
376173 13 -1
376205 2 1
376210 3 -1
376215 11 -1
376237 7 1
376253 19 1
376258 14 -1
376301 20 1
376308 0 1
376420 0 1
376439 4 -1
376447 2 -1
376473 5 -1
376474 21 1
376474 8 1
376475 1 1
376506 6 1
376554 3 -1
376562 0 1
376640 1 1
376678 2 1
376688 16 -1
376780 0 -1
376809 4 1
376810 1 -1
376828 3 -1
376860 12 -1
376882 7 1
376903 5 -1
376922 0 1
376989 1 -1
377047 0 1
377094 2 -1
377097 6 -1
377150 1 -1
377159 0 -1
377172 15 1
377210 3 1
377301 0 1
377301 2 -1
377312 21 1
377337 1 1
377409 0 -1
377410 4 1
377419 27 1
377419 18 1
377430 5 -1
377430 22 1
377503 1 1
377505 3 -1
377527 8 -1
377527 17 1
377535 2 1
377540 0 -1
377724 4 1
377753 25 1
377788 0 1
377828 5 -1
377845 1 -1
377849 14 -1
377892 0 -1
377908 2 -1
377930 10 -1
377962 13 -1
378000 3 1
378029 1 1
378035 4 1
378043 12 -1
378075 7 -1
378078 0 1
378105 2 -1
378113 15 -1
378204 1 -1
378236 23 1
378268 16 -1
378285 2 1
378285 17 -1
378344 3 1
378365 24 1
378368 0 -1
378387 21 -1
378398 18 -1
378473 6 -1
378486 2 1
378502 20 -1
378524 0 1
378542 5 1
378559 22 -1
378563 1 1
378626 0 -1
378639 3 -1
378655 19 -1
378672 2 1
378692 1 -1
378720 17 -1
378763 18 -1
378838 14 1
378849 4 1
378849 1 -1
378889 20 -1
378913 2 -1
378924 21 -1
378935 15 1
378942 0 1
378967 12 1
378978 13 1
379010 16 1
379058 0 -1
379131 1 -1
379131 2 1
379160 3 -1
379182 5 -1
379193 6 -1
379195 4 -1
379252 0 1
379341 1 1
379373 7 1
379413 17 1
379420 0 1
379440 11 1
379461 19 1
379478 16 1
379498 4 -1
379506 1 1
379526 9 -1
379529 3 1
379572 0 -1
379580 5 -1
379612 15 -1
379655 2 -1
379681 1 -1
379733 3 -1
379744 0 -1
379800 4 -1
379827 21 -1
379844 1 -1
379891 6 1
379897 0 1
379926 2 -1
379994 1 -1
380042 26 -1
380144 2 -1
380171 4 1
380181 1 1
380195 0 1
380203 13 1
380268 10 1
380305 0 -1
380332 23 -1
380332 7 1
380348 3 1
380440 15 1
380445 5 1
380461 25 -1
380469 1 -1
380472 0 1
380517 4 -1
380536 9 1
380547 2 -1
380547 8 1
380558 6 1
380601 14 1
380622 1 -1
380665 3 -1
380735 0 1
380767 2 1
380773 24 -1
380844 1 -1
380864 0 1
380896 20 1
380902 18 1
380912 4 -1
380929 16 1
380945 27 -1
380945 29 -1
380966 3 1
380972 5 1
380985 0 1
380988 11 -1
381009 19 1
381015 2 1
381025 17 1
381192 6 1
381203 7 -1
381211 1 1
381246 0 1
381267 22 1
381332 13 -1
381359 0 -1
381398 1 -1
381423 5 -1
381445 2 -1
381479 0 -1
381514 3 -1
381533 4 -1
381547 14 -1
381574 1 -1
381616 6 -1
381638 0 1
381665 2 -1
381756 3 -1
381762 9 1
381783 0 -1
381848 8 1
381880 7 1
381891 2 1
381896 4 1
381898 1 1
381923 0 -1
381987 3 1
381998 21 1
382020 12 1
382045 1 -1
382062 15 1
382068 0 1
382087 2 1
382175 5 1
382191 6 1
382238 4 -1
382267 16 1
382267 1 -1
382345 0 -1
382347 2 -1
382363 22 1
382455 3 -1
382474 0 -1
382509 23 1
382525 17 1
382557 5 1
382557 2 -1
382577 1 -1
382584 0 1
382697 3 1
382702 10 -1
382750 11 -1
382785 1 -1
382788 2 1
382836 14 -1
382837 21 1
382842 0 1
382858 18 -1
382933 15 -1
382957 0 1
382965 24 1
382968 3 -1
382984 1 1
382992 4 1
382998 5 1
383016 16 -1
383057 0 1
383170 20 -1
383221 2 -1
383234 17 -1
383309 0 -1
383331 18 -1
383343 1 -1
383379 19 -1
383395 6 -1
383446 0 -1
383471 3 -1
383487 2 -1
383492 5 1
383496 4 1
383496 1 -1
383557 22 -1
383564 20 -1
383616 0 -1
383653 12 1
383653 21 -1
383665 1 -1
383677 3 1
383696 15 1
383718 16 1
383718 2 1
383739 0 -1
383782 25 -1
383822 4 1
383866 0 -1
383879 3 -1
383911 19 -1
383911 13 1
383911 8 1
383972 0 1
383976 9 1
384024 5 1
384028 1 -1
384062 6 -1
384070 0 -1
384137 16 1
384195 1 -1
384196 2 1
384212 28 -1
384266 7 1
384314 17 1
384330 10 -1
384341 0 1
384344 3 1
384359 1 -1
384427 2 -1
384484 4 -1
384489 0 -1
384492 5 -1
384567 12 -1
384588 22 -1
384623 0 -1
384642 18 1
384648 2 1
384653 14 -1
384674 3 1
384738 1 -1
384745 4 1
384857 5 1
384862 16 -1
384913 3 1
384923 1 1
384927 0 -1
384932 6 1
384943 15 -1
385032 0 1
385053 2 1
385108 4 -1
385126 3 -1
385133 1 1
385139 0 -1
385158 24 -1
385247 2 1
385265 11 1
385266 17 -1
385282 1 -1
385298 7 1
385330 13 1
385362 23 -1
385389 0 1
385448 2 1
385480 3 -1
385483 1 -1
385517 0 1
385523 20 1
385545 14 1
385588 9 1
385596 16 1
385620 1 1
385628 0 -1
385642 2 1
385674 15 1
385685 19 1
385709 4 -1
385755 0 -1
385760 3 1
385824 5 -1
385846 21 1
385862 1 1
385870 2 -1
385873 0 1
385975 18 1
386007 3 1
386037 0 1
386039 22 1
386050 6 1
386096 2 1
386104 4 1
386104 8 -1
386120 20 1
386188 1 1
386192 0 -1
386217 7 -1
386281 2 -1
386297 10 -1
386329 5 -1
386374 1 -1
386394 17 -1
386445 0 -1
386467 4 -1
386567 1 1
386577 21 1
386582 3 -1
386604 0 1
386652 13 1
386722 0 1
386738 2 -1
386749 15 1
386749 9 1
386770 5 1
386797 3 1
386802 6 -1
386813 8 -1
386878 14 1
386907 2 1
386930 1 -1
386985 0 1
387055 3 1
387077 2 -1
387087 22 1
387110 0 1
387112 1 1
387168 19 1
387192 4 -1
387232 23 1
387259 1 1
387265 0 -1
387275 6 -1
387297 20 1
387394 21 1
387426 26 1
387437 24 1
387510 4 -1
387512 2 1
387555 16 -1
387566 11 -1
387579 1 1
387590 3 -1
387603 0 -1
387609 12 -1
387711 2 1
387738 5 1
387762 0 1
387762 1 -1
387861 3 1
387877 18 -1
387910 2 1
387912 0 -1
387914 4 -1
387920 1 -1
387974 16 -1
388038 14 -1
388092 3 -1
388119 19 -1
388123 1 1
388138 0 1
388167 15 -1
388184 20 -1
388189 5 -1
388200 22 -1
388200 17 -1
388243 18 -1
388245 2 -1
388275 8 1
388291 0 1
388292 1 1
388296 10 1
388401 0 1
388404 6 -1
388486 1 -1
388490 2 1
388498 7 1
388522 19 -1
388549 3 1
388587 20 -1
388619 5 -1
388630 0 -1
388667 16 1
388667 1 1
388708 4 1
388708 2 -1
388716 23 -1
388734 0 1
388748 9 1
388769 15 1
388780 3 1
388812 12 -1
388874 0 -1
388885 17 1
388923 2 -1
388963 6 1
389034 4 1
389038 3 1
389046 1 1
389049 21 -1
389049 18 1
389140 2 -1
389207 1 1
389221 14 -1
389226 0 -1
389232 7 -1
389242 11 -1
389264 3 1
389350 0 -1
389371 1 1
389385 2 1
389397 4 -1
389425 13 -1
389479 3 -1
389524 0 -1
389532 6 -1
389581 5 -1
389624 2 -1
389651 15 -1
389651 17 -1
389695 1 1
389699 3 1
389723 7 1
389799 0 1
389848 1 1
389898 3 -1
389954 0 -1
390054 4 1
390059 5 1
390075 2 -1
390078 0 -1
390082 1 1
390102 16 1
390183 0 1
390188 14 1
390199 6 -1
390231 28 -1
390231 30 -1
390296 25 -1
390298 2 1
390322 3 1
390323 0 1
390403 12 1
390403 18 1
390416 4 -1
390430 5 1
390446 8 -1
390451 1 -1
390457 19 1
390468 15 1
390476 0 -1
390489 17 1
390505 2 1
390567 3 1
390586 16 1
390599 0 -1
390642 1 1
390661 21 1
390747 6 -1
390790 5 -1
390793 3 -1
390795 4 1
390836 1 -1
390855 0 -1
390876 22 1
390930 2 1
390940 13 -1
390962 0 1
391015 1 1
391077 4 -1
391096 0 1
391161 2 -1
391198 5 -1
391200 1 -1
391263 7 1
391284 3 1
391290 6 1
391325 0 -1
391365 2 -1
391378 1 -1
391400 4 1
391403 8 -1
391424 20 1
391435 14 1
391435 21 1
391435 9 1
391483 0 1
391564 3 -1
391589 1 -1
391635 0 -1
391639 5 1
391779 27 1
391803 4 -1
391806 2 1
391822 15 1
391870 0 1
391876 6 -1
391881 3 -1
391896 1 1
391908 22 1
391997 2 1
391999 0 1
392037 18 1
392085 1 -1
392101 23 1
392101 26 1
392120 0 1
392155 5 1
392166 17 1
392182 10 -1
392212 2 1
392214 4 -1
392252 0 1
392283 1 1
392295 16 -1
392295 24 1
392327 7 1
392343 3 1
392402 0 -1
392424 12 -1
392440 2 -1
392553 0 1
392569 3 1
392603 1 1
392660 15 -1
392663 0 -1
392682 8 -1
392701 2 -1
392746 20 -1
392766 1 1
392778 3 -1
392795 17 -1
392851 19 -1
392886 5 -1
392918 0 -1
392940 13 -1
392944 1 -1
392975 2 -1
392988 4 1
393015 3 -1
393034 0 -1
393069 22 -1
393090 11 1
393141 20 -1
393160 2 1
393171 0 -1
393208 21 -1
393238 1 1
393246 7 1
393251 6 1
393262 19 -1
393305 3 1
393318 4 1
393423 5 -1
393435 1 -1
393456 25 -1
393472 17 1
393488 16 1
393498 15 1
393515 0 1
393520 23 -1
393541 14 1
393595 2 1
393627 1 1
393630 3 1
393649 0 1
393649 18 1
393657 4 -1
393757 9 -1
393824 2 -1
393842 6 -1
393845 0 -1
393875 5 1
393885 12 1
393886 21 -1
393942 3 -1
393955 1 1
393988 7 -1
394014 8 1
394033 2 -1
394082 0 1
394100 10 -1
394108 1 1
394213 16 -1
394236 0 -1
394251 6 1
394302 1 -1
394358 18 1
394374 4 1
394380 0 1
394417 3 1
394490 0 -1
394495 7 1
394530 2 -1
394584 5 -1
394632 3 -1
394653 1 1
394659 24 -1
394665 0 -1
394717 4 -1
394745 11 1
394751 2 1
394818 1 -1
394839 0 -1
394896 9 1
394931 3 1
394955 0 -1
394955 2 1
394982 14 1
395003 23 -1
395007 1 1
395019 5 1
395036 16 1
395108 4 1
395132 17 1
395148 19 1
395175 15 1
395208 8 -1
395261 7 -1
395261 0 1
395369 0 -1
395374 1 -1
395390 21 1
395414 2 1
395476 3 1
395476 12 -1
395517 0 1
395546 5 1
395564 1 1
395584 22 1
395616 6 -1
395629 2 -1
395648 26 -1
395686 3 -1
395721 1 1
395756 0 -1
395777 20 1
395777 13 -1
395820 18 1
395826 2 -1
395842 4 1
395842 16 -1
395906 0 1
395914 3 1
395998 0 1
396035 17 -1
396063 1 -1
396100 6 -1
396132 10 1
396196 7 1
396216 4 -1
396229 1 -1
396229 8 -1
396254 0 1
396266 2 1
396376 0 1
396398 1 -1
396422 5 -1
396465 15 1
396487 3 1
396489 0 -1
396497 6 1
396508 14 1
396513 2 1
396563 1 -1
396583 22 1
396599 4 1
396680 25 1
396696 2 -1
396704 0 -1
396724 1 -1
396734 3 1
396828 0 -1
396852 27 1
396857 5 1
396902 1 1
396938 21 1
396962 3 1
396974 4 -1
396986 0 1
397067 24 1
397083 1 -1
397148 2 -1
397196 28 1
397223 3 1
397228 20 -1
397282 5 1
397285 0 1
397337 4 1
397341 16 -1
397349 2 -1
397368 15 -1
397408 0 1
397486 17 -1
397497 11 -1
397510 1 -1
397525 0 -1
397526 19 -1
397540 2 -1
397561 3 1
397626 8 1
397663 4 1
397712 13 -1
397714 1 1
397744 22 -1
397755 9 1
397776 20 -1
397801 0 1
397819 5 -1
397830 3 1
397841 6 -1
397873 1 1
397905 21 -1
397908 0 -1
397921 19 -1
397927 12 1
397962 2 1
397970 18 -1
398026 4 -1
398099 0 1
398115 16 1
398166 2 1
398174 3 1
398204 1 -1
398260 7 -1
398303 5 1
398324 6 -1
398347 0 1
398375 1 1
398402 2 -1
398486 23 -1
398529 21 -1
398529 0 1
398550 1 1
398647 0 -1
398776 17 1
398787 9 -1
398808 5 1
398824 4 1
398830 6 -1
398831 0 -1
398835 2 1
398873 14 -1
398873 16 -1
398897 1 -1
398916 18 1
398921 3 -1
398948 0 1
399034 7 -1
399055 2 -1
399062 1 -1
399109 0 1
399131 5 -1
399131 15 -1
399147 3 1
399215 1 -1
399223 0 -1
399254 2 -1
399300 4 -1
399324 13 1
399367 3 -1
399375 1 -1
399453 26 -1
399469 2 -1
399542 0 1
399576 1 -1
399647 29 -1
399647 4 -1
399647 7 -1
399679 2 -1
399692 0 -1
399743 1 -1
399776 8 1
399837 0 1
399840 23 -1
399883 14 1
399896 1 -1
399904 19 1
399905 17 1
399915 3 1
399921 2 -1
399990 5 1
399991 15 1
400012 9 -1
400034 31 -1
400039 6 1
400076 0 -1
400098 2 1
400154 3 1
400163 10 -1
400227 22 1
400227 16 1
400251 0 -1
400270 18 1
400296 1 1
400324 20 1
400361 3 -1
400364 4 -1
400418 0 -1
400445 1 1
400447 2 -1
400453 5 -1
400485 17 1
400496 6 -1
400634 1 -1
400670 2 1
400723 4 1
400743 7 1
400754 0 1
400764 21 1
400875 2 1
400877 3 -1
400904 6 1
400904 0 -1
400926 5 1
400928 1 1
400936 8 -1
400985 4 -1
401033 20 1
401057 0 -1
401098 3 1
401116 1 -1
401130 22 1
401221 0 1
401237 24 1
401303 1 1
401323 2 -1
401334 3 1
401341 0 1
401409 21 1
401468 23 1
401469 0 1
401495 27 1
401544 2 -1
401568 0 -1
401581 3 1
401581 30 1
401638 1 1
401646 12 -1
401662 4 -1
401667 15 -1
401791 2 -1
401807 22 1
401817 1 -1
401818 14 -1
401831 0 -1
401834 3 1
401850 5 1
401904 25 1
401920 7 1
401968 0 -1
401968 8 1
401984 16 -1
401988 4 1
401996 1 1
402011 3 1
402059 6 1
402100 0 -1
402125 1 -1
402129 11 -1
402197 2 -1
402234 19 -1
402258 20 -1
402260 1 -1
402269 5 1
402296 3 -1
402315 4 1
402356 0 -1
402404 1 1
402468 2 -1
402485 0 -1
402538 21 -1
402538 18 -1
402605 1 -1
402616 0 -1
402629 19 -1
402629 7 1
402645 10 1
402686 20 -1
402686 4 -1
402704 2 1
402720 5 -1
402747 3 1
402758 13 1
402785 24 -1
402806 16 1
402828 6 1
402871 26 -1
402932 0 1
402940 1 -1
402962 2 -1
402968 3 -1
402978 9 1
403016 22 -1
403046 0 1
403105 1 -1
403129 4 -1
403129 17 1
403172 0 1
403185 2 1
403193 3 -1
403236 12 1
403274 0 -1
403306 1 -1
403387 11 -1
403398 0 -1
403419 2 -1
403472 4 1
403484 6 1
403497 0 1
403559 15 -1
403580 18 1
403629 5 -1
403629 0 1
403637 1 1
403645 2 1
403768 1 -1
403817 28 -1
403838 10 1
403854 3 1
403875 4 1
403884 0 1
403907 1 1
403967 19 1
404024 7 -1
404056 0 1
404075 3 -1
404096 17 -1
404118 9 -1
404123 5 -1
404129 2 1
404161 22 -1
404213 1 1
404223 0 1
404290 23 -1
404300 3 1
404354 1 -1
404413 2 1
404459 4 -1
404483 8 -1
404510 0 1
404526 14 1
404540 1 1
404548 20 1
404575 5 1
404580 13 1
404591 6 1
404591 15 1
404610 2 1
404661 0 -1
404709 16 1
404729 1 -1
404763 21 1
404790 4 -1
404795 3 1
404803 0 1
404935 5 -1
404935 12 -1
404951 1 -1
404967 7 1
404967 17 1
404967 2 -1
405050 0 -1
405069 6 1
405085 18 1
405090 3 -1
405146 1 -1
405160 19 1
405182 2 -1
405184 4 -1
405192 20 1
405193 0 1
405283 1 1
405327 0 1
405348 3 -1
405386 2 -1
405397 5 1
405429 21 1
405451 24 1
405547 22 1
405565 1 -1
405612 6 -1
405622 3 -1
405628 0 1
405687 8 -1
405709 7 -1
405741 25 1
405751 1 1
405757 0 1
405768 2 -1
405794 5 1
405864 3 -1
405867 0 -1
405870 20 1
405934 4 1
405942 1 -1
405961 2 -1
405983 23 1
406074 21 1
406106 3 -1
406128 5 -1
406138 27 1
406139 15 1
406165 2 -1
406190 0 1
406224 16 1
406257 22 1
406257 7 -1
406289 26 1
406297 1 1
406305 4 -1
406332 0 -1
406356 3 -1
406364 2 -1
406439 9 -1
406482 1 -1
406488 0 1
406525 11 -1
406590 2 1
406611 14 -1
406631 4 1
406660 1 -1
406676 17 -1
406700 0 -1
406762 6 -1
406772 19 -1
406778 3 1
406783 8 -1
406806 0 1
406821 2 -1
406848 18 -1
406869 29 1
406950 7 1
406951 0 -1
407004 5 -1
407009 3 -1
407033 1 -1
407060 2 1
407160 13 -1
407192 15 -1
407198 0 1
407200 1 -1
407224 16 -1
407232 4 1
407288 19 -1
407318 0 1
407321 21 -1
407321 17 -1
407348 3 -1
407353 6 1
407361 1 -1
407385 18 -1
407409 0 1
407412 5 -1
407450 23 -1
407509 2 1
407520 1 -1
407546 20 -1
407554 0 -1
407587 4 -1
407689 0 -1
407702 1 1
407775 2 1
407800 0 1
407804 6 -1
407807 3 1
407849 1 -1
407858 21 -1
407880 5 1
407920 0 1
407958 4 1
407974 7 1
407982 2 1
408003 3 -1
408056 1 1
408116 14 1
408159 25 -1
408181 9 -1
408221 0 1
408336 3 1
408355 0 1
408393 1 -1
408417 6 1
408417 22 -1
408452 2 -1
408482 15 -1
408506 0 -1
408578 4 1
408582 1 -1
408662 2 -1
408675 19 1
408707 23 -1
408718 12 1
408740 17 -1
408748 1 1
408761 8 -1
408785 3 -1
408804 5 1
408828 0 1
408836 7 1
408890 24 -1
408901 2 1
408911 6 1
408941 4 -1
409000 0 1
409014 3 1
409046 1 -1
409062 21 -1
409129 0 1
409223 1 1
409228 3 1
409247 4 -1
409309 5 -1
409363 2 1
409431 1 1
409444 3 -1
409446 0 -1
409470 6 -1
409492 28 -1
409513 20 1
409567 0 1
409594 16 1
409610 2 -1
409642 18 1
409664 15 1
409675 3 1
409696 5 -1
409707 8 1
409726 0 1
409750 9 -1
409755 1 1
409809 2 -1
409820 0 1
409836 26 -1
409868 17 1
409916 3 1
409922 14 -1
409927 1 1
409941 4 1
409976 6 -1
409976 0 1
409997 22 1
410112 1 -1
410137 0 -1
410142 20 1
410142 3 -1
410158 21 1
410228 2 -1
410231 7 1
410255 1 1
410271 4 1
410274 0 -1
410416 23 1
410444 1 -1
410448 2 1
410505 0 1
410521 4 -1
410604 3 1
410612 1 1
410627 0 1
410631 2 -1
410653 5 -1
410755 22 1
410755 0 1
410759 1 -1
410798 3 1
410811 7 1
410900 10 -1
410954 12 -1
410997 24 1
411034 3 1
411040 27 1
411045 6 1
411058 0 1
411066 5 1
411120 2 1
411126 8 -1
411126 18 -1
411130 1 -1
411182 0 1
411242 4 -1
411310 0 1
411319 23 1
411335 1 1
411384 2 1
411416 7 1
411437 3 1
411437 6 -1
411512 19 -1
411513 1 1
411534 0 -1
411556 30 1
411577 16 -1
411581 4 -1
411604 5 1
411620 11 -1
411642 2 -1
411658 0 -1
411684 3 1
411773 0 1
411814 15 -1
411899 3 -1
411902 1 -1
411934 0 1
411964 20 -1
411964 21 -1
412008 4 -1
412028 19 -1
412050 6 1
412065 1 -1
412072 0 1
412088 2 -1
412093 13 1
412233 0 -1
412242 1 1
412276 8 1
412292 2 -1
412329 14 1
412356 0 -1
412367 3 1
412416 9 1
412448 20 -1
412480 5 -1
412512 2 1
412566 21 -1
412577 1 1
412587 3 -1
412616 0 1
412617 4 -1
412738 16 1
412738 0 1
412750 1 -1
412802 7 1
412848 3 -1
412870 0 1
412903 1 1
412931 22 -1
412932 17 1
412980 2 1
412996 5 -1
413017 18 1
413024 4 -1
413087 6 -1
413089 1 -1
413103 8 1
413149 0 -1
413195 2 -1
413280 1 1
413286 23 -1
413290 4 1
413318 24 -1
413321 0 -1
413383 5 -1
413394 2 -1
413431 1 1
413442 3 -1
413447 12 1
413474 0 1
413512 25 -1
413512 7 -1
413533 21 -1
413533 9 -1
413572 1 -1
413608 6 -1
413635 2 1
413665 4 -1
413668 3 1
413705 19 1
413813 8 1
413815 0 1
413834 11 1
413834 2 1
413872 3 -1
413899 10 1
413947 4 -1
413955 1 -1
413971 0 -1
414033 2 1
414087 0 -1
414092 22 -1
414149 1 1
414162 6 1
414189 13 1
414221 16 1
414232 5 1
414240 0 1
414251 2 -1
414257 4 -1
414286 7 1
414304 1 1
414307 31 -1
414318 20 1
414377 0 1
414463 3 -1
414503 0 1
414608 0 -1
414624 5 1
414624 1 1
414640 17 1
414648 4 -1
414683 3 1
414683 2 1
414759 18 1
414785 1 1
414867 0 -1
414888 8 1
414920 2 -1
414930 3 1
414967 1 1
415022 0 1
415070 5 -1
415129 2 -1
415167 6 1
415175 0 -1
415301 1 -1
415350 22 1
415386 4 -1
415409 0 1
415490 21 1
415491 1 1
415534 0 1
415575 6 -1
415592 3 -1
415597 24 1
415613 2 1
415640 29 1
415652 1 1
415653 0 1
415672 4 1
415812 14 -1
415836 2 -1
415855 27 1
415893 3 1
415920 0 -1
415946 5 1
415962 25 1
416018 0 1
416027 28 1
416033 1 1
416039 4 -1
416054 2 -1
416091 3 -1
416092 16 -1
416156 19 -1
416172 7 1
416188 23 1
416199 15 -1
416212 1 -1
416220 0 -1
416269 6 -1
416301 20 -1
416306 8 -1
416351 0 -1
416382 10 -1
416398 5 -1
416410 1 1
416453 0 1
416457 18 -1
416478 17 -1
416524 2 -1
416537 3 1
416543 13 -1
416605 0 -1
416629 11 1
416715 6 1
416723 0 -1
416728 4 1
416734 2 -1
416738 1 -1
416747 5 1
416752 19 -1
416768 7 1
416801 21 -1
416806 3 1
416902 1 -1
416930 20 -1
416930 9 1
416967 2 1
416970 0 -1
417069 1 -1
417096 3 -1
417131 4 1
417151 0 -1
417177 6 1
417198 2 -1
417260 0 1
417354 3 -1
417405 1 1
417435 2 1
417446 4 1
417486 7 -1
417489 21 -1
417491 0 -1
417532 12 1
417567 1 1
417580 3 1
417585 8 -1
417599 0 1
417607 6 -1
417698 2 1
417714 5 1
417720 22 -1
417724 1 1
417730 0 1
417784 3 -1
417897 26 -1
417900 2 1
417919 24 -1
418031 3 -1
418032 0 1
418050 7 -1
418070 1 1
418091 23 -1
418139 0 -1
418166 5 -1
418166 6 1
418179 4 1
418246 0 1
418276 1 1
418373 2 1
418392 9 -1
418425 1 -1
418429 0 1
418530 4 -1
418542 20 1
418542 8 1
418543 0 1
418606 3 1
418607 14 1
418607 1 1
418639 5 1
418639 16 1
418652 2 1
418668 0 1
418772 1 1
418784 0 1
418821 15 1
418864 25 -1
418865 7 -1
418880 19 1
418889 2 -1
418901 4 1
418929 1 1
418961 3 1
419047 5 1
419047 6 1
419053 0 -1
419088 1 1
419144 12 -1
419192 0 -1
419211 4 1
419305 3 1
419312 0 -1
419316 22 1
419327 2 1
419429 1 1
419477 5 -1
419477 6 -1
419520 9 1
419525 4 1
419574 10 -1
419575 0 -1
419578 1 1
419579 2 1
419622 7 1
419683 0 1
419779 1 -1
419816 0 1
419832 21 1
419845 2 1
419852 4 1
419886 6 1
419891 3 1
419950 5 1
420025 23 1
420093 0 -1
420125 3 1
420136 1 1
420195 4 -1
420201 0 1
420235 22 1
420240 24 1
420273 2 -1
420310 1 -1
420315 20 1
420348 0 -1
420364 7 1
420412 3 -1
420418 5 -1
420463 1 -1
420477 2 -1
420501 0 1
420606 21 1
420693 0 -1
420740 2 -1
420807 1 1
420842 27 1
420858 0 1
420864 26 1
420866 3 1
420880 4 1
420928 8 1
420928 18 -1
420963 2 1
420990 0 1
421005 1 -1
421036 6 -1
421106 3 1
421154 16 -1
421176 1 1
421190 4 1
421208 2 -1
421221 0 -1
421256 5 1
421267 17 -1
421305 1 -1
421350 0 -1
421353 3 1
421404 2 -1
421460 19 -1
421471 0 1
421490 1 1
421517 4 1
421519 6 -1
421557 20 -1
421589 3 1
421605 22 -1
421616 18 -1
421638 10 1
421640 2 1
421680 1 -1
421713 5 -1
421745 15 1
421745 9 1
421767 0 1
421804 3 -1
421827 1 1
421831 8 -1
421852 21 -1
421877 0 -1
421928 7 -1
421984 0 1
422014 3 1
422078 2 -1
422116 5 -1
422180 6 -1
422186 20 -1
422234 1 -1
422237 0 1
422256 3 1
422282 25 -1
422299 4 -1
422350 0 -1
422368 2 -1
422390 24 -1
422454 1 -1
422457 0 1
422524 7 -1
422540 22 -1
422581 4 1
422583 21 -1
422600 2 1
422605 8 -1
422609 1 -1
422675 0 1
422737 3 -1
422782 0 -1
422895 23 -1
422906 28 -1
422929 0 1
422960 3 1
422964 1 1
422968 4 1
422992 19 1
422997 5 1
423089 10 1
423091 2 -1
423141 1 1
423164 12 1
423169 7 1
423175 3 -1
423226 0 1
423250 17 1
423271 9 -1
423320 2 1
423341 1 1
423368 0 -1
423400 6 1
423497 5 -1
423500 0 -1
423540 2 1
423594 18 1
423604 3 1
423701 4 1
423752 1 -1
423798 0 -1
423884 5 -1
423899 1 -1
423900 3 -1
423967 0 -1
424024 19 1
424024 2 -1
424040 4 -1
424080 1 -1
424110 21 1
424111 0 1
424115 3 1
424153 6 -1
424185 22 1
424233 1 -1
424266 2 1
424282 8 1
424370 4 -1
424443 1 1
424454 0 1
424502 2 -1
424572 20 1
424585 3 -1
424626 0 1
424649 1 1
424663 5 -1
424712 6 1
424721 4 1
424763 0 1
424798 23 1
424803 3 1
424819 21 1
424822 1 1
424881 0 1
424894 7 1
424989 0 -1
425034 5 1
425048 3 1
425048 4 1
425050 2 -1
425056 29 1
425066 8 1
425072 22 1
425128 0 -1
425166 1 -1
425185 6 1
425249 25 1
425254 2 -1
425273 3 -1
425279 0 1
425350 4 1
425367 9 1
425374 1 -1
425443 26 1
425469 5 -1
425491 3 1
425496 2 1
425535 1 -1
425561 0 -1
425620 7 -1
425636 17 -1
425657 6 1
425684 4 1
425700 13 -1
425711 3 1
425749 10 -1
425765 19 -1
425766 0 -1
425830 16 -1
425830 8 1
425894 23 1
425905 0 -1
425914 1 1
425921 5 1
425958 11 1
425969 2 1
425980 3 1
426059 1 -1
426071 6 -1
426087 20 -1
426173 0 1
426198 2 -1
426225 7 -1
426259 21 -1
426265 1 1
426318 5 1
426324 0 -1
426386 4 -1
426426 19 -1
426426 2 -1
426454 0 -1
426474 18 -1
426485 3 1
426550 6 -1
426603 1 -1
426657 5 -1
426668 20 -1
426708 4 -1
426716 0 -1
426732 3 1
426775 12 1
426789 1 1
426883 0 -1
426886 2 -1
426916 1 -1
426950 3 -1
427033 24 -1
427058 0 -1
427083 1 1
427109 2 1
427119 5 1
427127 4 -1
427213 0 1
427214 1 -1
427359 2 -1
427377 0 1
427385 1 -1
427388 6 -1
427420 3 1
427474 22 -1
427528 0 -1
427575 1 1
427638 3 -1
427668 7 -1
427721 0 1
427764 9 -1
427796 4 1
427807 14 1
427807 2 -1
427856 3 1
427885 1 1
427915 6 1
427926 25 -1
427968 5 -1
427990 8 1
427998 0 -1
428065 21 -1
428079 1 -1
428087 2 -1
428119 4 1
428140 0 -1
428232 1 -1
428248 19 1
428303 0 -1
428342 2 1
428345 16 1
428377 7 1
428414 6 1
428433 4 1
428447 3 1
428495 5 -1
428549 2 1
428562 0 -1
428599 1 1
428667 18 1
428708 0 1
428737 3 -1
428753 9 -1
428759 2 -1
428778 1 -1
428819 0 -1
428839 5 1
428960 3 1
428968 8 -1
428970 1 1
428973 20 1
428992 2 1
429077 0 -1
429086 22 1
429102 4 -1
429183 19 1
429183 3 -1
429183 0 1
429191 2 1
429205 21 1
429288 0 -1
429296 1 1
429312 7 -1
429414 3 -1
429430 0 -1
429447 1 1
429477 4 1
429527 24 1
429546 0 -1
429570 17 -1
429586 1 -1
429602 2 1
429624 6 -1
429648 3 1
429656 9 -1
429667 0 1
429677 5 -1
429699 23 1
429751 1 -1
429764 8 -1
429785 0 1
429828 2 -1
429860 10 -1
429876 3 1
429876 4 -1
429941 1 1
429973 22 1
430000 21 1
430008 0 1
430059 2 1
430118 5 -1
430118 6 -1
430129 11 -1
430130 1 -1
430177 0 1
430215 15 -1
430235 4 1
430287 1 -1
430344 12 -1
430360 3 -1
430363 0 1
430489 2 -1
430497 4 -1
430537 20 -1
430570 5 1
430602 6 -1
430626 0 1
430654 1 -1
430688 9 -1
430693 3 -1
430731 18 -1
430736 2 -1
430774 0 -1
430832 1 1
430848 4 1
430900 0 -1
430927 3 -1
430962 2 -1
430989 16 -1
430989 25 1
430993 1 1
431126 7 1
431170 4 1
431182 17 -1
431205 0 -1
431279 20 -1
431313 1 1
431322 0 1
431413 3 1
431435 5 -1
431443 2 -1
431483 0 1
431489 6 1
431493 1 -1
431569 23 -1
431591 8 -1
431623 3 -1
431628 1 1
431658 0 1
431679 2 1
431751 4 -1
431779 7 -1
431784 0 1
431851 3 -1
431892 0 -1
431900 10 -1
431902 5 1
431906 1 -1
431913 6 -1
431956 2 1
431956 9 -1
432018 0 -1
432021 24 -1
432081 1 1
432150 21 -1
432190 4 -1
432198 2 -1
432254 1 1
432279 27 -1
432284 5 1
432284 0 -1
432367 3 -1
432404 1 1
432408 11 -1
432440 2 1
432451 6 1
432459 0 -1
432494 8 1
432528 4 -1
432559 1 1
432569 22 -1
432569 7 1
432585 3 1
432601 19 1
432623 18 1
432633 2 1
432660 0 1
432726 1 1
432730 13 1
432730 10 -1
432751 5 -1
432784 3 -1
432851 2 -1
432911 1 -1
432923 14 1
432924 23 -1
432934 6 1
432945 9 -1
432988 0 -1
433004 3 -1
433138 15 1
433147 0 1
433218 1 -1
433257 5 -1
433278 3 -1
433282 4 1
433292 0 -1
433383 1 -1
433391 2 1
433418 8 -1
433445 6 1
433568 12 -1
433569 1 1
433579 3 1
433621 4 1
433630 0 -1
433633 19 1
433633 2 -1
433676 5 -1
433697 17 1
433762 0 -1
433794 20 1
433805 21 1
433826 3 1
433845 2 1
433859 6 -1
433875 0 1
433939 1 -1
433947 7 1
433993 0 1
434036 4 1
434086 1 -1
434117 5 1
434127 0 1
434258 0 1
434266 1 1
434281 2 -1
434305 3 -1
434342 22 1
434364 9 1
434369 0 -1
434439 6 1
434471 26 1
434493 2 -1
434504 7 -1
434517 3 1
434584 1 1
434643 21 1
434702 0 1
434724 2 1
434729 3 -1
434778 1 -1
434794 4 1
434815 11 -1
434823 0 1
434890 23 1
434931 1 -1
434942 0 -1
434944 31 1
434944 18 -1
434976 5 -1
435088 1 -1
435159 0 -1
435165 4 -1
435194 2 -1
435197 7 1
435283 0 -1
435296 1 -1
435342 20 -1
435374 29 1
435398 2 -1
435420 0 1
435439 6 1
435447 1 -1
435460 8 1
435466 3 1
435471 19 -1
435508 5 -1
435519 4 1
435660 1 -1
435675 2 -1
435678 0 -1
435713 3 1
435780 0 1
435854 4 -1
435893 0 -1
435901 5 -1
435922 2 1
435933 3 -1
435955 1 1
435998 6 -1
436019 22 -1
436024 0 -1
436111 2 1
436145 0 -1
436148 20 -1
436148 18 -1
436156 1 1
436200 4 1
436213 10 1
436266 0 1
436289 1 -1
436363 2 -1
436395 9 -1
436409 0 -1
436470 4 -1
436495 3 -1
436503 7 -1
436513 6 -1
436546 8 -1
436562 2 -1
436632 1 1
436707 11 1
436755 3 -1
436761 0 -1
436771 1 -1
436801 4 1
436814 5 -1
436879 0 -1
436940 1 1
437005 0 -1
437019 10 1
437024 2 -1
437051 23 -1
437094 24 -1
437099 3 -1
437202 8 1
437244 2 1
437261 7 1
437261 1 1
437266 5 1
437285 0 1
437374 9 -1
437400 0 -1
437426 4 1
437441 2 1
437443 3 -1
437450 1 -1
437579 0 -1
437610 6 1
437611 1 -1
437744 4 1
437750 3 1
437766 5 -1
437782 28 -1
437857 20 1
437863 0 1
437911 15 1
437927 2 1
437938 7 1
437940 1 -1
437954 21 1
438013 3 1
438024 0 -1
438040 12 1
438103 1 -1
438123 4 -1
438137 2 1
438147 16 1
438177 0 1
438233 11 1
438266 6 1
438305 0 1
438319 9 -1
438333 1 -1
438341 3 1
438365 2 -1
438384 27 -1
438405 19 1
438432 0 1
438577 0 -1
438647 10 1
438674 5 -1
438679 1 1
438690 0 1
438728 14 1
438728 18 1
438760 4 -1
438760 2 -1
438781 6 -1
438814 3 -1
438824 20 1
438849 1 1
438921 8 -1
438966 0 -1
438986 21 1
438991 2 1
439004 1 1
439034 3 1
439082 0 1
439135 4 1
439136 5 1
439209 0 1
439244 25 1
439249 3 -1
439268 2 1
439308 22 1
439310 1 1
439373 13 -1
439405 7 1
439445 4 1
439453 2 -1
439461 0 1
439494 1 -1
439534 23 1
439598 0 1
439631 26 1
439637 1 -1
439676 2 1
439711 0 1
439722 5 -1
439760 8 -1
439835 6 -1
439921 3 -1
439924 2 1
439932 24 1
439969 0 1
439985 1 -1
440082 17 -1
440090 0 -1
440104 30 1
440130 2 1
440139 7 -1
440141 1 1
440146 5 -1
440167 4 -1
440190 3 -1
440227 0 1
440300 1 -1
440319 9 -1
440335 6 -1
440469 1 1
440501 3 1
440505 4 1
440528 2 1
440533 19 -1
440536 0 1
440550 20 -1
440614 1 -1
440619 5 1
440641 21 -1
440714 0 1
440767 1 -1
440771 4 -1
440783 2 1
440813 6 -1
440878 8 1
440879 0 1
440888 7 1
440945 1 1
441001 3 1
441001 2 1
441017 5 1
441106 4 -1
441170 0 1
441216 3 -1
441232 9 -1
441261 1 1
441289 0 1
441297 6 -1
441307 11 1
441307 22 -1
441340 10 -1
441399 0 -1
441422 1 1
441469 2 1
441485 3 -1
441501 7 1
441509 4 -1
441522 21 -1
441528 5 1
441590 1 1
441676 0 1
441727 6 1
441732 2 1
441748 8 -1
441786 0 -1
441811 4 -1
441829 3 -1
441888 23 -1
441915 0 -1
441962 1 1
441963 2 -1
442087 3 -1
442105 4 -1
442148 1 -1
442154 7 -1
442167 9 -1
442259 0 1
442331 1 1
442339 6 -1
442355 3 -1
442365 0 -1
442415 8 1
442436 2 1
442447 5 1
442475 0 1
442500 19 1
442533 20 1
442630 10 -1
442640 0 1
442646 2 1
442718 1 1
442726 16 1
442748 3 1
442748 0 -1
442791 17 1
442799 4 1
442877 6 -1
442879 1 1
442887 7 1
442890 2 1
442914 0 -1
442941 5 -1
443030 0 1
443085 1 -1
443086 2 1
443202 4 -1
443270 1 1
443315 0 -1
443328 3 1
443334 2 -1
443350 8 -1
443371 5 1
443371 22 1
443456 1 -1
443457 21 1
443457 0 1
443500 4 -1
443532 3 -1
443557 2 1
443573 0 -1
443581 7 -1
443649 1 1
443774 3 -1
443785 2 -1
443790 10 -1
443812 0 1
443839 1 -1
443917 0 -1
443941 6 1
443952 25 1
443973 24 1
444035 0 -1
444145 8 -1
444180 2 -1
444194 1 1
444242 4 1
444322 0 1
444349 5 -1
444391 1 -1
444414 3 1
444427 2 1
444446 6 1
444446 0 1
444548 1 -1
444554 0 -1
444607 3 -1
444618 11 -1
444618 18 -1
444629 4 1
444642 2 -1
444672 0 -1
444768 5 -1
444777 0 1
444790 22 1
444801 3 1
444838 7 -1
444844 9 -1
444881 6 1
444898 0 1
444939 1 1
444955 4 1
445029 0 1
445043 2 -1
445072 1 -1
445177 10 1
445188 5 1
445220 21 -1
445243 0 1
445252 1 1
445317 2 1
445354 3 -1
445393 0 -1
445435 20 -1
445497 0 1
445516 4 -1
445564 7 1
445567 2 1
445612 1 -1
445698 3 -1
445741 0 -1
445779 6 -1
445838 4 -1
445846 0 1
445848 1 1
445962 3 -1
445972 0 1
445973 9 1
446011 1 1
446037 2 1
446058 8 1
446080 7 -1
446080 17 1
446144 5 1
446189 1 1
446209 21 -1
446217 4 1
446238 0 1
446252 6 1
446276 2 -1
446338 26 -1
446384 0 -1
446406 1 1
446467 12 1
446521 2 1
446535 4 1
446553 18 1
446564 0 -1
446596 22 -1
446601 3 1
446623 5 -1
446636 1 1
446639 11 -1
446711 0 1
446746 2 -1
446789 19 1
446789 9 -1
446843 3 1
446848 1 1
446854 23 -1
446854 10 1
446867 0 -1
446878 4 -1
446961 8 -1
446972 6 -1
446977 2 1
447036 3 -1
447053 0 -1
447144 20 1
447144 5 -1
447198 2 1
447200 0 1
447217 1 1
447224 4 1
447289 7 -1
447327 27 -1
447370 16 1
447388 2 1
447398 1 -1
447485 0 -1
447520 3 1
447547 4 1
447555 1 -1
447606 0 -1
447628 13 1
447671 5 -1
447722 0 1
447800 2 1
447843 3 1
447886 8 1
447904 1 1
447934 7 -1
447977 0 1
448036 6 -1
448067 1 1
448093 2 1
448101 5 -1
448111 0 1
448112 10 1
448138 3 -1
448200 1 -1
448208 20 1
448231 0 1
448358 11 -1
448377 4 1
448385 2 1
448498 5 -1
448523 1 -1
448531 25 1
448533 3 1
448539 0 1
448595 6 1
448616 15 1
448649 0 -1
448659 4 -1
448680 1 -1
448692 22 1
448745 3 -1
448772 7 -1
448789 0 1
448813 1 1
448832 9 1
448848 2 1
448876 0 1
448963 3 1
449002 1 -1
449014 0 1
449020 5 -1
449054 4 -1
449076 2 -1
449132 0 1
449163 1 -1
449175 19 -1
449286 0 -1
449315 2 1
449353 1 1
449417 10 -1
449509 6 1
449558 1 -1
449563 18 -1
449573 3 1
449627 23 1
449635 0 -1
449675 4 -1
449713 8 1
449734 28 1
449735 21 -1
449745 0 1
449745 2 -1
449777 12 -1
449804 5 -1
449881 1 -1
449904 0 1
449906 3 1
449974 2 1
449992 9 -1
450003 6 1
450048 1 -1
450054 4 1
450164 0 1
450170 3 1
450199 2 -1
450209 1 -1
450250 5 -1
450331 0 1
450344 7 1
450374 3 -1
450379 2 1
450409 4 -1
450465 19 -1
450465 0 1
450546 1 -1
450557 8 -1
450594 6 -1
450602 2 -1
450659 22 -1
450675 3 1
450702 5 1
450723 0 -1
450723 1 1
450788 21 -1
450836 0 1
450842 2 1
450893 1 1
450938 9 -1
450981 0 -1
450992 3 -1
451013 6 1
451091 2 1
451126 7 -1
451167 4 1
451180 0 1
451196 24 -1
451255 1 1
451290 0 -1
451371 3 1
451379 8 -1
451459 1 1
451460 0 1
451519 6 1
451519 2 1
451551 5 -1
451554 4 1
451605 0 -1
451626 29 -1
451630 1 -1
451734 12 -1
451747 2 -1
451771 10 -1
451793 3 -1
451812 1 -1
451820 7 1
451868 4 -1
451873 0 1
451970 2 1
451984 3 1
451992 5 1
452000 0 -1
452013 23 -1
452045 1 1
452078 20 1
452118 0 -1
452215 1 1
452223 3 1
452314 11 1
452333 0 -1
452365 2 1
452400 6 -1
452404 1 -1
452448 5 -1
452451 0 1
452473 4 -1
452529 13 1
452529 17 1
452551 0 -1
452577 2 1
452593 19 1
452658 7 1
452739 3 1
452757 1 1
452792 2 -1
452814 6 1
452823 4 1
452831 0 1
452852 21 1
452932 1 1
452960 0 1
453034 8 1
453088 3 1
453106 1 -1
453111 0 -1
453131 9 -1
453166 4 1
453222 0 1
453228 5 -1
453303 20 1
453327 2 -1
453351 7 -1
453369 0 -1
453389 3 -1
453400 10 -1
453404 1 1
453421 6 -1
453486 0 1
453502 2 1
453581 1 -1
453623 0 -1
453695 2 1
453701 5 1
453701 8 -1
453738 1 -1
453787 4 1
453902 0 1
453986 3 -1
454034 11 -1
454045 7 -1
454066 0 1
454077 4 1
454113 1 -1
454120 14 -1
454152 5 -1
454166 2 -1
454171 0 -1
454206 22 1
454211 3 1
454303 1 1
454351 4 -1
454356 9 -1
454410 2 1
454424 0 -1
454432 3 -1
454460 1 1
454464 24 1
454528 8 -1
454534 0 1
454544 7 1
454609 2 1
454614 6 -1
454625 5 1
454657 1 -1
454687 0 -1
454722 15 1
454732 3 1
454786 10 1
454808 18 -1
454887 1 -1
454915 19 -1
454921 0 1
454972 3 1
454990 5 1
455012 20 -1
455020 4 1
455048 1 -1
455050 2 1
455071 0 -1
455157 6 1
455181 0 1
455270 1 -1
455281 3 1
455281 2 -1
455321 0 -1
455394 5 1
455410 11 1
455431 9 1
455442 0 1
455453 8 1
455467 4 1
455523 2 1
455555 3 1
455574 0 1
455587 6 -1
455633 1 -1
455691 0 1
455754 21 -1
455758 4 1
455794 1 1
455861 5 -1
455928 0 -1
455947 2 -1
455963 7 1
455973 1 -1
456036 0 1
456103 3 -1
456173 2 1
456213 0 1
456329 3 1
456334 22 -1
456378 1 1
456399 12 1
456420 2 -1
456436 0 -1
456439 4 -1
456463 8 1
456568 1 -1
456571 3 1
456595 0 -1
456689 7 -1
456743 0 1
456765 1 1
456769 4 -1
456775 5 -1
456850 17 1
456874 2 -1
456968 6 -1
457044 16 1
457044 0 1
457054 3 1
457060 4 -1
457126 1 -1
457151 0 -1
457167 2 -1
457183 9 -1
457237 19 1
457261 0 1
457296 3 1
457306 1 1
457318 7 -1
457344 5 -1
457355 6 1
457366 8 -1
457422 4 1
457467 1 1
457479 2 1
457518 0 1
457519 3 -1
457624 13 -1
457625 0 -1
457632 1 1
457721 2 -1
457737 4 1
457774 0 1
457785 5 1
457807 6 -1
457817 21 1
457818 10 -1
457821 1 -1
457938 2 1
457991 1 -1
458016 0 -1
458039 4 1
458070 3 1
458132 2 1
458143 0 -1
458156 1 1
458204 8 -1
458226 6 1
458226 9 1
458272 0 -1
458285 3 -1
458317 4 -1
458360 2 -1
458398 23 1
458495 3 1
458522 0 -1
458545 1 -1
458620 0 1
458656 22 1
458664 7 -1
458677 24 1
458683 5 -1
458688 6 1
458712 1 -1
458720 18 -1
458753 0 1
458779 3 1
458788 2 1
458849 25 1
458890 1 1
458962 4 1
459016 2 -1
459027 0 -1
459064 5 -1
459064 15 -1
459107 12 -1
459113 3 1
459172 20 -1
459193 6 1
459215 0 1
459220 1 -1
459250 2 1
459269 10 1
459317 4 -1
459320 0 -1
459346 3 1
459365 9 -1
459365 26 1
459381 7 1
459389 1 -1
459432 0 1
459494 11 1
459537 14 -1
459545 1 -1
459561 0 1
459575 3 1
459591 6 -1
459602 5 -1
459672 0 -1
459693 2 -1
459720 4 -1
459752 19 -1
459798 0 -1
459838 21 -1
459865 1 -1
459903 2 -1
459935 8 -1
460013 0 -1
460021 3 1
460046 1 1
460075 7 -1
460163 0 1
460220 2 1
460230 1 -1
460273 3 1
460314 0 -1
460494 4 1
460510 5 -1
460518 3 1
460550 0 1
460566 1 1
460618 2 1
460701 0 -1
460709 8 -1
460720 6 1
460748 1 -1
460839 0 1
460849 13 1
460865 4 -1
460870 2 1
460939 1 -1
460978 5 1
461004 3 -1
461010 10 1
461066 0 -1
461085 12 -1
461101 2 -1
461187 4 -1
461193 9 -1
461222 0 1
461268 1 -1
461327 3 1
461343 11 -1
461354 0 1
461359 2 -1
461429 6 1
461429 23 -1
461445 7 1
461450 5 -1
461479 1 -1
461493 20 1
461502 0 -1
461590 2 1
461601 18 1
461602 0 1
461651 1 1
461655 3 1
461708 0 -1
461730 8 -1
461752 17 1
461832 2 -1
461866 4 1
461889 0 -1
461923 6 1
461966 5 -1
462009 1 -1
462018 7 1
462042 2 1
462074 16 1
462138 0 -1
462151 1 -1
462175 4 1
462300 0 1
462328 1 1
462343 3 1
462402 5 1
462419 0 1
462504 9 -1
462513 4 -1
462515 2 1
462622 7 1
462662 0 -1
462687 3 1
462707 1 -1
462757 2 -1
462789 0 -1
462826 5 1
462848 4 -1
462868 1 -1
462902 6 1
462912 11 -1
462955 0 -1
462988 2 1
463037 1 -1
463041 3 1
463170 4 -1
463203 1 -1
463246 0 1
463289 5 -1
463321 3 -1
463380 7 -1
463384 1 1
463407 0 -1
463407 9 -1
463423 2 -1
463493 10 1
463530 3 -1
463533 0 1
463536 8 -1
463549 4 -1
463549 1 1
463557 6 1
463633 0 -1
463689 2 -1
463724 3 1
463739 1 -1
463751 20 -1
463783 0 1
463888 0 -1
463920 4 1
463933 3 -1
463934 2 1
463990 0 1
464009 21 -1
464009 24 1
464041 7 1
464081 1 1
464138 6 -1
464202 5 -1
464234 1 -1
464291 0 1
464331 8 -1
464396 2 1
464398 0 -1
464417 11 -1
464428 1 1
464441 3 -1
464525 22 -1
464530 0 -1
464589 2 1
464594 5 -1
464611 9 1
464621 4 -1
464718 10 1
464732 3 1
464758 7 -1
464761 0 1
464799 2 1
464811 1 -1
464917 0 -1
464949 3 -1
464984 1 -1
465000 4 1
465046 2 -1
465105 12 1
465110 0 1
465143 5 -1
465166 1 1
465170 23 -1
465213 14 1
465223 8 1
465301 2 -1
465303 4 1
465391 0 -1
465403 7 -1
465433 3 1
465476 6 -1
465488 1 1
465499 0 1
465514 2 -1
465556 28 -1
465557 21 -1
465578 9 1
465616 0 1
465648 3 -1
465661 1 1
465739 2 1
465750 19 1
465823 1 1
465844 0 -1
465900 6 1
465914 3 -1
465943 20 1
465986 0 1
466010 1 -1
466035 5 1
466056 4 -1
466097 0 -1
466185 2 1
466197 1 1
466201 11 1
466234 10 1
466309 6 1
466330 25 -1
466379 0 1
466389 1 -1
466395 13 1
466403 4 1
466416 2 -1
466470 3 1
466535 5 -1
466547 0 1
466572 1 1
466629 7 -1
466631 2 -1
466674 12 -1
466693 0 -1
466733 4 1
466819 3 1
466825 9 -1
466919 1 -1
466938 0 1
466954 8 -1
467029 5 -1
467040 22 1
467069 0 1
467088 1 1
467115 2 1
467147 6 1
467150 3 1
467185 0 1
467241 1 -1
467266 7 -1
467336 2 -1
467416 3 1
467455 4 1
467499 0 1
467524 2 1
467534 11 -1
467604 1 1
467610 0 -1
467642 3 1
467706 6 1
467733 0 -1
467741 1 -1
467802 4 -1
467841 3 -1
467878 5 1
467878 7 -1
467889 0 1
467932 8 -1
467939 1 -1
467964 21 1
467964 9 1
468056 0 1
468074 2 1
468124 4 -1
468136 3 1
468155 0 -1
468281 1 -1
468300 2 -1
468306 0 1
468314 6 -1
468351 5 -1
468394 20 -1
468430 4 -1
468453 1 1
468523 2 1
468523 18 -1
468526 0 -1
468588 19 -1
468640 1 -1
468650 0 -1
468690 3 1
468717 16 -1
468762 0 1
468773 4 1
468797 2 1
468805 1 -1
468824 24 1
468835 8 1
468846 5 -1
468867 12 1
468905 3 -1
468969 1 1
469010 2 1
469058 0 1
469104 13 -1
469112 1 -1
469125 11 -1
469160 4 -1
469173 3 -1
469176 0 -1
469206 2 1
469329 0 1
469337 1 -1
469426 10 -1
469432 2 -1
469442 7 1
469469 6 1
469482 4 -1
469555 22 -1
469625 0 1
469684 1 1
469749 8 -1
469797 0 1
469855 1 -1
469861 3 -1
469888 5 1
469913 2 -1
469956 0 -1
470006 6 -1
470028 9 -1
470043 1 1
470109 0 1
470109 2 -1
470111 7 1
470114 21 -1
470141 3 1
470168 4 1
470200 26 -1
470283 0 1
470324 3 1
470383 2 -1
470404 1 -1
470415 5 1
470434 0 -1
470490 6 1
470539 4 -1
470571 1 1
470592 0 1
470652 8 1
470716 20 1
470737 3 -1
470776 1 -1
470850 2 1
470864 0 1
470885 4 1
470885 7 1
470899 5 1
470931 15 -1
470985 0 1
471052 3 1
471060 30 -1
471076 2 -1
471124 0 1
471159 1 1
471184 10 1
471232 9 1
471322 1 1
471342 2 -1
471361 19 1
471382 3 -1
471404 27 -1
471404 31 -1
471478 1 1
471479 0 1
471554 8 -1
471587 4 -1
471587 6 1
471640 0 1
471716 3 -1
471748 5 -1
471788 0 -1
471839 2 -1
471847 1 1
471901 4 -1
472006 17 1
472025 0 -1
472060 3 -1
472062 1 1
472092 2 1
472097 6 1
472186 0 1
472189 5 1
472199 4 -1
472199 23 1
472215 7 -1
472236 1 1
472312 2 -1
472331 0 -1
472350 8 -1
472393 9 -1
472403 3 -1
472457 0 -1
472522 21 1
472549 2 1
472586 5 1
472592 0 -1
472602 1 1
472618 6 1
472694 11 -1
472699 3 1
472777 0 -1
472780 12 1
472780 2 -1
472800 1 -1
472812 10 1
472823 18 -1
472836 4 -1
472938 0 1
472979 2 -1
472981 1 -1
473038 7 -1
473167 20 -1
473167 4 -1
473210 3 1
473231 2 -1
473255 0 1
473332 1 -1
473387 0 1
473478 6 -1
473500 5 1
473532 0 -1
473559 3 1
473566 1 -1
473570 4 -1
473683 7 -1
473699 2 -1
473775 1 -1
473793 0 -1
473812 29 1
473812 25 1
473876 4 -1
473892 3 1
473922 2 1
473941 13 1
473943 0 1
473962 6 -1
474032 5 1
474060 0 1
474122 1 1
474129 2 1
474166 8 -1
474190 4 -1
474307 1 -1
474312 0 1
474381 6 1
474419 5 1
474440 3 -1
474441 0 1
474505 1 -1
474545 4 1
474571 0 1
474588 2 1
474634 3 1
474650 22 -1
474686 1 -1
474715 9 1
474795 2 1
474800 11 -1
474827 0 -1
474833 3 -1
474844 21 -1
474844 24 -1
474854 6 -1
474860 1 -1
474908 4 1
474927 0 1
474989 7 1
475015 12 -1
475016 8 1
475021 2 -1
475041 1 1
475053 0 1
475224 1 -1
475284 5 -1
475300 0 -1
475343 3 -1
475349 6 -1
475413 0 1
475499 2 1
475532 0 1
475564 3 1
475603 1 -1
475617 4 1
475618 14 -1
475725 5 1
475725 2 -1
475763 10 1
475779 7 -1
475781 1 -1
475795 3 1
475811 6 -1
475811 9 -1
475843 0 1
475854 8 1
475943 2 1
475948 4 1
475956 0 -1
475965 1 1
476026 3 1
476101 0 1
476187 5 -1
476209 2 -1
476250 4 1
476256 1 -1
476305 6 -1
476348 3 -1
476348 15 1
476359 0 1
476428 1 -1
476429 2 1
476472 7 1
476477 0 1
476585 0 -1
476611 1 -1
476628 9 1
476638 5 1
476649 11 1
476649 16 1
476682 3 -1
476684 2 1
476738 0 1
476854 0 -1
476934 2 -1
476935 4 -1
476972 1 1
476973 0 -1
476993 3 1
477036 23 1
477085 0 1
477133 5 -1
477185 1 -1
477189 4 1
477310 10 1
477313 0 -1
477337 21 1
477347 1 -1
477418 2 1
477423 6 1
477423 18 -1
477437 0 -1
477536 1 1
477543 0 1
477544 4 -1
477649 2 -1
477660 8 1
477665 5 -1
477681 3 1
477718 1 1
477724 12 -1
477746 7 1
477779 0 1
477875 17 -1
477877 0 -1
477880 2 1
477923 1 1
477939 19 -1
477939 22 1
477971 20 -1
477996 0 -1
478014 6 -1
478025 3 1
478068 5 -1
478080 1 1
478221 0 1
478262 4 1
478337 3 -1
478337 2 1
478353 0 1
478467 1 -1
478473 0 1
478477 6 -1
478528 7 1
478533 2 1
478563 8 -1
478581 0 -1
478634 1 -1
478665 4 -1
478741 0 1
478745 10 -1
478761 3 1
478762 2 -1
478794 1 -1
478874 0 1
478950 9 1
478982 5 -1
478994 0 1
479027 4 1
479036 3 1
479136 1 1
479221 2 -1
479229 7 1
479267 3 1
479302 0 1
479302 1 1
479366 4 -1
479380 8 -1
479390 6 1
479417 0 1
479422 5 1
479479 2 -1
479481 1 -1
479527 0 -1
479697 2 -1
479707 3 1
479753 4 1
479777 13 -1
479785 1 1
479799 6 -1
479828 0 -1
479885 9 1
479895 5 -1
479922 3 -1
479938 2 1
479983 1 1
479995 0 -1
480096 0 1
480136 4 1
480164 1 1
480175 14 1
480180 2 1
480191 3 -1
480261 15 1
480328 0 1
480350 1 -1
480411 2 -1
480422 6 1
480444 0 1
480462 4 1
480519 26 -1
480531 1 1
480559 0 -1
480583 20 1
480629 2 1
480691 24 -1
480691 0 -1
480712 7 1
480713 1 -1
480734 11 1
480809 5 -1
480820 9 1
480836 3 -1
480849 0 1
480882 1 -1
481019 0 1
481040 3 1
481072 2 -1
481172 0 -1
481188 4 1
481238 1 1
481282 8 1
481304 3 1
481314 5 -1
481314 2 1
481390 6 1
481406 7 -1
481406 1 1
481422 19 1
481422 22 1
481470 10 1
481529 0 1
481543 4 -1
481551 2 -1
481593 1 -1
481691 0 -1
481787 9 1
481814 0 -1
481819 5 -1
481965 6 -1
481981 3 1
481998 1 1
482002 4 1
482002 7 -1
482053 0 -1
482067 23 1
482067 2 -1
482078 8 1
482110 12 -1
482182 1 -1
482228 3 1
482239 18 -1
482244 0 1
482282 2 1
482354 0 -1
482385 1 1
482448 3 -1
482454 16 -1
482502 10 -1
482513 2 -1
482583 6 1
482647 9 -1
482663 4 1
482679 0 1
482728 1 -1
482776 5 -1
482794 0 -1
482901 0 1
482916 3 1
482929 1 -1
482959 8 -1
482997 2 1
483021 0 1
483066 4 1
483067 6 1
483107 1 -1
483120 11 -1
483136 3 -1
483163 0 1
483201 2 1
483292 5 -1
483319 0 -1
483357 20 -1
483357 13 1
483405 2 1
483456 0 -1
483482 1 1
483486 21 -1
483486 7 -1
483502 4 1
483518 3 -1
483639 1 1
483658 6 -1
483701 0 -1
483722 5 -1
483804 1 1
483835 0 -1
483851 9 -1
483865 2 1
483937 12 -1
483977 0 1
484061 2 1
484109 5 -1
484139 1 1
484151 4 -1
484157 6 -1
484211 3 -1
484243 7 1
484265 0 -1
484281 2 -1
484324 22 -1
484324 1 -1
484388 14 1
484421 0 1
484485 10 -1
484497 1 1
484531 0 -1
484538 4 1
484587 3 1
484636 6 -1
484700 5 1
484716 2 1
484804 0 1
484813 3 -1
484818 11 -1
484829 8 -1
484836 1 1
484840 4 1
484904 9 -1
484937 0 1
484945 7 -1
484961 2 1
485005 1 1
485055 3 1
485063 0 -1
485162 5 -1
485179 0 1
485179 1 1
485187 2 -1
485207 4 -1
485329 3 -1
485369 0 -1
485517 1 -1
485528 0 1
485549 7 -1
485557 4 -1
485625 0 -1
485627 3 1
485635 5 1
485668 2 -1
485678 19 1
485707 1 1
485721 8 1
485743 6 1
485807 12 -1
485823 3 -1
485840 4 -1
485840 13 1
485872 0 -1
485872 2 -1
485888 1 -1
486047 0 -1
486065 17 1
486071 1 1
486076 2 -1
486122 4 1
486173 0 -1
486194 21 1
486210 7 1
486226 6 1
486235 1 1
486408 1 -1
486409 3 -1
486452 0 1
486557 0 -1
486559 1 -1
486581 2 1
486624 8 -1
486662 3 -1
486748 0 -1
486764 5 -1
486767 4 1
486818 2 -1
486855 7 1
486861 6 -1
486888 3 1
486916 1 1
486968 23 1
487038 0 1
487057 2 -1
487065 10 1
487081 1 1
487097 9 1
487140 18 -1
487148 0 -1
487178 4 1
487237 5 1
487252 1 1
487280 0 -1
487293 2 1
487355 22 1
487430 3 -1
487433 0 1
487522 2 -1
487566 0 1
487629 4 1
487670 7 1
487670 1 -1
487680 0 1
487731 5 1
487758 2 1
487774 3 -1
487809 0 1
487875 1 -1
487957 2 1
488043 6 -1
488059 1 1
488118 3 -1
488164 0 1
488266 0 -1
488280 9 -1
488310 4 1
488397 1 -1
488409 11 -1
488414 2 1
488419 0 1
488516 14 1
488583 1 1
488602 3 -1
488629 5 -1
488645 2 -1
488653 4 -1
488677 6 -1
488677 10 1
488688 0 -1
488720 8 -1
488746 1 1
488833 0 1
488865 3 -1
488866 2 1
488911 1 1
488968 7 1
488976 4 -1
488978 0 1
488989 21 -1
489032 5 -1
489084 1 -1
489091 3 1
489250 0 -1
489278 1 -1
489290 27 -1
489309 2 -1
489312 9 1
489344 3 1
489352 0 1
489365 6 -1
489431 1 1
489467 0 1
489527 8 -1
489548 5 -1
489548 2 1
489564 0 -1
489607 3 1
489661 4 1
489661 7 -1
489744 0 -1
489774 2 -1
489817 3 -1
489830 1 -1
489892 12 -1
489911 0 -1
489951 10 1
489991 4 1
490028 1 1
490037 0 -1
490048 3 -1
490064 20 1
490161 1 -1
490193 11 1
490225 6 1
490257 2 1
490290 4 1
490338 7 -1
490365 0 1
490462 2 1
490470 0 -1
490472 5 -1
490483 3 1
490487 1 1
490515 8 -1
490609 0 -1
490652 4 -1
490665 1 -1
490693 2 -1
490763 3 1
490806 6 -1
490850 1 1
490886 5 1
490886 0 1
490924 2 1
490988 9 1
491037 0 -1
491051 4 -1
491128 3 -1
491142 2 -1
491144 10 1
491206 0 1
491213 1 1
491225 5 -1
491313 4 1
491359 2 -1
491370 1 1
491397 6 1
491418 16 -1
491483 22 1
491523 1 1
491537 0 -1
491601 2 1
491612 12 -1
491622 5 -1
491649 3 -1
491680 4 -1
491682 0 -1
491692 7 -1
491696 1 1
491741 15 -1
491813 0 1
491875 3 1
491902 1 1
491956 18 -1
491999 6 -1
492059 1 1
492063 11 -1
492063 13 1
492074 2 -1
492090 5 1
492117 3 1
492117 0 -1
492241 1 1
492270 0 1
492321 7 -1
492321 2 1
492364 9 1
492386 4 1
492429 8 -1
492431 0 1
492542 5 -1
492547 10 -1
492558 14 1
492563 3 1
492563 1 1
492563 2 1
492687 6 1
492736 0 -1
492740 1 -1
492756 4 -1
492773 20 -1
492810 3 1
492853 0 1
492928 1 1
492955 5 -1
492972 0 1
492998 2 -1
493144 7 -1
493160 4 1
493162 3 1
493203 0 -1
493238 2 1
493267 9 1
493301 1 -1
493332 8 1
493337 6 1
493337 0 -1
493369 3 1
493418 12 -1
493418 23 -1
493436 0 1
493477 2 -1
493518 1 -1
493590 3 -1
493611 11 -1
493697 0 -1
493708 1 1
493853 3 -1
493866 0 -1
493869 6 1
493934 10 1
493942 4 -1
493944 5 1
493966 2 1
494025 0 1
494056 1 -1
494079 3 1
494191 19 1
494192 2 -1
494192 8 1
494202 0 1
494240 1 1
494328 4 -1
494355 0 -1
494390 2 -1
494428 5 -1
494433 7 1
494441 1 -1
494466 0 1
494578 25 -1
494600 3 1
494629 1 1
494643 0 1
494646 2 -1
494659 4 -1
494772 13 -1
494788 1 1
494869 5 1
494874 2 1
494936 0 -1
494949 6 -1
494960 3 -1
495000 1 1
495054 0 -1
495078 7 1
495137 9 -1
495140 2 1
495143 1 -1
495153 3 1
495175 0 -1
495240 10 1
495352 11 1
495363 2 -1
495403 0 1
495421 4 1
495469 1 -1
495508 6 1
495526 0 1
495651 0 1
495659 1 1
495696 3 -1
495756 7 1
495766 5 1
495772 4 1
495812 1 1
495863 2 1
495868 21 1
495868 0 -1
495987 0 -1
495997 15 -1
496019 3 1
496062 8 -1
496083 6 -1
496091 0 1
496094 2 -1
496114 4 -1
496167 1 -1
496180 5 1
496218 0 1
496228 3 -1
496255 22 1
496341 2 1
496342 9 1
496344 1 1
496417 0 1
496525 1 -1
496546 0 1
496562 7 1
496599 18 -1
496674 5 1
496683 0 1
496701 3 1
496763 4 -1
496771 26 1
496793 2 1
496888 1 1
496908 0 -1
496965 8 1
496997 3 -1
497024 2 -1
497070 1 -1
497072 14 -1
497080 0 -1
497114 4 1
497201 11 -1
497213 0 -1
497223 20 -1
497223 12 -1
497244 3 -1
497268 2 -1
497273 1 1
497287 7 -1
497309 6 -1
497395 9 1
497444 1 -1
497501 4 1
497510 0 1
497610 13 1
497610 1 -1
497685 5 -1
497685 2 -1
497688 0 -1
497712 3 -1
497782 6 -1
497811 1 1
497862 0 -1
497868 8 -1
497911 2 1
497964 1 1
497980 3 -1
498029 7 1
498069 4 -1
498107 0 -1
498136 5 1
498136 2 -1
498190 6 1
498206 3 1
498218 0 1
498276 9 1
498295 1 -1
498341 0 1
498362 2 1
498416 4 1
498464 1 -1
498480 10 1
498537 0 -1
498577 23 -1
498593 2 -1
498620 5 -1
498625 3 1
498650 1 1
498663 8 -1
498679 0 -1
498730 4 1
498754 7 -1
498824 2 1
498832 0 1
498905 3 1
498988 1 1
499026 0 -1
499050 11 1
499055 2 -1
499061 5 1
499114 12 -1
499147 3 1
499178 1 1
499190 6 1
499222 9 1
499246 0 1
499265 24 -1
499351 19 1
499359 1 1
499367 0 1
499399 4 1
499518 0 -1
499544 5 -1
499545 2 1
499694 1 -1
499695 8 -1
499722 6 -1
499726 4 -1
499727 3 1
499802 0 -1
499808 2 1
499867 21 1
499867 1 -1
499921 3 -1
499969 5 1
499980 0 -1
499996 10 -1
500004 4 1
500036 1 1
500042 2 -1
500125 0 1
500179 9 1
500200 6 -1
500211 3 1
500234 1 -1
500238 7 -1
500318 5 -1
500418 0 -1
500443 1 1
500469 14 -1
500539 0 -1
500544 2 -1
500609 1 1
500637 0 1
500641 15 -1
500657 4 -1
500727 12 1
500727 8 -1
500759 2 1
500764 0 1
500802 3 1
500802 1 -1
500899 0 1
500939 4 1
500979 7 -1
500980 2 -1
501006 6 1
501028 3 -1
501028 17 -1
501039 0 -1
501125 9 1
501154 0 1
501157 5 1
501177 1 -1
501259 3 -1
501286 16 -1
501286 10 1
501294 4 -1
501377 2 -1
501382 1 1
501434 0 -1
501463 3 1
501544 8 -1
501562 1 -1
501570 6 -1
501573 0 -1
501632 2 -1
501656 5 1
501665 4 1
501697 3 1
501701 0 -1
501705 7 1
501866 2 1
501898 3 1
501900 1 1
501951 4 1
501963 6 1
502044 0 -1
502086 5 1
502088 1 -1
502092 2 -1
502103 3 -1
502242 0 1
502257 4 1
502257 1 -1
502296 2 -1
502390 0 1
502425 12 -1
502522 2 -1
502604 1 1
502618 11 1
502644 4 -1
502664 0 1
502749 1 1
502764 2 -1
502796 3 -1
502796 0 1
502834 13 -1
502877 21 -1
502944 0 -1
502963 1 -1
503059 0 1
503070 6 -1
503112 1 -1
503113 5 -1
503140 3 -1
503164 0 -1
503172 7 1
503242 2 -1
503280 0 -1
503281 1 -1
503285 9 -1
503358 4 -1
503371 8 -1
503398 0 -1
503446 3 1
503462 2 -1
503487 1 -1
503548 5 1
503607 19 1
503648 0 -1
503672 7 -1
503672 1 1
503680 4 -1
503715 2 -1
503801 10 -1
503825 0 -1
503844 6 1
503984 0 1
503994 23 -1
504000 3 -1
504027 5 -1
504043 4 1
504059 9 1
504071 1 1
504140 2 1
504188 20 1
504242 6 -1
504290 3 1
504295 1 1
504322 0 1
504365 2 -1
504403 12 -1
504424 11 -1
504424 8 -1
504438 1 -1
504462 7 -1
504481 0 -1
504505 3 1
504618 0 -1
504634 2 -1
504708 4 -1
504793 1 -1
504897 0 1
504970 1 1
504994 5 1
505010 0 -1
505075 2 1
505080 3 -1
505091 10 -1
505123 4 -1
505123 1 1
505123 9 -1
505161 0 1
505241 8 -1
505300 3 1
505309 2 -1
505327 0 1
505381 6 -1
505443 0 -1
505478 1 -1
505498 4 1
505548 2 1
505553 3 1
505575 5 1
505585 0 -1
505639 1 -1
505671 22 1
505693 0 -1
505790 2 -1
505825 1 1
505876 6 -1
505900 3 1
505972 0 1
506010 2 1
506026 7 1
506042 5 -1
506109 0 1
506112 3 1
506205 1 1
506220 10 -1
506236 4 1
506252 11 1
506260 0 -1
506265 2 1
506273 6 1
506305 3 -1
506348 13 1
506389 1 -1
506488 5 1
506488 2 -1
506502 3 1
506512 0 1
506562 1 -1
506598 4 1
506617 12 -1
506641 0 1
506647 7 1
506744 0 -1
506899 2 -1
506918 3 -1
506925 1 -1
506953 4 1
507010 5 1
507050 0 -1
507110 1 1
507139 2 1
507144 8 1
507190 3 -1
507203 0 1
507264 1 1
507268 6 -1
507272 4 1
507340 0 -1
507364 2 -1
507456 5 -1
507477 0 -1
507488 3 1
507509 7 1
507552 1 1
507622 4 -1
507628 0 1
507628 9 1
507735 20 -1
507746 6 -1
507751 1 -1
507762 0 1
507843 2 -1
507917 1 -1
507918 5 1
507937 0 1
507950 14 1
507953 4 -1
508015 3 1
508074 2 1
508101 8 -1
508154 6 1
508214 0 -1
508283 7 1
508295 1 1
508318 2 1
508320 4 1
508337 9 1
508350 3 1
508383 0 -1
508465 1 -1
508509 0 -1
508552 12 -1
508552 24 -1
508563 6 -1
508574 13 1
508634 1 -1
508638 19 1
508638 25 -1
508692 3 1
508759 0 -1
508767 17 1
508778 2 1
508799 10 1
508856 1 -1
508865 0 1
508896 5 -1
509022 0 -1
509030 2 1
509035 1 1
509046 6 -1
509047 8 -1
509073 4 1
509073 7 -1
509081 3 1
509227 1 -1
509256 2 -1
509263 0 1
509304 3 1
509358 5 1
509364 0 -1
509374 1 -1
509396 4 1
509482 2 1
509484 0 -1
509487 6 1
509552 9 1
509595 3 1
509681 2 1
509702 4 1
509730 1 1
509742 7 1
509756 11 -1
509799 5 -1
509822 0 1
509842 21 1
509890 6 -1
509890 2 1
509920 1 -1
509928 30 1
509982 3 -1
510003 0 1
510105 1 1
510119 0 -1
510132 2 -1
510138 10 1
510250 22 1
510272 3 1
510355 7 1
510395 4 -1
510428 0 -1
510492 1 1
510546 3 1
510573 13 -1
510584 2 -1
510586 0 -1
510616 18 -1
510678 1 -1
510688 0 1
510712 5 -1
510766 8 1
510774 4 1
510777 6 1
510788 3 1
510809 2 1
510839 1 -1
511008 0 -1
511035 2 -1
511145 4 -1
511167 0 1
511196 5 1
511246 1 1
511282 6 1
511304 3 1
511306 0 1
511368 9 -1
511403 1 1
511476 10 -1
511489 2 -1
511558 1 1
511640 0 -1
511650 3 1
511669 8 -1
511675 5 -1
511685 2 -1
511695 1 1
511723 6 1
511734 14 1
511753 0 1
511814 7 -1
511855 1 -1
511857 3 1
511890 2 -1
511908 0 -1
511959 4 1
511992 11 1
512020 1 1
512086 0 -1
512181 1 1
512185 12 -1
512250 20 -1
512263 0 -1
512314 4 -1
512384 3 1
512389 9 -1
512395 2 1
512412 0 1
512486 8 -1
512532 1 1
512535 0 1
512556 7 1
512577 5 1
512637 13 1
512642 2 -1
512697 1 1
512701 4 -1
512744 3 1
512756 0 -1
512844 2 -1
512873 6 -1
512878 1 1
512913 0 1
513024 5 -1
513024 21 -1
513029 3 -1
513040 0 1
513092 4 1
513153 16 1
513217 7 1
513233 10 -1
513271 0 -1
513278 1 1
513327 2 1
513368 6 -1
513400 8 1
513416 0 1
513419 4 1
513495 1 1
513529 5 -1
513540 15 -1
513561 2 -1
513577 0 -1
513583 9 1
513599 3 1
513668 11 1
513673 1 1
513733 4 1
513800 0 1
513819 2 -1
513889 3 -1
513937 0 1
513975 6 1
513980 5 1
514019 1 -1
514055 19 1
514056 12 1
514064 0 1
514104 4 -1
514217 3 -1
514225 0 -1
514227 1 -1
514281 2 -1
514314 10 1
514391 0 -1
514406 1 1
514421 5 1
514485 8 1
514496 0 1
514502 2 1
514588 1 -1
514614 0 1
514652 3 1
514676 7 1
514727 2 -1
514753 1 -1
514781 4 1
514862 3 -1
514915 6 -1
514928 1 1
514950 0 -1
514958 22 1
514969 5 1
515114 0 1
515120 13 1
515120 1 -1
515130 3 -1
515152 4 -1
515187 2 -1
515271 0 -1
515281 8 1
515345 14 -1
515415 2 1
515421 5 -1
515426 7 -1
515466 4 -1
515523 1 -1
515576 6 -1
515601 0 1
515625 9 -1
515652 3 -1
515662 2 -1
515716 1 1
515743 0 1
515855 1 1
515894 10 1
515929 0 -1
515947 3 1
516135 7 1
516153 0 1
516165 2 1
516178 1 1
516194 6 1
516208 4 -1
516259 8 1
516275 0 1
516291 3 1
516366 5 1
516369 1 -1
516377 20 -1
516399 2 -1
516442 0 -1
516506 1 1
516553 0 -1
516579 4 1
516603 2 -1
516657 12 1
516659 0 1
516721 21 -1
516727 3 -1
516764 6 -1
516786 0 1
516786 9 1
516818 5 -1
516826 2 1
516849 4 -1
516873 1 1
516920 0 1
517046 2 -1
517063 1 1
517076 3 -1
517143 0 -1
517220 1 1
517269 5 1
517272 0 -1
517280 2 1
517312 3 -1
517366 6 1
517382 0 -1
517403 1 -1
517503 2 -1
517517 11 -1
517538 4 1
517558 1 -1
517570 10 1
517640 0 -1
517667 23 -1
517683 7 -1
517710 3 -1
517753 6 -1
517760 1 1
517775 0 1
517818 9 1
517901 4 -1
517925 18 1
517936 3 -1
517952 0 1
517953 1 -1
517963 2 -1
518119 8 1
518132 3 1
518145 5 -1
518183 6 -1
518197 2 1
518205 0 -1
518239 4 -1
518320 7 -1
518344 3 1
518352 1 1
518355 0 1
518457 2 1
518516 0 -1
518518 4 -1
518554 3 -1
518554 1 -1
518602 13 -1
518640 5 -1
518640 0 -1
518739 1 1
518764 0 -1
518828 4 -1
518839 3 -1
518909 0 -1
518952 2 1
518957 19 1
519022 8 -1
519027 0 -1
519054 5 -1
519054 7 1
519097 3 -1
519106 1 1
519129 15 -1
519167 4 1
519193 6 -1
519199 2 -1
519258 11 1
519258 0 -1
519275 1 1
519363 0 1
519457 1 -1
519462 2 -1
519465 4 1
519484 0 1
519602 16 -1
519744 3 1
519806 0 1
519824 1 -1
519903 6 -1
519941 2 -1
519981 0 1
520016 3 1
520017 1 1
520043 5 1
520094 4 -1
520102 0 1
520118 8 -1
520177 2 1
520199 1 -1
520258 3 1
520344 9 -1
520376 17 -1
520384 1 1
520397 0 -1
520398 2 -1
520408 7 -1
520419 24 1
520497 4 1
520505 20 -1
520505 26 1
520521 10 -1
520542 0 1
520558 5 1
520569 6 -1
520577 1 -1
520594 2 -1
520704 0 -1
520757 1 1
520809 2 1
520849 12 -1
520864 4 -1
520865 0 1
520918 1 1
520935 27 1
520951 3 1
520988 5 -1
521002 0 -1
521037 2 -1
521085 7 1
521099 0 1
521107 11 -1
521107 21 -1
521233 0 1
521246 3 -1
521271 2 1
521281 1 -1
521322 9 -1
521461 5 1
521476 1 1
521488 0 1
521496 4 1
521623 3 1
521646 1 1
521663 0 -1
521765 2 -1
521773 6 -1
521812 0 1
521831 4 1
521908 7 1
521967 14 1
521977 5 1
522004 2 1
522020 10 1
522024 1 -1
522037 0 -1
522098 3 1
522117 8 1
522152 0 -1
522186 1 -1
522198 4 -1
522257 2 -1
522305 0 1
522311 3 1
522364 6 1
522369 1 1
522429 5 -1
522509 3 -1
522593 0 -1
522633 9 -1
522703 3 1
522703 0 -1
522714 2 -1
522746 1 1
522808 0 1
522827 15 -1
522902 3 -1
522907 4 1
522923 1 -1
522931 0 1
522939 5 -1
522958 2 -1
522977 6 -1
522999 12 1
523047 0 1
523097 1 1
523117 3 -1
523138 8 1
523160 2 -1
523181 4 -1
523192 11 -1
523192 0 -1
523214 7 1
523274 1 1
523359 0 1
523385 3 -1
523439 1 1
523472 10 -1
523532 4 1
523590 2 1
523596 1 1
523654 0 -1
523774 1 -1
523821 2 -1
523834 0 -1
523837 5 1
523858 3 1
523915 4 -1
524004 0 1
524041 8 -1
524060 7 1
524063 2 1
524125 1 1
524202 3 1
524213 6 1
524224 0 -1
524266 4 1
524305 2 -1
524314 1 -1
524315 5 1
524322 0 1
524439 13 1
524450 0 1
524504 1 1
524557 3 1
524557 2 -1
524589 12 -1
524608 4 1
524611 9 -1
524632 16 -1
524718 21 1
524745 7 -1
524751 0 1
524772 5 -1
524778 2 1
524804 6 -1
524868 1 -1
524890 22 1
524891 0 1
524912 11 1
524963 4 -1
525003 3 1
525009 2 -1
525019 23 1
525046 0 -1
525060 1 1
525181 0 -1
525237 1 -1
525302 0 -1
525331 3 1
525342 6 -1
525406 18 -1
525414 0 1
525471 19 -1
525484 2 1
525525 0 1
525535 20 -1
525578 14 -1
525618 1 -1
525648 4 1
525675 3 1
525686 9 1
525718 2 -1
525740 5 1
525788 0 1
525809 1 1
525898 0 -1
525912 6 1
525944 2 1
525987 4 -1
525997 1 -1
526027 0 -1
526030 8 1
526158 1 -1
526196 7 -1
526197 10 -1
526207 5 -1
526285 0 -1
526289 4 -1
526313 1 -1
526347 3 -1
526390 2 -1
526440 0 1
526499 1 1
526524 6 -1
526547 0 1
526610 3 -1
526626 2 1
526664 5 -1
526675 9 1
526692 1 -1
526739 11 -1
526847 0 1
526863 2 -1
526898 7 1
526911 3 1
526952 0 -1
526954 13 1
526954 25 -1
526958 4 1
527043 1 1
527051 8 1
527099 0 1
527174 3 1
527204 1 1
527212 6 -1
527304 2 1
527349 4 -1
527373 0 1
527402 1 -1
527465 3 -1
527470 10 -1
527484 0 -1
527524 2 -1
527613 0 -1
527648 7 -1
527653 5 1
527685 6 -1
527716 4 1
527760 2 1
527778 1 -1
527782 3 1
527940 1 -1
527981 0 -1
528094 8 -1
528109 1 -1
528126 3 1
528137 0 1
528142 5 1
528212 2 1
528292 0 -1
528416 12 -1
528443 2 -1
528458 1 1
528462 4 1
528502 28 1
528523 11 1
528593 5 -1
528615 1 1
528628 0 -1
528674 2 1
528735 0 1
528800 1 -1
528808 4 1
528814 3 1
528853 0 1
528954 7 -1
528954 9 1
528975 14 1
529018 6 1
529018 10 -1
529100 0 1
529115 4 1
529126 2 1
529147 8 -1
529158 3 1
529163 1 1
529252 0 -1
529312 1 1
529362 21 1
529384 0 -1
529394 2 1
529408 3 1
529486 4 -1
529496 0 -1
529502 1 -1
529550 7 -1
529612 0 -1
529625 6 -1
529633 2 -1
529647 5 1
529738 0 -1
529813 3 -1
529836 0 1
529864 4 1
529877 1 -1
530010 3 1
530028 6 1
530030 1 1
530050 8 1
530066 0 -1
530104 5 -1
530109 2 1
530179 13 1
530211 3 -1
530211 1 -1
530225 0 1
530243 7 1
530265 12 -1
530286 9 1
530308 17 -1
530313 2 1
530328 4 -1
530359 0 1
530558 1 -1
530558 2 1
530620 5 -1
530633 3 1
530667 4 1
530673 0 -1
530751 1 1
530835 3 -1
530845 0 -1
530888 6 -1
530921 7 -1
530949 1 -1
531001 0 1
531012 2 1
531055 3 -1
531082 20 -1
531082 8 1
531211 22 -1
531222 9 1
531248 3 1
531249 2 -1
531267 0 -1
531340 15 -1
531356 6 1
531369 0 1
531376 1 -1
531408 4 1
531461 2 1
531463 3 1
531479 5 1
531490 0 1
531570 1 1
531603 0 -1
531614 7 1
531668 3 -1
531673 2 1
531694 10 1
531738 0 1
531759 4 -1
531763 1 -1
531834 6 1
531848 0 -1
531882 3 1
531893 2 -1
531916 1 -1
531920 5 -1
531958 0 1
532085 4 -1
532092 8 1
532095 2 -1
532118 1 1
532157 9 -1
532243 7 1
532283 0 -1
532311 1 -1
532323 2 1
532382 5 1
532409 0 -1
532458 11 -1
532468 3 1
532501 1 1
532544 0 1
532673 12 -1
532726 6 -1
532734 4 -1
532812 3 1
532812 2 -1
532851 0 1
532863 1 -1
532949 0 -1
533017 1 -1
533017 10 -1
533049 7 1
533065 2 -1
533119 0 -1
533146 3 1
533146 4 -1
533214 1 1
533275 5 1
533291 2 1
533318 6 1
533420 4 1
533491 0 1
533553 1 1
533565 3 1
533608 0 1
533715 0 -1
533726 9 -1
533731 5 -1
533736 1 -1
533740 2 1
533823 6 1
533831 0 -1
533898 3 -1
533928 0 1
533938 1 1
533957 2 1
533973 8 1
534084 0 -1
534113 3 -1
534133 4 1
534188 5 1
534196 0 1
534212 2 1
534302 1 -1
534387 10 1
534430 0 1
534436 23 1
534444 7 1
534478 11 -1
534492 4 -1
534500 1 1
534521 3 1
534554 0 1
534607 12 -1
534659 0 -1
534677 2 1
534685 1 -1
534715 3 -1
534801 8 1
534806 4 -1
534871 1 1
534900 0 -1
534908 2 -1
534911 3 1
534994 9 1
534997 0 1
535040 1 1
535080 7 1
535102 5 1
535107 2 -1
535137 0 1
535166 3 1
535185 4 1
535209 15 -1
535210 21 -1
535226 1 -1
535295 6 -1
535333 2 1
535405 1 1
535408 3 1
535430 0 1
535575 2 -1
535588 4 1
535599 0 1
535602 5 1
535661 10 1
535693 8 -1
535725 3 -1
535776 0 1
535779 6 -1
535782 1 1
535811 2 1
535854 13 1
535862 7 1
535897 9 1
535919 4 1
535955 1 -1
536072 2 1
536075 0 -1
536085 5 -1
536118 3 1
536124 1 -1
536204 0 1
536241 4 1
536247 6 -1
536284 11 1
536314 0 -1
536327 14 1
536515 1 -1
536526 2 1
536577 0 -1
536596 5 1
536599 3 1
536721 1 -1
536733 0 1
536757 2 -1
536822 3 1
536854 0 1
536910 1 1
536919 10 1
537007 2 -1
537072 0 1
537080 4 1
537101 3 1
537101 6 1
537112 5 1
537228 0 -1
537230 12 -1
537281 1 -1
537343 0 -1
537346 7 1
537459 4 -1
537472 2 -1
537479 1 -1
537553 8 -1
537596 16 -1
537612 0 1
537644 5 1
537680 1 1
537703 6 -1
537703 2 1
537708 3 1
537784 0 -1
537797 4 -1
537878 1 -1
537924 2 -1
537940 0 1
538026 9 -1
538036 5 1
538058 3 1
538071 1 1
538114 0 1
538128 7 -1
538144 6 1
538225 1 1
538230 0 1
538305 22 1
538321 3 1
538380 0 -1
538406 1 -1
538418 2 1
538418 10 -1
538488 8 1
538507 4 -1
538509 0 -1
538644 2 -1
538724 13 -1
538797 0 -1
538809 1 -1
538821 4 -1
538837 7 1
538842 3 1
538864 15 -1
538870 2 1
538907 5 -1
538945 0 1
538994 1 1
539014 6 1
539090 3 1
539122 2 1
539127 4 -1
539128 0 1
539170 1 -1
539294 12 -1
539294 9 -1
539310 3 -1
539342 2 -1
539376 0 1
539391 5 -1
539423 6 1
539466 17 -1
539477 8 1
539501 0 1
539530 1 1
539598 2 -1
539618 0 1
539622 3 1
539704 1 -1
539821 2 -1
539821 10 1
539842 0 -1
539874 5 1
539875 6 -1
539877 1 1
539896 14 -1
539901 3 1
539901 4 1
539960 0 -1
540090 0 -1
540154 11 -1
540154 3 1
540159 7 -1
540220 1 1
540240 4 1
540245 0 1
540272 2 -1
540390 0 -1
540417 1 -1
540498 3 1
540530 2 -1
540562 4 1
540568 0 -1
540587 1 -1
540648 9 -1
540737 0 -1
540748 1 1
540761 2 1
540810 5 1
540903 1 1
540958 7 -1
541041 6 -1
541054 0 -1
541088 1 -1
541116 3 1
541164 8 1
541215 4 -1
541226 0 -1
541229 5 1
541242 2 -1
541268 1 -1
541328 0 1
541358 3 1
541479 2 1
541514 6 -1
541564 0 1
541578 3 -1
541643 4 1
541655 1 1
541659 19 1
541667 7 1
541691 13 1
541702 12 -1
541702 0 1
541707 5 1
541707 2 -1
541788 20 1
541838 1 -1
541860 0 -1
541985 4 -1
542002 1 -1
542003 11 1
542073 6 1
542089 8 -1
542105 0 -1
542148 3 1
542180 2 1
542215 0 1
542336 7 -1
542368 1 -1
542368 9 1
542379 0 -1
542411 2 -1
542443 3 -1
542527 0 1
542574 1 1
542621 5 1
542637 0 1
542642 10 1
542648 2 1
542650 3 -1
542680 6 -1
542715 4 -1
542744 0 -1
542755 1 -1
542857 0 -1
542949 14 -1
542981 7 -1
543037 4 -1
543056 0 -1
543082 1 -1
543113 2 1
543121 8 -1
543153 5 1
543158 3 -1
543180 0 -1
543271 1 1
543309 0 -1
543320 2 1
543336 9 1
543368 6 -1
543379 15 1
543384 4 1
543465 16 1
543467 1 -1
543513 3 -1
543556 5 1
543559 0 1
543564 2 1
543654 1 1
543674 7 1
543706 3 1
543728 0 1
543787 11 -1
543819 10 -1
543831 1 1
543905 3 -1
543922 0 1
543959 6 1
543970 5 1
544017 1 -1
544021 4 1
544026 2 1
544185 0 1
544212 3 1
544214 1 1
544249 2 -1
544260 9 1
544341 0 -1
544368 4 1
544400 7 -1
544421 6 1
544439 0 1
544454 3 1
544480 2 1
544518 5 -1
544581 1 1
544746 4 1
544765 0 -1
544767 1 -1
544797 3 1
544918 0 1
544937 5 -1
544937 2 1
544956 1 1
545034 8 1
545064 0 -1
545168 2 -1
545206 10 1
545287 0 1
545335 5 -1
545335 1 1
545356 12 1
545389 2 1
545402 0 -1
545408 4 -1
545432 6 1
545442 21 -1
545485 3 1
545496 1 1
545504 0 1
545686 1 -1
545706 3 -1
545722 4 -1
545803 7 1
545808 0 -1
545872 2 -1
545883 6 1
545894 9 1
545906 0 1
545996 3 1
546012 0 1
546012 1 -1
546064 4 1
546098 8 1
546104 2 1
546202 1 1
546270 0 -1
546313 5 1
546348 2 1
546379 1 1
546399 4 1
546427 0 1
546456 7 -1
546501 6 -1
546517 3 1
546577 2 -1
546581 1 -1
546593 0 1
546689 13 -1
546690 0 -1
546690 17 1
546732 18 1
546738 3 -1
546742 4 1
546782 1 -1
546787 0 1
546808 5 -1
546808 2 1
546934 0 -1
546947 15 1
546951 1 -1
546988 7 1
547001 8 -1
547033 3 1
547044 9 -1
547055 2 -1
547125 1 1
547133 4 -1
547141 0 1
547162 11 1
547297 2 1
547313 5 -1
547447 0 1
547452 6 -1
547459 1 1
547463 4 -1
547463 12 -1
547592 20 1
547598 3 -1
547630 0 1
547637 1 -1
547710 2 -1
547737 10 -1
547770 0 1
547820 1 1
547839 6 1
547893 3 1
547960 2 -1
548041 0 -1
548087 9 -1
548114 3 -1
548159 0 -1
548173 2 -1
548197 4 1
548217 1 1
548237 7 1
548242 5 -1
548283 0 -1
548398 1 -1
548517 6 1
548525 0 -1
548568 4 -1
548588 1 1
548630 3 -1
548648 2 1
548699 5 1
548708 0 -1
548812 0 1
548828 8 -1
548850 4 1
548871 2 -1
548882 19 -1
548925 3 1
548946 11 -1
548963 7 1
548963 1 1
548990 0 1
549108 2 1
549108 10 1
549143 0 -1
549145 3 -1
549148 1 -1
549172 5 -1
549254 0 1
549320 1 1
549334 12 -1
549355 0 -1
549506 9 1
549507 1 -1
549527 16 1
549562 2 1
549610 0 -1
549624 4 1
549624 7 1
549688 1 -1
549704 0 -1
549785 3 1
549788 2 -1
549807 8 1
549850 6 -1
549850 0 1
549862 1 1
549982 4 -1
549992 2 -1
550032 5 1
550043 13 1
550047 1 -1
550059 3 1
550126 0 -1
550226 2 1
550239 0 1
550301 4 -1
550349 3 -1
550366 9 -1
550371 0 1
550376 1 -1
550398 10 1
550446 2 -1
550516 5 -1
550535 1 -1
550580 6 1
550666 0 1
550693 2 -1
550700 1 -1
550710 8 -1
550731 11 1
550774 0 -1
550879 0 1
550903 3 1
550903 14 1
550903 2 -1
551006 0 1
551016 5 -1
551035 4 1
551051 7 1
551071 1 -1
551121 0 1
551123 3 -1
551188 6 -1
551238 1 -1
551242 0 1
551376 2 1
551389 4 1
551419 3 1
551435 0 1
551438 1 1
551494 5 1
551548 15 -1
551548 9 1
551602 2 -1
551637 0 1
551639 7 1
551720 4 -1
551731 6 1
551760 0 1
551780 1 -1
551852 2 -1
551877 0 1
551946 3 1
551989 5 -1
551998 1 -1
552064 21 1
552070 4 1
552088 0 -1
552204 6 1
552222 1 -1
552240 0 1
552311 3 1
552325 2 -1
552351 0 -1
552365 13 1
552381 7 -1
552429 5 1
552470 4 -1
552515 9 1
552537 8 -1
552585 2 1
552586 1 1
552601 11 -1
552634 3 1
552658 0 -1
552752 6 1
552752 1 1
552760 4 -1
552764 0 1
552811 2 -1
552875 0 1
552913 5 -1
552921 1 1
552967 3 1
553018 7 1
553020 0 -1
553074 10 -1
553127 4 1
553139 17 -1
553171 0 1
553187 3 -1
553278 6 1
553280 0 -1
553280 1 -1
553289 2 1
553397 12 1
553416 0 -1
553418 3 1
553469 1 1
553504 8 1
553518 2 -1
553643 1 1
553647 3 1
553660 0 1
553687 7 1
553746 2 1
553827 0 1
553848 4 -1
553891 5 1
553937 0 -1
553991 2 1
554036 3 1
554042 1 1
554183 1 -1
554192 6 1
554195 4 1
554198 2 1
554235 3 -1
554240 0 -1
554316 7 1
554344 1 -1
554361 0 -1
554386 8 -1
554391 5 1
554431 2 -1
554515 0 1
554517 4 1
554525 3 1
554600 11 -1
554601 9 -1
554638 10 -1
554657 2 1
554686 6 1
554707 1 1
554730 14 1
554850 0 -1
554876 1 -1
554912 7 1
554928 5 1
554971 3 1
555009 0 1
555062 1 1
555074 13 -1
555074 22 -1
555141 0 1
555143 2 -1
555181 12 1
555213 3 1
555239 4 1
555239 1 1
555245 6 -1
555321 0 1
555374 2 1
555434 3 -1
555438 1 1
555463 0 -1
555525 9 -1
555557 4 1
555611 0 1
555611 2 -1
555630 1 -1
555721 0 -1
555787 1 -1
555858 5 1
555880 10 -1
555901 3 1
555904 4 -1
555923 0 -1
556038 0 -1
556068 2 -1
556151 3 1
556158 1 -1
556170 8 -1
556186 7 -1
556198 0 1
556234 20 1
556326 2 -1
556347 1 1
556363 5 1
556374 6 1
556492 0 -1
556505 1 1
556530 2 -1
556557 4 -1
556568 3 -1
556630 0 -1
556664 11 -1
556729 6 1
556783 0 1
556804 5 -1
556836 9 -1
556847 1 -1
556858 3 1
556895 4 1
556928 7 1
556979 2 -1
557016 0 -1
557033 1 1
557094 8 1
557137 15 1
557143 3 1
557186 0 -1
557202 4 1
557202 2 1
557214 1 -1
557245 6 1
557293 0 1
557309 12 -1
557395 18 1
557430 2 -1
557446 0 -1
557487 3 1
557552 4 -1
557565 0 1
557581 1 1
557589 7 -1
557653 23 1
557659 2 1
557742 1 1
557766 5 1
557772 0 -1
557831 3 1
557847 13 1
557867 4 -1
557887 1 -1
557890 2 -1
557906 0 -1
557911 14 1
558077 1 1
558083 24 1
558094 8 1
558121 2 1
558158 0 -1
558244 5 -1
558257 0 1
558258 4 -1
558266 6 1
558274 1 -1
558304 3 -1
558368 2 1
558398 0 1
558427 26 1
558455 1 1
558492 10 1
558513 11 1
558580 4 -1
558621 3 1
558629 1 1
558691 0 1
558755 5 -1
558771 9 -1
558793 2 -1
558857 3 -1
558860 0 1
558911 8 1
558922 6 1
558943 21 -1
559002 1 1
559008 0 -1
559021 2 1
559040 7 -1
559177 1 1
559217 2 1
559260 3 1
559266 16 1
559287 0 1
559322 4 -1
559362 1 -1
559448 6 1
559481 0 -1
559483 3 1
559610 5 1
559647 0 1
559663 2 1
559677 3 -1
559693 4 1
559693 1 -1
559733 7 1
559792 0 1
559846 10 -1
559890 1 -1
559902 2 -1
559919 0 1
559954 8 1
560002 5 1
560042 0 1
560048 4 -1
560072 3 -1
560074 1 1
560082 6 -1
560126 2 1
560126 9 -1
560174 0 1
560362 3 1
560405 5 1
560410 7 -1
560431 1 -1
560467 0 1
560582 3 -1
560598 6 1
560601 2 -1
560604 0 1
560628 1 1
560652 13 -1
560749 19 1
560749 4 1
560749 0 1
560797 1 -1
560808 3 1
560830 2 1
560921 8 -1
560971 1 -1
560991 6 -1
560991 0 -1
561050 3 1
561050 2 -1
561089 0 1
561136 4 -1
561168 1 1
561217 0 1
561281 10 1
561286 12 1
561289 2 1
561300 3 1
561308 5 1
561362 1 -1
561372 6 1
561456 0 1
561458 9 -1
561515 2 -1
561523 28 1
561523 4 1
561543 1 1
561552 0 -1
561644 3 1
561716 0 -1
561730 2 1
561732 7 1
561743 5 -1
561878 8 -1
561882 1 -1
561934 2 1
561943 0 1
562043 1 -1
562098 0 -1
562156 4 1
562203 0 -1
562210 1 -1
562211 5 1
562332 3 1
562404 11 -1
562426 2 -1
562434 7 -1
562447 6 -1
562485 0 1
562506 4 -1
562555 22 1
562571 1 1
562617 0 1
562665 3 1
562673 2 -1
562724 0 -1
562758 1 -1
562877 3 1
562899 2 1
562901 4 1
562912 1 -1
562938 0 1
562985 6 -1
563056 0 1
563060 5 -1
563168 0 1
563216 7 1
563272 1 1
563280 3 1
563350 9 -1
563374 2 -1
563444 1 1
563458 12 -1
563490 5 1
563495 0 1
563522 13 1
563565 3 1
563608 2 1
563623 1 -1
563635 4 1
563635 0 -1
563694 6 -1
563767 0 -1
563826 2 -1
563845 8 1
563893 7 -1
563909 3 1
563909 10 -1
563941 5 -1
563952 0 1
563978 1 1
563990 4 -1
564060 0 -1
564146 11 1
564159 1 -1
564173 0 -1
564267 2 1
564298 0 -1
564318 9 -1
564352 4 1
564353 1 1
564361 17 1
564490 2 -1
564500 3 1
564519 0 1
564602 7 1
564619 6 -1
564640 0 1
564707 1 -1
564708 2 1
564748 0 -1
564791 18 1
564844 8 1
564893 3 -1
564898 5 -1
564909 1 -1
564909 2 1
564984 0 -1
565049 15 -1
565066 1 -1
565070 4 1
565082 0 1
565118 3 -1
565134 16 -1
565140 2 -1
565156 6 -1
565199 10 1
565212 0 1
565242 9 -1
565264 7 1
565312 3 1
565360 2 1
565398 5 -1
565433 4 -1
565433 1 1
565435 12 -1
565496 0 1
565554 3 1
565597 2 -1
565602 0 -1
565610 1 -1
565736 14 -1
565737 0 1
565747 8 -1
565758 6 1
565771 1 -1
565787 4 1
565836 0 -1
565849 3 -1
565935 5 -1
565941 0 1
565957 7 -1
566037 11 -1
566070 2 1
566109 0 1
566134 3 -1
566145 9 -1
566162 1 1
566220 0 -1
566317 2 -1
566352 1 -1
566381 5 1
566392 10 1
566444 4 -1
566457 0 -1
566541 1 1
566559 2 1
566575 0 -1
566645 3 -1
566693 6 1
566694 1 1
566701 0 -1
566755 4 -1
566806 5 1
566884 1 1
566940 3 1
567010 0 -1
567026 31 -1
567032 2 1
567063 1 -1
567102 6 -1
567122 4 -1
567134 0 -1
567134 9 -1
567206 7 1
567214 3 1
567239 1 1
567244 2 -1
567263 5 -1
567338 0 1
567456 2 -1
567542 6 -1
567564 8 -1
567589 1 -1
567620 0 -1
567677 3 -1
567714 5 1
567714 12 1
567752 0 -1
567779 1 1
567835 4 -1
567851 7 1
567889 0 -1
567932 2 1
567960 1 -1
567962 9 1
567972 3 1
567994 6 1
568018 0 -1
568160 2 -1
568198 0 -1
568266 4 -1
568303 1 1
568308 0 1
568370 3 -1
568408 0 -1
568408 2 -1
568468 1 1
568531 6 -1
568553 8 1
568577 4 -1
568612 2 -1
568643 1 -1
568671 5 -1
568674 0 1
568682 7 1
568746 15 -1
568813 0 -1
568856 2 -1
568907 4 1
568929 6 1
568929 0 1
568983 3 -1
568996 1 1
569085 2 1
569165 1 1
569192 3 -1
569200 0 -1
569208 5 -1
569230 9 1
569286 4 -1
569312 0 1
569316 2 -1
569361 1 -1
569386 3 1
569430 0 1
569520 6 -1
569520 16 -1
569540 1 -1
569542 8 1
569585 3 -1
569617 10 1
569641 4 -1
569660 0 -1
569681 5 1
569730 1 1
569778 29 -1
569778 0 -1
569791 3 -1
569794 2 1
569800 12 -1
569907 13 1
569917 1 -1
569929 0 1
569950 11 1
569950 14 -1
569988 3 1
570020 7 -1
570020 2 -1
570031 0 -1
570036 20 1
570056 4 -1
570105 1 1
570154 0 -1
570181 3 -1
570251 2 1
570286 0 -1
570418 0 -1
570475 1 -1
570595 5 1
570611 3 1
570657 1 1
570681 17 1
570702 6 -1
570716 0 -1
570719 2 1
570737 4 1
570810 3 -1
570838 1 -1
570864 0 1
570874 7 -1
570891 10 1
570952 2 -1
570968 0 -1
570982 21 1
571020 3 -1
571044 4 1
571116 5 1
571175 2 1
571221 1 1
571261 9 1
571267 0 1
571326 6 1
571350 4 1
571390 8 1
571419 1 1
571428 0 -1
571519 7 -1
571562 3 1
571568 0 1
571600 1 1
571632 5 -1
571654 2 -1
571783 3 -1
571788 6 1
571858 0 -1
571890 2 1
571955 0 1
571957 1 1
572025 3 -1
572058 0 -1
572084 4 1
572111 2 -1
572118 1 1
572121 11 1
572143 12 1
572207 9 1
572213 0 1
572229 15 1
572229 10 -1
572303 1 -1
572358 22 1
572371 0 -1
572406 4 1
572422 8 1
572433 3 1
572475 1 -1
572511 0 1
572567 2 -1
572583 5 1
572626 3 -1
572628 1 -1
572662 0 -1
572680 4 -1
572809 13 -1
572813 1 -1
572820 6 1
572820 2 -1
572823 3 1
572825 7 1
572952 0 1
572995 1 1
573030 5 -1
573046 2 1
573075 0 1
573083 3 1
573153 9 1
573226 0 -1
573261 6 -1
573358 1 -1
573358 8 -1
573400 3 -1
573462 4 1
573486 5 1
573500 0 1
573503 2 1
573507 1 -1
573527 7 -1
573599 0 -1
573621 3 1
573698 1 1
573720 0 -1
573755 2 1
573777 12 -1
573809 6 1
573837 4 -1
573863 3 1
573938 0 1
573949 5 -1
573981 2 -1
574061 1 -1
574094 0 -1
574164 11 1
574164 7 -1
574188 4 1
574231 0 1
574264 1 1
574293 8 1
574333 0 -1
574411 5 1
574416 3 -1
574432 2 1
574458 1 -1
574529 0 -1
574567 4 -1
574594 14 1
574610 3 1
574682 0 1
574685 2 1
574803 0 1
574808 3 -1
574809 7 -1
574829 1 -1
574862 5 -1
574878 6 -1
574881 4 -1
574905 10 1
574908 2 -1
575018 1 1
575045 9 1
575115 0 1
575212 3 1
575216 1 -1
575274 0 -1
575276 4 1
575357 5 -1
575367 6 -1
575368 2 -1
575389 16 1
575392 0 -1
575421 8 -1
575432 3 1
575453 13 1
575566 7 1
575570 1 1
575599 2 1
575625 3 -1
575683 4 1
575695 0 1
575746 1 -1
575840 0 -1
575841 17 1
575843 2 1
575894 6 -1
575929 1 1
575991 0 1
576047 3 1
576077 2 -1
576098 10 1
576163 9 -1
576244 3 -1
576244 7 -1
576249 8 -1
576273 0 1
576284 1 -1
576308 2 1
576346 5 1
576372 4 -1
576373 0 -1
576378 6 -1
576437 3 1
576465 1 1
576502 0 -1
576528 2 -1
576612 0 1
576651 1 -1
576722 3 -1
576765 2 1
576784 0 1
576797 5 -1
576808 4 -1
576899 0 -1
576937 6 1
576953 7 1
576958 9 1
577015 3 1
577018 0 -1
577042 1 1
577122 4 -1
577216 5 -1
577227 3 1
577238 2 -1
577246 0 -1
577247 1 -1
577343 0 1
577345 8 -1
577400 1 -1
577420 3 -1
577458 0 1
577458 2 1
577485 6 -1
577703 0 1
577714 2 1
577727 10 1
577755 1 1
577805 0 -1
577812 4 -1
577829 3 1
577923 0 -1
577949 1 1
577953 6 -1
577969 11 -1
578022 3 -1
578125 0 -1
578134 1 -1
578138 4 -1
578168 5 1
578176 2 1
578194 7 1
578221 3 1
578317 1 1
578329 0 1
578377 12 -1
578401 2 -1
578477 4 1
578487 0 -1
578495 1 -1
578560 5 1
578646 3 -1
578651 2 -1
578678 1 1
578721 18 -1
578762 0 1
578840 1 1
578845 3 1
578872 6 -1
578880 0 1
578920 7 -1
578968 10 1
579003 0 1
579011 5 -1
579044 3 -1
579108 2 -1
579194 9 -1
579226 4 1
579230 1 -1
579240 0 1
579302 8 1
579345 2 1
579361 0 1
579409 21 -1
579412 1 -1
579436 6 -1
579468 0 -1
579484 3 -1
579565 2 -1
579573 4 -1
579581 1 1
579624 11 -1
579630 7 1
579680 3 1
579756 0 -1
579810 2 -1
579879 0 -1
579893 3 1
579904 4 -1
579970 1 -1
579982 0 1
579990 5 1
580043 2 1
580131 1 -1
580172 6 -1
580205 0 -1
580262 4 1
580274 2 -1
580282 3 1
580301 1 -1
580317 0 -1
580377 8 1
580403 5 1
580473 0 1
580495 3 1
580500 2 1
580506 9 -1
580549 10 1
580605 4 -1
580637 0 -1
580669 1 -1
580688 3 -1
580755 0 -1
580785 12 1
580849 5 -1
580859 1 1
580935 13 1
580938 0 -1
580973 2 -1
580984 4 1
581048 0 -1
581052 1 -1
581107 6 1
581110 3 1
581137 7 -1
581228 2 -1
581238 1 1
581279 0 1
581306 3 -1
581333 5 1
581371 4 -1
581387 15 1
581387 8 1
581390 0 -1
581425 1 -1
581433 2 -1
581492 0 1
581500 3 1
581580 11 -1
581609 1 -1
581731 14 1
581755 0 -1
581794 1 1
581795 6 1
581806 7 -1
581838 5 1
581881 9 -1
581884 2 -1
581898 0 -1
581903 10 -1
581908 3 -1
582044 0 1
582056 4 1
582102 3 1
582134 2 -1
582161 23 1
582161 1 1
582300 3 -1
582306 0 1
582333 6 -1
582334 1 1
582344 5 1
582360 2 1
582451 7 1
582473 0 1
582475 4 1
582540 1 1
582548 16 -1
582620 0 1
582704 3 1
582741 0 1
582811 5 -1
582822 2 1
582846 4 -1
582874 1 1
582886 0 1
582902 3 -1
583044 1 -1
583048 2 -1
583050 0 -1
583085 8 -1
583112 3 -1
583156 0 1
583252 2 -1
583259 1 -1
583306 3 1
583463 0 1
583483 10 1
583504 3 -1
583505 2 -1
583537 12 1
583547 4 1
583586 1 -1
583609 0 -1
583644 11 -1
583655 6 1
583676 13 -1
583698 5 1
583714 3 -1
583730 2 1
583769 1 -1
583795 0 -1
583881 8 -1
583908 3 1
583951 1 1
583961 2 -1
583975 4 1
583975 7 -1
584088 0 1
584096 6 1
584117 9 1
584128 5 -1
584140 1 -1
584214 2 -1
584243 0 -1
584329 1 1
584354 3 1
584358 4 1
584375 0 -1
584503 1 1
584526 6 -1
584531 7 1
584547 3 -1
584569 24 -1
584601 5 1
584644 2 1
584649 0 1
584654 14 -1
584700 1 -1
584743 3 1
584762 8 1
584789 0 1
584859 2 -1
584923 0 1
585023 4 1
585075 1 -1
585109 2 -1
585111 0 1
585149 3 -1
585149 6 -1
585160 7 1
585181 9 -1
585257 0 1
585257 1 1
585345 3 1
585385 4 -1
585387 0 -1
585444 1 -1
585461 5 -1
585514 11 1
585536 6 1
585543 0 1
585557 3 1
585568 2 -1
585700 4 -1
585772 15 -1
585773 18 -1
585797 2 1
585825 1 -1
585853 0 1
585902 7 -1
585955 5 -1
585960 3 1
585966 6 -1
586001 0 1
586006 1 -1
586025 2 -1
586112 0 1
586159 3 -1
586192 1 1
586288 19 -1
586299 9 1
586374 3 -1
586376 0 1
586393 4 1
586428 5 1
586482 6 -1
586498 10 -1
586506 2 1
586509 0 1
586570 3 1
586575 1 1
586611 13 1
586675 7 -1
586676 0 1
586686 8 -1
586734 2 -1
586744 1 1
586748 4 -1
586783 3 1
586937 1 -1
586976 3 -1
586987 2 1
586992 0 1
587091 1 -1
587119 4 1
587186 3 1
587186 0 -1
587229 2 -1
587284 1 1
587320 7 -1
587321 17 -1
587369 0 -1
587433 5 -1
587445 1 1
587449 20 -1
587498 2 -1
587522 0 1
587578 11 1
587589 8 1
587594 3 -1
587621 0 -1
587651 1 1
587696 6 -1
587702 2 -1
587785 0 -1
587796 3 1
587820 4 -1
587906 0 -1
587917 10 1
587949 5 -1
587954 2 -1
588008 3 1
588014 7 1
588038 1 1
588094 6 1
588183 0 -1
588191 4 1
588223 12 1
588223 1 -1
588331 9 -1
588336 0 1
588397 1 -1
588406 3 1
588417 5 1
588422 2 -1
588481 16 1
588489 4 1
588489 0 -1
588524 6 1
588632 8 1
588653 14 -1
588675 2 -1
588680 3 1
588790 0 -1
588792 1 -1
588892 0 1
588895 2 1
588922 3 1
588977 1 1
589067 0 1
589126 9 -1
589170 1 -1
589199 4 -1
589309 0 1
589341 11 -1
589357 2 1
589360 7 -1
589373 5 -1
589427 6 -1
589476 0 1
589533 4 1
589549 1 -1
589556 15 -1
589556 8 -1
589583 3 -1
589610 2 1
589610 10 1
589623 0 -1
589723 1 1
589750 0 -1
589836 5 1
589841 2 -1
589860 4 1
589870 0 1
589884 1 1
589900 3 1
589975 6 -1
590026 0 -1
590045 7 1
590072 12 1
590073 1 -1
590120 3 -1
590132 0 1
590243 1 -1
590276 5 -1
590298 2 -1
590346 3 1
590438 9 1
590439 0 1
590444 1 1
590545 2 -1
590567 8 -1
590577 4 -1
590588 3 1
590591 0 -1
590609 6 1
590630 1 -1
590690 7 1
590749 0 1
590771 2 1
590851 3 1
590966 1 -1
590988 4 -1
590991 0 1
591007 2 -1
591104 3 1
591115 0 1
591134 1 -1
591190 5 -1
591220 0 -1
591233 2 1
591327 4 1
591337 1 -1
591461 0 -1
591464 2 -1
591512 8 1
591568 0 1
591588 3 -1
591663 12 -1
591686 0 1
591694 4 -1
591706 5 -1
591711 2 -1
591718 1 -1
591770 13 -1
591803 6 1
591811 0 1
591910 0 -1
591916 1 1
591926 3 -1
591964 21 -1
591980 7 -1
591996 4 -1
592069 0 1
592097 1 1
592120 3 1
592152 2 1
592168 5 1
592219 0 -1
592254 10 -1
592310 4 -1
592362 6 -1
592397 2 1
592464 1 1
592493 0 1
592523 8 1
592528 3 -1
592612 0 1
592625 2 -1
592630 9 -1
592651 1 -1
592673 7 1
592689 4 1
592722 3 1
592735 0 1
592855 1 1
592920 3 -1
592947 0 -1
592964 6 1
593048 1 -1
593060 5 1
593087 2 -1
593109 0 1
593211 11 1
593219 0 -1
593234 1 1
593270 7 1
593324 3 1
593340 2 -1
593358 4 -1
593439 1 1
593474 0 -1
593512 25 1
593517 5 -1
593522 3 -1
593566 2 1
593584 0 1
593600 1 1
593641 6 1
593641 16 -1
593673 10 1
593732 3 -1
593740 0 -1
593754 4 1
593856 0 1
593866 9 -1
593934 3 1
593959 1 -1
594017 5 1
594038 6 -1
594041 2 -1
594049 0 -1
594112 4 -1
594146 3 1
594153 1 1
594194 0 1
594270 2 1
594286 17 1
594304 1 1
594339 3 -1
594342 0 1
594436 6 1
594501 2 -1
594544 3 1
594597 8 1
594608 7 -1
594616 0 -1
594652 1 -1
594724 0 1
594732 2 1
594794 4 1
594830 1 1
594842 0 1
594931 6 -1
594974 5 -1
594976 2 1
595015 1 -1
595065 0 -1
595068 4 -1
595076 3 1
595124 13 -1
595170 0 -1
595205 2 -1
595221 10 1
595232 27 1
595274 11 1
595276 0 1
595318 3 1
595366 7 -1
595376 1 1
595414 5 1
595441 2 1
595446 4 1
595447 9 1
595511 8 -1
595518 0 1
595538 3 -1
595561 1 -1
595576 18 1
595624 0 -1
595733 1 -1
595758 0 1
595876 5 -1
595898 12 1
595902 1 -1
595919 14 -1
595920 2 -1
595941 6 -1
595971 7 -1
595997 0 -1
596005 3 1
596087 1 1
596098 0 1
596145 2 1
596204 4 -1
596226 3 -1
596250 0 -1
596285 1 -1
596339 5 1
596387 2 -1
596436 8 1
596450 1 -1
596457 6 -1
596497 0 -1
596559 4 1
596575 3 -1
596594 0 1
596607 20 -1
596726 0 1
596744 7 1
596801 5 -1
596829 1 -1
596857 2 1
596930 4 -1
597013 1 1
597037 6 1
597050 0 1
597064 2 1
597174 0 1
597184 1 1
597204 3 1
597252 9 -1
597274 0 -1
597301 4 1
597311 5 -1
597317 2 1
597381 11 1
597381 15 1
597403 3 -1
597462 7 -1
597551 1 1
597607 0 1
597659 4 -1
597724 1 1
597725 3 -1
597739 0 1
597768 5 1
597774 2 1
597811 12 1
597844 0 -1
597899 1 -1
597973 0 -1
597989 6 -1
597997 3 -1
597999 2 -1
598002 4 1
598026 10 1
598091 8 -1
598144 0 -1
598225 3 1
598230 2 1
598255 0 1
598256 1 -1
598284 13 -1
598292 7 -1
598397 4 -1
598397 0 1
598413 22 -1
598454 1 1
598467 3 1
598467 2 -1
598553 6 -1
598607 9 -1
598639 1 -1
598687 3 -1
598687 2 1
598754 0 1
598757 5 -1
598878 0 1
598913 7 -1
598918 2 -1
598929 19 -1
598978 0 -1
598978 1 1
599026 8 1
599115 4 1
599155 2 1
599163 1 -1
599209 6 -1
599257 5 1
599300 0 1
599348 1 1
599375 3 -1
599456 0 -1
599461 4 -1
599488 14 1
599510 9 -1
599542 10 1
599580 0 -1
599628 2 1
599711 1 -1
599719 3 -1
599746 5 -1
599784 0 -1
599824 4 1
599848 2 -1
599907 0 1
599913 1 -1
599945 3 1
600012 0 -1
600047 8 1
600094 1 1
600101 2 -1
600165 0 1
600187 7 -1
600289 6 1
600335 0 -1
600429 1 1
600434 12 -1
600477 0 -1
600499 9 -1
600513 4 -1
600531 3 1
600563 2 -1
600622 1 -1
600628 0 1
600660 5 -1
600735 17 -1
600751 3 -1
600756 6 1
600783 2 1
600800 1 -1
600828 0 1
600884 4 1
600912 7 1
600929 10 -1
600945 3 1
600985 0 -1
600993 15 -1
601036 11 1
601036 2 1
601057 13 1
601119 0 -1
601154 5 -1
601211 4 1
601223 1 -1
601353 3 -1
601392 1 -1
601410 0 1
601455 6 1
601512 2 -1
601541 0 -1
601563 9 1
601567 1 1
601600 5 1
601611 3 -1
601614 7 -1
601651 0 1
601724 2 -1
601753 1 -1
601831 3 -1
601874 8 1
601900 1 1
601936 4 1
601960 0 1
601966 2 -1
602028 3 1
602089 1 -1
602114 0 -1
602186 10 -1
602224 0 1
602240 3 1
602279 1 -1
602331 0 -1
602351 4 1
602412 9 -1
602433 3 -1
602444 2 -1
602466 0 1
602573 0 -1
602584 5 -1
602605 6 1
602630 3 1
602664 2 1
602672 1 -1
602686 0 -1
602702 4 1
602777 8 -1
602865 1 1
602885 12 1
602898 2 -1
602963 0 1
603014 11 1
603033 7 -1
603035 5 1
603045 1 1
603046 3 -1
603057 13 -1
603073 4 -1
603080 0 1
603132 6 1
603226 0 -1
603242 3 1
603374 2 1
603412 1 -1
603454 3 1
603460 4 1
603487 14 1
603551 9 1
603562 6 -1
603573 5 1
603573 10 1
603578 0 1
603581 1 1
603605 2 -1
603659 18 -1
603686 0 -1
603718 7 1
603768 1 -1
603804 0 -1
603823 4 -1
603836 2 1
603874 8 1
603970 3 1
604094 5 1
604108 0 -1
604149 1 -1
604153 4 -1
604164 3 -1
604282 0 -1
604314 2 -1
604343 1 1
604360 3 1
604411 7 1
604441 0 1
604502 5 1
604516 1 1
604521 2 -1
604605 16 -1
604688 0 1
604697 1 -1
604701 8 1
604744 2 1
604777 3 -1
604777 15 -1
604782 4 1
604809 6 1
604830 10 1
604838 0 -1
604871 1 -1
604906 11 -1
604943 0 1
604970 5 -1
604973 3 1
605060 1 1
605078 12 -1
605166 0 1
605173 4 -1
605185 3 1
605196 6 -1
605201 2 1
605227 1 -1
605301 0 1
605378 3 -1
605422 0 1
605435 2 -1
605470 5 -1
605479 4 -1
605508 13 -1
605572 3 1
605576 1 -1
605628 0 -1
605637 8 -1
605653 2 1
605712 6 1
605733 9 -1
605736 0 -1
605762 1 1
605819 3 1
605842 0 1
605884 2 -1
605959 1 -1
605975 7 -1
606093 3 1
606101 0 1
606120 2 1
606268 0 1
606281 4 1
606282 10 -1
606341 2 -1
606346 1 -1
606357 5 1
606376 0 -1
606410 26 1
606499 0 -1
606527 1 1
606593 6 -1
606593 2 -1
606626 8 -1
606655 0 1
606656 4 -1
606668 7 1
606679 3 1
606711 1 -1
606760 0 -1
606808 5 -1
606808 9 1
606899 3 -1
606906 0 1
606980 6 1
606991 4 -1
607068 1 1
607069 2 1
607098 14 -1
607141 0 -1
607240 0 1
607245 1 1
607249 3 -1
607292 2 -1
607313 5 -1
607314 12 1
607346 0 -1
607362 7 -1
607421 6 -1
607438 1 -1
607531 2 1
607579 0 -1
607620 1 1
607668 8 -1
607690 0 -1
607711 3 1
607749 4 1
607809 1 -1
607847 0 1
607915 9 1
607931 3 -1
608003 1 1
608007 2 -1
608079 4 1
608136 0 1
608157 3 1
608180 1 -1
608232 2 1
608248 13 1
608265 5 1
608305 0 -1
608414 4 -1
608434 2 1
608456 0 1
608496 6 1
608539 1 1
608619 3 -1
608644 0 -1
608673 5 1
608676 7 1
608689 11 1
608708 4 -1
608726 1 -1
608804 0 1
608877 3 -1
608885 2 1
608916 0 1
608922 1 -1
608958 10 -1
609022 0 -1
609055 4 -1
609103 3 1
609103 6 -1
609108 2 -1
609189 5 1
609254 0 -1
609258 1 -1
609340 2 1
609358 0 1
609393 7 -1
609399 8 1
609417 4 1
609426 1 -1
609463 12 -1
609485 6 1
609528 0 1
609565 3 -1
609584 2 1
609615 1 1
609678 21 1
609756 4 1
609791 3 1
609818 2 -1
609829 0 1
609936 15 -1
609947 6 1
609986 1 1
609990 0 -1
610033 3 1
610044 2 1
610136 0 1
610151 5 1
610159 7 -1
610175 1 1
610232 10 1
610280 2 -1
610357 1 -1
610409 8 1
610441 4 1
610447 0 1
610452 6 1
610495 11 -1
610506 3 -1
610538 1 -1
610538 9 1
610549 5 1
610557 0 -1
610724 0 1
610728 1 1
610753 14 1
610764 2 1
610823 3 1
610828 4 -1
610890 0 1
610913 1 -1
610963 2 1
610990 0 -1
611065 3 1
611065 5 1
611075 6 -1
611106 1 1
611153 0 -1
611167 4 1
611207 2 1
611260 0 1
611312 7 1
611334 8 -1
611461 1 -1
611487 0 -1
611538 5 -1
611543 3 1
611548 6 -1
611570 16 -1
611655 1 -1
611669 0 -1
611670 2 1
611790 0 -1
611836 1 1
611887 2 -1
611914 18 1
611925 7 1
611930 3 -1
611957 10 1
611961 4 -1
612000 5 1
612043 9 -1
612089 2 -1
612099 0 -1
612124 3 1
612129 11 -1
612211 1 1
612234 0 -1
612345 0 1
612348 4 -1
612349 6 -1
612392 1 -1
612435 5 -1
612532 3 -1
612554 7 1
612580 0 1
612581 2 1
612582 1 1
612682 0 -1
612690 4 -1
612725 3 1
612793 0 1
612806 2 -1
612860 6 -1
612908 5 1
612924 3 -1
612961 1 1
613032 2 1
613098 0 1
613134 3 -1
613142 1 1
613228 0 1
613247 2 -1
613268 9 1
613319 1 -1
613327 3 1
613376 4 1
613387 8 1
613389 0 1
613451 6 1
613485 1 -1
613486 2 1
613526 3 -1
613602 0 -1
613674 1 1
613698 4 1
613712 2 -1
613725 0 -1
613736 3 -1
613816 5 1
613843 0 -1
613884 1 1
613956 7 -1
613962 2 -1
614065 0 1
614069 1 -1
614085 13 1
614105 4 1
614150 11 -1
614150 22 -1
614160 3 1
614171 0 1
614236 15 1
614276 0 -1
614279 5 -1
614279 17 1
614300 8 -1
614354 3 -1
614418 2 -1
614420 1 1
614448 4 1
614494 14 -1
614510 6 -1
614516 0 -1
614553 3 1
614561 1 -1
614655 0 -1
614655 2 1
614752 5 1
614752 12 -1
614766 1 -1
614778 7 -1
614811 4 -1
614827 0 -1
614875 2 -1
614891 10 -1
614961 3 -1
614964 0 -1
615042 6 -1
615112 0 -1
615119 1 1
615153 4 1
615155 3 1
615225 0 -1
615246 8 1
615307 1 -1
615348 2 1
615354 3 -1
615376 0 1
615418 9 -1
615456 4 -1
615488 1 -1
615504 6 -1
615585 7 -1
615604 2 1
615646 0 1
615724 5 -1
615757 3 1
615813 0 1
615826 19 1
615829 2 -1
615875 1 -1
615937 0 1
615955 11 1
615966 3 -1
616056 1 1
616138 5 -1
616168 0 -1
616176 3 -1
616181 10 -1
616213 4 1
616222 1 1
616279 0 1
616300 2 -1
616369 3 1
616385 12 1
616391 0 1
616403 1 -1
616541 2 -1
616552 4 1
616568 3 -1
616588 1 1
616654 5 -1
616670 0 1
616697 6 -1
616730 9 -1
616767 2 1
616770 1 -1
616780 0 -1
616885 3 1
616915 4 -1
616920 0 -1
616957 1 1
616966 8 -1
616987 16 1
616998 2 -1
617052 7 -1
617075 0 1
617127 3 1
617181 13 1
617232 0 -1
617235 2 1
617267 6 1
617318 1 1
617345 0 1
617452 2 -1
617460 0 1
617503 1 -1
617520 10 1
617573 3 1
617620 4 -1
617622 5 1
617632 9 -1
617675 2 1
617709 1 -1
617737 7 1
617761 0 -1
617815 3 1
617815 6 1
617920 0 1
617933 24 -1
617944 8 -1
617979 4 1
617998 11 1
618065 3 1
618084 1 -1
618094 5 -1
618108 0 -1
618143 2 1
618245 6 -1
618245 1 -1
618328 0 1
618334 4 -1
618390 7 1
618398 2 1
618439 1 1
618452 0 1
618471 12 -1
618535 14 -1
618557 5 1
618580 0 1
618659 2 -1
618753 3 1
618793 6 1
618809 1 1
618855 0 1
618879 15 -1
618922 8 1
618965 9 -1
618991 1 -1
619003 0 -1
619035 7 -1
619062 5 1
619067 3 -1
619110 2 -1
619120 4 1
619140 0 1
619184 1 1
619256 0 -1
619293 3 1
619354 0 1
619358 2 -1
619390 1 -1
619427 6 -1
619430 4 1
619489 0 1
619556 5 1
619571 1 1
619589 2 1
619642 0 -1
619680 7 -1
619739 18 1
619765 1 -1
619785 4 -1
619825 8 -1
619844 0 -1
619857 13 -1
619906 3 1
619954 6 -1
619958 1 1
619976 0 1
620018 11 1
620019 9 1
620067 5 1
620072 2 -1
620099 0 1
620164 4 1
620180 10 -1
620217 3 -1
620293 2 1
620333 0 -1
620333 1 1
620443 3 1
620486 7 1
620494 4 1
620505 0 -1
620518 5 -1
620524 2 -1
620539 1 -1
620626 0 -1
620685 3 1
620714 1 1
620750 8 1
620755 2 1
620849 4 -1
620967 0 1
621002 2 1
621029 3 1
621029 9 1
621040 6 1
621079 1 -1
621083 0 1
621214 0 1
621232 1 -1
621233 2 -1
621236 4 1
621244 7 -1
621244 17 -1
621249 3 -1
621331 0 1
621373 21 -1
621425 1 1
621459 0 1
621464 5 -1
621497 2 -1
621502 3 -1
621566 8 1
621604 0 1
621728 10 1
621741 0 1
621749 6 1
621792 1 1
621889 9 -1
621909 4 -1
621910 5 1
621953 2 -1
621974 1 -1
622031 0 -1
622061 3 1
622128 0 1
622175 1 1
622179 2 1
622276 4 1
622299 0 1
622324 3 1
622346 5 -1
622378 2 1
622405 12 -1
622405 23 -1
622432 6 1
622528 3 -1
622542 1 1
622588 8 1
622596 0 -1
622614 4 -1
622663 7 -1
622752 1 1
622773 0 -1
622827 2 1
622921 20 1
622933 1 -1
622976 0 1
623050 2 1
623055 3 -1
623179 10 -1
623222 5 1
623227 7 -1
623268 0 1
623292 1 -1
623313 2 1
623413 4 1
623415 3 1
623426 6 1
623456 0 -1
623489 1 -1
623523 15 1
623625 0 1
623659 1 -1
623673 5 -1
623695 3 1
623732 2 -1
623743 0 -1
623751 4 1
623888 11 -1
623888 0 1
623942 2 -1
624042 1 -1
624050 0 -1
624058 4 1
624058 7 -1
624060 6 -1
624125 9 -1
624135 3 1
624146 5 1
624162 2 1
624189 0 1
624205 1 -1
624376 1 -1
624383 3 1
624415 2 1
624466 0 1
624490 8 1
624501 6 1
624603 3 -1
624630 10 -1
624641 0 1
624641 2 -1
624662 12 1
624753 1 -1
624775 4 -1
624799 0 -1
624901 2 -1
624938 1 1
625022 5 1
625076 0 1
625089 4 -1
625114 13 1
625122 1 -1
625130 2 1
625157 28 1
625157 9 1
625189 0 -1
625200 3 -1
625275 7 -1
625326 0 -1
625343 1 -1
625444 4 1
625468 8 1
625479 5 -1
625493 1 1
625501 25 1
625511 6 1
625544 3 -1
625576 2 -1
625646 0 1
625654 1 1
625759 14 -1
625764 0 -1
625799 4 1
625823 2 -1
625841 1 -1
625844 11 1
625855 3 1
625930 5 1
625947 0 1
625952 6 -1
625952 7 -1
626060 2 1
626077 0 1
626146 10 1
626166 4 -1
626167 9 1
626178 1 -1
626261 0 1
626366 0 -1
626371 5 -1
626392 1 -1
626414 8 -1
626511 3 -1
626514 2 1
626520 4 -1
626550 0 1
626567 1 1
626661 6 -1
626710 7 1
626731 3 1
626740 2 -1
626747 12 -1
626777 0 -1
626844 5 1
626879 4 1
626903 0 -1
626905 1 1
626968 2 1
626970 3 1
627067 0 -1
627069 1 1
627177 16 1
627252 1 -1
627285 5 -1
627290 6 -1
627320 0 1
627414 3 1
627438 2 -1
627449 0 1
627564 27 1
627565 4 -1
627568 0 1
627585 1 -1
627608 18 1
627661 3 1
627675 2 1
627694 17 1
627726 6 1
627736 5 1
627754 1 -1
627822 10 1
627833 0 1
627882 3 -1
627890 2 -1
627903 7 1
627919 4 1
627935 1 -1
627951 13 -1
627989 0 1
628037 11 -1
628113 0 1
628121 1 1
628123 2 1
628252 31 1
628258 4 -1
628258 0 -1
628322 1 1
628338 6 -1
628354 2 -1
628403 8 1
628451 0 1
628532 7 1
628536 1 1
628575 3 -1
628591 2 1
628596 0 1
628596 9 -1
628639 5 1
628733 0 1
628737 1 -1
628795 3 1
628854 2 1
628886 4 -1
629024 0 -1
629032 6 -1
629042 3 1
629076 1 -1
629080 10 1
629120 0 1
629134 5 1
629153 7 1
629220 0 -1
629241 4 1
629292 3 1
629294 1 -1
629343 2 -1
629349 8 -1
629448 0 1
629483 1 1
629515 3 -1
629548 5 1
629569 2 1
629588 0 1
629604 4 -1
629628 30 1
629725 0 1
629741 3 1
629800 2 -1
629800 9 1
629854 1 -1
629886 7 -1
629953 0 -1
629983 3 1
630027 1 1
630101 14 -1
630123 6 1
630125 0 -1
630211 1 -1
630222 0 1
630233 4 -1
630252 8 1
630257 2 -1
630472 5 1
630480 2 1
630488 21 -1
630531 0 -1
630572 7 1
630584 1 -1
630636 4 -1
630667 0 -1
630671 3 1
630703 6 -1
630706 2 -1
630725 13 1
630781 0 1
630797 1 -1
630875 12 1
630907 5 1
630966 4 -1
630971 1 -1
631004 9 -1
631015 3 1
631034 0 1
631136 0 -1
631140 1 1
631144 7 -1
631160 2 -1
631176 15 1
631198 6 -1
631259 0 -1
631321 1 1
631356 3 1
631404 2 -1
631412 5 1
631480 0 1
631523 1 1
631606 11 -1
631607 0 1
631611 2 -1
631704 1 -1
631727 0 1
631728 4 1
631832 3 -1
631910 7 -1
631939 8 -1
631982 10 -1
631990 0 1
631998 4 -1
632067 1 1
632079 17 -1
632109 0 1
632122 2 1
632181 3 -1
632208 0 -1
632258 1 -1
632283 5 -1
632348 2 -1
632361 4 1
632369 0 -1
632374 3 1
632412 6 1
632452 1 1
632517 0 1
632587 2 1
632634 0 1
632724 16 1
632740 0 -1
632778 5 1
632788 3 -1
632799 6 -1
632807 1 -1
632969 0 -1
632982 8 -1
632985 3 1
633000 1 1
633030 2 1
633046 9 1
633095 0 -1
633103 4 1
633167 1 1
633175 6 1
633197 3 1
633240 14 -1
633243 0 1
633245 5 -1
633256 2 1
633288 7 -1
633326 12 -1
633390 3 -1
633401 10 1
633433 11 1
633449 4 1
633468 0 -1
633476 2 -1
633558 1 1
633581 0 1
633586 3 1
633702 5 1
633732 0 -1
633752 1 -1
633772 4 1
633777 3 -1
633885 8 1
633928 2 -1
633949 9 -1
633953 1 1
633957 0 1
633965 7 1
633992 6 -1
633998 3 -1
634081 0 1
634119 1 1
634148 2 1
634191 5 1
634194 0 1
634308 1 -1
634315 0 1
634390 3 -1
634404 2 1
634440 0 1
634514 4 1
634526 1 -1
634543 0 -1
634570 7 1
634594 6 1
634616 15 -1
634637 3 -1
634661 0 -1
634693 1 -1
634723 5 1
634723 10 1
634809 8 -1
634866 2 1
634887 0 1
634900 4 -1
634976 3 -1
634987 0 -1
635003 9 1
635050 1 1
635091 2 -1
635153 5 -1
635153 0 -1
635223 1 1
635239 4 1
635282 11 -1
635341 2 -1
635352 6 -1
635417 1 -1
635457 0 -1
635492 3 -1
635519 12 1
635546 2 -1
635607 0 1
635707 0 -1
635755 6 1
635761 2 1
635781 1 -1
635787 3 1
635830 8 -1
635872 4 1
635900 7 1
635906 9 -1
635941 0 -1
635965 1 -1
635994 2 -1
636061 3 1
636088 5 -1
636094 0 1
636147 6 -1
636170 1 -1
636212 2 1
636223 4 1
636260 0 -1
636414 0 1
636513 0 -1
636521 1 1
636524 3 -1
636561 5 1
636569 4 -1
636572 6 -1
636628 0 -1
636663 2 1
636692 1 -1
636701 8 1
636723 7 1
636741 0 1
636755 13 -1
636819 3 1
636851 29 -1
636864 1 -1
636889 2 -1
636932 4 1
636970 6 1
637037 0 1
637053 1 1
637072 5 1
637093 3 1
637094 2 -1
637131 12 -1
637155 0 1
637234 1 -1
637247 7 -1
637326 0 1
637367 4 1
637384 3 -1
637428 1 1
637513 10 1
637550 2 -1
637553 0 -1
637593 8 -1
637604 9 -1
637609 3 1
637613 1 -1
637625 20 1
637668 0 -1
637771 2 1
637792 0 -1
637811 4 1
637840 6 -1
637851 3 1
637953 5 -1
638004 0 1
638007 2 -1
638008 1 -1
638055 15 -1
638121 0 1
638125 3 1
638178 4 -1
638186 1 1
638245 0 1
638270 16 -1
638351 0 1
638377 1 -1
638410 5 1
638421 6 1
638448 2 -1
638464 0 -1
638575 0 -1
638587 3 -1
638671 2 1
638676 0 1
638722 10 1
638730 1 1
638754 7 1
638786 11 1
638859 4 1
638872 12 -1
638883 3 1
638888 2 1
638904 5 1
638925 1 -1
638964 0 -1
639023 6 -1
639074 0 1
639103 3 -1
639109 9 1
639117 1 1
639152 2 1
639210 4 -1
639214 0 1
639334 13 -1
639375 7 1
639380 2 -1
639410 8 -1
639447 0 1
639496 1 1
639560 4 -1
639566 0 1
639609 2 1
639619 3 -1
639651 1 1
639711 0 -1
639826 1 1
639842 2 -1
639866 5 -1
639915 3 1
639996 0 -1
640012 6 -1
640012 10 1
640016 1 -1
640044 7 1
640125 0 -1
640135 3 -1
640205 17 -1
640221 4 1
640223 1 -1
640307 0 -1
640318 2 1
640334 8 1
640356 5 1
640399 1 -1
640418 0 1
640463 9 1
640528 0 -1
640549 2 -1
640568 4 1
640584 1 1
640603 3 1
640624 6 1
640646 0 -1
640721 18 -1
640742 11 1
640756 0 -1
640770 2 1
640834 7 1
640861 5 1
640893 12 -1
640898 3 -1
640935 1 -1
640955 4 1
640979 14 1
640998 0 1
641097 0 -1
641108 19 1
641119 6 1
641132 1 1
641197 3 1
641199 2 -1
641221 0 -1
641312 5 -1
641318 1 -1
641334 8 1
641398 13 1
641447 2 -1
641484 0 1
641543 7 1
641602 3 -1
641635 0 1
641640 4 -1
641672 1 -1
641675 2 1
641766 0 1
641799 3 1
641807 5 1
641836 1 -1
641995 4 1
642011 3 1
642021 1 1
642038 0 -1
642097 21 1
642156 0 -1
642167 2 -1
642269 0 -1
642280 5 -1
642290 6 -1
642309 7 1
642350 4 1
642390 1 1
642395 0 -1
642403 3 1
642403 2 1
642497 0 1
642548 11 -1
642579 1 -1
642602 3 -1
642608 2 1
642618 0 1
642696 4 -1
642720 5 1
642747 6 -1
642747 0 1
642763 9 1
642773 1 1
642817 3 -1
642828 2 -1
642970 1 -1
643011 10 1
643056 2 1
643075 7 -1
643080 0 -1
643111 4 -1
643156 1 1
643228 0 1
643231 3 1
643236 8 1
643263 6 -1
643271 2 -1
643343 1 -1
643344 12 -1
643352 0 1
643387 27 1
643470 4 1
643504 1 -1
643505 2 1
643532 3 1
643592 0 1
643639 6 1
643698 5 -1
643705 0 1
643731 9 1
643784 3 1
643803 0 -1
643817 13 1
643837 4 -1
643881 1 -1
643962 2 1
644061 1 1
644061 0 -1
644118 8 -1
644150 5 1
644168 0 1
644182 2 -1
644247 6 -1
644260 1 -1
644335 0 1
644397 10 -1
644413 2 1
644462 14 -1
644472 3 1
644482 4 -1
644483 0 -1
644510 7 -1
644599 1 1
644630 0 1
644677 5 1
644677 6 -1
644753 0 1
644784 1 -1
644816 3 1
644851 0 -1
644857 4 1
644881 2 1
644935 9 -1
644950 1 -1
644988 8 1
645096 6 1
645112 2 -1
645142 0 1
645150 3 1
645163 4 1
645220 7 1
645249 0 -1
645332 1 -1
645357 2 -1
645370 3 -1
645373 0 -1
645510 1 -1
645650 5 -1
645666 3 1
645687 0 -1
645687 1 1
645785 0 1
645795 2 1
645838 15 1
645848 7 1
645872 4 -1
645908 0 1
645940 3 1
646010 2 -1
646010 10 -1
646034 1 -1
646139 5 1
646155 0 -1
646182 11 -1
646192 3 1
646195 1 -1
646214 6 -1
646223 4 1
646260 2 -1
646292 0 -1
646380 1 1
646399 0 1
646531 5 1
646542 4 1
646655 9 -1
646703 2 1
646704 0 1
646767 1 1
646810 0 1
646826 6 1
646912 3 -1
646913 0 -1
646925 1 1
646934 2 -1
646934 8 -1
646956 12 -1
647110 1 -1
647181 2 -1
647187 3 -1
647188 0 1
647287 4 -1
647300 0 1
647300 17 1
647310 6 1
647364 7 1
647412 3 1
647430 0 1
647439 5 1
647493 13 -1
647505 1 -1
647574 4 1
647635 2 -1
647687 18 -1
647707 1 1
647762 0 -1
647869 2 1
647869 8 1
647872 3 -1
647872 1 1
647902 0 -1
647923 9 -1
647932 4 1
647934 5 -1
648022 0 -1
648041 7 1
648095 2 -1
648100 3 1
648116 11 1
648235 1 1
648259 4 1
648305 0 1
648342 3 1
648422 1 -1
648436 0 -1
648482 5 -1
648573 4 1
648579 2 -1
648595 0 1
648610 1 1
648611 6 -1
648675 12 1
648718 14 -1
648740 0 1
648783 10 -1
648788 3 1
648803 1 -1
648804 2 1
648805 8 -1
648877 0 1
648920 7 -1
648955 9 1
648964 4 1
648972 1 1
649011 0 1
649025 2 -1
649030 3 1
649041 6 1
649150 1 -1
649162 0 -1
649250 3 -1
649315 4 -1
649339 1 1
649438 5 1
649452 0 1
649455 2 1
649476 3 1
649514 6 1
649616 0 1
649696 1 -1
649707 2 1
649725 0 -1
649788 3 -1
649858 8 -1
649867 1 -1
649890 5 -1
649922 11 -1
649930 2 -1
649984 4 1
650003 0 1
650008 16 1
650014 3 1
650022 1 -1
650089 10 1
650135 0 1
650161 2 1
650255 3 1
650274 4 1
650298 13 1
650299 7 1
650309 15 -1
650321 0 1
650390 2 -1
650407 1 -1
650422 5 -1
650535 6 -1
650597 1 1
650613 4 1
650637 0 -1
650645 2 1
650735 0 1
650778 1 -1
650782 19 1
650782 20 1
650793 3 1
650841 0 -1
650860 2 -1
650954 8 -1
650992 7 -1
650994 0 1
651013 3 -1
651029 6 -1
651083 9 1
651125 1 1
651166 0 1
651239 3 1
651298 12 1
651317 0 -1
651320 2 -1
651342 1 1
651346 4 -1
651389 5 1
651443 10 -1
651459 6 -1
651476 0 1
651528 1 -1
651551 2 1
651556 22 1
651690 0 1
651706 3 -1
651709 4 1
651717 1 1
651725 7 1
651795 2 1
651819 6 -1
651838 0 -1
651846 5 -1
651891 1 1
651927 3 1
651962 0 -1
652008 8 -1
652084 1 -1
652088 4 -1
652169 3 1
652186 0 1
652260 2 1
652274 1 1
652303 0 1
652319 5 1
652351 6 -1
652370 7 -1
652427 0 -1
652480 9 -1
652513 2 1
652685 1 -1
652712 2 1
652717 3 -1
652741 0 1
652781 6 1
652802 4 -1
652846 13 1
652863 0 1
652870 1 1
652889 8 -1
652972 0 1
652980 3 -1
652999 7 -1
653060 1 -1
653074 0 -1
653104 21 -1
653136 4 -1
653174 6 -1
653182 2 -1
653187 0 1
653222 5 1
653254 9 1
653276 3 1
653308 0 1
653389 2 -1
653408 0 -1
653451 1 -1
653483 4 1
653496 3 -1
653631 2 1
653636 1 1
653652 0 -1
653706 18 1
653717 7 1
653727 11 1
653727 5 1
653749 3 -1
653757 0 -1
653805 4 -1
653809 1 -1
653848 2 -1
653878 0 -1
654012 3 -1
654050 9 -1
654052 2 -1
654104 0 1
654136 10 1
654140 4 -1
654196 1 -1
654238 3 1
654243 5 1
654254 6 -1
654259 0 1
654265 15 1
654286 2 1
654382 1 1
654386 0 -1
654410 7 -1
654528 2 1
654539 1 1
654571 4 -1
654603 0 1
654724 1 -1
654735 0 1
654754 3 1
654802 6 1
654802 8 1
654888 9 1
654910 0 1
654910 17 -1
654910 1 1
654942 4 1
654980 2 1
654996 3 1
655044 0 1
655099 1 -1
655187 0 -1
655200 6 -1
655213 2 -1
655270 3 1
655283 1 1
655286 5 1
655340 14 1
655345 0 1
655394 10 -1
655442 2 1
655485 0 1
655490 16 -1
655641 11 -1
655643 4 -1
655660 1 1
655770 5 -1
655813 9 1
655818 0 -1
655849 1 -1
655861 3 1
655893 2 1
655909 7 1
655920 8 1
655979 0 1
655982 4 -1
656008 1 -1
656111 0 1
656114 3 1
656116 2 -1
656178 6 -1
656329 5 -1
656342 2 1
656349 4 1
656355 1 1
656388 3 1
656396 0 -1
656544 12 -1
656552 0 1
656579 1 1
656659 7 -1
656675 0 1
656683 10 -1
656752 1 -1
656769 9 1
656818 2 -1
656823 6 -1
656834 5 -1
656898 0 -1
656904 3 1
656931 8 1
656974 26 1
657049 0 1
657049 2 1
657090 4 1
657119 1 1
657146 3 1
657197 0 -1
657284 1 1
657285 2 -1
657312 0 -1
657317 5 1
657350 6 -1
657369 7 1
657420 3 1
657436 0 -1
657469 1 -1
657490 25 1
657506 2 1
657514 4 1
657549 0 -1
657647 0 1
657661 3 1
657704 11 -1
657769 2 1
657801 5 -1
657856 1 -1
657866 0 -1
657884 4 -1
657925 3 1
657984 0 -1
658000 2 -1
658005 12 1
658046 1 1
658110 0 -1
658177 3 1
658239 1 -1
658255 2 -1
658274 5 1
658274 6 -1
658358 0 1
658398 3 -1
658468 0 1
658570 4 1
658578 0 -1
658590 1 1
658693 14 1
658694 2 1
658758 8 1
658775 1 -1
658779 6 -1
658780 13 -1
658806 0 1
658820 7 -1
658833 3 1
658884 4 1
658887 9 -1
658908 0 -1
658914 2 -1
658973 1 1
659045 0 -1
659102 3 1
659166 2 -1
659231 4 1
659231 5 -1
659236 0 1
659344 1 -1
659349 3 1
659365 0 1
659424 7 -1
659456 6 -1
659483 0 -1
659529 1 1
659588 2 1
659594 4 -1
659618 10 1
659666 0 1
659682 8 -1
659717 1 -1
659739 3 1
659768 5 -1
659795 2 1
659887 0 1
659897 27 1
659962 3 1
659964 4 1
659994 0 1
660042 2 1
660085 1 -1
660112 9 -1
660150 7 1
660153 0 -1
660155 12 -1
660220 5 1
660241 3 1
660268 6 1
660271 1 1
660299 4 1
660394 0 -1
660444 1 -1
660472 2 -1
660526 0 -1
660553 8 1
660634 4 1
660638 1 1
660725 2 -1
660736 0 1
660757 3 1
660827 1 1
660848 6 -1
660943 2 1
660972 16 1
660972 9 1
660984 0 1
661008 1 -1
661020 3 1
661069 10 -1
661142 0 -1
661166 5 1
661202 1 1
661273 3 1
661284 0 -1
661359 6 -1
661375 2 -1
661407 4 -1
661429 0 1
661488 11 -1
661542 3 1
661573 1 -1
661590 0 -1
661596 2 1
661639 5 -1
661714 4 -1
661730 7 -1
661730 0 1
661782 1 -1
661832 2 -1
661848 3 -1
661864 0 1
661875 13 1
661961 15 1
661968 1 1
661993 6 1
662074 3 1
662117 5 -1
662121 4 -1
662133 19 -1
662181 0 1
662294 0 -1
662308 2 1
662316 3 1
662320 1 -1
662413 8 1
662426 0 -1
662456 7 1
662476 1 -1
662520 14 1
662534 2 -1
662536 10 1
662673 0 1
662675 1 1
662783 2 -1
662789 3 -1
662813 0 1
662859 4 1
662969 0 -1
663016 1 -1
663063 5 -1
663106 3 1
663154 6 1
663201 1 1
663221 4 -1
663238 7 1
663251 0 1
663275 2 1
663348 3 1
663350 0 -1
663362 1 1
663380 9 -1
663434 8 1
663466 11 -1
663501 0 1
663520 5 1
663555 2 1
663568 1 1
663584 4 1
663681 21 -1
663719 0 -1
663751 6 -1
663756 1 -1
663762 7 -1
663762 2 1
663840 0 -1
663912 3 -1
663940 0 1
663943 1 1
664014 5 1
664110 1 1
664165 3 -1
664186 6 -1
664186 0 1
664208 9 1
664245 2 -1
664310 4 1
664364 0 1
664455 7 1
664466 8 1
664471 2 1
664482 5 -1
664491 1 1
664525 3 -1
664560 0 -1
664632 4 1
664636 1 -1
664648 13 -1
664670 12 -1
664697 2 -1
664826 1 1
664874 0 -1
664930 4 1
664952 2 -1
664984 0 1
664998 5 -1
665003 3 -1
665068 6 1
665089 0 -1
665175 2 1
665176 1 -1
665218 3 -1
665229 7 1
665261 10 1
665309 4 -1
665315 11 1
665352 1 1
665358 9 -1
665387 0 -1
665406 2 -1
665414 3 1
665433 5 1
665516 0 -1
665531 1 -1
665573 15 -1
665616 3 -1
665632 0 -1
665651 2 -1
665696 4 1
665758 0 -1
665825 3 -1
665852 6 -1
665864 0 1
665874 16 1
665895 5 -1
665924 1 -1
665938 7 -1
665970 0 1
666019 3 1
666043 4 -1
666089 14 -1
666105 2 -1
666116 1 1
666118 0 1
666218 3 -1
666239 8 1
666303 1 -1
666341 2 1
666352 6 -1
666395 0 -1
666406 4 1
666482 1 1
666513 0 1
666562 2 -1
666648 0 -1
666656 1 1
666680 10 1
666691 12 -1
666707 3 -1
666777 23 1
666809 5 -1
666817 1 1
666895 0 -1
666932 3 1
666982 1 1
667013 0 -1
667029 2 -1
667088 9 1
667121 8 1
667123 0 1
667131 4 1
667142 3 -1
667271 5 1
667287 2 -1
667309 7 1
667361 1 1
667380 0 1
667474 4 -1
667478 0 -1
667513 2 1
667563 1 1
667572 6 1
667588 0 1
667658 3 -1
667669 5 1
667717 0 1
667754 1 -1
667800 4 -1
667870 0 -1
667884 3 -1
667954 2 -1
667991 8 -1
668010 7 -1
668034 9 1
668034 10 -1
668042 0 1
668099 1 1
668158 3 -1
668163 0 1
668174 6 -1
668195 12 1
668198 2 -1
668280 1 1
668324 18 1
668405 2 -1
668427 0 1
668474 1 -1
668522 4 -1
668593 0 -1
668615 6 1
668620 2 1
668625 3 1
668636 5 -1
668728 0 -1
668744 7 1
668846 3 -1
668851 2 -1
668860 4 1
668881 1 1
668980 0 -1
669070 1 -1
669080 2 1
669085 0 1
669088 5 1
669109 9 -1
669141 11 -1
669190 3 -1
669202 0 1
669203 4 1
669256 1 1
669308 2 -1
669415 3 1
669432 0 -1
669518 6 1
669518 10 -1
669561 0 1
669598 5 1
669643 1 1
669657 0 -1
669695 3 -1
669700 14 1
669786 0 -1
669787 2 1
669828 1 -1
669921 6 -1
669923 0 -1
669937 4 1
669937 8 1
670001 3 1
670001 9 1
670023 2 -1
670030 1 1
670095 0 1
670195 7 1
670216 15 -1
670216 0 1
670243 2 1
670308 4 -1
670318 3 -1
670388 13 -1
670396 1 1
670469 0 1
670480 5 -1
670517 6 1
670584 0 -1
670586 1 -1
670646 12 -1
670646 17 -1
670685 0 1
670686 4 1
670705 2 1
670747 1 -1
670824 3 -1
670856 7 -1
670904 24 1
670950 2 1
670953 5 1
671001 10 1
671014 0 -1
671053 4 1
671076 11 1
671076 8 -1
671110 1 -1
671119 3 1
671130 0 -1
671178 2 -1
671235 0 -1
671270 9 1
671279 1 -1
671340 3 -1
671420 5 -1
671444 4 -1
671473 1 1
671501 7 -1
671525 0 -1
671638 0 1
671662 2 1
671667 6 1
671807 0 1
671847 4 -1
671848 1 1
671855 3 -1
671904 2 -1
671936 16 1
671941 5 -1
671993 1 -1
672062 0 1
672076 8 -1
672119 6 -1
672130 2 1
672151 3 1
672154 4 -1
672170 1 -1
672186 0 1
672280 28 -1
672307 0 1
672339 1 -1
672361 2 -1
672393 5 1
672409 12 -1
672430 3 1
672533 1 1
672581 10 1
672586 0 -1
672603 2 1
672678 9 1
672710 22 -1
672714 1 -1
672732 6 1
672745 0 1
672799 4 -1
672828 5 1
672828 2 -1
672877 0 1
672887 3 -1
672908 1 1
672952 7 -1
673011 14 -1
673076 2 1
673097 11 1
673121 4 1
673127 0 1
673194 3 1
673226 5 1
673253 0 1
673282 1 1
673323 13 -1
673401 0 -1
673424 1 -1
673516 4 1
673522 3 1
673527 9 -1
673548 2 -1
673565 7 -1
673607 1 1
673664 0 -1
673688 6 -1
673777 2 1
673798 0 1
673914 8 -1
673919 0 1
673956 1 -1
673973 3 1
673995 2 -1
674000 15 1
674038 0 1
674081 10 -1
674129 1 -1
674142 0 -1
674215 3 1
674239 0 1
674247 5 1
674266 7 1
674298 4 -1
674310 1 1
674344 6 -1
674355 0 1
674446 2 -1
674494 3 1
674591 0 -1
674645 12 1
674661 4 -1
674661 1 -1
674709 5 -1
674736 2 -1
674774 18 1
674779 0 1
674806 6 -1
674817 8 1
674830 1 -1
674860 21 1
674927 0 1
674959 2 1
674989 11 -1
675016 4 1
675024 1 1
675086 3 1
675096 7 1
675161 5 1
675185 1 1
675212 0 -1
675354 0 1
675358 1 1
675381 2 -1
675419 3 1
675459 0 -1
675536 1 -1
675602 9 1
675634 2 1
675634 8 1
675639 3 -1
675639 6 1
675684 0 1
675709 7 1
675717 4 1
675725 1 1
675798 0 1
675905 2 1
675943 0 1
675999 6 1
676048 0 -1
676064 4 -1
676064 26 1
676092 1 -1
676120 2 -1
676134 5 -1
676155 3 -1
676158 0 -1
676236 14 -1
676294 1 -1
676298 0 1
676322 20 -1
676322 13 1
676338 7 1
676349 2 1
676359 3 1
676408 9 -1
676418 0 1
676451 4 1
676455 1 -1
676558 3 -1
676574 2 -1
676641 0 -1
676649 5 -1
676698 6 1
676776 0 -1
676778 2 -1
676807 1 1
676889 0 1
676924 12 -1
676961 3 1
676995 1 -1
677010 11 -1
677101 5 1
677101 0 -1
677112 7 -1
677155 3 -1
677203 6 1
677212 4 -1
677213 1 -1
677235 2 -1
677257 10 1
677260 0 1
677370 3 -1
677402 0 -1
677483 2 -1
677499 4 -1
677563 1 1
677569 9 1
677571 3 1
677644 6 1
677655 0 1
677711 2 1
677719 8 1
677759 1 -1
677773 0 1
677783 3 1
677890 4 1
677918 1 -1
677945 5 -1
677952 0 1
677982 3 -1
678055 0 -1
678103 1 1
678160 6 1
678176 3 1
678187 0 -1
678187 2 -1
678285 1 1
678375 0 1
678394 7 1
678407 5 1
678407 8 -1
678412 2 1
678471 15 -1
678484 1 1
678490 0 -1
678514 16 1
678534 4 -1
678590 3 -1
678622 6 -1
678623 1 -1
678635 2 -1
678719 0 -1
678786 3 1
678815 11 1
678837 0 -1
678869 5 -1
678877 4 -1
678934 10 1
678942 0 1
678998 3 -1
678998 1 -1
679073 2 1
679111 7 -1
679170 1 -1
679179 4 -1
679216 0 -1
679270 2 1
679288 17 -1
679325 1 -1
679331 8 1
679342 5 1
679364 0 1
679487 3 -1
679493 2 -1
679505 0 1
679589 6 1
679659 7 1
679694 1 -1
679718 3 -1
679718 2 1
679777 0 -1
679836 5 -1
679847 27 1
679877 1 -1
679914 3 1
679917 4 -1
679929 0 1
679968 2 1
680054 0 1
680070 1 1
680116 6 1
680191 29 1
680194 2 -1
680202 9 1
680269 0 -1
680288 5 1
680320 3 -1
680331 8 1
680340 4 -1
680387 1 1
680422 0 1
680430 2 1
680516 3 1
680578 10 1
680580 1 -1
680584 0 -1
680621 11 -1
680715 4 1
680729 3 1
680739 6 -1
680768 1 1
680793 5 1
680850 0 -1
680906 2 -1
680922 3 -1
680957 1 -1
680987 12 1
680992 0 1
681092 0 1
681110 7 1
681114 1 -1
681118 3 1
681132 2 1
681245 8 -1
681304 1 1
681309 0 -1
681309 9 -1
681310 18 -1
681363 2 -1
681422 3 -1
681456 0 1
681465 4 1
681477 1 -1
681568 0 1
681718 5 1
681723 7 1
681734 6 1
681739 3 1
681771 4 1
681820 2 -1
681821 0 1
681860 1 -1
681933 0 1
681999 1 1
682043 0 -1
682066 4 1
682072 2 -1
682169 15 -1
682169 8 1
682193 1 -1
682223 5 1
682223 6 -1
682226 0 -1
682255 13 -1
682293 2 1
682336 0 1
682341 3 1
682420 4 1
682432 7 -1
682454 0 1
682525 1 -1
682610 0 -1
682642 9 -1
682685 3 1
682685 5 -1
682706 1 1
682747 4 1
682750 2 1
682771 6 1
682846 0 -1
682878 1 1
682916 10 1
682970 2 -1
682978 0 -1
682986 12 1
683029 3 1
683072 8 -1
683084 0 1
683142 4 -1
683174 2 -1
683251 1 1
683330 14 -1
683384 0 1
683408 2 1
683444 1 -1
683513 4 1
683540 0 -1
683631 2 -1
683642 1 1
683650 0 -1
683663 5 -1
683714 7 1
683717 3 1
683824 6 -1
683835 1 -1
683857 2 1
683988 0 1
684041 1 -1
684061 3 1
684061 16 -1
684088 2 -1
684147 0 -1
684158 5 -1
684182 4 -1
684226 1 1
684303 0 1
684335 7 1
684367 3 -1
684383 6 1
684410 1 -1
684437 0 1
684448 9 1
684448 10 -1
684491 11 1
684516 4 -1
684534 2 -1
684596 0 -1
684630 5 1
684717 0 -1
684760 6 -1
684780 1 -1
684784 2 -1
684819 4 -1
684824 0 1
684835 3 1
684867 7 -1
684899 19 1
684982 1 1
684985 8 1
684996 2 -1
685028 13 1
685066 3 -1
685093 17 -1
685120 0 -1
685173 1 -1
685230 0 1
685265 6 -1
685340 0 1
685351 23 1
685447 3 1
685472 2 1
685536 4 -1
685544 1 1
685563 0 -1
685566 12 1
685576 5 1
685649 7 -1
685681 0 -1
685700 2 -1
685730 1 -1
685743 6 -1
685754 3 -1
685770 10 -1
685802 0 -1
685845 9 1
685867 20 1
685903 1 1
685910 8 -1
685923 4 -1
685947 2 -1
685980 3 1
686023 0 1
686028 5 -1
686205 0 1
686232 6 -1
686254 4 -1
686262 1 -1
686286 7 -1
686307 3 1
686329 0 -1
686415 2 -1
686463 1 -1
686488 0 1
686490 5 1
686555 15 1
686565 3 1
686576 11 1
686603 0 1
686635 1 -1
686635 2 1
686708 0 -1
686770 14 1
686823 8 1
686834 1 1
686845 6 1
686861 0 1
686888 2 1
686920 9 -1
686999 4 -1
687003 1 -1
687011 7 1
687054 5 1
687108 2 -1
687167 3 1
687177 1 -1
687197 0 -1
687307 0 -1
687342 4 -1
687358 1 -1
687364 2 -1
687459 0 1
687474 3 -1
687576 5 1
687576 2 -1
687699 3 1
687705 4 1
687737 13 -1
687745 1 1
687756 0 1
687810 7 1
687823 2 -1
687901 0 1
687909 9 -1
687932 1 -1
687963 6 1
688059 5 -1
688070 0 1
688076 4 -1
688116 1 1
688124 3 -1
688280 2 -1
688320 3 1
688344 0 -1
688382 6 -1
688406 4 1
688460 0 -1
688483 1 -1
688527 2 -1
688527 10 -1
688532 3 1
688586 0 -1
688597 5 -1
688680 1 1
688747 11 1
688748 8 -1
688758 2 1
688764 0 -1
688769 4 1
688852 1 -1
688876 9 -1
688925 3 1
688949 0 -1
689032 6 -1
689097 0 1
689124 3 -1
689140 4 -1
689200 1 1
689204 7 1
689215 2 1
689220 12 -1
689270 0 1
689333 3 -1
689345 1 -1
689449 2 -1
689478 24 1
689481 0 -1
689527 3 1
689539 1 1
689543 9 -1
689564 5 1
689613 0 -1
689650 8 1
689666 2 1
689712 0 1
689740 1 1
689812 3 -1
689865 10 1
689914 4 1
689926 1 -1
689930 7 -1
689962 5 1
689973 6 -1
690008 3 1
690010 0 -1
690099 1 -1
690115 0 -1
690134 2 1
690220 3 1
690252 13 -1
690260 0 1
690276 4 -1
690293 1 1
690354 2 -1
690413 5 -1
690467 9 -1
690499 6 -1
690578 0 1
690583 4 -1
690596 8 -1
690602 2 -1
690668 1 -1
690672 7 1
690704 0 1
690747 3 1
690768 14 1
690844 0 -1
690865 1 1
690981 0 -1
691026 6 1
691042 3 1
691044 1 -1
691069 2 -1
691091 10 1
691093 0 1
691244 0 -1
691257 3 -1
691276 4 1
691290 2 1
691338 5 -1
691393 0 1
691417 1 1
691521 2 -1
691542 30 -1
691603 1 -1
691623 0 1
691671 4 1
691764 1 -1
691765 0 1
691800 3 1
691881 0 -1
691886 5 -1
691886 12 -1
691999 2 -1
692042 4 -1
692042 7 -1
692047 6 1
692074 3 1
692131 1 -1
692198 0 1
692209 9 1
692219 2 1
692262 8 1
692294 1 -1
692294 11 1
692343 0 1
692370 3 -1
692407 5 -1
692456 6 -1
692461 0 1
692461 2 -1
692477 1 1
692735 10 1
692743 7 1
692773 0 1
692776 4 -1
692836 1 -1
692880 3 -1
692882 0 -1
692940 2 1
692995 0 1
693022 1 1
693047 6 1
693130 4 -1
693155 0 -1
693155 8 -1
693176 3 1
693179 1 1
693190 2 1
693230 9 1
693259 0 -1
693348 7 1
693356 0 1
693396 3 -1
693412 13 -1
693415 2 -1
693418 5 -1
693445 4 -1
693496 0 -1
693570 1 -1
693598 3 1
693731 1 -1
693746 6 1
693778 0 1
693840 4 -1
693853 5 -1
693864 12 -1
693869 3 1
693875 2 -1
693906 1 1
693939 8 -1
693950 0 -1
694025 10 1
694060 0 1
694127 2 -1
694170 3 -1
694219 4 1
694247 1 -1
694251 16 1
694294 9 1
694315 11 1
694332 2 -1
694348 6 -1
694358 5 -1
694380 15 -1
694404 0 -1
694428 1 1
694466 3 1
694552 0 1
694553 4 -1
694584 2 1
694614 1 -1
694681 8 1
694721 0 -1
694767 19 1
694767 7 1
694788 6 -1
694810 5 1
694815 2 -1
694932 4 1
694960 1 1
694982 3 1
695042 0 1
695079 2 -1
695150 1 -1
695154 26 1
695186 6 1
695216 0 1
695250 5 -1
695256 3 1
695310 2 1
695337 0 1
695343 1 1
695412 10 -1
695447 0 -1
695492 7 -1
695498 3 1
695527 1 -1
695562 8 -1
695581 0 -1
695613 4 1
695670 28 1
695689 0 1
695718 1 1
695761 2 1
695766 5 -1
695799 17 1
695815 0 1
695842 18 -1
695871 1 -1
695980 4 -1
695992 2 -1
696014 3 1
696024 1 -1
696038 0 -1
696135 0 1
696186 11 -1
696218 5 1
696223 2 1
696234 3 -1
696250 7 1
696261 0 1
696293 6 -1
696355 4 -1
696416 1 -1
696476 13 1
696489 0 1
696530 3 1
696530 8 -1
696599 1 1
696660 0 1
696680 9 -1
696696 2 -1
696702 20 1
696770 1 1
696777 0 1
696852 6 1
696911 10 -1
696933 2 1
696976 3 1
697046 27 1
697083 0 1
697129 4 -1
697157 1 1
697164 2 -1
697201 5 -1
697234 0 1
697244 6 -1
697336 3 1
697351 1 -1
697352 0 1
697476 8 1
697496 4 1
697544 1 1
697572 3 1
697637 2 1
697648 15 1
697658 0 -1
697674 5 1
697790 7 -1
697795 0 -1
697830 3 1
697830 9 1
697866 4 -1
697868 2 -1
697895 1 -1
697911 0 -1
698084 1 1
698088 5 1
698112 2 -1
698137 3 -1
698153 0 -1
698251 0 1
698278 1 -1
698341 2 1
698362 3 1
698401 0 -1
698491 7 -1
698493 1 -1
698508 14 -1
698572 2 -1
698593 6 -1
698604 3 1
698620 4 -1
698680 9 -1
698685 1 1
698731 0 -1
698803 2 1
698830 12 1
698843 0 1
698880 1 -1
698927 4 -1
698959 5 -1
699018 0 1
699034 6 1
699048 2 1
699050 3 1
699064 1 1
699225 0 1
699249 13 -1
699265 4 1
699281 7 -1
699378 3 1
699389 8 -1
699394 0 1
699404 1 -1
699464 6 -1
699475 5 -1
699523 2 1
699529 0 1
699584 1 1
699628 4 -1
699666 0 1
699736 3 1
699767 1 -1
699781 2 1
699806 0 1
699840 11 -1
699953 0 -1
699969 5 -1
699991 4 -1
700004 2 -1
700007 10 1
700088 1 -1
700090 0 1
700141 3 -1
700265 1 -1
700292 8 1
700319 0 -1
700329 4 1
700338 3 1
700399 12 -1
700417 0 1
700454 1 1
700464 2 -1
700550 3 1
700560 6 1
700612 0 -1
700636 16 1
700676 7 1
700695 2 1
700704 4 -1
700817 1 -1
700872 15 1
700883 5 -1
700888 0 1
700894 9 1
700939 3 1
700940 2 1
701011 1 1
701051 0 1
701152 3 1
701152 6 -1
701173 0 1
701204 1 -1
701206 8 -1
701281 10 1
701345 3 -1
701365 4 -1
701369 2 -1
701374 1 -1
701386 7 -1
701420 5 -1
701504 0 -1
701541 3 1
701560 11 1
701567 1 1
701592 2 1
701600 0 1
701724 4 1
701724 0 1
701750 1 -1
701754 3 1
701754 6 -1
701824 0 -1
701824 2 -1
701931 0 -1
701936 5 -1
701947 3 -1
701954 1 1
702038 4 1
702039 0 1
702068 2 -1
702103 7 1
702119 9 -1
702141 6 1
702184 0 -1
702259 3 1
702302 2 1
702307 1 -1
702377 14 1
702423 0 1
702447 5 -1
702486 1 -1
702533 0 1
702533 2 -1
702549 21 -1
702603 10 -1
702635 17 -1
702662 0 1
702667 6 1
702679 1 1
702753 2 1
702756 4 1
702775 3 1
702839 5 -1
702982 0 -1
703044 8 -1
703062 4 1
703070 3 -1
703072 1 -1
703078 0 1
703162 6 1
703178 2 -1
703237 18 -1
703242 1 -1
703258 5 -1
703261 0 1
703275 3 1
703280 12 1
703387 11 -1
703401 1 -1
703420 2 1
703433 4 -1
703538 19 1
703565 0 1
703586 7 1
703592 9 1
703670 2 1
703710 6 1
703733 0 1
703774 5 -1
703776 1 -1
703796 3 1
703850 0 1
703925 23 -1
703969 1 1
703995 0 1
704075 3 1
704100 0 -1
704108 2 -1
704140 8 -1
704153 1 -1
704159 4 1
704264 7 1
704274 0 -1
704312 3 1
704328 2 1
704336 1 -1
704355 9 -1
704398 0 -1
704522 1 1
704565 2 -1
704570 4 1
704624 0 -1
704634 6 -1
704723 1 -1
704734 0 1
704774 5 1
704824 4 -1
704828 3 1
704874 0 -1
704900 1 1
704941 7 1
705000 8 1
705054 2 1
705118 3 1
705150 11 1
705150 13 1
705183 4 -1
705188 0 1
705215 9 -1
705236 6 1
705263 1 -1
705271 2 -1
705312 5 1
705312 0 1
705371 3 -1
705408 0 -1
705457 1 1
705494 2 1
705570 4 -1
705570 10 1
705654 1 -1
705704 0 1
705709 6 1
705725 2 -1
705731 12 -1
705795 3 1
705822 5 1
705836 0 1
705900 4 -1
705970 2 -1
705989 3 -1
706001 1 1
706006 0 1
706075 9 1
706166 0 1
706184 1 -1
706188 3 1
706214 4 -1
706215 2 1
706231 7 -1
706247 16 -1
706327 0 1
706333 14 1
706352 1 -1
706456 0 1
706464 2 1
706591 0 1
706596 3 -1
706698 5 -1
706757 1 -1
706763 11 1
706800 3 1
706862 0 1
706927 2 1
706928 1 -1
706972 4 -1
706972 7 1
706978 8 -1
706988 10 -1
706999 3 -1
707048 0 1
707101 1 1
707139 6 1
707150 5 1
707155 2 -1
707190 0 -1
707279 15 -1
707297 1 -1
707327 4 1
707375 9 1
707386 2 1
707402 3 1
707452 1 -1
707510 0 -1
707537 17 1
707585 7 1
707601 3 -1
707612 5 -1
707660 1 -1
707666 6 -1
707671 0 1
707718 4 -1
707811 3 -1
707831 1 -1
707843 0 -1
707859 2 -1
707924 12 1
707934 8 -1
708052 6 1
708093 0 1
708096 2 1
708117 13 1
708210 1 -1
708214 7 1
708214 0 1
708235 3 1
708316 2 -1
708343 0 1
708343 10 1
708403 1 1
708415 4 -1
708429 3 -1
708458 0 -1
708571 0 1
708579 5 1
708581 1 -1
708625 3 1
708671 0 -1
708770 4 -1
708794 2 1
708810 0 1
708837 3 1
708891 8 1
708912 11 1
708912 6 -1
708931 1 -1
708939 7 -1
709009 0 1
709031 3 -1
709044 2 1
709084 25 1
709085 18 -1
709117 5 1
709117 1 1
709141 4 1
709195 0 -1
709238 3 1
709273 2 -1
709302 1 -1
709342 0 1
709450 3 1
709471 2 -1
709472 9 1
709504 6 1
709559 0 1
709625 1 -1
709633 5 1
709665 0 1
709673 7 1
709721 2 -1
709772 0 -1
709810 1 1
709858 3 1
709901 12 1
709931 4 -1
709944 6 1
709944 2 -1
709997 1 -1
710009 0 -1
710052 8 -1
710116 31 -1
710122 3 1
710130 0 -1
710192 2 -1
710201 1 1
710236 0 1
710282 4 1
710342 3 1
710386 1 -1
710393 0 -1
710417 6 1
710471 9 1
710546 5 1
710552 7 -1
710572 1 1
710581 0 -1
710616 4 1
710648 2 -1
710675 11 -1
710729 0 1
710732 3 1
710755 1 -1
710810 6 -1
710850 2 -1
710901 0 1
710906 4 1
710955 3 1
711030 5 -1
711078 2 1
711105 8 -1
711112 1 1
711138 0 1
711148 3 -1
711164 10 1
711172 4 -1
711213 13 -1
711223 6 -1
711240 0 -1
711289 1 1
711397 0 1
711475 1 -1
711492 9 1
711503 5 1
711538 2 1
711543 4 1
711567 3 1
711653 6 1
711659 0 1
711761 2 -1
711769 0 -1
711838 1 1
711858 4 1
711887 0 1
711895 3 -1
711922 7 1
711997 2 1
712008 15 1
712008 8 1
712023 1 -1
712116 3 -1
712137 12 -1
712175 0 1
712204 1 1
712285 0 -1
712312 3 1
712406 10 1
712419 0 -1
712470 2 -1
712524 3 1
712529 5 1
712551 4 -1
712591 0 -1
712603 1 1
712691 2 1
712712 7 -1
712739 6 -1
712750 0 1
712779 1 -1
712814 3 1
712857 0 -1
712898 4 1
712911 8 -1
712932 5 1
712946 2 1
712955 0 1
712974 1 -1
713051 3 1
713168 1 1
713169 2 -1
713212 27 1
713260 0 1
713276 4 -1
713320 9 -1
713325 7 -1
713333 1 1
713373 2 -1
713381 0 1
713459 5 1
713459 6 -1
713497 3 1
713522 1 -1
713537 0 -1
713604 2 1
713712 1 1
713733 3 1
713819 2 -1
713836 0 1
713889 10 -1
713900 28 1
713921 4 -1
713932 3 -1
714018 0 1
714058 1 -1
714061 6 1
714131 0 1
714158 14 -1
714240 1 1
714279 2 -1
714316 4 -1
714335 3 1
714384 9 1
714405 5 1
714405 0 1
714425 1 -1
714529 2 -1
714534 3 -1
714545 0 -1
714647 4 -1
714695 11 -1
714695 0 1
714717 8 -1
714744 3 -1
714763 2 1
714768 7 -1
714804 1 -1
714916 5 1
714994 1 1
715015 0 1
715125 0 1
715158 3 1
715179 1 1
715179 10 1
715190 9 -1
715236 2 1
715256 0 1
715265 6 1
715324 5 1
715340 7 1
715360 4 -1
715448 3 1
715464 2 -1
715538 1 1
715582 0 -1
715675 4 -1
715698 3 1
715703 0 -1
715711 2 -1
715727 8 -1
715764 1 1
715805 0 1
715878 6 -1
715910 3 1
715921 16 -1
715921 1 1
715977 4 -1
716018 7 -1
716061 0 1
716104 3 -1
716168 2 -1
716179 15 -1
716179 0 1
716272 1 -1
716276 0 -1
716308 24 -1
716313 3 1
716335 5 1
716335 6 -1
716348 4 1
716404 2 1
716437 10 1
716465 1 1
716512 3 -1
716550 0 1
716566 20 1
716609 11 1
716625 2 -1
716662 4 1
716670 1 -1
716716 0 1
716716 8 1
716743 5 1
716845 0 1
716877 2 -1
716888 13 -1
716915 3 1
716931 12 -1
716969 4 1
716985 0 1
717027 1 1
717095 0 -1
717108 2 1
717114 3 -1
717200 5 -1
717211 1 -1
717229 0 -1
717264 9 1
717323 3 -1
717329 6 -1
717332 4 -1
717353 2 1
717361 0 -1
717382 1 -1
717444 7 -1
717579 2 -1
717659 0 1
717684 14 1
717710 5 -1
717716 3 -1
717759 10 -1
717775 1 -1
717834 0 1
717920 6 1
717925 3 -1
717944 0 -1
717956 1 1
718028 21 -1
718044 2 -1
718097 4 -1
718114 7 -1
718119 3 1
718124 5 -1
718138 1 -1
718192 0 1
718291 2 -1
718369 0 1
718393 9 -1
718420 4 -1
718458 8 -1
718490 2 -1
718519 0 -1
718521 1 -1
718592 3 1
718597 5 1
718608 6 1
718629 11 1
718682 1 -1
718758 4 1
718788 0 1
718807 7 1
718865 1 1
718888 17 -1
718904 0 1
718955 3 1
718963 2 -1
718973 12 -1
718984 10 -1
719003 0 -1
719053 1 -1
719108 5 1
719135 6 1
719167 3 1
719172 0 1
719205 2 1
719238 1 1
719280 0 -1
719360 3 -1
719382 8 1
719395 1 1
719412 0 -1
719428 2 -1
719468 4 1
719468 9 1
719508 7 -1
719518 0 1
719552 1 1
719556 3 1
719565 13 1
719704 6 -1
719737 0 -1
719769 3 1
719839 4 -1
719860 0 -1
719901 2 1
719954 1 -1
719962 3 -1
719976 0 -1
720027 5 1
720129 2 -1
720141 1 -1
720161 7 -1
720210 4 1
720210 0 -1
720314 0 1
720326 1 1
720328 6 1
720355 2 1
720371 3 1
720371 8 1
720414 0 -1
720543 5 1
720607 14 -1
720650 12 1
720666 3 1
720683 0 -1
720726 1 1
720747 6 1
720822 2 1
720828 0 1
720863 7 1
720891 4 -1
720908 3 1
720911 1 -1
720989 0 -1
721000 5 -1
721043 2 -1
721102 0 -1
721108 1 -1
721200 0 1
721225 4 -1
721290 2 -1
721354 3 1
721360 0 -1
721451 1 -1
721516 0 -1
721540 7 -1
721580 4 1
721596 3 1
721616 1 1
721677 10 -1
721725 6 1
721758 2 -1
721766 0 -1
721816 3 -1
721834 1 1
721854 9 1
721873 0 1
721902 5 -1
721978 2 1
722020 1 -1
722021 0 -1
722112 13 1
722112 16 -1
722179 1 -1
722230 2 1
722252 6 1
722284 3 1
722306 4 -1
722306 8 -1
722316 0 1
722354 5 1
722354 1 -1
722464 0 -1
722504 3 -1
722535 1 1
722580 0 -1
722706 2 -1
722729 4 -1
722730 3 1
722757 6 1
722800 11 1
722811 5 -1
722886 7 1
722900 0 1
722902 1 1
722918 2 -1
722972 3 1
723026 0 1
723094 1 -1
723104 4 1
723166 2 -1
723192 3 -1
723203 0 1
723230 9 1
723241 10 1
723252 8 1
723267 1 -1
723364 0 -1
723418 3 1
723477 0 -1
723488 14 -1
723515 7 1
723531 17 1
723577 0 1
723579 6 -1
723620 1 1
723622 2 -1
723660 3 1
723735 5 -1
723738 0 -1
723789 4 -1
723793 1 1
723870 2 -1
723875 18 -1
723991 1 -1
724068 6 -1
724074 0 1
724101 2 1
724106 3 1
724160 4 1
724187 9 1
724203 5 1
724211 0 1
724240 7 -1
724262 8 1
724332 0 1
724337 2 -1
724349 1 1
724418 3 -1
724477 15 1
724523 4 -1
724558 2 1
724567 1 1
724614 0 1
724638 6 -1
724643 3 1
724703 5 -1
724719 0 -1
724752 1 -1
724756 11 1
724756 10 -1
724810 2 1
724817 0 1
724950 1 1
725036 2 -1
725074 0 1
725079 22 1
725079 25 1
725106 3 -1
725127 1 -1
725154 5 1
725184 0 -1
725240 4 1
725262 8 1
725309 1 1
725323 0 -1
725331 3 1
725358 12 -1
725498 1 1
725509 0 -1
725522 2 -1
725573 3 1
725607 4 -1
725627 7 1
725638 6 -1
725648 5 1
725657 0 1
725745 2 1
725833 0 1
725857 1 1
725950 4 -1
725951 0 1
725998 2 1
726019 3 1
726038 1 1
726121 5 -1
726154 14 1
726197 8 -1
726197 9 1
726218 3 -1
726218 6 -1
726232 1 1
726250 0 1
726377 7 -1
726414 0 -1
726428 3 -1
726455 2 1
726525 0 1
726582 1 -1
726584 5 1
726621 3 1
726667 4 -1
726670 11 -1
726691 6 -1
726705 2 1
726776 1 1
726818 0 -1
726820 3 -1
726930 2 -1
726937 1 1
726951 0 1
726989 4 -1
727014 16 -1
727035 3 -1
727054 7 1
727097 0 1
727153 6 -1
727207 8 -1
727231 3 1
727304 10 1
727316 1 1
727372 4 -1
727387 0 -1
727395 2 -1
727422 9 -1
727510 1 -1
727540 0 1
727573 5 -1
727637 3 -1
727637 6 -1
727642 2 -1
727648 0 -1
727695 1 1
727702 12 1
727731 4 1
727744 15 1
727746 0 1
727787 19 -1
727788 13 -1
727833 3 1
727864 1 1
727868 2 1
727906 0 1
728016 0 -1
728046 3 1
728050 1 -1
728072 5 -1
728086 4 -1
728099 2 -1
728129 0 1
728153 8 1
728207 6 1
728259 1 -1
728336 2 1
728433 9 1
728435 1 -1
728435 3 1
728449 7 1
728462 0 -1
728465 4 1
728486 5 -1
728556 2 -1
728594 0 1
728642 10 -1
728647 3 1
728680 6 1
728704 0 -1
728779 1 1
728809 2 -1
728841 3 -1
728856 4 1
728862 14 -1
728961 1 1
729034 0 1
729094 7 1
729145 0 -1
729146 1 -1
729249 3 1
729284 2 1
729306 0 -1
729432 5 1
729454 6 1
729475 3 -1
729497 2 1
729507 1 -1
729556 0 -1
729581 4 -1
729668 1 -1
729706 7 1
729717 0 -1
729722 20 -1
729722 12 -1
729723 23 1
729744 3 1
729747 2 1
729822 0 1
729855 1 1
729905 5 -1
729937 3 -1
729939 0 1
729940 4 1
729959 6 -1
729996 10 1
730045 0 -1
730133 3 1
730163 8 1
730201 2 1
730210 1 -1
730211 0 -1
730238 17 -1
730311 4 -1
730346 3 1
730356 6 1
730373 0 1
730400 13 1
730400 1 1
730424 2 -1
730432 5 -1
730464 7 -1
730539 3 -1
730587 1 -1
730649 2 1
730679 0 -1
730766 1 1
730795 0 -1
730862 9 -1
730924 0 -1
730932 3 -1
730936 1 1
730948 11 1
731081 4 -1
731098 8 -1
731125 2 -1
731127 1 -1
731206 7 -1
731243 3 1
731278 0 -1
731331 1 1
731345 5 -1
731362 2 1
731367 6 1
731394 0 -1
731468 4 1
731485 3 1
731507 0 -1
731528 9 -1
731628 2 1
731734 1 -1
731743 14 -1
731749 0 -1
731813 5 1
731826 4 -1
731835 2 1
731904 6 1
731915 7 1
731923 1 1
731926 0 -1
731931 3 1
732023 8 1
732082 2 1
732105 1 -1
732111 0 -1
732173 3 1
732270 5 -1
732313 2 -1
732393 3 -1
732432 0 1
732443 1 -1
732453 6 -1
732517 15 -1
732528 4 1
732541 0 1
732549 2 1
732627 1 1
732697 0 -1
732705 7 1
732721 10 -1
732786 5 -1
732814 1 -1
732840 9 -1
732861 11 -1
732861 3 1
732866 4 -1
732882 13 1
732998 0 1
733022 2 -1
733081 3 -1
733154 0 -1
733181 4 -1
733183 1 -1
733226 5 1
733248 2 1
733256 0 1
733307 3 1
733334 18 -1
733370 1 1
733479 2 -1
733536 4 1
733552 1 1
733565 0 1
733613 6 -1
733665 0 -1
733699 5 -1
733741 1 -1
733769 3 -1
733804 0 -1
733874 4 1
733947 1 -1
733947 8 -1
733952 2 1
733963 3 1
734060 7 -1
734076 10 1
734084 0 1
734142 1 1
734162 3 -1
734186 2 -1
734237 5 -1
734237 6 1
734237 0 -1
734269 4 -1
734326 1 -1
734344 0 1
734414 2 1
734476 0 1
734565 3 1
734597 0 1
734656 6 1
734676 4 -1
734690 1 1
734713 0 -1
734721 7 1
734809 0 1
734817 11 -1
734844 3 1
734866 1 1
734882 12 1
734882 26 -1
734893 2 -1
734946 8 -1
735043 0 1
735051 1 -1
735054 21 1
735086 3 1
735129 2 1
735153 0 -1
735188 5 1
735290 9 -1
735336 0 -1
735347 2 -1
735353 4 1
735382 7 -1
735441 6 1
735442 1 1
735532 3 1
735559 10 -1
735564 0 1
735581 2 1
735591 13 -1
735624 5 -1
735628 1 -1
735680 4 1
735726 0 -1
735774 3 1
735789 1 -1
735801 2 -1
735847 0 -1
735892 8 1
735994 3 -1
736000 6 1
736054 2 -1
736062 0 1
736075 5 1
736079 4 1
736123 1 1
736209 0 -1
736285 2 1
736305 1 -1
736360 0 1
736466 1 -1
736473 6 1
736483 3 1
736510 0 -1
736559 17 -1
736660 1 1
736680 0 -1
736688 7 1
736736 2 1
736774 3 -1
736774 9 1
736795 0 -1
736845 1 -1
736873 4 1
736881 11 -1
736903 12 1
736908 0 -1
736913 10 1
736983 3 -1
736989 2 1
737006 1 -1
737010 5 1
737118 14 -1
737150 0 -1
737177 3 1
737196 1 1
737214 2 -1
737236 4 -1
737247 6 1
737248 0 1
737333 7 1
737370 0 1
737376 3 -1
737494 5 1
737579 1 1
737585 3 -1
737595 4 1
737666 6 1
737677 0 1
737677 2 -1
737740 1 1
737779 3 1
737851 0 -1
737902 8 1
737913 9 -1
737924 2 -1
737925 1 -1
737934 5 1
737988 0 1
738010 7 -1
738096 6 -1
738152 2 1
738187 3 -1
738252 10 -1
738300 13 1
738312 1 -1
738319 0 -1
738381 3 1
738385 4 -1
738426 0 1
738498 1 1
738545 0 1
738580 3 -1
738628 2 -1
738663 0 1
738667 1 1
738695 4 -1
738768 0 -1
738794 11 1
738838 8 -1
738838 9 -1
738859 2 1
738902 5 -1
738918 0 1
738983 3 1
739062 1 -1
739066 4 1
739071 0 -1
739095 12 -1
739096 2 -1
739138 16 1
739171 6 1
739181 3 -1
739237 1 -1
739316 2 1
739344 0 1
739356 4 -1
739386 5 -1
739391 3 -1
739396 1 -1
739437 7 -1
739468 0 1
739568 2 1
739574 0 -1
739687 10 1
739762 8 1
739762 9 -1
739763 1 1
739775 4 -1
739783 3 -1
739794 2 -1
739802 0 -1
739816 6 -1
739848 5 1
739903 0 1
739949 1 -1
740009 3 -1
740041 15 -1
740044 2 -1
740055 0 -1
740058 7 -1
740106 4 -1
740156 1 -1
740205 3 1
740246 5 1
740299 6 -1
740356 0 1
740418 3 1
740469 4 1
740495 1 1
740504 2 -1
740520 0 1
740600 14 1
740611 3 -1
740624 0 -1
740670 1 1
740686 9 -1
740697 5 -1
740735 7 1
740740 2 1
740751 8 1
740807 3 1
740815 11 1
740853 0 1
740860 1 -1
740955 0 -1
740987 2 -1
741019 3 1
741057 0 1
741073 18 -1
741146 4 -1
741170 5 1
741170 10 1
741202 19 1
741255 1 -1
741331 13 1
741339 0 -1
741428 7 -1
741440 1 1
741441 2 -1
741455 0 1
741503 6 -1
741514 3 1
741533 4 -1
741592 0 1
741621 1 -1
741664 5 1
741675 2 1
741734 3 -1
741804 8 1
741834 0 -1
741855 4 -1
741925 2 1
741933 9 1
741941 0 -1
741944 6 1
741960 3 1
741972 1 1
742047 0 1
742137 7 1
742202 1 -1
742272 0 -1
742387 1 1
742395 0 -1
742401 2 -1
742422 3 -1
742514 0 -1
742528 4 1
742549 1 1
742562 6 -1
742605 5 1
742626 0 -1
742627 2 1
742648 3 1
742726 0 1
742750 1 -1
742836 11 1
742839 0 1
742847 8 1
742858 2 -1
742890 3 1
742919 7 -1
742944 1 1
742948 4 1
742952 0 -1
743030 6 -1
743051 12 -1
743094 2 1
743105 5 1
743131 1 -1
743223 15 1
743253 0 -1
743314 2 -1
743318 4 -1
743336 3 1
743349 0 1
743395 20 1
743459 6 -1
743464 1 -1
743478 0 1
743567 5 -1
743567 2 -1
743578 3 1
743645 1 1
743693 7 1
743793 2 1
743798 3 -1
743806 0 -1
743824 1 -1
743846 6 1
743890 8 1
743922 0 -1
743927 10 1
743975 13 -1
744024 3 1
744028 4 -1
744043 0 -1
744205 1 -1
744268 0 1
744269 2 -1
744319 3 -1
744322 4 1
744330 6 -1
744381 1 -1
744392 0 1
744448 9 -1
744491 16 -1
744502 5 -1
744505 2 1
744510 0 1
744536 1 -1
744588 3 1
744626 0 1
744709 4 1
744728 14 1
744733 2 -1
744744 0 1
744782 3 -1
744841 0 -1
744903 1 1
744943 17 -1
744946 0 1
745029 5 -1
745040 7 -1
745072 12 -1
745092 1 -1
745187 0 1
745190 3 1
745206 2 1
745254 6 -1
745265 1 -1
745281 10 -1
745306 0 1
745400 3 -1
745414 4 -1
745426 5 -1
745427 0 1
745437 2 -1
745459 1 1
745459 9 -1
745593 3 1
745640 1 -1
745652 7 -1
745666 2 1
745679 0 1
745725 4 -1
745781 6 -1
745832 0 -1
745838 1 1
745856 8 -1
745991 0 1
746002 3 -1
746031 1 -1
746063 4 -1
746114 2 1
746195 3 1
746222 6 1
746230 0 -1
746244 9 1
746343 0 1
746351 2 -1
746383 5 1
746394 3 -1
746394 1 -1
746410 7 -1
746453 0 -1
746555 1 -1
746563 0 1
746571 2 1
746673 0 1
746700 10 1
746737 1 1
746770 8 1
746789 4 -1
746792 11 -1
746800 0 1
746835 2 1
746845 5 -1
746910 3 1
746917 0 1
747076 2 -1
747124 1 1
747128 4 -1
747130 3 -1
747180 0 1
747286 0 1
747301 1 -1
747308 12 1
747318 2 1
747329 6 -1
747350 5 -1
747356 3 1
747407 0 -1
747434 4 -1
747486 1 1
747539 2 -1
747652 15 -1
747660 0 1
747716 8 -1
747770 6 1
747781 0 1
747802 5 1
747818 3 -1
747833 1 -1
747893 7 -1
747926 0 1
748017 2 1
748018 1 1
748135 3 1
748172 4 -1
748211 9 1
748236 1 1
748246 0 -1
748248 2 -1
748323 5 1
748356 3 -1
748382 6 -1
748393 1 1
748420 0 -1
748493 2 -1
748518 0 1
748542 4 1
748583 1 -1
748635 7 1
748776 1 1
748786 0 -1
748796 5 -1
748812 11 -1
748823 3 1
748897 4 1
748933 1 1
748936 0 1
748955 2 -1
749044 3 -1
749084 0 1
749167 9 1
749183 2 1
749269 3 1
749284 1 -1
749307 5 -1
749328 22 1
749339 0 1
749409 7 -1
749431 2 1
749468 6 -1
749468 0 1
749478 1 1
749538 10 1
749558 4 -1
749586 13 -1
749624 0 -1
749629 8 1
749683 1 -1
749731 3 -1
749864 4 -1
749898 2 1
749944 0 -1
749957 3 1
749973 6 -1
750016 24 -1
750038 1 1
750062 0 -1
750102 16 1
750102 9 1
750118 2 -1
750187 4 -1
750194 5 -1
750199 3 1
750207 1 -1
750221 0 1
750371 2 -1
750378 1 -1
750446 6 -1
750497 0 -1
750526 4 -1
750618 5 -1
750637 0 1
750645 3 1
750661 8 1
750759 0 1
750763 7 1
750764 10 1
750764 1 -1
750832 4 -1
750833 11 -1
750847 2 1
750872 0 1
750898 3 1
750937 1 -1
750970 0 -1
751048 2 1
751059 6 1
751086 0 -1
751118 1 -1
751134 5 -1
751172 3 1
751177 12 1
751207 0 -1
751223 4 -1
751298 2 1
751392 30 1
751414 3 1
751430 0 1
751457 7 -1
751501 1 1
751517 4 -1
751521 17 -1
751564 0 1
751586 8 -1
751612 6 -1
751634 3 -1
751690 1 1
751717 0 -1
751760 2 1
751860 3 1
751876 1 -1
751989 0 -1
751989 2 -1
752070 10 -1
752091 5 -1
752099 0 1
752102 3 1
752182 7 1
752206 4 1
752233 0 1
752234 2 -1
752241 6 1
752251 1 -1
752424 19 -1
752466 1 -1
752532 0 1
752553 13 -1
752577 4 -1
752585 5 -1
752628 0 -1
752658 1 1
752666 3 -1
752682 14 -1
752693 6 -1
752693 2 -1
752752 0 -1
752859 3 1
752860 7 -1
752868 0 -1
752921 2 1
752948 4 1
752974 0 1
753005 9 1
753031 5 1
753045 1 1
753058 3 -1
753099 0 1
753150 2 -1
753216 0 1
753226 1 1
753420 1 -1
753456 12 -1
753461 3 1
753480 0 -1
753542 8 1
753609 0 1
753628 2 1
753650 6 -1
753660 3 -1
753666 7 1
753706 4 -1
753722 0 -1
753791 1 -1
753865 2 -1
753870 3 -1
753956 5 1
753992 1 1
754026 9 -1
754028 4 -1
754055 0 1
754085 2 1
754090 6 1
754176 0 1
754178 1 -1
754262 3 -1
754332 0 -1
754338 2 1
754359 5 1
754363 1 1
754367 7 -1
754407 4 1
754472 3 -1
754510 8 1
754554 1 -1
754563 2 -1
754638 6 -1
754639 0 -1
754665 3 1
754714 10 1
754726 1 -1
754776 0 -1
754794 5 -1
754813 2 -1
754832 11 1
754864 3 -1
754911 1 1
754948 0 -1
754980 7 -1
755025 2 -1
755076 4 -1
755106 0 1
755170 3 1
755219 9 1
755265 0 -1
755294 13 1
755304 1 -1
755310 5 -1
755388 0 -1
755412 3 1
755423 6 -1
755455 8 -1
755477 12 -1
755479 4 -1
755489 0 1
755492 1 -1
755501 2 1
755633 3 -1
755665 1 1
755729 2 -1
755746 0 -1
755778 16 -1
755788 5 1
755802 4 -1
755821 15 1
755901 0 1
755974 2 -1
756025 6 1
756036 0 1
756044 1 1
756100 3 1
756116 10 -1
756181 4 1
756235 5 -1
756245 1 -1
756280 0 -1
756392 0 1
756401 3 1
756423 9 -1
756439 1 1
756455 7 -1
756460 2 -1
756487 8 -1
756498 0 1
756552 6 1
756592 4 1
756638 3 1
756648 5 -1
756686 2 1
756783 0 1
756810 14 -1
756810 1 -1
756853 11 1
756901 0 1
756917 2 -1
756983 1 1
756987 4 -1
757078 0 1
757084 3 1
757166 1 -1
757205 7 -1
757213 0 1
757240 9 1
757322 0 -1
757326 3 1
757350 1 -1
757358 4 1
757374 2 -1
757420 0 1
757422 6 -1
757476 8 -1
757546 3 -1
757551 10 1
757555 1 -1
757573 5 -1
757586 0 1
757627 2 -1
757725 1 -1
757809 0 -1
757826 7 -1
757852 2 1
757895 6 -1
757914 1 1
757933 0 -1
757971 17 -1
758014 18 -1
758051 4 1
758051 0 -1
758083 5 -1
758084 2 -1
758105 3 1
758272 9 1
758285 1 1
758288 0 -1
758304 3 -1
758314 6 1
758328 2 -1
758390 0 1
758414 4 -1
758466 1 1
758497 8 -1
758513 3 -1
758521 0 1
758540 5 1
758556 2 1
758660 1 -1
758707 3 1
758790 2 -1
758801 4 1
758821 0 1
758884 6 -1
758906 3 -1
758919 0 -1
758959 11 1
759045 15 -1
759051 0 1
759059 1 1
759131 3 -1
759132 23 1
759132 10 1
759174 0 1
759180 7 1
759248 1 -1
759266 2 1
759279 0 -1
759328 3 1
759398 0 -1
759400 8 1
759432 12 -1
759434 1 1
759458 4 -1
759481 5 -1
759497 2 -1
759513 0 -1
759540 6 -1
759647 28 1
759648 9 1
759733 3 -1
759734 2 1
759805 1 -1
759806 0 1
759829 4 1
759905 5 -1
759930 3 1
759938 0 1
759970 7 -1
759991 6 1
759994 1 1
760069 0 1
760142 3 1
760188 1 -1
760206 2 -1
760216 4 -1
760327 0 1
760357 5 1
760365 1 1
760432 2 1
760443 0 1
760518 10 -1
760531 3 1
760550 1 -1
760572 0 1
760663 2 -1
760679 7 1
760712 1 -1
760722 6 -1
760744 3 1
760838 0 1
760897 4 1
760925 1 -1
760937 3 -1
760937 14 -1
760964 0 1
761002 13 -1
761116 0 -1
761142 2 1
761252 4 -1
761260 5 1
761284 0 1
761296 1 1
761346 3 1
761359 2 -1
761389 8 -1
761440 0 -1
761490 1 -1
761553 0 1
761582 12 1
761582 16 -1
761596 2 1
761614 3 1
761622 4 1
761679 1 1
761687 0 1
761711 5 -1
761786 6 1
761824 2 -1
761835 3 -1
761921 10 1
761926 9 -1
761942 0 1
761977 4 -1
762042 0 -1
762046 1 -1
762071 2 -1
762147 7 1
762163 0 -1
762189 6 -1
762216 5 -1
762219 1 -1
762297 2 1
762302 3 1
762364 4 1
762378 8 -1
762409 1 1
762434 0 -1
762523 3 -1
762531 2 -1
762593 0 1
762662 5 1
762708 0 1
762735 4 -1
762748 3 1
762779 1 1
762797 6 1
762808 9 -1
762829 15 -1
762848 7 -1
762912 0 1
762958 11 -1
762981 1 -1
762985 2 -1
763012 0 -1
763074 4 -1
763119 5 1
763170 1 1
763184 3 -1
763207 0 1
763232 2 -1
763302 8 1
763361 0 -1
763380 3 1
763404 10 -1
763461 7 -1
763463 2 1
763501 0 1
763531 1 -1
763592 3 1
763630 0 1
763635 5 1
763715 1 -1
763732 6 1
763764 0 1
763775 29 -1
763775 13 1
763796 12 -1
763799 4 -1
763900 1 1
763904 9 1
763920 2 1
763982 3 1
764025 0 1
764087 5 -1
764124 6 -1
764173 2 1
764194 3 1
764194 4 1
764221 0 -1
764226 7 1
764267 1 1
764345 0 -1
764388 3 -1
764398 2 -1
764440 1 1
764495 6 1
764565 4 -1
764576 0 1
764646 1 1
764754 0 1
764796 3 1
764861 2 -1
764914 0 -1
764980 1 1
764990 3 -1
765000 7 -1
765049 5 1
765065 11 -1
765108 2 -1
765150 1 -1
765154 0 1
765186 3 1
765215 8 -1
765266 4 -1
765269 0 1
765323 6 -1
765336 2 1
765365 1 -1
765369 0 -1
765398 3 1
765500 5 -1
765592 3 -1
765610 0 -1
765621 4 1
765698 1 -1
765713 0 1
765758 7 1
765788 3 1
765806 6 -1
765812 2 -1
765829 0 1
765839 9 -1
765891 1 1
765989 5 1
766000 3 1
766008 4 -1
766043 2 1
766046 0 -1
766065 10 1
766085 1 -1
766156 0 -1
766266 1 1
766269 8 -1
766274 2 -1
766277 0 -1
766312 6 -1
766355 25 -1
766390 3 1
766456 1 -1
766468 7 -1
766497 0 1
766597 0 -1
766613 3 1
766613 13 -1
766653 1 1
766712 0 -1
766758 2 -1
766763 9 -1
766814 4 1
766818 1 1
766892 3 1
766914 11 1
766946 0 -1
766978 5 -1
766989 2 1
767067 0 -1
767164 0 1
767169 4 -1
767181 1 -1
767193 8 1
767209 2 -1
767258 16 1
767279 0 1
767338 3 1
767365 6 -1
767366 1 1
767389 0 -1
767403 10 -1
767419 5 1
767502 0 1
767520 4 1
767556 1 1
767580 3 1
767612 0 1
767645 17 -1
767688 2 1
767790 7 1
767800 3 -1
767817 9 1
767856 0 1
767881 5 -1
767903 18 -1
767911 1 -1
767919 2 -1
767935 6 1
768007 0 -1
768106 1 -1
768119 0 1
768160 4 1
768171 2 -1
768278 1 -1
768346 0 -1
768357 3 1
768459 0 1
768499 7 -1
768527 4 -1
768558 6 -1
768569 3 1
768599 0 1
768628 10 -1
768647 2 1
768656 1 -1
768762 3 -1
768832 1 1
768842 4 -1
768848 5 1
768873 2 -1
768910 0 1
768934 12 1
768959 3 1
769011 1 1
769066 0 -1
769109 2 1
769136 7 -1
769171 3 1
769180 1 1
769192 14 -1
769203 0 -1
769278 21 -1
769300 8 1
769338 2 -1
769343 5 -1
769370 3 -1
769372 0 -1
769374 1 -1
769461 6 -1
769479 0 1
769539 4 1
769567 1 1
769574 3 1
769585 0 1
769585 2 -1
769719 9 1
769733 0 1
769757 1 -1
769800 5 1
769810 2 1
769859 6 1
769894 4 -1
769966 20 1
769982 3 -1
770015 0 -1
770042 2 -1
770108 1 1
770173 0 1
770176 3 1
770216 4 -1
770293 1 -1
770329 0 -1
770353 6 1
770364 8 1
770375 3 -1
770482 1 1
770498 2 -1
770547 7 -1
770547 0 1
770676 9 -1
770692 0 -1
770746 5 -1
770751 2 -1
770778 3 1
770783 11 -1
770813 0 -1
770826 12 1
770841 1 -1
770926 4 -1
770977 3 -1
770977 2 1
771026 1 1
771036 0 1
771170 5 -1
771170 15 -1
771176 0 1
771186 3 -1
771192 7 -1
771194 1 1
771272 10 1
771278 8 -1
771302 0 -1
771321 4 1
771321 6 1
771452 2 -1
771482 0 -1
771579 3 -1
771579 1 1
771608 0 -1
771665 9 -1
771686 5 -1
771689 2 1
771696 4 -1
771721 0 1
771748 1 1
771794 3 -1
771901 0 1
771917 2 -1
771933 6 -1
771944 1 -1
771974 7 1
771990 3 1
772095 8 -1
772114 0 -1
772123 1 -1
772202 3 1
772226 0 1
772288 13 1
772296 1 1
772358 0 1
772390 2 1
772393 4 1
772396 3 -1
772482 10 1
772492 1 -1
772535 6 1
772578 9 -1
772592 3 1
772600 5 -1
772621 2 -1
772635 0 1
772675 12 1
772683 1 1
772756 4 -1
772804 3 1
772805 0 1
772858 2 1
772928 0 1
772997 11 1
773078 1 1
773078 2 -1
773135 4 1
773159 5 1
773191 16 -1
773202 8 1
773252 1 1
773284 0 1
773320 3 1
773320 14 -1
773325 2 -1
773382 0 -1
773385 7 1
773417 1 1
773470 6 1
773489 0 1
773505 4 1
773546 3 -1
773556 2 1
773578 22 1
773597 0 -1
773610 5 -1
773739 10 -1
773766 3 1
773766 0 -1
773772 9 1
773776 1 -1
773793 2 -1
773796 4 -1
773890 0 -1
773900 6 -1
773957 1 1
774003 0 -1
774105 8 -1
774130 1 1
774175 7 1
774178 4 -1
774228 3 -1
774244 0 -1
774266 2 1
774343 0 1
774400 6 -1
774454 3 1
774492 2 -1
774493 1 1
774494 0 -1
774537 4 1
774658 5 -1
774678 1 -1
774696 3 1
774742 2 -1
774771 7 1
774779 0 -1
774825 9 -1
774868 11 -1
774868 17 1
774873 6 -1
774876 1 1
774935 0 1
774997 13 -1
775049 1 1
775061 8 1
775115 0 1
775142 3 1
775174 5 -1
775201 2 -1
775214 4 1
775267 1 1
775298 6 -1
775322 0 1
775384 3 1
775384 12 1
775430 2 1
775434 1 -1
775470 15 1
775475 0 -1
775565 4 -1
775599 9 1
775604 3 -1
775604 0 -1
775618 7 1
775626 5 1
775626 1 1
775642 18 -1
775658 2 -1
775695 6 1
775741 0 -1
775884 0 -1
775905 3 1
775956 4 -1
775984 1 -1
776015 0 -1
776136 2 1
776139 3 1
776147 6 -1
776155 0 1
776170 1 1
776222 7 1
776339 1 1
776351 3 1
776373 2 -1
776400 10 1
776424 0 -1
776469 5 -1
776526 0 1
776545 3 -1
776588 2 1
776650 0 1
776658 4 1
776716 1 -1
776797 2 1
776873 0 -1
776891 7 -1
776908 1 -1
776932 19 -1
776953 3 1
776975 8 -1
776985 5 -1
777007 6 1
777007 0 1
777044 2 1
777052 4 1
777089 1 1
777130 0 1
777152 3 -1
777254 2 1
777276 14 -1
777354 0 -1
777356 3 1
777415 1 1
777431 4 -1
777469 12 -1
777469 0 -1
777474 5 1
777475 2 -1
777587 0 -1
777611 1 -1
777630 6 -1
777673 7 1
777674 10 1
777762 0 1
777765 3 -1
777792 9 -1
777802 1 1
777894 0 1
777899 8 1
777958 3 1
777958 2 1
777974 1 1
777974 5 -1
777996 13 -1
778025 0 1
778136 0 1
778157 3 -1
778161 4 -1
778167 1 -1
778203 2 1
778221 6 1
778330 1 -1
778399 0 1
778428 2 -1
778469 5 -1
778531 0 1
778544 1 -1
778548 4 1
778598 3 -1
778694 0 1
778794 3 1
778866 9 1
778877 5 -1
778893 2 -1
778907 4 -1
778910 8 1
778917 1 -1
778923 0 -1
778931 11 -1
779006 3 1
779033 0 -1
779102 1 1
779108 7 1
779124 10 -1
779141 2 -1
779143 0 1
779200 3 -1
779253 6 -1
779261 4 1
779264 1 1
779339 5 1
779366 2 1
779396 3 1
779479 0 -1
779608 3 1
779640 4 -1
779640 1 -1
779646 0 -1
779748 9 -1
779769 7 -1
779802 3 -1
779807 0 1
779826 1 1
779834 2 1
779866 6 1
779931 0 -1
779984 15 -1
779999 4 1
780019 1 -1
780027 12 -1
780054 2 -1
780089 0 1
780205 0 1
780210 3 1
780242 5 1
780285 24 -1
780296 0 1
780307 2 -1
780366 4 -1
780382 1 -1
780404 3 -1
780414 6 -1
780430 7 1
780511 10 1
780543 23 1
780551 1 -1
780559 0 1
780600 3 1
780678 5 -1
780699 0 1
780717 1 -1
780782 2 1
780844 11 1
780844 0 -1
780866 8 -1
780906 1 1
781005 3 -1
781008 2 -1
781085 1 -1
781095 4 -1
781108 0 1
781150 5 1
781194 6 -1
781202 3 1
781245 2 1
781247 1 -1
781253 0 1
781403 14 -1
781414 3 1
781418 4 -1
781422 0 1
781438 1 1
781575 6 1
781691 0 1
781699 2 1
781769 8 1
781777 4 1
781801 7 -1
781803 1 -1
781804 3 1
781809 0 1
781865 10 -1
781887 9 1
781922 2 -1
781962 12 -1
781976 0 -1
781994 1 1
782029 3 1
782118 5 -1
782148 2 1
782164 1 1
782220 17 -1
782225 3 -1
782250 0 1
782274 6 1
782368 0 1
782419 3 1
782462 7 -1
782466 4 -1
782467 0 -1
782522 1 -1
782526 5 -1
782618 3 -1
782623 2 -1
782696 0 -1
782715 9 1
782738 1 -1
782790 8 1
782822 0 -1
782827 3 -1
782833 4 1
782854 2 1
782908 11 1
782927 0 1
782940 6 1
782942 1 1
782962 5 1
783021 3 1
783104 2 1
783169 0 1
783212 4 -1
783220 10 1
783287 0 1
783304 1 1
783316 13 1
783365 7 1
783381 20 1
783392 0 -1
783424 6 1
783456 3 -1
783488 1 -1
783596 2 1
783636 0 -1
783651 1 -1
783666 3 -1
783746 0 -1
783747 9 1
783822 2 -1
783838 6 1
783845 0 1
783849 1 1
783859 3 1
783933 4 -1
783951 0 -1
783961 5 -1
784026 16 -1
784058 2 1
784062 1 1
784069 0 -1
784193 0 -1
784230 6 -1
784236 1 1
784268 3 -1
784278 2 -1
784292 4 1
784313 0 -1
784402 5 1
784405 1 -1
784461 3 1
784522 0 1
784531 2 -1
784626 4 -1
784645 0 1
784660 3 -1
784671 10 -1
784735 8 -1
784754 0 1
784757 2 1
784764 1 1
784784 7 1
784886 5 -1
784945 1 1
784988 2 -1
784993 0 -1
784997 4 1
785063 3 1
785098 0 -1
785134 1 -1
785165 6 -1
785195 0 1
785262 3 -1
785320 4 1
785321 5 1
785429 7 1
785431 0 1
785461 2 1
785472 3 -1
785517 1 -1
785531 14 -1
785552 0 1
785617 9 -1
785638 4 1
785670 0 -1
785687 3 1
785695 1 1
785695 2 -1
785735 6 1
785746 8 -1
785772 5 -1
785781 0 -1
785880 1 -1
785899 0 -1
785923 2 1
785928 3 1
785944 4 1
786025 0 -1
786130 0 1
786149 3 -1
786203 7 -1
786240 5 1
786255 1 -1
786369 6 -1
786372 0 1
786374 3 1
786401 2 -1
786440 1 1
786471 0 -1
786477 13 1
786576 0 -1
786606 9 -1
786626 1 -1
786630 4 -1
786638 2 1
786675 5 -1
786745 8 -1
786778 12 1
786806 0 1
786837 3 -1
786880 2 1
786924 0 1
786950 11 1
786956 4 -1
787009 1 -1
787048 0 1
787057 3 1
787194 1 1
787251 0 -1
787291 4 -1
787304 3 1
787310 2 -1
787377 0 -1
787380 1 1
787396 10 -1
787406 6 -1
787500 0 -1
787508 21 -1
787541 5 1
787562 2 -1
787597 0 1
787686 7 1
787724 15 -1
787725 0 1
787750 3 1
787750 1 1
787788 2 1
787810 9 1
787831 0 1
787879 6 -1
787928 0 -1
787936 1 1
787992 3 1
788024 19 1
788032 4 -1
788038 2 1
788051 5 1
788121 1 -1
788178 0 -1
788212 3 -1
788264 2 -1
788266 7 1
788274 0 1
788282 6 1
788398 0 1
788428 4 1
788484 1 1
788503 2 1
788524 5 -1
788605 8 -1
788634 0 1
788637 10 -1
788669 1 -1
788723 2 -1
788739 3 1
788755 0 1
788786 4 1
788798 9 1
788855 1 1
788874 0 -1
788938 3 -1
788970 12 -1
788992 11 1
789000 7 -1
789056 26 1
789102 0 -1
789148 3 -1
789185 2 -1
789196 6 -1
789199 0 1
789218 13 -1
789250 1 1
789314 0 1
789423 1 -1
789433 0 1
789433 2 -1
789465 5 -1
789516 4 1
789540 3 -1
789556 0 1
789609 1 1
789626 8 -1
789658 14 -1
789661 0 -1
789661 2 1
789701 6 -1
789766 3 -1
789766 1 1
789779 0 -1
789846 4 1
789916 5 1
789938 9 -1
789943 1 -1
789962 3 1
789994 0 1
790024 10 -1
790088 16 -1
790088 18 -1
790099 0 -1
790124 1 1
790137 2 -1
790161 4 1
790233 0 1
790286 1 1
790290 7 1
790292 6 1
790368 3 -1
790368 2 1
790373 5 -1
790454 0 -1
790532 4 -1
790552 0 1
790564 3 1
790604 2 -1
790615 8 -1
790647 9 -1
790658 0 -1
790665 1 1
790733 6 1
790776 3 1
790830 1 1
790846 4 -1
790900 0 -1
790905 11 -1
790967 7 -1
791015 1 -1
791021 0 -1
791077 2 1
791131 0 -1
791163 6 -1
791166 3 1
791249 4 -1
791254 0 -1
791260 5 -1
791303 2 -1
791378 3 1
791381 0 -1
791414 1 1
791478 0 1
791529 9 -1
791553 2 -1
791555 7 -1
791572 3 -1
791593 12 -1
791596 1 -1
791601 0 1
791628 4 1
791690 5 -1
791700 6 1
791765 2 -1
791773 1 -1
791835 0 1
791932 0 -1
791980 3 1
792007 2 -1
792055 0 -1
792156 1 1
792184 5 -1
792227 3 1
792249 6 1
792249 2 1
792278 0 1
792317 4 -1
792321 1 1
792402 0 1
792448 3 -1
792496 2 -1
792511 1 -1
792518 0 1
792644 4 -1
792646 8 1
792668 10 1
792673 3 1
792673 5 1
792696 1 1
792711 15 -1
792776 0 1
792886 0 -1
792906 1 1
792915 3 1
792950 2 -1
792988 0 1
792998 4 1
793083 1 1
793087 0 -1
793103 7 1
793109 5 -1
793135 3 -1
793179 2 1
793224 0 -1
793277 1 -1
793337 0 1
793361 3 1
793426 2 1
793453 6 1
793458 0 1
793560 5 1
793646 1 -1
793668 8 1
793684 4 -1
793732 7 -1
793780 3 -1
793786 14 -1
793789 0 1
793807 9 -1
793817 1 -1
793893 6 1
793910 2 -1
793936 0 -1
793958 17 -1
793974 3 1
793974 10 -1
793986 1 -1
794006 5 -1
794014 4 -1
794111 0 -1
794135 2 1
794173 3 -1
794280 6 -1
794366 2 -1
794373 1 -1
794374 0 -1
794417 4 -1
794474 7 1
794517 9 -1
794542 1 -1
794573 0 1
794576 3 1
794689 8 -1
794721 0 -1
794732 1 1
794764 13 -1
794775 3 -1
794823 2 -1
794947 11 -1
794952 5 -1
794984 3 -1
795011 0 1
795076 2 -1
795082 1 -1
795094 4 -1
795143 0 1
795215 6 1
795272 1 1
795288 0 -1
795302 2 1
795377 3 -1
795377 12 1
795406 0 1
795441 10 1
795469 1 -1
795481 4 -1
795484 5 -1
795530 2 -1
795608 0 -1
795635 16 1
795651 1 1
795656 3 1
795699 9 -1
795710 6 1
795737 0 -1
795777 2 -1
795824 1 1
795844 7 1
795874 0 -1
795876 3 -1
795877 4 1
795984 5 -1
796002 1 -1
796014 2 1
796078 0 -1
796151 6 -1
796179 1 -1
796204 3 -1
796219 4 -1
796234 0 1
796242 2 -1
796368 0 1
796400 3 1
796570 7 -1
796578 1 1
796594 4 1
796613 3 1
796624 8 1
796667 0 1
796715 2 1
796743 1 1
796796 20 -1
796796 18 -1
796806 3 -1
796828 0 -1
796892 5 -1
796924 4 1
796935 1 -1
796946 2 -1
796970 0 1
797010 11 -1
797129 6 -1
797196 2 -1
797215 3 1
797231 7 -1
797247 4 1
797274 0 -1
797312 1 -1
797376 5 1
797379 0 1
797424 3 -1
797469 1 -1
797505 13 1
797526 0 -1
797596 6 -1
797618 3 1
797623 2 1
797623 8 1
797674 1 1
797698 12 -1
797817 5 -1
797822 0 1
797860 2 -1
797940 4 -1
797956 15 -1
797957 7 1
797970 0 -1
798021 6 -1
798026 3 -1
798053 1 1
798080 2 1
798086 9 -1
798102 10 -1
798162 0 1
798220 3 1
798239 1 1
798327 4 1
798419 3 -1
798421 0 1
798428 1 1
798553 0 1
798558 2 -1
798601 8 -1
798610 1 1
798618 7 1
798690 4 -1
798714 0 1
798720 5 -1
798795 1 1
798808 2 -1
798838 6 -1
798865 3 -1
798892 9 1
798980 1 -1
799018 0 -1
799037 2 1
799053 11 -1
799058 3 1
799128 0 1
799166 1 1
799230 5 -1
799257 3 -1
799260 0 1
799289 2 -1
799354 6 -1
799392 7 -1
799440 4 -1
799467 3 -1
799475 0 -1
799515 2 1
799563 1 -1
799593 0 -1
799655 5 -1
799660 3 1
799699 0 1
799714 10 -1
799746 1 -1
799746 2 -1
799786 4 1
799794 6 1
799816 0 1
799891 3 1
799926 0 -1
799940 1 1
799991 2 -1
800082 0 1
800085 3 -1
800093 4 1
800106 12 1
800165 7 -1
800171 9 -1
800208 0 1
800294 1 -1
800407 19 1
800450 0 1
800453 2 -1
800468 1 -1
800472 13 1
800493 3 1
800560 0 -1
800601 8 -1
800622 5 -1
800675 1 -1
800681 2 1
800687 3 -1
800700 0 -1
800740 6 -1
800794 4 -1
800883 3 1
800929 2 1
800966 11 1
801022 1 1
801031 0 1
801052 10 1
801095 15 1
801106 5 -1
801173 4 1
801205 1 -1
801208 0 1
801224 6 -1
801289 3 -1
801310 17 1
801358 0 1
801383 1 -1
801396 2 1
801485 3 1
801504 8 1
801508 4 -1
801568 5 1
801568 7 -1
801588 1 -1
801611 14 1
801616 2 -1
801686 6 -1
801697 3 1
801702 0 1
801770 1 1
801799 0 -1
801814 4 -1
801869 2 -1
801917 0 -1
801951 1 -1
802041 0 -1
802087 3 1
802132 1 -1
802146 0 1
802165 4 -1
802264 0 1
802310 3 1
802326 2 -1
802358 7 -1
802388 0 1
802439 10 -1
802471 8 -1
802483 1 -1
802525 5 -1
802527 4 1
802546 2 1
802578 9 1
802589 3 1
802589 6 1
802640 0 1
802685 1 1
802791 0 -1
802796 2 1
802810 3 -1
802860 1 -1
802866 4 1
802922 11 1
802960 0 1
802995 7 -1
803008 5 1
803022 2 -1
803035 3 1
803094 6 -1
803218 0 1
803225 1 1
803258 2 1
803277 3 1
803327 0 -1
803331 21 -1
803400 1 -1
803417 18 1
803425 0 1
803460 9 1
803481 6 1
803487 2 -1
803492 5 -1
803497 3 -1
803557 8 1
803567 1 -1
803671 0 1
803672 4 -1
803734 2 -1
803761 10 1
803777 0 1
803890 0 -1
803934 1 1
804011 0 -1
804019 23 1
804032 3 1
804043 4 1
804118 1 -1
804121 0 -1
804194 2 -1
804226 0 1
804244 3 1
804285 7 1
804297 1 -1
804320 9 -1
804357 0 1
804363 6 -1
804414 4 1
804419 2 1
804438 3 -1
804449 5 1
804470 8 -1
804490 1 1
804602 0 1
804648 2 -1
804672 1 1
804750 12 1
804752 0 -1
804771 6 1
804836 11 -1
804845 1 -1
804846 3 1
804868 0 -1
804900 5 -1
804965 15 1
805039 1 1
805040 3 -1
805067 7 -1
805091 0 1
805126 2 1
805155 4 -1
805196 10 -1
805215 0 1
805236 3 1
805244 6 1
805352 5 1
805362 2 -1
805400 0 1
805416 8 1
805426 1 1
805490 4 1
805583 2 1
805610 0 -1
805619 1 -1
805642 3 -1
805728 6 1
805739 14 1
805741 0 -1
805792 1 -1
805793 9 1
805838 3 1
805857 7 1
805877 4 -1
805897 0 1
806050 3 1
806061 2 -1
806083 13 1
806150 0 1
806151 1 1
806179 6 -1
806244 3 -1
806306 0 -1
806311 2 -1
806361 1 1
806362 5 -1
806413 0 1
806427 8 1
806440 3 1
806523 2 -1
806544 1 -1
806550 10 1
806570 4 -1
806652 3 1
806663 6 -1
806682 0 -1
806771 2 -1
806808 0 -1
806814 5 1
806846 3 -1
806899 11 -1
806901 1 1
806929 4 -1
806943 9 -1
806986 0 -1
806999 2 1
807078 1 1
807120 6 -1
807227 2 -1
807254 3 1
807265 5 -1
807268 4 1
807272 1 -1
807289 0 -1
807308 7 1
807405 0 -1
807453 3 -1
807457 1 1
807458 12 1
807475 2 -1
807510 0 1
807618 4 -1
807630 16 -1
807643 1 -1
807657 3 1
807751 0 1
807765 5 -1
807844 1 1
807851 0 -1
807948 2 -1
807964 0 -1
807989 4 1
808001 7 -1
808021 1 -1
808028 6 1
808066 3 -1
808082 0 -1
808179 5 -1
808184 2 1
808187 0 1
808259 3 1
808291 4 -1
808310 0 1
808340 8 -1
808415 2 -1
808415 9 1
808424 1 1
808429 0 1
808458 3 -1
808490 6 1
808582 1 1
808641 0 -1
808666 4 -1
808694 5 -1
808727 13 -1
808751 1 1
808756 0 -1
808807 7 -1
808834 12 1
808863 0 1
808872 2 -1
808910 6 1
809017 3 1
809104 0 1
809118 1 1
809125 2 -1
809146 5 1
809178 17 1
809194 10 -1
809202 0 -1
809221 9 -1
809237 3 -1
809303 1 -1
809350 2 1
809372 4 1
809372 8 -1
809404 0 1
809463 3 1
809501 1 1
809522 15 -1
809614 7 -1
809630 0 -1
809705 3 1
809738 4 -1
809802 6 -1
809807 0 1
809827 1 1
809834 2 -1
809866 14 1
809915 0 1
809925 3 -1
810011 1 -1
810054 0 1
810060 2 1
810130 4 1
810130 5 -1
810151 3 1
810194 0 1
810198 1 -1
810242 6 1
810259 7 -1
810296 8 1
810310 2 1
810334 0 -1
810452 3 -1
810495 0 1
810565 10 1
810571 1 -1
810645 5 -1
810710 6 1
810746 4 1
810754 1 -1
810772 2 1
810777 0 1
810898 0 1
810920 3 1
810928 1 1
810941 11 -1
811000 2 -1
811011 0 -1
811049 7 1
811092 5 1
811129 4 -1
811140 3 -1
811237 0 1
811248 2 -1
811319 1 1
811347 0 -1
811366 3 1
811457 9 1
811468 4 1
811487 0 -1
811504 1 -1
811543 12 -1
811570 6 -1
811698 1 -1
811704 2 -1
811731 0 1
811758 13 -1
811806 7 1
811828 3 -1
811927 0 -1
811941 2 1
811946 6 1
811952 5 -1
812034 1 -1
812054 3 1
812062 0 -1
812097 10 1
812161 2 -1
812193 4 -1
812218 1 1
812231 8 -1
812236 0 -1
812295 3 1
812360 0 -1
812407 1 -1
812457 6 1
812467 5 -1
812510 0 1
812588 4 -1
812640 2 1
812669 0 -1
812742 3 1
812782 1 -1
812833 9 1
812865 2 -1
812940 6 1
812955 4 1
812967 1 1
812973 5 -1
812984 0 -1
812989 3 1
813048 11 -1
813048 16 1
813091 2 1
813112 8 1
813125 1 1
813150 0 -1
813161 7 -1
813220 15 -1
813255 0 1
813279 3 1
813314 1 -1
813360 6 1
813513 0 -1
813520 1 -1
813521 3 1
813567 2 -1
813632 4 -1
813636 0 -1
813689 1 -1
813741 3 -1
813760 0 -1
813779 12 1
813779 2 -1
813779 9 1
813830 7 1
813832 6 -1
813872 1 1
813940 5 -1
813963 4 -1
813967 3 1
813972 0 1
813994 24 1
814026 2 -1
814077 0 -1
814144 8 1
814187 0 -1
814229 1 -1
814230 3 1
814254 2 1
814316 6 -1
814338 4 1
814381 5 1
814390 1 -1
814437 0 -1
814467 7 1
814510 2 1
814534 0 1
814580 1 1
814650 0 1
814730 3 -1
814757 2 -1
814832 5 -1
814867 0 -1
814918 10 1
814924 3 1
814955 1 1
814988 0 -1
814999 2 1
815047 11 -1
815096 4 1
815112 0 -1
815122 3 -1
815136 1 1
815241 6 -1
815284 5 1
815321 1 1
815335 0 1
815410 4 1
815450 0 1
815451 2 1
815526 3 1
815559 0 -1
815628 6 1
815692 1 1
815698 2 1
815724 3 -1
815740 5 -1
815809 4 1
815856 0 -1
815882 1 -1
815926 7 1
815929 2 -1
815934 3 -1
815958 0 1
816025 6 -1
816068 0 1
816079 8 -1
816097 1 -1
816181 5 1
816214 0 1
816277 1 1
816326 3 -1
816337 0 1
816386 2 -1
816402 9 1
816418 10 1
816458 1 1
816472 0 1
816536 3 -1
816563 4 1
816625 0 -1
816638 2 -1
816648 1 -1
816649 5 -1
816660 12 1
816676 7 -1
816778 3 -1
816853 1 1
816864 2 1
816909 4 1
816926 0 1
816971 6 1
817025 8 1
817036 0 1
817162 0 1
817232 1 1
817240 13 -1
817272 4 -1
817278 3 1
817321 7 -1
817340 2 -1
817391 9 1
817401 1 1
817423 6 1
817433 27 1
817479 0 -1
817519 3 1
817568 2 1
817584 5 -1
817585 0 1
817591 1 -1
817659 10 1
817683 0 -1
817740 3 -1
817802 2 -1
817896 6 1
817939 0 1
817962 1 -1
818014 4 -1
818025 5 1
818027 2 1
818036 8 1
818044 0 -1
818121 14 1
818143 1 -1
818162 0 -1
818207 3 1
818256 2 -1
818285 0 -1
818320 1 1
818369 4 -1
818404 0 -1
818428 3 -1
818433 5 1
818500 0 1
818503 2 -1
818530 16 -1
818621 0 1
818680 12 1
818683 1 -1
818695 4 1
818729 2 1
818734 3 1
818793 6 -1
818820 7 -1
818848 1 1
818852 9 1
818928 0 1
818960 8 -1
818981 11 1
819034 1 -1
819078 0 1
819094 4 -1
819180 3 1
819191 0 1
819196 2 1
819235 1 1
819266 6 -1
819411 1 -1
819417 2 -1
819422 3 1
819433 5 -1
819473 4 -1
819504 0 1
819578 1 -1
819634 7 -1
819650 0 1
819669 2 -1
819691 6 -1
819712 3 1
819755 1 -1
819804 0 -1
819856 4 1
819874 5 1
819949 8 -1
820085 0 1
820121 6 1
820132 2 -1
820158 3 1
820158 1 1
820207 0 1
820263 4 -1
820271 13 -1
820336 10 -1
820341 0 1
820346 1 -1
820352 7 1
820352 2 1
820357 3 -1
820384 5 1
820473 0 1
820523 1 -1
820529 20 -1
820561 6 -1
820567 3 -1
820594 0 1
820604 2 1
820658 17 1
820709 0 -1
820760 3 1
820810 0 1
820864 1 1
820873 15 -1
820959 3 -1
821002 11 1
821002 8 -1
821024 0 -1
821045 6 -1
821045 1 1
821045 9 1
821053 4 1
821080 2 -1
821094 7 -1
821150 0 -1
821169 3 -1
821235 1 -1
821271 5 1
821292 2 -1
821317 0 1
821362 3 1
821400 4 1
821454 6 1
821540 2 -1
821561 0 1
821601 1 1
821642 10 1
821720 0 -1
821738 5 -1
821746 4 -1
821768 2 1
821771 3 -1
821783 1 -1
821787 7 1
821841 0 -1
821927 8 1
821948 1 -1
821964 3 1
821996 2 -1
822062 0 1
822142 1 1
822147 5 -1
822163 3 -1
822185 0 1
822244 2 -1
822249 14 1
822271 9 -1
822346 6 1
822354 0 1
822355 1 1
822416 4 1
822475 2 1
822518 0 1
822528 1 1
822566 3 1
822577 7 1
822593 5 1
822668 0 -1
822698 1 -1
822765 3 -1
822774 4 -1
822786 6 -1
822803 0 1
822907 0 -1
822932 2 1
822974 3 -1
822980 13 1
823012 10 -1
823044 5 -1
823057 1 1
823066 11 1
823117 4 1
823149 0 -1
823168 2 -1
823195 12 1
823238 19 -1
823238 1 1
823246 0 1
823259 6 -1
823281 9 1
823351 7 -1
823367 3 -1
823367 0 1
823427 1 -1
823434 2 -1
823550 5 -1
823576 3 -1
823625 22 1
823657 0 -1
823789 3 1
823810 1 -1
823840 0 -1
823851 8 -1
823883 4 1
823894 2 -1
823985 0 1
823996 1 1
824001 3 1
824012 5 1
824119 2 1
824183 1 -1
824184 6 -1
824194 3 -1
824274 4 1
824302 0 1
824350 2 -1
824391 3 1
824418 0 1
824545 0 1
824568 1 -1
824624 6 1
824641 4 1
824651 0 -1
824657 9 1
824694 3 -1
824754 1 1
824775 0 1
824807 8 1
824818 7 -1
824823 2 1
824904 0 1
824935 1 1
824968 5 1
824995 4 -1
825044 12 1
825068 0 -1
825076 6 -1
825079 2 1
825087 15 1
825116 1 -1
825162 3 1
825290 1 -1
825304 2 -1
825342 0 1
825366 4 1
825382 3 -1
825431 17 -1
825441 5 -1
825450 0 -1
825505 1 -1
825541 2 1
825581 0 1
825608 3 1
825608 7 1
825656 10 1
825689 1 -1
825710 8 -1
825757 4 1
825769 2 -1
825810 0 -1
825882 5 1
825882 9 1
825928 0 -1
825973 6 -1
825979 13 1
826016 2 -1
826043 0 -1
826062 1 -1
826070 3 -1
826108 4 -1
826205 18 -1
826242 2 1
826245 1 -1
826266 0 1
826296 3 1
826318 7 -1
826387 0 1
826422 1 1
826462 14 1
826484 6 -1
826538 3 1
826565 0 1
826710 2 1
826715 0 1
826785 5 1
826801 1 -1
826809 4 1
826879 0 1
826930 2 -1
826962 6 -1
826975 1 1
826984 3 1
827021 11 -1
827022 9 -1
827040 0 -1
827140 10 -1
827164 1 -1
827172 4 -1
827172 0 -1
827183 2 -1
827226 3 1
827242 5 -1
827279 12 -1
827387 6 -1
827473 0 1
827527 4 -1
827539 1 -1
827543 3 -1
827586 0 -1
827658 2 1
827683 5 1
827691 0 -1
827728 7 -1
827728 1 1
827752 8 -1
827763 3 -1
827774 6 1
827884 2 -1
827910 1 -1
827959 3 1
827960 0 -1
828075 0 -1
828085 1 -1
828121 2 1
828172 3 1
828188 0 -1
828215 6 -1
828256 4 1
828264 1 1
828349 7 -1
828365 3 -1
828376 9 -1
828422 0 1
828450 1 -1
828478 10 1
828548 2 -1
828599 4 1
828607 0 1
828634 5 1
828643 1 1
828677 6 -1
828677 8 1
828688 13 -1
828739 0 1
828774 3 1
828795 2 -1
828862 0 1
828967 3 -1
828970 4 -1
828994 7 -1
828994 1 -1
829024 2 1
829037 0 1
829085 5 -1
829171 0 1
829173 1 1
829177 3 1
829236 11 1
829252 2 -1
829282 0 -1
829361 1 -1
829429 16 -1
829499 2 -1
829502 0 1
829526 5 1
829585 3 -1
829598 4 -1
829601 0 -1
829623 6 -1
829666 8 1
829714 0 -1
829730 2 1
829740 1 -1
829779 3 1
829816 20 1
829929 1 1
829959 0 -1
829967 2 -1
829969 4 1
829988 9 -1
830061 0 1
830063 6 1
830090 3 -1
830135 1 -1
830178 0 1
830246 15 1
830320 4 -1
830397 5 -1
830450 2 1
830461 7 -1
830464 0 1
830489 1 -1
830515 6 -1
830558 3 1
830585 0 1
830679 4 1
830692 2 -1
830705 1 -1
830738 0 -1
830778 3 -1
830866 1 -1
830923 2 1
830934 5 -1
830985 0 -1
831004 3 1
831038 1 -1
831042 11 -1
831042 4 -1
831112 0 -1
831219 1 1
831243 7 -1
831246 3 1
831259 0 1
831321 9 -1
831375 5 1
831396 2 -1
831398 1 -1
831412 6 -1
831433 4 -1
831461 10 -1
831466 3 -1
831525 13 1
831558 0 1
831582 1 1
831590 8 -1
831622 2 1
831676 0 1
831692 3 1
831751 17 1
831781 0 -1
831791 4 1
831837 6 -1
831853 2 -1
831864 7 -1
831880 12 -1
831955 1 -1
832004 3 -1
832010 0 1
832110 1 -1
832117 0 -1
832251 0 1
832278 6 1
832299 1 1
832321 5 -1
832326 2 1
832375 9 -1
832463 0 -1
832468 4 1
832471 3 1
832560 2 -1
832568 8 1
832569 0 1
832686 1 1
832688 0 1
832692 3 -1
832772 5 1
832788 2 1
832811 0 1
832819 4 -1
832880 10 1
832904 1 1
832917 3 1
832917 0 -1
832933 11 1
833036 0 -1
833036 2 1
833085 1 1
833138 4 -1
833146 0 -1
833213 6 -1
833240 5 -1
833267 2 -1
833275 7 -1
833380 3 -1
833420 0 1
833422 1 -1
833487 2 1
833544 0 1
833578 8 1
833605 3 1
833609 1 -1
833659 0 1
833675 6 -1
833718 2 -1
833791 1 1
833823 4 -1
833831 7 1
833836 12 1
833847 3 1
833874 0 -1
833979 0 1
834094 5 1
834096 0 1
834137 6 -1
834174 1 1
834175 2 -1
834210 4 1
834266 13 -1
834293 3 1
834339 0 1
834357 1 -1
834428 2 -1
834444 0 -1
834492 7 -1
834535 3 1
834546 5 -1
834548 1 1
834557 0 -1
834557 10 1
834578 6 1
834589 4 -1
834610 8 1
834632 14 1
834653 2 1
834656 0 1
834718 19 1
834817 0 -1
834825 3 1
834890 11 1
834897 1 -1
834989 0 1
835051 5 -1
835062 3 1
835062 9 1
835081 1 1
835083 6 -1
835113 0 1
835129 2 -1
835148 18 1
835274 4 1
835276 1 -1
835282 3 -1
835349 0 -1
835368 2 1
835459 0 1
835470 6 1
835508 3 1
835513 8 -1
835570 0 -1
835588 2 -1
835621 16 -1
835623 1 1
835653 4 -1
835707 12 1
835798 0 1
835816 1 -1
835841 3 1
835862 6 -1
835924 0 -1
835975 5 -1
836000 1 1
836008 7 -1
836012 4 1
836051 2 -1
836078 0 1
836201 9 -1
836249 3 -1
836284 0 1
836298 2 -1
836366 1 -1
836370 4 -1
836416 0 1
836443 3 1
836459 8 1
836470 5 1
836526 0 -1
836526 2 1
836588 1 -1
836642 3 -1
836666 0 -1
836741 4 1
836755 2 -1
836774 1 1
836779 0 1
836792 6 1
836798 7 1
836803 11 -1
836921 5 -1
836927 0 -1
836945 1 1
837002 2 -1
837045 3 1
837064 4 1
837109 0 -1
837138 1 -1
837190 9 -1
837233 2 1
837244 3 -1
837244 6 -1
837318 1 -1
837362 10 1
837362 17 1
837394 5 1
837398 4 -1
837428 0 1
837453 3 -1
837469 2 -1
837480 8 1
837499 1 1
837523 7 -1
837526 0 -1
837627 0 1
837738 6 1
837846 3 -1
837886 1 1
837899 5 1
837926 0 1
837942 2 1
838057 1 1
838063 3 -1
838071 21 -1
838090 0 -1
838092 4 1
838168 2 -1
838200 0 1
838251 1 -1
838351 5 -1
838372 3 1
838418 2 -1
838461 0 1
838474 4 -1
838523 6 1
838593 3 -1
838628 1 -1
838632 0 1
838759 14 1
838778 0 1
838781 10 -1
838818 3 1
838821 1 1
838824 5 1
838845 11 -1
838878 4 1
838878 2 1
838937 0 -1
838974 7 1
839001 1 -1
839006 6 1
839060 3 1
839071 0 1
839130 2 1
839189 15 1
839219 0 1
839281 3 -1
839347 1 1
839353 2 -1
839367 0 -1
839404 8 -1
839480 6 1
839531 1 -1
839598 12 1
839611 4 -1
839646 0 -1
839708 1 -1
839748 3 1
839767 0 -1
839789 7 1
839791 9 1
839816 2 -1
839818 5 -1
839869 0 1
839914 1 -1
839942 13 1
839950 4 -1
839969 3 -1
840044 2 1
840087 0 -1
840095 1 1
840168 10 1
840202 0 -1
840264 5 1
840276 1 -1
840286 3 1
840291 2 1
840312 4 1
840313 0 -1
840382 6 -1
840415 8 -1
840458 1 -1
840530 7 -1
840560 0 1
840726 0 1
840732 3 1
840737 5 -1
840759 2 1
840814 1 -1
840855 0 1
840866 6 -1
840979 2 -1
840995 3 1
840995 0 1
841006 1 1
841038 16 1
841105 0 -1
841123 4 -1
841146 9 1
841167 26 -1
841193 1 -1
841232 2 -1
841240 0 -1
841285 3 -1
841307 6 1
841361 8 1
841371 0 -1
841498 4 1
841511 12 1
841511 24 1
841546 1 1
841629 0 -1
841672 5 1
841688 3 1
841689 2 -1
841725 1 -1
841760 0 1
841769 6 1
841863 0 -1
841868 4 -1
841873 1 1
841887 3 -1
841933 2 -1
842022 7 -1
842097 3 -1
842108 0 -1
842161 2 1
842167 5 -1
842188 6 1
842199 28 -1
842207 4 -1
842223 0 -1
842255 1 1
842290 3 1
842306 9 1
842329 0 1
842435 1 -1
842489 3 -1
842554 4 1
842570 6 -1
842571 0 1
842624 2 1
842626 1 -1
842640 5 1
842677 0 -1
842683 7 -1
842699 3 -1
842715 11 1
842715 13 -1
842801 14 1
842812 0 1
842812 1 1
842844 17 1
842871 2 1
842876 4 1
842911 3 1
842951 0 1
842973 20 1
842973 10 1
842985 1 1
843078 0 -1
843080 6 -1
843102 2 -1
843162 1 -1
843209 0 -1
843239 4 -1
843317 3 -1
843317 15 -1
843328 8 -1
843352 1 1
843381 9 -1
843416 0 1
843424 7 1
843513 3 1
843559 2 -1
843586 5 -1
843682 12 -1
843685 0 -1
843725 3 1
843739 1 1
843790 2 1
843803 0 -1
843927 0 -1
843928 1 -1
843964 4 -1
843989 6 1
844010 2 -1
844037 5 1
844115 3 1
844118 1 1
844153 0 1
844174 7 -1
844198 10 1
844263 0 1
844263 2 -1
844284 8 1
844327 3 1
844327 4 1
844362 0 -1
844413 9 -1
844456 6 1
844488 2 1
844499 1 1
844521 3 -1
844553 5 1
844623 0 -1
844682 4 -1
844682 1 -1
844738 2 1
844760 0 -1
844779 11 1
844853 1 -1
844892 7 1
844897 6 -1
844929 3 1
844932 0 -1
844964 2 -1
844999 5 -1
845090 0 1
845123 3 -1
845187 8 -1
845238 1 -1
845249 0 -1
845295 9 -1
845367 0 -1
845397 3 -1
845412 1 -1
845424 4 -1
845429 2 -1
845445 5 -1
845456 13 1
845467 18 1
845520 0 1
845593 7 -1
845609 1 1
845649 10 -1
845674 2 -1
845725 12 -1
845746 4 -1
845760 0 -1
845811 22 -1
845821 6 -1
845864 3 1
845872 0 1
845902 2 1
845984 1 -1
845988 0 -1
846004 5 1
846079 3 -1
846109 4 1
846145 1 -1
846208 0 -1
846219 6 1
846262 9 -1
846275 3 1
846321 0 1
846326 29 -1
846327 30 -1
846335 7 1
846347 1 1
846361 2 1
846439 0 1
846455 5 -1
846590 2 -1
846627 11 -1
846638 6 1
846681 3 -1
846718 1 1
846746 0 1
846826 4 -1
846837 2 -1
846856 0 -1
846877 3 1
846901 1 -1
846928 14 1
846996 0 -1
847036 10 1
847060 1 -1
847090 3 1
847100 19 1
847230 8 -1
847233 4 -1
847243 0 1
847305 2 -1
847369 5 -1
847412 0 1
847427 1 1
847479 3 1
847525 2 1
847552 0 1
847560 4 -1
847612 1 -1
847616 6 1
847692 3 1
847702 12 -1
847745 15 1
847778 7 -1
847778 2 1
847810 1 1
847821 5 1
847837 0 -1
847885 3 -1
847890 4 1
848003 2 -1
848009 0 -1
848014 6 -1
848143 8 1
848169 1 -1
848181 0 1
848197 4 1
848197 9 1
848253 2 -1
848272 5 -1
848294 3 1
848346 1 1
848466 2 -1
848474 0 1
848487 3 -1
848487 10 -1
848503 7 1
848519 6 -1
848537 1 -1
848576 4 -1
848640 0 -1
848683 3 1
848713 2 -1
848741 1 1
848752 0 1
848895 3 1
848910 4 -1
848926 1 -1
848960 6 1
848992 0 1
849089 3 -1
849120 1 1
849127 0 1
849143 8 1
849186 2 -1
849186 9 1
849229 7 -1
849237 0 -1
849272 5 1
849285 3 1
849285 1 1
849347 0 1
849411 6 1
849428 2 1
849479 0 1
849497 3 1
849608 4 -1
849621 0 -1
849651 2 -1
849660 1 1
849745 0 -1
849766 12 1
849798 5 1
849809 17 -1
849858 1 -1
849884 6 1
849887 3 1
849946 4 -1
849981 0 1
850019 10 -1
850061 1 -1
850089 9 1
850099 3 1
850110 8 -1
850121 0 1
850126 2 1
850250 5 -1
850266 0 1
850293 4 1
850336 6 -1
850357 2 -1
850368 3 1
850442 1 -1
850551 0 1
850594 2 1
850619 1 -1
850658 0 -1
850688 7 1
850755 11 -1
850779 0 -1
850809 1 1
850814 3 1
850841 13 1
850942 4 -1
851013 0 -1
851056 14 1
851070 2 -1
851078 8 -1
851110 3 -1
851131 0 -1
851147 5 -1
851184 1 1
851255 6 -1
851296 4 1
851303 2 1
851306 0 1
851325 7 1
851375 1 -1
851378 3 1
851418 0 1
851422 10 1
851524 2 -1
851550 0 1
851561 1 1
851620 5 1
851658 12 1
851671 4 -1
851679 6 -1
851714 0 -1
851752 1 -1
851768 3 1
851776 2 -1
851815 0 1
851873 9 -1
851909 1 -1
851980 3 1
851986 7 -1
852002 2 1
852013 5 1
852023 8 1
852045 0 -1
852107 1 1
852109 6 1
852174 3 -1
852174 21 -1
852177 0 1
852252 2 1
852292 1 -1
852338 0 -1
852370 3 1
852437 4 -1
852464 5 -1
852478 2 -1
852561 11 1
852580 0 1
852582 3 1
852671 1 -1
852701 0 1
852776 3 -1
852803 0 1
852808 4 1
852860 1 1
852937 5 1
852942 2 -1
852985 3 1
852991 9 1
853023 0 -1
853034 6 -1
853034 16 -1
853055 8 1
853058 1 -1
853141 0 -1
853179 4 -1
853190 2 -1
853276 0 1
853380 0 -1
853394 3 -1
853405 7 -1
853415 2 1
853433 1 -1
853442 5 1
853442 6 1
853507 0 -1
853574 4 -1
853587 3 1
853638 1 -1
853641 0 1
853679 13 -1
853786 3 -1
853818 0 1
853834 1 1
853856 5 1
853883 2 1
853915 6 1
853941 4 1
854058 0 -1
854103 2 -1
854158 0 1
854162 10 1
854189 3 1
854191 1 -1
854195 7 1
854216 9 -1
854308 4 -1
854308 0 -1
854324 15 -1
854356 2 -1
854367 11 -1
854382 1 1
854388 3 -1
854558 1 1
854563 0 -1
854582 18 -1
854598 3 -1
854682 4 1
854721 0 1
854743 1 -1
854754 5 1
854775 6 -1
854832 2 1
854840 20 -1
854848 0 -1
854932 1 1
854969 8 -1
854977 7 1
854990 3 -1
855057 2 -1
855065 0 1
855098 17 -1
855134 1 1
855184 14 1
855200 3 -1
855205 0 1
855226 5 -1
855248 6 -1
855294 2 1
855319 1 -1
855372 0 1
855380 4 -1
855401 3 1
855501 0 1
855522 2 -1
855565 10 -1
855611 0 -1
855614 3 1
855614 25 -1
855638 1 -1
855678 7 1
855705 6 -1
855724 0 1
855726 5 -1
855730 4 1
855769 2 -1
855807 3 -1
855815 1 1
855893 8 1
855917 0 -1
855995 2 1
855996 1 -1
856025 4 1
856108 3 1
856170 0 -1
856172 9 -1
856226 2 -1
856288 0 -1
856323 13 1
856328 3 -1
856351 1 1
856385 0 1
856420 7 -1
856537 1 -1
856613 6 1
856624 0 -1
856683 2 -1
856694 5 1
856698 1 -1
856726 4 -1
856742 0 -1
856796 3 1
856866 0 -1
856882 8 1
856930 2 -1
856989 9 1
857016 3 -1
857065 6 -1
857065 10 -1
857077 1 -1
857097 7 1
857097 0 -1
857108 5 1
857117 4 -1
857161 2 1
857202 0 1
857242 3 1
857282 1 1
857323 0 1
857376 12 -1
857403 4 1
857476 1 -1
857487 0 1
857538 5 -1
857580 6 1
857608 0 1
857618 2 1
857704 3 -1
857712 0 -1
857726 7 1
857809 0 1
857822 1 1
857871 2 1
857930 3 1
858004 1 -1
858046 0 1
858097 2 -1
858150 0 -1
858169 4 -1
858172 3 1
858173 1 -1
858285 0 1
858365 6 1
858408 11 -1
858451 15 -1
858462 5 -1
858486 0 1
858537 9 -1
858540 4 1
858552 1 1
858559 2 -1
858603 0 1
858618 3 1
858709 0 -1
858738 1 1
858806 6 1
858806 2 -1
858838 19 1
858838 8 -1
858854 4 1
858870 5 -1
858911 1 1
858930 3 -1
858951 0 -1
859034 2 1
859064 0 -1
859096 16 -1
859161 3 -1
859161 7 1
859163 0 1
859251 1 -1
859268 2 -1
859311 14 1
859314 0 -1
859365 5 -1
859419 6 -1
859435 1 -1
859494 0 1
859510 2 1
859548 4 -1
859564 3 1
859610 0 1
859612 12 1
859636 1 -1
859741 0 1
859744 2 -1
859763 3 -1
859838 10 -1
859870 8 -1
859875 5 -1
859935 7 -1
859939 4 -1
859962 0 1
859972 3 -1
859972 2 1
859991 1 -1
860123 0 -1
860180 1 -1
860246 0 -1
860257 23 -1
860289 4 1
860300 5 -1
860332 6 1
860364 3 -1
860374 1 1
860451 2 -1
860451 9 -1
860472 11 -1
860475 0 1
860563 1 1
860574 3 -1
860582 0 -1
860676 7 1
860687 2 1
860738 0 1
860753 1 1
860773 5 1
860786 3 1
860794 8 1
860837 6 1
860907 2 -1
860938 1 -1
860968 0 1
861047 4 1
861071 0 -1
861100 1 -1
861190 0 -1
861192 3 -1
861257 10 1
861267 5 -1
861300 6 1
861316 0 -1
861396 2 1
861402 4 1
861442 0 -1
861454 1 1
861496 3 1
861590 12 1
861590 0 1
861636 1 -1
861638 2 1
861700 0 -1
861724 3 -1
861805 4 1
861813 1 1
861848 9 -1
861869 2 -1
861924 0 1
862036 0 1
862095 7 1
862165 0 -1
862170 5 -1
862192 3 1
862192 13 -1
862204 1 1
862213 6 -1
862345 2 1
862364 15 -1
862412 3 -1
862426 1 1
862471 0 -1
862474 4 -1
862493 18 -1
862514 11 -1
862571 2 -1
862611 10 1
862615 1 -1
862633 0 1
862638 3 1
862654 6 1
862670 5 -1
862686 8 -1
862791 0 -1
862807 2 1
862861 4 1
862877 7 1
862880 3 1
863016 1 1
863036 2 -1
863052 9 1
863071 0 1
863100 3 -1
863170 5 -1
863177 1 1
863202 6 -1
863202 0 1
863216 4 -1
863283 2 -1
863326 3 1
863347 0 -1
863371 1 -1
863509 2 1
863532 1 -1
863554 7 -1
863568 3 1
863589 6 1
863607 0 1
863713 0 1
863724 1 1
863740 2 -1
863740 8 -1
863866 0 -1
863893 1 1
863982 4 1
863982 6 -1
864014 3 1
864064 1 -1
864105 0 1
864137 5 -1
864197 2 -1
864256 3 1
864272 0 1
864377 0 -1
864413 1 1
864425 4 1
864428 11 1
864444 2 -1
864449 6 -1
864449 16 1
864476 3 -1
864589 5 1
864614 1 -1
864653 2 -1
864662 0 -1
864784 1 -1
864793 8 -1
864808 4 -1
864815 0 1
864876 7 1
864890 6 1
864901 13 1
864922 9 1
864925 0 -1
864944 3 1
865094 5 1
865126 2 1
865151 1 1
865164 3 -1
865175 10 -1
865191 4 1
865191 0 -1
865338 1 -1
865352 2 -1
865363 0 1
865390 3 1
865417 17 1
865489 0 1
865530 1 1
865546 7 -1
865582 4 -1
865599 0 1
865602 2 -1
865744 0 1
865825 8 -1
865852 3 -1
865879 6 1
865898 0 -1
865916 1 1
865973 4 -1
865997 5 1
866000 0 1
866018 12 1
866062 2 -1
866072 9 -1
866078 3 1
866106 1 -1
866190 20 -1
866266 6 -1
866271 7 1
866290 2 1
866299 1 1
866303 0 1
866341 3 1
866352 4 1
866432 0 1
866448 11 1
866465 10 1
866483 1 -1
866513 5 1
866518 2 -1
866594 0 -1
866674 3 1
866674 1 1
866771 6 -1
866771 2 -1
866809 0 1
866814 8 1
866862 1 -1
866894 3 -1
866932 0 1
866964 15 -1
867007 5 -1
867013 2 1
867037 0 -1
867055 1 1
867077 7 1
867118 4 1
867233 3 -1
867247 2 -1
867282 0 -1
867394 0 -1
867416 9 -1
867420 1 -1
867429 3 1
867459 5 1
867475 2 1
867480 4 -1
867496 0 1
867566 14 1
867642 1 -1
867647 0 -1
867695 6 -1
867738 13 -1
867738 7 1
867792 8 1
867803 0 -1
867811 4 -1
867827 1 1
867835 3 -1
867900 10 -1
867910 5 -1
867953 2 -1
867961 0 1
868031 3 1
868082 6 1
868104 0 -1
868162 1 -1
868190 2 1
868243 3 1
868354 0 -1
868363 1 1
868410 5 -1
868410 2 -1
868448 11 1
868464 7 -1
868493 0 1
868523 6 -1
868536 4 -1
868561 1 -1
868598 12 1
868633 3 1
868647 0 -1
868738 8 -1
868824 5 -1
868845 3 1
868867 4 -1
868888 2 1
868915 1 1
868964 0 1
869039 3 -1
869074 0 -1
869097 1 -1
869120 2 -1
869136 9 1
869157 7 1
869185 0 1
869258 1 -1
869274 4 -1
869286 10 1
869364 2 -1
869410 0 -1
869441 1 1
869453 3 1
869469 6 -1
869533 0 1
869609 1 1
869633 0 -1
869673 19 -1
869735 0 1
869743 3 1
869791 5 1
869810 1 -1
869816 2 -1
869863 0 1
869951 4 1
869953 6 -1
869982 0 1
869985 3 1
869996 1 1
870052 2 1
870060 21 1
870060 22 -1
870092 0 1
870103 15 1
870103 9 -1
870205 3 -1
870275 5 -1
870278 4 1
870280 2 -1
870310 0 -1
870358 1 -1
870361 11 -1
870393 6 1
870412 0 1
870431 3 1
870490 12 1
870536 0 1
870536 1 -1
870608 13 -1
870662 8 1
870673 3 1
870673 4 -1
870713 1 1
870721 7 -1
870726 5 1
870753 2 1
870770 10 -1
870772 0 1
870834 17 -1
870877 0 -1
870888 6 1
870893 3 -1
870984 2 -1
870990 0 -1
871019 4 1
871104 1 1
871213 0 1
871221 2 1
871298 1 -1
871336 0 1
871361 3 1
871371 6 1
871436 0 -1
871447 4 1
871479 7 1
871491 1 1
871522 9 -1
871581 3 -1
871640 5 1
871694 14 1
871694 0 1
871694 2 -1
871705 8 1
871785 4 1
871799 0 -1
871801 6 -1
871862 1 1
871898 3 1
871917 0 -1
871925 2 1
872023 1 1
872140 10 1
872156 5 1
872156 2 -1
872159 0 -1
872176 1 1
872180 4 1
872188 7 -1
872256 0 1
872280 6 -1
872354 1 -1
872371 0 1
872382 3 -1
872539 1 1
872592 0 -1
872597 5 -1
872618 8 -1
872629 2 1
872675 3 1
872706 1 -1
872718 0 -1
872833 0 -1
872855 2 -1
872887 3 1
872894 1 -1
872938 4 -1
873105 2 -1
873116 0 -1
873156 6 1
873199 15 -1
873220 0 1
873257 1 -1
873263 9 1
873273 4 -1
873277 3 1
873347 0 1
873414 13 1
873446 1 1
873489 3 1
873532 0 1
873564 6 1
873564 2 -1
873575 5 -1
873583 4 -1
873619 1 1
873634 0 -1
873672 7 -1
873682 3 -1
873739 0 -1
873768 10 1
873793 2 1
873868 0 -1
874018 1 1
874021 5 1
874021 2 -1
874026 6 -1
874091 3 1
874196 0 1
874204 1 -1
874209 11 1
874252 7 -1
874268 2 -1
874284 3 -1
874304 4 -1
874311 0 1
874360 9 -1
874360 18 1
874361 1 -1
874436 0 1
874494 3 1
874499 2 1
874515 5 1
874628 8 -1
874643 4 -1
874658 0 -1
874728 1 -1
874730 2 -1
874784 0 -1
874900 0 -1
874902 3 -1
874905 1 1
874946 7 1
874962 6 1
874972 2 1
874983 5 -1
875010 4 1
875093 1 -1
875096 3 1
875124 0 1
875155 9 1
875230 0 1
875286 1 1
875295 3 -1
875340 0 -1
875434 5 1
875435 12 1
875445 2 1
875457 1 1
875459 0 -1
875477 6 -1
875531 8 1
875577 0 -1
875623 1 1
875666 2 -1
875698 3 1
875701 0 -1
875719 4 -1
875792 1 1
875797 0 1
875821 14 1
875864 6 1
875897 3 -1
875918 5 -1
875918 2 -1
875993 16 -1
876018 0 -1
876066 4 1
876106 3 -1
876136 0 -1
876179 1 1
876187 13 -1
876251 0 -1
876273 9 -1
876284 10 -1
876292 7 -1
876352 1 1
876359 11 1
876375 2 -1
876445 5 -1
876474 0 1
876488 8 -1
876493 4 1
876499 3 -1
876538 1 -1
876574 0 -1
876620 2 -1
876698 0 -1
876708 3 -1
876746 6 -1
876832 4 1
876848 2 1
876917 1 -1
876931 0 -1
876961 3 -1
877009 7 1
877052 0 -1
877110 1 1
877133 9 1
877157 0 1
877181 3 1
877227 4 1
877251 6 -1
877281 0 1
877283 20 -1
877293 1 -1
877329 2 -1
877358 5 -1
877396 3 -1
877399 0 1
877514 0 1
877566 2 1
877606 4 -1
877611 3 -1
877627 6 1
877638 10 -1
877639 0 1
877642 1 1
877646 7 1
877794 2 -1
877805 3 1
877810 5 1
877817 1 -1
877853 0 -1
877958 0 1
877960 4 1
878009 1 1
878041 2 -1
878076 0 1
878132 6 1
878213 3 -1
878214 1 -1
878267 2 1
878272 11 -1
878315 5 1
878315 12 1
878316 0 1
878337 9 -1
878358 15 -1
878400 1 -1
878406 3 1
878412 8 1
878433 0 1
878498 2 -1
878530 0 -1
878563 1 -1
878584 6 -1
878605 3 -1
878690 4 1
878734 2 1
878746 1 -1
878752 0 1
878858 0 -1
878992 0 1
879008 3 1
879081 4 -1
879089 6 -1
879101 1 -1
879121 7 1
879122 10 1
879154 13 -1
879205 0 -1
879207 3 -1
879207 2 -1
879309 5 -1
879311 0 1
879317 1 -1
879401 8 1
879417 3 -1
879429 0 1
879433 2 1
879452 4 1
879476 9 1
879478 1 -1
879546 6 -1
879605 17 1
879659 0 -1
879683 2 1
879761 5 1
879777 0 -1
879852 3 1
879857 1 -1
879901 0 -1
879944 7 1
880040 1 -1
880110 2 -1
880126 3 1
880134 0 -1
880218 4 1
880218 5 -1
880226 1 1
880255 0 -1
880336 12 1
880347 6 1
880360 0 1
880360 2 -1
880368 3 1
880379 8 -1
880564 4 -1
880572 2 -1
880578 0 -1
880588 3 -1
880589 1 -1
880645 7 -1
880691 0 -1
880774 1 1
880812 0 -1
880814 3 1
880820 6 -1
880903 4 1
880933 0 -1
880951 1 -1
881037 0 1
881048 2 1
881056 3 1
881121 5 -1
881153 19 1
881154 0 1
881260 0 1
881261 8 1
881276 3 -1
881277 2 -1
881303 6 -1
881330 1 -1
881411 16 1
881492 0 -1
881504 1 -1
881524 2 -1
881607 0 -1
881637 5 -1
881677 4 1
881695 1 1
881713 0 1
881744 3 1
881755 2 1
881884 9 -1
881895 7 -1
881938 0 1
881964 3 -1
881991 2 -1
882044 4 -1
882048 0 -1
882056 10 -1
882060 1 -1
882099 5 1
882166 0 -1
882185 3 1
882228 6 1
882239 2 -1
882271 8 1
882282 1 -1
882292 11 -1
882386 4 1
882408 0 -1
882467 1 1
882486 2 1
882514 0 1
882548 7 1
882572 5 -1
882632 0 1
882690 6 1
882701 4 1
882706 3 1
882756 0 1
882842 1 1
882862 0 -1
882905 3 -1
882959 12 1
882959 2 1
882980 0 -1
882983 1 -1
883015 4 1
883093 5 -1
883104 0 -1
883114 3 -1
883128 7 1
883179 2 -1
883188 1 -1
883206 6 1
883238 9 -1
883303 8 1
883305 0 1
883378 4 -1
883432 2 -1
883433 0 1
883475 27 -1
883491 10 1
883507 3 -1
883539 0 -1
883550 5 1
883571 1 -1
883647 18 -1
883700 4 1
883716 3 -1
883733 1 -1
883781 0 -1
883886 0 -1
883888 2 -1
883910 3 1
883926 1 1
883988 0 1
884034 14 1
884039 6 -1
884044 5 1
884104 1 1
884109 3 -1
884133 2 -1
884184 9 -1
884205 11 1
884222 0 1
884297 1 -1
884302 8 1
884318 3 -1
884347 0 1
884361 2 1
884464 0 1
884466 4 1
884482 1 1
884485 6 -1
884506 21 1
884512 3 1
884555 7 1
884560 0 -1
884635 13 -1
884665 0 1
884672 1 -1
884748 3 1
884783 0 1
884807 12 1
884824 2 1
884861 10 -1
884893 4 1
884902 0 1
884915 5 -1
884926 6 1
885043 1 -1
885068 2 1
885141 0 1
885168 7 1
885220 4 1
885221 3 -1
885224 1 1
885251 0 -1
885297 2 -1
885369 0 -1
885377 6 -1
885405 1 -1
885409 5 -1
885447 3 1
885611 0 -1
885689 3 1
885717 0 1
885753 2 -1
885760 1 1
885835 0 1
885861 7 -1
885882 5 1
885885 4 -1
885936 6 1
885978 1 1
885990 2 1
886046 0 -1
886135 3 1
886162 0 -1
886163 1 -1
886210 2 -1
886220 4 1
886226 11 1
886248 8 -1
886288 0 -1
886323 6 -1
886377 3 1
886394 0 1
886484 15 1
886508 0 1
886527 9 -1
886534 1 -1
886570 23 1
886594 4 -1
886597 3 -1
886608 0 -1
886689 2 1
886715 1 -1
886721 6 1
886721 0 -1
886742 12 1
886882 5 -1
886909 1 1
886938 2 1
886963 0 -1
887065 3 1
887068 0 1
887086 16 -1
887102 1 -1
887164 2 -1
887183 8 1
887186 0 1
887272 1 -1
887285 3 -1
887296 7 -1
887300 4 -1
887344 5 1
887398 0 -1
887409 13 1
887409 10 1
887457 1 1
887519 0 -1
887548 3 -1
887629 2 -1
887640 0 -1
887647 1 -1
887656 6 1
887658 4 -1
887667 9 1
887742 5 1
887866 3 1
887868 0 1
887874 2 -1
887986 0 1
887997 4 1
888001 1 1
888005 7 1
888086 2 -1
888105 0 1
888140 6 1
888161 14 1
888177 3 -1
888203 1 -1
888204 8 1
888226 0 1
888344 0 1
888348 4 -1
888392 1 1
888408 3 -1
888454 0 -1
888562 2 1
888564 0 -1
888570 6 -1
888591 9 1
888618 3 -1
888666 7 1
888709 5 -1
888719 4 1
888768 0 -1
888773 1 1
888790 2 -1
888892 20 -1
888903 0 1
888924 10 1
888952 1 1
889010 3 -1
889010 0 -1
889021 4 -1
889037 2 -1
889085 12 -1
889138 1 -1
889139 5 1
889220 3 -1
889249 0 -1
889268 2 1
889346 0 1
889412 4 -1
889413 3 1
889478 0 1
889481 7 1
889483 6 1
889505 2 -1
889509 1 1
889558 5 1
889704 0 -1
889725 2 1
889726 1 1
889822 3 -1
889827 0 -1
889924 19 -1
889928 1 1
889932 0 -1
889978 2 1
890010 6 1
890015 3 1
890029 0 1
890061 4 -1
890111 1 -1
890134 7 1
890139 11 -1
890156 0 1
890182 17 -1
890214 3 -1
890246 8 -1
890262 0 -1
890283 1 -1
890343 13 1
890343 10 -1
890389 0 1
890416 4 1
890418 6 1
890436 1 -1
890451 2 1
890504 9 1
890536 5 -1
890617 3 1
890617 0 -1
890618 1 -1
890690 2 -1
890738 0 -1
890762 4 -1
890816 3 -1
890859 0 -1
890907 7 -1
890913 2 1
890983 5 1
891000 1 1
891026 3 -1
891088 0 1
891186 1 -1
891206 0 1
891219 3 1
891257 8 -1
891305 0 -1
891379 1 1
891388 2 -1
891391 5 1
891418 3 -1
891429 6 1
891450 9 1
891488 4 -1
891534 0 -1
891617 2 1
891628 3 -1
891633 10 -1
891640 0 1
891649 7 1
891722 1 1
891730 15 1
891765 0 1
891821 3 1
891821 6 -1
891851 2 -1
891875 4 1
891882 0 1
891911 1 1
891988 0 1
892088 1 -1
892092 0 -1
892117 11 -1
892211 0 -1
892230 3 -1
892246 6 -1
892254 4 1
892289 14 1
892326 2 1
892342 8 -1
892364 5 -1
892423 3 1
892440 0 1
892455 1 1
892557 2 -1
892559 0 1
892621 1 1
892654 3 1
892665 6 1
892665 0 1
892802 1 1
892810 2 -1
892815 5 1
892848 9 1
892885 0 -1
892891 12 -1
892971 10 1
892983 1 -1
892995 4 1
893012 0 -1
893036 2 1
893068 7 1
893118 0 1
893159 3 1
893169 1 1
893170 6 1
893267 2 -1
893310 4 1
893331 5 1
893360 0 1
893368 1 -1
893380 3 -1
893466 0 -1
893503 2 1
893540 1 -1
893592 0 1
893605 3 1
893632 6 1
893672 4 -1
893724 2 -1
893729 9 1
893802 7 -1
893820 0 -1
893910 1 -1
893936 0 -1
894008 11 1
894027 4 1
894033 0 1
894062 6 -1
894068 3 -1
894100 1 1
894180 8 -1
894191 5 -1
894202 2 1
894245 10 1
894269 0 1
894273 1 1
894293 3 1
894382 4 -1
894390 0 1
894452 2 1
894455 7 -1
894495 0 -1
894535 3 1
894567 12 1
894610 9 -1
894643 5 1
894658 1 -1
894678 2 -1
894696 4 -1
894721 0 1
894755 3 -1
894829 1 -1
894844 0 1
894981 3 1
894983 1 -1
894987 6 1
895008 0 1
895110 5 -1
895116 4 -1
895142 2 -1
895180 8 -1
895212 17 -1
895223 3 1
895237 0 -1
895347 0 -1
895368 2 1
895386 1 1
895441 3 -1
895445 0 1
895535 6 -1
895567 10 -1
895568 0 1
895575 1 -1
895591 2 -1
895681 0 1
895732 1 -1
895793 0 -1
895857 13 1
895906 4 1
895916 0 -1
895922 6 1
895922 1 1
895954 7 -1
895970 3 -1
895997 5 -1
895997 9 -1
896045 2 -1
896095 1 -1
896115 8 1
896148 0 -1
896196 3 1
896271 0 -1
896276 4 -1
896293 1 1
896293 2 -1
896376 0 1
896416 12 1
896438 3 1
896478 1 -1
896513 5 -1
896524 2 1
896545 15 -1
896607 4 -1
896622 0 1
896680 7 1
896728 0 1
896760 2 -1
896782 6 -1
896825 0 -1
896833 1 1
896884 3 1
896959 5 1
896981 2 1
896997 9 -1
897020 1 -1
897040 8 -1
897053 0 1
897126 3 1
897170 0 1
897181 1 -1
897222 6 1
897233 2 1
897268 4 1
897295 0 1
897346 3 -1
897357 7 -1
897389 5 1
897394 0 -1
897459 2 -1
897505 0 -1
897542 1 1
897623 0 -1
897631 4 1
897674 6 -1
897729 0 1
897738 1 -1
897814 3 1
897889 5 -1
897921 2 -1
897929 1 1
897971 0 1
898002 4 -1
898029 8 -1
898034 3 -1
898077 0 1
898093 11 1
898174 2 -1
898176 0 -1
898288 1 -1
898297 3 -1
898308 16 1
898340 5 1
898424 0 -1
898426 2 1
898453 10 -1
898485 1 1
898526 0 1
898571 3 -1
898598 6 -1
898648 0 1
898675 1 -1
898695 13 -1
898735 4 -1
898776 7 -1
898845 5 1
898876 1 1
898884 0 1
898891 2 -1
898910 3 -1
898996 0 -1
899050 8 -1
899060 1 -1
899103 6 -1
899106 3 1
899120 0 -1
899120 2 1
899154 4 -1
899232 0 -1
899251 1 1
899318 3 1
899351 0 -1
899353 2 -1
899431 1 -1
899445 7 1
899449 0 1
899501 4 1
899555 0 -1
899603 6 -1
899708 3 1
899759 5 1
899770 9 -1
899797 0 -1
899824 1 -1
899829 2 1
899856 4 -1
899856 10 1
899910 0 -1
899920 3 1
899997 1 -1
900025 0 -1
900028 6 -1
900039 8 1
900060 2 -1
900114 3 -1
900130 7 -1
900157 11 1
900166 4 -1
900170 1 -1
900237 0 1
900286 5 1
900297 2 1
900329 18 -1
900358 0 1
900415 6 1
900479 0 1
900517 4 -1
900522 3 1
900544 14 1
900551 1 -1
900702 0 -1
900716 3 -1
900748 5 -1
900748 2 1
900751 1 1
900799 0 1
900855 6 -1
900856 7 -1
900864 4 1
900912 3 1
900917 0 1
900920 1 -1
900968 2 -1
901022 0 -1
901103 9 1
901156 0 1
901221 2 -1
901267 0 -1
901275 10 -1
901291 1 1
901339 6 -1
901361 12 1
901380 0 -1
901420 3 1
901460 1 -1
901525 4 -1
901565 13 -1
901627 0 -1
901634 1 -1
901662 3 1
901697 2 1
901702 7 -1
901710 5 1
901729 0 1
901811 1 1
901851 0 1
901855 4 -1
901882 3 -1
901922 2 -1
901963 8 -1
902008 1 -1
902016 9 1
902081 0 1
902159 2 1
902178 0 -1
902183 5 -1
902194 1 1
902220 11 1
902250 4 -1
902285 6 1
902304 0 -1
902307 17 1
902350 3 1
902355 7 -1
902355 1 1
902524 0 1
902570 3 -1
902634 2 -1
902650 5 1
902652 0 1
902704 6 1
902726 1 1
902758 0 1
902796 3 1
902855 0 -1
902860 2 1
902907 1 -1
902908 12 -1
902960 4 1
902973 8 -1
902978 0 -1
903083 0 1
903091 6 -1
903094 2 -1
903109 1 1
903153 7 -1
903201 0 1
903258 3 -1
903363 4 1
903424 0 -1
903484 3 1
903492 1 1
903529 0 -1
903548 2 -1
903607 5 -1
903656 0 -1
903677 1 1
903701 4 -1
903720 3 1
903795 2 -1
903858 1 -1
903876 8 1
903877 0 1
903983 16 -1
904002 0 1
904016 10 -1
904026 2 1
904027 9 1
904096 6 -1
904102 5 1
904120 0 1
904221 1 1
904263 2 -1
904341 3 1
904360 0 1
904407 1 -1
904435 4 -1
904470 0 -1
904483 2 1
904510 6 -1
904532 5 -1
904553 3 1
904583 0 -1
904592 1 1
904596 7 -1
904671 14 1
904706 0 -1
904736 2 1
904747 3 -1
904800 21 1
904803 0 1
904842 4 -1
904919 0 1
904962 6 1
904962 2 -1
904983 1 1
904994 9 1
905004 5 1
905026 0 -1
905144 12 1
905155 3 1
905156 1 1
905225 4 -1
905265 0 -1
905344 1 -1
905348 3 -1
905381 0 -1
905418 7 -1
905424 2 -1
905435 10 1
905456 5 -1
905479 0 1
905542 3 1
905671 2 -1
905703 0 -1
905729 1 -1
905757 3 1
905827 0 -1
905832 8 -1
905890 1 -1
905894 4 1
905907 5 1
905908 2 1
905940 0 -1
905950 3 -1
905961 9 1
906026 6 1
906047 15 1
906080 1 1
906128 7 1
906133 11 -1
906147 3 1
906156 0 1
906249 4 -1
906262 0 -1
906348 5 -1
906359 3 1
906375 2 1
906386 0 1
906479 1 -1
906504 0 -1
906609 2 -1
906617 0 -1
906620 4 -1
906642 1 -1
906732 0 -1
906748 3 1
906757 6 -1
906757 8 1
906821 10 -1
906825 1 -1
906837 2 1
906859 0 -1
906961 3 1
907080 0 1
907154 3 -1
907196 1 -1
907197 6 1
907205 0 1
907208 13 -1
907316 2 -1
907321 5 1
907324 0 1
907345 4 1
907390 1 1
907533 0 -1
907552 2 1
907563 3 1
907583 1 -1
907639 0 1
907660 7 1
907681 6 1
907732 4 -1
907756 3 -1
907764 0 1
907768 1 1
907772 2 -1
907778 8 1
907794 5 -1
907950 9 1
907952 3 1
907962 1 -1
907987 0 -1
908025 2 -1
908106 0 -1
908137 1 1
908151 4 -1
908210 0 -1
908240 11 -1
908251 2 1
908267 6 -1
908304 5 -1
908317 1 1
908321 7 -1
908358 3 -1
908412 14 -1
908436 0 1
908482 2 -1
908554 3 1
908558 0 1
908682 0 1
908691 6 -1
908696 1 1
908734 2 -1
908772 3 1
908812 4 1
908863 12 1
908881 1 -1
908885 0 -1
908896 9 1
908928 18 1
909011 0 -1
909046 3 1
909046 7 1
909050 1 -1
909117 0 1
909143 15 -1
909154 6 -1
909179 4 -1
909191 5 -1
909210 2 1
909272 25 1
909304 3 1
909359 0 1
909413 1 1
909433 10 1
909436 2 -1
909465 0 -1
909524 3 -1
909546 4 1
909589 0 1
909616 5 -1
909616 24 -1
909618 1 1
909672 2 1
909680 8 -1
909750 3 1
909812 1 -1
909820 0 -1
909831 9 1
909852 13 1
909936 0 -1
910062 0 -1
910110 6 -1
910132 5 -1
910148 2 -1
910160 0 1
910175 11 -1
910183 1 -1
910212 3 -1
910269 0 1
910280 4 -1
910304 16 -1
910304 7 1
910338 1 -1
910374 2 1
910390 0 1
910438 3 1
910491 1 -1
910495 0 -1
910605 2 -1
910610 4 -1
910626 6 -1
910626 8 1
910680 3 1
910687 1 -1
910736 0 -1
910788 10 -1
910820 23 1
910841 9 1
910843 0 1
910850 1 -1
910950 0 1
910973 4 1
911025 1 1
911051 2 -1
911056 6 -1
911078 7 1
911088 5 -1
911126 3 1
911207 1 1
911277 0 1
911282 2 1
911344 4 -1
911368 3 1
911387 0 -1
911516 0 -1
911518 2 -1
911551 12 1
911572 1 1
911583 5 -1
911588 3 -1
911694 4 1
911733 8 -1
911739 2 1
911750 0 1
911763 1 -1
911803 7 -1
911809 9 1
911849 0 1
911936 1 -1
911956 0 -1
911980 6 -1
911991 2 1
912029 5 1
912053 4 -1
912064 0 -1
912126 10 1
912136 3 1
912209 0 1
912217 2 -1
912303 1 -1
912331 0 1
912335 3 -1
912376 4 -1
912432 6 1
912437 0 1
912467 2 -1
912476 1 -1
912480 5 -1
912496 7 -1
912539 14 -1
912545 3 -1
912625 13 -1
912674 1 1
912698 0 -1
912738 3 1
912797 15 -1
912819 9 1
912838 0 1
912889 5 -1
912926 2 -1
912937 3 -1
912948 6 -1
912964 0 1
913045 1 1
913113 4 1
913147 3 -1
913155 2 1
913187 0 1
913190 7 1
913214 1 1
913270 20 -1
913319 10 1
913340 3 1
913383 0 -1
913384 2 -1
913405 5 -1
913412 1 1
913488 4 -1
913515 0 -1
913613 1 -1
913749 3 -1
913765 8 1
913782 1 -1
913792 0 1
913802 7 1
913855 4 1
913888 2 1
913894 5 1
913902 0 -1
913915 19 1
913915 9 -1
913937 6 -1
913942 3 1
913944 1 -1
914012 0 1
914122 2 -1
914129 1 1
914141 3 -1
914157 0 -1
914259 12 1
914281 11 -1
914332 0 -1
914351 2 1
914378 6 1
914449 0 -1
914508 1 1
914520 7 -1
914536 4 -1
914563 0 1
914699 1 -1
914700 3 1
914722 10 -1
914786 8 1
914807 5 1
914829 2 -1
914832 0 -1
914875 1 -1
914920 3 -1
914926 6 -1
914947 17 -1
914963 4 -1
914990 0 1
915066 2 1
915119 0 1
915119 18 -1
915146 3 1
915221 1 1
915286 2 -1
915296 5 1
915318 4 1
915399 13 1
915411 1 -1
915447 0 -1
915538 2 -1
915552 0 1
915608 3 -1
915608 1 1
915676 0 1
915721 8 -1
915764 5 -1
915764 2 1
915829 9 -1
915834 3 1
915893 6 -1
915909 0 1
915979 1 1
916014 2 1
916028 7 -1
916034 0 1
916060 4 1
916076 3 1
916076 10 -1
916132 0 -1
916161 1 -1
916194 11 1
916216 2 1
916229 0 1
916280 12 1
916296 3 -1
916330 1 -1
916353 0 1
916393 6 -1
916439 4 -1
916471 0 1
916519 1 1
916522 3 1
916538 14 -1
916589 0 1
916689 9 1
916691 2 -1
916699 1 -1
916705 7 1
916753 5 1
916764 3 1
916801 4 1
916817 6 -1
916828 0 1
916882 1 -1
916928 2 1
916930 0 -1
916984 3 -1
917062 0 -1
917088 1 -1
917144 4 -1
917156 2 -1
917215 5 -1
917387 0 -1
917398 7 -1
917440 1 1
917479 10 1
917487 4 -1
917500 0 -1
917522 3 -1
917628 1 -1
917629 2 1
917634 8 1
917637 0 -1
917656 9 1
917677 5 1
917747 3 1
917763 6 -1
917789 1 -1
917825 4 1
917860 2 -1
917917 0 1
917989 3 1
918043 22 1
918043 0 1
918097 2 1
918140 1 1
918148 4 1
918177 0 1
918204 6 1
918286 0 -1
918325 1 1
918333 13 1
918398 0 1
918408 11 -1
918435 3 1
918502 0 -1
918515 1 1
918570 2 -1
918586 5 1
918599 0 1
918602 8 -1
918677 3 1
918699 6 1
918795 2 1
918825 7 -1
918841 4 -1
918876 0 1
918881 1 1
918897 3 -1
918903 12 1
918975 0 -1
919032 2 -1
919067 1 -1
919078 0 1
919102 5 1
919244 4 1
919252 1 1
919252 2 1
919298 0 -1
919365 3 1
919413 0 -1
919430 7 -1
919442 1 -1
919505 2 1
919534 0 -1
919548 5 -1
919575 6 -1
919585 3 -1
919647 4 1
919649 1 -1
919688 8 1
919730 2 -1
919741 9 -1
919811 3 1
919825 0 1
919849 1 1
919980 2 -1
919988 6 -1
919995 0 1
920010 5 1
920030 1 -1
920069 3 1
920112 0 1
920123 7 1
920204 10 1
920222 0 -1
920311 3 1
920365 1 -1
920397 4 1
920418 0 1
920440 2 -1
920526 6 -1
920531 3 -1
920547 5 1
920558 9 1
920569 0 1
920570 1 -1
920666 14 -1
920668 2 1
920687 0 1
920757 3 1
920760 1 1
920795 12 1
920808 4 1
920897 2 -1
920932 0 1
920999 5 -1
921082 0 -1
921122 4 1
921123 1 -1
921139 13 -1
921203 16 -1
921219 3 -1
921225 15 1
921227 0 1
921300 1 1
921389 2 1
921445 3 1
921461 6 -1
921461 10 1
921485 1 1
921493 5 -1
921520 0 1
921526 8 1
921526 9 1
921622 7 1
921628 2 -1
921646 0 1
921654 21 -1
921687 3 1
921808 4 -1
921832 0 1
921840 1 1
921853 2 1
921977 17 1
922027 1 -1
922031 6 1
922079 0 1
922126 4 -1
922133 3 1
922211 1 -1
922230 0 -1
922278 11 1
922321 2 1
922375 3 1
922382 0 1
922391 5 -1
922396 7 -1
922408 1 -1
922482 6 -1
922497 4 1
922504 0 1
922525 8 1
922541 2 -1
922570 1 -1
922595 3 -1
922643 12 1
922646 0 -1
922751 1 -1
922794 2 -1
922840 4 1
922842 0 -1
922858 5 1
922948 1 -1
922952 0 1
923020 3 1
923020 2 1
923041 6 1
923041 10 1
923122 7 1
923178 4 -1
923205 0 1
923213 3 -1
923251 2 -1
923319 1 1
923322 0 1
923342 5 -1
923409 3 1
923417 9 1
923444 6 -1
923446 0 1
923460 8 -1
923495 2 -1
923535 1 1
923581 4 -1
923622 3 1
923657 0 -1
923718 1 -1
923724 2 1
923815 3 -1
923818 0 1
923855 7 1
923869 6 -1
923908 4 -1
923912 13 1
923960 0 -1
924011 3 1
924083 1 1
924186 2 1
924191 11 -1
924224 3 1
924258 1 1
924266 6 1
924283 0 -1
924342 5 1
924406 0 -1
924428 9 1
924433 2 1
924446 1 -1
924508 7 1
924557 0 1
924605 4 1
924613 3 1
924664 2 -1
924750 28 1
924793 5 -1
924793 14 -1
924825 3 1
924831 1 -1
924839 0 1
924938 0 -1
924984 4 -1
925004 1 -1
925019 3 -1
925067 0 -1
925121 2 -1
925186 1 -1
925228 5 1
925242 7 -1
925277 6 1
925328 0 -1
925374 2 -1
925374 8 1
925375 1 -1
925379 4 1
925395 9 1
925454 3 1
925470 0 -1
925524 20 -1
925568 1 1
925599 2 1
925602 0 -1
925653 3 -1
925653 15 -1
925758 1 1
925782 19 1
925798 10 1
925836 6 -1
925863 3 -1
925879 7 -1
925927 0 1
925943 1 -1
926056 0 1
926075 2 -1
926096 4 -1
926158 5 1
926212 11 -1
926223 0 -1
926234 6 1
926255 3 -1
926309 2 1
926318 1 -1
926406 8 1
926438 9 1
926465 3 -1
926467 4 1
926526 2 -1
926532 0 -1
926534 1 -1
926588 5 -1
926658 3 1
926666 0 -1
926685 16 1
926725 1 1
926763 2 1
926798 4 1
926811 0 1
926857 3 -1
926922 0 1
926943 12 1
926991 2 -1
927013 5 -1
927056 0 1
927067 3 -1
927072 17 1
927112 1 1
927136 10 1
927196 0 1
927209 7 1
927239 2 -1
927260 3 1
927294 1 1
927308 6 -1
927352 8 -1
927354 0 -1
927373 9 1
927459 3 -1
927464 2 1
927483 4 -1
927487 1 -1
927523 5 -1
927564 0 -1
927720 0 1
927738 6 -1
927814 7 1
927827 0 -1
927850 4 1
927862 1 1
927884 3 1
927932 2 1
927986 5 1
928018 11 1
928023 1 1
928082 3 -1
928125 6 1
928152 2 -1
928155 0 -1
928201 1 -1
928209 4 -1
928270 0 1
928292 3 -1
928383 8 -1
928391 0 1
928405 2 -1
928459 10 -1
928499 7 -1
928502 5 1
928534 15 1
928547 1 1
928641 9 -1
928684 3 -1
928727 1 -1
928757 0 1
928881 2 1
928894 3 -1
928898 4 1
928905 0 -1
928906 1 1
928991 5 1
929079 0 -1
929087 3 1
929104 6 1
929109 2 -1
929190 0 -1
929257 4 -1
929259 1 -1
929276 8 1
929294 0 1
929308 12 -1
929340 2 1
929442 1 1
929448 0 -1
929496 3 -1
929555 6 -1
929579 4 -1
929601 0 1
929609 9 -1
929630 1 -1
929652 13 -1
929689 3 1
929816 2 -1
929861 7 1
929888 3 -1
929918 0 1
929937 5 1
930015 1 -1
930028 2 -1
930039 0 1
930082 11 1
930103 6 1
930148 0 -1
930188 1 -1
930232 8 -1
930252 4 1
930275 2 -1
930356 3 1
930379 1 1
930393 5 -1
930486 0 1
930496 6 -1
930595 7 -1
930598 3 1
930599 0 1
930619 4 -1
930716 0 1
930732 2 -1
930740 1 -1
930818 3 -1
930845 5 1
930920 6 -1
930930 1 1
930931 0 1
930950 4 -1
930979 2 -1
931104 0 1
931131 1 1
931210 2 1
931216 7 -1
931221 8 -1
931228 0 1
931286 3 1
931317 1 -1
931329 10 1
931331 0 -1
931436 6 -1
931447 0 -1
931478 1 -1
931506 3 -1
931544 12 1
931560 0 -1
931565 9 -1
931637 1 -1
931673 0 1
931683 2 1
931691 4 -1
931732 3 1
931812 5 -1
931828 1 1
931893 0 -1
931925 2 -1
931974 17 -1
931984 6 1
932011 0 -1
932030 4 -1
932060 15 -1
932081 11 1
932146 0 1
932156 2 1
932194 3 -1
932201 1 1
932285 5 1
932360 13 1
932362 1 1
932363 0 -1
932417 4 -1
932420 3 1
932460 0 1
932489 16 -1
932556 1 -1
932575 14 1
932586 0 1
932618 9 -1
932629 2 -1
932635 7 -1
932661 3 1
932753 5 -1
932780 10 -1
932855 2 1
932871 0 -1
932903 1 1
932930 6 1
932969 0 1
933086 0 1
933086 2 -1
933096 1 -1
933108 3 1
933177 8 1
933191 4 -1
933255 1 -1
933304 7 1
933349 3 1
933382 6 -1
933392 0 1
933435 9 -1
933527 0 1
933559 2 1
933570 3 -1
933570 4 1
933645 0 -1
933658 1 1
933715 5 1
933793 2 -1
933795 3 1
933820 1 1
933865 6 -1
933908 11 -1
933916 4 -1
933924 0 -1
934001 1 -1
934021 7 -1
934021 2 1
934037 3 1
934107 0 -1
934170 1 -1
934188 8 1
934217 0 1
934231 5 1
934231 10 1
934258 3 -1
934268 2 1
934295 4 -1
934352 1 1
934435 0 -1
934483 3 1
934500 2 -1
934549 1 1
934567 0 -1
934658 4 1
934671 5 -1
934682 7 -1
934735 1 1
934752 2 -1
934763 0 1
934811 6 -1
934946 3 -1
934978 2 1
935010 0 -1
935037 4 -1
935102 1 -1
935134 13 -1
935139 5 1
935171 3 1
935177 8 -1
935198 20 1
935209 0 1
935287 1 1
935335 0 -1
935381 6 1
935392 7 1
935408 4 1
935413 3 1
935445 2 1
935456 0 -1
935456 9 -1
935480 1 -1
935553 5 1
935585 15 -1
935631 0 1
935650 10 -1
935666 2 -1
935803 0 1
935814 3 1
935835 1 1
935865 6 1
935918 2 -1
935959 0 -1
935972 12 1
936004 5 -1
936025 1 -1
936026 3 1
936077 7 -1
936117 4 1
936219 3 -1
936222 1 1
936227 0 -1
936356 0 -1
936394 2 1
936445 9 -1
936445 18 -1
936456 5 1
936467 0 1
936488 4 -1
936613 1 1
936620 2 -1
936628 3 1
936671 6 -1
936679 0 1
936703 14 1
936762 7 -1
936804 1 -1
936805 0 1
936821 3 -1
936827 4 1
936856 2 1
936932 0 -1
936976 1 -1
937017 3 1
937165 10 -1
937169 1 1
937195 0 -1
937208 6 -1
937230 3 1
937292 0 1
937305 8 -1
937332 2 -1
937355 1 -1
937370 9 -1
937412 5 -1
937423 3 -1
937423 0 1
937512 4 -1
937530 1 1
937532 0 -1
937558 2 1
937619 3 1
937687 0 1
937709 1 1
937756 6 1
937789 2 -1
937821 21 1
937826 0 1
937832 3 1
937896 5 1
937907 4 1
937971 0 1
938014 11 -1
938025 2 1
938070 1 1
938143 6 -1
938229 16 -1
938230 8 1
938235 3 1
938246 2 -1
938250 1 1
938272 0 1
938278 4 -1
938302 7 -1
938383 0 -1
938391 5 -1
938417 1 -1
938434 3 -1
938498 2 -1
938509 12 -1
938537 0 1
938616 10 1
938643 3 -1
938713 6 1
938724 2 1
938807 0 -1
938814 1 -1
938967 1 -1
938993 0 -1
939003 4 -1
939036 3 -1
939052 7 -1
939127 0 -1
939152 1 1
939154 8 -1
939164 6 -1
939197 19 1
939200 2 -1
939245 3 -1
939261 9 -1
939331 5 1
939350 4 -1
939382 0 1
939436 2 1
939439 3 1
939455 17 1
939482 0 -1
939527 1 1
939640 0 1
939664 4 -1
939664 2 -1
939670 11 -1
939715 1 -1
939723 6 1
939761 7 1
939775 0 1
939799 5 -1
939847 3 -1
939885 0 -1
939906 1 1
940003 10 -1
940011 4 1
940030 0 1
940040 3 1
940121 2 -1
940135 0 -1
940207 9 1
940239 3 -1
940250 5 1
940297 1 1
940333 4 1
940368 2 -1
940393 0 -1
940473 1 -1
940487 15 1
940527 0 -1
940546 3 1
940551 6 -1
940597 2 1
940650 1 -1
940659 0 -1
940712 4 -1
940788 3 1
940788 12 1
940809 13 1
940831 14 1
940949 6 1
940952 0 1
941003 1 1
941008 3 -1
941072 2 -1
941074 0 1
941083 4 1
941110 8 1
941172 0 -1
941176 1 1
941196 7 1
941234 3 1
941260 5 -1
941261 9 -1
941261 26 1
941304 2 1
941373 1 -1
941422 0 -1
941518 6 -1
941520 0 1
941540 2 -1
941645 0 1
941647 11 -1
941696 3 -1
941723 5 1
941732 1 1
941755 2 1
941784 4 1
941809 7 1
941860 0 -1
941914 1 -1
941922 3 1
941965 2 1
942013 8 -1
942043 0 1
942117 1 -1
942131 4 1
942158 0 1
942163 3 1
942174 5 -1
942212 2 1
942314 9 -1
942378 0 -1
942422 2 1
942486 7 -1
942497 0 -1
942498 1 -1
942510 4 1
942518 6 -1
942602 0 1
942610 3 1
942626 5 1
942688 1 1
942849 1 1
942851 3 1
942889 10 -1
942894 2 -1
942900 0 1
942916 6 1
943010 1 1
943023 0 1
943024 8 -1
943072 3 -1
943115 2 1
943131 5 1
943160 0 1
943195 9 -1
943199 1 -1
943244 4 -1
943370 2 1
943415 1 -1
943429 0 -1
943475 6 -1
943592 1 1
943601 0 -1
943604 5 -1
943606 4 1
943609 3 1
943615 13 -1
943760 0 1
943808 3 -1
943832 2 1
943905 16 1
943905 7 -1
943926 8 1
943940 0 1
943947 1 -1
943953 4 -1
944018 3 -1
944058 2 -1
944066 10 -1
944077 9 1
944093 0 -1
944125 5 -1
944133 1 1
944211 3 1
944249 0 1
944308 2 -1
944320 1 -1
944402 0 -1
944410 3 -1
944421 6 -1
944442 12 -1
944566 7 -1
944614 4 1
944614 15 1
944615 22 -1
944620 3 -1
944649 0 -1
944679 1 1
944743 17 -1
944762 0 -1
944767 2 -1
944808 6 1
944813 3 1
944851 8 -1
944860 1 -1
944872 18 1
944883 0 -1
944969 4 -1
945001 2 1
945029 1 -1
945033 5 -1
945106 0 1
945195 9 -1
945219 0 -1
945222 3 -1
945222 2 -1
945275 7 1
945324 4 1
945345 6 -1
945353 0 -1
945408 1 1
945415 3 1
945474 2 -1
945496 5 1
945549 10 1
945560 11 1
945574 0 -1
945594 1 1
945614 3 -1
945670 4 -1
945700 2 1
945708 0 -1
945767 1 1
945786 6 1
945840 8 -1
945848 0 1
945936 5 -1
945936 1 -1
945950 2 1
945952 7 -1
945971 0 1
946025 4 -1
946071 0 -1
946081 3 1
946108 1 -1
946176 2 -1
946208 0 -1
946237 6 -1
946291 1 -1
946323 3 1
946348 0 -1
946355 13 1
946412 4 -1
946493 1 -1
946544 3 -1
946620 0 1
946640 2 -1
946678 7 1
946726 0 -1
946750 4 -1
946764 31 1
946785 6 1
946847 1 -1
946866 2 1
946880 0 1
946904 8 -1
946914 5 1
946979 9 1
947011 3 1
947037 1 -1
947089 2 -1
947178 6 -1
947202 0 -1
947230 1 1
947232 3 -1
947237 12 1
947361 0 1
947387 5 -1
947457 3 1
947472 4 -1
947500 7 1
947503 0 1
947543 2 -1
947581 11 1
947609 1 1
947699 3 1
947782 4 -1
947791 2 -1
947793 0 1
947795 1 -1
947909 5 -1
947919 3 -1
947944 0 1
947956 1 -1
947968 9 1
948022 2 1
948097 0 -1
948118 6 -1
948145 3 1
948161 4 1
948234 0 -1
948242 7 -1
948315 1 1
948323 10 1
948347 0 1
948387 3 1
948468 0 1
948478 2 1
948502 1 -1
948564 0 -1
948666 6 1
948706 1 1
948731 2 1
948796 0 -1
948833 3 1
948839 8 1
948847 4 -1
948860 5 1
948903 1 -1
948925 9 1
948946 0 1
948957 2 -1
949070 6 -1
949075 3 1
949086 14 1
949107 0 -1
949109 1 -1
949207 2 -1
949225 4 1
949295 3 -1
949298 1 1
949306 5 -1
949372 0 1
949419 2 -1
949430 11 -1
949480 1 -1
949516 24 -1
949570 0 1
949580 16 -1
949600 4 -1
949639 2 1
949645 12 -1
949672 0 -1
949731 5 -1
949742 10 -1
949763 3 1
949818 1 -1
949822 7 1
949895 2 1
949903 8 1
949932 0 -1
949983 3 -1
950001 1 1
950085 6 -1
950104 0 -1
950189 1 -1
950209 3 1
950263 0 1
950282 4 1
950346 2 1
950403 0 1
950511 1 -1
950532 7 1
950542 0 -1
950569 6 -1
950569 2 -1
950647 0 1
950668 4 1
950671 3 -1
950698 5 1
950701 1 1
950779 0 1
950808 2 1
950886 1 1
950897 3 1
950935 8 1
951007 4 1
951015 10 1
951029 0 -1
951047 6 -1
951139 3 1
951152 0 -1
951192 5 -1
951193 12 1
951209 7 -1
951249 0 1
951261 1 1
951284 2 -1
951300 9 -1
951442 1 1
951469 0 -1
951494 3 1
951510 2 1
951580 0 -1
951628 1 -1
951696 4 -1
951698 5 -1
951703 0 -1
951741 2 -1
951751 3 1
951859 6 1
951926 0 1
951972 3 -1
951987 1 -1
952050 0 1
952055 4 1
952160 13 -1
952171 0 1
952192 1 1
952192 2 -1
952198 3 1
952203 6 1
952308 0 1
952386 1 -1
952418 2 1
952430 4 -1
952442 0 1
952461 9 1
952525 15 -1
952558 5 1
952568 0 1
952579 7 1
952612 17 -1
952622 6 1
952649 2 -1
952660 3 -1
952697 0 1
952753 1 -1
952837 8 -1
952875 2 1
952886 3 1
952930 1 1
952955 0 1
953009 6 -1
953052 5 1
953052 0 -1
953103 4 1
953111 1 1
953127 3 1
953128 23 1
953128 2 1
953168 0 1
953213 14 1
953264 7 -1
953348 2 -1
953428 0 1
953474 4 -1
953498 1 1
953514 11 -1
953536 5 -1
953573 3 1
953576 0 1
953600 12 -1
953600 9 -1
953603 2 -1
953649 6 -1
953684 1 -1
953732 0 -1
953794 8 1
953815 3 1
953857 4 1
953893 1 -1
953966 7 1
953998 10 -1
954025 0 1
954036 3 -1
954063 2 -1
954193 0 1
954252 1 -1
954288 2 1
954299 0 -1
954331 18 -1
954433 0 1
954435 1 1
954449 3 1
954471 6 1
954519 2 -1
954530 4 -1
954533 0 -1
954535 5 1
954546 16 -1
954615 1 1
954643 3 -1
954681 0 1
954783 8 1
954791 0 -1
954832 1 1
954839 3 1
954893 4 1
954933 13 1
954982 5 -1
954990 1 1
954998 2 1
955051 3 1
955100 0 1
955148 6 1
955179 1 -1
955219 0 1
955234 2 -1
955245 3 -1
955256 10 -1
955308 4 1
955318 0 -1
955363 11 1
955373 1 1
955385 7 -1
955395 5 -1
955441 3 1
955454 2 1
955584 0 -1
955600 9 -1
955653 3 1
955699 1 1
955715 0 -1
955836 12 1
955847 0 -1
955880 1 -1
955933 2 -1
956043 3 1
956066 1 -1
956073 6 1
956086 4 1
956137 15 -1
956140 0 1
956183 2 -1
956231 7 -1
956250 0 1
956255 3 1
956376 0 1
956384 5 1
956395 2 -1
956437 1 -1
956449 3 -1
956460 6 -1
956465 4 -1
956524 0 -1
956546 9 -1
956634 1 1
956637 0 -1
956642 2 -1
956675 10 1
956739 8 -1
956761 0 -1
956820 1 -1
956824 4 1
956852 5 -1
956859 0 1
956871 2 1
956884 7 -1
956922 3 1
956986 6 -1
957099 2 -1
957107 0 1
957142 3 -1
957178 1 -1
957182 4 -1
957207 0 -1
957309 5 1
957336 2 1
957341 14 1
957346 0 1
957368 3 1
957376 1 1
957427 11 1
957513 9 -1
957549 1 1
957553 4 1
957577 13 -1
957642 0 -1
957664 8 1
957682 7 -1
957735 1 -1
957747 0 -1
957798 5 1
957809 2 1
957830 3 -1
957870 0 -1
957918 1 1
957920 4 -1
958056 3 1
958056 2 1
958091 0 1
958114 1 -1
958115 6 1
958201 12 -1
958218 0 1
958242 4 -1
958255 5 -1
958287 25 1
958287 2 -1
958298 3 1
958307 1 1
958319 10 1
958332 0 1
958373 9 1
958464 7 -1
958545 6 -1
958631 0 1
958652 8 1
958678 1 1
958741 0 -1
958744 3 1
958744 2 -1
958770 5 -1
958839 1 1
958900 0 1
958916 4 -1
958986 3 1
958996 2 -1
959014 1 -1
959125 6 1
959125 7 -1
959152 0 1
959206 3 -1
959217 5 1
959222 2 1
959262 4 1
959262 0 -1
959389 0 -1
959405 9 -1
959412 1 -1
959448 11 1
959593 4 1
959597 1 -1
959663 0 1
959698 2 -1
959706 8 1
959722 7 -1
959732 3 -1
959760 1 -1
959768 0 -1
959786 10 -1
959926 2 1
959937 0 1
959958 3 1
960109 1 1
960160 2 -1
960200 3 1
960222 5 -1
960249 0 1
960265 6 1
960294 4 1
960298 1 -1
960329 9 1
960378 0 1
960437 15 1
960512 0 1
960514 1 -1
960609 13 -1
960622 0 -1
960644 2 1
960646 3 1
960657 4 -1
960662 5 1
960675 1 -1
960748 8 1
960756 0 -1
960802 6 -1
960863 0 1
960867 1 1
960872 2 -1
960888 3 1
960961 0 -1
960963 10 -1
961054 1 -1
961064 4 -1
961108 3 -1
961119 2 -1
961168 5 1
961215 1 -1
961229 7 1
961243 6 1
961251 0 1
961339 11 -1
961393 0 -1
961426 9 -1
961525 0 -1
961564 1 1
961576 3 1
961576 2 -1
961684 6 -1
961766 1 -1
961778 0 -1
961791 8 1
961796 3 -1
961813 2 1
961858 4 1
961878 0 1
961898 27 -1
961935 1 -1
961995 7 -1
962002 0 1
962022 3 1
962027 19 -1
962033 5 -1
962033 2 -1
962140 6 -1
962197 4 1
962232 0 1
962285 12 1
962302 3 1
962302 1 1
962350 0 1
962382 10 1
962449 0 -1
962490 5 1
962491 1 -1
962506 2 1
962543 3 1
962552 0 1
962568 4 -1
962675 0 1
962689 1 1
962710 2 1
962726 6 1
962758 8 -1
962764 3 -1
962785 7 1
962799 0 1
962912 0 1
962930 4 1
962963 2 1
962989 3 1
963016 5 1
963059 1 1
963081 11 1
963156 0 1
963167 6 -1
963188 20 1
963229 1 1
963274 0 -1
963293 4 -1
963317 13 1
963339 9 -1
963418 1 -1
963438 2 -1
963452 3 -1
963462 0 1
963608 1 1
963628 4 -1
963651 2 -1
963677 3 1
963704 17 -1
963731 0 1
963793 1 -1
963858 0 -1
963898 2 -1
963919 3 1
963938 4 -1
963954 1 -1
963992 0 -1
964011 5 -1
964075 7 -1
964111 1 -1
964126 2 1
964285 9 -1
964290 0 -1
964355 2 -1
964360 6 -1
964365 3 1
964392 12 -1
964414 11 -1
964446 0 1
964462 5 1
964478 1 -1
964602 2 -1
964607 3 1
964642 0 -1
964656 1 1
964664 4 -1
964715 8 1
964739 0 1
964833 2 1
964841 7 -1
964845 1 -1
964854 0 1
964865 3 1
964865 6 -1
964876 5 1
965002 0 1
965026 4 1
965177 0 1
965204 10 1
965231 9 -1
965236 1 -1
965252 14 -1
965290 2 1
965327 5 -1
965354 3 1
965421 4 -1
965430 1 1
965435 6 1
965448 0 -1
965518 7 -1
965542 2 1
965553 3 -1
965602 0 1
965617 1 -1
965618 8 -1
965714 0 -1
965763 3 -1
965774 2 -1
965822 5 -1
965956 3 1
965980 0 -1
965990 1 -1
966091 13 -1
966093 0 1
966139 4 1
966155 3 -1
966159 1 -1
966193 0 -1
966230 5 -1
966246 2 -1
966349 1 1
966365 3 -1
966404 0 1
966413 12 -1
966488 6 -1
966499 2 -1
966502 4 -1
966521 8 1
966534 1 -1
966542 22 1
966542 16 1
966558 3 1
966561 0 -1
966682 5 1
966695 0 -1
966719 1 1
966725 2 1
966832 10 1
966846 0 1
966864 7 1
966868 4 1
966893 1 -1
966967 3 -1
966972 0 1
967069 6 1
967071 0 -1
967094 1 1
967160 3 1
967200 2 -1
967206 0 -1
967252 9 -1
967386 3 1
967429 2 1
967441 1 -1
967510 0 1
967566 4 -1
967574 15 1
967624 1 1
967628 5 1
967638 7 -1
967644 0 1
967652 2 -1
967660 6 -1
967754 0 -1
967792 1 1
967888 2 1
967950 3 1
967988 0 1
967993 4 -1
968025 9 1
968068 5 -1
968093 0 -1
968117 2 -1
968144 3 -1
968179 1 1
968187 10 -1
968211 0 -1
968340 3 1
968348 11 1
968348 17 1
968352 1 1
968364 4 1
968364 2 -1
968431 0 1
968461 7 -1
968520 5 1
968531 0 -1
968541 1 -1
968563 8 1
968590 2 1
968665 0 1
968746 3 -1
968772 0 -1
968775 4 1
968799 13 1
968842 6 -1
968885 0 -1
968924 1 -1
968942 3 1
969012 0 -1
969036 9 1
969057 2 1
969108 0 1
969122 4 1
969142 1 -1
969154 3 1
969278 2 -1
969283 6 1
969311 1 -1
969331 0 -1
969347 3 -1
969380 14 -1
969444 5 1
969476 4 -1
969479 0 1
969501 1 1
969530 2 -1
969544 3 1
969562 8 1
969635 0 -1
969688 1 -1
969756 3 1
969777 6 1
969787 4 -1
969831 7 1
969835 1 -1
969917 5 -1
969931 0 -1
969949 3 -1
970006 2 1
970033 0 1
970037 1 1
970178 0 -1
970232 2 -1
970358 3 -1
970369 11 1
970369 6 -1
970369 12 -1
970396 7 1
970432 1 -1
970433 5 -1
970468 2 1
970503 0 1
970508 8 -1
970567 3 -1
970589 4 1
970593 1 -1
970648 0 1
970761 3 1
970766 0 1
970767 10 1
970784 1 1
970809 6 1
970912 0 1
970941 2 -1
970992 4 1
971057 0 -1
971145 1 1
971153 7 -1
971154 2 -1
971164 9 -1
971169 3 -1
971186 21 1
971204 0 1
971314 4 1
971315 5 -1
971315 6 1
971331 1 -1
971363 3 1
971371 0 -1
971401 2 -1
971444 15 1
971528 1 -1
971562 3 -1
971629 2 1
971640 0 -1
971742 0 1
971766 5 1
971830 16 -1
971857 2 -1
971874 0 1
971907 1 -1
971938 9 1
971965 3 1
972024 4 1
972024 6 1
972024 10 1
972072 1 -1
972105 2 -1
972118 0 1
972164 3 -1
972228 5 -1
972258 0 -1
972262 1 1
972336 2 1
972346 4 1
972395 7 -1
972400 3 -1
972419 0 1
972432 11 1
972432 8 1
972445 1 -1
972518 12 1
972606 1 -1
972674 5 1
972685 0 1
972697 4 -1
972782 1 -1
972798 2 1
972814 0 1
972822 3 1
972930 0 -1
972948 9 1
972971 1 1
973034 3 1
973040 2 -1
973042 0 1
973083 5 1
973142 0 -1
973193 7 -1
973206 6 1
973228 3 -1
973249 19 1
973260 0 -1
973282 2 1
973354 1 1
973370 0 -1
973394 10 -1
973421 14 -1
973451 4 -1
973486 8 1
973534 1 -1
973593 5 1
973636 3 1
973682 0 -1
973709 1 -1
973722 6 -1
973755 2 -1
973765 18 -1
973781 4 1
973830 3 -1
973830 7 -1
973841 0 1
973937 9 1
973948 0 -1
973980 2 1
974026 3 1
974055 5 -1
974064 1 1
974120 6 1
974144 4 -1
974170 0 1
974211 2 -1
974245 1 -1
974281 29 -1
974281 17 1
974284 0 1
974389 8 -1
974400 0 1
974432 3 -1
974442 13 -1
974450 1 1
974475 4 -1
974628 3 1
974647 0 1
974684 2 1
974757 0 -1
974801 4 1
974805 1 -1
974840 3 1
974867 0 1
974883 12 -1
974894 9 1
974918 2 -1
974991 5 -1
974991 1 1
975034 6 -1
975147 2 1
975171 0 1
975178 1 -1
975200 4 -1
975227 15 1
975230 3 1
975281 7 -1
975289 0 1
975394 2 1
975399 0 -1
975442 3 1
975469 5 1
975474 6 1
975555 4 1
975559 1 -1
975625 2 -1
975633 0 -1
975636 3 -1
975744 1 1
975754 0 -1
975832 3 1
975851 9 1
975861 2 1
975880 0 -1
975910 1 1
975915 6 -1
975926 7 1
975969 5 1
976044 3 1
976055 10 1
976082 2 -1
976100 0 1
976221 0 1
976238 3 -1
976268 1 -1
976284 4 -1
976302 11 -1
976356 0 1
976399 8 -1
976434 3 1
976470 1 1
976555 7 1
976571 2 1
976635 4 1
976649 0 -1
976655 1 -1
976762 0 1
976791 2 -1
976839 3 -1
976861 0 -1
976882 5 1
976925 6 -1
976966 4 1
976990 9 -1
977001 0 1
977022 1 1
977033 24 -1
977036 3 1
977044 2 -1
977132 0 1
977186 1 -1
977259 0 1
977264 3 1
977280 13 1
977302 8 1
977355 5 -1
977356 6 1
977361 1 -1
977389 0 1
977519 2 1
977549 14 -1
977570 10 -1
977659 4 -1
977681 0 -1
977689 3 -1
977718 1 -1
977745 2 -1
977753 6 -1
977844 0 -1
977871 5 -1
977885 3 1
977885 1 -1
977901 7 1
977952 2 -1
977957 16 -1
977968 0 -1
978006 4 1
978058 1 -1
978097 3 1
978252 1 1
978258 8 -1
978283 0 -1
978344 11 -1
978401 4 1
978409 20 1
978409 23 -1
978409 2 -1
978435 1 -1
978438 0 1
978487 3 1
978562 0 1
978586 7 1
978628 1 1
978656 2 -1
978699 3 1
978769 6 1
978796 0 -1
978801 5 -1
978808 1 1
978884 2 1
978892 3 -1
978903 9 -1
978911 0 -1
979018 0 1
979030 4 1
979075 12 1
979089 3 1
979113 2 -1
979118 10 -1
979142 0 1
979179 1 1
979236 6 -1
979259 0 1
979301 3 1
979301 5 -1
979348 1 1
979360 2 -1
979365 0 1
979392 7 1
979416 4 -1
979494 3 -1
979521 0 -1
979562 1 1
979591 2 1
979691 3 1
979726 6 -1
979726 0 -1
979763 5 1
979763 9 1
979828 4 -1
979828 2 -1
979849 0 -1
979918 1 1
979967 0 -1
980021 13 -1
980021 7 1
980066 1 -1
980102 3 -1
980204 0 -1
980220 5 -1
980239 4 -1
980243 1 1
980279 8 -1
980295 3 1
980301 2 1
980311 10 -1
980381 0 -1
980408 11 -1
980494 3 -1
980526 2 -1
980537 0 1
980561 4 -1
980594 1 -1
980698 6 -1
980736 5 -1
980774 9 1
980776 2 -1
980779 1 1
980803 7 -1
980822 0 -1
980897 3 1
980908 4 1
980938 0 -1
980952 1 1
980988 12 1
981044 0 1
981096 3 -1
981151 0 1
981162 1 1
981204 8 1
981225 5 1
981241 2 -1
981255 0 -1
981283 4 -1
981306 3 -1
981332 18 -1
981351 1 1
981354 6 -1
981370 0 1
981494 2 1
981534 0 1
981537 1 -1
981585 7 -1
981660 5 -1
981676 14 -1
981698 3 -1
981730 10 1
981742 1 -1
981746 2 1
981768 0 1
981870 6 -1
981893 0 1
981907 3 -1
982010 0 1
982020 4 -1
982093 1 1
982198 2 1
982203 3 1
982214 8 1
982230 7 -1
982233 0 -1
982258 1 1
982340 0 1
982415 4 -1
982432 2 -1
982476 1 1
982499 3 1
982510 0 1
982590 5 -1
982660 2 1
982730 4 -1
982741 3 1
982816 9 -1
982845 0 -1
982855 1 1
982907 2 1
982961 3 -1
983004 0 1
983042 5 1
983048 1 -1
983114 0 -1
983128 6 1
983133 2 -1
983149 10 -1
983160 12 -1
983187 3 1
983234 1 1
983283 0 -1
983359 2 1
983388 0 1
983455 7 -1
983496 4 1
983501 0 1
983552 5 1
983588 1 -1
983590 2 -1
983590 9 1
983595 6 1
983646 0 1
983649 3 -1
983798 1 -1
983858 4 1
983875 3 1
983936 0 -1
983973 1 -1
983987 6 -1
984033 0 1
984047 2 -1
984116 3 1
984127 11 -1
984133 1 -1
984143 0 1
984170 8 -1
984205 4 -1
984254 7 -1
984299 15 -1
984299 2 -1
984318 1 1
984342 19 -1
984366 0 1
984482 5 1
984498 0 1
984499 1 1
984525 2 1
984562 3 1
984600 21 -1
984638 0 1
984665 10 -1
984685 1 -1
984729 9 -1
984804 3 1
984927 4 -1
984939 7 -1
984968 0 -1
984987 5 1
985001 2 -1
985014 3 -1
985064 1 -1
985095 8 1
985116 6 1
985143 0 -1
985202 12 -1
985231 1 1
985237 2 1
985245 4 -1
985267 0 -1
985406 3 -1
985410 1 1
985422 0 1
985466 2 -1
985503 5 1
985535 6 1
985604 4 1
985616 3 -1
985619 0 -1
985696 13 1
985715 0 1
985801 1 1
985804 14 -1
985809 3 1
985831 0 1
985938 6 -1
985939 2 1
985946 4 1
985981 1 -1
986148 1 -1
986153 0 1
986170 2 -1
986213 8 1
986218 3 -1
986277 7 1
986299 0 1
986309 4 -1
986363 11 1
986395 5 1
986406 2 1
986411 3 1
986425 0 -1
986427 6 -1
986519 1 -1
986610 3 -1
986648 2 1
986653 0 1
986656 4 1
986708 1 1
986728 9 -1
986804 5 1
986820 0 1
986874 2 -1
986894 1 -1
986954 0 1
986995 7 -1
987013 3 1
987027 4 -1
987069 1 1
987094 6 -1
987105 2 1
987180 12 -1
987199 0 -1
987212 3 -1
987248 1 1
987309 20 1
987312 0 1
987320 5 1
987341 2 -1
987406 10 -1
987426 1 -1
987432 0 1
987459 3 1
987529 0 -1
987535 6 1
987623 1 1
987653 0 1
987674 9 -1
987712 7 1
987728 4 1
987760 0 -1
987803 5 -1
987814 2 1
987862 3 1
987911 0 1
987982 1 -1
988040 6 -1
988040 30 1
988040 2 -1
988042 4 1
988061 3 -1
988168 1 1
988231 0 1
988271 3 -1
988271 2 1
988309 8 1
988325 5 -1
988361 1 -1
988405 11 1
988419 0 -1
988442 4 1
988470 13 -1
988545 0 -1
988599 16 -1
988642 9 -1
988663 3 -1
988712 1 1
988749 2 1
988798 5 1
988819 6 -1
988843 0 1
988873 3 -1
988893 1 -1
988921 10 1
988964 0 1
988980 2 -1
989066 3 1
989070 1 -1
989123 4 -1
989126 0 -1
989163 7 -1
989222 8 -1
989225 2 -1
989233 5 -1
989244 12 1
989265 3 -1
989287 6 -1
989410 0 1
989457 1 -1
989475 3 -1
989490 4 1
989569 0 -1
989651 1 1
989668 3 1
989687 2 -1
989736 0 -1
989760 17 -1
989803 6 -1
989836 1 -1
989840 7 1
989856 0 -1
989867 3 -1
989880 4 -1
989916 2 1
989932 14 -1
989932 15 -1
989993 0 -1
990006 1 -1
990128 0 -1
990157 5 -1
990163 2 1
990168 8 1
990191 1 1
990232 11 -1
990238 0 1
990270 3 1
990292 10 -1
990388 1 -1
990458 9 1
990469 3 -1
990526 0 -1
990574 1 1
990590 4 1
990593 5 1
990630 2 1
990633 0 1
990646 7 1
990679 3 -1
990732 0 -1
990851 2 -1
990867 6 1
990957 1 1
990966 0 1
990989 4 1
991006 5 1
991071 3 -1
991103 2 -1
991106 0 1
991136 18 -1
991140 1 -1
991200 8 1
991254 6 -1
991281 3 -1
991297 0 1
991307 13 1
991312 1 -1
991324 4 1
991350 12 1
991380 7 -1
991415 9 1
991474 3 1
991560 2 -1
991614 0 -1
991662 4 1
991680 1 -1
991748 0 1
991813 6 1
991813 2 -1
991852 1 -1
991866 0 -1
991882 3 -1
991985 5 -1
992001 7 -1
992027 1 1
992033 4 -1
992038 2 1
992076 3 1
992111 0 -1
992189 8 1
992280 0 -1
992310 3 1
992339 11 -1
992339 9 1
992364 4 1
992404 1 1
992431 0 1
992447 5 1
992514 2 -1
992522 3 -1
992591 1 -1
992630 7 -1
992710 0 -1
992716 6 -1
992732 3 -1
992738 1 1
992746 4 -1
992750 2 1
992808 0 1
992882 5 -1
992922 0 1
992925 3 1
992932 1 -1
992979 2 -1
992984 10 -1
993124 3 -1
993125 1 -1
993183 6 -1
993210 8 1
993238 0 1
993275 7 1
993307 1 1
993398 0 -1
993428 4 1
993449 2 1
993488 1 1
993506 0 1
993527 3 1
993662 2 1
993726 3 -1
993747 5 1
993758 16 -1
993774 4 -1
993829 1 -1
993834 0 1
993882 2 -1
993909 6 -1
993936 3 -1
993952 0 1
994012 1 -1
994038 8 1
994048 0 -1
994129 2 -1
994165 4 1
994188 5 -1
994199 0 1
994202 1 1
994296 9 1
994306 10 -1
994312 0 -1
994328 3 -1
994360 2 1
994425 6 -1
994444 0 -1
994446 11 -1
994532 17 1
994538 3 -1
994572 1 -1
994581 7 -1
994597 2 -1
994599 0 1
994629 5 1
994704 12 -1
994758 1 1
994774 3 -1
994817 2 1
994833 15 -1
994852 0 1
994923 1 1
994935 4 1
994946 6 -1
995040 0 -1
995142 0 1
995145 5 1
995166 3 -1
995242 9 1
995274 7 1
995295 2 -1
995310 4 -1
995314 1 -1
995328 6 1
995376 3 -1
995376 0 1
995486 1 -1
995494 0 1
995545 2 -1
995569 3 1
995596 0 -1
995661 4 -1
995661 5 1
995661 10 1
995677 1 1
995758 2 -1
995768 3 -1
995822 6 1
995838 0 1
995862 1 -1
995930 8 -1
995978 3 -1
996016 0 1
996032 7 -1
996044 1 1
996107 5 -1
996171 3 1
996205 1 1
996212 0 -1
996233 2 1
996252 9 1
996325 0 1
996370 3 -1
996378 4 -1
996402 1 -1
996424 11 -1
996462 2 -1
996475 0 -1
996542 5 -1
996667 0 1
996685 4 -1
996709 2 -1
996757 6 1
996773 3 1
996773 0 -1
996785 1 1
996940 12 1
996951 1 1
996951 8 -1
996972 3 -1
996983 13 -1
996991 4 -1
997080 0 -1
997132 1 -1
997144 6 -1
997198 0 -1
997201 2 1
997203 3 -1
997351 0 1
997434 5 -1
997440 2 -1
997499 18 1
997503 1 -1
997531 6 1
997612 7 1
997666 2 1
997687 0 -1
997696 1 1
997761 4 1
997784 3 1
997838 0 1
997886 8 1
997891 5 1
997897 2 -1
997902 1 -1
998007 0 -1
998026 3 1
998095 4 1
998112 9 1
998133 2 1
998144 7 -1
998187 14 -1
998219 0 -1
998246 3 -1
998273 1 -1
998332 0 -1
998353 2 -1
998402 5 1
998430 0 1
998438 4 -1
998450 10 1
998466 1 1
998585 2 1
998587 0 -1
998627 6 -1
998636 1 -1
998713 3 1
998722 0 -1
998872 0 1
998886 7 1
998934 3 -1
998989 0 1
999004 12 -1
999023 1 1
999058 2 -1
999068 9 1
999127 4 -1
999160 3 1
999208 6 1
999208 1 -1
999225 0 1
999283 5 -1
999283 2 1
999305 17 -1
999324 0 -1
999397 1 1
999401 3 1
999506 4 1
999506 0 -1
999533 2 1
999622 3 -1
999649 6 1
999692 13 1
999692 10 1
999760 1 -1
999783 0 1
999799 8 -1
999804 5 -1
999848 3 1
999885 4 -1
999885 16 -1
999931 0 1
999954 1 1
999995 2 1
1000079 9 1
1000084 0 -1
1000095 3 1
1000135 1 1
1000216 7 1
1000224 2 -1
1000277 5 1
1000294 11 1
1000377 0 1
1000423 6 1
1000471 2 -1
1000502 1 1
1000544 0 1
1000627 3 1
1000675 4 1
1000685 1 -1
1000697 0 -1
1000831 8 -1
1000847 3 -1
1000869 7 -1
1000889 1 1
1000928 2 -1
1000971 6 1
1000984 0 1
1001014 10 -1
1001034 4 -1
1001073 3 1
1001137 0 -1
1001164 2 1
1001175 5 1
1001256 1 -1
1001261 0 -1
1001344 4 -1
1001385 2 -1
1001441 1 1
1001465 6 1
1001472 0 1
1001535 3 -1
1001594 7 -1
1001594 0 1
1001614 1 1
1001637 5 -1
1001637 2 -1
1001710 0 -1
1001761 3 1
1001766 8 1
1001798 21 1
1001824 1 1
1001863 2 1
1001987 0 -1
1002003 3 1
1002007 1 -1
1002070 4 -1
1002073 5 1
1002091 0 -1
1002099 6 -1
1002116 2 1
1002142 23 -1
1002179 1 -1
1002188 0 1
1002207 9 -1
1002228 14 -1
1002320 2 1
1002362 1 1
1002384 7 -1
1002400 11 1
1002425 4 1
1002425 0 -1
1002449 3 1
1002486 5 1
1002564 0 -1
1002594 6 -1
1002691 3 1
1002691 13 1
1002719 1 -1
1002726 0 1
1002787 12 -1
1002798 2 -1
1002807 4 1
1002890 0 1
1002894 1 1
1002981 9 1
1002986 5 1
1002986 0 -1
1003013 3 -1
1003048 2 -1
1003080 1 -1
1003115 0 -1
1003142 6 -1
1003142 7 1
1003150 4 1
1003239 3 -1
1003260 2 -1
1003290 0 -1
1003435 3 1
1003459 1 -1
1003464 5 -1
1003501 4 -1
1003553 0 -1
1003606 1 1
1003647 3 1
1003690 8 -1
1003723 10 1
1003733 2 1
1003752 0 1
1003799 1 -1
1003803 6 -1
1003841 3 -1
1003868 7 -1
1003872 4 1
1003873 0 1
1003927 5 1
1003980 2 -1
1003991 9 1
1004174 1 1
1004222 2 1
1004234 0 1
1004249 3 1
1004271 4 -1
1004355 1 1
1004394 0 -1
1004421 11 1
1004443 3 -1
1004523 0 -1
1004529 7 -1
1004537 1 -1
1004636 15 1
1004639 3 1
1004658 6 1
1004674 2 1
1004690 8 -1
1004696 1 -1
1004765 12 -1
1004767 0 1
1004776 5 -1
1004867 0 -1
1004879 1 -1
1004916 10 1
1004921 2 1
1004980 9 1
1005016 4 1
1005018 0 -1
1005045 3 -1
1005069 1 1
1005139 0 -1
1005152 2 -1
1005241 3 1
1005241 0 1
1005248 1 -1
1005249 5 1
1005270 6 -1
1005351 4 1
1005351 0 1
1005399 13 -1
1005458 0 -1
1005555 3 -1
1005609 2 -1
1005625 1 1
1005647 8 1
1005684 0 -1
1005694 4 -1
1005743 6 -1
1005765 5 1
1005790 1 1
1005800 0 1
1005851 7 1
1005862 2 -1
1005931 0 1
1005937 9 1
1005976 1 -1
1006023 3 1
1006087 2 1
1006243 3 -1
1006259 0 -1
1006270 10 -1
1006313 14 -1
1006371 1 1
1006375 0 -1
1006407 4 1
1006469 3 1
1006488 0 1
1006563 2 -1
1006568 1 -1
1006614 18 -1
1006625 7 -1
1006636 8 1
1006711 3 1
1006711 5 -1
1006750 1 1
1006774 4 -1
1006786 6 1
1006791 2 1
1006816 0 -1
1006894 9 1
1006931 3 -1
1006945 0 -1
1007025 2 -1
1007084 0 1
1007102 1 -1
1007157 3 1
1007162 5 1
1007173 4 -1
1007229 0 -1
1007290 1 -1
1007345 6 -1
1007399 3 1
1007399 0 1
1007431 19 1
1007471 7 -1
1007474 12 -1
1007475 1 1
1007501 2 1
1007517 0 1
1007608 5 -1
1007657 8 1
1007661 1 -1
1007667 0 -1
1007732 2 -1
1007775 6 1
1007845 3 1
1007854 1 1
1007861 15 -1
1007882 4 -1
1007963 0 1
1007968 2 1
1008033 9 -1
1008038 1 -1
1008092 3 1
1008146 0 1
1008229 1 1
1008237 13 1
1008251 0 -1
1008257 4 1
1008377 11 -1
1008420 3 1
1008441 2 -1
1008484 5 1
1008517 0 -1
1008603 8 -1
1008604 1 1
1008632 4 -1
1008667 2 1
1008668 0 1
1008749 1 -1
1008791 0 1
1008823 3 1
1008890 7 -1
1008893 2 -1
1008936 5 -1
1008943 1 1
1009003 4 1
1009022 3 -1
1009022 6 1
1009076 10 -1
1009119 2 1
1009143 0 1
1009231 3 -1
1009245 0 -1
1009321 1 1
1009366 4 -1
1009368 2 1
1009379 0 -1
1009393 5 1
1009487 7 -1
1009499 1 1
1009516 8 1
1009538 6 1
1009594 2 -1
1009624 3 -1
1009648 0 1
1009680 1 -1
1009688 4 -1
1009777 0 1
1009831 2 1
1009833 3 -1
1009903 0 1
1009946 9 -1
1009957 6 1
1010027 3 1
1010043 1 1
1010095 4 -1
1010148 0 -1
1010204 7 1
1010226 3 -1
1010228 1 -1
1010244 0 1
1010306 2 -1
1010344 5 -1
1010400 1 -1
1010400 0 -1
1010419 11 -1
1010430 10 1
1010435 3 -1
1010527 17 1
1010532 2 1
1010603 1 1
1010629 3 1
1010648 0 1
1010720 16 -1
1010731 6 1
1010763 2 -1
1010785 5 -1
1010805 1 1
1010806 9 1
1010817 0 1
1010828 3 -1
1010865 4 1
1010914 22 1
1010959 0 1
1010978 13 -1
1010986 1 1
1011176 1 -1
1011185 0 -1
1011188 4 1
1011220 2 -1
1011239 3 1
1011268 6 1
1011311 0 -1
1011322 5 -1
1011409 0 1
1011430 26 -1
1011451 3 1
1011462 7 1
1011472 15 -1
1011473 2 -1
1011510 0 -1
1011537 8 -1
1011542 1 1
1011550 4 -1
1011620 0 -1
1011644 3 -1
1011655 10 1
1011698 2 1
1011709 6 -1
1011728 1 -1
1011730 12 -1
1011755 0 -1
1011816 9 1
1011889 1 -1
1011894 0 1
1012053 3 1
1012174 2 -1
1012179 7 -1
1012195 0 1
1012203 20 -1
1012230 5 -1
1012246 3 -1
1012268 1 -1
1012340 0 1
1012357 4 1
1012397 11 -1
1012408 2 1
1012429 1 -1
1012442 3 1
1012515 0 1
1012547 8 -1
1012623 1 1
1012639 2 -1
1012711 4 1
1012730 5 -1
1012805 0 -1
1012848 3 -1
1012883 2 -1
1012913 6 1
1012959 0 1
1012961 7 1
1012998 1 1
1013050 4 -1
1013053 3 1
1013096 2 -1
1013114 0 -1
1013182 5 1
1013195 1 -1
1013343 2 -1
1013359 3 -1
1013372 1 1
1013398 0 1
1013450 8 1
1013555 0 -1
1013558 6 -1
1013560 1 -1
1013571 2 1
1013606 7 1
1013665 9 1
1013711 0 1
1013739 1 -1
1013751 4 1
1013835 0 1
1013896 3 -1
1013925 1 1
1013934 0 -1
1013945 13 -1
1013966 12 1
1014044 2 -1
1014087 0 1
1014090 1 1
1014122 3 1
1014138 4 -1
1014160 6 1
1014181 28 -1
1014187 5 -1
1014211 0 1
1014292 2 1
1014364 3 1
1014437 7 1
1014477 0 1
1014477 10 1
1014493 4 1
1014497 1 -1
1014531 2 -1
1014568 14 -1
1014611 0 1
1014654 5 1
1014666 1 -1
1014676 9 1
1014721 0 -1
1014810 3 1
1014840 1 -1
1014880 4 -1
1014951 0 1
1014977 6 -1
1014988 2 -1
1015052 3 1
1015057 0 -1
1015095 5 -1
1015114 7 -1
1015181 0 1
1015206 4 1
1015221 1 -1
1015224 2 1
1015272 3 -1
1015382 0 1
1015406 1 1
1015407 8 -1
1015444 2 -1
1015471 6 -1
1015510 0 1
1015517 4 1
1015593 1 -1
1015630 0 1
1015643 9 1
1015740 3 1
1015740 0 1
1015799 7 1
1015839 4 1
1015847 10 -1
1015858 0 1
1015923 2 1
1015944 12 1
1015960 3 -1
1015962 0 -1
1015968 1 -1
1016019 5 -1
1016041 6 -1
1016076 0 1
1016130 1 -1
1016154 2 -1
1016186 3 1
1016202 16 1
1016287 1 -1
1016288 11 1
1016379 0 1
1016396 8 -1
1016398 2 -1
1016468 1 1
1016514 5 -1
1016527 0 -1
1016532 4 1
1016589 17 1
1016627 2 1
1016648 3 -1
1016654 1 -1
1016667 0 1
1016823 1 1
1016860 2 -1
1016874 3 1
1016890 0 -1
1016903 4 -1
1017003 0 -1
1017008 5 1
1017008 1 1
1017040 6 -1
1017089 2 1
1017116 3 1
1017129 0 -1
1017137 10 -1
1017153 7 -1
1017306 4 1
1017320 8 1
1017336 3 -1
1017336 2 1
1017350 0 1
1017379 1 1
1017460 0 1
1017476 5 -1
1017481 6 1
1017535 9 1
1017562 3 1
1017568 1 -1
1017589 0 1
1017753 0 -1
1017766 7 -1
1017770 1 1
1017804 3 1
1017820 2 -1
1017855 0 1
1017933 5 1
1017933 6 -1
1017996 4 -1
1018008 0 -1
1018024 3 -1
1018046 2 1
1018118 0 1
1018141 1 1
1018277 2 -1
1018322 1 1
1018330 11 1
1018363 4 1
1018380 0 1
1018395 14 1
1018422 5 1
1018443 7 1
1018492 3 1
1018512 1 1
1018527 0 -1
1018545 9 1
1018551 6 -1
1018650 0 -1
1018653 19 -1
1018717 4 -1
1018733 2 -1
1018755 3 1
1018878 5 -1
1018883 1 -1
1018940 0 1
1018986 2 -1
1019040 3 -1
1019080 1 1
1019086 0 -1
1019147 6 1
1019204 0 1
1019212 2 1
1019274 1 -1
1019276 8 -1
1019427 13 -1
1019448 3 -1
1019451 4 -1
1019451 1 1
1019459 0 1
1019513 9 1
1019513 18 -1
1019561 0 -1
1019604 6 1
1019620 1 1
1019658 3 -1
1019659 0 1
1019685 15 1
1019687 2 -1
1019765 0 1
1019814 4 -1
1019818 1 1
1019840 5 1
1019851 3 1
1019886 0 -1
1019910 7 -1
1019924 2 1
1019999 0 1
1020019 1 -1
1020061 6 -1
1020139 0 1
1020152 2 -1
1020160 4 1
1020233 10 1
1020244 11 -1
1020260 3 -1
1020276 5 1
1020287 8 -1
1020350 1 -1
1020453 3 1
1020461 0 -1
1020535 1 1
1020539 4 -1
1020555 9 1
1020580 0 -1
1020604 7 1
1020625 2 1
1020652 3 -1
1020686 0 1
1020725 1 1
1020846 5 -1
1020856 2 -1
1020862 3 -1
1020894 4 1
1020928 0 1
1020996 6 1
1021018 12 1
1021034 0 -1
1021055 3 1
1021093 2 1
1021106 1 -1
1021138 0 -1
1021200 4 1
1021254 3 -1
1021281 1 -1
1021297 8 -1
1021313 7 -1
1021363 0 1
1021434 1 -1
1021464 3 -1
1021482 0 1
1021501 9 1
1021512 6 -1
1021566 2 -1
1021571 4 1
1021605 0 1
1021652 10 -1
1021711 0 -1
1021791 5 1
1021792 2 1
1021834 0 1
1021841 1 1
1021910 6 1
1021964 0 1
1021969 3 1
1022027 1 -1
1022041 2 1
1022127 0 -1
1022135 16 1
1022200 8 1
1022202 1 1
1022205 5 1
1022211 3 1
1022264 11 -1
1022264 13 1
1022353 4 -1
1022383 0 -1
1022431 3 -1
1022458 9 1
1022504 2 1
1022522 14 1
1022539 0 1
1022563 1 1
1022603 7 1
1022649 0 -1
1022657 5 -1
1022716 4 1
1022732 2 -1
1022748 1 -1
1022899 3 1
1022901 0 -1
1022920 6 1
1022954 1 -1
1022979 2 -1
1023025 0 -1
1023079 4 -1
1023119 3 -1
1023146 8 -1
1023184 0 1
1023184 10 -1
1023264 7 1
1023345 3 1
1023349 1 1
1023372 6 -1
1023382 9 1
1023436 2 -1
1023450 0 1
1023468 12 -1
1023514 1 1
1023616 0 -1
1023640 5 1
1023664 2 1
1023679 1 1
1023728 0 1
1023807 3 -1
1023816 4 -1
1023834 0 1
1023877 6 -1
1023893 2 -1
1023955 0 -1
1023957 7 -1
1024022 3 1
1024065 0 1
1024070 17 1
1024082 1 -1
1024113 5 -1
1024123 4 -1
1024140 2 -1
1024218 0 -1
1024221 3 -1
1024242 15 -1
1024248 1 -1
1024253 8 1
1024328 11 -1
1024374 2 1
1024437 1 1
1024438 0 1
1024511 3 1
1024522 4 1
1024522 10 1
1024551 0 1
1024613 2 -1
1024634 5 -1
1024672 0 1
1024731 3 -1
1024764 7 1
1024782 1 -1
1024850 2 1
1024901 0 -1
1024909 13 -1
1024957 3 1
1024957 1 -1
1025011 0 -1
1025048 6 -1
1025086 5 1
1025142 1 1
1025156 8 -1
1025167 0 1
1025199 3 1
1025312 4 1
1025317 2 1
1025317 9 1
1025340 1 -1
1025411 0 1
1025465 7 -1
1025500 5 1
1025513 1 -1
1025538 2 -1
1025551 0 -1
1025575 12 1
1025607 6 1
1025642 4 1
1025645 3 1
1025699 1 1
1025736 0 -1
1025790 2 -1
1025872 1 1
1025887 3 1
1025951 5 -1
1025973 10 -1
1025997 4 -1
1026029 0 -1
1026078 7 -1
1026107 3 -1
1026156 9 -1
1026185 0 1
1026231 6 -1
1026247 1 1
1026247 2 -1
1026327 11 -1
1026330 0 1
1026384 4 -1
1026420 1 1
1026446 5 -1
1026492 2 -1
1026575 3 1
1026588 0 1
1026638 1 1
1026714 6 -1
1026715 0 1
1026720 2 1
1026736 18 -1
1026747 4 -1
1026787 7 1
1026865 3 1
1026897 0 1
1027009 1 -1
1027037 20 -1
1027102 8 1
1027118 3 -1
1027123 9 -1
1027126 4 -1
1027136 0 -1
1027182 2 1
1027202 1 -1
1027252 6 -1
1027284 0 -1
1027295 15 1
1027306 5 1
1027376 10 1
1027392 1 1
1027416 0 1
1027429 2 1
1027440 4 -1
1027510 3 -1
1027660 2 -1
1027677 0 1
1027702 1 1
1027720 3 -1
1027779 5 -1
1027779 6 1
1027808 0 1
1027811 16 -1
1027888 1 -1
1027897 2 1
1027913 3 1
1027916 0 -1
1028026 0 1
1028037 8 -1
1028063 1 1
1028101 7 -1
1028112 3 -1
1028133 0 1
1028144 2 1
1028155 11 1
1028190 4 1
1028222 1 1
1028230 6 1
1028252 5 1
1028278 0 1
1028321 3 -1
1028370 2 -1
1028399 0 1
1028418 1 -1
1028515 3 1
1028520 4 1
1028606 2 1
1028609 1 1
1028676 0 -1
1028714 3 -1
1028714 17 -1
1028730 10 -1
1028782 1 -1
1028827 7 1
1028837 0 1
1028883 4 -1
1028948 0 -1
1029058 8 -1
1029079 2 -1
1029117 3 1
1029144 5 1
1029149 1 1
1029208 9 1
1029219 6 1
1029238 0 -1
1029305 2 1
1029343 1 -1
1029394 0 1
1029423 3 -1
1029500 1 -1
1029536 7 -1
1029536 2 -1
1029550 0 -1
1029579 5 -1
1029588 4 -1
1029644 3 1
1029670 6 -1
1029818 0 -1
1029883 1 -1
1029934 0 -1
1029963 4 -1
1029982 2 -1
1030060 0 -1
1030068 5 1
1030076 1 1
1030157 0 1
1030181 3 1
1030208 6 1
1030232 2 -1
1030240 9 1
1030246 1 1
1030283 12 -1
1030291 0 1
1030350 4 -1
1030401 0 -1
1030423 3 1
1030444 2 -1
1030520 0 -1
1030584 13 1
1030608 1 1
1030643 3 -1
1030732 0 1
1030778 19 -1
1030778 14 1
1030804 1 -1
1030882 7 1
1030888 0 -1
1030920 2 1
1030971 8 1
1030995 1 1
1031057 5 -1
1031068 4 1
1031076 0 1
1031079 9 -1
1031111 3 1
1031148 2 -1
1031169 1 1
1031175 6 1
1031229 10 -1
1031302 0 -1
1031331 3 -1
1031362 4 1
1031362 1 -1
1031396 2 -1
1031404 0 1
1031535 5 -1
1031544 0 -1
1031548 1 1
1031557 3 1
1031627 2 1
1031664 7 -1
1031680 6 1
1031729 4 -1
1031749 1 -1
1031799 3 1
1031863 2 -1
1031871 0 -1
1031938 5 -1
1031992 8 1
1032019 3 -1
1032020 0 1
1032068 21 1
1032084 2 1
1032100 6 1
1032108 1 1
1032140 4 -1
1032178 0 -1
1032245 3 1
1032282 11 1
1032289 1 -1
1032334 0 1
1032336 2 1
1032390 5 1
1032406 10 -1
1032454 7 1
1032457 0 1
1032479 1 1
1032487 3 1
1032487 4 1
1032557 0 -1
1032626 12 1
1032712 0 1
1032812 2 -1
1032849 4 -1
1032852 5 -1
1032860 1 1
1032906 8 -1
1032933 3 1
1033000 0 -1
1033024 2 -1
1033035 13 1
1033046 6 1
1033051 1 -1
1033099 9 1
1033106 0 1
1033175 3 1
1033208 1 -1
1033216 4 1
1033219 0 1
1033271 2 -1
1033298 5 1
1033357 17 1
1033395 3 -1
1033470 0 1
1033486 6 -1
1033579 1 -1
1033605 0 1
1033707 5 1
1033715 0 -1
1033766 2 1
1033777 1 1
1033862 3 1
1033889 7 1
1033890 10 1
1033954 1 -1
1033959 6 -1
1033970 4 1
1033981 9 -1
1033994 2 -1
1034002 16 -1
1034005 0 -1
1034083 3 -1
1034180 0 -1
1034217 12 -1
1034223 2 1
1034295 0 1
1034309 3 1
1034309 1 1
1034346 11 1
1034373 4 -1
1034416 0 1
1034474 1 -1
1034521 0 -1
1034567 7 -1
1034631 0 -1
1034676 1 1
1034679 5 -1
1034682 2 1
1034696 4 -1
1034701 6 1
1034736 0 1
1034771 3 -1
1034884 8 1
1034905 14 1
1034911 2 -1
1034959 0 -1
1034991 15 1
1034991 9 -1
1035030 1 -1
1035088 6 -1
1035093 0 1
1035115 3 -1
1035142 5 1
1035158 2 -1
1035163 22 1
1035201 0 -1
1035228 1 1
1035308 3 1
1035365 7 -1
1035381 4 -1
1035384 2 1
1035409 1 -1
1035412 0 1
1035475 6 1
1035530 0 1
1035539 3 1
1035615 5 -1
1035615 2 -1
1035636 0 -1
1035733 3 -1
1035768 4 1
1035788 1 -1
1035851 2 1
1035878 0 -1
1035894 9 -1
1035929 3 1
1035985 7 -1
1035986 1 1
1035991 0 -1
1036002 8 1
1036066 13 1
1036071 2 -1
1036077 6 -1
1036090 0 1
1036141 3 1
1036151 4 -1
1036151 1 1
1036195 11 -1
1036203 0 1
1036316 0 -1
1036405 10 -1
1036453 20 1
1036512 0 1
1036522 1 1
1036531 3 1
1036539 5 -1
1036550 2 1
1036617 0 -1
1036655 7 1
1036715 1 -1
1036743 3 1
1036800 2 1
1036837 0 1
1036856 4 1
1036862 9 -1
1036888 1 -1
1036937 3 -1
1036961 0 1
1036990 5 1
1037023 8 1
1037025 2 -1
1037060 0 -1
1037074 1 1
1037227 4 -1
1037247 1 1
1037254 6 -1
1037318 0 1
1037332 7 -1
1037345 3 1
1037415 0 -1
1037432 1 -1
1037447 5 -1
1037490 2 -1
1037549 4 -1
1037552 0 -1
1037614 1 1
1037646 3 1
1037700 6 -1
1037738 2 -1
1037850 9 -1
1037873 0 1
1037883 3 1
1037888 10 1
1037960 4 -1
1037963 2 1
1037979 0 -1
1037985 1 1
1038049 7 1
1038087 6 1
1038103 0 1
1038158 1 1
1038208 0 -1
1038267 4 -1
1038329 3 1
1038352 1 -1
1038390 0 -1
1038398 5 1
1038431 2 1
1038517 0 -1
1038570 3 1
1038654 4 1
1038670 0 1
1038673 2 1
1038730 1 -1
1038791 3 -1
1038861 5 -1
1038861 15 1
1038898 2 -1
1038904 17 1
1038920 1 1
1038992 0 -1
1039011 8 -1
1039017 3 1
1039033 14 1
1039033 9 1
1039069 4 1
1039089 0 1
1039097 6 -1
1039117 1 -1
1039130 2 1
1039162 12 -1
1039216 0 1
1039242 10 -1
1039258 3 1
1039291 16 1
1039334 5 1
1039366 2 -1
1039479 3 -1
1039484 6 1
1039496 1 -1
1039549 7 1
1039568 0 1
1039586 2 1
1039690 1 1
1039704 3 1
1039718 0 1
1039790 4 1
1039834 2 1
1039850 0 1
1039851 1 1
1039914 8 1
1040036 1 -1
1040065 11 1
1040075 6 -1
1040148 0 -1
1040167 3 -1
1040177 4 -1
1040178 7 1
1040210 1 1
1040269 0 -1
1040290 5 -1
1040323 2 1
1040367 0 1
1040415 1 -1
1040495 0 1
1040505 3 -1
1040532 4 1
1040548 2 -1
1040599 1 1
1040605 0 -1
1040702 3 1
1040718 0 1
1040752 5 1
1040774 2 1
1040882 6 1
1040887 7 -1
1040895 0 1
1040935 8 1
1040947 1 -1
1041123 3 -1
1041125 1 1
1041140 12 1
1041148 0 1
1041215 5 -1
1041234 4 -1
1041250 2 -1
1041310 1 -1
1041312 6 -1
1041317 3 1
1041322 0 1
1041419 9 -1
1041432 0 -1
1041478 2 1
1041516 3 -1
1041612 19 1
1041637 4 1
1041671 1 1
1041680 0 1
1041712 2 -1
1041774 13 -1
1041844 0 1
1041856 1 -1
1041919 3 1
1041948 0 -1
1041987 4 -1
1042021 6 -1
1042028 1 -1
1042064 10 -1
1042118 3 -1
1042128 11 1
1042188 2 1
1042193 5 1
1042201 0 -1
1042225 9 1
1042298 7 -1
1042319 0 -1
1042327 3 -1
1042382 1 1
1042419 2 -1
1042421 0 1
1042584 1 -1
1042655 5 -1
1042655 2 1
1042669 0 1
1042677 4 1
1042720 3 -1
1042730 15 1
1042753 1 -1
1042782 0 1
1042795 8 1
1042870 7 -1
1042876 2 -1
1042886 0 -1
1042929 3 -1
1042943 1 1
1042967 6 1
1043031 4 -1
1043074 12 1
1043096 9 1
1043117 5 1
1043123 3 1
1043124 1 -1
1043128 2 -1
1043182 0 1
1043292 0 -1
1043314 1 1
1043354 2 1
1043375 6 1
1043410 4 -1
1043418 10 1
1043461 0 -1
1043509 1 -1
1043585 2 -1
1043628 7 1
1043633 3 1
1043711 0 1
1043768 6 -1
1043805 8 1
1043843 0 1
1043854 3 -1
1043886 1 -1
1043991 0 -1
1044043 1 -1
1044063 2 1
1044079 3 1
1044096 4 1
1044106 5 -1
1044149 11 1
1044208 1 -1
1044286 0 -1
1044313 2 1
1044321 13 -1
1044383 0 1
1044450 4 -1
1044450 24 1
1044482 0 -1
1044539 2 -1
1044542 3 -1
1044542 5 1
1044612 1 1
1044617 0 1
1044724 0 -1
1044767 3 1
1044783 6 -1
1044791 1 -1
1044805 8 1
1044805 10 -1
1044845 0 -1
1044857 4 -1
1044964 0 -1
1044974 1 -1
1044998 2 -1
1045009 3 1
1045009 5 -1
1045047 7 1
1045095 16 -1
1045192 0 1
1045203 2 -1
1045251 6 -1
1045267 9 -1
1045299 0 -1
1045381 1 1
1045418 0 -1
1045450 2 -1
1045455 3 1
1045506 4 -1
1045599 1 1
1045654 3 -1
1045654 0 -1
1045708 6 -1
1045740 7 1
1045772 0 -1
1045788 1 -1
1045857 4 1
1045864 3 -1
1045877 0 1
1045896 5 -1
1045907 2 -1
1046116 3 -1
1046127 17 -1
1046139 1 1
1046154 2 -1
1046162 0 1
1046248 4 -1
1046256 10 1
1046278 9 1
1046283 0 1
1046323 1 -1
1046337 3 1
1046353 5 1
1046385 2 1
1046388 0 -1
1046484 0 1
1046490 1 -1
1046536 6 1
1046578 3 1
1046595 7 1
1046603 0 1
1046622 2 -1
1046721 0 1
1046751 8 -1
1046799 3 -1
1046815 12 1
1046826 0 -1
1046842 2 1
1046855 1 -1
1046869 5 1
1047008 6 -1
1047016 1 -1
1047022 4 -1
1047065 0 -1
1047094 2 1
1047162 0 1
1047191 1 -1
1047202 18 -1
1047266 3 1
1047277 5 1
1047279 0 1
1047288 13 -1
1047288 14 1
1047320 2 -1
1047369 7 -1
1047385 9 -1
1047425 4 -1
1047487 3 -1
1047519 0 1
1047557 6 1
1047582 1 1
1047627 0 -1
1047653 8 1
1047691 10 -1
1047712 3 1
1047739 0 -1
1047764 4 -1
1047764 1 1
1047766 5 -1
1047782 2 -1
1047825 11 1
1047949 1 -1
1047989 0 -1
1048030 2 -1
1048142 7 -1
1048169 0 1
1048191 3 -1
1048258 2 1
1048285 0 1
1048288 5 -1
1048324 1 -1
1048417 0 1
1048492 3 -1
1048497 1 -1
1048505 4 -1
1048519 0 1
1048637 0 1
1048674 6 1
1048675 8 1
1048679 1 1
1048688 3 1
1048734 5 1
1048734 2 -1
1048798 0 -1
1048852 7 1
1048880 1 -1
1048884 4 1
1048976 2 1
1049027 0 -1
1049070 1 1
1049078 6 -1
1049094 3 -1
1049094 10 1
1049150 0 1
1049236 2 1
1049239 4 -1
1049258 0 -1
1049259 1 -1
1049290 3 1
1049454 6 1
1049457 1 1
1049502 3 1
1049513 0 -1
1049545 9 1
1049577 4 1
1049643 0 1
1049650 7 1
1049674 5 1
1049696 3 -1
1049701 2 1
1049739 12 1
1049747 0 -1
1049803 11 1
1049827 1 -1
1049892 3 1
1049932 2 -1
1049940 4 -1
1049986 6 1
1049991 0 -1
1049997 1 1
1050029 13 1
1050104 3 1
1050118 0 -1
1050158 5 1
1050163 2 1
1050186 1 -1
1050257 0 1
1050298 3 -1
1050319 4 1
1050384 15 -1
1050397 0 -1
1050400 10 -1
1050518 6 -1
1050581 1 1
1050582 0 -1
1050620 2 1
1050631 5 -1
1050642 8 -1
1050646 4 1
1050717 3 1
1050760 0 -1
1050765 1 -1
1050824 9 1
1050840 2 -1
1050865 0 1
1050875 7 1
1050900 20 1
1050936 1 -1
1050937 3 -1
1051088 0 -1
1051093 2 -1
1051163 3 1
1051211 6 -1
1051222 0 1
1051313 1 -1
1051330 0 -1
1051391 4 1
1051416 12 -1
1051416 14 1
1051500 1 1
1051512 7 1
1051566 8 1
1051569 0 -1
1051569 2 1
1051614 5 1
1051630 11 -1
1051631 9 -1
1051674 21 1
1051684 0 -1
1051702 1 -1
1051730 4 1
1051759 3 1
1051781 6 1
1051794 2 -1
1051802 0 -1
1051895 1 1
1051980 3 -1
1052031 2 1
1052076 4 -1
1052077 1 -1
1052082 5 -1
1052089 0 1
1052187 0 -1
1052206 3 1
1052266 1 1
1052293 0 1
1052302 7 1
1052407 0 1
1052427 1 1
1052507 2 -1
1052523 0 1
1052533 5 1
1052544 6 1
1052576 8 1
1052668 3 -1
1052673 0 -1
1052732 2 1
1052770 13 -1
1052810 4 1
1052820 1 -1
1052834 10 -1
1052845 0 1
1052894 3 1
1052963 2 -1
1053012 1 1
1053082 6 1
1053133 0 -1
1053135 3 1
1053191 1 -1
1053205 4 -1
1053243 12 -1
1053248 0 -1
1053356 3 -1
1053393 15 -1
1053402 0 1
1053420 2 -1
1053458 8 -1
1053501 5 -1
1053532 1 -1
1053581 3 1
1053587 6 1
1053616 4 -1
1053673 11 -1
1053673 2 -1
1053696 0 -1
1053705 7 -1
1053721 1 1
1053737 25 -1
1053823 3 1
1053850 0 1
1053866 19 1
1053898 2 1
1053909 1 -1
1053931 9 1
1053995 5 1
1054022 0 -1
1054044 3 -1
1054124 10 1
1054148 2 1
1054242 0 1
1054278 1 1
1054322 4 -1
1054334 0 1
1054361 6 1
1054382 2 -1
1054390 7 1
1054404 8 1
1054447 5 -1
1054467 1 -1
1054471 0 1
1054581 3 -1
1054608 2 1
1054611 0 1
1054652 1 1
1054664 4 -1
1054780 6 1
1054785 0 1
1054807 3 1
1054834 1 1
1054834 2 -1
1054904 5 1
1054938 0 -1
1054952 9 1
1054979 7 1
1055015 1 -1
1055027 4 1
1055049 3 1
1055051 0 1
1055135 6 1
1055180 1 -1
1055290 2 -1
1055350 4 1
1055374 1 1
1055389 0 1
1055398 5 1
1055425 8 1
1055495 3 1
1055495 0 -1
1055500 12 1
1055543 14 1
1055543 2 1
1055543 10 -1
1055651 0 1
1055728 4 -1
1055736 11 -1
1055737 3 1
1055737 13 -1
1055765 1 1
1055796 2 1
1055812 5 1
1055933 0 1
1055957 3 -1
1055958 1 -1
1056016 9 -1
1056095 4 1
1056124 0 1
1056132 1 1
1056234 0 -1
1056247 2 1
1056296 6 -1
1056317 8 -1
1056328 5 1
1056382 16 -1
1056462 4 -1
1056478 3 -1
1056478 7 -1
1056481 2 -1
1056490 1 -1
1056532 0 1
1056661 18 -1
1056682 0 1
1056698 1 -1
1056709 2 1
1056747 3 1
1056811 6 1
1056828 0 1
1056894 1 -1
1056932 0 -1
1056940 3 -1
1057088 0 1
1057150 3 1
1057164 4 -1
1057172 7 1
1057188 2 -1
1057204 6 -1
1057231 0 1
1057246 1 1
1057252 5 1
1057349 3 -1
1057349 22 -1
1057376 0 -1
1057422 1 1
1057424 2 1
1057518 4 1
1057558 3 -1
1057564 11 1
1057607 6 1
1057607 12 -1
1057611 1 -1
1057644 2 -1
1057669 0 1
1057752 3 1
1057779 5 1
1057800 1 1
1057833 0 1
1057881 4 1
1057897 7 -1
1057897 2 -1
1057943 0 -1
1057972 9 -1
1057982 1 -1
1057994 6 -1
1058123 2 1
1058151 1 -1
1058160 3 -1
1058241 0 -1
1058284 5 1
1058295 15 -1
1058340 1 1
1058349 10 -1
1058354 3 1
1058354 2 -1
1058359 8 -1
1058381 0 1
1058491 0 -1
1058510 13 1
1058553 3 -1
1058564 6 1
1058598 2 -1
1058647 4 -1
1058689 1 -1
1058746 0 -1
1058873 1 -1
1058910 0 1
1058956 3 1
1058985 4 -1
1059042 0 1
1059047 6 1
1059050 1 1
1059061 2 -1
1059069 12 1
1059133 9 1
1059155 3 -1
1059176 5 1
1059289 2 1
1059305 0 -1
1059316 7 1
1059327 8 1
1059332 4 1
1059364 3 -1
1059413 17 1
1059418 0 -1
1059429 1 -1
1059534 0 -1
1059544 2 1
1059614 1 1
1059617 5 -1
1059628 11 1
1059757 3 -1
1059765 0 1
1059784 1 1
1059882 0 1
1059896 10 -1
1059966 3 -1
1059985 4 -1
1059988 0 1
1059993 6 -1
1060020 2 -1
1060128 5 -1
1060138 7 1
1060154 1 1
1060160 3 1
1060208 9 -1
1060216 0 -1
1060246 2 1
1060334 0 -1
1060352 4 1
1060356 1 -1
1060358 3 -1
1060402 8 1
1060441 0 1
1060477 2 -1
1060530 6 -1
1060549 1 1
1060568 3 -1
1060682 0 1
1060711 4 -1
1060735 1 -1
1060762 3 1
1060789 0 -1
1060848 7 -1
1060908 1 -1
1060923 0 1
1060923 2 -1
1060960 3 -1
1061030 0 -1
1061073 4 1
1061079 6 1
1061090 1 -1
1061100 5 -1
1061122 10 -1
1061143 0 -1
1061154 2 1
1061262 0 -1
1061287 1 -1
1061360 0 1
1061390 2 -1
1061428 4 -1
1061476 3 1
1061477 15 1
1061573 5 1
1061596 0 1
1061611 2 1
1061646 1 1
1061697 3 -1
1061708 0 -1
1061771 4 1
1061820 0 -1
1061831 1 -1
1061863 6 1
1061864 2 1
1061922 3 1
1062021 1 1
1062025 5 -1
1062062 0 -1
1062089 2 -1
1062130 4 -1
1062167 0 1
1062234 7 -1
1062272 9 1
1062291 0 1
1062315 16 -1
1062326 6 1
1062339 2 -1
1062371 1 -1
1062422 8 -1
1062455 5 1
1062460 3 1
1062527 0 1
1062553 1 1
1062632 0 -1
1062680 18 1
1062702 3 1
1062737 0 -1
1062738 1 -1
1062799 6 1
1062799 2 -1
1062843 0 1
1062895 4 -1
1062922 3 -1
1062922 5 -1
1062968 0 1
1062992 7 1
1063024 12 -1
1063027 2 1
1063085 0 1
1063109 1 1
1063191 0 -1
1063256 2 -1
1063266 4 1
1063325 8 1
1063327 1 1
1063390 3 1
1063390 9 -1
1063417 5 -1
1063433 0 -1
1063497 11 -1
1063504 1 -1
1063540 20 1
1063554 0 -1
1063597 4 -1
1063610 3 -1
1063672 0 -1
1063685 7 -1
1063691 6 -1
1063702 1 1
1063712 14 1
1063734 2 1
1063830 5 -1
1063836 3 1
1063875 1 1
1063914 0 -1
1063970 2 -1
1063992 10 -1
1064011 0 1
1064056 23 -1
1064078 3 1
1064092 1 1
1064126 0 1
1064191 2 1
1064212 6 -1
1064276 1 -1
1064298 3 -1
1064336 8 1
1064346 0 -1
1064387 4 1
1064422 9 -1
1064473 0 -1
1064508 13 -1
1064524 3 1
1064588 0 -1
1064594 6 1
1064649 1 1
1064669 2 -1
1064686 0 1
1064701 17 -1
1064741 4 -1
1064766 3 1
1064766 5 -1
1064799 0 1
1064830 15 1
1064830 1 1
1064911 0 -1
1064927 2 -1
1065012 1 -1
1065024 0 -1
1065045 12 -1
1065076 4 -1
1065088 6 1
1065174 2 1
1065185 7 -1
1065222 5 1
1065249 10 -1
1065266 0 -1
1065292 3 1
1065364 0 1
1065388 1 -1
1065400 2 -1
1065470 0 -1
1065513 3 -1
1065529 6 -1
1065582 1 1
1065604 11 -1
1065620 2 1
1065668 5 -1
1065698 0 -1
1065738 3 1
1065761 1 1
1065781 4 1
1065824 0 -1
1065851 2 -1
1065940 0 -1
1065959 7 -1
1066002 6 -1
1066077 2 1
1066132 1 1
1066171 0 1
1066176 4 1
1066184 8 1
1066200 3 -1
1066249 19 1
1066288 0 1
1066326 1 -1
1066394 0 -1
1066426 3 1
1066511 1 1
1066528 6 -1
1066531 4 -1
1066553 2 -1
1066561 5 -1
1066572 9 -1
1066604 10 1
1066636 0 -1
1066668 3 1
1066696 1 -1
1066700 7 1
1066741 0 -1
1066789 2 1
1066847 0 1
1066854 4 -1
1066872 1 1
1067001 12 -1
1067018 2 -1
1067043 1 1
1067055 5 1
1067089 0 1
1067195 0 -1
1067195 8 1
1067200 4 1
1067226 1 -1
1067232 3 -1
1067313 0 -1
1067345 13 1
1067420 6 -1
1067426 3 1
1067490 2 1
1067506 5 -1
1067523 4 1
1067524 0 1
1067614 1 -1
1067625 11 -1
1067625 3 -1
1067644 0 1
1067679 9 1
1067722 2 -1
1067766 0 1
1067805 1 1
1067840 14 1
1067840 21 1
1067850 3 -1
1067853 4 1
1067926 16 1
1067958 2 1
1067990 10 -1
1067992 1 -1
1067996 0 1
1068039 6 -1
1068047 3 1
1068087 7 -1
1068092 0 -1
1068197 0 1
1068227 8 1
1068259 3 1
1068325 0 1
1068393 1 -1
1068431 2 -1
1068439 0 1
1068452 3 -1
1068463 5 1
1068463 6 -1
1068555 0 1
1068599 1 -1
1068657 2 1
1068659 4 -1
1068673 0 -1
1068743 9 -1
1068788 1 1
1068796 7 1
1068861 3 1
1068901 0 -1
1068904 5 -1
1068907 2 1
1069028 0 -1
1069038 4 1
1069054 3 -1
1069132 2 -1
1069143 0 -1
1069151 1 -1
1069151 8 -1
1069250 3 1
1069308 1 -1
1069366 5 1
1069368 0 1
1069369 2 1
1069393 4 -1
1069409 10 1
1069452 6 -1
1069476 0 1
1069492 1 1
1069578 7 1
1069584 0 -1
1069597 2 -1
1069758 3 1
1069796 9 -1
1069826 0 -1
1069840 1 -1
1069844 2 -1
1069936 6 -1
1069944 0 -1
1069990 15 1
1069990 17 1
1070000 3 1
1070002 1 -1
1070041 0 1
1070110 4 -1
1070118 13 -1
1070140 0 -1
1070162 8 -1
1070191 1 1
1070221 3 -1
1070231 5 -1
1070261 0 -1
1070301 2 -1
1070352 7 -1
1070366 6 -1
1070379 0 -1
1070481 4 1
1070498 0 -1
1070530 2 1
1070566 1 1
1070683 5 1
1070688 3 1
1070718 0 1
1070751 1 1
1070777 2 1
1070785 9 -1
1070833 0 1
1070868 4 -1
1070908 3 -1
1070925 10 -1
1070933 1 1
1070941 0 -1
1071108 8 1
1071126 7 -1
1071134 3 1
1071180 0 -1
1071199 5 1
1071261 2 1
1071296 0 -1
1071296 1 1
1071400 0 1
1071430 6 -1
1071468 2 1
1071477 1 -1
1071596 3 -1
1071642 0 1
1071670 4 1
1071683 1 1
1071715 2 1
1071731 11 -1
1071758 0 1
1071812 7 -1
1071822 3 1
1071838 12 1
1071860 6 1
1071876 0 -1
1071967 14 1
1071993 4 1
1072000 0 1
1072041 1 1
1072064 3 1
1072075 8 1
1072096 0 -1
1072102 5 1
1072182 2 1
1072182 9 -1
1072201 0 1
1072223 1 1
1072231 10 1
1072319 0 1
1072348 4 -1
1072403 2 -1
1072408 1 -1
1072448 7 1
1072559 0 1
1072591 6 -1
1072602 5 -1
1072614 1 -1
1072623 3 -1
1072655 24 1
1072656 2 -1
1072666 4 -1
1072677 0 1
1072774 0 -1
1072811 1 1
1072819 3 1
1072881 2 1
1072995 0 1
1072999 1 -1
1072999 9 -1
1073032 3 1
1073045 4 1
1073053 5 1
1073074 6 -1
1073101 0 -1
1073112 2 -1
1073171 15 -1
1073182 1 -1
1073236 0 1
1073357 2 -1
1073359 4 1
1073434 3 1
1073448 0 -1
1073537 6 -1
1073554 0 1
1073558 11 1
1073585 2 1
1073589 1 -1
1073633 3 -1
1073679 0 1
1073682 4 1
1073750 1 -1
1073816 12 1
1073843 3 -1
1073902 0 -1
1073924 7 1
1073934 1 1
1073977 6 1
1074020 5 -1
1074031 8 -1
1074036 0 1
1074047 2 1
1074144 0 -1
1074235 3 -1
1074294 2 1
1074331 1 1
1074383 0 -1
1074391 4 -1
1074445 3 -1
1074450 6 1
1074482 5 1
1074488 1 1
1074499 0 -1
1074526 2 -1
1074604 0 1
1074638 3 1
1074678 1 -1
1074714 7 1
1074738 4 1
1074821 0 -1
1074837 3 -1
1074934 0 -1
1074966 5 -1
1074982 2 -1
1074999 9 -1
1075028 1 1
1075036 10 1
1075047 3 -1
1075052 4 1
1075058 0 -1
1075074 8 -1
1075198 1 1
1075235 2 -1
1075240 3 1
1075281 0 1
1075375 7 1
1075379 1 -1
1075398 0 1
1075439 3 -1
1075439 6 1
1075472 2 1
1075504 0 1
1075564 1 -1
1075600 13 -1
1075609 0 -1
1075665 11 1
1075735 0 -1
1075746 1 1
1075794 12 1
1075802 4 -1
1075842 3 1
1075850 0 -1
1075902 9 -1
1075933 1 -1
1075939 2 -1
1075944 5 1
1075956 0 1
1075988 8 1
1076041 3 -1
1076063 6 -1
1076120 1 -1
1076149 2 -1
1076184 0 1
1076189 4 1
1076251 3 -1
1076278 10 1
1076291 0 -1
1076369 2 1
1076396 5 -1
1076409 0 -1
1076439 26 -1
1076481 1 -1
1076568 4 -1
1076611 6 1
1076622 2 1
1076643 3 -1
1076651 0 -1
1076669 1 -1
1076697 20 -1
1076757 0 1
1076847 2 -1
1076850 1 1
1076853 3 -1
1076882 0 1
1076896 5 -1
1076923 7 -1
1077046 3 1
1077097 2 -1
1077105 0 -1
1077138 9 -1
1077240 0 1
1077249 1 1
1077253 4 1
1077310 2 -1
1077347 0 -1
1077352 5 1
1077434 1 -1
1077452 0 -1
1077471 19 -1
1077554 0 1
1077562 3 1
1077576 7 1
1077604 1 -1
1077632 4 -1
1077676 0 1
1077729 10 -1
1077782 0 -1
1077785 2 1
1077804 3 1
1077804 5 -1
1077858 6 -1
1077944 8 -1
1077975 4 1
1077991 1 -1
1078014 2 -1
1078024 3 -1
1078024 0 -1
1078129 0 -1
1078172 1 1
1078235 0 1
1078261 2 -1
1078288 3 -1
1078298 5 1
1078301 4 1
1078317 7 -1
1078331 6 -1
1078346 1 1
1078465 0 1
1078527 1 -1
1078562 3 -1
1078583 0 -1
1078632 13 -1
1078664 4 -1
1078707 0 1
1078712 1 1
1078718 6 1
1078728 2 -1
1078788 3 1
1078809 5 1
1078847 8 1
1078886 1 1
1078908 0 1
1078949 2 1
1079027 0 1
1079029 3 1
1079043 4 1
1079059 1 -1
1079145 0 1
1079148 16 1
1079201 2 1
1079266 0 1
1079287 9 1
1079387 0 1
1079426 4 1
1079434 1 -1
1079475 3 1
1079494 0 -1
1079578 11 -1
1079612 0 -1
1079623 1 1
1079648 7 1
1079674 6 1
1079677 2 -1
1079717 3 1
1079728 5 1
1079750 12 -1
1079780 1 1
1079846 8 1
1079854 0 -1
1079889 2 -1
1079938 3 -1
1079960 0 1
1080079 0 1
1080115 4 -1
1080126 6 -1
1080136 2 -1
1080157 1 1
1080169 5 -1
1080222 14 1
1080276 7 1
1080290 0 -1
1080341 1 -1
1080341 10 1
1080408 0 -1
1080416 9 -1
1080494 3 1
1080502 4 1
1080532 0 -1
1080534 1 1
1080577 6 -1
1080642 5 1
1080642 2 1
1080706 3 1
1080752 0 1
1080851 0 -1
1080870 2 -1
1080900 3 -1
1080901 1 -1
1080909 4 1
1080964 0 -1
1081018 7 1
1081084 1 1
1081090 0 -1
1081104 2 1
1081136 6 1
1081206 0 -1
1081278 1 -1
1081308 3 1
1081311 0 1
1081340 13 1
1081384 9 -1
1081429 0 1
1081469 1 1
1081502 3 -1
1081558 2 1
1081604 5 -1
1081620 12 -1
1081626 4 -1
1081659 1 -1
1081674 0 1
1081695 7 1
1081698 3 1
1081727 10 -1
1081749 6 -1
1081781 0 -1
1081781 8 -1
1081786 2 -1
1081792 11 1
1081848 1 1
1081910 3 1
1081953 0 1
1082005 4 1
1082034 2 -1
1082038 1 -1
1082104 3 -1
1082125 5 -1
1082251 0 1
1082300 3 1
1082318 6 1
1082332 4 1
1082340 7 1
1082404 1 1
1082421 0 1
1082458 18 -1
1082490 2 -1
1082512 3 1
1082560 0 1
1082586 1 -1
1082587 5 1
1082727 2 1
1082781 8 1
1082784 1 1
1082859 0 -1
1082888 15 1
1082920 6 -1
1082947 2 -1
1082953 10 -1
1082970 0 1
1083028 3 1
1083066 7 -1
1083076 0 1
1083082 4 1
1083154 1 1
1083173 0 -1
1083248 3 -1
1083264 0 -1
1083340 1 -1
1083410 0 1
1083415 9 1
1083426 2 1
1083469 4 -1
1083474 3 1
1083501 1 -1
1083538 5 -1
1083549 0 1
1083662 8 -1
1083676 2 1
1083705 11 -1
1083727 17 1
1083815 4 1
1083840 7 1
1083868 1 -1
1083869 0 1
1083901 2 -1
1083942 6 -1
1083952 5 -1
1083963 12 1
1084001 3 1
1084014 0 -1
1084069 1 1
1084138 2 1
1084178 4 -1
1084189 0 -1
1084242 3 1
1084247 1 -1
1084366 2 -1
1084372 9 1
1084404 5 1
1084432 1 1
1084463 3 -1
1084484 4 -1
1084485 0 1
1084587 8 1
1084614 1 1
1084614 2 -1
1084635 6 -1
1084654 0 1
1084737 14 -1
1084764 0 1
1084785 1 -1
1084799 4 -1
1084839 2 1
1084920 5 1
1084930 3 1
1084968 1 1
1085019 0 1
1085038 27 1
1085060 6 -1
1085137 4 1
1085151 3 -1
1085186 0 -1
1085307 2 1
1085339 16 1
1085347 1 1
1085358 0 -1
1085371 7 -1
1085376 3 1
1085409 5 -1
1085460 0 1
1085490 9 -1
1085527 2 -1
1085528 1 -1
1085549 10 1
1085578 0 1
1085618 8 1
1085698 1 -1
1085702 0 1
1085726 11 -1
1085774 2 -1
1085817 0 1
1085839 3 -1
1085855 4 -1
1085855 12 1
1085887 5 1
1085984 20 1
1086054 0 -1
1086064 3 1
1086077 1 -1
1086097 7 1
1086167 0 -1
1086210 6 1
1086214 4 1
1086236 2 -1
1086265 0 1
1086274 1 1
1086306 3 1
1086376 5 1
1086452 1 1
1086478 2 1
1086497 0 1
1086500 15 1
1086602 0 -1
1086605 4 -1
1086629 8 1
1086629 9 1
1086650 6 -1
1086720 2 -1
1086736 0 1
1086758 10 1
1086792 1 -1
1086806 7 -1
1086844 3 1
1086938 0 1
1086976 1 -1
1087048 13 -1
1087055 0 1
1087064 3 -1
1087102 31 1
1087161 0 -1
1087172 2 -1
1087177 1 -1
1087198 6 1
1087252 5 -1
1087279 0 -1
1087290 3 1
1087348 1 -1
1087362 4 -1
1087403 0 -1
1087424 2 -1
1087516 0 -1
1087532 1 -1
1087542 8 -1
1087614 0 1
1087639 9 1
1087650 2 1
1087682 5 1
1087721 1 -1
1087741 4 1
1087747 12 1
1087752 3 -1
1087790 11 -1
1087790 23 -1
1087856 0 1
1087881 2 -1
1087890 1 -1
1087964 0 1
1087978 3 1
1088080 0 -1
1088088 4 -1
1088126 2 -1
1088128 7 1
1088134 6 -1
1088144 10 -1
1088166 5 -1
1088220 3 1
1088284 1 -1
1088314 0 -1
1088354 2 1
1088435 0 -1
1088463 1 1
1088558 0 -1
1088588 2 -1
1088628 1 1
1088634 6 -1
1088714 9 -1
1088762 3 -1
1088781 0 1
1088798 7 -1
1088805 4 -1
1088865 14 -1
1088897 0 1
1088956 3 1
1088987 1 -1
1088994 0 -1
1089058 6 -1
1089064 2 1
1089155 3 -1
1089155 5 1
1089200 4 1
1089202 1 -1
1089236 0 -1
1089295 2 -1
1089340 0 1
1089375 3 -1
1089402 1 1
1089445 6 1
1089450 7 1
1089457 0 1
1089467 10 -1
1089531 2 1
1089563 8 -1
1089567 4 -1
1089577 3 1
1089606 5 -1
1089668 0 -1
1089759 1 1
1089786 0 -1
1089789 11 -1
1089789 3 1
1089789 13 1
1089875 6 -1
1089910 0 -1
1089940 12 1
1089950 1 -1
1089950 9 -1
1089982 3 -1
1090004 2 -1
1090058 5 1
1090128 1 -1
1090134 0 1
1090224 4 1
1090230 2 1
1090240 0 -1
1090333 1 -1
1090351 0 -1
1090391 3 1
1090461 2 -1
1090498 8 1
1090515 1 -1
1090520 6 1
1090539 4 1
1090541 15 1
1090584 3 -1
1090587 0 -1
1090704 1 1
1090711 0 -1
1090740 7 1
1090780 3 1
1090808 0 1
1090902 4 -1
1090902 1 -1
1090934 2 1
1090935 0 1
1090950 10 1
1090960 6 -1
1091014 16 -1
1091036 5 -1
1091059 0 1
1091168 0 1
1091168 2 -1
1091283 0 -1
1091284 1 1
1091310 3 1
1091401 17 -1
1091402 18 1
1091415 2 -1
1091470 1 -1
1091474 7 -1
1091509 8 1
1091517 0 -1
1091552 3 1
1091557 5 -1
1091579 4 1
1091618 0 1
1091622 2 -1
1091629 1 -1
1091681 12 1
1091702 11 1
1091736 0 1
1091772 3 -1
1091869 2 -1
1091885 6 -1
1091966 4 -1
1091966 0 1
1091986 1 1
1092008 5 1
1092014 9 1
1092084 0 -1
1092095 2 1
1092127 7 -1
1092163 1 -1
1092194 0 -1
1092228 4 1
1092240 3 1
1092283 6 1
1092304 10 -1
1092326 2 -1
1092353 1 1
1092409 0 1
1092460 3 -1
1092465 5 -1
1092524 0 1
1092562 13 -1
1092643 0 1
1092686 3 1
1092717 1 -1
1092745 6 1
1092766 0 1
1092782 2 -1
1092871 0 -1
1092885 1 -1
1092928 3 1
1092928 5 1
1092949 7 -1
1092957 4 1
1092968 0 1
1093035 2 -1
1093070 1 1
1093086 0 1
1093143 9 -1
1093148 3 -1
1093261 2 1
1093309 0 -1
1093324 4 -1
1093358 8 1
1093368 5 -1
1093374 3 1
1093441 1 -1
1093444 0 1
1093554 0 -1
1093594 7 -1
1093610 4 1
1093616 3 1
1093626 1 1
1093691 6 -1
1093736 2 -1
1093788 10 1
1093790 0 -1
1093800 1 1
1093884 5 -1
1093914 0 -1
1093973 2 1
1094011 0 1
1094132 9 -1
1094153 3 -1
1094185 1 -1
1094201 2 -1
1094244 0 -1
1094320 7 1
1094346 6 -1
1094349 3 1
1094349 0 -1
1094372 1 -1
1094376 4 -1
1094465 0 -1
1094465 8 -1
1094561 3 1
1094566 1 -1
1094591 0 -1
1094674 2 1
1094688 0 1
1094715 4 -1
1094812 0 1
1094819 5 -1
1094906 2 -1
1094916 1 1
1094927 6 -1
1094927 0 1
1094964 3 1
1095029 7 -1
1095078 1 1
1095081 4 1
1095142 0 -1
1095142 2 1
1095163 3 -1
1095266 0 -1
1095267 1 -1
1095303 13 1
1095341 5 -1
1095362 2 -1
1095368 8 1
1095370 0 1
1095373 3 -1
1095432 4 -1
1095604 0 1
1095615 12 -1
1095615 2 -1
1095660 1 1
1095701 0 -1
1095722 11 1
1095765 3 -1
1095779 4 1
1095798 5 1
1095816 0 -1
1095821 1 1
1095846 2 1
1095878 6 -1
1095975 3 -1
1096015 1 -1
1096045 24 -1
1096048 0 1
1096077 2 -1
1096125 4 1
1096164 0 1
1096168 3 1
1096174 1 -1
1096289 0 1
1096324 9 -1
1096346 6 -1
1096367 3 -1
1096379 1 -1
1096384 10 -1
1096408 0 1
1096480 4 -1
1096496 7 1
1096512 0 -1
1096545 2 1
1096577 3 -1
1096577 1 1
1096647 0 1
1096738 5 -1
1096738 1 1
1096757 0 -1
1096770 3 1
1096786 2 -1
1096797 6 1
1096969 3 -1
1096972 0 1
1097034 2 1
1097071 0 -1
1097077 17 -1
1097117 1 1
1097120 14 -1
1097161 4 1
1097163 5 -1
1097190 0 -1
1097216 8 1
1097278 7 1
1097298 1 -1
1097378 12 1
1097421 9 1
1097431 6 -1
1097434 0 -1
1097458 3 -1
1097480 1 1
1097485 2 1
1097496 4 1
1097544 0 -1
1097636 11 -1
1097649 0 1
1097657 5 -1
1097673 10 -1
1097684 3 1
1097716 2 -1
1097818 4 1
1097863 1 -1
1097875 0 1
1097926 3 1
1097956 7 -1
1097961 2 -1
1097990 0 -1
1098033 6 1
1098040 1 -1
1098044 13 -1
1098114 0 -1
1098213 1 -1
1098216 8 1
1098224 0 -1
1098325 0 1
1098372 3 1
1098377 9 1
1098423 2 -1
1098443 0 1
1098517 6 1
1098552 0 1
1098572 1 1
1098584 4 -1
1098614 3 1
1098624 5 -1
1098651 2 1
1098668 15 -1
1098754 1 -1
1098791 0 -1
1098834 3 -1
1098899 2 1
1098901 0 -1
1098925 1 -1
1098963 4 1
1099020 0 -1
1099103 6 -1
1099108 10 1
1099128 1 1
1099130 5 -1
1099130 2 -1
1099140 8 -1
1099237 3 -1
1099245 7 1
1099251 0 1
1099310 1 -1
1099342 4 -1
1099366 2 1
1099368 0 1
1099447 3 -1
1099483 1 -1
1099492 0 1
1099587 2 -1
1099592 5 1
1099640 3 1
1099656 11 -1
1099699 1 -1
1099705 0 -1
1099820 0 -1
1099839 2 -1
1099922 7 -1
1099926 0 1
1099957 12 1
1099990 5 1
1100043 6 -1
1100045 0 1
1100064 4 -1
1100068 1 1
1100119 3 1
1100140 8 -1
1100168 0 1
1100257 1 -1
1100274 0 -1
1100296 2 -1
1100339 3 -1
1100344 18 -1
1100374 4 -1
1100379 0 -1
1100430 19 1
1100438 1 -1
1100484 5 1
1100538 9 -1
1100540 2 -1
1100565 3 1
1100592 6 -1
1100621 0 -1
1100624 7 -1
1100718 0 1
1100753 4 1
1100769 2 1
1100809 1 -1
1100846 0 1
1100957 5 -1
1100970 1 -1
1101011 13 -1
1101027 3 -1
1101056 0 -1
1101075 4 1
1101075 8 1
1101164 1 1
1101172 6 1
1101172 0 -1
1101236 2 1
1101247 14 -1
1101252 3 1
1101298 0 -1
1101387 5 1
1101398 4 1
1101486 2 1
1101494 3 1
1101519 0 1
1101527 1 1
1101646 0 1
1101715 2 -1
1101732 1 -1
1101755 0 1
1101768 4 -1
1101785 9 -1
1101876 0 1
1101886 1 -1
1101940 3 1
1101978 10 1
1101994 0 -1
1102000 8 -1
1102043 7 -1
1102079 1 1
1102104 0 -1
1102107 16 -1
1102147 4 1
1102182 3 1
1102188 2 1
1102223 0 -1
1102236 21 1
1102272 1 -1
1102279 15 -1
1102322 5 1
1102403 3 -1
1102419 2 -1
1102426 1 -1
1102435 0 1
1102440 6 -1
1102553 0 1
1102611 1 1
1102655 2 1
1102677 0 1
1102688 9 -1
1102736 7 1
1102784 5 -1
1102833 4 -1
1102870 3 1
1102876 2 -1
1102900 0 -1
1102978 1 -1
1103006 0 1
1103021 6 1
1103091 3 -1
1103115 0 1
1103118 8 1
1103128 2 -1
1103163 1 1
1103195 4 -1
1103230 5 1
1103268 25 -1
1103316 3 1
1103332 1 1
1103354 0 1
1103354 2 1
1103365 10 -1
1103445 7 -1
1103464 0 -1
1103534 4 -1
1103558 3 1
1103569 11 1
1103574 0 -1
1103604 2 1
1103644 6 -1
1103707 1 -1
1103719 13 1
1103778 3 -1
1103779 0 -1
1103795 9 1
1103881 1 1
1103897 0 -1
1104004 3 1
1104020 0 -1
1104066 2 1
1104076 1 -1
1104096 5 -1
1104139 7 1
1104235 4 -1
1104246 3 1
1104252 0 -1
1104294 2 -1
1104375 0 -1
1104386 12 1
1104469 1 -1
1104502 0 -1
1104542 2 -1
1104612 5 -1
1104630 4 1
1104663 1 1
1104722 0 1
1104741 6 1
1104762 3 -1
1104768 7 1
1104768 10 1
1104836 1 1
1104850 0 1
1104958 3 1
1104958 0 1
1104999 2 -1
1105009 4 1
1105018 1 -1
1105063 5 1
1105074 14 1
1105074 9 1
1105138 8 -1
1105170 3 1
1105176 0 -1
1105191 1 -1
1105208 6 1
1105235 2 1
1105281 0 1
1105398 1 -1
1105399 0 1
1105456 2 -1
1105469 7 -1
1105523 0 1
1105568 6 1
1105574 3 1
1105586 1 -1
1105638 0 1
1105676 11 1
1105756 0 1
1105759 4 -1
1105772 3 -1
1105880 0 1
1105934 2 1
1105955 9 -1
1105981 1 1
1105982 3 -1
1106025 5 -1
1106025 7 1
1106103 0 -1
1106127 8 1
1106130 4 1
1106150 1 1
1106184 2 1
1106227 0 -1
1106333 0 1
1106344 1 -1
1106374 3 -1
1106418 2 -1
1106439 5 -1
1106493 4 -1
1106557 0 1
1106584 3 -1
1106622 15 1
1106622 22 -1
1106643 2 1
1106667 0 -1
1106700 1 -1
1106751 6 1
1106778 3 1
1106778 0 -1
1106861 2 -1
1106864 4 1
1106884 1 -1
1106890 5 1
1106923 9 -1
1106966 12 1
1106976 3 -1
1107009 17 1
1107028 0 -1
1107068 2 -1
1107073 1 -1
1107124 0 1
1107170 6 1
1107181 8 1
1107186 3 -1
1107252 0 1
1107254 4 1
1107302 2 1
1107358 5 -1
1107376 0 1
1107379 3 1
1107444 1 1
1107460 7 -1
1107484 0 1
1107557 6 -1
1107578 3 -1
1107597 4 1
1107600 0 -1
1107610 11 1
1107629 1 -1
1107713 0 -1
1107745 2 1
1107793 5 1
1107815 1 1
1107912 10 -1
1107925 0 1
1107960 4 -1
1107996 1 1
1108000 2 1
1108053 0 1
1108067 3 -1
1108153 7 1
1108162 0 1
1108170 16 -1
1108198 1 1
1108223 2 -1
1108245 5 -1
1108293 3 1
1108343 1 -1
1108387 0 -1
1108484 0 1
1108524 6 1
1108526 1 1
1108535 3 1
1108602 0 1
1108688 2 -1
1108722 4 -1
1108761 5 -1
1108841 0 1
1108879 7 -1
1108891 1 -1
1108938 2 -1
1108954 9 1
1108960 0 1
1108981 3 1
1109008 8 1
1109064 0 -1
1109097 1 -1
1109109 4 -1
1109115 12 -1
1109158 6 -1
1109161 0 1
1109164 2 1
1109201 14 1
1109223 3 1
1109274 1 -1
1109278 0 1
1109298 10 1
1109330 13 1
1109403 0 1
1109431 4 -1
1109443 3 -1
1109521 0 1
1109631 6 -1
1109632 2 1
1109637 5 1
1109661 1 1
1109760 0 1
1109842 1 -1
1109852 2 -1
1109857 3 1
1109870 0 -1
1109975 20 -1
1109981 0 -1
1110002 1 -1
1110018 8 1
1110050 3 -1
1110104 2 -1
1110128 4 1
1110136 5 -1
1110231 0 -1
1110233 9 1
1110247 3 1
1110327 0 1
1110354 1 1
1110435 7 -1
1110443 0 1
1110459 3 1
1110499 4 -1
1110520 1 -1
1110580 2 1
1110588 5 1
1110658 3 -1
1110658 0 -1
1110685 6 -1
1110693 1 -1
1110782 0 -1
1110782 10 -1
1110803 2 -1
1110851 3 1
1110882 1 1
1110908 0 -1
1110921 8 -1
1110926 4 -1
1111004 0 1
1111042 2 1
1111050 3 -1
1111064 1 -1
1111120 0 1
1111144 7 1
1111201 6 -1
1111201 9 1
1111228 0 -1
1111245 1 1
1111338 0 -1
1111434 1 1
1111453 3 1
1111518 2 -1
1111555 5 -1
1111566 11 -1
1111582 0 -1
1111628 4 -1
1111652 19 -1
1111652 3 -1
1111684 6 -1
1111687 0 1
1111744 2 1
1111786 0 -1
1111793 1 1
1111862 3 -1
1111894 7 -1
1111969 2 -1
1111974 13 -1
1111975 1 1
1111983 4 1
1112007 5 1
1112015 0 -1
1112133 0 -1
1112160 1 1
1112184 10 1
1112260 0 -1
1112333 4 -1
1112399 3 -1
1112421 2 -1
1112481 0 1
1112527 1 -1
1112534 5 1
1112587 6 1
1112606 0 1
1112625 3 1
1112652 2 1
1112716 1 1
1112724 0 1
1112813 17 1
1112829 0 -1
1112867 3 1
1112878 8 1
1112888 2 -1
1112898 1 -1
1112964 0 1
1113027 4 1
1113039 6 -1
1113068 0 -1
1113165 0 1
1113264 9 -1
1113283 1 -1
1113305 7 -1
1113313 3 1
1113329 14 1
1113337 4 1
1113361 2 1
1113388 0 -1
1113444 1 -1
1113506 5 -1
1113506 0 -1
1113522 11 -1
1113522 10 -1
1113555 3 1
1113587 6 1
1113587 2 -1
1113619 1 -1
1113630 0 -1
1113740 4 -1
1113775 3 -1
1113809 1 1
1113837 2 -1
1113841 0 1
1113845 16 1
1113888 8 1
1113958 5 1
1113959 0 1
1113974 7 -1
1113979 6 -1
1114001 3 1
1114010 1 1
1114049 2 -1
1114083 0 1
1114146 12 -1
1114196 1 1
1114242 3 1
1114296 2 -1
1114307 0 -1
1114377 1 1
1114404 6 -1
1114420 0 -1
1114425 9 1
1114431 5 -1
1114463 3 -1
1114466 4 -1
1114518 0 1
1114525 2 1
1114627 7 1
1114632 0 1
1114689 3 1
1114716 10 -1
1114752 1 -1
1114753 2 -1
1114760 0 1
1114816 4 1
1114823 6 1
1114869 0 1
1114888 8 1
1114898 5 1
1114933 1 -1
1114990 0 1
1115006 13 -1
1115049 15 -1
1115097 3 -1
1115110 4 -1
1115115 1 1
1115218 0 -1
1115232 2 1
1115248 7 1
1115274 6 -1
1115290 3 1
1115336 0 -1
1115339 5 -1
1115436 11 1
1115463 0 -1
1115468 2 -1
1115485 1 1
1115489 3 -1
1115490 9 -1
1115659 1 1
1115684 0 1
1115688 2 1
1115790 0 -1
1115820 4 -1
1115834 8 -1
1115840 1 -1
1115855 5 -1
1115895 0 -1
1115957 3 -1
1116038 10 -1
1116054 7 1
1116137 0 -1
1116167 4 -1
1116167 2 -1
1116183 3 1
1116227 1 1
1116243 0 1
1116263 6 -1
1116349 5 1
1116362 0 1
1116382 12 1
1116410 1 -1
1116416 2 -1
1116424 3 1
1116468 0 -1
1116505 4 1
1116578 0 -1
1116582 1 -1
1116645 2 1
1116682 23 -1
1116688 0 -1
1116704 6 -1
1116747 8 1
1116814 0 -1
1116828 7 -1
1116871 3 1
1116943 1 -1
1117035 0 1
1117112 3 1
1117134 1 1
1117145 6 1
1117150 0 1
1117161 2 -1
1117174 4 -1
1117252 5 1
1117255 0 -1
1117322 1 -1
1117333 3 -1
1117384 2 1
1117413 11 1
1117456 14 1
1117489 0 -1
1117542 18 -1
1117558 3 1
1117564 9 1
1117577 4 1
1117586 2 1
1117615 0 -1
1117618 7 -1
1117674 1 1
1117704 5 -1
1117712 0 1
1117714 21 1
1117779 8 1
1117800 3 1
1117835 2 1
1117880 1 -1
1117963 0 1
1117964 4 -1
1118021 3 -1
1118061 2 -1
1118065 1 1
1118072 0 1
1118080 6 1
1118101 15 1
1118193 0 1
1118198 5 -1
1118246 3 1
1118298 2 1
1118319 4 1
1118421 0 -1
1118440 1 1
1118472 6 -1
1118522 0 1
1118526 2 -1
1118585 10 1
1118609 1 1
1118636 0 1
1118682 4 -1
1118682 8 -1
1118682 9 -1
1118709 3 -1
1118746 12 -1
1118791 1 -1
1118811 17 1
1118870 0 1
1118934 3 1
1118940 6 -1
1118994 0 1
1118999 2 1
1119040 4 1
1119045 7 -1
1119098 0 -1
1119122 5 -1
1119158 1 1
1119176 3 1
1119230 2 -1
1119313 0 1
1119345 1 -1
1119424 4 -1
1119432 0 1
1119456 11 1
1119466 2 1
1119532 1 -1
1119536 0 -1
1119622 3 1
1119660 5 -1
1119671 9 -1
1119718 1 1
1119776 0 -1
1119843 7 -1
1119864 3 1
1119864 6 1
1119872 0 1
1119893 1 -1
1119907 10 -1
1119940 2 -1
1119989 0 1
1120081 1 -1
1120095 0 -1
1120101 3 -1
1120101 16 1
1120125 4 -1
1120165 2 1
1120176 5 -1
1120214 0 -1
1120251 6 -1
1120262 1 1
1120337 0 -1
1120415 2 1
1120458 0 -1
1120496 4 1
1120536 7 -1
1120598 3 1
1120606 8 1
1120661 1 1
1120692 0 -1
1120713 13 1
1120799 6 -1
1120810 3 1
1120818 0 -1
1120846 1 -1
1120877 2 1
1120879 4 1
1120915 0 1
1121004 3 -1
1121016 1 -1
1121068 12 1
1121090 5 -1
1121106 2 -1
1121154 0 1
1121200 3 1
1121251 0 -1
1121283 6 -1
1121353 2 -1
1121358 10 1
1121369 11 -1
1121369 0 -1
1121403 1 -1
1121412 3 -1
1121546 5 1
1121579 2 1
1121584 14 1
1121584 1 1
1121584 15 -1
1121584 8 -1
1121592 4 1
1121598 0 1
1121622 3 -1
1121681 9 1
1121716 0 1
1121757 1 1
1121777 6 -1
1121810 2 -1
1121815 3 1
1121831 0 1
1121928 0 -1
1121943 4 -1
1122044 0 -1
1122046 2 1
1122068 5 1
1122068 7 1
1122120 1 1
1122170 0 -1
1122197 6 1
1122224 3 -1
1122267 2 -1
1122275 0 1
1122306 1 -1
1122310 4 1
1122417 3 1
1122498 0 -1
1122503 1 1
1122551 5 -1
1122552 8 -1
1122602 0 -1
1122616 19 1
1122651 3 1
1122676 1 1
1122702 6 -1
1122721 0 -1
1122761 7 -1
1122769 2 1
1122894 1 1
1122950 0 1
1122960 9 1
1122976 2 1
1122979 4 1
1123030 5 -1
1123056 3 -1
1123061 1 -1
1123069 0 1
1123192 0 1
1123223 2 1
1123253 3 1
1123253 1 1
1123325 11 -1
1123345 4 -1
1123358 7 -1
1123417 0 -1
1123422 13 -1
1123465 3 1
1123476 12 1
1123481 5 1
1123540 0 -1
1123594 6 -1
1123612 1 -1
1123661 0 -1
1123691 2 1
1123712 4 1
1123771 0 -1
1123797 1 1
1123841 9 -1
1123855 3 1
1123876 0 1
1123911 2 -1
1123959 5 -1
1123966 1 1
1123993 0 1
1124067 3 1
1124075 4 -1
1124078 6 -1
1124102 0 1
1124164 2 -1
1124164 17 1
1124196 10 1
1124260 3 -1
1124341 0 -1
1124343 1 -1
1124438 4 1
1124451 0 -1
1124456 3 1
1124508 8 1
1124535 1 -1
1124540 6 -1
1124552 0 1
1124621 2 -1
1124669 3 1
1124716 1 1
1124779 0 1
1124800 4 -1
1124862 3 -1
1124865 2 -1
1124884 5 -1
1124889 7 1
1124900 0 1
1125018 0 -1
1125042 1 1
1125094 2 1
1125099 3 -1
1125110 15 -1
1125200 4 -1
1125229 0 1
1125238 1 -1
1125344 0 1
1125357 6 1
1125378 5 1
1125430 1 1
1125432 8 -1
1125459 0 1
1125502 7 1
1125518 16 -1
1125534 10 -1
1125556 2 1
1125599 3 1
1125601 1 1
1125701 0 1
1125780 1 1
1125787 6 -1
1125798 12 -1
1125803 2 1
1125806 0 -1
1125840 3 1
1125841 5 -1
1125848 4 -1
1125924 0 -1
1125966 1 -1
1126034 2 -1
1126034 9 -1
1126061 3 -1
1126135 1 -1
1126139 7 1
1126154 0 1
1126219 4 1
1126228 13 1
1126270 6 -1
1126272 0 1
1126356 8 1
1126396 0 1
1126491 2 -1
1126522 1 -1
1126528 3 1
1126606 0 -1
1126614 4 -1
1126715 1 -1
1126725 0 -1
1126744 2 -1
1126749 3 -1
1126792 5 1
1126808 10 -1
1126848 0 -1
1126878 1 -1
1126921 7 -1
1126969 2 1
1126974 3 1
1126980 9 -1
1127002 26 1
1127073 0 1
1127196 0 1
1127216 6 -1
1127243 5 -1
1127251 1 1
1127305 0 1
1127346 18 -1
1127348 4 -1
1127421 0 -1
1127431 11 -1
1127437 3 -1
1127439 1 -1
1127453 2 -1
1127544 0 -1
1127632 1 1
1127646 6 1
1127654 0 -1
1127662 3 1
1127673 2 1
1127711 7 1
1127759 5 -1
1127767 4 -1
1127775 0 -1
1127878 2 1
1127904 3 1
1127980 0 -1
1127981 1 -1
1127990 12 1
1128066 6 1
1128103 0 1
1128122 4 1
1128164 1 1
1128216 9 -1
1128222 0 -1
1128328 1 1
1128350 3 1
1128356 2 -1
1128399 8 1
1128404 7 -1
1128450 0 -1
1128517 6 -1
1128576 0 -1
1128592 3 1
1128606 2 -1
1128681 0 1
1128698 1 1
1128748 5 1
1128807 20 1
1128813 3 -1
1128815 4 -1
1128818 2 -1
1128844 1 -1
1128923 0 1
1128979 15 -1
1129001 6 -1
1129037 1 1
1129041 0 1
1129065 2 -1
1129110 4 -1
1129146 7 1
1129146 0 -1
1129162 5 1
1129259 0 -1
1129294 2 1
1129323 11 1
1129328 3 -1
1129357 0 1
1129388 8 1
1129416 1 1
1129441 6 1
1129460 4 1
1129475 0 1
1129517 10 -1
1129522 2 -1
1129581 17 -1
1129593 1 1
1129599 0 1
1129635 3 1
1129651 5 1
1129758 4 -1
1129769 2 -1
1129775 1 -1
1129823 0 -1
1129839 14 1
1129855 3 -1
1129936 0 -1
1129968 6 -1
1130051 0 -1
1130121 4 1
1130137 1 1
1130183 9 -1
1130237 2 -1
1130276 0 1
1130323 3 1
1130343 1 -1
1130400 0 1
1130452 8 1
1130457 2 1
1130488 4 -1
1130508 0 1
1130543 3 -1
1130553 1 -1
1130581 5 1
1130613 22 -1
1130621 7 -1
1130710 2 1
1130729 0 -1
1130753 6 -1
1130758 3 1
1130825 0 1
1130879 4 -1
1130907 1 1
1130949 0 1
1130968 10 1
1131000 16 1
1131077 0 1
1131091 1 -1
1131107 5 1
1131166 3 -1
1131186 0 1
1131186 2 -1
1131236 6 -1
1131237 9 -1
1131242 7 -1
1131246 1 -1
1131306 0 1
1131344 11 1
1131360 3 1
1131398 2 -1
1131425 0 -1
1131462 1 -1
1131527 8 1
1131559 3 -1
1131570 5 -1
1131588 4 1
1131645 2 -1
1131653 0 -1
1131665 1 1
1131677 6 1
1131768 3 -1
1131779 0 -1
1131846 1 -1
1131884 0 1
1131911 7 1
1131935 13 -1
1131951 4 -1
1132004 1 -1
1132026 3 -1
1132102 2 -1
1132107 0 1
1132193 10 1
1132212 0 -1
1132252 3 1
1132314 4 1
1132330 0 -1
1132349 2 -1
1132362 1 1
1132440 8 -1
1132483 5 -1
1132494 3 1
1132558 1 -1
1132560 0 1
1132586 2 1
1132634 9 -1
1132644 6 1
1132666 0 1
1132677 15 -1
1132745 1 1
1132784 0 1
1132833 2 1
1132940 3 1
1132940 5 1
1132971 4 -1
1133005 0 -1
1133064 2 -1
1133074 6 -1
1133128 1 1
1133131 0 -1
1133182 3 1
1133193 12 1
1133237 0 1
1133295 2 1
1133298 4 -1
1133298 1 1
1133322 7 1
1133386 8 1
1133451 0 -1
1133456 5 1
1133488 3 -1
1133493 1 1
1133539 2 1
1133558 6 -1
1133572 0 -1
1133580 10 -1
1133682 0 -1
1133684 4 1
1133854 1 -1
1133905 3 1
1133932 0 -1
1133999 2 1
1134028 0 1
1134035 1 1
1134053 14 1
1134117 3 1
1134136 7 1
1134152 0 1
1134233 1 -1
1134236 2 -1
1134311 3 -1
1134364 5 1
1134389 0 1
1134397 8 1
1134402 4 1
1134410 1 1
1134461 6 -1
1134475 2 -1
1134483 13 -1
1134510 0 1
1134571 1 1
1134612 17 -1
1134614 0 -1
1134711 0 1
1134719 3 1
1134741 23 1
1134765 1 -1
1134789 4 -1
1134829 0 1
1134859 6 1
1134870 10 1
1134878 7 -1
1134902 5 1
1134912 3 -1
1134934 1 -1
1134937 2 -1
1134953 0 1
1135068 0 1
1135109 3 1
1135128 9 1
1135187 2 -1
1135196 4 -1
1135213 11 -1
1135292 0 -1
1135310 6 -1
1135321 3 1
1135321 1 -1
1135353 5 -1
1135388 0 1
1135412 2 1
1135428 21 -1
1135490 1 -1
1135505 0 1
1135514 3 -1
1135676 1 1
1135686 12 -1
1135711 3 1
1135748 0 1
1135794 6 -1
1135853 0 -1
1135875 2 1
1135926 4 -1
1135944 9 -1
1135966 0 -1
1136014 3 -1
1136051 1 1
1136119 2 1
1136182 0 1
1136236 1 -1
1136245 6 1
1136272 7 1
1136288 10 -1
1136299 5 1
1136306 0 1
1136310 8 -1
1136321 4 1
1136353 2 -1
1136412 0 -1
1136434 1 1
1136482 3 1
1136530 0 -1
1136546 16 -1
1136579 2 1
1136632 18 -1
1136654 0 -1
1136683 4 -1
1136702 3 -1
1136718 6 1
1136745 5 -1
1136775 0 -1
1136815 2 -1
1136816 1 1
1136869 9 -1
1136885 0 -1
1136928 3 1
1136950 7 -1
1137014 1 -1
1137054 2 -1
1137135 0 -1
1137138 6 1
1137195 1 1
1137213 5 1
1137232 0 1
1137256 11 -1
1137291 2 1
1137320 15 1
1137331 8 -1
1137347 0 1
1137365 1 1
1137421 4 1
1137449 13 -1
1137460 3 1
1137548 1 -1
1137565 0 -1
1137586 7 -1
1137659 10 1
1137686 0 -1
1137696 3 1
1137697 5 -1
1137736 1 -1
1137764 4 1
1137766 2 -1
1137809 0 -1
1137917 3 -1
1137921 1 1
1137987 12 1
1137998 2 1
1138014 0 -1
1138030 6 -1
1138094 14 1
1138126 4 -1
1138132 0 -1
1138212 5 -1
1138229 2 -1
1138242 0 -1
1138266 8 1
1138300 1 1
1138304 7 1
1138352 9 1
1138360 0 -1
1138384 3 1
1138486 0 -1
1138493 1 -1
1138530 6 -1
1138591 0 1
1138605 3 -1
1138679 1 1
1138691 0 -1
1138696 5 1
1138702 2 1
1138830 3 1
1138900 4 -1
1138919 0 -1
1138933 2 -1
1138976 6 -1
1139005 7 -1
1139038 0 -1
1139062 1 1
1139072 3 1
1139148 5 -1
1139161 0 -1
1139164 2 1
1139169 11 1
1139243 1 -1
1139247 4 1
1139293 3 -1
1139385 0 1
1139424 1 -1
1139492 9 -1
1139509 0 1
1139518 3 1
1139578 4 1
1139615 0 -1
1139637 2 -1
1139747 7 1
1139760 3 1
1139775 1 1
1139857 0 -1
1139868 6 -1
1139873 2 1
1139956 1 1
1139970 0 -1
1140029 17 -1
1140040 5 -1
1140068 0 1
1140104 2 -1
1140138 1 -1
1140186 0 1
1140243 4 -1
1140298 3 1
1140298 8 1
1140310 0 1
1140416 7 1
1140419 0 1
1140427 6 1
1140513 5 1
1140513 1 1
1140518 3 -1
1140534 0 -1
1140549 4 -1
1140577 2 1
1140626 10 -1
1140694 1 -1
1140744 3 1
1140745 0 1
1140808 2 -1
1140814 6 -1
1140859 0 1
1140868 1 -1
1140943 5 -1
1140956 4 -1
1140975 9 1
1140987 0 1
1141053 2 -1
1141206 3 -1
1141217 0 1
1141233 8 -1
1141234 1 -1
1141295 4 -1
1141322 0 -1
1141418 0 1
1141428 1 1
1141432 3 1
1141512 2 -1
1141613 1 -1
1141633 4 1
1141660 0 1
1141744 2 1
1141773 3 1
1141776 0 1
1141835 7 1
1141835 9 1
1141878 5 -1
1141894 0 1
1141921 6 1
1141968 1 1
1141988 4 -1
1141988 2 1
1141996 10 -1
1142018 0 1
1142122 0 -1
1142136 12 -1
1142137 1 1
1142179 3 -1
1142222 20 1
1142241 0 -1
1142243 8 -1
1142331 1 -1
1142340 5 1
1142362 6 -1
1142364 0 -1
1142375 3 1
1142375 4 1
1142453 2 1
1142560 7 -1
1142587 3 1
1142589 0 1
1142684 2 -1
1142695 0 -1
1142714 1 -1
1142781 3 -1
1142786 5 -1
1142805 0 -1
1142845 6 -1
1142895 1 1
1142926 2 -1
1142931 13 -1
1142990 3 1
1143042 0 -1
1143064 1 1
1143100 4 1
1143165 0 -1
1143181 7 -1
1143189 3 -1
1143254 11 1
1143254 6 1
1143262 0 1
1143266 1 1
1143340 18 1
1143383 2 -1
1143383 10 1
1143399 3 -1
1143435 4 1
1143449 1 -1
1143482 0 -1
1143592 0 -1
1143614 2 1
1143620 1 -1
1143641 5 1
1143716 0 -1
1143727 6 1
1143754 4 1
1143791 3 -1
1143802 1 1
1143842 0 -1
1143856 12 -1
1143858 2 1
1143939 0 1
1144001 3 -1
1144028 9 1
1144054 0 1
1144092 2 -1
1144162 5 1
1144162 0 -1
1144167 8 1
1144189 1 1
1144194 3 1
1144210 6 1
1144323 2 1
1144360 1 -1
1144393 0 -1
1144422 4 -1
1144517 0 -1
1144532 1 -1
1144549 2 -1
1144603 3 -1
1144622 0 1
1144624 7 -1
1144630 5 -1
1144683 6 1
1144796 3 1
1144802 2 -1
1144818 4 1
1144863 0 1
1144910 1 -1
1144979 0 1
1144995 3 -1
1145080 1 -1
1145097 0 1
1145102 11 -1
1145146 5 -1
1145146 15 -1
1145146 9 -1
1145164 4 -1
1145199 8 1
1145253 1 -1
1145258 2 -1
1145326 0 -1
1145334 7 1
1145398 3 1
1145422 0 1
1145503 2 -1
1145516 6 -1
1145540 0 1
1145597 3 -1
1145597 5 1
1145636 1 -1
1145659 0 1
1145731 2 1
1145764 0 -1
1145806 3 -1
1145834 1 1
1145882 4 -1
1145898 13 -1
1145898 0 1
1145946 7 1
1145984 6 -1
1145995 5 1
1146000 3 1
1146003 0 -1
1146019 1 -1
1146134 8 -1
1146194 2 1
1146199 3 -1
1146204 1 1
1146216 0 1
1146220 10 1
1146252 4 1
1146306 9 1
1146322 0 -1
1146349 14 1
1146374 1 1
1146408 3 -1
1146424 6 1
1146438 2 1
1146441 0 -1
1146457 5 -1
1146478 12 -1
1146563 1 -1
1146607 4 -1
1146672 2 -1
1146677 0 -1
1146726 3 1
1146752 1 1
1146775 0 1
1146894 0 1
1146962 4 -1
1147059 8 1
1147126 0 1
1147129 2 -1
1147139 1 1
1147172 3 1
1147242 0 -1
1147317 11 1
1147317 6 -1
1147319 1 -1
1147360 5 -1
1147365 0 -1
1147373 4 -1
1147381 2 -1
1147397 7 1
1147413 3 1
1147478 10 1
1147490 1 -1
1147596 0 -1
1147607 2 1
1147634 3 -1
1147720 0 -1
1147728 4 1
1147790 6 -1
1147800 5 1
1147825 0 1
1147838 2 -1
1147889 1 1
1147930 7 -1
1148026 16 1
1148058 0 1
1148074 4 -1
1148075 1 -1
1148083 2 -1
1148091 8 1
1148155 0 -1
1148171 3 -1
1148230 6 1
1148232 1 -1
1148271 0 -1
1148284 19 -1
1148308 2 1
1148316 5 1
1148397 3 1
1148502 0 1
1148534 2 -1
1148611 1 -1
1148619 0 1
1148639 3 1
1148671 13 1
1148703 7 -1
1148744 0 1
1148788 4 -1
1148808 1 1
1148865 10 -1
1148929 9 1
1148967 0 -1
1148969 1 1
1148983 8 -1
1148999 2 -1
1149015 27 1
1149085 3 1
1149101 0 1
1149159 4 1
1149163 1 -1
1149166 6 1
1149208 5 -1
1149211 0 -1
1149246 2 -1
1149316 15 1
1149321 0 -1
1149327 3 1
1149348 1 1
1149426 0 1
1149472 2 1
1149510 1 1
1149526 0 -1
1149546 4 -1
1149547 3 -1
1149628 6 -1
1149644 0 -1
1149691 1 -1
1149714 5 -1
1149773 3 1
1149888 0 -1
1149940 2 1
1149940 9 1
1149982 8 -1
1149999 0 -1
1150004 12 1
1150015 3 1
1150034 7 1
1150060 1 1
1150122 0 -1
1150160 2 -1
1150176 6 1
1150181 5 1
1150227 4 1
1150235 3 -1
1150243 1 -1
1150345 0 1
1150391 14 1
1150412 2 -1
1150414 1 -1
1150461 3 1
1150469 0 1
1150563 18 1
1150568 6 -1
1150582 4 -1
1150596 0 1
1150686 7 -1
1150783 1 1
1150808 0 -1
1150888 2 1
1150923 0 -1
1150969 4 1
1150971 3 1
1150973 1 -1
1150993 6 -1
1151028 0 1
1151114 2 -1
1151122 5 1
1151146 0 1
1151194 1 -1
1151208 11 -1
1151229 3 1
1151270 0 1
1151272 9 1
1151350 2 1
1151385 0 1
1151412 6 1
1151412 7 -1
1151450 3 -1
1151482 0 -1
1151549 1 1
1151562 5 -1
1151579 2 -1
1151662 4 -1
1151670 10 1
1151705 0 1
1151745 1 -1
1151822 0 1
1151826 2 -1
1151864 6 -1
1151896 17 -1
1151917 3 1
1151924 1 -1
1151939 8 1
1151947 0 1
1152033 4 1
1152052 2 1
1152078 5 -1
1152113 1 1
1152159 0 -1
1152175 3 1
1152275 0 -1
1152283 12 -1
1152283 2 -1
1152301 1 -1
1152381 0 1
1152396 4 -1
1152471 3 -1
1152486 1 1
1152551 5 1
1152623 0 1
1152678 1 -1
1152706 4 -1
1152729 0 -1
1152740 2 -1
1152799 25 -1
1152847 0 -1
1152852 6 -1
1152863 3 -1
1152912 7 -1
1152949 8 1
1152971 0 -1
1152992 2 -1
1153000 1 -1
1153057 4 1
1153057 15 1
1153062 5 1
1153073 3 -1
1153092 0 -1
1153121 10 -1
1153202 0 -1
1153206 1 -1
1153223 2 1
1153250 6 1
1153266 3 1
1153314 11 -1
1153325 0 -1
1153379 9 -1
1153403 1 1
1153460 4 -1
1153465 3 -1
1153519 5 -1
1153530 0 -1
1153572 16 -1
1153648 0 -1
1153669 6 1
1153691 3 -1
1153691 2 1
1153710 7 -1
1153742 1 -1
1153771 0 -1
1153814 4 1
1153887 3 1
1153895 8 -1
1153933 2 -1
1153935 1 1
1153986 5 1
1154002 0 -1
1154099 3 1
1154101 1 -1
1154107 0 1
1154153 13 1
1154164 2 1
1154207 0 -1
1154325 9 -1
1154330 7 -1
1154449 0 -1
1154489 3 1
1154492 10 1
1154500 1 -1
1154518 12 1
1154519 14 1
1154532 4 1
1154559 0 -1
1154604 6 -1
1154637 2 -1
1154677 0 -1
1154689 1 1
1154733 3 1
1154783 0 1
1154834 4 1
1154862 2 1
1154874 1 -1
1154889 0 1
1154932 5 -1
1155008 3 1
1155008 0 1
1155061 6 -1
1155076 1 1
1155094 2 -1
1155120 22 -1
1155131 0 1
1155163 11 1
1155205 4 -1
1155249 9 -1
1155278 1 1
1155338 2 -1
1155354 0 -1
1155421 5 1
1155459 1 1
1155470 3 -1
1155478 0 -1
1155529 6 -1
1155566 2 1
1155584 0 1
1155646 1 -1
1155695 3 1
1155717 7 -1
1155800 2 -1
1155826 0 1
1155894 30 -1
1155905 8 -1
1155927 10 -1
1155932 0 -1
1155937 3 1
1155943 4 -1
1155943 5 1
1155999 1 1
1156029 2 1
1156050 0 -1
1156168 1 1
1156174 9 -1
1156279 0 -1
1156281 4 1
1156364 1 -1
1156375 0 1
1156383 3 1
1156421 6 -1
1156442 7 -1
1156503 0 1
1156507 2 -1
1156625 3 1
1156627 0 1
1156644 4 -1
1156725 1 1
1156735 0 1
1156744 2 1
1156808 5 -1
1156838 0 -1
1156846 3 -1
1156862 8 1
1156910 1 -1
1156956 0 -1
1156958 6 1
1156964 2 -1
1157083 1 -1
1157087 7 -1
1157176 0 1
1157184 13 1
1157270 9 1
1157297 5 -1
1157304 0 1
1157313 3 1
1157345 6 -1
1157346 10 1
1157361 4 1
1157413 0 1
1157442 2 1
1157454 1 -1
1157576 3 1
1157630 0 -1
1157660 1 1
1157673 2 -1
1157735 0 1
1157743 6 1
1157754 5 1
1157756 4 1
1157847 1 -1
1157853 0 1
1157861 3 -1
1157918 2 -1
1157937 8 1
1157958 17 -1
1158041 1 1
1158092 0 1
1158111 4 -1
1158173 9 -1
1158205 6 1
1158211 0 1
1158220 1 1
1158270 3 1
1158334 0 1
1158402 1 1
1158402 2 1
1158434 4 -1
1158439 0 -1
1158463 3 -1
1158557 0 -1
1158571 7 -1
1158587 1 -1
1158614 2 1
1158646 24 1
1158657 6 -1
1158659 3 1
1158678 5 1
1158681 0 -1
1158756 4 -1
1158787 0 1
1158829 2 -1
1158946 1 -1
1158947 12 1
1158990 10 1
1159012 0 1
1159079 2 -1
1159081 3 -1
1159119 4 1
1159122 0 -1
1159127 1 -1
1159140 6 -1
1159205 5 1
1159232 0 -1
1159248 19 1
1159248 16 1
1159275 3 1
1159288 7 1
1159291 2 -1
1159291 9 1
1159304 1 1
1159429 4 1
1159441 11 -1
1159464 0 1
1159474 3 -1
1159538 2 -1
1159570 0 1
1159678 0 -1
1159695 1 1
1159710 5 1
1159766 2 1
1159877 3 1
1159881 1 -1
1159893 13 -1
1159909 0 -1
1159925 7 1
1159979 8 -1
1160033 0 -1
1160066 1 1
1160076 3 -1
1160086 6 -1
1160135 4 -1
1160137 0 1
1160194 5 -1
1160237 0 -1
1160242 2 -1
1160285 3 -1
1160355 0 -1
1160409 10 -1
1160429 1 -1
1160473 2 1
1160479 3 1
1160479 0 -1
1160527 6 1
1160538 7 1
1160558 4 -1
1160589 0 -1
1160614 1 1
1160672 5 -1
1160677 3 -1
1160710 2 -1
1160796 15 1
1160796 18 1
1160816 1 1
1160833 0 -1
1160882 8 1
1160887 3 -1
1160938 0 1
1160945 4 1
1161007 1 -1
1161032 6 1
1161056 0 1
1161080 3 1
1161081 5 -1
1161183 2 1
1161195 1 -1
1161231 7 -1
1161268 11 1
1161296 0 1
1161312 9 1
1161368 1 1
1161408 2 -1
1161414 0 1
1161419 12 1
1161489 3 -1
1161519 0 -1
1161526 5 1
1161558 1 -1
1161658 2 -1
1161682 3 1
1161707 4 -1
1161732 0 1
1161838 6 -1
1161857 0 1
1161881 3 -1
1161892 8 1
1161948 1 -1
1161975 0 1
1162025 4 -1
1162037 7 1
1162106 1 -1
1162118 2 -1
1162193 0 -1
1162284 3 1
1162291 0 1
1162291 1 1
1162322 6 -1
1162346 2 1
1162396 4 1
1162409 0 1
1162451 9 -1
1162526 5 -1
1162575 2 -1
1162591 3 -1
1162639 0 -1
1162658 1 -1
1162698 7 1
1162757 0 -1
1162774 14 1
1162811 3 1
1162822 2 -1
1162843 1 1
1162870 0 -1
1162967 6 1
1162988 10 1
1163010 5 1
1163031 1 -1
1163053 2 1
1163083 0 1
1163158 4 1
1163210 0 1
1163246 17 1
1163273 3 -1
1163290 2 -1
1163334 0 1
1163375 11 1
1163376 1 1
1163483 5 -1
1163499 3 1
1163510 2 1
1163549 1 1
1163558 0 -1
1163577 4 1
1163655 12 -1
1163655 9 1
1163682 0 -1
1163741 3 1
1163741 8 1
1163766 1 1
1163792 0 -1
1163913 0 -1
1163961 3 -1
1163964 4 -1
1163988 2 -1
1164036 0 -1
1164128 6 1
1164129 1 -1
1164141 0 1
1164198 7 -1
1164219 2 1
1164241 0 -1
1164278 3 1
1164315 4 1
1164315 1 1
1164375 5 -1
1164464 2 1
1164469 0 -1
1164472 10 -1
1164499 3 -1
1164520 1 1
1164568 6 -1
1164587 0 -1
1164633 4 1
1164714 0 -1
1164724 3 1
1164751 8 1
1164855 1 1
1164870 5 -1
1164918 0 -1
1164929 2 1
1164960 4 1
1164988 7 -1
1165042 0 1
1165060 1 1
1165074 6 -1
1165146 0 -1
1165160 2 -1
1165181 23 -1
1165187 3 -1
1165222 1 1
1165273 5 -1
1165318 4 -1
1165353 15 -1
1165388 0 -1
1165407 2 -1
1165439 13 -1
1165494 0 1
1165498 3 1
1165564 1 -1
1165600 0 1
1165697 7 1
1165719 0 1
1165732 3 1
1165780 1 -1
1165783 8 1
1165826 9 -1
1165826 10 1
1165829 0 -1
1165864 2 -1
1165939 0 -1
1165967 1 1
1166052 4 -1
1166065 0 -1
1166108 2 -1
1166138 3 -1
1166149 6 -1
1166192 5 -1
1166286 0 1
1166306 1 1
1166334 3 1
1166337 2 1
1166407 4 1
1166413 0 1
1166483 1 -1
1166537 0 1
1166546 3 1
1166568 2 -1
1166632 6 -1
1166675 5 1
1166677 1 -1
1166761 0 -1
1166765 4 -1
1166799 2 1
1166815 9 -1
1166854 1 -1
1166874 0 -1
1166901 14 1
1166936 3 1
1166972 0 1
1167028 1 -1
1167044 2 1
1167127 5 -1
1167138 6 -1
1167148 3 1
1167181 7 1
1167213 1 1
1167214 0 1
1167245 18 -1
1167272 2 -1
1167288 11 -1
1167323 0 1
1167342 3 -1
1167386 1 1
1167444 0 1
1167495 4 -1
1167538 3 1
1167549 0 -1
1167568 5 1
1167646 0 1
1167697 9 -1
1167718 8 -1
1167739 1 -1
1167740 2 -1
1167750 3 1
1167764 0 1
1167858 4 1
1167887 0 1
1167942 1 1
1167954 7 1
1167987 2 -1
1168008 5 -1
1168040 3 1
1168073 6 1
1168121 0 1
1168124 1 -1
1168180 4 1
1168212 2 1
1168226 0 -1
1168277 3 1
1168277 21 1
1168323 0 1
1168406 13 -1
1168406 10 -1
1168482 1 1
1168492 5 1
1168492 12 1
1168513 6 1
1168564 0 1
1168664 8 1
1168683 0 1
1168684 1 1
1168699 2 -1
1168704 7 -1
1168723 3 1
1168788 0 -1
1168866 1 1
1168911 6 -1
1168914 4 -1
1168916 2 1
1168965 3 1
1168997 5 1
1169032 0 -1
1169142 0 -1
1169148 2 -1
1169185 3 -1
1169223 15 -1
1169244 1 1
1169268 0 -1
1169301 4 -1
1169392 0 -1
1169414 1 -1
1169489 0 1
1169502 11 1
1169571 1 -1
1169604 0 1
1169605 2 -1
1169626 3 -1
1169631 8 1
1169647 4 -1
1169696 9 -1
1169709 0 -1
1169772 1 1
1169782 6 1
1169857 2 -1
1169916 5 1
1169938 3 1
1169943 0 -1
1169970 1 -1
1169986 10 -1
1170018 4 1
1170069 0 -1
1170083 2 1
1170115 7 -1
1170159 1 -1
1170166 0 1
1170179 3 1
1170201 6 1
1170321 1 -1
1170329 4 1
1170368 5 -1
1170417 0 1
1170526 0 1
1170558 2 -1
1170577 9 -1
1170599 19 -1
1170626 3 1
1170647 0 1
1170667 1 1
1170695 4 -1
1170749 6 -1
1170787 2 1
1170808 7 1
1170814 5 1
1170857 20 -1
1170867 3 1
1170876 0 -1
1170885 1 1
1170943 12 -1
1170976 0 1
1170986 16 -1
1171018 2 -1
1171028 28 -1
1171029 14 1
1171070 1 -1
1171074 4 1
1171088 3 -1
1171090 0 1
1171147 13 1
1171206 0 1
1171313 3 1
1171324 0 1
1171372 11 -1
1171373 10 1
1171421 7 1
1171425 1 1
1171448 0 1
1171494 2 1
1171553 0 -1
1171555 3 1
1171588 8 -1
1171610 1 -1
1171652 9 1
1171695 5 -1
1171716 6 -1
1171727 2 -1
1171776 3 -1
1171794 1 1
1171794 0 -1
1171860 4 -1
1171901 0 1
1171958 2 1
1172001 3 1
1172019 0 1
1172171 1 1
1172173 5 -1
1172187 7 1
1172227 4 1
1172232 6 -1
1172259 0 1
1172348 1 -1
1172356 0 -1
1172437 2 -1
1172448 9 -1
1172472 0 -1
1172523 3 1
1172542 1 1
1172574 4 -1
1172587 8 -1
1172625 5 1
1172662 2 1
1172692 0 1
1172705 6 -1
1172715 1 1
1172781 3 1
1172820 0 1
1172824 7 1
1172894 2 -1
1172900 1 -1
1172926 0 -1
1173001 3 -1
1173031 0 -1
1173102 1 1
1173146 6 1
1173146 0 -1
1173272 0 -1
1173295 1 -1
1173311 4 -1
1173366 2 1
1173369 0 1
1173447 9 1
1173452 7 1
1173469 3 1
1173544 12 -1
1173544 8 1
1173554 5 1
1173598 2 -1
1173608 0 1
1173658 1 1
1173670 4 1
1173694 6 -1
1173705 0 -1
1173791 3 -1
1173823 0 -1
1173829 2 1
1173844 1 -1
1173952 17 -1
1173993 4 1
1174001 3 -1
1174028 5 -1
1174029 1 1
1174052 0 1
1174052 2 -1
1174081 6 1
1174081 10 -1
1174170 0 1
1174275 7 1
1174294 0 1
1174302 2 -1
1174393 3 -1
1174420 1 1
1174474 6 -1
1174511 5 1
1174527 0 1
1174528 2 1
1174593 1 1
1174603 3 -1
1174651 0 1
1174718 4 1
1174756 0 -1
1174758 2 -1
1174781 1 -1
1174796 3 1
1174855 9 1
1174874 0 -1
1174980 0 1
1174984 5 -1
1174995 3 -1
1175089 0 1
1175097 4 -1
1175150 1 1
1175156 14 1
1175194 0 -1
1175215 2 -1
1175221 3 -1
1175355 1 1
1175417 3 1
1175420 5 1
1175438 0 -1
1175460 4 1
1175468 6 -1
1175468 2 -1
1175468 8 -1
1175500 11 -1
1175516 1 1
1175516 10 1
1175548 0 -1
1175629 3 1
1175653 0 1
1175678 7 -1
1175688 2 1
1175690 1 1
1175806 4 -1
1175871 0 -1
1175876 5 -1
1175895 1 1
1175952 6 -1
1175995 0 -1
1176019 3 1
1176056 1 1
1176116 0 -1
1176145 4 -1
1176145 9 -1
1176167 2 -1
1176230 1 1
1176330 0 1
1176333 3 -1
1176371 5 -1
1176371 7 1
1176406 2 1
1176447 0 1
1176451 6 -1
1176489 8 -1
1176500 4 1
1176556 0 1
1176559 3 1
1176615 1 -1
1176632 2 -1
1176796 0 -1
1176802 1 1
1176854 13 -1
1176887 4 -1
1176906 0 -1
1176919 16 -1
1176947 1 -1
1177021 3 -1
1177026 0 -1
1177048 10 -1
1177107 2 1
1177193 7 1
1177215 5 1
1177247 3 1
1177255 0 1
1177306 11 1
1177318 1 -1
1177338 2 -1
1177373 0 1
1177414 8 1
1177467 6 1
1177489 3 1
1177497 0 1
1177512 1 -1
1177521 12 -1
1177575 2 1
1177620 4 -1
1177689 1 -1
1177693 5 -1
1177709 0 -1
1177795 2 -1
1177827 0 -1
1177932 0 1
1177935 3 1
1177951 6 1
1177955 4 -1
1178048 1 1
1178048 2 -1
1178174 0 1
1178177 3 1
1178177 5 1
1178221 1 1
1178268 2 1
1178290 0 1
1178298 4 1
1178343 6 -1
1178386 0 -1
1178397 3 -1
1178402 1 -1
1178403 8 1
1178502 0 -1
1178523 2 1
1178572 7 -1
1178574 1 -1
1178608 0 1
1178623 3 1
1178726 0 1
1178777 1 1
1178811 9 -1
1178850 0 1
1178870 3 1
1178959 1 -1
1178986 2 1
1179035 4 1
1179061 0 -1
1179069 5 1
1179132 1 -1
1179155 14 1
1179179 0 -1
1179198 3 1
1179209 2 -1
1179241 7 -1
1179294 6 -1
1179303 0 -1
1179305 11 1
1179391 3 -1
1179394 4 -1
1179413 2 -1
1179424 8 1
1179499 12 1
1179510 5 -1
1179519 1 1
1179527 0 1
1179606 9 1
1179628 13 1
1179628 17 -1
1179651 0 1
1179692 10 -1
1179700 1 1
1179759 0 1
1179778 6 -1
1179800 3 1
1179805 4 -1
1179888 2 1
1179890 1 -1
1179982 7 1
1179993 3 -1
1179993 5 1
1179998 0 -1
1180109 0 -1
1180117 2 -1
1180189 3 1
1180230 6 1
1180230 15 1
1180230 0 -1
1180285 1 -1
1180326 8 -1
1180334 0 1
1180364 2 -1
1180434 0 -1
1180466 1 1
1180558 0 1
1180595 4 1
1180600 3 -1
1180627 9 1
1180648 1 1
1180660 29 1
1180676 0 -1
1180746 6 -1
1180805 3 1
1180832 2 -1
1180904 0 -1
1180950 5 -1
1180966 4 1
1181004 3 -1
1181010 0 1
1181040 1 -1
1181052 2 1
1181111 10 1
1181116 0 1
1181132 6 1
1181212 1 -1
1181218 11 -1
1181272 8 1
1181296 4 -1
1181304 2 1
1181345 7 -1
1181358 0 1
1181393 1 1
1181407 3 1
1181417 5 1
1181434 12 1
1181463 0 -1
1181519 6 -1
1181530 2 -1
1181581 1 -1
1181581 0 -1
1181605 3 -1
1181764 1 1
1181780 2 -1
1181796 0 1
1181815 3 -1
1181869 5 -1
1181901 0 -1
1181937 1 1
1181950 7 -1
1181970 4 1
1181992 2 -1
1182008 3 1
1182036 0 1
1182089 6 1
1182139 1 1
1182146 0 -1
1182207 3 -1
1182240 2 -1
1182256 0 -1
1182272 16 1
1182312 4 1
1182315 5 1
1182382 0 -1
1182417 3 -1
1182465 13 -1
1182506 0 -1
1182508 1 -1
1182562 10 -1
1182573 9 1
1182610 3 1
1182611 7 1
1182675 4 -1
1182696 2 -1
1182709 1 1
1182730 0 1
1182772 5 -1
1182854 0 1
1182893 1 -1
1182944 2 -1
1182962 0 1
1182981 20 -1
1183024 3 -1
1183035 6 1
1183175 11 -1
1183175 2 1
1183183 0 -1
1183196 5 -1
1183220 3 1
1183239 7 1
1183258 1 1
1183261 8 -1
1183280 0 1
1183282 14 1
1183403 0 1
1183433 3 1
1183433 1 1
1183457 4 -1
1183583 18 1
1183605 6 -1
1183612 1 -1
1183632 2 1
1183640 0 1
1183674 5 -1
1183742 0 -1
1183798 9 -1
1183812 4 1
1183830 3 1
1183857 0 -1
1183884 2 1
1183997 1 -1
1184029 7 1
1184045 6 1
1184080 0 1
1184115 2 -1
1184137 3 -1
1184150 4 1
1184170 1 -1
1184204 0 1
1184239 8 -1
1184320 0 1
1184362 3 1
1184386 1 -1
1184535 0 -1
1184566 1 -1
1184604 5 -1
1184626 2 1
1184639 0 1
1184739 7 -1
1184755 1 1
1184756 0 1
1184825 3 -1
1184852 2 -1
1184884 4 1
1184942 1 -1
1185000 0 1
1185002 6 1
1185050 3 1
1185056 5 1
1185077 2 1
1185088 11 1
1185088 9 -1
1185104 0 -1
1185128 1 1
1185174 8 1
1185222 4 1
1185239 0 1
1185292 3 1
1185308 2 -1
1185389 15 1
1185400 7 -1
1185432 13 -1
1185432 17 -1
1185459 0 -1
1185476 1 -1
1185497 10 1
1185529 5 -1
1185553 2 -1
1185585 0 -1
1185593 4 -1
1185604 6 -1
1185604 12 -1
1185642 1 -1
1185691 0 1
1185776 3 -1
1185781 2 1
1185798 0 1
1185847 1 -1
1185905 0 -1
1186015 2 -1
1186026 0 -1
1186050 3 -1
1186120 6 -1
1186136 0 -1
1186222 1 -1
1186276 3 1
1186291 4 -1
1186365 0 1
1186383 1 -1
1186464 0 -1
1186485 5 -1
1186491 2 1
1186577 1 1
1186582 0 -1
1186657 4 1
1186722 2 -1
1186738 3 -1
1186786 10 1
1186803 7 1
1186816 0 -1
1186937 6 1
1186937 0 -1
1186944 1 1
1186958 2 1
1186964 3 1
1186964 5 -1
1186988 4 -1
1187042 0 1
1187066 11 1
1187109 8 -1
1187120 9 1
1187141 1 -1
1187206 3 1
1187265 0 1
1187298 1 -1
1187313 6 -1
1187383 0 -1
1187403 4 -1
1187410 14 1
1187431 7 1
1187432 2 -1
1187437 5 1
1187493 0 -1
1187539 12 -1
1187612 0 -1
1187652 3 1
1187657 2 1
1187677 1 -1
1187711 6 1
1187738 0 -1
1187778 4 1
1187838 1 -1
1187842 0 1
1187888 2 -1
1187894 3 1
1187959 0 1
1188022 1 1
1188076 9 1
1188108 4 1
1188109 8 -1
1188114 3 -1
1188203 0 1
1188205 10 -1
1188221 7 1
1188291 6 -1
1188307 0 -1
1188361 2 1
1188399 13 1
1188399 1 1
1188404 5 -1
1188420 0 -1
1188451 4 -1
1188582 3 1
1188594 1 -1
1188595 2 -1
1188637 0 1
1188760 0 1
1188774 1 1
1188786 6 -1
1188802 3 -1
1188823 2 1
1188866 0 -1
1188893 5 1
1188915 23 -1
1189028 3 1
1189071 2 1
1189098 0 -1
1189120 1 1
1189151 8 -1
1189194 9 -1
1189213 4 1
1189213 0 -1
1189216 6 -1
1189269 3 1
1189296 2 -1
1189302 1 -1
1189310 0 1
1189393 5 1
1189437 0 1
1189473 1 -1
1189474 12 -1
1189522 2 1
1189533 3 1
1189561 0 1
1189603 6 1
1189608 4 -1
1189670 0 1
1189753 2 -1
1189772 0 -1
1189785 7 -1
1189818 3 -1
1189858 1 -1
1189963 4 1
1189987 0 1
1190014 3 1
1190031 1 -1
1190110 0 1
1190210 2 -1
1190217 1 1
1190238 0 1
1190290 15 -1
1190291 9 1
1190296 5 1
1190418 1 1
1190420 3 -1
1190457 2 -1
1190468 0 1
1190527 7 1
1190586 0 -1
1190600 1 1
1190602 6 1
1190616 3 1
1190672 4 -1
1190688 2 1
1190688 10 1
1190696 0 -1
1190764 5 -1
1190785 1 -1
1190828 3 1
1190941 0 -1
1190978 1 1
1191000 8 -1
1191021 11 -1
1191046 0 1
1191047 4 -1
1191075 6 1
1191145 0 -1
1191145 2 1
1191226 5 1
1191228 7 -1
1191231 3 1
1191301 13 -1
1191319 1 -1
1191344 9 1
1191374 0 -1
1191398 2 1
1191402 4 -1
1191430 3 -1
1191492 0 -1
1191502 1 -1
1191615 0 -1
1191623 6 -1
1191624 2 -1
1191640 3 -1
1191666 21 -1
1191708 1 -1
1191795 12 1
1191876 0 1
1191992 0 -1
1192010 8 -1
1192011 26 1
1192059 4 1
1192059 1 -1
1192086 2 -1
1192107 10 -1
1192129 0 -1
1192134 3 1
1192182 18 -1
1192214 5 -1
1192225 9 1
1192264 1 -1
1192333 2 -1
1192346 0 -1
1192376 3 1
1192389 4 1
1192434 1 -1
1192456 0 1
1192494 7 -1
1192561 2 1
1192596 3 -1
1192610 0 -1
1192661 5 1
1192698 6 -1
1192752 4 -1
1192790 2 -1
1192804 1 -1
1192822 3 1
1192892 0 1
1192913 8 1
1192966 1 -1
1193010 0 1
1193037 2 -1
1193042 11 -1
1193064 3 1
1193107 5 -1
1193127 1 -1
1193139 4 1
1193182 6 -1
1193187 0 1
1193204 7 1
1193268 2 1
1193284 3 -1
1193300 16 1
1193316 1 1
1193332 0 1
1193429 10 -1
1193454 0 1
1193494 9 -1
1193502 1 1
1193504 2 -1
1193510 3 1
1193542 4 -1
1193569 6 1
1193604 0 -1
1193691 1 1
1193711 0 1
1193816 8 -1
1193877 1 1
1193902 12 -1
1193929 7 -1
1193937 4 -1
1193978 2 1
1193983 3 -1
1194042 0 1
1194074 13 1
1194080 5 1
1194147 0 -1
1194203 2 -1
1194244 1 -1
1194262 0 -1
1194289 3 1
1194292 4 1
1194421 1 1
1194453 2 -1
1194510 3 -1
1194526 5 -1
1194544 0 -1
1194602 1 -1
1194649 0 1
1194741 8 1
1194762 24 1
1194773 0 1
1194848 19 -1
1194848 20 -1
1194870 6 -1
1194923 2 -1
1194966 3 1
1194981 1 -1
1194988 5 1
1195034 4 1
1195109 0 -1
1195128 11 -1
1195160 3 -1
1195167 1 1
1195171 2 -1
1195227 0 -1
1195267 7 1
1195278 15 -1
1195310 6 1
1195324 1 1
1195340 4 1
1195356 3 1
1195364 14 -1
1195378 0 1
1195399 2 1
1195563 0 1
1195665 9 1
1195682 1 1
1195692 0 1
1195723 4 -1
1195762 3 -1
1195772 8 1
1195783 6 1
1195840 0 1
1195848 1 1
1195875 2 -1
1195939 0 -1
1195958 3 1
1195977 5 -1
1195987 12 -1
1195993 7 -1
1196017 1 1
1196106 2 1
1196170 3 1
1196173 0 -1
1196206 1 -1
1196219 10 -1
1196267 6 1
1196291 0 -1
1196342 2 -1
1196364 3 -1
1196396 4 -1
1196400 1 1
1196409 0 -1
1196471 5 -1
1196560 3 1
1196562 2 1
1196606 1 -1
1196639 0 1
1196659 6 -1
1196665 8 -1
1196751 4 1
1196751 7 1
1196757 0 1
1196783 9 1
1196791 1 1
1196815 2 1
1196842 3 1
1196881 0 1
1196922 5 1
1197035 6 1
1197041 2 -1
1197084 3 1
1197092 0 -1
1197093 4 -1
1197178 1 1
1197253 0 1
1197291 2 -1
1197347 1 -1
1197369 5 -1
1197396 0 -1
1197516 1 -1
1197552 0 1
1197589 10 1
1197600 12 1
1197616 3 1
1197664 6 -1
1197718 0 -1
1197750 2 -1
1197823 4 -1
1197831 0 -1
1197836 5 1
1197850 3 1
1197912 1 -1
1197922 9 -1
1197929 0 1
1197979 2 1
1198062 3 1
1198109 1 -1
1198157 4 -1
1198194 0 -1
1198202 17 1
1198207 2 -1
1198242 7 1
1198290 1 -1
1198320 5 -1
1198347 0 1
1198452 3 1
1198481 0 1
1198516 4 1
1198610 6 1
1198661 1 -1
1198664 3 1
1198686 2 1
1198704 0 1
1198718 22 -1
1198718 8 -1
1198836 5 -1
1198843 1 1
1198857 3 -1
1198883 4 -1
1198886 0 1
1198922 2 -1
1198927 10 -1
1198952 7 -1
1198976 16 -1
1199008 0 1
1199018 11 1
1199044 1 -1
1199083 6 1
1199142 2 1
1199230 1 1
1199266 3 1
1199279 0 1
1199286 4 1
1199375 1 -1
1199402 0 1
1199459 3 -1
1199492 14 -1
1199500 0 -1
1199545 6 1
1199560 1 1
1199621 2 -1
1199621 8 1
1199626 0 -1
1199629 4 -1
1199656 3 1
1199750 13 -1
1199750 7 -1
1199750 0 -1
1199754 1 -1
1199771 5 -1
1199848 0 1
1199857 2 1
1199922 15 1
1199922 31 -1
1199973 0 1
1199999 4 -1
1200096 2 -1
1200136 1 -1
1200158 3 1
1200185 0 -1
1200206 5 1
1200244 9 1
1200282 10 1
1200295 0 1
1200318 1 1
1200394 3 1
1200460 0 1
1200487 1 1
1200550 2 -1
1200615 3 -1
1200631 8 1
1200642 6 -1
1200663 5 -1
1200701 4 1
1200749 0 1
1200795 2 -1
1200862 1 1
1200900 0 1
1200954 18 1
1200975 11 1
1201011 4 1
1201023 2 1
1201045 0 -1
1201060 1 -1
1201080 7 1
1201082 3 1
1201104 9 -1
1201211 6 1
1201249 1 1
1201303 3 -1
1201308 0 -1
1201402 4 -1
1201432 0 1
1201486 2 1
1201528 3 1
1201537 0 -1
1201561 5 -1
1201637 0 1
1201644 1 1
1201730 2 1
1201738 6 1
1201754 0 1
1201781 10 -1
1201813 7 -1
1201840 1 1
1201872 0 -1
1201964 2 -1
1201991 3 -1
1202001 1 1
1202023 0 -1
1202028 5 1
1202071 4 1
1202192 1 -1
1202308 3 1
1202308 0 1
1202329 25 -1
1202370 1 -1
1202421 2 -1
1202437 9 -1
1202458 13 1
1202480 8 1
1202482 4 1
1202491 0 1
1202523 5 -1
1202523 7 1
1202528 3 -1
1202575 1 -1
1202590 0 -1
1202620 6 1
1202673 12 -1
1202673 2 -1
1202744 1 -1
1202829 4 1
1202856 0 -1
1202899 2 1
1202974 6 1
1202996 3 1
1203015 0 1
1203060 11 1
1203115 1 -1
1203165 0 -1
1203216 3 -1
1203285 1 -1
1203313 10 -1
1203375 2 -1
1203442 3 1
1203446 1 -1
1203458 5 1
1203458 0 1
1203469 8 1
1203490 17 -1
1203510 4 -1
1203544 6 -1
1203563 0 -1
1203603 2 1
1203619 14 -1
1203684 3 1
1203684 0 -1
1203821 4 -1
1203821 0 -1
1203821 1 1
1203834 2 -1
1203904 3 -1
1203920 5 -1
1203979 0 1
1204010 1 1
1204049 27 1
1204065 2 1
1204090 0 -1
1204124 6 1
1204130 3 1
1204135 7 -1
1204184 4 1
1204192 1 1
1204229 0 -1
1204310 2 1
1204329 12 -1
1204372 3 1
1204393 5 1
1204479 15 -1
1204522 8 1
1204542 4 -1
1204544 2 -1
1204560 0 1
1204562 1 -1
1204670 0 -1
1204716 10 1
1204721 6 -1
1204748 1 1
1204775 2 1
1204802 0 -1
1204818 3 1
1204861 7 1
1204881 4 -1
1204888 5 1
1204909 16 1
1204937 1 -1
1204995 9 1
1205060 3 1
1205113 6 1
1205124 0 1
1205145 1 -1
1205219 4 1
1205232 13 -1
1205232 2 1
1205280 3 -1
1205285 0 -1
1205328 1 -1
1205382 5 -1
1205452 0 -1
1205452 2 -1
1205522 1 1
1205546 4 1
1205570 7 -1
1205618 6 -1
1205695 1 1
1205704 2 -1
1205769 0 -1
1205839 5 1
1205847 3 1
1205922 0 1
1206050 1 -1
1206059 3 1
1206070 19 1
1206078 0 -1
1206180 2 1
1206242 0 1
1206253 3 -1
1206258 1 -1
1206285 21 -1
1206304 4 1
1206306 5 -1
1206336 7 -1
1206339 9 1
1206371 0 1
1206406 2 -1
1206443 1 1
1206513 0 1
1206608 8 1
1206618 6 -1
1206642 2 1
1206650 0 1
1206661 3 1
1206691 4 -1
1206788 1 -1
1206855 3 -1
1206922 0 -1
1206965 1 -1
1206973 11 -1
1207016 12 -1
1207029 0 1
1207051 3 1
1207054 4 1
1207078 7 1
1207080 6 -1
1207118 2 -1
1207170 1 -1
1207172 0 -1
1207209 5 -1
1207231 9 1
1207263 3 1
1207344 2 1
1207438 0 1
1207456 3 -1
1207521 10 1
1207533 1 -1
1207561 0 1
1207575 2 -1
1207575 8 -1
1207650 6 -1
1207666 3 1
1207682 0 1
1207715 1 -1
1207725 5 -1
1207779 4 1
1207811 2 1
1207844 7 -1
1207865 3 -1
1207880 1 1
1207989 0 1
1208032 2 -1
1208065 1 -1
1208099 0 -1
1208142 4 -1
1208204 5 -1
1208228 0 -1
1208263 9 1
1208267 1 1
1208284 2 -1
1208392 3 1
1208442 1 -1
1208510 2 1
1208525 4 -1
1208553 7 1
1208558 0 1
1208574 8 -1
1208596 6 -1
1208612 3 -1
1208618 1 -1
1208666 0 -1
1208784 0 -1
1208838 3 1
1208843 10 -1
1208865 11 1
1208982 1 -1
1208986 2 -1
1209026 0 -1
1209080 15 1
1209101 6 -1
1209150 1 -1
1209198 5 1
1209211 0 -1
1209222 2 1
1209238 4 -1
1209300 3 -1
1209327 1 -1
1209359 0 1
1209451 2 -1
1209526 3 1
1209531 8 1
1209542 6 1
1209553 9 -1
1209604 0 -1
1209617 4 1
1209649 5 -1
1209702 1 -1
1209768 3 1
1209778 0 -1
1209895 1 1
1209907 0 -1
1209924 2 1
1209948 4 1
1210089 1 -1
1210122 5 1
1210133 2 1
1210149 7 -1
1210214 3 1
1210216 0 1
1210324 0 -1
1210335 4 -1
1210391 2 1
1210407 10 -1
1210434 8 -1
1210456 3 1
1210462 1 -1
1210480 0 1
1210499 9 -1
1210590 0 1
1210633 6 -1
1210645 1 -1
1210676 3 -1
1210689 4 1
1210698 0 -1
1210808 0 1
1210830 1 1
1210859 7 1
1210859 2 1
1210885 11 1
1210902 3 1
1210907 13 1
1210950 0 1
1210972 12 1
1210972 16 1
1211004 4 1
1211014 5 1
1211092 2 -1
1211186 6 1
1211197 1 1
1211216 0 1
1211235 3 1
1211321 2 1
1211358 17 1
1211383 0 1
1211391 4 -1
1211395 1 -1
1211423 8 -1
1211434 3 -1
1211509 9 -1
1211514 5 1
1211536 0 -1
1211568 2 1
1211588 1 -1
1211600 7 -1
1211616 23 -1
1211643 3 -1
1211692 6 1
1211799 2 -1
1211864 0 1
1211874 14 -1
1211909 1 -1
1211987 5 -1
1212012 0 1
1212036 3 -1
1212036 2 1
1212088 1 1
1212132 4 1
1212186 0 1
1212245 3 -1
1212256 2 -1
1212272 1 -1
1212283 6 -1
1212397 0 1
1212439 3 1
1212476 8 -1
1212482 5 1
1212507 4 -1
1212538 0 -1
1212624 1 1
1212678 0 -1
1212734 2 1
1212799 6 -1
1212812 1 -1
1212834 0 1
1212842 7 -1
1212847 3 -1
1212878 4 1
1212966 2 -1
1212971 5 -1
1212975 1 -1
1212976 0 1
1213035 12 1
1213052 10 1
1213059 3 1
1213100 11 -1
1213121 0 -1
1213210 2 -1
1213272 3 1
1213280 0 1
1213378 1 1
1213449 5 -1
1213535 7 1
1213546 0 1
1213568 1 -1
1213616 6 1
1213640 4 1
1213659 9 1
1213661 3 1
1213672 2 -1
1213712 13 -1
1213719 0 1
1213749 1 1
1213852 5 -1
1213874 0 -1
1213918 1 1
1213922 2 -1
1213933 3 1
1213970 4 1
1214104 1 -1
1214118 0 -1
1214148 2 1
1214175 3 1
1214212 7 1
1214266 0 1
1214293 1 1
1214304 6 1
1214309 4 -1
1214379 0 -1
1214390 8 1
1214499 1 -1
1214594 0 -1
1214616 2 1
1214621 3 1
1214680 10 1
1214712 20 1
1214712 0 -1
1214734 9 1
1214809 5 1
1214822 0 -1
1214836 2 -1
1214837 1 1
1214863 3 1
1214927 11 1
1214935 0 1
1214942 4 -1
1214970 12 1
1215004 1 1
1215083 3 -1
1215088 2 -1
1215104 0 1
1215204 1 -1
1215217 5 1
1215236 0 1
1215317 2 1
1215325 4 1
1215357 8 -1
1215370 0 1
1215405 6 -1
1215543 2 -1
1215550 3 1
1215559 1 1
1215650 0 1
1215663 5 -1
1215712 4 -1
1215744 7 -1
1215754 1 -1
1215766 2 1
1215787 9 -1
1215808 6 1
1215825 0 1
1215841 3 1
1215934 1 -1
1215972 0 1
1216002 16 1
1216002 2 -1
1216074 4 1
1216077 3 1
1216099 10 -1
1216238 6 1
1216302 1 -1
1216308 0 -1
1216325 8 -1
1216346 14 1
1216421 13 1
1216429 7 1
1216454 4 -1
1216456 0 1
1216475 2 1
1216491 3 1
1216494 1 1
1216609 5 -1
1216623 0 1
1216690 3 -1
1216695 1 -1
1216701 2 -1
1216848 4 -1
1216889 1 1
1216900 3 -1
1216926 0 -1
1216951 2 -1
1217034 11 1
1217050 7 1
1217055 5 1
1217062 1 1
1217064 0 -1
1217170 0 1
1217171 4 -1
1217256 1 -1
1217260 6 1
1217292 3 -1
1217292 0 1
1217410 2 -1
1217429 0 1
1217441 1 1
1217496 5 -1
1217502 3 -1
1217528 9 1
1217585 0 -1
1217639 2 1
1217647 6 -1
1217695 3 1
1217698 0 1
1217776 7 -1
1217834 1 -1
1217867 2 -1
1217880 4 1
1217894 3 -1
1217894 15 1
1217937 19 1
1218005 1 -1
1218028 0 1
1218103 3 -1
1218152 6 -1
1218171 0 -1
1218191 1 1
1218275 4 -1
1218302 8 1
1218345 0 -1
1218346 2 1
1218361 3 -1
1218431 5 -1
1218437 7 -1
1218554 1 -1
1218582 2 -1
1218587 3 1
1218625 0 1
1218646 9 -1
1218699 4 -1
1218727 1 1
1218802 2 1
1218808 10 -1
1218813 0 1
1218840 18 1
1218894 5 1
1218922 1 -1
1218958 0 -1
1219055 11 1
1219055 2 1
1219141 3 1
1219162 7 1
1219194 6 -1
1219219 0 -1
1219280 2 -1
1219281 8 1
1219301 1 -1
1219334 3 -1
1219356 0 -1
1219388 4 1
1219399 12 1
1219409 5 1
1219473 1 -1
1219509 0 1
1219530 3 1
1219530 2 -1
1219654 1 1
1219662 0 -1
1219700 6 -1
1219743 2 -1
1219751 4 -1
1219786 0 -1
1219833 1 -1
1219850 9 1
1219856 7 -1
1219861 5 -1
1219896 0 -1
1219936 3 -1
1219980 1 1
1219997 0 1
1220101 4 1
1220132 3 1
1220140 6 1
1220174 1 -1
1220216 8 -1
1220218 2 1
1220234 0 -1
1220291 5 1
1220291 10 1
1220344 3 1
1220364 1 1
1220401 0 1
1220452 2 -1
1220474 14 1
1220511 0 -1
1220581 6 -1
1220694 2 1
1220713 0 1
1220734 3 1
1220734 1 -1
1220753 5 -1
1220812 0 -1
1220875 4 -1
1220920 1 1
1220946 3 1
1220949 0 -1
1221093 1 1
1221140 3 -1
1221146 2 1
1221210 4 -1
1221215 5 1
1221248 6 -1
1221250 0 1
1221290 12 1
1221291 16 -1
1221350 3 1
1221363 7 1
1221390 2 1
1221420 0 1
1221472 1 1
1221530 0 -1
1221540 4 1
1221592 3 1
1221624 2 -1
1221686 1 1
1221688 6 1
1221720 0 1
1221812 3 -1
1221858 0 1
1221871 10 1
1221879 4 -1
1221879 1 -1
1221936 15 -1
1221973 0 1
1222038 3 1
1222064 7 1
1222075 5 -1
1222081 2 -1
1222098 0 1
1222108 9 1
1222129 6 -1
1222129 13 -1
1222129 8 1
1222222 1 1
1222226 4 -1
1222293 0 1
1222333 2 -1
1222405 1 -1
1222416 0 1
1222500 3 -1
1222535 0 1
1222559 2 1
1222564 4 1
1222591 5 -1
1222596 1 1
1222726 3 1
1222774 0 1
1222790 7 -1
1222790 2 -1
1222871 0 -1
1222919 4 -1
1222967 3 1
1222976 1 1
1223026 0 1
1223032 5 1
1223034 2 -1
1223096 11 -1
1223149 1 1
1223182 6 1
1223193 8 1
1223225 22 -1
1223263 2 1
1223268 9 -1
1223290 10 -1
1223326 1 -1
1223338 0 1
1223413 3 1
1223467 0 1
1223483 12 1
1223494 2 -1
1223569 6 -1
1223577 0 -1
1223644 4 -1
1223690 0 1
1223693 1 1
1223752 3 1
1223798 0 -1
1223902 1 1
1223905 0 -1
1223970 2 1
1223988 5 1
1223999 24 1
1224010 3 1
1224019 4 1
1224026 6 -1
1224026 0 -1
1224068 1 1
1224107 8 -1
1224201 7 -1
1224204 2 -1
1224257 0 1
1224394 4 -1
1224429 0 -1
1224435 2 1
1224445 1 1
1224451 5 -1
1224456 3 1
1224548 10 -1
1224569 0 1
1224623 9 -1
1224636 1 -1
1224698 3 1
1224793 1 -1
1224832 0 1
1224838 13 1
1224846 7 -1
1224859 6 1
1224913 2 -1
1224918 3 -1
1224945 0 -1
1224950 5 -1
1225043 0 1
1225128 8 -1
1225138 11 -1
1225139 2 1
1225144 3 1
1225144 4 -1
1225176 1 -1
1225289 17 1
1225300 6 -1
1225339 0 1
1225370 2 -1
1225375 12 1
1225382 1 -1
1225386 3 1
1225450 0 1
1225472 9 -1
1225483 7 -1
1225543 1 -1
1225555 4 -1
1225606 3 -1
1225628 0 1
1225704 1 -1
1225784 6 -1
1225832 3 1
1225840 2 1
1225859 5 -1
1225894 1 1
1225902 4 1
1225937 0 1
1226055 0 1
1226066 2 -1
1226079 1 1
1226128 10 -1
1226149 8 -1
1226176 0 1
1226235 15 1
1226269 1 1
1226294 3 -1
1226302 2 1
1226321 18 1
1226353 5 1
1226404 0 -1
1226523 0 -1
1226531 2 -1
1226611 3 1
1226619 0 1
1226631 4 1
1226636 1 1
1226719 6 1
1226778 2 -1
1226821 1 -1
1226832 3 -1
1226848 5 1
1226877 0 1
1226880 9 -1
1226966 7 -1
1226982 0 -1
1226998 1 1
1227002 4 -1
1227004 2 1
1227074 8 1
1227116 11 -1
1227143 0 1
1227202 6 1
1227224 16 -1
1227235 2 -1
1227321 10 -1
1227331 5 -1
1227377 3 1
1227385 4 1
1227385 1 1
1227452 0 1
1227525 12 -1
1227546 7 -1
1227558 1 -1
1227579 6 -1
1227589 3 1
1227611 13 -1
1227628 0 1
1227692 2 -1
1227737 0 1
1227744 1 1
1227783 3 -1
1227788 5 1
1227882 0 1
1227944 2 -1
1228011 0 1
1228084 8 1
1228107 1 -1
1228111 4 -1
1228119 0 -1
1228170 2 1
1228191 3 1
1228242 0 -1
1228288 5 1
1228299 9 -1
1228300 1 1
1228328 7 -1
1228385 3 -1
1228452 0 -1
1228478 1 -1
1228482 4 1
1228568 0 -1
1228581 3 1
1228646 2 -1
1228651 1 -1
1228688 0 -1
1228718 6 1
1228729 14 1
1228750 5 -1
1228793 3 1
1228840 1 1
1228868 4 -1
1228882 2 1
1228901 20 -1
1228979 0 1
1228981 7 -1
1228987 3 -1
1229034 1 -1
1229108 0 1
1229110 2 -1
1229191 6 1
1229196 3 1
1229239 0 1
1229249 1 -1
1229395 3 -1
1229417 19 -1
1229417 9 1
1229503 0 1
1229546 12 -1
1229554 4 1
1229583 2 1
1229618 0 -1
1229638 1 -1
1229642 7 -1
1229685 5 -1
1229790 0 -1
1229798 3 1
1229814 2 -1
1229832 1 1
1229879 6 1
1229930 0 -1
1229953 4 1
1229997 3 -1
1229997 10 1
1230017 1 -1
1230051 2 1
1230086 0 1
1230105 8 -1
1230207 3 -1
1230207 0 1
1230212 5 -1
1230328 4 -1
1230372 1 1
1230384 7 1
1230400 0 1
1230449 13 1
1230524 2 -1
1230558 1 -1
1230599 3 -1
1230610 5 -1
1230728 0 -1
1230744 2 1
1230751 1 1
1230809 3 -1
1230852 0 -1
1230943 6 -1
1230948 2 1
1230986 11 1
1231002 3 1
1231013 0 1
1231069 4 -1
1231130 1 1
1231158 7 -1
1231158 8 -1
1231244 0 -1
1231299 1 1
1231330 12 -1
1231352 10 -1
1231354 0 1
1231362 6 -1
1231395 9 1
1231404 4 1
1231411 3 -1
1231454 2 -1
1231485 1 -1
1231489 0 1
1231566 5 1
1231604 3 1
1231682 4 -1
1231685 2 1
1231694 1 -1
1231709 0 1
1231803 3 -1
1231865 0 -1
1231868 17 -1
1231870 1 -1
1231905 2 -1
1231943 6 -1
1231996 0 1
1232029 5 -1
1232029 1 -1
1232093 0 -1
1232109 3 1
1232147 8 1
1232214 1 1
1232246 0 1
1232351 3 1
1232373 0 1
1232384 2 1
1232426 9 1
1232484 4 1
1232504 0 1
1232534 5 -1
1232572 3 -1
1232589 1 -1
1232614 2 -1
1232617 7 1
1232757 0 1
1232782 1 -1
1232797 3 1
1232843 4 -1
1232851 10 -1
1232856 14 1
1232856 0 -1
1232859 2 -1
1232883 6 -1
1232952 1 -1
1232980 0 -1
1233050 11 1
1233093 13 -1
1233190 4 1
1233208 0 -1
1233259 3 -1
1233270 7 1
1233286 18 1
1233308 6 -1
1233321 2 -1
1233327 0 -1
1233345 1 1
1233432 0 1
1233485 3 1
1233506 1 1
1233507 5 1
1233550 2 1
1233560 4 -1
1233652 6 -1
1233665 1 1
1233673 9 -1
1233727 3 1
1233743 0 1
1233797 2 1
1233864 0 1
1233939 4 1
1233980 5 -1
1234004 7 -1
1234012 0 -1
1234028 2 -1
1234039 8 -1
1234048 1 1
1234146 0 1
1234173 3 1
1234234 1 -1
1234251 0 -1
1234264 2 1
1234306 4 -1
1234318 15 -1
1234367 0 -1
1234409 1 1
1234472 0 1
1234485 3 -1
1234485 2 -1
1234490 5 -1
1234665 4 1
1234673 6 -1
1234710 3 1
1234713 0 1
1234738 2 -1
1234774 1 -1
1234813 0 -1
1234926 0 -1
1234942 5 1
1234949 1 1
1234963 11 -1
1234985 8 1
1235128 1 1
1235149 0 1
1235173 3 -1
1235194 2 -1
1235200 6 1
1235272 0 1
1235377 5 -1
1235390 0 1
1235393 12 1
1235398 3 1
1235399 4 1
1235439 2 -1
1235447 7 1
1235487 1 1
1235511 10 1
1235592 6 -1
1235640 3 1
1235640 0 1
1235667 2 1
1235693 1 -1
1235745 0 -1
1235761 4 -1
1235780 9 1
1235802 5 -1
1235846 0 1
1235846 1 -1
1235861 3 -1
1235963 8 1
1235995 6 1
1236033 0 1
1236086 3 1
1236124 13 -1
1236130 2 1
1236146 0 -1
1236156 7 -1
1236180 4 -1
1236201 1 1
1236256 0 -1
1236318 5 -1
1236328 3 1
1236350 2 -1
1236374 0 -1
1236394 1 1
1236532 6 -1
1236549 3 -1
1236578 1 -1
1236600 2 -1
1236616 0 -1
1236722 0 1
1236836 0 1
1236850 7 1
1236882 4 -1
1236941 14 1
1236954 1 1
1237016 3 1
1237048 0 -1
1237059 2 -1
1237060 10 -1
1237081 9 1
1237142 1 -1
1237145 6 1
1237167 0 -1
1237240 4 1
1237274 5 -1
1237288 2 1
1237290 0 -1
1237306 3 1
1237329 1 1
1237511 1 1
1237513 0 1
1237516 2 -1
1237543 3 1
1237597 6 -1
1237611 4 -1
1237613 0 -1
1237698 1 -1
1237715 12 -1
1237726 0 -1
1237763 2 -1
1237769 5 -1
1237841 0 -1
1237890 1 1
1237908 8 -1
1237968 0 -1
1237994 2 1
1238059 16 -1
1238072 0 1
1238075 3 -1
1238095 1 -1
1238189 0 1
1238215 5 1
1238231 2 -1
1238236 7 1
1238268 3 1
1238341 4 -1
1238403 0 -1
1238451 2 1
1238464 1 -1
1238467 3 -1
1238478 6 -1
1238489 9 1
1238526 10 -1
1238532 15 -1
1238561 0 1
1238651 1 -1
1238676 4 -1
1238733 0 -1
1238833 13 1
1238837 1 1
1238854 8 1
1238865 7 1
1238870 3 1
1238930 2 -1
1238975 0 1
1239005 11 -1
1239058 6 1
1239066 4 -1
1239069 3 -1
1239080 0 -1
1239139 5 1
1239180 2 -1
1239196 0 -1
1239208 1 -1
1239220 17 1
1239279 3 -1
1239381 4 -1
1239392 2 -1
1239401 1 -1
1239429 0 -1
1239472 3 1
1239478 21 1
1239478 7 1
1239478 26 1
1239531 6 1
1239542 5 1
1239550 0 -1
1239590 1 1
1239647 0 1
1239650 12 -1
1239671 3 -1
1239746 0 -1
1239768 4 1
1239865 8 1
1239867 2 1
1239870 0 -1
1239897 3 -1
1239913 1 1
1239975 0 -1
1239977 5 -1
1240093 3 1
1240096 0 -1
1240096 2 -1
1240102 1 -1
1240139 4 -1
1240252 19 1
1240318 0 1
1240318 1 -1
1240343 2 -1
1240445 9 -1
1240453 4 -1
1240469 0 -1
1240472 6 -1
1240496 1 1
1240585 0 1
1240633 3 1
1240657 1 1
1240719 7 1
1240811 2 -1
1240850 1 -1
1240864 8 1
1240875 3 1
1240918 0 -1
1240950 6 -1
1240972 5 1
1241010 1 -1
1241036 2 1
1241050 0 -1
1241068 11 -1
1241069 14 1
1241095 3 -1
1241163 0 1
1241195 4 -1
1241219 10 1
1241278 2 -1
1241348 6 1
1241391 9 1
1241396 7 -1
1241412 1 1
1241418 5 -1
1241474 0 1
1241504 2 1
1241546 4 1
1241563 3 1
1241574 1 1
1241582 0 -1
1241697 0 -1
1241730 2 -1
1241767 1 -1
1241778 8 -1
1241783 3 -1
1241832 5 -1
1241856 4 1
1241939 0 -1
1241982 2 -1
1242009 3 1
1242037 0 1
1242114 1 1
1242186 7 -1
1242208 2 1
1242221 0 -1
1242251 6 -1
1242283 5 1
1242295 1 -1
1242444 9 -1
1242452 0 1
1242463 1 -1
1242471 3 -1
1242574 10 -1
1242638 0 1
1242654 4 -1
1242684 2 -1
1242697 3 1
1242724 8 1
1242756 5 -1
1242767 0 1
1242831 6 1
1242848 1 -1
1242912 2 1
1242939 11 1
1242944 3 1
1242992 4 1
1243019 1 -1
1243041 0 1
1243089 15 1
1243090 16 -1
1243143 2 -1
1243209 0 1
1243212 1 1
1243267 5 -1
1243272 6 1
1243359 4 -1
1243369 0 -1
1243388 1 1
1243466 3 -1
1243498 9 -1
1243567 1 -1
1243589 7 1
1243619 2 1
1243630 0 -1
1243662 3 1
1243724 5 1
1243745 8 1
1243750 1 -1
1243785 0 1
1243852 2 -1
1243874 3 1
1243906 6 -1
1243917 0 1
1243952 1 -1
1243992 10 1
1244035 0 1
1244049 4 1
1244084 2 1
1244170 7 1
1244170 0 1
1244207 12 -1
1244264 3 1
1244274 0 -1
1244339 1 1
1244371 4 1
1244379 9 -1
1244393 0 1
1244454 6 -1
1244476 3 1
1244524 1 -1
1244540 13 -1
1244562 2 -1
1244618 0 -1
1244664 5 -1
1244669 3 -1
1244694 1 -1
1244742 4 -1
1244758 0 1
1244766 11 -1
1244788 2 1
1244895 22 1
1244903 7 -1
1244927 0 1
1244992 6 1
1245019 2 -1
1245068 1 -1
1245078 3 1
1245088 5 -1
1245125 4 -1
1245185 0 1
1245196 14 1
1245254 1 1
1245285 0 -1
1245287 3 -1
1245368 9 -1
1245390 6 -1
1245433 0 1
1245435 1 1
1245443 4 -1
1245481 3 1
1245492 2 1
1245540 5 1
1245572 10 1
1245677 0 -1
1245691 8 -1
1245723 2 -1
1245794 1 1
1245795 0 -1
1245802 4 1
1245889 3 -1
1245892 0 1
1245954 2 1
1245976 1 1
1246009 0 1
1246083 3 1
1246112 0 -1
1246142 12 -1
1246161 1 -1
1246185 20 1
1246189 4 -1
1246244 0 -1
1246282 3 -1
1246357 9 -1
1246366 1 -1
1246395 7 -1
1246405 6 -1
1246424 2 -1
1246432 0 1
1246443 5 1
1246491 3 -1
1246564 1 1
1246583 8 1
1246653 2 1
1246685 3 1
1246690 0 -1
1246729 1 -1
1246787 6 1
1246795 0 -1
1246830 11 -1
1246884 3 -1
1246884 2 -1
1246894 5 -1
1246914 4 -1
1246919 0 -1
1246931 1 1
1246991 10 -1
1247045 18 -1
1247093 3 -1
1247139 0 1
1247168 7 -1
1247206 6 1
1247249 0 1
1247273 4 1
1247285 1 -1
1247340 2 -1
1247346 13 1
1247378 0 1
1247400 5 -1
1247469 1 1
1247486 3 -1
1247564 4 -1
