Input scale (32 bit):
 382293024
Input zero point:
 145
Hidden scale (32 bit):
 34014792
Hidden zero point:
 128
Weight input scale (32 bit):
 26252490
Weight input zero point:
 130
Weight hidden scale (32 bit):
 41474736
Weight hidden zero point:
 132
Output linear scale (32 bit):
 362750656
Output linear zero point:
 119
Output sigmoid r scale (32 bit):
 16843010
Output sigmoid r zero point:
 0
Output sigmoid z scale (32 bit):
 16843010
Output sigmoid z zero point:
 0
Output tanh n scale (32 bit):
 33686020
Output tanh n zero point:
 127
Output r_hn scale (32 bit):
 327611520
Output r_hn zero point:
 132
Output z_n scale (32 bit):
 33553920
Output z_n zero point:
 127
Output z_h scale (32 bit):
 33549756
Output z_h zero point:
 127
Scale ih (32 bit):
 27666782
Scale hh (32 bit):
 3889047
Scale r_hn (32 bit):
 18649566
Scale z_n (32 bit):
 16909320
Scale z_h (32 bit):
 17076472
Scale new_h_zn (32 bit):
 4236774144
Scale new_h_zh (32 bit):
 4236248320
Weight_ih (8 bit):
weight_ih[0] = {35, 25, -11, -1, 0, 33, 0, 47, 0, 0, -15, 74, -1, 31, -22, -1, 22, 0, 0, 20, -12, 0, -3, 0, -22, 9, -7, 0, 10, 0, 0, 0, -30, -5, 6, 0, 0, 0, -1, 0, 72, 0, 15, -19, 9, -50, -25, 0, 0, 11, 6, -7, -12, 0, -17, 2, 15, -3, 17, 10, 5, -15, 17, -18, -1, 15, -2, 0, 0, 39, 0, 9};
weight_ih[1] = {-5, 8, 17, -9, 0, 1, 0, 4, 0, 0, -5, 7, -2, 0, 7, -2, 7, 0, 0, -6, -4, 0, 14, 0, 6, 5, 3, 0, -1, 0, 0, 0, 4, 4, -1, 0, 0, 0, 1, 0, 5, 0, 8, 5, 6, -4, 6, 0, 0, 4, 11, 1, 0, 0, 11, -2, 0, 1, 0, 14, 6, -1, 7, 8, 3, 11, 0, 0, -1, -6, 0, -2};
weight_ih[2] = {-4, -14, 20, 2, 0, -14, 0, -7, 0, 0, -11, -12, 24, 8, 46, 10, -8, 0, 0, -27, -8, 0, -39, 0, 21, 4, 37, 0, -14, 0, 0, 0, 58, 3, -2, 0, 0, 0, -6, 0, -34, 0, -18, 15, 18, -25, 11, 0, 0, 16, 13, 16, -8, 0, 12, -41, 11, -6, 6, 1, -30, -28, 17, 0, 13, -8, -3, 0, 6, 17, 0, -68};
weight_ih[3] = {-23, 13, 6, 13, 0, 34, 0, 37, 0, 0, 21, -45, 5, -14, 10, 2, 22, 0, 0, 3, 28, 0, -6, 0, -35, 8, 26, 0, 6, 0, 0, 0, 18, -11, -11, 0, 0, 0, 1, 0, -38, 0, -9, 1, 22, -1, 2, 0, 0, -3, 28, -5, 6, 0, 14, 9, 7, 1, 10, -11, 15, -10, 5, 16, -6, 6, -1, 0, 23, 5, 0, 20};
weight_ih[4] = {-20, -7, -10, -13, 0, -34, 0, -19, 0, 0, 9, -5, -17, -17, 58, -23, 32, 0, 0, -56, 2, 0, -18, 0, -12, -4, 25, 0, 0, 0, 0, 0, -8, -9, 67, 0, 0, 0, -2, 0, 32, 0, 7, 4, 13, 1, 12, 0, 0, -21, 17, -9, 2, 0, 7, -25, -15, -4, 22, -14, -5, -28, 0, 7, 5, -18, 0, 0, -25, 24, 0, -52};
weight_ih[5] = {1, 2, 10, 0, 0, -1, 0, 5, 0, 0, 0, 4, 2, 1, 4, 1, 6, 0, 0, -2, 2, 0, 3, 0, 10, 4, 3, 0, -2, 0, 0, 0, -3, 2, 1, 0, 0, 0, 0, 0, 5, 0, 5, 5, 11, 8, 2, 0, 0, -2, 4, 3, 4, 0, 1, -2, 4, -1, -1, 9, 0, -1, 1, 4, 0, -2, -1, 0, 0, 2, 0, -1};
weight_ih[6] = {4, -6, 2, -16, 0, 1, 0, -12, 0, 0, 9, 9, 11, -3, 43, 1, 38, 0, 0, 7, -2, 0, -14, 0, -2, 16, 9, 0, -1, 0, 0, 0, 6, -7, 0, 0, 0, 0, 0, 0, 26, 0, -32, -3, -3, 51, 7, 0, 0, -2, 18, -4, -1, 0, 11, 23, 13, 0, 4, 6, 4, 2, 9, 9, -8, -27, 0, 0, -8, -3, 0, -1};
weight_ih[7] = {-3, 10, 24, -8, 0, -3, 0, 0, 0, 0, 13, -14, 49, -26, 15, 26, -3, 0, 0, 33, 52, 0, 10, 0, -18, 7, -19, 0, -4, 0, 0, 0, 3, -5, 12, 0, 0, 0, 0, 0, -21, 0, 26, -13, 33, 37, -6, 0, 0, 26, -17, -14, 7, 0, -3, 18, -1, 0, 7, 37, 4, 8, -8, 15, 1, 0, -1, 0, -5, -7, 0, -11};
weight_ih[8] = {-27, 10, -26, -9, 0, -18, 0, 27, 0, 0, 3, 107, -20, 17, 87, 7, 0, 0, 0, 38, 4, 0, -17, 0, 10, 16, 8, 0, 28, 0, 0, 0, 43, 10, 15, 0, 0, 0, 3, 0, -16, 0, 23, -2, -4, 16, 18, 0, 0, 3, -18, 6, 48, 0, -17, 1, -13, 6, -17, -15, 0, 20, 31, 13, 5, 24, 5, 0, -10, 5, 0, -2};
weight_ih[9] = {3, -14, 21, 3, 0, 5, 0, -6, 0, 0, 5, 2, -5, -21, 19, 9, -14, 0, 0, -4, 2, 0, -5, 0, -1, -8, 5, 0, 5, 0, 0, 0, -4, -2, -13, 0, 0, 0, -7, 0, -34, 0, 13, -2, -20, 13, -7, 0, 0, -27, -12, -8, -15, 0, 34, 15, -8, -7, 0, 19, -14, 15, 22, -1, 2, -14, -5, 0, 17, 4, 0, 2};
weight_ih[10] = {-23, 10, 29, -1, 0, -1, 0, 0, 0, 0, 22, -7, 7, -8, 7, -1, -9, 0, 0, 5, 7, 0, -6, 0, 8, 13, -11, 0, -8, 0, 0, 0, 1, 2, -3, 0, 0, 0, -3, 0, -28, 0, 7, 3, -3, 36, 17, 0, 0, 4, 21, -13, -1, 0, -7, 3, -10, -4, 7, 11, 4, 0, 12, 19, 3, -7, -2, 0, 4, 3, 0, -3};
weight_ih[11] = {0, 3, 10, -1, 0, -2, 0, 4, 0, 0, 0, 4, 3, 1, 4, 2, 6, 0, 0, -3, 2, 0, 3, 0, 10, 4, 2, 0, -2, 0, 0, 0, -3, 2, 1, 0, 0, 0, -1, 0, 6, 0, 5, 5, 11, 9, 3, 0, 0, -3, 5, 2, 4, 0, 0, -3, 3, -1, -1, 9, 1, -1, 1, 4, 0, -1, -1, 0, -1, 2, 0, -1};
weight_ih[12] = {2, 5, 7, -7, 0, 4, 0, -2, 0, 0, 10, 15, 0, -5, 6, 11, -9, 0, 0, 5, 9, 0, -13, 0, 10, 7, -8, 0, 1, 0, 0, 0, -1, 8, -2, 0, 0, 0, -5, 0, -5, 0, 13, 16, 2, 33, 15, 0, 0, 4, -5, -1, 1, 0, 3, 1, 6, -7, -1, 10, 3, 1, 4, 10, 4, -7, -6, 0, 0, 0, 0, -8};
weight_ih[13] = {-15, 2, 10, 1, 0, -9, 0, -5, 0, 0, -29, -9, 6, -11, 13, 18, 21, 0, 0, -12, 17, 0, -11, 0, 18, 10, -28, 0, 3, 0, 0, 0, -8, 7, 0, 0, 0, 0, -3, 0, 13, 0, 3, 16, -29, 38, 7, 0, 0, -1, 3, -10, -13, 0, 1, -1, -14, -5, 15, -13, 12, 2, 2, 14, -4, -16, -3, 0, 2, 4, 0, 11};
weight_ih[14] = {-2, 4, 9, -18, 0, -1, 0, -9, 0, 0, 11, -10, 11, -4, 0, -4, 0, 0, 0, 8, 8, 0, -1, 0, 4, 7, -12, 0, -10, 0, 0, 0, -7, 1, 0, 0, 0, 0, -9, 0, -1, 0, -4, 7, -6, 27, 1, 0, 0, 2, -6, -2, 8, 0, 0, 12, -5, -9, 2, 11, -4, 4, 6, 3, -2, -12, -2, 0, 10, 6, 0, 7};
weight_ih[15] = {1, 3, 10, -3, 0, -4, 0, 4, 0, 0, -1, 3, 3, 2, 4, 2, 6, 0, 0, -5, 2, 0, 3, 0, 8, 4, 2, 0, -1, 0, 0, 0, 1, 2, 2, 0, 0, 0, 0, 0, 6, 0, 5, 5, 10, 8, 5, 0, 0, -3, 5, 2, 3, 0, 1, -4, 2, -1, -2, 9, 1, -1, 1, 4, 0, -1, 0, 0, -1, 2, 0, -2};
weight_ih[16] = {-17, 11, -42, -5, 0, -35, 0, -23, 0, 0, 11, 11, -4, -3, 26, 9, 21, 0, 0, 23, -1, 0, 21, 0, -6, 11, 11, 0, 12, 0, 0, 0, 0, 9, 2, 0, 0, 0, -4, 0, 12, 0, 18, 32, -23, 49, 3, 0, 0, -9, 9, -8, 20, 0, 20, 2, -8, -3, 15, -21, 2, -10, 20, 24, 4, 17, -2, 0, 4, 28, 0, -2};
weight_ih[17] = {0, 3, 11, 0, 0, -2, 0, 5, 0, 0, 0, 4, 3, 1, 5, 1, 6, 0, 0, -2, 1, 0, 3, 0, 10, 4, 3, 0, -2, 0, 0, 0, -3, 1, 1, 0, 0, 0, -1, 0, 5, 0, 5, 5, 11, 9, 2, 0, 0, -2, 5, 2, 4, 0, 1, -2, 3, -1, -1, 8, 0, -1, 0, 4, 0, -2, -1, 0, 0, 2, 0, -1};
weight_ih[18] = {0, 3, 11, 0, 0, -2, 0, 5, 0, 0, 1, 3, 3, 2, 4, 1, 6, 0, 0, -3, 2, 0, 3, 0, 10, 4, 3, 0, -4, 0, 0, 0, -5, 1, 1, 0, 0, 0, -2, 0, 6, 0, 5, 6, 11, 8, 0, 0, 0, -3, 6, 2, 5, 0, 0, -1, 4, -3, -1, 9, -1, -1, 1, 4, 0, -4, -2, 0, -1, 2, 0, -2};
weight_ih[19] = {2, 35, 10, -13, 0, -20, 0, -14, 0, 0, 26, 59, -38, -27, 28, 4, -25, 0, 0, 14, 17, 0, 24, 0, 25, 17, 1, 0, 3, 0, 0, 0, 26, 30, -14, 0, 0, 0, 3, 0, 6, 0, 34, 32, -11, -7, 40, 0, 0, -40, 23, 3, 15, 0, 56, 2, 12, 2, 21, 3, -2, -11, -4, 22, 4, 6, 0, 0, -26, 2, 0, 5};
weight_ih[20] = {6, -4, 9, 12, 0, 1, 0, 10, 0, 0, 10, 11, 20, -4, 12, 1, 1, 0, 0, 10, 3, 0, -6, 0, 8, -4, 8, 0, -5, 0, 0, 0, 2, 0, -2, 0, 0, 0, 5, 0, -8, 0, -3, -6, 18, 29, 4, 0, 0, 0, 10, -1, 9, 0, 9, 11, 8, 4, 16, 4, 11, -3, -3, 5, 1, 0, 4, 0, 5, -10, 0, -3};
weight_ih[21] = {8, 6, 41, 15, 0, 17, 0, 4, 0, 0, 18, 18, 49, 5, -45, 17, -32, 0, 0, 0, 25, 0, -11, 0, 2, 17, 19, 0, 14, 0, 0, 0, 18, 2, -13, 0, 0, 0, -1, 0, -39, 0, 25, 9, 50, -51, 13, 0, 0, 28, 6, 4, -32, 0, 14, 29, -19, -3, -2, 46, 23, 3, 16, 36, 5, 11, -1, 0, 17, 28, 0, 9};
weight_ih[22] = {3, -22, -14, -16, 0, -15, 0, -5, 0, 0, 10, -17, 27, 5, 29, 2, 27, 0, 0, -23, 6, 0, 13, 0, -54, -16, 5, 0, -24, 0, 0, 0, 6, -5, 4, 0, 0, 0, -12, 0, 26, 0, -2, -11, 27, 85, -23, 0, 0, -48, 33, 6, 12, 0, -25, 21, 0, -12, 16, -6, -42, 13, -16, -31, -11, -30, -5, 0, -9, -26, 0, -4};
weight_ih[23] = {0, 3, 11, 0, 0, -2, 0, 5, 0, 0, 0, 4, 2, 2, 4, 1, 5, 0, 0, -3, 1, 0, 3, 0, 11, 4, 3, 0, -2, 0, 0, 0, -4, 1, 1, 0, 0, 0, -1, 0, 6, 0, 5, 5, 11, 8, 2, 0, 0, -3, 5, 3, 4, 0, 0, -2, 4, -2, -1, 8, -1, -1, 1, 4, 0, -2, -1, 0, 0, 2, 0, -2};
weight_ih[24] = {11, -9, -23, 9, 0, 40, 0, -1, 0, 0, 12, 6, 4, -16, 0, -24, 6, 0, 0, 34, -15, 0, -24, 0, -9, -9, 0, 0, 13, 0, 0, 0, 6, 2, 6, 0, 0, 0, -3, 0, -1, 0, 30, 0, 28, -11, -34, 0, 0, 15, -21, -4, 24, 0, 18, 37, -13, -5, 14, 30, 24, -8, -1, -18, -4, -8, -2, 0, 32, 1, 0, -11};
weight_ih[25] = {3, -2, 31, -7, 0, -14, 0, -21, 0, 0, 4, -7, -13, 7, -34, -29, -40, 0, 0, -24, -15, 0, -13, 0, -13, 3, -1, 0, 19, 0, 0, 0, 22, -13, 1, 0, 0, 0, -2, 0, 11, 0, 11, 0, 27, -70, 5, 0, 0, -18, 6, -1, -25, 0, 2, 4, -11, -3, -14, 6, -33, -9, 35, -36, 13, -16, 1, 0, 8, 44, 0, -33};
weight_ih[26] = {-2, 5, 8, 4, 0, -3, 0, 7, 0, 0, -18, -8, 2, 1, 6, 4, 16, 0, 0, -13, -6, 0, 9, 0, 5, 3, 10, 0, -4, 0, 0, 0, -3, 6, 5, 0, 0, 0, -2, 0, 5, 0, 3, 0, -5, -37, 1, 0, 0, -3, 9, -3, -9, 0, -2, -1, -1, -2, -7, -6, -1, 2, 0, 4, 1, 6, -1, 0, -5, 1, 0, -2};
weight_ih[27] = {-7, 6, 40, -20, 0, -5, 0, 10, 0, 0, -2, 1, 12, 0, 0, -3, 14, 0, 0, 4, -2, 0, 13, 0, 10, 9, 8, 0, -4, 0, 0, 0, 4, 3, 0, 0, 0, 0, 1, 0, 1, 0, 0, 4, 11, -9, 6, 0, 0, 5, 4, 1, 8, 0, 6, 1, -6, 2, -2, 27, 6, 1, 2, 3, -11, 2, 1, 0, 4, -14, 0, 1};
weight_ih[28] = {0, 3, 10, 0, 0, -2, 0, 5, 0, 0, 0, 3, 2, 2, 4, 1, 6, 0, 0, -3, 1, 0, 3, 0, 10, 4, 3, 0, -2, 0, 0, 0, -4, 1, 1, 0, 0, 0, -1, 0, 6, 0, 5, 6, 11, 9, 2, 0, 0, -3, 6, 2, 4, 0, 0, -2, 3, -2, -1, 9, 0, -1, 1, 4, 0, -2, -1, 0, 0, 3, 0, -1};
weight_ih[29] = {0, 3, 10, 0, 0, -2, 0, 4, 0, 0, 0, 3, 2, 2, 4, 1, 5, 0, 0, -4, 1, 0, 3, 0, 10, 4, 3, 0, -2, 0, 0, 0, -3, 2, 1, 0, 0, 0, -1, 0, 5, 0, 5, 5, 12, 8, 2, 0, 0, -3, 5, 3, 5, 0, 0, -2, 4, -1, -1, 9, 0, -1, 1, 5, 0, -1, -1, 0, -1, 2, 0, -2};
weight_ih[30] = {42, 3, 43, 3, 0, 10, 0, 7, 0, 0, -5, -4, 11, -56, 15, -6, 22, 0, 0, 27, -4, 0, -2, 0, -64, 21, 13, 0, 5, 0, 0, 0, 11, -3, 5, 0, 0, 0, 1, 0, 49, 0, -17, 16, 13, -57, 45, 0, 0, 21, 32, -4, -12, 0, 76, -17, 24, 1, -14, 35, -44, 21, 10, 12, 3, 3, 0, 0, 18, -48, 0, 16};
weight_ih[31] = {19, -13, 1, 16, 0, -4, 0, 6, 0, 0, 3, 28, 19, -3, 6, 21, 4, 0, 0, -8, 11, 0, -9, 0, -18, -7, -18, 0, 17, 0, 0, 0, 3, -12, -4, 0, 0, 0, 4, 0, -1, 0, 6, -32, -16, 52, -4, 0, 0, -41, 8, 0, -26, 0, -21, -13, 1, 5, 0, 8, 20, 7, -4, -2, -7, -36, 0, 0, -15, -3, 0, -7};
weight_ih[32] = {4, 12, 28, 3, 0, 15, 0, 13, 0, 0, -2, 31, -17, 0, -1, -2, 8, 0, 0, 5, -6, 0, 8, 0, 1, 12, -1, 0, 19, 0, 0, 0, 10, 10, -4, 0, 0, 0, 6, 0, 12, 0, -2, 14, -3, -7, 8, 0, 0, 15, -9, 14, -11, 0, 24, 9, 1, 7, -14, 0, -7, 12, 14, 13, 9, 23, 5, 0, -14, 8, 0, 7};
weight_ih[33] = {4, -2, 6, -17, 0, 4, 0, -2, 0, 0, 7, -6, 14, -1, -10, -5, 3, 0, 0, 9, 3, 0, -7, 0, 3, 1, 3, 0, -6, 0, 0, 0, -12, -3, -1, 0, 0, 0, 0, 0, 2, 0, -22, 1, 27, 27, 9, 0, 0, -2, -9, 5, 8, 0, 11, 3, 15, 0, 2, 14, -1, 0, 6, 7, 7, -1, 1, 0, 8, -6, 0, 12};
weight_ih[34] = {-14, 22, 84, 6, 0, 4, 0, 21, 0, 0, -20, -46, 31, 24, -37, -12, 11, 0, 0, -3, -35, 0, 28, 0, 15, 29, 22, 0, 27, 0, 0, 0, 19, -1, -11, 0, 0, 0, -5, 0, -47, 0, -2, 1, 60, -100, 41, 0, 0, -2, 34, -17, 12, 0, 23, 9, -21, -10, 23, 52, 22, -4, -17, 49, -30, -8, -7, 0, 3, -1, 0, -9};
weight_ih[35] = {-5, -3, -12, 10, 0, -1, 0, -9, 0, 0, -10, 5, 30, 5, 34, -11, 40, 0, 0, 52, -7, 0, -5, 0, -3, -1, -3, 0, 1, 0, 0, 0, 6, 2, -1, 0, 0, 0, 0, 0, -12, 0, -9, 11, -24, 8, 8, 0, 0, 4, 13, 2, -22, 0, -4, 5, 4, -2, -17, 6, 4, 7, 5, -5, 2, -7, -2, 0, 30, -6, 0, 15};
weight_ih[36] = {-2, 5, 19, -13, 0, -4, 0, 6, 0, 0, -2, 2, 4, 0, 4, -4, 2, 0, 0, 0, 0, 0, 7, 0, 5, 3, 4, 0, -6, 0, 0, 0, 4, 1, 1, 0, 0, 0, -6, 0, 6, 0, 0, 7, 11, 3, 9, 0, 0, 4, 1, -2, 3, 0, 13, 0, 1, -7, -1, 12, -1, -1, 9, 8, 2, 1, -1, 0, 1, 4, 0, -1};
weight_ih[37] = {20, 8, 2, 2, 0, -2, 0, -28, 0, 0, 1, -27, 1, -14, -15, 7, -30, 0, 0, -11, 2, 0, -20, 0, 45, 25, -9, 0, -7, 0, 0, 0, 43, 4, 1, 0, 0, 0, -1, 0, -8, 0, -11, 4, -22, 26, 12, 0, 0, -13, -14, 5, 18, 0, 9, 6, 2, -4, 9, -14, -29, 4, 5, 8, -7, 1, -2, 0, -16, 23, 0, -4};
weight_ih[38] = {-14, 3, 4, 3, 0, -5, 0, 4, 0, 0, -7, -22, -2, -6, -5, -28, -4, 0, 0, -27, 16, 0, -11, 0, 0, 7, -3, 0, -24, 0, 0, 0, -3, 0, 2, 0, 0, 0, -1, 0, -6, 0, -30, 13, 7, 6, 11, 0, 0, 9, -6, -5, 6, 0, 7, 0, 17, -2, -7, 18, 11, 11, 10, 15, 10, 12, -1, 0, -5, 10, 0, 0};
weight_ih[39] = {30, -21, 4, 4, 0, -14, 0, -3, 0, 0, 29, -21, 19, 3, 8, -35, 31, 0, 0, 10, 5, 0, -19, 0, 5, 1, 37, 0, 8, 0, 0, 0, 8, -3, 11, 0, 0, 0, 1, 0, 42, 0, 7, 10, 21, 39, 8, 0, 0, -10, 18, -2, -7, 0, 36, 12, 22, -1, -5, 37, 22, 1, 9, -3, -3, 12, -3, 0, -4, 6, 0, -28};
weight_ih[40] = {-26, -9, 15, -1, 0, -2, 0, 5, 0, 0, -32, 19, 11, -22, 35, 29, -37, 0, 0, 32, 40, 0, 7, 0, -5, -5, 21, 0, -4, 0, 0, 0, -13, -4, -12, 0, 0, 0, -6, 0, -42, 0, 19, -8, -11, -18, -5, 0, 0, 9, 3, -17, -3, 0, 13, 11, -21, -7, -11, -12, -3, 1, 3, -4, 1, 4, -4, 0, 21, -6, 0, -11};
weight_ih[41] = {27, -19, -25, -2, 0, -16, 0, 40, 0, 0, 30, -3, 47, 3, -35, -33, 40, 0, 0, -4, -47, 0, 3, 0, -6, -14, 20, 0, -32, 0, 0, 0, 6, 7, -17, 0, 0, 0, 3, 0, -34, 0, -31, -16, 7, -38, -21, 0, 0, 18, -19, 6, -10, 0, -11, -8, 10, 1, -6, 25, -12, 4, -5, -2, -3, 29, 1, 0, -14, -15, 0, -32};
weight_ih[42] = {-18, 8, 21, 8, 0, 4, 0, -3, 0, 0, -10, -5, 14, 0, -4, -2, 9, 0, 0, 15, -1, 0, 3, 0, 7, 11, -1, 0, 3, 0, 0, 0, 11, 4, -5, 0, 0, 0, 3, 0, -12, 0, -18, 6, 2, -17, 12, 0, 0, 20, -9, -3, -4, 0, -4, -1, -16, 4, -9, 17, -1, -17, -4, 17, -15, 6, 1, 0, 10, -10, 0, 7};
weight_ih[43] = {12, 7, 33, 18, 0, 18, 0, 18, 0, 0, 19, 5, -12, -6, -8, 22, -9, 0, 0, 14, 1, 0, 2, 0, -2, 12, -18, 0, 19, 0, 0, 0, 10, 5, 11, 0, 0, 0, 13, 0, 17, 0, 30, 17, -5, -57, 18, 0, 0, 6, -10, 3, -27, 0, 0, 4, -2, 12, -4, -7, 13, -6, 9, 8, 9, 16, 6, 0, 16, 2, 0, 5};
weight_ih[44] = {23, -4, 22, 18, 0, 17, 0, -11, 0, 0, 49, -30, 15, -21, -38, 25, 4, 0, 0, 11, 36, 0, 13, 0, 12, 3, -2, 0, -1, 0, 0, 0, -35, 10, -20, 0, 0, 0, 1, 0, 16, 0, -18, 7, 30, -16, -2, 0, 0, 25, 6, 17, 2, 0, 19, 16, 35, 1, 10, -4, -4, 41, -4, 5, 7, 3, 1, 0, -28, 2, 0, -2};
weight_ih[45] = {-1, 8, 38, 2, 0, -6, 0, -11, 0, 0, -20, 20, 22, 14, 60, -3, 37, 0, 0, 17, -21, 0, 19, 0, -20, 13, -16, 0, 17, 0, 0, 0, -7, 4, 3, 0, 0, 0, -2, 0, 32, 0, -6, 11, 20, -38, 6, 0, 0, 12, 7, 2, 45, 0, 29, -20, -10, -1, 17, 50, -5, -32, 2, 3, 0, -10, -2, 0, 32, 9, 0, 3};
weight_ih[46] = {30, -3, 14, 3, 0, 2, 0, 9, 0, 0, 5, 1, -22, -18, -9, 2, 38, 0, 0, 23, -15, 0, 12, 0, -1, 13, -16, 0, 11, 0, 0, 0, 4, -7, -28, 0, 0, 0, 3, 0, 27, 0, -47, 17, 19, -43, 32, 0, 0, 7, -10, 10, -8, 0, 23, -15, -15, 6, -3, 16, -15, -2, -17, 26, 0, 5, 4, 0, -14, -9, 0, 6};
weight_ih[47] = {-25, 19, 86, 12, 0, 31, 0, 0, 0, 0, -4, -4, -6, -15, 7, 6, 8, 0, 0, -7, -3, 0, 26, 0, 17, 22, 22, 0, -15, 0, 0, 0, -7, 8, 4, 0, 0, 0, 3, 0, -12, 0, 9, 7, 27, -42, 21, 0, 0, 33, 31, -4, 5, 0, 22, 38, -9, 1, 14, 51, 12, -1, 17, 28, 10, -2, -2, 0, 16, 15, 0, -8};
weight_ih[48] = {19, 5, 1, 29, 0, 83, 0, 18, 0, 0, 17, -38, 19, 14, -23, -6, -20, 0, 0, 45, 5, 0, 5, 0, 13, -4, 5, 0, 18, 0, 0, 0, -1, -7, -6, 0, 0, 0, 0, 0, -2, 0, -6, 6, -16, -6, 8, 0, 0, 52, -1, 6, 16, 0, 55, 88, 15, -1, 0, -28, 33, 22, 4, 5, -5, 17, -1, 0, 31, 0, 0, 33};
weight_ih[49] = {22, 2, 6, -12, 0, 16, 0, -20, 0, 0, 53, -20, -8, -2, -7, 15, 20, 0, 0, -14, -7, 0, 4, 0, -7, 12, -7, 0, 1, 0, 0, 0, -6, 0, -7, 0, 0, 0, -7, 0, -6, 0, -2, 4, 0, 1, 10, 0, 0, 4, 44, -10, -4, 0, -16, -22, -14, -10, -3, -9, -36, -10, -3, 6, -4, -26, -4, 0, -6, 17, 0, -6};
weight_ih[50] = {5, 8, 46, 0, 0, 12, 0, -27, 0, 0, 18, 23, -24, -9, 12, 4, -38, 0, 0, 11, 12, 0, -3, 0, -11, 26, -52, 0, 29, 0, 0, 0, 34, -4, 0, 0, 0, 0, -7, 0, 25, 0, 6, 1, -37, 5, 89, 0, 0, 39, -16, -23, -2, 0, -35, 3, 32, -5, -20, 7, 21, -15, -16, 64, -1, -37, -4, 0, -16, -11, 0, -11};
weight_ih[51] = {11, 45, 38, 0, 0, 7, 0, 18, 0, 0, 30, 38, 38, 44, 77, 0, 23, 0, 0, 53, 29, 0, 12, 0, -13, 2, 66, 0, 2, 0, 0, 0, 92, 16, 11, 0, 0, 0, 7, 0, -34, 0, 16, 6, -6, 25, 8, 0, 0, 38, 11, 14, 1, 0, -23, 5, -3, 6, -16, 46, 11, -5, 20, 0, 2, -23, 2, 0, 39, -34, 0, -26};
weight_ih[52] = {0, 57, 80, -19, 0, -18, 0, -1, 0, 0, -24, -41, -15, -50, -11, -25, -30, 0, 0, -16, -3, 0, -19, 0, 45, 42, 8, 0, -1, 0, 0, 0, 28, 12, 10, 0, 0, 0, -2, 0, 5, 0, -33, 35, 8, -83, 39, 0, 0, 14, -6, -11, -12, 0, 59, -9, -37, -4, 19, 5, 10, -15, 17, 71, 17, 10, 2, 0, 2, 29, 0, -6};
weight_ih[53] = {5, 10, 2, -16, 0, -10, 0, 3, 0, 0, -2, -1, 15, 15, 3, -1, 6, 0, 0, 15, -1, 0, 9, 0, -2, -4, -10, 0, 0, 0, 0, 0, 18, -4, -1, 0, 0, 0, 3, 0, 7, 0, -1, 4, 8, 14, -3, 0, 0, -1, 4, 3, -7, 0, 1, 7, 9, 4, 2, 4, -3, 3, 7, -6, 9, -9, 3, 0, -6, 26, 0, 11};
weight_ih[54] = {-3, 24, 50, -26, 0, 10, 0, 12, 0, 0, 12, -43, 33, -5, -27, -10, 7, 0, 0, 18, 18, 0, 6, 0, -10, 30, 10, 0, -3, 0, 0, 0, 11, -3, 21, 0, 0, 0, -2, 0, 23, 0, -6, -2, -13, 13, 8, 0, 0, -3, 0, -4, -11, 0, 41, 5, -12, -6, -13, 4, 16, -29, -8, 13, -1, -25, -2, 0, -19, -5, 0, 8};
weight_ih[55] = {15, 4, 7, 4, 0, 23, 0, 17, 0, 0, 13, 32, -16, -4, -15, -4, -22, 0, 0, 39, -12, 0, 19, 0, 12, -6, 5, 0, 23, 0, 0, 0, 7, 1, -11, 0, 0, 0, 1, 0, 6, 0, 20, 10, 25, -20, 8, 0, 0, 33, -9, -5, 54, 0, 10, 29, 19, 0, -3, 13, 3, 15, 11, 13, 7, 10, 0, 0, 25, 13, 0, 0};
weight_ih[56] = {-2, -15, 3, -4, 0, -4, 0, 0, 0, 0, -24, -20, -15, -55, -9, 11, 5, 0, 0, 3, -11, 0, 12, 0, 14, 9, -16, 0, -3, 0, 0, 0, -48, 5, 8, 0, 0, 0, 2, 0, 24, 0, -10, 11, 19, -5, 20, 0, 0, -3, 1, 4, 24, 0, 55, 13, -22, 3, -2, 62, -34, 0, -13, 6, 1, 15, 3, 0, 33, 9, 0, -27};
weight_ih[57] = {-8, 10, 27, 7, 0, 13, 0, 7, 0, 0, 4, -10, 5, -4, -13, 6, 15, 0, 0, 24, 7, 0, 18, 0, 9, 12, 7, 0, 0, 0, 0, 0, -12, 0, -22, 0, 0, 0, -1, 0, 3, 0, -21, 11, 6, 26, 9, 0, 0, 7, 2, 2, 13, 0, 15, 8, 6, -1, 6, 9, 5, 5, 14, 16, 3, 6, 0, 0, -5, 18, 0, -2};
weight_ih[58] = {26, -11, 21, -2, 0, 0, 0, -22, 0, 0, 18, 20, -10, 5, 5, -12, -9, 0, 0, 1, -2, 0, -3, 0, -14, 9, -11, 0, 11, 0, 0, 0, 18, -1, 8, 0, 0, 0, -5, 0, 12, 0, 19, 18, 1, 27, 28, 0, 0, -7, 7, -3, -15, 0, 18, 6, 3, -6, 11, 17, -3, -3, 18, 1, 5, -41, -2, 0, 7, 4, 0, -3};
weight_ih[59] = {-14, 21, 6, 8, 0, -11, 0, -33, 0, 0, 43, -64, 6, 11, -51, 9, -26, 0, 0, 16, 19, 0, 1, 0, -16, 26, 0, 0, -5, 0, 0, 0, 4, -6, 16, 0, 0, 0, -1, 0, -6, 0, -25, 14, 5, -5, 20, 0, 0, 9, -34, -7, 37, 0, -2, -4, 20, -3, 18, 11, -78, 1, -8, 3, -2, 19, -2, 0, -4, 19, 0, 7};
weight_ih[60] = {8, 39, 65, -1, 0, -34, 0, 8, 0, 0, -17, -19, 31, 8, -15, -4, -28, 0, 0, -7, -6, 0, -1, 0, 1, 44, 26, 0, 8, 0, 0, 0, 59, 13, 0, 0, 0, 0, -1, 0, -45, 0, 9, -1, 8, -75, 21, 0, 0, -2, 6, -1, -31, 0, 61, -6, -1, 0, -18, 34, 3, -4, 4, 20, 7, -12, 0, 0, -15, 46, 0, -1};
weight_ih[61] = {6, 7, 7, -1, 0, -24, 0, 2, 0, 0, 25, 26, 21, -6, 18, 2, 25, 0, 0, 21, 25, 0, -3, 0, -12, 5, 38, 0, 3, 0, 0, 0, 28, -14, 7, 0, 0, 0, 0, 0, 48, 0, -1, -3, 25, -35, 15, 0, 0, -6, 26, -12, -32, 0, 24, 18, 32, -1, 1, 49, 4, 8, 53, -23, 15, 6, 0, 0, -26, 36, 0, -1};
weight_ih[62] = {-3, -6, -22, -20, 0, 3, 0, -9, 0, 0, -1, 2, 12, -4, 15, -3, 7, 0, 0, 3, -10, 0, 14, 0, 18, -11, 26, 0, 0, 0, 0, 0, -1, 1, -1, 0, 0, 0, -1, 0, 3, 0, 8, 17, 20, -6, 8, 0, 0, 11, -19, 0, 45, 0, 2, -5, 3, 1, -7, 19, 20, -16, 4, -12, 2, -10, -2, 0, -21, -18, 0, -21};
weight_ih[63] = {-2, 14, 22, 2, 0, -28, 0, 10, 0, 0, 14, 22, -18, -2, 13, 4, -18, 0, 0, 1, 8, 0, -6, 0, 27, 20, 6, 0, -6, 0, 0, 0, -3, 8, -2, 0, 0, 0, -8, 0, -5, 0, 25, 7, 2, 16, -2, 0, 0, -5, 8, -5, -8, 0, 8, -14, 0, -10, -9, -9, 18, 2, 5, 23, -1, -7, -4, 0, -29, 6, 0, -3};
weight_ih[64] = {7, 6, 7, 4, 0, -4, 0, 9, 0, 0, 17, 6, -6, 3, -1, -9, 12, 0, 0, -16, 3, 0, 1, 0, 4, 3, 13, 0, 5, 0, 0, 0, 17, 5, -7, 0, 0, 0, 0, 0, 47, 0, 5, 10, 27, 4, -10, 0, 0, 7, 18, 2, -1, 0, 17, 4, 32, 3, -10, 9, 4, -8, 18, 3, 8, 22, 2, 0, -15, 31, 0, 23};
weight_ih[65] = {-1, -20, -22, -1, 0, -7, 0, -6, 0, 0, 4, -59, 34, 5, -6, -29, 24, 0, 0, -37, 10, 0, -1, 0, -16, -11, 5, 0, -18, 0, 0, 0, 20, 0, 15, 0, 0, 0, -2, 0, 12, 0, -32, -7, 37, 34, -14, 0, 0, -27, -2, 9, 21, 0, 32, 16, 13, -3, -44, 58, -12, 1, -2, -21, 8, -30, -5, 0, 30, 1, 0, 32};
weight_ih[66] = {-5, 9, 25, -2, 0, 5, 0, 3, 0, 0, 7, 3, 3, 2, 5, -3, 0, 0, 0, 7, 3, 0, 4, 0, -6, 9, 3, 0, 0, 0, 0, 0, 6, 2, 2, 0, 0, 0, 0, 0, 2, 0, 4, 2, 6, 11, 5, 0, 0, 5, 1, 3, -4, 0, 19, 10, 0, 1, 4, 9, 1, -3, 5, 10, -1, 11, 0, 0, 2, -2, 0, 9};
weight_ih[67] = {12, -1, -11, -3, 0, -1, 0, -1, 0, 0, 13, 9, 12, 8, -5, -6, -2, 0, 0, -18, -16, 0, 5, 0, 5, -10, 13, 0, 1, 0, 0, 0, 16, -9, -4, 0, 0, 0, -1, 0, 8, 0, 3, -6, 20, 28, -11, 0, 0, -2, 13, 3, 19, 0, -3, 5, 14, 1, 9, 25, -4, 3, 6, -16, 5, -5, 1, 0, -5, 19, 0, -16};
weight_ih[68] = {7, 1, -1, 3, 0, 9, 0, 5, 0, 0, 10, 8, 3, -8, -3, 8, -3, 0, 0, 7, 2, 0, -10, 0, 6, 2, -1, 0, 0, 0, 0, 0, -4, 1, -7, 0, 0, 0, -1, 0, 3, 0, -1, 4, 3, 26, 2, 0, 0, 1, -2, -6, 6, 0, -1, 4, -7, -3, -3, 1, 0, -6, -2, 3, 2, -2, 0, 0, 3, 4, 0, -8};
weight_ih[69] = {-9, -3, -6, -1, 0, -10, 0, 1, 0, 0, 20, 14, -16, -1, -10, 13, -10, 0, 0, 8, 29, 0, -21, 0, -9, -3, -29, 0, 4, 0, 0, 0, 10, -9, 1, 0, 0, 0, 0, 0, 1, 0, -3, -9, 48, 29, -17, 0, 0, 31, -8, -3, 5, 0, 5, -15, -17, -2, 4, 2, 18, -17, -12, 6, -10, 7, -4, 0, -5, -31, 0, -8};
weight_ih[70] = {1, 44, 29, 5, 0, 6, 0, -4, 0, 0, 20, 4, 30, 13, -2, 13, -1, 0, 0, 28, 5, 0, 6, 0, -11, 10, -39, 0, 18, 0, 0, 0, 11, 4, -6, 0, 0, 0, 8, 0, 20, 0, 10, -9, 4, -22, -17, 0, 0, 22, 6, 12, -4, 0, 20, 1, -2, 9, -5, 32, 17, -6, -15, -15, 0, 5, 4, 0, -13, 35, 0, -30};
weight_ih[71] = {8, 0, 0, 1, 0, -11, 0, -11, 0, 0, 3, 7, 7, -13, 13, 1, -1, 0, 0, 1, 1, 0, -14, 0, -2, 1, -5, 0, -4, 0, 0, 0, 2, -2, 7, 0, 0, 0, 0, 0, 10, 0, 7, 0, 8, 29, 5, 0, 0, -12, 5, -5, 9, 0, 12, 5, 3, -2, 3, 13, -4, -8, 2, -6, 2, 0, -2, 0, 0, 3, 0, -6};
weight_ih[72] = {-63, 23, -15, -52, 0, -55, 0, -6, 0, 0, -2, 49, 19, 61, 30, -38, -64, 0, 0, 19, -14, 0, -29, 0, -28, 35, 37, 0, 19, 0, 0, 0, 47, -6, -44, 0, 0, 0, -1, 0, -89, 0, -33, 10, -16, 17, -9, 0, 0, -30, -35, 34, 23, 0, -75, -5, -45, 0, -38, -11, 2, 7, -9, 50, -18, 36, -3, 0, -35, -4, 0, -7};
weight_ih[73] = {-8, -1, -8, 0, 0, -1, 0, -5, 0, 0, 8, -6, -9, 0, -2, -2, -12, 0, 0, -6, 0, 0, 1, 0, -6, 0, -2, 0, -3, 0, 0, 0, 3, 0, -1, 0, 0, 0, 1, 0, -12, 0, -4, -3, -11, -20, 2, 0, 0, -3, -8, 0, 2, 0, -8, 0, -5, -1, -4, -15, -6, 7, -13, 0, 2, -2, -2, 0, -5, -4, 0, -5};
weight_ih[74] = {-18, 19, -10, -18, 0, -14, 0, 30, 0, 0, 37, 17, -26, -31, 11, 28, -10, 0, 0, 51, 51, 0, -2, 0, -5, 24, 20, 0, -5, 0, 0, 0, -2, -6, -10, 0, 0, 0, 7, 0, -39, 0, 11, 18, 44, 79, 12, 0, 0, -41, 12, -22, 12, 0, 0, -35, -22, 4, 25, 12, 14, 8, 21, 16, -15, 9, 4, 0, -13, 11, 0, -19};
weight_ih[75] = {4, 23, 9, -30, 0, -12, 0, -18, 0, 0, 32, 10, -13, 2, 19, 24, 12, 0, 0, 62, -14, 0, 18, 0, -19, 18, -6, 0, 13, 0, 0, 0, 36, 0, -13, 0, 0, 0, -4, 0, -20, 0, -21, 29, 9, -11, 0, 0, 0, -9, 20, 2, 27, 0, 60, -31, -12, -4, 50, 5, 62, 4, 9, -6, 14, -79, -3, 0, 13, 82, 0, -29};
weight_ih[76] = {-13, 13, -13, 13, 0, -37, 0, 2, 0, 0, -42, -84, 56, 15, -17, 6, 4, 0, 0, -39, 24, 0, -43, 0, 22, -7, 3, 0, -11, 0, 0, 0, 39, 10, -56, 0, 0, 0, 12, 0, -9, 0, -77, -15, 31, 11, -39, 0, 0, 3, -7, 32, 22, 0, -36, 13, 54, 13, -1, 34, -9, 14, -14, -21, 13, -10, 8, 0, 39, -26, 0, -34};
weight_ih[77] = {6, -3, -3, 0, 0, 0, 0, 1, 0, 0, 4, -7, 0, 0, -1, -9, 0, 0, 0, -1, 0, 0, 1, 0, -8, 0, -3, 0, 0, 0, 0, 0, -2, -2, 1, 0, 0, 0, 0, 0, 5, 0, -1, -6, -2, -9, -8, 0, 0, 0, 3, -1, -2, 0, 5, -1, 2, -1, -16, -2, -3, 4, -30, -3, -1, -2, 0, 0, -1, -6, 0, -1};
weight_ih[78] = {-6, -4, -20, -11, 0, 24, 0, 0, 0, 0, -2, -17, -6, -5, 9, -4, 0, 0, 0, 4, 4, 0, -42, 0, -33, -49, -9, 0, -3, 0, 0, 0, 43, 1, -3, 0, 0, 0, 1, 0, 3, 0, -19, 9, -14, 29, -17, 0, 0, 18, 29, -7, -3, 0, -12, -11, -7, 0, -5, -17, 5, -17, 39, -54, 20, -29, 4, 0, 26, 13, 0, 14};
weight_ih[79] = {-39, 21, 49, -5, 0, -45, 0, 12, 0, 0, 0, -5, -17, -34, 15, 12, -38, 0, 0, -36, 31, 0, -39, 0, 38, 11, 27, 0, -19, 0, 0, 0, 28, -7, 31, 0, 0, 0, 3, 0, -60, 0, -9, -5, 74, -5, 17, 0, 0, -20, 11, -30, 28, 0, 47, 10, 4, 3, 30, -18, 4, -3, 40, 31, 9, 6, 3, 0, -7, 43, 0, -43};
weight_ih[80] = {-59, 35, -7, 7, 0, -29, 0, -50, 0, 0, -20, 1, 7, 48, 18, -6, 5, 0, 0, -8, -5, 0, 26, 0, 17, 20, 4, 0, 0, 0, 0, 0, 84, -10, -44, 0, 0, 0, -5, 0, -27, 0, -52, -13, -49, -16, 26, 0, 0, -6, -7, 10, 4, 0, -41, 1, -10, -7, -8, 17, 0, -5, 1, 6, -15, -8, 0, 0, -37, -2, 0, 13};
weight_ih[81] = {-57, 24, 14, 17, 0, 54, 0, 7, 0, 0, 10, -31, 17, -31, -14, -25, 19, 0, 0, -12, 7, 0, 13, 0, 18, 2, 8, 0, 2, 0, 0, 0, -8, 6, 3, 0, 0, 0, 3, 0, 8, 0, -58, -1, -44, 36, -26, 0, 0, 51, 20, -34, 58, 0, -13, 10, -23, 6, 11, 9, -14, -32, 10, -27, -12, -37, 6, 0, -21, 0, 0, 19};
weight_ih[82] = {-31, -12, -7, -20, 0, -20, 0, -29, 0, 0, -26, -8, -5, 10, 24, -12, 17, 0, 0, 45, 51, 0, -8, 0, -2, -5, -1, 0, 9, 0, 0, 0, 60, 9, 22, 0, 0, 0, 0, 0, 10, 0, 11, -5, 23, 24, 13, 0, 0, -2, -25, 5, -27, 0, 30, -2, 22, 2, -26, 30, -3, -38, -49, 21, 15, -5, 2, 0, -3, -6, 0, 37};
weight_ih[83] = {7, -2, -1, 0, 0, 0, 0, 1, 0, 0, 5, -6, 0, 0, 0, -7, -1, 0, 0, -2, 0, 0, 1, 0, -6, 0, -2, 0, 0, 0, 0, 0, -2, -2, 0, 0, 0, 0, 1, 0, 7, 0, 1, -5, 1, -8, -7, 0, 0, -1, 4, -1, -2, 0, 7, -1, 5, -1, -14, -2, -3, 5, -27, -2, 1, -3, 0, 0, -2, -2, 0, -1};
weight_ih[84] = {25, 8, 7, 10, 0, -29, 0, 5, 0, 0, 48, 4, 16, -72, -28, -13, 51, 0, 0, 46, -10, 0, 50, 0, 7, -7, 21, 0, 21, 0, 0, 0, -32, 20, -21, 0, 0, 0, 7, 0, -2, 0, -30, -10, -15, 17, -47, 0, 0, -58, -4, -11, -1, 0, 9, 12, -22, 8, -31, 50, -45, -7, -6, -21, 6, -1, 8, 0, -19, 15, 0, -47};
weight_ih[85] = {-54, 24, 20, -21, 0, -17, 0, -24, 0, 0, 46, 16, 13, 11, -8, -21, -75, 0, 0, -9, -53, 0, -5, 0, 51, 30, 3, 0, -14, 0, 0, 0, 4, 11, -4, 0, 0, 0, 6, 0, -22, 0, -20, -28, -49, -15, 15, 0, 0, -39, -43, 10, 35, 0, -14, -23, -24, 9, 23, 5, -3, -39, 27, 5, -23, 13, 8, 0, 6, 11, 0, -22};
weight_ih[86] = {1, -24, -23, -27, 0, -15, 0, 17, 0, 0, -22, -3, 5, -17, 21, -22, 5, 0, 0, -2, -8, 0, 12, 0, -30, -40, -26, 0, -2, 0, 0, 0, -1, 0, 19, 0, 0, 0, 1, 0, 2, 0, -1, -2, 10, -36, 44, 0, 0, -9, 23, 0, -25, 0, -19, -9, -5, 0, 6, -3, -14, -11, 25, 4, -32, -23, -1, 0, 20, -9, 0, -20};
weight_ih[87] = {1, -4, -4, 0, 0, 1, 0, 3, 0, 0, 7, -4, 1, 0, 1, -3, -2, 0, 0, -3, 0, 0, 0, 0, 2, 3, -2, 0, 3, 0, 0, 0, -3, -3, 1, 0, 0, 0, 2, 0, 4, 0, 1, 5, 2, -9, -8, 0, 0, -2, 4, -2, 3, 0, 4, 0, 5, -1, -15, 0, -2, 5, -19, 0, 2, -4, -1, 0, -2, 3, 0, -2};
weight_ih[88] = {14, 20, 8, 10, 0, -34, 0, -20, 0, 0, 18, -29, 21, -14, -11, 12, 52, 0, 0, 0, 21, 0, 35, 0, 32, 18, 1, 0, 2, 0, 0, 0, 13, 35, 33, 0, 0, 0, 5, 0, -18, 0, 42, 25, 7, 13, 52, 0, 0, -15, -6, 4, -62, 0, -19, -2, 48, 7, 37, -53, 12, -9, -20, 32, 7, 43, 2, 0, -2, -8, 0, 30};
weight_ih[89] = {7, -2, -3, 0, 0, -1, 0, 1, 0, 0, 4, -6, 0, 0, 0, -8, -1, 0, 0, -2, -1, 0, 1, 0, -7, 0, -3, 0, 1, 0, 0, 0, -2, -2, 1, 0, 0, 0, 0, 0, 7, 0, 2, -6, 0, -8, -8, 0, 0, -1, 4, -1, -2, 0, 6, -1, 5, -1, -15, -2, -3, 4, -29, -3, -1, -2, 0, 0, -2, -4, 0, -1};
weight_ih[90] = {7, -2, -2, 0, 0, -1, 0, 2, 0, 0, 5, -7, 0, 0, 0, -8, -1, 0, 0, -2, -1, 0, 0, 0, -7, 0, -3, 0, -1, 0, 0, 0, -3, -2, 0, 0, 0, 0, 0, 0, 7, 0, 2, -5, 1, -7, -8, 0, 0, -1, 4, -2, -2, 0, 7, -1, 5, -1, -13, -2, -3, 4, -26, -3, -1, -2, -1, 0, -1, -3, 0, -1};
weight_ih[91] = {-41, -7, 20, -23, 0, -5, 0, -34, 0, 0, 4, -78, 58, -37, -55, -1, 5, 0, 0, -1, -31, 0, -48, 0, 14, 25, -5, 0, -3, 0, 0, 0, -30, -10, 26, 0, 0, 0, -3, 0, -52, 0, -2, 4, 71, -16, -3, 0, 0, 13, -32, 5, 64, 0, -5, 45, 8, -4, 52, 125, 42, 11, 45, -3, -9, -30, -3, 0, 27, 11, 0, 4};
weight_ih[92] = {37, 68, 51, 1, 0, 20, 0, -3, 0, 0, 7, 4, -24, -8, -13, 3, -46, 0, 0, 39, 41, 0, 1, 0, -27, 29, -40, 0, 19, 0, 0, 0, -12, 15, -4, 0, 0, 0, 0, 0, 1, 0, 6, -3, 4, -20, -15, 0, 0, 0, 24, -1, -12, 0, 31, -1, 16, 0, -19, -18, 9, 8, -37, -6, -2, -5, -1, 0, -16, 43, 0, 6};
weight_ih[93] = {-14, -7, 37, 12, 0, 16, 0, -18, 0, 0, 1, -43, 13, -41, 15, -8, -29, 0, 0, -1, 25, 0, 14, 0, 14, 22, -6, 0, -17, 0, 0, 0, 3, 6, 29, 0, 0, 0, 6, 0, -14, 0, 19, 3, 14, -31, 30, 0, 0, -10, 5, -2, -19, 0, 45, 11, -30, 7, -22, 8, 7, 29, 1, 37, -6, -7, 5, 0, 31, -36, 0, 23};
weight_ih[94] = {-67, -13, -48, -6, 0, 3, 0, 10, 0, 0, -27, -14, -23, 5, 15, -39, 28, 0, 0, -3, -12, 0, -2, 0, 11, 16, 13, 0, -7, 0, 0, 0, -1, -3, -16, 0, 0, 0, -8, 0, -43, 0, 5, 5, -52, -34, 44, 0, 0, -9, -42, 2, -12, 0, -62, 5, -36, -9, -3, -11, 2, 8, 22, 49, 74, 9, -8, 0, -1, 68, 0, 15};
weight_ih[95] = {7, -3, -4, 0, 0, -1, 0, 1, 0, 0, 3, -6, 0, 0, 0, -8, -1, 0, 0, -2, -1, 0, 0, 0, -7, 0, -3, 0, 0, 0, 0, 0, -3, -2, 1, 0, 0, 0, 0, 0, 5, 0, 0, -6, -2, -9, -9, 0, 0, 0, 3, -1, -2, 0, 6, -1, 2, -1, -17, -3, -3, 3, -29, -4, -2, -2, -1, 0, -1, -6, 0, -1};
weight_ih[96] = {-12, 23, 28, -42, 0, -1, 0, 5, 0, 0, 10, -53, 69, -7, -5, -1, -10, 0, 0, 18, 21, 0, 5, 0, -26, 9, -24, 0, 8, 0, 0, 0, 15, 3, -10, 0, 0, 0, 0, 0, -50, 0, 26, -14, -37, 6, -10, 0, 0, -13, 15, 9, 5, 0, 34, 3, 17, -1, -26, 23, 62, 13, 13, -19, -9, -20, 0, 0, 21, 26, 0, -22};
weight_ih[97] = {-34, -9, 32, -2, 0, 0, 0, 33, 0, 0, -4, 25, -11, -17, 25, 7, 4, 0, 0, 1, -23, 0, 20, 0, -4, 2, 28, 0, 40, 0, 0, 0, 6, 7, -23, 0, 0, 0, 7, 0, -33, 0, -16, 34, 15, -17, 15, 0, 0, 28, 30, -3, 15, 0, 12, 29, -25, 9, -6, 24, 30, -59, 12, -32, 3, 34, 9, 0, 13, 0, 0, -60};
weight_ih[98] = {-55, -6, -8, -15, 0, -26, 0, -64, 0, 0, -22, -60, 30, -28, 10, 14, 1, 0, 0, -46, 40, 0, 15, 0, -29, 1, 38, 0, -5, 0, 0, 0, 11, 0, -21, 0, 0, 0, -2, 0, -9, 0, -32, -29, 58, 46, 1, 0, 0, 30, -27, -13, 22, 0, 39, 46, 43, 0, -27, 81, -19, -2, 9, 32, 25, 63, -1, 0, 14, 48, 0, -33};
weight_ih[99] = {-6, 8, 7, -6, 0, -1, 0, -19, 0, 0, 1, -13, -10, -1, -3, -5, -13, 0, 0, -4, -2, 0, -5, 0, -25, 1, -6, 0, -8, 0, 0, 0, 40, 6, -2, 0, 0, 0, 0, 0, -14, 0, -3, -6, -16, -17, 4, 0, 0, -15, -4, 0, -1, 0, 34, 1, -13, 2, -10, -18, -12, 2, -3, 14, -1, -8, -1, 0, -3, -2, 0, -3};
weight_ih[100] = {6, -3, -3, 0, 0, 0, 0, 2, 0, 0, 4, -6, 0, 0, 0, -8, -1, 0, 0, -2, -1, 0, 1, 0, -6, 0, -2, 0, 0, 0, 0, 0, -3, -2, 0, 0, 0, 0, 0, 0, 5, 0, 0, -5, 0, -9, -8, 0, 0, -1, 3, -1, -2, 0, 6, -1, 4, -1, -15, -2, -3, 4, -27, -3, -1, -2, -1, 0, -1, -3, 0, -1};
weight_ih[101] = {7, -2, -3, 0, 0, -1, 0, 1, 0, 0, 4, -6, 0, 0, 0, -9, -1, 0, 0, -2, -1, 0, 1, 0, -8, 0, -3, 0, 0, 0, 0, 0, -2, -1, 1, 0, 0, 0, 0, 0, 5, 0, 1, -7, 0, -9, -8, 0, 0, 0, 3, -1, -2, 0, 6, -2, 4, -1, -16, -2, -3, 4, -30, -3, -1, -2, 0, 0, -1, -4, 0, -1};
weight_ih[102] = {6, -9, 9, -4, 0, -15, 0, -35, 0, 0, 23, -20, -20, -19, -2, -11, 20, 0, 0, -52, 0, 0, -4, 0, 28, 7, 33, 0, 0, 0, 0, 0, -5, -6, -4, 0, 0, 0, -4, 0, 82, 0, -23, -23, -23, -38, -7, 0, 0, -28, -33, 9, -26, 0, 31, 4, 25, -6, -10, 21, -38, 4, 0, -2, -1, 0, -4, 0, -16, -29, 0, -12};
weight_ih[103] = {-5, -21, 25, 9, 0, 56, 0, -68, 0, 0, 13, 17, -1, -8, 21, 13, 1, 0, 0, 9, -10, 0, 9, 0, 1, 2, -31, 0, 16, 0, 0, 0, 18, -8, 47, 0, 0, 0, -1, 0, -30, 0, -9, 9, -17, -8, -6, 0, 0, 56, -3, -4, 6, 0, -4, 10, -22, 2, 14, -9, -15, -46, 30, -38, 12, -36, 2, 0, 28, 9, 0, -36};
weight_ih[104] = {-29, -8, -4, 8, 0, -11, 0, 1, 0, 0, 5, -14, 25, 4, -29, -18, -9, 0, 0, -15, -7, 0, -7, 0, 11, -12, 30, 0, -17, 0, 0, 0, 8, -4, 2, 0, 0, 0, 1, 0, -56, 0, -5, -4, 57, 16, -1, 0, 0, 12, -24, 2, 3, 0, -25, -24, -26, 1, 35, 21, -1, -44, 20, 8, -26, 15, 1, 0, 19, -53, 0, 1};
weight_ih[105] = {8, 17, -7, -16, 0, 32, 0, 34, 0, 0, -1, 5, -30, 12, -20, 6, -5, 0, 0, 20, 27, 0, 7, 0, -17, -24, -26, 0, 38, 0, 0, 0, 31, 5, 0, 0, 0, 0, 8, 0, 4, 0, -6, 36, 6, 27, 10, 0, 0, -8, -1, 5, 39, 0, 3, 6, 18, 11, 41, -12, -14, 27, 18, -39, -5, 8, 5, 0, -33, 14, 0, 23};
weight_ih[106] = {29, 10, -79, 6, 0, -12, 0, -34, 0, 0, 46, 19, 17, -10, 21, 26, -30, 0, 0, 15, 20, 0, -67, 0, 23, 27, -8, 0, 25, 0, 0, 0, 61, 27, -39, 0, 0, 0, -1, 0, 22, 0, 0, 32, -10, 35, 27, 0, 0, -15, 19, 8, 18, 0, 33, -24, 51, -2, -24, -16, 25, -2, 39, -1, -15, 24, -1, 0, -15, 12, 0, -56};
weight_ih[107] = {42, -25, -29, 3, 0, -19, 0, -1, 0, 0, -27, -9, 20, 17, 18, -85, 35, 0, 0, 42, -25, 0, 21, 0, -14, -34, -12, 0, -20, 0, 0, 0, 27, -17, -12, 0, 0, 0, 2, 0, 37, 0, -4, -39, 3, -29, -18, 0, 0, 23, 6, -3, -21, 0, 44, -21, -5, 0, -48, 9, -14, -31, -23, -23, 3, -21, 1, 0, 17, -56, 0, 10};
weight_ih[108] = {-10, -10, -22, 2, 0, 0, 0, 0, 0, 0, 7, -8, -7, 0, -9, -1, -6, 0, 0, -4, -3, 0, -2, 0, 0, -3, -6, 0, 1, 0, 0, 0, 0, 0, -3, 0, 0, 0, 2, 0, -8, 0, -7, 2, -10, -23, -7, 0, 0, 1, -7, -2, 5, 0, -9, -5, -4, 1, -15, -12, -5, 4, -20, -8, 1, 4, 0, 0, -6, -3, 0, -1};
weight_ih[109] = {27, 3, 9, -20, 0, -21, 0, -15, 0, 0, 65, 39, -28, 70, -13, -13, -70, 0, 0, 19, 34, 0, -30, 0, -2, -17, -44, 0, -1, 0, 0, 0, 15, -24, -32, 0, 0, 0, 1, 0, -49, 0, -14, -32, -35, 71, -11, 0, 0, -6, 43, 6, -9, 0, -67, -1, 18, -2, -30, -27, -34, -12, -61, -43, -11, -26, 2, 0, -28, -21, 0, -30};
weight_ih[110] = {22, 6, 23, 59, 0, 77, 0, -17, 0, 0, -67, 45, 12, 18, 87, 40, 11, 0, 0, 69, 15, 0, -9, 0, 45, 26, 25, 0, 48, 0, 0, 0, 9, 16, 76, 0, 0, 0, 2, 0, 7, 0, -11, 19, -1, 26, 13, 0, 0, 39, 18, -1, -31, 0, -23, 4, 44, 2, -1, -13, -1, 4, -13, 5, -9, -20, 3, 0, 49, 9, 0, 50};
weight_ih[111] = {3, -5, 3, -7, 0, -16, 0, -29, 0, 0, 2, -16, 7, 5, 39, -11, -19, 0, 0, -13, 8, 0, -7, 0, 15, -4, -32, 0, -17, 0, 0, 0, -6, 4, 0, 0, 0, 0, -6, 0, -5, 0, 17, -22, 6, -14, 15, 0, 0, -37, 10, -7, 18, 0, -3, 8, 36, -6, -4, 15, -27, 4, -4, -15, 21, -9, 0, 0, -8, -9, 0, -33};
weight_ih[112] = {16, -12, 1, 35, 0, 35, 0, 40, 0, 0, 23, 3, 4, -18, -9, 14, -31, 0, 0, -20, -9, 0, 13, 0, -24, -9, 13, 0, -12, 0, 0, 0, -27, 3, -14, 0, 0, 0, 0, 0, -53, 0, 7, -6, 28, -9, 5, 0, 0, 56, 30, 11, 38, 0, -12, 117, -22, 0, -6, 74, -21, 3, -65, -40, -16, 6, 2, 0, 43, -52, 0, -43};
weight_ih[113] = {-8, 7, 47, -12, 0, -46, 0, 49, 0, 0, 34, -7, 33, 18, 34, -74, 35, 0, 0, -28, -54, 0, 37, 0, 1, 5, 38, 0, 1, 0, 0, 0, 9, -25, 2, 0, 0, 0, -1, 0, -27, 0, 40, 7, 25, -57, 7, 0, 0, 15, 10, 5, -4, 0, 33, 23, -1, 1, -51, 28, -12, 17, -14, -32, -4, 44, -1, 0, -15, -17, 0, -49};
weight_ih[114] = {-15, -7, -8, 6, 0, -26, 0, 14, 0, 0, 18, -38, 24, 1, 21, -43, 21, 0, 0, -37, 28, 0, 21, 0, -13, -15, 11, 0, -48, 0, 0, 0, -13, 17, 34, 0, 0, 0, 0, 0, 40, 0, -31, -17, 37, -3, 7, 0, 0, 2, 55, 1, -29, 0, -28, -33, 21, 0, -25, -35, -9, -12, -10, 7, -20, -3, 1, 0, -34, -35, 0, -14};
weight_ih[115] = {-25, -6, 1, -4, 0, -16, 0, 0, 0, 0, -28, 9, 22, -13, 39, -90, 18, 0, 0, 33, -37, 0, 10, 0, 39, 17, 26, 0, -18, 0, 0, 0, -7, -10, -9, 0, 0, 0, -1, 0, -13, 0, 20, -26, -1, -74, 9, 0, 0, 11, -11, -7, 21, 0, -6, -33, -24, 1, -4, 17, 16, -11, -54, 12, -9, 15, -2, 0, -6, -40, 0, -12};
weight_ih[116] = {-23, 2, -15, 37, 0, 27, 0, -96, 0, 0, 80, 54, -3, -33, 6, 9, -5, 0, 0, 5, -4, 0, -32, 0, -11, 16, -20, 0, -15, 0, 0, 0, 2, 4, -15, 0, 0, 0, 2, 0, -32, 0, 85, 10, 5, -7, 30, 0, 0, -54, 72, -17, -62, 0, 14, -15, -16, 5, 23, -12, -92, -4, 32, -16, 9, -62, 3, 0, -9, -6, 0, -30};
weight_ih[117] = {37, -45, -53, 4, 0, 25, 0, -27, 0, 0, -9, 77, 51, -61, -7, 31, -25, 0, 0, 14, -24, 0, -20, 0, 5, -58, 14, 0, -11, 0, 0, 0, 3, -13, 18, 0, 0, 0, 3, 0, 19, 0, 52, -9, 1, 11, -20, 0, 0, 20, -49, -15, 74, 0, -14, 0, 18, 6, -10, 62, 11, -43, 17, -5, -16, -30, 5, 0, 50, -28, 0, -32};
weight_ih[118] = {-63, -9, 5, -4, 0, 6, 0, -7, 0, 0, 14, 20, -20, -1, 50, -3, -3, 0, 0, -3, 3, 0, 5, 0, -8, 0, 20, 0, -2, 0, 0, 0, -14, 0, 45, 0, 0, 0, -4, 0, -73, 0, 7, 15, 16, 12, 24, 0, 0, 22, -29, 12, -22, 0, -45, -34, 54, -3, -5, -30, -32, -24, -14, 20, 7, 14, 0, 0, -28, 7, 0, -55};
weight_ih[119] = {10, -20, -19, -22, 0, 36, 0, -33, 0, 0, 23, -41, -6, 3, 38, -82, -15, 0, 0, -4, -22, 0, 1, 0, -49, -16, -12, 0, -4, 0, 0, 0, 39, 7, 12, 0, 0, 0, -1, 0, -38, 0, 5, -32, 14, 8, 10, 0, 0, 4, 32, -7, 15, 0, -20, -3, 19, -2, -25, 20, 14, 54, -47, -6, 57, -23, -2, 0, -1, 13, 0, 4};
weight_ih[120] = {-16, -21, -20, -23, 0, -25, 0, -34, 0, 0, 66, -29, -3, -28, -5, -34, 1, 0, 0, -23, -5, 0, -1, 0, 17, 5, 7, 0, -3, 0, 0, 0, -1, -8, 31, 0, 0, 0, 5, 0, -6, 0, -15, -9, 55, -41, -3, 0, 0, -17, -41, 20, 78, 0, 10, 61, 41, 5, -58, 77, -5, 33, -30, 7, 12, -36, 2, 0, -32, -2, 0, -100};
weight_ih[121] = {-12, 24, 26, 18, 0, 26, 0, -50, 0, 0, 6, -50, 2, -13, -38, -9, -11, 0, 0, 35, 9, 0, 34, 0, -8, -3, 12, 0, -14, 0, 0, 0, -24, -3, -14, 0, 0, 0, -5, 0, -21, 0, 6, -11, 41, -42, -1, 0, 0, -7, -21, -19, 6, 0, 3, -15, 72, -6, 25, 9, -10, 61, 7, 13, 7, -18, -5, 0, 12, 37, 0, -2};
weight_ih[122] = {37, 40, 24, -3, 0, 11, 0, 21, 0, 0, -26, -43, 6, 14, -51, 8, -7, 0, 0, -2, -15, 0, 12, 0, 39, 20, -14, 0, 16, 0, 0, 0, 9, 33, -3, 0, 0, 0, -3, 0, -14, 0, 21, 3, 7, -60, -20, 0, 0, 5, -31, -1, 26, 0, 3, 1, -9, -1, 17, -13, -10, -11, -31, -32, -28, 47, -5, 0, -10, -18, 0, -41};
weight_ih[123] = {-51, -32, 45, -2, 0, -26, 0, -34, 0, 0, 28, 35, 7, -37, 23, 1, -40, 0, 0, -15, 18, 0, 16, 0, -43, 38, 11, 0, -3, 0, 0, 0, -57, -18, 45, 0, 0, 0, -2, 0, -7, 0, -28, -3, 15, 50, 24, 0, 0, -13, -11, -2, 6, 0, 17, -42, -6, -3, -9, 70, 2, -12, -18, 19, 12, -8, -3, 0, 10, -15, 0, -60};
weight_ih[124] = {-5, -5, 10, -1, 0, -17, 0, -15, 0, 0, -18, 23, 10, -10, 45, 2, -1, 0, 0, -21, 41, 0, 14, 0, -31, 9, -33, 0, 23, 0, 0, 0, -4, -2, -5, 0, 0, 0, 6, 0, -13, 0, 26, -21, 11, 10, -31, 0, 0, -16, -2, 18, 36, 0, -25, -21, 21, 8, 20, -10, 21, -4, -56, -34, -3, -19, 4, 0, -23, 14, 0, -49};
weight_ih[125] = {16, 2, 7, -9, 0, -10, 0, -24, 0, 0, -8, -8, 1, 20, 1, 0, -37, 0, 0, -15, -6, 0, 1, 0, 34, 2, -5, 0, -3, 0, 0, 0, 41, 7, -6, 0, 0, 0, 3, 0, -13, 0, 0, -7, 20, -64, -1, 0, 0, -5, 8, -4, 35, 0, 0, -27, 17, 3, -3, 16, 7, -5, 25, 6, 19, -5, 1, 0, -2, 58, 0, -23};
weight_ih[126] = {45, -34, -47, -28, 0, 50, 0, -28, 0, 0, 1, 1, -19, -5, -11, 27, -9, 0, 0, 58, 0, 0, 38, 0, -14, -34, -42, 0, 29, 0, 0, 0, -5, -2, -20, 0, 0, 0, 2, 0, 7, 0, -58, -11, 22, -6, 7, 0, 0, 35, 19, -10, 31, 0, 36, -32, -19, 5, -12, -11, -13, -13, -8, -20, 28, -4, 4, 0, -8, -5, 0, 8};
weight_ih[127] = {-27, 15, 3, -2, 0, -59, 0, -38, 0, 0, 10, 83, -46, 9, 40, 3, -13, 0, 0, -10, -15, 0, 20, 0, -19, 16, -5, 0, -14, 0, 0, 0, -11, -2, -15, 0, 0, 0, 2, 0, 18, 0, 3, 11, -63, 20, 12, 0, 0, -65, 30, -9, 23, 0, 7, -15, -13, 4, -6, -33, -52, -51, -39, 13, -11, -5, 4, 0, -17, 18, 0, -63};
weight_ih[128] = {-30, -21, -28, -4, 0, -12, 0, -18, 0, 0, 27, 20, 1, -37, 26, 13, -8, 0, 0, 9, -21, 0, -1, 0, 17, 26, -33, 0, -5, 0, 0, 0, -24, 28, 23, 0, 0, 0, 0, 0, -68, 0, -18, 3, -13, 34, -7, 0, 0, -20, -25, 5, -25, 0, -21, 0, 4, 1, -21, -4, -62, 19, 1, 1, -2, 1, 2, 0, 23, -10, 0, 0};
weight_ih[129] = {-2, 33, 3, 12, 0, 27, 0, -65, 0, 0, -8, -42, -19, -56, 2, 19, -20, 0, 0, 51, 11, 0, -14, 0, -26, 24, 15, 0, 30, 0, 0, 0, 0, -9, -39, 0, 0, 0, 3, 0, -31, 0, -34, -17, -39, -3, 8, 0, 0, -21, -48, 7, -25, 0, 0, -2, 12, 7, -6, 1, -12, 11, 22, -36, -13, 14, 4, 0, -19, -8, 0, 43};
weight_ih[130] = {9, 35, -15, -33, 0, -20, 0, 28, 0, 0, -53, 21, 1, 25, -15, 60, 20, 0, 0, 41, 2, 0, 33, 0, -18, 10, 1, 0, -4, 0, 0, 0, 12, -6, -17, 0, 0, 0, 9, 0, -10, 0, 35, 10, 9, -9, -6, 0, 0, 17, 7, 17, -12, 0, -38, -68, 32, 10, 19, -55, 2, 14, -42, -17, -13, -31, 7, 0, -9, -26, 0, -27};
weight_ih[131] = {-15, -33, 4, 39, 0, 18, 0, -11, 0, 0, -23, -8, 30, 8, 30, 30, -20, 0, 0, 47, 51, 0, -50, 0, 39, -15, -62, 0, -37, 0, 0, 0, 63, -23, 44, 0, 0, 0, 8, 0, 11, 0, 10, -4, -51, 68, 10, 0, 0, 34, 9, 16, 33, 0, 55, 11, 8, 8, 16, 45, -48, 37, 42, -34, -15, -56, 10, 0, 14, -34, 0, -29};
weight_ih[132] = {-10, -8, -18, -20, 0, 1, 0, 6, 0, 0, -12, -24, 24, 16, 7, -93, -7, 0, 0, 25, -14, 0, 15, 0, 22, -10, 18, 0, -43, 0, 0, 0, 12, -11, -7, 0, 0, 0, 5, 0, 25, 0, 13, -12, 9, -12, -1, 0, 0, -14, 21, 14, 16, 0, -19, 30, -6, 4, -30, 5, 33, -19, 34, 4, -10, -4, 2, 0, 7, -3, 0, 22};
weight_ih[133] = {-36, 12, 5, -20, 0, -14, 0, -25, 0, 0, -20, -14, 12, 74, 12, -78, -35, 0, 0, 28, -28, 0, 6, 0, 52, 25, 52, 0, 16, 0, 0, 0, 6, -37, -16, 0, 0, 0, 0, 0, -42, 0, 10, -64, -7, -17, -8, 0, 0, -15, -40, -6, 35, 0, -48, 0, 3, -2, -34, 2, 18, -8, 9, 19, 12, 4, -5, 0, -4, 15, 0, -10};
weight_ih[134] = {-7, 1, 38, -3, 0, 3, 0, -18, 0, 0, -10, -32, -3, -5, -13, -12, 5, 0, 0, 2, -8, 0, 10, 0, 21, 4, -34, 0, 4, 0, 0, 0, 38, 16, 0, 0, 0, 0, 7, 0, -31, 0, -8, 7, 20, -6, -14, 0, 0, -6, -15, 14, 5, 0, 7, -13, -12, 9, 44, 14, 1, -11, 18, -17, 14, -17, 6, 0, -11, 55, 0, -17};
weight_ih[135] = {-12, -12, -30, 8, 0, 21, 0, -21, 0, 0, -6, -46, 52, -12, -6, 23, -9, 0, 0, -61, -10, 0, -42, 0, 19, 4, -33, 0, -5, 0, 0, 0, 24, -18, 33, 0, 0, 0, -1, 0, -3, 0, 37, -21, 23, 41, -8, 0, 0, -6, 6, -23, 92, 0, 13, 37, -33, -2, 69, 35, -5, 18, 7, -32, -40, -24, -2, 0, -5, 3, 0, -43};
weight_ih[136] = {-3, -22, -17, -15, 0, 14, 0, 16, 0, 0, -1, 18, -1, 7, -27, 7, -2, 0, 0, -15, 2, 0, 14, 0, 5, -7, 1, 0, -15, 0, 0, 0, -10, -9, -22, 0, 0, 0, -8, 0, 35, 0, -15, -24, 32, -19, -10, 0, 0, -12, -9, 0, 17, 0, -22, 5, -29, -8, 17, 8, -31, -5, -21, -26, 5, 25, -6, 0, 21, -16, 0, 27};
weight_ih[137] = {9, -2, -34, 11, 0, -7, 0, -33, 0, 0, 30, 33, 52, 39, -1, -12, -58, 0, 0, -40, -2, 0, -22, 0, 14, -16, -16, 0, 35, 0, 0, 0, 40, -19, -11, 0, 0, 0, -2, 0, -22, 0, 49, -47, 52, -17, -13, 0, 0, -34, -65, 6, 3, 0, -16, 43, -12, -2, 31, 40, 41, 17, 12, 11, -29, 39, -1, 0, 14, -2, 0, 26};
weight_ih[138] = {39, 24, -15, -18, 0, -5, 0, 23, 0, 0, 26, 55, 13, 13, -7, 0, 9, 0, 0, 4, -9, 0, -6, 0, 10, -5, -22, 0, 0, 0, 0, 0, -35, -10, -12, 0, 0, 0, -5, 0, 3, 0, 12, -13, -2, 67, -3, 0, 0, -30, 9, 0, 7, 0, -17, -3, -23, -8, 23, 11, 25, -5, 18, -12, -9, -22, -2, 0, -2, -9, 0, -37};
weight_ih[139] = {-68, 1, -34, -18, 0, 8, 0, 21, 0, 0, 104, -3, -10, -2, -2, 8, -19, 0, 0, -11, -27, 0, 4, 0, -38, -18, -40, 0, -18, 0, 0, 0, 8, 11, 4, 0, 0, 0, -3, 0, -80, 0, 1, -6, 21, -3, 15, 0, 0, 11, 15, -4, -23, 0, -62, -8, -51, -2, -10, 20, 2, -26, -12, -21, 3, -6, 1, 0, 53, 6, 0, -32};
weight_ih[140] = {-38, 9, 59, -12, 0, 9, 0, -35, 0, 0, -1, -58, 91, -54, -37, -20, 5, 0, 0, -12, -11, 0, 10, 0, -4, 20, 18, 0, 15, 0, 0, 0, 33, 9, 6, 0, 0, 0, 1, 0, -75, 0, 19, -41, -8, -41, -23, 0, 0, 30, -37, -27, 13, 0, -36, 11, 25, 4, 7, 34, 41, 49, -31, 15, 1, 11, 2, 0, 32, -27, 0, 55};
weight_ih[141] = {0, 5, 34, -44, 0, -42, 0, -34, 0, 0, -68, -10, 30, 27, 59, -16, 24, 0, 0, 8, -16, 0, -17, 0, -6, 1, 13, 0, 9, 0, 0, 0, -12, -36, -23, 0, 0, 0, -3, 0, 31, 0, -12, -20, 23, 8, -26, 0, 0, 18, 24, 1, 14, 0, -56, -77, 10, -2, -24, -9, 27, -48, 20, 4, 1, -56, -4, 0, -38, -1, 0, -70};
weight_ih[142] = {-16, -6, 11, 1, 0, -21, 0, -1, 0, 0, -26, 6, -18, -13, -2, -28, 24, 0, 0, -13, -2, 0, -21, 0, -10, -6, 6, 0, -14, 0, 0, 0, -28, -10, -20, 0, 0, 0, -2, 0, 24, 0, -14, -22, 0, -24, -20, 0, 0, -38, -2, -11, 6, 0, -25, -9, 6, -1, -7, -4, 15, -10, -18, 31, 3, -11, -3, 0, 0, -1, 0, 23};
weight_ih[143] = {-26, -12, -17, 19, 0, -2, 0, -9, 0, 0, -13, -34, 9, 52, 13, 1, -11, 0, 0, -27, -4, 0, 15, 0, -12, 2, -26, 0, -46, 0, 0, 0, 9, -12, 3, 0, 0, 0, -1, 0, -49, 0, -8, -44, -6, -3, -51, 0, 0, 30, -35, -10, -35, 0, 20, -23, 5, -1, -2, 3, 4, 11, -11, 13, -2, 8, -2, 0, 11, -17, 0, -15};
weight_ih[144] = {28, -11, -28, -3, 0, -13, 0, 15, 0, 0, -9, 5, 8, -36, 44, -9, 39, 0, 0, 25, -56, 0, 6, 0, 11, -17, 42, 0, 4, 0, 0, 0, -13, -20, -11, 0, 0, 0, 4, 0, 22, 0, -25, -43, 51, -25, -37, 0, 0, -25, 24, 1, 1, 0, 19, -13, 17, 7, -15, 18, -20, 9, -27, -55, -8, 9, 0, 0, -27, -1, 0, 7};
weight_ih[145] = {-18, -3, 10, -16, 0, -5, 0, -15, 0, 0, 8, 33, -1, 47, 12, 1, -31, 0, 0, -19, 21, 0, 3, 0, 18, -2, 1, 0, 19, 0, 0, 0, 5, 0, -1, 0, 0, 0, 2, 0, 24, 0, 12, -18, -8, 46, -12, 0, 0, 4, 0, 9, 16, 0, -14, 9, 10, 2, 9, -3, 16, 1, -3, -16, -29, 13, 1, 0, -20, 20, 0, 24};
weight_ih[146] = {-28, 0, 8, 2, 0, 11, 0, -7, 0, 0, -81, 10, -19, 64, 32, -34, -8, 0, 0, -31, -11, 0, -20, 0, 21, 17, -42, 0, -23, 0, 0, 0, -24, 21, 9, 0, 0, 0, -2, 0, 22, 0, -25, -8, -18, -60, 28, 0, 0, 26, -25, 28, -13, 0, -36, -11, -29, -2, -48, 2, 21, -21, -50, 59, 0, 1, -1, 0, 50, 12, 0, -6};
weight_ih[147] = {-2, -5, 15, -50, 0, 14, 0, -15, 0, 0, -17, -96, 37, -50, -64, -14, -16, 0, 0, -28, -17, 0, -5, 0, -17, 19, 19, 0, 28, 0, 0, 0, 25, 7, -31, 0, 0, 0, -1, 0, -5, 0, -5, 11, -11, -9, 11, 0, 0, -5, -24, -16, 12, 0, 6, 48, 1, -3, -23, 82, -36, 7, 28, -2, -5, 12, -2, 0, -12, 22, 0, 13};
weight_ih[148] = {-1, 0, -32, -48, 0, 78, 0, -21, 0, 0, 26, 32, -40, 37, -20, 4, -9, 0, 0, 100, -12, 0, 18, 0, 35, -31, 32, 0, 7, 0, 0, 0, 12, 12, -29, 0, 0, 0, 3, 0, 15, 0, -16, -15, -12, -25, 18, 0, 0, 50, -9, 11, -25, 0, -9, 15, 11, 2, -9, -75, 39, -46, 46, 58, -36, 24, 0, 0, 12, -13, 0, 22};
weight_ih[149] = {-4, -7, -30, -1, 0, 0, 0, -10, 0, 0, -7, -11, -8, -5, -9, -10, -12, 0, 0, -3, -5, 0, -8, 0, -26, -7, -12, 0, 1, 0, 0, 0, 2, -5, -4, 0, 0, 0, 1, 0, -14, 0, -11, -14, -23, -32, -10, 0, 0, 0, -11, -5, -11, 0, -5, 1, -7, 2, -9, -19, -2, 1, -21, -13, -2, 0, 1, 0, -1, -8, 0, -1};
weight_ih[150] = {5, 17, -38, -13, 0, 31, 0, 32, 0, 0, 54, 49, 53, 102, 30, -9, 48, 0, 0, 28, 4, 0, 25, 0, -85, -52, 20, 0, 12, 0, 0, 0, -13, -39, -9, 0, 0, 0, 2, 0, -28, 0, 4, -78, 36, 121, -62, 0, 0, -15, 29, -13, -3, 0, -21, 33, 2, 1, 22, -5, 6, 23, 18, -64, -26, -12, 4, 0, -16, 4, 0, -13};
weight_ih[151] = {-15, -19, -7, -15, 0, -25, 0, 1, 0, 0, 16, -63, 41, -50, 6, -35, 18, 0, 0, -60, -2, 0, 17, 0, 37, -2, -21, 0, -20, 0, 0, 0, -11, 40, 40, 0, 0, 0, 4, 0, -1, 0, 38, 17, 25, -63, 21, 0, 0, 41, 44, 33, -33, 0, 77, -8, -37, 5, 1, 0, 52, -18, -24, 17, -26, -14, 7, 0, 20, -44, 0, -25};
weight_ih[152] = {-8, -22, 6, -6, 0, -14, 0, 23, 0, 0, -25, 4, -5, -17, 67, 7, 4, 0, 0, -11, -29, 0, 24, 0, -44, -5, 29, 0, -17, 0, 0, 0, 10, -35, -16, 0, 0, 0, 1, 0, -7, 0, 41, 2, -17, -27, 24, 0, 0, -40, 41, 45, -28, 0, 84, -6, 4, 4, 1, -5, -3, 23, 45, -33, 33, -15, 1, 0, -4, 40, 0, -44};
weight_ih[153] = {-9, -30, -29, 35, 0, -12, 0, 44, 0, 0, -22, -2, 3, 17, -10, 28, 19, 0, 0, 14, 36, 0, 8, 0, -17, -39, -22, 0, 5, 0, 0, 0, 16, -5, -29, 0, 0, 0, 3, 0, 37, 0, -24, -17, -16, 22, -26, 0, 0, 11, 28, 13, -12, 0, -17, -52, 23, 5, 13, -26, 29, 19, 45, -12, 4, 19, 6, 0, -15, 26, 0, -38};
weight_ih[154] = {-53, -31, -38, 34, 0, 20, 0, 24, 0, 0, 26, -9, 39, -32, -5, -21, 32, 0, 0, -49, -46, 0, 28, 0, -24, -14, -9, 0, 10, 0, 0, 0, -3, 10, 18, 0, 0, 0, -2, 0, 11, 0, 18, -11, 4, -10, -8, 0, 0, 7, 6, -33, 60, 0, -12, 39, -11, -1, -3, 8, 53, 26, -25, 12, 6, 19, -2, 0, 19, -24, 0, 5};
weight_ih[155] = {2, 6, 27, 0, 0, -2, 0, 11, 0, 0, 7, 12, 8, 4, 9, 11, 12, 0, 0, 2, 5, 0, 9, 0, 24, 7, 11, 0, -2, 0, 0, 0, -1, 5, 4, 0, 0, 0, -1, 0, 15, 0, 10, 13, 25, 33, 11, 0, 0, -1, 11, 5, 12, 0, 4, -3, 5, -2, 8, 18, 3, -1, 19, 12, 2, 1, -2, 0, 0, 8, 0, 2};
weight_ih[156] = {-4, -14, -18, -29, 0, -24, 0, 18, 0, 0, -15, 13, -21, -16, 50, -5, -34, 0, 0, 5, 1, 0, 1, 0, 9, -20, 11, 0, 14, 0, 0, 0, 9, -26, -34, 0, 0, 0, -3, 0, -10, 0, -49, -12, -23, 40, -31, 0, 0, 8, -11, -13, 4, 0, -17, -41, 9, -5, 11, 44, 28, 16, 56, -47, 9, -10, -4, 0, -44, 19, 0, -14};
weight_ih[157] = {-63, 12, 6, 2, 0, -17, 0, 5, 0, 0, 37, 24, 21, 9, 56, -7, 37, 0, 0, 41, 30, 0, 34, 0, 4, -11, 68, 0, -13, 0, 0, 0, -7, 1, -11, 0, 0, 0, 2, 0, -45, 0, 25, 23, -2, 32, -2, 0, 0, 3, 2, 46, 26, 0, -50, -49, -26, 2, -9, 6, 8, -35, 9, -32, -7, -11, 0, 0, -37, -37, 0, -20};
weight_ih[158] = {-1, 16, 0, 14, 0, 25, 0, -15, 0, 0, 10, 34, -28, 7, 28, 56, 12, 0, 0, 3, -13, 0, 15, 0, -15, 14, -10, 0, -7, 0, 0, 0, 50, 3, 1, 0, 0, 0, 2, 0, -18, 0, -18, -34, -3, 46, -3, 0, 0, 17, 6, 1, 17, 0, 52, -29, -51, 1, 27, -12, 5, 2, -19, -5, 17, 12, 2, 0, -6, -30, 0, -15};
weight_ih[159] = {-2, -7, -26, 5, 0, 2, 0, -8, 0, 0, -5, -11, -9, -5, -8, -10, -12, 0, 0, 1, -6, 0, -8, 0, -20, -7, -9, 0, 0, 0, 0, 0, 1, -4, -5, 0, 0, 0, 1, 0, -15, 0, -10, -12, -19, -34, -12, 0, 0, 0, -10, -4, -10, 0, -5, 3, -5, 1, -7, -19, -3, 1, -17, -11, -2, -1, 0, 0, -1, -6, 0, -1};
weight_ih[160] = {29, -28, 29, 11, 0, 70, 0, 34, 0, 0, -49, -54, 51, -29, -21, 4, -10, 0, 0, 27, 13, 0, -42, 0, 41, -12, -57, 0, 4, 0, 0, 0, -20, -18, 38, 0, 0, 0, 4, 0, -4, 0, -24, 11, 12, 13, -13, 0, 0, 36, 8, -3, 59, 0, 8, 41, 9, 4, -7, 83, 38, 16, 4, -16, 5, -34, 5, 0, 16, -46, 0, 26};
weight_ih[161] = {2, 7, 30, 2, 0, 0, 0, 11, 0, 0, 7, 11, 8, 4, 10, 9, 11, 0, 0, 3, 5, 0, 9, 0, 26, 8, 12, 0, -1, 0, 0, 0, -2, 4, 4, 0, 0, 0, -1, 0, 14, 0, 11, 14, 22, 32, 9, 0, 0, 0, 11, 5, 10, 0, 6, -2, 6, -2, 8, 17, 3, -1, 19, 12, 2, 1, -2, 0, 1, 7, 0, 1};
weight_ih[162] = {2, 8, 30, 2, 0, -1, 0, 11, 0, 0, 9, 11, 9, 5, 9, 10, 12, 0, 0, 2, 5, 0, 9, 0, 26, 8, 13, 0, -3, 0, 0, 0, -4, 3, 4, 0, 0, 0, -2, 0, 15, 0, 12, 14, 24, 31, 8, 0, 0, -1, 12, 4, 12, 0, 5, -1, 8, -3, 8, 19, 2, -1, 19, 13, 3, -1, -3, 0, 0, 8, 0, 0};
weight_ih[163] = {6, 10, 19, -7, 0, 43, 0, 8, 0, 0, 54, 65, -57, -39, -33, 24, -19, 0, 0, 31, -33, 0, 26, 0, 26, 10, 2, 0, -6, 0, 0, 0, 7, 3, -1, 0, 0, 0, 4, 0, -7, 0, 25, -36, 22, -51, -47, 0, 0, 51, -28, -14, 52, 0, -26, 22, 0, 6, 19, -36, -35, -15, -18, 13, -16, 18, 0, 0, 46, -28, 0, 17};
weight_ih[164] = {-38, 29, 6, 9, 0, -51, 0, 1, 0, 0, 9, -49, 51, -31, 28, -57, -8, 0, 0, -13, -7, 0, 4, 0, 34, 37, 5, 0, -10, 0, 0, 0, 34, 11, -12, 0, 0, 0, -7, 0, -49, 0, -38, 56, -22, -76, 10, 0, 0, 17, -4, -26, 44, 0, 28, 26, -48, -5, 79, -1, -10, -32, 21, -1, 0, -15, -5, 0, 49, 21, 0, -30};
weight_ih[165] = {-14, -18, 36, -14, 0, 5, 0, -25, 0, 0, 14, 23, -25, -45, 3, 33, -46, 0, 0, -8, 3, 0, 4, 0, -8, -21, -2, 0, -57, 0, 0, 0, 16, -31, -49, 0, 0, 0, 0, 0, -15, 0, 18, -10, -12, 37, -1, 0, 0, -60, -21, -22, 2, 0, 42, -43, 0, 0, 26, 9, -54, -19, 22, -58, 23, -17, -1, 0, -44, 1, 0, 41};
weight_ih[166] = {13, 13, 57, 3, 0, 1, 0, 41, 0, 0, -65, -20, -6, -33, -9, -17, 31, 0, 0, -15, -72, 0, -2, 0, -55, 0, -27, 0, -13, 0, 0, 0, 27, -33, -6, 0, 0, 0, 0, 0, 91, 0, -14, -49, 54, -101, -19, 0, 0, -17, 5, -27, -10, 0, 84, -34, -33, 2, 33, 16, -4, 15, -2, 29, -21, -6, 2, 0, 22, 23, 0, 23};
weight_ih[167] = {2, 8, 30, 2, 0, -1, 0, 11, 0, 0, 7, 11, 7, 5, 9, 10, 10, 0, 0, 1, 4, 0, 9, 0, 27, 8, 12, 0, -2, 0, 0, 0, -2, 4, 4, 0, 0, 0, -1, 0, 14, 0, 12, 15, 23, 31, 9, 0, 0, -1, 11, 5, 11, 0, 5, -2, 7, -2, 9, 19, 2, -1, 21, 12, 2, 1, -2, 0, 0, 8, 0, 0};
weight_ih[168] = {13, 8, -8, -9, 0, -15, 0, 53, 0, 0, 45, 4, -44, -3, -26, -29, -7, 0, 0, -21, -47, 0, 16, 0, -3, -19, 6, 0, 7, 0, 0, 0, -9, 15, 21, 0, 0, 0, -6, 0, -7, 0, -17, -14, 6, -26, 22, 0, 0, -7, 29, -11, -38, 0, 23, -3, 13, -5, 40, -34, 34, -4, -34, 68, -12, 26, -3, 0, 24, -45, 0, -29};
weight_ih[169] = {1, -20, 11, -36, 0, -7, 0, -31, 0, 0, 0, 49, -52, -42, 68, 28, 4, 0, 0, -56, -23, 0, 1, 0, -16, -14, 3, 0, -3, 0, 0, 0, -2, 7, 9, 0, 0, 0, 2, 0, -9, 0, 66, -6, 3, -30, 20, 0, 0, -26, 58, -7, -23, 0, 12, 26, 3, 0, 54, -21, -18, -52, -10, 15, 13, 39, 3, 0, 25, -10, 0, -8};
weight_ih[170] = {-9, 39, 43, -27, 0, -48, 0, -40, 0, 0, -11, -76, 47, 10, -39, -54, 20, 0, 0, -46, 3, 0, 26, 0, 23, 35, 47, 0, -17, 0, 0, 0, -18, 38, -12, 0, 0, 0, -1, 0, 3, 0, -25, 48, -17, 35, 41, 0, 0, -38, -28, 5, 66, 0, -48, -26, 16, 1, -44, 52, -66, -6, -33, 18, -1, 41, 1, 0, 5, 25, 0, -6};
weight_ih[171] = {-15, -14, 20, 24, 0, -15, 0, -7, 0, 0, -7, -22, 17, -4, -7, -7, -15, 0, 0, 19, -4, 0, -2, 0, 27, 1, 8, 0, -11, 0, 0, 0, 21, 3, 1, 0, 0, 0, -2, 0, -8, 0, -10, 20, -23, -64, 30, 0, 0, 2, -6, -8, -1, 0, 17, 9, -5, -2, 15, -1, -9, -2, 45, 21, 37, 10, 0, 0, -10, 43, 0, 7};
weight_ih[172] = {-2, -7, -28, -1, 0, 1, 0, -10, 0, 0, -8, -11, -8, -4, -9, -10, -11, 0, 0, -2, -5, 0, -9, 0, -25, -7, -12, 0, 2, 0, 0, 0, 3, -4, -4, 0, 0, 0, 1, 0, -14, 0, -11, -14, -23, -33, -9, 0, 0, 1, -12, -4, -11, 0, -5, 2, -7, 2, -10, -19, -3, 0, -19, -12, -3, 0, 2, 0, 0, -8, 0, -1};
weight_ih[173] = {-1, -7, -29, -1, 0, 1, 0, -10, 0, 0, -7, -11, -7, -5, -10, -10, -10, 0, 0, -1, -4, 0, -9, 0, -26, -7, -13, 0, 1, 0, 0, 0, 2, -4, -4, 0, 0, 0, 1, 0, -14, 0, -11, -14, -25, -32, -10, 0, 0, 1, -12, -5, -12, 0, -5, 3, -7, 2, -10, -19, -3, 1, -20, -13, -2, -2, 2, 0, 1, -8, 0, -1};
weight_ih[174] = {-37, 20, 49, 8, 0, -22, 0, -5, 0, 0, -48, -37, -12, -57, 8, -42, -15, 0, 0, -10, 9, 0, 27, 0, 14, 8, -14, 0, -15, 0, 0, 0, 40, 1, 13, 0, 0, 0, 2, 0, 28, 0, -2, -7, -1, -116, -37, 0, 0, 2, 23, 5, -30, 0, 22, -31, -37, 3, -13, 10, -22, 29, -12, 38, -20, 1, 1, 0, 7, 3, 0, -16};
weight_ih[175] = {-5, 3, -9, -26, 0, -2, 0, -2, 0, 0, -21, -33, 19, 22, 12, -64, 26, 0, 0, -14, -16, 0, -16, 0, 24, -5, 43, 0, 53, 0, 0, 0, 7, 11, -43, 0, 0, 0, -2, 0, -36, 0, -24, 27, 55, -36, -3, 0, 0, -14, 7, 1, 2, 0, 26, -23, -27, -2, -23, 30, 10, 6, -49, 18, -12, 37, 1, 0, -13, -40, 0, 48};
weight_ih[176] = {-29, -22, 21, 13, 0, 0, 0, 14, 0, 0, 40, -20, 7, -13, -62, 26, -36, 0, 0, -49, -34, 0, 7, 0, 26, 6, -74, 0, 16, 0, 0, 0, -33, -24, -29, 0, 0, 0, 1, 0, -32, 0, -16, -29, 17, 3, -16, 0, 0, -5, 36, -19, 46, 0, -84, 11, 53, -1, 13, 9, 88, 18, -32, 14, 11, -1, 0, 0, -24, 38, 0, -45};
weight_ih[177] = {-1, 2, 4, -18, 0, 0, 0, -9, 0, 0, -42, -22, 15, 9, -5, -13, 5, 0, 0, -29, 45, 0, 9, 0, 24, -25, 28, 0, 9, 0, 0, 0, -26, 6, -2, 0, 0, 0, 6, 0, -52, 0, -14, -12, -49, -13, 0, 0, 0, -37, 6, 9, 1, 0, 12, 17, 9, 7, 9, -7, -5, 19, -10, 10, 5, 34, 6, 0, 23, 4, 0, 41};
weight_ih[178] = {-8, -34, -12, 0, 0, 28, 0, -11, 0, 0, 36, -9, 43, -70, -13, 0, 24, 0, 0, 5, 5, 0, 17, 0, -2, -44, 19, 0, 7, 0, 0, 0, -3, -1, -1, 0, 0, 0, 7, 0, -23, 0, 30, -5, -16, 55, -1, 0, 0, 18, -3, 0, -2, 0, 16, 19, 4, 9, -1, 0, 38, -5, 59, -23, 44, -9, 0, 0, -9, 25, 0, 25};
weight_ih[179] = {-12, -17, -14, -9, 0, -3, 0, 0, 0, 0, -34, -32, 6, -11, 6, -46, 29, 0, 0, 35, -40, 0, 7, 0, 63, -22, 9, 0, -4, 0, 0, 0, 15, -7, -9, 0, 0, 0, 3, 0, 20, 0, -9, 33, -13, -35, 23, 0, 0, -5, 0, 5, 25, 0, -13, -27, -17, 2, 51, -12, 8, -26, 46, 14, 9, -15, 1, 0, -12, 1, 0, 14};
weight_ih[180] = {-19, -10, -37, -30, 0, 13, 0, 1, 0, 0, 3, 17, -8, -9, -2, 4, -1, 0, 0, 3, 4, 0, -1, 0, 0, -23, -27, 0, -3, 0, 0, 0, -37, 7, -2, 0, 0, 0, -7, 0, 7, 0, 7, 14, -5, 65, 3, 0, 0, 8, -14, -6, 11, 0, -15, 5, -31, -8, 13, -12, -11, -3, 19, 16, -31, 12, -4, 0, 0, -28, 0, 1};
weight_ih[181] = {-2, -42, 2, 2, 0, -37, 0, -2, 0, 0, -24, -29, -8, -54, -20, -53, -18, 0, 0, -3, 1, 0, -58, 0, -23, 22, -19, 0, -5, 0, 0, 0, -46, -1, -20, 0, 0, 0, 1, 0, 3, 0, 13, -24, -9, -22, 4, 0, 0, -6, -7, -2, -52, 0, 35, -9, -12, -1, -43, -9, 47, -17, -43, 45, 6, 1, -1, 0, 7, -13, 0, -39};
weight_ih[182] = {-51, 20, 44, -3, 0, -10, 0, -12, 0, 0, -4, 1, -1, -14, 7, 5, 37, 0, 0, -42, -7, 0, 28, 0, 41, -6, 16, 0, -24, 0, 0, 0, 22, 8, 1, 0, 0, 0, -1, 0, 5, 0, 4, 0, -62, 8, -4, 0, 0, -38, 0, -6, -47, 0, -12, -6, -22, -2, 2, -16, -47, -4, 16, -9, -5, -10, -3, 0, 4, 0, 0, 26};
weight_ih[183] = {34, 25, 57, 7, 0, 28, 0, 27, 0, 0, -35, -2, -51, -28, -5, -43, -37, 0, 0, 11, -29, 0, -13, 0, 38, 25, -17, 0, -55, 0, 0, 0, 31, -13, 0, 0, 0, 0, 6, 0, 21, 0, -20, -1, -7, -28, 31, 0, 0, 9, -21, 29, -10, 0, 55, -23, -14, 6, -5, 2, -27, 13, -9, 19, -9, -1, 2, 0, 33, -1, 0, -31};
weight_ih[184] = {13, -13, -35, 2, 0, -27, 0, 29, 0, 0, 35, 29, 33, 25, -22, -7, 3, 0, 0, 29, 9, 0, -21, 0, -27, -19, -23, 0, 16, 0, 0, 0, -32, -11, 26, 0, 0, 0, -2, 0, 13, 0, 24, -38, -64, 35, -3, 0, 0, -57, -54, -1, -44, 0, 7, -30, -10, -3, -11, -23, 30, 3, -33, -2, 22, 3, -4, 0, -2, -2, 0, 13};
weight_ih[185] = {20, -24, -36, 3, 0, 11, 0, -2, 0, 0, -8, 5, 3, 21, -18, 34, -19, 0, 0, 39, 38, 0, -14, 0, -5, -23, -15, 0, 41, 0, 0, 0, 9, 27, 20, 0, 0, 0, 1, 0, 31, 0, -67, -51, -59, 19, -53, 0, 0, 3, -36, -14, -19, 0, -34, 0, -5, -1, -41, -61, 16, 11, -10, 2, -8, 27, 0, 0, -6, 4, 0, 4};
weight_ih[186] = {25, -19, -13, -24, 0, -20, 0, -23, 0, 0, 12, 18, 29, 29, 3, 25, 16, 0, 0, 25, 18, 0, 3, 0, -1, -6, 1, 0, 13, 0, 0, 0, -8, 2, -1, 0, 0, 0, 2, 0, 18, 0, 13, -37, -2, 47, 0, 0, 0, -4, -29, 7, -83, 0, -16, 8, 28, 2, -14, -52, -13, 3, -17, 16, -33, 2, 2, 0, 6, -37, 0, 19};
weight_ih[187] = {-6, -15, 26, 11, 0, 12, 0, 9, 0, 0, 0, -17, 0, -1, -32, 8, -14, 0, 0, 26, -35, 0, -19, 0, 45, 20, -36, 0, -11, 0, 0, 0, 11, -10, 3, 0, 0, 0, 6, 0, 33, 0, 12, 21, -4, -71, 10, 0, 0, -6, -55, -5, -5, 0, -43, -26, -17, 6, 19, 17, 0, -15, 51, -13, -8, 25, 6, 0, 9, 3, 0, -10};
weight_ih[188] = {2, -17, -29, 16, 0, -2, 0, 11, 0, 0, 77, 45, -23, -7, -33, -45, -3, 0, 0, 7, -39, 0, -14, 0, 20, -10, 36, 0, -11, 0, 0, 0, -24, 17, -12, 0, 0, 0, 1, 0, -22, 0, -11, 10, 58, -28, -15, 0, 0, 14, 43, -14, 36, 0, -24, 21, 12, -3, 34, 80, 12, 0, 4, 12, 11, 13, 1, 0, -26, 1, 0, 7};
weight_ih[189] = {12, 44, 10, -8, 0, 9, 0, -10, 0, 0, 12, -30, 53, 33, -62, -30, -17, 0, 0, -9, -12, 0, -22, 0, 48, 36, 23, 0, 25, 0, 0, 0, 74, 30, -36, 0, 0, 0, 1, 0, 7, 0, 43, 12, -12, -25, 2, 0, 0, -16, 18, 8, 33, 0, -19, 46, -21, -2, -6, 35, -7, 23, 20, -13, 11, -45, -1, 0, 3, 21, 0, -18};
weight_ih[190] = {9, 2, 12, -28, 0, 16, 0, -23, 0, 0, -49, -18, 37, -10, 55, 20, 14, 0, 0, 52, 54, 0, 0, 0, -40, 21, -52, 0, -32, 0, 0, 0, 75, -12, -6, 0, 0, 0, 4, 0, -8, 0, -45, 32, -35, 13, 51, 0, 0, 24, -27, 19, -70, 0, 67, -69, -41, 2, 9, -57, -60, -26, 44, -39, -42, -54, 0, 0, -28, -11, 0, 60};
weight_ih[191] = {-8, 0, -21, -9, 0, -11, 0, -22, 0, 0, -3, -55, 34, -41, -33, -43, -13, 0, 0, -15, -5, 0, 5, 0, 9, -14, 18, 0, -18, 0, 0, 0, 12, 51, 19, 0, 0, 0, 2, 0, -6, 0, 16, 23, -23, 0, 8, 0, 0, -7, 27, -1, -5, 0, 14, 63, -29, 4, -43, 24, 35, -5, -32, -31, 27, -11, -1, 0, 1, 2, 0, 0};
weight_ih[192] = {38, 21, 15, 21, 0, 32, 0, 12, 0, 0, -24, -69, 72, 8, -61, -33, 19, 0, 0, 6, -60, 0, -1, 0, -37, -17, -63, 0, -21, 0, 0, 0, -30, -26, -2, 0, 0, 0, 2, 0, 23, 0, -27, -39, 2, -13, -20, 0, 0, 33, 0, 14, 34, 0, 0, 63, -39, 1, 14, 71, 9, 29, -34, -18, -14, -24, 1, 0, 19, 38, 0, 6};
weight_ih[193] = {-32, 1, 22, 27, 0, 22, 0, -16, 0, 0, 16, -48, 9, -20, -1, -19, 4, 0, 0, -32, -22, 0, 4, 0, 13, -19, 3, 0, 34, 0, 0, 0, 39, -9, 23, 0, 0, 0, 4, 0, -18, 0, -10, 12, -25, 3, -6, 0, 0, 39, 60, -21, 42, 0, 5, 35, 16, 5, 55, 70, 18, -14, 37, -20, -1, 47, 3, 0, -7, 28, 0, -35};
weight_ih[194] = {-27, 17, 14, -25, 0, 10, 0, -1, 0, 0, -61, -28, 12, -129, 3, -6, 35, 0, 0, -44, -22, 0, 14, 0, 12, -19, 10, 0, -17, 0, 0, 0, -18, -10, 1, 0, 0, 0, -4, 0, -7, 0, 2, -7, 4, -87, 5, 0, 0, -12, 16, -78, -14, 0, -20, -13, -8, 0, 15, 1, -13, -23, -7, 25, -18, 36, 2, 0, -6, -4, 0, 24};
weight_ih[195] = {-37, 35, 41, 19, 0, -7, 0, -10, 0, 0, 29, 3, 24, 82, 35, -4, -10, 0, 0, 22, -25, 0, 7, 0, 46, 38, -7, 0, 4, 0, 0, 0, 30, -5, -19, 0, 0, 0, 1, 0, -56, 0, 5, 30, -15, -24, -4, 0, 0, 11, -32, 2, -19, 0, -23, -3, 17, 0, 14, 5, 15, 9, 19, 18, 41, -18, 0, 0, 1, 83, 0, 1};
weight_ih[196] = {-60, -36, 33, 22, 0, 10, 0, 9, 0, 0, 30, 9, 3, 72, -11, 41, 2, 0, 0, 4, 0, 0, 21, 0, -21, -7, 3, 0, -4, 0, 0, 0, -20, -2, 4, 0, 0, 0, 3, 0, 9, 0, 13, -17, 12, 60, 31, 0, 0, -4, 15, 11, 3, 0, 20, -8, -9, 5, -21, 5, -10, 21, 36, 18, -38, 24, 2, 0, -15, -10, 0, -17};
weight_ih[197] = {12, 19, 44, 15, 0, 1, 0, -26, 0, 0, 3, -11, -29, -41, 14, -2, 33, 0, 0, 6, -3, 0, -2, 0, 65, 42, 6, 0, 11, 0, 0, 0, 25, 38, 3, 0, 0, 0, 2, 0, 20, 0, -3, 32, -3, -78, 36, 0, 0, 13, -5, -10, -1, 0, 25, -7, 10, 1, -12, 12, -4, -20, -17, 23, -18, -15, 2, 0, -31, -52, 0, 17};
weight_ih[198] = {-2, -6, -22, 48, 0, 10, 0, -2, 0, 0, 37, 25, -5, -8, 17, 23, -32, 0, 0, 31, 25, 0, 13, 0, 9, -2, -14, 0, 0, 0, 0, 0, 5, 13, -49, 0, 0, 0, 6, 0, -49, 0, 45, -20, 7, 33, -26, 0, 0, 21, -7, 10, -23, 0, 29, 5, 5, 8, 2, -43, -27, 26, -24, 45, -20, 56, 1, 0, 31, -23, 0, 13};
weight_ih[199] = {4, -11, 48, 25, 0, 29, 0, -10, 0, 0, -5, -42, 40, 21, -15, 20, 32, 0, 0, 12, 28, 0, -33, 0, -19, 3, -53, 0, -31, 0, 0, 0, -5, -8, 25, 0, 0, 0, -3, 0, 8, 0, -42, -29, -28, 38, -18, 0, 0, -9, 0, 16, -57, 0, 19, 22, -17, -3, -6, -19, -3, 26, -26, -29, -12, -40, -1, 0, 44, -16, 0, 35};
weight_ih[200] = {0, -15, -28, -9, 0, 15, 0, -16, 0, 0, 38, 32, -29, -11, 1, -6, -22, 0, 0, 31, -24, 0, -6, 0, -33, -10, 49, 0, 16, 0, 0, 0, -51, 10, -9, 0, 0, 0, -2, 0, 5, 0, -27, -17, -3, -18, 10, 0, 0, 0, -4, 28, -9, 0, -18, 31, 32, -1, 7, 9, -62, 42, -26, -24, -21, 13, 2, 0, 53, -20, 0, 3};
weight_ih[201] = {-19, -38, 32, 25, 0, -36, 0, -12, 0, 0, 7, -15, -24, -20, -25, -33, 11, 0, 0, -5, 19, 0, 1, 0, -5, -5, 27, 0, 7, 0, 0, 0, -24, -13, -28, 0, 0, 0, -2, 0, -9, 0, -20, -10, 32, -14, 7, 0, 0, 17, -32, -5, -6, 0, -28, 23, 51, -4, -22, 40, 12, 16, 12, 21, -7, 30, 0, 0, -39, 23, 0, -44};
weight_ih[202] = {15, -59, 9, -29, 0, -16, 0, 10, 0, 0, -28, 18, 13, -2, 50, 36, 29, 0, 0, 29, 39, 0, -22, 0, -11, -19, 36, 0, -7, 0, 0, 0, 10, -31, -4, 0, 0, 0, -2, 0, 29, 0, -20, -10, -3, 76, -8, 0, 0, 4, -27, 44, -24, 0, 15, -49, -15, -5, -19, -34, -10, 1, 32, -6, -20, 45, 1, 0, 25, -7, 0, 36};
weight_ih[203] = {-32, -21, 8, 16, 0, -5, 0, 4, 0, 0, -31, -44, 52, -14, 18, -36, 21, 0, 0, -58, 35, 0, -46, 0, 11, -15, 0, 0, 14, 0, 0, 0, -4, -20, -39, 0, 0, 0, 1, 0, 21, 0, -55, -24, -30, 49, 17, 0, 0, -18, 28, 4, 8, 0, 55, 46, 14, 2, -20, 45, 88, 20, 16, -13, 31, -8, -1, 0, 7, 9, 0, -4};
weight_ih[204] = {19, -24, 15, -11, 0, 24, 0, 27, 0, 0, 22, 58, 14, 3, 15, 1, 67, 0, 0, 18, 3, 0, 29, 0, -49, -28, 36, 0, 16, 0, 0, 0, -15, -38, 1, 0, 0, 0, 2, 0, 62, 0, 18, -37, 34, 84, -36, 0, 0, -5, 12, 15, -28, 0, 17, -11, 31, 3, 15, 30, 45, 19, -2, -35, -3, -13, 2, 0, -3, 4, 0, 18};
weight_ih[205] = {-9, 21, 41, 11, 0, -10, 0, 18, 0, 0, -9, -24, -8, -6, 5, -11, 14, 0, 0, 23, -4, 0, -12, 0, 72, 42, -34, 0, 13, 0, 0, 0, 14, 33, 0, 0, 0, 0, 12, 0, -8, 0, -24, 44, -7, -72, 31, 0, 0, 1, -23, -24, 25, 0, -23, 1, -7, 11, -1, 4, -17, -12, -4, 23, -1, 1, 7, 0, -7, -21, 0, 4};
weight_ih[206] = {24, -28, -16, -13, 0, 19, 0, -12, 0, 0, 10, 31, -23, 14, 12, 21, 10, 0, 0, 8, 22, 0, -11, 0, -30, -35, -5, 0, 33, 0, 0, 0, -17, 4, 2, 0, 0, 0, 3, 0, -7, 0, 22, 10, 15, 84, -1, 0, 0, -2, 4, 27, 2, 0, 22, -21, -4, 4, 26, -13, -14, 28, -22, -43, 2, -25, -1, 0, 19, 26, 0, 4};
weight_ih[207] = {-26, -8, -14, 5, 0, 17, 0, 27, 0, 0, 15, 31, -15, 27, 6, -46, -10, 0, 0, 18, 7, 0, -20, 0, 17, -20, 0, 0, 0, 0, 0, 0, -6, 2, 18, 0, 0, 0, 3, 0, -1, 0, 17, -34, -21, 17, -62, 0, 0, 2, 28, 7, -21, 0, -6, -17, 11, 1, 27, -3, 35, -26, -38, -1, -43, -15, 2, 0, 5, -91, 0, 15};
weight_ih[208] = {36, 9, 4, -11, 0, 8, 0, -17, 0, 0, -16, -8, 20, 16, 1, 14, 15, 0, 0, 19, -21, 0, 24, 0, -49, -19, -3, 0, 13, 0, 0, 0, -19, 24, -26, 0, 0, 0, -6, 0, 11, 0, 25, -26, 13, 42, -10, 0, 0, -3, 8, -7, -14, 0, 35, -13, 14, -8, 16, -9, 2, 0, -2, -7, 25, -17, -2, 0, 28, 24, 0, -17};
weight_ih[209] = {7, -7, 3, -5, 0, -80, 0, 1, 0, 0, -14, 50, -8, 15, 44, 11, -1, 0, 0, -15, 0, 0, -38, 0, 3, 16, -11, 0, 26, 0, 0, 0, -2, -7, 16, 0, 0, 0, 5, 0, 36, 0, 24, 16, 13, 8, 30, 0, 0, -65, 20, 28, 37, 0, 7, 15, 15, 5, 65, 36, -40, -26, -12, -34, -3, -36, 4, 0, -21, 8, 0, -24};
weight_ih[210] = {-10, 19, 28, -20, 0, -7, 0, 13, 0, 0, -5, -12, -2, 17, -9, -19, 35, 0, 0, -14, 15, 0, 2, 0, -6, 26, -32, 0, -3, 0, 0, 0, -21, -20, 21, 0, 0, 0, 0, 0, 5, 0, 3, -22, 11, 25, 21, 0, 0, -13, -6, 6, -42, 0, -17, 0, -5, 0, 1, 20, 6, 13, -23, 24, -17, 1, 0, 0, -5, 11, 0, 24};
weight_ih[211] = {-15, -27, -28, -17, 0, -5, 0, -3, 0, 0, -19, -25, -8, -8, -33, -30, 7, 0, 0, -24, -45, 0, 12, 0, 22, -31, 5, 0, 20, 0, 0, 0, -16, 11, -49, 0, 0, 0, 0, 0, 15, 0, 4, -29, -1, -32, -15, 0, 0, 22, 7, -10, -1, 0, -7, -10, 4, 3, -33, 7, 6, -6, -23, 6, -5, 4, 0, 0, -31, -51, 0, -20};
weight_ih[212] = {19, 9, 19, 21, 0, -1, 0, -29, 0, 0, 32, -4, -8, 4, -48, 35, -36, 0, 0, -18, 25, 0, 13, 0, 18, 3, 40, 0, -14, 0, 0, 0, 12, 0, 10, 0, 0, 0, 4, 0, 9, 0, 24, 14, -19, -5, 6, 0, 0, 0, -16, 4, -2, 0, 14, -7, 37, 4, 29, 1, 2, 25, 50, 15, 11, 1, 1, 0, -9, 26, 0, -10};
weight_ih[213] = {39, -20, -55, -19, 0, 4, 0, -19, 0, 0, -11, 22, -33, 26, 38, 11, -18, 0, 0, 10, 38, 0, -14, 0, -32, -35, -22, 0, -4, 0, 0, 0, -16, -25, -30, 0, 0, 0, -2, 0, 15, 0, -45, -34, 20, 26, -52, 0, 0, -3, -11, 7, 10, 0, 14, 16, 37, -1, 22, 3, -3, 9, 24, -15, 5, 6, -1, 0, -13, 20, 0, -16};
weight_ih[214] = {-21, -20, -32, 7, 0, -5, 0, -30, 0, 0, -6, 1, -15, 3, -24, 7, 80, 0, 0, -27, -2, 0, 30, 0, 19, -13, -31, 0, 14, 0, 0, 0, -45, -4, 32, 0, 0, 0, -2, 0, 67, 0, -18, -14, -20, -89, 1, 0, 0, 10, -32, -8, -1, 0, 30, -4, -8, -3, -22, -1, -23, 0, 5, 16, -30, 0, -1, 0, -19, -39, 0, 27};
weight_ih[215] = {-23, 3, 42, -13, 0, -3, 0, 25, 0, 0, 13, -8, -22, 13, -21, 28, 4, 0, 0, 10, 3, 0, 26, 0, 39, -8, 3, 0, -2, 0, 0, 0, -14, -14, -1, 0, 0, 0, 7, 0, -15, 0, -5, 0, -9, -25, 38, 0, 0, -11, 1, -9, -33, 0, 10, -12, -7, 6, -9, 7, 49, -40, 55, 50, 9, -50, 3, 0, 17, 5, 0, 14};

Bias_ih (8 bit):
 {603, -360, -399, 262, 191, 2, 51, 155, -148, -203, 27, 327, 217, -171, 301, -384, 162, -163, -47, 54, -7, -296, 4, -333, -164, 58, 384, 383, 730, -32, -566, -435, -33, 39, 319, 398, 671, 77, -16, 173, 230, -3, -410, -409, -231, 10, 139, 407, 409, 584, 205, -218, 61, 406, 410, -435, -369, -289, 310, 171, 405, -109, 308, 240, -108, -103, -415, -55, 170, 310, 304, 203, 165, 43, 469, 381, 15, 305, 59, -105, 27, -154, 0, -125, 81, 111, 308, 178, 238, 180, -171, -277, -96, -7, 253, 170, 187, 179, 231, 100, 426, 350, 269, 334, -37, 384, 249, -180, 477, -83, 168, 86, 145, -66, -90, -91, -267, 199, 151, -37, -103, -90, -236, -185, 327, -84, -85, 319, -52, 639, -18, 267, -75, 250, 83, 286, 73, -9, -99, 204, 83, 90, -194, -91, 84, -22, -27, 69, 73, 135, 5, 167, 172, 141, -51, 28, -130, 115, 119, 29, 233, 99, 167, 146, 39, 145, 40, 39, 132, 108, 89, -11, -7, 18, 90, -78, -82, -11, 126, 196, 70, 129, 143, 103, 154, 93, 133, 136, 177, -48, -14, -122, 133, 59, 80, 235, -79, 129, 136, 62, 125, 95, 154, 129, 134, 128, 90, -118, 105, 137, 139, -67, 138, 146, 141, -178};
Weight_hh (8 bit):
weight_hh[0] = {9, 7, 5, -15, -13, 6, -3, 7, 28, 5, -9, 4, 23, 8, -16, 1, -16, -18, 0, -18, 10, 9, 6, 29, 15, -30, 18, 32, -1, -22, 60, -16, -9, -12, -36, -11, 6, -12, 26, -17, -6, 1, 10, 10, 12, -40, -21, 17, -9, -5, -46, -13, -43, -10, -9, 12, 10, -18, -4, 6, -10, -63, -19, 17, 14, 28, 9, -31, -42, -2, 0, -6};
weight_hh[1] = {3, 2, -4, 0, 2, -4, 3, 1, 1, 0, -6, 1, -5, -4, -3, -2, -4, -2, -3, 0, 2, 0, 0, 0, -5, -6, 1, 4, -2, 0, 4, -1, -1, 3, 4, 7, -3, -1, 4, -6, 1, -7, -8, -8, -2, 0, 4, -2, 8, 4, -4, 4, 5, 8, 8, -7, -8, -2, 2, 3, 8, -1, 4, 2, 0, 3, -8, -1, -6, 0, 6, -1};
weight_hh[2] = {8, -15, 17, 14, -9, -24, 18, 7, -12, -10, -2, 4, -8, 1, -2, -8, 2, 8, -1, -8, 3, 5, 14, 2, -15, 6, -4, 29, -20, 6, 19, -13, -31, -1, -54, 1, -15, -8, -32, 13, 10, 4, -8, -8, -8, -26, -24, -5, 7, 4, 33, 30, -20, 9, 9, 19, -5, 36, 12, -12, 8, -13, 17, -3, 36, 9, -8, -41, -15, -3, -11, -41};
weight_hh[3] = {2, -11, -5, -8, 5, -3, 16, 5, -6, 6, -5, 17, -3, -14, -23, 20, 6, -10, -8, 4, 15, -6, -11, -25, -15, -2, 7, 7, -4, -21, 6, 0, -21, -19, 21, 6, 5, -13, 0, -19, 29, -15, -5, -7, -5, -34, 27, 1, 6, -4, -2, 4, 8, 7, 6, -22, -6, 3, 1, -25, 7, -5, -32, 1, 37, 14, -6, -7, -12, -24, 10, -6};
weight_hh[4] = {-6, -4, -7, 0, -39, 2, 11, 13, 11, -3, 9, 0, -9, 50, 0, 11, -10, -5, 11, -3, -24, -2, 25, 23, 21, 5, -2, 2, -5, 23, 65, 8, -4, -30, 25, -9, 15, 2, -3, -13, 30, 6, 4, 5, 3, 5, 11, 11, -4, 11, -9, 22, -28, -4, -4, -26, 7, 10, 1, -8, -4, 41, 21, 7, 31, 6, 4, -21, 66, -19, -2, 3};
weight_hh[5] = {2, -1, -1, 4, 2, 1, 1, 3, 1, 3, -2, 1, 0, -4, 4, -3, -4, -1, -3, -2, -3, 1, -1, -2, -2, 1, 0, 4, -1, -3, -4, -3, 1, 0, 1, 6, 4, -1, 1, -3, 1, -3, -7, -7, -6, 2, 0, -3, 7, 4, -2, -4, -1, 7, 7, 0, -7, -2, 3, 3, 7, -4, 3, 1, 0, 1, -7, -2, -1, 2, 5, 3};
weight_hh[6] = {-17, -3, -15, -34, -20, -5, -40, -2, 13, 17, 0, -1, 51, -31, -41, -50, 23, -47, -12, -12, -3, 3, -25, -43, -25, 25, 18, 44, -1, -22, 14, 33, 3, -15, -15, 7, 3, -2, -20, -3, 11, -18, -8, -8, -13, 26, 24, 18, 8, 16, 7, -14, 10, 8, 7, 9, -7, 2, 9, -46, 7, 10, 21, -13, -11, -25, -8, 14, -16, 18, 22, 0};
weight_hh[7] = {-6, -8, -7, 22, -1, 4, 20, -1, -6, 4, -7, 7, -21, 11, 19, 16, -10, 8, -9, -6, -25, -6, -18, 22, 19, 21, -9, -10, -2, 46, 9, -17, 16, -13, 0, 5, 1, 18, 19, -17, -2, -1, -6, -6, -7, 20, -5, -47, 6, -13, 18, -33, 26, 6, 6, -7, -6, 4, -5, 27, 6, -13, 11, 20, -5, -1, -6, 15, 21, 25, 3, 1};
weight_hh[8] = {-7, -11, 26, 16, 12, -7, -35, 2, 9, -2, 18, 1, 7, 11, 35, 6, 11, -12, 7, 7, -13, -1, 58, 0, 39, -32, 34, 9, -22, -10, 34, -37, 17, 4, 9, -9, -10, 32, -17, 5, 14, 2, 7, 6, 4, -16, 13, 15, -5, 25, -10, -5, 23, -3, -6, 14, 10, 14, 36, 65, -5, 33, 46, 30, 49, 0, 1, -10, 17, -13, -2, 6};
weight_hh[9] = {24, -9, -9, -28, -20, 0, 2, 36, -3, 7, 2, 7, 29, 22, -2, -18, 14, 3, -3, -14, -10, 4, 10, 0, -11, -19, 32, 59, 5, 18, -5, -14, 8, -1, -11, 5, 15, -7, -3, 7, -11, -5, -5, -5, -3, -53, 18, -16, 5, -1, 13, -29, 38, 5, 5, -15, -4, -20, -13, 16, 5, 6, -34, 5, -23, -1, -5, 21, -2, 4, 6, 14};
weight_hh[10] = {-2, 2, 11, 8, 2, 7, 8, -11, 0, -6, -7, 3, -4, -1, 10, -3, -1, 2, -6, -11, 11, 14, -4, -1, -5, -5, 6, 19, -7, -2, 15, -19, 10, -7, 2, 6, -4, -12, 0, -1, -5, -1, -7, -7, -2, -11, -13, 21, 7, -2, 7, 8, -1, 7, 7, -6, -7, -2, 0, 10, 7, 2, -14, 6, 26, -3, -7, 9, -4, -1, 2, 0};
weight_hh[11] = {3, -1, -1, 4, 2, 1, 1, 3, 0, 2, -2, 1, 0, -5, 4, -3, -4, -1, -3, -3, -2, 1, -1, -1, -2, 0, 0, 4, 0, -3, -4, -2, 1, 0, 2, 6, 4, -2, 2, -2, 1, -3, -7, -7, -6, 2, 0, -3, 7, 4, -3, -3, 0, 7, 7, 0, -7, -2, 2, 3, 7, -4, 3, 1, 0, 0, -7, -2, -1, 2, 5, 4};
weight_hh[12] = {4, -6, 3, 3, 1, -6, 6, 5, -7, 2, 0, -2, 6, -4, 5, -6, 2, 0, 2, 5, -3, -6, -4, -6, -12, 6, 1, 9, 5, -6, -7, -10, -5, 0, 5, 7, 7, -2, 12, 2, -11, -13, -7, -7, -5, -6, -2, -4, 7, -5, 1, -1, 0, 7, 7, -1, -7, -1, -11, 0, 7, -8, 6, -6, -3, 2, -7, 4, 2, -4, 9, -7};
weight_hh[13] = {6, 2, -13, -1, -4, -4, 6, -4, 0, -12, 12, -5, 4, 1, 14, -13, 4, 10, 3, -1, 4, 9, -8, -9, -14, 26, 3, 10, 4, -11, 8, -5, 10, -1, 16, 7, -1, -14, -9, 8, -10, 11, -8, -8, -10, -17, 4, 2, 8, -2, 13, 6, -23, 8, 8, -2, -8, -4, 4, 26, 8, -18, 5, -7, 25, -10, -8, 8, -2, 13, -2, -11};
weight_hh[14] = {0, -5, -3, 3, -4, 0, 1, 1, -1, -4, 5, -8, 3, -5, 4, -1, -2, 1, 3, 7, -6, -2, -1, 0, -6, 9, 6, 0, 2, 1, -1, -2, 5, -2, -3, 3, 1, -1, 1, -1, -3, 2, -4, -4, 2, 6, -5, -8, 4, 0, 12, 4, -2, 4, 4, -1, -4, 6, 2, 6, 4, -3, 3, 0, -2, -4, -4, 5, 9, -4, 1, -7};
weight_hh[15] = {2, -2, -2, 3, 2, 1, 1, 2, 0, 2, -2, 0, 1, -6, 3, -4, -4, -2, -3, -3, -2, 1, -1, -2, -2, 1, 1, 3, 0, -2, -4, -2, 1, 0, 2, 7, 4, -3, 2, -4, 1, -2, -7, -7, -6, 3, 0, -2, 7, 5, -2, -2, -1, 7, 7, -1, -7, -2, 2, 3, 7, -3, 4, 1, 0, 0, -7, -1, 0, 1, 5, 4};
weight_hh[16] = {7, -5, 9, -7, 18, -11, 14, 8, -35, 9, 15, 5, 7, 11, -4, -9, -6, -8, 11, -8, -5, -19, 12, -17, 27, 41, 7, -12, -15, -19, -11, 5, -4, 9, -23, 3, -1, 8, 4, -28, 29, 5, -3, -3, -5, 17, -5, -21, 3, -15, 15, -12, -4, 3, 3, -15, -3, -7, 11, -12, 3, 39, -4, 23, -8, -59, -3, -32, -3, -12, 7, -20};
weight_hh[17] = {2, -1, -2, 4, 2, 1, 1, 3, 1, 3, -2, 1, -1, -5, 4, -3, -4, -2, -3, -3, -3, 1, -2, -1, -2, 0, 0, 4, -1, -3, -4, -2, 1, -1, 1, 6, 4, -2, 1, -3, 1, -3, -7, -7, -6, 2, 0, -2, 7, 4, -2, -4, 0, 7, 7, 0, -7, -2, 3, 3, 7, -4, 3, 1, 0, 0, -7, -2, -1, 2, 5, 4};
weight_hh[18] = {2, 0, -1, 3, 1, 0, 1, 4, 1, 2, -1, 1, -1, -4, 5, -3, -3, -1, -2, -3, -2, 1, -1, 0, -2, 0, -1, 4, -1, -3, -4, -2, 1, -1, 1, 6, 3, 0, 1, -2, 1, -3, -7, -7, -6, 2, 0, -3, 7, 3, -3, -4, 0, 7, 7, 1, -7, -1, 2, 3, 7, -3, 2, 1, 0, 0, -7, -3, -2, 2, 5, 4};
weight_hh[19] = {-1, -1, 53, 35, 40, 6, -6, 3, -7, -3, 13, 7, -35, -1, 13, 30, -11, -27, 10, 10, -11, -12, 10, 11, 37, -46, 25, -35, 13, 17, 2, -16, 29, -4, 4, -5, -4, 28, -6, 7, -3, 1, 5, 5, 6, 7, 7, -2, -5, -14, 14, -10, -9, -5, -5, 5, 5, 25, 15, -44, -5, 3, -3, 9, 19, -11, 5, -26, 11, -25, -5, -14};
weight_hh[20] = {-6, -11, -1, -1, 5, 2, -2, 0, 0, 9, -18, 12, -2, -4, -8, -3, -4, -2, -19, -6, -5, 2, -6, -7, -1, 1, -4, 9, -11, 1, 7, -3, -5, -6, 5, 11, -5, 2, 5, -8, 1, -7, -13, -13, -6, 0, -3, 0, 13, 9, 6, 6, -6, 13, 13, -5, -13, 6, 2, -1, 13, 6, 3, 3, -7, 15, -13, -2, -2, 3, 8, 3};
weight_hh[21] = {-20, 7, 9, 5, 12, -9, -21, 14, -72, -28, -10, 5, 11, -21, 17, 4, 23, -10, 9, 6, -7, -21, 23, 3, 16, 1, 50, 3, 6, 48, -52, 18, -6, -13, -27, 1, -20, 45, 1, 23, -21, -3, -3, -3, 17, -17, 25, -4, 4, 6, -35, 14, -6, 3, 3, 44, -3, 30, -3, 3, 4, 0, 8, 23, -27, -15, -4, 47, -4, -11, -19, -1};
weight_hh[22] = {5, 15, 1, -3, -3, 7, 6, -1, 17, 7, -7, 8, 2, -2, 2, -5, 4, 10, -11, 12, 3, 7, -17, -1, -12, -19, -1, -4, -26, 5, 7, 1, 4, 10, -2, 6, -17, -19, -12, 3, -6, 21, -4, -4, -6, -23, 20, 8, 4, 9, 23, 15, -11, 4, 4, -5, -3, -3, -7, 0, 4, 1, 4, -10, 23, 27, -4, -5, -6, -21, -8, -12};
weight_hh[23] = {3, -1, -2, 4, 2, 0, 1, 3, 0, 3, -1, 1, -1, -5, 4, -3, -4, -2, -2, -3, -3, 1, -1, -1, -2, 1, 0, 4, 0, -3, -4, -2, 1, -1, 1, 6, 4, -2, 1, -2, 1, -3, -7, -7, -6, 2, 0, -3, 7, 4, -2, -4, 0, 7, 7, 0, -7, -2, 3, 3, 7, -4, 3, 1, 0, 0, -7, -2, -1, 3, 5, 4};
weight_hh[24] = {-51, -16, -36, -39, -23, -7, -4, 22, -3, 2, 4, 14, 9, 7, -10, 16, 34, -58, 6, 33, -5, 1, -1, 7, -14, -37, 8, 31, -26, -13, -21, 5, 31, -35, 0, -8, -24, -9, -16, -2, 36, 12, 7, 7, 9, -9, 1, -16, -7, -29, -1, 9, -4, -7, -7, 42, 8, -15, -11, -13, -7, 13, -11, -34, -20, 0, 7, -1, 10, -7, 2, -5};
weight_hh[25] = {-11, 3, -2, -3, -3, -8, -10, -8, -7, -9, -9, 28, -20, -37, -9, 11, 4, -1, -13, -4, 4, 35, -5, 12, -43, 2, -17, 13, -4, 26, 6, 12, -2, -5, -34, 0, -8, -16, 22, -3, 8, -3, 0, 0, 2, -11, -20, -1, 0, 11, 4, 19, 3, 0, 0, 10, -1, 21, -20, -2, 0, -13, -11, 0, 12, -21, 0, 3, -11, -13, 2, -9};
weight_hh[26] = {0, -1, 10, -6, 5, -3, 6, 1, -5, -4, -2, 0, 4, -4, -4, -4, 4, -8, 3, -9, 6, 9, 0, -4, -3, -4, 0, -1, -1, 2, 1, 1, -7, -6, -8, -3, -6, -3, -7, 0, -3, 6, 3, 3, 4, -7, 1, 3, -3, 9, -3, 9, -3, -3, -3, 3, 3, 5, -2, -7, -3, 9, 1, 8, 4, -5, 3, -1, 0, -4, -5, 3};
weight_hh[27] = {4, -4, 6, 7, 9, 1, 9, 0, 15, 3, -3, 1, -9, -4, 14, -2, -10, -4, -15, 5, -3, 3, -4, -7, -14, 11, 9, 9, 2, 6, 9, 3, -1, -17, 7, 9, -5, -7, 4, 2, -12, -7, -10, -10, -11, 1, 3, 1, 10, 5, 4, 6, -2, 10, 10, -6, -10, 0, 4, 0, 10, -2, 5, 6, 0, -1, -10, 6, 17, -18, 4, -5};
weight_hh[28] = {2, -1, -1, 4, 2, 1, 1, 3, 0, 3, -2, 1, 0, -5, 4, -3, -4, -2, -2, -2, -3, 1, -1, -1, -2, 0, 0, 4, 0, -3, -5, -3, 1, -1, 1, 6, 4, -1, 1, -2, 1, -3, -7, -7, -6, 2, 0, -3, 7, 4, -2, -3, 0, 7, 7, 0, -7, -2, 3, 3, 7, -3, 3, 1, 0, 0, -7, -2, -1, 2, 5, 4};
weight_hh[29] = {3, -1, -1, 4, 2, 1, 2, 3, 0, 2, -1, 1, 0, -5, 4, -3, -4, -2, -2, -2, -3, 1, -1, -1, -3, 0, 0, 4, 0, -3, -4, -3, 1, -1, 1, 6, 4, -2, 2, -2, 1, -3, -7, -7, -6, 2, 0, -3, 7, 4, -2, -3, 0, 7, 7, 0, -7, -2, 2, 3, 7, -4, 4, 1, 0, 0, -7, -2, -1, 3, 5, 4};
weight_hh[30] = {18, 9, -2, -27, -11, 21, -5, -28, -2, -28, 1, 12, -28, -7, 18, -24, 2, -4, 7, 9, 1, 19, 20, 9, 24, 1, -8, 3, 4, 18, 27, -4, -15, -8, -18, -1, -59, 8, -19, 8, -34, -10, -5, -4, 4, -19, -16, 3, 5, 36, -29, 8, 10, 4, 5, -26, -4, 108, -24, 10, 2, 11, 28, 25, 2, -1, -5, -4, -28, 28, 5, 3};
weight_hh[31] = {6, -18, -2, -4, -20, -2, 8, -5, -18, -7, -29, 18, 9, -17, -12, 9, -1, 1, -19, -15, -11, 11, -14, -18, -9, -1, 2, 2, -1, 11, 1, -1, -1, 3, -6, 9, -10, 7, -7, -1, 13, -7, -9, -8, -3, -9, 11, -2, 8, 7, 17, -5, -2, 8, 8, -2, -9, 15, -15, 21, 8, 0, -12, 28, -12, 5, -8, -4, 1, -19, 7, 2};
weight_hh[32] = {-29, 1, -4, 4, -3, -2, -9, -8, 29, -2, 7, 10, -10, -3, -3, 10, 6, -2, -2, 14, 12, 4, -9, 1, 2, 16, -12, -1, -17, 3, 5, 1, 19, 1, 24, 7, -11, 10, 12, -22, 12, 6, -6, -6, -9, -2, 10, -3, 6, 3, 15, 2, -7, 6, 6, -3, -6, 3, 5, -22, 6, 5, -14, 9, 12, -12, -6, -15, -5, 0, 2, -15};
weight_hh[33] = {10, -4, 9, 12, -7, 1, 1, 9, 2, 14, -3, 4, 12, 4, 7, 0, -2, -8, -5, 5, 1, -2, -5, -6, -1, 9, 10, 1, -4, 0, 8, 0, -8, 2, 2, 2, -6, 0, -11, 1, -3, -19, -8, -8, 0, 9, -8, -5, 8, 10, -10, 4, -17, 8, 8, 1, -7, 8, -15, 3, 8, -9, 5, -4, -9, 18, -8, -4, 14, -12, -1, -5};
weight_hh[34] = {8, -8, 18, -97, -2, 19, -1, 12, -20, -4, -8, -16, 14, 46, -25, -37, -1, 6, -2, 22, -23, -25, -6, -9, 5, 6, 13, -34, -17, 18, 68, -22, -23, -32, -6, 10, -54, 35, 25, 36, -42, -5, -3, -4, -7, -11, 8, -44, 7, -60, 17, -32, 11, 4, 8, 17, -6, 44, -40, -4, 4, -6, 7, -24, 1, 11, -9, 20, -20, 37, 8, -62};
weight_hh[35] = {12, 7, -2, -3, -1, -3, 9, 11, -8, -6, 7, -7, 12, 6, 8, -2, 5, 5, 13, 4, 8, -20, -4, -9, -2, 20, 2, -2, 17, -4, -10, -4, 12, 3, -9, -3, 3, 3, -1, -18, -6, 2, -1, -1, 19, -1, -4, -4, 1, 6, 6, 10, -12, 1, 1, 7, 1, -3, 1, 0, 1, -8, 0, 16, -2, -8, -1, 13, 0, -13, 3, -6};
weight_hh[36] = {4, -6, -1, 4, 1, 0, -1, -2, -2, 0, -7, 3, 1, 0, 1, -3, -5, -4, -5, -4, 0, 3, 0, -4, 2, 3, 5, 5, -3, 0, -4, -6, 6, -1, 1, 10, 1, 4, -4, -10, 2, -1, -11, -11, -4, -2, -2, 1, 11, 8, -1, -1, 2, 11, 11, -3, -10, 0, 2, 4, 11, 3, 1, 7, -1, -8, -11, 2, 5, 2, 7, -2};
weight_hh[37] = {15, -20, -28, -11, -30, 2, 11, 3, 4, -11, 17, -17, 15, -36, -28, -30, -4, -24, 13, -3, 34, -11, 13, -5, -18, 3, -10, 0, 23, -8, 3, 42, -7, -18, -9, -6, -7, -7, -37, -1, -4, -2, -5, -6, 5, 10, 32, -31, 5, 0, 13, 6, -20, 5, 6, 12, -2, 9, -5, -22, 5, -30, 7, -9, -4, -11, -6, -21, 4, 4, -2, -15};
weight_hh[38] = {8, -19, -14, 4, -15, -4, 14, 7, -15, -2, 8, -9, -7, 21, 7, -3, 13, 7, 0, -7, -8, 20, 1, -1, 6, 16, -5, 2, 10, -10, 5, -5, -12, -10, 3, -1, 0, -9, 12, 12, -27, -3, 1, 1, 0, 5, 1, 7, -1, 15, 1, -11, -32, -1, -1, -5, 1, -5, -23, -5, -1, -1, 11, -14, 9, -9, 1, -1, 4, 22, -1, -13};
weight_hh[39] = {0, 7, -40, -8, -5, 6, -17, 1, -19, 0, -5, -9, 28, 15, -37, -25, -43, -37, 14, -11, -35, -6, -1, 37, 65, 5, 17, 8, 0, -24, 46, 32, 14, 21, 19, -8, -2, 15, 11, -4, 10, 6, 5, 5, 5, -7, 16, -54, -5, -18, 0, -23, 16, -5, -4, 12, 6, 9, 22, -11, -4, -16, 3, 31, -28, 14, 5, -15, 43, -6, -5, 16};
weight_hh[40] = {-13, -3, -19, -3, 14, 1, -9, -10, 19, 8, -2, 4, -1, 5, -11, -12, 11, -4, 1, 15, 0, 10, 21, 25, 15, -9, 3, -15, -14, 16, 6, 1, 28, -21, 10, -1, -17, 13, -31, -17, 14, 11, 4, 4, 2, -4, 4, -25, -4, -20, 13, -6, -11, -4, -4, 3, 4, 5, 18, -15, -4, 9, 21, 15, -12, -2, 4, -7, 12, -20, -6, -16};
weight_hh[41] = {-40, -7, 19, -2, -7, -10, -41, 6, 11, -2, -21, 3, 14, 20, -4, -12, 36, 29, -14, 1, 18, 26, -13, 17, 4, -4, -2, 2, -8, -17, 6, -5, -4, 21, 19, 7, -9, 34, -33, -11, -28, -2, -5, -5, -4, -32, -4, 19, 5, -8, -35, -12, 13, 5, 5, -4, -5, -3, -45, 9, 5, -6, -20, -11, 15, 19, -5, 2, 16, 8, 4, -8};
weight_hh[42] = {-4, 0, -2, -7, 1, 4, -11, -2, 12, -6, -4, 7, 8, -5, 1, 4, 9, 10, -9, -1, -3, 10, -3, 7, 12, 4, 3, 1, -8, 10, 7, 4, 17, -1, 9, 0, -10, 5, -3, -7, 8, -1, -2, -2, -17, -4, -3, 4, 2, 9, -3, -6, -4, 2, 2, 9, -2, 2, 10, -10, 2, 1, -6, 7, 2, -1, -2, 3, 6, -2, 3, 1};
weight_hh[43] = {1, 4, -1, 0, 7, -7, 2, -2, 1, -1, 27, -5, -7, 9, -2, -1, 2, 12, 15, 12, -5, -13, -2, -3, 10, 4, 2, -4, 9, 3, 4, 5, 19, -6, -5, -8, -4, 6, 3, -3, 3, 9, 3, 4, 7, 5, -2, -1, -2, 1, 29, 1, 1, -3, -3, 4, 6, 8, 21, -3, -3, 10, 0, -12, 10, -14, 2, 1, -2, 3, -3, -10};
weight_hh[44] = {-3, 10, -32, -13, -11, -7, -10, -17, 6, -7, 5, 10, 0, -26, 18, -21, 12, -11, 1, -8, 0, -21, 3, -1, 21, 8, 5, -4, -17, -24, 0, 34, 3, 11, 29, -1, -19, 22, -21, 3, -19, 11, 1, -1, -4, 58, -3, 18, -1, 4, 3, 10, 13, -1, 1, 30, 0, 7, 13, 26, -1, -5, 31, 1, -12, -27, -2, -19, -10, -23, 0, -13};
weight_hh[45] = {-12, -3, -1, -20, 12, -4, -21, 9, 30, 17, 13, 11, -5, -12, -4, -6, 6, -7, -3, 0, 13, 14, -5, -19, 7, 12, 27, 19, -9, 26, 23, 16, -7, -22, 34, 0, -24, 21, -10, -7, 21, -7, -6, -4, -6, -28, 22, 3, 4, 29, -33, -3, 0, 4, 6, 19, 0, 25, 14, -16, 4, -28, -3, 38, -3, 13, -3, 3, 17, -3, 4, -4};
weight_hh[46] = {4, -10, -9, -17, -10, 5, 2, -3, -8, -7, 28, 22, 22, -25, -26, 6, -7, -2, 7, 2, -6, -16, 22, -16, 31, -12, -1, 3, 21, 11, 3, 34, 10, -32, -1, 1, -22, 33, -2, 6, 15, -7, -4, -4, -3, -11, 5, -15, 5, 7, 17, 1, 26, 4, 4, 9, -1, 48, 17, -1, 4, 24, 5, -1, -15, -23, -4, -5, 11, -17, 1, -6};
weight_hh[47] = {8, -17, -10, -22, -19, -3, 30, 14, -22, 7, -2, -14, 11, -29, 30, -7, 7, 12, 16, 0, 2, 6, 14, 28, -15, 11, -10, -7, -13, 41, 9, -18, -5, 4, -32, -10, -15, 10, 16, -4, -12, -10, -7, -7, 18, 14, -1, -11, 7, -17, 3, -3, -31, 7, 7, 10, -4, 41, -20, -5, 7, -28, 25, 9, -11, 14, -7, 2, -3, 13, -4, -3};
weight_hh[48] = {7, 2, 0, -24, -8, 1, 20, -2, -10, -9, 11, 6, 49, 33, 6, 0, -15, 32, 10, -18, 5, -26, -9, -11, 13, 34, -19, -15, -8, 0, -25, -22, 10, -15, -21, -6, 9, 16, 18, -21, -16, 3, -2, 1, 3, 19, 43, -24, 2, -29, 3, -20, 14, 0, -1, -50, 1, -1, 3, 1, 2, 30, 3, -10, 46, -7, 0, 8, -1, -12, -4, -25};
weight_hh[49] = {13, -6, 19, -29, -11, -11, 16, 7, -8, 12, 24, -6, -4, -21, -11, -4, 19, -5, 3, 24, 4, -43, 20, -21, -25, -6, 6, -10, 9, -1, 13, 13, -13, 35, -14, 2, -5, 5, 5, 23, -40, -6, -3, -3, -6, -18, 18, 16, 3, 0, -4, 2, -14, 3, 3, -2, -2, 17, 19, -6, 3, -16, 20, -10, 5, 3, -3, -22, -18, -15, 3, -19};
weight_hh[50] = {-9, -23, -11, 9, -1, -10, -3, 30, 31, 15, 30, -31, -7, -23, 30, -9, 25, 17, -17, 29, -17, -4, 33, -20, -3, 43, 1, -8, -24, -5, -5, 1, 12, -4, 33, 5, -45, 19, 13, 5, 16, -7, -9, -9, 11, 26, 3, 14, 9, 1, 54, -8, -22, 9, 9, 32, -8, 29, -1, 3, 9, 19, 8, -16, 0, 9, -9, 7, 9, 1, -6, -52};
weight_hh[51] = {8, 0, -19, -8, -3, 3, -32, -27, 0, -5, 7, -1, 4, -9, 8, 2, -28, 5, -2, 16, 10, -34, -9, -10, 9, 0, 24, -6, -6, 7, 2, 11, 40, 15, 28, -1, -11, -49, 0, -17, 25, 34, -2, -2, 4, 1, 14, 13, 2, -9, 29, -10, -25, 2, 2, -8, -1, -13, 36, -3, 2, -16, 4, 25, -9, 6, -2, 23, -23, 11, -1, -21};
weight_hh[52] = {64, -6, 28, -38, -58, -26, 33, 26, -14, -7, -10, 11, 22, 17, -21, -17, -47, 39, 2, 19, 7, -1, 11, -8, 23, 10, -12, -1, -6, -11, 28, -17, -33, 0, -39, 9, -60, -4, -58, 3, 3, 11, -16, -10, 9, 11, 8, 29, 4, -9, 26, -9, 3, 11, 14, 23, -7, 58, -18, 30, 13, 63, 28, -19, -15, -10, -16, 24, 2, 27, 4, -18};
weight_hh[53] = {9, -24, 7, -2, -10, -1, 5, 2, 5, 9, -2, -6, -1, 7, 9, -9, -7, -1, -5, 5, 7, 3, 15, -12, 7, 11, 7, 16, 0, 0, 0, -1, -3, -15, 8, 5, -3, 16, -4, -9, -11, -9, -9, -9, -4, -2, 6, 6, 9, 10, -7, -6, -6, 9, 9, -5, -9, -1, 11, -3, 9, 6, -1, 8, -1, 2, -9, 2, 6, -3, 5, -11};
weight_hh[54] = {-16, -20, -32, -21, 22, -1, -3, -5, 2, 22, -10, 18, -5, -4, -38, 2, -15, -12, -8, 11, 5, -38, 7, 6, 37, -17, 24, 14, -6, 0, 29, 21, 5, -22, 15, 1, -15, 15, -6, -11, 20, -2, -5, -5, -4, 10, 23, 3, 4, -4, -14, 4, -27, 5, 6, 13, -3, 6, 32, -8, 5, 18, 3, -11, -32, 19, -4, 4, 9, 23, 3, 0};
weight_hh[55] = {-33, 3, -7, 0, -8, -3, -17, 0, -4, 4, -3, 12, -4, -11, -17, 16, -2, 26, -1, -10, 21, -18, 2, -9, 30, 15, -22, -30, 9, 16, -8, 8, 17, 17, -5, 10, -11, -12, 8, -24, 30, -13, -13, -13, -2, -12, 7, -11, 12, 37, 2, 12, 14, 10, 15, -18, -12, 16, 13, 12, 13, 13, -3, 20, 11, -38, -12, -11, -5, 9, 11, 17};
weight_hh[56] = {-2, -15, -48, -52, -30, -10, -8, 13, -3, 27, 1, 15, 11, -31, 15, 16, -23, -14, -1, 10, -52, 39, -1, 1, -4, -25, 15, -26, -14, 23, -54, 36, 15, -9, 22, 0, 2, 0, -4, 1, 9, -6, -2, -1, -3, 6, 18, -25, 1, -18, -7, -14, 42, 2, 1, -45, 0, 11, -3, 30, 2, -23, 23, 11, -25, 9, -1, 28, 7, -25, 4, 28};
weight_hh[57] = {-4, 0, -6, 7, 11, 4, 2, 25, 21, 18, 6, -2, 1, 13, 0, 3, 3, 8, 5, 23, 9, -11, -10, 0, 9, 2, 1, 0, -7, -4, 12, -1, -1, 2, 30, 5, -9, -2, 7, -13, -3, 1, -7, -7, -8, 13, -14, 1, 7, -4, 6, 4, 11, 7, 7, -6, -6, -1, 6, -9, 7, 4, -7, -7, 3, 8, -7, 4, -8, 7, 5, 2};
weight_hh[58] = {-7, -7, 8, 3, -3, -2, 6, 0, 11, 18, -1, -4, 0, 8, 2, 6, 1, 9, -3, 16, 0, 2, 5, 8, 10, 6, 5, -7, -11, 10, 14, 4, -13, -4, -15, 2, -16, 4, 4, -11, -2, -14, -6, -6, 3, 8, -25, -7, 6, -1, 6, 10, -2, 6, 6, 2, -6, 12, -12, 6, 6, 2, -9, 4, 8, 21, -6, 5, -6, 10, -1, -14};
weight_hh[59] = {16, -8, 1, -10, -7, -5, 12, -3, -8, 0, -1, -9, -25, 31, 21, 3, 15, 16, 8, -12, -13, 25, 13, -30, -5, 7, 2, -8, -15, 3, 38, -4, -9, -12, -39, -8, -6, -21, -13, -8, -25, -25, 6, 6, 6, -30, 0, 9, -6, 14, -9, 46, 48, -6, -7, -7, 8, 8, -16, 49, -7, 14, 19, -12, 12, -1, 7, 43, -1, 3, -6, -5};
weight_hh[60] = {-15, 3, 2, -46, 0, -17, 25, 5, -19, -31, -3, 28, -3, -6, -5, 8, -14, -16, 2, -6, 13, -16, -11, 8, -2, -11, 16, -15, -15, 3, 35, 14, -3, 3, -63, -6, -55, -2, -16, 2, -8, 34, 0, -2, -11, 28, -6, 5, -6, 14, -14, 18, -12, -5, -6, 5, 5, 82, -9, -31, -4, -3, 9, 11, 11, 11, 5, -30, 3, -15, -19, -22};
weight_hh[61] = {33, -15, 2, -17, -29, -19, 10, 16, 16, 19, 0, -22, -10, -3, 26, -9, 19, -4, 1, 1, 5, 8, -25, -8, -6, -15, 9, 17, 10, 4, 11, 4, -20, -23, 33, 0, 2, -22, -34, -4, -26, 13, 0, 2, -9, -24, -10, -17, -1, -4, -44, 8, -6, -2, -3, 10, -2, 2, -20, -14, 1, -32, -10, -4, -27, 19, 2, 48, -19, 24, -3, 18};
weight_hh[62] = {10, 0, -3, -11, 11, -12, 5, 10, 10, -5, -16, 0, -20, 11, -6, -3, 0, 5, 3, -17, -8, 14, -1, 5, 27, -12, 8, 19, -9, 1, -7, 3, -18, 2, 2, 5, -10, 10, -1, -14, 6, -4, -8, -8, -6, -14, -20, -7, 8, -11, -33, 14, 8, 8, 8, 13, -7, 4, -5, -8, 8, 15, -14, 0, -13, -4, -8, 21, 4, -2, 0, 27};
weight_hh[63] = {28, 6, 5, 16, 0, -5, 1, 1, -2, 15, 2, -12, 2, 12, 4, -27, -10, 5, 0, -8, 13, 1, -1, 0, -5, -2, -13, 7, 5, -19, -2, -8, -22, 3, -2, 6, 1, -16, 15, 1, -23, -14, -9, -9, 0, 2, -4, -1, 9, -4, 2, -4, -15, 9, 10, -7, -9, 3, -1, 0, 9, -4, 32, 6, 14, 15, -10, -17, -3, 0, 7, 4};
weight_hh[64] = {-9, -3, -18, -11, -15, 2, 18, -28, -5, -2, -1, -3, -12, 6, -16, 15, -3, 6, -2, 8, -11, -4, -7, -17, 12, 15, 3, -6, -5, -6, 22, -2, 14, 1, 11, 9, 0, 6, -18, -20, 9, 0, -9, -9, -2, -15, -31, 11, 9, 12, -11, 0, 23, 9, 9, -5, -9, -1, -5, 17, 9, -14, -27, 10, 11, -7, -9, -3, -22, 15, 10, -6};
weight_hh[65] = {-22, 0, -5, -53, -14, 0, -9, 14, 26, -2, -12, -6, -35, 10, -45, -11, -65, 9, 1, -7, 24, 19, -2, 39, 1, -21, 29, 71, -32, 18, 42, -3, 2, -28, 12, -4, -36, -10, -4, 0, 44, 2, 0, 0, 5, -104, 72, 31, -2, 17, -2, -14, -34, -1, -1, -46, 1, 11, -6, -14, 0, -11, -49, -19, 43, -1, 2, 13, 20, 25, -1, -23};
weight_hh[66] = {-5, -6, -1, -5, 10, 4, -4, 3, 4, 1, -7, -1, -2, 2, -2, 0, -3, 7, -2, -1, -4, 4, -5, -1, 14, 4, 0, 3, -11, 1, 9, 0, 3, -4, 8, 1, -6, 2, -2, -9, 2, 1, -8, -8, -2, -2, -8, 2, 8, 10, 3, 0, 5, 8, 8, -9, -8, 4, 8, -1, 8, 14, 2, 1, 0, 1, -8, -1, 4, 10, 1, 8};
weight_hh[67] = {-3, 8, 10, 13, -4, -4, -1, 8, 2, 29, -2, 15, -6, -4, 1, 4, -12, -11, -24, 3, 16, -19, -3, -3, -12, -6, -2, 15, 10, -7, -5, -11, -7, -6, 3, 11, 10, -25, 20, 6, -6, -11, -4, -4, -50, 6, -1, -3, 4, 0, -12, 17, 5, 4, 4, 1, -3, -11, -27, 7, 4, -10, 3, -18, -14, -1, -4, -1, 1, -2, 7, -1};
weight_hh[68] = {5, -12, 3, -1, -5, -7, -2, 6, -11, 2, 0, 5, 5, -3, 2, -3, -4, 4, 1, -4, 0, -2, 2, -8, -7, -1, 2, 5, 0, 4, -4, -4, -1, -3, -5, 3, -2, 7, -3, 3, -7, -2, -4, -4, -2, -4, 1, -4, 4, -3, 5, 1, 3, 4, 4, -6, -3, 5, -4, 2, 4, -1, 3, -2, 0, -2, -4, 1, 6, -9, 4, -5};
weight_hh[69] = {-14, 13, -9, 1, -4, 4, 17, -19, 36, 1, -17, -2, -19, 12, -32, 19, 5, 14, -9, 20, -11, 12, -19, 13, 1, -18, -27, -3, -14, -5, -9, 8, -12, 12, 7, 0, 8, -15, 16, -18, 1, 5, 1, 1, -2, -11, -28, -6, -1, -5, 3, -2, 4, -1, -1, 11, -1, -12, -31, -9, -1, -42, -38, -19, 7, 12, 1, -40, -4, 3, -4, 0};
weight_hh[70] = {54, 10, -9, -1, -9, -7, 16, -1, 9, -3, 27, -24, 2, 10, 33, -3, 8, 39, 1, -1, -23, 1, 15, 25, 2, 0, -9, -7, 20, 38, -11, 1, 46, -37, -20, -1, -2, -23, 23, 9, -37, 26, 2, 0, 2, -15, 17, -10, -1, -1, -6, -24, 17, -1, 0, -34, 1, 15, 4, 12, -1, -18, 18, -17, 9, 9, 1, 46, -12, 34, -17, 0};
weight_hh[71] = {7, -12, 9, 0, -4, -3, 5, 2, -3, 1, -5, 10, -1, 3, -1, -3, -7, 1, -5, -6, -13, -2, 6, -4, -1, -1, 2, 8, 1, 3, -1, -1, -1, -5, -8, 5, 0, 11, -6, -1, 0, -4, -4, -4, -4, -1, 4, 1, 4, -3, -3, -2, -2, 4, 4, 3, -4, 6, 1, 2, 4, 6, 1, 8, -2, 4, -4, -4, 3, -5, 3, 2};
weight_hh[72] = {-20, 19, 58, 46, -15, -8, 3, 12, 21, 12, -37, 15, -13, -3, 28, 9, -25, 10, -14, -40, 22, 14, 0, 41, -2, 36, -26, -34, 0, 9, 25, -32, -1, -11, 4, 9, 16, 3, 43, -61, -5, 4, -1, -1, -24, -14, -17, 19, 4, -30, -17, 36, 9, 1, 0, -19, -3, -33, -73, 25, 0, 10, -4, 4, 29, -13, 2, -11, 0, -3, -7, 34};
weight_hh[73] = {8, 2, -3, -2, -10, -4, 11, 6, -12, -7, 8, -7, -2, 7, 0, -1, -1, 1, 7, -5, 2, -9, 1, 0, 1, -8, -2, 3, 8, -8, -2, 0, -1, -3, -7, -10, 0, -2, 1, 11, -7, 2, 10, 9, 7, 1, 5, 4, -9, -5, -4, -2, 5, -9, -9, 2, 9, -4, -10, 4, -10, 1, 6, -9, -4, -8, 9, 0, -7, 12, -1, 4};
weight_hh[74] = {38, 10, -15, 24, 6, -11, 1, 67, 31, 59, 69, -12, -10, 55, 16, 1, -24, 50, 21, -18, -43, -9, 19, -16, -7, 44, 11, 11, 48, -29, -42, -17, 10, 17, 11, -1, 35, -16, -22, 11, -42, -3, -6, -2, -3, 28, 48, -21, 7, -17, -16, -29, -9, 1, 5, -6, 3, -51, 9, -5, 1, -11, 0, 11, -8, 25, -7, 58, 8, 15, 29, 30};
weight_hh[75] = {16, -3, -41, 10, -7, 17, -16, -28, -2, 7, 16, 6, 29, -12, -21, 17, -42, -8, 11, 6, -16, -35, 19, -6, -15, -5, 51, -11, 1, 38, 25, 49, 44, 25, 12, -2, 1, 53, -44, -16, 60, 15, 1, -7, 0, 7, -25, -31, -1, -27, 28, -53, 6, 9, 0, 1, -1, 41, 16, -21, 2, -21, -46, 29, -64, -33, -4, -24, 11, -32, 12, -19};
weight_hh[76] = {14, -9, -25, -5, -7, 31, -37, -14, 22, 2, 0, -5, -17, -29, 1, -33, -20, 38, -13, 10, -14, -11, -22, -37, 8, 68, 32, 20, 9, 47, -16, 64, 38, -13, 6, 19, 8, 3, 5, 13, -12, -5, -16, -16, -28, -9, 8, -10, 16, 24, -9, -23, 5, 16, 16, 48, -17, 14, 32, 38, 16, 2, -20, -5, -13, -10, -16, -21, -21, -46, 0, 5};
weight_hh[77] = {-3, 2, 1, -2, 1, 1, 0, 0, 2, 0, -1, 0, -1, 1, -1, 1, 4, 1, 0, 1, -1, 1, 0, 2, 2, 0, -1, -2, -2, 1, 2, 2, 0, 0, 1, -2, -3, -1, 0, -1, 0, 2, 3, 3, 1, 0, -1, 0, -3, 0, 0, 1, 0, -3, -3, -1, 2, 1, 0, -1, -3, 2, -2, 0, 3, 1, 3, -1, -1, 0, -2, 0};
weight_hh[78] = {-22, 43, -46, 4, -20, 7, 103, -26, -20, -30, 14, -11, -11, 0, -12, 59, 23, 56, 12, 14, 22, -51, -16, 37, 20, -27, -107, -12, 2, -20, -43, -63, 22, 44, -19, -4, 43, 7, 19, 7, -15, 29, 2, 2, 5, -24, -58, -37, -2, -32, -13, -44, 44, -2, -2, 29, 4, -28, 0, -49, -2, -29, -20, -46, -50, 1, 2, 19, 26, 7, -4, 28};
weight_hh[79] = {9, 8, 43, -32, -2, 13, 35, 6, 1, 4, -19, 18, -34, -2, -52, 40, 21, -13, -12, -35, 0, -48, -7, 25, -3, -10, -11, -40, -34, 35, 27, 31, 4, -1, -5, 12, -10, -13, -5, 9, -8, -17, -4, -4, -20, 22, 0, 15, 5, 21, -17, 45, -8, 8, 6, 39, -6, 41, -11, -15, 6, 58, 32, -33, 12, 16, -6, -3, 27, -36, 7, -18};
weight_hh[80] = {6, -4, 12, -45, -1, -7, -37, -11, 7, 10, -1, 28, -13, -5, -36, 8, -1, 19, -5, -18, 16, -1, -18, -18, -28, -21, 19, 28, -9, 20, -13, -29, -32, -1, -10, 6, -49, -73, -8, -1, 32, -8, -19, -12, -6, -2, 13, 21, 8, 10, -1, 46, -41, 13, 18, 13, -9, 8, -14, -4, 13, 18, 20, 23, -17, -3, -10, 21, -31, -7, 9, 24};
weight_hh[81] = {-27, -8, -24, -19, 21, 9, -29, -11, 15, 19, -12, 3, 72, -14, -37, -9, -47, -35, -11, 15, 21, -33, -26, 18, 0, 3, 25, 31, -4, -8, -14, 17, -7, -28, -11, 5, 0, 13, -10, -32, 2, 10, -4, -9, -17, -13, 122, -43, 6, 12, -3, -16, -78, 10, 13, -45, -10, -13, -17, 18, 13, -11, 89, -3, 4, 12, -14, -33, 21, 5, 6, 34};
weight_hh[82] = {54, 14, -66, 58, 7, -8, 24, 29, -9, 18, 18, -18, -16, 55, 23, 3, -10, 18, -1, 5, -4, -30, 4, -13, 39, 6, 13, 17, 5, -41, -19, 4, 34, 13, 44, 19, 28, 82, -7, 17, -28, -24, -14, -13, -20, -16, -21, 1, 16, 0, -11, -64, -38, 23, 13, 0, -9, 22, 27, -2, 13, 51, -4, 3, -57, -15, -13, -28, 5, -19, 45, -17};
weight_hh[83] = {-2, 1, 2, -2, 0, 1, 0, 0, 2, -1, -2, 0, -1, 1, 0, 1, 3, 1, 0, 2, 0, 2, 0, 1, 2, 0, -1, -2, -2, 1, 2, 2, 0, 1, 0, -2, -2, -1, 0, -1, -1, 2, 2, 2, 2, 0, 0, 0, -2, 1, 0, 2, 1, -2, -2, -1, 2, 1, -1, 0, -2, 2, -2, 0, 3, 1, 2, 0, -1, 0, -2, 0};
weight_hh[84] = {8, -22, -49, 38, -3, 13, 43, 15, 38, 16, -24, 19, -12, -7, 3, 0, -24, 20, -8, -6, 1, 13, -29, 44, 19, -35, 65, 19, -38, 19, 50, 19, -7, 14, 33, 15, 21, -30, -3, -33, 45, -15, -7, -19, -14, -5, -9, -41, 18, -6, 81, 18, 7, 19, 9, -11, -15, -18, -2, -37, 7, -1, -2, 28, 14, 14, -17, 44, 55, 0, 9, 1};
weight_hh[85] = {14, 28, 27, 20, 15, -10, -6, -5, -15, -9, 10, -7, -59, -34, -27, -4, 9, 25, 7, -40, 19, 4, 9, 11, -11, -10, -5, 23, 5, 0, -29, -22, 12, 21, -28, -4, 1, -32, -8, 2, -4, 5, 3, 3, 6, 40, 3, 3, -1, 34, 30, -20, -10, -2, 0, -31, 3, 6, -55, 12, -1, -8, -15, -16, 13, 3, 4, 3, 19, 39, 18, -16};
weight_hh[86] = {2, -11, -37, -11, 33, -40, 6, 10, 19, 25, -29, 4, 19, -4, 4, -4, 2, -22, -23, 18, 30, 48, 6, 0, 38, -5, 13, 13, -15, 0, 11, -15, -13, 0, 7, 34, -12, -9, -11, -14, -7, -25, -42, -37, -27, 8, -7, 0, 35, 28, -23, -7, -1, 38, 33, 10, -35, -3, 20, 2, 42, 8, 1, 1, -5, 8, -45, 23, 14, 25, 29, 16};
weight_hh[87] = {-1, -1, 2, -1, -1, 0, 1, 1, 1, -1, -3, 1, -1, 0, -1, -1, 2, -1, -2, 1, 1, 4, 0, 0, 0, 1, -1, -1, 0, 0, 0, 0, 0, 1, -2, 0, -1, -2, 0, -1, -2, 0, 0, 0, 2, 0, 1, -1, 0, 3, 1, 3, 1, 0, 0, -2, 0, 0, -1, 1, 0, 1, -1, 2, 4, 0, 0, 0, 0, 0, 0, -1};
weight_hh[88] = {24, -5, 61, 40, -10, -13, 20, -24, 14, 23, -18, 13, -32, -29, 31, 12, -12, -24, -19, -39, -19, 8, -8, 7, 25, 0, -45, 14, -25, -15, -1, -25, -14, -17, -18, 16, -28, -55, 9, -47, 27, -11, -13, -19, -22, -10, -5, 42, 16, -1, 21, 11, -46, 19, 14, 16, -13, -11, 21, -23, 12, 14, -3, -3, -1, -22, -18, -15, -79, -3, 26, -18};
weight_hh[89] = {-2, 1, 2, -1, -1, 0, 1, 0, 1, -1, -1, 0, -1, 1, 0, 0, 3, 0, 0, 1, 0, 1, 0, 1, 1, 0, -1, -2, -1, 0, 1, 1, 0, 0, 0, -2, -2, -1, 0, 0, -1, 1, 2, 2, 2, 0, 0, 0, -2, 1, 0, 2, 0, -2, -2, -1, 2, 0, -1, 0, -2, 1, -1, 0, 3, 1, 2, 0, 0, 0, -2, -1};
weight_hh[90] = {-2, 2, 2, -2, 0, 0, 1, 0, 2, -1, -1, -1, -1, 1, 0, 1, 4, 0, 1, 2, 0, 1, 0, 1, 1, 0, -2, -2, -1, 1, 1, 1, 0, 0, 0, -2, -2, -1, 0, 0, -1, 2, 3, 2, 2, 0, 0, 0, -3, 0, 0, 2, 1, -2, -3, -1, 2, 0, 0, 0, -2, 2, -2, 0, 4, 0, 3, 1, -1, 0, -2, -1};
weight_hh[91] = {-20, 6, -13, -42, -18, -13, 5, -13, 3, -8, -11, 9, -6, -14, -31, 23, 0, 3, -3, 8, 50, -17, 9, -3, 8, 14, -4, 0, -6, 48, -3, 11, 3, -1, -14, 12, -9, -22, -17, -16, 30, -1, -13, -14, -4, -22, 18, -22, 15, 39, -11, -4, 29, 20, 20, -11, -15, 15, -15, 5, 18, -2, -33, 8, 5, -9, -19, -7, -29, -6, 8, -14};
weight_hh[92] = {6, -12, 5, 0, -1, -6, -12, 6, 5, -2, 13, 5, 8, 27, -4, 4, 11, -12, 2, 27, 1, -33, 11, 49, 26, -19, -7, 4, -15, 10, 15, 9, -16, 24, -1, -5, -24, 12, 1, 10, -12, -9, 9, 8, -5, 2, -14, -14, -8, 3, -8, -15, -21, -8, -8, -1, 8, 17, 6, 6, -9, -7, 7, -5, 8, 23, 8, -24, -10, -10, -5, -30};
weight_hh[93] = {-23, 13, -10, -27, -34, -9, -10, 43, 29, 21, -3, 6, -7, 54, 4, 5, 1, 1, 3, -12, 19, 15, -15, -9, -23, -2, -8, 31, -6, -24, 43, -18, -15, -14, 26, -10, -12, 3, -20, -7, -15, -9, 11, 11, -12, -24, 0, 22, -11, -6, 3, -12, -8, -11, -11, 8, 11, -17, -44, 19, -11, 5, -1, -16, 12, 19, 11, 5, -16, 7, 8, -5};
weight_hh[94] = {8, 3, -4, 0, 14, 18, -11, -12, -25, 8, 18, 26, 0, -13, -19, 10, -19, -7, 7, -28, 17, 22, 8, 19, -20, -1, -14, -5, 20, 12, -3, -16, 2, -7, -34, 4, 18, -2, -4, 13, 12, 3, -2, -1, -13, 6, -5, 16, 2, 12, -42, -6, 1, 3, 3, -1, -1, 9, 15, -2, 2, 6, -6, 7, -14, -12, -3, -19, 15, -17, 2, 33};
weight_hh[95] = {-2, 2, 2, -2, 0, 0, 1, 0, 2, -1, -1, -1, -1, 1, 0, 1, 3, 1, 1, 1, 0, 1, 0, 2, 2, 0, -2, -2, -1, 1, 2, 2, 0, 0, 0, -3, -2, -1, 0, 0, -1, 2, 3, 3, 2, 0, 0, 0, -3, 0, 0, 2, 0, -3, -3, -1, 3, 1, -1, 0, -3, 2, -2, 0, 3, 1, 3, 0, 0, 0, -2, 0};
weight_hh[96] = {19, -17, 25, 18, 8, 0, -31, -7, 33, -3, -25, -10, 3, 42, -29, -19, -27, 24, -9, -10, -17, -24, -20, 16, 15, 19, -22, 5, -26, -20, 49, 17, -13, -1, -16, -3, -4, 3, -42, -30, -2, 22, 3, 3, -2, 23, 18, 7, -3, 16, -3, -35, -73, -3, -3, 9, 2, -3, -15, 4, -3, 32, 42, 25, -10, -9, 3, -22, 44, -19, -3, 17};
weight_hh[97] = {-99, 5, -6, -8, -42, -3, -38, 14, 26, 9, -40, 10, 57, 20, -19, 13, -23, -31, -18, 16, -13, 3, -21, -3, 12, 56, -35, 17, -29, -21, 16, 4, 5, 27, 8, 12, -17, -15, 18, -63, 16, -2, -8, -10, -14, 7, -3, -31, 12, -32, 23, 17, 2, 7, 5, 34, -5, 43, 0, 6, 11, -24, 42, -26, 34, -2, -14, 9, -41, 20, 7, 16};
weight_hh[98] = {19, 29, -30, 12, 34, 0, -15, 0, 26, 7, -19, 13, -52, 53, -11, -4, -64, 26, -26, 12, 0, -22, -16, -19, 9, -4, 18, 5, -35, -13, 23, 55, 14, -9, 9, 13, -21, 4, -24, -39, 89, -30, -14, -13, -9, 22, 58, 13, 20, -23, -32, -23, -12, 13, 15, -79, -16, -7, -13, -29, 20, -10, 30, -5, 16, 32, -17, -2, 2, -20, 10, 9};
weight_hh[99] = {-11, 9, -5, -13, 5, -3, 9, 21, 9, 35, 6, -9, 1, 1, -1, -1, 11, 10, 0, -7, 37, -26, 3, 14, -14, 5, -2, 0, -7, 9, 19, 12, -6, -9, 5, -8, -18, -13, 22, 15, -11, -16, 12, 12, -12, 6, 0, 3, -12, -4, -17, 4, 3, -12, -12, -6, 11, -1, -16, -11, -12, 2, 13, -12, -20, 14, 12, 3, -13, 14, 18, 1};
weight_hh[100] = {-2, 1, 1, -2, 0, 0, 1, 0, 2, -1, -1, 0, -1, 1, -1, 1, 3, 0, 0, 2, 0, 2, 0, 1, 1, 0, -2, -1, -2, 0, 1, 2, 0, 0, 0, -2, -2, -1, 0, -1, -1, 2, 2, 2, 2, 0, 0, 0, -2, 0, 0, 2, 0, -2, -2, -1, 2, 0, 0, 0, -2, 2, -2, 0, 3, 1, 2, 0, -1, 0, -2, 0};
weight_hh[101] = {-2, 2, 1, -1, 0, 0, 1, 0, 2, -1, -1, -1, -1, 1, 0, 0, 3, 0, 1, 1, -1, 1, 0, 1, 1, 0, -1, -2, -1, 1, 1, 1, 0, 0, 0, -2, -2, -2, 0, 0, -1, 2, 2, 2, 2, 0, 0, 0, -2, 0, 0, 2, 1, -2, -2, -1, 2, 0, -1, 0, -2, 2, -2, 0, 3, 0, 2, 0, -1, 0, -2, 0};
weight_hh[102] = {72, -6, -39, -69, -87, -23, 57, 46, -20, -20, 36, -5, 10, 28, -20, -17, -45, 5, 6, -59, 53, 6, 6, -11, 10, -20, 30, 41, -1, -82, 72, -20, -19, -18, 35, -1, -39, -39, -25, 16, 19, 2, 3, 3, 7, -17, -5, 66, -2, 12, 31, 28, 23, -3, -2, 50, 1, -17, -44, 75, -2, -3, -1, -36, 8, -33, 3, -12, 10, 85, 3, 14};
weight_hh[103] = {14, -8, 1, 36, 19, 2, 47, -5, -15, 4, 12, -7, -30, -10, 35, -30, -2, -16, 1, 7, -29, 33, -15, -37, -14, 13, -61, -3, 12, 0, -10, 23, -6, 27, 2, 10, -17, -1, -2, -9, -49, -6, -7, -4, -5, 6, -47, -16, 9, 28, 33, -3, 15, 9, 11, -29, -4, 14, 27, -19, 8, 7, -33, 44, 27, -22, -5, -33, -25, 17, 8, -7};
weight_hh[104] = {-37, 2, -7, 7, -10, 9, -11, -8, 20, 4, -27, 19, 6, 3, 9, 29, 24, -10, -5, 14, 33, 8, -4, 14, -11, -28, 6, -17, 13, 0, -20, -6, -5, 20, 9, 4, 10, 38, 1, -4, 6, -8, -2, -2, -1, 2, 2, 10, 2, -1, -33, 25, 0, 2, 2, 21, -2, -7, -24, 3, 2, -12, -10, -16, 14, 22, -2, -1, 11, -5, 1, -16};
weight_hh[105] = {13, -5, 5, 26, -9, -23, -13, 17, 0, 15, 8, 9, -5, 32, 24, -35, -38, 28, 7, 25, -11, -25, 16, -22, 23, 29, -29, 30, 7, -22, -33, 1, -10, 11, 16, 0, 26, 19, 51, 1, -28, -11, -17, -8, -9, -15, 1, -7, 18, -26, -12, -19, -22, 9, 8, 2, 3, -29, 6, -5, 11, 25, 4, 4, -26, 12, -12, 2, -25, 61, 28, -13};
weight_hh[106] = {11, 2, 7, 22, 10, 1, -20, 5, -18, 25, 31, -23, -35, -54, 19, 7, -17, -24, 8, -44, 40, 26, -13, -9, 6, 18, 9, -21, 37, -8, -8, -30, 23, 0, -16, -4, 0, -68, 1, 37, 57, 3, 7, 3, 1, 24, 6, 5, -1, 64, 6, 49, -7, -5, -5, 18, 10, 7, 53, 22, -5, 24, 24, -27, -6, 32, 7, -14, 6, -24, 13, -27};
weight_hh[107] = {-33, -25, -7, -5, -9, 0, 4, 13, 27, 21, 1, 13, -21, -38, -2, -16, 3, -11, -27, -34, -3, 37, -7, 18, -25, -17, -2, -13, -31, 27, 19, 12, -14, -3, -3, 32, -76, 1, 7, -13, -6, -24, -36, -37, -26, 8, -19, 10, 28, 42, -15, 10, -15, 28, 36, -6, -32, 8, -12, -27, 34, -15, 1, -3, 0, 8, -26, -5, 3, 25, 35, -6};
weight_hh[108] = {0, 3, 2, 1, -4, -3, -1, -2, -4, 1, -2, 6, -2, 2, -3, 1, 2, 1, -1, 0, 0, -1, 0, 0, -4, -1, -4, -4, 6, 0, 0, 0, 0, 4, -6, -4, 5, -3, 4, 5, -3, -2, 7, 7, 2, -2, 6, 0, -7, -7, 0, 3, 3, -7, -7, 4, 7, -2, -6, 2, -7, -2, 0, 0, 2, 4, 7, 4, -5, -6, 0, -2};
weight_hh[109] = {30, -9, -17, 23, 25, 1, 9, 5, 36, -12, -9, 0, -40, 12, 21, 0, 0, 29, -8, -23, -9, -11, -5, 6, -6, 24, -5, -17, -12, -3, -36, -19, -11, 27, 78, 15, 40, -18, 18, 1, 6, -5, -15, -16, -14, 33, -18, 18, 17, 15, 5, -12, 6, 12, 12, 6, -15, -54, 33, 26, 22, 32, 18, 0, -7, 19, -21, 8, 38, 0, 26, -6};
weight_hh[110] = {-5, 7, -3, -6, 20, -8, 36, -2, -19, 3, -30, 17, -25, -27, -22, 22, 1, 9, -5, 10, 17, 10, -27, -20, 14, 14, 4, -8, -15, 14, -66, 2, -1, 23, 13, 15, 13, -11, 6, -13, 63, -2, -19, -19, -5, -24, -17, -27, 20, -10, 0, 15, 31, 20, 19, 29, -17, -6, 31, -61, 20, 35, -78, 9, -27, -18, -18, 15, 9, 8, 14, 13};
weight_hh[111] = {16, 8, 20, -21, 36, 9, -2, 23, 11, -13, 7, -8, -10, -10, 1, -34, 43, -32, 5, -26, 74, 10, -23, -26, -32, -20, 13, 1, 12, 28, -15, -5, -47, -9, 2, -3, 14, -81, -23, 0, 23, 21, 1, 2, 4, 4, 11, 26, -2, 7, -2, 49, -29, -1, -1, -3, 2, -18, 12, -44, -1, 56, -18, -5, 25, -8, 1, -20, 9, 10, -15, 12};
weight_hh[112] = {20, 3, 52, 28, 0, 14, 23, 9, 27, 21, -13, 15, 38, -25, 32, 0, 25, 9, -12, -29, -4, 11, -15, 38, -9, 17, -16, -33, 17, 16, 5, -15, 5, 6, -9, 34, 16, 5, 35, -8, -80, -6, -22, -27, -26, -14, -1, -32, 18, 41, 0, 32, 79, 28, 23, 18, -22, -8, -29, 59, 28, 19, 47, -30, 60, 10, -20, 17, -30, -28, 20, -6};
weight_hh[113] = {-51, -8, -27, -17, -27, -12, 0, 28, -56, 26, -19, 51, 6, 10, -13, -12, 11, 89, -25, 27, -16, 23, -41, -20, -22, 5, 7, -15, -39, -2, 40, 16, 3, 5, 26, 27, -55, 49, 4, -13, -3, -20, -26, -15, -12, -9, -14, -40, 22, -14, 47, -35, 25, 26, 16, -25, -18, 5, -66, 13, 28, -29, -45, 23, -10, 9, -21, -18, -21, 7, 18, -48};
weight_hh[114] = {-2, 9, -35, -10, 35, -14, 20, 20, 26, 31, -18, 33, 6, -13, 6, 0, -15, -31, -28, 18, -8, 5, -5, -55, -22, 2, 1, 34, -6, 24, 39, 8, -4, -33, 23, 25, -33, 10, -30, 5, -39, -38, -20, -14, -29, -11, -25, 35, 14, 43, -16, 6, -3, 16, 19, 24, -10, -4, 14, 45, 19, -30, 9, 1, 12, 36, -17, -30, 9, -19, 29, -6};
weight_hh[115] = {-17, -15, 19, 13, -25, 2, -31, 7, 21, 18, -49, 40, 19, 14, -2, 1, 26, 11, -30, -28, -26, 47, -17, -9, 30, -1, -5, 8, -95, 10, -6, -13, -11, 42, -30, 27, -1, 29, -2, -39, 10, -10, -30, -28, -4, -23, -43, 14, 31, 10, -23, 17, 8, 30, 25, 20, -26, -21, -20, 20, 25, 30, -4, -18, 14, 5, -29, 5, -53, -4, 24, -7};
weight_hh[116] = {-15, -3, 25, -7, 59, 13, 28, -4, 20, 26, -3, 4, 61, -16, -22, 55, 20, -34, -28, 9, -76, -28, -14, -33, 9, -7, 69, -44, -7, -14, 46, -27, 2, 15, 31, 11, -4, -10, -19, 14, 12, -7, -10, -14, -25, -29, -32, 33, 17, 10, -8, -24, 68, 14, 16, 10, -16, 4, 3, -9, 10, -31, -10, 30, -1, 8, -9, -12, -15, -20, 6, 43};
weight_hh[117] = {-33, -12, -5, -38, -14, 9, 71, -2, -3, 15, 7, -23, 14, -70, -31, 31, 9, 45, -16, 11, -33, -11, 6, 65, -8, -68, -17, -56, 17, -7, -35, -7, 34, 25, 4, 11, -41, -11, 11, -11, 1, -5, -12, -10, -20, -24, -11, 4, 12, 1, 14, 11, 76, 12, 13, -6, -10, 2, 19, -13, 18, -31, -31, -2, -5, -3, -20, -1, -15, 24, 19, 32};
weight_hh[118] = {-8, -8, 43, 26, 9, -8, -61, 16, -7, 12, -20, 24, -36, -38, 31, 14, -7, -10, -17, -28, -18, 34, -15, 83, 4, -14, -2, -27, -30, 41, 18, 22, 10, 39, -9, 14, -8, -23, 37, -17, 62, 11, -12, -12, -21, 19, -22, -25, 12, -7, 30, 18, -3, 12, 12, 19, -12, 40, 25, -1, 12, -17, 6, 11, 6, -20, -12, 27, 43, -12, 8, -17};
weight_hh[119] = {42, -6, -39, 25, -19, -29, -4, 34, 33, 5, 47, 1, 10, 45, 19, -39, -14, 25, 4, -17, -46, -29, -8, -14, 9, 20, 21, -8, 81, -44, -31, 8, -20, 9, -18, 16, 57, -7, -54, 6, -31, -17, -18, -12, -9, 6, 48, -21, 20, -3, 5, -36, 58, 14, 11, -4, -4, -21, 41, 18, 14, 14, 31, 23, -5, 0, -14, 26, 17, -4, 10, -43};
weight_hh[120] = {7, -14, -38, -32, 3, 6, -15, 0, -8, 31, -15, 18, -12, -50, 7, 18, -2, -26, -15, -26, 17, 15, -12, 1, 21, -19, -14, -20, 9, 82, 47, 14, -6, -35, 16, 14, 12, -9, 0, -14, 44, -8, -11, -12, -20, -16, -18, -20, 9, 9, 17, -1, 0, 13, 10, 14, -7, -32, -18, 4, 11, -7, 8, 40, 37, -4, -14, -10, -30, 22, 16, -7};
weight_hh[121] = {8, -8, 19, 11, 2, 4, 6, -17, -3, 13, -26, 25, -36, 10, 1, 20, 18, 43, -23, -48, -7, 15, -41, -32, -23, 45, -11, 7, -3, -10, -45, 3, -13, 4, -10, 20, -20, -67, -6, -13, 11, -17, -21, -19, -19, -10, -52, 18, 17, 35, 9, 29, 5, 20, 18, -22, -15, 20, -34, -17, 19, 15, -26, -27, -25, -22, -18, 27, 15, 12, 19, -2};
weight_hh[122] = {6, 12, -9, -15, 24, -10, -1, -7, 9, 10, 33, 6, -4, 4, -19, 12, -3, 11, -6, -5, 16, 7, -3, 1, 15, 25, -2, 10, 10, 16, 15, 39, 38, 2, 3, 1, 2, 5, 26, 0, -7, 14, -1, -1, -31, -22, 29, 6, 1, -18, -7, 0, -12, 1, 2, -12, -1, 23, 20, -18, 1, -4, -2, -8, -10, -20, -1, 5, 1, -8, 13, -3};
weight_hh[123] = {1, 15, -17, 34, 8, -1, -32, -28, -3, -21, -11, 3, -26, 25, 0, 11, -30, -1, 0, -43, -68, -7, 6, -16, -4, -18, -57, 12, -14, 2, 32, -13, -4, 8, -14, -4, 12, 33, 0, 18, -11, 24, 0, 0, 6, 9, 2, 12, -1, -2, 13, -3, -23, -1, -2, -16, 3, 1, -37, 19, -4, 57, 20, -7, 26, -17, 2, -12, 4, -18, -13, 31};
weight_hh[124] = {-28, 7, 8, 3, 23, 10, 7, -17, 5, -4, 0, 25, -25, 9, -2, 55, 6, 18, -12, -13, -11, 10, -6, 22, -5, 7, -13, -71, -21, 27, -1, 17, 8, 13, -22, -1, -4, 1, -17, 8, 13, 28, 14, 13, -37, 36, -31, 10, -14, -7, -11, -22, 17, -14, -14, -30, 12, 8, 13, 26, -13, 7, -1, 20, 12, 5, 13, -35, -32, -16, -4, -1};
weight_hh[125] = {-17, -2, 49, 7, 1, 1, -5, 16, -3, 60, -24, 26, 1, -6, -2, 1, -3, -1, -12, -10, 13, -10, -2, 0, -6, -3, -6, -9, 9, 10, 24, 7, -30, -7, -14, -3, -7, 2, 16, 11, -7, -8, 10, 10, -35, -7, -14, -4, -10, -4, -18, 26, -14, -10, -10, 5, 10, -2, -30, -19, -10, 0, -2, 14, -7, 6, 10, -3, -8, -1, 13, 5};
weight_hh[126] = {38, 0, 18, 53, -17, 12, 14, -15, -1, 7, 17, 13, -7, -10, 55, 22, -41, -17, 2, 7, -30, -34, -13, 3, 6, 20, -17, -15, 26, 36, -39, -12, -1, 9, -37, 17, 19, 33, -19, -23, -22, 8, -8, -7, -16, -11, -3, -5, 6, 21, -10, -14, 36, 6, 6, -21, -4, 12, 3, -14, 10, 15, -24, 57, -55, -10, -8, 22, 15, -50, 3, 52};
weight_hh[127] = {-42, -4, -15, -43, -10, 12, -19, 17, 9, 21, 10, -3, -7, -42, 27, -15, 20, 10, -4, -9, 13, 18, -14, -45, -1, 1, -20, -30, -1, 16, -34, 6, -3, -49, 21, 14, -28, -23, 19, -23, 46, -22, -23, -25, -21, -3, -13, 4, 18, 13, -8, -12, -21, 15, 13, 10, -22, -10, 43, -34, 15, 7, -22, -19, 15, -30, -14, -20, -20, -10, 19, -1};
weight_hh[128] = {12, -2, 2, 45, -2, 5, -61, -2, 16, 12, -17, 32, 74, 3, 6, 13, -97, -42, -17, -18, -27, 10, -8, 0, -12, 6, 0, 79, 8, -34, 52, 21, 6, -17, -44, 15, 5, -2, -6, -14, -22, -5, -16, -14, -18, 0, 67, 4, 16, 23, -14, -5, -7, 11, 11, -16, -8, -33, -35, 12, 13, -19, 76, 37, 12, -12, -17, -31, 52, 0, 20, 12};
weight_hh[129] = {20, 5, 37, 6, 20, 13, -47, 22, 22, 39, -22, 6, 31, -23, -26, 18, -11, -4, -16, 8, -16, 29, -4, 41, 14, -20, 27, 19, -20, 12, -27, 14, 11, -19, -7, 16, -1, -20, 22, -6, 55, -24, -12, -14, -24, 10, -6, -31, 9, -8, 23, 5, -31, 13, 16, -3, -20, -15, -9, -41, 12, -28, -11, 18, -64, 31, -14, 0, 66, 0, 29, -5};
weight_hh[130] = {-1, 12, 12, 12, 12, 14, 11, -16, 13, 1, -5, -2, -7, -33, 17, 35, 30, 25, -4, -3, 1, -30, 5, -14, -7, 2, 44, -30, -16, -10, -10, 17, 34, 16, 3, 8, -14, -17, -43, -2, 18, 28, -4, -4, -25, -3, 2, 4, 4, 8, -18, 16, 8, 4, 5, 45, -5, -3, 13, 13, 5, -29, 30, 11, -19, 3, -5, -32, 25, -22, -8, -5};
weight_hh[131] = {-26, 18, 6, 0, -2, -2, 19, -12, 20, 4, -2, -1, -15, 18, 22, -7, -48, -11, -1, 21, -9, -25, 5, 72, 14, -8, 15, 15, -30, 14, -11, 8, 21, -5, 31, -6, 14, 9, -1, -16, 18, 5, 6, 5, -5, -2, 11, -10, 4, -1, 25, -39, -45, -4, 0, -36, 7, 3, 27, 14, -3, -53, 17, 49, 2, -10, -5, -12, -6, -2, 2, 27};
weight_hh[132] = {49, -2, 6, 20, -22, -28, 8, 49, 11, 63, 47, 53, -19, 19, 1, -23, 3, 38, 12, -39, -26, -15, -14, -19, 7, 10, 17, 14, -3, -13, -14, -1, -29, -11, 17, -10, 33, -20, 6, 4, -11, -22, 10, 15, -33, 3, 2, 11, -10, 7, -44, -27, 24, -13, -11, -4, 16, -28, 6, 10, -12, 7, 13, 6, -13, 25, 12, -10, 17, 32, 31, 13};
weight_hh[133] = {-23, 0, 0, 26, 23, -19, 8, -43, 10, 27, -48, 94, -17, 1, -7, -8, -12, -6, -13, -60, -2, 23, -36, -23, 48, -12, 22, 9, -23, 12, -6, 10, 24, 43, -15, 15, -3, 1, 15, -9, 24, -25, 3, 2, -58, -9, -16, 6, -4, -7, -61, 23, 24, -6, 1, -6, 4, -61, -10, -4, 2, 33, -8, 24, -32, -21, 1, -3, 27, -20, 26, 8};
weight_hh[134] = {-23, -22, 8, 4, -33, -15, 19, 14, -8, 43, 0, -8, 0, -17, -1, -1, 10, 9, -9, 10, -17, -37, 10, -8, -13, -29, -16, -13, 6, 26, 25, -15, -14, -10, -15, -2, -18, -14, -7, 13, -31, 2, 9, 9, -10, -13, -7, 19, -9, -2, 20, -24, 12, -9, -9, -6, 6, 8, -9, 7, -9, 3, 32, -8, 4, 17, 9, -3, -6, 30, 19, -36};
weight_hh[135] = {-16, 10, -22, 6, 9, -11, -14, 12, 24, 1, 3, 6, -24, 8, 0, -3, 0, 16, -3, -2, -2, -4, 12, 41, 2, 7, 38, -7, -5, 10, 20, 20, 22, -7, 12, -1, 5, 20, 27, 0, -13, -11, 2, 2, -10, 31, -21, -26, -2, 8, 2, 8, -35, -2, -2, 16, 2, 8, -15, 5, -2, 4, 8, -9, 18, -45, 2, 7, -19, 38, -2, 0};
weight_hh[136] = {-22, -7, -18, -62, -17, 7, -15, 38, -4, -1, 5, 3, 1, -15, -10, 2, -1, -12, 9, 11, 55, -11, -27, -51, -16, -7, 8, 0, 28, -17, -33, -10, -46, 42, -15, -5, 28, -33, 12, -3, 54, 10, 6, 6, 6, -39, 9, 45, -6, -4, 14, 7, 14, -6, -6, 19, 5, -15, 11, 5, -6, 18, -10, -38, 12, -8, 6, 12, 16, 9, -18, 35};
weight_hh[137] = {21, 6, 15, -50, 16, 12, 33, 9, 0, 17, 3, 22, 57, -34, -52, -2, -5, 26, -11, -2, 23, -24, 0, -21, 15, -40, -54, -62, 9, -16, 20, -31, -7, -13, -12, 17, 5, -50, 25, 0, -8, 1, -14, -11, -19, -19, -13, -4, 9, 2, 0, 15, 52, 6, 7, 14, -5, -36, 15, -20, 4, -4, -26, 8, 4, 1, -10, 0, 32, -18, 14, 35};
weight_hh[138] = {20, -6, -15, 30, -3, 0, 6, 9, 4, 31, -9, 8, 2, -6, 6, -19, 6, -12, -21, -5, -19, -9, 5, -1, -15, -3, 8, 16, 15, -10, -46, -2, 5, 4, -2, 13, 47, -24, 18, 2, -3, -1, -12, -12, -37, 8, 33, 12, 12, 4, 0, -37, -5, 12, 13, 1, -11, -56, -13, 15, 13, -10, -6, 1, -8, -9, -12, -14, 16, -4, 19, -10};
weight_hh[139] = {35, -37, -51, 2, -2, 1, -20, 4, -22, 33, -3, 12, 39, -33, 16, -8, -5, -22, -21, -26, -24, -4, 0, -6, 13, 17, 19, -7, 16, -11, 2, 3, -2, 17, -18, 9, 46, -40, 18, 19, 4, -2, -5, -10, -26, 23, 0, 7, 10, 9, 23, -19, 29, 7, 5, 7, -6, -40, -14, 34, 5, 1, 13, 28, -21, -16, -8, -18, 37, 4, 12, 17};
weight_hh[140] = {24, -30, 29, -26, 16, 18, -17, 5, 30, 24, -14, 3, -48, 3, -28, 1, -31, 7, -34, 5, -4, 13, -13, 2, -14, 44, -12, 2, -46, -17, 9, -19, -15, -3, -16, 28, -20, -62, 15, -11, 73, -26, -37, -39, -38, -29, 24, 26, 42, 20, 16, -3, -33, 30, 28, -37, -34, -19, -9, -50, 40, 11, -58, -33, 12, 18, -30, 5, 22, 8, 24, 7};
weight_hh[141] = {5, -23, 83, 29, -48, -12, -63, 0, -6, 5, -8, 10, 15, -5, 69, 17, 3, 2, -13, -13, -10, 26, -19, -1, 7, 24, 10, -24, -3, 42, -3, -14, 0, -2, 6, 12, -11, -42, 16, -3, 20, -23, -19, -14, -10, 15, -32, -14, 15, 20, 18, -23, -44, 19, 11, 18, -17, 44, -17, 11, 19, 26, -4, -5, 12, -14, -12, 21, -11, -19, 25, -47};
weight_hh[142] = {42, -7, 35, -23, 16, 4, -4, 25, -6, -12, 17, 8, 4, 36, 40, 18, 27, 37, 0, -31, -3, -7, -15, -15, 11, -2, 0, 22, 6, -14, -5, 14, -60, -11, 6, 5, -7, 18, -61, -4, 23, 11, -3, -3, -6, -36, -36, 31, 4, 5, 8, -1, 2, 3, 4, 31, -3, 21, 22, 17, 3, 31, 4, 4, 28, 3, -3, -16, -2, 16, 4, 4};
weight_hh[143] = {-22, -3, 24, 23, 41, 1, -16, 30, 23, 19, -5, 31, -6, -46, 16, 0, 6, -32, -16, -25, 22, 21, -13, -3, -22, -44, -12, 21, -23, 32, 7, -35, -21, -5, -2, 23, -15, -12, 16, 3, 46, -35, -20, -19, -16, 11, 16, -14, 13, 16, -12, -9, -1, 15, 18, -5, -16, -55, 34, -37, 13, 7, -40, 64, 6, 16, -13, 26, 26, -29, 27, -15};
weight_hh[144] = {-2, -25, -15, -25, -20, 10, 15, -7, -15, 11, -14, -4, 15, -8, -16, -9, -44, 31, -9, -7, 9, 13, -22, 1, -24, 91, -37, -24, 21, -30, -54, -3, 0, -6, 24, 4, -13, -26, -3, 20, -5, -7, 6, -1, -1, 51, 23, -22, -5, 35, 6, 9, 39, -7, -4, -66, 1, 10, 37, -4, -8, 22, 32, -25, -19, 17, 7, 22, 59, -11, 10, 26};
weight_hh[145] = {40, -23, 1, 17, -27, -8, 60, 37, -11, -5, 4, 25, -19, 42, 3, 7, -18, 6, -23, 5, -7, -34, 16, 1, -1, -7, -14, -18, 12, -36, -13, -11, -16, -18, 3, 24, 60, 8, -12, -12, -10, -46, -13, -12, -39, 22, -24, -8, 12, -5, -11, -9, 16, 10, 11, -7, -9, -40, 13, 25, 11, 33, 22, -40, 4, -38, -11, -6, -3, 25, 1, 2};
weight_hh[146] = {-10, 8, -36, -19, 6, -20, 19, 38, -41, -18, -23, -24, 0, 13, -15, 8, -24, -7, 1, -48, -46, 27, 12, -14, 5, -51, 12, 20, -20, -2, 10, -20, 23, 13, -30, 0, -60, -2, -59, 28, 48, 7, -6, -11, -4, 2, -7, 9, 12, 3, 21, -10, 19, 5, 13, 10, -9, 61, -11, 32, 11, 12, 21, -9, -48, -14, -6, -15, -34, 13, -4, -2};
weight_hh[147] = {-27, -23, 23, -42, 30, -21, 18, 16, -36, 1, 0, 3, -9, -28, -40, 14, -39, -28, -2, -20, 41, 7, 0, 28, 23, 1, 2, 9, -22, 37, 7, -20, -1, -15, 3, 12, -30, -23, -16, -2, -27, -15, -7, -13, -9, -34, 61, -60, 13, 17, -8, -16, -22, 12, 13, -52, -6, 46, -23, -29, 14, 3, -11, -34, 6, -13, -10, 51, -2, -12, 16, -19};
weight_hh[148] = {37, 5, 23, -8, -21, -3, 15, -4, -11, -28, 5, -10, -3, 18, 21, -37, 3, 3, 7, 26, -15, -23, 28, -20, 28, 2, 2, 4, -2, 9, 42, 18, -12, -11, -24, 1, -4, 24, 7, 14, -11, 10, -6, -5, 2, 61, 9, 8, 5, 32, -8, -14, -3, 5, 9, 4, -5, 1, 16, -64, 6, 58, 25, 13, -35, -28, -9, 24, 27, -40, -8, -15};
weight_hh[149] = {-3, 4, 3, -7, -5, -1, -1, -5, -3, -6, 3, -3, 1, 6, -5, 6, 8, 3, 6, 4, 6, -1, 2, 5, 4, -3, -1, -7, 2, 5, 5, 4, -2, 0, -2, -12, -6, 2, -1, 6, -3, 5, 15, 15, 11, -1, 1, 4, -15, -7, 1, 6, -1, -15, -15, 2, 15, 3, -6, -5, -15, 4, -3, -3, 0, 0, 15, 1, 1, -4, -10, -4};
weight_hh[150] = {-44, 14, 14, 26, -23, 18, -4, 25, 1, 17, -7, 8, 12, 24, 18, 13, 9, -3, 0, 18, -40, -51, -24, -25, -36, 1, -2, -14, 12, -52, -23, -28, -15, 7, 50, -15, 57, 14, 37, -8, -1, -11, 20, 20, 6, 10, 21, 13, -18, -52, -6, -50, 15, -21, -12, -22, 15, -103, -13, -11, -19, -50, 4, -5, -27, 14, 10, -21, 0, -8, 0, -31};
weight_hh[151] = {-4, -14, 56, -1, -23, -14, -19, -10, 54, -18, 13, 14, -23, 4, 31, -16, 7, 20, -3, 30, -13, 41, 14, -12, -38, 9, -26, -11, -35, -6, 61, -27, -5, -33, -29, 5, -33, -1, 34, -26, 16, -4, 7, -3, -8, -33, 9, -13, -7, -10, 30, -25, -11, 2, -1, -47, 2, 20, 3, 28, -4, -58, 10, 6, 16, 25, 5, -52, -69, 15, -10, -41};
weight_hh[152] = {-28, -4, -2, 31, 26, -8, -21, 19, -22, -2, -33, 14, -6, -41, 18, 42, 19, -26, -19, -22, 24, 14, -6, 36, 12, 7, 17, 4, -20, 53, 68, 15, 16, -50, -1, 15, -12, 24, -5, -26, 37, 12, -9, -6, 0, 34, -52, -29, 11, 9, 20, -11, -18, 7, 5, 10, -16, 41, 42, -29, 6, -14, -29, -3, -23, 0, -4, 14, 42, -9, 11, 9};
weight_hh[153] = {48, -2, -43, 41, 13, -3, -10, -12, -22, -5, 32, -25, 8, -44, -12, -28, 4, 17, 5, 2, -8, -52, 28, 0, 3, 7, 18, -23, 46, 5, -50, 52, 0, -14, -58, 0, 32, 9, -27, 35, -15, -3, -5, -3, 5, 2, 3, -17, 5, -14, -9, -21, 5, 6, 4, 21, 3, 15, 28, -3, -4, -7, 35, 47, -56, -16, -4, -7, 49, -16, -6, 10};
weight_hh[154] = {13, 23, 27, -22, 20, -5, -25, -14, 3, 0, -62, 2, -3, -44, 1, 4, 0, -37, -5, -40, 8, 31, -6, 7, 19, 7, 50, -12, -31, 6, -17, 30, 4, -15, -27, 5, -39, -52, -40, 10, 16, 3, -9, -6, -3, 0, 18, 0, 11, 32, -47, 33, 2, 8, 12, 23, -8, 14, 6, -24, 4, 21, 9, -21, -18, 22, -11, 2, 29, -16, -3, 24};
weight_hh[155] = {4, -5, -3, 6, 5, 1, 2, 5, 1, 5, -3, 3, -1, -7, 6, -6, -8, -3, -6, -6, -5, 1, -2, -4, -4, 3, 2, 7, -2, -5, -6, -4, 2, -1, 3, 12, 6, -3, 1, -6, 3, -5, -15, -15, -11, 1, -1, -5, 15, 7, -3, -5, 2, 15, 15, -3, -14, -3, 4, 5, 15, -4, 4, 2, -1, -1, -15, -1, -1, 3, 10, 6};
weight_hh[156] = {19, -44, -31, 24, 29, 0, 3, -16, -48, -22, 16, -23, 10, -21, -5, -8, -30, -14, 8, -7, -26, -2, -15, 8, 28, -13, 70, 0, 0, -6, 49, 14, -14, 35, -14, -3, 26, -17, -32, 10, 20, 5, -4, -4, 3, 16, -18, -14, 4, 0, 51, 7, 13, 8, 2, 33, -1, -23, -6, 54, 3, 36, -2, 34, -26, -25, -7, 27, 68, 10, -1, -2};
weight_hh[157] = {-36, -17, -4, -2, 22, 8, -41, -17, 7, -1, 69, -25, -19, -50, 26, 19, 1, -12, 10, 3, 19, 37, 34, 1, 41, 13, -12, -15, 14, -11, -10, 1, 37, -8, 29, 7, 8, -49, -69, 6, 37, 7, -15, -16, -26, -15, 12, 20, 22, 22, -9, 49, 0, 22, 21, 6, -9, 47, 20, -33, 12, 60, 3, -17, 40, -47, -18, -12, 51, -13, -1, 13};
weight_hh[158] = {-7, -30, 9, -4, -5, -3, 19, 3, 1, 10, -38, 7, 14, 23, 0, 5, -1, 12, -15, -15, -30, 7, -6, 1, 47, -17, 16, 6, -32, -12, 3, 0, -21, 10, 1, 3, -10, 9, -19, -5, -15, 8, -3, -4, -11, 8, -36, 4, 0, 1, -13, -33, -1, 2, 1, -1, 2, -6, -31, 4, 4, 23, -5, 41, -29, 11, 2, -30, 2, 8, 1, 24};
weight_hh[159] = {-4, 4, 4, -5, -4, -3, -1, -2, -1, -5, 5, -2, -1, 9, -4, 6, 7, 5, 9, 5, 5, 0, 1, 5, 5, -4, -3, -5, 0, 4, 6, 3, -2, 1, -3, -15, -7, 5, -2, 7, -3, 3, 13, 13, 12, -4, 0, 3, -13, -8, 2, 3, 0, -13, -13, 3, 13, 4, -5, -4, -13, 4, -5, -1, -1, 0, 13, 1, 0, -1, -9, -5};
weight_hh[160] = {-34, -1, -23, -19, -10, 23, -43, -6, 6, -6, -15, 0, -3, 35, -46, 6, 7, 16, 4, 34, -20, -33, -5, -15, 19, -9, 32, -14, -4, 14, 24, 41, 18, 28, 23, -6, -6, 1, -13, 3, 8, 9, 11, 9, 19, -9, 11, 9, -13, -15, -5, -6, -21, -11, -10, 64, 10, 17, 0, -30, -6, -36, 4, 3, -27, 44, 9, 10, 28, -3, -13, 1};
weight_hh[161] = {3, -4, -4, 7, 5, 1, 2, 4, 2, 6, -3, 3, -1, -7, 4, -6, -8, -4, -6, -5, -6, 1, -2, -4, -4, 3, 1, 7, -2, -4, -5, -3, 2, -2, 2, 12, 6, -3, 1, -6, 4, -5, -15, -15, -11, 2, -1, -4, 15, 7, -2, -6, 2, 15, 15, -3, -14, -3, 5, 4, 15, -4, 3, 3, 0, 0, -15, -1, -1, 3, 10, 5};
weight_hh[162] = {4, -4, -3, 6, 4, 0, 2, 6, 2, 5, -3, 3, -1, -6, 7, -5, -7, -2, -5, -5, -6, 0, -2, -3, -3, 2, 1, 7, -3, -5, -6, -3, 3, -2, 2, 12, 5, -1, 1, -5, 3, -5, -15, -15, -11, 2, -1, -5, 15, 6, -3, -7, 2, 15, 15, -1, -14, -3, 5, 4, 15, -3, 2, 2, 0, 0, -15, -2, -2, 3, 10, 5};
weight_hh[163] = {-11, -15, -2, 0, 1, -2, 17, 1, -3, -7, 1, 23, 70, -37, -5, -30, 13, -14, -1, 1, -14, -30, 22, -10, 38, 7, -15, -112, 7, -48, -13, 60, -6, -13, 2, 0, 6, -3, -3, -3, -31, -1, 3, -2, 8, 52, -81, 19, 4, 7, 8, -31, 5, -1, 10, 34, -4, -8, 3, -7, 8, 22, 11, -1, -28, -30, -6, -25, -24, -13, -5, 8};
weight_hh[164] = {-27, 9, 28, -25, 5, -17, 1, 21, 7, 41, -22, 31, -16, 3, 9, -3, -21, 16, -11, 15, -15, 31, -23, -1, -49, -18, -8, -42, -38, 10, 39, -15, 14, -17, 60, 9, -82, -33, 17, 20, 2, -14, 12, 9, -36, 27, -25, 23, -6, 23, -21, -9, 2, -11, -8, -12, 3, 78, -34, -10, -7, -31, 25, -27, 1, 3, 8, -3, -13, -3, 20, 33};
weight_hh[165] = {-3, -4, -13, -3, 60, 0, 0, -22, -18, -34, 45, -42, 1, -67, 6, 8, 8, -22, -1, 12, 2, -22, 19, 16, 13, 14, -8, 6, 4, 37, -12, 29, 32, -36, -14, -1, 1, -23, 31, 14, 34, 19, -3, -3, 6, -1, 9, -35, 4, -2, 5, -10, -44, 2, 1, -15, -2, 27, 34, -53, 3, 4, -12, 20, 11, -16, -2, 20, 10, -5, -32, -23};
weight_hh[166] = {-7, -7, 48, -12, -45, -16, 16, -12, -15, -15, -7, 0, 2, -18, -3, -10, 11, 26, -12, -1, 7, -20, 0, -23, 20, 23, -9, 1, -38, 28, 28, 9, 14, -18, -16, 20, -62, -5, 11, 34, -8, 32, -29, -32, -5, -19, 13, 7, 25, -21, 29, 16, -9, 29, 28, 8, -26, 83, 4, 15, 32, 14, 3, -42, 12, -5, -25, -14, -6, 39, -11, -12};
weight_hh[167] = {4, -4, -4, 8, 5, 1, 2, 4, 2, 6, -3, 2, -1, -6, 5, -6, -9, -4, -5, -5, -6, 0, -2, -4, -4, 3, 1, 7, -2, -5, -6, -3, 2, -2, 3, 12, 6, -3, 1, -6, 3, -5, -15, -15, -11, 2, -1, -5, 15, 6, -1, -7, 1, 15, 15, -3, -14, -3, 5, 4, 15, -4, 3, 3, 0, -1, -15, -2, -1, 4, 10, 5};
weight_hh[168] = {-9, -35, 19, 3, -12, -13, -22, -7, -14, 14, -2, -8, 18, -12, 24, 21, 15, -4, -3, 6, 2, 11, 45, -57, 13, -4, 19, 15, -3, 2, 56, -65, -63, -15, 1, 3, 7, -8, -13, 29, 4, 1, 3, 3, 1, 8, -48, 36, -3, 7, 1, 36, -77, -3, -3, 51, 0, 14, 20, 64, -4, 27, -10, -1, 49, 20, 3, -66, -9, 0, 10, -39};
weight_hh[169] = {28, 0, 1, -1, -14, 1, 33, -17, 6, 6, 50, 0, -6, 7, -6, 3, -11, 3, 18, 0, -15, -16, 14, -43, -14, 11, 2, -19, 50, -4, 0, -3, 22, 9, -16, -7, 17, 20, -9, 26, -16, -6, 8, 3, 8, -5, 16, 13, -7, 11, 14, 6, 26, -5, -8, 3, 5, 15, 5, 9, -9, -11, 30, 3, -2, -21, 5, -16, -7, 16, -2, -45};
weight_hh[170] = {9, 6, 3, 15, 15, 0, 14, -15, 1, -2, 2, -4, -5, 11, 1, -1, 4, 6, -10, 0, -1, 4, 0, -2, 1, 0, -16, 4, 1, 10, 7, -8, 8, -2, -4, 3, 3, -5, 3, -1, -14, -10, -2, -2, -2, 2, 6, 5, 2, 4, -6, 9, -10, 2, 2, 3, -2, 7, 0, -2, 2, -5, 14, -8, 3, 5, -2, 5, 0, 8, 1, -6};
weight_hh[171] = {-5, 27, -10, -23, 1, 21, -12, -32, -18, -77, -4, -42, -13, -16, -8, -6, 1, -31, 19, -16, 9, 40, -20, -10, 18, -19, -4, -14, -27, 1, 11, 12, 8, 9, -18, -17, -33, 6, -36, 0, 16, 21, 10, 10, 12, 5, -34, 14, -10, 1, -23, 25, -7, -8, -11, 3, 11, 51, -30, -18, -11, 16, 11, 12, 7, 3, 8, 6, 3, 43, -22, 1};
weight_hh[172] = {-4, 4, 3, -7, -4, -1, -2, -4, -2, -6, 3, -3, 0, 7, -5, 6, 8, 4, 6, 4, 5, 0, 2, 5, 4, -3, -1, -7, 2, 5, 7, 4, -2, 1, -2, -12, -6, 2, -1, 6, -3, 5, 15, 15, 11, -2, 1, 5, -15, -7, 1, 6, -1, -15, -15, 2, 15, 3, -6, -4, -15, 4, -3, -2, 0, 1, 15, 2, 1, -3, -10, -4};
weight_hh[173] = {-4, 4, 3, -7, -5, -1, -3, -4, -1, -5, 3, -3, 1, 7, -5, 6, 8, 3, 5, 4, 6, -1, 1, 5, 5, -3, -1, -7, 2, 5, 6, 4, -2, 1, -2, -12, -6, 3, -2, 6, -3, 5, 15, 15, 11, -2, 1, 5, -15, -7, 1, 6, -1, -15, -15, 2, 14, 3, -5, -5, -15, 4, -4, -3, 0, 1, 15, 1, 1, -5, -10, -5};
weight_hh[174] = {-8, -25, 13, -57, 37, 14, 8, 3, -11, -20, -15, -2, 0, -3, 17, 25, -28, -11, -3, -23, 10, 31, -6, -14, 7, 3, 0, -17, -28, 34, 21, 18, 4, 4, 1, -1, -90, -7, -48, -37, 21, 1, 10, 5, -6, 0, -15, -6, -12, 24, 35, -3, 13, 0, -14, 24, 6, 112, 50, -16, -11, 0, -5, 29, -12, -10, 12, 0, 20, -28, 8, 9};
weight_hh[175] = {-72, -4, 16, -49, 35, 25, -5, 5, 41, 21, -24, 44, -23, -28, -33, 2, -20, -21, -14, -41, 4, 54, -21, -5, 8, 6, -6, -50, -56, 8, 29, 11, -7, -16, -5, 15, -73, -68, 2, -27, 30, -13, -13, -19, -6, -27, -5, -11, 19, 15, -13, 6, 10, 11, 11, 20, -17, 32, -11, -36, 18, 4, -67, -2, 41, -1, -8, -22, -2, -24, 9, -39};
weight_hh[176] = {40, -3, -8, 2, 11, -1, 24, -9, -54, -26, 2, -20, 7, -12, 3, -1, -21, 9, 11, -19, -4, 12, 2, -8, -36, -12, 11, 1, 19, 10, 0, -4, -20, 3, -37, -17, 11, -11, -19, 32, -19, -10, 9, 10, 27, -2, 26, 20, -10, 13, 15, -15, 7, -10, -9, -12, 10, 15, 3, 37, -10, 5, 14, -3, -1, 8, 10, 1, 18, 15, -11, -9};
weight_hh[177] = {56, 20, -7, 27, -10, 5, 5, 22, -28, 5, 6, -11, -5, 26, 11, 0, -13, 12, -1, -14, -8, -17, 14, 18, -86, -11, 14, 18, 57, -16, -28, -27, 8, -23, -14, 7, 69, -8, 7, 7, -29, 4, 1, 1, -7, 15, -1, -17, -7, -24, 0, -20, 15, -1, -4, -6, -5, -31, -11, 13, 1, -15, 17, -16, -2, 9, 3, 10, -7, -5, 12, 7};
weight_hh[178] = {12, 12, 6, 26, 25, -24, 6, -35, 24, -33, 28, -12, -8, -35, -9, -9, -16, -47, 18, -28, 24, 32, 43, 27, 57, -31, 2, 31, 20, 10, 19, 14, 3, -29, 3, -6, 42, 4, -27, -19, 17, 40, 3, 1, 11, -6, 26, 20, -5, 42, -38, 41, 3, 4, -3, 4, 8, 8, 16, -9, 6, 93, -5, 53, 42, -49, -2, -10, 29, -8, -29, 40};
weight_hh[179] = {12, 11, -11, 12, 11, -1, 18, -7, -14, -9, -1, -8, -2, -5, 6, -9, -10, -17, 11, 11, 24, -24, -22, -2, -34, 0, 5, 1, -9, -10, -4, -8, 7, -5, -3, -2, 13, -7, -16, 2, 14, 6, -6, -6, 21, 1, -1, -18, 6, 11, 25, 22, -34, 6, 6, -9, -1, -20, 2, 4, 6, -20, -7, 11, 4, -19, -6, 7, 12, 1, 8, -29};
weight_hh[180] = {-3, 10, 0, 15, 7, 14, -13, -8, -10, 16, -28, 39, -4, -16, -16, 13, 1, -7, -41, -5, -7, -15, 10, 25, -27, 0, -10, -6, 7, 11, -15, -5, 22, 13, -25, 32, 34, -15, 25, -2, 11, -9, -13, -12, -30, 2, 7, -4, 12, -2, -8, -8, -3, 13, 13, -4, -14, -29, -10, -5, 14, -7, 3, 11, 12, -20, -14, -13, -5, -32, 19, -4};
weight_hh[181] = {23, -19, -22, 24, 11, -5, 14, 15, -33, -26, 1, -1, 10, 4, 16, -7, -26, -11, 9, -30, -11, 5, -15, -6, -1, 4, 15, 5, 25, -20, -14, -9, -12, -17, 35, -3, 9, 20, -19, -2, -2, 1, -10, -9, -13, 21, 36, 4, 7, 8, 8, -14, 23, 6, 6, -15, -6, -17, 42, 10, 6, 32, 28, 12, 4, -42, -10, 10, 27, -2, 11, 21};
weight_hh[182] = {-9, -12, 7, 12, 0, -5, -31, -8, 78, -5, -41, 19, 19, 22, -11, -1, 34, -31, -7, 2, -11, 24, -44, -30, 25, 17, 14, -4, -58, 4, 10, 3, -15, -11, 14, 3, 0, -18, -3, -25, -15, -3, 1, 1, 5, -36, -14, -10, -1, 16, 43, -7, -15, -1, -1, 12, -3, -2, -16, 11, -1, -7, 3, 15, 19, 30, 1, -25, -6, -31, 0, -6};
weight_hh[183] = {-27, 13, -42, -24, -9, 5, -13, 3, 19, 5, 5, 11, 10, 12, 10, 20, -12, -17, -8, 6, 3, 11, 28, 14, -6, 0, 19, -14, -45, 46, 26, 34, 15, -12, -2, 6, -38, 40, 6, -11, 2, 25, -5, 3, 6, -27, -8, -4, -1, 26, -32, -1, 41, 5, -1, -8, -8, 55, 63, 6, -2, 16, -5, 18, -35, 4, -4, 50, 31, -54, 3, 1};
weight_hh[184] = {1, 0, 15, 34, -4, 5, 5, 52, 8, -10, 1, -2, -1, 20, 15, -22, 23, -2, 0, 11, -45, -4, -16, -15, 1, 14, 48, -23, -3, -6, -29, 46, -8, 6, 8, -5, 43, -7, -8, -7, 6, 9, 3, 0, 12, 14, -10, -15, -4, -3, -29, -38, -6, -1, -5, 0, 3, -42, -6, -41, -2, -14, -15, 45, 9, -1, 3, -27, 20, -8, -2, 39};
weight_hh[185] = {41, 11, -5, 0, -33, 12, 5, -11, 18, -9, 8, 4, 0, 12, 7, -1, -39, -14, 10, -16, -27, -40, 7, -45, 6, 21, -7, -1, 25, 4, 7, 4, 2, -26, -12, -8, 8, -29, 12, 28, 5, 13, 8, 8, 6, 2, 31, 27, -8, 8, 8, -2, 35, -8, -8, -30, 6, 4, 14, -8, -8, -2, 15, 8, -18, -2, 8, -20, -10, -17, -9, 1};
weight_hh[186] = {-8, 32, 22, 5, -18, 13, -22, 1, 40, -7, -10, 2, -8, -6, 8, 12, 5, 5, -5, -11, 2, 4, -2, 1, -16, 2, 13, 4, 1, -6, -1, 1, 19, 21, -10, 13, 13, 6, 6, -5, 21, 12, -8, -6, -10, -17, -2, 15, 7, -15, -50, -7, -3, 7, 8, 21, -9, -19, -16, -6, 6, -9, -11, -3, 17, 21, -8, -5, -11, -26, 0, -6};
weight_hh[187] = {13, -4, -4, 11, 1, -7, 6, 6, 0, 7, 22, -5, -2, 6, 6, -5, -10, 7, 11, 8, -5, -16, 2, -8, 1, 5, 8, 6, 13, -3, -6, -8, 8, -11, -7, 4, 7, 3, 5, 1, -4, -3, -9, -9, -2, 11, -2, -2, 10, 4, 22, -4, 2, 9, 10, -1, -7, 3, 18, 9, 10, 0, 7, -7, 2, -8, -10, 2, 1, 3, 10, -9};
weight_hh[188] = {40, 12, -29, -30, -1, -2, -5, 10, -27, 1, 10, 30, 3, -61, -38, -27, -39, 39, -8, -19, 7, 6, -26, -18, -8, 11, 16, 6, 32, 9, 24, 30, -6, -2, 4, 16, -10, -55, -2, 16, 13, 3, -10, -10, -16, -24, 12, 16, 15, 40, -1, 29, 81, 19, 17, 17, -7, 23, -5, -2, 18, -8, -26, -35, -5, -19, -18, 12, 8, 5, 16, -13};
weight_hh[189] = {-32, -9, -34, -30, 15, -13, 2, 5, -13, 16, 23, -10, -2, -14, -53, 29, -1, 23, 4, -9, 5, 1, 1, 12, 18, 15, 26, 10, -11, 56, -13, 8, 7, -59, 33, 10, -15, 31, -29, -13, 36, -3, -18, -19, -13, -27, 7, -45, 17, 23, 3, -35, 33, 17, 18, -22, -13, 56, 34, -15, 22, -21, -50, 55, -28, -12, -14, 19, 20, 3, 15, 12};
weight_hh[190] = {22, 3, -10, -1, 0, -6, -13, -5, -4, -16, 20, 9, -16, 40, 16, -13, -20, 19, 8, 22, 14, -14, 13, 19, -17, 51, 14, 19, 7, 0, -18, 4, 14, -9, -15, 2, 1, 34, 20, 8, -6, 1, -8, -7, 3, -10, 11, -32, 8, -9, -7, -45, -1, 8, 7, -4, -4, 14, 18, 43, 7, 12, -8, -7, -38, -34, -7, 9, -6, 34, 3, 28};
weight_hh[191] = {17, 0, -39, 55, 27, 2, -3, -17, -25, -1, -63, -14, -14, 0, 16, -15, -12, 14, 0, -24, -19, 12, 27, 40, 35, -21, 14, 20, -68, -4, 2, 11, 31, 32, -5, -2, -5, 56, -29, -7, 29, 12, -13, -15, 2, 4, -56, 16, 14, -21, -20, -12, -2, 15, 14, 7, -11, 16, -31, 2, 7, 30, -4, 8, -24, -26, -9, -22, 19, 18, 2, 26};
weight_hh[192] = {10, 15, 6, 15, 5, -16, -11, 31, -1, 16, -19, 0, -29, 11, -17, -13, -68, 27, -2, -22, 11, -9, -9, 37, -22, -22, -49, -8, -47, 22, 5, -3, -18, 9, -36, 2, -10, -48, 26, -8, -13, -13, 11, 12, 16, 12, 40, -62, -2, -28, 21, -12, -5, -9, -4, -74, 2, 17, -6, -38, -5, 2, -6, -8, 20, 50, 5, 45, 2, -5, -2, -13};
weight_hh[193] = {24, -26, -2, -38, -25, -22, 8, 2, -40, 11, -14, 21, 44, -18, -14, -17, -6, -15, -6, -30, 4, 41, 5, 39, 61, 29, -1, -19, -3, 13, 65, 9, -22, 6, -28, 0, -18, -22, -18, -14, -14, -14, 1, 2, -4, -27, 11, -22, 0, 38, 7, 5, -26, 2, 2, -14, 4, 42, 7, 3, -2, 35, 25, 12, 7, -6, -2, -2, 21, 18, -1, 7};
weight_hh[194] = {20, -34, 6, -18, -9, -4, 13, 31, -21, 3, -44, 16, -5, 46, 27, -14, -2, -17, -44, 3, 6, 10, 11, -3, -17, -25, -14, -2, -61, 21, 34, -13, -17, -15, -27, 23, -77, 14, 25, 1, 0, 16, -4, -8, -40, 0, -46, -15, 13, 18, -3, -3, 14, 3, 11, -12, -9, 51, -28, 18, 13, -37, 6, 8, -30, 7, -8, -6, -28, -4, 17, 15};
weight_hh[195] = {-43, 41, 19, -60, 10, -8, -35, 28, -7, -13, 0, 10, -15, -28, 4, 38, 24, -1, -1, 14, 18, -12, -2, 54, -10, -30, -39, -5, -16, -17, -10, -33, 6, 20, 47, 11, -98, -52, -21, -18, 21, 14, -3, -6, -4, -41, 17, 19, 10, 9, -63, -27, -52, 3, 2, -18, 1, 70, -26, 1, 8, -32, 6, -62, 40, -1, -5, 17, -3, 23, 4, -10};
weight_hh[196] = {2, 7, -30, 6, 25, -1, 7, -3, -13, -41, 43, -39, 2, 6, 26, 14, 8, 0, 55, -34, -29, -7, 17, 7, 3, -13, 12, 2, 15, -3, 3, 9, 29, -9, 26, -37, 13, 23, -12, 10, -3, 8, 19, 19, 73, 3, 20, 9, -20, 15, 6, -23, 3, -19, -16, -12, 24, 5, 29, -8, -16, -4, 4, 0, 29, 1, 20, -19, 17, 17, -5, 1};
weight_hh[197] = {17, 9, -32, -28, -1, 4, 19, -6, 16, 5, 43, -42, 3, -4, -4, 8, -1, 37, 15, -6, 5, 15, 24, -3, 43, -2, 3, 3, 3, -1, 32, -9, -2, -2, 0, -4, -33, -7, -16, 12, -4, -6, 2, 3, -1, 5, -19, 5, -5, -8, 12, 22, 11, -7, -5, 1, 2, 99, 10, 10, -6, 12, 20, -31, -9, -5, 5, 9, 1, 48, -13, 25};
weight_hh[198] = {9, 10, 11, 37, 13, 7, 13, 20, 10, -18, 29, -35, -15, 44, 19, 2, -13, 15, 23, -1, -27, 11, -18, -8, 42, 51, -32, -1, 5, -5, -21, -21, 33, 29, -22, -27, 15, 49, -41, -2, -1, -21, 8, 8, 45, -9, -33, 38, -5, -7, 41, -71, 29, -7, -5, -3, 9, 5, 19, 14, -4, 35, 5, 31, 0, 0, 3, -10, 24, 19, -10, 13};
weight_hh[199] = {10, 16, 21, -9, 40, 1, -2, -8, -3, -16, 4, -11, 10, 8, 8, -30, 15, -7, 11, 14, 18, -1, 3, 35, -18, -11, 8, 21, -11, -12, 7, -17, -17, -8, -1, -22, -8, 6, -17, 8, -5, 21, 24, 25, 15, 8, 6, 35, -25, -34, -27, 5, 7, -24, -26, 17, 22, -25, -21, -23, -26, 13, 8, -26, -6, 14, 25, 21, -15, -10, -23, -27};
weight_hh[200] = {-40, 3, 10, 48, 1, 8, -48, -17, 11, 5, -28, 18, 13, -11, 16, 21, -48, 10, -10, 6, 12, 1, -9, 76, -7, 6, -71, -21, -31, -28, 55, -41, -44, 27, 17, 9, -5, -46, 35, -24, 17, 16, 1, 3, -4, 5, -44, 30, -2, -12, -27, 35, -12, 1, -5, -67, -8, 13, -15, -15, 2, 24, -10, -23, 23, 22, -1, 6, -15, 19, 9, -26};
weight_hh[201] = {15, 11, 5, -11, -11, 0, 18, 9, -13, 4, 2, -18, 3, -20, -1, -6, 11, 22, 2, -15, 0, 28, 4, -32, 2, -5, 77, -44, -28, -9, 18, 5, 8, 30, 16, 4, -8, -27, -24, 40, -20, -9, -5, -4, -6, -40, 6, 7, 3, -3, -43, 30, 18, 3, 5, -1, -3, 11, -29, 36, 4, -10, 40, -17, 16, -35, -8, 21, 87, -19, 11, 1};
weight_hh[202] = {57, 11, -18, 17, 25, -18, 7, -30, 36, -26, 8, -6, -23, -8, 33, 18, 30, -3, 23, 9, -9, -3, 12, 14, 76, -29, 6, 67, -9, -61, 23, -68, 19, -17, 28, -19, 37, 33, -53, -4, 6, 12, 13, 19, 31, -21, -14, 18, -16, -2, -3, -40, -3, -7, -20, -42, 12, -43, 12, 4, -12, 32, -4, 19, 9, 58, 12, -31, -6, 37, -23, 0};
weight_hh[203] = {0, -25, -7, 2, 33, -9, 43, -17, -65, 3, 21, -18, -21, 3, -5, 8, 9, 10, 5, 14, 32, -4, -8, 13, 5, -3, 20, -3, 19, 47, -1, 13, -9, -28, -5, -5, -1, 22, -4, -12, 10, -10, -5, -5, -2, -13, -17, -65, 7, -10, 52, -27, -42, -2, 9, 11, 0, 7, 5, 8, -5, 9, -8, 75, -37, -6, 3, 26, 12, -17, 2, 16};
weight_hh[204] = {-3, 2, 40, 23, -16, -15, -22, 5, 17, 67, -15, -11, 20, -13, -3, 3, 22, 6, -2, 1, 6, -9, -9, 24, -28, -4, -16, 6, 1, -24, -6, -6, -28, 6, 28, -5, 44, -30, 54, -2, -10, -36, 16, 13, 17, -2, -29, 8, -11, -28, 9, -13, -17, -13, -10, 12, 12, -86, -17, 31, -10, -42, 3, -21, -13, 27, 10, -4, -9, -26, 49, 40};
weight_hh[205] = {64, -25, 10, -12, 14, -20, -16, -14, 15, 16, 37, -12, -19, 28, -17, -32, -4, 46, 12, -17, -19, 1, 56, 1, 82, 6, -1, -5, 46, -4, -3, 29, -25, 4, -8, 0, -5, 27, -30, -3, -19, -14, -1, 0, -12, 6, 10, 4, 2, -19, -13, 5, 0, -6, 2, -3, -11, 88, 13, 1, -1, 89, 14, -16, 13, -17, -3, -8, 3, 69, -13, -7};
weight_hh[206] = {-6, 0, -51, 12, 12, 5, 23, 6, -5, 7, -9, 9, 3, 27, 2, -9, -12, -7, 6, 42, -7, -23, -3, -48, 12, -24, -7, -1, 27, -40, -15, -7, -9, -11, 19, 1, 69, 26, -13, -16, 9, -31, 5, 10, 6, -4, -21, 13, -3, -29, 20, -42, -5, -10, -6, -21, 4, -120, 6, -9, -2, 8, 9, -11, 1, 22, 11, -12, -7, 0, 14, -33};
weight_hh[207] = {-33, 14, -7, 19, -76, 7, -15, -11, 50, -20, 8, 24, 16, 28, 23, -7, 1, -35, 3, 36, 7, -10, 38, 16, -1, -1, 23, -5, -18, -68, 33, 6, 26, -30, 90, 6, 9, 9, -19, 0, -20, -17, -6, -2, -2, 13, -3, 18, 4, -4, 0, 0, 45, 3, 1, -13, 1, -39, -7, -17, 5, -44, -44, -11, 16, 31, 0, -30, -18, 26, 7, -41};
weight_hh[208] = {24, 17, 37, -12, -44, -19, -36, 37, 20, -6, 20, -12, -2, 30, 44, -46, 51, 4, 24, 20, 4, -48, -35, 0, -5, 3, -5, 43, 25, -12, -22, -3, -15, 7, 24, -4, 15, 7, -37, -3, -11, 4, 0, -6, 25, 18, 30, -17, 2, -29, 20, -49, -21, 2, 7, 17, -4, -39, -18, -6, 12, 54, 11, -23, 8, -8, -11, 36, -16, 24, -14, 31};
weight_hh[209] = {47, 2, 6, 35, 30, -27, -26, -34, -23, 1, 38, -31, -39, 11, 68, 33, 9, -15, 34, 1, 5, 4, 15, -8, 32, -14, 35, -24, 28, 12, 30, -24, -11, -19, -9, -22, 4, -15, -2, 7, -22, 6, 13, 9, 26, -10, -11, 17, -7, -6, 5, 20, -33, -4, -8, -15, 10, 11, -3, 49, -8, -20, 15, 30, 58, 6, 7, -10, 7, 43, -12, -43};
weight_hh[210] = {-19, -6, 6, -8, -26, 21, -7, 0, 1, 32, -14, 20, 7, -4, -12, 9, 10, -14, -36, 16, 32, -5, 12, 10, -16, 3, 6, -12, 14, -9, 0, -2, 19, -8, 7, 12, 22, -10, 23, -7, -2, 8, 0, 0, -37, -1, -12, -19, 1, -2, -34, 54, 8, 0, 1, -2, -1, 6, -36, -7, 0, -12, 2, 10, -10, 13, -1, 1, -15, -25, -4, 20};
weight_hh[211] = {-15, 38, 21, 9, -3, -9, -18, -6, 6, 4, -3, 3, -60, -41, -24, -20, 6, 11, -8, -27, 15, 4, -13, -7, -4, 24, -5, -15, -2, 38, 1, -17, 24, -3, -17, 27, -4, -14, 15, 22, 19, -8, -25, -17, -10, 27, 5, -5, 25, 68, -19, 40, 25, 20, 23, -20, -17, 35, 43, 5, 16, -1, 7, 27, 47, -17, -24, -16, 1, -16, 12, -24};
weight_hh[212] = {23, 12, -10, 20, 1, 11, 3, -11, -24, -10, 22, -27, 0, -10, -9, -2, -13, -22, 14, 3, 38, -39, -2, -25, 9, 9, -4, -7, 31, -25, -7, -11, -8, -6, 5, -5, 28, -11, 1, 12, 23, 8, 0, 2, 20, -19, 6, 35, -1, 13, -6, 19, -6, -1, -1, -22, 4, -13, 30, -6, 0, 4, 3, 6, -5, -30, 0, 8, 24, 29, 0, 19};
weight_hh[213] = {58, 0, 48, 39, -4, 15, 7, -2, -13, -1, -10, 2, -30, 41, 32, -59, 9, -15, 11, 38, -2, -40, 0, -11, -27, 2, 5, 26, 6, -19, -41, -38, 12, -3, -34, -4, 29, 24, 6, 23, -58, 3, 17, 15, 12, -21, 12, -18, -10, -65, 8, -19, -25, -16, -6, 16, 12, -39, 22, -36, -17, 20, 57, -27, -50, 10, 12, 5, -8, -11, -10, -10};
weight_hh[214] = {-28, -5, 10, -5, -2, -2, -1, -3, 70, 2, -8, -24, -26, -6, 10, -4, -12, -10, 2, -7, 20, 12, 0, -26, -53, -38, 9, 9, -14, -11, 24, -29, 14, -16, 23, -1, -7, -26, 6, 3, 16, 16, -1, -1, -8, -20, 0, 38, -2, -4, -11, 14, 31, -3, -4, -2, 0, -2, 18, 1, 0, -35, -17, -46, 57, 1, 2, -2, -9, -19, 3, -4};
weight_hh[215] = {8, 15, -9, 21, 11, -18, 3, -6, -22, -1, 9, -11, -12, 14, -17, -3, 20, 6, -7, -35, -24, -11, -1, 3, 83, 2, 5, 5, 14, 1, -52, 34, 12, 8, -39, 13, 44, 20, -132, 15, -4, -7, -16, -17, -2, 13, -9, 22, 14, 33, -5, -11, 23, 17, 14, 8, -6, 21, 31, -4, 11, 60, -11, 25, -7, -32, -17, -17, 27, 40, 7, -14};

Bias_hh (8 bit):
 {2600, -315, -1997, 785, 1923, -252, -269, 1647, -115, -1474, 1883, -2026, 435, -1710, 686, -1140, -3389, -132, -698, -1570, 699, 257, 275, -1913, -1586, 1551, 2117, 1631, 1802, 911, -1338, -414, -635, 23, -117, 2021, 1848, -247, 104, -1571, 1774, -1044, -2098, -2104, -1128, -83, -869, -436, 2097, 3266, 555, -1548, 1785, 2076, 2102, -984, -1880, -1747, 2040, 617, 2084, -1112, 459, 969, -638, -2308, -2134, 1638, 1806, -1098, 1676, -1258, 1568, 340, 2411, 3019, 443, 2100, 1709, -756, 180, -1115, 138, -873, 269, 742, 3207, 1199, 2182, 1168, -1217, -1932, -497, 112, 1366, 1269, 1176, 1207, 2570, 2051, 3062, 1925, 2554, 1554, -319, 2896, 1351, -1282, 3613, -583, 1606, 611, 1250, -729, -642, -647, -1900, 676, 2060, -266, -731, -656, -1655, -1375, 2514, -596, -606, 1778, -370, 4643, -144, 1033, -535, 331, -253, 669, 382, -121, -703, 1457, 520, 274, -1378, -721, 601, -74, -190, 494, 520, 959, 102, 1191, 1222, 1001, 109, -53, -942, 816, 850, 247, 1398, 557, 1190, 711, 252, 1035, 289, -130, 954, 798, 541, 32, -117, 120, 642, -545, -631, -79, 744, 1393, 500, 998, 1017, 744, 1087, 368, 949, 965, 1257, -341, -102, -869, 944, 421, 531, 1670, -548, 914, 969, 433, 886, 672, 1092, 915, 955, 913, 641, -472, 746, 871, 986, -499, 677, 1088, 1000, -1192};
