Input scale (32 bit):
 346466496
Input zero point:
 132
Hidden scale (32 bit):
 34296332
Hidden zero point:
 127
Weight input scale (32 bit):
 24868894
Weight input zero point:
 124
Weight hidden scale (32 bit):
 41157688
Weight hidden zero point:
 131
Output linear scale (32 bit):
 382080608
Output linear zero point:
 118
Output sigmoid r scale (32 bit):
 16843010
Output sigmoid r zero point:
 0
Output sigmoid z scale (32 bit):
 16843010
Output sigmoid z zero point:
 0
Output tanh n scale (32 bit):
 33686020
Output tanh n zero point:
 127
Output r_hn scale (32 bit):
 322040064
Output r_hn zero point:
 128
Output z_n scale (32 bit):
 33553920
Output z_n zero point:
 127
Output z_h scale (32 bit):
 33827448
Output z_h zero point:
 128
Scale ih (32 bit):
 22550840
Scale hh (32 bit):
 3694398
Scale r_hn (32 bit):
 19983188
Scale z_n (32 bit):
 16909320
Scale z_h (32 bit):
 17076472
Scale new_h_zn (32 bit):
 4201994240
Scale new_h_zh (32 bit):
 4236248320
Weight_ih (8 bit):
weight_ih[0] = {27, 9, -15, 0, 0, 32, 0, 43, 0, 0, -20, 67, 6, 34, -35, 5, 21, 0, 0, 29, -10, 0, -12, 0, -23, -7, -5, 0, 13, 0, 0, 0, -20, -3, -10, 0, 0, 0, 0, 0, 73, 0, -4, -15, 12, -50, -27, 0, 0, 22, -7, -12, -11, 0, -20, 4, 20, 0, 14, 15, 13, -24, 17, -28, 8, 18, 0, 0, 3, 40, 0, 19};
weight_ih[1] = {-1, -12, 15, -1, 0, 2, 0, 0, 0, 0, -15, -18, 12, 4, -18, -8, 0, 0, 0, -12, -7, 0, -2, 0, -2, -10, 2, 0, -3, 0, 0, 0, 7, -1, -4, 0, 0, 0, 0, 0, -1, 0, 1, -6, 23, 2, -7, 0, 0, -4, -11, -10, 15, 0, 2, 1, 8, 0, 2, 25, -4, -1, 4, -2, -1, 4, 0, 0, 8, -12, 0, -1};
weight_ih[2] = {2, -17, 20, -2, 0, -19, 0, -5, 0, 0, -9, -7, 22, -5, 57, -3, -16, 0, 0, -28, -6, 0, -26, 0, 20, 2, 36, 0, 8, 0, 0, 0, 44, -6, -6, 0, 0, 0, 0, 0, -40, 0, -10, 15, 18, -30, 2, 0, 0, 21, 11, 17, -4, 0, 12, -49, 14, 0, 4, -1, -15, -31, 18, -9, 19, -15, 0, 0, -7, 25, 0, -71};
weight_ih[3] = {-29, 8, 5, 3, 0, 35, 0, 51, 0, 0, 12, -45, 9, -8, 15, -10, 29, 0, 0, 3, 30, 0, 8, 0, -36, 1, 39, 0, 15, 0, 0, 0, 4, -7, -7, 0, 0, 0, 0, 0, -37, 0, -11, 5, 6, -1, 8, 0, 0, 1, 38, 5, -1, 0, 3, 12, 2, 0, 7, -14, 14, -10, 11, 15, 4, 9, 0, 0, 33, 8, 0, 26};
weight_ih[4] = {-31, 1, 0, -7, 0, -45, 0, -19, 0, 0, 7, -9, -23, -5, 64, -29, 42, 0, 0, -66, -1, 0, -16, 0, -11, 3, 38, 0, -20, 0, 0, 0, 1, -6, 71, 0, 0, 0, 0, 0, 32, 0, 6, 6, 18, -2, 17, 0, 0, -19, 28, -3, 1, 0, 6, -37, -9, 0, 19, -17, -1, -44, -3, 13, 4, -19, 0, 0, -32, 23, 0, -58};
weight_ih[5] = {1, 1, 12, 0, 0, 4, 0, 4, 0, 0, 2, 3, 3, 0, 3, -1, 4, 0, 0, 2, 3, 0, 4, 0, 6, 2, 3, 0, 1, 0, 0, 0, -1, 0, 2, 0, 0, 0, 0, 0, 6, 0, 1, 5, 8, 9, 3, 0, 0, -2, 2, 2, 4, 0, -1, 4, 0, 0, -4, 7, -2, 2, 2, 3, 1, 0, 0, 0, 3, 4, 0, 2};
weight_ih[6] = {-1, -2, 0, 1, 0, -1, 0, 1, 0, 0, 17, 20, 11, -9, 46, 1, 45, 0, 0, 11, 2, 0, -15, 0, 2, 13, 20, 0, 5, 0, 0, 0, 3, -9, 1, 0, 0, 0, 0, 0, 26, 0, -8, -11, 0, 56, 9, 0, 0, 4, 31, 8, 0, 0, 14, 24, 7, 0, -5, 3, 21, -6, -3, 13, -17, -15, 0, 0, -13, -16, 0, -9};
weight_ih[7] = {1, 17, 29, -5, 0, 7, 0, 1, 0, 0, 10, -30, 59, -14, 4, 19, -2, 0, 0, 29, 50, 0, 13, 0, -23, 12, -24, 0, -26, 0, 0, 0, -1, -9, 11, 0, 0, 0, 0, 0, -11, 0, 9, -15, 45, 37, -6, 0, 0, 29, -21, -5, 13, 0, 8, 25, 8, 0, 11, 43, 6, -3, -7, 18, 0, -5, 0, 0, -8, -7, 0, -8};
weight_ih[8] = {-38, 11, -30, -30, 0, -24, 0, 24, 0, 0, -5, 107, -20, 22, 85, 7, -1, 0, 0, 41, 13, 0, -26, 0, 13, 15, 2, 0, 15, 0, 0, 0, 10, 8, 13, 0, 0, 0, 0, 0, -10, 0, 10, 4, -5, 19, 23, 0, 0, 4, -29, -4, 48, 0, -23, 2, -21, 0, -21, -14, 4, 21, 29, 14, 8, 22, 0, 0, -10, 13, 0, 0};
weight_ih[9] = {-3, -13, 27, 11, 0, 3, 0, -6, 0, 0, -4, 0, -2, -16, 21, 17, -7, 0, 0, -8, -2, 0, -6, 0, -2, -9, 13, 0, -5, 0, 0, 0, 3, -3, -32, 0, 0, 0, 0, 0, -45, 0, -4, -1, -12, 13, -6, 0, 0, -26, -6, -13, -14, 0, 29, 10, -8, 0, -1, 25, -13, 4, 31, -2, 6, -11, 0, 0, 18, 8, 0, 0};
weight_ih[10] = {-12, 13, 28, -8, 0, -7, 0, 2, 0, 0, 25, -10, -11, 2, 3, -7, -10, 0, 0, -13, -15, 0, -14, 0, 9, 17, -4, 0, -18, 0, 0, 0, 0, -2, -10, 0, 0, 0, 0, 0, -12, 0, 13, 4, 4, 26, 16, 0, 0, -1, 31, 4, 0, 0, 7, -6, 0, 0, 20, 14, -2, -9, 19, 18, 9, -5, 0, 0, -8, 9, 0, -22};
weight_ih[11] = {1, -1, 11, 0, 0, 4, 0, 3, 0, 0, 1, 2, 4, -1, 2, -1, 4, 0, 0, 0, 3, 0, 6, 0, 4, 1, 3, 0, 1, 0, 0, 0, -1, -1, 3, 0, 0, 0, 0, 0, 7, 0, 2, 5, 10, 10, 3, 0, 0, -3, 1, 1, 6, 0, -1, 3, 1, 0, -2, 9, -2, 2, 2, 2, 1, -2, 0, 0, 4, 3, 0, 2};
weight_ih[12] = {4, 7, 8, 1, 0, 9, 0, 4, 0, 0, 11, 16, 4, -7, 5, 19, -7, 0, 0, 3, 5, 0, -2, 0, 10, 6, -1, 0, -2, 0, 0, 0, 4, 8, -3, 0, 0, 0, 0, 0, -9, 0, 12, 14, 2, 34, 17, 0, 0, -3, 6, -5, 2, 0, 1, 14, 4, 0, 9, 9, 14, -4, 2, 14, 3, -6, 0, 0, 9, 3, 0, -12};
weight_ih[13] = {-6, 4, 1, -4, 0, 0, 0, -13, 0, 0, -13, -2, 7, -13, 13, 5, 28, 0, 0, -18, 2, 0, -8, 0, 23, 10, -26, 0, 7, 0, 0, 0, -14, 2, 4, 0, 0, 0, 0, 0, 20, 0, 11, 16, -33, 46, 13, 0, 0, -10, 9, 10, -4, 0, -13, 8, -9, 0, 9, -15, 17, -1, -12, 23, -2, -12, 0, 0, -4, 1, 0, 12};
weight_ih[14] = {-1, 5, 9, -4, 0, -11, 0, 0, 0, 0, 9, -3, 3, 1, 1, 0, 4, 0, 0, 1, 3, 0, 3, 0, 6, 6, -9, 0, 0, 0, 0, 0, 0, 4, -3, 0, 0, 0, 0, 0, 3, 0, -7, 9, 0, 20, 4, 0, 0, 1, 1, -4, 9, 0, 1, -5, -7, 0, -1, 5, 7, -10, 8, 6, 4, -2, 0, 0, 2, 12, 0, 0};
weight_ih[15] = {0, -1, 10, 0, 0, 3, 0, 2, 0, 0, 2, 1, 6, -1, 2, -1, 6, 0, 0, 1, 3, 0, 6, 0, 4, 1, 4, 0, 0, 0, 0, 0, -1, 0, 2, 0, 0, 0, 0, 0, 4, 0, 1, 6, 10, 10, 3, 0, 0, -3, 3, 1, 7, 0, -2, 2, 0, 0, -1, 9, -3, 1, 2, 1, 1, -1, 0, 0, 4, 2, 0, 2};
weight_ih[16] = {-19, 11, -47, -4, 0, -41, 0, -21, 0, 0, 15, 9, -5, -16, 29, 14, 21, 0, 0, 17, -5, 0, 10, 0, -9, 12, 11, 0, -1, 0, 0, 0, -2, 13, 5, 0, 0, 0, 0, 0, -10, 0, 19, 35, -17, 53, 5, 0, 0, -21, 9, -15, 24, 0, 23, 2, 2, 0, 23, -22, 0, -17, 29, 24, 11, 6, 0, 0, 0, 38, 0, -11};
weight_ih[17] = {1, 1, 12, 0, 0, 4, 0, 4, 0, 0, 2, 3, 3, 0, 3, -1, 4, 0, 0, 2, 3, 0, 4, 0, 5, 2, 4, 0, 1, 0, 0, 0, -1, 0, 2, 0, 0, 0, 0, 0, 6, 0, 2, 6, 8, 10, 3, 0, 0, -2, 3, 1, 3, 0, -1, 4, 0, 0, -4, 6, -1, 2, 2, 3, 1, 0, 0, 0, 3, 3, 0, 2};
weight_ih[18] = {1, 1, 12, 0, 0, 3, 0, 4, 0, 0, 3, 2, 4, 0, 2, -1, 4, 0, 0, 2, 2, 0, 4, 0, 5, 2, 4, 0, 1, 0, 0, 0, -1, -1, 2, 0, 0, 0, 0, 0, 6, 0, 2, 5, 9, 9, 2, 0, 0, -2, 2, 1, 5, 0, -1, 3, 1, 0, -2, 7, -2, 2, 2, 3, 1, 0, 0, 0, 4, 3, 0, 2};
weight_ih[19] = {5, 33, 11, -7, 0, -10, 0, -15, 0, 0, 26, 69, -48, -19, 38, 12, -25, 0, 0, 16, 34, 0, 29, 0, 19, 11, 7, 0, -9, 0, 0, 0, 16, 25, 3, 0, 0, 0, 0, 0, 13, 0, 46, 25, -17, -2, 36, 0, 0, -37, 29, 15, 7, 0, 45, 11, 26, 0, 10, -4, 0, -4, 0, 17, 4, 5, 0, 0, -14, 4, 0, 17};
weight_ih[20] = {1, 1, 13, 0, 0, -3, 0, 9, 0, 0, 14, 12, 18, -2, 16, -3, -1, 0, 0, 16, 4, 0, -14, 0, 8, 1, 3, 0, -3, 0, 0, 0, -3, 3, 6, 0, 0, 0, 0, 0, -10, 0, -5, -10, 19, 31, 7, 0, 0, 2, 3, -14, 2, 0, 9, 1, 1, 0, 11, 1, -5, -5, -6, 9, -10, 4, 0, 0, 1, -14, 0, -2};
weight_ih[21] = {2, -1, 42, 17, 0, 13, 0, 7, 0, 0, 14, 16, 46, 5, -48, 12, -41, 0, 0, -4, 26, 0, -17, 0, 8, 10, 17, 0, 2, 0, 0, 0, 19, 9, -4, 0, 0, 0, 0, 0, -39, 0, 27, 18, 55, -60, 19, 0, 0, 32, 8, -18, -30, 0, 13, 22, -23, 0, 1, 48, 35, 7, 23, 37, 11, 14, 0, 0, 13, 35, 0, 6};
weight_ih[22] = {8, -16, -9, -13, 0, -14, 0, 11, 0, 0, 15, -8, 10, -3, 27, 1, 7, 0, 0, -23, 5, 0, 9, 0, -47, -8, 11, 0, -14, 0, 0, 0, -2, 1, 3, 0, 0, 0, 0, 0, 20, 0, 4, -6, 47, 82, -22, 0, 0, -39, 33, -13, 21, 0, -20, 12, 7, 0, 11, -8, -20, 5, -17, -20, -8, -11, 0, 0, -18, -27, 0, -11};
weight_ih[23] = {1, 1, 12, 0, 0, 4, 0, 4, 0, 0, 2, 2, 3, 0, 2, -1, 3, 0, 0, 2, 3, 0, 4, 0, 6, 2, 4, 0, 1, 0, 0, 0, -1, -1, 3, 0, 0, 0, 0, 0, 5, 0, 2, 5, 10, 9, 3, 0, 0, -2, 2, 1, 5, 0, -1, 4, 1, 0, -3, 8, -2, 2, 2, 2, 1, 0, 0, 0, 3, 4, 0, 2};
weight_ih[24] = {15, 1, -21, 20, 0, 41, 0, -3, 0, 0, 24, 21, -2, -8, 14, -17, 2, 0, 0, 26, -11, 0, -15, 0, -16, -1, 7, 0, 10, 0, 0, 0, 6, 2, 20, 0, 0, 0, 0, 0, -1, 0, 47, -15, 28, -10, -35, 0, 0, 23, -11, -5, 21, 0, 35, 34, -10, 0, 21, 26, 26, -7, -9, -10, -1, -1, 0, 0, 22, 4, 0, -24};
weight_ih[25] = {8, -6, 26, 11, 0, -16, 0, -15, 0, 0, 16, 1, -11, 1, -32, -28, -38, 0, 0, -13, -19, 0, -10, 0, -13, 0, -1, 0, 7, 0, 0, 0, 2, -9, 6, 0, 0, 0, 0, 0, 9, 0, 20, -1, 25, -67, 1, 0, 0, -25, 0, 4, -22, 0, 11, 9, -16, 0, -14, -1, -14, -10, 32, -37, 14, -16, 0, 0, 14, 36, 0, -30};
weight_ih[26] = {5, 8, 14, -4, 0, -5, 0, 15, 0, 0, 1, -3, 2, -2, 8, 1, 25, 0, 0, -14, -10, 0, 3, 0, 3, 8, 15, 0, -2, 0, 0, 0, -1, -2, 2, 0, 0, 0, 0, 0, 10, 0, -1, 0, 5, -29, 0, 0, 0, -1, 21, 10, -8, 0, 6, -3, -7, 0, 18, -6, -1, -1, 1, 7, 2, 12, 0, 0, -9, 2, 0, -12};
weight_ih[27] = {-7, 9, 46, 0, 0, -1, 0, 15, 0, 0, -3, -10, 18, -2, 5, -3, 12, 0, 0, 2, 0, 0, 6, 0, 12, 9, 20, 0, 0, 0, 0, 0, -1, 1, 0, 0, 0, 0, 0, 0, -10, 0, 7, 1, 13, -8, 1, 0, 0, 1, 2, 1, 9, 0, 0, 1, -14, 0, -6, 29, 7, -3, -4, -3, -13, 3, 0, 0, -4, -15, 0, 3};
weight_ih[28] = {1, 1, 11, 0, 0, 4, 0, 3, 0, 0, 3, 2, 4, 0, 2, -1, 3, 0, 0, 2, 2, 0, 4, 0, 4, 1, 4, 0, 1, 0, 0, 0, -1, -1, 3, 0, 0, 0, 0, 0, 5, 0, 1, 5, 9, 10, 2, 0, 0, -2, 3, 1, 5, 0, -1, 3, 0, 0, -2, 7, -3, 2, 1, 2, 1, -1, 0, 0, 3, 3, 0, 2};
weight_ih[29] = {1, 1, 12, 0, 0, 4, 0, 3, 0, 0, 2, 2, 3, 0, 3, -1, 3, 0, 0, 2, 2, 0, 5, 0, 5, 1, 4, 0, 2, 0, 0, 0, -1, 0, 2, 0, 0, 0, 0, 0, 6, 0, 3, 5, 9, 9, 3, 0, 0, -2, 3, 1, 5, 0, -1, 3, 0, 0, -3, 7, -1, 2, 2, 3, 0, 0, 0, 0, 3, 3, 0, 2};
weight_ih[30] = {28, 5, 43, -3, 0, 2, 0, 12, 0, 0, 6, -9, 11, -67, 16, -9, 21, 0, 0, 38, -2, 0, -3, 0, -65, 29, 12, 0, 2, 0, 0, 0, 13, -1, 4, 0, 0, 0, 0, 0, 42, 0, -19, 24, 15, -53, 57, 0, 0, 24, 20, -8, -14, 0, 76, -23, 15, 0, -5, 36, -32, 21, 11, 22, -3, 10, 0, 0, 19, -55, 0, 11};
weight_ih[31] = {5, -7, 6, -15, 0, -11, 0, -1, 0, 0, -8, 21, 25, -5, 3, 19, 2, 0, 0, -16, 15, 0, -9, 0, -15, 0, -16, 0, 4, 0, 0, 0, -1, -10, -9, 0, 0, 0, 0, 0, -4, 0, -1, -30, -23, 52, 3, 0, 0, -43, 4, 1, -29, 0, -15, -14, 1, 0, -4, 12, 19, -2, -1, 4, -6, -36, 0, 0, -11, 1, 0, -3};
weight_ih[32] = {16, 10, 26, 12, 0, 23, 0, 6, 0, 0, 11, 36, -11, -1, 7, 8, 12, 0, 0, 10, 2, 0, 5, 0, 3, 12, 3, 0, 11, 0, 0, 0, 1, 11, -8, 0, 0, 0, 0, 0, 21, 0, 13, 17, -9, 3, 16, 0, 0, 3, 13, 12, -9, 0, 12, 18, 10, 0, 8, 4, -10, 19, 13, 15, 9, 11, 0, 0, -7, 7, 0, 12};
weight_ih[33] = {6, -8, 4, 0, 0, -4, 0, 2, 0, 0, 19, -4, 10, -3, -10, -9, 0, 0, 0, 9, 7, 0, -5, 0, 4, -1, 3, 0, -7, 0, 0, 0, -1, 3, -3, 0, 0, 0, 0, 0, 4, 0, -22, -5, 20, 29, 3, 0, 0, 3, -9, 13, 7, 0, 6, -11, 7, 0, 10, 7, 8, -7, -3, 10, -3, 6, 0, 0, 5, -20, 0, 12};
weight_ih[34] = {-13, 19, 89, 8, 0, 6, 0, 17, 0, 0, -22, -52, 36, 27, -38, -24, 13, 0, 0, -5, -37, 0, 28, 0, 22, 33, 11, 0, 32, 0, 0, 0, 16, 1, -9, 0, 0, 0, 0, 0, -55, 0, -6, 11, 76, -104, 47, 0, 0, -6, 28, 0, 23, 0, 25, 5, -11, 0, 20, 57, 31, -14, -26, 54, -26, -26, 0, 0, -5, -6, 0, -8};
weight_ih[35] = {-11, -3, -13, 11, 0, -11, 0, -8, 0, 0, -6, 3, 29, -1, 36, -9, 41, 0, 0, 43, -5, 0, 2, 0, -10, -1, 4, 0, -1, 0, 0, 0, -3, 1, 5, 0, 0, 0, 0, 0, -13, 0, -9, 5, -18, 6, 5, 0, 0, -1, 17, -17, -20, 0, -2, -7, 0, 0, -12, 5, -2, 3, -1, -8, -4, -5, 0, 0, 19, -5, 0, 5};
weight_ih[36] = {-9, -7, 10, 1, 0, 0, 0, -3, 0, 0, -1, -11, 2, -7, -6, -4, -9, 0, 0, -5, 1, 0, 2, 0, 1, -6, -2, 0, -10, 0, 0, 0, -3, -1, -4, 0, 0, 0, 0, 0, -5, 0, 0, 10, 5, 0, 7, 0, 0, 2, -7, -8, 11, 0, 1, 3, -9, 0, 6, 9, 0, 3, 9, 4, 2, 2, 0, 0, 4, -4, 0, 5};
weight_ih[37] = {30, -7, -3, 1, 0, -2, 0, -28, 0, 0, -1, -31, 0, -20, -19, 6, -30, 0, 0, -13, 1, 0, -13, 0, 56, 10, -5, 0, 19, 0, 0, 0, 31, 12, -1, 0, 0, 0, 0, 0, -3, 0, 6, 10, -23, 27, 20, 0, 0, -11, -15, 14, 16, 0, 1, 7, 10, 0, 11, -16, -7, -13, 9, 5, 4, 5, 0, 0, -13, 29, 0, 2};
weight_ih[38] = {-14, 3, 10, 6, 0, -13, 0, 9, 0, 0, -9, -23, -2, -1, -4, -21, 1, 0, 0, -36, 14, 0, -10, 0, 2, 7, -2, 0, -22, 0, 0, 0, 1, -2, 8, 0, 0, 0, 0, 0, -3, 0, -19, 15, 10, 4, 15, 0, 0, 2, -13, -5, 2, 0, 13, -4, 4, 0, -8, 23, 22, 10, 16, 14, 9, 7, 0, 0, -6, 15, 0, -12};
weight_ih[39] = {31, -20, 2, -4, 0, -16, 0, -6, 0, 0, 32, -29, 18, -1, 1, -39, 26, 0, 0, 8, 4, 0, -24, 0, 8, 4, 31, 0, 15, 0, 0, 0, 0, -3, -3, 0, 0, 0, 0, 0, 47, 0, -4, 12, 24, 36, 9, 0, 0, -16, 12, 8, -7, 0, 39, 9, 20, 0, 4, 42, 30, 1, 12, -4, -3, 16, 0, 0, -7, 7, 0, -33};
weight_ih[40] = {-24, -12, 11, 0, 0, -5, 0, 17, 0, 0, -22, 22, 17, -7, 37, 18, -21, 0, 0, 27, 45, 0, 14, 0, -6, -7, 23, 0, -8, 0, 0, 0, -1, -2, 3, 0, 0, 0, 0, 0, -29, 0, 28, -8, -7, -11, -3, 0, 0, 7, 21, 5, -8, 0, 11, 13, -5, 0, -4, -13, -4, 10, 6, 2, -2, 17, 0, 0, 17, -14, 0, -5};
weight_ih[41] = {34, -13, -22, 9, 0, -25, 0, 38, 0, 0, 24, 2, 50, 2, -36, -31, 40, 0, 0, -10, -51, 0, -1, 0, -6, -6, 11, 0, -23, 0, 0, 0, -1, 10, -8, 0, 0, 0, 0, 0, -33, 0, -20, -13, 6, -44, -17, 0, 0, 11, -24, 2, -2, 0, -3, -13, 9, 0, 8, 39, -11, 11, -6, 2, -3, 24, 0, 0, -21, -12, 0, -39};
weight_ih[42] = {-7, 10, 22, -8, 0, 0, 0, 1, 0, 0, -13, -4, 16, 1, -4, -15, 5, 0, 0, 8, -10, 0, 3, 0, 8, 8, 1, 0, -3, 0, 0, 0, 1, -2, 1, 0, 0, 0, 0, 0, -5, 0, -8, 3, 15, -21, 7, 0, 0, 19, -3, -2, 0, 0, 7, -3, -17, 0, -20, 21, -4, -26, -10, 15, -7, 12, 0, 0, 8, -5, 0, -1};
weight_ih[43] = {14, 6, 21, 1, 0, 0, 0, 30, 0, 0, 22, -3, -9, 0, -21, -3, -2, 0, 0, 24, 19, 0, 11, 0, -12, 8, -25, 0, 5, 0, 0, 0, 3, 1, 6, 0, 0, 0, 0, 0, 23, 0, 22, 11, -17, -58, 17, 0, 0, 2, 0, 8, -45, 0, 4, 5, -15, 0, -11, -20, 10, -1, 3, 10, 11, 10, 0, 0, 22, 9, 0, 27};
weight_ih[44] = {19, 3, 37, -6, 0, 16, 0, -2, 0, 0, 44, -25, 14, -9, -35, 33, 5, 0, 0, 15, 34, 0, 34, 0, 11, 4, 8, 0, 10, 0, 0, 0, 1, 2, -21, 0, 0, 0, 0, 0, 13, 0, -5, -1, 37, -20, -1, 0, 0, 28, 16, 8, 0, 0, 9, 11, 30, 0, 3, -5, 10, 33, -5, 7, -1, 12, 0, 0, -25, -3, 0, -4};
weight_ih[45] = {-4, 14, 34, -9, 0, -26, 0, -21, 0, 0, -21, 27, 26, 0, 69, -3, 42, 0, 0, 13, -18, 0, 8, 0, -19, 15, -16, 0, 9, 0, 0, 0, 0, 9, 6, 0, 0, 0, 0, 0, 23, 0, -10, 10, 2, -35, 7, 0, 0, 7, 13, -5, 29, 0, 18, -25, -12, 0, 21, 49, -11, -47, 6, 5, 5, -11, 0, 0, 30, 18, 0, 4};
weight_ih[46] = {17, 0, 15, -4, 0, 9, 0, 2, 0, 0, -1, -3, -18, -18, -9, 11, 36, 0, 0, 21, -11, 0, 3, 0, 3, 17, -24, 0, 4, 0, 0, 0, 2, 6, -26, 0, 0, 0, 0, 0, 23, 0, -38, 22, 19, -45, 32, 0, 0, 7, -10, -6, 0, 0, 24, -14, -27, 0, 3, 21, -6, 7, -27, 32, -14, 4, 0, 0, -9, -16, 0, 13};
weight_ih[47] = {-29, 19, 90, 2, 0, 32, 0, -2, 0, 0, -9, -1, -7, -19, 6, 13, 6, 0, 0, -3, -6, 0, 36, 0, 20, 22, 18, 0, 6, 0, 0, 0, -7, 13, 0, 0, 0, 0, 0, 0, -19, 0, 6, 15, 26, -49, 26, 0, 0, 33, 17, -9, 13, 0, 31, 40, -13, 0, 13, 62, 27, 1, 21, 25, 16, -7, 0, 0, 26, 24, 0, -12};
weight_ih[48] = {14, 13, 10, 23, 0, 88, 0, 27, 0, 0, 16, -33, 17, 18, -22, -3, -21, 0, 0, 55, 6, 0, 25, 0, 11, -3, 11, 0, 9, 0, 0, 0, -2, -5, -9, 0, 0, 0, 0, 0, 5, 0, 8, 0, -10, -10, 14, 0, 0, 68, 4, 11, 17, 0, 47, 88, 15, 0, -7, -27, 42, 23, 6, 15, -3, 31, 0, 0, 41, 2, 0, 44};
weight_ih[49] = {18, 6, 9, 21, 0, 15, 0, -29, 0, 0, 48, -29, -9, -4, -12, 28, 17, 0, 0, -12, -1, 0, 0, 0, 1, 19, -23, 0, 9, 0, 0, 0, 4, 8, -8, 0, 0, 0, 0, 0, -12, 0, -23, 17, 1, -4, 16, 0, 0, 20, 27, -5, -3, 0, -2, -31, -5, 0, -9, -10, -28, -13, 4, 15, 9, -20, 0, 0, -14, 22, 0, -14};
weight_ih[50] = {2, 3, 45, -6, 0, 7, 0, -41, 0, 0, 17, 23, -28, 5, 6, 4, -40, 0, 0, 1, 6, 0, -8, 0, -9, 16, -65, 0, 27, 0, 0, 0, 29, -7, 4, 0, 0, 0, 0, 0, 24, 0, 10, 0, -36, 5, 84, 0, 0, 38, -29, -21, 1, 0, -44, 1, 39, 0, -19, 8, 4, -11, -20, 51, -1, -40, 0, 0, -23, -9, 0, -16};
weight_ih[51] = {14, 47, 33, 0, 0, 15, 0, 7, 0, 0, 25, 39, 33, 44, 83, 3, 21, 0, 0, 55, 30, 0, -17, 0, -16, 6, 51, 0, -7, 0, 0, 0, 53, 16, 10, 0, 0, 0, 0, 0, -45, 0, 13, 1, -13, 30, 12, 0, 0, 37, 8, 20, -3, 0, -31, 10, -9, 0, -16, 42, 0, -6, 8, 5, -12, -30, 0, 0, 44, -37, 0, -21};
weight_ih[52] = {-3, 70, 80, -12, 0, -8, 0, -7, 0, 0, -31, -42, -19, -39, -11, -26, -21, 0, 0, -20, -9, 0, -20, 0, 44, 47, 4, 0, 13, 0, 0, 0, 27, 12, 8, 0, 0, 0, 0, 0, 19, 0, -29, 29, 7, -90, 32, 0, 0, 16, 3, 4, -12, 0, 45, 0, -23, 0, 9, 4, 0, -10, 14, 66, 21, 10, 0, 0, 1, 39, 0, 6};
weight_ih[53] = {4, 16, 0, -1, 0, -5, 0, 12, 0, 0, 14, 0, -1, 19, 2, -1, -7, 0, 0, 11, -1, 0, -1, 0, 3, 1, -2, 0, -10, 0, 0, 0, 10, 2, -1, 0, 0, 0, 0, 0, 1, 0, -2, 9, 6, 8, -7, 0, 0, 1, 9, 3, -12, 0, 0, 8, 7, 0, -3, -7, -13, 3, 3, -4, 5, 3, 0, 0, -29, 27, 0, 5};
weight_ih[54] = {6, 34, 55, -13, 0, 4, 0, 13, 0, 0, 12, -51, 28, -1, -34, -11, 6, 0, 0, 9, 16, 0, 1, 0, -6, 37, 17, 0, 1, 0, 0, 0, 2, -7, 15, 0, 0, 0, 0, 0, 16, 0, -11, 2, -16, 10, 12, 0, 0, -1, 12, 3, -13, 0, 31, -3, 9, 0, 8, -1, 29, -34, -1, 20, 0, -21, 0, 0, -27, -2, 0, 2};
weight_ih[55] = {13, 10, 7, -9, 0, 26, 0, 13, 0, 0, 25, 38, -15, -3, -23, 2, -26, 0, 0, 43, -5, 0, 10, 0, 20, 6, 0, 0, 17, 0, 0, 0, 1, 7, -11, 0, 0, 0, 0, 0, 2, 0, 15, 20, 27, -15, 13, 0, 0, 26, -10, -5, 58, 0, 4, 34, 17, 0, -5, 15, 1, 19, 9, 19, 6, 11, 0, 0, 26, 26, 0, 3};
weight_ih[56] = {-5, -18, 4, -7, 0, -14, 0, -5, 0, 0, -27, -21, -12, -55, -5, 10, 8, 0, 0, -4, -11, 0, 10, 0, 15, 15, -16, 0, -4, 0, 0, 0, -32, 8, 13, 0, 0, 0, 0, 0, 18, 0, -15, 9, 14, -2, 24, 0, 0, -6, 3, 1, 19, 0, 51, 6, -24, 0, 0, 60, -41, -7, -14, 7, 5, 22, 0, 0, 32, 10, 0, -34};
weight_ih[57] = {-8, 12, 26, 1, 0, 16, 0, 10, 0, 0, 3, -1, 10, -3, -8, -3, 18, 0, 0, 29, 10, 0, 20, 0, 14, 10, 8, 0, 2, 0, 0, 0, 0, 3, -25, 0, 0, 0, 0, 0, 0, 0, -10, 11, 7, 28, 11, 0, 0, 9, 6, -5, 18, 0, 5, 16, -1, 0, 5, 14, 14, 2, 12, 22, 0, 17, 0, 0, 5, 15, 0, 3};
weight_ih[58] = {23, -10, 24, -1, 0, 7, 0, -12, 0, 0, 3, 19, -13, 10, 3, -1, -5, 0, 0, 7, 5, 0, -9, 0, -17, 8, -11, 0, -1, 0, 0, 0, 11, 1, 8, 0, 0, 0, 0, 0, 6, 0, 3, 20, 5, 27, 29, 0, 0, 5, -2, -3, -16, 0, 10, 7, 0, 0, 8, 17, 4, 14, 5, 4, 0, -38, 0, 0, 10, -3, 0, 6};
weight_ih[59] = {-20, 21, 8, 11, 0, -15, 0, -36, 0, 0, 32, -69, 11, 6, -51, 10, -29, 0, 0, 17, 16, 0, 10, 0, -18, 25, -1, 0, 1, 0, 0, 0, 0, -9, 17, 0, 0, 0, 0, 0, -2, 0, -19, 7, 1, -10, 18, 0, 0, -10, -38, -8, 28, 0, -2, -3, 19, 0, 8, 11, -88, -2, 3, -1, 4, 14, 0, 0, 0, 25, 0, 8};
weight_ih[60] = {21, 36, 72, 1, 0, -16, 0, 13, 0, 0, -30, -12, 31, 14, -7, -10, -24, 0, 0, -5, -4, 0, 11, 0, -3, 40, 35, 0, 13, 0, 0, 0, 49, 3, -2, 0, 0, 0, 0, 0, -35, 0, 10, 0, 13, -85, 16, 0, 0, 6, 14, 5, -33, 0, 65, -3, 10, 0, -10, 38, 3, -5, 10, 17, 13, -9, 0, 0, -15, 49, 0, 2};
weight_ih[61] = {-4, 6, 6, 7, 0, -20, 0, 9, 0, 0, 25, 35, 26, -10, 28, 1, 31, 0, 0, 32, 34, 0, 13, 0, -14, 2, 50, 0, 11, 0, 0, 0, 0, -6, 12, 0, 0, 0, 0, 0, 46, 0, 2, -4, 17, -37, 11, 0, 0, 13, 25, -11, -35, 0, 15, 15, 24, 0, -11, 47, 2, 21, 46, -24, 10, 10, 0, 0, -21, 29, 0, 14};
weight_ih[62] = {-3, -2, -21, 0, 0, 3, 0, -14, 0, 0, 2, -5, 11, -20, 30, -3, 0, 0, 0, -4, -4, 0, 5, 0, 22, -15, 27, 0, 2, 0, 0, 0, -5, 10, 1, 0, 0, 0, 0, 0, -5, 0, 22, 29, 12, -5, 11, 0, 0, 11, -4, -13, 51, 0, -4, -1, -6, 0, -4, 18, 5, -18, 4, -12, 5, -11, 0, 0, -22, -18, 0, -38};
weight_ih[63] = {0, 5, 19, 0, 0, -8, 0, 15, 0, 0, 25, 20, -12, -2, 2, 8, -13, 0, 0, 20, 7, 0, 3, 0, 23, 8, 7, 0, 11, 0, 0, 0, -3, 2, -3, 0, 0, 0, 0, 0, 5, 0, 26, -2, 7, 26, -8, 0, 0, -2, 0, 10, -8, 0, -4, -2, 7, 0, -18, -7, 18, 4, 10, 16, -1, -6, 0, 0, -14, -7, 0, 4};
weight_ih[64] = {7, 11, 15, -3, 0, -4, 0, 11, 0, 0, 4, 1, -6, 1, -9, -13, 13, 0, 0, -19, -4, 0, 2, 0, 8, 6, 18, 0, 7, 0, 0, 0, 6, 7, -13, 0, 0, 0, 0, 0, 41, 0, 4, 12, 30, 0, -5, 0, 0, 11, 20, -5, -4, 0, 23, 4, 29, 0, -17, 12, 0, 4, 26, 8, 8, 28, 0, 0, -13, 37, 0, 22};
weight_ih[65] = {2, -1, -15, -22, 0, -13, 0, -8, 0, 0, 4, -62, 38, 7, -6, -30, 27, 0, 0, -38, 9, 0, 14, 0, -17, 10, 1, 0, -6, 0, 0, 0, 15, -8, 14, 0, 0, 0, 0, 0, 19, 0, -29, -10, 44, 35, -11, 0, 0, -24, -2, 21, 26, 0, 50, 13, 19, 0, -48, 70, -28, 3, 8, -19, 21, -41, 0, 0, 27, 26, 0, 35};
weight_ih[66] = {0, 7, 23, 7, 0, 5, 0, 9, 0, 0, 4, 2, 1, 1, 0, 1, 0, 0, 0, 11, 0, 0, 3, 0, -12, 4, 8, 0, 9, 0, 0, 0, 6, -7, -6, 0, 0, 0, 0, 0, 3, 0, -1, -3, 2, 8, 1, 0, 0, 1, 2, -1, -9, 0, 16, 7, 2, 0, -7, 3, 4, -1, 1, 6, 0, 0, 0, 0, 0, -4, 0, 7};
weight_ih[67] = {11, 3, -12, 2, 0, -3, 0, -9, 0, 0, 10, 3, 16, 23, -19, -3, -7, 0, 0, -6, -12, 0, -11, 0, 8, -3, -8, 0, -6, 0, 0, 0, 17, -2, -15, 0, 0, 0, 0, 0, 12, 0, 4, -4, 23, 33, -7, 0, 0, -7, -9, 7, 16, 0, 2, 4, 15, 0, 7, 26, -7, -1, 2, -7, 1, 3, 0, 0, 5, 21, 0, 7};
weight_ih[68] = {7, 3, 0, 6, 0, 10, 0, 5, 0, 0, 8, 11, -2, 1, -2, 5, 2, 0, 0, 9, 0, 0, 0, 0, 9, 4, 0, 0, 5, 0, 0, 0, 0, 3, -5, 0, 0, 0, 0, 0, 9, 0, -5, 6, 13, 24, 2, 0, 0, 5, 0, -1, 13, 0, 3, 6, 8, 0, 9, 9, 5, 0, 1, 5, 1, 7, 0, 0, -5, 8, 0, -2};
weight_ih[69] = {-8, -4, -2, -14, 0, -5, 0, 19, 0, 0, 25, 20, -22, 2, -10, 18, -3, 0, 0, 7, 13, 0, -15, 0, -10, -5, -12, 0, 5, 0, 0, 0, 9, -11, -7, 0, 0, 0, 0, 0, 5, 0, -6, -8, 54, 27, -10, 0, 0, 33, 5, 1, 2, 0, 4, -20, -23, 0, 6, 0, 25, -28, -4, 6, -11, 13, 0, 0, -6, -29, 0, -13};
weight_ih[70] = {-6, 50, 28, 2, 0, 3, 0, -7, 0, 0, 22, 2, 34, 2, 0, 11, -7, 0, 0, 22, 4, 0, -1, 0, -9, 12, -41, 0, -3, 0, 0, 0, 1, 11, 3, 0, 0, 0, 0, 0, 12, 0, 15, -11, -10, -28, -20, 0, 0, 13, 20, -1, -9, 0, 8, 1, -19, 0, -11, 28, 15, -5, -16, -17, -5, 1, 0, 0, -10, 33, 0, -30};
weight_ih[71] = {6, 5, -1, 0, 0, -15, 0, 5, 0, 0, 4, 17, -10, -2, 34, -11, 8, 0, 0, -6, -1, 0, 13, 0, -15, -3, 13, 0, 0, 0, 0, 0, -1, -8, 9, 0, 0, 0, 0, 0, 20, 0, 10, -9, -12, 27, 0, 0, 0, -31, 30, 9, -7, 0, 3, 1, 5, 0, 5, -12, -13, 7, -5, -13, -2, 1, 0, 0, -10, 2, 0, -5};
weight_ih[72] = {-62, 36, -12, -59, 0, -57, 0, -3, 0, 0, -9, 57, 8, 40, 38, -48, -75, 0, 0, 22, -15, 0, -30, 0, -21, 43, 45, 0, 15, 0, 0, 0, 30, -4, -41, 0, 0, 0, 0, 0, -78, 0, -30, 24, -21, 9, -3, 0, 0, -35, -31, 42, 19, 0, -79, -14, -58, 0, -54, -15, 0, 9, 0, 60, -11, 46, 0, 0, -37, 9, 0, -7};
weight_ih[73] = {-2, -14, -20, 1, 0, 2, 0, -4, 0, 0, 9, 0, -17, -3, -13, 5, -22, 0, 0, 3, 1, 0, -2, 0, -4, -10, -4, 0, 7, 0, 0, 0, 10, -1, -4, 0, 0, 0, 0, 0, -7, 0, 3, 0, -14, -19, 4, 0, 0, 2, -14, -6, 2, 0, -10, 1, 1, 0, 0, -23, -13, 2, -8, -2, 4, 9, 0, 0, -3, -4, 0, 0};
weight_ih[74] = {-15, 21, -13, -46, 0, -18, 0, 38, 0, 0, 38, 25, -31, -18, 21, 24, -7, 0, 0, 54, 53, 0, -14, 0, -7, 22, 23, 0, -19, 0, 0, 0, 0, -10, -1, 0, 0, 0, 0, 0, -29, 0, 20, 16, 50, 82, 10, 0, 0, -52, 15, -14, 4, 0, 16, -37, -21, 0, 15, 11, 1, -1, 22, 11, -13, 13, 0, 0, -16, 18, 0, -19};
weight_ih[75] = {12, 28, 20, -30, 0, -17, 0, -2, 0, 0, 27, 3, -10, 5, 9, 23, 23, 0, 0, 64, -28, 0, 27, 0, -24, 22, -6, 0, 24, 0, 0, 0, 18, 1, -24, 0, 0, 0, 0, 0, -13, 0, -12, 32, 16, -16, 1, 0, 0, -17, 26, 20, 20, 0, 59, -34, -9, 0, 61, 14, 67, 3, 14, -4, 16, -87, 0, 0, 24, 87, 0, -30};
weight_ih[76] = {-19, 17, -10, 23, 0, -41, 0, 3, 0, 0, -46, -93, 57, 17, -20, 5, 4, 0, 0, -40, 20, 0, -49, 0, 24, -3, -12, 0, -37, 0, 0, 0, 31, 12, -69, 0, 0, 0, 0, 0, -6, 0, -100, -22, 37, 9, -39, 0, 0, 9, -17, 36, 30, 0, -33, 14, 52, 0, -8, 38, -8, 6, -19, -19, 11, -19, 0, 0, 38, -30, 0, -41};
weight_ih[77] = {-1, -4, -3, 0, 0, 2, 0, -1, 0, 0, -6, 0, 2, 0, 3, -3, 1, 0, 0, -4, 1, 0, 1, 0, -3, -1, 2, 0, 0, 0, 0, 0, -1, -1, -6, 0, 0, 0, 0, 0, -1, 0, 3, -3, -7, -12, -3, 0, 0, -1, 1, 0, 0, 0, -1, -1, -3, 0, -16, -2, 0, 1, -31, -2, 0, -2, 0, 0, -2, -7, 0, 0};
weight_ih[78] = {-7, -3, -21, -27, 0, 27, 0, -8, 0, 0, 10, -25, 8, -13, 6, -13, 0, 0, 0, 5, 18, 0, -43, 0, -35, -51, -18, 0, -2, 0, 0, 0, 38, 4, 0, 0, 0, 0, 0, 0, 0, 0, -32, 18, -15, 47, -15, 0, 0, 15, 26, -12, 8, 0, -9, 11, -5, 0, 9, -11, -6, 2, 51, -52, 19, -30, 0, 0, 42, 13, 0, 24};
weight_ih[79] = {-44, 22, 63, -14, 0, -44, 0, 31, 0, 0, -1, -12, -20, -41, 7, -6, -38, 0, 0, -35, 35, 0, -27, 0, 54, 19, 53, 0, -10, 0, 0, 0, 13, -11, 25, 0, 0, 0, 0, 0, -62, 0, -19, -1, 76, -8, 16, 0, 0, -11, 19, -34, 24, 0, 31, 11, 2, 0, 15, -19, 15, -1, 47, 35, 19, 19, 0, 0, -4, 48, 0, -42};
weight_ih[80] = {-62, 30, -9, 25, 0, -16, 0, -47, 0, 0, -25, 4, 11, 43, 24, -12, 6, 0, 0, -7, -3, 0, 31, 0, 12, 19, 9, 0, 9, 0, 0, 0, 64, -20, -40, 0, 0, 0, 0, 0, -41, 0, -47, -24, -47, -17, 23, 0, 0, -7, -12, 19, 11, 0, -36, 11, 8, 0, -1, 20, 8, 10, -6, 4, -21, -7, 0, 0, -42, -7, 0, 9};
weight_ih[81] = {-61, 18, 10, 20, 0, 56, 0, 23, 0, 0, 14, -35, 16, -28, -17, -27, 20, 0, 0, -17, 6, 0, 22, 0, 26, -2, 5, 0, 1, 0, 0, 0, -3, 14, 9, 0, 0, 0, 0, 0, 21, 0, -59, 7, -51, 37, -29, 0, 0, 63, 30, -30, 64, 0, -17, 10, -17, 0, 28, 7, 9, -29, 16, -29, -15, -33, 0, 0, -20, -2, 0, 19};
weight_ih[82] = {-51, -15, -2, -5, 0, -26, 0, -27, 0, 0, -32, -14, -2, 4, 19, -14, 18, 0, 0, 51, 53, 0, 5, 0, -5, -14, -3, 0, 12, 0, 0, 0, 25, 6, 4, 0, 0, 0, 0, 0, 1, 0, 1, -6, 19, 26, 15, 0, 0, -6, -34, -19, -29, 0, 26, -5, 16, 0, -22, 33, 2, -38, -56, 15, 17, -17, 0, 0, 2, -2, 0, 42};
weight_ih[83] = {-2, -4, -3, 1, 0, 2, 0, -1, 0, 0, -6, 0, 2, -1, 3, -2, 1, 0, 0, -5, 1, 0, 1, 0, -3, -2, 2, 0, -2, 0, 0, 0, -1, -2, -6, 0, 0, 0, 0, 0, -1, 0, 2, -3, -7, -13, -3, 0, 0, -1, 0, -1, 1, 0, -1, -1, -3, 0, -16, -2, -1, 1, -29, -4, 1, -4, 0, 0, -3, -5, 0, -1};
weight_ih[84] = {17, 11, 4, 16, 0, -49, 0, 1, 0, 0, 52, 5, 17, -81, -27, -18, 50, 0, 0, 41, -5, 0, 42, 0, 10, -3, 16, 0, 24, 0, 0, 0, -18, 20, -20, 0, 0, 0, 0, 0, 2, 0, -31, -5, -16, 20, -45, 0, 0, -67, -12, -18, -5, 0, 7, -1, -26, 0, -32, 44, -41, -18, -1, -20, 11, -1, 0, 0, -31, 26, 0, -60};
weight_ih[85] = {-49, 26, 17, -18, 0, -10, 0, -19, 0, 0, 53, 18, 26, -3, 1, -24, -70, 0, 0, -4, -63, 0, 16, 0, 57, 29, 14, 0, -29, 0, 0, 0, -2, -2, -7, 0, 0, 0, 0, 0, -34, 0, -13, -23, -60, -10, 11, 0, 0, -61, -33, 12, 40, 0, -18, -11, -33, 0, 18, 5, -2, -38, 29, 0, -24, 7, 0, 0, 16, 14, 0, -23};
weight_ih[86] = {3, -22, -20, -31, 0, -12, 0, 20, 0, 0, -23, -3, 6, -11, 23, -28, -1, 0, 0, -2, -8, 0, 10, 0, -33, -42, -27, 0, 5, 0, 0, 0, -2, -5, 26, 0, 0, 0, 0, 0, 3, 0, 2, -2, 12, -37, 46, 0, 0, -12, 19, 9, -25, 0, -20, -5, -5, 0, 9, 4, -18, -5, 26, 4, -36, -26, 0, 0, 25, -9, 0, -20};
weight_ih[87] = {-1, -7, -7, 0, 0, 1, 0, 0, 0, 0, -5, 1, 4, 0, 4, 1, 1, 0, 0, -5, 2, 0, 1, 0, 5, -3, 3, 0, 1, 0, 0, 0, 0, -2, -5, 0, 0, 0, 0, 0, 1, 0, 6, 7, -3, -13, -6, 0, 0, -1, 1, 2, 6, 0, -1, -3, 1, 0, -17, -1, -1, 1, -20, -4, 5, -2, 0, 0, -5, 2, 0, -1};
weight_ih[88] = {11, 17, 16, 9, 0, -37, 0, -23, 0, 0, 16, -37, 21, -17, -18, 7, 60, 0, 0, -10, 17, 0, 29, 0, 38, 14, 9, 0, -9, 0, 0, 0, 3, 37, 29, 0, 0, 0, 0, 0, -29, 0, 39, 32, 12, 9, 54, 0, 0, -15, -6, -9, -67, 0, -11, -3, 46, 0, 42, -55, 16, -11, -21, 31, 7, 47, 0, 0, -1, -7, 0, 28};
weight_ih[89] = {-1, -4, -3, 0, 0, 0, 0, 0, 0, 0, -6, 0, 2, 0, 3, -2, 0, 0, 0, -5, 1, 0, 1, 0, -2, -2, 1, 0, 0, 0, 0, 0, -1, -2, -5, 0, 0, 0, 0, 0, -1, 0, 4, -3, -6, -12, -2, 0, 0, -1, 1, 0, 0, 0, 0, -2, -3, 0, -16, -1, 0, 0, -30, -3, 0, -2, 0, 0, -3, -6, 0, -1};
weight_ih[90] = {-1, -4, -3, 0, 0, 1, 0, -1, 0, 0, -6, 0, 3, 0, 3, -2, 1, 0, 0, -5, 1, 0, 0, 0, -2, -2, 2, 0, -1, 0, 0, 0, -1, -2, -6, 0, 0, 0, 0, 0, -2, 0, 1, -2, -7, -12, -3, 0, 0, -1, 1, 0, 1, 0, -1, -1, -4, 0, -16, -2, 0, 0, -28, -2, 0, -2, 0, 0, -3, -6, 0, -1};
weight_ih[91] = {-44, -8, 15, -21, 0, -4, 0, -25, 0, 0, 5, -80, 54, -29, -60, -8, 5, 0, 0, 6, -36, 0, -49, 0, 18, 31, -8, 0, 10, 0, 0, 0, -4, 2, 26, 0, 0, 0, 0, 0, -52, 0, -15, 9, 82, -19, 1, 0, 0, 18, -38, 13, 68, 0, -4, 45, 1, 0, 40, 119, 49, 20, 50, -5, -15, -32, 0, 0, 22, 3, 0, 5};
weight_ih[92] = {40, 66, 57, -7, 0, 18, 0, 15, 0, 0, -2, 4, -28, -7, -23, 9, -35, 0, 0, 31, 23, 0, 22, 0, -37, 22, -24, 0, 14, 0, 0, 0, -8, 2, -16, 0, 0, 0, 0, 0, 11, 0, 11, -10, 5, -38, -23, 0, 0, 0, 42, 14, -18, 0, 37, -7, 20, 0, -11, -23, 19, 0, -34, -12, -4, -5, 0, 0, -14, 32, 0, 4};
weight_ih[93] = {-4, 0, 45, 24, 0, 36, 0, -18, 0, 0, 2, -52, 12, -43, 10, -7, -36, 0, 0, -4, 25, 0, 14, 0, 11, 26, -6, 0, -12, 0, 0, 0, -1, 2, 43, 0, 0, 0, 0, 0, -18, 0, 22, -10, 16, -35, 15, 0, 0, 1, 15, 7, -7, 0, 44, 25, -22, 0, -16, 14, -8, 58, -8, 31, -23, -13, 0, 0, 39, -45, 0, 25};
weight_ih[94] = {-47, -15, -46, 14, 0, 1, 0, 16, 0, 0, -29, -12, -23, -10, 13, -59, 25, 0, 0, -3, -18, 0, -10, 0, 1, 10, 15, 0, -4, 0, 0, 0, 4, -1, -19, 0, 0, 0, 0, 0, -41, 0, -10, -8, -55, -41, 42, 0, 0, 10, -38, -4, -24, 0, -50, 4, -41, 0, -23, -5, -1, 7, 10, 49, 81, 19, 0, 0, 6, 78, 0, 2};
weight_ih[95] = {-1, -4, -3, 0, 0, 1, 0, -1, 0, 0, -6, 0, 2, 0, 2, -1, 0, 0, 0, -5, 1, 0, 0, 0, -2, -1, 1, 0, 1, 0, 0, 0, -1, -2, -5, 0, 0, 0, 0, 0, -1, 0, 4, -2, -7, -12, -3, 0, 0, -1, 0, 0, 1, 0, 0, -2, -3, 0, -16, -2, 0, 0, -29, -3, 0, -2, 0, 0, -3, -6, 0, -1};
weight_ih[96] = {-7, 15, 30, -50, 0, 6, 0, 0, 0, 0, 14, -46, 77, -14, 6, 2, -4, 0, 0, 26, 26, 0, 19, 0, -45, -8, -25, 0, 21, 0, 0, 0, -3, -8, -4, 0, 0, 0, 0, 0, -39, 0, 29, -28, -41, 11, -24, 0, 0, -15, 13, 18, 9, 0, 41, 2, 24, 0, -22, 29, 58, 30, 6, -40, 14, -37, 0, 0, 22, 39, 0, -21};
weight_ih[97] = {-35, -4, 26, -4, 0, 8, 0, 19, 0, 0, -2, 22, -6, -17, 23, -2, 0, 0, 0, 16, -31, 0, 7, 0, 2, 5, 31, 0, 24, 0, 0, 0, 0, 12, -36, 0, 0, 0, 0, 0, -46, 0, -24, 45, 21, -19, 22, 0, 0, 27, 29, -10, 19, 0, -1, 36, -40, 0, -6, 25, 18, -61, 20, -27, 5, 27, 0, 0, 19, 2, 0, -62};
weight_ih[98] = {-55, 0, -7, -2, 0, -26, 0, -62, 0, 0, -19, -63, 24, -27, 10, 15, 3, 0, 0, -46, 40, 0, 14, 0, -24, 5, 35, 0, -17, 0, 0, 0, 0, 13, -24, 0, 0, 0, 0, 0, -11, 0, -34, -26, 68, 48, 0, 0, 0, 38, -20, -31, 38, 0, 34, 54, 27, 0, -36, 81, -12, 10, 14, 40, 18, 70, 0, 0, 13, 45, 0, -39};
weight_ih[99] = {-3, -6, 4, 1, 0, -2, 0, -10, 0, 0, -3, -6, -7, -8, -2, -12, -13, 0, 0, 4, 0, 0, 1, 0, -41, -12, -4, 0, -4, 0, 0, 0, 45, -1, 6, 0, 0, 0, 0, 0, -12, 0, -13, -14, -19, -19, 6, 0, 0, -14, -10, -2, -13, 0, 42, 0, -13, 0, -16, -23, -12, 2, -4, 8, -2, -13, 0, 0, -5, -10, 0, 0};
weight_ih[100] = {-1, -4, -3, 0, 0, 1, 0, -1, 0, 0, -6, 0, 3, 0, 3, -1, 0, 0, 0, -5, 1, 0, 1, 0, -1, -1, 2, 0, 0, 0, 0, 0, -1, -2, -6, 0, 0, 0, 0, 0, -1, 0, 3, -1, -5, -13, -2, 0, 0, -1, 0, 0, 1, 0, 0, -2, -3, 0, -16, -1, 0, 0, -27, -2, 0, -2, 0, 0, -3, -5, 0, 0};
weight_ih[101] = {-1, -3, -2, 0, 0, 0, 0, 0, 0, 0, -6, 1, 3, 0, 3, -3, 2, 0, 0, -4, 1, 0, 1, 0, -3, -1, 2, 0, 0, 0, 0, 0, -1, -2, -5, 0, 0, 0, 0, 0, -1, 0, 4, -4, -6, -12, -2, 0, 0, -1, 2, 1, 0, 0, 0, -2, -4, 0, -16, -2, 0, 0, -30, -2, 0, -2, 0, 0, -3, -6, 0, 0};
weight_ih[102] = {2, -21, 7, -13, 0, -10, 0, -49, 0, 0, 24, -18, -22, -37, -1, -6, 14, 0, 0, -56, -8, 0, 2, 0, 34, 1, 34, 0, 10, 0, 0, 0, -8, -8, -8, 0, 0, 0, 0, 0, 78, 0, -29, -19, -30, -42, -2, 0, 0, -30, -46, 9, -22, 0, 17, 4, 25, 0, -14, 26, -46, -8, -2, -8, 6, -11, 0, 0, -8, -32, 0, -4};
weight_ih[103] = {-6, -20, 28, 10, 0, 60, 0, -68, 0, 0, 15, 16, -1, -1, 21, 8, 4, 0, 0, 3, -16, 0, 2, 0, -2, -1, -29, 0, 17, 0, 0, 0, 1, 1, 48, 0, 0, 0, 0, 0, -33, 0, -8, 16, -13, -10, -8, 0, 0, 68, 7, -15, 6, 0, -5, 15, -19, 0, 29, -10, -14, -38, 36, -34, 16, -33, 0, 0, 29, 14, 0, -44};
weight_ih[104] = {-19, -4, -2, 4, 0, -11, 0, 1, 0, 0, 5, -12, 20, -4, -29, -16, -15, 0, 0, -20, -10, 0, -8, 0, 16, -4, 33, 0, 0, 0, 0, 0, 1, 9, 0, 0, 0, 0, 0, 0, -67, 0, -10, -8, 65, 13, 8, 0, 0, 24, -21, -11, 14, 0, -18, -30, -37, 0, 19, 19, -2, -49, 7, 19, -27, 24, 0, 0, 12, -49, 0, -9};
weight_ih[105] = {11, 16, -7, 6, 0, 40, 0, 42, 0, 0, -1, 2, -27, 20, -29, 16, -9, 0, 0, 30, 27, 0, 7, 0, -21, -27, -24, 0, 35, 0, 0, 0, 21, 8, -4, 0, 0, 0, 0, 0, 3, 0, -8, 39, 7, 31, 7, 0, 0, -1, 3, -11, 44, 0, 18, 19, 8, 0, 50, -11, -14, 54, 16, -44, -5, 5, 0, 0, -31, 12, 0, 29};
weight_ih[106] = {22, 15, -77, 8, 0, -14, 0, -31, 0, 0, 50, 24, 10, -9, 29, 33, -31, 0, 0, 13, 16, 0, -56, 0, 27, 27, 4, 0, 16, 0, 0, 0, 58, 25, -35, 0, 0, 0, 0, 0, 25, 0, 14, 36, -16, 32, 30, 0, 0, -19, 24, 14, 12, 0, 36, -26, 58, 0, -28, -24, 23, 4, 45, -1, -4, 29, 0, 0, -16, 25, 0, -48};
weight_ih[107] = {45, -23, -23, 15, 0, -19, 0, -3, 0, 0, -27, -10, 20, 4, 18, -89, 33, 0, 0, 44, -26, 0, 19, 0, -19, -26, -22, 0, -24, 0, 0, 0, 8, -20, -9, 0, 0, 0, 0, 0, 41, 0, -2, -40, 0, -30, -18, 0, 0, 21, 0, 1, -24, 0, 33, -22, 4, 0, -38, 9, -32, -21, -21, -27, 0, -38, 0, 0, 19, -54, 0, 10};
weight_ih[108] = {0, -11, -28, -6, 0, -7, 0, -2, 0, 0, -5, 0, -3, -8, -5, 6, -18, 0, 0, -9, -2, 0, -7, 0, 5, -4, -6, 0, 1, 0, 0, 0, -3, 7, -4, 0, 0, 0, 0, 0, -10, 0, 7, 8, -12, -19, -1, 0, 0, -2, -7, 1, 6, 0, -16, -7, -3, 0, -10, -15, 1, -5, -14, -6, 5, -3, 0, 0, -11, 0, 0, -3};
weight_ih[109] = {22, 3, 10, 11, 0, -22, 0, -18, 0, 0, 73, 39, -36, 60, -13, -7, -79, 0, 0, 16, 45, 0, -40, 0, -3, -19, -45, 0, -15, 0, 0, 0, 12, -25, -25, 0, 0, 0, 0, 0, -66, 0, -12, -36, -32, 74, -12, 0, 0, -4, 38, -3, -11, 0, -61, -2, 16, 0, -33, -29, -39, -9, -62, -44, -13, -31, 0, 0, -31, -21, 0, -41};
weight_ih[110] = {26, -3, 19, 61, 0, 83, 0, -13, 0, 0, -65, 47, 5, 5, 92, 36, 9, 0, 0, 70, 15, 0, 1, 0, 29, 11, 35, 0, 38, 0, 0, 0, 0, 7, 82, 0, 0, 0, 0, 0, 7, 0, -9, -1, -8, 27, -5, 0, 0, 34, 35, 10, -38, 0, -13, 1, 43, 0, 9, -27, 3, 7, -13, -9, -15, -24, 0, 0, 46, -3, 0, 51};
weight_ih[111] = {11, 5, 8, -14, 0, -23, 0, -24, 0, 0, -1, -16, -1, -2, 41, -17, -23, 0, 0, -23, -10, 0, -2, 0, 10, 9, -30, 0, 17, 0, 0, 0, -4, 3, -1, 0, 0, 0, 0, 0, -9, 0, 16, -26, 13, -23, 26, 0, 0, -37, 13, -4, 15, 0, -10, 3, 32, 0, -4, 13, -28, -7, -7, 0, 14, 9, 0, 0, -20, 0, 0, -53};
weight_ih[112] = {15, -16, 3, 48, 0, 50, 0, 41, 0, 0, 28, 7, 2, -11, -6, 17, -36, 0, 0, -16, -8, 0, 8, 0, -20, -12, 18, 0, -8, 0, 0, 0, -15, 13, -11, 0, 0, 0, 0, 0, -55, 0, 8, 0, 22, -8, 14, 0, 0, 57, 19, 3, 36, 0, -16, 131, -38, 0, -15, 75, -34, -3, -63, -35, -12, 19, 0, 0, 53, -48, 0, -50};
weight_ih[113] = {-11, 18, 50, -5, 0, -51, 0, 49, 0, 0, 28, -4, 36, 22, 37, -82, 36, 0, 0, -26, -58, 0, 44, 0, 18, 7, 45, 0, 12, 0, 0, 0, 5, -13, 5, 0, 0, 0, 0, 0, -23, 0, 50, 20, 28, -61, 16, 0, 0, 26, 11, 1, 0, 0, 26, 20, 5, 0, -51, 29, -25, 8, 3, -27, 5, 58, 0, 0, -16, -2, 0, -49};
weight_ih[114] = {-21, -4, 3, 6, 0, -29, 0, 25, 0, 0, 19, -40, 22, 0, 24, -49, 19, 0, 0, -38, 29, 0, 27, 0, -14, -9, 17, 0, -49, 0, 0, 0, 5, 23, 33, 0, 0, 0, 0, 0, 47, 0, -37, -11, 30, -5, 11, 0, 0, -2, 56, 2, -43, 0, -9, -37, 33, 0, -27, -40, -10, -4, -8, 12, -13, 2, 0, 0, -36, -33, 0, -15};
weight_ih[115] = {-27, -1, 4, 7, 0, -16, 0, 1, 0, 0, -39, 4, 31, -3, 40, -103, 27, 0, 0, 43, -36, 0, 12, 0, 41, 16, 16, 0, -8, 0, 0, 0, 1, -3, -4, 0, 0, 0, 0, 0, 9, 0, 14, -18, 1, -77, 14, 0, 0, 14, -16, 3, 24, 0, -5, -31, -15, 0, 8, 23, 4, -13, -50, 16, -9, 11, 0, 0, 1, -33, 0, 2};
weight_ih[116] = {-9, 3, -7, 39, 0, 26, 0, -95, 0, 0, 86, 55, 1, -38, 5, 8, -5, 0, 0, 7, -3, 0, -30, 0, -11, 7, -11, 0, -14, 0, 0, 0, -2, 9, -24, 0, 0, 0, 0, 0, -40, 0, 103, 16, 13, -8, 35, 0, 0, -55, 74, -31, -71, 0, 32, -16, -10, 0, 36, -7, -81, 4, 42, -17, 27, -63, 0, 0, -4, 7, 0, -27};
weight_ih[117] = {37, -50, -37, 10, 0, 27, 0, -15, 0, 0, -20, 80, 58, -69, -5, 30, -21, 0, 0, 11, -23, 0, -8, 0, 2, -63, 20, 0, -21, 0, 0, 0, 0, -12, 14, 0, 0, 0, 0, 0, 13, 0, 53, -5, 11, 8, -20, 0, 0, 16, -65, -32, 81, 0, -9, 6, 6, 0, -38, 76, 21, -30, 8, -8, -11, -31, 0, 0, 59, -28, 0, -30};
weight_ih[118] = {-69, -6, 10, -22, 0, -6, 0, -9, 0, 0, 17, 20, -15, -16, 55, -9, 1, 0, 0, -5, 4, 0, 3, 0, -4, 10, 19, 0, -8, 0, 0, 0, -11, -6, 51, 0, 0, 0, 0, 0, -78, 0, 15, 9, 20, 15, 20, 0, 0, 5, -43, 8, -24, 0, -43, -35, 57, 0, -9, -29, -31, -27, -17, 26, -8, 7, 0, 0, -25, 0, 0, -56};
weight_ih[119] = {12, -23, -23, -21, 0, 41, 0, -29, 0, 0, 31, -46, -7, -2, 38, -92, -14, 0, 0, 3, -20, 0, -5, 0, -58, -18, -16, 0, -10, 0, 0, 0, 34, 5, 12, 0, 0, 0, 0, 0, -43, 0, 1, -40, 15, 10, 9, 0, 0, 5, 36, -8, 9, 0, -17, -4, 18, 0, -32, 15, -1, 62, -50, -11, 53, -25, 0, 0, 0, 12, 0, 10};
weight_ih[120] = {-18, -33, -28, -27, 0, -18, 0, -40, 0, 0, 77, -32, -7, -30, -4, -35, -8, 0, 0, -21, -3, 0, 1, 0, 16, -5, -3, 0, -2, 0, 0, 0, 0, -21, 27, 0, 0, 0, 0, 0, -11, 0, -24, -13, 58, -42, -14, 0, 0, -26, -59, 24, 85, 0, -1, 71, 42, 0, -50, 77, -14, 40, -28, -7, 10, -53, 0, 0, -35, 4, 0, -105};
weight_ih[121] = {-13, 7, 25, 32, 0, 28, 0, -53, 0, 0, 5, -62, 8, -25, -43, -17, -8, 0, 0, 32, 5, 0, 24, 0, -14, -8, 14, 0, -1, 0, 0, 0, 2, -7, -11, 0, 0, 0, 0, 0, -30, 0, 4, -17, 46, -43, -7, 0, 0, -6, -22, 0, 8, 0, 1, -18, 81, 0, 24, 10, 5, 65, 3, 11, 14, -27, 0, 0, 14, 39, 0, -6};
weight_ih[122] = {49, 32, 19, 5, 0, 13, 0, 31, 0, 0, -26, -34, 5, 31, -40, 4, -1, 0, 0, 2, -18, 0, 23, 0, 31, 16, 1, 0, -1, 0, 0, 0, 8, 14, 5, 0, 0, 0, 0, 0, 3, 0, 20, -7, 9, -66, -24, 0, 0, 12, -29, 14, 29, 0, 13, 4, 5, 0, -1, -11, -3, 1, -38, -36, -17, 44, 0, 0, -8, -11, 0, -32};
weight_ih[123] = {-58, -47, 47, 0, 0, -28, 0, -33, 0, 0, 39, 34, 18, -41, 20, 0, -41, 0, 0, -22, 19, 0, 22, 0, -50, 20, 15, 0, 9, 0, 0, 0, -24, -6, 50, 0, 0, 0, 0, 0, -4, 0, -18, -3, 17, 55, 23, 0, 0, -7, -4, -21, 4, 0, 10, -49, -2, 0, -2, 73, 5, -2, -16, 9, 8, -9, 0, 0, 12, -25, 0, -66};
weight_ih[124] = {11, -16, 5, -1, 0, -21, 0, -15, 0, 0, -12, 10, 14, -20, 33, -4, -9, 0, 0, -25, 30, 0, -5, 0, -35, -1, -39, 0, -7, 0, 0, 0, -8, -7, -15, 0, 0, 0, 0, 0, -36, 0, 32, -24, 15, 12, -40, 0, 0, -17, -6, 0, 39, 0, -35, -14, 17, 0, 29, -7, 36, 2, -59, -39, -7, -23, 0, 0, -14, 11, 0, -60};
weight_ih[125] = {36, 7, 12, -11, 0, -24, 0, -2, 0, 0, -8, 5, 1, 21, 8, -7, -50, 0, 0, -24, -10, 0, 5, 0, 30, 0, 6, 0, 3, 0, 0, 0, 43, 0, -2, 0, 0, 0, 0, 0, -7, 0, 21, -10, 28, -65, -8, 0, 0, -6, 23, -5, 28, 0, 5, -38, 16, 0, -9, 17, 3, -11, 30, 1, 22, 1, 0, 0, -9, 70, 0, -37};
weight_ih[126] = {36, -47, -65, -51, 0, 42, 0, -28, 0, 0, -2, 3, -9, -6, -18, 14, -4, 0, 0, 72, -8, 0, 42, 0, -28, -45, -50, 0, 27, 0, 0, 0, -5, -13, -33, 0, 0, 0, 0, 0, 7, 0, -76, -19, 19, -3, -4, 0, 0, 21, 11, -21, 30, 0, 43, -28, -12, 0, -6, -10, -27, -26, -10, -35, 28, 0, 0, 0, -1, -6, 0, 22};
weight_ih[127] = {-22, 29, 1, -2, 0, -49, 0, -32, 0, 0, 21, 93, -48, 3, 45, 0, -19, 0, 0, -10, -8, 0, 10, 0, -24, 31, -9, 0, -2, 0, 0, 0, -14, -2, -6, 0, 0, 0, 0, 0, 14, 0, 8, 5, -56, 28, 12, 0, 0, -56, 47, -14, 33, 0, 8, -7, 5, 0, 0, -30, -67, -39, -43, 18, -17, 5, 0, 0, -19, 23, 0, -73};
weight_ih[128] = {-22, -13, -27, -18, 0, -14, 0, -15, 0, 0, 30, 24, -3, -37, 33, 10, -15, 0, 0, 14, -18, 0, 6, 0, 16, 22, -26, 0, -28, 0, 0, 0, -15, 18, 23, 0, 0, 0, 0, 0, -65, 0, -11, 3, -19, 36, -15, 0, 0, -25, -20, 12, -28, 0, -20, -2, 10, 0, -23, -9, -61, 14, 3, -8, 8, -6, 0, 0, 25, -3, 0, 6};
weight_ih[129] = {1, 31, 4, 7, 0, 23, 0, -70, 0, 0, -5, -41, -20, -55, 1, 18, -33, 0, 0, 60, 16, 0, -6, 0, -30, 18, 2, 0, 30, 0, 0, 0, 5, -5, -46, 0, 0, 0, 0, 0, -36, 0, -30, -18, -38, -2, 12, 0, 0, -32, -63, 3, -18, 0, -2, -2, 13, 0, -20, 5, -19, 10, 13, -42, -19, 14, 0, 0, -19, -13, 0, 41};
weight_ih[130] = {21, 25, -9, -30, 0, -16, 0, 33, 0, 0, -56, 24, 7, 17, -21, 66, 28, 0, 0, 54, 2, 0, 33, 0, -26, 3, 7, 0, -11, 0, 0, 0, 4, -8, -30, 0, 0, 0, 0, 0, -26, 0, 34, 5, 6, -7, -11, 0, 0, 11, -1, 5, -18, 0, -48, -59, 20, 0, 4, -51, -10, 21, -41, -34, -13, -36, 0, 0, 10, -23, 0, -15};
weight_ih[131] = {-19, -38, 2, 32, 0, 24, 0, -6, 0, 0, -23, -12, 31, 6, 26, 19, -22, 0, 0, 54, 41, 0, -58, 0, 47, -17, -60, 0, -52, 0, 0, 0, 13, -25, 34, 0, 0, 0, 0, 0, 4, 0, 3, -4, -49, 70, 9, 0, 0, 42, 10, -3, 42, 0, 49, 17, 5, 0, 7, 48, -40, 31, 30, -35, -23, -59, 0, 0, 15, -44, 0, -31};
weight_ih[132] = {-9, -5, -21, -22, 0, -12, 0, 3, 0, 0, -23, -38, 31, 19, 1, -110, -7, 0, 0, 20, -17, 0, -4, 0, 17, -15, 8, 0, -27, 0, 0, 0, 12, -18, -12, 0, 0, 0, 0, 0, 30, 0, 5, -20, 15, -16, -14, 0, 0, -14, 11, 3, 10, 0, -11, 32, -4, 0, -33, 4, 18, -26, 37, -2, -10, -3, 0, 0, 1, 4, 0, 24};
weight_ih[133] = {-23, 11, 5, -27, 0, -15, 0, -29, 0, 0, -13, -19, 13, 92, 1, -75, -40, 0, 0, 24, -32, 0, -2, 0, 49, 21, 46, 0, 9, 0, 0, 0, 11, -41, -11, 0, 0, 0, 0, 0, -29, 0, 14, -63, -1, -15, -18, 0, 0, -16, -34, 3, 35, 0, -41, 6, 13, 0, -38, 5, 2, -19, 14, 15, 19, 1, 0, 0, -2, 32, 0, 0};
weight_ih[134] = {-21, 0, 34, -19, 0, 3, 0, -9, 0, 0, -9, -21, -6, -7, -3, -13, 3, 0, 0, 14, -7, 0, 10, 0, 18, -3, -43, 0, -1, 0, 0, 0, 31, 13, -4, 0, 0, 0, 0, 0, -43, 0, 1, 4, 29, -3, -20, 0, 0, -12, -9, 5, 14, 0, 5, -12, -23, 0, 37, 12, -8, -20, 11, -19, -2, -9, 0, 0, -22, 55, 0, -16};
weight_ih[135] = {4, -24, -42, 36, 0, 27, 0, -25, 0, 0, -5, -50, 55, -10, -12, 39, -10, 0, 0, -51, -6, 0, -37, 0, 23, -4, -39, 0, 2, 0, 0, 0, 19, -12, 24, 0, 0, 0, 0, 0, -2, 0, 33, -21, 14, 46, -1, 0, 0, -6, 3, -1, 93, 0, -9, 42, -35, 0, 68, 30, -13, 32, 6, -34, -52, -23, 0, 0, -5, -9, 0, -31};
weight_ih[136] = {7, -27, -20, -12, 0, 26, 0, 12, 0, 0, 3, 17, -1, 12, -29, 13, -8, 0, 0, -22, 5, 0, 12, 0, 3, -5, 0, 0, -1, 0, 0, 0, -6, -9, -20, 0, 0, 0, 0, 0, 29, 0, -12, -19, 32, -19, -1, 0, 0, -8, -14, -4, 28, 0, -36, 9, -20, 0, 29, 8, -30, -9, -13, -25, 9, 22, 0, 0, 19, -28, 0, 23};
weight_ih[137] = {3, -1, -37, 24, 0, -14, 0, -40, 0, 0, 30, 30, 62, 36, -1, -25, -55, 0, 0, -48, -3, 0, -43, 0, 12, -9, -20, 0, 33, 0, 0, 0, 26, -17, -9, 0, 0, 0, 0, 0, -27, 0, 41, -49, 55, -17, -23, 0, 0, -44, -67, 2, 9, 0, -10, 40, -12, 0, 34, 45, 24, 20, 12, 4, -32, 25, 0, 0, 11, 5, 0, 29};
weight_ih[138] = {43, 17, -20, -21, 0, 2, 0, 11, 0, 0, 30, 55, 12, 4, -5, -9, 6, 0, 0, -3, -11, 0, -10, 0, -1, -14, -31, 0, 4, 0, 0, 0, -21, -9, -10, 0, 0, 0, 0, 0, 8, 0, 20, -20, 7, 69, -12, 0, 0, -35, 11, 7, 6, 0, -19, 1, -6, 0, 24, 16, 13, -16, 18, -25, -3, -17, 0, 0, -4, -4, 0, -38};
weight_ih[139] = {-71, 0, -35, -21, 0, 23, 0, 28, 0, 0, 108, -4, -15, -23, 0, 5, -24, 0, 0, -17, -37, 0, 29, 0, -39, -16, -26, 0, -14, 0, 0, 0, 10, 19, 1, 0, 0, 0, 0, 0, -85, 0, 20, -3, 24, -9, 14, 0, 0, 15, 20, 7, -13, 0, -55, 1, -39, 0, -6, 24, -1, -18, -14, -23, 2, 3, 0, 0, 54, 2, 0, -41};
weight_ih[140] = {-37, 10, 61, -24, 0, 11, 0, -37, 0, 0, 2, -67, 103, -57, -47, -21, -4, 0, 0, -12, -14, 0, 4, 0, -5, 18, 15, 0, 16, 0, 0, 0, 11, 4, 1, 0, 0, 0, 0, 0, -83, 0, 23, -43, -13, -42, -24, 0, 0, 30, -39, -26, 13, 0, -32, 19, 21, 0, -4, 42, 32, 46, -35, 8, 1, -7, 0, 0, 48, -29, 0, 55};
weight_ih[141] = {2, 15, 41, -27, 0, -39, 0, -39, 0, 0, -74, -11, 33, 28, 59, 1, 20, 0, 0, 12, -14, 0, -14, 0, 0, 8, 11, 0, 10, 0, 0, 0, -10, -37, -13, 0, 0, 0, 0, 0, 29, 0, -4, -16, 19, 9, -24, 0, 0, 17, 23, 7, 13, 0, -53, -78, 10, 0, -20, -11, 27, -25, 23, 10, -13, -65, 0, 0, -39, -6, 0, -72};
weight_ih[142] = {-24, -9, 11, -13, 0, -23, 0, -3, 0, 0, -34, 8, -16, -20, -2, -34, 28, 0, 0, -12, -14, 0, -16, 0, -6, -6, 6, 0, -7, 0, 0, 0, -37, -10, -34, 0, 0, 0, 0, 0, 24, 0, -17, -22, -7, -29, -22, 0, 0, -37, -14, -12, 6, 0, -49, -5, 2, 0, -14, -5, 18, -33, -29, 32, -4, -9, 0, 0, -4, -12, 0, 26};
weight_ih[143] = {-24, -13, -22, 22, 0, -1, 0, -15, 0, 0, -14, -37, 10, 58, 11, -1, -11, 0, 0, -26, -6, 0, -3, 0, -7, 1, -31, 0, -43, 0, 0, 0, 2, -15, -3, 0, 0, 0, 0, 0, -56, 0, -9, -39, -4, -3, -50, 0, 0, 39, -41, -19, -41, 0, 24, -26, 10, 0, 2, 1, -1, 9, -4, 14, 7, 12, 0, 0, 8, -3, 0, -15};
weight_ih[144] = {19, -11, -32, 0, 0, -18, 0, 16, 0, 0, -7, 2, 7, -37, 45, -7, 44, 0, 0, 24, -61, 0, -5, 0, 19, -10, 49, 0, -14, 0, 0, 0, -11, -19, -20, 0, 0, 0, 0, 0, 20, 0, -40, -34, 59, -26, -38, 0, 0, -29, 21, -8, 5, 0, 22, -13, 14, 0, -10, 21, -31, 8, -30, -60, -5, 1, 0, 0, -28, 1, 0, 7};
weight_ih[145] = {-9, -14, 5, 3, 0, -1, 0, -7, 0, 0, 16, 26, -6, 55, -12, -4, -41, 0, 0, -17, 22, 0, -1, 0, 18, -10, 6, 0, -5, 0, 0, 0, 11, -3, -1, 0, 0, 0, 0, 0, 36, 0, 13, -27, -5, 45, -20, 0, 0, 3, -3, 6, 19, 0, -20, 17, 12, 0, 11, -5, 2, 3, -5, -13, -35, 29, 0, 0, -16, 7, 0, 35};
weight_ih[146] = {-24, -4, 10, -6, 0, 10, 0, -5, 0, 0, -84, 14, -18, 66, 34, -24, -5, 0, 0, -33, -8, 0, -12, 0, 26, 9, -47, 0, -6, 0, 0, 0, -17, 27, -5, 0, 0, 0, 0, 0, 29, 0, -12, -4, -20, -65, 33, 0, 0, 23, -31, 36, -12, 0, -43, -12, -24, 0, -44, 4, 37, -15, -43, 66, 7, 2, 0, 0, 55, 7, 0, 1};
weight_ih[147] = {-9, -1, 15, -56, 0, 15, 0, -18, 0, 0, -28, -97, 31, -50, -63, -24, -17, 0, 0, -32, -20, 0, -11, 0, -20, 26, 16, 0, 48, 0, 0, 0, 21, 4, -33, 0, 0, 0, 0, 0, -7, 0, -8, 11, 0, -14, 11, 0, 0, -4, -30, -10, 20, 0, 7, 40, 15, 0, -25, 87, -34, -6, 24, -1, -2, 14, 0, 0, -25, 31, 0, 9};
weight_ih[148] = {1, 6, -29, -47, 0, 81, 0, -21, 0, 0, 30, 37, -41, 32, -23, -1, -13, 0, 0, 110, -14, 0, 18, 0, 38, -29, 27, 0, 34, 0, 0, 0, 7, 12, -33, 0, 0, 0, 0, 0, 11, 0, -19, -15, -12, -27, 23, 0, 0, 48, -17, 7, -31, 0, -1, 16, 7, 0, -7, -75, 38, -53, 48, 65, -43, 30, 0, 0, 9, -14, 0, 21};
weight_ih[149] = {-6, -6, -33, 0, 0, -7, 0, -9, 0, 0, -9, -10, -8, 0, -8, -3, -10, 0, 0, -8, -6, 0, -10, 0, -22, -6, -12, 0, -3, 0, 0, 0, 1, -3, -6, 0, 0, 0, 0, 0, -16, 0, -6, -12, -21, -34, -11, 0, 0, 1, -7, -6, -10, 0, -3, -5, -6, 0, -3, -18, 0, -6, -19, -12, -3, -1, 0, 0, -4, -9, 0, -5};
weight_ih[150] = {13, 15, -41, 2, 0, 27, 0, 31, 0, 0, 68, 56, 54, 112, 27, -4, 41, 0, 0, 25, -7, 0, 23, 0, -87, -60, 15, 0, 3, 0, 0, 0, -24, -45, -12, 0, 0, 0, 0, 0, -29, 0, 5, -81, 41, 129, -64, 0, 0, -27, 31, -11, -6, 0, -29, 32, 6, 0, 33, -4, 9, 20, 18, -66, -28, -13, 0, 0, -21, -1, 0, -6};
weight_ih[151] = {-7, -20, -11, -20, 0, -28, 0, 2, 0, 0, 21, -77, 45, -51, 0, -45, 22, 0, 0, -68, -8, 0, 22, 0, 41, -5, -19, 0, -31, 0, 0, 0, -11, 44, 47, 0, 0, 0, 0, 0, 5, 0, 26, 17, 22, -65, 22, 0, 0, 40, 47, 36, -40, 0, 70, -13, -32, 0, 12, -5, 45, -41, -28, 17, -20, -19, 0, 0, 17, -45, 0, -29};
weight_ih[152] = {-7, -22, 4, -14, 0, -20, 0, 29, 0, 0, -28, 4, -8, -12, 68, 15, 0, 0, 0, -11, -31, 0, 19, 0, -50, -3, 27, 0, -35, 0, 0, 0, 2, -36, -24, 0, 0, 0, 0, 0, -8, 0, 53, -4, -16, -27, 22, 0, 0, -39, 51, 36, -30, 0, 72, -4, 6, 0, 1, -7, -9, 26, 46, -37, 31, -23, 0, 0, -6, 41, 0, -46};
weight_ih[153] = {-3, -30, -34, 33, 0, -16, 0, 53, 0, 0, -8, 4, 2, 9, -10, 28, 16, 0, 0, 19, 44, 0, 7, 0, -19, -41, -28, 0, 1, 0, 0, 0, 3, -5, -21, 0, 0, 0, 0, 0, 45, 0, -10, -17, -18, 27, -25, 0, 0, 6, 33, 13, -8, 0, -27, -56, 27, 0, 21, -32, 31, 25, 46, -15, 4, 13, 0, 0, -20, 27, 0, -36};
weight_ih[154] = {-41, -23, -29, 42, 0, 27, 0, 31, 0, 0, 31, -12, 43, -9, -6, -21, 38, 0, 0, -54, -44, 0, 26, 0, -23, -4, -6, 0, 12, 0, 0, 0, 2, 15, 34, 0, 0, 0, 0, 0, 8, 0, 19, -9, 6, -10, -10, 0, 0, 8, 10, -4, 68, 0, 2, 51, -18, 0, -18, 11, 54, 40, -36, 22, 3, 34, 0, 0, 17, -31, 0, 10};
weight_ih[155] = {5, 3, 30, 0, 0, 6, 0, 9, 0, 0, 9, 10, 9, 0, 7, 4, 10, 0, 0, 6, 7, 0, 12, 0, 19, 3, 11, 0, 3, 0, 0, 0, -1, 2, 6, 0, 0, 0, 0, 0, 18, 0, 7, 12, 24, 35, 11, 0, 0, -3, 5, 5, 13, 0, 3, 5, 7, 0, 4, 19, -1, 6, 19, 10, 3, 0, 0, 0, 5, 10, 0, 5};
weight_ih[156] = {-19, -15, -19, -18, 0, -32, 0, 23, 0, 0, -18, 15, -19, -21, 57, -24, -32, 0, 0, 4, 4, 0, 0, 0, 8, -22, 16, 0, -1, 0, 0, 0, 11, -30, -37, 0, 0, 0, 0, 0, -17, 0, -56, -19, -29, 44, -35, 0, 0, -2, -9, -20, -2, 0, -16, -48, 5, 0, 0, 43, 32, 12, 45, -50, 4, -10, 0, 0, -45, 20, 0, -15};
weight_ih[157] = {-64, 27, 12, -7, 0, -23, 0, -1, 0, 0, 31, 16, 22, 4, 53, -6, 33, 0, 0, 44, 43, 0, 19, 0, 8, 4, 58, 0, -12, 0, 0, 0, -13, -4, -20, 0, 0, 0, 0, 0, -52, 0, 17, 21, -10, 34, 8, 0, 0, -2, -3, 35, 24, 0, -58, -56, -27, 0, -7, 3, 3, -29, 7, -23, 2, -20, 0, 0, -44, -27, 0, -7};
weight_ih[158] = {-2, 16, -1, 5, 0, 18, 0, -19, 0, 0, 8, 36, -28, 4, 35, 56, 18, 0, 0, -2, -14, 0, 17, 0, -20, 9, -15, 0, 2, 0, 0, 0, 2, -2, 12, 0, 0, 0, 0, 0, -21, 0, -12, -38, -2, 49, -6, 0, 0, 6, 12, -4, 17, 0, 40, -32, -43, 0, 31, -14, -12, -1, -19, -14, 19, 11, 0, 0, -10, -31, 0, -18};
weight_ih[159] = {-3, -3, -27, 0, 0, -5, 0, -7, 0, 0, -8, -10, -12, 1, -6, -3, -12, 0, 0, -6, -7, 0, -12, 0, -15, -3, -10, 0, 0, 0, 0, 0, 1, -2, -6, 0, 0, 0, 0, 0, -14, 0, -5, -11, -20, -37, -10, 0, 0, 1, -5, -4, -14, 0, -2, -4, -4, 0, -6, -20, 2, -4, -16, -8, -1, -1, 0, 0, -7, -6, 0, -5};
weight_ih[160] = {31, -25, 29, 13, 0, 74, 0, 22, 0, 0, -57, -55, 52, -23, -19, 6, -11, 0, 0, 28, 19, 0, -28, 0, 48, -10, -65, 0, -5, 0, 0, 0, -7, -21, 39, 0, 0, 0, 0, 0, 10, 0, -35, 13, 1, 10, -11, 0, 0, 41, 2, 7, 60, 0, 5, 44, 8, 0, -12, 88, 35, 26, 5, -13, 5, -32, 0, 0, 17, -53, 0, 34};
weight_ih[161] = {5, 5, 32, 0, 0, 7, 0, 10, 0, 0, 10, 10, 8, 0, 8, 2, 9, 0, 0, 8, 6, 0, 10, 0, 21, 6, 13, 0, 3, 0, 0, 0, -1, 2, 5, 0, 0, 0, 0, 0, 16, 0, 7, 12, 20, 35, 10, 0, 0, 0, 8, 5, 9, 0, 4, 5, 4, 0, 2, 16, 1, 6, 18, 12, 3, 2, 0, 0, 4, 8, 0, 4};
weight_ih[162] = {4, 6, 33, 0, 0, 6, 0, 10, 0, 0, 11, 10, 10, 0, 7, 2, 9, 0, 0, 8, 6, 0, 11, 0, 21, 6, 13, 0, 4, 0, 0, 0, -1, 2, 6, 0, 0, 0, 0, 0, 16, 0, 7, 12, 22, 33, 9, 0, 0, -1, 7, 4, 11, 0, 4, 5, 6, 0, 4, 18, 0, 5, 19, 12, 3, 2, 0, 0, 5, 10, 0, 4};
weight_ih[163] = {17, 10, 18, 7, 0, 45, 0, 14, 0, 0, 56, 68, -73, -32, -37, 31, -25, 0, 0, 29, -28, 0, 6, 0, 22, 11, 3, 0, -6, 0, 0, 0, 7, -1, 0, 0, 0, 0, 0, 0, -6, 0, 26, -48, 22, -54, -52, 0, 0, 44, -24, -8, 30, 0, -29, 19, 5, 0, -3, -47, -30, -5, -20, 15, -18, 16, 0, 0, 41, -25, 0, 14};
weight_ih[164] = {-44, 20, 1, 13, 0, -58, 0, 6, 0, 0, 9, -46, 45, -27, 31, -52, -3, 0, 0, -10, -7, 0, 2, 0, 35, 35, 11, 0, -15, 0, 0, 0, 41, 12, -2, 0, 0, 0, 0, 0, -51, 0, -50, 67, -26, -82, 11, 0, 0, 14, -10, -23, 38, 0, 32, 14, -44, 0, 77, -11, -20, -34, 28, -8, 10, -17, 0, 0, 46, 24, 0, -27};
weight_ih[165] = {-15, -12, 42, -21, 0, 5, 0, -31, 0, 0, 18, 23, -26, -53, 0, 36, -54, 0, 0, -11, 2, 0, 12, 0, -4, -15, -8, 0, -50, 0, 0, 0, 10, -29, -56, 0, 0, 0, 0, 0, -25, 0, 19, -11, -18, 39, 3, 0, 0, -62, -26, -25, 4, 0, 43, -45, 1, 0, 32, 7, -56, -25, 27, -54, 19, -12, 0, 0, -51, 2, 0, 40};
weight_ih[166] = {18, 10, 54, -3, 0, -3, 0, 53, 0, 0, -71, -17, -14, -11, -12, -22, 38, 0, 0, -10, -76, 0, 4, 0, -57, 0, -30, 0, -14, 0, 0, 0, 5, -36, -8, 0, 0, 0, 0, 0, 103, 0, -15, -54, 60, -107, -28, 0, 0, -18, -3, -28, -12, 0, 69, -49, -24, 0, 29, 10, 0, 12, -4, 28, -26, -4, 0, 0, 18, 18, 0, 35};
weight_ih[167] = {4, 5, 33, -1, 0, 7, 0, 9, 0, 0, 11, 9, 8, 0, 7, 2, 8, 0, 0, 6, 6, 0, 10, 0, 21, 6, 13, 0, 2, 0, 0, 0, 0, 2, 6, 0, 0, 0, 0, 0, 16, 0, 7, 12, 22, 34, 9, 0, 0, -1, 7, 4, 12, 0, 4, 5, 5, 0, 3, 18, -1, 5, 18, 11, 3, 2, 0, 0, 4, 10, 0, 4};
weight_ih[168] = {20, 9, -5, -8, 0, -15, 0, 56, 0, 0, 47, 8, -47, -2, -17, -34, -3, 0, 0, -24, -49, 0, 25, 0, -8, -23, 12, 0, 5, 0, 0, 0, 0, 9, 28, 0, 0, 0, 0, 0, -13, 0, -16, -22, 13, -25, 20, 0, 0, -11, 35, -13, -39, 0, 35, -7, 21, 0, 38, -36, 45, -10, -45, 70, -10, 23, 0, 0, 17, -45, 0, -41};
weight_ih[169] = {-3, -28, 7, -35, 0, 4, 0, -16, 0, 0, 11, 56, -55, -40, 72, 31, 3, 0, 0, -60, -24, 0, 5, 0, -20, -21, 8, 0, 5, 0, 0, 0, -1, 3, 6, 0, 0, 0, 0, 0, -10, 0, 62, -6, 3, -29, 18, 0, 0, -38, 73, -11, -21, 0, -4, 28, -12, 0, 62, -25, -3, -50, -17, 8, 15, 31, 0, 0, 27, -15, 0, -17};
weight_ih[170] = {-10, 37, 37, -32, 0, -52, 0, -46, 0, 0, -14, -79, 45, 12, -40, -56, 25, 0, 0, -51, 2, 0, 14, 0, 28, 32, 39, 0, -31, 0, 0, 0, -5, 42, -12, 0, 0, 0, 0, 0, 1, 0, -33, 53, -15, 37, 43, 0, 0, -37, -25, 1, 91, 0, -48, -30, 21, 0, -53, 56, -67, -5, -32, 19, -8, 38, 0, 0, 4, 26, 0, -7};
weight_ih[171] = {-8, -11, 22, 0, 0, -13, 0, -15, 0, 0, -23, -29, 13, -12, -16, -5, -15, 0, 0, 17, -3, 0, -5, 0, 27, 4, -1, 0, 21, 0, 0, 0, 23, 4, -1, 0, 0, 0, 0, 0, -2, 0, -11, 21, -28, -74, 37, 0, 0, 5, -1, -6, -10, 0, 25, 0, -1, 0, 16, -5, -3, 1, 51, 28, 41, 9, 0, 0, -9, 45, 0, 0};
weight_ih[172] = {-4, -5, -29, 1, 0, -6, 0, -8, 0, 0, -11, -9, -9, 0, -7, -1, -9, 0, 0, -7, -6, 0, -10, 0, -19, -5, -12, 0, -2, 0, 0, 0, 0, -2, -6, 0, 0, 0, 0, 0, -15, 0, -6, -11, -22, -36, -8, 0, 0, 1, -7, -4, -12, 0, -3, -5, -5, 0, -5, -17, 2, -5, -17, -10, -3, 0, 0, 0, -4, -9, 0, -4};
weight_ih[173] = {-4, -5, -31, 1, 0, -6, 0, -9, 0, 0, -10, -10, -8, -1, -9, -2, -8, 0, 0, -7, -6, 0, -11, 0, -20, -5, -14, 0, -3, 0, 0, 0, 0, -2, -6, 0, 0, 0, 0, 0, -16, 0, -8, -11, -23, -34, -10, 0, 0, 1, -8, -4, -12, 0, -3, -4, -5, 0, -3, -18, 0, -6, -18, -11, -3, -2, 0, 0, -3, -9, 0, -4};
weight_ih[174] = {-50, 28, 53, -5, 0, -37, 0, 3, 0, 0, -52, -28, -14, -54, 8, -37, -9, 0, 0, -4, 9, 0, 32, 0, 16, 13, -12, 0, -8, 0, 0, 0, 38, 3, 22, 0, 0, 0, 0, 0, 30, 0, -10, -12, -2, -120, -44, 0, 0, 5, 20, 10, -36, 0, 19, -39, -41, 0, -17, 6, -26, 29, -19, 38, -19, 5, 0, 0, 6, 5, 0, -19};
weight_ih[175] = {-13, 4, -9, -29, 0, -2, 0, -10, 0, 0, -28, -40, 23, 9, 10, -61, 24, 0, 0, -23, -12, 0, -25, 0, 26, -7, 43, 0, 47, 0, 0, 0, -2, 8, -46, 0, 0, 0, 0, 0, -51, 0, -27, 26, 69, -36, -7, 0, 0, -24, 2, -13, 6, 0, 24, -22, -37, 0, -31, 35, 14, 6, -55, 16, -12, 33, 0, 0, -12, -39, 0, 47};
weight_ih[176] = {-24, -19, 28, -6, 0, 1, 0, 20, 0, 0, 39, -7, 2, -8, -57, 20, -43, 0, 0, -48, -52, 0, 21, 0, 35, 12, -65, 0, 0, 0, 0, 0, -1, -22, -53, 0, 0, 0, 0, 0, -44, 0, -2, -25, 24, -3, -10, 0, 0, 4, 36, -24, 52, 0, -80, 7, 37, 0, -13, 10, 97, 12, -48, 20, 6, 2, 0, 0, -32, 41, 0, -56};
weight_ih[177] = {-6, -1, 7, 3, 0, 5, 0, -7, 0, 0, -48, -29, 25, 5, -8, -10, 5, 0, 0, -30, 43, 0, -5, 0, 19, -35, 32, 0, -3, 0, 0, 0, -20, -2, -3, 0, 0, 0, 0, 0, -61, 0, -14, -18, -43, -10, -11, 0, 0, -41, 13, -8, 5, 0, 13, 34, 4, 0, 18, 0, -7, 33, -5, 4, 4, 27, 0, 0, 31, 4, 0, 41};
weight_ih[178] = {-5, -38, -13, -10, 0, 25, 0, -11, 0, 0, 42, 0, 48, -66, -9, 10, 29, 0, 0, 10, 7, 0, 22, 0, -3, -51, 21, 0, 6, 0, 0, 0, -4, 7, -3, 0, 0, 0, 0, 0, -12, 0, 35, -2, -22, 60, 8, 0, 0, 20, 1, 1, -4, 0, 13, 24, -1, 0, 6, 1, 47, 2, 67, -27, 43, -12, 0, 0, -6, 26, 0, 28};
weight_ih[179] = {-13, -15, -12, -2, 0, -3, 0, -2, 0, 0, -34, -40, 4, 1, 2, -45, 28, 0, 0, 38, -43, 0, 3, 0, 61, -17, 1, 0, -13, 0, 0, 0, 23, -5, -8, 0, 0, 0, 0, 0, 19, 0, -10, 28, -18, -38, 21, 0, 0, -5, -7, 1, 26, 0, -8, -32, -20, 0, 60, -15, 4, -23, 42, 15, 5, -26, 0, 0, -16, 3, 0, 11};
weight_ih[180] = {-30, -18, -45, 3, 0, 15, 0, -7, 0, 0, 15, 3, -8, -18, -16, 1, -10, 0, 0, -2, 6, 0, -4, 0, -6, -31, -34, 0, -24, 0, 0, 0, -35, 3, -8, 0, 0, 0, 0, 0, -10, 0, 10, 17, -5, 70, -5, 0, 0, 0, -19, -14, 18, 0, -19, 15, -35, 0, 17, -11, -9, -3, 20, 10, -28, 6, 0, 0, 3, -30, 0, 5};
weight_ih[181] = {20, -62, -2, 2, 0, -30, 0, -2, 0, 0, -15, -32, -9, -61, -23, -58, -20, 0, 0, -4, 8, 0, -63, 0, -19, 10, -18, 0, 23, 0, 0, 0, -44, -1, -22, 0, 0, 0, 0, 0, 12, 0, 17, -27, -8, -18, 5, 0, 0, 1, -8, 9, -55, 0, 33, -1, 2, 0, -40, -9, 59, -31, -40, 38, 22, -1, 0, 0, 11, -8, 0, -39};
weight_ih[182] = {-54, 24, 50, -1, 0, -16, 0, -4, 0, 0, -7, 3, 0, -6, 10, 9, 42, 0, 0, -50, -9, 0, 28, 0, 44, -2, 27, 0, -26, 0, 0, 0, 3, 8, -6, 0, 0, 0, 0, 0, 10, 0, 6, 3, -64, 6, -3, 0, 0, -49, -3, -8, -50, 0, 0, -7, -29, 0, -1, -12, -37, -6, 13, -6, -6, -2, 0, 0, 6, 4, 0, 22};
weight_ih[183] = {29, 19, 60, 0, 0, 20, 0, 31, 0, 0, -39, 6, -53, -32, -4, -40, -35, 0, 0, 15, -30, 0, -12, 0, 40, 19, -15, 0, -45, 0, 0, 0, 24, -13, 8, 0, 0, 0, 0, 0, 24, 0, -8, -5, -9, -30, 30, 0, 0, 10, -19, 24, -6, 0, 47, -32, -21, 0, -13, 5, -26, 27, -16, 15, -9, -8, 0, 0, 40, -8, 0, -26};
weight_ih[184] = {12, -16, -41, -3, 0, -26, 0, 35, 0, 0, 35, 34, 28, 33, -25, 4, 9, 0, 0, 26, -2, 0, -16, 0, -32, -21, -18, 0, 25, 0, 0, 0, -27, -9, 25, 0, 0, 0, 0, 0, 20, 0, 33, -44, -65, 34, -8, 0, 0, -51, -44, 3, -48, 0, 7, -37, -5, 0, -12, -26, 32, 0, -39, -4, 20, 8, 0, 0, -7, -11, 0, 14};
weight_ih[185] = {18, -21, -36, -2, 0, 22, 0, -16, 0, 0, -10, -1, 4, 21, -19, 40, -17, 0, 0, 37, 41, 0, -8, 0, -5, -20, -12, 0, 36, 0, 0, 0, 3, 30, 21, 0, 0, 0, 0, 0, 31, 0, -68, -50, -71, 21, -53, 0, 0, 6, -43, -12, -25, 0, -21, 8, -10, 0, -47, -64, 13, 21, -5, 4, -3, 23, 0, 0, 0, 11, 0, 8};
weight_ih[186] = {29, -17, -15, -23, 0, -22, 0, -22, 0, 0, 22, 24, 36, 3, 6, 26, 12, 0, 0, 29, 16, 0, 0, 0, -1, -6, 3, 0, 15, 0, 0, 0, -9, -3, 12, 0, 0, 0, 0, 0, 16, 0, 22, -38, 7, 56, -1, 0, 0, -9, -17, -10, -84, 0, -9, 14, 25, 0, -14, -52, -13, -8, -15, 17, -27, 0, 0, 0, 10, -35, 0, 16};
weight_ih[187] = {-2, -10, 20, 2, 0, -3, 0, 17, 0, 0, -2, -26, 2, 1, -43, -13, -10, 0, 0, 32, -22, 0, -12, 0, 35, 17, -48, 0, -19, 0, 0, 0, 8, -11, 1, 0, 0, 0, 0, 0, 42, 0, 9, 14, -11, -75, 11, 0, 0, -15, -51, 1, -14, 0, -22, -29, -19, 0, 17, 12, -6, -14, 53, -9, -1, 17, 0, 0, 12, 14, 0, 5};
weight_ih[188] = {4, -2, -29, -7, 0, 3, 0, 6, 0, 0, 77, 47, -20, 2, -29, -66, -1, 0, 0, 8, -39, 0, -16, 0, 23, -1, 44, 0, -3, 0, 0, 0, 1, 12, -15, 0, 0, 0, 0, 0, -16, 0, -7, 2, 65, -28, -16, 0, 0, 10, 44, 0, 39, 0, -24, 28, 16, 0, 37, 89, 2, -2, 3, 15, 4, 29, 0, 0, -26, -1, 0, 11};
weight_ih[189] = {6, 42, 4, -5, 0, 14, 0, -18, 0, 0, 11, -36, 57, 16, -66, -37, -21, 0, 0, -12, -8, 0, -26, 0, 46, 37, 20, 0, 26, 0, 0, 0, 15, 29, -46, 0, 0, 0, 0, 0, 7, 0, 36, 7, -6, -26, -10, 0, 0, -21, 14, 8, 43, 0, -27, 53, -13, 0, -4, 39, -17, 38, 27, -16, 8, -43, 0, 0, 5, 23, 0, -15};
weight_ih[190] = {16, 7, 11, -25, 0, 21, 0, -24, 0, 0, -43, -19, 39, -18, 56, 22, 14, 0, 0, 61, 55, 0, 4, 0, -39, 30, -58, 0, -19, 0, 0, 0, 67, -3, -14, 0, 0, 0, 0, 0, -15, 0, -46, 32, -37, 15, 49, 0, 0, 27, -23, 17, -72, 0, 67, -76, -51, 0, 6, -66, -50, -31, 36, -36, -58, -58, 0, 0, -33, -19, 0, 55};
weight_ih[191] = {-19, -6, -31, -30, 0, -14, 0, -37, 0, 0, -11, -59, 40, -44, -32, -43, -17, 0, 0, -18, 6, 0, -4, 0, 8, -25, 10, 0, -4, 0, 0, 0, 9, 47, 10, 0, 0, 0, 0, 0, -15, 0, 8, 23, -31, 2, 7, 0, 0, -15, 21, -8, -3, 0, 18, 68, -38, 0, -45, 31, 43, -11, -37, -39, 24, -24, 0, 0, 3, -3, 0, 3};
weight_ih[192] = {21, 28, 18, 24, 0, 28, 0, 7, 0, 0, -34, -70, 75, 2, -63, -25, 27, 0, 0, 0, -68, 0, -5, 0, -28, -6, -69, 0, -23, 0, 0, 0, -20, -22, -8, 0, 0, 0, 0, 0, 21, 0, -20, -32, -3, -16, -15, 0, 0, 29, -3, -3, 33, 0, 6, 67, -43, 0, 2, 76, 12, 25, -32, -13, -10, -27, 0, 0, 20, 43, 0, 2};
weight_ih[193] = {-30, 5, 19, 13, 0, 26, 0, -16, 0, 0, 21, -48, 7, -16, -2, -24, 2, 0, 0, -32, -33, 0, 0, 0, 11, -20, 6, 0, 19, 0, 0, 0, 23, -11, 16, 0, 0, 0, 0, 0, -26, 0, 0, 5, -23, 3, -7, 0, 0, 32, 70, -36, 47, 0, 4, 48, 9, 0, 59, 78, 12, -5, 34, -26, -4, 42, 0, 0, -2, 31, 0, -31};
weight_ih[194] = {-32, 23, 12, -42, 0, 5, 0, -10, 0, 0, -64, -28, 7, -123, 0, -13, 36, 0, 0, -53, -29, 0, 12, 0, 21, -13, 5, 0, -17, 0, 0, 0, -20, -9, 6, 0, 0, 0, 0, 0, -10, 0, 5, -2, 5, -93, 10, 0, 0, -20, 4, -79, -11, 0, -33, -15, -2, 0, 7, 0, -34, -29, -12, 30, -11, 49, 0, 0, -12, 2, 0, 21};
weight_ih[195] = {-40, 37, 38, 19, 0, -12, 0, -14, 0, 0, 21, 0, 22, 78, 37, -10, -8, 0, 0, 21, -30, 0, 9, 0, 49, 44, -12, 0, 2, 0, 0, 0, 24, -9, -19, 0, 0, 0, 0, 0, -65, 0, -9, 32, -18, -28, -7, 0, 0, 7, -48, 9, -18, 0, -29, -12, 19, 0, 15, 3, 16, -5, 20, 14, 46, -30, 0, 0, 1, 82, 0, 1};
weight_ih[196] = {-56, -44, 38, 11, 0, 7, 0, 14, 0, 0, 38, 14, 3, 60, -10, 49, -10, 0, 0, 6, 0, 0, 27, 0, -20, -12, 8, 0, -12, 0, 0, 0, -24, -1, 9, 0, 0, 0, 0, 0, -3, 0, 10, -20, 9, 64, 35, 0, 0, -8, 9, -4, 6, 0, 30, -20, -25, 0, 1, 5, 1, 16, 36, 19, -52, 16, 0, 0, -17, -20, 0, -34};
weight_ih[197] = {6, 18, 48, -3, 0, -7, 0, -29, 0, 0, -4, -5, -30, -52, 21, -6, 44, 0, 0, 9, 7, 0, 10, 0, 67, 42, 3, 0, 34, 0, 0, 0, 23, 36, 8, 0, 0, 0, 0, 0, 23, 0, -9, 33, -8, -82, 47, 0, 0, 9, -5, -15, -8, 0, 25, -14, 1, 0, -12, 11, -4, -25, -15, 25, -18, -23, 0, 0, -22, -55, 0, 15};
weight_ih[198] = {-3, -4, -18, 24, 0, 18, 0, -7, 0, 0, 37, 32, -1, -5, 25, 25, -33, 0, 0, 34, 35, 0, 7, 0, 11, 3, -22, 0, 1, 0, 0, 0, 2, 20, -37, 0, 0, 0, 0, 0, -42, 0, 46, -18, 11, 38, -21, 0, 0, 22, -16, -4, -22, 0, 31, 14, -9, 0, -12, -39, -30, 32, -26, 50, -21, 52, 0, 0, 39, -19, 0, 17};
weight_ih[199] = {6, -14, 52, 44, 0, 30, 0, -7, 0, 0, -13, -53, 40, 19, -7, 15, 39, 0, 0, 12, 22, 0, -25, 0, -26, -6, -48, 0, -40, 0, 0, 0, -3, -14, 28, 0, 0, 0, 0, 0, 12, 0, -37, -37, -30, 35, -22, 0, 0, -14, 3, 22, -62, 0, 8, 21, -13, 0, -5, -21, -1, 27, -25, -33, -11, -40, 0, 0, 46, -29, 0, 36};
weight_ih[200] = {-2, 1, -22, -5, 0, 9, 0, -16, 0, 0, 34, 23, -29, -16, -5, -10, -25, 0, 0, 26, -27, 0, -7, 0, -32, 5, 50, 0, -7, 0, 0, 0, -53, 1, -16, 0, 0, 0, 0, 0, -2, 0, -42, -14, 0, -21, 5, 0, 0, -6, -4, 17, -2, 0, -9, 24, 40, 0, 21, 9, -64, 34, -23, -24, -5, 13, 0, 0, 50, 0, 0, 2};
weight_ih[201] = {-12, -41, 42, 23, 0, -40, 0, -3, 0, 0, 9, -17, -25, -34, -25, -46, 11, 0, 0, -2, 25, 0, 18, 0, -10, -6, 38, 0, 6, 0, 0, 0, -23, -12, -33, 0, 0, 0, 0, 0, -11, 0, -20, -16, 37, -15, 3, 0, 0, 11, -34, -6, -5, 0, -31, 27, 54, 0, -22, 44, 3, 22, 11, 17, -5, 37, 0, 0, -39, 27, 0, -42};
weight_ih[202] = {18, -69, 2, -29, 0, -24, 0, -4, 0, 0, -20, 19, 9, -5, 54, 37, 28, 0, 0, 22, 26, 0, -22, 0, -6, -27, 34, 0, 6, 0, 0, 0, 8, -31, -6, 0, 0, 0, 0, 0, 38, 0, -14, -4, -4, 76, -1, 0, 0, 6, -19, 47, -28, 0, 22, -59, -7, 0, -14, -40, 0, -26, 40, -5, -12, 37, 0, 0, 16, -1, 0, 22};
weight_ih[203] = {-31, -21, 10, 11, 0, -1, 0, 8, 0, 0, -28, -44, 47, 1, 22, -37, 28, 0, 0, -55, 38, 0, -36, 0, 11, -16, 1, 0, 17, 0, 0, 0, 2, -24, -47, 0, 0, 0, 0, 0, 32, 0, -63, -25, -32, 52, 18, 0, 0, -8, 31, 26, 10, 0, 58, 45, 19, 0, -9, 47, 92, 23, 21, -13, 27, -6, 0, 0, 5, 7, 0, 6};
weight_ih[204] = {0, -20, 14, -1, 0, 6, 0, 28, 0, 0, 34, 58, 13, 1, 16, -1, 65, 0, 0, 16, 8, 0, 14, 0, -55, -25, 36, 0, -10, 0, 0, 0, -24, -45, 0, 0, 0, 0, 0, 0, 55, 0, 14, -41, 35, 91, -51, 0, 0, -7, 10, 1, -36, 0, 26, -16, 23, 0, 8, 29, 31, 17, -7, -40, -9, -14, 0, 0, -9, 9, 0, 15};
weight_ih[205] = {6, 31, 49, -7, 0, -13, 0, 19, 0, 0, -8, -23, -13, -10, 3, -14, 19, 0, 0, 24, 1, 0, -21, 0, 76, 48, -50, 0, 13, 0, 0, 0, 11, 34, 9, 0, 0, 0, 0, 0, -1, 0, -18, 50, -4, -77, 38, 0, 0, 2, -18, -29, 22, 0, -15, 10, 2, 0, -2, 5, -17, -4, -1, 32, 11, -6, 0, 0, -8, -10, 0, 8};
weight_ih[206] = {19, -28, -20, 7, 0, 16, 0, -13, 0, 0, 11, 24, -24, 22, 10, 22, 5, 0, 0, 8, 8, 0, -26, 0, -36, -40, -8, 0, -6, 0, 0, 0, -16, 10, 5, 0, 0, 0, 0, 0, -13, 0, 20, 17, 19, 95, -3, 0, 0, -4, 17, 23, 5, 0, 19, -21, -8, 0, 36, -14, -34, 34, -21, -50, -1, -33, 0, 0, 20, 28, 0, 5};
weight_ih[207] = {-21, -14, -18, 4, 0, 38, 0, 31, 0, 0, 19, 30, -5, 20, 8, -44, -5, 0, 0, 32, 11, 0, -17, 0, 19, -27, 4, 0, -15, 0, 0, 0, -12, 0, 6, 0, 0, 0, 0, 0, -2, 0, 17, -40, -25, 30, -65, 0, 0, -2, 34, 7, -28, 0, -18, -5, 10, 0, 26, -4, 42, -27, -39, -1, -43, -19, 0, 0, 21, -100, 0, 20};
weight_ih[208] = {34, 6, -2, -7, 0, 8, 0, -31, 0, 0, -16, -13, 23, 9, 5, 19, 9, 0, 0, 17, -10, 0, 25, 0, -50, -26, -7, 0, 6, 0, 0, 0, -21, 22, -17, 0, 0, 0, 0, 0, 8, 0, 30, -29, 17, 45, -5, 0, 0, -9, -1, -9, -5, 0, 22, -12, 18, 0, 21, -9, 4, -15, 2, -5, 28, -16, 0, 0, 21, 23, 0, -23};
weight_ih[209] = {8, -16, 1, 1, 0, -87, 0, 3, 0, 0, -14, 54, -13, 17, 50, 12, -2, 0, 0, -14, 2, 0, -47, 0, -2, 10, -1, 0, 17, 0, 0, 0, -5, -14, 19, 0, 0, 0, 0, 0, 32, 0, 22, 17, 15, 10, 29, 0, 0, -77, 20, 14, 39, 0, -1, 11, 16, 0, 67, 36, -39, -38, -2, -41, 5, -34, 0, 0, -21, 12, 0, -29};
weight_ih[210] = {-17, 15, 29, 10, 0, -4, 0, 23, 0, 0, -17, -12, -4, 21, -16, -24, 33, 0, 0, -12, 15, 0, 1, 0, -11, 20, -26, 0, 18, 0, 0, 0, -14, -29, 16, 0, 0, 0, 0, 0, 16, 0, 10, -29, 21, 25, 17, 0, 0, -21, -16, 6, -49, 0, -16, -1, 10, 0, 7, 21, 13, 4, -19, 21, -9, -1, 0, 0, -1, 21, 0, 30};
weight_ih[211] = {-17, -28, -35, -28, 0, -13, 0, -6, 0, 0, -19, -27, -11, 6, -42, -28, 8, 0, 0, -21, -46, 0, -12, 0, 24, -31, -14, 0, 7, 0, 0, 0, -18, 14, -52, 0, 0, 0, 0, 0, 16, 0, 3, -32, -4, -32, -14, 0, 0, 21, -1, -16, -14, 0, -7, -21, 2, 0, -40, -2, 12, -28, -29, 13, -11, 7, 0, 0, -30, -55, 0, -13};
weight_ih[212] = {18, 10, 19, 19, 0, -5, 0, -33, 0, 0, 35, -9, -12, -3, -54, 35, -37, 0, 0, -19, 20, 0, 15, 0, 23, 8, 47, 0, -23, 0, 0, 0, 5, 1, 6, 0, 0, 0, 0, 0, -1, 0, 24, 18, -22, -6, 6, 0, 0, -4, -11, -3, 4, 0, 4, -12, 24, 0, 28, -1, 3, 21, 47, 16, 9, -10, 0, 0, -6, 29, 0, -22};
weight_ih[213] = {42, -21, -53, -4, 0, 2, 0, -14, 0, 0, -10, 23, -34, 23, 37, 13, -19, 0, 0, 5, 39, 0, -11, 0, -33, -34, -15, 0, 7, 0, 0, 0, -13, -31, -32, 0, 0, 0, 0, 0, 13, 0, -43, -36, 28, 26, -52, 0, 0, -14, -14, 9, 11, 0, 9, 16, 48, 0, 25, 5, 4, 12, 26, -11, 7, 14, 0, 0, -18, 22, 0, -27};
weight_ih[214] = {-28, -18, -35, 8, 0, -6, 0, -31, 0, 0, -12, -1, -18, 7, -24, 11, 87, 0, 0, -35, 2, 0, 24, 0, 19, -15, -31, 0, -3, 0, 0, 0, -45, -4, 41, 0, 0, 0, 0, 0, 70, 0, -14, -16, -19, -96, 0, 0, 0, 7, -30, -14, -4, 0, 31, -5, -9, 0, -26, -2, -28, 10, 2, 12, -30, -9, 0, 0, -24, -34, 0, 22};
weight_ih[215] = {-11, 8, 38, -12, 0, 5, 0, 23, 0, 0, 26, -3, -35, 9, -22, 42, -3, 0, 0, 14, 9, 0, 18, 0, 47, -6, -10, 0, -5, 0, 0, 0, 2, -13, 4, 0, 0, 0, 0, 0, -10, 0, 2, 4, -11, -25, 43, 0, 0, -1, 3, -7, -39, 0, 8, -10, -3, 0, -19, -3, 52, -35, 61, 55, 19, -50, 0, 0, 7, 19, 0, 17};

Bias_ih (8 bit):
 {701, -419, -454, 276, 221, -4, 78, 170, -131, -242, 48, 357, 268, -201, 370, -466, 192, -191, -50, 40, -41, -319, 25, -379, -218, 68, 398, 467, 862, 6, -646, -481, -15, 54, 390, 429, 752, 100, -15, 224, 261, 13, -459, -453, -272, 8, 170, 502, 459, 701, 230, -262, 13, 467, 458, -523, -421, -353, 341, 217, 446, -121, 359, 266, -110, -103, -459, -48, 157, 380, 334, 234, 210, 54, 512, 433, -22, 316, 60, -144, 22, -181, 1, -171, 112, 129, 359, 190, 326, 197, -144, -372, -75, -33, 302, 138, 189, 256, 282, 130, 534, 403, 332, 396, -30, 419, 247, -215, 551, -101, 154, 68, 180, -109, -78, -80, -368, 238, 176, -5, -86, -98, -317, -226, 387, -87, -81, 365, -74, 744, -50, 308, -96, 290, 74, 333, 160, 23, -90, 239, 124, 125, -253, -126, 19, -89, 6, 183, 98, 120, 16, 232, 260, 138, -81, 49, -144, 145, 171, 7, 281, 109, 172, 188, -23, 166, 5, 78, 137, 106, 137, 15, 23, 57, 70, 46, -72, -15, 151, 122, 86, 186, 145, 151, 166, 130, 145, 144, 232, 22, 18, -152, 146, 162, 57, 286, -68, 148, 145, 61, 138, 162, 198, 171, 137, 120, 132, -162, 103, 202, 144, -44, 200, 124, 167, -198};
Weight_hh (8 bit):
weight_hh[0] = {8, 8, 8, -9, -7, 5, -4, 7, 26, 6, -7, 4, 22, 11, -12, 5, -20, -14, 1, -17, 3, 8, 10, 37, 18, -27, 22, 33, -1, -21, 62, -17, -12, -15, -38, -11, 8, -14, 30, -16, -6, 0, 9, 9, 11, -30, -26, 14, -9, -7, -44, -16, -55, -10, -9, 13, 9, -22, -4, 5, -9, -68, -21, 17, 14, 30, 9, -31, -41, -1, 0, -15};
weight_hh[1] = {-4, -1, -5, -1, 1, -4, -2, 3, 1, 4, -8, 2, -2, -6, -3, -3, -10, -3, -8, 1, 6, 2, -7, 3, -5, 3, 4, 8, -7, 0, 8, 3, -2, 0, 4, 8, -4, -3, 7, -8, 3, -11, -8, -8, -5, -7, 4, -11, 8, 6, 4, 5, 1, 8, 8, -14, -8, 1, 0, 5, 8, -5, 5, 0, -1, 6, -8, 5, 1, 1, 4, 1};
weight_hh[2] = {8, -15, 20, 12, -3, -27, 22, 4, -17, -10, 0, 3, -7, 6, -2, -8, 6, 13, 1, -4, 0, 5, 16, 2, -13, 7, -6, 24, -24, 7, 18, -13, -28, 0, -58, -1, -14, -3, -36, 14, 8, 8, -5, -6, -6, -35, -25, -8, 5, 3, 39, 29, -16, 6, 6, 20, -3, 39, 12, -10, 5, -9, 15, -1, 41, 11, -6, -45, -15, 3, -12, -47};
weight_hh[3] = {3, -13, -1, -6, 10, -1, 13, 6, -4, 6, -3, 13, -4, -13, -26, 19, 7, -8, -10, -1, 19, -8, -18, -26, -11, 6, 6, 8, 3, -23, 7, -3, -22, -15, 22, 9, 7, -14, 3, -22, 31, -16, -7, -9, -7, -37, 29, 4, 8, 0, -3, 4, 5, 9, 8, -24, -8, 2, 5, -27, 9, -6, -32, 1, 36, 14, -8, -3, -6, -23, 12, -9};
weight_hh[4] = {-5, -4, -10, -1, -32, 1, 17, 14, 11, -3, 8, 2, -5, 45, -3, 13, -7, -12, 10, -3, -22, -4, 25, 22, 19, 5, -4, 1, -7, 21, 54, 4, -4, -23, 27, -8, 19, 2, -2, -14, 33, 6, 3, 3, 2, 3, 16, 14, -3, 12, -12, 18, -29, -3, -3, -25, 6, 3, 10, -9, -3, 43, 25, 13, 28, 6, 3, -28, 68, -19, 0, 9};
weight_hh[5] = {2, -4, -1, 3, 1, 0, -1, 1, 1, 3, -2, 2, 2, -2, 2, -2, -6, -3, -3, -1, -1, -1, -2, -2, -2, 0, 2, 2, 0, -1, -1, 0, 1, 0, 1, 5, 3, 1, 1, -4, 3, -2, -7, -7, -5, -1, -2, -2, 7, 1, -4, -3, 3, 7, 7, -2, -6, 0, 3, 3, 7, -2, 1, 2, -4, 1, -7, 2, 0, 0, 5, 3};
weight_hh[6] = {-22, -3, -16, -34, -15, -1, -39, -3, 15, 19, -2, 1, 55, -35, -44, -48, 19, -38, -14, -11, -10, 4, -26, -44, -24, 24, 17, 46, -4, -23, 12, 29, 2, -13, -12, 9, 5, -1, -25, -7, 13, -16, -10, -10, -15, 28, 21, 19, 10, 19, 8, -12, 16, 10, 9, 14, -9, -3, 11, -44, 9, 16, 16, -12, -7, -24, -10, 15, -17, 17, 25, 12};
weight_hh[7] = {-6, -7, -14, 26, 5, 4, 15, -6, -7, 3, -7, 7, -14, 9, 20, 16, -15, 4, -7, -9, -30, -10, -12, 28, 25, 18, -6, -13, -4, 46, 10, -15, 19, -4, -2, 4, 2, 17, 16, -16, -2, 0, -5, -5, -6, 29, -5, -50, 5, -6, 14, -29, 21, 5, 5, -13, -5, 7, -6, 32, 5, -13, 15, 23, -1, -2, -5, 13, 21, 30, 2, 1};
weight_hh[8] = {-7, -12, 29, 14, 11, -9, -35, -2, 9, -3, 19, 0, 9, 14, 38, 11, 21, -8, 8, 4, -14, 3, 62, -2, 47, -31, 32, 3, -22, -3, 34, -36, 23, 2, 7, -10, -12, 36, -22, 7, 15, 4, 9, 7, 5, -17, 12, 16, -6, 27, -10, -4, 18, -4, -7, 24, 12, 20, 38, 56, -6, 30, 46, 34, 51, -3, 3, -14, 17, -14, -4, 0};
weight_hh[9] = {26, -12, -8, -27, -16, 4, 2, 37, -2, 9, 0, 9, 37, 20, -3, -18, 14, -1, -4, -16, -10, 13, 8, 1, -11, -20, 31, 61, 5, 14, -9, -12, 5, 1, -8, 6, 17, -9, -1, 6, -3, -6, -6, -6, -4, -51, 16, -14, 6, 4, 12, -27, 39, 6, 6, -17, -6, -27, -7, 17, 6, 9, -42, 8, -22, 0, -6, 17, -3, 7, 7, 16};
weight_hh[10] = {1, 6, 8, 9, 5, 9, 7, -12, 1, -6, -6, 2, -3, 5, 10, -5, 1, -1, -4, -13, 6, 10, -1, -5, -3, -20, 8, 21, -6, -4, 11, -18, 10, -1, -4, 4, 0, 0, -4, -4, -3, 2, -5, -5, 2, -16, -7, 33, 5, -2, 1, 8, 3, 5, 5, 0, -5, -6, 1, 8, 5, 8, -6, 15, 22, -2, -5, 4, -9, -5, -1, 7};
weight_hh[11] = {2, -4, -1, 2, 1, 0, 0, 1, 0, 2, -2, 2, 2, -2, 2, -2, -7, -2, -4, -1, -1, -1, -2, -1, -3, -1, 3, 1, 0, -1, -1, 0, 2, 0, 1, 5, 2, 2, 1, -4, 3, -2, -6, -6, -5, -2, -2, -4, 6, 1, -4, -2, 4, 6, 6, -2, -6, 0, 1, 3, 6, -3, 2, 2, -5, 1, -6, 3, 0, 0, 4, 4};
weight_hh[12] = {4, -6, 1, 3, 0, 0, 1, 6, -8, 4, -1, -1, 8, -9, 0, -6, -2, -3, -2, 4, 2, -14, -6, -7, -12, 6, 1, 8, 8, -7, -10, -9, -5, 2, 7, 8, 8, -6, 14, 1, -10, -16, -8, -8, -6, -8, 0, -2, 8, -4, 0, -5, 3, 8, 8, -4, -8, -1, -7, -3, 8, -9, 7, -6, -9, 6, -8, 2, 4, -2, 10, -2};
weight_hh[13] = {-3, 1, -15, -2, 0, 2, 5, -3, 5, -8, 8, -5, 1, 3, 13, -16, 3, 6, 1, 5, 6, 8, -22, -15, -18, 25, 4, 11, 2, -24, 12, -13, 4, -2, 22, 8, 0, -21, -3, 6, -12, 7, -10, -10, -11, -18, 8, 8, 10, -7, 12, 8, -21, 10, 10, -10, -9, -1, 0, 34, 9, -23, 0, -13, 35, -1, -10, 15, -6, 9, -1, -11};
weight_hh[14] = {0, -4, -1, 6, 5, 1, 6, 0, -4, -1, 4, -5, 6, -5, 2, -5, -3, -2, 2, 3, -3, 0, 0, -4, -6, 7, 4, 0, 3, -5, -4, -5, 1, -2, 2, 5, 2, 0, 2, 1, -5, -1, -6, -6, -1, 9, -3, 1, 6, 3, 8, 4, -5, 6, 6, -2, -6, 2, 2, 6, 6, -5, 8, 6, 2, -4, -6, -4, 4, -2, 4, -2};
weight_hh[15] = {0, -5, 0, 1, 3, 0, 0, -1, 1, 3, -3, 3, 3, -2, 1, -2, -5, -2, -6, 0, -2, 0, -3, -1, -2, 0, 2, 1, -1, 0, -1, 0, 2, 0, 1, 7, 1, 1, 0, -6, 4, -1, -6, -6, -5, 0, -2, -4, 6, 2, -2, 0, 2, 6, 6, -1, -6, 0, 2, 2, 6, -2, 1, 2, -3, 2, -6, 2, 0, -2, 4, 3};
weight_hh[16] = {5, -5, 8, -8, 19, -8, 11, 7, -40, 10, 17, 8, 4, 10, -5, -10, -5, -10, 13, -10, -1, -19, 6, -21, 26, 43, 5, -13, -15, -19, -10, 6, -2, 9, -23, 2, -2, 9, 3, -29, 27, 7, -3, -3, -5, 15, 0, -18, 3, -18, 14, -7, -2, 3, 3, -18, -3, -7, 14, -11, 3, 40, -3, 23, -8, -62, -3, -34, -4, -21, 7, -22};
weight_hh[17] = {2, -4, -1, 3, 2, 0, 0, 1, 1, 3, -2, 2, 2, -3, 1, -2, -7, -2, -3, -2, -1, -1, -2, -2, -2, -1, 2, 2, 0, 0, -1, 0, 2, 0, 1, 5, 2, 2, 0, -4, 3, -2, -7, -7, -5, -2, -2, -3, 7, 1, -4, -3, 4, 7, 7, -1, -7, 0, 3, 2, 7, -2, 2, 2, -5, 1, -7, 3, -1, 0, 4, 4};
weight_hh[18] = {2, -5, -1, 3, 1, -1, 0, 2, 1, 3, -2, 3, 2, -2, 1, -2, -6, -2, -4, -1, -2, 0, -2, -1, -2, -1, 2, 2, -1, -1, -2, 0, 1, 0, 1, 5, 3, 2, 1, -4, 3, -2, -7, -7, -5, -1, -3, -2, 7, 1, -4, -3, 3, 7, 7, -1, -7, 0, 3, 3, 7, -2, 1, 2, -4, 1, -7, 2, 0, 0, 5, 3};
weight_hh[19] = {-1, -1, 55, 34, 36, 5, -3, 10, -5, 0, 13, 8, -40, -3, 8, 30, -15, -21, 9, 9, -16, -16, 8, 7, 37, -42, 26, -33, 14, 19, 2, -16, 31, -5, 6, -4, -5, 26, 0, 5, -5, 1, 3, 3, 4, 4, 6, -9, -3, -12, 20, -15, -4, -3, -3, 2, 4, 32, 15, -49, -3, 4, -3, 9, 15, -9, 3, -26, 12, -23, -4, -11};
weight_hh[20] = {-6, -12, -1, -1, 4, 4, -4, 4, 2, 5, -20, 13, -3, -4, -6, -3, -4, 0, -17, -1, -11, 2, -9, -8, -1, 10, -3, 9, -14, 2, 8, -4, -2, -6, 5, 11, -5, -2, 6, -10, 2, -8, -14, -14, -6, 0, -3, 3, 14, 13, 9, 6, -5, 14, 14, -6, -14, 6, 3, 1, 14, 6, 2, 3, -4, 15, -14, 3, -2, 1, 9, 2};
weight_hh[21] = {-16, 11, 10, 5, 9, -4, -14, 13, -77, -30, -6, 2, 12, -33, 15, 5, 23, -7, 12, 0, -8, -25, 17, -4, 7, -2, 44, 5, 16, 48, -57, 17, -8, -18, -28, -1, -18, 36, 5, 30, -22, -2, -2, -2, 19, -23, 27, 0, 2, 13, -33, 20, -2, 2, 1, 41, -1, 31, -1, 1, 2, 4, 1, 19, -27, -15, -2, 48, -8, -4, -21, 6};
weight_hh[22] = {-5, 8, -4, -1, 2, 9, 6, -11, 19, 8, -21, 12, 2, -9, -4, -11, 3, -1, -21, 8, 8, 10, -31, 5, -20, -16, -14, 1, -26, -5, 8, -10, 4, 14, 5, 11, -8, -22, -11, -6, -4, 24, -8, -8, -11, -27, 15, 12, 8, 17, 24, 13, 7, 8, 8, -13, -7, -8, -11, 0, 8, 0, 4, -11, 23, 24, -8, -3, -8, -17, -4, 0};
weight_hh[23] = {1, -4, -1, 3, 2, 0, 0, 0, 1, 3, -2, 3, 2, -3, 1, -2, -6, -3, -4, -1, -1, -1, -2, -1, -2, -1, 2, 2, -1, -1, -1, 0, 1, 0, 1, 5, 3, 1, 0, -4, 3, -2, -7, -7, -5, -1, -3, -3, 7, 2, -4, -3, 3, 7, 7, -2, -7, 0, 3, 3, 7, -2, 1, 2, -4, 1, -7, 3, 0, 0, 5, 3};
weight_hh[24] = {-50, -14, -36, -44, -27, -3, 2, 29, -2, 2, 2, 15, 4, 6, -18, 14, 33, -56, 5, 30, -3, -3, -4, 3, -22, -42, 8, 37, -21, -12, -22, 8, 26, -35, -6, -8, -30, -16, -15, -4, 35, 13, 7, 7, 9, -15, 5, -15, -7, -28, 3, 1, -1, -7, -7, 42, 9, -10, -16, -23, -7, 13, -14, -36, -20, 3, 7, -2, 5, -1, 2, 1};
weight_hh[25] = {-11, 2, -5, -2, -4, -6, -8, -7, -5, -8, -12, 31, -25, -36, -11, 9, 4, 1, -15, -6, 6, 37, -8, 11, -43, 8, -24, 14, -5, 23, 5, 8, -5, -2, -33, 2, -6, -17, 25, -4, 6, -6, -1, -1, 1, -13, -21, 1, 1, 12, 4, 16, 8, 1, 1, 8, -3, 20, -26, 0, 1, -15, -11, -1, 13, -20, -1, 6, -16, -8, 3, -3};
weight_hh[26] = {5, -6, 10, -1, 12, 2, 8, 4, -6, -2, -3, 1, 3, -6, 0, -8, 0, -8, 0, -12, 0, 15, -4, -6, -3, -3, 3, 3, 2, -2, -2, -4, -12, -9, -3, 1, -2, -10, -1, 1, -4, 4, -1, -1, 1, -5, -1, 7, 1, 15, -3, 2, 0, 1, 1, 2, -1, 0, -2, -1, 1, 6, 2, 8, 0, -5, -1, 3, 5, 10, -1, 6};
weight_hh[27] = {1, -5, 4, 7, 11, 5, 6, -3, 14, -2, -6, -1, -9, -14, 14, 1, -7, -8, -18, -1, -1, 7, -13, -4, -15, 8, 6, 13, 0, 5, 8, 1, -1, -16, 12, 12, -4, -10, 6, -2, -9, -5, -12, -12, -14, 2, 1, 5, 12, 6, 3, 8, 3, 12, 12, -8, -12, -3, 7, -2, 12, 3, 4, 3, 2, -4, -12, 6, 18, -17, 5, -4};
weight_hh[28] = {1, -5, 0, 2, 3, 0, 0, 0, 0, 3, -2, 3, 3, -3, 1, -2, -6, -3, -4, -1, -1, -1, -2, -1, -2, -1, 2, 2, -1, 0, -1, 0, 2, 0, 0, 5, 2, 2, 0, -4, 3, -2, -7, -7, -5, -1, -3, -3, 7, 2, -3, -2, 3, 7, 7, -1, -7, 0, 3, 2, 7, -2, 2, 2, -4, 1, -7, 3, 0, -1, 4, 4};
weight_hh[29] = {2, -4, -1, 3, 2, 0, 0, 1, 1, 3, -2, 2, 2, -3, 1, -2, -7, -3, -3, -1, -1, -1, -2, -2, -3, -1, 2, 2, 0, -1, -1, -1, 1, 0, 1, 5, 3, 2, 0, -4, 3, -2, -7, -7, -5, -1, -2, -2, 7, 2, -4, -2, 3, 7, 7, -2, -7, 0, 3, 3, 7, -2, 2, 2, -4, 1, -7, 2, -1, 0, 5, 4};
weight_hh[30] = {14, 6, -4, -30, -11, 23, 0, -30, 1, -24, 0, 11, -27, -10, 14, -20, 11, -7, 6, 16, 4, 18, 20, 9, 27, -1, -12, 3, 8, 21, 26, -7, -19, -9, -15, 0, -64, 7, -19, 6, -35, -15, -6, -5, 3, -18, -17, 4, 6, 37, -27, 14, 9, 5, 6, -24, -5, 109, -23, 7, 3, 6, 23, 26, 7, 0, -6, -8, -24, 27, 5, 4};
weight_hh[31] = {9, -21, -6, -4, -18, 6, 7, -9, -19, -12, -26, 15, 9, -19, -12, 6, -3, 0, -13, -14, -11, 11, -8, -19, -4, 8, 3, 3, 0, 9, 2, -2, 2, 4, -6, 7, -10, 7, -5, 0, 10, -6, -8, -8, -3, -7, 19, 0, 8, 10, 20, -10, -2, 8, 8, -6, -8, 16, -15, 22, 8, 1, -8, 27, -10, -1, -8, -6, 6, -14, 7, -8};
weight_hh[32] = {-27, -5, 1, 4, -9, -5, -5, 0, 29, 0, 8, 10, -2, -3, 0, -1, 7, -1, -4, 16, 11, 1, -4, -3, 0, 15, -14, 1, -21, -3, 7, -1, 16, -3, 27, 8, -14, 18, 11, -19, 6, 2, -7, -7, -11, -6, 10, -5, 7, 1, 18, -1, -5, 7, 7, 1, -7, 8, 1, -17, 7, 4, -9, 7, 11, -13, -7, -11, -3, 3, 4, -18};
weight_hh[33] = {4, -3, 9, 8, -9, -3, 0, 12, 2, 10, -1, 2, 8, 0, 8, 0, -4, -1, -3, 5, 2, -2, -3, -1, 0, 18, 9, -2, -9, 3, 10, 3, -2, -2, 6, 1, -8, 3, -15, 1, -2, -16, -7, -7, 2, 9, -5, -7, 7, 8, -2, 5, -19, 7, 7, 4, -6, 11, -13, 7, 7, -5, 5, -7, -7, 13, -7, -2, 22, -9, -2, -10};
weight_hh[34] = {5, -10, 10, -99, -8, 17, 0, 11, -19, -2, -12, -13, 16, 45, -28, -39, -9, 4, -4, 24, -22, -30, -8, -12, 2, 5, 11, -29, -21, 12, 68, -23, -21, -29, -4, 12, -50, 33, 25, 36, -44, -6, -5, -6, -8, -9, 8, -47, 8, -61, 19, -31, 10, 6, 10, 11, -8, 42, -42, 1, 6, -6, 9, -27, 2, 11, -11, 21, -17, 33, 10, -60};
weight_hh[35] = {9, 2, -4, -3, -2, -9, 10, 12, -13, -6, 2, -7, 14, 5, 6, -1, 6, 5, 11, 8, 5, -20, -5, -11, 1, 21, 1, -3, 13, -5, -11, -4, 7, 4, -9, -3, 2, 5, -3, -19, -4, 2, -2, -1, 18, 2, -3, 2, 1, 2, 10, 7, -12, 1, 1, 5, 1, -4, 2, 2, 1, -8, 0, 17, -2, -2, -2, 10, -2, -16, 4, -7};
weight_hh[36] = {5, -4, -1, 4, 3, -1, 0, -9, -2, -2, -5, 4, 3, 2, 1, -3, -8, -1, -6, -1, -6, 0, 6, 3, 5, 2, 3, -1, -1, 4, 6, 2, 12, 1, -1, 7, -2, 11, -2, -12, 1, 2, -6, -5, -2, 1, -1, -17, 5, 1, 8, 1, 9, 5, 5, -6, -5, 4, -3, 0, 5, 3, 2, 14, -1, -8, -5, 9, 1, -3, 2, -1};
weight_hh[37] = {18, -20, -22, -10, -40, -2, 14, 6, 3, -11, 17, -17, 18, -41, -24, -31, 1, -27, 14, -7, 37, -3, 16, -2, -20, 0, -7, 0, 27, -7, 0, 36, -9, -22, -10, -6, -7, -6, -34, 1, -3, -3, -5, -6, 5, 5, 28, -30, 5, 2, 7, 8, -22, 6, 6, 15, -3, 12, -5, -17, 6, -31, 7, -8, -3, -9, -6, -22, 17, 4, -1, -16};
weight_hh[38] = {13, -20, -20, 4, -18, -7, 18, 7, -16, -1, 8, -4, -7, 19, 4, -12, 8, -7, -2, -11, -7, 28, 2, 1, 5, 13, -9, 4, 12, -13, 3, -8, -14, -7, 2, -1, 3, -13, 21, 10, -27, -4, 1, 1, 0, 7, 0, -2, -1, 17, 2, -6, -29, -1, -1, -14, 1, -6, -26, -3, -1, -1, 11, -13, 8, -9, 1, -4, 2, 25, -1, -8};
weight_hh[39] = {-2, 7, -40, -6, 1, 3, -10, -1, -15, 2, -6, -11, 31, 13, -41, -27, -41, -40, 15, -6, -36, -8, -1, 36, 65, -3, 16, 9, 0, -27, 45, 30, 10, 20, 22, -7, -2, 17, 10, -7, 11, 5, 4, 4, 5, -5, 9, -53, -4, -19, 0, -18, 22, -4, -3, 15, 5, 8, 25, -14, -3, -14, 2, 34, -26, 17, 3, -18, 44, -9, -4, 20};
weight_hh[40] = {-18, -4, -23, -5, 23, 7, -21, -9, 26, 14, -8, 12, 2, 3, -20, -10, 1, -9, -5, 17, 1, -1, 17, 23, 12, -5, 7, -11, -19, 12, 4, 5, 28, -15, 17, 6, -18, 20, -30, -25, 21, 5, -2, -2, -5, 1, 2, -20, 2, -14, 7, -9, -15, 2, 2, -5, -3, 2, 24, -17, 2, 16, 26, 14, -16, 2, -2, -13, 14, -21, 1, -8};
weight_hh[41] = {-40, -7, 24, -3, -10, -11, -44, 6, 10, -5, -22, 6, 12, 15, -5, -9, 40, 37, -14, 0, 21, 26, -15, 21, 6, -5, -3, -2, -9, -12, 3, -4, 0, 25, 17, 6, -13, 37, -35, -13, -25, -1, -3, -3, -2, -36, -4, 18, 3, -10, -33, -6, 10, 3, 3, -2, -3, -1, -46, 8, 3, -3, -24, -13, 16, 17, -3, 4, 15, 5, 3, -11};
weight_hh[42] = {-3, -1, -2, -6, -4, 0, -11, 3, 15, -3, -6, 9, 7, -6, -2, 4, 10, 6, -11, -1, 2, 9, -5, 9, 7, -5, -2, 2, -8, 7, 4, 1, 11, 0, 9, 2, -7, 4, 2, -9, 9, -3, -3, -3, -17, -2, -1, 9, 3, 7, -7, -3, -6, 3, 3, 7, -3, -2, 7, -15, 3, 1, -7, 4, 3, 3, -3, -5, 6, -3, 5, 2};
weight_hh[43] = {4, 2, -5, 2, 8, 1, 3, -6, 0, 3, 33, -5, -4, 6, -2, -3, 0, 8, 20, 1, -5, -6, 5, -5, 12, 8, 3, -2, 11, 1, 3, 4, 14, -7, -1, -7, -3, 1, 9, -2, 1, 6, 2, 2, 4, 5, -1, 8, 0, 7, 23, -4, 4, -1, -1, -2, 4, 7, 20, 1, -1, 10, 2, -8, 9, -16, 1, -4, 2, 9, -1, -7};
weight_hh[44] = {1, 9, -35, -10, -5, 5, -15, -14, 8, -6, 4, 9, -3, -25, 17, -26, 9, -15, 0, -10, 3, -17, 0, -1, 17, 9, 1, -2, -13, -25, -7, 31, 1, 9, 30, 0, -15, 20, -16, 0, -17, 10, -1, -2, -6, 59, -4, 11, 0, 5, -3, 10, 15, 1, 3, 28, -1, 4, 13, 26, 1, -5, 36, 3, -12, -27, -3, -19, -11, -17, 2, -3};
weight_hh[45] = {-13, -4, -5, -20, 11, -6, -15, 12, 27, 19, 12, 8, -3, -11, -2, -6, 12, 2, -4, 1, 13, 21, -6, -20, 10, 20, 28, 12, -17, 27, 21, 17, -10, -24, 37, 2, -24, 24, -8, -10, 23, -9, -8, -6, -8, -22, 18, -6, 6, 27, -31, -3, -7, 5, 8, 16, -2, 24, 13, -16, 5, -33, -3, 40, 9, 15, -5, -1, 15, -4, 6, -9};
weight_hh[46] = {7, -10, -13, -17, -8, 4, 5, -9, -11, -7, 29, 18, 22, -25, -25, 5, -8, -3, 8, -3, -12, -12, 19, -16, 31, -14, 0, 2, 20, 9, 2, 35, 14, -36, 0, 0, -22, 29, 0, 9, 15, -5, -3, -4, -3, -9, 4, -12, 4, 3, 14, 0, 26, 4, 3, 8, 0, 45, 17, 0, 3, 25, 8, 1, -18, -29, -3, -8, 13, -15, 0, -4};
weight_hh[47] = {9, -16, -17, -27, -22, -8, 37, 17, -23, 7, -2, -14, 13, -33, 26, -4, 15, 8, 18, -1, 8, 7, 15, 32, -11, 9, -16, -12, -13, 36, 6, -20, -7, 6, -32, -11, -13, 6, 16, -4, -12, -8, -6, -6, 20, 14, -1, -20, 6, -18, 6, 1, -29, 6, 6, 13, -4, 37, -22, -6, 6, -28, 19, 9, -9, 12, -6, -1, -6, 14, -6, -3};
weight_hh[48] = {12, 2, 4, -20, -3, 10, 18, -5, -12, -8, 9, 7, 48, 34, 12, -4, -18, 31, 8, -24, 1, -22, -7, -9, 13, 30, -10, -12, -7, 2, -28, -25, 11, -23, -19, -5, 8, 12, 18, -21, -21, 3, -4, -1, 1, 17, 43, -28, 4, -24, -2, -20, 15, 1, 1, -46, -1, -1, 2, 2, 4, 31, 8, -4, 43, -8, -2, 8, 5, -9, -2, -21};
weight_hh[49] = {20, -3, 14, -29, 1, -8, 15, 7, -11, 10, 29, -9, -6, -26, -10, -11, 13, -16, 7, 20, 9, -41, 22, -19, -23, 1, 8, -8, 14, -1, 17, 13, -9, 34, -15, -1, -5, 3, 6, 27, -43, -3, 0, -1, -4, -13, 18, 3, 1, 1, -6, 6, -15, 1, 1, -11, 0, 19, 19, -1, 1, -17, 24, -13, 5, -1, 0, -17, -12, -15, 1, -17};
weight_hh[50] = {-7, -20, -11, 9, -3, -9, -4, 31, 32, 13, 29, -31, -12, -24, 34, -5, 26, 18, -18, 28, -16, -2, 32, -16, -1, 36, 2, -5, -25, -1, -6, 4, 15, -8, 29, 5, -47, 21, 10, 6, 20, -8, -8, -9, 11, 30, 6, 20, 9, -2, 52, -8, -18, 9, 9, 40, -7, 27, -1, -1, 9, 19, 12, -19, -3, 6, -8, 9, 7, 0, -7, -54};
weight_hh[51] = {12, 1, -16, -7, -15, 0, -30, -24, -4, -9, 7, -3, 0, -1, 15, 2, -26, 15, 0, 18, 8, -33, 0, -8, 9, 0, 27, -11, -5, 11, 8, 11, 48, 16, 25, -3, -13, -43, 0, -14, 19, 35, 2, 2, 8, 0, 18, 17, -2, -11, 29, -13, -18, -2, -2, -7, 3, -10, 23, 0, -2, -21, 7, 29, -8, 3, 2, 30, -27, 14, -4, -22};
weight_hh[52] = {66, -3, 29, -39, -60, -29, 27, 26, -12, -5, -8, 12, 20, 19, -25, -20, -54, 39, 2, 16, 8, -5, 16, -3, 22, 11, -4, -1, -4, -12, 31, -14, -30, 0, -40, 9, -57, -8, -54, 2, 5, 9, -17, -11, 8, 10, 11, 29, 5, -9, 21, -14, 2, 12, 15, 26, -8, 55, -23, 22, 14, 59, 29, -18, -22, -7, -17, 27, 1, 30, 5, -18};
weight_hh[53] = {5, -23, 11, -1, -9, -5, 6, 3, 7, 8, -2, -5, -8, 7, 12, -8, -4, -1, -7, 4, 14, 3, 11, -9, 5, 5, 3, 19, 3, 1, 2, -5, -7, -12, 7, 5, -4, 12, -3, -10, -11, -9, -8, -8, -4, -6, 7, 9, 8, 9, -7, -6, -2, 8, 8, -13, -7, -2, 11, -8, 8, 9, -3, 5, 6, 1, -8, 5, 4, -4, 4, -15};
weight_hh[54] = {-16, -18, -25, -21, 28, 1, 2, -5, -2, 20, -8, 15, 1, -7, -39, 0, -15, -13, -6, 9, 7, -42, 6, 3, 33, -16, 25, 19, -4, -2, 27, 20, 4, -24, 13, 0, -16, 13, -5, -10, 16, 0, -5, -5, -3, 6, 28, 8, 4, -1, -13, 5, -28, 5, 5, 7, -3, 8, 28, -9, 5, 17, 8, -12, -27, 15, -4, -1, 9, 30, 3, 3};
weight_hh[55] = {-40, 2, -9, 1, -12, -10, -13, 0, -7, 5, -2, 15, -2, -10, -16, 14, 1, 25, 0, -2, 24, -17, 2, -12, 27, 16, -25, -34, 4, 15, -6, 9, 16, 19, -2, 10, -10, -3, 10, -24, 27, -13, -13, -13, -3, -9, 4, -16, 13, 31, 6, 12, 9, 11, 15, -21, -13, 16, 15, 13, 14, 9, 0, 18, 15, -38, -13, -16, -10, 5, 11, 16};
weight_hh[56] = {-1, -17, -48, -54, -31, -12, -3, 10, -5, 26, 3, 15, 11, -26, 17, 12, -20, -14, 1, 10, -58, 47, 1, 0, -1, -27, 12, -31, -15, 22, -58, 37, 13, -6, 18, -1, 0, 1, -5, 3, 8, -4, 0, 0, -2, 7, 19, -31, 0, -21, -2, -12, 39, 0, 0, -43, 1, 12, -2, 35, 1, -24, 23, 10, -19, 6, 0, 20, 0, -28, 2, 23};
weight_hh[57] = {-2, 1, -9, 9, 8, 4, 0, 24, 22, 17, 8, -2, 1, 12, 0, 7, 4, 8, 6, 18, 9, -11, -10, 0, 11, 1, 3, -2, -7, -5, 10, -2, 0, 3, 31, 5, -7, -3, 6, -13, 1, 1, -8, -8, -10, 11, -16, 2, 8, -6, 4, 0, 9, 8, 8, -3, -8, -5, 8, -9, 8, 1, -9, -10, 1, 5, -8, 2, -8, 9, 7, -4};
weight_hh[58] = {-6, -5, 14, 5, -6, 4, 7, 6, 11, 19, 1, -4, -1, 4, 5, 4, 2, 5, -4, 12, 0, 0, 0, 5, 5, 7, 7, -1, -8, 10, 8, 0, -15, -9, -15, 3, -11, -2, 12, -8, -5, -16, -7, -7, 3, 9, -26, -6, 7, 3, 0, 10, 0, 7, 7, 2, -7, 9, -14, 3, 7, 3, -9, -1, 5, 23, -7, 8, -11, 10, -1, -12};
weight_hh[59] = {20, -5, -1, -9, -8, -7, 13, -7, -9, -3, -1, -13, -29, 34, 22, 1, 12, 13, 8, -18, -12, 26, 14, -31, -8, 8, 4, -7, -9, 2, 39, -4, -6, -14, -41, -8, -4, -23, -13, -8, -29, -26, 6, 6, 6, -31, 3, 5, -6, 11, -15, 47, 50, -6, -6, -11, 8, 8, -20, 50, -7, 12, 20, -9, 12, -3, 6, 49, -1, 5, -6, 2};
weight_hh[60] = {-18, 4, 2, -45, 2, -12, 24, 2, -23, -31, -7, 35, -2, -7, -7, 9, -7, -17, 1, -7, 13, -15, -15, 3, -1, -11, 16, -18, -16, 2, 31, 15, -2, 6, -62, -5, -51, -2, -18, 2, -8, 35, 0, -2, -11, 21, -10, 6, -6, 16, -18, 17, -9, -4, -5, 9, 5, 80, -9, -31, -3, 1, 8, 14, 11, 12, 4, -31, 0, -15, -19, -17};
weight_hh[61] = {27, -14, 9, -18, -25, -20, 7, 16, 18, 21, -4, -20, -13, 0, 29, -6, 26, 1, 0, 3, 5, 10, -27, -7, -3, -17, 8, 14, 8, 10, 13, 6, -21, -20, 30, 0, 4, -19, -37, -11, -22, 14, 1, 4, -8, -26, -13, -22, -2, -5, -47, 9, -2, -3, -4, 14, -1, 3, -21, -19, 0, -30, -13, -3, -24, 20, 3, 47, -24, 22, -5, 16};
weight_hh[62] = {14, 0, -7, -10, 8, -11, 7, 6, 1, -10, -12, -5, -23, 10, -3, -1, 4, 2, 9, -24, -4, 13, -5, 4, 24, -14, 2, 26, -3, -3, -14, -3, -20, 1, 3, 4, -5, 3, 7, -9, 1, 1, -7, -7, -4, -17, -19, -4, 7, -14, -27, 15, 13, 7, 7, 13, -6, 2, -5, -10, 7, 15, -13, -5, -23, -11, -7, 20, 4, 1, -2, 24};
weight_hh[63] = {27, 3, 6, 18, 2, -8, -7, 4, 1, 17, -2, -8, -1, 3, 9, -20, -18, 7, -6, -10, 13, 4, -7, 2, -10, 7, -9, 8, 7, -14, 1, -5, -16, 5, 2, 10, 3, -12, 17, -2, -18, -16, -12, -12, -4, -2, -5, -2, 12, -4, -4, 0, -11, 12, 12, -6, -12, 5, 1, 1, 12, -7, 35, 7, 10, 16, -12, -7, -1, -3, 10, 7};
weight_hh[64] = {-5, -4, -14, -7, -9, 5, 17, -28, -3, 0, -1, -3, -12, 7, -12, 18, -2, 5, -3, 10, -16, 2, -7, -18, 10, 11, 11, -2, -5, -3, 17, -2, 19, -4, 14, 10, 1, 6, -19, -18, 10, -1, -11, -11, -4, -15, -31, 7, 11, 14, -18, 2, 24, 11, 11, 1, -11, -3, -4, 13, 11, -13, -36, 16, 7, -8, -11, 1, -22, 10, 11, -5};
weight_hh[65] = {-24, 0, -1, -51, -10, 5, -11, 12, 25, -2, -12, -5, -31, 6, -42, -12, -70, 5, 0, -7, 26, 21, -2, 39, 0, -24, 30, 72, -33, 19, 46, 0, 1, -29, 11, -3, -36, -13, -6, 0, 45, 2, -1, 0, 4, -101, 72, 34, -2, 22, -1, -10, -37, 0, -1, -46, 0, 12, -3, -12, 1, -12, -48, -20, 45, -1, 1, 14, 19, 23, 0, -23};
weight_hh[66] = {-10, -8, 0, -9, 6, 3, -5, -4, 0, -4, -12, 5, -4, 3, -6, 1, -1, 8, -4, -4, -4, 8, -1, 3, 13, 4, -4, 3, -13, 2, 11, 0, 6, 0, 6, 0, -8, 0, -6, -11, 3, 1, -6, -6, 2, -5, -5, 4, 6, 15, 0, -1, 6, 6, 6, -9, -6, 7, 2, -2, 6, 17, -3, 5, 0, 2, -6, -1, 2, 12, 0, 8};
weight_hh[67] = {-3, 9, 15, 19, -4, -5, -1, 11, 3, 28, -3, 16, -6, -9, 7, 3, -8, -11, -29, 4, 16, -16, -9, -2, -14, -7, -2, 15, 8, -1, -4, -13, -8, -5, 5, 12, 9, -19, 22, 7, -7, -10, -4, -4, -54, 9, -2, -5, 4, 3, -10, 14, 2, 4, 4, -2, -4, -9, -29, 3, 4, -8, 3, -18, -13, -3, -4, 3, -4, -2, 7, -6};
weight_hh[68] = {9, -8, 1, 5, -2, -4, 3, 10, -8, 8, 0, 1, 6, -2, 7, -7, -4, -3, -2, -4, 3, 2, 1, -5, -6, 0, 5, 8, 0, -1, -8, -6, -6, -9, 3, 8, 4, 0, 5, 3, -8, -8, -9, -9, -7, 2, -4, -6, 9, -3, -4, -2, 0, 9, 9, -9, -8, -2, -2, 5, 9, -5, 7, 0, -5, 1, -9, 8, 5, -1, 9, -1};
weight_hh[69] = {-11, 13, -9, 4, 3, 1, 20, -15, 37, 2, -13, -6, -16, 8, -29, 16, 3, 11, -7, 19, -15, 12, -28, 8, -5, -11, -25, 0, -12, -8, -13, 7, -16, 11, 12, 1, 12, -20, 20, -15, -4, 5, -1, -1, -5, -13, -25, -6, 1, 5, 3, -9, 9, 1, 1, 2, -2, -14, -31, -7, 1, -46, -35, -23, 6, 18, -1, -37, -4, 8, -2, 9};
weight_hh[70] = {55, 15, -6, 1, -8, -5, 15, -4, 9, -8, 34, -30, -6, 11, 34, -3, 6, 39, 7, 4, -18, -3, 14, 25, 4, 5, -8, -8, 21, 35, -11, 1, 41, -38, -20, -4, -3, -22, 24, 17, -37, 26, 5, 3, 5, -17, 21, -8, -4, -5, -6, -19, 10, -4, -3, -38, 4, 18, 10, 12, -4, -17, 18, -25, 11, 11, 4, 44, -14, 36, -20, -4};
weight_hh[71] = {2, -8, 8, -7, -5, 5, 5, 4, -4, -1, -5, -1, -2, 10, -4, -5, 3, 10, -5, -3, -8, 6, 0, -8, 7, 5, -2, 2, -2, 3, 0, 2, -2, -4, -8, 1, -5, -3, -6, -4, -3, -1, -1, -1, -2, -8, 9, 11, 1, 8, 4, -6, -2, 1, 1, -1, -1, 10, -1, -3, 1, 11, -1, 2, -1, 6, -1, -3, -7, 7, 0, 5};
weight_hh[72] = {-19, 21, 57, 44, -20, -7, 3, 14, 16, 10, -36, 14, -11, 0, 32, 7, -33, 7, -13, -47, 30, 12, -1, 33, -6, 29, -27, -28, 6, 5, 27, -32, 0, -16, -3, 7, 20, -1, 39, -56, -5, 7, 0, 0, -22, -19, -14, 20, 3, -27, -20, 34, 9, -1, -1, -12, -2, -34, -74, 26, -1, 10, -2, 3, 25, -18, 3, -5, -4, -2, -8, 32};
weight_hh[73] = {6, 7, 8, -4, -10, -3, 11, 13, -11, -7, 10, -9, -1, 7, 7, 0, 5, 6, 9, -3, 2, -11, 1, 2, 2, -6, 2, -2, 7, -1, 1, 5, -3, -4, -7, -13, -3, -2, 3, 12, -7, 5, 13, 13, 8, -2, -1, 0, -13, -8, -1, -4, 4, -13, -13, 3, 13, 1, -12, -3, -13, 5, 6, -12, -9, -6, 13, 4, 0, 9, -5, 2};
weight_hh[74] = {40, 9, -19, 16, 2, -9, -1, 71, 31, 63, 66, -8, -9, 56, 11, 2, -28, 51, 19, -22, -39, -15, 19, -19, -6, 41, 11, 15, 53, -29, -48, -13, 10, 23, 9, 0, 34, -12, -27, 9, -38, -5, -7, -3, -5, 28, 48, -19, 8, -17, -24, -40, -14, 3, 6, -5, 2, -52, 12, -8, 3, -12, 0, 15, -14, 25, -9, 55, 6, 16, 31, 39};
weight_hh[75] = {16, -4, -44, 16, 1, 24, -27, -31, -6, 6, 15, 8, 31, -15, -21, 11, -47, -14, 11, -2, -16, -28, 21, 3, -15, -2, 55, -10, 2, 34, 23, 47, 42, 26, 11, -1, 3, 50, -42, -16, 64, 14, -1, -8, 0, 7, -22, -30, 0, -15, 15, -49, 5, 10, 1, -6, -2, 35, 16, -17, 3, -16, -39, 33, -59, -35, -5, -27, 14, -29, 13, -15};
weight_hh[76] = {16, -11, -27, -4, -7, 34, -35, -17, 20, 2, -1, -6, -12, -33, 2, -36, -20, 30, -14, 5, -17, -6, -23, -42, 2, 70, 31, 24, 10, 41, -12, 62, 38, -12, 7, 19, 11, -7, 3, 15, -23, -5, -16, -16, -29, -9, 4, -3, 16, 33, -13, -11, 6, 16, 16, 47, -18, 16, 30, 46, 16, 2, -21, -8, -12, -9, -16, -22, -21, -49, 0, 4};
weight_hh[77] = {-3, 2, 1, -2, 1, 0, -2, 0, 1, -3, -1, 0, -3, 0, -2, 2, 3, 0, 0, 1, 3, 1, -2, 3, 1, 0, -3, -1, -1, 2, 3, 2, 0, 1, 0, -3, -2, -1, 1, -1, 0, 3, 3, 3, 2, -2, 0, 1, -3, 1, -1, 1, 2, -3, -3, -1, 3, 1, -2, -3, -3, 3, -3, -1, 0, 0, 3, 1, 1, 0, -3, 1};
weight_hh[78] = {-20, 43, -51, 0, -17, 6, 116, -26, -18, -28, 13, -12, -10, -3, -10, 56, 28, 54, 11, 18, 23, -52, -24, 28, 13, -36, -104, -10, 5, -21, -48, -68, 21, 45, -10, -3, 44, 2, 24, 7, -15, 29, 1, 1, 3, -32, -61, -41, -1, -35, -15, -42, 54, -1, -1, 27, 3, -28, 0, -57, -1, -28, -25, -47, -57, 6, 1, 23, 23, 7, -4, 30};
weight_hh[79] = {7, 6, 39, -26, 2, 15, 28, 2, 8, 6, -21, 21, -34, -2, -58, 47, 14, -14, -15, -38, -3, -43, -5, 30, 0, -1, -5, -42, -34, 30, 27, 29, 9, 8, 0, 16, -1, -11, -2, 5, -2, -18, -8, -8, -23, 28, -4, 17, 9, 23, -20, 48, -19, 12, 10, 35, -9, 39, -11, -9, 10, 50, 32, -27, 22, 18, -10, -9, 33, -36, 11, -14};
weight_hh[80] = {4, -5, 9, -46, -4, 0, -40, -10, 8, 10, -1, 29, -13, -2, -44, 5, -6, 19, -6, -13, 8, -8, -20, -19, -28, -21, 21, 30, -7, 18, -14, -28, -30, 2, -14, 7, -46, -75, -6, -3, 35, -8, -19, -12, -5, -3, 12, 21, 8, 6, 1, 42, -37, 13, 19, 10, -9, 7, -14, 0, 14, 19, 18, 22, -25, -3, -10, 24, -36, -1, 9, 30};
weight_hh[81] = {-28, -7, -17, -23, 21, 10, -28, -13, 14, 18, -11, 3, 70, -16, -43, -6, -44, -35, -10, 17, 23, -41, -25, 19, 0, -5, 27, 30, -5, -6, -16, 18, -6, -27, -13, 4, -2, 21, -12, -30, 3, 12, -2, -8, -15, -16, 124, -36, 4, 14, -6, -12, -77, 9, 11, -42, -9, -11, -16, 17, 12, -10, 89, -5, 1, 11, -12, -31, 21, 4, 4, 34};
weight_hh[82] = {54, 12, -61, 63, 8, -6, 23, 26, -11, 19, 20, -17, -14, 56, 28, 5, -6, 13, -1, 10, -2, -25, 8, -12, 41, 11, 14, 15, 5, -42, -20, 2, 32, 10, 44, 19, 28, 83, -6, 20, -30, -24, -14, -13, -20, -16, -22, -3, 16, 0, -11, -66, -41, 23, 14, 0, -9, 23, 32, 0, 14, 51, -10, 5, -54, -16, -13, -29, 9, -22, 46, -25};
weight_hh[83] = {-2, 3, 2, -2, 1, 0, -2, 0, 1, -3, -1, 0, -3, 0, -1, 2, 3, 1, 1, 2, 3, 1, -2, 4, 1, -1, -3, -1, -1, 3, 3, 2, 1, 1, 0, -3, -2, -1, 2, -1, 0, 3, 4, 4, 2, -2, -1, 0, -4, 1, -1, 0, 3, -4, -4, -1, 4, 1, -2, -3, -4, 3, -3, -1, 0, 1, 4, 2, 1, 0, -4, 1};
weight_hh[84] = {10, -24, -49, 37, -8, 8, 49, 18, 37, 14, -24, 20, -15, -6, 7, -3, -23, 20, -7, -5, -2, 21, -31, 45, 13, -34, 62, 20, -41, 17, 53, 18, -8, 11, 32, 15, 22, -26, -1, -31, 41, -15, -7, -19, -14, 4, -9, -46, 18, -10, 86, 22, 1, 18, 8, -16, -14, -18, -10, -34, 7, -5, 1, 27, 20, 14, -17, 45, 56, -2, 9, -4};
weight_hh[85] = {11, 27, 34, 20, 5, -21, -1, -3, -12, -10, 11, -7, -66, -33, -27, -6, 9, 29, 8, -37, 14, 2, 8, 8, -14, -12, -9, 19, 8, -3, -37, -21, 12, 27, -30, -5, 3, -32, -8, 1, -16, 6, 4, 5, 8, 37, 5, 3, -2, 33, 28, -19, -12, -4, -2, -27, 4, 7, -55, 8, -3, -8, -15, -20, 20, 5, 5, -2, 16, 39, 16, -11};
weight_hh[86] = {3, -12, -36, -12, 30, -38, 3, 9, 19, 25, -28, 4, 19, -3, 2, -5, 0, -21, -23, 19, 25, 47, 6, 0, 38, -7, 15, 14, -15, 1, 9, -12, -12, 0, 5, 34, -16, -8, -14, -14, -5, -25, -42, -37, -27, 6, -6, 1, 35, 28, -22, -7, -1, 38, 33, 7, -35, 0, 23, 2, 42, 9, 1, 0, -8, 8, -45, 23, 15, 22, 29, 15};
weight_hh[87] = {-3, 1, 2, -2, 2, 0, -3, 0, 3, -2, -3, 1, -3, 2, -2, 2, 2, 1, -1, 4, 2, 2, -3, 2, 2, -1, -3, -1, -3, 2, 3, 2, 1, 2, 0, -2, -2, 0, 0, -4, 2, 2, 2, 2, 2, -2, -1, -1, -2, 2, 2, 2, 2, -2, -2, -1, 2, 1, -1, -3, -2, 3, -4, 1, 1, 2, 2, 1, 0, 0, -3, 1};
weight_hh[88] = {24, -7, 63, 44, -9, -18, 23, -23, 16, 25, -19, 10, -35, -26, 32, 7, -8, -22, -20, -40, -22, 17, -7, 14, 22, -6, -45, 15, -26, -17, -1, -26, -17, -14, -17, 16, -27, -58, 10, -47, 23, -11, -12, -19, -22, -9, -9, 32, 16, -5, 19, 15, -43, 18, 14, 15, -13, -11, 14, -21, 12, 14, -1, -8, -3, -23, -18, -15, -79, -4, 26, -16};
weight_hh[89] = {-3, 2, 2, -2, 2, 0, -3, 0, 2, -3, -2, 1, -3, 0, -1, 2, 3, 0, 0, 1, 3, 1, -3, 4, 1, 0, -3, -1, -2, 3, 4, 2, 1, 1, 0, -3, -2, -1, 1, -2, 1, 3, 3, 3, 2, -2, -1, 1, -3, 2, -1, 0, 2, -3, -3, -1, 3, 1, -2, -4, -3, 3, -4, 0, 1, 0, 3, 1, 1, 0, -3, 1};
weight_hh[90] = {-3, 2, 2, -2, 2, 0, -2, 0, 1, -2, -1, 0, -3, 0, -1, 2, 3, 0, 0, 1, 3, 1, -3, 3, 1, -1, -3, -1, -2, 2, 3, 1, 0, 1, 1, -3, -2, -1, 1, -2, 0, 3, 3, 3, 2, -2, -1, 1, -3, 2, 0, 1, 2, -3, -3, -1, 3, 1, -2, -3, -3, 3, -3, 0, 1, 0, 3, 1, 1, 0, -3, 1};
weight_hh[91] = {-21, 4, -6, -46, -20, -16, 9, -10, 5, -8, -13, 9, -2, -12, -31, 17, 6, 2, -4, 6, 52, -6, 4, -7, 4, 13, -8, 3, -6, 45, -5, 8, 3, 0, -18, 13, -10, -34, -20, -16, 26, -2, -14, -15, -4, -25, 21, -19, 16, 48, -11, 3, 34, 21, 20, -6, -15, 16, -17, 6, 19, 4, -33, 1, 3, -9, -19, -3, -31, -6, 8, -12};
weight_hh[92] = {13, -10, 0, 6, -4, -1, -10, 6, 2, -2, 18, 1, 7, 28, 1, 6, 5, -6, 5, 19, -4, -31, 26, 53, 29, -22, 1, -3, -10, 12, 15, 11, -15, 27, 1, -6, -25, 19, 5, 15, -16, -13, 9, 9, -6, 10, -11, -14, -9, 5, -19, -17, -21, -9, -9, -2, 8, 20, 2, 11, -9, -10, 19, -4, -1, 23, 9, -26, -4, -1, -4, -28};
weight_hh[93] = {-23, 14, -7, -31, -37, -19, -10, 44, 30, 19, -3, 3, -13, 57, 3, 4, 4, -2, 4, -13, 21, 18, -11, -4, -27, -9, -1, 28, -7, -24, 41, -18, -14, -22, 22, -12, -17, -2, -22, -5, -16, -9, 13, 13, -10, -23, 2, 33, -13, -9, 4, -7, -7, -13, -13, 14, 13, -16, -47, 18, -13, 7, 6, -26, 10, 18, 13, 5, -10, 8, 6, -15};
weight_hh[94] = {11, 1, -11, 2, 16, 20, -11, -18, -30, 10, 19, 24, 7, -19, -20, 10, -18, -17, 7, -33, 14, 24, 9, 12, -20, -2, -10, -2, 21, 8, -8, -19, 0, -6, -32, 6, 21, 0, -3, 15, 12, 4, -4, -3, -16, 9, -3, 16, 4, 14, -40, -15, 0, 5, 5, -4, -4, 6, 20, 0, 4, 8, -5, 10, -20, -14, -5, -18, 13, -18, 4, 32};
weight_hh[95] = {-3, 2, 2, -2, 2, 0, -2, 0, 1, -3, -1, 1, -3, 0, -2, 2, 3, 0, 0, 1, 3, 1, -2, 4, 1, -1, -3, -1, -2, 2, 3, 2, 0, 1, 0, -3, -2, -1, 1, -1, 0, 3, 3, 3, 2, -2, 0, 1, -3, 2, -1, 1, 1, -3, -3, -1, 3, 1, -2, -3, -3, 3, -3, 0, 1, 1, 3, 1, 1, 0, -3, 1};
weight_hh[96] = {28, -21, 18, 25, 6, -8, -32, -4, 28, -1, -21, -12, 0, 46, -27, -25, -40, 24, -8, -9, -29, -26, -18, 16, 12, 25, -20, 6, -19, -22, 49, 13, -19, -1, -13, -1, 1, 5, -29, -29, -2, 19, 0, 0, -4, 32, 21, 3, 0, 5, -3, -43, -73, -1, 0, 8, 0, -9, -20, 10, 0, 27, 52, 23, -19, -9, 0, -22, 46, -11, 0, 14};
weight_hh[97] = {-104, 5, -6, -10, -44, -6, -39, 12, 28, 7, -38, 13, 57, 18, -18, 14, -17, -30, -17, 15, -10, 8, -19, -3, 12, 59, -38, 15, -30, -22, 16, 5, 8, 26, 8, 12, -18, -10, 16, -65, 17, -2, -8, -10, -13, 9, -8, -30, 12, -34, 21, 21, 6, 7, 5, 36, -4, 44, -3, 5, 11, -26, 39, -27, 37, -4, -14, 10, -42, 8, 6, 5};
weight_hh[98] = {14, 27, -28, 9, 37, -2, -14, 1, 30, 8, -24, 18, -55, 55, -11, 1, -62, 27, -30, 15, -2, -27, -21, -18, 12, -9, 16, 2, -40, -11, 20, 56, 16, -3, 10, 13, -21, 8, -27, -44, 93, -29, -14, -13, -9, 20, 56, 18, 20, -24, -31, -22, -11, 13, 15, -76, -17, -10, -13, -31, 20, -7, 26, -8, 17, 35, -18, -4, -2, -35, 10, 7};
weight_hh[99] = {-6, 14, 2, -11, 7, -3, 6, 20, 13, 28, 10, -7, 2, 7, 1, -1, 11, 15, 0, -2, 31, -27, 5, 11, -18, 10, 0, -1, -6, 13, 21, 15, -1, -10, -3, -9, -19, -10, 21, 12, -11, -15, 13, 13, -9, 3, -2, 1, -13, -5, -17, 1, 4, -13, -13, -7, 12, 5, -21, -14, -13, 4, 19, -9, -18, 12, 13, 5, -14, 13, 15, 0};
weight_hh[100] = {-3, 2, 2, -2, 2, 0, -3, 0, 2, -2, -2, 1, -3, 1, -2, 3, 3, 0, -1, 2, 3, 2, -2, 4, 2, -1, -3, -1, -3, 2, 3, 2, 1, 2, 0, -2, -2, 0, 0, -3, 1, 3, 3, 3, 2, -2, -1, 1, -3, 2, 0, 1, 2, -3, -3, -1, 3, 1, -2, -3, -3, 3, -4, 1, 1, 1, 3, 1, 0, 0, -3, 2};
weight_hh[101] = {-3, 1, 2, -1, 2, 0, -2, 0, 2, -2, -2, 1, -2, 0, -1, 2, 2, -1, -1, 1, 3, 2, -3, 3, 1, 0, -3, 0, -2, 2, 3, 1, 0, 1, 1, -2, -1, -1, 1, -2, 1, 2, 2, 2, 1, -1, -1, 1, -2, 2, 0, 1, 1, -2, -2, -2, 2, 0, -1, -3, -2, 3, -3, 0, 1, 0, 2, 1, 1, 0, -2, 1};
weight_hh[102] = {74, -6, -43, -74, -95, -35, 61, 46, -17, -18, 37, -7, 13, 34, -21, -14, -44, 7, 6, -57, 48, 7, 11, -11, 13, -20, 33, 39, 2, -83, 75, -22, -24, -14, 36, -2, -42, -39, -24, 14, 17, 2, 4, 4, 8, -12, -4, 69, -4, 9, 40, 24, 20, -4, -4, 51, 3, -17, -47, 75, -4, -7, 1, -33, 11, -25, 4, -16, 7, 86, 2, 7};
weight_hh[103] = {15, -8, 5, 38, 23, 2, 50, -7, -14, 4, 12, -7, -31, -11, 36, -27, 4, -18, 0, 8, -33, 35, -14, -36, -13, 13, -61, 1, 12, 1, -10, 22, -6, 28, 3, 11, -12, -8, -2, -9, -53, -7, -7, -4, -5, 2, -49, -14, 10, 33, 29, -2, 17, 10, 11, -30, -4, 11, 25, -21, 8, 7, -40, 50, 26, -22, -6, -32, -24, 8, 9, -3};
weight_hh[104] = {-38, 3, -7, 6, -15, 11, -9, -9, 18, 2, -26, 24, 8, -4, 7, 30, 24, -14, -3, 11, 38, 9, 3, 8, -6, -28, 6, -19, 13, 1, -20, -5, -3, 23, 6, 2, 9, 41, -3, -3, 11, -7, -1, -1, 1, -1, 4, 11, 1, 4, -38, 29, 3, 1, 1, 23, 0, -4, -20, 1, 1, -10, -14, -12, 15, 20, -1, 2, 12, -5, 0, -15};
weight_hh[105] = {10, -7, 5, 24, -7, -21, -14, 9, 1, 16, 7, 8, -6, 34, 24, -33, -31, 29, 8, 28, -14, -23, 18, -24, 25, 26, -30, 29, 7, -20, -30, 3, -7, 11, 15, -2, 21, 20, 40, 3, -29, -12, -15, -6, -7, -17, -2, -7, 16, -22, -15, -16, -18, 7, 6, 3, 5, -18, 6, -6, 9, 31, 0, 7, -28, 14, -10, 3, -26, 57, 26, -10};
weight_hh[106] = {21, 2, 3, 19, 9, 7, -9, 5, -23, 27, 32, -21, -35, -57, 23, 2, -18, -27, 8, -56, 36, 38, -10, -15, 3, 13, 16, -18, 41, -11, -13, -29, 23, -7, -16, -5, 2, -70, 9, 42, 55, 2, 7, 3, -1, 22, 6, 13, -1, 68, 4, 49, 1, -5, -5, 18, 10, 7, 50, 24, -5, 23, 24, -22, -17, 30, 7, -10, 5, -17, 14, -20};
weight_hh[107] = {-34, -26, -3, -5, -13, 0, 4, 14, 25, 21, 1, 14, -21, -38, -4, -16, 5, -8, -27, -35, -7, 38, -5, 19, -23, -18, 0, -15, -32, 31, 14, 12, -13, 0, -6, 32, -78, 4, 5, -13, -3, -23, -36, -37, -26, 7, -20, 5, 27, 42, -14, 10, -13, 28, 36, -7, -32, 9, -13, -26, 34, -15, -1, -3, -1, 10, -26, -4, 2, 23, 34, -9};
weight_hh[108] = {2, 10, 0, 3, -2, -1, -1, -3, 7, 2, 4, 1, -5, 4, 2, 1, -1, 6, 2, 4, -2, -3, 4, 6, -3, -2, -6, -3, 7, 2, 4, 1, 3, -1, -1, -8, 3, 1, 7, 8, -8, 1, 10, 10, -3, 0, 6, -7, -10, -7, 2, 0, 8, -10, -10, -3, 9, 0, -7, -1, -10, -4, 4, -2, -1, 5, 10, 3, -2, -5, -2, 3};
weight_hh[109] = {32, -8, -21, 17, 23, 5, 3, 4, 38, -15, -10, 0, -44, 11, 20, -2, -4, 28, -7, -27, -3, -3, -6, 11, -5, 30, -4, -15, -13, -1, -27, -14, -3, 23, 80, 13, 33, -20, 16, 1, 6, -2, -13, -14, -13, 31, -17, 10, 15, 18, 9, -10, 3, 10, 10, -2, -13, -47, 34, 29, 20, 36, 16, -5, -6, 18, -19, 13, 40, 0, 24, -8};
weight_hh[110] = {-4, 8, 0, -8, 16, -13, 33, -4, -20, 2, -31, 14, -25, -27, -22, 21, 1, 15, -5, 11, 15, 6, -28, -22, 10, 8, 6, -7, -16, 16, -63, 3, 0, 22, 11, 15, 12, -18, 4, -7, 62, 0, -18, -18, -4, -27, -14, -20, 19, -9, 3, 15, 33, 18, 18, 32, -16, -5, 32, -62, 19, 34, -77, 7, -27, -21, -17, 13, 6, 12, 12, 6};
weight_hh[111] = {17, 7, 20, -21, 40, 15, -2, 17, 9, -12, 6, -6, -13, -9, 2, -38, 38, -34, 3, -24, 71, 11, -27, -31, -36, -18, 13, 4, 15, 28, -14, -7, -49, -10, 5, -2, 18, -91, -14, -2, 17, 20, 0, 1, 3, 11, 11, 28, -1, 10, -5, 48, -24, 0, 0, -13, 1, -20, 12, -37, 0, 63, -14, -5, 25, -6, 0, -19, 8, 12, -14, 17};
weight_hh[112] = {22, 2, 51, 26, -8, 17, 22, 9, 26, 21, -12, 16, 43, -27, 33, -1, 24, 9, -12, -30, -4, 12, -11, 32, -6, 15, -19, -30, 18, 13, 1, -13, 6, 1, -10, 34, 15, 7, 36, -7, -81, -5, -23, -27, -26, -14, 3, -29, 18, 39, -2, 32, 82, 29, 23, 16, -23, -4, -27, 61, 29, 21, 52, -33, 56, 10, -20, 19, -33, -32, 20, -9};
weight_hh[113] = {-55, -8, -25, -18, -30, -15, -6, 29, -55, 25, -16, 53, 6, 6, -13, -10, 14, 97, -23, 22, -10, 28, -41, -16, -17, 13, 10, -22, -36, 2, 43, 20, 3, 4, 24, 26, -59, 53, 1, -15, -1, -20, -26, -15, -11, -13, -11, -39, 22, -12, 47, -36, 22, 26, 16, -21, -18, 8, -66, 7, 28, -30, -46, 23, -5, 9, -21, -22, -21, 6, 18, -58};
weight_hh[114] = {1, 9, -33, -10, 34, -14, 23, 19, 27, 32, -19, 35, 8, -14, 8, 4, -14, -32, -28, 18, -13, 7, -6, -58, -25, 3, 6, 32, -1, 26, 38, 9, -2, -32, 24, 25, -33, 14, -31, 5, -39, -38, -20, -14, -29, -12, -28, 35, 13, 45, -20, 5, 3, 16, 19, 27, -10, -4, 10, 46, 19, -30, 5, 0, 4, 36, -16, -27, 8, -21, 29, -2};
weight_hh[115] = {-12, -14, 22, 15, -22, 6, -33, 8, 20, 20, -48, 41, 21, 16, 0, -1, 27, 12, -31, -29, -30, 50, -15, -8, 31, 1, -6, 8, -91, 10, -5, -13, -13, 39, -29, 28, -1, 28, 1, -40, 11, -11, -32, -30, -5, -20, -54, 8, 33, 11, -31, 15, 8, 32, 27, 18, -28, -21, -20, 21, 26, 30, -3, -18, 14, 8, -31, 12, -50, 0, 26, -6};
weight_hh[116] = {-18, -6, 21, -8, 56, 12, 28, -4, 21, 26, -3, 7, 67, -16, -26, 55, 21, -32, -28, 7, -78, -27, -14, -36, 10, -7, 66, -45, -3, -15, 48, -29, 1, 25, 30, 11, -4, -12, -21, 14, 14, -8, -10, -15, -25, -28, -31, 39, 18, 12, -7, -23, 68, 15, 17, 14, -16, 8, 2, -7, 10, -31, -13, 30, 1, 8, -9, -17, -14, -20, 7, 43};
weight_hh[117] = {-31, -12, -11, -40, -19, 14, 74, -2, -1, 16, 8, -19, 15, -72, -32, 28, 5, 39, -16, 5, -33, -8, 6, 63, -9, -72, -27, -53, 27, -10, -40, -13, 34, 28, 3, 11, -40, -14, 12, -11, -1, -4, -13, -11, -21, -23, -9, 2, 12, 6, 10, 11, 78, 13, 14, -6, -11, 2, 19, -11, 19, -26, -33, -3, -9, -1, -21, -2, -13, 23, 21, 40};
weight_hh[118] = {-9, -10, 46, 25, 11, -5, -67, 19, -4, 14, -22, 28, -34, -35, 35, 17, -3, -9, -19, -26, -14, 39, -18, 84, 4, -23, 8, -26, -28, 41, 18, 18, 7, 38, -7, 16, -9, -22, 39, -20, 64, 10, -14, -14, -23, 20, -27, -22, 14, -9, 24, 17, -7, 14, 14, 22, -14, 40, 24, 0, 14, -18, 0, 8, 3, -21, -14, 30, 44, -14, 10, -26};
weight_hh[119] = {42, -6, -38, 23, -16, -20, -4, 32, 29, 6, 48, 5, 7, 47, 17, -37, -13, 28, 3, -15, -44, -30, -7, -14, 11, 25, 26, -11, 81, -37, -26, 13, -18, 9, -24, 15, 56, -2, -58, 6, -32, -16, -17, -11, -8, 1, 44, -22, 20, -5, 4, -42, 64, 13, 10, -5, -3, -16, 40, 14, 13, 15, 30, 29, -10, -2, -13, 30, 15, -8, 9, -42};
weight_hh[120] = {10, -11, -36, -34, -1, 0, -9, -1, -12, 29, -12, 15, -16, -42, 10, 15, 2, -24, -12, -29, 14, 22, -12, 2, 22, -21, -16, -21, 7, 84, 49, 10, -7, -39, 12, 11, 11, -6, 3, -12, 37, -5, -8, -9, -18, -14, -13, -17, 6, 7, 20, -1, 4, 10, 7, 6, -4, -32, -24, 5, 8, -1, 10, 40, 41, -7, -11, -12, -28, 24, 14, -11};
weight_hh[121] = {11, -10, 15, 17, 2, -2, 3, -15, -7, 13, -26, 24, -34, 9, 3, 16, 14, 43, -23, -46, -15, 17, -37, -28, -25, 49, -4, 6, -3, -9, -45, 5, -14, 4, -7, 20, -14, -73, -4, -11, 11, -18, -22, -20, -20, -1, -57, 13, 18, 31, 10, 27, 6, 20, 18, -27, -16, 17, -31, -7, 20, 16, -25, -29, -30, -21, -18, 31, 17, 12, 20, -4};
weight_hh[122] = {8, 13, -12, -18, 26, -6, -2, -10, 10, 11, 35, 5, -4, 8, -19, 16, -4, 11, -5, -7, 9, 16, -6, -7, 13, 24, 6, 12, 10, 10, 16, 45, 39, -3, 6, 1, 0, 7, 26, 1, -7, 12, 0, 0, -32, -25, 23, 2, 1, -20, -12, 2, 0, 0, 1, -14, 0, 24, 21, -14, 0, 3, -8, -7, -13, -23, -1, 10, 0, -5, 13, -3};
weight_hh[123] = {5, 16, -17, 32, 10, -1, -26, -29, -1, -20, -8, 2, -24, 20, 0, 12, -29, -8, 2, -47, -61, -13, 5, -20, -7, -23, -56, 11, -4, -1, 20, -15, -3, 11, -13, -3, 17, 36, 0, 18, -9, 25, -1, -1, 5, 8, 2, 17, 0, -8, 3, -3, -20, 0, -1, -13, 1, -6, -35, 16, -2, 58, 19, -10, 19, -20, 1, -15, 4, -21, -11, 31};
weight_hh[124] = {-27, 8, 8, 2, 24, 10, 7, -15, 1, -6, 2, 22, -30, 7, -4, 57, 5, 22, -10, -11, -11, 8, -10, 18, -3, 8, -14, -70, -20, 33, -1, 19, 6, 15, -24, -3, -8, 9, -12, 11, 13, 28, 16, 15, -35, 35, -27, 3, -16, -8, -1, -22, 19, -16, -16, -35, 14, 17, 12, 28, -16, 14, 3, 17, 11, 3, 15, -33, -29, -12, -5, -5};
weight_hh[125] = {-13, -2, 47, 13, -2, -3, -4, 17, -2, 62, -21, 25, 1, -9, 4, -1, -5, -3, -12, -15, 14, -9, 0, -3, -10, 1, -5, -4, 14, 7, 21, 1, -31, -9, -12, 0, -4, 4, 17, 13, -9, -8, 7, 7, -38, -7, -14, -6, -7, 0, -20, 20, -15, -7, -7, 1, 7, -4, -29, -16, -7, 0, 1, 16, -9, 2, 7, -2, -3, 3, 15, 9};
weight_hh[126] = {35, 1, 14, 50, -12, 14, 11, -17, -2, 10, 18, 9, -6, -5, 49, 17, -38, -17, 0, 11, -34, -31, -12, -1, 7, 26, -18, -17, 28, 35, -36, -8, 0, 4, -38, 17, 16, 39, -22, -26, -22, 7, -8, -6, -17, -10, -3, -12, 5, 20, -8, -15, 34, 6, 5, -21, -4, 16, 2, -14, 9, 16, -23, 54, -59, -8, -8, 24, 17, -54, 3, 57};
weight_hh[127] = {-47, -5, -10, -44, -12, 12, -19, 21, 10, 24, 6, -1, -5, -39, 25, -15, 23, 9, -8, -7, 17, 18, -25, -52, -9, -8, -22, -26, -8, 12, -35, 3, -5, -52, 23, 16, -25, -28, 19, -24, 45, -25, -25, -28, -24, -2, -18, 6, 21, 12, -9, -14, -21, 17, 15, 9, -24, -13, 42, -33, 17, 6, -26, -22, 15, -28, -17, -16, -23, -12, 22, 1};
weight_hh[128] = {10, -1, 7, 41, -5, -2, -59, 0, 15, 10, -17, 31, 71, 1, 4, 10, -91, -34, -17, -19, -21, 10, -11, -1, -14, 9, 0, 76, 10, -29, 57, 27, 6, -18, -45, 13, 2, -5, -6, -14, -25, -3, -15, -13, -16, -9, 70, 8, 14, 27, -5, -6, -3, 9, 9, -12, -6, -28, -35, 8, 12, -24, 80, 36, 15, -14, -15, -29, 51, 3, 19, 10};
weight_hh[129] = {20, 3, 39, 5, 18, 9, -49, 25, 22, 39, -22, 3, 33, -19, -22, 20, -8, -3, -15, 11, -15, 32, -4, 34, 12, -18, 26, 27, -20, 9, -27, 11, 11, -25, -8, 17, -2, -21, 21, -5, 48, -25, -12, -14, -25, 10, -8, -30, 10, -11, 26, 3, -33, 14, 17, 3, -20, -14, -12, -34, 13, -28, -11, 11, -68, 31, -15, 5, 65, -7, 29, -10};
weight_hh[130] = {-8, 6, 21, 8, -2, 13, 15, -12, 12, 2, -8, 2, -7, -29, 19, 40, 39, 25, -7, -2, 3, -19, 7, -14, -9, 0, 45, -29, -18, -9, -8, 13, 31, 13, 4, 8, -19, -17, -39, -2, 16, 24, -5, -4, -26, -8, 2, -1, 4, 11, -19, 17, 8, 4, 5, 51, -5, 1, 7, 16, 5, -32, 25, 10, -21, 10, -5, -26, 30, -25, -8, -15};
weight_hh[131] = {-28, 16, 10, 2, 0, -3, 13, -8, 18, 4, -4, -2, -16, 18, 27, -8, -47, -12, -3, 22, -3, -13, 6, 78, 18, -11, 17, 18, -33, 14, -14, 5, 22, -6, 34, -5, 16, 5, 2, -16, 19, 4, 5, 4, -6, 1, 6, -9, 6, 2, 25, -37, -46, -3, 1, -35, 5, 2, 25, 19, -2, -53, 15, 46, 2, -12, -6, -4, -5, 1, 3, 27};
weight_hh[132] = {48, -1, 5, 19, -20, -27, 5, 50, 15, 64, 48, 52, -26, 16, 1, -14, 13, 41, 14, -39, -23, -12, -12, -16, 11, 4, 14, 13, 3, -11, -15, -3, -30, -2, 14, -11, 31, -22, 3, 3, -7, -20, 12, 16, -31, 0, -1, 15, -12, 10, -49, -31, 21, -14, -12, -2, 17, -28, 9, 8, -14, 13, 3, 14, -8, 25, 13, -12, 18, 32, 29, 11};
weight_hh[133] = {-19, -1, 0, 29, 16, -22, 8, -42, 16, 33, -45, 99, -17, 0, -4, -8, -11, -9, -17, -62, -4, 25, -36, -18, 45, -14, 21, 10, -17, 12, -5, 10, 21, 38, -16, 14, -3, 1, 19, -9, 24, -28, 3, 2, -63, -12, -19, -5, -4, -4, -65, 24, 26, -6, 2, -6, 4, -59, -12, -7, 2, 33, -7, 23, -35, -20, 1, -1, 30, -23, 26, 9};
weight_hh[134] = {-21, -22, 8, -1, -38, -14, 20, 17, -12, 44, 0, -6, -3, -22, -11, -6, 13, 18, -9, 2, -20, -38, 17, -10, -14, -37, -17, -13, 1, 28, 19, -8, -11, -9, -25, -2, -20, -14, -14, 14, -29, 6, 9, 9, -9, -21, -8, 16, -9, 1, 20, -25, 10, -9, -9, 1, 6, 14, -9, -1, -9, 14, 35, -9, 0, 10, 9, -10, -8, 30, 18, -31};
weight_hh[135] = {-17, 10, -19, 9, 12, -8, -21, 13, 26, -1, 4, 5, -23, 8, 7, -3, -1, 19, -1, -1, 1, -8, 10, 44, 2, 16, 39, -10, -3, 10, 23, 19, 25, -8, 16, -2, 5, 24, 30, 1, -12, -11, 2, 2, -10, 29, -22, -27, -2, 10, 2, 9, -33, -2, -3, 14, 2, 7, -15, 7, -3, 5, 11, -11, 20, -47, 2, 18, -18, 45, -2, -3};
weight_hh[136] = {-22, -6, -23, -66, -16, 4, -11, 39, -5, 0, 7, 1, 5, -16, -11, -4, -8, -19, 11, 11, 63, -19, -26, -49, -14, -4, 10, -2, 32, -22, -31, -11, -51, 39, -12, -6, 27, -34, 18, -2, 52, 10, 7, 7, 7, -29, 12, 43, -7, -5, 19, 7, 8, -7, -7, 12, 6, -15, 10, 7, -7, 14, 0, -51, 11, -8, 7, 10, 24, 13, -18, 33};
weight_hh[137] = {23, 6, 12, -53, 11, 7, 49, 12, 0, 18, 3, 22, 58, -30, -53, -9, -4, 22, -10, -1, 21, -25, -2, -21, 13, -36, -58, -66, 8, -21, 19, -33, -9, -16, -7, 16, 10, -56, 29, 0, -10, 1, -14, -11, -19, -19, -12, -13, 9, -2, 1, 16, 52, 6, 6, 8, -4, -42, 12, -20, 4, -3, -24, 6, 7, 3, -10, -3, 36, -21, 14, 38};
weight_hh[138] = {21, -3, -12, 30, -3, -2, 7, 13, 6, 31, -7, 4, 5, -2, 9, -16, 7, -8, -21, -2, -19, -7, 5, 2, -9, -7, 9, 12, 14, -8, -48, 1, 4, 2, -1, 12, 46, -21, 17, 3, 1, 2, -10, -10, -37, 8, 30, 12, 11, -1, -5, -41, -3, 11, 12, 6, -10, -56, -15, 12, 11, -11, -7, -4, -8, -7, -10, -13, 16, -3, 18, -10};
weight_hh[139] = {34, -34, -45, -1, -4, -7, -17, 3, -23, 32, -1, 11, 34, -32, 15, -6, -1, -20, -18, -31, -27, -7, 2, -7, 19, 13, 22, -8, 18, -7, 2, 4, -2, 13, -22, 7, 44, -44, 16, 21, 6, 1, -3, -8, -26, 19, -3, 12, 9, 11, 16, -16, 35, 6, 3, 13, -4, -38, -10, 30, 3, 8, 11, 25, -25, -18, -7, -17, 44, -3, 11, 19};
weight_hh[140] = {22, -32, 36, -27, 15, 14, -25, 5, 28, 23, -14, 6, -48, -3, -32, -1, -35, 7, -34, 4, -5, 11, -11, 3, -16, 39, -9, 3, -44, -15, 5, -21, -14, 4, -18, 28, -22, -61, 13, -8, 74, -26, -37, -39, -38, -33, 25, 26, 41, 18, 15, -2, -31, 30, 28, -32, -34, -16, -12, -53, 39, 12, -60, -36, 9, 18, -29, 1, 25, -2, 23, 8};
weight_hh[141] = {1, -21, 90, 27, -51, -15, -69, -1, -6, 4, -10, 11, 8, -9, 68, 20, -1, 4, -12, -13, -3, 24, -20, 0, 6, 15, 9, -21, -6, 44, 6, -15, 1, -1, 2, 11, -12, -41, 14, -3, 21, -22, -17, -12, -8, 14, -28, -6, 13, 19, 16, -18, -47, 17, 9, 15, -15, 47, -23, 14, 18, 24, -5, -9, 15, -14, -11, 23, -11, -25, 23, -54};
weight_hh[142] = {42, -6, 25, -25, 13, 2, -1, 15, -4, -13, 18, 5, 3, 41, 37, 19, 26, 36, 1, -30, -3, -4, -8, -21, 14, -3, 0, 19, 11, -18, 3, 12, -54, -9, 3, 5, -7, 23, -63, -4, 20, 14, -3, -3, -5, -32, -35, 38, 4, 3, 13, -5, 0, 3, 4, 34, -2, 22, 23, 23, 3, 21, 3, 6, 34, -4, -3, -21, -1, 17, 3, -8};
weight_hh[143] = {-21, -2, 30, 26, 43, -2, -17, 32, 24, 21, -5, 34, -6, -47, 17, 0, 4, -32, -17, -26, 20, 24, -13, -2, -24, -43, -17, 22, -18, 32, 10, -35, -23, -2, -1, 24, -16, -11, 18, 2, 46, -36, -20, -19, -17, 12, 16, -10, 14, 15, -18, -7, -2, 15, 19, -6, -17, -56, 32, -36, 14, 6, -38, 68, 6, 19, -13, 29, 27, -37, 28, -10};
weight_hh[144] = {-6, -27, -17, -30, -19, 14, 18, -3, -17, 11, -14, -2, 19, -7, -17, -15, -33, 29, -9, -5, 10, 8, -24, 1, -21, 89, -44, -21, 18, -31, -55, -5, 0, -4, 24, 4, -13, -29, -5, 20, -6, -8, 7, 0, -1, 50, 21, -25, -5, 33, 6, 5, 42, -8, -4, -67, 1, 8, 42, -4, -8, 31, 27, -27, -18, 20, 8, 22, 62, -20, 9, 38};
weight_hh[145] = {43, -23, 5, 20, -30, -7, 63, 39, -11, -8, 5, 22, -19, 45, 11, 6, -14, 10, -23, 2, -9, -33, 13, -1, -1, -11, -15, -18, 13, -32, -13, -15, -16, -20, 4, 23, 64, 10, -11, -12, -11, -41, -13, -11, -39, 19, -27, -11, 11, -5, -13, -14, 23, 10, 10, -6, -8, -40, 11, 20, 11, 36, 24, -41, 0, -40, -10, -3, 1, 26, 1, -2};
weight_hh[146] = {-10, 8, -37, -21, 6, -23, 18, 38, -39, -18, -23, -24, 1, 15, -15, 4, -28, -6, 1, -53, -47, 30, 14, -15, 5, -48, 15, 18, -23, -2, 11, -19, 24, 11, -28, 1, -59, -3, -57, 25, 50, 10, -7, -12, -4, 0, -9, 9, 13, 4, 25, -10, 20, 6, 14, 10, -10, 62, -11, 35, 11, 13, 24, -9, -44, -17, -7, -16, -33, 18, -3, -9};
weight_hh[147] = {-26, -26, 24, -45, 27, -25, 20, 15, -39, -2, 1, 3, -7, -30, -40, 14, -39, -31, -1, -15, 45, 6, 3, 27, 24, 5, 3, 3, -21, 39, 10, -17, -2, -18, 6, 11, -31, -22, -15, -1, -23, -14, -6, -12, -8, -36, 63, -64, 12, 19, -7, -20, -26, 11, 12, -53, -6, 44, -20, -29, 13, 2, -19, -35, 8, -16, -9, 52, 3, -11, 15, -24};
weight_hh[148] = {38, 4, 24, -5, -26, -4, 13, -1, -11, -30, 6, -12, -4, 23, 24, -40, 1, 8, 7, 28, -19, -21, 27, -20, 28, 5, 5, 6, 1, 9, 46, 21, -12, -18, -22, 3, -5, 22, 9, 15, -12, 8, -6, -6, 1, 68, 11, 9, 6, 32, -5, -13, -5, 6, 10, 1, -6, -2, 11, -63, 7, 56, 22, 12, -30, -29, -10, 31, 28, -39, -7, -19};
weight_hh[149] = {-3, 8, 2, -5, -4, 1, 1, -3, -3, -6, 3, -3, -2, 4, -3, 5, 10, 5, 6, 3, 3, 1, 2, 5, 4, -2, -3, -5, 1, 2, 2, 1, -2, 0, -2, -11, -4, -1, -1, 8, -5, 4, 14, 14, 10, 2, 3, 4, -14, -3, 4, 5, -5, -14, -14, 5, 13, 0, -5, -5, -14, 3, -2, -4, 4, -1, 14, -4, 0, -1, -9, -3};
weight_hh[150] = {-40, 13, 18, 25, -25, 14, -4, 24, 4, 18, -6, 8, 8, 25, 21, 14, 9, 1, 0, 15, -42, -45, -19, -30, -36, 5, 2, -17, 14, -47, -22, -28, -12, 7, 54, -15, 53, 13, 41, -9, 1, -11, 20, 20, 7, 8, 22, 13, -19, -54, -3, -52, 15, -21, -12, -18, 15, -96, -13, -10, -19, -53, 6, -5, -27, 11, 10, -22, -2, -8, 0, -40};
weight_hh[151] = {-6, -13, 61, 0, -21, -13, -20, -10, 54, -20, 13, 12, -25, 0, 35, -16, 3, 30, -4, 31, -14, 43, 16, -10, -38, 11, -23, -14, -38, -1, 64, -26, -4, -34, -31, 6, -33, 3, 31, -26, 15, -2, 7, -3, -8, -35, 12, -15, -7, -8, 36, -20, -15, 2, 0, -43, 1, 24, 4, 26, -4, -64, 17, 7, 27, 24, 5, -47, -65, 17, -11, -43};
weight_hh[152] = {-29, -6, -3, 36, 29, -14, -21, 18, -22, -1, -33, 15, -7, -38, 20, 42, 19, -24, -20, -23, 17, 14, -4, 34, 14, 8, 14, 7, -22, 53, 70, 14, 17, -52, -4, 16, -12, 25, -9, -26, 37, 11, -10, -7, -2, 36, -51, -29, 13, 11, 19, -15, -21, 8, 7, 13, -17, 42, 42, -31, 7, -16, -29, 1, -21, -1, -6, 13, 43, -14, 12, 8};
weight_hh[153] = {48, -2, -44, 41, 14, 2, -7, -16, -27, -7, 33, -28, 3, -48, -13, -29, 3, 21, 7, 4, -8, -57, 31, -3, 7, 7, 18, -25, 47, 5, -46, 52, -1, -17, -58, -1, 30, 6, -26, 39, -20, -3, -4, -2, 6, 2, 4, -16, 3, -15, -6, -18, 15, 5, 3, 22, 4, 19, 28, -2, -5, -6, 41, 44, -59, -17, -3, -7, 47, -10, -7, 10};
weight_hh[154] = {10, 23, 23, -23, 18, -5, -26, -13, 6, 3, -65, 3, -6, -46, -1, 6, 3, -38, -6, -38, 3, 27, -10, 5, 18, 4, 52, -12, -30, 7, -21, 30, 2, -15, -25, 6, -36, -55, -36, 6, 16, 2, -10, -7, -5, 0, 15, 5, 12, 29, -47, 33, 4, 10, 13, 19, -9, 12, 12, -27, 6, 23, 8, -19, -16, 25, -12, -1, 27, -18, -1, 27};
weight_hh[155] = {4, -8, -3, 4, 3, -1, 0, 2, 1, 5, -4, 4, 2, -4, 3, -4, -12, -3, -7, -3, -3, -1, -2, -5, -5, 1, 4, 4, -1, -2, -2, -1, 3, -1, 1, 11, 4, 2, 1, -7, 5, -4, -14, -13, -9, -3, -3, -6, 13, 3, -5, -4, 6, 13, 13, -5, -13, 0, 4, 5, 13, -3, 3, 3, -6, 1, -14, 5, 0, 0, 9, 5};
weight_hh[156] = {24, -45, -31, 27, 25, 2, 7, -15, -50, -23, 16, -22, 8, -20, -1, -9, -31, -16, 6, -11, -30, 4, -15, 9, 25, -15, 68, 1, 2, -7, 46, 11, -16, 34, -14, -2, 28, -19, -28, 13, 15, 4, -5, -5, 1, 19, -17, -14, 6, -1, 48, 4, 10, 9, 4, 30, -2, -26, -9, 58, 5, 34, 1, 35, -31, -24, -9, 31, 69, 13, 0, -1};
weight_hh[157] = {-36, -19, -12, -1, 27, 14, -40, -24, 5, -1, 71, -23, -16, -53, 24, 22, 3, -16, 10, 1, 20, 44, 36, -3, 44, 15, -10, -15, 12, -11, -5, -3, 42, -7, 30, 7, 7, -45, -69, 7, 41, 7, -16, -17, -27, -18, 7, 27, 23, 31, -9, 45, 5, 23, 22, -1, -10, 50, 21, -29, 13, 63, -4, -5, 37, -48, -19, -9, 53, -18, 0, 11};
weight_hh[158] = {-11, -29, 12, -5, -5, -1, 21, 4, 1, 8, -39, 9, 14, 26, -3, 6, 0, 11, -14, -12, -23, 3, -5, 2, 45, -16, 13, 4, -34, -13, 3, 1, -21, 12, 0, 2, -12, 9, -20, -7, -17, 10, -2, -3, -9, 7, -37, 1, -2, 1, -10, -29, -2, 1, 0, -1, 3, -5, -32, 4, 3, 23, -4, 44, -25, 11, 3, -32, -1, 6, 0, 26};
weight_hh[159] = {-1, 7, 2, -3, -4, -1, 1, 1, -2, -5, 6, -4, -3, 5, -2, 4, 9, 5, 12, 2, 4, 0, 3, 4, 6, -2, -4, -3, 1, 1, 2, 1, -3, 1, -1, -14, -4, 0, 0, 10, -5, 2, 13, 13, 11, 0, 2, 6, -13, -4, 2, 1, -3, -13, -13, 4, 13, 1, -5, -3, -13, 3, -2, -2, 2, -2, 13, -4, -1, 3, -8, -3};
weight_hh[160] = {-28, 2, -21, -18, -15, 18, -38, -3, 6, -9, -10, -6, -1, 42, -45, 6, 6, 17, 7, 37, -19, -36, 3, -12, 20, -7, 33, -17, -2, 12, 28, 41, 13, 24, 22, -8, -6, -2, -13, 7, 6, 8, 12, 11, 21, -6, 12, 8, -14, -18, 0, -8, -25, -13, -12, 63, 12, 18, -5, -30, -8, -39, 5, 2, -22, 45, 11, 10, 24, 4, -15, -4};
weight_hh[161] = {3, -7, -3, 5, 4, 0, 0, 2, 2, 6, -3, 3, 1, -4, 1, -4, -11, -4, -6, -4, -4, -2, -2, -5, -5, 1, 4, 5, -1, -1, -2, -1, 4, -1, 1, 11, 4, 1, 0, -8, 6, -3, -14, -14, -10, -3, -3, -5, 14, 4, -4, -5, 6, 14, 14, -4, -13, 0, 5, 4, 14, -3, 2, 4, -5, 0, -14, 5, 0, 1, 9, 4};
weight_hh[162] = {3, -8, -3, 6, 3, -1, 0, 3, 2, 6, -4, 4, 2, -4, 3, -4, -11, -4, -7, -4, -4, -1, -2, -4, -3, 1, 4, 4, -3, -3, -3, -1, 3, -1, 2, 11, 4, 3, 0, -7, 6, -4, -14, -14, -10, -1, -4, -5, 14, 3, -4, -5, 5, 14, 14, -3, -14, -1, 5, 5, 14, -2, 1, 3, -5, 0, -14, 4, 0, 1, 9, 4};
weight_hh[163] = {-12, -16, 1, -3, -3, -4, 17, 2, -2, -7, -1, 25, 68, -36, -8, -26, 20, -12, -3, 2, -16, -31, 21, -11, 37, 15, -14, -117, 4, -45, -11, 63, -5, -15, 3, -1, 2, -1, -2, -5, -29, -1, 3, -1, 9, 47, -83, 15, 4, 8, 11, -37, 6, -1, 9, 38, -4, -2, 0, -14, 8, 23, 9, 1, -31, -28, -5, -24, -25, -15, -6, 6};
weight_hh[164] = {-28, 11, 29, -25, 0, -11, 11, 21, 6, 43, -22, 33, -16, 5, 7, -1, -16, 17, -11, 16, -22, 34, -24, -3, -49, -19, -10, -41, -41, 10, 39, -17, 16, -19, 62, 9, -80, -33, 19, 20, 2, -15, 13, 10, -36, 29, -27, 22, -6, 23, -18, -5, 8, -12, -9, -10, 3, 75, -37, -13, -8, -32, 24, -28, -5, 6, 9, -2, -16, -6, 20, 40};
weight_hh[165] = {-4, -4, -13, -3, 61, 0, -3, -24, -14, -39, 46, -43, 2, -64, 6, 3, 9, -21, -1, 15, 2, -22, 20, 19, 19, 18, -8, 2, 1, 40, -11, 28, 39, -33, -14, -1, 2, -20, 30, 12, 35, 21, -3, -3, 7, 0, 8, -39, 4, -4, 8, -14, -41, 2, 1, -13, -2, 28, 33, -50, 3, 2, -8, 23, 12, -22, -2, 24, 9, -2, -32, -28};
weight_hh[166] = {-12, -8, 46, -9, -48, -14, 20, -14, -11, -13, -10, 2, 4, -16, -7, -5, 6, 26, -15, -1, 9, -22, -7, -19, 18, 28, -15, -1, -37, 23, 32, 6, 13, -15, -8, 22, -55, -3, 12, 31, -7, 30, -32, -34, -7, -16, 9, 8, 27, -24, 27, 14, -1, 31, 30, 4, -28, 82, -2, 16, 35, 10, 0, -45, 6, -5, -27, -15, -5, 42, -9, -4};
weight_hh[167] = {2, -8, -3, 6, 5, 0, 0, 1, 2, 6, -4, 4, 2, -5, 2, -4, -11, -5, -7, -3, -4, -1, -2, -4, -4, 1, 4, 5, -2, -2, -3, -2, 3, 0, 2, 11, 4, 1, 0, -8, 6, -4, -14, -14, -10, -2, -4, -5, 14, 4, -4, -5, 5, 14, 14, -4, -14, 0, 5, 5, 14, -2, 0, 4, -5, 0, -14, 4, 0, 1, 9, 4};
weight_hh[168] = {-6, -34, 18, 8, -15, -11, -17, -4, -15, 15, -3, -9, 17, -9, 24, 23, 6, -5, -4, 3, -6, 8, 45, -54, 12, 0, 18, 16, 1, 1, 56, -70, -68, -12, 1, 4, 13, -12, -7, 29, 2, 0, 2, 3, 0, 18, -49, 39, -2, 6, 5, 34, -86, -2, -2, 44, -1, 8, 16, 65, -3, 29, -7, -8, 48, 21, 2, -71, -6, 3, 12, -31};
weight_hh[169] = {27, 0, 5, -3, -11, 3, 28, -21, 6, 4, 51, 1, -6, 11, -7, 6, -10, 5, 18, 3, -16, -16, 18, -41, -10, 7, 2, -19, 48, -1, 3, 0, 26, 8, -18, -9, 14, 23, -10, 26, -12, -3, 10, 6, 10, -6, 16, 17, -9, 9, 10, 9, 27, -8, -10, 5, 7, 18, 6, 6, -11, -7, 29, 5, 0, -22, 7, -16, -8, 15, -4, -45};
weight_hh[170] = {5, 10, 9, 14, 17, -4, 6, -9, 5, 0, 1, -1, -4, 13, -1, 1, 4, 10, -10, 4, 0, -5, -1, 1, 1, 1, -19, 1, -2, 12, 8, -6, 10, 3, -5, 2, 1, 0, 1, -2, -11, -11, -1, -1, -2, 2, 3, 3, 1, -2, -7, 14, -16, 1, 1, 7, -1, 9, -1, -5, 1, -5, 15, -14, 6, 7, -1, 2, -4, -2, 0, -6};
weight_hh[171] = {-5, 27, -7, -25, -2, 24, -13, -29, -23, -80, -3, -40, -14, -16, -11, -3, 3, -31, 25, -16, 11, 39, -14, -12, 20, -16, -3, -17, -26, 1, 6, 15, 8, 9, -17, -19, -32, 3, -36, 3, 15, 18, 10, 11, 16, 5, -34, 20, -11, 0, -24, 26, -10, -9, -11, 9, 12, 51, -32, -16, -11, 14, 11, 10, 3, 4, 8, 6, 3, 43, -22, 3};
weight_hh[172] = {-2, 8, 2, -5, -5, 0, -1, -1, -1, -6, 4, -4, -3, 5, -2, 5, 11, 5, 7, 3, 3, 2, 2, 4, 4, -1, -4, -4, 2, 2, 3, 1, -3, 0, -1, -11, -3, -2, 1, 8, -6, 4, 14, 14, 9, 2, 4, 6, -14, -4, 3, 4, -5, -14, -14, 4, 14, 0, -5, -5, -14, 2, -2, -4, 5, 0, 14, -5, 0, 0, -8, -5};
weight_hh[173] = {-3, 8, 3, -5, -5, 0, -1, -2, -2, -5, 3, -4, -2, 5, -2, 5, 11, 5, 6, 3, 4, 1, 2, 6, 6, -1, -4, -5, 2, 2, 2, 2, -3, 1, -1, -11, -4, -2, 0, 8, -5, 4, 14, 14, 10, 2, 3, 5, -14, -4, 3, 4, -5, -14, -14, 4, 14, 0, -5, -5, -14, 2, -2, -4, 5, 0, 14, -4, 1, -1, -9, -4};
weight_hh[174] = {-8, -23, 15, -58, 36, 15, 11, 8, -14, -19, -15, -1, -3, -5, 18, 22, -24, -10, -3, -25, 14, 32, -6, -11, 5, 3, -4, -14, -31, 34, 20, 18, 5, 1, -1, -1, -92, -10, -51, -34, 18, 1, 11, 5, -5, 1, -13, -8, -13, 24, 40, 3, 15, -1, -15, 26, 7, 112, 47, -21, -11, 0, -7, 26, -14, -9, 12, 2, 21, -32, 7, 12};
weight_hh[175] = {-70, -5, 13, -48, 33, 23, -8, 5, 39, 21, -26, 46, -20, -35, -31, -3, -23, -25, -16, -43, 4, 61, -19, 0, 5, 1, -5, -50, -58, 9, 34, 10, -8, -19, -8, 16, -73, -66, 1, -24, 28, -14, -13, -20, -6, -24, -4, -16, 20, 18, -13, 10, 7, 11, 12, 19, -17, 34, -12, -34, 19, 1, -58, 1, 45, -2, -9, -24, 3, -27, 10, -44};
weight_hh[176] = {43, -1, -13, 5, 13, 3, 26, -16, -59, -24, 5, -23, 6, -14, 5, 4, -23, 7, 14, -22, -2, 15, 5, -11, -33, -12, 17, 2, 23, 11, -5, -5, -17, 3, -36, -16, 14, -19, -17, 35, -19, -10, 8, 8, 27, 2, 24, 24, -8, 14, 7, -16, 6, -8, -8, -15, 9, 12, 7, 38, -8, 5, 12, -4, -4, 1, 8, -1, 19, 16, -9, -7};
weight_hh[177] = {50, 17, -10, 25, -9, 3, 1, 20, -24, 10, 5, -9, -1, 30, 8, 0, -9, 10, -3, -10, -17, -18, 15, 14, -86, -13, 15, 20, 56, -16, -32, -26, 12, -20, -18, 8, 71, -5, 0, 7, -29, 3, 1, 1, -8, 11, 0, -16, -7, -25, -4, -26, 16, -1, -4, -2, -5, -31, -7, 11, 1, -15, 13, -9, -3, 14, 2, 6, -12, -15, 12, 11};
weight_hh[178] = {14, 11, 10, 27, 21, -28, 5, -32, 26, -33, 29, -13, -6, -36, -9, -6, -17, -47, 20, -32, 27, 31, 50, 27, 64, -29, 4, 30, 20, 14, 14, 14, 4, -32, 1, -6, 39, 11, -29, -19, 19, 36, 2, 0, 11, -10, 32, 20, -5, 43, -41, 38, 2, 5, -3, 5, 7, 11, 15, -13, 6, 92, -5, 58, 43, -49, -3, -13, 31, -8, -29, 36};
weight_hh[179] = {11, 10, -10, 9, 9, -7, 13, -8, -18, -10, -4, -6, -1, -5, 4, -8, -8, -16, 10, 9, 23, -18, -19, 0, -31, 2, 7, -1, -12, -6, -4, -4, 11, -4, -7, -3, 11, -3, -22, -1, 21, 8, -5, -5, 22, -2, -4, -21, 5, 11, 26, 22, -31, 5, 5, -6, 0, -18, 2, 6, 5, -18, -9, 15, 3, -18, -5, 11, 13, -2, 7, -32};
weight_hh[180] = {0, 10, -1, 14, 8, 13, -12, -9, -8, 17, -26, 39, -1, -11, -18, 10, -2, -3, -43, -2, -10, -17, 13, 30, -26, -1, -13, -8, 8, 13, -9, -4, 24, 13, -26, 29, 30, -10, 24, -4, 11, -5, -11, -11, -31, 2, 8, -16, 11, -3, 0, -8, 0, 12, 11, -4, -13, -25, -11, -8, 13, -7, 3, 15, 11, -19, -12, -13, -7, -34, 17, -1};
weight_hh[181] = {25, -23, -22, 21, 4, -11, 12, 21, -31, -22, -1, 3, 16, 1, 16, -13, -27, -16, 7, -30, -15, 3, -14, -9, -3, 0, 23, 9, 23, -20, -17, -10, -13, -21, 33, 0, 8, 22, -20, -4, 0, -3, -13, -12, -16, 17, 35, 2, 10, 6, 9, -16, 20, 9, 9, -16, -9, -14, 44, 12, 9, 32, 27, 12, 1, -37, -13, 9, 31, -5, 15, 18};
weight_hh[182] = {-6, -10, 2, 13, 4, -2, -34, -8, 79, -4, -43, 25, 15, 20, -9, -5, 32, -34, -7, -1, -11, 31, -46, -28, 26, 20, 13, -3, -58, 2, 7, 1, -15, -10, 17, 4, 1, -22, 1, -29, -15, -4, 0, 0, 4, -32, -17, -12, 0, 17, 38, -4, -15, 0, 0, 7, -4, -4, -18, 13, 0, -8, 4, 16, 18, 31, 0, -28, -7, -30, 1, -4};
weight_hh[183] = {-29, 13, -45, -23, -5, 8, -13, 4, 19, 5, 3, 12, 15, 9, 8, 19, -11, -21, -10, -1, 3, 14, 26, 15, -5, -2, 18, -16, -45, 41, 24, 32, 12, -12, 1, 7, -37, 43, 3, -11, 6, 25, -6, 2, 5, -25, -9, 0, 0, 29, -31, 1, 42, 6, 0, -6, -9, 54, 65, 3, -1, 22, -8, 18, -35, 2, -5, 44, 32, -54, 4, 7};
weight_hh[184] = {-4, 1, 10, 29, 2, 11, 1, 50, 10, -9, -2, 2, 0, 10, 10, -15, 24, -4, -3, 11, -46, -8, -19, -18, 0, 12, 47, -23, -3, -1, -34, 52, -4, 8, 8, -3, 44, -7, -14, -11, 10, 7, 1, -2, 10, 11, -11, -17, -2, 5, -36, -39, 0, 0, -3, 7, 1, -43, -3, -51, 0, -13, -18, 52, 1, 0, 1, -28, 18, -13, -2, 54};
weight_hh[185] = {38, 12, -13, 0, -31, 11, 1, -11, 14, -11, 8, 3, 2, 15, 7, -2, -37, -17, 10, -15, -25, -39, 10, -43, 5, 26, -7, -2, 22, 3, 9, 5, 2, -28, -14, -8, 10, -32, 11, 28, 4, 13, 8, 8, 6, 6, 33, 22, -8, 10, 8, -5, 31, -8, -8, -28, 6, 4, 9, -7, -8, -4, 17, 10, -18, -4, 8, -17, -4, -15, -9, -4};
weight_hh[186] = {-8, 30, 25, 6, -25, 11, -18, 13, 40, -5, -10, 2, -5, -6, 8, 11, 7, 2, -7, -9, 5, 1, -2, 1, -19, -4, 9, 7, 3, -9, -3, -2, 8, 17, -10, 14, 13, 4, 9, -1, 18, 9, -8, -6, -10, -16, 2, 21, 7, -16, -49, -5, -5, 7, 9, 21, -10, -19, -19, -11, 6, -8, -10, -8, 16, 25, -8, -12, -10, -24, 0, -3};
weight_hh[187] = {16, -6, -8, 13, 2, 1, 7, 4, -1, 11, 27, -5, 2, 2, 7, -7, -12, 2, 14, -3, -6, -9, 8, -10, 2, 10, 9, 8, 15, -5, -7, -9, 4, -12, -2, 6, 9, -3, 12, 3, -7, -6, -11, -11, -6, 13, -2, 6, 11, 9, 16, -10, 3, 11, 11, -7, -9, 2, 17, 14, 11, -1, 10, -3, -1, -9, -11, -4, 6, 9, 12, -6};
weight_hh[188] = {40, 12, -26, -30, -4, -5, -8, 9, -27, 1, 10, 31, 7, -58, -35, -26, -40, 41, -9, -20, 8, 7, -21, -15, -4, 10, 24, 4, 32, 10, 24, 32, -4, -3, 4, 17, -10, -54, -4, 17, 20, 3, -11, -11, -17, -26, 11, 26, 16, 42, -6, 27, 78, 19, 18, 21, -8, 22, 0, -3, 18, -11, -23, -34, -5, -20, -19, 12, 13, 3, 17, -19};
weight_hh[189] = {-30, -9, -33, -33, 15, -14, -1, 2, -14, 13, 26, -10, -3, -16, -50, 35, -4, 24, 6, -8, 4, 4, 5, 11, 16, 12, 31, 8, -10, 60, -6, 14, 8, -67, 27, 8, -20, 35, -36, -9, 44, 0, -16, -17, -11, -28, 9, -43, 15, 21, 7, -33, 34, 15, 16, -17, -11, 62, 39, -15, 20, -19, -49, 56, -29, -16, -12, 21, 22, 1, 12, 1};
weight_hh[190] = {22, 2, -12, -4, 4, -3, -13, -11, -6, -15, 20, 6, -17, 37, 17, -11, -16, 25, 8, 26, 12, -13, 7, 15, -20, 58, 15, 13, 5, 2, -12, 10, 16, -6, -11, 1, 0, 32, 18, 8, -8, 3, -7, -6, 3, -9, 5, -33, 7, -10, -1, -43, 5, 7, 6, -11, -3, 18, 20, 45, 6, 13, -7, -6, -39, -37, -6, 13, -7, 32, 2, 28};
weight_hh[191] = {17, 1, -38, 52, 23, -4, -4, -18, -24, -5, -63, -14, -14, -1, 18, -10, -14, 18, 2, -24, -16, 12, 28, 46, 38, -20, 13, 15, -69, -2, 3, 14, 32, 30, -6, -4, -10, 61, -31, -6, 36, 15, -12, -13, 5, 1, -53, 8, 12, -22, -13, -10, -2, 13, 12, 9, -9, 19, -30, -3, 5, 31, -7, 12, -22, -27, -8, -24, 21, 20, 0, 23};
weight_hh[192] = {13, 16, 5, 17, 6, -12, -14, 33, -1, 15, -18, 0, -29, 11, -13, -13, -66, 24, -1, -20, 20, -5, -8, 38, -22, -24, -52, -8, -44, 21, -2, -7, -20, 8, -38, 2, -10, -49, 28, -7, -11, -13, 10, 11, 17, 10, 43, -62, -2, -28, 22, -13, -8, -8, -3, -74, 2, 15, -4, -40, -5, 3, -7, -12, 22, 48, 5, 48, 1, -1, -2, -21};
weight_hh[193] = {24, -27, -3, -38, -31, -20, 13, -3, -41, 10, -14, 20, 44, -20, -13, -12, -3, -10, -6, -31, 4, 39, 7, 38, 62, 26, 1, -20, -2, 14, 61, 9, -20, 4, -28, 1, -20, -25, -21, -13, -14, -14, 0, 2, -4, -32, 10, -20, 0, 42, 7, 3, -22, 3, 3, -9, 3, 43, 7, 0, -1, 35, 21, 16, 2, -7, -3, 0, 22, 18, 0, 10};
weight_hh[194] = {20, -34, 5, -16, -11, -3, 16, 32, -21, 4, -45, 17, -4, 43, 30, -14, -5, -15, -46, 0, 9, 10, 11, -4, -16, -26, -16, 0, -60, 20, 36, -14, -16, -19, -28, 25, -79, 17, 23, 1, 2, 13, -6, -9, -42, 3, -41, -10, 15, 19, -1, -3, 14, 4, 13, -11, -10, 51, -28, 18, 14, -41, 9, 9, -29, 7, -9, -6, -27, -6, 18, 13};
weight_hh[195] = {-45, 43, 16, -59, 13, -1, -40, 29, -7, -12, -1, 9, -15, -27, 4, 31, 18, -2, -2, 14, 26, -12, -7, 55, -15, -27, -36, -2, -16, -23, -5, -28, 4, 16, 48, 12, -97, -51, -18, -19, 22, 12, -3, -6, -4, -42, 18, 23, 10, 11, -60, -25, -53, 3, 2, -29, 1, 68, -23, 4, 8, -31, 11, -65, 45, 0, -5, 19, -4, 28, 4, -7};
weight_hh[196] = {3, 7, -30, 7, 26, 3, 8, -3, -16, -44, 43, -39, 3, 5, 24, 14, 9, -1, 54, -36, -30, -8, 16, 6, 2, -12, 9, 1, 14, -4, 2, 9, 29, -8, 26, -36, 13, 23, -12, 12, -5, 6, 19, 19, 75, 4, 21, 11, -20, 16, 8, -22, 2, -19, -16, -15, 24, 5, 28, -3, -17, -6, 5, -1, 31, 2, 20, -21, 16, 15, -5, 3};
weight_hh[197] = {19, 10, -33, -28, -5, 7, 19, -8, 16, 5, 44, -41, 5, -9, -6, 8, -2, 35, 19, -7, 1, 14, 26, -8, 41, 2, 6, 2, 3, -3, 29, -5, 0, -4, 2, -2, -30, -9, -15, 15, -6, -11, 2, 3, -2, 9, -18, 8, -5, -9, 10, 24, 8, -7, -5, 4, 2, 97, 8, 14, -6, 7, 23, -30, -12, -3, 5, 8, 3, 46, -12, 24};
weight_hh[198] = {9, 9, 8, 38, 5, 3, 12, 28, 11, -18, 28, -35, -14, 39, 21, 0, -11, 6, 24, 1, -21, 8, -17, -6, 39, 53, -34, -1, 4, -8, -23, -25, 30, 32, -19, -27, 19, 45, -37, -1, -1, -23, 7, 7, 45, -1, -35, 35, -3, -11, 40, -74, 28, -6, -4, -8, 8, 0, 19, 19, -3, 38, 4, 27, -5, 2, 2, -6, 27, 17, -8, 12};
weight_hh[199] = {16, 17, 22, -9, 42, 8, -5, -8, 0, -15, 2, -11, 7, 6, 8, -29, 13, -6, 10, 8, 16, -4, 3, 40, -16, -14, 10, 25, -9, -12, 3, -19, -17, -9, -2, -22, -7, -1, -18, 7, -2, 21, 24, 25, 14, 7, 7, 40, -25, -29, -35, 5, 9, -24, -26, 19, 22, -27, -25, -24, -26, 18, 7, -28, -11, 15, 25, 25, -9, -7, -23, -24};
weight_hh[200] = {-42, 2, 7, 48, 3, 8, -42, -22, 9, 4, -29, 19, 10, -16, 18, 23, -42, 8, -11, 4, 10, 12, -9, 76, -5, 4, -73, -24, -31, -24, 52, -44, -46, 29, 13, 9, -7, -50, 37, -24, 21, 18, 1, 3, -4, 3, -47, 27, -2, -6, -18, 38, -11, 1, -5, -64, -8, 16, -12, -16, 2, 25, -14, -23, 25, 21, -1, 7, -14, 15, 9, -29};
weight_hh[201] = {14, 9, 9, -9, -13, 2, 16, 7, -16, 4, 0, -18, -3, -23, 3, -5, 12, 20, 1, -12, 5, 32, 5, -34, 1, -8, 77, -40, -26, -9, 17, 2, 5, 29, 19, 4, -6, -27, -20, 38, -25, -12, -6, -5, -7, -42, 6, 10, 4, -4, -42, 31, 18, 4, 6, -3, -4, 11, -29, 38, 5, -10, 40, -19, 13, -34, -9, 22, 92, -23, 12, 3};
weight_hh[202] = {61, 13, -19, 18, 27, -23, 4, -31, 37, -27, 9, -8, -26, -6, 35, 23, 26, -1, 25, 9, -7, -2, 17, 19, 81, -28, 10, 62, -8, -59, 22, -65, 23, -13, 29, -20, 38, 34, -57, -6, 9, 12, 14, 19, 31, -17, -12, 16, -16, -7, -4, -42, -5, -7, -20, -42, 12, -46, 13, 4, -12, 29, -2, 22, 11, 54, 13, -32, -6, 38, -23, -3};
weight_hh[203] = {-3, -26, -6, 0, 33, -10, 43, -16, -65, 2, 19, -15, -17, 2, -7, 9, 12, 13, 4, 18, 34, -7, -4, 14, 8, -4, 20, -5, 16, 49, -2, 14, -9, -26, -7, -6, -3, 24, -4, -13, 13, -11, -5, -5, -2, -14, -21, -65, 6, -7, 57, -25, -41, -3, 8, 14, 0, 8, 4, 7, -6, 10, -9, 77, -35, -7, 3, 25, 12, -18, 1, 13};
weight_hh[204] = {-2, 0, 41, 25, -17, -16, -23, 3, 18, 73, -17, -8, 19, -15, -1, 7, 22, 7, -5, 1, 6, -6, -3, 24, -29, -9, -17, 12, 2, -23, -2, -11, -30, 7, 24, -3, 43, -31, 53, -3, -11, -38, 15, 12, 15, -3, -33, 10, -10, -26, 10, -15, -22, -12, -8, 11, 11, -87, -17, 31, -9, -41, -6, -18, -12, 25, 9, -5, -12, -30, 51, 39};
weight_hh[205] = {66, -25, 12, -10, 13, -22, -10, -11, 8, 15, 41, -15, -16, 22, -13, -34, -6, 40, 12, -19, -15, -4, 57, -2, 82, 4, 8, -2, 48, -8, -5, 28, -27, -4, -4, 1, -3, 23, -27, 3, -22, -15, -3, -1, -14, 10, 11, 6, 4, -18, -17, 1, -4, -4, 4, -7, -12, 84, 9, 5, 1, 86, 18, -10, 8, -19, -5, -8, 12, 73, -12, -9};
weight_hh[206] = {-3, -1, -54, 7, 12, 5, 25, 5, -8, 6, -8, 8, 2, 26, 1, -12, -9, -6, 7, 36, -8, -25, 0, -52, 10, -28, -6, 3, 28, -41, -16, -4, -8, -11, 14, 2, 67, 24, -14, -15, 8, -30, 5, 10, 6, -4, -19, 13, -3, -27, 25, -42, -7, -10, -5, -19, 4, -121, 7, -13, -2, 11, 7, -12, -2, 18, 10, -16, -10, 2, 14, -35};
weight_hh[207] = {-32, 12, -3, 22, -77, 5, -18, -8, 51, -19, 5, 26, 15, 26, 28, -8, -2, -35, -1, 32, 12, -6, 37, 15, -7, 2, 26, -4, -15, -69, 34, 6, 24, -32, 91, 8, 11, 16, -18, 0, -19, -19, -8, -4, -4, 11, -3, 20, 6, -4, -6, -1, 42, 5, 3, -13, 0, -39, -8, -17, 7, -45, -42, -9, 16, 32, -2, -27, -18, 20, 8, -39};
weight_hh[208] = {26, 18, 36, -18, -47, -18, -35, 34, 17, -10, 21, -13, 2, 28, 46, -55, 48, 1, 25, 17, 8, -49, -32, 0, -1, 4, -7, 41, 29, -13, -22, -3, -14, 4, 19, -5, 16, 8, -37, -3, -14, 5, 2, -5, 27, 18, 28, -19, 1, -31, 21, -54, -24, 1, 6, 17, -3, -37, -17, -4, 11, 55, 16, -23, 9, -10, -9, 37, -11, 28, -15, 32};
weight_hh[209] = {52, 2, -3, 35, 28, -29, -24, -36, -23, 1, 40, -32, -38, 16, 67, 33, 8, -20, 35, -5, 8, 9, 17, -5, 37, -11, 33, -25, 29, 8, 28, -26, -8, -17, -9, -22, 4, -14, -3, 5, -21, 5, 13, 9, 27, -8, -9, 9, -7, -2, 1, 18, -36, -4, -8, -17, 10, 11, -4, 51, -8, -21, 15, 34, 61, 4, 7, -14, 9, 46, -13, -39};
weight_hh[210] = {-18, -4, 8, -7, -24, 22, -6, -1, 1, 31, -14, 20, 5, -5, -10, 6, 11, -14, -37, 17, 31, -6, 11, 10, -17, 2, 4, -12, 15, -7, 3, -3, 22, -12, 8, 11, 20, -9, 26, -5, -5, 10, 2, 2, -37, -1, -6, -21, -1, -1, -30, 55, 13, -1, 0, -8, 0, 9, -37, -9, -1, -10, 5, 8, -11, 10, 0, 1, -15, -26, -6, 19};
weight_hh[211] = {-15, 38, 23, 12, -5, -6, -21, -6, 8, 4, -3, 4, -62, -39, -22, -21, 5, 14, -9, -26, 7, 8, -17, -7, -5, 26, -6, -17, -6, 41, 0, -15, 24, 1, -14, 28, -5, -7, 17, 23, 18, -8, -25, -17, -11, 31, 8, -5, 25, 67, -18, 40, 24, 20, 23, -26, -17, 35, 41, 6, 16, -1, 8, 26, 50, -17, -24, -19, -5, -13, 13, -26};
weight_hh[212] = {23, 8, -12, 20, 1, 7, 4, -10, -26, -11, 27, -34, 0, -12, -11, -3, -16, -21, 18, 0, 36, -37, -1, -28, 6, 7, -5, -6, 40, -25, -9, -12, -8, -5, 5, -6, 28, -9, 0, 14, 18, 10, 1, 3, 22, -20, 10, 36, -2, 8, -6, 21, -5, -2, -2, -23, 5, -12, 28, -4, -1, 4, 3, 4, -2, -29, 1, 8, 22, 22, -1, 27};
weight_hh[213] = {57, 2, 48, 38, -5, 18, 8, -2, -14, -1, -8, -2, -34, 42, 32, -59, 2, -14, 13, 38, 0, -38, 0, -17, -28, -5, 5, 33, 12, -21, -39, -41, 14, -7, -32, -5, 29, 20, 6, 25, -67, 4, 17, 16, 12, -22, 17, -14, -11, -62, 9, -16, -23, -17, -6, 15, 12, -40, 17, -34, -18, 20, 60, -30, -55, 10, 13, 7, -8, -8, -10, -5};
weight_hh[214] = {-26, -3, 9, -4, -2, -2, -3, -3, 68, 2, -7, -23, -27, -9, 13, -5, -15, -12, 3, -10, 20, 13, 4, -26, -53, -35, 11, 10, -17, -12, 21, -29, 14, -18, 24, -1, -7, -25, 5, 6, 16, 18, -1, -1, -8, -20, 1, 36, -2, -6, -12, 15, 28, -3, -4, -1, 0, -3, 20, 1, 0, -35, -14, -46, 54, -2, 2, -7, -8, -17, 4, -2};
weight_hh[215] = {11, 18, -7, 17, 9, -21, 10, -6, -27, -1, 13, -11, -16, 11, -17, -6, 16, 5, -4, -37, -20, -14, -6, 0, 84, -1, 10, 6, 16, 2, -50, 35, 12, 2, -35, 12, 45, 15, -131, 19, -9, -6, -16, -17, -3, 10, -10, 24, 14, 30, -8, -14, 25, 17, 14, 3, -5, 19, 31, -8, 11, 59, -12, 23, -14, -35, -17, -13, 30, 40, 7, -14};

Bias_hh (8 bit):
 {2535, -268, -2044, 657, 1892, -327, -258, 1512, 124, -1442, 1976, -1890, 354, -1729, 777, -1101, -3354, -17, -692, -1541, 700, 411, 350, -1814, -1825, 1385, 1840, 1704, 1938, 1039, -1348, -206, -545, 157, 261, 1866, 1693, -180, 142, -1442, 1840, -1111, -1975, -1953, -1188, -135, -1183, -386, 1981, 3539, 541, -1597, 1701, 2004, 1966, -1171, -1804, -1832, 2118, 756, 1912, -1017, 297, 1135, -620, -2284, -1970, 1745, 1661, -997, 1572, -1283, 1670, 358, 2196, 2949, 205, 1859, 1655, -890, 129, -1124, 147, -1030, 382, 741, 3202, 1089, 2482, 1093, -875, -2229, -269, -38, 1408, 900, 999, 1492, 2647, 2132, 3292, 1899, 2669, 1597, -237, 2742, 1089, -1313, 3584, -609, 1351, 415, 1318, -921, -474, -491, -2247, 714, 2063, -33, -523, -611, -1910, -1435, 2551, -529, -494, 1733, -451, 4641, -323, 1010, -588, 329, -393, 666, 835, 83, -549, 1462, 686, 399, -1545, -842, 115, -460, 40, 1115, 597, 733, 167, 1417, 1587, 844, -23, 48, -895, 886, 1045, 79, 1457, 514, 1049, 822, -167, 1013, 31, 69, 853, 671, 747, 202, 73, 341, 428, 286, -484, -91, 772, 747, 527, 1212, 882, 931, 1007, 501, 887, 881, 1414, 134, 107, -926, 889, 990, 309, 1747, -404, 900, 882, 367, 844, 989, 1210, 1046, 836, 733, 803, -624, 632, 1124, 877, -290, 917, 804, 1017, -1130};
