0 0 -1
27 2 -1
35 3 -1
86 11 1
87 1 1
137 0 -1
183 5 -1
193 8 -1
247 3 -1
258 0 -1
271 1 -1
274 2 -1
285 4 1
438 1 -1
441 3 1
446 7 1
473 24 -1
473 18 -1
505 2 1
527 0 -1
537 9 -1
627 1 1
701 0 1
731 6 -1
742 2 -1
825 1 -1
849 3 -1
849 0 -1
914 4 1
914 10 1
1010 1 1
1043 3 1
1139 5 1
1141 0 -1
1172 8 -1
1198 1 -1
1215 2 1
1220 7 -1
1231 6 -1
1276 4 -1
1298 0 1
1344 3 -1
1354 12 1
1440 2 -1
1486 0 1
1575 1 -1
1591 9 1
1601 5 -1
1634 0 -1
1643 4 1
1671 2 1
1677 6 -1
1748 1 -1
1768 0 -1
1790 3 -1
1921 0 1
1922 1 -1
1946 7 1
2010 5 -1
2031 3 -1
2056 0 1
2107 11 1
2144 2 -1
2171 10 1
2246 6 1
2252 3 1
2276 1 1
2324 4 -1
2327 0 -1
2365 13 -1
2378 2 1
2457 1 -1
2461 5 1
2462 0 -1
2472 9 -1
2478 3 -1
2570 0 1
2612 2 -1
2655 4 1
2663 1 1
2719 3 -1
2730 6 1
2800 0 -1
2900 0 1
2902 5 -1
2940 3 1
3010 16 1
3018 0 1
3018 1 -1
3030 4 -1
3090 2 1
3117 8 1
3122 6 -1
3165 3 -1
3203 1 1
3254 0 -1
3338 2 1
3391 1 -1
3397 26 -1
3402 5 -1
3429 7 1
3429 0 -1
3493 10 -1
3536 6 -1
3563 2 -1
3569 9 1
3574 1 -1
3587 0 1
3692 3 -1
3708 0 1
3723 4 1
3772 1 -1
3794 2 1
3819 0 -1
3875 5 1
3934 3 -1
3957 1 1
3988 0 -1
4009 8 -1
4031 2 -1
4106 11 1
4106 4 -1
4114 7 -1
4122 1 1
4149 0 1
4154 3 1
4170 19 1
4251 2 1
4299 12 -1
4423 0 -1
4469 4 1
4477 2 -1
4497 1 1
4520 0 -1
4557 6 -1
4611 9 1
4622 3 -1
4665 0 1
4682 1 -1
4803 4 -1
4842 3 1
4848 7 1
4858 5 1
4880 1 1
4928 2 -1
4961 10 -1
4966 0 -1
4966 8 1
5009 6 1
5068 3 -1
5073 0 1
5130 4 -1
5138 13 1
5178 0 1
5181 2 -1
5267 1 1
5337 5 1
5407 2 1
5452 1 -1
5460 20 -1
5460 21 1
5467 0 1
5480 4 1
5525 6 -1
5530 3 1
5581 0 -1
5614 1 -1
5726 0 1
5740 5 1
5756 3 -1
5847 4 -1
5869 2 1
5915 0 1
5968 1 1
5992 3 -1
6070 0 1
6119 2 1
6162 1 -1
6170 12 -1
6224 3 -1
6225 0 -1
6299 9 -1
6310 6 -1
6339 1 1
6345 2 -1
6396 7 1
6406 14 1
6406 0 -1
6417 3 1
6525 1 1
6565 4 -1
6613 3 -1
6683 0 -1
6710 1 -1
6718 5 -1
6783 0 1
6820 2 1
6879 8 -1
6890 6 1
6895 4 -1
6896 1 1
6906 0 -1
6911 3 1
7051 2 -1
7077 1 -1
7081 7 -1
7135 0 1
7191 5 1
7234 4 -1
7253 0 1
7288 2 1
7331 9 -1
7374 3 -1
7376 0 1
7427 1 -1
7438 6 -1
7594 3 1
7601 0 -1
7609 1 1
7696 5 1
7696 15 1
7724 0 -1
7771 2 -1
7782 7 1
7814 1 -1
7820 3 -1
7831 0 1
7911 8 -1
7927 10 -1
7935 0 1
7968 4 -1
8013 2 1
8040 11 -1
8097 0 -1
8169 1 1
8212 12 -1
8212 9 -1
8239 0 1
8255 2 -1
8282 3 1
8298 22 -1
8306 4 1
8355 1 -1
8395 0 -1
8406 6 -1
8508 3 -1
8524 1 -1
8657 4 -1
8669 5 -1
8674 0 1
8728 2 1
8750 3 -1
8772 0 -1
8846 6 1
8899 1 -1
8900 18 -1
8922 8 -1
8932 0 -1
8954 2 -1
9072 16 1
9084 1 1
9147 5 1
9185 7 1
9185 2 1
9190 0 -1
9201 17 -1
9266 1 1
9287 3 -1
9325 0 -1
9330 4 -1
9346 10 1
9405 6 -1
9429 0 1
9439 1 -1
9507 3 1
9599 5 -1
9620 1 -1
9655 2 -1
9709 4 -1
9729 0 -1
9733 3 -1
9803 6 1
9810 1 1
9851 0 -1
9862 7 1
9881 2 1
9889 11 1
9975 3 -1
9988 0 -1
10015 1 1
10061 5 1
10080 4 1
10117 2 -1
10168 9 -1
10195 3 1
10195 6 -1
10245 0 -1
10343 0 1
10366 1 -1
10421 3 -1
10469 0 1
10534 14 1
10555 13 1
10559 1 1
10561 5 1
10593 2 1
10636 7 -1
10641 6 -1
10652 10 -1
10663 3 -1
10691 0 -1
10743 1 -1
10781 4 1
10816 0 -1
10819 2 -1
10926 0 -1
10964 8 1
11018 5 -1
11050 2 1
11109 3 -1
11114 1 -1
11136 23 -1
11136 25 -1
11136 9 -1
11139 0 -1
11152 4 -1
11168 6 -1
11286 2 -1
11301 1 -1
11304 0 -1
11351 3 -1
11415 0 -1
11485 1 1
11490 4 1
11491 5 1
11507 2 1
11571 3 1
11759 2 1
11762 0 1
11870 1 1
11912 0 -1
11953 11 1
11985 2 -1
12039 1 1
12039 8 1
12082 15 -1
12098 3 1
12101 0 1
12144 7 1
12146 9 -1
12168 6 -1
12176 4 -1
12219 0 1
12234 1 -1
12324 3 -1
12379 0 -1
12414 1 -1
12415 5 1
12461 2 1
12485 0 -1
12498 4 -1
12512 12 -1
12533 3 1
12587 6 -1
12587 1 1
12590 0 1
12697 2 -1
12782 1 -1
12829 7 1
12829 0 1
12869 4 1
12925 5 1
12926 2 1
12927 0 -1
12936 3 -1
12963 8 -1
12974 1 1
13108 0 -1
13124 6 -1
13135 3 1
13232 10 1
13345 3 1
13365 1 1
13374 0 -1
13382 2 1
13441 5 1
13490 13 1
13538 3 -1
13538 7 -1
13545 0 -1
13546 1 1
13627 4 1
13630 2 1
13691 0 -1
13728 1 -1
13737 3 1
13858 2 -1
13947 3 1
13973 19 1
13974 4 -1
13984 0 -1
14038 9 -1
14065 6 -1
14081 0 1
14105 1 -1
14140 3 -1
14233 0 -1
14292 1 1
14334 2 1
14344 5 1
14346 0 -1
14352 4 1
14453 1 1
14463 0 -1
14489 6 -1
14522 10 1
14565 2 -1
14567 0 1
14640 3 -1
14661 14 1
14678 0 -1
14769 5 1
14796 2 1
14820 1 1
14833 12 1
14860 3 1
14887 8 1
14936 0 -1
14989 4 1
15005 6 -1
15006 16 -1
15026 1 -1
15038 7 -1
15044 0 1
15048 2 -1
15091 9 -1
15156 0 -1
15188 3 1
15211 1 -1
15247 5 1
15274 2 1
15312 4 1
15433 0 1
15511 2 -1
15521 17 -1
15534 0 -1
15558 1 -1
15597 3 -1
15675 4 -1
15688 0 1
15723 7 1
15731 2 1
15751 1 -1
15790 3 1
15844 8 -1
15908 10 -1
15920 1 -1
15951 0 -1
15957 6 -1
15986 3 -1
15994 11 1
16016 9 -1
16053 0 1
16102 4 -1
16177 5 1
16177 0 1
16209 15 -1
16209 2 -1
16231 13 -1
16297 1 -1
16311 0 -1
16392 3 1
16424 4 -1
16440 2 1
16462 0 1
16469 1 -1
16499 6 1
16537 7 1
16588 3 -1
16623 0 -1
16628 5 -1
16650 1 1
16685 2 1
16733 0 1
16747 8 1
16768 12 1
16800 3 -1
16803 4 1
16951 6 -1
16959 0 -1
17013 1 1
17048 9 -1
17088 0 -1
17101 5 1
17147 2 1
17150 7 1
17154 4 -1
17190 3 -1
17208 1 -1
17273 0 -1
17376 2 -1
17400 1 1
17402 3 -1
17435 6 -1
17542 0 1
17623 3 1
17623 2 -1
17677 0 -1
17767 1 -1
17781 0 1
17819 4 -1
17843 7 -1
17929 11 -1
17934 6 -1
17951 9 -1
17952 1 1
18002 0 -1
18058 5 1
18090 3 -1
18104 2 1
18129 0 -1
18154 1 -1
18190 4 -1
18244 0 -1
18311 3 1
18323 1 -1
18332 2 -1
18343 0 1
18359 28 -1
18359 21 -1
18359 18 1
18381 6 -1
18456 0 1
18464 7 -1
18512 4 -1
18512 1 1
18536 3 -1
18537 5 1
18563 2 1
18574 0 1
18679 0 -1
18694 1 -1
18746 10 -1
18789 14 1
18789 8 1
18800 2 -1
18811 9 1
18863 1 -1
18921 0 -1
18950 6 1
18999 3 1
19009 5 -1
19020 0 1
19020 2 1
19101 7 -1
19161 0 -1
19224 3 -1
19250 1 -1
19273 2 1
19278 4 1
19431 1 1
19466 3 -1
19466 0 -1
19498 2 -1
19605 1 1
19644 0 -1
19657 4 -1
19714 8 -1
19757 9 1
19805 0 1
19826 6 -1
19864 11 -1
19959 1 -1
19961 2 -1
19977 5 1
20004 10 -1
20017 0 -1
20041 3 1
20076 4 -1
20149 1 1
20176 2 1
20178 0 1
20240 6 -1
20267 3 -1
20358 1 1
20366 0 1
20423 20 -1
20426 2 1
20466 5 -1
20487 7 -1
20509 3 -1
20514 0 -1
20651 0 -1
20702 8 -1
20715 1 -1
20729 3 1
20772 0 -1
20778 6 -1
20842 4 -1
20885 2 1
20901 1 1
20917 0 -1
20955 3 -1
20966 5 -1
20982 12 -1
21092 1 -1
21114 2 -1
21159 0 1
21173 4 -1
21197 3 -1
21229 7 1
21249 1 -1
21257 0 -1
21342 2 1
21390 10 1
21393 0 -1
21417 3 1
21435 1 1
21511 4 1
21624 0 1
21636 1 -1
21638 8 1
21713 6 1
21734 9 1
21764 0 1
21820 2 -1
21830 1 1
21842 13 -1
21858 4 1
21869 5 -1
21885 3 -1
21914 7 -1
21949 0 1
21971 17 1
22057 2 1
22105 3 1
22160 1 1
22229 6 -1
22237 4 -1
22273 0 -1
22277 2 -1
22331 3 -1
22336 5 1
22346 1 -1
22391 0 -1
22531 1 -1
22551 0 1
22616 6 1
22624 4 -1
22626 8 1
22627 9 1
22691 0 -1
22755 2 1
22761 10 -1
22798 5 -1
22855 0 1
22868 3 -1
22900 1 -1
22917 14 1
22954 4 -1
22965 0 -1
23005 2 1
23087 1 -1
23102 0 -1
23115 3 -1
23218 2 1
23261 1 1
23304 12 1
23391 0 -1
23422 7 -1
23443 3 -1
23537 0 -1
23572 6 1
23605 8 -1
23628 1 -1
23640 4 1
23669 9 1
23685 0 1
23712 2 -1
23787 5 1
23833 3 -1
23837 1 -1
23965 2 -1
23981 0 -1
23991 11 -1
24002 4 -1
24018 1 1
24045 3 -1
24088 0 1
24121 6 -1
24139 7 1
24180 1 1
24186 0 -1
24188 2 1
24239 3 1
24249 5 -1
24325 10 -1
24353 1 1
24373 4 1
24435 3 -1
24456 0 1
24518 6 1
24518 8 1
24536 1 -1
24569 0 -1
24647 3 -1
24650 2 1
24701 5 1
24724 1 -1
24749 0 -1
24776 7 1
24808 12 -1
24809 13 -1
24841 3 1
24876 0 -1
24878 2 -1
24997 0 -1
25037 3 -1
25088 6 -1
25104 2 1
25107 4 1
25115 1 1
25136 0 -1
25152 15 -1
25158 5 -1
25271 0 -1
25302 1 -1
25437 4 1
25459 3 1
25487 0 -1
25488 1 1
25529 6 1
25539 9 1
25577 2 -1
25605 0 -1
25674 5 -1
25679 10 1
25701 3 1
25717 0 -1
25808 2 1
25828 4 1
25842 1 -1
25905 16 -1
25975 3 1
25996 0 1
26030 1 1
26034 11 -1
26045 2 -1
26088 6 -1
26098 19 1
26114 7 -1
26120 5 1
26133 0 1
26175 1 -1
26265 2 1
26292 0 -1
26442 3 -1
26485 6 1
26518 2 1
26518 9 -1
26550 1 -1
26558 4 1
26571 0 -1
26572 8 1
26582 5 -1
26663 3 1
26716 0 1
26743 2 -1
26747 1 1
26824 7 1
26864 0 -1
26888 3 -1
26896 4 1
26925 1 1
26993 2 -1
27044 14 1
27098 10 -1
27106 1 -1
27168 0 1
27231 4 -1
27279 1 -1
27286 0 1
27324 6 -1
27351 3 1
27439 0 -1
27453 9 1
27455 2 -1
27469 1 1
27474 8 -1
27517 13 1
27533 7 -1
27549 4 -1
27571 5 1
27576 3 -1
27654 1 -1
27684 2 1
27686 0 -1
27799 0 1
27818 3 -1
27850 6 -1
27896 4 -1
27904 11 1
27912 0 -1
27931 2 1
28029 1 1
28038 3 1
28065 5 1
28135 0 -1
28162 7 -1
28231 1 1
28245 0 1
28264 3 -1
28267 4 -1
28334 6 -1
28358 0 -1
28388 2 1
28412 1 1
28420 17 -1
28485 8 -1
28517 5 -1
28528 3 -1
28589 4 -1
28624 2 -1
28657 0 -1
28783 1 -1
28786 0 -1
28818 3 1
28845 2 1
28850 12 1
28888 7 1
28933 0 1
28968 1 1
29060 0 1
29154 1 -1
29158 0 -1
29221 3 -1
29264 0 1
29269 6 -1
29323 2 -1
29327 4 1
29420 3 1
29430 5 -1
29431 0 1
29508 1 1
29560 2 1
29597 7 -1
29629 3 1
29667 9 1
29690 1 -1
29710 15 1
29718 0 1
29734 4 1
29780 2 -1
29807 6 -1
29871 1 1
29898 0 1
29914 5 1
29936 10 -1
30011 0 1
30022 3 1
30032 2 -1
30065 4 1
30077 1 -1
30230 1 -1
30231 3 1
30233 0 -1
30258 2 1
30266 7 -1
30290 13 -1
30351 0 -1
30355 6 1
30419 8 1
30423 1 1
30425 3 -1
30430 5 1
30462 0 -1
30505 2 -1
30617 1 -1
30656 9 1
30707 0 1
30742 22 1
30745 2 1
30782 4 1
30849 3 1
30884 0 1
30956 1 1
31046 3 -1
31070 0 1
31123 1 1
31133 4 -1
31145 10 -1
31172 6 -1
31172 14 1
31191 0 1
31199 2 1
31258 3 -1
31322 1 -1
31360 0 1
31365 5 1
31365 12 1
31441 8 1
31443 2 1
31467 4 -1
31521 0 -1
31629 0 1
31647 3 -1
31666 9 1
31672 2 -1
31677 1 1
31688 6 -1
31758 7 -1
31801 5 -1
31838 16 -1
31860 3 -1
31871 0 1
31873 1 -1
31975 0 1
32032 11 1
32052 1 -1
32053 3 1
32131 0 -1
32134 2 -1
32161 6 -1
32245 4 1
32257 5 1
32381 2 -1
32397 8 -1
32403 0 -1
32419 10 1
32421 1 -1
32462 3 -1
32556 7 -1
32556 0 -1
32601 6 1
32612 1 1
32612 2 1
32620 4 -1
32655 3 1
32677 0 -1
32677 9 1
32730 5 -1
32814 1 -1
32851 3 -1
32900 0 1
32967 13 1
32983 4 1
33002 0 -1
33007 1 1
33069 2 1
33104 0 1
33150 6 -1
33160 5 1
33181 1 1
33273 7 1
33279 0 1
33305 4 1
33322 2 1
33362 1 -1
33365 3 -1
33445 0 -1
33494 12 -1
33535 1 -1
33537 6 1
33547 2 -1
33577 0 -1
33580 3 1
33585 5 1
33590 9 1
33709 17 1
33717 4 1
33722 0 1
33752 15 1
33776 3 -1
33778 2 1
33880 11 -1
33929 6 -1
33930 1 -1
33945 0 -1
34031 2 1
34055 0 1
34087 4 -1
34095 5 1
34116 1 1
34156 0 -1
34181 3 1
34257 2 -1
34317 1 1
34378 3 -1
34415 0 -1
34458 4 1
34493 8 -1
34507 2 -1
34515 7 1
34536 9 1
34544 0 -1
34590 3 -1
34687 0 -1
34700 1 1
34783 3 1
34896 1 -1
34939 0 -1
34969 2 -1
34980 3 -1
35004 5 1
35031 6 -1
35044 0 1
35079 1 1
35095 4 1
35095 10 -1
35141 0 -1
35192 3 -1
35192 7 -1
35197 2 1
35381 0 -1
35385 3 1
35412 2 -1
35418 4 1
35428 1 -1
35428 5 1
35428 6 1
35485 0 1
35493 9 1
35514 8 1
35599 1 -1
35603 0 1
35708 13 -1
35780 4 -1
35781 1 1
35845 0 1
35858 5 -1
35864 3 -1
35872 2 -1
35934 7 1
35944 11 -1
35951 0 -1
35960 1 -1
35987 6 -1
36076 0 -1
36100 2 1
36107 1 1
36159 12 -1
36165 3 1
36245 21 1
36299 0 1
36300 1 -1
36347 2 1
36396 3 1
36417 0 1
36439 8 -1
36450 10 1
36466 4 1
36490 1 1
36522 0 1
36752 0 -1
36799 3 -1
36804 16 -1
36815 2 1
36847 5 1
36857 4 1
36861 1 -1
36870 0 -1
36922 6 1
36976 0 1
36998 3 1
37035 2 -1
37046 1 1
37100 0 -1
37207 3 1
37211 4 -1
37219 1 1
37226 0 -1
37288 2 -1
37304 7 -1
37342 8 1
37363 5 1
37374 0 1
37406 6 1
37449 18 -1
37471 9 1
37495 0 1
37586 1 1
37600 3 1
37764 2 1
37799 0 1
37800 1 1
37809 3 1
37815 5 -1
37897 0 -1
37905 4 1
37944 6 -1
37976 2 1
37977 1 1
37981 7 1
38003 3 -1
38008 11 -1
38008 0 -1
38062 10 1
38202 3 1
38223 2 1
38279 4 -1
38288 13 1
38344 1 1
38352 0 1
38352 8 1
38411 3 1
38478 0 1
38523 1 -1
38610 4 1
38632 9 -1
38653 0 -1
38675 5 1
38680 2 1
38707 7 -1
38711 1 -1
38717 3 -1
38886 0 -1
38911 6 -1
38933 2 1
38938 3 1
38981 4 -1
38997 30 1
39040 12 -1
39045 0 -1
39062 17 -1
39110 1 1
39137 5 -1
39156 0 1
39174 2 -1
39266 0 1
39266 8 -1
39298 6 1
39299 1 -1
39341 14 1
39372 4 1
39376 3 -1
39389 0 1
39432 7 1
39487 0 -1
39491 1 1
39577 5 1
39588 3 -1
39596 0 -1
39647 2 -1
39685 6 -1
39728 9 -1
39731 4 -1
39771 11 1
39782 3 1
39835 0 1
39856 1 -1
39895 2 -1
39946 0 1
40018 5 -1
40049 4 -1
40061 7 1
40065 1 -1
40067 0 1
40126 2 1
40179 8 1
40190 3 -1
40234 1 -1
40255 6 1
40290 0 -1
40384 3 1
40451 0 1
40497 10 1
40534 5 -1
40580 3 -1
40580 2 1
40588 0 -1
40609 1 -1
40706 7 -1
40779 4 -1
40803 6 -1
40803 1 1
40806 0 1
40814 2 -1
40902 0 -1
40972 1 -1
40980 5 1
41002 3 1
41021 0 -1
41034 2 1
41117 4 -1
41125 0 1
41195 3 -1
41200 6 1
41254 0 -1
41287 2 1
41347 1 -1
41364 0 1
41394 3 1
41416 7 1
41426 5 1
41472 4 1
41475 0 1
41512 2 -1
41549 1 1
41604 3 1
41663 12 -1
41682 0 1
41716 1 -1
41760 2 -1
41770 6 -1
41786 10 -1
41805 3 -1
41835 11 1
41870 0 -1
41883 1 -1
41988 2 1
41996 0 -1
42007 9 -1
42017 3 -1
42077 1 1
42093 26 1
42136 8 -1
42205 4 -1
42211 3 1
42262 1 -1
42281 0 1
42377 5 -1
42379 0 -1
42443 1 1
42453 2 1
42496 0 -1
42617 4 -1
42619 3 -1
42695 15 1
42700 2 1
42781 9 1
42794 1 -1
42802 0 -1
42813 3 1
42850 5 1
42872 6 1
42926 2 -1
42936 0 -1
42971 4 1
42975 1 1
42979 7 1
43009 3 -1
43055 0 1
43103 8 -1
43161 1 -1
43221 10 1
43254 16 -1
43264 6 -1
43318 5 -1
43334 0 1
43393 2 -1
43415 3 1
43512 14 1
43517 0 1
43548 1 -1
43614 2 1
43627 0 -1
43646 3 1
43657 7 -1
43662 6 1
43673 13 1
43683 12 -1
43705 4 1
43737 1 1
43834 11 1
43839 3 -1
43842 0 1
43866 2 1
43931 1 -1
43939 0 -1
44006 8 1
44066 0 -1
44071 9 1
44076 4 -1
44248 3 1
44275 5 1
44296 0 -1
44304 1 -1
44342 2 -1
44414 0 1
44441 3 -1
44463 7 -1
44471 4 1
44491 1 1
44522 0 1
44576 2 1
44632 1 -1
44640 3 1
44742 0 -1
44748 5 -1
44780 6 1
44804 2 -1
44838 1 -1
44854 4 -1
44890 0 1
45033 2 1
45043 3 -1
45049 0 -1
45055 1 -1
45178 0 -1
45188 4 -1
45221 6 -1
45221 1 -1
45242 3 1
45258 5 -1
45280 2 1
45288 0 1
45382 1 -1
45417 0 1
45452 3 1
45506 2 -1
45532 18 1
45579 4 -1
45616 0 -1
45715 2 -1
45753 1 1
45769 6 1
45849 0 1
45866 7 -1
45876 3 -1
45890 4 -1
45898 13 -1
45946 1 -1
45962 0 1
45984 8 -1
46070 3 1
46078 0 1
46091 10 1
46132 1 1
46183 5 -1
46183 2 1
46266 3 -1
46285 9 1
46373 0 -1
46414 2 -1
46473 0 1
46511 7 -1
46511 1 1
46615 4 -1
46640 0 1
46650 15 1
46650 2 1
46672 3 1
46677 5 -1
46716 1 -1
46725 6 1
46736 17 -1
46844 0 1
46868 3 -1
46910 1 -1
46994 4 1
46997 0 -1
47005 8 -1
47080 3 -1
47121 0 -1
47123 7 -1
47123 2 -1
47128 5 1
47247 0 -1
47256 1 -1
47263 6 -1
47321 4 1
47327 2 -1
47338 14 -1
47383 0 -1
47409 1 -1
47446 9 -1
47481 3 -1
47489 0 1
47510 20 1
47510 10 -1
47553 11 1
47577 2 -1
47593 0 1
47603 1 1
47661 6 1
47693 3 -1
47780 1 -1
47878 0 1
47886 3 1
47940 8 1
47970 1 1
47983 12 1
48026 4 -1
48040 0 -1
48042 2 -1
48053 6 -1
48082 3 -1
48123 5 -1
48159 1 -1
48166 0 -1
48273 2 1
48295 3 -1
48357 1 1
48381 4 1
48453 0 1
48521 2 1
48550 0 -1
48574 5 1
48585 3 -1
48596 6 1
48623 7 -1
48628 9 1
48671 16 1
48671 0 -1
48715 1 -1
48735 4 1
48746 2 -1
48821 3 -1
48897 10 1
48913 1 1
48921 0 1
48975 2 1
49047 5 -1
49098 0 1
49106 1 -1
49122 6 1
49203 2 -1
49219 0 1
49268 3 1
49316 13 1
49356 7 1
49413 4 -1
49426 0 -1
49437 2 1
49461 3 -1
49477 1 1
49531 11 1
49582 0 1
49660 3 1
49660 9 1
49671 6 1
49671 1 1
49689 0 -1
49735 4 -1
49829 0 -1
49848 1 1
49853 8 -1
49907 5 1
49913 2 -1
49993 7 -1
50094 4 1
50114 0 1
50146 2 1
50181 3 1
50221 1 1
50240 12 -1
50243 0 1
50348 19 1
50351 2 1
50353 0 -1
50392 1 -1
50402 5 1
50449 4 -1
50488 3 -1
50525 7 1
50557 1 -1
50595 6 1
50673 0 -1
50751 3 1
50756 8 1
50791 4 1
50791 0 -1
50799 9 -1
50805 2 1
50864 15 -1
50908 1 -1
50934 5 1
50952 0 1
51071 2 1
51082 1 -1
51106 4 -1
51154 3 1
51197 6 -1
51200 0 -1
51271 1 1
51291 7 -1
51299 2 -1
51310 0 -1
51315 11 -1
51364 3 1
51417 0 1
51484 4 -1
51515 0 -1
51568 3 -1
51649 8 -1
51659 6 -1
51678 1 -1
51681 0 -1
51756 2 -1
51767 3 1
51820 0 -1
51859 1 1
51874 9 -1
51901 5 -1
51947 0 -1
51976 7 1
51982 3 1
51995 2 1
52035 1 1
52111 12 -1
52121 4 -1
52154 10 -1
52189 0 -1
52229 2 -1
52253 3 1
52288 0 1
52369 5 1
52404 1 1
52420 0 1
52432 4 -1
52460 2 1
52524 6 1
52543 3 -1
52593 1 -1
52613 7 1
52639 0 -1
52691 8 -1
52705 2 1
52745 0 1
52766 4 -1
52795 1 1
52868 5 1
52890 0 -1
52933 2 -1
52960 3 1
53057 6 1
53100 18 -1
53163 1 1
53175 0 -1
53199 2 -1
53207 9 -1
53234 3 1
53341 0 -1
53391 1 1
53446 0 1
53448 4 -1
53558 0 -1
53581 1 -1
53618 2 1
53621 3 -1
53659 8 1
53665 0 -1
53701 6 1
53706 4 1
53718 10 -1
53760 1 1
53820 0 1
53830 5 1
53831 16 1
53831 2 1
53907 1 -1
53972 0 -1
54032 7 1
54078 2 1
54096 4 -1
54105 1 1
54153 3 -1
54196 0 1
54268 1 1
54308 0 1
54336 5 1
54414 0 -1
54475 3 -1
54508 2 -1
54572 8 -1
54584 1 1
54669 13 -1
54674 6 1
54734 2 1
54742 7 -1
54744 0 1
54750 1 1
54755 3 1
54802 4 -1
54809 5 -1
54881 0 -1
54905 11 -1
54937 1 1
54959 2 -1
55026 0 -1
55088 10 1
55142 6 1
55161 4 1
55163 3 -1
55241 0 1
55282 5 1
55306 1 -1
55354 7 -1
55357 3 1
55381 0 -1
55389 2 1
55400 9 -1
55451 4 -1
55491 1 1
55503 0 -1
55507 20 1
55540 6 -1
55553 3 -1
55593 8 -1
55636 2 1
55643 0 -1
55677 1 -1
55755 0 -1
55765 3 -1
55765 14 -1
55835 5 -1
55851 2 1
55862 0 1
56003 1 -1
56029 3 -1
56034 0 1
56088 19 -1
56099 2 1
56168 4 -1
56174 9 1
56189 1 1
56287 5 1
56324 3 1
56330 2 -1
56346 0 1
56346 1 1
56394 6 -1
56496 0 -1
56520 3 -1
56523 1 -1
56561 2 1
56571 4 1
56615 0 -1
56668 17 1
56701 1 1
56711 12 -1
56792 2 -1
56805 7 -1
56840 5 1
56881 0 -1
56882 1 -1
56946 4 -1
56969 11 -1
57028 0 1
57034 9 -1
57066 3 1
57066 6 -1
57071 1 1
57214 0 1
57222 2 1
57324 3 1
57399 8 -1
57422 1 -1
57485 2 1
57493 0 1
57523 7 1
57533 3 1
57539 6 -1
57571 24 -1
57594 0 -1
57611 1 1
57644 4 1
57722 2 -1
57781 0 -1
57801 1 -1
57840 5 -1
57861 13 -1
57894 0 1
57926 3 1
58023 4 -1
58040 0 -1
58087 10 -1
58135 3 1
58158 0 -1
58172 1 -1
58195 2 1
58216 8 -1
58248 7 -1
58310 0 1
58337 3 -1
58347 1 1
58369 4 1
58399 5 1
58415 2 -1
58543 1 -1
58555 0 1
58565 6 -1
58603 29 -1
58603 15 -1
58670 0 1
58670 2 -1
58732 12 1
58743 3 1
58797 0 1
58850 5 -1
58920 1 -1
58939 3 -1
58968 6 1
58990 11 -1
59001 0 -1
59012 9 1
59098 8 1
59099 1 1
59124 0 -1
59132 2 -1
59139 4 -1
59151 3 -1
59229 0 1
59244 1 -1
59345 3 1
59358 2 1
59388 6 1
59437 1 1
59471 0 1
59554 4 -1
59568 0 -1
59608 2 1
59619 1 -1
59662 3 -1
59756 0 -1
59764 10 -1
59807 9 -1
59816 1 1
59834 2 -1
59871 3 1
59893 14 -1
59893 7 -1
59914 5 -1
59957 4 -1
59994 1 1
60045 0 -1
60065 2 1
60081 3 1
60154 0 -1
60275 0 -1
60301 6 -1
60302 2 -1
60312 13 -1
60348 1 -1
60366 5 1
60473 3 1
60481 0 -1
60516 12 -1
60522 7 -1
60522 2 1
60538 1 1
60643 0 1
60655 4 -1
60667 25 -1
60683 3 1
60731 1 -1
60754 0 -1
60839 6 -1
60839 9 -1
60876 3 -1
60952 5 -1
60981 0 1
61003 2 -1
61046 4 1
61110 0 1
61110 1 -1
61183 8 1
61223 0 -1
61237 2 1
61280 7 1
61285 3 1
61304 1 1
61312 10 -1
61333 6 -1
61376 16 -1
61462 2 -1
61477 4 1
61478 3 -1
61484 0 -1
61493 1 -1
61629 0 1
61677 3 1
61814 0 -1
61836 4 -1
61864 1 -1
61914 0 1
61938 2 1
61941 7 1
61946 5 1
62024 0 1
62043 18 1
62062 1 1
62099 3 -1
62129 8 -1
62137 0 -1
62150 2 1
62174 4 -1
62241 1 -1
62306 0 -1
62311 3 -1
62397 2 1
62462 5 1
62481 4 -1
62483 6 1
62542 3 1
62583 0 -1
62594 1 1
62634 7 -1
62688 11 -1
62704 0 -1
62752 9 -1
62774 3 1
62779 4 1
62779 1 -1
62849 0 -1
62854 2 1
62881 5 1
62924 8 -1
62964 1 1
62983 3 1
63102 2 1
63107 6 -1
63150 0 -1
63177 3 -1
63331 1 1
63333 2 -1
63346 0 1
63376 3 1
63376 7 1
63419 5 1
63452 0 -1
63505 15 -1
63529 1 -1
63561 4 -1
63569 2 1
63634 6 1
63709 0 1
63710 1 1
63763 17 1
63779 3 -1
63789 2 -1
63832 0 1
63883 4 -1
63934 14 -1
63937 0 -1
63967 5 1
63977 3 1
63978 9 1
63988 10 -1
64020 19 1
64042 2 -1
64054 0 -1
64061 7 -1
64069 1 -1
64117 6 1
64179 0 -1
64187 3 1
64235 12 -1
64254 4 1
64254 1 1
64268 2 1
64278 0 1
64399 0 1
64416 1 1
64418 5 -1
64700 0 1
64714 3 1
64730 2 1
64751 11 -1
64762 6 -1
64778 1 -1
64797 0 -1
64913 0 -1
64939 3 -1
64956 5 -1
64966 8 -1
64972 1 1
64977 2 1
64980 4 1
65128 0 1
65165 1 -1
65181 3 -1
65219 2 -1
65235 9 -1
65251 0 1
65335 1 -1
65351 4 -1
65372 0 1
65375 6 1
65391 10 1
65488 7 1
65520 1 1
65585 0 -1
65627 3 -1
65665 4 -1
65692 0 1
65709 1 -1
65711 2 1
65762 13 -1
65797 0 1
65837 6 1
65869 3 -1
65883 1 -1
65918 0 1
65939 2 -1
65977 5 -1
65998 8 -1
66041 0 1
66090 3 1
66139 0 -1
66170 2 1
66213 7 -1
66246 0 1
66256 12 -1
66256 9 1
66266 1 -1
66315 3 -1
66411 4 -1
66428 5 1
66455 1 1
66517 0 -1
66549 3 -1
66633 1 1
66641 0 -1
66643 15 1
66654 2 -1
66767 0 -1
66772 11 -1
66778 3 1
66782 4 1
66804 6 1
66869 5 -1
66872 2 1
66912 8 1
66979 0 -1
66987 10 1
66995 7 -1
67003 3 -1
67011 1 1
67079 2 1
67092 4 1
67097 0 -1
67197 0 1
67199 1 -1
67245 9 1
67366 1 -1
67444 3 1
67460 6 1
67487 4 -1
67530 0 -1
67557 2 -1
67637 3 -1
67640 0 1
67749 1 -1
67788 2 1
67793 5 -1
67794 0 -1
67836 3 1
67858 4 1
67890 23 1
67894 0 1
67912 8 1
67922 1 1
67998 6 -1
68011 2 -1
68016 0 1
68104 1 -1
68123 0 -1
68188 4 1
68245 10 1
68246 0 -1
68256 5 1
68273 1 -1
68299 9 -1
68331 3 -1
68342 12 1
68471 1 1
68487 7 1
68487 0 -1
68492 2 -1
68524 3 1
68587 4 1
68640 1 -1
68648 0 -1
68718 2 1
68720 3 -1
68750 6 -1
68758 0 1
68771 5 1
68793 11 -1
68813 1 -1
68858 8 -1
68954 2 -1
69083 13 1
69124 0 1
69126 3 1
69132 7 1
69204 1 -1
69255 0 -1
69266 18 -1
69277 4 -1
69282 6 -1
69320 3 -1
69365 0 1
69418 1 -1
69427 2 1
69524 9 1
69535 3 -1
69599 1 1
69615 4 -1
69653 2 -1
69664 5 -1
69726 0 1
69739 3 1
69760 6 -1
69868 8 -1
69884 0 -1
69884 2 1
69889 7 -1
69890 10 1
69954 21 -1
69959 3 -1
69990 4 -1
69990 1 1
70043 0 1
70158 5 -1
70166 1 -1
70166 0 1
70201 3 -1
70233 12 1
70325 0 -1
70333 1 -1
70357 2 -1
70421 3 1
70456 0 -1
70599 0 1
70612 2 -1
70626 5 1
70663 11 1
70671 4 1
70700 1 1
70803 6 -1
70838 2 1
70851 0 1
70878 8 -1
70885 1 -1
70889 3 -1
70959 0 1
70986 20 1
71075 2 -1
71087 1 1
71091 4 1
71109 3 1
71111 0 -1
71120 5 1
71244 10 -1
71302 1 1
71308 2 1
71335 3 -1
71340 6 1
71367 0 -1
71413 4 1
71453 7 1
71486 1 -1
71515 0 1
71518 2 -1
71566 13 1
71577 5 -1
71621 0 -1
71659 1 -1
71717 14 1
71749 2 1
71797 3 1
71848 1 1
71867 9 -1
71889 17 1
71906 0 -1
71985 6 -1
72023 3 -1
72034 5 1
72066 0 1
72102 4 -1
72147 7 -1
72179 1 -1
72209 0 -1
72233 2 -1
72265 3 -1
72325 0 -1
72340 1 -1
72429 4 -1
72432 0 1
72464 2 1
72501 5 -1
72526 1 1
72562 0 -1
72566 6 1
72630 10 1
72662 11 1
72665 0 1
72684 8 -1
72690 2 -1
72759 9 -1
72783 4 1
72824 7 1
72840 3 1
72878 12 1
72910 0 1
72913 1 1
72921 16 -1
73025 0 1
73050 6 1
73066 3 -1
73092 1 -1
73132 0 -1
73152 2 -1
73166 4 -1
73267 1 -1
73307 3 -1
73373 0 -1
73396 2 -1
73453 7 1
73480 0 -1
73522 5 -1
73525 4 1
73609 8 1
73630 2 1
73638 0 1
73651 6 -1
73670 1 1
73754 3 -1
73848 4 1
73867 0 1
73867 9 -1
73876 1 -1
73974 5 1
73990 0 1
73995 3 -1
74077 1 -1
74092 6 1
74092 2 1
74111 0 1
74186 4 1
74213 0 -1
74216 3 1
74251 7 1
74267 1 1
74331 2 1
74337 0 -1
74428 1 1
74452 5 -1
74455 0 -1
74468 12 -1
74501 13 1
74554 11 -1
74568 2 -1
74584 0 -1
74597 1 1
74608 8 1
74683 3 -1
74763 1 1
74796 2 1
74872 0 1
74892 4 1
74904 7 1
74974 3 1
74982 0 1
75044 2 1
75100 0 1
75125 1 -1
75199 6 -1
75248 3 1
75266 4 -1
75269 2 -1
75301 1 1
75340 0 -1
75361 5 -1
75457 18 1
75479 0 -1
75480 1 1
75500 2 1
75597 10 -1
75637 7 -1
75647 0 -1
75714 4 -1
75715 6 -1
75731 3 -1
75807 5 1
75844 14 1
75859 1 1
75952 0 1
75973 3 -1
75976 2 -1
75995 9 1
76045 1 -1
76084 0 -1
76145 28 1
76194 3 1
76210 2 1
76214 1 -1
76231 15 -1
76245 0 1
76296 5 -1
76427 4 1
76430 6 -1
76436 2 -1
76446 12 -1
76489 8 1
76538 0 -1
76577 1 1
76640 0 1
76661 3 -1
76739 0 -1
76750 4 1
76782 1 1
76882 3 1
76898 2 -1
76968 0 1
76976 1 -1
77000 7 1
77000 10 1
77076 0 -1
77107 3 -1
77113 13 1
77113 9 -1
77129 2 1
77153 4 1
77155 1 1
77218 0 -1
77268 5 1
77306 6 1
77346 1 -1
77349 3 -1
77373 2 1
77494 0 -1
77502 1 -1
77602 0 1
77607 8 -1
77612 3 -1
77631 1 1
77704 5 1
77725 0 1
77736 6 1
77854 7 1
77858 4 -1
77865 3 -1
77868 2 -1
77948 0 -1
77973 9 1
78048 1 -1
78065 0 -1
78085 3 1
78094 2 1
78155 5 -1
78174 0 -1
78220 6 -1
78227 1 1
78233 4 1
78274 16 1
78276 0 1
78330 2 -1
78388 1 1
78403 0 1
78467 10 -1
78524 0 1
78548 4 1
78558 2 1
78564 7 -1
78564 8 1
78574 11 -1
78591 3 -1
78624 0 -1
78671 5 -1
78773 1 1
78806 2 1
78832 3 -1
78873 0 -1
78897 27 -1
78955 1 -1
78972 0 1
79031 2 -1
79053 3 1
79107 0 -1
79123 6 1
79124 1 -1
79176 5 -1
79262 2 1
79305 4 1
79335 0 1
79445 0 1
79519 1 -1
79520 3 -1
79550 0 -1
79649 5 1
79660 6 1
79668 4 -1
79703 1 1
79719 2 1
79741 3 1
79773 0 1
79896 1 -1
79907 0 -1
79918 13 1
79966 3 -1
79972 14 1
79972 2 1
79999 7 -1
80015 0 1
80058 9 -1
80067 4 -1
80087 1 1
80112 6 -1
80120 0 1
80165 5 1
80198 2 -1
80226 0 -1
80277 1 -1
80343 0 -1
80402 11 1
80434 3 1
80453 0 1
80466 1 1
80488 8 -1
80644 3 1
80660 6 1
80662 1 -1
80673 2 1
80683 0 -1
80692 7 1
80761 4 1
80789 0 -1
80837 3 -1
80875 15 -1
80888 0 1
80912 2 -1
81027 1 -1
81047 22 1
81057 5 1
81111 4 -1
81114 0 -1
81133 2 1
81143 3 1
81197 6 -1
81204 1 -1
81238 0 -1
81337 10 -1
81356 0 -1
81364 3 -1
81369 7 -1
81410 1 1
81490 4 1
81498 9 -1
81509 5 -1
81520 8 -1
81595 2 1
81596 0 -1
81606 3 -1
81713 0 -1
81752 1 -1
81767 6 -1
81818 0 1
81826 3 1
81842 2 1
81930 1 1
81944 0 1
81993 18 -1
82003 5 1
82060 0 1
82071 2 -1
82079 12 1
82131 1 -1
82157 0 -1
82218 6 -1
82240 4 1
82272 0 -1
82294 11 -1
82294 3 -1
82299 2 1
82444 8 1
82490 1 1
82501 0 1
82514 3 1
82546 2 1
82619 0 1
82651 4 -1
82659 9 1
82677 1 -1
82724 13 -1
82737 0 1
82740 3 -1
82772 7 1
82777 2 -1
82824 1 -1
82885 10 -1
82949 5 -1
82960 0 -1
83014 2 1
83026 1 1
83038 4 -1
83116 0 1
83202 3 1
83215 1 -1
83248 0 1
83282 6 -1
83352 5 -1
83385 1 -1
83428 3 -1
83433 8 1
83481 7 -1
83482 0 1
83487 2 -1
83574 1 1
83580 0 -1
83669 3 -1
83686 0 1
83713 2 1
83798 5 1
83799 14 -1
83799 6 1
83804 4 -1
83828 0 -1
83884 16 -1
83921 1 -1
83962 2 1
83979 0 1
84102 1 -1
84113 0 -1
84146 4 -1
84185 3 -1
84191 6 -1
84218 0 1
84223 7 1
84308 1 -1
84336 10 1
84406 3 1
84427 2 1
84443 12 -1
84470 0 1
84486 8 1
84497 4 1
84624 0 -1
84650 2 -1
84671 1 1
84701 3 -1
84766 9 -1
84793 0 -1
84830 5 -1
84860 4 -1
84868 1 -1
84876 2 1
84916 7 -1
84922 3 1
85025 1 -1
85062 0 -1
85147 3 -1
85172 0 1
85194 4 1
85336 0 -1
85346 5 -1
85346 15 1
85352 2 -1
85389 3 -1
85404 1 -1
85411 6 1
85432 19 -1
85529 8 1
85565 4 -1
85565 1 -1
85567 0 1
85583 2 1
85594 7 1
85604 9 1
85610 3 1
85658 0 1
85749 1 1
85798 5 1
85803 6 -1
85803 0 -1
85814 2 -1
85868 4 1
85913 0 1
86026 0 -1
86058 2 -1
86077 3 -1
86118 1 -1
86142 11 1
86166 0 -1
86228 6 -1
86233 5 -1
86287 7 -1
86292 2 1
86298 3 1
86303 1 1
86357 0 -1
86472 1 1
86475 8 -1
86518 2 -1
86521 4 -1
86593 3 -1
86677 0 1
86690 5 1
86768 2 -1
86789 0 -1
86811 1 -1
86871 4 1
86883 9 1
86892 7 -1
86894 12 -1
86959 0 -1
86984 1 -1
86994 3 -1
87163 5 -1
87171 0 -1
87176 1 1
87206 3 -1
87206 10 1
87246 4 -1
87260 2 1
87281 14 1
87303 6 1
87332 0 1
87399 3 1
87488 2 -1
87510 0 -1
87540 1 -1
87593 5 1
87717 2 1
87756 1 -1
87760 0 -1
87808 3 -1
87840 21 1
87859 0 -1
87936 1 -1
87937 6 -1
87964 4 1
87969 11 -1
87977 0 -1
88001 3 1
88077 0 1
88181 0 -1
88195 2 -1
88197 3 -1
88206 8 1
88270 17 1
88281 0 1
88312 1 -1
88359 4 1
88399 7 1
88410 3 -1
88431 2 1
88439 0 -1
88453 6 1
88463 13 -1
88498 1 1
88528 5 1
88560 10 -1
88603 3 1
88673 2 1
88695 0 -1
88697 4 -1
88697 1 -1
88799 3 -1
88829 0 -1
88856 6 -1
88891 1 1
88959 0 -1
88990 5 -1
89012 3 -1
89055 9 -1
89068 1 -1
89130 2 1
89130 8 -1
89237 7 1
89246 1 -1
89259 6 1
89313 0 -1
89388 2 1
89391 4 1
89420 0 1
89451 1 -1
89506 3 -1
89506 5 -1
89541 0 1
89619 2 -1
89700 3 1
89732 11 1
89761 4 -1
89772 0 -1
89802 6 -1
89822 1 -1
89864 2 -1
89888 0 -1
89896 3 -1
89985 0 1
90003 1 -1
90019 7 -1
90028 10 1
90033 8 1
90092 2 1
90161 1 -1
90164 4 1
90178 0 1
90281 0 -1
90302 3 1
90328 2 -1
90355 9 -1
90431 6 1
90441 0 1
90468 5 1
90498 3 -1
90519 4 1
90531 1 -1
90560 2 1
90592 23 1
90595 0 -1
90693 1 -1
90710 3 -1
90850 14 -1
90854 1 -1
90858 4 -1
90928 0 1
90936 5 -1
91035 2 -1
91066 0 1
91102 3 -1
91162 9 1
91172 13 1
91202 0 1
91205 1 1
91237 4 1
91264 2 1
91280 12 -1
91317 3 -1
91384 1 -1
91398 5 1
91441 0 -1
91452 6 -1
91463 10 -1
91495 7 -1
91500 2 -1
91516 3 1
91551 1 -1
91559 4 1
91608 0 -1
91624 18 -1
91745 1 1
91753 0 -1
91828 3 -1
91860 8 1
91892 6 1
91900 1 1
91962 2 -1
91992 0 1
92048 3 1
92067 1 1
92140 25 1
92161 0 1
92164 2 -1
92196 4 -1
92226 15 -1
92265 1 1
92274 3 -1
92296 0 1
92322 5 1
92379 2 1
92398 7 -1
92516 3 -1
92559 4 1
92570 6 1
92588 0 1
92652 1 1
92656 24 1
92709 0 1
92747 5 -1
92752 8 -1
92817 10 -1
92825 1 1
92844 2 1
92849 9 -1
92873 0 1
92922 4 -1
92973 3 -1
92996 1 -1
93069 2 -1
93104 0 -1
93172 7 -1
93215 3 -1
93215 5 1
93221 0 -1
93322 2 -1
93327 0 -1
93369 1 -1
93435 3 1
93542 2 1
93575 1 1
93583 4 -1
93623 0 1
93644 11 -1
93698 5 -1
93698 6 -1
93722 0 -1
93752 8 -1
93754 1 -1
93798 2 1
93838 9 -1
93884 0 1
93902 3 -1
93945 16 -1
93970 4 -1
93988 12 -1
94005 2 1
94031 31 -1
94042 10 -1
94115 1 1
94139 5 1
94139 13 -1
94171 0 -1
94182 3 -1
94230 2 -1
94246 6 1
94300 1 -1
94316 4 -1
94330 0 1
94418 3 -1
94461 14 1
94488 0 -1
94490 1 1
94510 7 1
94601 0 1
94675 1 -1
94682 5 1
94709 2 1
94732 0 1
94784 9 -1
94861 1 1
94864 3 -1
94910 0 1
94934 2 -1
94967 6 1
95031 0 1
95046 4 1
95054 1 -1
95106 3 -1
95139 5 -1
95166 2 1
95221 1 -1
95235 10 -1
95268 7 -1
95321 0 -1
95327 3 1
95445 4 -1
95469 0 1
95558 1 -1
95558 8 -1
95601 11 -1
95622 19 1
95622 3 -1
95628 0 -1
95638 2 -1
95747 1 1
95767 4 -1
95840 2 -1
95902 3 -1
95926 0 1
95949 1 1
96017 7 -1
96031 6 -1
96036 0 1
96052 5 -1
96052 15 -1
96074 2 1
96145 0 -1
96149 3 -1
96162 4 -1
96291 1 1
96387 0 -1
96396 8 -1
96412 3 -1
96447 1 1
96481 4 -1
96493 0 1
96504 6 -1
96525 5 1
96560 2 -1
96617 0 -1
96640 1 -1
96654 17 -1
96746 0 -1
96762 2 -1
96783 4 1
96783 12 1
96931 0 -1
96934 3 -1
96944 6 1
96997 1 1
97012 2 -1
97052 5 1
97063 0 -1
97170 1 1
97178 4 1
97181 3 -1
97202 0 1
97299 20 -1
97321 9 1
97356 1 -1
97385 8 -1
97439 3 -1
97455 2 1
97466 0 1
97471 6 1
97505 1 -1
97514 11 1
97557 7 -1
97571 0 1
97675 2 -1
97694 1 1
97732 0 -1
97863 3 1
97880 1 -1
97912 2 1
97928 4 1
98030 6 -1
98037 1 -1
98041 0 -1
98057 3 -1
98057 5 -1
98170 0 -1
98245 9 1
98250 4 1
98277 3 -1
98280 0 1
98299 10 1
98310 8 1
98339 7 -1
98388 2 -1
98404 1 1
98500 0 1
98503 6 -1
98530 5 1
98591 1 -1
98593 4 -1
98613 0 -1
98613 2 1
98667 3 -1
98713 0 1
98791 1 1
98860 2 1
98866 0 1
98882 3 -1
98968 0 -1
98976 7 -1
98987 5 -1
99078 3 1
99078 0 -1
99116 6 1
99149 1 1
99191 15 1
99226 4 -1
99231 0 1
99234 9 1
99272 3 -1
99288 8 1
99319 1 1
99320 2 1
99363 22 1
99363 16 1
99470 3 1
99492 11 1
99511 0 -1
99516 1 -1
99551 2 -1
99613 4 1
99672 0 -1
99680 3 1
99782 2 1
99788 0 -1
99895 10 1
99931 1 -1
99943 3 1
99959 4 1
100013 5 -1
100051 0 -1
100051 18 1
100084 1 -1
100137 13 1
100177 0 -1
100215 2 -1
100223 6 -1
100244 8 -1
100276 1 1
100306 0 -1
100338 7 -1
100373 9 -1
100438 2 1
100481 5 1
100492 3 -1
100508 1 1
100596 0 -1
100661 2 -1
100669 1 1
100677 4 1
100713 0 -1
100750 3 -1
100819 0 1
100834 1 1
100868 6 1
100916 5 -1
100927 2 -1
100991 4 1
101026 1 -1
101050 3 1
101056 7 1
101083 0 -1
101158 2 1
101212 11 -1
101241 0 1
101334 4 1
101341 8 -1
101357 2 1
101386 0 -1
101387 1 1
101432 5 -1
101470 9 -1
101507 10 -1
101558 1 1
101572 2 -1
101577 6 -1
101588 3 -1
101599 12 -1
101685 0 -1
101787 3 1
101790 7 -1
101798 1 -1
101838 0 1
101900 5 1
101943 21 1
101988 3 -1
101994 0 -1
102047 4 1
102072 14 -1
102072 2 -1
102152 1 1
102217 0 -1
102332 0 1
102334 1 -1
102354 2 1
102426 5 1
102442 4 -1
102493 1 -1
102523 0 -1
102588 17 -1
102609 9 -1
102612 2 -1
102674 3 -1
102674 6 1
102741 0 -1
102753 4 -1
102854 1 1
102859 0 -1
102894 3 1
102899 5 -1
102959 0 1
103023 1 1
103034 2 1
103077 0 1
103104 7 1
103136 13 1
103157 3 1
103157 8 -1
103188 1 -1
103216 0 1
103268 2 -1
103275 11 1
103329 6 1
103340 0 1
103356 1 -1
103370 4 -1
103492 0 -1
103517 2 1
103533 1 -1
103534 9 1
103539 10 -1
103708 4 -1
103720 1 1
103732 7 1
103759 3 1
103767 0 -1
103845 5 -1
103867 6 -1
103894 0 -1
103904 1 -1
103920 12 1
103996 2 -1
104019 4 -1
104039 0 -1
104087 3 1
104205 2 -1
104254 5 -1
104277 1 -1
104286 8 1
104294 0 -1
104410 3 -1
104420 2 1
104458 0 -1
104458 1 1
104555 7 1
104555 10 1
104563 0 1
104623 4 1
104643 2 -1
104651 1 -1
104770 5 -1
104845 16 1
104866 2 -1
104915 0 1
104990 4 -1
105006 3 -1
105044 0 1
105047 1 1
105060 6 -1
105076 2 -1
105180 1 -1
105189 8 -1
105235 0 -1
105331 2 -1
105337 4 1
105337 1 -1
105345 3 -1
105369 0 -1
105382 11 1
105458 10 1
105538 0 -1
105608 6 1
105674 0 -1
105694 3 -1
105696 1 1
105726 14 1
105775 0 1
105780 7 1
105802 5 -1
105812 12 1
105813 9 1
105828 2 1
105865 1 -1
106038 0 1
106070 4 1
106070 1 1
106071 2 -1
106148 0 1
106199 13 -1
106248 3 1
106252 1 1
106258 5 1
106275 6 1
106283 0 1
106291 2 1
106414 18 -1
106419 1 -1
106433 4 -1
106554 7 -1
106580 1 -1
106586 19 -1
106586 26 1
106592 3 1
106613 0 -1
106737 5 -1
106764 1 -1
106766 0 1
106767 2 -1
106796 4 1
106844 15 -1
106930 8 1
106930 9 -1
106936 3 1
106938 0 1
106957 6 1
106995 2 1
107106 1 1
107151 7 -1
107188 2 -1
107207 4 -1
107280 0 -1
107300 1 -1
107371 6 -1
107470 0 1
107489 1 1
107516 3 -1
107570 4 1
107578 0 -1
107586 5 1
107672 2 1
107696 0 -1
107755 7 -1
107758 3 -1
107790 6 -1
107790 8 1
107801 0 1
107833 12 1
107852 1 -1
107898 2 -1
107941 4 -1
107957 0 1
108021 1 -1
108037 5 -1
108075 2 1
108102 3 -1
108107 0 -1
108134 9 -1
108150 10 1
108185 1 1
108199 6 1
108295 2 -1
108325 0 -1
108348 4 1
108392 11 1
108441 7 1
108446 3 -1
108465 0 -1
108526 5 -1
108548 2 1
108555 1 -1
108587 0 -1
108747 1 1
108768 8 1
108779 3 -1
108817 2 1
108862 0 1
108942 1 -1
109018 2 1
109048 0 1
109057 4 1
109102 7 1
109123 3 -1
109188 0 -1
109252 14 -1
109299 1 1
109360 6 1
109360 10 1
109376 4 1
109397 3 -1
109432 0 1
109456 5 -1
109472 2 1
109480 1 -1
109564 0 1
109670 1 1
109674 0 -1
109685 2 1
109722 4 -1
109779 7 -1
109910 2 -1
109943 0 -1
109956 5 -1
109961 12 -1
109990 1 1
110015 3 1
110026 6 1
110053 0 -1
110171 0 -1
110202 1 -1
110241 9 -1
110289 3 1
110327 11 -1
110335 10 -1
110359 4 1
110370 2 -1
110379 1 1
110394 0 -1
110402 5 1
110440 6 -1
110477 8 -1
110510 0 -1
110555 3 1
110612 2 -1
110644 0 -1
110698 4 -1
110706 1 1
110816 2 -1
110903 1 -1
110932 0 1
110972 15 -1
111057 4 -1
111077 7 -1
111097 1 -1
111106 0 1
111165 3 1
111187 9 1
111211 0 1
111278 2 -1
111294 5 -1
111343 10 1
111437 0 -1
111448 1 1
111499 8 -1
111512 2 1
111542 6 -1
111547 3 -1
111571 0 -1
111574 12 1
111641 4 1
111657 1 1
111714 0 -1
111762 7 -1
111773 2 1
111810 3 -1
111820 1 1
111840 0 -1
111880 5 1
111939 4 -1
111969 0 -1
111998 1 1
112017 2 1
112114 0 1
112153 1 1
112197 11 1
112265 2 -1
112272 5 1
112283 9 -1
112286 0 1
112294 6 -1
112315 3 -1
112326 7 1
112334 1 1
112342 10 -1
112358 4 -1
112488 2 1
112505 0 -1
112508 1 -1
112520 8 1
112619 0 -1
112659 3 -1
112692 6 1
112705 4 -1
112724 2 -1
112735 0 -1
112806 1 1
112977 0 -1
112995 1 -1
113003 3 -1
113044 4 1
113133 2 1
113143 0 1
113191 1 1
113256 3 -1
113261 5 -1
113267 0 1
113294 23 1
113337 2 1
113358 13 -1
113394 4 -1
113401 8 -1
113476 3 -1
113544 1 -1
113546 2 1
113548 0 -1
113573 12 1
113584 7 -1
113595 6 -1
113648 5 -1
113670 0 -1
113693 1 -1
113761 4 1
113772 3 1
113845 0 -1
113882 1 1
113896 9 -1
113939 20 -1
113984 0 -1
114019 2 1
114057 5 -1
114078 3 -1
114132 0 1
114175 8 -1
114191 1 1
114240 6 1
114245 2 -1
114283 0 -1
114326 15 1
114326 10 1
114336 1 1
114374 4 -1
114455 0 -1
114481 2 1
114487 7 -1
114513 1 -1
114519 9 -1
114584 17 1
114658 1 1
114688 0 1
114721 4 -1
114766 3 -1
114788 6 -1
114799 0 1
114809 1 1
114909 2 -1
114928 0 1
114960 8 -1
114979 4 1
115003 5 1
115005 1 -1
115056 3 1
115136 1 1
115180 10 1
115191 2 -1
115210 0 -1
115261 3 -1
115277 7 -1
115304 6 -1
115317 0 1
115347 9 -1
115452 1 1
115454 5 1
115484 0 -1
115508 2 1
115562 8 -1
115615 11 -1
115624 1 1
115672 4 -1
115750 2 -1
115798 0 -1
115799 1 -1
115809 6 -1
115873 3 -1
115906 5 -1
115965 2 1
115968 0 -1
116067 4 1
116067 13 1
116067 16 1
116072 3 1
116109 1 1
116137 0 -1
116166 2 1
116247 0 1
116260 14 -1
116272 1 1
116303 9 -1
116330 6 -1
116336 5 1
116357 3 -1
116358 0 -1
116389 4 1
116395 2 -1
116462 1 -1
116481 0 -1
116645 0 -1
116663 7 1
116712 12 -1
116797 1 1
116809 5 -1
116819 6 -1
116873 3 -1
116878 2 -1
116952 1 -1
116954 0 -1
117045 8 1
117087 1 1
117088 2 -1
117095 4 1
117099 9 1
117101 3 -1
117110 0 1
117163 10 1
117214 0 -1
117244 1 1
117271 5 1
117314 3 1
117319 2 1
117335 11 1
117429 1 -1
117435 0 1
117445 4 -1
117566 3 1
117587 1 -1
117588 0 -1
117631 7 1
117679 5 1
117703 0 1
117754 1 1
117776 4 -1
117787 3 1
117787 2 1
117814 8 1
117862 6 -1
117986 0 -1
118010 2 -1
118086 4 -1
118086 1 1
118125 3 1
118136 0 1
118152 9 1
118195 25 1
118221 1 -1
118225 2 -1
118281 6 1
118281 15 1
118284 0 -1
118332 7 1
118397 1 -1
118402 0 -1
118410 3 -1
118429 4 -1
118453 8 1
118461 10 1
118539 0 -1
118582 13 1
118647 5 1
118673 0 -1
118684 2 -1
118727 1 1
118754 9 1
118763 4 1
118813 3 -1
118821 0 1
118872 6 -1
118899 1 1
118907 2 1
118969 22 -1
119033 4 -1
119039 5 1
119050 3 -1
119058 1 1
119098 11 1
119101 0 -1
119141 2 1
119163 7 -1
119254 0 1
119273 3 1
119367 2 -1
119421 0 -1
119453 1 -1
119453 10 -1
119555 5 1
119618 1 -1
119641 2 -1
119695 7 1
119723 4 1
119727 3 -1
119740 0 1
119786 12 1
119791 1 -1
119818 6 1
119850 14 1
119877 8 -1
119888 2 -1
119891 0 -1
119958 3 1
119977 1 1
120001 0 1
120068 2 1
120102 4 -1
120186 1 1
120302 3 1
120302 6 1
120318 0 1
120356 5 1
120376 1 -1
120509 0 -1
120525 4 -1
120565 8 1
120569 1 1
120571 2 -1
120589 7 1
120632 0 -1
120743 0 1
120839 2 -1
120850 6 -1
120861 18 1
120866 3 -1
120885 5 1
120909 0 1
120914 1 -1
120968 9 1
121033 17 1
121036 0 1
121065 3 1
121085 1 -1
121103 2 -1
121178 0 -1
121210 4 1
121269 1 1
121275 7 1
121291 8 -1
121296 5 1
121372 10 1
121444 0 -1
121447 3 -1
121549 12 -1
121552 2 -1
121573 4 -1
121595 1 1
121613 0 1
121702 3 -1
121724 0 1
121732 2 1
121791 1 -1
121861 9 -1
121895 4 -1
121972 1 1
121979 6 1
121981 2 1
122022 3 1
122024 0 1
122131 0 -1
122204 5 1
122245 0 1
122307 1 -1
122366 2 -1
122446 3 1
122476 0 1
122480 1 -1
122484 6 1
122532 7 -1
122597 0 1
122605 2 1
122624 11 1
122624 9 1
122640 3 -1
122667 5 -1
122669 4 1
122677 1 1
122710 10 -1
122731 8 1
122747 0 -1
122790 2 1
122825 1 1
122906 0 1
122925 6 -1
122976 1 -1
122992 2 1
123011 14 1
123020 4 1
123027 0 1
123118 5 1
123123 3 -1
123130 0 -1
123189 1 -1
123226 16 -1
123228 2 -1
123266 0 -1
123290 7 1
123413 1 -1
123424 3 1
123427 4 -1
123441 2 -1
123484 8 1
123572 0 1
123612 11 1
123623 5 1
123669 2 1
123715 3 -1
123742 0 1
123752 1 1
123758 4 1
123873 0 1
123899 1 1
123935 10 1
124040 4 -1
124068 1 1
124107 5 -1
124129 6 -1
124145 7 1
124150 2 1
124150 8 1
124164 0 1
124301 15 1
124319 0 -1
124343 3 1
124378 4 -1
124389 2 -1
124407 1 1
124430 9 -1
124469 0 1
124499 5 -1
124558 12 -1
124564 1 1
124583 2 -1
124612 3 1
124644 28 1
124701 4 -1
124709 20 1
124752 6 1
124778 1 1
124803 0 -1
124886 5 -1
124892 3 -1
124908 0 1
124924 9 1
124935 13 -1
124980 2 -1
125040 0 1
125104 1 1
125160 19 1
125198 2 1
125212 0 1
125289 3 -1
125300 11 -1
125326 1 1
125351 0 -1
125354 6 1
125397 2 1
125402 10 1
125499 7 -1
125502 0 1
125515 1 -1
125531 4 1
125537 3 -1
125569 9 -1
125607 0 -1
125698 8 1
125709 1 1
125805 3 1
125890 1 1
125891 2 1
125894 0 1
125898 4 -1
125951 10 -1
126020 24 -1
126021 18 -1
126047 0 -1
126067 1 -1
126085 5 -1
126101 3 -1
126101 2 1
126187 0 -1
126192 12 1
126253 1 1
126265 4 1
126321 3 1
126329 2 -1
126399 0 1
126515 8 1
126539 0 1
126547 3 -1
126555 1 -1
126558 5 1
126568 6 -1
126579 7 -1
126673 0 1
126708 1 -1
126757 2 1
126757 10 -1
126816 3 1
126837 22 -1
126853 1 1
126869 4 1
126966 17 1
126982 2 -1
126999 0 -1
127009 5 -1
127052 27 -1
127074 6 -1
127136 0 1
127144 2 1
127228 4 -1
127232 7 1
127236 1 -1
127242 0 -1
127262 3 -1
127267 9 1
127396 8 -1
127398 1 -1
127482 3 1
127482 0 1
127486 4 1
127568 12 1
127579 2 -1
127585 1 1
127603 0 1
127654 6 -1
127686 3 -1
127762 0 1
127789 2 -1
127858 5 -1
127922 1 1
127966 10 -1
128041 2 -1
128063 13 -1
128075 1 1
128099 4 1
128124 0 -1
128149 9 1
128234 11 1
128284 1 1
128299 0 -1
128310 3 -1
128364 5 -1
128417 4 1
128428 30 -1
128452 0 1
128468 1 -1
128522 7 1
128541 2 1
128639 1 -1
128654 3 -1
128710 0 1
128740 10 -1
128745 2 1
128761 6 1
128772 16 1
128794 1 -1
128818 0 -1
128847 5 1
128853 4 1
128858 18 -1
128933 0 -1
128944 15 -1
128955 8 -1
128966 2 -1
128979 3 -1
128984 1 1
129052 9 1
129070 7 -1
129175 4 1
129199 0 -1
129229 6 1
129268 1 -1
129366 0 -1
129401 2 1
129425 1 -1
129473 0 1
129530 4 -1
129541 3 1
129586 1 -1
129610 0 -1
129624 2 -1
129653 6 -1
129675 8 1
129696 5 -1
129723 7 -1
129739 9 1
129756 10 1
129777 0 1
129815 3 1
129847 2 -1
129897 4 1
129952 0 -1
129975 1 -1
129976 11 1
130073 3 1
130105 2 -1
130126 0 -1
130127 1 1
130148 5 1
130191 23 1
130255 19 1
130255 4 -1
130296 7 -1
130308 1 -1
130343 0 -1
130344 2 1
130347 8 -1
130357 3 -1
130363 9 -1
130462 0 -1
130513 13 -1
130535 2 1
130540 5 1
130575 0 1
130578 12 -1
130613 3 -1
130662 1 1
130685 11 1
130691 6 -1
130785 2 -1
130798 3 -1
130820 1 1
130838 0 1
130868 7 -1
130876 10 -1
130900 9 -1
130932 5 1
130967 0 1
130969 1 1
131078 3 1
131102 0 1
131118 4 1
131180 21 -1
131196 2 -1
131223 20 -1
131324 1 -1
131384 9 1
131389 0 1
131405 5 -1
131406 2 -1
131416 10 1
131459 6 -1
131485 4 -1
131485 1 -1
131529 0 1
131567 3 1
131588 8 1
131615 2 1
131670 1 1
131714 0 -1
131787 4 1
131795 7 1
131822 0 1
131835 5 1
131841 3 -1
131924 0 -1
131932 6 -1
131954 14 1
132009 1 1
132018 12 1
132039 11 1
132042 0 -1
132061 10 -1
132104 2 1
132120 3 1
132126 22 -1
132147 8 1
132161 0 -1
132166 1 1
132244 5 1
132343 1 -1
132357 2 1
132384 26 -1
132388 7 -1
132412 0 -1
132453 6 -1
132464 4 -1
132539 0 -1
132593 2 -1
132664 0 -1
132674 3 -1
132682 1 -1
132749 18 1
132774 4 -1
132839 1 1
132899 19 1
132900 6 1
132902 0 1
132905 8 1
132975 5 -1
133012 1 1
133013 2 -1
133028 3 1
133029 9 1
133055 0 -1
133061 4 1
133093 16 -1
133157 15 -1
133227 0 -1
133243 2 1
133329 11 -1
133330 3 -1
133372 5 -1
133391 1 1
133464 2 -1
133469 6 -1
133480 10 1
133544 0 1
133545 1 1
133671 0 1
133673 2 -1
133738 7 -1
133738 17 -1
133754 1 1
133777 0 -1
133797 3 1
133818 4 -1
133835 5 1
133872 2 -1
133895 0 -1
133937 6 -1
133960 1 1
134047 0 1
134066 2 -1
134095 3 -1
134125 4 -1
134141 1 1
134189 20 -1
134238 0 -1
134286 2 1
134326 1 -1
134375 0 -1
134387 7 -1
134453 3 -1
134455 4 1
134484 1 -1
134587 8 -1
134721 2 -1
134724 0 -1
134754 3 1
134754 4 -1
134791 9 1
134796 1 -1
134823 5 1
134834 14 1
134834 18 1
134845 0 1
134856 6 1
134899 12 1
134915 2 -1
134920 11 1
134957 1 -1
134958 3 -1
134990 0 -1
135012 7 -1
135108 2 -1
135132 4 -1
135145 1 1
135173 10 1
135194 3 -1
135286 5 -1
135288 0 -1
135307 21 1
135382 19 1
135398 3 1
135399 0 1
135479 8 -1
135490 6 1
135503 1 -1
135544 4 -1
135544 0 -1
135549 2 -1
135665 1 -1
135694 24 1
135769 2 -1
135802 5 1
135818 4 1
135834 3 -1
135841 0 -1
135858 1 -1
135915 9 1
135979 0 -1
135995 25 1
136006 2 1
136038 8 -1
136119 3 1
136146 0 -1
136241 1 1
136253 23 1
136267 0 -1
136269 16 -1
136318 6 -1
136318 13 -1
136318 17 -1
136355 3 -1
136410 1 1
136420 2 1
136436 0 -1
136468 18 -1
136471 4 -1
136563 1 1
136565 0 -1
136575 20 -1
136656 10 1
136662 2 -1
136675 0 1
136680 7 -1
136683 5 1
136721 1 1
136753 19 -1
136769 22 -1
136781 4 -1
136812 12 -1
136858 2 -1
136898 21 -1
136903 3 1
136934 1 1
136957 0 -1
136995 17 -1
137016 8 -1
137102 5 1
137102 0 1
137110 1 -1
137126 2 -1
137140 20 -1
137172 3 1
137180 4 -1
137226 0 1
137253 19 -1
137265 1 -1
137331 2 -1
137349 9 -1
137457 14 1
137457 21 -1
137478 3 1
137478 22 -1
137479 7 1
137479 0 1
137543 16 1
137548 2 -1
137564 5 -1
137618 0 1
137623 23 -1
137624 1 1
137629 24 -1
137731 0 1
137758 27 -1
137771 1 1
137779 15 1
137782 2 1
137801 6 1
137833 26 -1
137865 4 1
137908 1 -1
137941 8 1
137973 0 -1
138010 3 -1
138016 5 1
138027 18 1
138102 28 -1
138123 9 -1
138147 0 -1
138198 2 1
138220 16 1
138224 1 -1
138228 7 1
138236 4 -1
138268 19 1
138275 0 -1
138295 3 -1
138403 2 1
138413 8 -1
138417 1 1
138424 5 1
138435 0 1
138467 18 1
138498 4 1
138532 0 -1
138542 6 -1
138577 3 1
138581 1 1
138596 21 1
138620 2 -1
138644 0 -1
138671 20 1
138768 0 -1
138897 5 -1
138921 1 -1
138929 8 -1
138940 9 -1
138972 6 1
138994 13 -1
139015 3 1
139026 10 -1
139026 17 -1
139040 2 1
139048 0 1
139066 1 1
139112 12 -1
139203 0 -1
139209 5 1
139210 2 -1
139219 14 -1
139252 4 1
139276 1 1
139295 3 -1
139316 20 1
139335 0 -1
139348 11 1
139370 21 1
139381 23 1
139408 2 -1
139434 15 -1
139459 1 -1
139499 18 -1
139574 3 1
139586 4 1
139625 0 1
139647 1 1
139679 7 -1
139757 0 -1
139800 1 1
139848 2 1
139864 19 -1
139891 0 -1
139929 4 1
139997 1 -1
140104 2 1
140112 6 1
140144 8 1
140163 0 -1
140198 3 -1
140214 5 -1
140235 4 1
140292 0 -1
140294 1 1
140316 22 1
140316 17 1
140340 2 -1
140356 7 1
140391 9 1
140405 0 1
140413 3 1
140461 1 1
140477 10 1
140505 0 -1
140509 24 1
140562 4 1
140574 18 1
140612 1 1
140620 0 -1
140692 3 -1
140703 8 1
140735 0 1
140778 2 1
140789 5 -1
140821 6 -1
140840 0 -1
140896 9 -1
140929 1 1
140945 4 -1
140982 21 1
141031 2 -1
141058 17 1
141079 0 1
141094 1 -1
141106 7 1
141154 19 1
141227 0 -1
141256 2 1
141262 11 1
141262 18 1
141275 1 1
141283 15 1
141315 8 -1
141332 0 1
141342 3 -1
141353 5 1
141364 22 1
141401 6 1
141412 4 1
141428 20 1
141428 25 1
141455 24 1
141498 30 1
141520 27 1
141541 3 1
141591 0 1
141592 1 1
141681 2 -1
141702 23 1
141740 0 -1
141771 1 -1
141804 3 -1
141821 6 -1
141842 31 1
141847 2 1
141864 9 -1
141888 0 1
141928 19 1
141928 13 -1
141928 16 -1
141936 7 1
141962 1 1
141971 14 -1
142014 28 1
142033 10 1
142046 2 1
142089 22 1
142100 12 1
142154 25 1
142162 4 1
142164 0 -1
142191 3 1
142218 29 1
142218 26 1
142261 1 1
142299 5 1
142318 0 1
142379 23 1
142416 1 1
142417 3 -1
142439 0 1
142447 2 1
142508 9 -1
142524 4 -1
142541 8 1
142562 6 1
142573 27 1
142581 1 -1
142594 0 -1
142659 18 -1
142670 3 -1
142694 2 1
142718 7 1
142723 5 1
142723 0 1
142847 4 -1
142874 3 1
142885 0 -1
142917 24 1
142940 1 -1
142960 25 1
142971 2 1
143051 0 -1
143056 6 1
143057 10 -1
143099 11 -1
143101 1 -1
143167 3 -1
143186 16 -1
143196 8 -1
143218 26 1
143229 18 -1
143239 5 1
143260 1 -1
143288 0 1
143304 21 -1
143355 20 -1
143390 28 1
143400 3 -1
143401 2 -1
143417 0 1
143448 7 -1
143492 19 -1
143548 0 1
143556 17 -1
143572 1 -1
143632 2 1
143685 23 -1
143691 14 -1
143691 21 -1
143734 20 -1
143774 22 -1
143777 9 -1
143809 0 1
143814 4 1
143818 1 1
143857 2 -1
143863 19 -1
143895 16 -1
143930 0 1
143959 21 -1
143992 15 -1
144000 1 1
144024 20 -1
144035 24 -1
144056 22 -1
144064 17 -1
144078 12 -1
144099 8 1
144142 0 1
144164 18 -1
144169 19 -1
144233 6 -1
144276 3 -1
144290 22 -1
144306 23 -1
144314 27 -1
144336 2 -1
144368 24 -1
144378 30 -1
144411 29 -1
144440 0 -1
144443 21 -1
144475 26 -1
144493 1 -1
144532 23 -1
144556 2 1
144588 20 -1
144602 0 -1
144620 25 -1
144685 21 -1
144697 1 -1
144741 22 -1
144749 4 -1
144757 23 -1
144803 2 -1
144808 14 1
144843 0 1
144851 31 -1
144858 1 -1
144862 10 1
144894 17 1
144916 27 -1
144916 24 -1
144943 13 1
144959 25 -1
144959 18 1
144980 15 1
144986 3 -1
145031 22 -1
145032 1 -1
145058 2 -1
145120 16 1
145128 7 1
145143 0 1
145152 4 1
145201 1 -1
145209 19 1
145217 24 -1
145222 5 1
145227 3 -1
145238 18 1
145270 15 1
145295 0 -1
145313 20 1
145335 21 1
145346 16 1
145362 25 -1
145366 17 1
145378 29 -1
145412 1 -1
145414 19 1
145426 26 -1
145453 0 -1
145475 13 1
145475 23 -1
145518 2 -1
145543 20 1
145550 3 1
145555 17 1
145575 19 1
145579 16 1
145583 1 -1
145588 18 1
145636 14 1
145673 0 -1
145690 9 -1
145704 20 1
145712 19 1
145738 18 1
145741 17 1
145757 22 1
145797 30 -1
145802 21 1
145829 0 1
145845 20 1
145853 19 1
145905 18 1
145964 21 1
145972 0 -1
145982 20 1
145994 22 1
145998 19 1
146003 1 1
146023 17 1
146033 24 1
146098 2 -1
146101 21 1
146103 23 1
146123 20 1
146160 19 1
146176 22 1
146188 1 -1
146227 11 -1
146235 0 1
146243 21 1
146254 2 1
146345 22 1
146353 23 1
146356 28 1
146369 1 -1
146377 0 -1
146388 21 1
146399 15 -1
146420 12 -1
146442 10 -1
146446 20 1
146474 4 1
146488 0 1
146514 22 1
146538 13 -1
146549 21 1
146635 14 -1
146641 2 1
146643 16 -1
146668 26 1
146684 17 -1
146711 18 -1
146727 0 -1
146744 1 1
146764 20 1
146764 21 1
146775 6 -1
146786 3 1
146804 4 1
146821 23 1
146829 15 -1
146850 24 1
146877 1 -1
146888 2 -1
146904 0 -1
146933 22 1
146934 16 -1
146936 5 -1
146942 17 -1
146958 25 1
146968 18 -1
146974 19 -1
147006 0 1
147046 3 1
147064 1 1
147111 23 1
147111 2 1
147127 0 1
147175 4 -1
147183 17 -1
147184 18 -1
147194 27 1
147207 19 -1
147226 6 -1
147240 0 -1
147259 9 1
147269 24 1
147280 22 1
147291 3 1
147355 0 -1
147366 8 1
147377 20 -1
147409 1 -1
147417 19 -1
147420 5 1
147430 12 1
147473 7 -1
147492 0 -1
147522 23 1
147538 26 1
147592 2 -1
147606 1 1
147619 25 1
147656 6 1
147683 16 1
147688 14 1
147734 3 -1
147753 11 1
147753 15 1
147774 28 1
147774 18 -1
147788 1 -1
147801 5 1
147801 2 -1
147804 4 -1
147817 24 1
147842 0 -1
147892 20 -1
147957 21 -1
147957 10 1
147995 0 1
148005 1 -1
148006 2 -1
148011 3 -1
148021 19 -1
148145 0 -1
148146 4 1
148187 1 -1
148188 2 -1
148258 3 -1
148269 5 -1
148328 17 1
148344 20 -1
148358 1 1
148376 27 1
148376 0 1
148376 8 1
148398 2 -1
148419 24 1
148441 25 1
148451 18 1
148462 30 1
148489 0 -1
148505 7 1
148525 1 1
148548 21 -1
148553 3 -1
148607 2 -1
148610 4 -1
148619 0 -1
148806 18 1
148822 3 -1
148849 15 -1
148852 2 1
148854 5 1
148860 19 1
148873 0 -1
148896 1 1
148935 28 1
148978 24 1
148989 29 1
149029 0 1
149043 6 -1
149064 3 -1
149102 1 1
149118 17 -1
149150 13 -1
149193 12 -1
149198 16 -1
149204 9 1
149212 0 -1
149236 27 1
149243 1 -1
149252 5 1
149279 26 1
149295 4 1
149303 2 -1
149311 22 -1
149322 3 -1
149349 0 -1
149386 15 -1
149429 11 -1
149456 7 1
149457 0 1
149462 21 -1
149464 17 -1
149545 16 -1
149553 2 1
149569 23 -1
149591 14 -1
149597 1 -1
149601 19 -1
149639 0 -1
149682 20 -1
149709 18 -1
149744 1 -1
149773 15 -1
149811 13 -1
149827 16 -1
149846 0 -1
149886 18 -1
149910 1 1
149916 17 -1
149924 23 -1
149940 22 -1
149967 8 -1
149978 24 -1
149994 21 -1
150020 19 -1
150053 6 1
150069 18 -1
150074 9 1
150121 22 -1
150141 20 -1
150150 25 -1
150158 23 -1
150182 21 -1
150182 2 -1
150198 19 -1
150209 0 1
150214 17 -1
150289 24 -1
150299 22 -1
150338 0 1
150343 20 -1
150364 21 -1
150397 14 1
150407 19 -1
150408 26 -1
150440 31 -1
150440 1 1
150440 10 1
150461 15 1
150506 0 1
150520 25 -1
150544 23 -1
150568 11 1
150585 20 -1
150601 1 1
150606 3 1
150641 13 1
150665 4 1
150665 22 -1
150722 16 1
150722 2 1
150730 14 1
150730 17 1
150762 23 -1
150762 1 -1
150775 0 -1
150805 9 -1
150810 18 1
150816 24 -1
150826 29 -1
150859 26 -1
150891 12 1
150891 25 -1
150891 8 1
150902 0 -1
150907 16 1
150935 1 1
150939 15 1
150947 19 1
150961 2 -1
150963 22 -1
150971 3 -1
150988 13 1
150993 18 1
151028 23 -1
151060 17 1
151076 16 1
151076 0 -1
151106 21 1
151117 1 -1
151127 2 1
151130 18 1
151137 19 1
151149 24 -1
151153 20 1
151170 27 -1
151181 15 1
151201 17 1
151229 4 -1
151278 19 1
151299 11 1
151310 1 1
151332 0 -1
151334 20 1
151342 10 1
151354 17 1
151374 3 -1
151375 18 1
151407 19 1
151407 5 -1
151407 21 1
151477 0 1
151483 20 1
151509 18 1
151552 17 1
151581 0 -1
151589 21 1
151600 22 1
151616 20 1
151624 1 1
151665 14 -1
151673 19 1
151675 2 -1
151686 6 -1
151686 18 1
151705 13 -1
151705 0 -1
151718 12 -1
151729 16 -1
151740 15 -1
151761 21 1
151833 0 -1
151874 22 1
151882 19 1
151901 3 1
151931 1 -1
151944 2 1
151949 21 1
151955 14 -1
151960 0 -1
151963 20 1
151979 16 -1
152007 17 -1
152019 8 -1
152035 13 -1
152051 7 -1
152056 10 -1
152062 11 -1
152084 1 -1
152124 16 -1
152128 0 -1
152137 12 -1
152138 18 -1
152153 15 -1
152156 17 -1
152159 5 1
152186 14 -1
152223 21 1
152245 22 1
152283 2 1
152293 17 -1
152293 18 -1
152309 3 -1
152329 19 -1
152336 15 -1
152390 13 -1
152410 16 -1
152411 18 -1
152417 28 -1
152470 20 -1
152479 1 -1
152481 14 -1
152516 18 -1
152523 17 -1
152524 24 -1
152556 15 -1
152567 16 -1
152574 0 -1
152599 19 -1
152648 17 -1
152652 20 -1
152712 19 -1
152718 11 1
152728 27 -1
152731 18 -1
152736 23 -1
152737 25 -1
152742 0 -1
152761 9 -1
152771 21 -1
152827 19 -1
152833 17 -1
152841 26 -1
152863 18 -1
152865 22 -1
152903 0 -1
152946 20 -1
152970 29 -1
153027 2 1
153040 28 -1
153040 30 -1
153043 16 1
153045 14 1
153051 3 -1
153059 23 -1
153059 25 -1
153105 31 -1
153105 18 -1
153107 20 -1
153139 19 -1
153147 27 -1
153148 24 -1
153180 4 1
153180 22 -1
153188 26 -1
153190 0 1
153201 8 1
153212 7 1
153216 1 1
153220 2 1
153232 16 1
153233 21 -1
153255 12 1
153266 14 1
153279 15 1
153280 13 1
153319 5 -1
153333 0 -1
153357 10 1
153365 16 1
153381 17 1
153389 25 -1
153421 15 1
153446 1 -1
153448 14 1
153478 16 1
153486 17 1
153491 12 1
153491 9 1
153502 13 1
153534 2 -1
153542 20 1
153548 15 1
153550 19 1
153556 18 1
153567 0 -1
153577 17 1
153577 24 -1
153585 16 1
153599 28 -1
153650 18 1
153663 29 -1
153683 19 1
153690 15 1
153695 23 1
153696 26 -1
153706 11 1
153733 18 1
153752 17 1
153754 21 1
153792 19 1
153792 13 1
153808 16 1
153841 17 1
153881 19 1
153883 15 1
153894 18 1
153905 20 1
153921 14 1
153937 17 1
153943 21 1
153953 16 1
153961 22 1
153963 19 1
153972 18 1
153986 23 1
154014 20 1
154039 3 1
154046 19 1
154050 17 1
154053 18 1
154066 1 -1
154106 22 1
154110 20 1
154120 24 1
154141 18 1
154163 23 1
154195 17 1
154200 21 1
154203 20 1
154211 19 1
154231 22 1
154243 18 1
154300 19 1
154300 20 1
154308 12 -1
154311 21 1
154312 23 1
154340 10 -1
154356 16 -1
154383 18 1
154400 19 1
154401 20 1
154413 25 1
154421 4 -1
154426 21 1
154431 0 -1
154437 15 -1
154437 30 1
154437 8 -1
154445 23 1
154469 22 1
154496 24 1
154501 6 1
154501 14 -1
154505 20 1
154528 11 -1
154544 9 -1
154566 0 -1
154586 17 -1
154593 2 1
154598 22 1
154609 27 1
154614 15 -1
154641 12 -1
154646 25 1
154662 24 1
154695 21 1
154695 0 -1
154700 14 -1
154705 3 1
154711 1 -1
154727 23 1
154727 7 -1
154727 16 -1
154735 22 1
154739 17 -1
154743 26 1
154754 18 -1
154759 13 -1
154845 24 1
154848 16 -1
154864 10 -1
154872 0 -1
154880 1 1
154888 23 1
154888 25 1
154899 21 1
154909 31 1
154926 15 -1
154928 19 -1
154931 11 -1
154934 3 -1
154948 17 -1
154952 29 1
154952 4 -1
154956 16 -1
154995 12 -1
154998 0 -1
154998 18 -1
155001 13 -1
155022 2 -1
155033 20 -1
155037 17 -1
155067 1 -1
155081 15 -1
155083 18 -1
155083 19 -1
155097 23 1
155114 14 -1
155124 27 1
155126 17 -1
155146 26 1
155165 18 -1
155182 16 -1
155186 19 -1
155250 20 -1
155264 15 -1
155307 17 -1
155318 24 1
155319 18 -1
155327 16 -1
155339 6 1
155345 0 -1
155359 19 -1
155361 21 -1
155375 20 -1
155396 18 -1
155406 17 -1
155440 19 -1
155468 22 -1
155479 18 -1
155518 19 -1
155522 0 1
155537 17 -1
155538 21 -1
155565 13 1
155589 20 -1
155601 19 -1
155619 14 1
155662 12 1
155683 21 -1
155686 19 -1
155686 20 -1
155686 18 -1
155710 22 -1
155758 16 1
155762 1 -1
155766 0 1
155786 19 -1
155790 20 -1
155804 2 -1
155812 21 -1
155872 0 -1
155911 19 -1
155912 3 1
155912 22 -1
155920 18 -1
155921 1 -1
155944 21 -1
155946 14 1
155992 16 1
156016 15 1
156016 0 1
156030 2 1
156032 20 -1
156105 1 1
156113 12 1
156117 22 -1
156121 17 1
156145 16 1
156183 15 1
156193 23 -1
156210 9 -1
156226 20 -1
156244 17 1
156263 3 1
156263 21 -1
156264 18 1
156274 13 1
156276 4 1
156278 16 1
156285 28 -1
156285 5 1
156290 0 -1
156349 11 1
156359 17 1
156371 15 1
156387 18 1
156403 22 -1
156415 16 1
156457 14 1
156463 17 1
156481 0 -1
156492 18 1
156500 10 1
156516 19 1
156543 21 -1
156576 17 1
156594 0 1
156596 18 1
156621 1 1
156637 2 1
156650 3 1
156661 19 1
156704 18 1
156717 17 1
156736 8 1
156749 20 1
156779 24 1
156786 19 1
156838 25 1
156857 0 1
156895 1 -1
156919 26 1
156940 18 1
156943 20 1
156951 17 1
156975 0 1
157018 2 1
157032 19 1
157059 30 1
157080 6 -1
157096 16 -1
157101 27 1
157102 3 -1
157108 1 -1
157120 20 1
157124 0 -1
157134 18 1
157144 13 -1
157181 19 1
157198 21 1
157201 2 1
157252 0 -1
157290 23 1
157310 20 1
157314 7 -1
157327 9 -1
157338 22 1
157338 24 1
157338 25 1
157359 14 -1
157370 15 -1
157392 5 -1
157402 11 -1
157402 19 1
157403 16 -1
157406 4 1
157408 0 1
157410 10 -1
157434 29 1
157459 1 1
157561 0 -1
157572 20 1
157601 8 -1
157623 18 -1
157636 16 -1
157642 1 -1
157664 17 -1
157666 3 1
157701 0 1
157725 15 -1
157730 2 -1
157746 12 -1
157789 28 1
157793 4 -1
157811 9 1
157834 1 1
157858 17 -1
157870 7 -1
157897 2 1
157918 13 -1
157957 0 1
157972 3 -1
157983 25 1
158004 14 -1
158004 8 1
158010 18 -1
158047 5 -1
158085 0 1
158096 17 -1
158122 1 -1
158144 2 -1
158187 18 -1
158198 0 -1
158200 19 -1
158208 10 -1
158241 3 1
158249 4 1
158251 6 1
158305 9 1
158305 26 1
158348 11 1
158362 1 1
158386 19 -1
158391 18 -1
158402 7 -1
158418 22 -1
158434 21 -1
158434 23 -1
158439 0 -1
158509 1 1
158539 20 -1
158571 0 -1
158582 2 -1
158583 4 -1
158587 19 -1
158668 1 1
158719 0 1
158778 2 -1
158781 20 -1
158805 7 1
158810 6 1
158813 19 -1
158875 9 1
158885 21 -1
158894 10 1
158938 1 -1
158939 24 -1
158961 8 -1
158974 2 -1
159018 20 -1
159031 0 1
159087 19 -1
159087 23 -1
159122 15 -1
159135 1 1
159143 22 -1
159159 25 -1
159178 0 -1
159197 21 -1
159240 24 -1
159294 12 1
159297 1 -1
159302 0 -1
159345 4 1
159345 23 -1
159407 0 1
159417 22 -1
159423 27 -1
159498 29 -1
159498 24 -1
159541 3 1
159552 28 -1
159552 8 -1
159554 0 1
159562 25 -1
159578 20 -1
159579 26 -1
159595 23 -1
159619 7 1
159627 19 -1
159638 2 -1
159665 9 1
159682 0 1
159691 13 1
159699 22 -1
159708 1 1
159724 10 1
159750 6 -1
159756 4 1
159810 2 1
159820 16 1
159831 18 1
159832 0 -1
159842 5 -1
159853 21 -1
159855 1 1
159861 23 -1
159901 25 -1
159949 3 -1
159982 12 1
160003 8 1
160011 2 1
160014 24 -1
160034 1 -1
160035 9 1
160038 17 1
160073 14 1
160076 0 1
160078 13 1
160078 7 1
160079 26 -1
160110 16 1
160116 18 1
160132 11 1
160135 19 1
160196 27 -1
160215 10 -1
160231 17 1
160239 20 1
160272 6 1
160272 23 -1
160272 0 -1
160274 3 -1
160282 15 1
160304 18 1
160308 16 1
160336 25 -1
160390 24 -1
160403 2 1
160409 0 1
160409 1 1
160425 17 1
160441 20 1
160476 21 1
160477 19 1
160540 14 1
160594 1 -1
160618 19 1
160659 18 1
160691 21 1
160719 0 1
160755 20 1
160755 22 1
160763 19 1
160777 5 -1
160828 0 -1
160846 1 -1
160855 2 1
160863 15 -1
160884 18 1
160892 13 -1
160904 20 1
160938 0 1
160973 22 1
160981 23 1
161059 2 1
161062 21 1
161078 11 -1
161086 20 1
161102 16 -1
161102 10 -1
161126 7 1
161126 17 -1
161147 14 -1
161156 3 -1
161158 15 -1
161203 1 1
161207 0 -1
161223 22 1
161247 4 1
161255 13 -1
161293 21 1
161307 16 -1
161344 17 -1
161346 5 1
161352 3 1
161352 23 1
161357 12 -1
161379 8 -1
161384 18 -1
161386 1 -1
161389 9 -1
161411 0 1
161416 19 -1
161481 16 -1
161505 17 -1
161572 2 1
161583 0 1
161604 15 -1
161609 20 -1
161634 19 -1
161638 17 -1
161646 16 -1
161679 11 -1
161690 18 -1
161701 28 -1
161747 1 -1
161775 17 -1
161787 19 -1
161792 0 1
161814 18 -1
161859 20 -1
161860 16 -1
161884 21 -1
161902 1 -1
161943 18 -1
161948 17 -1
161970 24 -1
162007 0 -1
162033 20 -1
162034 3 1
162045 19 -1
162077 4 1
162088 14 1
162088 30 -1
162109 8 1
162110 9 1
162119 1 -1
162136 2 1
162152 15 1
162171 0 1
162174 27 -1
162190 19 -1
162198 20 -1
162238 12 1
162268 1 -1
162303 31 -1
162311 0 1
162335 22 -1
162335 2 1
162371 19 -1
162378 21 -1
162401 1 1
162407 16 1
162432 5 1
162448 26 -1
162480 25 -1
162496 17 1
162528 15 1
162539 14 1
162544 13 1
162550 2 1
162571 18 1
162582 28 -1
162582 3 -1
162610 0 1
162614 11 1
162625 20 -1
162636 21 -1
162641 16 1
162646 6 -1
162657 4 -1
162716 0 -1
162770 1 1
162770 2 -1
162786 22 -1
162786 10 1
162797 12 1
162819 18 1
162837 0 -1
162840 14 1
162859 19 1
162863 17 1
162883 29 -1
162899 13 1
162926 3 1
162931 2 1
162935 1 1
162969 18 1
162996 16 1
163000 17 1
163012 15 1
163044 19 1
163095 0 1
163109 26 -1
163133 17 1
163157 23 1
163165 20 1
163173 9 1
163181 19 1
163181 16 1
163197 18 1
163216 8 1
163230 0 1
163254 21 1
163291 15 1
163298 19 1
163307 18 1
163334 20 1
163334 1 1
163345 24 1
163367 25 1
163399 22 1
163407 16 1
163420 11 1
163420 18 1
163423 17 1
163461 0 -1
163463 13 1
163471 23 1
163516 19 1
163539 18 1
163549 5 -1
163584 20 1
163626 19 1
163635 24 1
163641 21 1
163665 17 1
163689 23 1
163700 18 1
163701 20 1
163749 19 1
163764 30 1
163772 0 1
163778 22 1
163794 25 1
163796 21 1
163807 14 -1
163826 20 1
163855 24 1
163872 15 -1
163882 7 -1
163907 0 1
163923 26 1
163933 2 1
163936 28 1
163947 21 1
163947 22 1
163957 27 1
163958 6 -1
163979 10 -1
164027 0 1
164046 1 1
164054 24 1
164060 23 1
164128 22 1
164144 17 -1
164151 14 -1
164164 20 1
164183 18 -1
164188 3 -1
164197 16 -1
164209 1 1
164237 12 -1
164253 23 1
164264 24 1
164269 0 -1
164291 11 -1
164318 26 1
164364 1 1
164366 29 1
164374 25 1
164377 15 -1
164377 2 -1
164379 0 -1
164382 19 -1
164382 18 -1
164387 5 -1
164390 16 -1
164409 21 1
164409 31 1
164471 17 -1
164484 14 -1
164495 13 -1
164495 24 1
164511 23 1
164511 0 -1
164516 27 1
164563 16 -1
164579 19 -1
164597 2 1
164604 17 -1
164608 15 -1
164645 18 -1
164664 20 -1
164667 28 1
164706 1 -1
164716 19 -1
164733 17 -1
164753 12 -1
164753 25 1
164755 18 -1
164782 0 1
164806 24 1
164839 8 -1
164849 20 -1
164863 18 -1
164882 10 -1
164882 17 -1
164882 26 1
164884 1 1
164888 0 -1
164942 19 -1
164946 15 -1
164951 21 -1
164978 16 -1
164994 22 -1
165021 0 -1
165029 1 1
165045 19 -1
165051 17 -1
165097 18 -1
165103 20 -1
165139 21 -1
165151 19 -1
165176 1 1
165212 20 -1
165236 22 -1
165236 18 -1
165258 2 -1
165285 21 -1
165325 20 -1
165363 0 -1
165373 19 -1
165397 17 -1
165414 22 -1
165419 21 -1
165440 18 -1
165486 4 1
165489 0 -1
165494 13 1
165510 23 -1
165514 19 -1
165514 1 -1
165548 11 1
165548 6 1
165550 21 -1
165554 20 -1
165558 3 1
165666 0 -1
165682 21 -1
165688 16 1
165696 20 -1
165736 19 -1
165736 1 -1
165744 22 -1
165744 23 -1
165752 25 -1
165763 14 1
165763 15 1
165790 2 1
165790 9 1
165838 12 1
165849 27 -1
165873 0 1
165881 17 1
165897 20 -1
165897 3 1
165905 1 -1
165913 30 -1
165913 7 -1
165921 13 1
165929 22 -1
165937 16 1
165956 5 -1
165967 0 1
165986 23 -1
166004 2 -1
166015 15 1
166042 14 1
166053 21 -1
166066 4 1
166069 0 -1
166074 26 -1
166117 18 1
166150 24 -1
166155 22 -1
166195 17 1
166219 15 1
166220 0 1
166240 1 1
166246 2 1
166246 18 1
166278 3 -1
166292 16 1
166305 8 1
166332 23 -1
166332 17 1
166336 19 1
166343 14 1
166343 9 1
166359 0 1
166359 18 1
166364 12 1
166429 29 -1
166453 19 1
166461 17 1
166465 16 1
166467 18 1
166472 15 1
166510 0 -1
166558 19 1
166566 20 1
166571 18 1
166601 21 1
166679 18 1
166691 20 1
166695 16 1
166753 19 1
166768 17 1
166789 21 1
166794 18 1
166804 20 1
166808 1 1
166850 19 1
166859 14 1
166880 7 1
166880 8 1
166953 19 1
166999 24 1
167009 20 1
167017 22 1
167017 23 1
167031 0 -1
167042 17 1
167063 21 1
167082 26 1
167106 18 1
167110 20 1
167184 21 1
167190 19 1
167195 22 1
167203 25 1
167219 20 1
167267 23 1
167283 13 -1
167289 31 1
167294 24 1
167299 9 -1
167305 21 1
167334 20 1
167352 22 1
167356 19 1
167364 4 -1
167364 10 -1
167374 28 1
167385 11 -1
167396 12 -1
167408 1 1
167436 0 1
167473 20 1
167477 25 1
167485 23 1
167503 27 1
167517 22 1
167525 15 -1
167552 14 -1
167579 21 1
167579 18 -1
167581 17 -1
167600 5 -1
167600 0 1
167611 8 1
167614 16 -1
167662 13 -1
167667 2 1
167689 3 -1
167702 20 1
167710 22 1
167724 0 -1
167729 6 -1
167751 15 -1
167751 1 1
167759 25 1
167759 26 1
167772 21 1
167772 18 -1
167799 16 -1
167807 19 -1
167810 14 -1
167820 12 -1
167826 28 1
167837 24 1
167847 11 -1
167863 10 -1
167880 17 -1
167890 27 1
167900 1 1
167912 13 -1
167912 15 -1
167936 16 -1
167971 2 -1
167976 19 -1
167996 17 -1
168003 18 -1
168008 0 1
168025 22 1
168030 14 -1
168041 3 -1
168073 29 1
168097 19 -1
168108 18 -1
168117 17 -1
168129 20 -1
168198 19 -1
168199 18 -1
168234 12 -1
168234 25 1
168234 17 -1
168235 26 1
168242 16 -1
168286 19 -1
168288 21 -1
168325 15 -1
168331 23 -1
168347 13 -1
168347 17 -1
168363 30 1
168371 20 -1
168377 18 -1
168399 16 -1
168428 0 -1
168452 19 -1
168460 21 -1
168470 20 -1
168471 18 -1
168472 17 -1
168476 1 -1
168508 22 -1
168528 19 -1
168558 20 -1
168567 24 -1
168570 18 -1
168591 21 -1
168607 19 -1
168629 17 -1
168637 16 -1
168645 23 -1
168664 9 -1
168677 18 -1
168685 15 -1
168701 21 -1
168726 20 -1
168774 19 -1
168782 10 1
168804 21 -1
168804 18 -1
168806 20 -1
168814 22 -1
168825 24 -1
168830 23 -1
168836 27 -1
168846 11 1
168863 0 1
168867 19 -1
168879 28 -1
168889 20 -1
168895 25 -1
168943 22 -1
168979 19 -1
169002 21 -1
169008 14 1
169048 26 -1
169051 18 -1
169064 22 -1
169074 20 -1
169094 8 1
169099 21 -1
169121 23 -1
169137 25 -1
169158 5 1
169173 20 -1
169190 24 -1
169201 13 1
169201 21 -1
169217 7 1
169266 15 1
169266 23 -1
169282 2 -1
169292 6 1
169294 1 -1
169306 20 -1
169306 22 -1
169322 0 -1
169330 4 -1
169330 9 1
169333 3 1
169346 25 -1
169346 17 1
169354 14 1
169362 24 -1
169374 16 1
169415 13 1
169415 23 -1
169421 12 1
169432 18 1
169447 1 -1
169451 0 -1
169451 2 1
169459 29 -1
169459 22 -1
169470 21 -1
169483 17 1
169507 19 1
169511 16 1
169523 14 1
169540 24 -1
169556 8 1
169577 15 1
169588 7 1
169592 17 1
169612 9 1
169628 16 1
169640 13 1
169655 18 1
169656 19 1
169660 1 -1
169668 22 -1
169669 0 1
169695 12 1
169701 15 1
169709 20 1
169717 4 -1
169717 10 1
169733 16 1
169738 18 1
169749 26 -1
169761 19 1
169770 24 -1
169773 17 1
169796 0 1
169813 5 1
169819 18 1
169824 11 -1
169846 2 -1
169850 19 1
169854 16 1
169856 6 1
169856 8 1
169866 17 1
169867 27 -1
169872 15 1
169894 20 1
169905 0 -1
169910 21 1
169910 23 -1
169921 14 1
169926 25 -1
169934 19 1
169953 30 -1
169971 17 1
169977 18 1
170007 16 1
170013 19 1
170015 20 1
170023 0 -1
170061 18 1
170089 19 1
170119 20 1
170125 24 -1
170146 21 1
170147 9 1
170147 18 1
170208 7 -1
170236 19 1
170237 17 1
170249 1 -1
170265 16 1
170297 20 1
170315 19 1
170345 10 -1
170356 18 1
170361 0 -1
170381 20 1
170394 15 -1
170402 19 1
170415 21 1
170442 22 1
170470 20 1
170484 1 1
170490 12 -1
170506 23 1
170528 21 1
170544 11 -1
170566 18 1
170576 14 -1
170603 2 1
170607 4 -1
170619 3 -1
170623 22 1
170623 17 -1
170635 13 -1
170641 9 -1
170643 15 -1
170651 19 1
170660 1 -1
170662 21 1
170688 20 1
170692 0 -1
170737 14 -1
170780 16 -1
170789 17 -1
170791 15 -1
170813 21 1
170821 13 -1
170823 0 -1
170825 1 1
170829 22 1
170829 2 -1
170861 20 1
170861 23 1
170877 11 -1
170880 18 -1
170893 16 -1
170920 15 -1
170942 10 -1
170950 0 -1
170994 17 -1
171002 16 -1
171006 21 1
171046 19 -1
171071 8 -1
171076 3 -1
171091 17 -1
171097 18 -1
171167 12 -1
171167 14 -1
171175 19 -1
171179 17 -1
171183 18 -1
171199 13 -1
171240 16 -1
171264 15 -1
171264 18 -1
171288 20 -1
171296 26 -1
171361 25 -1
171369 17 -1
171371 19 -1
171377 22 -1
171381 16 -1
171420 18 -1
171436 24 -1
171453 19 -1
171457 31 -1
171465 1 1
171471 0 -1
171478 17 -1
171479 28 -1
171479 21 -1
171500 27 -1
171500 18 -1
171534 19 -1
171554 29 -1
171558 20 -1
171565 9 1
171586 10 1
171597 18 -1
171608 14 1
171608 15 1
171622 19 -1
171635 12 1
171651 6 -1
171675 20 -1
171683 17 -1
171691 7 -1
171699 4 -1
171699 25 -1
171715 21 -1
171719 19 -1
171723 22 -1
171723 26 -1
171750 0 -1
171758 24 -1
171780 16 1
171785 8 1
171792 20 -1
171796 1 1
171806 3 1
171828 19 -1
171839 2 1
171855 15 1
171871 14 1
171871 9 1
171874 0 -1
171896 13 1
171908 23 -1
171930 11 1
171933 20 -1
171937 1 -1
171951 27 -1
171952 5 -1
171952 12 1
171977 7 -1
171978 8 -1
172005 19 -1
172013 10 -1
172021 22 -1
172043 6 1
172059 28 -1
172059 14 1
172094 16 1
172097 2 -1
172099 3 1
172102 0 1
172118 20 -1
172123 30 -1
172145 18 1
172162 17 1
172166 21 -1
172188 15 1
172207 13 1
172215 16 1
172239 10 1
172258 0 1
172263 17 1
172279 14 1
172285 18 1
172317 11 1
172323 4 1
172327 16 1
172333 15 1
172344 7 1
172356 17 1
172381 0 1
172384 18 1
172387 9 1
172432 13 1
172432 16 1
172470 15 1
172473 14 1
172489 27 -1
172489 25 -1
172499 6 -1
172517 17 1
172523 19 1
172533 16 1
172541 1 1
172542 18 1
172545 20 1
172553 8 -1
172585 23 1
172601 22 1
172604 17 1
172618 5 1
172619 18 1
172626 19 1
172666 21 1
172666 7 1
172666 16 1
172687 9 1
172692 17 1
172693 18 1
172694 20 1
172708 19 1
172730 2 -1
172731 10 1
172746 24 1
172757 11 1
172763 18 1
172768 14 1
172783 17 1
172816 8 -1
172822 3 -1
172827 16 1
172835 21 1
172835 23 1
172835 18 1
172849 0 1
172854 12 -1
172863 19 1
172875 26 1
172916 20 1
172916 17 1
172921 18 1
172944 19 1
172961 6 1
172964 22 1
172994 24 1
173012 18 1
173016 20 1
173022 19 1
173066 0 1
173069 7 -1
173090 21 1
173090 9 -1
173093 22 1
173093 25 1
173113 20 1
173125 1 1
173153 23 1
173155 28 1
173166 17 1
173176 31 1
173187 24 1
173194 19 1
173208 21 1
173210 22 1
173214 4 1
173251 15 -1
173282 23 1
173298 19 1
173300 0 -1
173305 8 -1
173311 26 1
173314 20 1
173316 18 1
173326 11 -1
173327 21 1
173337 5 -1
173343 25 1
173379 13 -1
173383 1 1
173391 27 1
173402 12 -1
173415 23 1
173431 0 1
173437 3 -1
173437 15 -1
173447 20 1
173472 22 1
173480 16 -1
173492 17 -1
173504 19 1
173520 29 1
173520 30 1
173525 24 1
173531 14 -1
173584 15 -1
173585 10 1
173592 13 -1
173601 7 -1
173605 16 -1
173609 2 -1
173627 8 -1
173633 22 1
173638 18 -1
173649 26 1
173660 21 1
173670 6 -1
173686 3 -1
173697 20 1
173705 1 1
173708 24 1
173709 17 -1
173715 0 -1
173715 16 -1
173719 14 -1
173729 23 1
173735 15 -1
173745 11 -1
173751 18 -1
173756 12 -1
173799 2 -1
173802 17 -1
173823 0 1
173850 25 1
173874 22 1
173885 1 -1
173885 27 1
173893 17 -1
173896 15 -1
173917 24 1
173923 13 -1
173934 18 -1
173947 23 1
173951 16 -1
173987 19 -1
174003 14 -1
174015 18 -1
174046 9 -1
174068 26 1
174078 17 -1
174084 19 -1
174092 16 -1
174092 18 -1
174100 0 -1
174111 15 -1
174154 21 -1
174170 19 -1
174175 17 -1
174209 20 -1
174229 10 -1
174248 18 -1
174261 16 -1
174281 17 -1
174312 20 -1
174326 19 -1
174326 1 1
174326 18 -1
174331 21 -1
174369 2 -1
174390 4 1
174400 19 -1
174408 20 -1
174409 18 -1
174422 25 1
174444 11 1
174471 13 1
174479 19 -1
174499 20 -1
174511 18 -1
174567 23 -1
174584 21 -1
174584 22 -1
174592 20 -1
174632 18 -1
174637 15 1
174648 19 -1
174684 20 -1
174691 21 -1
174704 1 1
174737 22 -1
174745 19 -1
174779 20 -1
174798 21 -1
174820 0 1
174858 19 -1
174874 29 -1
174874 17 1
174878 22 -1
174895 18 -1
174992 14 1
174995 20 -1
174995 1 1
175003 27 -1
175015 22 -1
175024 21 -1
175024 31 -1
175035 23 -1
175035 24 -1
175035 0 -1
175046 8 1
175089 28 -1
175091 16 1
175099 6 1
175115 13 1
175132 12 1
175132 17 1
175140 20 -1
175142 3 -1
175150 1 1
175152 22 -1
175153 21 -1
175164 26 -1
175188 7 1
175199 0 -1
175204 25 -1
175218 9 1
175234 2 1
175236 23 -1
175239 30 -1
175244 10 1
175250 11 1
175260 15 1
175277 18 1
175281 16 1
175281 17 1
175309 14 1
175314 21 -1
175325 22 -1
175341 1 -1
175368 5 1
175414 17 1
175422 13 1
175435 2 1
175446 16 1
175448 3 1
175454 24 -1
175458 19 1
175465 0 1
175486 15 1
175486 23 -1
175532 18 1
175539 17 1
175542 22 -1
175599 20 1
175612 0 -1
175615 19 1
175637 2 1
175642 18 1
175647 14 1
175647 16 1
175669 8 1
175680 17 1
175696 4 1
175701 12 1
175718 1 -1
175728 9 1
175736 19 1
175744 0 -1
175749 18 1
175798 15 1
175808 6 -1
175813 17 1
175841 19 1
175845 16 1
175859 1 -1
175933 19 1
175937 13 1
175948 18 1
175957 20 1
175970 3 1
175970 23 -1
176014 1 -1
176022 19 1
176058 18 1
176061 21 1
176070 20 1
176072 0 -1
176107 16 1
176117 19 1
176131 25 1
176139 17 1
176179 18 1
176183 20 1
176185 8 -1
176230 21 1
176249 12 -1
176283 0 1
176292 26 1
176313 5 1
176332 19 1
176378 21 1
176378 24 1
176401 20 1
176429 22 1
176429 0 -1
176453 19 1
176494 1 -1
176518 20 1
176582 29 1
176588 2 1
176593 28 1
176598 23 1
176606 19 1
176614 7 1
176636 9 1
176638 20 1
176639 22 1
176641 21 1
176647 25 1
176671 10 1
176762 1 1
176765 24 1
176768 21 1
176771 20 1
176797 11 -1
176816 26 1
176824 22 1
176827 0 1
176872 17 -1
176880 4 1
176880 23 1
176894 27 1
176910 21 1
176926 9 1
176933 1 -1
176937 20 1
176937 0 -1
176937 18 -1
176958 14 -1
176977 25 1
176977 10 1
177004 2 1
177033 16 -1
177049 3 -1
177060 21 1
177063 0 1
177066 5 -1
177066 7 -1
177066 8 -1
177087 24 1
177130 15 -1
177130 30 1
177146 23 1
177203 17 -1
177211 20 1
177211 22 1
177221 2 -1
177238 18 -1
177241 1 -1
177248 21 1
177259 28 1
177259 9 1
177291 25 1
177327 4 1
177332 0 -1
177356 27 1
177377 3 1
177388 19 -1
177388 29 1
177404 1 -1
177409 24 1
177442 11 -1
177453 18 -1
177469 22 1
177474 5 -1
177474 6 -1
177474 2 1
177485 8 1
177508 0 -1
177541 13 -1
177549 14 -1
177573 1 -1
177581 15 -1
177589 19 -1
177598 26 1
177606 10 -1
177620 0 -1
177627 18 -1
177667 12 -1
177670 7 1
177678 16 -1
177678 17 -1
177714 1 -1
177726 19 -1
177734 20 -1
177753 21 -1
177759 18 -1
177764 9 1
177796 15 -1
177807 14 -1
177842 0 1
177859 17 -1
177867 1 -1
177872 8 -1
177888 16 -1
177898 18 -1
177904 13 -1
177936 3 -1
177947 27 1
177964 19 -1
177974 0 1
178021 1 -1
178033 20 -1
178038 18 -1
178057 17 -1
178059 21 -1
178073 19 -1
178137 22 -1
178145 20 -1
178151 0 -1
178154 16 -1
178161 11 -1
178182 19 -1
178210 23 -1
178226 24 -1
178250 20 -1
178286 19 -1
178291 14 -1
178315 18 -1
178323 12 -1
178347 21 -1
178383 19 -1
178412 17 -1
178419 13 -1
178430 15 -1
178436 20 -1
178454 21 -1
178456 23 -1
178457 18 -1
178484 19 -1
178492 25 -1
178500 22 -1
178500 26 -1
178520 20 -1
178555 0 1
178556 21 -1
178589 19 -1
178613 20 -1
178621 23 -1
178629 22 -1
178634 18 -1
178645 9 1
178645 17 -1
178667 0 -1
178677 4 -1
178699 6 -1
178710 29 -1
178720 24 -1
178731 14 1
178746 1 -1
178750 22 -1
178755 21 -1
178763 30 -1
178782 25 -1
178806 20 -1
178822 0 -1
178855 21 -1
178871 22 -1
178879 19 -1
178887 24 -1
178903 26 -1
178907 20 -1
178907 23 -1
178935 31 -1
178957 21 -1
178967 16 1
178984 22 -1
178984 10 1
179000 0 -1
179008 25 -1
179026 15 1
179032 28 -1
179040 20 -1
179043 24 -1
179048 23 -1
179064 12 1
179086 5 1
179104 22 -1
179118 14 1
179153 17 1
179162 2 1
179171 11 1
179173 16 1
179196 15 1
179201 23 -1
179204 9 1
179217 13 1
179219 1 1
179220 21 -1
179258 22 -1
179263 14 1
179263 0 -1
179279 18 1
179282 19 1
179282 17 1
179290 27 -1
179294 16 1
179298 7 1
179298 10 1
179358 13 1
179374 17 1
179378 0 -1
179381 18 1
179408 11 1
179408 24 -1
179410 20 1
179413 15 1
179419 19 1
179419 29 -1
179451 6 -1
179456 8 -1
179459 17 1
179470 18 1
179483 1 1
179485 16 1
179505 0 -1
179526 12 -1
179529 3 1
179531 4 1
179548 25 -1
179550 17 1
179558 15 1
179580 9 1
179600 20 1
179604 16 1
179612 26 -1
179616 19 1
179623 28 -1
179644 14 1
179644 18 1
179666 24 -1
179687 21 1
179693 10 1
179698 2 -1
179702 19 1
179725 20 1
179728 18 1
179743 17 1
179749 16 1
179781 19 1
179813 18 1
179825 20 1
179862 17 1
179891 15 1
179897 21 1
179899 18 1
179923 11 1
179934 19 1
179983 23 1
179991 17 1
179991 18 1
179999 20 1
180007 22 1
180009 19 1
180009 27 -1
180010 8 -1
180015 7 -1
180031 21 1
180049 1 -1
180079 20 1
180082 0 -1
180091 19 1
180098 18 1
180128 12 -1
180136 13 -1
180144 21 1
180162 20 1
180171 3 -1
180180 19 1
180189 0 1
180196 22 1
180232 10 -1
180246 5 -1
180257 21 1
180273 14 -1
180278 18 1
180300 2 -1
180301 19 1
180337 12 -1
180337 23 1
180353 16 -1
180355 20 1
180369 0 -1
180377 21 1
180378 22 1
180396 1 1
180420 14 -1
180450 15 -1
180477 3 -1
180478 16 -1
180482 20 1
180494 17 -1
180506 4 -1
180543 1 -1
180547 13 -1
180595 16 -1
180600 15 -1
180614 0 1
180619 17 -1
180633 9 -1
180659 19 -1
180684 20 1
180686 21 1
180692 23 1
180697 5 1
180724 17 -1
180725 0 -1
180728 1 1
180762 2 -1
180762 18 -1
180788 15 -1
180805 8 -1
180837 10 -1
180845 16 -1
180853 7 -1
180858 11 -1
180861 0 1
180864 18 -1
180885 19 -1
180901 22 1
180917 14 -1
180919 17 -1
180952 18 -1
180955 21 1
180966 25 -1
180976 24 -1
180978 16 -1
181002 13 -1
181014 17 -1
181097 19 -1
181119 17 -1
181119 18 -1
181148 0 -1
181151 16 -1
181170 3 1
181187 19 -1
181202 18 -1
181208 26 -1
181234 6 1
181235 12 1
181235 9 1
181256 20 -1
181280 1 1
181283 11 1
181284 19 -1
181296 10 1
181299 0 1
181315 14 1
181320 18 -1
181328 13 1
181331 2 1
181347 15 1
181403 1 -1
181417 20 -1
181428 12 1
181457 0 1
181471 31 -1
181492 9 -1
181498 25 -1
181514 29 -1
181514 21 -1
181530 19 -1
181530 23 -1
181535 28 -1
181557 27 -1
181557 6 1
181566 20 -1
181578 14 1
181578 8 1
181583 15 1
181585 0 1
181600 3 -1
181602 10 1
181610 11 1
181618 1 -1
181675 13 1
181683 7 -1
181691 2 -1
181707 22 -1
181715 19 -1
181731 16 1
181731 17 1
181739 26 -1
181747 20 -1
181771 4 1
181793 8 1
181800 1 1
181825 6 1
181840 7 1
181857 15 1
181887 0 1
181901 9 1
181903 17 1
181911 12 1
181921 16 1
181922 11 1
181954 18 1
181970 8 -1
181986 5 -1
181987 30 -1
181996 0 1
181997 13 1
182002 3 1
182017 17 1
182050 16 1
182083 18 1
182110 19 1
182115 12 1
182121 14 1
182169 15 1
182180 18 1
182190 20 1
182191 13 1
182209 17 1
182215 7 -1
182235 1 1
182239 0 -1
182259 10 -1
182271 9 -1
182271 18 1
182276 11 -1
182320 23 1
182320 16 1
182320 17 1
182352 24 1
182352 8 1
182360 22 1
182368 18 1
182376 19 1
182422 21 1
182440 20 1
182453 17 1
182470 18 1
182489 19 1
182497 1 -1
182580 18 1
182585 23 1
182595 19 1
182601 20 1
182642 21 1
182674 24 1
182685 12 1
182690 16 1
182723 7 -1
182736 0 -1
182755 4 -1
182775 22 1
182775 23 1
182779 10 -1
182803 19 1
182803 3 -1
182808 21 1
182811 25 1
182824 11 -1
182825 15 -1
182838 0 1
182846 18 1
182853 1 1
182878 14 -1
182879 20 1
182884 2 1
182889 24 1
182889 9 -1
182936 19 1
182940 13 -1
182952 22 1
182987 0 -1
182991 8 -1
183002 5 -1
183012 12 -1
183045 17 -1
183053 20 1
183055 15 -1
183061 11 -1
183069 16 -1
183072 14 -1
183077 10 -1
183104 6 1
183112 2 -1
183141 25 1
183166 23 1
183174 22 1
183190 15 -1
183190 17 -1
183192 16 -1
183209 0 1
183210 1 -1
183227 18 -1
183233 12 -1
183270 26 1
183297 21 1
183303 17 -1
183311 16 -1
183313 2 -1
183327 0 -1
183340 27 1
183346 15 -1
183351 19 -1
183351 24 1
183359 4 -1
183378 18 -1
183393 1 1
183405 5 -1
183437 3 -1
183448 23 1
183456 16 -1
183483 0 -1
183496 7 -1
183496 2 1
183534 8 -1
183544 17 -1
183577 25 1
183609 20 -1
183609 13 -1
183620 18 -1
183645 16 -1
183661 17 -1
183663 24 1
183673 14 -1
183684 15 -1
183684 0 -1
183707 19 -1
183718 1 1
183719 18 -1
183790 17 -1
183802 22 -1
183808 0 -1
183826 18 -1
183830 19 -1
183840 21 -1
183840 2 1
183888 3 -1
183888 6 1
183915 0 1
183955 19 -1
183985 9 1
183988 20 -1
184039 11 1
184044 13 1
184047 0 -1
184082 21 -1
184092 4 -1
184096 1 -1
184100 7 -1
184103 14 1
184103 2 -1
184125 15 1
184157 12 1
184168 8 -1
184189 3 1
184189 17 1
184197 20 -1
184242 1 -1
184254 22 -1
184278 16 1
184310 0 -1
184329 24 1
184340 21 -1
184340 2 1
184358 19 -1
184372 9 1
184393 1 -1
184421 0 1
184447 20 -1
184447 10 1
184479 5 1
184479 13 -1
184495 17 1
184522 18 1
184529 0 -1
184536 4 1
184560 23 -1
184565 14 -1
184587 6 1
184597 11 1
184608 21 -1
184608 22 -1
184673 12 1
184689 16 1
184705 2 -1
184713 1 -1
184778 17 1
184845 0 1
184850 3 1
184855 5 1
184888 2 -1
184888 18 1
184900 1 1
184906 4 -1
184914 21 -1
184915 10 -1
184936 11 -1
184955 0 -1
184971 22 -1
184995 31 -1
185006 12 -1
185047 1 1
185049 9 -1
185086 0 -1
185113 15 -1
185160 16 -1
185188 21 -1
185189 26 -1
185199 3 -1
185210 28 -1
185221 7 1
185261 17 -1
185285 20 -1
185293 2 1
185313 1 1
185326 10 1
185329 13 1
185339 6 1
185344 0 -1
185409 12 1
185425 14 1
185425 30 -1
185430 19 1
185430 23 -1
185441 11 1
185441 15 1
185442 13 1
185481 1 -1
185532 8 -1
185538 14 1
185559 18 1
185567 15 1
185570 0 1
185583 13 1
185640 5 1
185644 16 1
185652 19 1
185656 4 1
185693 3 1
185694 14 1
185720 18 1
185736 20 1
185737 12 1
185765 16 1
185769 17 1
185790 9 1
185801 1 1
185812 15 1
185817 22 1
185833 18 1
185867 16 1
185873 20 1
185874 17 1
185894 19 1
185919 11 1
185919 27 1
185933 18 1
185935 21 1
185943 15 1
185978 17 1
185986 19 1
186008 0 -1
186027 18 1
186059 29 1
186063 22 1
186064 21 1
186067 23 1
186075 19 1
186079 20 1
186087 16 1
186091 25 1
186118 15 1
186131 26 1
186145 8 -1
186156 24 1
186159 19 1
186172 20 1
186177 21 1
186192 17 1
186198 6 -1
186199 12 -1
186209 14 -1
186220 22 1
186220 18 1
186228 10 -1
186252 19 1
186264 20 1
186276 13 -1
186276 23 1
186284 28 1
186295 11 -1
186327 27 1
186341 25 1
186370 24 1
186373 19 1
186373 14 -1
186389 16 -1
186392 9 -1
186397 21 1
186413 18 1
186419 2 1
186421 13 -1
186421 26 1
186432 0 -1
186491 14 -1
186514 20 1
186515 15 -1
186526 0 -1
186534 22 1
186534 16 -1
186535 17 -1
186537 21 1
186558 1 -1
186574 25 1
186575 7 1
186583 10 1
186590 13 -1
186607 24 1
186607 8 1
186628 2 1
186639 29 1
186639 15 -1
186643 16 -1
186643 0 -1
186650 27 1
186671 30 1
186683 17 -1
186703 12 -1
186703 21 1
186704 23 1
186704 26 1
186714 28 1
186727 22 1
186735 19 -1
186736 9 -1
186740 16 -1
186746 18 -1
186752 15 -1
186788 10 -1
186805 14 -1
186822 16 -1
186832 13 -1
186843 11 -1
186851 15 -1
186860 17 -1
186880 20 -1
186881 1 -1
186886 12 -1
186901 16 -1
186918 6 -1
186932 18 -1
186935 17 -1
186950 14 -1
186953 15 -1
187004 17 -1
187004 18 -1
187009 19 -1
187017 13 -1
187058 20 -1
187060 16 -1
187069 15 -1
187070 18 -1
187072 17 -1
187090 19 -1
187101 27 1
187138 17 -1
187144 14 -1
187146 16 -1
187160 19 -1
187198 18 -1
187211 17 -1
187243 22 -1
187251 15 -1
187259 20 -1
187263 16 -1
187263 18 -1
187275 23 -1
187292 17 -1
187294 21 -1
187297 19 -1
187329 18 -1
187342 20 -1
187364 19 -1
187380 26 -1
187402 18 -1
187407 0 -1
187415 21 -1
187420 20 -1
187423 12 1
187432 19 -1
187455 3 1
187482 18 -1
187485 23 -1
187514 24 -1
187522 21 -1
187545 17 -1
187565 22 -1
187577 19 -1
187579 18 -1
187579 20 -1
187598 25 -1
187638 7 1
187646 23 -1
187654 19 -1
187656 20 -1
187670 13 1
187686 22 -1
187708 24 -1
187708 18 -1
187713 14 1
187716 21 -1
187735 11 1
187737 20 -1
187740 0 1
187747 19 -1
187763 1 1
187767 10 1
187791 23 -1
187811 22 -1
187815 21 -1
187833 20 -1
187856 16 1
187858 2 -1
187860 0 1
187863 29 -1
187880 19 -1
187880 25 -1
187885 12 1
187885 24 -1
187896 4 1
187896 17 1
187896 26 -1
187912 13 1
187923 15 1
187928 14 1
187928 21 -1
187936 22 -1
187944 20 -1
187948 23 -1
187980 16 1
188003 8 1
188008 5 1
188009 6 1
188033 17 1
188073 15 1
188081 22 -1
188097 20 -1
188097 16 1
188100 27 -1
188110 11 1
188112 0 1
188116 3 -1
188116 14 1
188121 23 -1
188154 25 -1
188174 1 -1
188207 12 1
188207 15 1
188210 18 1
188222 17 1
188223 21 -1
188226 19 1
188240 0 1
188266 22 -1
188267 24 -1
188296 2 1
188299 10 -1
188303 16 1
188304 9 -1
188309 17 1
188309 14 1
188309 18 1
188333 1 1
188377 0 1
188395 19 1
188397 17 1
188398 18 1
188422 5 -1
188436 16 1
188444 4 -1
188476 2 -1
188487 24 -1
188492 7 -1
188512 1 1
188520 19 1
188567 3 1
188572 20 1
188578 18 1
188605 21 -1
188625 17 1
188637 23 -1
188664 8 1
188669 22 -1
188672 18 1
188691 31 -1
188706 13 1
188712 11 1
188718 9 1
188726 16 1
188728 19 1
188754 10 1
188754 17 1
188758 0 -1
188761 12 1
188761 18 1
188798 24 -1
188806 19 1
188820 15 1
188838 13 1
188846 11 1
188847 20 1
188865 17 1
188879 19 1
188879 12 1
188883 16 1
188911 18 1
188922 21 1
188930 14 1
188933 20 1
188954 15 1
188967 17 1
188986 18 1
189012 19 1
189012 20 1
189035 9 -1
189040 10 -1
189045 8 -1
189056 16 1
189070 18 1
189072 13 -1
189077 27 1
189078 28 1
189082 19 1
189088 11 -1
189134 2 1
189137 26 1
189155 21 1
189156 0 -1
189161 23 1
189163 19 1
189173 1 -1
189177 20 1
189190 14 -1
189193 22 1
189212 11 -1
189217 5 -1
189230 12 -1
189249 3 1
189249 17 -1
189252 15 -1
189273 20 1
189282 21 1
189298 4 -1
189306 14 -1
189310 13 -1
189314 2 -1
189326 1 -1
189346 16 -1
189346 25 1
189365 0 1
189378 22 1
189386 20 1
189400 6 -1
189416 21 1
189435 19 1
189447 17 -1
189451 23 1
189464 3 -1
189477 16 -1
189479 1 -1
189488 0 1
189491 13 -1
189496 15 -1
189518 12 -1
189534 2 1
189545 18 -1
189556 17 -1
189566 14 -1
189572 10 -1
189588 7 -1
189596 15 -1
189604 22 1
189615 9 -1
189654 16 -1
189655 18 -1
189676 13 -1
189684 14 -1
189687 15 -1
189705 17 -1
189722 12 -1
189725 16 -1
189734 18 -1
189753 19 -1
189765 11 -1
189767 17 -1
189768 15 -1
189789 14 -1
189793 16 -1
189813 10 -1
189825 17 -1
189845 19 -1
189848 15 -1
189858 18 -1
189883 0 1
189886 20 -1
189905 24 -1
189913 18 -1
189920 19 -1
189928 16 -1
189936 17 -1
189937 8 1
189948 15 -1
189958 9 1
189969 18 -1
189980 21 -1
189990 19 -1
189993 11 1
190001 17 -1
190001 6 1
190007 7 1
190015 20 -1
190015 1 1
190027 16 -1
190031 13 1
190039 25 -1
190039 10 1
190055 26 -1
190058 12 1
190061 19 -1
190083 17 -1
190095 18 -1
190109 11 1
190125 0 1
190131 20 -1
190139 19 -1
190144 13 1
190146 14 1
190157 12 1
190173 24 -1
190176 18 -1
190184 1 -1
190200 21 -1
190216 15 1
190232 0 -1
190238 30 -1
190238 2 1
190248 20 -1
190248 13 1
190249 14 1
190259 28 -1
190286 18 -1
190302 3 -1
190302 9 1
190309 16 1
190313 23 -1
190325 19 -1
190331 1 -1
190334 12 1
190345 22 -1
190345 25 -1
190350 14 1
190385 20 -1
190393 13 1
190417 15 1
190442 21 -1
190442 24 -1
190442 26 -1
190452 8 1
190458 4 1
190458 14 1
190474 19 -1
190501 15 1
190502 17 1
190508 16 1
190514 1 1
190538 29 -1
190573 14 1
190581 16 1
190583 15 1
190591 13 1
190591 17 1
190646 11 1
190647 16 1
190651 10 1
190657 17 1
190678 14 1
190689 27 -1
190702 18 1
190705 16 1
190732 13 1
190733 15 1
190748 20 1
190768 16 1
190772 17 1
190775 12 1
190776 18 1
190780 19 1
190799 14 1
190818 15 1
190828 17 1
190830 16 1
190844 22 1
190845 18 1
190861 7 -1
190877 23 1
190885 17 1
190887 21 1
190898 0 -1
190903 16 1
190906 18 1
190925 5 -1
190925 6 -1
190945 20 1
190968 15 1
190973 18 1
190985 19 1
190989 11 -1
190990 8 -1
191000 2 1
191016 17 1
191022 13 -1
191041 18 1
191062 22 1
191065 0 1
191070 21 1
191075 24 1
191078 19 1
191078 10 -1
191097 12 -1
191108 9 -1
191114 17 1
191118 18 1
191129 3 -1
191143 23 1
191161 0 -1
191185 19 1
191203 1 1
191204 11 -1
191210 14 -1
191247 21 1
191251 20 1
191258 12 -1
191292 13 -1
191296 16 -1
191304 15 -1
191317 14 -1
191344 4 1
191395 15 -1
191396 16 -1
191400 17 -1
191409 18 1
191415 0 -1
191425 14 -1
191429 1 1
191465 13 -1
191481 15 -1
191481 16 -1
191484 21 1
191494 2 -1
191521 20 1
191521 22 1
191532 0 1
191552 1 -1
191554 10 -1
191572 15 -1
191591 12 -1
191620 17 -1
191623 8 -1
191636 16 -1
191656 9 -1
191666 19 -1
191669 15 -1
191669 0 -1
191695 17 -1
191704 18 -1
191711 16 -1
191723 13 -1
191747 14 -1
191765 17 -1
191789 16 -1
191790 15 -1
191795 5 1
191801 18 -1
191864 19 -1
191870 31 -1
191912 17 -1
191913 28 -1
191916 20 -1
191983 12 1
191983 18 -1
192005 19 -1
192009 17 -1
192026 11 1
192061 0 -1
192069 9 1
192075 14 1
192085 25 -1
192096 15 1
192096 18 -1
192107 12 1
192118 4 -1
192150 16 1
192166 13 1
192166 10 1
192171 11 1
192171 0 1
192177 14 1
192177 2 1
192192 1 -1
192214 19 -1
192236 3 -1
192257 12 1
192265 16 1
192268 8 1
192279 7 1
192284 15 1
192295 13 1
192300 18 -1
192311 0 1
192311 17 1
192343 23 1
192343 2 -1
192355 16 1
192370 15 1
192392 14 1
192440 16 1
192442 17 1
192464 15 1
192521 22 1
192523 16 1
192539 17 1
192611 16 1
192612 21 1
192612 24 1
192627 17 1
192641 19 1
192644 14 1
192657 20 1
192715 0 1
192716 17 1
192722 16 1
192741 18 1
192751 27 1
192754 1 -1
192762 23 1
192803 13 -1
192827 19 1
192838 0 1
192848 6 -1
192848 9 -1
192859 11 -1
192859 22 1
192864 18 1
192875 26 1
192891 20 1
192891 10 -1
192913 24 1
192918 15 -1
192934 14 -1
192934 21 1
192936 1 1
192940 25 1
192966 5 -1
192984 0 -1
193009 12 -1
193020 29 1
193031 15 -1
193031 8 -1
193041 11 -1
193044 14 -1
193068 23 1
193109 13 -1
193114 0 -1
193128 15 -1
193133 2 -1
193137 16 -1
193149 3 1
193149 17 -1
193160 18 1
193162 14 -1
193238 16 -1
193246 30 1
193267 24 1
193278 19 -1
193306 17 -1
193330 16 -1
193351 1 1
193353 15 -1
193369 0 1
193396 14 -1
193415 17 -1
193463 20 -1
193482 18 -1
193493 0 1
193512 22 -1
193556 16 -1
193557 21 -1
193574 2 1
193618 0 1
193627 18 -1
193649 17 -1
193659 1 1
193665 7 1
193669 10 1
193676 9 1
193686 15 1
193697 13 1
193701 19 -1
193702 12 1
193751 11 1
193783 6 -1
193788 14 1
193794 2 1
193810 1 1
193815 18 -1
193850 13 1
193858 4 -1
193864 3 -1
193864 15 1
193872 0 1
193890 22 -1
193891 16 1
193912 12 1
193944 8 1
193995 1 -1
193998 15 1
194035 19 -1
194041 0 1
194044 16 1
194052 17 1
194148 20 -1
194169 1 -1
194175 0 1
194191 15 1
194234 21 -1
194237 4 -1
194251 2 -1
194261 7 -1
194294 17 1
194304 3 1
194366 1 1
194374 10 -1
194406 14 -1
194455 0 -1
194471 9 -1
194471 18 1
194481 11 -1
194499 4 1
194535 22 -1
194551 1 1
194568 3 -1
194568 16 -1
194568 2 1
194584 15 -1
194584 0 -1
194605 14 -1
194610 6 1
194664 13 -1
194697 0 1
194729 21 -1
194793 15 -1
194801 16 -1
194831 2 1
194832 0 -1
194858 23 -1
194904 1 -1
194922 25 -1
194933 11 1
194938 22 -1
194954 20 -1
194965 0 -1
195008 3 1
195013 5 1
195040 14 1
195051 4 -1
195051 10 1
195073 12 1
195083 2 -1
195087 1 1
195117 0 1
195148 13 1
195191 9 1
195245 0 1
195263 2 -1
195273 1 -1
195288 8 -1
195309 21 -1
195325 23 -1
195325 16 1
195352 27 -1
195438 26 -1
195460 2 -1
195462 0 1
195535 10 1
195540 3 1
195551 4 1
195556 12 1
195578 0 -1
195615 19 1
195621 5 1
195636 13 1
195680 17 1
195696 11 1
195701 8 1
195707 6 1
195707 15 1
195709 12 1
195728 7 1
195728 10 1
195740 16 1
195752 14 1
195827 17 1
195833 20 1
195836 9 -1
195841 18 1
195846 15 1
195861 16 1
195868 24 1
195868 0 -1
195884 14 1
195922 13 1
195922 1 1
195943 2 1
195950 17 1
195962 19 1
195965 18 1
195970 22 1
195978 16 1
195986 20 1
195991 15 1
196002 8 1
196018 23 1
196053 17 1
196061 14 1
196064 21 1
196067 25 1
196067 18 1
196075 19 1
196087 16 1
196101 20 1
196109 11 -1
196147 7 -1
196153 9 -1
196163 22 1
196179 17 1
196183 19 1
196190 6 1
196193 21 1
196214 20 1
196228 4 1
196244 24 1
196255 5 1
196284 26 1
196300 18 1
196303 3 -1
196308 21 1
196312 22 1
196316 20 1
196319 28 1
196324 17 1
196340 29 1
196341 12 1
196341 31 1
196357 25 1
196405 19 1
196405 0 1
196413 13 -1
196416 21 1
196437 7 -1
196437 18 1
196440 9 -1
196445 23 1
196445 10 -1
196448 11 -1
196459 24 1
196472 8 -1
196490 1 1
196534 21 1
196538 20 1
196545 6 1
196550 12 -1
196555 30 1
196558 19 1
196558 13 -1
196563 0 -1
196571 15 -1
196582 10 -1
196598 22 1
196598 16 -1
196606 25 1
196631 17 -1
196641 14 -1
196647 23 1
196655 1 1
196671 15 -1
196679 12 -1
196684 21 1
196695 16 -1
196698 0 -1
196735 14 -1
196743 2 -1
196751 15 -1
196765 18 -1
196770 27 1
196776 16 -1
196792 28 1
196792 3 -1
196792 13 -1
196808 22 1
196837 14 -1
196840 17 -1
196872 4 -1
196888 20 -1
196910 11 -1
196912 19 -1
196915 17 -1
196923 15 -1
196931 16 -1
196953 25 1
196953 26 1
196964 12 -1
196964 8 -1
196965 18 -1
196985 23 1
196985 17 -1
196998 0 1
197005 16 -1
197020 15 -1
197025 19 -1
197033 13 -1
197040 18 -1
197086 16 -1
197094 20 -1
197109 0 -1
197111 18 -1
197114 10 1
197122 19 -1
197122 17 -1
197125 21 -1
197178 15 -1
197181 18 -1
197199 17 -1
197204 19 -1
197219 0 -1
197256 18 -1
197275 1 -1
197285 19 -1
197293 17 -1
197325 20 -1
197332 18 -1
197356 22 -1
197372 24 -1
197375 0 1
197420 18 -1
197422 20 -1
197436 14 1
197452 19 -1
197495 21 -1
197501 6 1
197506 2 -1
197506 9 1
197509 16 1
197517 11 1
197521 20 -1
197522 12 1
197537 13 1
197545 19 -1
197549 0 1
197554 15 1
197606 1 -1
197630 14 1
197640 21 -1
197641 8 -1
197666 19 -1
197675 0 1
197698 16 1
197716 15 1
197754 20 -1
197759 7 -1
197791 21 -1
197791 22 -1
197802 0 1
197802 18 -1
197807 17 1
197823 24 -1
197847 1 1
197861 2 1
197866 5 1
197871 23 -1
197879 20 -1
197893 9 1
197904 16 1
197952 11 1
197984 22 -1
198033 20 -1
198049 0 1
198049 17 1
198061 1 1
198065 19 -1
198065 10 -1
198086 21 -1
198102 27 -1
198113 23 -1
198124 24 -1
198145 6 -1
198146 12 -1
198154 0 -1
198170 22 -1
198194 26 -1
198231 15 -1
198237 21 -1
198258 1 1
198274 14 -1
198280 3 1
198288 0 -1
198296 9 1
198317 31 -1
198323 25 -1
198331 23 -1
198350 18 1
198355 17 1
198360 28 -1
198382 24 -1
198414 21 -1
198414 2 -1
198452 20 -1
198500 10 -1
198524 22 -1
198565 7 -1
198597 16 -1
198608 24 -1
198621 0 -1
198629 25 -1
198629 1 1
198645 8 1
198645 26 -1
198665 4 1
198672 5 1
198683 27 -1
198704 6 1
198710 22 -1
198716 10 1
198718 12 1
198726 7 1
198728 11 1
198734 13 1
198736 8 1
198737 18 1
198747 3 1
198747 9 1
198750 15 1
198758 23 -1
198770 19 1
198786 11 1
198795 13 1
198798 17 1
198812 16 1
198820 14 1
198822 20 1
198822 9 1
198828 12 1
198840 11 1
198840 10 1
198844 13 1
198864 19 1
198871 14 1
198873 17 1
198873 15 1
198879 12 1
198879 16 1
198895 13 1
198897 2 -1
198906 18 1
198908 8 -1
198922 14 1
198924 15 1
198930 21 1
198935 16 1
198935 17 1
198943 20 1
198957 13 1
198965 18 1
198973 12 1
198975 15 1
198994 11 -1
198995 17 1
199001 19 1
199022 18 1
199037 0 1
199050 16 1
199052 10 -1
199058 6 -1
199062 19 1
199064 14 1
199075 21 1
199080 29 1
199080 9 -1
199088 22 1
199091 24 1
199100 20 1
199117 15 1
199118 16 1
199120 19 1
199120 17 1
199128 11 -1
199140 18 1
199155 5 -1
199168 13 -1
199172 20 1
199177 1 1
199180 19 1
199187 21 1
199193 23 1
199195 17 1
199206 18 1
199217 16 1
199225 25 1
199245 19 1
199245 20 1
199257 10 -1
199268 11 -1
199268 12 -1
199269 13 -1
199281 18 1
199292 21 1
199295 14 -1
199306 17 1
199315 19 1
199348 28 1
199370 26 1
199373 18 1
199381 15 -1
199390 19 1
199390 22 1
199391 21 1
199394 14 -1
199396 20 1
199402 23 1
199434 8 -1
199440 0 1
199445 12 -1
199445 24 1
199477 20 1
199493 15 -1
199494 21 1
199501 13 -1
199507 4 -1
199507 7 -1
199515 9 -1
199531 22 1
199555 2 -1
199560 14 -1
199566 11 -1
199567 10 -1
199579 20 1
199591 16 -1
199603 13 -1
199604 23 1
199606 12 -1
199612 21 1
199617 8 -1
199622 18 -1
199625 14 -1
199625 15 -1
199636 9 -1
199654 16 -1
199668 17 -1
199670 10 -1
199675 15 -1
199676 13 -1
199681 14 -1
199700 7 -1
199702 16 -1
199713 3 -1
199716 15 -1
199721 11 -1
199724 17 -1
199727 18 -1
199728 14 -1
199732 19 -1
199740 12 -1
199740 8 -1
199746 9 -1
199748 10 -1
199756 15 -1
199766 17 -1
199772 14 -1
199779 16 -1
199781 13 -1
199785 18 -1
199791 11 -1
199793 15 -1
199799 12 -1
199814 16 -1
199817 14 -1
199829 19 -1
199830 15 -1
199837 13 -1
199843 17 -1
199848 16 -1
199869 14 -1
199869 22 -1
199869 15 -1
199879 18 -1
199880 17 -1
199885 6 1
199897 19 -1
199918 17 -1
199920 16 -1
199922 18 -1
199926 10 1
199944 9 1
199955 17 -1
199955 12 1
199960 20 -1
199960 8 1
199962 16 -1
199963 18 -1
199971 11 1
199972 15 -1
199990 26 -1
199994 17 -1
199998 7 1
200006 13 1
200008 16 -1
200014 19 -1
200036 17 -1
200038 23 -1
200046 4 1
200050 20 -1
200050 18 -1
200052 12 1
200068 19 -1
200081 21 -1
200087 17 -1
200095 1 -1
200095 18 -1
200103 25 -1
200123 12 1
200127 19 -1
200137 20 -1
200140 14 1
200143 30 -1
200146 18 -1
200159 29 -1
200164 24 -1
200170 15 1
200177 13 1
200196 11 1
200207 27 -1
200207 28 -1
200208 31 -1
200210 21 -1
200219 20 -1
200221 14 1
200223 12 1
200227 23 -1
200228 17 -1
200229 5 1
200240 22 -1
200245 19 -1
200260 13 1
200261 18 -1
200282 15 1
200296 14 1
200296 16 1
200306 20 -1
200312 26 -1
200314 19 -1
200323 0 1
200336 21 -1
200340 25 -1
200342 18 -1
200358 24 -1
200360 13 1
200360 10 1
200368 6 1
200387 1 1
200393 22 -1
200396 19 -1
200403 20 -1
200409 23 -1
200411 12 1
200413 16 1
200418 15 1
200427 0 -1
200434 14 1
200454 9 1
200460 11 1
200467 13 1
200470 15 1
200473 17 1
200479 16 1
200500 14 1
200505 10 1
200513 19 -1
200520 15 1
200533 20 -1
200558 17 1
200562 18 1
200563 14 1
200566 13 1
200572 11 1
200578 16 1
200594 27 -1
200594 24 -1
200613 15 1
200615 8 1
200619 16 1
200626 25 -1
200637 12 1
200644 13 1
200650 10 1
200657 15 1
200659 16 1
200664 9 1
200664 17 1
200677 18 1
200685 14 1
200700 15 1
200707 7 1
200708 17 1
200723 13 1
200725 12 1
200732 16 1
200740 18 1
200744 5 -1
200745 14 1
200747 17 1
200755 22 1
200755 1 -1
200759 19 1
200767 16 1
200776 6 -1
200788 15 1
200793 18 1
200804 16 1
200814 21 1
200819 14 1
200820 17 1
200840 18 1
200842 15 1
200844 16 1
200847 19 1
200858 17 1
200888 16 1
200894 11 -1
200897 17 1
200897 9 -1
200916 12 -1
200916 26 1
200921 8 -1
200922 19 1
200932 15 1
200933 18 1
200938 17 1
200940 16 1
200944 20 1
200970 21 1
200983 11 -1
200984 10 -1
200985 18 1
200986 17 1
200988 0 1
201015 13 -1
201018 14 -1
201025 16 1
201036 18 1
201045 17 1
201049 20 1
201065 19 1
201069 23 1
201090 12 -1
201093 13 -1
201093 7 -1
201093 2 -1
201098 11 -1
201101 14 -1
201109 28 1
201109 21 1
201119 17 1
201125 22 1
201143 19 1
201152 3 -1
201162 20 1
201163 18 1
201174 13 -1
201175 14 -1
201176 0 -1
201200 12 -1
201209 15 -1
201238 19 1
201238 29 1
201239 14 -1
201252 18 1
201258 10 -1
201265 8 -1
201270 15 -1
201281 0 1
201294 23 1
201307 22 1
201323 16 -1
201324 15 -1
201343 13 -1
201343 1 1
201351 12 -1
201356 5 -1
201356 9 -1
201359 14 -1
201383 16 -1
201419 15 -1
201420 10 -1
201422 14 -1
201431 2 -1
201433 16 -1
201435 13 -1
201442 17 -1
201465 15 -1
201469 11 -1
201493 14 -1
201496 18 -1
201504 17 -1
201513 15 -1
201522 16 -1
201560 17 -1
201565 16 -1
201568 13 -1
201593 4 -1
201609 16 -1
201627 15 -1
201641 7 -1
201657 21 -1
201658 17 -1
201661 20 -1
201677 19 -1
201684 18 -1
201697 15 -1
201699 16 -1
201703 17 -1
201730 0 -1
201732 14 -1
201748 18 -1
201752 17 -1
201754 16 -1
201764 24 -1
201778 19 -1
201778 22 -1
201797 6 1
201806 20 -1
201810 18 -1
201813 12 1
201821 9 1
201822 16 -1
201829 11 1
201834 23 -1
201850 27 -1
201856 21 -1
201861 30 -1
201862 17 -1
201877 0 1
201883 18 -1
201884 19 -1
201899 15 1
201912 12 1
201926 14 1
201933 11 1
201936 3 -1
201943 13 1
201943 17 -1
201947 20 -1
201947 10 1
201951 1 1
201963 18 -1
201971 7 1
201985 8 1
201993 12 1
201995 14 1
201995 9 1
202001 15 1
202011 25 -1
202015 13 1
202036 16 1
202060 21 -1
202062 15 1
202073 12 1
202076 5 1
202081 18 -1
202082 13 1
202092 22 -1
202111 14 1
202116 15 1
202122 16 1
202156 13 1
202167 15 1
202170 14 1
202173 10 1
202183 28 -1
202187 16 1
202189 17 1
202199 2 1
202205 12 1
202232 14 1
202237 11 1
202239 16 1
202248 6 1
202249 13 1
202253 1 1
202265 15 1
202279 17 1
202299 14 1
202313 15 1
202330 16 1
202338 19 1
202339 18 1
202342 17 1
202363 15 1
202366 24 1
202374 13 1
202374 16 1
202385 14 1
202399 17 1
202409 8 -1
202418 16 1
202451 17 1
202462 19 1
202463 21 1
202470 20 1
202505 15 1
202517 16 1
202522 18 1
202527 22 1
202549 0 -1
202559 19 1
202559 12 -1
202559 10 -1
202560 17 1
202560 26 1
202579 16 1
202587 20 1
202593 18 1
202612 23 1
202613 21 1
202614 17 1
202624 11 -1
202640 25 1
202656 4 -1
202656 14 -1
202656 31 1
202656 7 -1
202657 24 1
202664 16 1
202667 18 1
202676 22 1
202678 17 1
202690 20 1
202708 13 -1
202720 27 1
202720 29 1
202732 19 1
202744 15 -1
202745 21 1
202752 12 -1
202758 9 -1
202774 14 -1
202785 23 1
202790 0 1
202801 11 -1
202801 20 1
202806 3 1
202812 8 -1
202821 22 1
202840 15 -1
202853 19 1
202860 18 1
202876 5 -1
202881 6 -1
202885 13 -1
202892 21 1
202897 7 -1
202903 9 -1
202905 14 -1
202906 10 -1
202930 12 -1
202952 13 -1
202952 15 -1
202954 16 -1
202962 14 -1
202962 25 1
202962 26 1
202986 20 1
202994 23 1
203001 15 -1
203002 17 -1
203012 16 -1
203015 11 -1
203016 12 -1
203016 14 -1
203020 13 -1
203048 15 -1
203063 16 -1
203087 17 -1
203096 15 -1
203111 16 -1
203131 18 -1
203147 15 -1
203150 14 -1
203155 17 -1
203157 16 -1
203163 19 -1
203206 16 -1
203212 15 -1
203214 24 1
203233 18 -1
203254 16 -1
203269 17 -1
203284 14 -1
203284 15 -1
203323 17 -1
203324 20 -1
203365 0 1
203369 16 -1
203379 17 -1
203381 19 -1
203392 18 -1
203405 10 1
203429 12 1
203439 17 -1
203447 16 -1
203449 20 -1
203451 9 1
203453 13 1
203467 18 -1
203469 19 -1
203472 2 -1
203504 11 1
203510 21 -1
203510 22 -1
203514 17 -1
203528 14 1
203550 18 -1
203566 19 -1
203566 7 1
203568 13 1
203594 10 1
203602 1 -1
203625 15 1
203625 0 1
203628 11 1
203647 17 -1
203663 4 -1
203663 13 1
203671 18 -1
203676 5 1
203679 16 1
203690 12 1
203690 14 1
203698 21 -1
203700 15 1
203719 9 1
203730 8 1
203735 20 -1
203757 0 1
203762 14 1
203763 15 1
203819 12 1
203829 14 1
203838 16 1
203848 22 -1
203856 13 1
203880 15 1
203880 17 1
203896 1 -1
203897 16 1
203913 14 1
203942 15 1
203955 16 1
203972 18 1
204017 15 1
204042 17 1
204052 14 1
204066 19 1
204080 16 1
204101 18 1
204106 0 1
204111 2 -1
204112 17 1
204117 27 1
204154 16 1
204155 25 1
204178 13 -1
204191 17 1
204203 20 1
204213 12 -1
204214 18 1
204224 24 1
204235 19 1
204267 9 -1
204271 16 1
204272 11 -1
204283 26 1
204289 21 1
204299 1 -1
204310 3 1
204315 14 -1
204332 13 -1
204332 30 1
204337 8 -1
204340 10 -1
204353 2 1
204364 23 1
204374 15 -1
204409 14 -1
204428 11 -1
204436 0 -1
204452 15 -1
204460 19 1
204471 6 -1
204474 12 -1
204477 9 -1
204485 10 -1
204493 16 -1
204503 13 -1
204516 15 -1
204536 5 -1
204537 17 -1
204538 11 -1
204544 14 -1
204565 16 -1
204568 12 -1
204571 15 -1
204581 13 -1
204589 8 -1
204603 14 -1
204622 15 -1
204622 16 -1
204627 18 -1
204630 20 -1
204638 17 -1
204646 22 -1
204666 13 -1
204666 14 -1
204671 16 -1
204671 15 -1
204697 12 -1
204706 17 -1
204725 15 -1
204742 18 -1
204771 16 -1
204775 10 1
204783 7 1
204793 11 1
204810 9 1
204815 29 -1
204815 24 -1
204823 23 -1
204827 16 -1
204831 18 -1
204833 17 -1
204835 19 -1
204847 21 -1
204847 25 -1
204879 15 -1
204887 20 -1
204891 16 -1
204904 17 -1
204928 0 -1
204933 12 1
204940 19 -1
204949 11 1
204952 1 -1
204960 22 -1
204971 21 -1
204979 14 1
204988 17 -1
205000 23 -1
205004 20 -1
205010 13 1
205014 18 -1
205019 27 -1
205043 12 1
205061 19 -1
205073 24 -1
205075 14 1
205097 1 -1
205105 13 1
205105 21 -1
205105 22 -1
205110 0 1
205113 15 1
205116 28 -1
205121 6 1
205132 11 1
205134 2 1
205137 3 1
205141 20 -1
205149 14 1
205161 12 1
205161 7 1
205169 4 1
205169 25 -1
205170 18 -1
205185 13 1
205186 23 -1
205186 10 1
205188 15 1
205226 16 1
205250 11 1
205263 12 1
205266 9 1
205267 14 1
205277 31 -1
205277 8 1
205290 22 -1
205292 16 1
205295 15 1
205322 14 1
205334 13 1
205343 17 1
205344 15 1
205347 16 1
205363 10 1
205379 19 1
205384 14 1
205391 15 1
205413 17 1
205416 18 1
205423 13 1
205444 16 1
205449 14 1
205449 24 -1
205469 17 1
205486 15 1
205489 16 1
205499 19 1
205524 14 1
205534 16 1
205543 15 1
205561 18 1
205574 17 1
205580 0 -1
205582 19 1
205582 16 1
205588 13 1
205604 20 1
205615 15 1
205623 21 1
205623 18 1
205626 17 1
205636 16 1
205657 19 1
205669 23 1
205677 17 1
205681 18 1
205693 20 1
205693 16 1
205701 7 1
205717 12 -1
205717 15 1
205717 26 1
205749 6 -1
205752 21 1
205761 16 1
205775 20 1
205784 17 1
205787 19 1
205798 25 1
205798 8 -1
205798 18 1
205814 27 1
205819 14 -1
205824 11 -1
205825 9 -1
205852 17 1
205854 20 1
205854 10 -1
205856 19 1
205859 21 1
205860 18 1
205866 22 1
205900 24 1
205902 23 1
205910 29 1
205928 19 1
205930 20 1
205932 0 -1
205932 18 1
205943 12 -1
205945 17 1
205959 14 -1
205959 21 1
205986 15 -1
205986 30 1
206007 22 1
206013 20 1
206019 1 -1
206028 3 -1
206039 4 -1
206047 13 -1
206053 0 -1
206061 11 -1
206061 21 1
206079 15 -1
206088 26 1
206096 23 1
206100 19 1
206104 20 1
206104 5 1
206114 28 1
206120 12 -1
206132 16 -1
206136 24 1
206146 1 1
206147 8 1
206152 22 1
206157 14 -1
206157 15 -1
206172 13 -1
206173 21 1
206184 0 -1
206206 6 -1
206216 16 -1
206243 9 -1
206249 19 1
206259 14 -1
206287 16 -1
206308 15 -1
206308 21 1
206308 18 -1
206313 22 1
206329 17 -1
206333 13 -1
206356 11 -1
206361 25 1
206375 14 -1
206377 20 1
206383 15 -1
206408 17 -1
206414 16 -1
206428 1 -1
206442 0 -1
206442 26 1
206464 18 -1
206469 15 -1
206476 17 -1
206478 16 -1
206496 2 -1
206543 17 -1
206545 16 -1
206560 18 -1
206563 0 -1
206595 19 -1
206603 22 1
206607 17 -1
206674 17 -1
206684 23 1
206716 29 1
206720 16 -1
206721 18 -1
206740 17 -1
206748 10 -1
206788 20 -1
206794 18 -1
206815 19 -1
206836 0 -1
206853 16 -1
206868 18 -1
206895 17 -1
206903 19 -1
206909 27 1
206910 13 -1
206910 25 1
206942 20 -1
206942 1 1
206974 21 -1
206990 19 -1
206995 28 1
206998 17 -1
207022 18 -1
207075 19 -1
207081 15 1
207087 4 1
207111 18 -1
207146 24 -1
207163 19 -1
207171 20 -1
207171 22 -1
207175 17 -1
207178 2 -1
207189 21 -1
207205 0 1
207216 18 -1
207252 19 -1
207253 12 1
207276 20 -1
207288 1 1
207296 16 1
207304 23 -1
207312 7 1
207318 3 1
207320 0 1
207350 21 -1
207361 19 -1
207366 18 -1
207389 20 -1
207401 22 -1
207414 15 1
207430 14 1
207436 6 1
207468 0 -1
207471 2 1
207482 16 1
207506 13 1
207557 3 1
207576 5 -1
207580 1 -1
207594 23 -1
207597 24 -1
207629 15 1
207635 16 1
207640 12 1
207659 4 1
207662 14 1
207683 17 1
207691 20 -1
207726 21 -1
207768 1 1
207769 18 1
207774 3 -1
207788 16 1
207791 0 1
207816 17 1
207844 10 -1
207876 6 1
207890 2 -1
207895 0 -1
207909 25 -1
207941 30 -1
207949 22 -1
207951 1 -1
207952 18 1
207961 17 1
207973 21 -1
208005 11 1
208005 7 -1
208016 5 1
208021 19 1
208022 3 -1
208038 20 -1
208048 8 -1
208055 0 1
208091 24 -1
208094 4 1
208113 18 1
208126 2 1
208157 0 -1
208199 16 1
208231 13 1
208263 3 -1
208271 19 1
208279 0 -1
208300 1 1
208309 2 -1
208400 0 -1
208414 6 1
208425 9 1
208441 18 1
208465 19 1
208465 17 1
208478 12 1
208505 10 1
208510 14 1
208511 8 1
208524 11 1
208525 7 1
208543 21 1
208545 4 1
208551 9 1
208553 13 1
208575 18 1
208577 20 1
208594 22 1
208594 10 1
208602 11 1
208610 15 1
208618 23 1
208620 17 1
208653 12 1
208658 18 1
208666 19 1
208673 14 1
208682 15 1
208686 1 -1
208692 16 1
208700 13 1
208709 17 1
208709 8 -1
208737 19 1
208739 9 -1
208747 14 1
208747 26 1
208749 10 -1
208757 3 -1
208758 15 1
208763 0 -1
208773 20 1
208779 16 1
208784 5 -1
208795 22 1
208799 17 1
208806 12 -1
208811 19 1
208813 10 -1
208814 18 1
208822 27 1
208823 11 -1
208859 13 -1
208861 20 1
208865 21 1
208870 10 -1
208871 12 -1
208876 23 1
208877 11 -1
208886 9 -1
208912 4 1
208913 6 1
208916 7 1
208921 14 -1
208930 13 -1
208940 18 1
208945 8 1
208953 11 -1
208972 20 1
208976 1 -1
208978 2 -1
208983 15 -1
209012 14 -1
209015 12 -1
209015 21 1
209020 19 1
209034 0 1
209042 3 -1
209077 16 -1
209101 14 -1
209104 15 -1
209109 13 -1
209112 24 1
209128 9 -1
209137 17 -1
209141 0 -1
209149 23 1
209182 2 -1
209187 14 -1
209190 15 -1
209198 21 1
209214 22 1
209230 8 -1
209230 26 1
209246 13 -1
209246 25 1
209258 17 -1
209265 15 -1
209273 18 -1
209274 14 -1
209278 5 -1
209278 12 -1
209279 10 -1
209280 16 -1
209282 7 -1
209286 1 -1
209297 11 -1
209300 0 -1
209305 9 -1
209326 19 -1
209333 17 -1
209337 6 -1
209344 16 -1
209355 13 -1
209379 10 -1
209383 15 -1
209388 12 -1
209391 11 -1
209391 8 -1
209396 16 -1
209412 14 -1
209415 20 -1
209430 18 -1
209434 15 -1
209441 17 -1
209443 19 -1
209477 14 -1
209484 15 -1
209484 18 -1
209489 17 -1
209492 16 -1
209509 11 -1
209518 19 -1
209524 13 -1
209533 17 -1
209533 18 -1
209537 16 -1
209544 20 -1
209547 21 -1
209552 14 -1
209580 19 -1
209582 18 -1
209584 16 -1
209584 9 1
209588 22 -1
209598 15 -1
209621 10 1
209625 17 -1
209627 18 -1
209628 20 -1
209635 16 -1
209638 27 -1
209638 24 -1
209639 19 -1
209668 21 -1
209673 17 -1
209674 18 -1
209685 7 1
209697 19 -1
209701 16 -1
209710 12 1
209713 15 -1
209721 11 1
209725 18 -1
209729 22 -1
209729 17 -1
209745 13 1
209753 25 -1
209756 9 1
209761 6 1
209767 5 1
209772 21 -1
209778 23 -1
209786 12 1
209788 1 1
209794 20 -1
209810 26 -1
209814 13 1
209822 19 -1
209831 30 -1
209834 14 1
209837 24 -1
209842 28 -1
209846 10 1
209847 2 1
209853 12 1
209858 18 -1
209875 13 1
209877 15 1
209879 11 1
209890 20 -1
209896 14 1
209898 19 -1
209898 21 -1
209906 16 1
209922 4 1
209941 13 1
209955 14 1
209955 23 -1
209960 8 -1
209963 1 1
209971 3 1
209971 18 -1
209982 0 1
209995 19 -1
210003 31 -1
210003 9 -1
210005 20 -1
210011 25 -1
210013 16 1
210014 15 1
210019 7 1
210035 22 -1
210047 13 1
210075 15 1
210083 29 -1
210092 17 1
210100 14 1
210110 1 1
210135 15 1
210135 0 -1
210148 16 1
210148 10 1
210164 23 -1
210164 26 -1
210175 8 1
210176 17 1
210177 12 1
210180 14 1
210186 9 1
210188 13 1
210190 15 1
210198 16 1
210210 11 1
210234 18 1
210235 17 1
210241 15 1
210245 16 1
210253 14 1
210253 10 1
210285 12 1
210285 17 1
210290 15 1
210320 11 1
210326 14 1
210329 16 1
210331 17 1
210341 15 1
210371 16 1
210375 17 1
210379 21 1
210380 18 1
210390 19 1
210394 13 1
210406 7 -1
210414 14 1
210415 16 1
210416 17 1
210422 22 1
210437 18 1
210438 4 -1
210462 20 1
210462 15 1
210472 19 1
210488 18 1
210504 17 1
210508 12 -1
210516 16 1
210551 19 1
210552 17 1
210561 24 1
210572 8 -1
210583 20 1
210583 21 1
210587 16 1
210591 18 1
210607 17 1
210623 13 -1
210629 0 -1
210647 3 -1
210648 14 -1
210650 18 1
210658 15 -1
210663 22 1
210668 10 -1
210677 11 -1
210685 9 -1
210688 23 1
210700 20 1
210704 13 -1
210708 19 1
210712 7 -1
210713 12 -1
210717 18 1
210725 14 -1
210749 21 1
210763 15 -1
210766 2 -1
210776 11 -1
210787 6 -1
210790 12 -1
210800 16 -1
210808 18 1
210816 19 1
210825 10 -1
210833 13 -1
210845 20 1
210847 14 -1
210878 15 -1
210905 17 -1
210906 14 -1
210910 12 -1
210915 13 -1
210933 15 -1
210945 0 1
210948 8 1
210951 16 -1
210970 18 1
210975 14 -1
210988 15 -1
211002 19 1
211002 22 1
211010 16 -1
211034 17 -1
211058 1 -1
211066 16 -1
211111 17 -1
211115 13 -1
211117 15 -1
211120 5 -1
211125 9 -1
211173 16 -1
211192 15 -1
211195 11 -1
211217 14 -1
211219 18 -1
211227 16 -1
211236 17 -1
211249 28 -1
211251 20 -1
211286 16 -1
211292 15 -1
211294 17 -1
211313 0 1
211316 19 -1
211316 18 -1
211354 17 -1
211356 24 -1
211364 23 -1
211365 10 1
211405 26 -1
211425 17 -1
211432 12 1
211445 7 1
211453 25 -1
211461 19 -1
211461 20 -1
211464 27 -1
211464 8 1
211475 9 1
211480 0 1
211493 4 1
211493 18 -1
211496 21 -1
211501 14 1
211501 16 -1
211509 2 1
211512 3 1
211513 1 -1
211517 17 -1
211528 6 1
211534 10 1
211539 15 1
211550 22 -1
211558 12 1
211592 13 1
211593 14 1
211609 18 -1
211614 11 1
211622 15 1
211636 30 -1
211654 12 1
211670 13 1
211678 19 -1
211685 15 1
211687 16 1
211715 10 1
211723 14 1
211732 8 1
211740 15 1
211743 11 1
211747 13 1
211754 12 1
211755 16 1
211771 17 1
211787 14 1
211848 13 1
211852 15 1
211867 14 1
211868 17 1
211872 20 1
211873 16 1
211910 18 1
211916 15 1
211930 16 1
211952 23 1
211969 21 1
211989 19 1
211989 16 1
211990 24 1
211995 15 1
212021 17 1
212051 16 1
212057 22 1
212092 17 1
212122 1 -1
212124 16 1
212130 5 -1
212146 21 1
212154 18 1
212167 0 1
212170 17 1
212202 20 1
212202 13 -1
212210 25 1
212218 23 1
212243 22 1
212243 16 1
212246 19 1
212264 18 1
212267 10 -1
212269 11 -1
212280 9 -1
212294 14 -1
212323 29 1
212323 26 1
212343 13 -1
212347 20 1
212347 6 -1
212350 8 -1
212361 12 -1
212374 0 1
212379 15 -1
212388 7 -1
212389 14 -1
212393 2 1
212412 19 1
212414 11 -1
212436 10 -1
212438 13 -1
212452 18 1
212453 15 -1
212460 12 -1
212460 14 -1
212463 9 -1
212468 16 -1
212506 21 1
212514 15 -1
212525 17 -1
212543 11 -1
212586 12 -1
212602 14 -1
212607 16 -1
212629 13 -1
212633 17 -1
212635 15 -1
212668 16 -1
212691 14 -1
212702 15 -1
212722 17 -1
212732 16 -1
212750 19 -1
212756 0 1
212782 20 -1
212796 3 1
212796 15 -1
212842 18 -1
212860 11 1
212881 16 -1
212891 17 -1
212925 27 -1
212944 7 1
212952 13 1
212957 18 -1
212988 17 -1
212992 0 1
213011 28 -1
213016 14 1
213016 16 -1
213022 9 1
213032 19 -1
213043 21 -1
213073 1 1
213075 5 1
213086 18 -1
213120 0 1
213121 13 1
213145 12 1
213145 17 -1
213161 22 -1
213177 20 -1
213193 10 1
213199 11 1
213201 15 1
213204 8 1
213209 19 -1
213250 14 1
213252 0 1
213276 16 1
213285 15 1
213312 12 1
213333 3 -1
213346 14 1
213360 15 1
213395 13 1
213399 1 -1
213408 18 1
213419 25 1
213419 17 1
213437 16 1
213451 4 1
213457 14 1
213462 24 1
213467 23 1
213508 16 1
213518 15 1
213520 17 1
213580 21 1
213580 18 1
213584 16 1
213602 2 -1
213604 19 1
213612 7 -1
213613 17 1
213634 15 1
213669 10 -1
213671 12 -1
213677 20 1
213679 16 1
213709 13 -1
213709 18 1
213713 17 1
213770 1 -1
213774 22 1
213774 26 1
213787 0 1
213795 11 -1
213814 23 1
213840 13 -1
213849 9 -1
213854 5 -1
213854 14 -1
213860 8 -1
213870 24 1
213876 2 -1
213881 18 1
213892 15 -1
213897 6 1
213902 10 -1
213908 3 -1
213952 0 1
213959 14 -1
213967 16 -1
214031 25 1
214042 31 1
214047 4 -1
214061 0 -1
214064 12 -1
214074 14 -1
214093 15 -1
214098 16 -1
214149 11 -1
214185 15 -1
214189 16 -1
214197 13 -1
214203 14 -1
214209 20 -1
214209 17 -1
214214 21 -1
214241 19 -1
214265 15 -1
214268 9 -1
214279 8 -1
214289 12 -1
214305 17 -1
214321 14 -1
214330 1 -1
214332 11 -1
214334 16 -1
214342 13 -1
214354 22 -1
214373 18 -1
214380 17 -1
214390 19 -1
214400 16 -1
214418 2 -1
214424 21 -1
214426 23 -1
214437 15 -1
214461 18 -1
214469 16 -1
214472 14 -1
214493 27 -1
214495 19 -1
214515 20 -1
214515 24 -1
214525 17 -1
214526 5 1
214547 18 -1
214560 21 -1
214574 12 1
214591 10 1
214597 19 -1
214616 17 -1
214620 13 1
214622 0 -1
214632 20 -1
214655 9 1
214689 21 -1
214692 6 1
214692 15 1
214700 12 1
214700 22 -1
214708 29 -1
214711 14 1
214716 7 1
214720 19 -1
214724 25 -1
214734 1 -1
214753 0 -1
214773 20 -1
214783 11 1
214800 18 -1
214805 17 -1
214809 16 1
214810 15 1
214837 12 1
214848 3 1
214849 4 -1
214857 13 1
214869 10 -1
214877 22 -1
214878 0 -1
214893 23 -1
214909 19 -1
214912 15 1
214928 14 1
214942 20 -1
214966 16 1
214966 1 1
215009 11 -1
215009 21 -1
215030 0 -1
215041 9 1
215055 22 -1
215063 5 1
215090 15 1
215095 12 -1
215095 7 1
215098 8 1
215099 23 -1
215103 25 -1
215107 10 1
215111 6 1
215127 16 1
215154 9 1
215170 0 1
215175 11 1
215176 26 -1
215192 13 1
215202 24 -1
215202 8 1
215203 18 1
215208 15 1
215210 14 1
215216 12 1
215216 7 1
215235 9 1
215240 10 1
215244 19 1
215258 13 1
215258 17 1
215270 16 1
215275 15 1
215280 20 1
215280 1 -1
215283 14 1
215299 18 1
215301 11 1
215320 2 -1
215321 17 1
215326 16 1
215331 21 1
215345 12 1
215379 17 1
215385 16 1
215417 10 -1
215418 15 1
215425 13 1
215434 17 1
215441 20 1
215444 18 1
215445 16 1
215455 19 1
215460 14 1
215481 3 -1
215492 17 1
215492 5 -1
215510 18 1
215516 16 1
215516 11 -1
215519 15 1
215525 8 -1
215534 19 1
215546 9 -1
215550 20 1
215558 17 1
215562 21 1
215575 12 -1
215578 18 1
215581 0 -1
215610 10 -1
215614 19 1
215631 16 1
215637 17 1
215642 11 -1
215651 13 -1
215653 18 1
215675 23 1
215718 14 -1
215729 18 1
215747 22 1
215749 20 1
215758 0 1
215766 12 1
215773 19 1
215782 6 1
215807 18 1
215815 24 1
215816 10 1
215820 25 1
215832 20 1
215836 11 1
215836 17 1
215839 21 1
215844 19 1
215868 28 1
215876 16 1
215882 18 1
215892 22 1
215908 20 1
215912 19 1
215933 13 1
215933 21 1
215941 17 1
215943 27 1
215957 26 1
215961 7 -1
215976 9 -1
215986 2 -1
215999 10 -1
216000 8 -1
216008 24 1
216010 11 -1
216013 22 1
216024 21 1
216029 1 -1
216033 4 -1
216061 3 1
216062 23 1
216064 9 -1
216069 19 1
216071 20 1
216072 10 -1
216078 12 -1
216078 15 -1
216078 18 1
216085 11 -1
216094 14 -1
216126 31 1
216146 22 1
216149 12 -1
216158 11 -1
216180 6 -1
216182 13 -1
216190 20 1
216190 10 -1
216192 17 -1
216210 16 -1
216220 12 -1
216235 0 1
216239 19 1
216239 15 -1
216249 14 -1
216250 21 1
216257 13 -1
216261 1 1
216263 23 1
216277 16 -1
216279 7 1
216287 26 1
216292 8 1
216298 30 1
216311 9 1
216314 15 -1
216319 5 1
216327 2 1
216335 22 1
216341 14 -1
216343 25 1
216351 16 -1
216357 18 -1
216372 17 -1
216381 0 -1
216384 27 1
216390 1 -1
216394 3 -1
216405 21 1
216416 11 1
216416 20 1
216421 15 -1
216459 28 1
216466 17 -1
216475 24 1
216480 13 1
216499 0 1
216504 23 1
216507 18 -1
216513 8 -1
216557 16 -1
216557 17 -1
216577 22 1
216601 10 -1
216620 21 1
216631 11 -1
216636 12 -1
216641 4 -1
216642 7 -1
216649 19 -1
216674 25 1
216690 16 -1
216709 18 -1
216730 17 -1
216752 0 1
216770 6 1
216772 19 -1
216793 18 -1
216797 12 -1
216803 24 1
216813 3 1
216821 17 -1
216835 29 1
216859 16 -1
216859 1 -1
216870 0 1
216878 11 1
216878 18 -1
216883 19 -1
216899 10 1
216926 2 1
216936 17 -1
216988 19 -1
217007 27 1
217026 0 -1
217028 20 -1
217028 14 1
217028 9 1
217066 15 1
217077 12 1
217077 1 -1
217082 5 -1
217082 8 -1
217093 23 1
217093 18 -1
217098 3 -1
217105 19 -1
217141 4 -1
217177 10 -1
217179 2 -1
217193 20 -1
217238 7 -1
217238 18 -1
217262 13 -1
217270 11 -1
217302 17 -1
217307 28 1
217326 20 -1
217329 12 -1
217330 19 -1
217350 14 -1
217359 22 -1
217383 18 -1
217415 9 1
217420 21 -1
217443 19 -1
217443 20 -1
217447 15 -1
217463 0 -1
217488 1 -1
217512 8 1
217556 20 -1
217560 13 1
217564 19 -1
217565 11 1
217576 21 -1
217576 0 1
217608 18 -1
217614 12 1
217673 24 -1
217681 20 -1
217681 23 -1
217705 25 -1
217705 0 1
217705 2 1
217721 21 -1
217737 9 -1
217806 20 -1
217810 22 -1
217834 26 -1
217850 7 1
217898 19 -1
217915 10 1
217923 0 -1
217935 23 -1
217981 1 -1
217987 22 -1
217995 21 -1
218065 0 1
218100 20 -1
218127 21 -1
218130 3 1
218148 23 -1
218156 11 1
218157 22 -1
218165 2 -1
218173 5 1
218173 8 1
218189 14 1
218199 12 1
218245 17 1
218264 0 -1
218265 13 1
218269 15 1
218275 18 1
218293 4 -1
218296 21 -1
218302 1 1
218302 10 1
218328 24 -1
218334 19 1
218344 14 1
218350 6 -1
218361 12 1
218366 2 -1
218374 16 1
218382 30 -1
218386 7 -1
218418 17 1
218436 15 1
218446 20 -1
218447 8 -1
218452 0 -1
218452 18 1
218457 9 -1
218485 1 -1
218503 10 -1
218511 13 -1
218511 26 -1
218543 11 -1
218612 22 -1
218618 14 -1
218624 25 -1
218629 24 -1
218632 23 -1
218648 13 -1
218706 7 1
218718 9 1
218731 6 1
218734 11 1
218737 19 1
218737 29 -1
218737 21 -1
218742 2 1
218753 12 1
218780 18 1
218795 10 1
218801 11 1
218806 9 1
218817 13 1
218817 15 1
218818 12 1
218825 16 1
218837 17 1
218860 11 1
218874 12 1
218878 10 1
218880 13 1
218902 20 1
218903 14 1
218908 15 1
218916 16 1
218930 0 -1
218951 11 1
218954 4 -1
218962 19 1
218963 14 1
218968 8 -1
218973 18 1
218978 15 1
218986 16 1
219013 17 1
219016 9 -1
219019 13 1
219027 22 1
219037 19 1
219048 14 1
219051 18 1
219053 10 -1
219059 6 -1
219067 16 1
219080 21 1
219094 12 -1
219099 11 -1
219099 0 -1
219099 17 1
219102 3 -1
219107 20 1
219113 9 -1
219115 19 1
219118 8 -1
219131 10 -1
219145 18 1
219155 23 1
219169 11 -1
219169 12 -1
219170 1 -1
219188 5 -1
219192 13 -1
219198 0 1
219208 19 1
219212 20 1
219225 2 -1
219239 12 -1
219257 21 1
219264 13 -1
219284 28 1
219284 7 1
219317 17 1
219325 19 1
219325 22 1
219325 10 1
219329 20 1
219338 15 -1
219341 4 1
219349 1 1
219365 16 -1
219370 14 -1
219392 3 1
219392 9 1
219413 24 1
219470 19 1
219483 11 1
219502 0 1
219515 15 -1
219542 26 1
219548 8 -1
219553 14 -1
219566 10 -1
219576 16 -1
219585 5 -1
219598 20 1
219607 25 1
219607 7 -1
219607 9 -1
219617 21 1
219628 15 -1
219631 1 -1
219635 11 -1
219639 12 -1
219645 10 -1
219650 18 -1
219655 13 -1
219660 14 -1
219699 11 -1
219714 12 -1
219725 16 -1
219732 17 -1
219735 13 -1
219754 18 -1
219756 19 -1
219757 15 -1
219780 16 -1
219781 12 -1
219790 17 -1
219792 14 -1
219812 13 -1
219813 15 -1
219821 18 -1
219832 23 -1
219833 16 -1
219843 3 1
219844 17 -1
219867 14 -1
219876 15 -1
219886 27 -1
219913 4 1
219917 20 -1
219934 6 1
219934 0 1
219942 18 -1
219945 10 1
219947 19 -1
219951 16 -1
219957 17 -1
219961 2 -1
219964 11 1
219966 9 1
219969 7 1
219999 24 -1
220004 8 1
220007 18 -1
220020 21 -1
220028 17 -1
220033 19 -1
220044 1 -1
220052 11 1
220055 12 1
220058 22 -1
220058 16 -1
220062 10 1
220063 14 1
220066 20 -1
220074 0 -1
220082 18 -1
220106 25 -1
220108 13 1
220126 19 -1
220130 12 1
220130 17 -1
220160 14 1
220165 11 1
220176 18 -1
220181 15 1
220195 13 1
220211 2 -1
220219 20 -1
220235 9 -1
220243 1 1
220246 14 1
220256 24 -1
220272 12 1
220283 21 -1
220286 15 1
220305 18 -1
220315 5 1
220323 13 1
220336 16 1
220337 28 -1
220337 14 1
220356 22 -1
220372 19 -1
220377 15 1
220380 0 -1
220388 23 -1
220391 3 1
220391 8 1
220392 10 1
220401 30 -1
220412 20 -1
220412 27 -1
220412 29 -1
220428 2 1
220433 14 1
220444 6 1
220452 15 1
220466 9 1
220485 1 -1
220489 13 1
220501 16 1
220521 15 1
220545 17 1
220563 16 1
220584 15 1
220597 18 1
220601 13 1
220614 17 1
220615 16 1
220616 14 1
220621 11 1
220644 15 1
220662 12 1
220668 16 1
220672 17 1
220682 18 1
220694 19 1
220707 14 1
220719 16 1
220722 13 1
220729 21 1
220750 8 -1
220766 20 1
220777 16 1
220779 17 1
220788 24 1
220791 15 1
220799 22 1
220799 10 -1
220803 19 1
220818 18 1
220837 17 1
220847 16 1
220858 11 -1
220871 7 -1
220885 21 1
220885 18 1
220895 12 -1
220903 23 1
220904 17 1
220907 20 1
220917 0 1
220928 26 1
220944 14 -1
220944 10 -1
220952 13 -1
220960 1 -1
220960 18 1
220973 11 -1
220980 22 1
220981 6 -1
220997 12 -1
221008 3 1
221014 15 -1
221016 19 1
221024 9 -1
221027 0 -1
221035 21 1
221118 15 -1
221132 14 -1
221137 13 -1
221153 4 1
221161 19 1
221177 23 1
221181 0 1
221185 22 1
221202 16 -1
221218 14 -1
221223 21 1
221223 18 1
221234 3 -1
221270 13 -1
221274 15 -1
221282 11 -1
221286 17 -1
221289 0 -1
221290 20 1
221290 16 -1
221296 2 -1
221314 14 -1
221314 1 -1
221347 15 -1
221347 10 -1
221365 16 -1
221395 12 -1
221397 17 -1
221403 7 -1
221414 15 -1
221447 13 -1
221472 17 -1
221476 9 -1
221481 11 -1
221488 16 -1
221492 18 -1
221500 19 -1
221521 14 -1
221540 25 -1
221544 16 -1
221556 15 -1
221583 24 -1
221591 18 -1
221602 17 -1
221604 12 -1
221605 16 -1
221645 20 -1
221653 15 -1
221665 17 -1
221669 22 -1
221712 5 1
221712 8 1
221735 17 -1
221753 19 -1
221755 18 -1
221771 11 1
221771 14 1
221776 31 -1
221782 16 -1
221790 20 -1
221792 9 1
221800 0 -1
221816 10 1
221819 27 -1
221825 12 1
221830 17 -1
221838 4 -1
221848 13 1
221852 18 -1
221867 11 1
221868 14 1
221878 15 1
221894 19 -1
221895 21 -1
221895 26 -1
221911 7 1
221919 13 1
221939 14 1
221948 28 -1
221948 8 1
221951 10 1
221955 15 1
221980 12 1
221991 13 1
221995 16 1
221999 14 1
222013 18 -1
222015 15 1
222061 0 -1
222064 14 1
222072 16 1
222073 15 1
222088 1 1
222096 17 1
222132 15 1
222136 14 1
222140 16 1
222185 2 -1
222201 17 1
222205 16 1
222249 12 -1
222257 22 1
222271 16 1
222281 19 1
222284 15 1
222291 17 1
222340 16 1
222378 25 1
222421 15 1
222426 13 -1
222434 23 1
222442 21 1
222443 18 1
222446 20 1
222453 17 1
222496 6 1
222519 16 1
222535 17 1
222539 18 1
222560 11 1
222567 19 1
222593 0 1
222603 20 1
222604 10 -1
222614 5 -1
222614 8 -1
222628 4 -1
222628 17 1
222639 18 1
222652 21 1
222652 9 -1
222652 23 1
222664 1 1
222668 24 1
222679 12 -1
222692 19 1
222696 10 -1
222700 14 -1
222701 11 -1
222703 3 -1
222711 15 -1
222716 13 -1
222740 16 -1
222748 22 1
222751 0 -1
222754 6 1
222765 12 -1
222770 8 1
222789 14 -1
222797 20 1
222813 11 -1
222813 13 -1
222813 25 1
222829 7 -1
222863 16 -1
222867 14 -1
222869 15 -1
222877 12 -1
222914 13 -1
222918 0 1
222926 23 1
222938 15 -1
222958 26 1
222990 9 1
222996 2 1
222998 10 1
223014 15 -1
223016 16 -1
223022 5 1
223023 24 1
223028 8 1
223030 7 1
223039 17 -1
223092 6 -1
223095 1 1
223103 3 -1
223105 16 -1
223114 12 1
223151 19 -1
223164 17 -1
223178 18 -1
223181 0 1
223184 13 1
223228 16 -1
223259 9 -1
223286 14 1
223296 1 1
223297 17 -1
223302 3 1
223310 0 1
223377 2 1
223377 18 -1
223388 11 -1
223409 10 -1
223454 1 1
223468 0 1
223506 4 1
223506 22 -1
223506 8 1
223549 18 -1
223570 7 1
223630 12 1
223646 2 1
223651 14 1
223656 6 1
223657 15 1
223667 19 -1
223671 13 1
223678 5 1
223680 11 1
223683 3 1
223689 24 1
223703 10 1
223726 9 1
223760 16 1
223764 15 1
223764 23 1
223764 17 1
223780 14 1
223796 13 1
223812 25 1
223817 11 1
223839 8 -1
223863 16 1
223869 0 -1
223871 15 1
223921 1 1
223937 17 1
223981 16 1
224000 0 -1
224016 12 -1
224054 9 -1
224086 4 -1
224102 1 -1
224119 2 -1
224120 0 -1
224145 6 1
224151 17 1
224183 20 1
224183 21 1
224194 12 -1
224199 26 1
224204 28 1
224205 3 -1
224221 0 1
224226 15 -1
224231 10 1
224255 7 -1
224280 5 -1
224280 14 -1
224307 2 -1
224308 1 1
224360 9 -1
224376 23 1
224398 11 -1
224398 0 1
224400 13 -1
224409 25 1
224425 16 -1
224452 15 -1
224484 0 1
224494 14 -1
224497 10 -1
224521 19 -1
224537 11 -1
224538 4 -1
224538 18 -1
224554 17 -1
224562 16 -1
224564 15 -1
224570 12 -1
224574 13 -1
224580 8 -1
224615 14 -1
224652 16 -1
224656 15 -1
224674 22 -1
224675 17 -1
224703 20 -1
224703 13 -1
224704 18 -1
224723 19 -1
224723 14 -1
224731 21 -1
224735 16 -1
224763 9 1
224771 17 -1
224795 7 1
224820 18 -1
224827 11 1
224844 20 -1
224868 10 1
224868 17 -1
224871 24 -1
224887 21 -1
224903 15 -1
224916 23 -1
224924 0 1
224935 6 1
224956 27 -1
224957 16 -1
224964 19 -1
224977 20 -1
224977 1 1
225016 14 1
225037 22 -1
225042 12 1
225059 2 -1
225064 11 1
225075 18 -1
225077 3 -1
225118 19 -1
225122 13 1
225126 20 -1
225130 1 1
225142 23 -1
225150 14 1
225150 26 -1
225171 15 1
225177 21 -1
225182 29 -1
225182 25 -1
225193 5 1
225204 8 1
225209 0 1
225214 22 -1
225236 12 1
225236 24 -1
225267 16 1
225268 14 1
225271 13 1
225279 1 1
225281 3 1
225284 15 1
225292 2 1
225322 0 -1
225359 20 -1
225363 17 1
225385 16 1
225392 21 -1
225429 11 1
225440 22 -1
225461 18 1
225477 15 1
225480 13 1
225488 7 -1
225488 17 1
225512 0 -1
225520 19 1
225531 14 1
225557 16 1
225585 15 1
225585 1 -1
225587 17 1
225596 18 1
225653 16 1
225682 10 -1
225687 12 -1
225692 6 -1
225706 19 1
225708 5 -1
225709 8 -1
225711 9 -1
225714 2 -1
225725 18 1
225728 1 -1
225762 11 -1
225797 14 -1
225816 24 -1
225829 0 1
225863 10 1
225867 17 1
225878 9 1
225880 18 1
225891 20 1
225902 15 -1
225902 31 -1
225911 19 1
225923 23 -1
225931 16 1
225937 11 1
225948 10 1
225972 9 1
225992 13 1
226001 12 1
226012 7 -1
226012 18 1
226036 4 -1
226036 17 1
226052 19 1
226058 8 -1
226060 1 1
226074 14 1
226084 21 1
226133 18 1
226153 13 1
226181 19 1
226205 17 1
226213 25 1
226221 20 1
226246 27 1
226262 0 -1
226267 12 1
226273 21 1
226338 20 1
226343 26 1
226391 18 1
226395 22 1
226399 19 1
226418 21 1
226443 20 1
226496 23 1
226504 19 1
226504 13 1
226525 30 1
226525 18 1
226528 21 1
226536 3 1
226556 22 1
226576 17 1
226600 16 1
226604 19 1
226638 21 1
226645 20 1
226686 18 1
226693 22 1
226697 14 -1
226697 23 1
226713 29 1
226713 26 1
226740 27 1
226748 0 1
226749 20 1
226761 24 1
226772 11 -1
226772 28 1
226778 10 -1
226815 15 -1
226826 22 1
226826 7 -1
226831 6 -1
226831 8 -1
226847 12 -1
226850 25 1
226853 21 1
226862 13 -1
226878 20 1
226893 14 -1
226896 9 -1
226917 11 -1
226931 10 -1
226939 16 -1
226949 15 -1
226951 17 -1
226952 12 -1
226957 13 -1
226974 14 -1
226979 22 1
226998 21 1
226998 24 1
227019 19 -1
227025 16 -1
227027 15 -1
227043 13 -1
227048 17 -1
227057 12 -1
227062 11 -1
227062 0 1
227062 8 1
227105 15 -1
227116 9 1
227119 18 -1
227132 23 1
227132 17 -1
227148 14 -1
227159 5 -1
227164 25 1
227180 4 -1
227180 2 -1
227181 10 1
227188 16 -1
227189 1 -1
227196 15 -1
227197 0 1
227213 17 -1
227215 18 -1
227216 19 -1
227245 22 1
227277 21 1
227279 16 -1
227288 3 -1
227293 17 -1
227298 28 1
227299 18 -1
227325 0 1
227331 15 -1
227337 19 -1
227341 7 1
227350 1 -1
227374 29 1
227378 17 -1
227390 16 -1
227422 13 1
227438 0 1
227449 24 1
227470 18 -1
227486 20 -1
227492 30 1
227513 14 1
227524 6 1
227535 31 1
227535 26 1
227539 19 -1
227539 1 1
227562 3 1
227562 18 -1
227567 2 1
227579 0 -1
227615 17 -1
227631 20 -1
227639 19 -1
227667 18 -1
227711 0 -1
227744 19 -1
227764 20 -1
227771 15 1
227771 2 1
227798 18 -1
227842 0 -1
227857 19 -1
227879 14 1
227889 20 -1
227890 1 1
227962 22 -1
227970 23 -1
227994 19 -1
227997 21 -1
228008 18 -1
228013 12 -1
228018 20 -1
228051 9 -1
228115 10 -1
228119 19 -1
228131 20 -1
228142 21 -1
228164 25 -1
228185 14 -1
228201 12 -1
228212 17 -1
228223 18 -1
228230 20 -1
228240 19 -1
228244 27 -1
228244 23 -1
228255 21 -1
228260 13 -1
228260 16 -1
228265 11 -1
228271 24 -1
228311 15 -1
228330 5 1
228333 22 -1
228341 14 -1
228417 20 -1
228421 18 -1
228454 21 -1
228458 22 -1
228470 4 1
228478 19 -1
228478 26 -1
228480 6 1
228481 24 -1
228518 20 -1
228534 16 -1
228553 21 -1
228558 1 1
228566 28 -1
228570 23 -1
228578 22 -1
228615 13 1
228627 20 -1
228639 10 1
228655 19 -1
228655 21 -1
228663 15 1
228663 24 -1
228668 0 1
228706 14 1
228715 23 -1
228717 11 1
228728 17 1
228744 25 -1
228760 2 -1
228765 21 -1
228781 8 -1
228792 27 -1
228792 29 -1
228800 1 -1
228808 26 -1
228836 22 -1
228840 24 -1
228851 0 -1
228869 23 -1
228891 21 -1
228894 15 1
228913 13 1
228921 14 1
228948 12 1
228955 16 1
228961 25 -1
228961 7 1
228977 22 -1
228985 20 -1
228991 10 1
228996 30 -1
228996 8 1
229004 11 1
229004 9 1
229031 12 1
229034 4 1
229042 23 -1
229044 5 1
229045 18 1
229050 19 1
229062 10 1
229071 15 1
229072 17 1
229085 14 1
229090 13 1
229094 12 1
229102 16 1
229106 1 1
229109 9 1
229116 18 1
229125 15 1
229128 17 1
229137 14 1
229141 11 1
229146 13 1
229152 16 1
229157 3 -1
229162 0 -1
229173 15 1
229173 18 1
229181 17 1
229189 14 1
229191 20 1
229195 21 1
229200 16 1
229203 19 1
229205 13 1
229248 12 1
229259 19 1
229269 18 1
229271 15 1
229271 17 1
229277 20 1
229291 16 1
229297 8 -1
229309 19 1
229314 18 1
229317 17 1
229318 14 1
229324 7 -1
229330 15 1
229340 16 1
229348 22 1
229350 11 -1
229353 21 1
229360 18 1
229364 17 1
229393 2 -1
229396 16 1
229408 19 1
229410 20 1
229414 17 1
229415 9 -1
229420 10 -1
229425 15 1
229436 12 -1
229454 18 1
229455 11 -1
229458 19 1
229472 20 1
229477 23 1
229477 17 1
229481 16 1
229489 13 -1
229490 27 1
229510 19 1
229511 18 1
229514 12 -1
229519 14 -1
229537 20 1
229562 21 1
229565 24 1
229565 25 1
229566 19 1
229567 13 -1
229569 17 1
229576 18 1
229581 10 -1
229587 6 -1
229600 14 -1
229603 20 1
229627 19 1
229636 13 -1
229643 15 -1
229650 22 1
229662 21 1
229662 18 1
229674 20 1
229688 1 1
229689 0 -1
229702 19 1
229702 23 1
229710 13 -1
229710 7 -1
229715 12 -1
229718 15 -1
229718 16 -1
229733 14 -1
229754 20 1
229758 11 -1
229772 21 1
229776 15 -1
229787 13 -1
229791 3 -1
229792 14 -1
229799 16 -1
229807 19 1
229811 22 1
229815 17 -1
229819 10 -1
229828 15 -1
229844 12 -1
229850 14 -1
229857 16 -1
229859 20 1
229860 8 -1
229865 13 -1
229866 9 -1
229879 4 -1
229884 11 -1
229902 14 -1
229903 18 -1
229918 15 -1
229919 29 1
229920 6 -1
229933 12 -1
229935 13 -1
229944 16 -1
229946 17 -1
229953 14 -1
229960 15 -1
229978 11 -1
229982 16 -1
229992 18 -1
229993 17 -1
230000 15 -1
230005 14 -1
230019 12 -1
230019 16 -1
230034 17 -1
230051 18 -1
230059 14 -1
230079 15 -1
230090 16 -1
230101 13 -1
230109 17 -1
230113 24 -1
230113 1 1
230113 26 -1
230121 23 -1
230125 15 -1
230126 16 -1
230135 19 -1
230145 2 1
230145 17 -1
230146 18 -1
230164 16 -1
230180 15 -1
230181 10 1
230181 17 -1
230191 18 -1
230193 22 -1
230199 8 1
230199 9 1
230201 19 -1
230220 0 -1
230232 18 -1
230236 12 1
230252 16 -1
230260 17 -1
230262 19 -1
230263 21 -1
230270 20 -1
230284 28 -1
230304 17 -1
230314 16 -1
230319 18 -1
230324 13 1
230327 11 1
230330 14 1
230338 10 1
230346 12 1
230349 5 1
230349 24 -1
230355 17 -1
230368 18 -1
230370 9 1
230372 20 -1
230382 19 -1
230390 22 -1
230407 13 1
230416 21 -1
230419 7 1
230421 17 -1
230421 14 1
230422 18 -1
230424 11 1
230427 12 1
230427 25 -1
230435 8 1
230437 0 1
230449 19 -1
230459 3 1
230459 15 1
230459 26 -1
230471 20 -1
230479 10 1
230484 14 1
230499 16 1
230510 6 1
230525 19 -1
230527 15 1
230531 4 -1
230533 13 1
230537 11 1
230539 1 -1
230556 23 -1
230577 18 -1
230578 15 1
230588 12 1
230588 14 1
230592 16 1
230596 13 1
230596 21 -1
230596 22 -1
230620 17 1
230636 14 1
230650 16 1
230664 13 1
230668 15 1
230671 27 -1
230686 14 1
230692 12 1
230698 16 1
230709 25 -1
230711 15 1
230719 17 1
230741 16 1
230752 15 1
230773 7 1
230781 17 1
230792 14 1
230816 18 1
230817 16 1
230825 13 1
230827 12 1
230835 15 1
230843 9 1
230854 14 1
230855 16 1
230875 11 1
230876 17 1
230878 15 1
230886 10 1
230891 16 1
230902 19 1
230905 18 1
230918 17 1
230925 15 1
230934 14 1
230942 20 1
230956 17 1
230967 16 1
231007 22 1
231009 16 1
231015 19 1
231015 5 -1
231023 23 1
231027 18 1
231039 17 1
231047 13 -1
231056 16 1
231068 15 1
231071 20 1
231079 24 1
231079 26 1
231082 18 1
231083 17 1
231099 19 1
231103 21 1
231106 8 -1
231122 11 -1
231132 17 1
231136 10 -1
231141 18 1
231157 9 -1
231162 0 -1
231166 13 -1
231168 22 1
231184 12 -1
231184 7 -1
231186 28 1
231192 19 1
231192 20 1
231211 11 -1
231224 4 -1
231224 14 -1
231234 13 -1
231235 21 1
231244 10 -1
231248 23 1
231252 15 -1
231254 12 -1
231272 29 1
231272 2 1
231280 14 -1
231285 17 1
231286 18 1
231292 13 -1
231294 0 -1
231300 19 1
231313 16 -1
231318 15 -1
231329 1 1
231331 12 -1
231333 14 -1
231355 13 -1
231380 8 -1
231380 9 -1
231390 21 1
231391 18 1
231401 16 -1
231419 15 -1
231427 13 -1
231439 14 -1
231462 16 -1
231466 15 -1
231495 14 -1
231511 15 -1
231514 16 -1
231518 17 -1
231558 15 -1
231563 16 -1
231570 14 -1
231584 0 -1
231595 10 -1
231601 17 -1
231611 19 -1
231611 15 -1
231612 16 -1
231637 11 -1
231661 16 -1
231663 17 -1
231670 15 -1
231673 18 -1
231722 17 -1
231724 24 -1
231732 15 -1
231740 25 -1
231756 20 -1
231757 16 -1
231774 17 -1
231780 19 -1
231806 16 -1
231809 21 -1
231828 22 -1
231828 17 -1
231831 5 1
231831 6 1
231852 18 -1
231864 16 -1
231885 20 -1
231893 7 1
231921 13 1
231922 8 1
231928 3 1
231928 18 -1
231933 12 1
231939 17 -1
231949 14 1
231953 10 1
231960 27 -1
231965 11 1
231981 19 -1
231987 21 -1
231993 20 -1
232006 18 -1
232010 17 -1
232015 0 1
232035 15 1
232038 2 1
232048 13 1
232048 9 1
232051 12 1
232054 14 1
232062 11 1
232062 10 1
232078 23 -1
232089 31 -1
232094 22 -1
232099 24 -1
232102 19 -1
232110 25 -1
232110 7 1
232111 13 1
232115 15 1
232117 14 1
232121 12 1
232140 11 1
232142 16 1
232158 10 1
232170 15 1
232174 6 1
232196 21 -1
232196 9 1
232215 16 1
232215 17 1
232220 14 1
232229 13 1
232239 11 1
232260 28 -1
232266 12 1
232266 15 1
232271 14 1
232272 16 1
232303 13 1
232310 15 1
232328 14 1
232346 30 -1
232354 15 1
232369 16 1
232379 18 1
232395 14 1
232400 17 1
232414 16 1
232424 19 1
232440 13 1
232461 15 1
232463 16 1
232463 17 1
232470 0 -1
232473 1 -1
232500 18 1
232501 20 1
232523 17 1
232529 12 -1
232545 15 1
232565 22 1
232573 16 1
232583 11 -1
232596 18 1
232610 23 1
232626 21 1
232644 16 1
232647 8 1
232650 17 1
232658 20 1
232658 14 -1
232660 19 1
232685 18 1
232716 17 1
232739 16 1
232757 19 1
232768 18 1
232783 20 1
232795 17 1
232803 25 1
232819 23 1
232827 26 1
232841 15 -1
232851 19 1
232851 18 1
232865 6 -1
232867 14 -1
232880 7 -1
232884 3 -1
232894 9 -1
232896 17 1
232904 4 -1
232905 12 -1
232908 5 -1
232918 0 1
232924 22 1
232935 8 -1
232940 13 -1
232948 27 1
232950 10 -1
232953 24 1
232955 11 -1
232956 15 -1
232959 21 1
232961 14 -1
232969 18 1
232988 7 -1
233006 13 -1
233012 29 1
233015 15 -1
233022 10 -1
233046 12 -1
233047 16 -1
233066 15 -1
233067 13 -1
233074 14 -1
233101 11 -1
233103 16 -1
233111 17 -1
233113 15 -1
233117 12 -1
233128 14 -1
233133 13 -1
233153 16 -1
233190 14 -1
233190 17 -1
233210 15 -1
233222 20 -1
233246 13 -1
233249 6 1
233249 8 1
233249 9 1
233254 16 -1
233256 17 -1
233270 15 -1
233278 10 1
233289 0 -1
233302 19 -1
233306 16 -1
233313 12 1
233314 1 -1
233316 11 1
233335 18 -1
233356 15 -1
233373 16 -1
233391 17 -1
233421 21 -1
233431 18 -1
233451 19 -1
233459 13 1
233464 22 -1
233468 17 -1
233469 2 1
233496 20 -1
233506 11 1
233523 3 1
233533 14 1
233542 18 -1
233564 17 -1
233568 13 1
233582 0 1
233592 25 -1
233596 19 -1
233598 12 1
233641 14 1
233670 2 1
233684 5 1
233689 4 -1
233700 9 1
233711 15 1
233721 21 -1
233722 24 1
233729 20 -1
233737 14 1
233742 16 1
233786 19 -1
233791 0 1
233799 15 1
233860 16 1
233866 6 1
233873 15 1
233877 12 1
233878 13 1
233882 3 1
233891 1 1
233899 10 1
233926 9 1
233927 16 1
233928 14 1
233963 11 1
233969 18 1
233971 4 -1
233973 17 1
233974 12 1
233979 13 1
233985 16 1
233993 15 1
234001 8 -1
234006 14 1
234011 7 -1
234019 23 1
234042 16 1
234048 17 1
234060 15 1
234065 5 1
234092 22 1
234097 2 1
234100 16 1
234100 18 1
234103 6 1
234108 19 1
234108 10 -1
234108 26 1
234120 17 1
234143 15 1
234146 14 1
234158 16 1
234178 24 1
234189 13 1
234194 18 1
234229 19 1
234248 9 -1
234251 17 1
234253 23 1
234253 25 1
234253 7 -1
234254 8 -1
234254 0 1
234265 20 1
234269 15 1
234293 11 -1
234295 1 1
234334 16 1
234334 17 1
234339 3 1
234344 21 1
234350 19 1
234355 27 1
234366 10 -1
234371 14 -1
234382 12 -1
234387 24 1
234388 18 1
234409 5 -1
234409 2 1
234419 11 -1
234422 20 1
234430 6 -1
234452 9 -1
234454 23 1
234464 14 -1
234464 13 -1
234470 15 -1
234479 8 -1
234479 26 1
234481 12 -1
234483 7 -1
234527 14 -1
234528 13 -1
234534 15 -1
234543 16 -1
234551 17 -1
234559 12 -1
234559 22 1
234581 30 1
234583 14 -1
234589 15 -1
234593 13 -1
234616 16 -1
234624 24 1
234677 18 -1
234695 15 -1
234699 12 -1
234711 14 -1
234720 1 -1
234736 16 -1
234753 21 -1
234754 15 -1
234763 17 -1
234791 16 -1
234806 14 -1
234806 9 -1
234809 20 -1
234812 18 -1
234817 15 -1
234822 0 -1
234831 17 -1
234843 16 -1
234851 19 -1
234881 11 -1
234881 13 -1
234891 17 -1
234892 8 -1
234898 10 -1
234898 18 -1
234924 14 -1
234942 19 -1
234946 16 -1
234957 21 -1
234959 15 -1
234969 18 -1
234970 23 -1
234986 22 -1
234998 17 -1
235002 16 -1
235021 3 1
235026 19 -1
235035 18 -1
235046 20 -1
235053 9 1
235055 17 -1
235071 16 -1
235096 15 -1
235102 18 -1
235112 12 1
235123 17 -1
235131 22 -1
235131 10 1
235139 20 -1
235155 11 1
235179 23 -1
235181 19 -1
235182 31 -1
235185 21 -1
235187 13 1
235188 16 -1
235204 27 -1
235204 5 1
235204 28 -1
235204 24 -1
235204 25 -1
235228 20 -1
235247 2 1
235252 8 1
235252 18 -1
235252 26 -1
235257 0 -1
235268 19 -1
235281 12 1
235289 21 -1
235306 14 1
235308 13 1
235324 20 -1
235327 11 1
235332 15 1
235349 17 -1
235357 23 -1
235370 18 -1
235377 19 -1
235377 0 -1
235381 10 1
235389 4 1
235391 14 1
235397 7 -1
235405 22 -1
235410 21 -1
235413 12 1
235433 16 1
235441 20 -1
235477 3 1
235482 1 1
235488 14 1
235496 15 1
235515 24 -1
235538 16 1
235550 23 -1
235553 21 -1
235558 22 -1
235566 0 1
235590 15 1
235594 20 -1
235596 8 1
235608 1 -1
235617 6 1
235628 16 1
235631 17 1
235639 25 -1
235660 5 1
235679 13 1
235681 11 1
235684 15 1
235692 9 1
235708 18 1
235723 17 1
235727 4 1
235735 7 1
235735 8 1
235751 22 -1
235757 16 1
235762 21 -1
235765 14 1
235767 11 1
235772 10 1
235792 13 1
235800 0 1
235812 16 1
235824 15 1
235835 12 1
235842 17 1
235844 19 1
235853 14 1
235864 16 1
235875 9 -1
235886 18 1
235897 17 1
235899 15 1
235904 13 1
235915 11 -1
235928 6 -1
235934 2 -1
235936 20 1
235941 10 -1
235953 19 1
235953 1 1
235957 18 1
235959 17 1
235969 9 -1
235976 0 -1
235977 7 -1
236000 11 -1
236000 12 -1
236011 10 -1
236017 16 1
236041 17 1
236042 26 -1
236044 14 -1
236044 18 1
236065 12 -1
236081 19 1
236095 5 1
236100 15 -1
236106 0 -1
236129 14 -1
236132 13 -1
236138 8 1
236154 2 1
236164 1 -1
236174 17 1
236218 6 -1
236224 14 -1
236228 0 -1
236235 11 1
236239 19 1
236259 13 -1
236271 4 -1
236272 18 1
236293 1 1
236299 27 -1
236304 3 1
236305 9 -1
236321 15 -1
236339 16 -1
236364 14 -1
236374 0 1
236388 2 -1
236401 8 1
236428 10 -1
236432 1 -1
236436 19 1
236455 15 -1
236460 20 1
236471 12 1
236484 16 -1
236503 18 1
236525 3 -1
236525 23 -1
236549 0 1
236568 11 1
236581 13 1
236611 21 1
236648 14 1
236654 9 1
236658 19 1
236667 12 1
236678 20 1
236710 10 1
236729 15 1
236772 11 1
236783 7 1
236783 18 1
236803 19 1
236807 17 1
236817 20 1
236818 21 1
236827 13 1
236836 12 1
236839 14 1
236855 1 1
236858 28 1
236901 8 1
236917 15 1
236928 16 1
236936 14 1
236938 18 1
236948 22 1
236960 29 1
236976 17 1
236984 13 1
237000 15 1
237000 25 1
237008 5 1
237010 19 1
237012 23 1
237016 20 1
237018 16 1
237030 24 1
237043 14 1
237043 21 1
237051 18 1
237077 22 1
237078 15 1
237083 30 1
237093 19 1
237097 20 1
237097 26 1
237101 16 1
237116 9 -1
237124 21 1
237137 10 -1
237151 18 1
237165 23 1
237171 20 1
237173 19 1
237181 22 1
237182 17 1
237201 16 1
237204 21 1
237212 27 1
237212 24 1
237234 13 -1
237234 7 -1
237258 11 -1
237271 18 1
237274 12 -1
237309 28 1
237335 26 1
237346 20 1
237349 11 -1
237357 12 -1
237363 6 -1
237368 14 -1
237368 0 1
237373 31 1
237375 10 -1
237379 24 1
237381 21 1
237389 3 -1
237397 13 -1
237397 15 -1
237399 22 1
237399 25 1
237427 19 1
237428 12 -1
237429 16 -1
237430 14 -1
237438 9 -1
237440 11 -1
237443 29 1
237443 17 -1
237451 23 1
237463 13 -1
237467 15 -1
237483 20 1
237487 14 -1
237491 21 1
237492 0 1
237495 4 1
237513 2 1
237516 16 -1
237524 12 -1
237529 15 -1
237534 13 -1
237548 22 1
237552 17 -1
237584 16 -1
237585 15 -1
237610 14 -1
237610 8 -1
237628 13 -1
237636 25 1
237638 15 -1
237642 5 -1
237653 18 -1
237663 21 1
237669 23 1
237674 30 1
237679 14 -1
237693 15 -1
237693 17 -1
237697 16 -1
237698 0 1
237713 19 -1
237717 28 1
237717 7 -1
237717 1 1
237721 10 -1
237725 18 -1
237749 12 -1
237750 16 -1
237750 17 -1
237750 15 -1
237768 14 -1
237781 13 -1
237787 18 -1
237799 19 -1
237801 16 -1
237804 17 -1
237809 20 -1
237878 15 -1
237894 14 -1
237896 18 -1
237904 17 -1
237911 16 -1
237918 20 -1
237932 19 -1
237948 18 -1
237951 22 -1
237957 17 -1
237969 15 -1
237973 16 -1
237992 19 -1
237998 18 -1
238001 20 -1
238011 17 -1
238045 16 -1
238048 19 -1
238071 17 -1
238077 20 -1
238093 9 1
238104 18 -1
238105 19 -1
238125 24 -1
238144 10 1
238144 17 -1
238147 21 -1
238149 8 1
238152 11 1
238152 20 -1
238152 13 1
238160 18 -1
238164 19 -1
238168 12 1
238179 14 1
238184 23 -1
238192 15 1
238207 0 1
238211 2 -1
238226 19 -1
238235 18 -1
238254 9 1
238257 13 1
238265 21 -1
238273 14 1
238275 1 -1
238278 11 1
238281 17 -1
238283 12 1
238301 19 -1
238309 20 -1
238343 0 1
238353 22 -1
238359 14 1
238361 6 1
238377 25 -1
238384 15 1
238388 21 -1
238394 16 1
238402 20 -1
238408 1 1
238414 4 1
238451 0 -1
238459 2 -1
238463 15 1
238482 7 -1
238485 3 -1
238490 16 1
238490 26 -1
238496 5 -1
238506 19 -1
238506 20 -1
238512 24 -1
238522 21 -1
238533 27 -1
238539 22 -1
238560 15 1
238575 17 1
238583 16 1
238598 11 -1
238657 21 -1
238662 14 1
238676 0 1
238700 19 -1
238700 23 -1
238712 1 1
238727 18 1
238740 22 -1
238768 20 -1
238770 8 -1
238788 0 -1
238796 13 -1
238797 16 1
238805 17 1
238813 21 -1
238821 4 1
238823 9 -1
238829 10 -1
238856 24 -1
238861 1 -1
238890 3 -1
238920 18 1
238923 0 -1
238942 17 1
238950 22 -1
238966 23 -1
238974 20 -1
238979 21 -1
238984 11 -1
238984 14 -1
238985 2 -1
239006 12 -1
239027 15 -1
239062 13 -1
239070 7 1
239119 16 -1
239129 14 -1
239135 29 -1
239135 22 -1
239135 1 -1
239167 15 -1
239171 23 -1
239183 20 -1
239183 26 -1
239188 6 -1
239248 25 -1
239248 10 -1
239269 21 -1
239280 15 -1
239280 16 -1
239284 22 -1
239328 28 -1
239334 24 -1
239336 17 -1
239344 9 1
239350 27 -1
239350 18 1
239366 11 1
239368 13 1
239374 12 1
239397 7 1
239414 21 -1
239421 10 1
239449 22 -1
239449 9 1
239457 11 1
239460 12 1
239468 8 1
239484 14 1
239492 15 1
239501 10 1
239505 25 -1
239516 0 -1
239522 5 1
239523 11 1
239530 19 1
239532 13 1
239543 24 -1
239544 14 1
239546 23 -1
239554 26 -1
239564 31 -1
239566 15 1
239586 12 1
239587 13 1
239594 14 1
239614 16 1
239624 15 1
239634 18 1
239644 13 1
239669 17 1
239675 12 1
239677 15 1
239683 16 1
239683 9 -1
239685 20 1
239700 14 1
239706 18 1
239707 19 1
239723 10 -1
239739 17 1
239745 16 1
239771 18 1
239774 14 1
239775 19 1
239785 21 1
239787 7 -1
239789 20 1
239801 3 -1
239801 2 -1
239802 15 1
239814 17 1
239833 11 -1
239833 8 -1
239846 19 1
239876 12 -1
239878 20 1
239900 16 1
239908 15 1
239910 18 1
239958 20 1
239973 10 1
239979 19 1
239983 18 1
239985 17 1
239997 13 -1
240005 16 1
240037 20 1
240045 19 1
240061 18 1
240072 21 1
240080 6 -1
240085 22 1
240086 23 1
240090 17 1
240112 20 1
240112 14 -1
240118 19 1
240145 8 -1
240166 11 -1
240174 13 -1
240182 15 -1
240182 0 1
240187 21 1
240188 30 1
240194 20 1
240198 1 -1
240209 24 1
240209 9 -1
240214 10 -1
240220 14 -1
240241 5 -1
240251 22 1
240255 16 -1
240275 13 -1
240284 11 -1
240287 4 -1
240287 12 -1
240295 27 1
240295 14 -1
240311 21 1
240319 19 1
240331 17 -1
240338 8 -1
240342 15 -1
240344 13 -1
240348 6 -1
240350 14 -1
240351 9 -1
240357 12 -1
240359 25 1
240367 7 -1
240375 23 1
240390 15 -1
240397 14 -1
240397 18 -1
240399 13 -1
240400 16 -1
240414 17 -1
240418 12 -1
240424 10 -1
240433 15 -1
240437 11 -1
240448 16 -1
240456 13 -1
240470 17 -1
240488 18 -1
240490 16 -1
240491 12 -1
240493 14 -1
240516 15 -1
240520 17 -1
240522 13 -1
240530 16 -1
240534 0 1
240548 14 -1
240549 18 -1
240559 15 -1
240560 19 -1
240566 17 -1
240573 16 -1
240577 20 -1
240585 9 1
240604 18 -1
240608 15 -1
240617 16 -1
240622 14 -1
240649 8 1
240651 19 -1
240655 17 -1
240657 18 -1
240660 11 1
240661 16 -1
240669 10 1
240671 15 -1
240681 22 -1
240682 2 1
240695 12 1
240703 28 -1
240706 17 -1
240708 18 -1
240730 24 -1
240754 20 -1
240760 17 -1
240763 18 -1
240778 11 1
240788 16 -1
240799 12 1
240802 19 -1
240806 1 1
240834 13 1
240851 25 -1
240875 15 1
240877 19 -1
240877 18 -1
240887 20 -1
240895 17 -1
240918 5 1
240918 21 -1
240934 12 1
240939 13 1
240939 7 1
240940 14 1
240945 18 -1
240951 19 -1
240966 24 -1
240975 10 1
240996 16 1
241004 1 1
241006 15 1
241012 26 -1
241014 6 1
241016 14 1
241020 3 1
241024 13 1
241025 8 1
241036 4 1
241039 18 -1
241075 15 1
241076 23 -1
241079 14 1
241090 9 1
241104 17 1
241108 16 1
241116 25 -1
241122 11 1
241154 12 1
241173 13 1
241173 15 1
241181 7 1
241183 14 1
241197 10 1
241210 11 1
241211 17 1
241214 15 1
241215 16 1
241232 12 1
241234 14 1
241239 13 1
241240 8 1
241255 15 1
241258 16 1
241277 0 -1
241283 21 1
241285 14 1
241293 19 1
241294 22 1
241298 16 1
241318 13 1
241324 17 1
241336 15 1
241342 12 1
241344 14 1
241350 20 1
241366 18 1
241370 17 1
241376 16 1
241381 15 1
241414 17 1
241415 16 1
241422 14 1
241430 15 1
241433 11 -1
241433 9 -1
241433 18 1
241438 19 1
241455 24 1
241457 16 1
241476 21 1
241492 18 1
241495 20 1
241501 17 1
241503 16 1
241519 22 1
241523 23 1
241527 19 1
241539 10 -1
241547 17 1
241555 16 1
241573 2 -1
241583 6 -1
241597 21 1
241601 17 1
241605 18 1
241608 11 -1
241608 20 1
241626 28 1
241634 16 1
241640 14 -1
241650 13 -1
241659 9 -1
241660 22 1
241667 18 1
241691 12 -1
241696 15 -1
241704 19 1
241715 21 1
241716 23 1
241728 29 1
241729 10 -1
241731 14 -1
241732 13 -1
241734 0 1
241739 18 1
241741 1 1
241745 25 1
241745 17 1
241750 11 -1
241755 24 1
241761 26 1
241769 4 1
241787 3 1
241793 12 -1
241800 15 -1
241813 19 1
241813 13 -1
241833 18 1
241841 30 1
241844 21 1
241857 16 -1
241864 14 -1
241865 15 -1
241873 20 1
241893 13 -1
241906 27 1
241908 0 1
241916 12 -1
241922 11 -1
241928 14 -1
241974 22 1
241977 15 -1
241986 13 -1
241990 17 -1
241991 14 -1
242000 16 -1
242018 21 1
242019 8 -1
242025 15 -1
242035 1 -1
242051 16 -1
242071 15 -1
242071 7 -1
242072 18 -1
242073 17 -1
242077 13 -1
242077 11 -1
242077 6 -1
242088 2 -1
242095 16 -1
242103 19 -1
242103 10 -1
242112 14 -1
242155 12 -1
242157 15 -1
242163 9 -1
242165 13 -1
242175 14 -1
242177 16 -1
242182 17 -1
242182 18 -1
242195 20 -1
242202 15 -1
242218 16 -1
242229 17 -1
242238 19 -1
242256 15 -1
242260 16 -1
242260 18 -1
242265 14 -1
242271 5 1
242274 17 -1
242292 3 1
242324 8 1
242326 20 -1
242328 19 -1
242341 10 1
242359 16 -1
242371 17 -1
242378 12 1
242389 23 -1
242394 18 -1
242400 31 -1
242408 11 1
242416 9 1
242421 19 -1
242421 25 -1
242431 17 -1
242433 20 -1
242437 16 -1
242445 22 -1
242467 12 1
242469 7 1
242470 10 1
242470 18 -1
242471 13 1
242507 11 1
242510 17 -1
242518 26 -1
242520 19 -1
242528 0 -1
242531 15 1
242532 1 -1
242542 12 1
242542 13 1
242542 14 1
242550 20 -1
242555 21 -1
242563 18 -1
242577 2 1
242604 6 1
242605 14 1
242606 13 1
242606 15 1
242625 8 1
242636 11 1
242636 12 1
242655 16 1
242661 14 1
242664 15 1
242711 20 -1
242719 14 1
242722 9 1
242738 0 1
242739 16 1
242743 10 1
242747 17 1
242759 1 1
242769 15 1
242783 4 1
242784 14 1
242788 13 1
242802 16 1
242808 12 1
242821 15 1
242856 16 1
242859 14 1
242864 17 1
242875 15 1
242908 16 1
242933 15 1
242939 17 1
242958 21 1
242961 14 1
242969 13 1
242982 18 1
242985 22 1
242989 19 1
242996 15 1
243002 17 1
243010 16 1
243044 24 1
243064 16 1
243066 23 1
243074 15 1
243079 18 1
243102 20 1
243118 19 1
243120 17 1
243124 16 1
243151 27 1
243162 5 -1
243162 18 1
243182 17 1
243200 3 -1
243203 10 -1
243219 7 -1
243221 0 1
243222 9 -1
243227 19 1
243237 12 -1
243243 21 1
243251 22 1
243255 17 1
243279 13 -1
243291 15 -1
243296 11 -1
243302 6 -1
243315 23 1
243327 10 -1
243346 14 -1
243350 18 1
243356 24 1
243388 29 1
243388 9 -1
243401 11 -1
243417 14 -1
243420 16 -1
243423 0 1
243433 12 -1
243446 13 -1
243460 15 -1
243468 20 1
243474 3 -1
243479 2 -1
243484 14 -1
243523 16 -1
243523 15 -1
243538 18 1
243549 13 -1
243565 22 1
243584 15 -1
243589 0 1
243597 16 -1
243648 17 -1
243654 1 1
243656 14 -1
243705 0 -1
243734 15 -1
243736 16 -1
243750 17 -1
243753 12 1
243758 19 -1
243809 16 -1
243830 0 -1
243841 17 -1
243855 15 -1
243861 18 -1
243885 1 -1
243889 16 -1
243947 24 1
243972 19 -1
243990 18 -1
243992 20 -1
243996 16 -1
244012 0 -1
244024 17 -1
244038 14 1
244040 13 1
244059 21 -1
244067 1 1
244097 8 1
244098 0 -1
244105 10 1
244118 11 1
244118 18 -1
244137 19 -1
244149 17 -1
244161 25 -1
244172 15 1
244194 22 -1
244204 0 1
244210 12 1
244210 14 1
244222 13 1
244226 5 1
244226 9 1
244234 4 1
244242 20 -1
244250 16 1
244269 2 1
244290 3 1
244296 8 1
244308 13 1
244319 7 1
244335 15 1
244338 11 1
244339 9 1
244343 16 1
244349 10 1
244355 14 1
244365 12 1
244371 13 1
244379 17 1
244387 15 1
244387 18 1
244401 16 1
244410 14 1
244435 13 1
244435 15 1
244440 11 1
244443 12 1
244457 17 1
244462 21 1
244462 8 -1
244475 14 1
244489 15 1
244510 16 1
244512 10 -1
244519 18 1
244526 5 -1
244534 17 1
244548 7 -1
244569 6 -1
244572 15 1
244576 16 1
244577 11 -1
244588 23 1
244592 10 -1
244604 9 -1
244610 12 -1
244612 27 1
244616 19 1
244621 17 1
244645 4 1
244645 2 1
244655 11 -1
244655 30 1
244661 22 1
244681 1 1
244699 13 -1
244701 16 1
244716 0 1
244725 26 1
244736 3 1
244757 20 1
244758 25 1
244763 28 1
244763 21 1
244765 14 -1
244774 12 -1
244774 17 1
244775 13 -1
244824 1 1
244827 15 -1
244846 19 1
244859 14 -1
244876 2 -1
244881 11 1
244892 18 1
244894 0 1
244906 13 -1
244948 15 -1
244951 23 1
244951 7 -1
244951 9 -1
244956 24 1
244970 14 -1
244991 1 1
244999 8 -1
244999 10 -1
245050 0 1
245085 6 -1
245090 11 -1
245096 12 -1
245102 16 -1
245107 15 -1
245128 10 -1
245150 9 -1
245160 20 -1
245160 14 -1
245172 15 -1
245173 16 -1
245193 17 -1
245195 18 -1
245213 19 -1
245225 13 -1
245237 16 -1
245238 15 -1
245260 14 -1
245269 17 -1
245278 12 -1
245297 18 -1
245300 5 1
245339 19 -1
245342 17 -1
245343 11 1
245346 20 -1
245372 16 -1
245446 19 -1
245456 21 -1
245458 7 1
245466 22 -1
245467 16 -1
245483 8 1
245483 18 -1
245487 10 1
245491 13 1
245504 14 1
245519 17 -1
245520 3 -1
245520 12 1
245523 23 -1
245526 15 1
245531 25 -1
245555 0 -1
245563 19 -1
245579 29 -1
245595 18 -1
245612 26 -1
245619 20 -1
245622 21 -1
245636 13 1
245664 22 -1
245668 17 -1
245676 24 -1
245688 19 -1
245740 0 1
245741 18 -1
245756 20 -1
245757 15 1
245765 23 -1
245775 21 -1
245826 12 -1
245829 22 -1
245837 11 -1
245837 31 -1
245893 20 -1
245923 6 1
245934 16 1
245950 1 -1
245958 23 -1
245971 24 -1
245974 0 1
245977 8 1
245982 9 1
245987 28 -1
245990 19 -1
245998 15 1
246014 4 1
246015 5 1
246031 17 1
246036 11 1
246036 14 1
246055 10 1
246060 3 1
246065 12 1
246066 2 1
246079 20 -1
246079 16 1
246095 21 -1
246099 1 -1
246111 26 -1
246159 7 -1
246176 16 1
246181 14 1
246184 23 -1
246196 13 1
246208 22 -1
246251 15 1
246264 0 1
246267 18 1
246272 2 1
246276 16 1
246283 3 -1
246296 17 1
246329 1 1
246331 11 -1
246353 27 -1
246374 12 -1
246374 21 -1
246396 9 1
246398 0 1
246405 16 1
246417 17 1
246420 18 1
246458 10 1
246466 19 1
246482 25 -1
246484 2 -1
246498 23 -1
246514 15 1
246526 17 1
246536 18 1
246573 14 1
246603 20 1
246613 19 1
246623 1 1
246631 17 1
246638 18 1
246699 13 1
246699 16 1
246732 18 1
246736 17 1
246745 15 1
246756 22 1
246760 20 1
246793 0 1
246816 19 1
246820 18 1
246826 21 1
246847 8 -1
246848 17 1
246885 20 1
246909 16 1
246912 18 1
246913 19 1
246933 10 -1
246955 24 1
246977 1 1
246984 0 1
246998 17 1
247014 19 1
247019 11 -1
247019 9 -1
247038 4 -1
247040 5 -1
247046 13 -1
247046 7 -1
247054 22 1
247062 12 -1
247110 15 -1
247118 0 -1
247130 20 1
247153 14 -1
247163 1 -1
247169 21 1
247223 8 1
247239 10 1
247255 16 -1
247266 0 1
247271 11 1
247272 20 1
247277 18 1
247296 19 1
247325 12 1
247328 13 1
247331 21 1
247384 6 1
247408 20 1
247425 25 1
247427 28 1
247449 11 1
247465 19 1
247465 21 1
247481 12 1
247485 22 1
247502 15 1
247508 0 1
247513 14 1
247521 23 1
247529 13 1
247545 24 1
247578 7 -1
247578 10 -1
247602 1 -1
247637 2 -1
247642 27 1
247646 22 1
247669 3 -1
247682 19 1
247685 9 -1
247690 20 1
247707 26 1
247731 21 1
247739 4 1
247763 23 1
247771 25 1
247787 13 -1
247793 18 -1
247803 8 1
247817 0 -1
247819 22 1
247830 14 -1
247857 24 1
247857 2 1
247872 10 1
247905 21 1
247943 31 1
247946 11 1
247972 20 1
247975 3 -1
247986 6 -1
247986 12 1
247986 15 -1
248005 23 1
248013 22 1
248013 0 1
248055 1 1
248056 9 -1
248061 17 -1
248077 18 -1
248093 10 -1
248104 21 1
248104 8 -1
248110 26 1
248142 0 1
248158 27 1
248166 11 -1
248166 13 -1
248169 24 1
248174 29 1
248179 30 1
248185 2 -1
248212 9 -1
248214 12 -1
248222 14 -1
248222 16 -1
248234 19 -1
248242 17 -1
248249 15 -1
248270 11 -1
248287 22 1
248330 12 -1
248335 14 -1
248335 18 -1
248339 16 -1
248353 17 -1
248359 19 -1
248375 20 -1
248429 18 -1
248432 13 -1
248448 16 -1
248458 19 -1
248464 14 -1
248480 15 -1
248518 18 -1
248529 1 1
248545 5 1
248553 19 -1
248561 17 -1
248632 0 1
248633 20 -1
248641 11 1
248706 17 -1
248719 18 -1
248738 19 -1
248742 20 -1
248749 3 1
248760 21 -1
248802 6 -1
248811 22 -1
248811 10 -1
248813 0 -1
248835 19 -1
248848 18 -1
248851 20 -1
248899 21 -1
248923 17 -1
248931 16 -1
248933 19 -1
248947 20 -1
248948 13 -1
248964 23 -1
248964 24 -1
248980 18 -1
249008 22 -1
249012 25 -1
249017 21 -1
249038 20 -1
249044 2 1
249060 7 1
249061 1 1
249103 11 1
249103 12 1
249105 0 -1
249125 26 -1
249130 21 -1
249136 15 1
249137 20 -1
249137 10 1
249157 19 -1
249189 14 1
249189 23 -1
249254 20 -1
249254 24 -1
249256 21 -1
249259 8 -1
249275 27 -1
249275 9 -1
249278 13 1
249286 2 -1
249330 22 -1
249340 11 -1
249342 16 1
249350 19 -1
249351 4 1
249372 15 1
249385 21 -1
249391 23 -1
249396 0 -1
249399 25 -1
249404 12 -1
249426 18 1
249447 28 -1
249479 10 1
249487 22 -1
249512 24 -1
249522 21 -1
249525 0 -1
249528 1 -1
249552 20 -1
249616 17 1
249619 5 1
249624 16 1
249632 7 1
249640 29 -1
249649 22 -1
249651 9 1
249662 2 -1
249665 1 1
249673 3 1
249678 0 1
249678 8 1
249713 25 -1
249716 11 1
249716 18 1
249756 12 1
249772 17 1
249788 16 1
249794 19 1
249796 9 1
249818 23 -1
249820 14 1
249826 18 1
249845 12 1
249845 0 -1
249855 15 1
249858 17 1
249862 13 1
249877 27 -1
249878 16 1
249878 10 1
249896 14 1
249904 18 1
249918 20 1
249928 15 1
249930 11 1
249931 12 1
249937 13 1
249949 16 1
249964 14 1
249987 19 1
249991 17 1
249995 15 1
249995 7 -1
250015 16 1
250016 8 -1
250023 13 1
250029 18 1
250035 20 1
250049 21 1
250051 17 1
250055 19 1
250088 18 1
250092 4 -1
250116 17 1
250118 19 1
250118 6 -1
250126 10 -1
250140 12 -1
250147 18 1
250159 11 -1
250172 16 1
250199 0 1
250210 21 1
250212 20 1
250221 30 1
250237 12 -1
250253 19 1
250263 1 1
250263 5 1
250264 14 -1
250269 11 -1
250274 15 -1
250301 20 1
250301 22 1
250301 18 1
250321 17 1
250325 19 1
250333 13 -1
250333 10 1
250339 0 -1
250349 9 1
250355 21 1
250382 23 1
250386 20 1
250400 18 1
250402 19 1
250403 14 -1
250435 24 1
250436 2 -1
250446 26 1
250457 3 -1
250473 15 -1
250494 13 -1
250495 8 -1
250498 16 -1
250501 0 -1
250511 25 1
250513 14 -1
250519 22 1
250543 9 -1
250559 15 -1
250588 12 -1
250591 6 -1
250591 13 -1
250593 16 -1
250595 20 1
250595 17 -1
250623 15 -1
250631 7 -1
250650 28 1
250652 10 -1
250655 4 -1
250656 18 -1
250657 14 -1
250663 11 -1
250666 13 -1
250672 21 1
250677 15 -1
250678 17 -1
250682 12 -1
250713 16 -1
250715 14 -1
250720 9 -1
250728 15 -1
250740 13 -1
250747 8 -1
250760 19 -1
250760 16 -1
250763 11 -1
250766 12 -1
250771 14 -1
250775 15 -1
250790 17 -1
250805 16 -1
250819 13 -1
250833 18 -1
250838 17 -1
250838 14 -1
250876 15 -1
250881 23 -1
250883 17 -1
250885 19 -1
250889 18 -1
250893 16 -1
250913 20 -1
250924 14 -1
250937 15 -1
250941 16 -1
250943 18 -1
250945 10 1
250962 22 -1
250968 19 -1
250974 17 -1
250996 16 -1
250997 18 -1
251005 24 -1
251024 17 -1
251026 11 1
251042 15 -1
251042 21 -1
251048 18 -1
251050 13 1
251050 7 1
251054 20 -1
251070 16 -1
251080 17 -1
251082 25 -1
251101 6 1
251104 18 -1
251106 12 1
251119 19 -1
251123 10 1
251127 23 -1
251133 27 -1
251136 0 -1
251144 8 1
251151 17 -1
251152 14 1
251155 26 -1
251168 18 -1
251183 20 -1
251199 19 -1
251203 29 -1
251203 12 1
251225 21 -1
251235 14 1
251237 13 1
251252 24 -1
251278 0 1
251280 1 1
251284 17 -1
251292 19 -1
251316 3 1
251316 16 1
251320 20 -1
251329 15 1
251332 13 1
251348 23 -1
251348 18 -1
251356 25 -1
251364 22 -1
251370 12 1
251391 14 1
251396 15 1
251402 28 -1
251402 5 1
251405 9 1
251417 16 1
251418 11 1
251425 10 1
251437 13 1
251456 15 1
251461 14 1
251469 7 1
251481 16 1
251504 0 -1
251505 17 1
251509 4 1
251517 11 1
251523 14 1
251525 26 -1
251529 10 1
251536 9 1
251552 30 -1
251553 15 1
251563 2 1
251572 17 1
251574 27 -1
251576 16 1
251595 18 1
251598 12 1
251599 15 1
251608 13 1
251619 16 1
251643 11 1
251644 14 1
251646 15 1
251654 20 1
251660 16 1
251674 17 1
251684 18 1
251698 19 1
251699 15 1
251720 17 1
251724 14 1
251727 13 1
251749 16 1
251759 15 1
251765 17 1
251783 22 1
251797 16 1
251799 21 1
251807 19 1
251815 20 1
251815 18 1
251831 23 1
251832 10 -1
251847 15 1
251852 16 1
251858 17 1
251864 12 -1
251874 18 1
251898 19 1
251910 17 1
251923 11 -1
251928 21 1
251931 18 1
251944 8 -1
251960 14 -1
251964 22 1
251968 17 1
251971 9 -1
251972 1 1
251976 13 -1
251986 19 1
251992 25 1
251998 12 -1
252045 20 1
252052 21 1
252061 23 1
252070 18 1
252073 10 -1
252078 15 -1
252079 24 1
252081 19 1
252084 11 -1
252113 12 -1
252121 16 -1
252135 14 -1
252138 2 -1
252154 3 1
252162 13 -1
252170 18 1
252178 20 1
252182 1 1
252186 5 -1
252197 21 1
252203 14 -1
252210 19 1
252230 15 -1
252234 12 -1
252242 16 -1
252252 13 -1
252261 11 -1
252272 14 -1
252275 17 -1
252289 15 -1
252311 0 -1
252313 16 -1
252331 22 1
252336 8 -1
252344 14 -1
252347 15 -1
252359 13 -1
252368 6 -1
252379 21 1
252395 17 -1
252419 14 -1
252421 16 -1
252422 12 -1
252438 18 -1
252457 15 -1
252464 17 -1
252472 16 -1
252486 11 -1
252496 13 -1
252508 14 -1
252513 15 -1
252518 16 -1
252522 17 -1
252524 20 -1
252540 19 -1
252556 7 1
252559 18 -1
252577 17 -1
252581 15 -1
252589 4 1
252621 16 -1
252631 17 -1
252642 18 -1
252648 24 -1
252669 10 1
252679 16 -1
252685 17 -1
252691 9 1
252718 18 -1
252723 12 1
252734 14 1
252754 16 -1
252770 19 -1
252777 8 1
252790 1 -1
252796 18 -1
252798 29 -1
252809 0 -1
252814 13 1
252814 2 1
252815 17 -1
252825 21 -1
252841 6 1
252846 20 -1
252857 3 1
252871 10 1
252879 22 -1
252883 19 -1
252884 31 -1
252907 13 1
252911 9 1
252916 15 1
252919 17 -1
252927 5 1
252932 11 1
252943 1 -1
252956 12 1
252960 14 1
252975 7 1
252981 13 1
252991 23 -1
252994 15 1
253008 10 1
253008 18 -1
253024 14 1
253032 20 -1
253040 11 1
253053 15 1
253056 12 1
253068 16 1
253072 19 -1
253083 14 1
253110 15 1
253134 0 -1
253138 16 1
253144 13 1
253169 15 1
253173 17 1
253201 16 1
253233 15 1
253260 14 1
253311 15 1
253326 16 1
253335 21 1
253335 9 1
253351 18 1
253352 17 1
253392 16 1
253429 17 1
253432 24 1
253469 16 1
253475 18 1
253499 22 1
253507 17 1
253511 20 1
253521 0 1
253539 13 -1
253547 4 -1
253550 12 -1
253572 23 1
253588 19 1
253588 16 1
253615 14 -1
253616 1 -1
253641 11 -1
253642 0 1
253652 25 1
253663 8 -1
253676 7 -1
253682 3 -1
253682 15 -1
253686 13 -1
253701 9 -1
253701 26 1
253717 14 -1
253733 6 -1
253744 18 1
253778 15 -1
253781 10 -1
253797 0 -1
253813 19 1
253838 16 -1
253840 12 -1
253852 15 -1
253862 17 -1
253886 14 -1
253910 23 1
253926 13 -1
253926 0 -1
253934 16 -1
254019 16 -1
254020 15 -1
254023 14 -1
254039 1 1
254039 17 -1
254071 0 1
254152 15 -1
254152 18 -1
254164 17 -1
254190 2 1
254203 0 1
254224 16 -1
254270 12 1
254297 17 -1
254302 21 -1
254313 19 -1
254324 3 1
254327 0 1
254329 4 -1
254329 13 1
254363 1 -1
254372 18 -1
254394 14 1
254404 2 1
254431 11 1
254442 20 -1
254490 17 -1
254515 1 -1
254517 15 1
254517 8 1
254523 16 1
254528 9 1
254535 10 1
254567 13 1
254579 12 1
254587 11 1
254619 10 1
254627 9 1
254635 24 1
254636 8 1
254637 14 1
254641 16 1
254667 11 1
254670 15 1
254702 14 1
254713 0 1
254716 25 1
254716 17 1
254732 5 -1
254732 22 1
254734 13 1
254735 15 1
254764 21 1
254788 16 1
254797 9 -1
254807 14 1
254813 15 1
254821 20 1
254821 17 1
254837 7 -1
254840 18 1
254845 12 -1
254853 0 -1
254869 19 1
254877 16 1
254877 2 -1
254905 10 -1
254925 27 1
254942 1 -1
254946 13 -1
254950 12 -1
254952 24 1
254957 11 -1
254968 6 1
254968 0 1
254974 26 1
255033 3 1
255033 18 1
255046 13 -1
255054 20 1
255060 12 -1
255062 22 1
255092 15 -1
255103 25 1
255127 19 1
255132 14 -1
255140 21 1
255159 23 1
255162 28 1
255215 16 -1
255218 15 -1
255219 4 1
255250 5 -1
255251 14 -1
255291 24 1
255296 7 -1
255300 1 -1
255312 29 1
255312 0 1
255323 15 -1
255328 10 -1
255334 3 -1
255334 8 -1
255348 17 -1
255393 14 -1
255420 0 -1
255422 15 -1
255430 11 -1
255449 13 -1
255465 16 -1
255473 18 -1
255498 17 -1
255556 16 -1
255562 19 -1
255581 9 -1
255594 17 -1
255624 15 -1
255634 6 1
255637 16 -1
255661 1 1
255667 13 -1
255675 22 -1
255687 19 -1
255691 10 1
255702 18 -1
255719 20 -1
255720 11 1
255726 8 1
255727 16 -1
255734 0 -1
255753 2 1
255758 12 1
255763 7 1
255772 17 -1
255804 23 -1
255812 19 -1
255812 4 -1
255812 10 1
255812 18 -1
255817 14 1
255820 1 1
255828 9 1
255855 21 -1
255860 15 1
255892 20 -1
255892 13 1
255895 12 1
255941 17 -1
255957 14 1
255957 26 -1
255962 5 -1
255968 18 -1
255973 19 -1
255994 3 1
256013 0 1
256037 10 -1
256048 21 -1
256061 20 -1
256064 8 -1
256067 11 -1
256070 15 1
256080 2 1
256086 24 -1
256107 27 -1
256118 6 1
256118 16 1
256126 23 -1
256126 0 -1
256142 22 -1
256144 1 -1
256150 19 -1
256150 12 -1
256150 9 1
256220 21 -1
256248 0 -1
256303 10 1
256315 1 -1
256344 22 -1
256365 2 -1
256368 4 -1
256370 11 1
256408 16 1
256408 0 1
256428 17 1
256451 14 1
256460 1 -1
256472 20 -1
256494 24 -1
256537 13 1
256553 16 1
256559 0 -1
256577 2 -1
256591 15 1
256601 22 -1
256618 10 -1
256634 25 -1
256636 1 -1
256666 18 1
256669 0 1
256682 23 -1
256687 11 -1
256714 3 1
256752 21 -1
256773 5 1
256781 1 1
256799 17 1
256838 28 -1
256841 0 -1
256843 2 -1
256870 12 1
256902 18 1
256924 31 -1
256935 24 -1
256942 1 -1
256960 19 1
256992 17 1
257029 13 1
257037 7 -1
257042 3 1
257064 18 1
257080 9 -1
257085 23 -1
257089 1 1
257117 20 1
257139 2 1
257144 8 -1
257157 19 1
257168 0 1
257178 4 1
257182 12 -1
257198 10 -1
257214 17 1
257225 11 -1
257246 29 -1
257295 9 1
257313 0 -1
257324 2 1
257351 19 1
257375 20 1
257375 16 1
257393 1 1
257397 15 1
257440 18 1
257445 21 1
257477 0 -1
257483 5 1
257504 11 1
257526 12 1
257536 14 1
257536 7 1
257552 13 1
257577 17 1
257612 8 1
257617 10 1
257617 18 1
257644 6 1
257649 21 1
257653 19 1
257687 15 1
257689 22 1
257690 16 1
257697 20 1
257708 9 1
257732 14 1
257740 27 1
257751 18 1
257754 17 1
257764 19 1
257767 11 1
257770 25 1
257778 21 1
257783 24 1
257794 10 1
257796 20 1
257814 16 1
257816 3 -1
257826 23 1
257827 30 1
257846 22 1
257848 14 1
257854 19 1
257879 17 1
257883 21 1
257885 8 -1
257887 20 1
257891 7 -1
257939 15 1
257939 26 1
257971 22 1
257972 18 1
257982 21 1
257996 13 -1
258009 12 -1
258012 23 1
258020 4 -1
258024 17 1
258028 1 1
258052 19 1
258060 25 1
258068 20 1
258076 21 1
258084 28 1
258092 22 1
258122 18 1
258165 23 1
258167 20 1
258173 19 1
258175 14 -1
258197 13 -1
258213 22 1
258221 26 1
258224 12 -1
258240 24 1
258245 6 -1
258253 0 1
258261 5 -1
258269 15 -1
258283 21 1
258290 20 1
258294 14 -1
258298 16 -1
258299 11 -1
258310 29 1
258312 9 -1
258314 13 -1
258320 1 1
258320 2 -1
258326 10 -1
258334 23 1
258337 12 -1
258342 22 1
258355 15 -1
258369 14 -1
258390 11 -1
258390 16 -1
258409 18 -1
258428 21 1
258431 14 -1
258439 10 -1
258441 17 -1
258455 19 -1
258457 16 -1
258463 13 -1
258475 15 -1
258506 18 -1
258507 17 -1
258514 11 -1
258514 27 1
258514 28 1
258524 12 -1
258525 24 1
258527 15 -1
258545 13 -1
258551 26 1
258554 14 -1
258557 31 1
258563 16 -1
258564 17 -1
258576 18 -1
258577 19 -1
258583 15 -1
258608 20 -1
258614 16 -1
258629 14 -1
258635 18 -1
258660 19 -1
258665 16 -1
258668 17 -1
258672 13 -1
258691 18 -1
258707 15 -1
258710 0 1
258716 16 -1
258719 17 -1
258729 22 -1
258730 19 -1
258732 20 -1
258745 14 -1
258769 17 -1
258773 16 -1
258777 23 -1
258788 21 -1
258793 19 -1
258793 15 -1
258793 9 1
258796 18 -1
258821 20 -1
258843 16 -1
258847 12 1
258848 18 -1
258868 8 1
258874 25 -1
258884 17 -1
258902 20 -1
258903 18 -1
258912 19 -1
258954 16 -1
258956 17 -1
258962 13 1
258974 19 -1
259003 10 1
259029 18 -1
259037 19 -1
259040 12 1
259051 21 -1
259059 20 -1
259059 17 -1
259072 6 -1
259088 15 1
259094 24 -1
259107 18 -1
259115 30 -1
259131 13 1
259135 20 -1
259139 14 1
259147 22 -1
259161 21 -1
259164 0 1
259169 2 1
259172 4 1
259182 19 -1
259207 18 -1
259216 20 -1
259236 7 1
259255 9 1
259258 14 1
259266 5 -1
259268 19 -1
259276 11 1
259276 21 -1
259292 13 1
259303 12 1
259303 15 1
259317 22 -1
259317 23 -1
259341 16 1
259341 17 1
259346 3 -1
259357 14 1
259357 25 -1
259381 15 1
259392 0 -1
259400 2 -1
259409 1 -1
259413 19 -1
259415 16 1
259429 20 -1
259437 8 -1
259456 17 1
259467 15 1
259470 13 1
259470 26 -1
259494 0 1
259496 16 1
259526 22 -1
259552 17 1
259554 1 -1
259566 21 -1
259591 23 -1
259603 20 -1
259609 0 -1
259615 11 -1
259625 3 -1
259642 12 -1
259649 17 1
259687 1 1
259695 24 -1
259699 16 1
259717 18 1
259765 21 -1
259789 0 -1
259797 2 -1
259803 27 -1
259824 25 -1
259840 18 1
259846 9 -1
259865 17 1
259873 16 1
259873 7 -1
259873 10 -1
259889 3 -1
259905 23 -1
259909 0 -1
259937 14 -1
259969 20 -1
259969 15 -1
259985 18 1
260001 11 -1
260007 21 -1
260039 28 -1
260039 24 -1
260042 22 -1
260044 12 -1
260082 14 -1
260082 8 1
260093 15 -1
260096 0 1
260114 26 -1
260122 10 1
260146 4 1
260155 16 -1
260157 1 -1
260163 9 1
260211 6 1
260216 0 1
260224 11 1
260227 2 1
260233 18 1
260251 13 1
260254 21 -1
260280 10 1
260283 19 1
260292 12 1
260292 22 -1
260297 5 1
260300 1 1
260329 24 -1
260343 14 1
260345 11 1
260351 15 1
260368 13 1
260372 17 1
260388 7 1
260404 8 1
260410 18 1
260421 9 1
260434 14 1
260449 19 1
260457 13 1
260477 15 1
260496 11 1
260509 14 1
260509 10 1
260512 12 1
260523 18 1
260533 17 1
260551 19 1
260555 15 1
260590 14 1
260594 16 1
260610 20 1
260614 18 1
260635 15 1
260657 0 -1
260673 21 1
260705 3 1
260707 16 1
260716 9 -1
260719 20 1
260721 1 1
260727 19 1
260759 15 1
260759 23 1
260764 12 -1
260780 11 -1
260795 22 1
260799 17 1
260815 19 1
260815 13 -1
260818 18 1
260819 20 1
260839 21 1
260864 16 1
260877 14 -1
260888 0 1
260906 19 1
260916 20 1
260920 27 1
260920 8 -1
260947 18 1
260974 6 -1
260987 21 1
261011 2 1
261017 20 1
261025 13 -1
261041 10 -1
261049 0 -1
261049 1 1
261081 12 -1
261081 23 1
261082 26 1
261113 25 1
261130 17 -1
261133 20 1
261150 13 -1
261154 14 -1
261156 5 -1
261166 10 -1
261167 8 -1
261174 16 -1
261186 15 -1
261210 19 1
261226 14 -1
261231 11 -1
261253 15 -1
261253 18 -1
261258 16 -1
261259 17 -1
261275 22 1
261280 12 -1
261291 4 -1
261296 14 -1
261317 15 -1
261329 16 -1
261335 13 -1
261391 16 -1
261408 17 -1
261438 18 -1
261448 15 -1
261468 19 -1
261469 17 -1
261479 14 -1
261484 20 -1
261508 13 -1
261508 18 -1
261514 16 -1
261522 30 -1
261524 15 -1
261530 17 -1
261567 19 -1
261573 18 -1
261587 16 -1
261595 17 -1
261597 21 -1
261613 12 1
261618 9 1
261637 10 1
261656 11 1
261659 0 -1
261661 6 1
261661 15 -1
261665 17 -1
261669 1 1
261672 28 -1
261677 23 -1
261678 7 1
261681 16 -1
261693 29 -1
261712 18 -1
261742 19 -1
261747 14 1
261752 3 1
261754 13 1
261766 22 -1
261766 25 -1
261769 12 1
261769 24 -1
261770 17 -1
261779 8 1
261790 0 -1
261796 18 -1
261806 11 1
261826 20 -1
261842 19 -1
261846 14 1
261847 1 -1
261855 13 1
261871 21 -1
261887 26 -1
261908 9 1
261930 18 -1
261951 13 1
261954 15 1
261954 0 -1
261975 19 -1
261976 4 1
261979 1 1
262005 14 1
262017 2 1
262026 15 1
262032 20 -1
262034 16 1
262048 17 1
262060 13 1
262080 12 1
262086 14 1
262092 15 1
262108 16 1
262145 5 1
262161 15 1
262169 10 1
262173 16 1
262180 14 1
262220 18 1
262221 17 1
262228 15 1
262233 13 1
262286 17 1
262294 16 1
262300 14 1
262301 15 1
262306 22 1
262319 18 1
262348 17 1
262358 16 1
262370 21 1
262402 15 1
262403 24 1
262405 18 1
262431 16 1
262435 20 1
262435 12 -1
262463 19 1
262467 11 -1
262467 25 1
262467 7 -1
262479 17 1
262483 18 1
262488 9 -1
262510 3 1
262531 16 1
262548 22 1
262556 17 1
262572 23 1
262576 19 1
262585 6 -1
262632 10 -1
262633 14 -1
262650 18 1
262660 17 1
262666 12 -1
262668 0 -1
262684 11 -1
262713 19 1
262717 13 -1
262721 1 1
262738 14 -1
262752 21 1
262757 22 1
262770 15 -1
262779 18 1
262784 12 -1
262792 0 -1
262793 16 -1
262797 20 1
262811 24 1
262817 13 -1
262824 14 -1
262843 2 -1
262851 15 -1
262854 23 1
262894 16 -1
262897 11 -1
262902 1 -1
262914 0 -1
262923 15 -1
262950 10 -1
262966 13 -1
262975 16 -1
262983 8 -1
263036 14 -1
263047 3 1
263047 12 -1
263047 21 1
263057 17 -1
263079 4 -1
263085 15 -1
263095 19 -1
263117 18 -1
263118 16 -1
263138 17 -1
263144 7 -1
263176 15 -1
263184 16 -1
263197 14 -1
263206 0 -1
263212 17 -1
263244 20 -1
263259 16 -1
263273 22 -1
263285 17 -1
263289 19 -1
263326 28 -1
263327 15 -1
263348 18 -1
263359 9 1
263371 17 -1
263404 0 -1
263426 20 -1
263430 1 1
263434 12 1
263438 19 -1
263455 27 -1
263458 18 -1
263477 6 1
263482 17 -1
263493 14 1
263493 0 -1
263512 2 1
263520 21 -1
263547 13 1
263595 8 1
263600 12 1
263606 18 -1
263627 19 -1
263630 0 -1
263638 11 1
263647 16 1
263659 29 -1
263660 23 -1
263676 15 1
263684 13 1
263700 10 1
263719 14 1
263735 2 -1
263756 16 1
263757 15 1
263780 17 1
263799 9 1
263823 14 1
263829 13 1
263839 16 1
263839 15 1
263933 15 1
263950 24 1
263985 0 -1
264000 16 1
264014 5 -1
264014 17 1
264030 7 -1
264062 22 1
264099 1 1
264100 15 1
264107 16 1
264115 17 1
264122 14 -1
264127 4 -1
264143 11 -1
264148 0 -1
264165 18 1
264175 20 1
264224 2 -1
264248 17 1
264256 1 1
264283 12 -1
264296 0 1
264304 19 1
264310 3 1
264347 18 1
264369 23 1
264411 1 1
264422 6 -1
264423 2 -1
264433 15 -1
264465 24 1
264473 16 -1
264506 10 -1
264530 26 1
264535 0 -1
264546 20 1
264554 4 -1
264578 13 -1
264594 25 1
264605 14 -1
264605 15 -1
264608 3 -1
264616 8 -1
264626 5 -1
264651 16 -1
264659 2 1
264702 11 -1
264713 0 -1
264745 9 -1
264750 12 -1
264758 1 -1
264776 16 -1
264788 19 -1
264799 18 -1
264824 17 -1
264847 0 -1
264852 14 -1
264884 13 -1
264897 16 -1
264945 1 1
264960 15 -1
264960 21 -1
264969 17 -1
264989 7 1
265001 10 1
265035 11 1
265040 12 1
265046 4 1
265082 13 1
265102 14 1
265153 6 -1
265158 15 1
265174 11 1
265180 0 -1
265191 13 1
265191 16 1
265207 23 1
265218 24 1
265223 1 1
265271 3 -1
265293 15 1
265296 0 -1
265304 18 1
265373 12 -1
265379 11 -1
265387 2 -1
265390 9 -1
265392 10 -1
265433 0 1
265449 13 -1
265454 5 1
265465 8 1
265473 7 1
265481 14 -1
265557 1 -1
265562 17 1
265577 19 1
265594 20 1
265604 27 1
265615 12 1
265620 11 1
265626 25 1
265658 10 1
265669 2 1
265692 0 1
265719 1 -1
265736 9 -1
265755 24 1
265798 0 -1
265798 8 -1
265868 16 -1
265868 10 -1
265872 13 -1
265884 12 -1
265911 14 -1
265916 4 -1
265948 26 1
265986 15 -1
265991 11 -1
265994 0 -1
266001 13 -1
266002 18 -1
266021 1 -1
266029 16 -1
266034 14 -1
266034 9 -1
266077 3 1
266077 23 -1
266083 15 -1
266099 2 1
266109 21 -1
266118 22 -1
266125 20 -1
266142 16 -1
266142 7 1
266142 17 -1
266166 18 -1
266190 15 -1
266206 10 1
266246 19 -1
266279 17 -1
266311 20 -1
266314 18 -1
266335 21 -1
266346 12 1
266383 22 -1
266391 19 -1
266440 23 -1
266440 17 -1
266448 16 -1
266480 20 -1
266491 0 1
266518 21 -1
266529 8 1
266541 19 -1
266561 25 -1
266571 11 1
266593 22 -1
266604 14 1
266609 13 1
266636 31 -1
266641 0 -1
266649 20 -1
266679 18 -1
266695 21 -1
266745 0 1
266762 1 1
266765 3 1
266797 9 1
266811 15 1
266819 4 -1
266819 14 1
266819 10 1
266835 12 1
266846 2 -1
266851 29 -1
266851 16 1
266862 6 1
266891 13 1
266915 11 1
266915 27 -1
266916 24 -1
266919 1 1
266926 21 -1
266939 15 1
266956 0 1
266972 16 1
266980 14 1
266980 23 -1
266980 26 -1
267024 17 1
267044 12 1
267055 15 1
267060 18 1
267068 13 1
267087 0 1
267113 1 -1
267141 17 1
267173 19 1
267173 22 -1
267177 10 -1
267195 9 -1
267197 16 1
267198 18 1
267205 2 1
267227 0 -1
267232 3 1
267259 5 -1
267283 12 -1
267302 17 1
267329 15 -1
267391 14 -1
267419 1 -1
267431 23 -1
267453 28 -1
267453 30 -1
267496 19 1
267496 4 1
267496 13 -1
267496 24 -1
267496 10 1
267501 11 1
267501 0 1
267504 2 -1
267506 15 -1
267517 12 1
267568 16 -1
267592 6 1
267608 1 1
267646 14 1
267651 9 1
267674 0 1
267678 8 1
267681 12 1
267683 11 1
267713 20 1
267716 18 1
267717 13 1
267721 7 1
267769 19 1
267778 14 1
267780 12 1
267796 15 1
267806 13 1
267823 11 1
267823 21 1
267858 16 1
267864 18 1
267874 22 1
267877 9 1
267878 20 1
267885 15 1
267890 10 1
267892 19 1
267904 3 -1
267911 17 1
267925 14 1
267931 5 -1
267951 16 1
267960 18 1
267979 0 -1
267983 19 1
267983 13 1
267983 20 1
267984 8 -1
268011 6 -1
268011 23 1
268012 17 1
268014 14 1
268043 15 1
268045 16 1
268051 22 1
268052 25 1
268072 19 1
268092 21 1
268092 7 1
268097 27 1
268102 12 -1
268103 24 1
268116 17 1
268146 18 1
268156 19 1
268156 16 1
268168 20 1
268172 15 1
268191 21 1
268240 18 1
268249 20 1
268277 21 1
268285 10 1
268289 16 1
268303 22 1
268317 25 1
268319 19 1
268327 20 1
268339 18 1
268354 17 1
268362 23 1
268376 28 1
268377 8 -1
268390 26 1
268403 14 -1
268406 22 1
268408 19 1
268444 21 1
268446 27 1
268457 18 1
268462 31 1
268466 13 -1
268474 1 1
268484 11 -1
268491 23 1
268494 20 1
268495 24 1
268495 0 -1
268500 15 -1
268507 19 1
268507 22 1
268511 9 -1
268516 12 -1
268519 25 1
268532 21 1
268551 10 -1
268559 14 -1
268593 20 1
268607 13 -1
268611 22 1
268616 26 1
268617 0 -1
268623 23 1
268624 7 -1
268626 11 -1
268629 21 1
268648 12 -1
268653 14 -1
268656 30 1
268660 17 -1
268661 24 1
268672 2 -1
268688 8 -1
268698 13 -1
268699 5 -1
268701 15 -1
268704 16 -1
268712 3 -1
268723 9 -1
268725 14 -1
268736 22 1
268741 11 -1
268742 27 1
268742 28 1
268752 18 -1
268758 17 -1
268759 15 -1
268770 13 -1
268770 16 -1
268784 20 1
268787 14 -1
268800 29 1
268814 15 -1
268827 16 -1
268838 12 -1
268846 18 -1
268853 13 -1
268881 24 1
268885 17 -1
268889 26 1
268916 18 -1
268927 15 -1
268929 19 -1
268930 14 -1
268933 16 -1
268942 17 -1
268962 22 1
268986 25 1
268988 16 -1
268994 13 -1
268995 17 -1
268997 15 -1
269010 11 1
269018 10 1
269020 19 -1
269037 18 -1
269050 16 -1
269050 0 -1
269052 17 -1
269078 20 -1
269096 15 -1
269097 19 -1
269097 18 -1
269113 17 -1
269117 12 1
269156 18 -1
269171 21 -1
269179 17 -1
269195 20 -1
269203 14 1
269224 16 -1
269236 27 1
269240 19 -1
269254 17 -1
269281 18 -1
269292 20 -1
269308 19 -1
269332 4 1
269348 18 -1
269354 9 1
269365 23 -1
269365 8 1
269374 0 -1
269374 19 -1
269375 21 -1
269383 20 -1
269421 1 1
269424 18 -1
269447 19 -1
269450 14 1
269461 15 1
269502 22 -1
269502 17 -1
269515 21 -1
269526 19 -1
269546 1 -1
269558 16 1
269560 20 -1
269601 2 1
269608 19 -1
269622 15 1
269644 11 1
269647 21 -1
269649 0 1
269650 20 -1
269655 10 1
269655 18 -1
269715 19 -1
269727 16 1
269730 12 1
269735 13 1
269751 20 -1
269751 3 -1
269767 23 -1
269768 1 -1
269773 15 1
269775 21 -1
269794 6 -1
269794 0 -1
269816 2 -1
269872 17 1
269898 0 1
269904 22 -1
269907 21 -1
269941 1 1
269977 20 -1
270009 25 -1
270033 19 -1
270033 21 -1
270041 23 -1
270078 22 -1
270095 24 -1
270102 20 -1
270127 14 -1
270138 17 1
270170 1 -1
270181 15 -1
270186 13 -1
270223 22 -1
270235 20 -1
270243 23 -1
270270 21 -1
270315 19 -1
270340 16 -1
270342 24 -1
270380 25 -1
270385 21 -1
270396 18 1
270416 23 -1
270417 11 1
270426 0 -1
270460 29 -1
270461 31 -1
270469 10 1
270479 1 1
270493 22 -1
270504 30 -1
270514 21 -1
270525 4 1
270533 26 -1
270541 7 -1
270555 0 -1
270557 24 -1
270568 14 1
270593 23 -1
270605 20 -1
270622 13 1
270642 22 -1
270654 5 1
270662 1 -1
270665 8 1
270670 25 -1
270697 12 1
270708 18 1
270732 2 -1
270743 0 1
270775 23 -1
270794 6 1
270794 14 1
270823 22 -1
270831 19 1
270831 15 1
270847 11 1
270859 16 1
270869 28 -1
270879 3 1
270885 9 1
270885 18 1
270932 17 1
270933 21 -1
270941 12 1
270941 15 1
270944 26 -1
270968 16 1
270984 18 1
270986 13 1
270987 8 1
271000 20 1
271019 14 1
271020 15 1
271024 4 1
271025 17 1
271038 12 1
271041 25 -1
271041 7 1
271041 10 1
271047 19 1
271064 18 1
271075 13 1
271084 9 1
271092 14 1
271094 11 1
271097 17 1
271105 24 -1
271109 20 1
271109 16 1
271115 19 1
271128 18 1
271129 12 1
271145 15 1
271157 13 1
271161 14 1
271167 16 1
271173 19 1
271185 20 1
271202 5 -1
271204 15 1
271205 21 1
271214 17 1
271224 16 1
271238 18 1
271245 14 1
271252 20 1
271270 17 1
271280 19 1
271282 6 -1
271285 15 1
271293 18 1
271300 10 -1
271309 21 1
271314 20 1
271320 11 -1
271323 9 -1
271333 12 -1
271334 19 1
271337 17 1
271347 7 -1
271352 18 1
271370 0 1
271375 16 1
271377 20 1
271379 22 1
271391 19 1
271419 11 -1
271419 17 1
271427 27 1
271427 10 -1
271430 12 -1
271435 23 1
271451 19 1
271459 13 -1
271462 14 -1
271492 2 1
271497 21 1
271502 18 1
271508 20 1
271516 22 1
271518 19 1
271518 12 -1
271521 0 1
271540 13 -1
271546 1 1
271548 14 -1
271578 24 1
271582 20 1
271588 29 1
271594 3 -1
271594 21 1
271602 15 -1
271604 19 1
271620 16 -1
271621 26 1
271622 14 -1
271624 13 -1
271637 25 1
271653 23 1
271661 22 1
271665 20 1
271674 15 -1
271674 0 -1
271685 17 -1
271706 21 1
271707 8 -1
271719 16 -1
271725 19 1
271725 13 -1
271725 1 -1
271728 5 -1
271739 15 -1
271755 18 -1
271761 14 -1
271792 17 -1
271796 15 -1
271803 11 -1
271806 12 -1
271814 28 1
271825 2 1
271827 14 -1
271830 13 -1
271840 16 -1
271841 9 -1
271846 21 1
271849 15 -1
271862 17 -1
271866 10 -1
271880 18 -1
271890 14 -1
271890 16 -1
271897 15 -1
271910 8 -1
271912 13 -1
271913 11 -1
271916 12 -1
271932 16 -1
271945 15 -1
271964 17 -1
271964 30 1
271964 0 1
271976 16 -1
272007 13 -1
272009 17 -1
272010 18 -1
272017 16 -1
272028 14 -1
272046 15 -1
272050 12 -1
272052 17 -1
272060 16 -1
272062 18 -1
272075 19 -1
272079 20 -1
272104 23 -1
272108 10 1
272109 15 -1
272110 16 -1
272110 18 -1
272136 24 -1
272140 17 -1
272141 9 1
272144 4 1
272146 19 -1
272146 11 1
272157 3 -1
272159 18 -1
272185 17 -1
272207 18 -1
272210 19 -1
272216 20 -1
272233 15 -1
272235 16 -1
272239 17 -1
272243 14 1
272243 21 -1
272257 18 -1
272273 7 1
272281 25 -1
272286 27 -1
272289 10 1
272297 22 -1
272305 1 1
272313 8 1
272314 18 -1
272329 20 -1
272339 19 -1
272343 0 1
272347 13 1
272356 14 1
272377 12 1
272378 26 -1
272383 9 1
272398 17 -1
272412 19 -1
272438 13 1
272445 0 -1
272458 11 1
272458 5 1
272458 21 -1
272462 16 1
272464 18 -1
272490 19 -1
272501 6 1
272501 12 1
272506 15 1
272509 14 1
272539 13 1
272563 22 -1
272567 20 -1
272574 15 1
272576 0 -1
272579 16 1
272590 14 1
272598 18 -1
272599 4 1
272635 1 1
272641 15 1
272672 17 1
272678 14 1
272716 21 -1
272718 16 1
272753 12 1
272756 20 -1
272764 19 -1
272764 17 1
272766 15 1
272769 11 1
272775 14 1
272776 16 1
272829 16 1
272830 15 1
272831 17 1
272833 13 1
272845 7 1
272866 24 -1
272869 18 1
272877 10 1
272882 14 1
272889 17 1
272898 15 1
272931 16 1
272941 23 1
272943 17 1
272971 15 1
272986 16 1
272994 17 1
273028 18 1
273046 19 1
273048 16 1
273049 11 -1
273078 22 1
273083 1 -1
273095 13 -1
273095 0 1
273097 18 1
273109 17 1
273113 14 -1
273124 15 1
273135 2 1
273143 16 1
273151 10 -1
273159 20 1
273167 6 1
273170 18 1
273171 19 1
273179 17 1
273188 12 -1
273221 0 1
273272 13 -1
273272 17 1
273285 9 -1
273288 14 -1
273296 26 1
273300 19 1
273301 3 -1
273304 23 1
273306 1 1
273307 8 -1
273332 7 -1
273339 28 1
273342 18 1
273347 15 -1
273355 12 -1
273356 0 -1
273376 20 1
273384 4 1
273387 21 1
273393 16 -1
273395 2 1
273425 27 1
273430 15 -1
273441 10 -1
273468 11 -1
273473 19 1
273473 18 1
273476 14 -1
273497 13 -1
273498 16 -1
273516 12 -1
273564 14 -1
273572 16 -1
273577 15 -1
273581 9 -1
273622 13 -1
273642 15 -1
273653 17 -1
273656 14 -1
273695 16 -1
273715 15 -1
273726 11 -1
273729 17 -1
273736 12 -1
273747 6 -1
273751 16 -1
273763 18 -1
273779 25 -1
273790 8 -1
273795 20 -1
273796 17 -1
273812 22 -1
273812 24 -1
273812 16 -1
273820 13 -1
273828 19 -1
273865 21 -1
273898 15 -1
273918 17 -1
273941 23 -1
273953 16 -1
273954 18 -1
273957 20 -1
273965 19 -1
273973 7 1
273978 0 1
273983 5 1
273985 17 -1
274023 1 1
274032 3 1
274043 9 1
274043 18 -1
274048 21 -1
274059 12 1
274064 14 1
274069 11 1
274069 17 -1
274094 22 -1
274102 20 -1
274102 13 1
274115 2 1
274134 10 1
274147 0 1
274150 18 -1
274155 15 1
274156 8 1
274158 4 1
274163 14 1
274169 12 1
274174 16 1
274182 1 1
274182 26 -1
274198 13 1
274214 25 -1
274220 3 1
274220 24 -1
274243 14 1
274247 15 1
274284 12 1
274287 13 1
274290 0 -1
274303 16 1
274311 17 1
274327 30 -1
274382 15 1
274392 13 1
274392 14 1
274424 10 1
274443 15 1
274444 16 1
274444 17 1
274464 19 1
274478 11 1
274478 14 1
274502 16 1
274507 15 1
274529 17 1
274537 1 -1
274561 16 1
274599 18 1
274601 17 1
274607 14 1
274617 7 -1
274623 16 1
274633 19 1
274650 22 1
274674 15 1
274682 20 1
274692 16 1
274706 18 1
274740 17 1
274741 21 1
274750 19 1
274778 16 1
274805 18 1
274819 17 1
274827 20 1
274832 6 -1
274875 1 1
274883 23 1
274912 17 1
274924 13 -1
274940 12 -1
274940 16 1
274940 14 -1
274950 21 1
274958 0 -1
274964 20 1
274974 19 1
274983 15 -1
275015 11 -1
275020 25 1
275020 1 1
275026 18 1
275058 5 -1
275069 10 -1
275079 0 -1
275095 14 -1
275105 19 1
275122 15 -1
275133 22 1
275141 4 1
275149 21 1
275157 23 1
275165 13 -1
275165 26 1
275192 9 -1
275195 0 1
275195 1 -1
275219 24 1
275246 14 -1
275251 18 1
275262 12 -1
275294 0 -1
275294 2 1
275297 3 -1
275302 20 1
275314 16 -1
275321 11 -1
275326 29 1
275329 15 -1
275350 13 -1
275361 1 -1
275375 17 -1
275391 14 -1
275399 16 -1
275428 15 -1
275437 0 1
275455 22 1
275484 16 -1
275488 17 -1
275496 19 -1
275504 3 1
275536 23 1
275536 7 1
275552 2 1
275555 0 1
275574 18 -1
275588 17 -1
275595 15 -1
275616 4 -1
275617 12 1
275617 24 1
275638 6 -1
275686 8 -1
275689 0 1
275721 1 1
275745 31 1
275749 16 -1
275756 3 1
275805 2 1
275821 5 -1
275831 9 1
275846 17 -1
275878 1 1
275907 18 -1
275942 0 1
275947 20 -1
275979 19 -1
275995 4 1
276080 1 -1
276084 0 1
276116 18 -1
276148 10 -1
276175 6 1
276202 0 1
276205 19 -1
276208 2 1
276218 24 1
276237 16 1
276250 3 1
276261 27 1
276301 20 -1
276326 17 1
276347 21 -1
276370 1 1
276374 7 1
276406 2 1
276457 0 1
276471 3 -1
276515 1 1
276527 19 -1
276527 16 1
276600 0 -1
276611 2 1
276664 22 -1
276682 1 1
276691 5 1
276699 0 1
276702 3 -1
276737 4 1
276761 17 1
276777 6 1
276820 15 -1
276842 2 -1
276906 21 -1
276913 0 -1
276928 11 1
276928 3 1
276928 14 1
276928 18 1
276949 9 1
276954 13 1
277019 8 -1
277038 2 -1
277051 10 -1
277059 0 1
277079 1 -1
277121 28 1
277121 30 1
277164 4 -1
277202 11 -1
277202 12 -1
277207 5 -1
277228 23 -1
277237 13 -1
277237 10 -1
277250 14 -1
277253 17 -1
277261 20 -1
277274 15 -1
277293 8 -1
277309 12 -1
277309 0 -1
277314 21 -1
277329 19 -1
277336 11 -1
277337 13 -1
277341 25 -1
277343 16 -1
277344 14 -1
277357 18 -1
277371 15 -1
277390 7 1
277390 17 -1
277438 20 -1
277442 16 -1
277449 3 1
277466 1 1
277466 10 1
277481 9 1
277494 22 -1
277510 19 -1
277511 23 -1
277516 12 1
277516 8 1
277519 18 -1
277523 17 -1
277553 10 1
277575 9 1
277584 11 1
277599 7 1
277605 13 1
277634 14 1
277645 12 1
277658 2 1
277663 11 1
277664 10 1
277670 13 1
277680 20 -1
277680 1 -1
277692 16 1
277693 15 1
277698 14 1
277717 12 1
277723 21 -1
277728 13 1
277758 14 1
277766 5 -1
277766 15 1
277788 16 1
277792 4 -1
277797 17 1
277808 6 -1
277809 22 -1
277809 0 1
277810 13 1
277830 18 1
277835 15 1
277873 16 1
277877 19 1
277916 11 -1
277919 15 1
277958 16 1
277959 14 1
277970 12 -1
277970 18 1
277980 8 1
278014 17 1
278022 19 1
278023 15 1
278024 9 1
278038 20 1
278050 16 1
278099 29 1
278099 10 1
278109 17 1
278115 23 1
278147 26 1
278152 15 1
278163 25 1
278171 20 1
278171 18 1
278179 21 1
278185 24 1
278195 17 1
278223 19 1
278232 16 1
278238 11 1
278238 27 1
278254 18 1
278276 22 1
278278 20 1
278279 0 1
278310 19 1
278324 7 -1
278327 21 1
278338 18 1
278360 16 1
278373 17 1
278374 20 1
278393 23 1
278397 19 1
278405 12 -1
278409 13 -1
278415 14 -1
278416 15 -1
278416 8 -1
278437 6 -1
278453 22 1
278456 11 -1
278475 24 1
278487 1 -1
278491 2 -1
278493 25 1
278496 28 1
278501 12 -1
278505 10 -1
278509 0 1
278512 3 -1
278513 13 -1
278520 14 -1
278520 9 -1
278536 11 -1
278571 12 -1
278582 26 1
278584 13 -1
278584 16 -1
278589 14 -1
278603 15 -1
278609 21 1
278622 17 -1
278646 11 -1
278646 20 1
278652 14 -1
278662 15 -1
278668 12 -1
278687 22 1
278711 8 1
278723 15 -1
278724 14 -1
278725 16 -1
278727 18 -1
278729 17 -1
278759 10 1
278763 13 -1
278789 16 -1
278834 14 -1
278840 27 1
278842 0 1
278856 16 -1
278861 18 -1
278872 15 -1
278876 19 -1
278888 17 -1
278961 18 -1
278963 1 1
278963 17 -1
279001 15 -1
279001 9 -1
279009 16 -1
279033 19 -1
279035 17 -1
279065 21 -1
279081 20 -1
279098 29 1
279098 16 -1
279108 17 -1
279121 18 -1
279132 19 -1
279137 0 -1
279141 24 -1
279182 17 -1
279194 18 -1
279202 16 -1
279226 20 -1
279235 22 -1
279235 10 1
279259 6 1
279271 18 -1
279275 17 -1
279283 0 1
279291 7 1
279302 15 1
279311 19 -1
279323 21 -1
279323 23 -1
279345 11 1
279345 3 -1
279355 13 1
279356 9 1
279366 18 -1
279380 12 1
279396 1 1
279424 19 -1
279444 14 1
279448 4 1
279452 11 1
279468 13 1
279476 16 1
279487 12 1
279521 20 -1
279527 1 -1
279529 15 1
279538 14 1
279538 18 -1
279549 22 -1
279557 17 1
279575 16 1
279578 0 1
279602 15 1
279613 19 -1
279627 14 1
279635 24 -1
279652 16 1
279683 15 1
279689 2 -1
279705 0 1
279726 16 1
279785 12 -1
279785 30 1
279787 17 1
279788 15 1
279790 11 -1
279815 0 -1
279823 1 -1
279839 10 -1
279860 5 -1
279879 13 -1
279882 18 1
279887 17 1
279906 2 1
279924 16 1
279946 9 -1
279962 1 -1
279989 8 -1
280000 23 -1
280008 17 1
280040 13 -1
280059 18 1
280065 14 -1
280089 15 -1
280113 2 1
280121 1 -1
280129 20 -1
280132 0 1
280145 7 -1
280177 14 -1
280185 13 -1
280193 4 -1
280215 15 -1
280220 3 -1
280226 12 -1
280234 10 -1
280238 16 -1
280258 21 -1
280290 14 -1
280290 26 -1
280304 15 -1
280343 16 -1
280344 9 -1
280365 11 -1
280391 19 -1
280392 24 -1
280419 12 -1
280439 20 -1
280456 17 -1
280465 15 -1
280468 23 -1
280473 31 -1
280476 21 -1
280500 25 -1
280502 16 -1
280521 14 -1
280532 13 -1
280552 17 -1
280561 15 -1
280564 19 -1
280564 22 -1
280569 28 -1
280580 16 -1
280580 18 -1
280623 21 -1
280623 24 -1
280645 10 1
280645 17 -1
280656 8 1
280673 16 -1
280698 0 -1
280709 5 1
280709 18 -1
280713 19 -1
280717 22 -1
280725 20 -1
280731 11 1
280758 25 -1
280763 12 1
280806 14 1
280806 7 1
280808 13 1
280817 24 -1
280826 23 -1
280827 15 1
280828 9 1
280841 0 1
280878 22 -1
280894 20 -1
280902 11 1
280913 14 1
280919 19 -1
280919 13 1
280923 1 -1
280924 21 -1
280951 3 1
280951 0 -1
280983 29 -1
280988 6 1
280994 14 1
280999 25 -1
281021 18 1
281023 15 1
281024 23 -1
281032 26 -1
281037 12 1
281052 16 1
281053 8 1
281056 17 1
281074 27 -1
281074 14 1
281075 28 -1
281090 15 1
281103 0 -1
281124 16 1
281128 13 1
281136 10 1
281152 14 1
281155 15 1
281160 9 1
281164 17 1
281193 16 1
281214 12 1
281239 17 1
281246 14 1
281253 16 1
281261 13 1
281273 20 1
281287 15 1
281287 18 1
281307 17 1
281311 16 1
281329 19 1
281338 21 1
281359 18 1
281364 15 1
281372 16 1
281372 17 1
281375 24 -1
281418 19 1
281426 18 1
281434 4 1
281434 17 1
281438 16 1
281464 15 1
281483 0 -1
281491 19 1
281491 1 -1
281495 20 1
281499 17 1
281509 21 1
281547 22 1
281555 23 1
281559 18 1
281581 20 1
281612 5 -1
281620 16 1
281630 18 1
281633 11 -1
281633 21 1
281636 19 1
281649 12 -1
281652 13 -1
281652 17 1
281668 20 1
281676 2 -1
281676 10 -1
281689 0 1
281692 14 -1
281708 25 1
281716 19 1
281716 22 1
281722 18 1
281724 15 -1
281754 11 -1
281756 12 -1
281762 6 -1
281762 21 1
281781 14 -1
281797 10 -1
281813 15 -1
281817 1 1
281825 19 1
281841 13 -1
281842 3 1
281849 14 -1
281853 12 -1
281857 16 -1
281880 11 -1
281880 15 -1
281889 20 1
281891 18 1
281907 21 1
281926 22 1
281926 17 -1
281936 13 -1
281939 0 1
281942 16 -1
281944 15 -1
282030 14 -1
282031 9 1
282051 17 -1
282076 2 -1
282084 21 1
282087 20 1
282087 0 -1
282091 16 -1
282111 15 -1
282127 12 1
282175 16 -1
282184 1 1
282194 0 1
282196 7 1
282224 8 1
282228 13 1
282235 18 -1
282240 10 1
282261 11 1
282264 17 -1
282272 23 1
282304 14 1
282312 16 -1
282326 12 1
282369 15 1
282385 2 -1
282415 14 1
282425 20 1
282428 24 1
282482 26 1
282486 13 1
282487 15 1
282498 22 1
282503 21 1
282536 18 -1
282582 23 1
282619 17 1
282648 0 1
282675 21 1
282686 14 1
282691 22 1
282699 15 1
282707 9 1
282715 25 1
282726 16 1
282750 11 1
282761 24 1
282780 23 1
282788 10 1
282792 1 -1
282824 17 1
282831 21 1
282832 16 1
282836 27 1
282836 15 1
282837 31 1
282856 22 1
282901 20 1
282953 23 1
282965 16 1
282965 26 1
282973 19 1
282976 28 1
282998 8 -1
283001 13 -1
283010 22 1
283019 6 -1
283022 25 1
283038 7 -1
283043 3 -1
283051 14 -1
283075 11 -1
283078 12 -1
283083 9 -1
283086 10 -1
283094 29 1
283094 0 1
283098 1 1
283102 4 -1
283116 15 -1
283126 23 1
283130 13 -1
283161 14 -1
283181 0 1
283191 22 1
283207 12 -1
283212 21 1
283212 24 1
283223 18 -1
283251 16 -1
283253 14 -1
283266 11 -1
283301 15 -1
283320 20 -1
283328 17 -1
283330 27 1
283341 14 -1
283344 16 -1
283352 25 1
283356 13 -1
283363 12 -1
283364 19 -1
283368 23 1
283373 15 -1
283392 10 -1
283418 16 -1
283429 17 -1
283432 14 -1
283446 15 -1
283476 18 -1
283477 19 -1
283481 30 1
283481 8 -1
283483 20 -1
283489 16 -1
283509 17 -1
283517 13 -1
283518 15 -1
283540 14 -1
283545 5 -1
283559 18 -1
283588 21 -1
283599 15 -1
283620 16 -1
283631 18 -1
283638 19 -1
283642 22 -1
283650 17 -1
283674 20 -1
283674 7 1
283694 16 -1
283712 19 -1
283717 21 -1
283722 15 -1
283725 17 -1
283757 20 -1
283779 18 -1
283782 24 -1
283783 19 -1
283803 16 -1
283811 17 -1
283835 22 -1
283837 20 -1
283851 13 1
283857 3 1
283862 18 -1
283884 0 1
283908 23 -1
283916 11 1
283920 20 -1
283924 21 -1
283937 12 1
283948 19 -1
283978 14 1
283984 13 1
283986 2 1
283986 18 -1
283991 15 1
284007 0 1
284008 20 -1
284029 1 -1
284031 21 -1
284050 9 1
284061 4 -1
284069 19 -1
284077 14 1
284098 12 1
284113 13 1
284117 20 -1
284117 0 -1
284125 28 -1
284142 10 1
284158 21 -1
284168 11 1
284174 15 1
284182 14 1
284182 22 -1
284186 1 -1
284192 3 1
284194 16 1
284222 2 -1
284241 0 -1
284242 17 1
284257 5 1
284260 15 1
284262 20 -1
284270 7 1
284278 16 1
284297 24 -1
284303 13 1
284303 21 -1
284351 17 1
284356 15 1
284359 16 1
284369 1 1
284402 0 1
284416 26 -1
284432 22 -1
284450 17 1
284450 2 1
284480 19 1
284480 21 -1
284480 18 1
284528 4 1
284534 12 -1
284555 6 -1
284566 0 -1
284577 8 1
284601 16 1
284609 23 -1
284620 9 1
284620 18 1
284681 17 1
284706 10 1
284716 0 1
284727 11 1
284727 2 -1
284738 21 -1
284740 18 1
284742 1 1
284781 5 -1
284818 22 -1
284822 17 1
284845 9 -1
284861 18 1
284867 19 1
284867 7 -1
284883 13 -1
284899 29 -1
284904 3 -1
284904 14 -1
284931 16 -1
284933 1 -1
284945 0 -1
284963 10 -1
285022 15 -1
285028 8 -1
285028 18 1
285068 19 1
285079 0 -1
285082 14 -1
285092 4 1
285092 2 -1
285125 25 -1
285129 16 -1
285168 15 -1
285237 20 1
285244 0 -1
285250 1 -1
285254 12 1
285254 23 -1
285254 17 -1
285286 21 -1
285291 2 -1
285339 11 1
285388 3 -1
285415 6 1
285463 19 1
285463 4 1
285487 13 1
285487 2 -1
285528 14 1
285534 1 1
285563 0 1
285592 15 1
285619 12 1
285630 31 -1
285640 3 -1
285673 20 1
285673 28 -1
285681 0 -1
285737 16 1
285743 1 1
285753 7 1
285759 18 1
285802 13 1
285802 26 -1
285812 8 1
285828 0 1
285882 20 1
285914 16 1
285925 15 1
285952 11 1
285952 14 1
285983 17 1
286019 19 1
286027 12 1
286027 22 1
286047 16 1
286068 23 1
286081 18 1
286092 15 1
286097 21 1
286124 13 1
286132 17 1
286156 24 1
286168 20 1
286176 19 1
286188 27 1
286189 25 1
286199 9 -1
286213 3 -1
286217 1 1
286229 10 -1
286242 21 1
286261 22 1
286305 20 1
286323 0 -1
286334 17 1
286339 14 -1
286358 19 1
286382 4 1
286382 21 1
286393 2 1
286441 0 -1
286457 15 -1
286462 20 1
286468 3 -1
286483 22 1
286493 1 -1
286511 5 -1
286548 0 1
286575 24 1
286586 14 -1
286586 2 1
286629 11 -1
286640 16 -1
286667 15 -1
286683 6 1
286692 1 1
286699 3 -1
286704 21 1
286704 25 1
286705 26 1
286712 0 -1
286744 23 1
286747 30 1
286747 8 -1
286777 10 -1
286785 7 -1
286797 16 -1
286801 17 -1
286812 9 -1
286817 13 -1
286817 15 -1
286833 19 -1
286833 29 1
286838 12 -1
286860 18 -1
286906 16 -1
286906 0 -1
286922 17 -1
286941 15 -1
286967 14 -1
286986 18 -1
287010 19 -1
287010 13 -1
287011 0 1
287027 17 -1
287059 2 1
287075 4 -1
287096 15 -1
287099 18 -1
287111 20 -1
287115 1 -1
287127 16 -1
287127 17 -1
287135 19 -1
287155 0 -1
287198 21 -1
287209 3 -1
287250 1 -1
287256 19 -1
287263 12 1
287276 20 -1
287333 14 1
287333 10 1
287338 18 -1
287349 11 1
287360 8 1
287370 9 1
287381 22 -1
287385 13 1
287392 5 -1
287429 16 1
287440 1 1
287445 20 -1
287462 12 1
287467 0 -1
287489 14 1
287521 24 -1
287583 19 -1
287585 6 -1
287591 15 1
287609 1 1
287644 2 -1
287647 17 1
287650 21 -1
287650 0 1
287655 16 1
287663 20 -1
287757 18 1
287768 3 1
287768 15 1
287768 1 1
287792 0 1
287822 5 1
287845 17 1
287854 11 1
287894 2 -1
287933 4 -1
287951 9 -1
287953 16 1
287978 8 -1
287998 17 1
288015 18 1
288022 10 -1
288031 0 1
288074 20 -1
288080 11 -1
288090 13 -1
288090 15 -1
288106 14 -1
288123 1 -1
288149 0 -1
288168 2 -1
288219 3 -1
288219 23 -1
288270 0 -1
288301 1 1
288321 6 1
288332 7 1
288338 9 1
288340 10 1
288359 12 1
288391 11 1
288401 13 1
288402 14 1
288441 1 -1
288445 3 -1
288461 19 1
288519 0 1
288542 12 1
288574 13 1
288601 14 1
288638 27 1
288639 16 1
288655 2 1
288665 18 1
288692 15 1
288711 19 1
288735 20 1
288735 22 1
288735 0 -1
288810 8 1
288816 17 1
288859 18 1
288880 15 1
288921 16 1
288961 20 1
288988 21 1
288993 26 1
289025 18 1
289037 19 1
289050 17 1
289074 23 1
289079 24 1
289084 1 1
289086 0 1
289101 15 1
289106 22 1
289133 11 -1
289154 4 -1
289154 13 -1
289155 10 -1
289160 9 -1
289186 19 1
289192 2 -1
289208 18 1
289213 12 -1
289227 7 -1
289229 14 -1
289230 21 1
289267 16 -1
289267 1 -1
289278 11 -1
289287 10 -1
289291 20 1
289301 13 -1
289342 14 -1
289348 27 1
289380 25 1
289388 17 -1
289391 6 -1
289391 9 -1
289396 13 -1
289415 11 -1
289416 16 -1
289420 0 -1
289425 14 -1
289435 15 -1
289439 12 -1
289485 13 -1
289499 16 -1
289503 18 -1
289506 15 -1
289545 19 -1
289557 10 -1
289569 16 -1
289573 17 -1
289575 15 -1
289584 14 -1
289606 18 -1
289638 22 -1
289644 17 -1
289648 15 -1
289670 12 -1
289678 20 -1
289681 21 -1
289683 18 -1
289697 14 -1
289708 16 -1
289713 24 -1
289714 17 -1
289737 15 -1
289767 26 -1
289769 19 -1
289785 16 -1
289785 17 -1
289811 20 -1
289826 18 -1
289831 21 -1
289855 19 -1
289855 22 -1
289857 17 -1
289879 16 -1
289880 0 -1
289885 15 -1
289887 23 -1
289901 18 -1
289912 1 1
289940 19 -1
289948 17 -1
289960 21 -1
289964 13 1
289976 14 1
289982 8 1
289982 18 -1
289984 2 1
289992 7 1
290014 12 1
290016 22 -1
290019 24 -1
290028 10 1
290032 19 -1
290040 20 -1
290041 5 1
290057 30 -1
290057 31 -1
290057 25 -1
290067 3 -1
290075 13 1
290078 11 1
290078 0 1
290083 14 1
290099 28 -1
290100 21 -1
290105 15 1
290105 23 -1
290161 14 1
290165 13 1
290169 19 -1
290186 2 1
290193 20 -1
290210 22 -1
290210 17 1
290218 4 1
290234 14 1
290238 16 1
290251 15 1
290262 1 1
290271 11 1
290271 21 -1
290277 12 1
290304 6 1
290314 16 1
290317 15 1
290322 14 1
290325 24 -1
290331 26 -1
290383 16 1
290387 15 1
290387 23 -1
290390 9 1
290406 18 1
290423 17 1
290427 10 1
290459 13 1
290486 0 1
290496 17 1
290514 16 1
290521 18 1
290529 8 1
290544 19 1
290545 15 1
290562 17 1
290580 16 1
290604 20 1
290610 18 1
290615 14 1
290653 16 1
290658 15 1
290673 19 1
290695 17 1
290733 11 -1
290733 12 -1
290745 16 1
290766 18 1
290774 17 1
290784 0 -1
290825 3 1
290830 1 1
290849 18 1
290850 13 -1
290866 17 1
290890 19 1
290895 25 1
290895 2 1
290931 20 1
290943 18 1
290948 14 -1
290948 0 -1
290949 9 -1
290964 12 -1
290965 15 -1
290970 21 1
291007 19 1
291023 13 -1
291028 16 -1
291044 1 1
291061 5 -1
291069 14 -1
291077 8 -1
291088 18 1
291096 22 1
291104 20 1
291120 2 -1
291126 12 -1
291144 16 -1
291152 10 -1
291160 15 -1
291206 11 -1
291227 16 -1
291238 15 -1
291262 14 -1
291267 17 -1
291289 13 -1
291308 12 -1
291314 15 -1
291324 1 -1
291324 3 -1
291324 9 -1
291346 19 -1
291352 17 -1
291360 16 -1
291370 14 -1
291391 15 -1
291400 18 -1
291424 16 -1
291425 17 -1
291442 21 -1
291483 13 -1
291485 15 -1
291491 16 -1
291491 17 -1
291499 18 -1
291515 20 -1
291539 14 -1
291550 0 1
291555 17 -1
291585 18 -1
291622 17 -1
291625 15 -1
291628 22 -1
291652 19 -1
291652 26 -1
291656 16 -1
291668 7 1
291684 20 -1
291692 10 1
291695 21 -1
291700 17 -1
291716 23 -1
291722 11 1
291741 0 1
291743 12 1
291757 18 -1
291765 19 -1
291776 24 -1
291797 28 -1
291817 13 1
291829 27 -1
291837 20 -1
291837 22 -1
291841 1 -1
291856 18 -1
291863 0 1
291882 19 -1
291894 29 -1
291926 15 1
291930 23 -1
291931 2 1
291942 16 1
291968 1 1
291980 12 1
291990 25 -1
291994 13 1
291996 14 1
291996 18 -1
292006 20 -1
292033 11 1
292033 24 -1
292071 10 1
292083 16 1
292087 17 1
292105 1 1
292108 14 1
292122 0 -1
292130 15 1
292130 21 -1
292156 13 1
292192 23 -1
292216 15 1
292220 17 1
292229 14 1
292250 16 1
292299 0 1
292307 15 1
292313 6 1
292313 17 1
292321 16 1
292337 13 1
292345 24 -1
292356 27 -1
292361 25 -1
292366 5 1
292377 14 1
292395 16 1
292417 19 1
292450 20 1
292455 18 1
292468 17 1
292474 16 1
292474 7 -1
292485 8 -1
292495 9 -1
292530 0 -1
292548 17 1
292560 18 1
292576 2 1
292579 16 1
292583 19 1
292592 28 -1
292603 12 -1
292603 26 -1
292627 0 1
292627 1 -1
292639 17 1
292656 21 1
292659 4 -1
292662 18 1
292667 22 1
292724 19 1
292732 3 -1
292769 14 -1
292769 15 -1
292772 13 -1
292796 0 1
292831 2 1
292861 20 1
292873 1 1
292877 19 1
292898 21 1
292933 16 -1
292933 0 1
292936 18 1
292968 15 -1
292984 14 -1
292998 4 1
293022 11 -1
293030 22 1
293033 2 1
293054 1 -1
293057 3 1
293062 19 1
293065 0 1
293070 20 1
293135 16 -1
293135 8 1
293151 12 1
293162 9 1
293194 6 -1
293199 17 -1
293204 15 -1
293280 29 -1
293280 18 1
293304 20 1
293312 19 1
293312 7 -1
293324 0 1
293328 22 1
293347 3 -1
293350 21 1
293398 2 -1
293429 1 -1
293449 23 1
293473 10 -1
293476 0 -1
293513 4 1
293522 17 -1
293570 3 1
293591 21 1
293602 2 -1
293608 0 -1
293618 1 1
293634 11 1
293667 14 1
293784 1 1
293788 2 -1
293796 31 1
293796 8 1
293804 23 1
293806 12 1
293849 21 1
293860 25 1
293863 0 -1
293876 22 1
293962 0 1
293989 5 1
293989 24 1
294021 20 1
294078 23 1
294126 22 1
294134 13 -1
294134 0 1
294150 9 -1
294182 3 -1
294187 1 -1
294225 6 -1
294231 10 -1
294247 11 -1
294247 19 -1
294247 26 1
294252 2 1
294268 27 1
294279 16 -1
294311 18 -1
294336 1 -1
294344 24 1
294403 0 -1
294408 25 1
294413 3 1
294424 17 -1
294440 13 -1
294440 15 -1
294489 1 -1
294489 2 -1
294521 22 1
294565 0 -1
294580 5 1
294591 18 -1
294602 16 -1
294646 1 -1
294655 14 -1
294682 20 -1
294709 15 -1
294709 0 -1
294714 17 -1
294720 3 1
294728 2 1
294811 19 -1
294811 18 -1
294829 1 1
294831 4 1
294835 0 -1
294849 24 1
294859 16 -1
294881 21 -1
294894 2 -1
294924 20 -1
294964 0 -1
294972 17 -1
294996 19 -1
295023 1 1
295031 18 -1
295069 0 1
295080 2 -1
295139 21 -1
295171 0 -1
295174 7 1
295190 1 1
295198 19 -1
295262 12 1
295287 13 1
295289 15 1
295292 3 1
295295 10 1
295311 14 1
295319 2 1
295343 22 -1
295407 20 -1
295416 17 1
295451 21 -1
295453 0 1
295492 16 1
295494 14 1
295494 2 -1
295500 1 1
295520 18 1
295561 3 -1
295601 23 1
295605 17 1
295623 0 -1
295633 25 1
295666 1 1
295670 16 1
295687 12 -1
295687 15 1
295733 0 1
295816 5 1
295819 3 -1
295827 8 -1
295837 1 -1
295837 11 -1
295851 4 -1
295894 2 1
295924 26 1
295945 6 -1
295977 18 1
295988 9 1
296055 0 -1
296079 2 -1
296117 30 1
296133 19 1
296149 4 -1
296171 15 -1
296171 0 1
296181 7 -1
296193 1 1
296208 5 1
296214 13 1
296251 3 -1
296254 16 -1
296281 2 -1
296294 0 1
296310 6 1
296367 1 -1
296385 11 -1
296386 12 -1
296423 17 -1
296461 14 -1
296488 3 -1
296514 15 -1
296525 0 -1
296544 1 -1
296588 4 -1
296590 5 1
296633 18 -1
296692 0 -1
296697 25 1
296719 3 -1
296729 22 -1
296730 17 -1
296751 2 -1
296822 0 -1
296907 10 1
296915 4 1
296919 1 -1
296923 20 -1
296950 2 -1
296979 0 1
296987 23 -1
296988 18 -1
297003 6 1
297036 19 -1
297068 7 1
297073 8 1
297084 1 -1
297106 24 -1
297116 16 1
297130 0 -1
297138 5 1
297149 9 1
297159 11 1
297175 3 1
297176 2 -1
297234 28 1
297264 0 -1
297282 4 -1
297286 1 1
297294 13 1
297310 22 -1
297342 17 1
297408 0 1
297482 3 -1
297503 16 1
297535 14 -1
297552 4 1
297578 5 -1
297579 31 1
297622 2 1
297636 1 -1
297697 23 -1
297729 0 -1
297750 21 -1
297820 3 -1
297826 13 -1
297858 15 -1
297861 2 -1
297866 1 1
297885 0 1
297890 10 -1
297933 14 -1
297971 22 -1
297995 19 -1
298005 1 1
298027 0 -1
298035 16 -1
298051 29 -1
298051 12 -1
298062 24 -1
298127 15 -1
298148 20 -1
298266 27 -1
298266 21 -1
298277 8 1
298301 0 1
298342 17 -1
298374 25 -1
298395 9 1
298406 3 -1
298417 0 1
298420 1 1
298422 23 -1
298422 2 -1
298438 24 -1
298530 0 -1
298567 4 1
298567 1 -1
298600 10 -1
298634 2 1
298664 11 -1
298664 7 -1
298696 12 -1
298696 15 1
298704 22 -1
298707 3 -1
298743 1 1
298745 23 -1
298761 21 -1
298777 26 -1
298782 24 -1
298793 0 -1
298914 2 1
298930 0 1
298949 6 1
298970 13 1
298976 18 1
298994 16 1
298997 27 -1
298997 28 -1
299018 11 1
299035 3 -1
299045 12 1
299059 4 1
299063 0 1
299083 30 -1
299083 1 -1
299083 9 1
299088 14 1
299105 24 -1
299115 23 -1
299123 19 1
299123 17 1
299139 13 1
299188 16 1
299212 8 1
299212 18 1
299223 0 -1
299228 20 1
299239 14 1
299244 12 1
299268 17 1
299279 15 1
299301 13 1
299309 19 1
299321 16 1
299341 18 1
299349 22 1
299365 0 1
299397 20 1
299405 14 1
299422 15 1
299427 11 1
299438 19 1
299488 17 1
299491 5 -1
299524 21 1
299538 20 1
299546 19 1
299553 0 -1
299567 18 1
299591 22 1
299599 25 1
299603 16 1
299611 17 1
299639 10 -1
299659 19 1
299663 1 -1
299674 21 1
299688 18 1
299690 2 -1
299692 0 1
299704 23 1
299760 12 -1
299760 14 -1
299781 15 -1
299792 19 1
299792 26 1
299804 20 1
299824 21 1
299833 7 -1
299867 1 -1
299889 9 -1
299897 13 -1
299910 6 1
299911 14 -1
299927 2 1
299933 16 -1
299943 24 1
299953 3 -1
299975 0 -1
299978 22 1
299978 17 -1
299994 20 1
300007 12 -1
300018 23 1
300045 14 -1
300050 15 -1
300061 18 -1
300062 16 -1
300066 10 -1
300093 8 -1
300098 13 -1
300109 0 1
300123 17 -1
300131 4 1
300160 15 -1
300179 19 -1
300183 1 -1
300206 14 -1
300231 17 -1
300260 16 -1
300276 22 1
300286 15 -1
300328 17 -1
300356 18 -1
300362 0 -1
300364 16 -1
300372 11 -1
300425 17 -1
300464 18 -1
300485 20 -1
300501 21 -1
300505 16 -1
300512 15 -1
300529 19 -1
300552 1 -1
300571 18 -1
300598 12 1
300636 0 -1
300641 2 1
300646 13 1
300658 19 -1
300667 17 -1
300695 5 1
300695 1 -1
300746 0 1
300759 25 -1
300800 19 -1
300861 15 1
300862 2 -1
300864 1 -1
300867 27 -1
300878 18 -1
300888 20 -1
300899 9 1
300910 21 -1
300910 0 1
300912 10 1
300915 14 1
300953 11 1
300985 3 1
301001 15 1
301017 24 -1
301033 7 1
301034 17 1
301037 16 1
301078 1 -1
301092 14 1
301130 15 1
301146 0 -1
301148 16 1
301166 17 1
301178 13 1
301211 23 1
301232 2 1
301232 8 -1
301263 16 1
301264 18 1
301267 1 1
301297 0 1
301340 6 -1
301361 28 -1
301372 12 -1
301416 17 1
301419 0 1
301447 18 1
301452 16 1
301474 3 1
301477 1 1
301511 14 -1
301530 0 -1
301533 11 -1
301565 19 1
301581 4 -1
301624 2 1
301630 20 1
301630 22 1
301630 17 1
301659 0 -1
301694 5 -1
301705 3 -1
301771 0 -1
301780 15 -1
301791 13 -1
301809 1 1
301866 2 -1
301876 4 -1
301877 9 -1
301898 0 -1
301920 26 1
301936 19 1
301944 16 -1
301952 23 1
301952 1 -1
301963 18 1
302006 15 -1
302017 12 -1
302081 2 -1
302097 17 -1
302129 0 1
302137 16 -1
302162 7 1
302204 1 -1
302264 0 1
302301 3 1
302307 13 1
302339 14 1
302350 21 -1
302379 0 -1
302414 12 1
302414 15 1
302452 4 1
302479 8 -1
302516 3 -1
302528 1 -1
302532 2 -1
302597 10 -1
302627 0 -1
302651 6 -1
302674 1 -1
302694 16 1
302747 3 1
302758 0 -1
302761 2 1
302863 0 1
302873 1 1
302930 11 1
302989 2 -1
303081 5 1
303081 25 1
303129 20 1
303129 4 -1
303178 17 1
303186 0 -1
303186 2 -1
303196 1 -1
303220 14 -1
303298 0 1
303365 1 -1
303374 3 -1
303384 2 -1
303392 15 -1
303403 13 -1
303417 0 1
303435 18 -1
303476 4 1
303484 19 -1
303516 10 1
303532 11 1
303532 5 -1
303544 1 1
303551 0 1
303575 12 1
303586 2 -1
303591 3 1
303597 24 1
303613 16 -1
303639 14 1
303685 0 1
303734 1 -1
303790 7 -1
303801 6 1
303822 2 1
303833 3 1
303860 0 1
303879 4 -1
303911 1 1
303951 5 1
303983 15 1
304016 13 -1
304024 0 -1
304037 9 1
304080 11 1
304091 3 -1
304153 4 1
304153 1 -1
304177 12 1
304252 2 -1
304274 17 1
304276 0 -1
304327 18 1
304338 16 1
304358 1 1
304370 15 1
304397 0 -1
304443 10 -1
304467 3 1
304478 8 -1
304499 29 1
304524 0 -1
304542 6 1
304564 11 -1
304585 24 1
304593 2 -1
304612 13 -1
304612 7 -1
304618 12 -1
304652 4 -1
304671 21 1
304687 3 -1
304725 1 -1
304768 14 -1
304822 16 -1
304830 0 -1
304854 2 1
304854 17 -1
304923 1 -1
304943 0 -1
305047 4 1
305048 14 -1
305048 15 -1
305068 1 -1
305092 0 1
305096 17 -1
305152 19 -1
305160 23 -1
305166 9 1
305209 18 -1
305233 16 -1
305265 20 -1
305297 17 -1
305338 21 -1
305338 22 -1
305365 0 -1
305386 19 -1
305402 3 1
305402 5 1
305418 2 1
305434 18 -1
305491 0 -1
305499 11 1
305531 20 -1
305533 1 1
305553 15 1
305579 23 -1
305617 14 1
305628 13 1
305633 2 1
305641 0 1
305660 21 -1
305660 30 -1
305660 24 -1
305676 22 -1
305676 16 1
305692 25 -1
305749 1 1
305757 7 1
305765 0 1
305773 15 1
305805 17 1
305809 4 -1
305864 2 -1
305886 12 -1
305923 3 1
305923 0 -1
305926 16 1
305938 1 -1
305950 26 -1
306047 23 -1
306047 8 -1
306058 5 -1
306068 11 1
306093 0 -1
306111 19 1
306112 18 1
306128 17 1
306176 6 -1
306187 3 1
306187 9 1
306243 2 -1
306267 0 -1
306273 10 -1
306289 1 1
306353 20 1
306423 2 1
306434 13 1
306434 18 1
306454 1 1
306455 5 -1
306477 3 -1
306498 0 1
306547 19 1
306579 4 -1
306606 21 1
306619 0 1
306619 1 1
306654 2 -1
306754 0 -1
306756 22 1
306788 6 1
306799 18 1
306805 1 -1
306826 8 1
306829 20 1
306841 4 1
306883 2 1
306885 12 1
306885 14 1
306893 19 1
306909 5 1
306974 0 -1
307030 1 -1
307046 15 1
307092 2 1
307103 0 -1
307151 20 1
307159 3 -1
307212 1 1
307253 0 1
307256 19 1
307345 2 1
307347 5 -1
307353 22 1
307371 1 1
307423 3 -1
307487 21 1
307498 4 -1
307498 25 1
307514 20 1
307519 0 1
307552 27 1
307573 2 -1
307664 0 -1
307679 1 1
307729 5 -1
307745 6 1
307756 7 -1
307767 3 1
307788 0 -1
307788 17 -1
307810 18 -1
307820 22 1
307836 1 -1
307853 10 -1
307874 11 -1
307917 14 -1
307917 21 1
307957 13 -1
307982 16 -1
307984 2 -1
308003 12 -1
308003 15 -1
308042 1 -1
308046 23 1
308046 0 -1
308118 19 -1
308159 0 1
308180 2 -1
308183 17 -1
308186 18 -1
308245 3 -1
308291 0 -1
308312 4 1
308320 20 -1
308352 1 -1
308374 2 -1
308454 5 1
308497 9 -1
308551 3 1
308558 1 -1
308573 0 1
308602 4 1
308634 7 1
308691 16 1
308719 0 -1
308731 1 -1
308755 12 -1
308798 15 1
308841 0 -1
308847 3 -1
308863 6 -1
308890 2 1
308900 19 -1
308927 14 1
308949 4 1
308970 8 1
309062 17 1
309078 13 1
309099 21 -1
309099 24 -1
309107 2 -1
309110 10 -1
309142 1 1
309150 7 -1
309160 0 -1
309174 3 -1
309283 1 1
309293 6 -1
309298 5 -1
309333 0 -1
309338 2 1
309368 20 -1
309412 1 -1
309427 3 -1
309454 0 1
309465 22 -1
309594 12 1
309596 1 1
309618 4 -1
309696 6 1
309707 3 -1
309723 5 -1
309751 1 1
309766 11 -1
309766 0 -1
309787 26 -1
309849 2 -1
309910 1 1
309934 0 -1
309948 16 -1
309981 4 1
310002 8 1
310045 15 -1
310045 9 1
310049 1 -1
310053 0 1
310056 3 -1
310077 2 -1
310158 5 1
310166 0 -1
310206 13 1
310222 4 1
310228 12 1
310282 0 -1
310298 2 1
310303 18 -1
310378 0 1
310452 1 1
310475 14 1
310478 0 -1
310533 4 1
310593 22 -1
310597 1 -1
310625 11 1
310634 7 1
310690 25 -1
310712 9 1
310733 3 -1
310746 2 1
310750 0 1
310775 1 1
310776 8 -1
310910 3 -1
310913 0 1
310932 4 -1
310956 2 1
311034 5 -1
311045 19 1
311047 0 1
311085 1 -1
311141 20 1
311163 2 1
311206 12 -1
311211 6 -1
311233 3 -1
311238 13 -1
311242 1 -1
311246 7 1
311254 4 -1
311319 0 1
311426 1 1
311469 0 -1
311496 5 1
311507 21 1
311561 4 -1
311574 0 1
311625 6 1
311625 2 1
311725 3 -1
311754 1 1
311803 7 -1
311808 11 -1
311875 0 1
311880 2 1
311883 23 1
311899 5 1
311915 1 1
311937 3 1
311964 10 1
312040 0 1
312071 2 1
312089 1 -1
312125 20 1
312141 16 1
312144 0 -1
312152 24 1
312195 18 1
312246 4 1
312254 0 1
312272 1 1
312281 21 1
312286 3 -1
312324 6 -1
312367 28 1
312367 29 1
312369 0 1
312466 1 1
312507 2 -1
312509 0 1
312528 4 -1
312621 0 -1
312646 8 -1
312651 1 -1
312689 13 1
312740 2 1
312775 5 -1
312797 3 -1
312807 6 -1
312814 1 -1
312830 4 -1
312915 7 -1
312936 0 -1
312942 2 1
312947 23 1
312947 17 -1
312969 27 1
312969 15 -1
313006 3 1
313022 12 -1
313079 0 1
313092 19 -1
313141 1 -1
313167 5 -1
313216 0 1
313270 6 1
313286 16 -1
313298 1 -1
313302 3 -1
313348 2 -1
313399 24 1
313420 18 -1
313431 10 1
313463 1 -1
313503 4 1
313509 3 1
313528 26 1
313538 0 -1
313587 2 1
313592 21 -1
313592 17 -1
313614 14 1
313689 5 -1
313700 8 1
313721 0 1
313745 7 -1
313764 6 1
313791 2 1
313810 4 1
313834 3 -1
313850 9 -1
313858 1 1
313894 0 1
313947 22 -1
313990 2 1
314044 1 -1
314129 15 1
314132 4 1
314172 5 -1
314178 3 -1
314205 20 -1
314218 2 -1
314221 1 -1
314248 6 1
314285 0 -1
314420 0 -1
314430 8 1
314436 2 1
314447 7 -1
314500 3 -1
314541 0 -1
314580 1 -1
314624 11 -1
314658 0 -1
314678 2 -1
314704 16 -1
314710 5 -1
314721 10 1
314729 1 -1
314769 4 1
314791 0 -1
314886 1 -1
314930 0 -1
314968 3 1
315054 0 -1
315088 1 1
315108 17 -1
315129 5 1
315140 2 1
315196 4 1
315204 8 1
315220 6 1
315229 1 -1
315269 22 -1
315301 3 1
315333 12 1
315352 0 -1
315355 2 -1
315376 1 -1
315398 14 1
315430 7 -1
315481 0 -1
315511 4 1
315527 13 1
315527 1 -1
315551 2 -1
315570 15 1
315580 3 -1
315656 16 1
315672 0 1
315677 5 1
315806 9 -1
315843 1 -1
315849 19 1
315881 6 1
315906 0 -1
315935 11 -1
315968 2 1
315978 21 1
315984 1 1
316010 20 1
316043 10 1
316067 0 1
316086 14 -1
316164 4 -1
316166 2 1
316172 1 -1
316193 12 1
316193 0 1
316279 3 -1
316279 8 1
316322 6 -1
316451 0 1
316456 3 -1
316462 13 -1
316462 2 -1
316494 18 -1
316528 1 1
316629 0 1
316639 4 1
316712 1 -1
316725 3 1
316763 5 -1
316763 9 1
316814 0 -1
316816 11 1
316870 2 -1
316901 1 1
316919 0 1
316958 4 1
317026 7 -1
317040 0 1
317099 2 1
317118 8 -1
317139 17 1
317155 0 1
317160 15 1
317230 5 1
317276 1 1
317284 16 1
317284 0 1
317349 3 1
317349 2 1
317397 19 1
317440 18 1
317449 1 -1
317553 2 1
317607 10 -1
317608 0 -1
317617 1 -1
317631 7 1
317675 4 1
317687 5 -1
317714 0 -1
317719 13 -1
317725 3 -1
317772 1 -1
317824 2 1
317830 0 1
317870 12 -1
317902 15 -1
317924 8 1
317929 17 -1
317945 3 1
317961 1 1
317999 6 1
318010 4 1
318010 16 -1
318034 2 1
318128 0 1
318131 1 1
318246 2 1
318257 21 -1
318268 20 -1
318268 7 1
318281 0 -1
318284 1 1
318300 9 1
318388 3 -1
318389 4 1
318407 18 -1
318429 0 1
318461 17 -1
318569 14 1
318582 5 1
318622 15 1
318622 22 -1
318647 0 -1
318655 1 1
318660 2 -1
318681 3 1
318687 19 -1
318695 16 1
318714 6 -1
318775 0 -1
318829 2 1
318864 1 1
318872 0 1
318902 3 -1
319009 5 1
319029 4 1
319030 1 1
319033 0 1
319055 2 -1
319192 0 -1
319224 12 1
319267 6 1
319283 10 -1
319313 0 -1
319332 11 -1
319340 4 1
319342 8 -1
319352 1 1
319396 5 1
319396 17 1
319435 0 -1
319439 9 -1
319509 1 1
319520 2 -1
319600 3 -1
319658 4 1
319672 1 1
319676 14 -1
319719 0 1
319729 2 -1
319767 7 1
319849 0 1
319869 3 1
319926 2 -1
320005 0 -1
320029 1 1
320116 8 1
320159 9 1
320197 3 -1
320197 5 1
320198 1 1
320288 6 1
320299 12 1
320305 0 -1
320364 13 1
320366 2 1
320384 4 1
320385 15 1
320396 1 -1
320412 16 1
320415 0 1
320552 2 1
320554 0 -1
320557 17 1
320579 21 1
320621 11 -1
320638 5 -1
320638 10 -1
320750 4 -1
320751 14 -1
320751 23 1
320751 7 -1
320756 0 -1
320761 3 1
320775 1 -1
320777 2 -1
320863 0 1
320933 6 1
320968 1 -1
321008 0 1
321030 3 -1
321041 2 1
321089 4 1
321137 25 1
321152 1 1
321159 15 -1
321175 5 -1
321180 0 1
321202 16 -1
321269 2 -1
321309 3 1
321320 0 1
321352 8 1
321363 18 -1
321417 9 1
321428 17 -1
321446 1 -1
321455 2 -1
321460 11 1
321500 4 1
321506 0 -1
321514 6 -1
321524 7 1
321540 13 1
321633 1 1
321643 2 1
321659 0 1
321696 12 1
321754 4 -1
321768 1 -1
321863 16 1
321868 3 -1
321868 15 1
321944 0 -1
322059 0 -1
322062 6 1
322073 1 1
322137 2 -1
322145 4 1
322169 5 1
322169 0 1
322218 3 -1
322258 1 -1
322331 17 1
322341 31 1
322363 11 -1
322387 0 1
322395 2 -1
322419 3 1
322419 1 -1
322508 0 1
322524 4 -1
322535 12 -1
322556 13 -1
322567 5 1
322621 6 -1
322621 2 1
322626 0 -1
322680 3 1
322685 20 -1
322717 7 1
322790 1 -1
322857 15 -1
322895 3 -1
322943 18 -1
322949 0 1
322965 5 1
322965 1 1
323064 0 1
323072 19 -1
323115 21 -1
323119 1 1
323126 8 -1
323174 0 -1
323185 2 1
323190 3 1
323190 6 1
323217 4 1
323274 0 1
323287 24 -1
323298 1 1
323314 10 1
323330 14 1
323373 11 1
323378 7 1
323400 0 1
323416 9 -1
323427 1 -1
323440 2 -1
323502 3 1
323550 0 1
323628 1 1
323636 2 -1
323640 4 1
323652 6 -1
323685 0 1
323728 5 1
323818 1 -1
323846 16 1
323910 12 1
323911 8 -1
323947 4 1
323964 0 -1
323983 7 1
324021 3 1
324069 0 1
324093 5 1
324123 2 1
324171 1 -1
324233 3 -1
324287 0 1
324330 2 1
324350 1 1
324362 9 -1
324494 3 -1
324519 1 1
324553 2 -1
324556 8 1
324561 5 -1
324592 4 1
324620 20 1
324625 0 -1
324701 10 -1
324840 0 1
324846 7 1
324870 1 -1
324878 6 -1
324878 15 1
324921 3 1
324964 2 -1
324971 4 -1
324988 0 -1
325007 11 1
325021 1 -1
325093 18 1
325141 3 -1
325162 1 1
325187 2 1
325200 14 -1
325270 0 1
325346 7 -1
325362 3 1
325362 9 -1
325370 4 1
325394 23 1
325410 0 -1
325440 2 -1
325458 5 -1
325474 10 -1
325501 6 -1
325515 0 1
325523 21 1
325527 1 1
325652 16 -1
325684 19 -1
325695 15 -1
325761 1 1
325773 0 1
325813 17 -1
325824 12 1
325888 5 1
325888 2 1
325926 0 -1
325926 1 1
325931 3 1
326039 8 1
326058 2 -1
326076 0 -1
326095 4 1
326127 1 1
326168 6 1
326168 7 1
326216 3 -1
326232 20 -1
326281 5 1
326297 22 -1
326297 2 1
326313 1 1
326361 14 1
326377 4 -1
326412 0 -1
326426 13 1
326436 3 1
326518 1 1
326555 16 1
326555 18 1
326574 0 -1
326598 15 1
326668 17 1
326676 3 1
326676 1 1
326685 0 1
326740 4 1
326770 2 -1
326829 19 1
326877 3 -1
326898 11 -1
326944 0 1
326974 7 -1
326984 1 1
327041 2 -1
327084 3 1
327087 4 1
327089 0 -1
327114 5 1
327139 1 1
327216 2 1
327222 0 -1
327286 6 1
327286 14 -1
327296 3 -1
327361 16 -1
327361 1 -1
327409 4 1
327474 17 -1
327527 0 -1
327544 18 -1
327554 5 -1
327608 9 1
327681 0 1
327683 2 1
327715 4 1
327720 1 -1
327726 3 1
327758 12 1
327814 0 1
327844 13 1
327879 1 -1
327887 6 -1
327925 0 -1
327925 2 -1
328016 3 -1
328038 5 1
328041 0 -1
328042 1 -1
328090 4 -1
328124 8 1
328151 2 1
328213 0 -1
328264 3 -1
328312 7 1
328312 10 1
328358 0 1
328360 29 1
328373 1 -1
328403 2 1
328436 6 1
328495 5 -1
328558 1 1
328651 16 -1
328651 2 -1
328661 15 -1
328694 0 -1
328705 1 1
328750 3 1
328769 14 -1
328790 9 -1
328804 4 -1
328815 0 -1
328844 1 -1
328898 2 1
328909 8 1
328968 3 -1
328989 0 -1
328994 5 1
329040 1 1
329066 4 1
329110 7 1
329124 2 -1
329172 3 1
329207 1 1
329215 13 1
329271 0 1
329362 1 1
329380 4 1
329392 19 -1
329392 0 1
329414 5 1
329468 8 -1
329525 7 1
329543 2 1
329554 16 1
329564 0 1
329586 6 -1
329650 15 1
329693 3 -1
329703 1 -1
329736 9 -1
329736 18 1
329747 2 1
329844 20 1
329846 0 -1
329878 1 1
329887 5 -1
329908 3 1
329967 2 -1
329973 8 -1
330016 11 -1
330021 0 -1
330069 4 -1
330071 1 -1
330123 14 -1
330166 6 -1
330177 3 -1
330198 0 1
330209 12 -1
330252 27 1
330298 0 -1
330368 1 1
330376 4 1
330403 2 1
330456 10 -1
330467 0 -1
330489 17 -1
330510 3 1
330525 1 1
330612 2 -1
330620 0 1
330710 1 -1
330738 4 -1
330771 0 -1
330787 7 -1
330811 8 -1
330822 3 -1
330843 16 1
330854 2 1
330859 6 1
330918 5 -1
331033 1 -1
331042 0 1
331069 3 -1
331112 21 1
331187 0 1
331194 1 -1
331295 0 1
331305 11 1
331332 3 -1
331351 1 -1
331370 2 -1
331375 5 1
331381 6 1
331413 15 -1
331424 7 -1
331428 4 1
331555 1 -1
331585 8 -1
331601 2 1
331620 0 -1
331706 1 1
331733 0 1
331746 13 -1
331786 4 -1
331800 9 1
331843 5 -1
331864 2 1
331885 1 -1
331889 0 -1
331907 10 -1
331929 6 -1
331945 3 -1
332065 1 1
332090 2 -1
332145 0 -1
332149 3 1
332165 4 1
332246 7 -1
332294 2 -1
332313 0 1
332393 1 1
332439 3 -1
332445 12 1
332445 0 -1
332477 6 1
332499 9 -1
332512 2 -1
332538 1 1
332568 4 1
332597 0 1
332698 2 -1
332704 0 -1
332746 14 1
332746 1 -1
332800 0 1
332802 4 1
332853 5 -1
332885 11 1
332891 17 1
332907 6 -1
332934 0 -1
333004 3 1
333004 18 1
333068 19 1
333093 2 -1
333129 1 1
333185 4 -1
333208 0 -1
333267 5 -1
333302 1 1
333308 2 -1
333315 3 -1
333329 0 -1
333436 0 -1
333459 1 1
333541 2 1
333568 3 -1
333572 4 -1
333649 8 1
333670 9 -1
333673 0 1
333724 5 1
333778 22 -1
333778 25 -1
333788 0 -1
333794 7 -1
333821 6 1
333830 1 1
333912 0 -1
333979 1 -1
333998 2 1
334036 23 -1
334041 3 1
334141 1 -1
334166 0 -1
334208 2 1
334217 4 -1
334270 0 -1
334304 6 1
334338 1 -1
334342 3 -1
334380 24 -1
334385 0 1
334407 7 -1
334428 2 1
334487 16 1
334499 1 -1
334519 8 1
334520 17 1
334527 0 -1
334562 3 1
334562 5 -1
334573 9 1
334600 4 1
334648 1 -1
334675 0 1
334788 3 1
334814 1 -1
334831 6 1
334839 0 -1
334874 7 -1
334909 2 -1
334943 4 -1
334960 0 -1
334982 3 -1
335073 5 -1
335132 20 1
335146 2 1
335186 3 1
335197 8 -1
335201 1 -1
335207 0 -1
335326 10 -1
335334 0 -1
335366 1 -1
335379 2 -1
335487 0 1
335498 9 1
335511 3 1
335530 5 1
335543 1 1
335575 7 1
335583 28 -1
335616 2 1
335712 4 -1
335713 15 1
335820 2 1
335841 13 1
335842 0 1
335886 1 -1
335906 6 -1
335954 3 -1
335987 4 1
335989 0 -1
336035 5 1
336051 1 -1
336056 2 -1
336110 9 1
336126 0 -1
336177 3 1
336180 7 -1
336185 11 1
336216 1 -1
336250 6 -1
336306 2 -1
336349 4 -1
336416 3 1
336430 0 -1
336443 21 1
336486 5 1
336542 0 -1
336579 1 -1
336637 6 -1
336650 0 1
336658 8 -1
336728 7 1
336771 1 1
336793 2 -1
336804 0 -1
336852 12 1
336873 10 1
336914 1 -1
336943 3 -1
336951 0 1
336992 5 1
337002 9 -1
337027 2 1
337043 4 1
337063 1 -1
337102 0 -1
337131 19 -1
337196 16 1
337228 3 -1
337252 1 1
337263 2 -1
337276 0 -1
337284 7 -1
337357 8 -1
337389 11 1
337389 5 1
337413 4 -1
337414 1 1
337432 14 -1
337454 13 -1
337499 3 1
337580 0 -1
337583 1 1
337717 0 -1
337728 4 -1
337736 2 -1
337765 6 -1
337841 0 -1
337873 10 1
337905 15 -1
337950 1 1
337970 2 1
338083 3 -1
338083 1 -1
338104 0 -1
338185 6 1
338185 8 1
338190 2 -1
338206 0 1
338268 1 1
338287 3 1
338341 0 -1
338357 5 -1
338413 7 -1
338449 4 -1
338507 6 1
338529 11 -1
338604 3 -1
338629 1 -1
338636 2 1
338638 0 -1
338647 10 1
338675 7 -1
338762 1 1
338765 18 1
338770 0 -1
338808 9 -1
338851 6 -1
338862 5 1
338910 2 1
338913 4 1
338913 1 -1
338916 3 -1
338918 0 1
338980 12 -1
339010 7 1
339015 0 -1
339136 2 1
339163 16 -1
339179 0 1
339195 14 -1
339206 3 1
339282 1 -1
339300 4 -1
339311 0 1
339335 5 -1
339335 8 1
339388 6 -1
339429 1 1
339483 0 1
339534 2 1
339539 3 1
339539 24 1
339622 1 1
339711 22 -1
339735 0 1
339749 2 -1
339797 3 1
339797 6 1
339834 1 1
339837 0 -1
339845 8 1
339872 9 1
339953 10 1
339958 2 -1
339964 0 -1
339969 20 -1
339969 15 1
339969 23 -1
340005 4 -1
340046 1 1
340055 5 1
340114 7 1
340195 6 -1
340219 1 1
340248 8 -1
340267 0 -1
340283 3 1
340291 17 1
340356 13 -1
340392 1 1
340399 0 -1
340445 2 1
340448 4 -1
340463 9 1
340531 0 -1
340544 3 1
340565 7 1
340592 5 -1
340592 12 1
340670 2 -1
340743 26 -1
340783 1 -1
340791 4 -1
340856 3 1
340872 2 -1
340918 0 -1
340922 1 1
341055 0 -1
341065 19 1
341065 5 1
341098 1 1
341146 7 1
341173 14 1
341208 0 -1
341216 6 -1
341259 18 1
341296 2 1
341318 0 1
341388 3 1
341428 0 -1
341468 1 1
341498 2 1
341557 4 -1
341600 0 -1
341614 1 1
341614 10 1
341646 3 1
341694 6 -1
341705 8 -1
341706 0 1
341732 2 -1
341763 1 1
341871 4 -1
341968 0 1
341990 5 1
341992 7 1
342044 8 1
342044 9 1
342046 3 1
342059 11 1
342073 1 -1
342086 6 -1
342119 0 -1
342189 2 1
342230 4 1
342250 7 1
342258 1 1
342265 0 1
342291 25 1
342404 2 -1
342416 1 1
342484 5 1
342549 0 -1
342549 8 1
342608 2 -1
342613 9 1
342648 0 1
342678 10 1
342694 3 -1
342710 11 1
342758 7 -1
342807 12 1
342811 1 1
342820 2 -1
342828 0 1
342855 4 1
342941 5 -1
342984 6 -1
342989 3 1
343000 1 -1
343054 2 1
343086 9 -1
343175 1 1
343183 0 1
343258 4 -1
343301 2 -1
343312 0 1
343339 3 1
343387 6 1
343435 5 -1
343465 0 -1
343516 20 -1
343537 15 1
343544 1 -1
343554 2 -1
343584 4 1
343607 3 1
343623 11 -1
343645 17 -1
343661 8 1
343669 7 1
343693 1 -1
343736 5 -1
343758 6 -1
343759 0 -1
343871 1 -1
343903 3 -1
343915 0 1
343919 4 1
343919 7 1
343935 8 1
343984 16 1
344000 13 1
344010 21 -1
344037 2 -1
344048 0 1
344070 9 -1
344107 12 -1
344123 5 1
344188 8 1
344225 18 1
344233 7 -1
344236 3 1
344242 1 -1
344260 0 -1
344263 2 1
344279 11 1
344322 4 1
344411 0 1
344435 10 1
344440 6 1
344443 1 -1
344446 5 -1
344494 2 -1
344526 3 -1
344548 9 -1
344560 0 -1
344612 1 -1
344725 4 -1
344787 0 1
344790 8 -1
344860 2 -1
344897 6 -1
344927 7 -1
344951 1 1
344956 0 1
345075 2 1
345077 3 1
345088 0 -1
345096 4 -1
345107 8 1
345122 1 -1
345128 9 1
345203 5 -1
345225 11 1
345236 14 1
345284 6 -1
345327 2 1
345332 1 1
345343 15 1
345343 0 -1
345354 7 -1
345359 3 1
345451 10 1
345483 13 1
345494 12 1
345496 0 1
345515 17 1
345547 16 1
345548 1 1
345607 9 -1
345625 0 1
345628 5 1
345644 8 1
345660 3 -1
345730 6 -1
345738 0 1
345753 1 1
345768 2 1
345773 7 -1
345813 4 -1
345886 0 -1
345930 1 -1
345961 2 1
346045 0 -1
346071 4 1
346085 5 -1
346112 1 -1
346144 2 1
346160 10 1
346182 15 -1
346183 0 -1
346192 6 1
346198 3 1
346246 14 -1
346313 4 -1
346343 11 1
346370 2 -1
346418 24 -1
346434 3 -1
346461 0 1
346461 9 -1
346491 1 1
346515 7 1
346571 0 -1
346590 2 -1
346638 8 -1
346668 1 -1
346676 3 -1
346704 0 -1
346724 6 1
346794 2 -1
346821 7 -1
346848 9 1
346855 1 1
346934 5 1
346955 8 1
346962 0 -1
346982 16 1
346988 6 -1
347031 2 -1
347111 7 1
347141 0 -1
347212 1 1
347273 0 -1
347278 11 -1
347280 3 -1
347281 8 -1
347297 13 -1
347302 9 -1
347305 4 -1
347321 10 -1
347353 1 -1
347356 5 1
347412 2 -1
347450 19 1
347485 8 -1
347490 7 -1
347494 1 1
347541 6 1
347571 4 1
347579 0 1
347633 2 -1
347643 5 -1
347654 3 1
347654 8 1
347684 0 -1
347708 14 1
347708 7 -1
347708 10 1
347802 0 1
347826 9 -1
347837 12 -1
347845 2 1
347864 6 -1
347885 1 1
347904 0 -1
347950 4 -1
347955 8 1
347968 3 1
348011 0 1
348046 1 1
348062 7 -1
348078 6 1
348095 23 -1
348144 0 1
348204 1 1
348229 3 1
348272 10 -1
348294 0 -1
348312 2 1
348359 1 1
348379 5 -1
348444 3 -1
348466 8 -1
348474 7 -1
348482 9 -1
348508 2 1
348514 1 1
348525 0 1
348638 0 -1
348653 11 1
348654 12 -1
348679 1 1
348696 3 -1
348721 2 -1
348752 0 -1
348804 22 1
348836 1 1
348860 4 -1
348877 7 -1
348890 5 -1
348906 3 1
349046 6 -1
349062 9 1
349084 18 1
349085 0 1
349132 2 -1
349151 1 1
349169 15 -1
349194 0 -1
349256 7 -1
349296 4 -1
349331 0 1
349346 1 1
349358 2 1
349390 3 -1
349395 8 1
349449 5 -1
349449 6 -1
349518 1 1
349589 2 -1
349602 3 1
349610 7 1
349612 0 -1
349642 17 -1
349723 8 -1
349728 0 1
349750 12 -1
349771 4 1
349814 6 1
349836 2 1
349852 0 1
349852 10 1
349868 3 1
349900 21 -1
349904 1 1
349968 0 1
350029 16 -1
350072 8 1
350078 2 -1
350099 0 1
350122 1 1
350126 11 1
350158 7 -1
350169 5 -1
350191 9 -1
350211 4 1
350244 0 -1
350299 1 -1
350314 2 1
350328 13 1
350360 0 -1
350362 3 1
350373 12 1
350392 7 -1
350432 10 -1
350443 5 -1
350529 6 1
350545 9 1
350551 8 1
350602 2 -1
350649 0 -1
350682 4 1
350688 3 1
350700 1 1
350723 7 1
350806 0 1
350825 5 -1
350835 19 1
350854 1 1
350892 8 -1
350911 3 1
350916 6 1
350934 0 1
350943 9 -1
350993 1 -1
351002 2 -1
351029 4 -1
351083 15 -1
351104 14 -1
351110 10 -1
351147 11 -1
351174 0 -1
351182 7 1
351196 8 1
351217 2 1
351233 18 1
351244 6 -1
351267 1 -1
351319 12 1
351319 0 1
351428 1 -1
351435 2 1
351448 17 -1
351453 3 -1
351464 7 1
351476 0 -1
351580 6 -1
351581 1 -1
351642 4 1
351650 10 -1
351706 1 1
351714 0 1
351738 16 1
351738 8 1
351749 5 -1
351752 3 1
351792 9 1
351851 0 -1
351862 2 1
351948 7 1
351996 0 1
352018 3 1
352028 6 -1
352065 1 -1
352101 13 -1
352104 2 -1
352179 5 1
352179 14 -1
352200 8 1
352208 1 1
352233 0 1
352265 27 1
352278 4 -1
352340 2 1
352383 10 -1
352394 0 1
352437 9 -1
352440 1 -1
352464 6 -1
352491 3 -1
352534 5 1
352542 0 -1
352544 15 -1
352566 8 -1
352617 4 1
352722 7 -1
352740 3 -1
352742 1 1
352754 2 1
352847 0 -1
352856 6 1
352899 4 -1
352923 2 -1
352931 12 1
352931 9 1
352932 10 1
352947 1 -1
352953 21 1
352965 0 -1
352974 8 -1
353028 11 -1
353028 7 -1
353044 16 -1
353082 3 1
353117 2 -1
353136 8 1
353152 9 1
353153 1 -1
353161 10 1
353176 0 -1
353224 7 -1
353318 5 1
353340 8 1
353383 24 -1
353388 6 -1
353410 2 1
353415 13 1
353415 9 1
353439 7 -1
353463 0 -1
353504 1 1
353598 8 1
353611 0 1
353651 2 -1
353655 1 1
353673 4 -1
353727 5 1
353727 18 -1
353762 0 -1
353764 3 -1
353770 12 -1
353770 7 1
353830 1 -1
353856 6 -1
353856 2 -1
353920 11 -1
353931 20 -1
353942 14 -1
353963 19 -1
353999 1 -1
354052 0 -1
354060 2 -1
354092 17 1
354108 4 -1
354169 1 1
354173 7 1
354189 5 1
354202 0 1
354210 3 1
354248 9 1
354296 6 -1
354310 1 -1
354326 0 1
354350 8 -1
354396 3 1
354415 7 1
354463 10 1
354490 0 -1
354519 1 -1
354543 4 -1
354544 2 -1
354557 8 -1
354570 9 -1
354608 11 -1
354621 0 1
354672 30 -1
354715 8 1
354724 0 -1
354741 10 1
354780 6 -1
354789 7 -1
354804 2 -1
354861 0 -1
354887 5 1
354922 1 1
354930 25 -1
355038 9 1
355054 2 -1
355080 1 1
355092 7 -1
355145 3 -1
355147 0 1
355167 6 1
355188 10 1
355204 4 -1
355231 5 -1
355231 12 1
355250 0 -1
355255 1 1
355363 0 1
355387 3 -1
355403 6 -1
355446 22 1
355446 7 -1
355484 2 1
355489 8 -1
355532 9 -1
355591 1 1
355597 5 1
355616 4 -1
355621 0 1
355672 3 1
355688 2 1
355704 26 -1
355761 1 1
355771 0 -1
355898 2 1
355915 0 1
355950 1 -1
355954 4 -1
355962 23 1
356011 8 -1
356027 20 1
356037 5 1
356145 9 1
356188 6 -1
356226 0 -1
356301 1 1
356306 14 -1
356317 3 -1
356322 2 -1
356361 4 1
356371 0 1
356408 5 -1
356422 7 -1
356441 8 -1
356454 1 1
356478 11 -1
356502 0 1
356510 13 -1
356553 2 1
356586 6 -1
356594 3 -1
356607 12 1
356631 0 1
356632 1 -1
356635 4 -1
356736 5 -1
356758 0 1
356760 2 1
356768 7 1
356788 1 -1
356857 3 -1
356873 10 1
356889 0 1
356966 1 1
356994 4 -1
356994 2 -1
357016 0 1
357080 28 1
357085 3 -1
357112 5 -1
357134 6 -1
357139 1 1
357220 7 1
357257 8 1
357287 2 1
357295 3 1
357298 0 -1
357304 1 1
357349 9 1
357370 11 1
357373 10 1
357424 0 -1
357462 4 -1
357462 6 -1
357494 2 1
357513 0 -1
357564 3 1
357596 8 1
357611 1 1
357663 2 -1
357687 9 -1
357744 10 -1
357752 13 -1
357754 1 -1
357768 18 1
357781 6 1
357792 0 1
357811 12 -1
357814 8 1
357897 7 -1
357918 3 -1
357921 5 1
357937 1 1
357980 0 -1
357988 9 -1
358069 15 -1
358085 6 1
358117 0 -1
358131 2 -1
358133 8 1
358160 5 -1
358208 11 -1
358211 4 1
358286 1 -1
358381 2 1
358413 14 1
358416 0 -1
358449 7 -1
358453 1 -1
358477 6 -1
358504 8 -1
358526 3 1
358534 4 1
358539 0 -1
358614 2 -1
358634 1 -1
358638 5 -1
358652 0 1
358725 8 -1
358751 7 1
358794 3 -1
358800 19 1
358837 0 -1
358848 10 -1
358875 9 -1
358929 11 -1
358995 0 1
359025 4 -1
359034 1 1
359036 8 1
359060 6 -1
359074 7 -1
359081 2 -1
359109 0 -1
359154 9 -1
359165 15 -1
359179 1 -1
359203 10 -1
359208 3 -1
359252 0 1
359316 2 -1
359342 6 1
359356 1 1
359412 13 1
359455 5 1
359469 7 -1
359497 1 -1
359527 0 -1
359552 2 1
359590 16 -1
359644 0 1
359650 1 -1
359713 3 1
359789 6 1
359789 9 -1
359791 1 1
359810 14 1
359813 0 1
359821 5 -1
359912 4 1
359928 11 -1
359936 7 -1
359939 2 1
359950 3 1
359971 1 -1
360028 0 1
360057 10 1
360132 15 1
360197 0 1
360251 2 -1
360251 8 1
360315 3 1
360321 0 1
360323 7 -1
360352 1 -1
360369 5 -1
360380 4 -1
360485 2 1
360505 1 -1
360600 6 -1
360606 0 1
360606 17 1
360632 8 -1
360674 1 -1
360706 4 -1
360753 0 -1
360756 2 1
360864 18 1
360869 9 1
360872 0 1
360970 1 1
360976 3 -1
360995 2 -1
361121 6 -1
361154 1 -1
361207 2 -1
361214 0 1
361250 20 1
361250 5 -1
361291 7 -1
361315 8 -1
361318 3 -1
361326 0 -1
361371 1 1
361379 12 -1
361444 0 -1
361444 9 1
361455 6 -1
361455 2 -1
361464 4 -1
361465 11 1
361594 3 -1
361637 10 -1
361653 5 1
361671 0 1
361702 13 1
361714 1 -1
361738 7 -1
361823 0 -1
361831 4 1
361868 3 1
361887 1 -1
361909 2 1
361928 9 1
361952 0 -1
361968 7 -1
361992 8 -1
362040 1 1
362062 5 1
362073 10 -1
362089 19 -1
362143 8 1
362161 4 -1
362169 6 -1
362188 1 1
362194 0 1
362196 14 1
362207 3 1
362215 2 -1
362218 11 1
362317 0 1
362379 8 1
362387 1 1
362422 5 -1
362443 7 -1
362449 0 1
362454 2 1
362470 6 -1
362502 12 -1
362529 3 -1
362544 1 1
362599 9 1
362605 10 1
362658 0 1
362661 7 -1
362669 6 -1
362712 5 1
362746 1 -1
362777 3 -1
362806 0 -1
362830 8 1
362863 13 1
362907 7 -1
362922 2 1
362949 9 -1
362951 0 1
363056 8 1
363082 1 1
363106 0 -1
363126 2 -1
363153 16 1
363174 5 -1
363212 0 1
363231 9 -1
363239 8 -1
363254 4 1
363262 1 -1
363325 12 -1
363335 11 -1
363336 3 1
363336 6 1
363346 0 1
363373 2 1
363387 10 1
363423 1 -1
363460 0 1
363529 18 1
363556 7 1
363564 4 1
363577 3 1
363577 8 1
363663 6 -1
363706 0 -1
363765 5 1
363767 1 1
363778 7 1
363837 0 -1
363838 10 1
363865 3 -1
363873 2 -1
363884 8 -1
363921 1 1
363921 6 1
363975 7 1
363975 0 -1
364023 13 1
364024 9 1
364034 11 1
364072 4 -1
364104 2 1
364114 1 -1
364120 8 -1
364249 7 1
364254 0 -1
364303 31 1
364324 2 1
364354 10 -1
364362 8 -1
364369 0 -1
364410 9 -1
364411 17 -1
364432 3 -1
364455 1 1
364469 5 -1
364475 22 -1
364515 0 1
364531 7 -1
364545 2 1
364582 6 1
364630 1 -1
364647 3 1
364743 11 -1
364754 2 1
364766 1 1
364778 0 1
364824 5 1
364825 7 1
364851 6 1
364854 4 1
364905 9 1
364921 0 1
364964 3 1
364969 8 -1
364979 7 -1
365012 2 1
365047 1 -1
365066 6 1
365074 0 1
365165 5 -1
365184 8 -1
365200 0 1
365233 10 -1
365240 4 1
365265 13 -1
365270 14 -1
365281 12 -1
365307 1 1
365327 0 1
365329 7 1
365335 8 1
365356 2 -1
365434 0 -1
365474 9 -1
365492 1 -1
365506 3 -1
365571 0 -1
365664 4 -1
365672 7 -1
365678 6 -1
365700 16 -1
365732 10 -1
365770 3 -1
365797 2 1
365830 0 1
365847 1 1
365861 9 1
365904 5 1
365945 0 -1
365958 8 -1
366010 1 1
366028 2 -1
366065 3 1
366076 0 -1
366168 7 -1
366184 11 1
366196 1 -1
366238 2 -1
366280 12 1
366302 6 -1
366321 10 -1
366326 3 1
366350 9 -1
366366 15 1
366382 5 1
366479 8 1
366498 1 1
366514 0 -1
366538 24 -1
366539 17 -1
366541 3 -1
366624 11 1
366653 1 1
366655 4 1
366667 19 -1
366667 0 1
366670 2 1
366694 6 1
366802 0 1
366807 3 -1
366856 8 -1
366866 5 -1
366866 9 -1
366921 1 1
366933 2 1
367011 18 1
367038 4 -1
367038 7 -1
367076 0 1
367130 3 1
367130 9 -1
367132 2 1
367140 12 -1
367151 11 -1
367151 10 -1
367162 14 -1
367186 0 -1
367224 7 1
367258 1 -1
367328 8 -1
367358 6 1
367366 0 -1
367405 1 1
367473 4 1
367482 0 -1
367526 7 -1
367549 9 -1
367558 1 1
367594 2 -1
367621 0 -1
367662 8 1
367683 5 -1
367688 6 -1
367699 10 1
367703 1 -1
367721 3 1
367749 0 -1
367785 2 1
367868 1 -1
367871 12 1
367874 0 -1
367917 6 -1
367930 3 1
367989 8 -1
368028 1 1
368038 7 1
368043 5 -1
368043 2 1
368054 9 -1
368151 3 -1
368151 13 1
368155 1 -1
368159 4 -1
368169 0 -1
368274 0 1
368344 25 -1
368398 6 1
368398 2 -1
368409 23 -1
368427 0 -1
368430 5 1
368433 7 1
368449 10 1
368485 1 -1
368495 8 1
368497 4 -1
368607 2 -1
368642 7 1
368645 6 1
368669 1 1
368710 0 1
368742 3 -1
368753 8 -1
368763 4 -1
368774 12 -1
368817 9 -1
368822 11 -1
368832 1 1
368838 15 -1
368839 0 1
368839 2 1
368876 5 1
368900 7 1
368908 10 1
368959 0 1
369010 8 -1
369032 21 -1
369037 6 1
369086 3 -1
369142 4 -1
369182 13 1
369203 7 -1
369204 0 1
369217 1 1
369268 9 -1
369279 6 1
369290 5 -1
369290 14 1
369290 2 -1
369327 3 -1
369330 0 1
369338 8 1
369432 1 1
369435 0 -1
369481 10 -1
369489 7 -1
369505 2 1
369525 4 1
369537 16 1
369549 0 1
369602 1 1
369612 11 1
369612 9 1
369634 12 1
369663 0 -1
369671 5 -1
369690 7 -1
369782 0 -1
369787 2 1
369795 10 -1
369827 8 1
369827 18 1
369926 1 -1
369932 4 1
369935 0 1
369978 6 1
369988 15 -1
370010 5 1
370037 8 1
370047 3 1
370093 1 -1
370128 11 1
370162 7 -1
370174 9 -1
370179 8 -1
370190 0 1
370219 6 1
370246 1 1
370247 10 -1
370289 3 1
370295 4 -1
370297 0 -1
370311 2 -1
370343 17 -1
370363 7 -1
370404 1 1
370408 12 -1
370445 6 1
370456 13 -1
370456 0 -1
370461 9 -1
370539 2 1
370569 1 1
370582 3 -1
370698 16 -1
370711 0 -1
370714 7 1
370750 1 -1
370765 2 1
370829 0 -1
370848 5 1
370930 1 1
371007 0 -1
371010 8 1
371063 3 1
371121 4 -1
371224 11 1
371232 1 -1
371267 6 -1
371268 2 -1
371284 5 -1
371300 9 -1
371305 0 1
371387 1 -1
371402 3 1
371418 8 1
371445 0 -1
371482 2 -1
371516 4 -1
371560 1 -1
371611 3 -1
371617 0 -1
371697 20 -1
371698 6 1
371703 5 -1
371716 0 1
371730 2 1
371826 22 -1
371840 0 1
371859 4 -1
371869 8 1
371927 7 -1
371951 1 1
371955 18 1
371993 0 -1
371993 2 1
372022 6 1
372090 9 1
372111 1 1
372111 3 -1
372138 11 1
372149 0 -1
372149 10 1
372208 2 1
372213 26 -1
372270 7 1
372306 1 -1
372374 3 -1
372385 21 -1
372428 2 -1
372451 0 -1
372471 5 1
372536 7 1
372541 8 1
372598 0 1
372600 9 1
372616 3 1
372633 1 -1
372665 17 -1
372667 2 1
372735 0 1
372782 4 -1
372804 5 1
372826 12 1
372826 1 1
372847 6 1
372998 11 -1
372998 8 1
373022 1 -1
373048 0 -1
373065 2 1
373084 3 -1
373108 4 -1
373108 10 1
373159 9 -1
373165 0 1
373193 1 1
373256 5 1
373275 2 1
373315 0 1
373320 6 -1
373322 1 -1
373353 8 -1
373390 7 -1
373430 3 1
373467 1 1
373514 14 1
373519 2 -1
373549 0 -1
373551 6 -1
373559 4 -1
373568 16 1
373573 8 -1
373600 9 -1
373648 1 -1
373664 7 1
373665 10 -1
373678 0 -1
373686 3 1
373761 15 1
373772 11 1
373820 8 -1
373826 13 1
373831 6 -1
373847 0 -1
373860 9 -1
373922 2 -1
373926 7 1
373983 0 -1
374019 12 -1
374031 1 1
374100 0 -1
374116 5 -1
374164 2 1
374170 8 -1
374180 1 -1
374218 0 1
374272 3 1
374277 28 -1
374325 9 1
374347 0 1
374350 1 1
374352 6 -1
374398 2 -1
374414 4 1
374422 7 -1
374449 24 -1
374583 5 1
374585 0 1
374589 3 1
374599 19 -1
374642 8 -1
374664 1 1
374704 0 1
374736 4 1
374793 27 -1
374793 6 1
374814 0 -1
374817 1 -1
374836 2 1
374884 3 -1
374900 9 1
374922 14 1
374978 1 1
375008 15 1
375018 5 1
375027 7 1
375045 2 1
375059 4 1
375083 17 1
375102 0 -1
375217 3 -1
375220 0 -1
375239 2 1
375309 12 -1
375309 18 1
375343 1 -1
375344 6 1
375357 0 1
375427 5 -1
375438 2 1
375490 1 -1
375502 13 1
375516 3 1
375583 7 1
375587 4 -1
375618 0 1
375651 1 -1
375653 8 1
375680 2 -1
375680 10 1
375766 3 1
375779 0 1
375835 5 -1
375897 4 -1
375900 2 1
375908 0 1
375909 7 -1
375997 3 1
376002 1 1
376041 0 1
376136 6 1
376147 8 -1
376155 0 -1
376163 2 -1
376179 1 -1
376260 0 1
376276 4 -1
376298 11 -1
376341 20 1
376341 22 1
376349 1 -1
376381 0 1
376470 9 -1
376475 5 -1
376491 3 1
376513 21 1
376623 4 1
376658 2 -1
376663 6 1
376663 0 1
376728 1 -1
376787 3 -1
376830 0 1
376865 7 -1
376883 2 1
376899 1 -1
376975 0 -1
376996 5 -1
377082 8 1
377090 2 1
377111 1 1
377115 10 1
377120 3 -1
377163 6 -1
377222 0 -1
377243 11 -1
377280 7 1
377297 9 1
377399 0 -1
377485 1 1
377502 16 -1
377526 2 -1
377544 15 -1
377550 0 1
377598 4 -1
377622 1 -1
377706 3 -1
377770 1 -1
377776 7 1
377789 2 -1
377802 14 1
377824 19 -1
377851 0 -1
377905 4 -1
377905 5 1
377923 3 1
377953 9 1
377985 0 -1
378012 2 1
378101 0 -1
378114 13 -1
378125 3 -1
378130 1 1
378130 10 1
378146 8 1
378168 6 -1
378275 4 1
378312 1 -1
378336 0 1
378372 5 -1
378431 2 -1
378447 11 -1
378464 0 1
378501 12 -1
378527 1 -1
378601 0 -1
378654 2 1
378723 1 1
378738 5 1
378813 3 -1
378840 6 -1
378852 1 -1
378864 7 -1
378875 0 1
378904 2 -1
378940 4 -1
379028 0 -1
379028 8 1
379053 1 -1
379092 3 1
379135 2 1
379143 0 1
379211 1 -1
379243 4 -1
379286 6 1
379342 3 1
379380 7 1
379388 2 1
379411 0 -1
379436 25 1
379473 1 -1
379538 0 -1
379555 9 -1
379576 5 1
379576 2 1
379581 4 1
379619 12 -1
379630 1 -1
379641 8 1
379650 7 1
379694 3 1
379694 10 1
379700 0 1
379811 1 1
379856 2 1
379888 6 1
379925 9 1
379952 11 1
379974 5 -1
379984 3 -1
380001 0 1
380038 15 -1
380095 8 1
380117 7 1
380138 0 -1
380138 10 1
380164 1 -1
380170 6 -1
380232 3 -1
380253 0 -1
380259 9 -1
380296 5 1
380323 1 -1
380334 2 1
380361 8 1
380371 0 1
380420 7 -1
380500 16 -1
380501 1 1
380503 0 1
380511 3 1
380516 4 -1
380543 2 1
380615 0 1
380710 6 -1
380715 8 -1
380774 7 1
380775 10 -1
380777 2 -1
380780 0 -1
380851 1 -1
380866 12 1
380876 11 1
380968 4 1
381005 3 1
381032 1 1
381040 7 1
381070 8 1
381114 0 -1
381134 6 -1
381204 2 1
381214 1 1
381237 0 -1
381242 20 1
381285 5 -1
381349 3 1
381377 1 1
381392 0 1
381419 7 1
381427 4 1
381457 2 -1
381500 6 -1
381522 9 1
381544 1 1
381586 8 -1
381591 3 1
381675 0 -1
381677 5 -1
381688 2 1
381718 1 -1
381726 4 1
381734 7 -1
381779 15 -1
381808 0 -1
381844 18 1
381871 6 -1
381891 1 -1
381930 11 1
381974 0 -1
382024 4 1
382080 5 1
382080 13 -1
382081 17 -1
382096 3 1
382137 7 -1
382139 2 1
382145 9 1
382177 10 -1
382228 0 -1
382263 8 1
382292 1 1
382319 3 -1
382334 4 1
382352 2 1
382362 0 -1
382446 6 1
382451 1 -1
382478 0 -1
382526 3 1
382553 14 1
382575 0 1
382575 2 -1
382633 1 1
382669 4 -1
382693 8 -1
382731 0 -1
382747 5 1
382757 16 1
382844 2 -1
382846 0 1
382854 9 1
382870 7 -1
382919 22 1
382927 10 -1
382961 1 1
382978 0 -1
383058 2 -1
383093 3 -1
383128 1 1
383187 5 1
383193 7 1
383248 0 -1
383298 2 1
383300 1 1
383316 3 -1
383317 12 1
383349 8 -1
383370 0 -1
383478 9 -1
383494 2 1
383499 0 -1
383535 4 -1
383564 15 -1
383585 6 1
383601 3 1
383604 7 1
383628 11 -1
383632 1 -1
383725 13 -1
383741 5 -1
383765 0 -1
383781 1 -1
383816 3 -1
383914 4 1
383920 1 1
383937 0 -1
383950 19 -1
383951 17 -1
383972 2 -1
384015 10 1
384036 3 1
384045 0 1
384079 6 -1
384080 1 1
384122 14 1
384123 8 -1
384187 12 -1
384192 5 1
384198 2 -1
384241 1 1
384281 4 -1
384311 3 -1
384348 0 -1
384386 2 -1
384391 9 -1
384438 1 1
384454 7 1
384488 11 1
384488 8 1
384511 0 -1
384600 1 1
384606 3 1
384617 6 1
384622 0 1
384730 0 -1
384757 7 -1
384767 18 1
384821 10 -1
384832 12 -1
384840 0 1
384899 2 1
384926 4 -1
384942 0 -1
384954 1 -1
384982 13 -1
385058 0 1
385074 3 -1
385107 1 -1
385111 7 1
385144 2 -1
385160 9 1
385208 5 1
385262 8 -1
385322 0 -1
385325 1 1
385329 4 1
385375 3 -1
385391 2 -1
385444 6 -1
385523 0 1
385541 15 1
385541 8 -1
385552 9 -1
385623 0 -1
385630 3 -1
385670 5 1
385708 1 -1
385748 7 -1
385780 4 1
385842 11 -1
385842 2 1
385857 1 1
385858 8 1
385893 0 1
385901 6 -1
385993 12 1
386042 1 -1
386057 21 1
386059 0 1
386067 7 1
386073 2 -1
386149 5 -1
386170 0 -1
386261 6 1
386315 3 -1
386318 2 1
386409 10 1
386458 1 1
386485 0 1
386530 14 -1
386565 3 -1
386573 2 -1
386578 4 -1
386613 1 1
386648 0 -1
386724 9 1
386769 2 -1
386772 7 -1
386772 1 1
386788 3 1
386810 8 -1
386831 0 1
386939 0 -1
386949 4 1
386966 2 -1
386982 17 -1
387014 12 -1
387025 6 1
387046 11 -1
387046 0 1
387068 5 -1
387099 1 1
387197 0 -1
387197 2 1
387218 8 -1
387260 4 1
387264 1 1
387274 3 1
387331 0 -1
387401 9 1
387469 1 1
387497 19 -1
387498 10 1
387514 3 1
387584 6 -1
387584 0 -1
387605 5 -1
387610 4 1
387632 2 -1
387696 0 1
387723 8 1
387745 3 -1
387756 7 1
387812 1 1
387868 0 1
387906 2 -1
387981 4 -1
387981 12 1
387982 13 1
388003 5 -1
388024 1 1
388099 6 1
388113 2 -1
388142 9 -1
388155 1 -1
388169 0 1
388271 16 1
388320 3 -1
388325 0 -1
388328 4 -1
388379 18 1
388392 7 1
388443 6 1
388492 0 -1
388505 1 1
388511 2 -1
388556 3 -1
388610 4 -1
388637 11 1
388637 14 -1
388650 1 1
388718 2 -1
388723 30 1
388728 0 1
388755 10 1
388804 1 1
388820 7 1
388854 3 1
388857 0 1
388884 8 1
388895 5 -1
388927 2 -1
388949 6 -1
388970 0 1
388981 23 1
389115 0 -1
389195 1 -1
389196 12 -1
389263 0 1
389303 4 1
389309 6 -1
389330 3 -1
389360 2 1
389365 0 -1
389372 1 1
389416 5 1
389497 17 -1
389502 0 -1
389539 1 1
389542 3 1
389561 13 1
389561 2 1
389604 8 -1
389634 4 1
389658 7 1
389680 1 1
389771 2 1
389838 0 -1
389841 5 1
389862 3 1
389868 6 1
389872 1 -1
389884 11 -1
389904 7 1
389954 0 -1
389996 4 -1
390005 2 -1
390034 8 -1
390041 1 -1
390077 9 -1
390107 0 1
390142 15 -1
390230 1 1
390255 2 -1
390287 7 -1
390378 5 1
390381 0 -1
390400 22 -1
390445 2 -1
390464 3 1
390498 0 -1
390631 0 -1
390644 1 -1
390650 2 -1
390663 9 -1
390722 6 1
390786 11 -1
390789 3 1
390819 1 1
390851 10 1
390855 4 -1
390878 5 -1
390945 0 -1
390996 1 1
391069 0 -1
391088 2 1
391120 3 1
391163 6 -1
391174 4 -1
391174 0 1
391190 8 -1
391217 9 -1
391238 13 -1
391260 14 -1
391270 5 -1
391346 0 -1
391351 2 -1
391371 7 -1
391387 1 -1
391481 0 -1
391532 4 1
391544 8 1
391552 2 -1
391563 1 -1
391566 3 -1
391610 0 -1
391679 6 1
391692 5 -1
391719 0 -1
391770 1 1
391794 7 1
391818 21 -1
391819 10 1
391840 3 -1
391931 2 1
391939 0 1
392034 8 1
392071 3 -1
392099 0 -1
392125 4 -1
392141 1 -1
392160 2 -1
392216 12 -1
392238 7 1
392254 0 1
392310 1 -1
392318 3 -1
392359 2 -1
392447 4 -1
392480 1 1
392555 5 1
392582 3 -1
392600 0 1
392603 9 1
392614 11 -1
392665 1 -1
392689 10 -1
392721 14 1
392722 16 1
392767 0 1
392786 4 1
392791 2 1
392840 3 -1
392846 1 1
392872 6 1
392911 0 -1
392979 17 1
392990 5 1
393022 24 -1
393024 1 -1
393044 2 1
393055 8 1
393060 4 -1
393076 3 -1
393227 0 -1
393237 15 -1
393237 1 1
393256 2 1
393280 9 -1
393312 5 -1
393366 0 1
393374 4 -1
393407 7 -1
393479 0 -1
393495 6 1
393501 2 -1
393528 8 1
393560 19 1
393589 0 1
393618 1 -1
393624 11 -1
393640 3 -1
393656 4 1
393708 0 1
393737 2 1
393788 1 -1
393842 0 1
393882 25 -1
393920 3 1
393925 12 1
393963 1 1
393968 2 -1
394033 0 1
394043 8 1
394051 4 -1
394092 7 -1
394151 6 1
394178 2 -1
394226 5 -1
394258 3 1
394277 0 -1
394312 1 -1
394398 20 1
394400 0 -1
394475 1 -1
394522 0 -1
394600 1 -1
394640 5 -1
394659 2 1
394712 4 1
394742 9 1
394781 0 -1
394785 11 1
394801 7 -1
394882 13 1
394882 2 -1
394903 3 -1
394933 0 1
394942 1 1
394979 10 -1
395094 0 -1
395113 5 1
395113 6 1
395116 4 -1
395118 2 1
395120 1 -1
395167 3 -1
395258 14 1
395258 9 -1
395287 1 -1
395341 7 1
395349 8 1
395384 0 -1
395430 18 -1
395442 1 -1
395462 3 1
395494 4 1
395500 0 1
395546 2 -1
395609 1 -1
395613 6 -1
395664 0 1
395688 7 -1
395715 8 -1
395747 2 -1
395817 10 -1
395849 1 -1
395860 9 -1
395906 3 -1
395935 5 1
395946 28 -1
395946 15 1
395946 29 -1
395946 0 -1
396013 2 -1
396051 1 -1
396088 0 1
396123 3 1
396143 7 1
396147 4 1
396150 6 1
396193 8 1
396252 5 -1
396258 9 1
396268 0 1
396381 1 -1
396408 2 -1
396422 7 1
396462 26 1
396478 10 1
396516 8 -1
396569 6 1
396591 3 1
396607 1 -1
396628 0 -1
396634 12 1
396639 5 1
396645 2 1
396752 13 1
396760 0 1
396784 1 1
396788 4 -1
396811 3 -1
396838 11 -1
396843 2 1
396927 0 -1
397074 3 -1
397101 1 1
397127 4 -1
397150 5 -1
397150 9 -1
397167 0 -1
397171 8 -1
397225 6 1
397296 1 -1
397306 2 1
397322 27 1
397330 0 1
397365 3 1
397429 7 1
397448 0 1
397494 10 1
397498 1 -1
397529 2 -1
397537 11 1
397537 5 -1
397580 3 -1
397682 0 -1
397752 2 -1
397800 7 -1
397838 6 1
397838 0 -1
397861 1 1
397869 4 -1
397881 16 -1
397959 0 -1
397972 8 1
398036 3 1
398037 0 1
398044 1 -1
398077 5 -1
398187 6 1
398195 2 1
398199 1 1
398222 0 -1
398223 4 1
398230 3 -1
398364 8 -1
398368 1 1
398402 0 -1
398445 4 1
398445 2 -1
398493 3 -1
398507 0 1
398522 1 1
398526 5 -1
398542 7 -1
398590 11 1
398638 2 -1
398673 1 -1
398800 4 -1
398805 0 1
398810 1 1
398816 10 1
398848 17 1
398902 9 -1
398939 3 1
398945 13 -1
398977 0 1
399081 0 -1
399097 2 -1
399114 1 -1
399170 23 -1
399192 3 1
399213 6 1
399214 8 1
399223 4 -1
399267 12 1
399289 1 1
399305 0 -1
399324 2 1
399375 5 -1
399445 9 -1
399447 0 1
399485 1 -1
399493 3 -1
399501 7 1
399501 10 -1
399557 20 -1
399574 0 1
399579 2 -1
399590 6 -1
399598 4 1
399670 8 -1
399779 1 1
399864 0 1
399880 7 -1
399955 9 -1
399960 4 1
399971 1 -1
399998 2 -1
400004 0 -1
400030 12 -1
400041 6 1
400052 8 1
400073 18 1
400084 11 -1
400084 3 -1
400110 1 1
400122 0 1
400138 5 1
400235 2 1
400278 0 -1
400331 10 1
400417 3 -1
400455 2 -1
400460 0 -1
400461 1 1
400533 7 1
400549 4 -1
400597 1 -1
400611 5 -1
400654 0 1
400665 2 -1
400670 3 -1
400675 14 1
400763 0 -1
400775 1 1
400847 2 -1
400851 4 -1
400928 3 -1
400944 1 -1
400965 11 -1
401008 6 1
401057 0 -1
401086 2 1
401101 1 -1
401164 0 1
401170 12 1
401223 3 1
401234 19 -1
401256 8 -1
401275 1 -1
401311 0 -1
401326 2 -1
401379 13 1
401403 4 1
401428 5 1
401433 6 -1
401468 1 1
401514 9 1
401546 3 1
401557 11 -1
401606 0 -1
401707 0 1
401750 7 1
401766 2 1
401782 10 -1
401831 0 1
401831 1 1
401863 3 1
401863 6 1
401901 8 1
401938 5 -1
401965 15 -1
401965 21 1
401988 1 1
401992 2 -1
402129 0 -1
402129 1 -1
402169 9 1
402180 2 1
402202 4 -1
402223 14 1
402258 0 -1
402306 7 1
402363 5 -1
402395 8 1
402414 0 1
402427 1 1
402513 3 -1
402578 0 1
402607 1 -1
402615 2 -1
402653 10 1
402657 4 1
402676 0 -1
402685 13 1
402778 1 1
402782 7 1
402828 0 1
402841 2 1
402879 3 -1
402911 9 1
402932 6 -1
402943 16 1
402959 4 -1
402965 0 1
403072 2 1
403126 11 -1
403131 1 1
403145 7 1
403169 12 -1
403180 3 1
403255 5 1
403286 1 1
403299 0 1
403363 17 1
403405 0 -1
403416 8 1
403427 6 -1
403455 1 1
403516 0 1
403540 2 1
403624 1 1
403629 7 1
403661 4 1
403663 5 1
403688 3 1
403747 0 -1
403782 10 1
403792 2 1
403820 1 -1
403864 0 -1
403943 6 -1
403975 3 -1
404007 4 -1
404008 8 1
404011 1 1
404021 0 1
404072 2 1
404161 1 -1
404185 7 1
404244 5 -1
404244 14 1
404290 0 -1
404298 3 1
404314 2 -1
404335 9 -1
404406 0 -1
404416 11 -1
404426 4 -1
404470 6 -1
404499 1 1
404550 0 -1
404556 8 -1
404588 13 -1
404601 2 -1
404652 7 1
404652 1 1
404717 15 1
404744 3 -1
404762 0 -1
404765 4 -1
404824 12 1
404846 16 1
404846 2 1
404847 1 1
404897 0 -1
404969 3 1
405004 0 1
405007 6 1
405045 2 1
405082 9 1
405120 4 1
405120 5 -1
405148 0 -1
405152 1 -1
405238 3 1
405297 1 -1
405383 8 1
405415 6 1
405430 4 1
405454 1 -1
405458 5 1
405466 0 1
405491 2 1
405496 3 1
405578 0 -1
405684 2 1
405738 0 -1
405754 3 1
405759 11 1
405773 4 1
405813 6 -1
405821 1 1
405835 9 -1
405888 2 1
405926 7 1
405960 1 1
405964 3 -1
405996 5 1
406012 0 -1
406117 0 1
406146 1 -1
406222 3 -1
406265 8 1
406265 18 -1
406273 0 -1
406318 12 -1
406321 1 -1
406343 2 1
406394 9 1
406458 4 -1
406498 1 -1
406523 7 -1
406523 10 1
406544 2 1
406603 0 1
406654 1 1
406735 0 -1
406762 2 1
406780 6 -1
406793 1 -1
406797 5 1
406821 4 1
406840 0 1
406914 7 -1
406952 3 1
406953 31 1
406996 0 -1
407082 9 1
407107 1 -1
407114 8 1
407141 2 -1
407151 4 1
407168 0 -1
407200 5 1
407232 6 1
407253 11 -1
407266 1 -1
407296 19 1
407297 3 1
407297 20 1
407307 0 -1
407364 2 1
407415 0 -1
407458 1 1
407579 10 -1
407581 3 -1
407581 2 1
407651 5 -1
407694 6 1
407702 0 -1
407732 7 -1
407807 0 1
407807 2 -1
407816 1 1
407836 4 -1
407931 0 1
407992 1 1
408014 2 -1
408017 8 1
408049 9 1
408113 3 1
408135 16 1
408161 1 1
408226 2 -1
408248 4 1
408312 0 -1
408323 3 -1
408344 7 -1
408439 0 -1
408457 2 1
408508 1 -1
408554 10 -1
408578 4 1
408581 0 -1
408619 3 1
408721 1 -1
408731 7 -1
408758 6 -1
408791 9 -1
408823 5 1
408873 0 -1
408898 2 -1
408905 1 1
409038 0 -1
409059 12 -1
409124 3 1
409145 6 -1
409145 15 1
409148 0 1
409178 8 -1
409191 1 1
409210 5 1
409226 2 -1
409274 0 1
409360 3 -1
409372 1 -1
409379 0 -1
409430 2 -1
409473 4 1
409508 0 -1
409558 1 1
409575 3 1
409620 0 1
409672 8 1
409677 5 1
409731 6 -1
409739 7 -1
409747 23 -1
409844 3 1
409860 0 -1
409864 4 -1
409933 1 1
409941 2 -1
409962 11 1
409970 0 1
410072 3 1
410094 1 1
410110 0 -1
410113 9 -1
410188 8 1
410207 4 1
410215 2 -1
410275 1 -1
410392 3 -1
410392 0 1
410430 2 1
410513 7 -1
410559 0 -1
410564 24 -1
410575 5 -1
410586 12 1
410650 1 1
410666 0 -1
410704 3 1
410747 6 -1
410828 1 1
410833 2 1
410908 5 1
410916 4 1
410965 0 -1
410994 9 -1
411021 1 -1
411037 13 1
411053 2 -1
411083 0 -1
411118 7 -1
411166 14 1
411171 6 -1
411214 3 -1
411236 0 1
411252 21 1
411257 2 -1
411271 4 -1
411316 5 1
411359 11 -1
411381 0 -1
411424 10 -1
411448 1 1
411448 2 -1
411505 3 1
411553 0 -1
411601 4 -1
411618 1 1
411618 8 -1
411677 2 1
411679 0 -1
411698 6 1
411725 5 1
411779 3 1
411795 0 -1
411813 1 -1
411827 7 1
411905 2 -1
411948 1 1
411962 9 -1
412112 12 -1
412117 2 -1
412120 0 1
412154 1 1
412176 6 1
412198 5 -1
412249 0 1
412323 1 1
412335 4 -1
412364 3 1
412370 8 -1
412391 7 1
412418 0 1
412500 1 -1
412520 17 1
412553 2 1
412606 6 -1
412622 3 1
412628 11 1
412703 5 -1
412738 4 -1
412743 0 -1
412800 2 -1
412835 1 1
412862 0 -1
412864 3 1
412915 7 1
412993 8 1
412996 1 1
413018 0 1
413028 4 -1
413052 10 1
413063 2 1
413133 6 1
413133 13 1
413144 5 -1
413157 1 1
413253 0 -1
413297 3 -1
413375 0 -1
413490 3 1
413504 2 -1
413509 9 -1
413544 0 -1
413552 7 1
413552 1 -1
413584 6 -1
413660 14 -1
413677 4 -1
413703 2 -1
413718 1 -1
413746 3 1
413856 0 1
413899 1 1
413907 16 -1
413961 2 -1
413963 0 -1
414052 3 -1
414068 5 1
414068 10 1
414084 4 1
414133 0 -1
414219 9 -1
414232 1 -1
414350 3 1
414356 1 1
414369 8 1
414391 4 1
414401 6 -1
414466 2 1
414487 5 -1
414504 0 1
414528 1 1
414568 3 1
414625 7 1
414638 0 1
414669 1 1
414729 2 1
414751 0 -1
414788 6 1
414810 1 -1
414823 3 1
414901 5 -1
414966 2 -1
414967 1 -1
414995 0 -1
415048 4 -1
415057 8 1
415116 7 -1
415149 1 1
415167 0 -1
415186 9 -1
415202 2 1
415283 6 1
415294 18 1
415321 0 1
415339 3 1
415404 2 1
415407 10 -1
415422 11 -1
415427 4 1
415499 1 -1
415541 3 -1
415578 0 1
415600 2 1
415677 1 1
415681 7 1
415713 0 -1
415781 4 -1
415810 12 1
415820 3 1
415820 0 1
415831 8 1
415853 2 1
415882 1 -1
415933 0 1
415938 5 -1
416068 14 1
416092 0 -1
416172 4 1
416205 1 -1
416218 6 1
416245 0 1
416261 13 -1
416285 3 -1
416309 2 1
416360 1 -1
416385 5 1
416386 0 -1
416492 3 1
416503 4 1
416519 2 1
416529 1 -1
416605 6 -1
416696 0 -1
416745 2 -1
416745 10 -1
416772 3 1
416798 5 1
416833 4 -1
416836 0 -1
416870 1 1
416928 8 1
416949 0 -1
416954 7 1
417055 1 -1
417156 4 -1
417169 0 1
417175 2 1
417185 6 1
417228 3 -1
417236 1 1
417269 0 -1
417271 11 1
417418 1 1
417422 2 1
417425 0 1
417438 3 -1
417443 12 1
417486 20 -1
417572 9 -1
417599 1 -1
417629 3 1
417650 2 -1
417712 7 -1
417723 0 1
417766 5 -1
417779 1 -1
417798 8 -1
417841 3 -1
417868 0 -1
417893 4 -1
417976 0 1
417986 1 1
418035 13 -1
418051 3 -1
418078 0 -1
418099 10 1
418104 2 -1
418206 5 1
418276 0 -1
418284 4 -1
418292 3 -1
418352 2 1
418357 1 1
418411 0 -1
418454 9 -1
418475 15 1
418504 1 1
418524 6 1
418526 0 -1
418534 7 -1
418577 2 -1
418635 4 -1
418647 22 -1
418658 5 1
418688 1 1
418712 3 1
418782 2 -1
418825 0 -1
418905 12 -1
418970 2 -1
418989 0 -1
419071 1 1
419077 6 1
419077 9 -1
419147 0 1
419198 2 1
419217 8 -1
419240 1 1
419292 11 -1
419296 4 1
419314 3 1
419324 5 -1
419397 1 1
419421 10 1
419437 2 -1
419486 0 1
419562 4 -1
419607 7 -1
419631 3 1
419647 0 -1
419658 6 -1
419728 1 1
419808 5 1
419815 0 -1
419851 2 -1
419905 1 1
419937 18 1
419941 4 1
420018 3 -1
420055 0 -1
420078 1 -1
420120 2 -1
420131 13 1
420217 9 -1
420223 1 1
420238 0 -1
420276 7 1
420292 5 1
420362 2 1
420410 0 -1
420410 8 1
420421 1 -1
420518 17 -1
420566 0 1
420585 3 1
420622 1 1
420657 5 -1
420657 6 1
420687 4 1
420738 0 1
420819 2 1
420820 1 -1
420851 0 -1
420867 3 -1
420970 0 -1
420973 4 1
420977 7 -1
421015 2 1
421060 3 1
421125 6 1
421167 1 1
421297 2 1
421310 0 -1
421312 1 -1
421332 4 -1
421356 15 -1
421479 1 -1
421493 0 -1
421507 9 -1
421592 5 -1
421625 3 -1
421625 0 -1
421630 7 -1
421650 4 -1
421781 2 -1
421813 6 1
421836 1 -1
421904 10 -1
421980 0 -1
421993 2 -1
422001 3 1
422005 4 1
422022 5 1
422053 1 -1
422090 0 1
422221 3 -1
422232 2 1
422246 0 -1
422255 1 1
422323 7 1
422356 8 -1
422380 4 -1
422452 2 -1
422453 9 -1
422525 0 1
422528 5 1
422603 6 1
422638 1 1
422659 0 1
422689 2 1
422702 4 -1
422737 3 -1
422767 0 -1
422796 11 -1
422809 1 1
422904 13 -1
422909 2 -1
422936 7 1
422947 6 1
422947 14 -1
422995 1 -1
423001 3 -1
423041 0 1
423143 2 1
423154 1 -1
423194 10 -1
423208 0 1
423269 3 -1
423328 0 1
423331 1 -1
423334 8 1
423371 4 1
423431 9 -1
423441 5 1
423463 12 -1
423521 1 1
423595 2 1
423619 6 1
423629 7 -1
423654 4 -1
423659 0 -1
423688 1 1
423807 26 1
423828 3 -1
423839 5 1
423844 0 -1
423845 2 -1
423975 0 1
424016 4 1
424065 19 -1
424068 2 1
424069 1 1
424092 3 -1
424250 1 -1
424277 0 1
424344 5 1
424344 8 1
424382 3 -1
424411 1 -1
424487 2 -1
424489 0 -1
424605 0 1
424715 2 1
424734 4 1
424742 10 1
424753 11 1
424774 6 -1
424794 1 1
424839 28 1
424899 0 -1
424917 2 1
424919 7 1
424927 1 -1
425011 3 1
425035 0 -1
425081 4 -1
425109 1 1
425134 0 1
425226 12 -1
425274 3 1
425296 0 1
425312 9 -1
425322 6 1
425344 5 -1
425403 2 -1
425408 0 -1
425435 4 1
425468 1 1
425548 0 1
425613 2 -1
425615 3 1
425629 7 -1
425657 1 -1
425718 0 1
425774 6 1
425790 5 1
425830 1 -1
425833 2 1
425997 0 1
426020 1 1
426043 15 1
426043 18 -1
426068 4 1
426126 0 1
426150 8 1
426161 3 -1
426177 7 -1
426201 1 -1
426204 5 1
426244 0 -1
426258 9 -1
426311 2 -1
426357 3 1
426395 1 1
426472 11 -1
426499 0 -1
426507 4 1
426516 13 -1
426556 1 1
426558 3 -1
426561 2 -1
426626 0 -1
426671 5 -1
426731 0 1
426787 2 1
426806 6 1
426814 1 1
426838 12 1
426870 3 -1
426886 4 -1
426945 14 -1
426999 1 1
427013 0 -1
427075 8 -1
427166 5 -1
427174 3 1
427185 4 -1
427193 1 1
427220 0 1
427246 6 1
427289 16 -1
427290 2 -1
427351 0 1
427354 9 1
427397 3 1
427457 0 -1
427483 17 1
427510 2 1
427531 1 -1
427551 4 1
427590 3 -1
427591 30 1
427620 0 1
427644 5 1
427743 1 -1
427752 2 -1
427757 7 -1
427769 0 -1
427805 6 -1
427875 0 -1
427922 1 -1
427934 4 -1
427999 10 -1
428010 3 1
428074 8 -1
428106 5 -1
428163 0 1
428195 2 1
428198 6 1
428269 1 1
428284 0 1
428289 3 1
428313 4 1
428407 0 1
428424 2 -1
428430 1 1
428579 20 -1
428596 7 1
428616 1 -1
428633 3 1
428641 0 1
428655 2 1
428676 6 1
428790 0 -1
428793 1 -1
428914 0 -1
428966 21 -1
428974 1 1
429083 4 1
429122 5 -1
429128 2 -1
429141 0 -1
429160 1 -1
429224 9 1
429225 10 -1
429246 3 1
429246 6 1
429278 0 -1
429297 7 -1
429324 2 -1
429345 1 1
429385 4 -1
429388 0 1
429474 3 1
429504 11 -1
429552 5 -1
429558 0 1
429558 2 1
429654 24 -1
429670 0 -1
429686 1 1
429689 3 1
429692 4 -1
429740 15 1
429783 2 -1
429829 0 1
429873 1 -1
429880 6 1
429923 8 -1
429953 0 1
430009 5 1
430022 2 1
430059 1 1
430079 3 1
430245 0 -1
430251 2 -1
430278 3 -1
430377 4 1
430412 0 -1
430413 1 -1
430428 9 -1
430485 2 1
430562 3 1
430573 1 -1
430595 0 -1
430627 7 1
430683 4 1
430772 1 1
430843 0 -1
430869 10 -1
430885 2 1
430901 3 1
430912 8 -1
430944 6 -1
430950 0 1
430998 5 -1
431082 4 1
431095 3 -1
431095 0 -1
431116 11 -1
431123 1 -1
431138 2 -1
431202 14 -1
431256 7 1
431293 3 1
431312 1 1
431323 0 1
431358 2 1
431390 5 -1
431396 6 1
431449 0 1
431494 1 -1
431524 3 1
431546 9 1
431616 0 1
431699 4 -1
431718 27 -1
431718 12 -1
431740 8 -1
431809 5 -1
431836 1 -1
431842 2 -1
431909 7 1
431960 0 1
432014 4 -1
432022 1 1
432043 2 -1
432051 6 1
432128 0 1
432143 3 1
432191 1 1
432258 0 1
432277 15 1
432290 2 -1
432312 4 -1
432320 13 -1
432341 3 -1
432522 7 1
432578 1 1
432581 0 -1
432632 3 1
432663 4 1
432699 0 -1
432707 16 1
432718 5 -1
432745 2 -1
432767 1 -1
432809 0 -1
432857 6 1
432858 8 1
432900 11 1
432941 1 -1
432976 2 1
433033 4 -1
433124 0 1
433164 5 1
433196 3 -1
433212 2 -1
433250 0 1
433273 1 1
433295 7 1
433398 0 -1
433408 4 1
433433 2 1
433459 6 -1
433469 1 -1
433481 9 -1
433492 3 1
433626 10 -1
433638 1 -1
433653 5 -1
433653 0 -1
433685 2 1
433763 3 1
433779 4 -1
433787 0 -1
433825 8 -1
433879 6 1
433900 2 -1
433908 7 1
433954 0 -1
434025 1 1
434083 12 1
434086 0 -1
434104 2 -1
434174 5 -1
434201 3 -1
434202 1 1
434268 0 -1
434360 1 1
434408 4 -1
434439 0 -1
434475 3 -1
434561 2 -1
434563 1 1
434591 0 1
434610 7 -1
434620 5 1
434701 3 1
434728 9 -1
434738 6 1
434746 4 -1
434747 1 -1
434782 8 -1
434806 2 -1
434859 0 1
434920 1 -1
434991 3 -1
435029 5 1
435029 2 -1
435040 0 1
435061 10 1
435111 1 1
435158 19 1
435158 4 -1
435170 0 1
435287 3 1
435314 6 -1
435424 1 -1
435467 0 1
435502 5 -1
435502 12 -1
435523 2 1
435545 13 -1
435561 3 1
435598 0 1
435617 1 1
435695 8 1
435703 0 1
435754 2 -1
435764 1 1
435790 4 -1
435835 6 -1
435851 3 -1
435899 9 1
435953 2 -1
435977 0 -1
436125 7 -1
436133 4 1
436148 0 -1
436149 1 1
436190 11 1
436190 22 -1
436286 6 1
436286 0 -1
436319 1 1
436421 2 -1
436453 0 -1
436491 3 1
436496 5 -1
436504 1 -1
436512 10 -1
436536 4 1
436582 0 -1
436641 2 1
436684 6 -1
436708 0 -1
436792 15 -1
436834 3 1
436840 2 1
436859 1 1
436872 0 -1
436899 5 -1
436899 9 1
436931 7 1
436986 1 -1
437106 2 1
437117 4 1
437146 0 1
437152 3 -1
437157 12 1
437169 1 -1
437238 6 1
437251 0 -1
437321 2 -1
437346 1 1
437350 0 1
437361 5 1
437415 8 -1
437504 1 1
437544 4 1
437557 2 1
437576 7 -1
437657 3 -1
437662 0 1
437677 1 1
437694 11 1
437738 10 -1
437748 6 1
437786 2 -1
437821 0 -1
437882 3 1
437883 1 1
437903 4 -1
437909 21 1
437977 0 1
438216 0 1
438232 3 1
438241 1 -1
438278 4 1
438291 2 1
438339 0 1
438361 8 1
438388 5 1
438404 9 -1
438447 1 1
438455 0 1
438533 2 -1
438568 0 -1
438592 4 1
438608 1 1
438683 6 1
438697 0 -1
438753 2 1
438769 14 1
438770 16 -1
438812 3 1
438855 0 1
438874 7 -1
438877 5 -1
438906 4 1
438966 0 -1
439023 1 -1
439033 3 -1
439033 6 1
439156 10 1
439168 0 -1
439199 12 -1
439205 1 1
439232 2 -1
439258 3 1
439264 8 -1
439269 4 -1
439301 0 -1
439317 13 -1
439334 5 1
439394 1 -1
439414 0 -1
439425 9 -1
439452 2 1
439457 11 -1
439519 7 -1
439543 6 1
439543 17 1
439549 3 -1
439678 2 -1
439688 0 1
439773 1 -1
439809 0 1
439855 3 1
439934 1 -1
439970 4 1
439984 0 1
440134 1 -1
440140 2 -1
440183 3 1
440188 7 -1
440272 0 -1
440285 5 -1
440293 4 1
440323 1 1
440376 3 -1
440387 2 -1
440419 0 1
440425 9 -1
440511 1 -1
440543 10 -1
440591 2 -1
440618 0 -1
440644 4 -1
440650 6 1
440716 1 -1
440758 5 1
440793 3 1
440797 0 -1
440833 15 -1
440867 1 -1
440903 0 1
440919 8 1
441005 3 1
441040 2 -1
441078 0 1
441209 3 -1
441210 6 -1
441228 0 1
441236 1 1
441242 5 -1
441295 2 -1
441438 1 -1
441450 4 1
441462 0 1
441545 2 1
441551 7 1
441599 0 1
441603 1 1
441607 3 -1
441725 5 -1
441736 12 -1
441736 0 -1
441744 4 1
441817 3 -1
441865 6 -1
441865 25 1
441905 1 -1
441951 8 1
441974 0 -1
441994 20 -1
442010 3 1
442018 2 1
442079 1 -1
442080 0 1
442099 7 -1
442143 4 -1
442198 5 1
442220 10 -1
442239 0 -1
442247 2 -1
442294 1 -1
442419 3 -1
442494 2 -1
442532 0 1
442630 0 -1
442634 3 1
442643 1 1
442714 5 1
442725 6 1
442725 14 -1
442736 0 -1
442827 0 -1
442861 1 1
442865 7 1
442875 3 1
442929 4 1
442959 0 -1
442961 2 -1
443004 8 1
443018 1 1
443088 0 -1
443106 3 -1
443107 6 -1
443182 2 1
443199 1 -1
443209 5 -1
443219 9 1
443268 0 -1
443300 4 -1
443381 1 -1
443413 3 1
443440 2 1
443456 11 1
443485 7 1
443516 0 -1
443520 12 -1
443536 1 1
443635 0 -1
443659 4 1
443660 6 1
443715 1 1
443741 0 1
443757 3 1
443902 2 1
443993 4 1
444004 0 -1
444036 3 1
444062 1 -1
444085 5 -1
444090 6 -1
444147 2 1
444163 7 -1
444187 23 -1
444190 0 1
444255 1 1
444308 0 1
444364 4 -1
444375 2 -1
444402 9 -1
444431 1 -1
444477 6 1
444563 5 1
444603 0 1
444609 2 1
444638 3 1
444703 13 1
444719 4 1
444748 0 -1
444783 1 1
444800 7 -1
444832 8 1
444834 2 -1
444859 3 -1
444937 0 1
444961 19 1
444961 17 1
445001 1 1
445025 5 -1
445033 0 -1
445057 6 -1
445063 2 1
445068 11 -1
445084 3 1
445090 10 1
445126 4 1
445133 0 1
445172 1 1
445297 0 1
445305 9 -1
445318 2 1
445412 0 -1
445477 18 1
445543 1 1
445573 3 -1
445590 7 -1
445649 8 1
445737 1 -1
445756 6 -1
445772 0 -1
445778 2 1
445807 4 -1
445874 3 1
445882 0 1
445912 5 -1
445916 1 -1
445990 0 -1
446003 2 -1
446114 1 -1
446138 4 -1
446208 14 1
446218 3 1
446229 2 1
446234 0 -1
446307 1 1
446354 0 -1
446358 12 1
446369 5 1
446460 4 -1
446460 0 1
446476 10 -1
446487 8 -1
446496 1 -1
446654 2 -1
446672 1 1
446748 0 1
446772 3 -1
446853 5 -1
446863 2 -1
446869 6 1
446871 0 1
446895 11 1
446944 7 -1
446974 0 -1
447029 1 -1
447067 3 1
447084 2 1
447093 4 1
447096 0 -1
447204 1 1
447219 0 -1
447326 0 -1
447342 3 1
447383 1 1
447390 6 1
447411 15 1
447422 8 1
447468 4 -1
447468 0 -1
447557 2 -1
447575 3 1
447670 9 -1
447686 7 1
447750 1 1
447758 0 1
447766 13 1
447793 2 1
447831 5 1
447855 4 1
447863 3 1
447911 6 1
447922 0 -1
447968 1 1
447976 10 1
448038 2 1
448073 0 1
448163 1 -1
448207 3 1
448266 2 -1
448282 5 -1
448304 0 -1
448325 8 -1
448427 0 -1
448486 9 1
448497 2 1
448535 0 1
448550 1 1
448551 3 1
448572 29 1
448580 7 1
448669 4 -1
448693 1 -1
448701 12 1
448728 2 -1
448777 5 -1
448830 16 1
448838 0 1
448891 1 -1
448941 0 -1
448954 2 1
449024 4 1
449056 1 -1
449067 0 -1
449217 5 -1
449239 3 1
449242 1 1
449260 6 1
449260 8 1
449338 4 1
449376 0 -1
449400 2 1
449435 1 -1
449491 3 -1
449532 0 1
449612 1 1
449626 2 -1
449650 0 -1
449685 3 1
449696 5 -1
449705 4 -1
449782 7 1
449819 9 1
449862 11 -1
449876 2 -1
449884 6 1
449908 0 -1
449967 1 -1
450048 4 1
450079 0 -1
450093 3 -1
450120 13 1
450136 1 -1
450152 5 1
450187 0 1
450271 6 -1
450271 8 1
450287 3 1
450298 2 1
450338 1 -1
450378 4 1
450427 7 1
450427 0 -1
450518 3 1
450523 2 -1
450572 10 -1
450599 5 -1
450599 0 -1
450697 1 1
450730 0 -1
450733 4 -1
450754 2 1
450808 12 -1
450906 1 1
450908 3 1
451042 0 -1
451066 15 1
451072 7 1
451106 1 -1
451131 3 1
451158 0 -1
451230 2 -1
451257 0 1
451260 6 -1
451324 3 -1
451346 4 -1
451410 0 -1
451434 1 -1
451507 2 -1
451515 0 1
451523 3 1
451608 1 -1
451612 0 -1
451625 11 1
451652 5 -1
451725 2 1
451733 4 1
451743 3 1
451773 0 1
451801 1 -1
451840 6 1
451840 21 1
451948 2 -1
451983 1 -1
452012 3 1
452034 0 1
452050 5 -1
452156 1 1
452163 9 1
452168 2 1
452179 0 -1
452184 22 1
452184 8 1
452184 10 -1
452200 4 -1
452329 0 1
452349 1 -1
452356 3 1
452386 7 -1
452391 2 -1
452394 6 -1
452517 5 1
452519 1 -1
452587 0 1
452598 2 -1
452700 26 -1
452722 0 -1
452865 1 1
452872 6 -1
452875 0 1
452920 3 -1
452926 4 -1
453071 2 1
453099 1 1
453119 7 1
453135 3 1
453160 0 -1
453276 0 -1
453302 9 1
453305 1 1
453313 6 1
453326 2 1
453334 8 -1
453353 4 -1
453399 0 -1
453409 11 -1
453431 5 1
453474 10 -1
453485 3 1
453506 0 1
453538 2 1
453624 0 1
453639 1 1
453732 20 -1
453740 4 1
453748 0 1
453825 1 -1
453845 5 1
453853 0 1
453869 7 1
453963 3 -1
454000 1 1
454011 6 1
454014 2 -1
454087 9 -1
454154 0 -1
454189 3 1
454243 2 1
454269 8 1
454280 0 -1
454291 5 -1
454363 1 -1
454431 3 1
454433 0 -1
454463 15 1
454482 4 1
454498 2 1
454534 1 -1
454538 7 1
454570 6 1
454613 12 -1
454656 0 1
454720 1 1
454764 16 1
454764 18 -1
454785 0 1
454800 4 1
454944 0 -1
454952 2 1
454963 3 1
455058 1 -1
455086 13 1
455106 4 1
455151 14 -1
455156 5 1
455175 2 -1
455219 1 -1
455231 3 -1
455272 0 1
455301 11 1
455320 7 -1
455409 2 1
455419 1 1
455430 0 -1
455555 0 -1
455575 3 -1
455613 5 -1
455645 6 -1
455668 0 -1
455766 0 1
455788 1 -1
455836 4 1
455863 2 1
455901 0 1
455909 7 -1
455965 1 1
455968 8 -1
455989 10 -1
456038 0 -1
456075 5 1
456091 2 -1
456113 3 -1
456134 1 -1
456183 17 -1
456203 4 -1
456269 6 1
456312 0 -1
456312 9 -1
456333 2 1
456376 3 -1
456433 0 -1
456489 1 1
456497 4 -1
456548 5 -1
456591 0 1
456613 12 -1
456646 1 1
456650 3 -1
456699 7 1
456806 6 -1
456809 2 -1
456832 1 -1
456871 8 1
456879 0 -1
456957 5 -1
457005 0 -1
457035 2 1
457042 11 -1
457104 0 1
457118 3 1
457215 10 -1
457223 4 -1
457241 1 1
457274 2 -1
457300 3 1
457365 9 -1
457397 0 1
457400 1 -1
457451 5 -1
457532 0 1
457590 1 1
457593 4 1
457635 0 -1
457655 3 1
457693 2 1
457741 0 1
457795 1 1
457806 6 -1
457876 0 -1
457892 5 1
457924 13 -1
457935 2 -1
457960 4 -1
457967 8 1
457972 0 1
458001 1 -1
458021 7 -1
458077 0 -1
458134 2 -1
458186 1 1
458198 3 1
458289 14 -1
458295 10 -1
458354 0 1
458381 6 1
458397 9 1
458400 1 1
458440 3 1
458478 0 1
458590 0 1
458601 2 1
458682 7 -1
458687 3 1
458714 4 -1
458758 1 -1
458805 12 1
458816 5 1
458840 2 -1
458913 0 1
458940 1 1
458977 6 -1
459045 4 1
459047 0 1
459066 2 1
459077 3 1
459106 11 -1
459129 1 -1
459206 0 -1
459289 2 -1
459300 3 1
459311 5 1
459367 4 1
459469 0 1
459504 7 -1
459515 2 1
459516 1 -1
459566 0 -1
459579 3 1
459601 10 -1
459688 0 -1
459710 1 1
459730 2 -1
459773 5 -1
459800 3 -1
459812 0 -1
459859 8 -1
459899 1 -1
459918 0 -1
459939 2 -1
460042 6 1
460052 3 -1
460052 16 -1
460071 0 -1
460101 4 1
460188 0 -1
460224 9 1
460246 1 1
460359 3 1
460410 2 1
460433 1 -1
460463 4 -1
460472 0 -1
460592 1 -1
460601 0 -1
460606 3 1
460638 6 -1
460638 2 -1
460724 5 1
460748 0 -1
460751 8 1
460762 7 -1
460778 4 -1
460790 1 -1
460869 2 1
460891 13 -1
460951 1 -1
460955 11 1
460955 10 1
461009 3 1
461012 0 -1
461072 4 -1
461111 0 1
461133 5 1
461137 1 1
461159 6 -1
461192 9 1
461224 3 1
461278 0 1
461322 1 -1
461356 2 -1
461423 3 -1
461427 4 1
461487 7 -1
461579 5 -1
461579 2 1
461587 0 1
461643 8 -1
461665 1 1
461761 6 -1
461772 0 1
461778 2 1
461786 4 -1
461837 3 1
461838 1 1
461877 0 1
461984 0 -1
462030 3 -1
462044 1 1
462132 4 -1
462173 0 1
462240 3 1
462261 2 -1
462299 0 1
462331 15 1
462342 10 -1
462358 7 -1
462374 9 -1
462400 1 -1
462417 14 -1
462452 0 -1
462482 8 -1
462492 2 1
462524 6 -1
462557 5 1
462592 1 1
462648 3 -1
462675 18 -1
462723 2 -1
462781 1 -1
462796 0 1
462850 3 1
462882 4 -1
462897 0 -1
462968 2 -1
463019 5 -1
463040 3 -1
463054 0 1
463176 1 -1
463202 2 1
463212 6 -1
463261 3 -1
463290 0 1
463309 4 -1
463350 1 1
463363 12 1
463393 0 -1
463428 2 -1
463462 3 1
463481 5 1
463492 0 1
463535 13 -1
463547 1 -1
463664 2 1
463664 8 1
463675 3 1
463680 10 1
463734 0 1
463741 1 1
463744 4 -1
463855 0 1
463857 7 -1
463868 3 -1
463926 1 -1
463968 0 1
464040 6 -1
464091 0 1
464128 1 -1
464140 2 -1
464212 0 1
464305 1 -1
464346 3 -1
464348 0 1
464365 2 1
464395 5 1
464470 4 -1
464484 0 1
464524 11 1
464540 3 1
464615 2 1
464631 7 1
464664 8 1
464682 1 -1
464739 28 1
464760 0 1
464774 3 1
464801 4 -1
464825 6 -1
464853 1 -1
464857 5 -1
464864 0 -1
464911 9 1
464986 0 -1
465036 1 1
465107 2 -1
465171 3 1
465196 4 -1
465288 0 -1
465330 2 1
465346 5 -1
465357 7 -1
465384 3 1
465384 6 1
465385 1 1
465424 0 1
465561 0 1
465561 2 -1
465571 1 -1
465577 8 -1
465593 3 -1
465760 1 1
465814 9 -1
465816 4 1
465819 0 1
465975 2 -1
465978 0 -1
465986 12 1
466013 3 1
466050 6 1
466115 15 1
466127 1 1
466147 13 1
466155 4 -1
466158 11 1
466164 0 -1
466195 2 1
466211 3 -1
466276 10 1
466312 1 -1
466351 5 1
466421 3 -1
466448 2 1
466475 0 -1
466490 1 -1
466534 4 1
466615 3 1
466641 0 1
466668 2 -1
466727 7 1
466788 0 -1
466813 3 -1
466814 5 -1
466860 1 -1
466893 4 -1
466924 2 -1
466932 9 1
467038 1 -1
467098 0 -1
467114 3 1
467147 23 -1
467147 2 1
467223 1 1
467233 6 1
467235 4 1
467238 0 -1
467297 5 1
467324 7 1
467375 0 -1
467386 2 -1
467405 3 1
467405 8 -1
467534 10 1
467582 4 1
467621 0 -1
467622 1 1
467778 0 1
467792 6 1
467810 1 -1
467835 3 -1
467835 12 1
467861 2 1
467923 0 1
467925 4 -1
467971 1 -1
468044 3 -1
468087 2 -1
468178 11 1
468185 0 1
468195 5 1
468195 7 1
468297 3 -1
468308 1 -1
468321 0 1
468321 2 1
468415 8 -1
468431 0 -1
468436 6 1
468501 1 1
468540 0 -1
468686 4 -1
468687 1 -1
468703 0 1
468759 3 -1
468775 2 1
468791 5 1
468832 0 -1
468867 9 1
468953 0 -1
468958 3 1
469021 4 1
469028 2 1
469049 1 1
469098 10 1
469157 3 -1
469235 0 1
469248 2 -1
469251 1 -1
469318 8 1
469329 5 1
469366 0 1
469408 4 -1
469409 6 1
469432 1 1
469468 19 1
469469 13 1
469554 0 -1
469568 3 1
469662 12 1
469664 1 1
469705 2 -1
469769 3 -1
469775 7 -1
469807 6 -1
469841 1 -1
469850 0 -1
469931 2 1
469979 3 -1
470013 0 -1
470017 1 -1
470070 9 -1
470156 15 -1
470170 0 1
470172 3 1
470178 2 -1
470186 4 1
470206 1 1
470226 5 1
470318 6 -1
470328 14 1
470371 3 -1
470388 0 1
470420 2 1
470452 7 1
470495 0 1
470500 17 -1
470520 4 1
470561 1 1
470581 3 -1
470648 0 -1
470672 2 1
470683 5 -1
470754 1 -1
470769 6 1
470792 0 -1
470863 4 1
470876 3 1
470898 0 -1
470898 2 -1
470948 1 1
471019 0 -1
471113 8 1
471124 0 1
471129 7 -1
471129 2 1
471145 9 -1
471167 5 1
471231 6 1
471298 1 -1
471351 0 -1
471462 3 -1
471468 1 1
471474 0 -1
471532 11 -1
471575 2 1
471581 0 -1
471597 4 1
471618 5 -1
471671 1 1
471688 3 -1
471801 6 -1
471812 2 -1
471868 0 1
471882 3 1
471919 4 1
471919 12 -1
472003 0 -1
472016 1 -1
472032 2 1
472059 5 1
472059 8 -1
472059 9 -1
472107 0 1
472145 10 -1
472209 1 1
472290 3 -1
472322 4 1
472360 0 1
472375 1 -1
472419 7 -1
472494 2 1
472500 6 -1
472513 0 -1
472556 1 1
472569 3 -1
472586 5 1
472629 4 1
472629 13 1
472656 0 -1
472750 1 -1
472750 2 1
472793 0 -1
472817 3 -1
472822 9 1
472914 0 -1
472919 1 1
472935 4 1
472973 8 1
472983 5 1
472986 2 -1
473013 0 -1
473080 7 -1
473112 1 -1
473145 0 -1
473209 3 -1
473274 4 -1
473295 12 -1
473338 16 -1
473403 0 1
473419 3 -1
473462 2 1
473487 1 -1
473521 6 -1
473531 11 -1
473540 0 1
473596 10 1
473612 3 1
473644 4 1
473655 0 1
473673 1 1
473687 2 -1
473757 9 1
473832 3 1
473864 1 -1
473918 7 -1
473919 2 1
473943 0 1
473945 5 -1
474026 3 -1
474045 0 -1
474133 6 1
474139 2 -1
474160 0 -1
474193 1 -1
474222 3 1
474313 4 -1
474370 2 1
474374 1 -1
474386 5 1
474445 3 1
474515 0 1
474542 14 1
474555 1 1
474606 2 -1
474648 4 -1
474671 0 -1
474682 6 -1
474725 10 -1
474735 9 1
474827 5 -1
474832 0 1
474832 2 1
474886 8 -1
474910 1 -1
474945 3 -1
474972 0 -1
474991 4 1
475058 12 -1
475124 1 -1
475136 0 1
475171 3 1
475257 7 1
475269 0 -1
475289 2 1
475313 1 1
475415 3 1
475423 11 1
475429 0 1
475468 1 1
475547 2 1
475574 6 1
475660 1 -1
475696 4 1
475749 2 1
475756 5 -1
475762 0 -1
475837 1 -1
475872 0 1
475896 8 -1
475902 7 1
475918 21 -1
475982 0 -1
476014 3 1
476015 4 1
476031 1 1
476160 5 -1
476224 2 -1
476272 3 1
476294 6 1
476299 0 -1
476329 4 1
476371 1 -1
476407 0 1
476450 2 1
476477 3 -1
476505 0 -1
476547 1 -1
476552 9 -1
476571 7 -1
476611 5 1
476692 2 -1
476702 0 -1
476732 1 1
476799 8 1
476853 0 1
476874 3 -1
476960 6 1
477006 4 -1
477030 0 1
477036 15 1
477081 1 -1
477084 3 -1
477162 0 1
477165 2 1
477240 7 -1
477264 1 1
477275 0 -1
477278 3 1
477315 9 1
477385 4 1
477390 2 -1
477396 0 -1
477462 1 -1
477476 3 -1
477477 5 -1
477506 0 1
477595 17 1
477622 2 1
477638 18 1
477686 3 -1
477691 10 1
477699 4 1
477724 22 -1
477730 0 -1
477828 1 -1
477855 0 -1
477866 2 1
477879 3 1
477928 5 1
477972 0 -1
477982 8 -1
478006 1 -1
478030 7 -1
478057 6 -1
478082 4 1
478100 2 -1
478110 14 -1
478137 3 1
478143 13 1
478191 0 1
478191 1 1
478283 9 1
478339 0 -1
478350 2 -1
478401 4 1
478444 5 1
478495 0 1
478562 1 1
478575 2 1
478600 3 -1
478648 6 1
478731 4 1
478737 0 -1
478751 1 -1
478755 12 1
478756 16 1
478788 7 1
478825 3 1
478925 0 1
478945 1 1
478949 5 1
479014 8 -1
479040 2 1
479051 0 1
479062 4 1
479094 10 -1
479145 3 1
479169 6 1
479194 0 1
479271 11 -1
479275 1 -1
479288 2 1
479336 0 -1
479435 1 -1
479443 5 -1
479513 2 -1
479519 0 -1
479551 3 -1
479626 7 1
479626 1 1
479629 0 1
479747 3 1
479830 6 1
479844 4 -1
479847 0 -1
479916 8 1
479927 5 -1
479959 3 1
479967 0 1
479970 2 -1
479999 1 1
480115 0 -1
480188 2 1
480190 1 -1
480227 4 1
480336 6 1
480349 3 1
480360 0 1
480364 1 -1
480389 5 1
480400 10 1
480435 2 -1
480516 0 -1
480561 20 -1
480561 3 1
480594 4 -1
480626 12 1
480647 0 -1
480722 6 -1
480739 1 -1
480760 3 -1
480819 15 1
480841 8 -1
480852 13 1
480900 0 -1
480900 2 -1
480924 1 1
480954 3 1
480997 7 -1
481002 0 -1
481013 11 1
481013 9 1
481097 1 -1
481120 0 -1
481144 2 -1
481152 3 -1
481282 0 1
481287 4 1
481297 1 1
481341 5 -1
481351 2 -1
481357 6 -1
481384 3 -1
481394 0 -1
481460 1 1
481531 0 -1
481574 2 1
481597 4 1
481658 1 -1
481666 0 -1
481690 3 1
481690 7 1
481797 2 -1
481803 10 -1
481813 5 1
481847 1 1
481904 4 1
481916 9 1
481964 0 -1
482029 2 1
482104 0 -1
482136 3 1
482218 1 1
482238 12 -1
482249 5 -1
482249 0 -1
482273 2 1
482378 3 1
482436 1 1
482453 6 1
482480 7 1
482550 0 -1
482598 3 -1
482613 1 1
482625 19 1
482649 4 1
482660 0 1
482738 2 1
482776 8 1
482815 0 -1
482926 9 1
482964 2 -1
482996 4 -1
482996 1 1
483077 6 -1
483087 0 1
483093 3 -1
483162 11 1
483169 1 1
483173 10 1
483216 2 -1
483227 5 1
483270 0 1
483347 1 -1
483351 4 1
483404 0 1
483437 3 -1
483496 6 -1
483528 13 -1
483660 0 -1
483685 1 -1
483692 2 1
483713 4 -1
483732 5 1
483754 3 1
483754 7 1
483767 0 1
483808 8 1
483871 1 1
483883 0 1
483904 2 1
484060 1 -1
484127 0 1
484133 4 -1
484152 2 1
484238 0 1
484242 1 1
484243 5 1
484270 3 1
484302 17 -1
484361 0 1
484411 1 1
484439 7 -1
484487 4 1
484490 3 -1
484506 6 -1
484560 10 -1
484600 1 -1
484608 2 1
484616 0 1
484721 8 -1
484743 3 -1
484759 0 -1
484782 1 1
484818 4 1
484829 9 1
484834 2 -1
484864 0 1
484947 11 -1
484947 23 -1
485071 2 1
485116 0 1
485151 6 -1
485173 1 1
485205 16 1
485210 5 -1
485221 7 1
485232 3 1
485232 0 -1
485291 15 -1
485362 1 -1
485369 0 -1
485377 24 1
485377 18 1
485527 3 -1
485530 0 -1
485533 2 1
485548 1 1
485570 6 1
485584 4 -1
485683 0 1
485699 5 1
485742 14 1
485785 10 -1
485788 0 -1
485791 2 1
485871 3 -1
485930 4 1
485931 1 1
485936 12 -1
485968 0 -1
486022 2 -1
486120 1 -1
486135 5 -1
486151 9 1
486213 0 -1
486261 4 1
486287 1 -1
486368 0 1
486436 3 1
486436 2 1
486495 0 1
486543 5 -1
486559 8 -1
486648 1 1
486661 2 -1
486677 3 1
486688 7 1
486793 0 -1
486796 11 1
486854 1 1
486866 2 -1
486871 6 -1
486892 0 1
486952 3 1
486952 5 -1
486968 9 -1
487035 4 -1
487035 1 1
487043 0 -1
487222 1 -1
487322 0 -1
487328 2 -1
487355 5 -1
487398 1 -1
487414 3 -1
487414 7 -1
487430 0 1
487454 4 -1
487516 6 -1
487554 2 1
487555 1 -1
487570 8 -1
487597 0 -1
487672 3 -1
487715 0 -1
487744 1 1
487763 5 -1
487806 2 -1
487821 4 1
487828 12 -1
487849 6 -1
487876 0 1
487897 3 1
487957 21 -1
487989 0 1
488088 0 -1
488135 1 1
488188 7 -1
488290 2 1
488311 1 -1
488322 9 -1
488387 0 1
488473 15 1
488483 3 1
488488 1 -1
488494 13 1
488497 0 -1
488510 2 -1
488518 4 -1
488602 8 -1
488607 0 -1
488612 5 1
488704 3 -1
488766 2 -1
488773 11 1
488816 22 -1
488833 7 -1
488835 0 -1
488859 1 -1
488897 4 1
488929 3 1
488945 6 1
488962 10 -1
488975 0 -1
488988 2 1
489046 1 -1
489107 5 1
489150 0 -1
489171 3 1
489220 4 1
489228 2 -1
489240 1 -1
489246 14 -1
489392 3 -1
489416 0 -1
489445 7 -1
489453 2 1
489461 20 1
489462 9 -1
489515 6 1
489547 0 -1
489586 1 1
489601 5 -1
489631 4 1
489703 2 1
489709 3 1
489733 0 1
489740 1 1
489839 0 -1
489925 1 -1
489929 3 -1
489983 6 1
489996 0 1
490018 4 -1
490100 1 1
490106 17 -1
490149 12 1
490160 2 1
490184 0 1
490211 7 -1
490288 1 -1
490316 0 -1
490368 4 1
490378 2 -1
490407 3 1
490429 10 1
490457 1 -1
490536 8 1
490547 5 1
490582 2 -1
490590 0 1
490601 9 1
490622 11 -1
490628 3 -1
490673 1 -1
490703 4 1
490714 0 1
490818 0 -1
490853 3 1
490896 7 -1
490993 5 -1
491036 0 1
491046 1 -1
491052 6 -1
491052 2 -1
491149 0 1
491215 1 -1
491265 0 1
491267 13 -1
491278 2 1
491316 3 -1
491375 9 -1
491407 5 -1
491412 1 1
491428 4 1
491496 0 -1
491514 6 -1
491515 2 -1
491536 8 1
491541 3 1
491614 0 -1
491719 16 -1
491729 0 -1
491767 1 1
491783 3 1
491783 4 -1
491923 2 1
491940 1 1
491985 0 -1
492074 10 1
492127 2 1
492134 1 -1
492146 0 1
492158 4 1
492213 6 1
492229 3 1
492256 0 -1
492342 5 -1
492348 7 -1
492358 2 -1
492428 25 -1
492450 8 -1
492495 1 -1
492509 0 -1
492519 3 -1
492568 2 -1
492611 0 -1
492686 1 1
492729 0 -1
492745 3 1
492772 15 -1
492788 2 1
492863 5 -1
492880 1 -1
492936 4 -1
492947 0 1
492998 3 1
493039 1 -1
493041 2 1
493048 0 -1
493073 7 1
493148 6 -1
493199 0 1
493222 1 -1
493256 3 1
493267 2 -1
493315 5 1
493331 4 1
493374 14 -1
493412 0 1
493416 1 -1
493471 3 1
493541 0 1
493609 1 1
493610 6 -1
493650 0 -1
493664 3 -1
493721 2 -1
493722 4 1
493734 7 -1
493739 5 1
493791 0 -1
493911 13 1
493912 0 -1
493936 1 1
493944 2 1
493998 9 1
494019 6 -1
494043 0 -1
494073 3 1
494123 1 -1
494170 2 -1
494230 0 -1
494234 5 1
494266 3 -1
494294 1 -1
494363 19 -1
494406 8 1
494419 4 -1
494462 3 1
494492 11 1
494503 0 -1
494629 0 -1
494645 2 1
494679 1 -1
494728 5 -1
494777 0 1
494793 6 -1
494802 4 1
494847 2 -1
494847 10 -1
494868 3 -1
494871 1 -1
494965 12 -1
495021 0 1
495056 1 1
495078 3 1
495099 2 -1
495113 4 1
495153 7 -1
495170 0 -1
495191 5 1
495191 6 1
495244 9 1
495277 3 -1
495285 0 -1
495320 8 -1
495437 1 1
495492 4 -1
495497 0 1
495551 2 -1
495618 0 1
495629 1 -1
495653 6 1
495653 17 -1
495680 3 1
495739 0 1
495782 2 1
495802 1 -1
495822 7 -1
495844 0 -1
495862 4 1
495878 3 -1
495967 0 -1
496010 2 -1
496018 1 -1
496088 3 -1
496110 0 1
496115 6 -1
496174 5 -1
496189 1 -1
496209 4 -1
496220 0 -1
496236 2 1
496276 8 1
496290 3 1
496298 11 -1
496362 10 -1
496374 1 1
496459 7 -1
496470 15 -1
496486 2 1
496491 3 -1
496542 0 1
496566 5 -1
496568 1 1
496588 6 -1
496608 4 1
496679 0 1
496701 3 -1
496712 2 -1
496771 9 1
496832 0 -1
496894 3 1
496923 1 -1
496943 2 1
496986 14 1
497055 5 -1
497082 1 -1
497104 0 -1
497141 6 1
497253 1 -1
497257 0 1
497334 4 1
497358 0 -1
497373 12 1
497375 3 1
497400 2 1
497534 6 -1
497555 10 -1
497588 18 -1
497600 1 1
497601 3 1
497612 0 1
497652 2 1
497704 4 -1
497714 0 -1
497793 1 -1
497797 3 -1
497864 0 1
497872 2 -1
497894 7 1
497910 5 1
497975 1 1
497983 0 1
497995 4 -1
498155 0 1
498224 3 1
498284 0 1
498297 6 -1
498318 11 -1
498325 1 -1
498351 2 1
498404 5 -1
498415 0 1
498415 8 1
498437 3 1
498495 1 -1
498539 7 1
498582 2 -1
498630 3 -1
498638 0 -1
498696 1 1
498724 4 1
498743 0 1
498813 2 1
498882 1 -1
498902 0 -1
498942 5 -1
498974 6 -1
499006 16 -1
499031 4 1
499039 3 1
499051 1 -1
499103 13 -1
499178 12 1
499192 0 1
499200 9 -1
499232 3 -1
499234 1 1
499248 7 -1
499291 2 -1
499316 0 1
499361 8 -1
499383 6 1
499414 1 1
499416 0 -1
499418 4 -1
499428 3 1
499522 2 1
499721 0 -1
499759 2 -1
499784 1 -1
499834 3 -1
499850 0 -1
499920 5 1
499966 1 1
499969 0 -1
499979 2 1
500038 7 -1
500044 3 1
500075 4 1
500145 1 -1
500189 0 1
500224 2 1
500243 3 -1
500299 0 -1
500318 8 1
500361 9 1
500372 5 -1
500377 10 -1
500425 15 -1
500441 0 1
500458 4 1
500458 2 -1
500522 1 1
500681 0 1
500683 3 -1
500689 2 1
500695 1 1
500732 7 1
500769 6 1
500836 4 1
500844 5 1
500850 0 -1
500879 3 1
500889 1 -1
500941 17 1
500959 0 1
501092 3 1
501140 2 1
501199 14 1
501199 21 1
501200 0 -1
501242 6 1
501246 1 -1
501328 20 1
501350 2 1
501360 5 1
501371 9 -1
501374 0 -1
501425 1 -1
501457 7 -1
501481 3 1
501543 12 -1
501550 4 1
501550 0 -1
501565 2 -1
501618 10 -1
501629 1 -1
501651 13 -1
501694 3 1
501788 0 1
501833 6 -1
501876 5 1
501884 0 -1
501887 3 -1
501925 4 -1
501981 1 1
502035 0 1
502040 2 1
502169 1 -1
502183 7 1
502204 0 1
502242 8 -1
502269 2 -1
502279 4 1
502296 3 1
502322 5 -1
502339 0 -1
502340 1 -1
502489 3 -1
502500 2 1
502510 11 -1
502517 0 -1
502634 0 -1
502688 3 1
502717 1 -1
502747 6 -1
502795 5 1
502872 1 -1
502887 3 -1
502947 0 -1
502976 2 -1
503054 0 1
503062 1 1
503078 4 1
503145 8 1
503166 3 1
503193 0 -1
503199 10 -1
503209 2 1
503231 6 1
503263 27 -1
503424 3 1
503432 1 1
503440 2 -1
503465 4 -1
503526 0 1
503602 7 -1
503607 12 -1
503630 1 -1
503645 3 -1
503666 2 1
503677 0 -1
503698 5 1
503714 6 1
503811 1 -1
503822 0 -1
503835 4 1
503919 2 1
503919 9 1
504059 8 -1
504096 0 1
504112 3 1
504112 2 1
504155 5 -1
504166 6 -1
504168 1 -1
504214 7 -1
504220 0 1
504333 3 -1
504333 0 1
504338 2 -1
504359 1 1
504451 0 1
504456 13 1
504488 11 -1
504556 0 -1
504557 1 -1
504558 3 1
504561 4 1
504639 6 -1
504650 5 -1
504677 0 -1
504759 1 -1
504795 2 -1
504811 14 -1
504824 0 -1
504932 4 -1
504936 1 -1
504980 7 -1
505004 16 -1
505020 3 -1
505047 2 -1
505074 0 -1
505125 1 1
505174 0 1
505241 6 1
505241 12 -1
505268 2 1
505295 0 1
505311 1 -1
505327 9 1
505335 4 -1
505338 3 1
505516 0 -1
505574 5 -1
505636 0 -1
505655 6 -1
505678 1 1
505682 3 1
505714 10 -1
505730 2 1
505735 0 1
505879 1 1
505966 2 -1
506009 0 -1
506020 5 1
506028 4 -1
506063 1 1
506079 8 1
506154 3 -1
506165 0 1
506208 2 -1
506276 0 -1
506294 17 -1
506316 11 1
506359 29 -1
506359 9 -1
506386 0 1
506391 7 -1
506407 4 1
506445 6 -1
506464 1 -1
506472 3 1
506477 5 -1
506496 0 1
506606 0 1
506625 1 -1
506665 2 -1
506711 3 1
506713 0 -1
506754 4 -1
506830 1 -1
506877 2 -1
506880 6 -1
506934 3 -1
506950 0 1
506955 10 -1
507047 9 -1
507072 4 -1
507074 0 1
507079 8 1
507084 7 1
507106 2 1
507159 3 1
507200 0 1
507209 1 -1
507219 12 -1
507326 13 -1
507337 6 -1
507364 2 1
507399 3 1
507399 1 1
507447 4 1
507477 5 1
507495 0 1
507568 1 1
507589 2 -1
507622 3 -1
507638 0 -1
507755 1 -1
507790 0 1
507821 2 1
507842 7 -1
507850 4 -1
507907 8 1
507925 1 -1
507928 5 -1
508057 2 -1
508087 3 1
508092 0 1
508092 1 -1
508204 0 -1
508205 4 1
508288 1 -1
508304 0 1
508358 3 1
508358 10 1
508401 9 -1
508422 6 1
508449 5 -1
508465 14 1
508471 0 1
508530 2 1
508576 0 -1
508616 3 1
508636 1 1
508756 0 -1
508756 2 -1
508831 8 -1
508838 1 -1
508901 5 1
508910 4 -1
508938 22 1
508944 0 -1
508971 6 1
509006 2 -1
509023 1 1
509040 3 1
509194 0 1
509239 3 -1
509261 4 1
509277 7 -1
509300 0 -1
509336 5 -1
509354 1 1
509425 0 -1
509449 3 -1
509454 6 1
509462 2 -1
509537 1 -1
509648 9 1
509656 4 1
509669 2 -1
509688 0 -1
509712 1 -1
509755 5 -1
509777 13 -1
509812 0 -1
509820 8 -1
509874 3 1
509906 7 -1
509919 2 -1
509946 0 -1
510067 3 -1
510079 1 1
510234 5 -1
510245 1 1
510263 3 1
510277 4 1
510279 0 1
510293 11 -1
510357 6 1
510390 2 -1
510416 0 -1
510446 1 1
510476 3 1
510519 7 -1
510524 0 1
510540 9 1
510619 1 1
510622 0 -1
510637 2 1
510656 4 1
510712 8 1
510755 3 1
510782 0 -1
510829 1 1
510857 2 -1
510892 0 1
510916 15 -1
510938 6 1
510938 16 -1
510970 4 1
510970 10 -1
511002 0 1
511012 1 -1
511034 3 1
511088 2 1
511131 12 1
511180 5 -1
511182 1 -1
511244 0 1
511255 3 -1
511317 2 -1
511381 0 1
511421 6 1
511516 0 1
511518 18 1
511530 1 1
511545 2 1
511636 5 1
511647 8 -1
511704 4 1
511716 1 -1
511763 0 -1
511792 3 -1
511803 2 1
511868 0 1
511894 6 1
511905 11 -1
511905 7 -1
511923 1 -1
511972 0 1
512018 3 1
512088 5 -1
512103 4 1
512163 19 -1
512201 0 -1
512252 2 1
512260 3 1
512260 1 1
512292 13 -1
512308 10 1
512314 6 1
512316 0 1
512429 1 1
512432 0 1
512477 4 -1
512478 2 -1
512590 0 1
512617 1 -1
512631 7 1
512682 2 -1
512698 0 -1
512706 3 1
512733 9 -1
512808 6 1
512822 0 -1
512844 4 1
512894 24 -1
512948 3 1
512972 0 1
512977 1 1
513050 5 1
513136 2 -1
513151 4 1
513163 1 -1
513168 3 -1
513230 0 1
513238 12 1
513336 1 1
513348 0 1
513356 7 -1
513391 2 -1
513454 0 -1
513473 4 1
513517 6 1
513528 1 -1
513550 5 1
513614 8 1
513652 2 1
513683 1 -1
513770 0 1
513783 4 1
513808 3 1
513862 9 1
513884 1 1
513926 11 -1
513953 0 1
514012 5 -1
514070 1 -1
514082 3 1
514101 0 -1
514136 2 -1
514179 10 -1
514324 3 1
514367 2 1
514395 0 -1
514447 1 -1
514555 0 1
514558 7 -1
514586 4 -1
514603 2 -1
514634 1 -1
514635 8 1
514697 0 -1
514743 15 -1
514754 6 -1
514802 3 -1
514816 1 1
514880 0 -1
514893 9 1
514915 5 -1
514928 4 1
515001 0 -1
515028 3 -1
515033 13 1
515079 2 1
515130 0 -1
515190 1 -1
515221 3 1
515251 4 1
515259 7 1
515259 0 -1
515296 2 -1
515364 1 1
515442 5 -1
515485 6 -1
515528 2 1
515571 0 -1
515573 1 1
515581 8 -1
515603 12 1
515630 3 -1
515732 0 1
515823 3 1
515861 0 1
515904 1 1
515920 4 -1
515925 11 -1
515936 5 1
515984 7 -1
515990 2 1
516022 3 -1
516054 6 1
516091 1 -1
516135 0 -1
516221 2 -1
516245 0 1
516279 4 1
516283 1 1
516406 0 1
516420 18 1
516425 3 1
516430 5 1
516468 2 -1
516472 1 -1
516573 4 1
516646 0 -1
516656 3 1
516662 1 1
516699 9 1
516769 0 -1
516775 10 1
516850 3 -1
516850 14 1
516850 5 1
516855 6 1
516857 1 -1
516928 2 -1
516938 0 1
517057 1 1
517124 2 -1
517170 0 -1
517231 6 -1
517258 3 1
517274 4 -1
517290 5 -1
517323 7 1
517339 0 -1
517379 2 -1
517413 1 1
517452 3 -1
517500 0 1
517605 1 -1
517634 8 -1
517645 4 1
517648 3 1
517742 5 1
517758 6 -1
517770 0 -1
517790 1 1
517841 2 -1
517849 3 -1
517882 9 -1
517906 0 1
517924 11 1
517952 7 1
518016 4 -1
518059 3 -1
518070 0 -1
518070 2 1
518129 1 1
518193 10 -1
518312 15 1
518314 1 -1
518317 2 1
518328 0 -1
518338 4 -1
518344 3 1
518446 0 1
518521 2 1
518526 1 -1
518537 8 1
518543 3 -1
518551 0 1
518596 5 -1
518618 6 1
518681 4 1
518685 7 -1
518736 2 -1
518828 12 1
518828 0 -1
518887 1 1
518935 3 -1
518962 2 1
518975 0 -1
519032 6 -1
519056 1 -1
519064 5 1
519064 9 1
519104 4 1
519134 0 1
519163 3 -1
519217 1 -1
519225 2 1
519287 0 -1
519360 3 1
519365 8 1
519395 1 1
519408 0 -1
519451 4 1
519483 6 -1
519494 5 -1
519515 19 1
519516 10 1
519518 0 1
519572 1 -1
519682 2 1
519687 11 -1
519698 0 -1
519753 1 1
519773 23 -1
519811 3 1
519915 0 -1
519927 2 1
519967 1 1
519999 7 -1
520010 3 -1
520029 0 -1
520131 2 1
520156 0 -1
520184 4 1
520206 3 1
520334 1 -1
520375 6 1
520386 0 -1
520504 0 1
520510 5 1
520515 1 1
520555 4 -1
520585 2 1
520612 17 -1
520617 3 -1
520617 0 1
520684 7 1
520701 1 -1
520800 2 -1
520805 12 -1
520811 3 1
520827 6 1
520881 0 -1
520910 4 1
520977 14 1
521010 3 -1
521010 5 1
521026 2 1
521031 0 -1
521059 1 -1
521168 0 -1
521192 13 -1
521219 3 -1
521224 6 -1
521249 1 1
521289 8 -1
521319 0 1
521394 7 -1
521413 3 1
521430 1 -1
521456 5 -1
521461 0 1
521477 2 1
521536 11 1
521612 0 -1
521619 4 1
521644 3 1
521687 9 1
521714 0 1
521730 2 -1
521744 1 -1
521837 3 -1
521946 1 1
521954 4 -1
521961 2 1
521969 0 1
522111 7 1
522127 0 -1
522132 1 -1
522181 8 1
522203 2 -1
522224 16 -1
522238 0 1
522270 3 1
522305 4 -1
522317 1 1
522321 5 1
522332 6 1
522385 10 -1
522423 2 1
522482 3 1
522493 9 -1
522498 1 1
522548 0 1
522647 1 1
522657 0 -1
522676 3 -1
522676 2 1
522762 5 -1
522772 7 1
522778 0 -1
522865 1 1
522880 6 1
522901 2 -1
522942 4 1
523020 8 1
523084 3 1
523087 0 -1
523213 0 -1
523240 5 1
523248 1 1
523278 3 -1
523304 4 -1
523377 2 1
523385 6 1
523390 0 -1
523409 1 1
523428 12 -1
523474 3 1
523552 0 1
523562 7 -1
523595 1 -1
523605 2 -1
523667 4 1
523708 10 1
523713 0 -1
523772 9 -1
523837 0 -1
523839 2 1
523879 3 -1
523939 1 1
523965 13 1
523966 8 -1
524003 0 -1
524127 1 1
524143 3 -1
524175 7 -1
524229 5 -1
524248 0 1
524290 1 -1
524315 2 -1
524368 3 1
524387 0 -1
524425 4 1
524503 0 -1
524546 2 1
524632 5 -1
524661 1 1
524696 3 1
524726 0 -1
524804 4 -1
524809 2 1
524826 9 1
524846 1 -1
524907 0 -1
524917 3 -1
524954 6 1
524955 8 -1
524997 10 1
525030 0 -1
525042 1 -1
525083 5 1
525231 4 -1
525234 3 1
525280 0 -1
525288 2 1
525360 7 -1
525417 1 1
525427 0 1
525449 20 -1
525481 6 -1
525508 3 1
525535 14 -1
525535 2 -1
525556 11 1
525578 0 -1
525610 1 -1
525728 0 1
525750 15 1
525755 2 1
525796 1 1
525879 5 1
525882 0 -1
525900 9 -1
525932 6 -1
525949 4 -1
525970 3 -1
525997 7 -1
526000 2 1
526002 0 -1
526008 18 1
526029 8 -1
526158 0 1
526184 1 1
526217 2 1
526287 16 1
526314 3 -1
526336 4 1
526360 1 1
526438 2 -1
526448 5 -1
526481 19 1
526526 0 1
526549 1 -1
526650 0 1
526658 3 -1
526658 4 1
526669 2 1
526674 10 1
526690 7 1
526760 9 1
526803 13 -1
526819 0 -1
526835 6 1
526900 1 1
526938 5 1
526997 8 1
527081 1 -1
527107 2 -1
527158 0 1
527174 3 -1
527276 6 1
527287 0 1
527287 1 1
527330 2 1
527384 11 -1
527386 3 1
527416 4 1
527448 0 -1
527524 9 -1
527550 2 -1
527556 12 1
527646 1 1
527654 0 -1
527698 3 -1
527717 6 -1
527738 4 1
527755 0 1
527803 5 -1
527813 1 -1
527900 0 -1
527932 10 1
528000 1 -1
528029 0 -1
528029 2 1
528146 4 1
528166 7 -1
528168 3 1
528168 0 -1
528186 1 1
528268 2 -1
528287 17 1
528297 5 -1
528308 6 1
528335 0 1
528386 3 -1
528408 1 1
528486 0 -1
528494 2 1
528597 1 -1
528614 3 1
528703 0 -1
528727 6 -1
528770 5 1
528786 4 1
528799 1 1
528824 8 1
528835 7 -1
528856 3 1
528864 0 1
528942 2 1
528974 15 -1
529014 0 -1
529077 3 -1
529133 4 -1
529145 1 -1
529163 2 -1
529286 10 -1
529324 0 -1
529347 1 1
529351 6 1
529388 2 1
529421 3 -1
529426 11 -1
529442 0 1
529448 9 -1
529496 7 1
529504 4 1
529546 1 -1
529563 0 1
529587 8 1
529625 2 -1
529678 5 1
529764 3 -1
529821 0 1
529826 4 1
529856 2 1
529903 1 1
529931 0 1
530049 6 1
530055 0 1
530080 1 -1
530087 2 -1
530125 5 -1
530181 0 1
530200 12 1
530205 4 -1
530290 1 -1
530316 0 1
530318 3 1
530340 2 -1
530361 9 -1
530455 0 1
530576 4 1
530608 0 -1
530609 8 1
530614 3 -1
530614 5 1
530669 1 -1
530794 2 -1
530838 1 -1
530888 0 1
530899 3 -1
530915 7 1
530947 4 -1
530963 6 1
530963 10 -1
531001 2 -1
531014 0 1
531040 1 -1
531060 5 -1
531115 0 -1
531199 1 -1
531216 2 -1
531232 9 1
531374 0 -1
531386 1 -1
531404 3 -1
531474 0 1
531572 1 -1
531603 5 -1
531624 3 1
531624 4 1
531624 0 -1
531640 6 1
531667 2 1
531733 1 -1
531745 7 1
531877 3 1
531893 2 -1
531901 0 1
531963 16 1
531991 4 -1
532027 15 1
532050 0 -1
532054 5 1
532108 1 -1
532113 2 1
532199 6 -1
532234 0 1
532281 1 -1
532301 4 -1
532328 14 -1
532336 0 -1
532350 13 -1
532382 3 1
532382 7 1
532436 0 1
532468 5 1
532475 1 1
532543 12 -1
532543 8 -1
532570 2 1
532594 0 -1
532645 3 1
532769 0 -1
532815 2 1
532842 1 1
532930 20 1
532995 3 1
533005 6 1
533011 1 1
533027 4 1
533043 2 -1
533059 7 1
533110 0 1
533156 9 1
533188 25 -1
533216 1 1
533265 0 -1
533269 2 1
533274 11 1
533279 3 -1
533328 8 -1
533382 5 1
533382 17 -1
533386 4 -1
533398 0 -1
533505 3 1
533505 2 -1
533521 6 1
533632 7 1
533644 1 1
533669 0 -1
533696 2 -1
533720 4 1
533747 3 1
533768 5 1
533789 1 -1
533825 0 1
533844 9 1
533898 2 -1
533919 21 1
533957 3 1
533970 1 1
533980 0 -1
533984 14 1
533994 10 -1
534048 27 1
534143 1 -1
534147 7 -1
534155 13 -1
534177 8 -1
534204 6 1
534252 23 1
534301 0 -1
534305 1 -1
534333 2 1
534349 11 -1
534381 5 -1
534411 0 1
534470 1 -1
534478 26 1
534499 15 -1
534521 14 -1
534521 18 -1
534526 0 1
534532 2 1
534575 13 -1
534657 1 1
534671 22 -1
534677 3 1
534712 16 -1
534744 19 -1
534757 9 1
534774 2 -1
534784 20 -1
534808 17 -1
534819 0 1
534843 15 -1
534865 24 -1
534876 18 -1
534897 7 1
534931 0 -1
534937 4 1
534974 1 1
534994 3 -1
534994 12 1
535015 21 -1
535074 10 1
535097 0 -1
535141 1 1
535198 2 1
535252 19 -1
535268 16 1
535332 1 -1
535338 15 1
535354 3 1
535359 0 -1
535397 4 -1
535421 17 1
535453 2 1
535520 0 -1
535553 6 -1
535558 5 -1
535574 16 1
535606 18 1
535650 0 1
535660 2 1
535673 1 1
535703 11 1
535727 17 1
535773 8 -1
535832 4 -1
535859 3 1
535883 1 1
535897 0 1
535961 19 1
535961 18 1
536036 5 1
536042 22 1
536043 0 -1
536066 1 -1
536069 6 1
536133 3 -1
536133 21 1
536147 7 -1
536165 2 -1
536183 0 -1
536187 23 1
536203 20 1
536262 14 -1
536267 4 -1
536284 10 -1
536343 2 1
536348 8 1
536402 0 1
536404 3 1
536445 1 -1
536477 9 -1
536493 7 1
536515 2 -1
536544 0 -1
536552 6 -1
536582 1 1
536622 4 1
536684 0 -1
536687 5 1
536716 2 -1
536769 1 -1
536800 18 -1
536816 13 -1
536840 0 1
536872 16 -1
536880 17 -1
536885 12 -1
536896 3 -1
536953 1 1
536961 2 1
536993 15 -1
536993 7 -1
537012 0 1
537020 8 -1
537057 6 1
537065 4 1
537094 1 -1
537122 0 -1
537135 2 -1
537186 3 -1
537186 18 -1
537202 19 -1
537218 20 -1
537254 0 -1
537277 1 1
537315 22 -1
537361 2 1
537401 6 1
537401 14 1
537402 9 1
537407 3 1
537434 8 1
537525 0 1
537525 17 1
537559 1 1
537565 4 -1
537622 16 1
537638 5 -1
537681 0 -1
537745 3 1
537778 6 1
537788 2 -1
537804 0 -1
537810 8 -1
537831 13 -1
537864 7 1
537874 9 -1
537884 1 1
537896 12 -1
537917 15 -1
537939 14 -1
537960 11 -1
538003 2 -1
538013 1 -1
538030 5 -1
538035 0 -1
538089 3 1
538154 0 -1
538166 1 -1
538186 19 -1
538186 16 -1
538199 2 -1
538202 20 -1
538218 13 -1
538234 17 -1
538261 15 -1
538261 0 1
538261 18 -1
538299 4 1
538326 14 -1
538363 23 -1
538379 21 -1
538390 28 -1
538412 26 -1
538444 1 1
538476 6 1
538484 10 1
538492 16 -1
538524 22 -1
538525 0 -1
538578 3 1
538605 29 -1
538605 7 -1
538610 8 -1
538623 1 -1
538648 5 -1
538710 0 -1
538723 2 -1
538756 24 -1
538766 13 1
538770 1 1
538804 0 -1
538814 3 1
538815 4 1
538820 27 -1
538831 14 1
538863 11 -1
538874 9 1
538879 17 1
538884 21 -1
538911 2 1
538933 0 -1
538960 7 -1
538992 19 1
538992 23 -1
538997 5 1
539013 8 -1
539056 16 1
539056 25 -1
539064 0 -1
539067 15 1
539089 10 1
539094 2 1
539121 1 -1
539164 6 -1
539185 0 -1
539218 17 1
539242 4 1
539296 0 1
539298 16 1
539304 1 1
539336 18 1
539419 20 1
539422 14 1
539459 17 1
539465 15 1
539476 22 1
539497 3 1
539540 2 -1
539544 1 -1
539553 0 1
539562 18 1
539604 19 1
539658 21 1
539674 0 1
539701 20 1
539701 5 1
539771 2 1
539776 1 1
539798 3 1
539809 9 -1
539825 0 -1
539862 6 1
539895 12 -1
539895 16 -1
539903 19 1
539916 18 1
539927 13 -1
539943 7 1
539953 1 1
539964 2 1
539975 22 1
539991 20 1
540040 23 1
540066 5 1
540067 24 1
540085 0 -1
540120 17 -1
540152 3 1
540193 1 -1
540195 11 -1
540206 2 -1
540217 10 -1
540217 26 1
540225 0 -1
540255 8 1
540306 4 -1
540330 0 1
540335 6 -1
540346 15 -1
540368 9 -1
540384 2 1
540396 1 -1
540410 21 1
540483 7 1
540491 22 1
540496 5 -1
540497 14 -1
540507 25 1
540539 8 1
540569 0 -1
540601 2 -1
540604 19 -1
540695 0 -1
540711 9 -1
540717 3 1
540727 1 -1
540733 23 1
540760 2 1
540781 16 -1
540789 4 -1
540805 17 -1
540815 0 -1
540867 18 -1
540910 13 -1
540937 12 -1
540950 1 1
540972 0 1
540991 11 -1
540996 8 1
541023 7 1
541047 17 -1
541061 18 -1
541087 20 -1
541104 19 -1
541112 0 -1
541120 16 -1
541128 1 1
541152 21 -1
541206 24 -1
541254 0 1
541262 2 1
541281 18 -1
541305 19 -1
541305 20 -1
541362 0 -1
541383 3 -1
541442 28 -1
541442 21 -1
541448 1 -1
541453 2 1
541474 6 -1
541515 20 -1
541547 19 -1
541603 7 1
541604 0 -1
541607 4 -1
541614 1 -1
541652 10 1
541684 22 -1
541684 17 1
541700 3 -1
541700 15 1
541700 2 1
541708 13 1
541740 0 -1
541775 1 -1
541791 11 1
541792 12 1
541797 16 1
541829 25 -1
541840 14 1
541850 24 -1
541931 6 1
541932 0 1
541958 15 1
541958 30 -1
541974 7 1
542001 8 1
542001 9 1
542022 29 -1
542071 18 1
542095 19 1
542098 5 -1
542111 17 1
542130 31 -1
542131 1 -1
542173 14 1
542220 16 1
542237 15 1
542243 18 1
542280 17 1
542287 0 -1
542296 19 1
542297 7 -1
542341 1 -1
542345 4 1
542361 2 1
542366 21 1
542385 20 1
542388 8 -1
542391 18 1
542409 0 -1
542442 23 1
542462 19 1
542474 22 1
542474 17 1
542526 1 1
542557 0 1
542560 2 1
542560 18 1
542611 20 1
542627 19 1
542635 3 -1
542679 1 1
542708 4 1
542724 2 -1
542732 21 1
542764 6 1
542764 16 -1
542804 0 1
542828 10 1
542836 20 1
542861 11 1
542861 18 1
542904 9 -1
542905 1 1
542914 5 -1
542920 3 1
542925 22 1
542948 0 -1
542990 14 -1
543006 23 1
543033 21 1
543033 24 1
543090 7 -1
543102 0 1
543106 1 -1
543124 8 -1
543135 13 -1
543135 2 -1
543167 3 1
543167 16 -1
543262 1 -1
543280 0 1
543288 4 1
543290 27 1
543301 15 -1
543344 17 -1
543366 5 -1
543387 18 -1
543393 2 -1
543425 3 1
543438 0 1
543441 19 -1
543441 26 1
543473 9 -1
543554 17 -1
543562 2 1
543597 18 -1
543618 1 -1
543637 0 -1
543703 19 -1
543763 3 1
543764 16 -1
543780 10 -1
543785 12 -1
543788 17 -1
543796 20 -1
543806 15 -1
543807 0 -1
543810 1 1
543900 19 -1
543914 11 1
543929 4 -1
543933 7 -1
543941 13 1
543957 2 1
543989 6 1
544011 18 -1
544033 1 1
544067 0 -1
544094 20 -1
544150 23 -1
544183 2 -1
544220 8 -1
544226 3 1
544242 0 -1
544279 6 1
544279 7 1
544290 21 -1
544320 4 -1
544360 5 -1
544392 0 1
544412 1 1
544416 20 -1
544424 2 1
544440 22 -1
544451 28 -1
544451 24 -1
544489 19 -1
544521 7 1
544532 8 1
544553 16 1
544569 12 1
544586 9 1
544586 10 1
544618 3 -1
544618 1 1
544666 6 -1
544666 14 1
544672 0 -1
544682 13 1
544709 15 1
544731 18 1
544747 4 -1
544752 21 -1
544791 1 -1
544800 0 -1
544838 5 -1
544900 17 1
544903 2 1
544903 8 -1
544940 16 1
544967 0 -1
545021 18 1
545032 9 -1
545053 25 -1
545101 2 1
545150 6 -1
545166 19 1
545168 1 -1
545174 4 -1
545214 3 -1
545246 20 1
545247 17 1
545268 5 1
545269 0 -1
545319 7 1
545338 2 -1
545339 1 -1
545384 0 1
545408 9 1
545440 3 1
545464 19 1
545483 15 -1
545504 0 1
545525 1 1
545569 12 -1
545569 10 -1
545590 14 -1
545628 0 1
545633 22 1
545666 6 1
545676 11 1
545678 1 1
545682 20 1
545687 3 1
545730 8 -1
545741 18 1
545752 0 1
545795 16 -1
545795 2 -1
545831 1 1
545843 7 1
545870 21 1
545914 0 -1
545988 4 -1
545991 2 -1
546012 1 -1
546015 8 -1
546039 0 -1
546069 17 -1
546157 1 -1
546171 6 -1
546182 10 1
546187 2 -1
546198 3 1
546214 15 -1
546230 7 -1
546305 5 1
546310 16 -1
546324 0 1
546354 18 -1
546397 9 1
546399 4 -1
546425 0 -1
546445 3 1
546450 8 -1
546528 1 1
546609 0 -1
546633 11 -1
546654 2 -1
546697 6 1
546719 3 1
546742 1 1
546754 4 -1
546810 19 -1
546826 20 -1
546837 0 1
546837 18 -1
546842 5 -1
546880 2 1
546895 1 -1
546915 7 1
546951 0 -1
547063 0 1
547095 9 -1
547127 2 -1
547181 10 1
547193 1 -1
547213 7 -1
547219 5 -1
547224 14 1
547262 3 -1
547289 24 -1
547305 2 -1
547332 0 -1
547334 1 1
547364 8 1
547428 6 -1
547452 0 -1
547488 1 1
547498 2 -1
547504 7 -1
547536 9 -1
547546 11 1
547586 0 1
547616 3 -1
547624 4 -1
547632 5 -1
547654 8 1
547665 12 1
547665 13 1
547721 0 1
547735 2 1
547810 6 -1
547810 1 1
547891 17 1
547925 0 1
547939 3 -1
547955 2 1
547973 1 1
547979 4 1
548078 5 1
548084 19 1
548095 0 -1
548127 8 1
548132 1 1
548216 0 -1
548277 4 1
548288 9 -1
548326 2 -1
548363 15 -1
548449 5 -1
548455 6 -1
548455 10 1
548475 7 -1
548481 1 -1
548487 3 1
548503 16 -1
548511 0 -1
548535 12 -1
548536 2 -1
548624 0 1
548652 1 -1
548675 9 1
548686 8 1
548691 3 -1
548721 2 -1
548729 13 1
548756 0 1
548769 7 -1
548858 20 1
548870 1 -1
548912 5 -1
548922 3 -1
548987 11 -1
549035 4 1
549051 0 1
549118 2 -1
549137 12 -1
549180 26 -1
549198 0 -1
549213 9 1
549234 8 1
549253 1 -1
549253 10 1
549301 2 -1
549311 0 1
549406 13 1
549422 4 -1
549442 7 1
549458 1 -1
549481 3 1
549503 22 1
549519 2 -1
549535 6 -1
549591 0 -1
549653 15 1
549660 1 1
549694 0 1
549761 17 1
549809 4 1
549825 23 1
549828 0 1
549836 3 1
549922 11 1
549922 5 -1
549922 2 -1
549933 9 1
549994 1 1
549997 12 1
550008 6 -1
550029 0 -1
550040 14 -1
550040 18 1
550154 0 -1
550161 2 1
550169 3 1
550182 1 1
550212 10 -1
550285 0 -1
550320 5 -1
550341 8 -1
550381 1 -1
550387 2 -1
550389 4 1
550390 7 -1
550392 0 -1
550470 6 1
550599 16 -1
550674 2 -1
550703 0 -1
550740 1 1
550792 19 -1
550793 7 -1
550798 3 -1
550803 5 -1
550862 0 1
550905 1 1
550906 2 1
550909 4 -1
551048 0 -1
551079 1 -1
551131 3 1
551147 2 -1
551158 9 1
551264 1 1
551268 4 1
551276 0 1
551351 3 1
551362 8 -1
551384 2 1
551389 0 1
551413 1 -1
551437 11 -1
551556 0 1
551558 1 -1
551575 7 -1
551599 17 1
551609 5 1
551631 21 -1
551658 6 1
551674 9 -1
551706 8 1
551736 1 1
551781 2 1
551824 0 1
551873 3 -1
551921 4 1
551991 0 1
551991 2 -1
552018 6 1
552029 12 1
552050 10 1
552061 18 1
552096 1 1
552104 8 -1
552117 0 1
552136 3 -1
552158 9 -1
552168 5 1
552211 2 -1
552223 1 -1
552276 19 1
552319 14 1
552348 7 -1
552363 0 1
552364 4 -1
552401 1 1
552405 8 -1
552437 13 -1
552469 3 -1
552472 0 -1
552475 6 1
552534 25 1
552558 10 1
552587 5 -1
552622 0 1
552623 8 -1
552626 7 -1
552644 2 1
552731 1 -1
552757 3 1
552792 9 1
552813 8 1
552864 7 -1
552878 2 -1
552880 0 1
552888 4 1
552941 1 1
553009 3 1
553010 0 1
553098 2 1
553106 0 -1
553122 1 -1
553222 12 -1
553254 9 -1
553275 3 -1
553286 18 -1
553356 10 1
553363 0 -1
553426 6 -1
553464 5 -1
553465 1 1
553485 8 -1
553496 0 -1
553501 20 -1
553522 11 1
553549 4 1
553555 3 1
553579 2 1
553601 0 1
553638 1 1
553695 15 1
553727 19 -1
553751 7 1
553770 2 1
553787 1 1
553824 16 1
553864 0 1
553867 9 1
553931 5 1
553931 6 1
553936 1 -1
553977 0 -1
553988 2 1
554017 12 1
554025 4 -1
554033 13 1
554065 17 1
554082 0 1
554103 14 1
554106 1 1
554119 3 -1
554189 11 -1
554221 2 -1
554237 0 -1
554259 7 1
554261 1 1
554296 18 1
554388 8 -1
554398 3 1
554404 0 -1
554417 2 -1
554418 1 1
554472 4 1
554506 5 -1
554533 0 -1
554554 6 1
554614 2 1
554673 0 1
554716 3 -1
554726 8 -1
554734 7 1
554743 10 -1
554769 15 -1
554783 1 -1
554837 2 -1
554855 27 1
554947 9 -1
554948 1 1
554963 11 -1
554966 0 1
555049 16 -1
555049 8 1
555081 17 -1
555085 1 -1
555094 0 1
555178 5 -1
555186 4 -1
555194 13 1
555194 7 -1
555207 0 -1
555253 2 1
555258 9 -1
555274 3 1
555283 10 -1
555452 1 -1
555500 12 -1
555506 2 -1
555532 3 1
555533 4 1
555551 0 1
555608 18 -1
555615 1 -1
555629 11 1
555629 5 -1
555680 0 1
555694 7 -1
555715 2 -1
555737 9 1
555768 1 -1
555812 14 1
555817 3 -1
555847 0 1
555871 10 -1
555895 4 -1
555925 8 1
555978 6 -1
556027 5 -1
556056 1 1
556059 21 -1
556065 7 -1
556080 11 -1
556086 12 -1
556086 9 -1
556099 0 1
556129 13 -1
556129 2 -1
556145 19 -1
556167 15 -1
556188 8 1
556218 1 1
556231 0 1
556326 4 -1
556341 0 -1
556376 3 1
556376 2 1
556391 1 -1
556424 6 -1
556468 7 -1
556513 0 -1
556552 1 -1
556598 2 -1
556661 23 -1
556665 4 1
556666 3 -1
556683 9 -1
556688 0 -1
556726 10 -1
556774 1 -1
556801 8 1
556811 11 1
556838 0 1
556887 5 -1
556935 4 -1
556970 0 1
556988 1 -1
557005 12 1
557010 6 1
557021 3 -1
557021 2 1
557145 1 -1
557177 16 1
557201 0 1
557225 4 -1
557244 2 -1
557309 0 -1
557413 3 1
557435 5 -1
557435 14 -1
557440 0 -1
557461 1 1
557467 2 -1
557508 7 -1
557564 20 1
557564 17 1
557623 3 -1
557628 1 1
557737 0 -1
557802 1 -1
557822 10 1
557870 3 -1
557892 0 1
557908 11 1
557927 4 -1
557935 2 -1
557945 6 -1
557951 5 -1
557951 7 -1
557983 9 -1
558034 0 -1
558072 1 -1
558074 3 1
558155 2 1
558209 13 -1
558213 1 1
558281 7 1
558303 0 -1
558306 8 1
558381 18 -1
558382 4 -1
558402 2 -1
558405 0 1
558406 1 -1
558434 6 1
558531 0 1
558537 3 -1
558660 9 -1
558703 0 1
558735 5 1
558760 3 1
558765 4 1
558773 1 -1
558843 2 1
558854 6 1
558870 0 1
558908 8 -1
558950 1 1
558977 3 -1
559031 0 -1
559063 2 -1
559112 19 -1
559112 10 -1
559114 1 1
559200 0 -1
559219 5 -1
559300 2 1
559398 1 1
559426 7 -1
559429 0 1
559466 4 -1
559509 3 -1
559531 1 -1
559552 0 1
559606 5 -1
559715 0 1
559716 1 1
559746 2 -1
559751 3 -1
559821 6 1
559843 8 -1
559853 4 1
559929 12 1
559956 0 -1
559966 10 -1
559982 2 1
560015 7 -1
560015 18 1
560071 1 -1
560079 3 -1
560128 0 -1
560203 2 -1
560230 14 -1
560244 1 1
560251 0 -1
560256 4 1
560272 6 -1
560316 9 1
560402 13 1
560402 1 1
560423 8 -1
560531 22 1
560552 5 -1
560552 0 -1
560587 7 -1
560595 11 -1
560681 2 -1
560692 0 1
560735 3 -1
560764 1 1
560815 0 1
560832 6 1
560896 2 -1
560930 1 1
560944 3 1
560982 5 -1
560982 12 1
560982 8 1
561046 4 1
561065 0 1
561113 1 -1
561122 2 1
561202 6 -1
561213 0 -1
561261 3 -1
561323 0 1
561325 7 1
561347 15 1
561358 2 -1
561412 11 1
561466 4 1
561482 3 1
561487 5 1
561487 9 -1
561490 1 -1
561573 2 -1
561616 6 -1
561622 0 1
561635 1 1
561702 8 -1
561726 3 1
561734 21 1
561740 7 1
561759 0 1
561767 2 -1
561814 1 -1
561828 4 -1
561853 16 -1
561870 0 1
561885 17 -1
561933 3 -1
561951 1 1
562003 5 -1
562041 2 -1
562127 1 1
562129 0 1
562143 13 1
562170 6 1
562191 4 1
562234 3 1
562280 7 -1
562283 0 -1
562312 1 -1
562358 12 -1
562404 0 -1
562422 5 -1
562441 10 1
562476 8 -1
562494 1 1
562508 9 1
562535 2 1
562573 6 1
562594 20 -1
562594 4 1
562616 11 -1
562723 3 1
562725 0 1
562731 7 -1
562772 2 -1
562804 1 -1
562827 0 -1
562895 14 1
562927 3 -1
562928 2 -1
562941 4 1
562981 5 -1
562983 0 -1
562989 1 1
563129 0 1
563148 3 1
563150 1 1
563231 7 1
563242 0 -1
563263 4 -1
563363 0 -1
563371 2 -1
563461 1 1
563465 0 1
563524 5 -1
563589 2 1
563602 1 -1
563634 10 -1
563669 3 1
563696 0 -1
563712 8 1
563763 1 -1
563820 15 -1
563841 2 -1
563852 7 1
563863 6 1
563884 24 -1
563887 0 1
563992 3 -1
564049 4 -1
564078 0 -1
564118 1 1
564180 3 1
564196 9 1
564239 12 -1
564287 2 -1
564303 1 -1
564357 6 1
564358 0 1
564368 11 1
564384 4 -1
564416 7 -1
564422 5 -1
564471 1 1
564487 0 1
564491 2 -1
564545 16 1
564594 8 -1
564615 0 1
564626 10 -1
564650 1 1
564658 3 -1
564663 6 1
564698 4 1
564701 2 -1
564814 5 -1
564839 1 -1
564876 0 1
564919 2 1
564948 17 1
564970 3 1
564984 1 1
564989 0 -1
565088 0 1
565123 2 1
565142 1 1
565152 9 -1
565193 0 1
565228 8 1
565244 3 1
565260 11 -1
565316 0 1
565330 5 -1
565349 2 -1
565408 4 -1
565418 0 -1
565496 13 -1
565497 1 -1
565513 7 1
565555 3 1
565577 2 1
565580 0 -1
565654 1 -1
565679 6 -1
565690 12 1
565799 1 -1
565827 4 -1
565848 0 -1
565953 3 -1
565977 0 -1
565996 7 1
566037 2 1
566106 0 -1
566133 1 -1
566163 5 -1
566168 3 1
566174 4 -1
566270 2 -1
566313 9 -1
566315 1 1
566346 6 -1
566378 21 -1
566388 3 -1
566442 0 -1
566450 1 -1
566464 29 -1
566464 23 -1
566464 18 -1
566474 5 1
566501 2 1
566558 0 1
566585 7 1
566679 8 -1
566716 0 1
566796 1 -1
566843 4 1
566851 6 -1
566851 22 -1
566926 5 -1
566952 1 -1
566980 11 -1
566980 2 -1
566996 0 -1
567012 3 1
567012 16 1
567023 15 1
567111 0 1
567137 1 1
567173 17 1
567200 2 1
567205 4 1
567238 19 1
567238 12 -1
567281 0 1
567302 8 1
567322 1 -1
567334 3 -1
567410 2 1
567416 0 1
567431 10 1
567463 1 1
567547 0 1
567560 4 -1
567629 1 -1
567668 3 -1
567673 5 -1
567694 0 -1
567743 8 -1
567762 13 -1
567762 1 1
567818 4 1
567842 0 1
567866 2 1
567904 9 1
567926 14 -1
568012 6 -1
568065 2 1
568092 3 1
568096 4 -1
568100 0 1
568124 7 -1
568185 1 -1
568205 12 1
568224 0 1
568237 5 -1
568259 2 1
568269 20 1
568318 3 -1
568330 1 1
568346 0 1
568419 4 -1
568442 18 -1
568474 2 1
568475 1 1
568495 10 1
568533 3 1
568605 0 1
568616 7 1
568619 6 -1
568656 9 1
568717 4 -1
568732 8 -1
568741 1 1
568764 0 -1
568767 2 -1
568796 5 1
568910 1 -1
568941 0 -1
568979 19 -1
569006 2 1
569033 6 1
569044 17 -1
569096 1 1
569167 3 -1
569258 2 1
569264 5 -1
569264 0 1
569350 7 -1
569369 3 1
569386 4 -1
569398 0 -1
569430 8 1
569441 9 -1
569489 1 -1
569495 12 1
569516 6 1
569559 0 1
569642 1 -1
569683 3 1
569683 2 -1
569721 5 1
569721 13 1
569821 1 1
569854 4 1
569893 2 -1
569906 0 1
569909 3 -1
569957 6 -1
569962 10 1
570032 14 -1
570059 0 -1
570091 2 -1
570124 3 1
570140 1 1
570148 4 -1
570175 0 -1
570183 11 -1
570183 8 1
570188 5 -1
570329 1 -1
570406 0 1
570419 21 -1
570430 3 -1
570463 1 1
570527 7 1
570535 0 1
570570 2 -1
570575 5 -1
570602 6 -1
570661 0 1
570732 1 1
570763 3 -1
570806 2 1
570806 9 1
570849 8 -1
570906 1 1
570922 4 1
570943 0 -1
570978 7 1
571032 6 1
571043 2 -1
571061 1 1
571070 0 -1
571177 0 1
571276 4 -1
571389 1 -1
571403 3 -1
571408 0 1
571451 5 1
571467 2 1
571537 12 -1
571545 0 1
571559 7 1
571567 1 -1
571623 4 -1
571623 25 -1
571645 8 -1
571678 0 -1
571701 3 1
571709 11 1
571733 2 1
571752 1 1
571798 0 1
571838 18 1
571849 9 -1
571881 20 1
571905 0 -1
571913 5 -1
571927 3 -1
571940 2 1
572010 17 1
572040 0 -1
572105 1 -1
572166 0 -1
572182 8 1
572204 7 1
572236 6 -1
572240 1 1
572322 5 -1
572377 4 1
572381 3 1
572401 1 1
572416 0 -1
572486 2 1
572550 0 -1
572582 1 -1
572590 22 1
572666 3 1
572693 2 1
572706 0 1
572711 4 1
572732 1 -1
572768 7 1
572784 14 -1
572865 10 -1
572870 11 1
572881 9 -1
572913 6 1
572918 2 -1
572931 1 1
573004 3 1
573010 0 -1
573010 8 1
573058 4 -1
573092 1 1
573106 19 -1
573128 12 1
573131 0 -1
573262 5 -1
573262 0 -1
573292 7 -1
573340 2 1
573425 1 -1
573477 4 -1
573493 13 -1
573523 0 -1
573534 2 1
573579 6 1
573602 1 -1
573649 3 -1
573668 0 1
573692 5 -1
573716 2 -1
573770 0 -1
573778 1 1
573856 4 1
573880 0 1
573888 7 -1
573999 3 -1
573999 0 1
574074 16 1
574117 15 1
574118 1 1
574165 0 1
574173 2 -1
574187 4 1
574203 20 -1
574203 5 -1
574289 3 1
574302 1 -1
574349 0 1
574396 10 1
574402 2 1
574461 21 -1
574469 1 1
574514 3 -1
574582 4 1
574611 6 1
574630 0 -1
574636 2 -1
574722 0 -1
574740 8 -1
574751 3 -1
574762 11 1
574799 1 1
574818 0 1
574837 9 -1
574957 1 1
575041 7 1
575044 2 -1
575060 0 1
575068 3 1
575092 1 -1
575127 5 -1
575138 13 -1
575149 24 1
575168 0 -1
575213 6 -1
575221 1 1
575288 2 1
575299 17 -1
575301 0 -1
575339 4 1
575374 1 1
575418 8 1
575460 3 -1
575509 2 -1
575529 1 1
575568 5 1
575579 0 1
575632 6 1
575690 4 -1
575696 1 1
575713 2 -1
575716 0 1
575718 10 -1
575856 7 1
575858 9 -1
575893 0 1
575923 18 -1
575928 2 1
576049 4 -1
576049 0 -1
576053 1 1
576062 5 -1
576084 3 1
576138 26 -1
576151 2 -1
576181 30 -1
576198 1 1
576226 0 -1
576299 3 -1
576309 11 1
576310 8 -1
576351 1 1
576353 2 -1
576382 0 1
576503 3 1
576508 7 1
576514 6 -1
576524 5 1
576551 0 1
576654 16 1
576686 1 1
576702 10 1
576714 4 1
576718 17 1
576793 9 -1
576804 12 1
576807 2 -1
576849 1 1
576871 0 -1
576922 5 1
577003 6 -1
577016 1 1
577043 2 1
577051 0 -1
577065 4 -1
577126 3 1
577127 15 -1
577191 0 -1
577229 2 -1
577336 5 1
577379 4 1
577384 11 1
577403 1 1
577470 3 1
577535 6 1
577542 0 -1
577573 1 1
577707 0 -1
577756 1 -1
577763 2 -1
577766 3 -1
577793 5 -1
577836 0 -1
577858 18 -1
577921 1 -1
577989 2 1
578072 1 1
578083 0 -1
578115 6 -1
578116 12 1
578121 10 -1
578125 4 1
578196 0 1
578201 8 1
578244 3 -1
578247 2 -1
578266 19 -1
578268 1 1
578306 0 -1
578314 7 -1
578405 1 -1
578431 4 1
578473 3 1
578508 0 1
578621 13 1
578674 3 -1
578685 0 1
578723 2 1
578729 1 -1
578758 4 1
578760 6 -1
578803 5 1
578819 0 1
578822 7 1
578884 3 -1
578919 1 1
578930 0 -1
578932 21 -1
578965 2 -1
578975 8 1
579061 11 1
579090 1 -1
579112 4 -1
579136 3 -1
579163 2 -1
579179 5 1
579217 0 -1
579298 16 1
579319 12 1
579327 0 -1
579362 6 1
579362 2 -1
579384 3 1
579384 18 1
579435 4 -1
579443 0 1
579469 1 -1
579515 7 -1
579556 10 1
579566 5 1
579569 2 -1
579588 3 -1
579636 1 -1
579642 9 -1
579725 0 -1
579792 8 -1
579800 2 1
579836 1 -1
579840 0 1
579886 4 -1
579932 6 -1
580002 2 1
580015 0 1
580098 3 -1
580136 19 1
580203 1 -1
580237 4 1
580327 0 1
580416 3 1
580432 2 -1
580438 1 -1
580480 9 1
580496 0 1
580512 5 1
580600 0 -1
580600 1 -1
580644 2 1
580652 15 1
580679 3 -1
580706 0 1
580807 1 -1
580862 4 1
580872 2 -1
580878 7 -1
580878 0 1
580974 5 -1
580975 6 -1
580975 1 -1
580977 0 -1
581104 1 1
581109 0 -1
581117 3 1
581168 20 -1
581192 4 1
581265 10 -1
581277 1 1
581308 2 1
581340 3 -1
581400 0 -1
581431 5 1
581496 6 1
581526 0 -1
581539 2 -1
581547 4 -1
581555 14 -1
581632 1 -1
581644 3 1
581652 7 1
581652 8 1
581671 0 -1
581706 9 1
581773 2 1
581781 1 -1
581856 12 -1
581938 1 1
581942 17 -1
581985 0 1
582049 6 1
582092 11 1
582109 0 1
582200 3 -1
582200 2 -1
582204 4 -1
582240 7 1
582248 1 1
582270 0 -1
582286 5 -1
582372 31 -1
582420 2 1
582426 1 1
582530 4 -1
582544 8 1
582555 3 -1
582600 0 1
582607 1 -1
582641 5 1
582654 2 -1
582762 0 1
582804 4 -1
582823 12 1
582845 3 1
582850 2 -1
582877 7 -1
582880 0 1
582966 1 -1
583017 0 1
583076 5 -1
583087 2 1
583123 1 -1
583132 0 1
583146 6 -1
583232 19 1
583272 0 1
583284 1 -1
583296 2 1
583318 11 1
583382 8 -1
583439 0 1
583452 1 -1
583466 7 -1
583490 3 -1
583490 23 1
583525 2 -1
583546 4 1
583619 16 -1
583619 9 1
583631 1 -1
583708 0 -1
583715 6 1
583758 3 -1
583776 1 -1
583834 0 -1
583901 4 -1
583920 5 1
583947 2 -1
583961 1 1
583963 3 1
583982 0 1
583990 7 1
584162 2 1
584223 0 1
584256 4 1
584280 1 1
584377 0 -1
584387 2 -1
584393 5 -1
584425 20 -1
584436 6 1
584441 1 1
584473 3 1
584522 18 -1
584546 0 -1
584582 4 1
584594 7 1
584597 9 1
584602 13 1
584602 1 1
584629 12 1
584651 8 -1
584715 10 -1
584758 3 1
584840 0 -1
584844 17 1
584852 4 -1
584855 2 -1
584866 5 1
584909 22 -1
584941 0 1
584943 1 -1
584952 15 1
585038 3 -1
585040 0 -1
585064 2 -1
585080 11 1
585126 1 1
585164 0 -1
585231 4 1
585277 0 -1
585317 8 1
585324 1 -1
585349 2 -1
585387 0 1
585414 9 -1
585468 6 1
585554 3 -1
585554 0 1
585626 4 -1
585678 1 1
585801 3 -1
585820 7 -1
585846 2 1
585856 1 -1
585876 5 -1
585898 14 -1
585898 0 1
586027 8 1
586044 0 -1
586048 6 -1
586048 9 -1
586064 3 -1
586064 2 -1
586078 1 -1
586166 0 -1
586241 1 -1
586263 13 -1
586298 2 1
586335 4 1
586392 5 1
586448 1 -1
586475 2 -1
586505 0 1
586521 10 -1
586529 7 1
586607 6 1
586610 1 -1
586690 0 -1
586693 2 1
586696 3 1
586706 4 -1
586781 1 1
586849 5 -1
586849 0 1
586908 3 -1
586924 2 1
587037 8 1
587058 12 1
587101 7 -1
587122 4 1
587144 1 1
587150 2 -1
587160 0 1
587187 3 1
587198 6 -1
587319 0 1
587351 1 -1
587402 3 -1
587425 0 -1
587500 1 -1
587531 11 -1
587548 2 -1
587607 3 1
587682 9 -1
587703 8 -1
587706 0 1
587714 4 -1
587736 5 1
587768 2 1
587811 6 1
587827 3 1
587835 0 1
587839 1 -1
587940 16 -1
587964 0 1
588031 2 1
588033 1 1
588047 21 1
588080 3 1
588085 4 1
588190 1 1
588194 0 -1
588262 17 -1
588284 5 1
588294 6 1
588305 0 -1
588327 10 -1
588348 8 1
588429 2 1
588452 4 -1
588457 0 1
588563 9 1
588574 3 -1
588587 1 -1
588641 7 -1
588641 2 1
588649 18 -1
588703 6 -1
588715 0 1
588757 14 -1
588778 5 -1
588782 1 1
588823 0 -1
588853 2 1
588896 3 -1
588929 11 1
588934 0 -1
588939 1 1
588993 12 1
589036 13 1
589101 9 1
589103 1 -1
589170 3 1
589248 0 -1
589250 1 1
589254 7 1
589266 4 1
589340 2 -1
589345 0 1
589427 1 -1
589478 0 1
589592 4 1
589600 0 1
589611 6 1
589622 2 -1
589627 1 1
589627 5 1
589721 0 1
589724 3 -1
589746 8 -1
589767 15 1
589850 7 -1
589853 2 1
589880 0 -1
589939 1 1
589995 4 1
590003 20 1
590006 0 -1
590057 3 -1
590079 5 -1
590084 1 -1
590095 2 -1
590100 19 1
590116 6 1
590282 1 -1
590283 24 1
590307 0 -1
590310 4 1
590361 2 -1
590369 3 1
590482 0 -1
590498 5 1
590498 8 -1
590568 2 -1
590584 23 1
590620 1 1
590624 4 1
590651 0 -1
590659 6 1
590670 11 -1
590791 2 1
590794 1 1
590810 9 -1
590917 0 -1
590922 3 1
590955 1 -1
590971 27 1
590971 12 1
590982 5 -1
591003 4 -1
591014 18 -1
591035 16 -1
591065 0 1
591132 3 -1
591218 0 -1
591245 7 1
591267 2 1
591283 8 -1
591318 4 -1
591320 1 -1
591414 3 1
591511 0 1
591511 2 1
591514 5 -1
591527 1 1
591551 22 -1
591613 0 -1
591676 1 1
591702 3 -1
591734 0 -1
591750 2 -1
591809 9 -1
591893 0 1
591917 6 -1
591938 13 1
591946 7 -1
591975 4 1
591987 10 -1
592003 5 1
592014 3 1
592014 0 1
592027 1 -1
592132 0 1
592166 1 1
592210 2 -1
592242 0 -1
592315 1 1
592317 4 -1
592347 3 1
592368 12 1
592438 2 1
592454 19 1
592486 6 1
592503 5 1
592562 0 -1
592615 3 1
592632 7 1
592640 4 -1
592672 1 1
592677 0 -1
592680 2 -1
592777 25 1
592822 0 1
592835 1 1
592841 20 1
592863 21 1
592911 8 1
592981 6 1
593006 1 1
593013 9 -1
593067 0 1
593115 3 1
593115 2 1
593172 0 -1
593260 4 1
593322 0 1
593336 2 -1
593361 1 -1
593389 7 1
593395 3 -1
593406 10 1
593422 5 1
593486 17 -1
593551 12 1
593551 1 1
593575 0 1
593578 2 1
593639 4 1
593690 0 -1
593728 3 -1
593733 8 1
593748 1 -1
593763 2 1
593809 0 -1
593884 5 -1
593943 0 -1
593959 11 1
593970 4 1
593970 2 1
594067 7 -1
594088 6 -1
594096 0 1
594099 16 1
594115 1 -1
594177 2 1
594209 0 1
594238 15 1
594321 0 -1
594329 1 -1
594330 5 1
594362 3 1
594413 2 -1
594475 8 1
594490 1 -1
594523 6 -1
594572 3 -1
594604 0 1
594647 7 1
594683 1 1
594687 4 1
594756 0 -1
594771 3 1
594840 13 1
594851 1 -1
594873 10 -1
594883 12 -1
594905 9 1
594908 0 1
594910 2 1
594994 4 1
595012 1 -1
595012 6 -1
595136 2 -1
595168 0 1
595195 1 1
595264 4 -1
595292 5 1
595335 0 1
595340 7 -1
595356 2 -1
595389 8 -1
595402 3 -1
595515 0 1
595530 1 -1
595609 3 1
595636 6 1
595657 11 1
595665 1 1
595733 5 -1
595786 14 -1
595824 3 1
595840 0 -1
595840 2 -1
595842 1 1
595942 0 1
595945 4 1
595958 9 -1
596028 3 -1
596047 2 1
596063 0 1
596130 28 -1
596130 6 1
596181 0 1
596216 12 -1
596231 4 1
596238 3 1
596254 2 1
596259 19 1
596259 5 -1
596260 1 -1
596300 0 1
596447 1 1
596454 0 -1
596466 3 1
596474 8 -1
596560 0 1
596582 4 1
596582 7 1
596646 1 -1
596689 6 -1
596727 2 -1
596775 9 1
596808 0 1
596810 3 1
596861 18 1
596955 0 -1
596961 2 1
596969 1 -1
597076 11 -1
597125 0 -1
597158 1 -1
597230 2 1
597248 5 1
597291 3 -1
597299 7 -1
597328 1 -1
597334 8 -1
597345 6 -1
597424 4 -1
597431 0 -1
597474 2 -1
597485 17 -1
597506 21 1
597509 1 1
597541 0 1
597582 10 1
597587 3 1
597662 5 -1
597662 1 1
597678 22 1
597705 0 -1
597730 4 -1
597735 2 -1
597791 3 -1
597819 1 1
597974 2 1
597982 0 1
598003 1 -1
598049 4 -1
598081 7 -1
598138 0 -1
598151 8 1
598173 5 1
598194 20 -1
598194 3 -1
598218 2 -1
598256 0 -1
598331 1 1
598361 0 1
598452 13 -1
598484 1 1
598519 0 -1
598543 3 -1
598603 9 1
598608 6 1
598656 1 -1
598672 5 1
598691 0 -1
598705 2 1
598710 26 -1
598734 4 1
598753 14 -1
598812 0 -1
598893 3 -1
598903 11 1
598917 2 1
598974 1 -1
599024 4 1
599065 10 -1
599117 1 1
599124 2 1
599147 0 1
599161 6 -1
599215 5 1
599256 0 -1
599260 1 1
599311 4 -1
599312 18 1
599339 7 -1
599355 3 -1
599360 0 1
599419 19 1
599559 6 1
599581 2 1
599615 1 -1
599626 0 -1
599661 3 1
599667 5 -1
599747 0 -1
599753 9 -1
599798 1 -1
599823 2 -1
599839 8 -1
599871 3 -1
599927 0 -1
599978 1 1
599992 4 1
600032 7 1
600075 2 1
600134 5 1
600145 3 1
600171 1 -1
600202 0 1
600301 12 -1
600302 4 -1
600330 1 -1
600344 0 -1
600504 1 -1
600511 0 -1
600516 11 1
600519 2 1
600521 3 1
600602 15 1
600610 0 1
600617 4 -1
600629 7 1
600645 8 -1
600656 6 -1
600693 1 1
600711 0 -1
600752 2 -1
600755 3 1
600774 29 1
600806 10 -1
600892 0 -1
600903 4 1
600946 9 1
600967 17 1
600970 3 1
600970 2 1
601040 0 -1
601052 1 -1
601064 6 1
601107 5 -1
601161 13 1
601241 4 -1
601242 1 1
601292 0 -1
601360 3 1
601392 0 1
601421 2 1
601429 1 -1
601505 14 -1
601507 0 1
601515 5 -1
601569 6 1
601580 3 1
601596 4 1
601655 2 -1
601720 8 -1
601765 1 -1
601773 3 -1
601786 0 -1
601886 2 1
601902 9 1
601909 0 -1
601918 5 -1
601951 1 1
601983 4 1
602015 7 -1
602016 0 1
602140 1 -1
602171 11 1
602225 10 1
602257 0 1
602300 3 -1
602332 2 1
602365 0 1
602408 12 -1
602461 6 -1
602495 1 -1
602512 0 -1
602564 2 -1
602631 0 -1
602644 7 -1
602658 1 -1
602666 3 1
602680 4 -1
602730 0 1
602762 9 -1
602808 2 -1
602821 5 -1
602838 1 -1
602840 0 1
602924 3 1
602959 0 1
602988 6 -1
602995 1 -1
603015 4 -1
603170 1 1
603187 0 -1
603192 8 1
603260 2 -1
603273 5 1
603337 7 1
603354 4 1
603367 0 -1
603374 1 -1
603397 18 -1
603466 2 -1
603482 23 -1
603485 0 -1
603529 1 -1
603531 3 1
603590 6 1
603714 2 -1
603716 0 -1
603740 19 -1
603762 3 1
603762 9 -1
603794 5 1
603837 10 -1
603859 0 -1
603902 16 1
603950 1 1
603966 8 1
603982 7 1
603990 0 -1
603998 11 -1
603998 6 -1
604006 4 1
604058 3 -1
604152 1 -1
604170 2 -1
604262 0 1
604309 1 -1
604353 4 -1
604367 2 -1
604388 0 1
604402 3 -1
604455 6 -1
604512 0 1
604587 7 1
604595 2 1
604643 20 1
604644 5 -1
604680 1 -1
604745 3 -1
604767 0 -1
604780 4 1
604799 2 1
604815 8 -1
604847 1 -1
604858 12 -1
604908 0 1
605020 2 1
605063 0 -1
605063 1 1
605084 6 -1
605095 10 -1
605138 5 1
605138 9 -1
605159 3 -1
605240 2 -1
605256 7 1
605350 0 -1
605431 3 -1
605446 1 -1
605460 14 -1
605495 2 -1
605503 0 1
605506 4 1
605514 6 1
605619 1 -1
605632 5 1
605713 0 -1
605788 1 1
605896 3 1
605923 2 1
605933 4 -1
605936 0 -1
605951 1 -1
606030 7 1
606057 0 -1
606105 3 -1
606111 5 -1
606123 1 -1
606154 2 -1
606175 0 1
606292 1 1
606344 4 -1
606385 2 1
606406 3 1
606469 1 1
606482 10 1
606510 0 -1
606589 5 1
606621 8 -1
606643 6 -1
606675 4 -1
606696 0 1
606795 0 -1
606796 3 1
606897 1 1
606912 2 -1
606952 0 1
607008 3 1
607038 4 1
607073 5 -1
607088 1 -1
607126 0 1
607137 2 1
607218 3 -1
607227 1 1
607255 0 1
607277 6 -1
607288 9 1
607309 15 -1
607390 2 1
607392 0 1
607409 4 -1
607417 7 -1
607481 11 1
607556 8 1
607567 5 1
607574 1 -1
607727 1 -1
607753 0 1
607820 3 -1
607868 4 1
607868 0 1
607868 2 -1
607900 6 1
607912 1 1
608029 3 1
608067 0 -1
608067 2 -1
608126 13 1
608158 7 1
608247 1 1
608287 2 1
608298 3 1
608326 0 -1
608434 1 -1
608467 0 -1
608508 2 -1
608518 3 -1
608535 5 -1
608535 9 1
608566 1 1
608578 4 -1
608578 8 1
608610 0 1
608642 12 1
608731 1 1
608755 7 1
608763 2 -1
608814 3 1
608833 0 -1
608868 6 -1
608910 1 -1
608920 4 1
608960 0 -1
608970 2 -1
609007 5 1
609029 11 1
609068 0 -1
609088 3 1
609114 1 1
609166 0 1
609228 2 -1
609230 4 1
609244 9 1
609267 1 1
609314 0 -1
609427 3 1
609454 0 -1
609459 5 -1
609459 14 -1
609470 6 1
609480 10 1
609513 8 -1
609583 0 -1
609630 1 1
609701 2 -1
609803 19 -1
609815 1 -1
609849 0 -1
609871 4 -1
609943 3 1
609964 6 1
609964 2 -1
609999 0 1
610000 1 -1
610139 0 -1
610142 7 -1
610206 3 1
610206 4 -1
610206 2 1
610319 16 1
610375 1 1
610426 5 1
610448 3 1
610456 0 1
610491 12 1
610562 0 -1
610563 1 -1
610577 20 -1
610613 4 -1
610658 2 1
610663 0 1
610706 11 1
610706 17 1
610717 8 1
610718 1 -1
610803 10 1
610889 5 -1
610894 3 1
610899 7 1
610905 2 1
610934 0 -1
611085 1 1
611090 0 1
611093 25 -1
611136 3 1
611136 2 -1
611146 6 1
611196 0 -1
611222 13 1
611272 1 -1
611294 0 1
611308 15 -1
611318 4 -1
611361 5 1
611399 3 1
611433 1 -1
611437 9 1
611464 0 1
611560 2 1
611627 1 1
611630 6 1
611638 0 1
611645 4 -1
611662 8 -1
611754 7 1
611786 2 1
611789 0 -1
611790 1 1
611829 3 1
611972 4 -1
611972 1 -1
612009 2 -1
612050 0 -1
612137 1 -1
612178 3 1
612181 0 -1
612200 5 -1
612216 2 -1
612305 0 -1
612334 4 1
612367 10 1
612372 6 -1
612372 9 1
612447 3 1
612461 2 -1
612469 18 -1
612520 1 -1
612533 8 1
612536 0 1
612661 4 1
612670 0 1
612678 3 -1
612686 2 1
612699 1 1
612716 5 -1
612799 0 -1
612813 6 -1
612882 2 1
612886 1 -1
612899 12 -1
612901 3 -1
612999 4 -1
613084 0 1
613106 3 1
613157 14 1
613167 5 1
613184 0 -1
613189 7 1
613207 1 -1
613306 4 -1
613307 6 -1
613312 0 -1
613318 3 1
613323 2 -1
613406 1 1
613415 9 1
613420 0 1
613518 0 -1
613527 2 -1
613602 1 1
613624 0 1
613640 5 -1
613745 0 1
613761 7 1
613769 2 -1
613834 6 -1
613886 4 -1
613910 1 1
613931 17 -1
613941 3 1
613963 13 -1
614016 21 1
614017 0 -1
614108 5 1
614120 1 -1
614135 0 1
614215 2 1
614231 3 -1
614253 0 1
614257 4 1
614283 1 -1
614301 7 -1
614446 6 1
614447 15 1
614447 2 -1
614500 8 -1
614506 3 -1
614511 0 1
614575 5 -1
614616 4 -1
614618 11 -1
614648 1 1
614657 0 -1
614699 2 -1
614782 0 -1
614837 1 -1
615019 1 1
615027 5 1
615027 7 1
615075 0 -1
615097 3 -1
615161 2 -1
615223 0 -1
615298 3 1
615317 4 1
615349 10 1
615376 2 1
615378 1 -1
615392 9 1
615400 0 -1
615403 8 1
615511 3 1
615551 0 1
615563 1 1
615564 6 -1
615591 7 -1
615607 2 -1
615664 0 -1
615696 4 1
615744 1 1
615806 2 -1
615846 0 1
615865 16 -1
615903 3 1
615951 5 1
615998 4 1
616008 0 -1
616048 2 1
616118 3 1
616172 1 -1
616231 8 1
616263 6 -1
616268 7 1
616269 2 -1
616295 14 1
616295 0 1
616317 3 -1
616377 1 1
616403 5 -1
616414 0 1
616518 0 -1
616521 2 -1
616532 9 -1
616553 11 1
616555 1 -1
616639 4 1
616639 12 -1
616693 6 1
616725 3 1
616736 10 -1
616749 0 1
616841 7 1
616908 5 -1
616919 3 -1
616932 1 -1
616951 0 -1
616983 2 -1
617014 4 -1
617069 0 1
617111 1 1
617115 3 1
617222 2 -1
617280 1 1
617320 4 -1
617381 9 -1
617448 0 -1
617456 2 1
617456 18 1
617466 1 -1
617577 0 -1
617609 1 1
617693 3 1
617695 4 1
617703 0 -1
617802 1 -1
617832 5 -1
617838 0 -1
617881 2 -1
617929 17 -1
617934 6 -1
617948 0 1
617951 3 1
617965 1 -1
618049 0 -1
618062 4 -1
618106 7 1
618125 2 -1
618166 8 -1
618206 0 1
618252 3 -1
618294 5 1
618340 4 1
618344 1 1
618348 10 -1
618362 2 1
618391 6 -1
618421 0 -1
618509 11 1
618526 1 -1
618544 0 -1
618553 9 1
618655 3 1
618691 1 -1
618692 0 1
618707 4 -1
618746 5 -1
618778 6 1
618784 7 -1
618837 2 -1
618870 3 1
618961 0 -1
619044 1 1
619063 2 1
619066 0 1
619068 3 -1
619155 8 -1
619200 0 1
619229 1 -1
619294 2 -1
619421 1 1
619429 7 -1
619437 4 -1
619477 3 1
619498 9 1
619509 0 1
619520 12 1
619525 2 1
619654 5 -1
619670 3 -1
619684 0 1
619751 2 -1
619762 6 1
619771 1 -1
619791 4 1
619799 0 1
619867 3 1
619912 0 1
619982 2 1
619987 1 -1
619993 13 1
620028 0 1
620079 3 -1
620079 8 1
620095 5 1
620134 0 -1
620178 1 1
620219 2 -1
620227 4 1
620256 0 -1
620305 3 -1
620376 1 -1
620380 6 -1
620485 0 1
620509 9 1
620557 1 -1
620606 3 1
620606 0 1
620622 5 1
620654 2 1
620731 1 1
620759 0 -1
620869 3 1
620880 7 -1
620885 2 -1
620912 1 -1
620936 4 1
621046 0 -1
621073 5 -1
621106 2 1
621106 10 -1
621156 0 1
621197 6 1
621218 9 -1
621271 4 1
621277 1 -1
621337 0 1
621455 3 1
621480 1 1
621535 2 -1
621541 5 1
621597 4 1
621621 7 1
621638 1 1
621651 0 1
621734 3 1
621756 12 -1
621788 2 -1
621823 0 -1
621906 8 1
621928 15 1
621971 3 1
621976 0 1
622012 1 -1
622014 2 1
622046 5 1
622084 6 1
622194 1 1
622226 0 -1
622272 24 -1
622274 4 -1
622315 7 -1
622377 0 1
622383 1 -1
622422 11 -1
622444 19 1
622487 3 1
622489 2 -1
622497 5 -1
622532 0 -1
622551 6 1
622625 4 1
622707 3 -1
622718 2 1
622744 1 -1
622804 0 -1
622809 8 -1
622895 13 -1
622922 0 -1
622927 1 1
622928 10 1
622933 3 1
622949 2 -1
622960 9 1
622960 18 -1
622976 4 1
622992 6 -1
623032 0 1
623089 17 1
623117 1 -1
623218 2 -1
623278 0 1
623330 4 -1
623339 1 1
623400 0 1
623433 5 -1
623438 2 1
623524 3 1
623534 1 1
623552 0 -1
623648 14 1
623674 2 -1
623685 4 1
623691 8 1
623734 1 -1
623782 7 -1
623806 0 -1
623825 3 -1
623903 1 -1
623916 9 1
623932 2 -1
623970 5 -1
623986 0 -1
623992 26 -1
624048 4 -1
624077 6 -1
624094 0 1
624174 3 -1
624206 11 1
624225 0 1
624252 1 1
624314 10 -1
624338 4 -1
624381 3 -1
624381 2 -1
624419 0 -1
624443 5 1
624463 1 1
624507 23 1
624512 7 1
624529 6 1
624561 0 1
624585 3 1
624594 8 -1
624607 2 1
624649 1 -1
624690 0 1
624798 3 1
624811 2 1
624852 9 1
624937 12 -1
624959 6 1
624963 1 -1
624983 0 -1
624996 3 -1
625023 15 -1
625088 7 -1
625120 0 -1
625128 4 -1
625148 1 1
625265 0 1
625308 2 -1
625340 1 1
625405 3 1
625410 5 -1
625507 2 -1
625511 4 1
625539 8 1
625566 0 1
625604 3 -1
625620 10 -1
625664 1 -1
625719 0 -1
625754 2 1
625797 13 1
625800 3 1
625830 1 1
625836 0 -1
625862 4 -1
625932 5 -1
626012 11 -1
626019 1 -1
626055 6 -1
626063 0 1
626196 1 -1
626206 3 -1
626206 2 1
626207 0 -1
626359 0 1
626362 1 1
626388 5 1
626402 3 1
626432 2 -1
626469 0 -1
626485 6 -1
626519 4 1
626535 1 1
626571 8 1
626579 0 1
626614 9 -1
626630 2 -1
626684 3 1
626684 7 -1
626686 0 -1
626712 1 -1
626786 0 1
626845 4 1
626875 2 -1
626969 6 -1
627055 0 -1
627105 1 1
627120 2 1
627152 10 -1
627162 0 1
627192 4 -1
627267 1 1
627273 0 -1
627340 2 -1
627356 3 1
627367 5 -1
627458 1 -1
627474 7 -1
627536 0 -1
627582 8 1
627595 2 -1
627681 0 -1
627700 3 1
627754 6 -1
627797 12 1
627818 5 1
627825 1 -1
627861 14 1
627888 0 1
627958 4 -1
627990 9 -1
628022 1 1
628025 2 1
628044 3 1
628151 0 1
628212 1 -1
628224 7 1
628248 6 1
628251 2 -1
628259 5 -1
628302 3 1
628305 0 -1
628321 4 1
628404 0 1
628485 2 1
628522 10 1
628528 3 -1
628530 0 1
628595 1 -1
628638 0 1
628643 4 1
628667 6 -1
628732 5 1
628748 3 1
628780 1 -1
628791 0 -1
628807 21 1
628885 0 -1
628920 2 -1
628949 4 1
628962 1 1
628992 3 1
629116 0 1
629119 9 1
629135 2 1
629151 1 -1
629162 5 -1
629183 6 1
629264 4 1
629280 8 -1
629293 0 1
629328 1 -1
629371 2 -1
629390 0 -1
629436 3 -1
629518 1 1
629602 4 -1
629608 5 1
629662 3 1
629667 6 1
629667 7 1
629667 17 -1
629703 1 -1
629721 0 -1
629796 16 -1
629796 10 1
629831 2 -1
629840 0 -1
629882 11 1
629898 3 1
629925 4 -1
629938 0 1
630011 12 -1
630022 5 1
630074 1 -1
630089 2 -1
630178 0 -1
630204 6 1
630264 1 1
630274 0 1
630296 2 -1
630312 8 -1
630422 0 -1
630425 7 1
630429 1 1
630530 3 1
630673 0 -1
630675 4 -1
630747 2 -1
630767 1 -1
630785 15 -1
630833 5 1
630849 6 1
630850 9 -1
630860 0 -1
630925 3 -1
630957 1 1
630973 2 1
630989 4 -1
631038 0 -1
631054 7 1
631130 1 1
631183 2 1
631215 14 -1
631236 3 1
631269 8 1
631306 5 -1
631317 0 -1
631360 13 1
631416 4 -1
631470 0 1
631533 1 -1
631640 0 -1
631645 9 1
631656 2 -1
631704 3 -1
631709 1 1
631795 6 -1
631806 5 -1
631881 2 1
631888 1 1
631956 3 -1
631962 0 1
631989 11 1
632071 1 -1
632077 4 1
632107 0 -1
632131 2 1
632228 0 -1
632241 1 -1
632274 3 1
632279 6 -1
632333 18 -1
632376 22 -1
632408 1 -1
632483 0 -1
632497 4 1
632585 1 1
632593 2 1
632602 0 1
632618 7 -1
632634 9 1
632709 5 -1
632730 10 1
632752 0 1
632799 4 1
632822 2 -1
632859 3 1
632862 0 -1
632924 6 -1
632926 1 -1
633005 0 -1
633037 2 1
633080 3 -1
633128 1 1
633150 0 1
633225 5 -1
633246 8 -1
633254 7 1
633271 0 1
633279 30 1
633311 1 -1
633332 3 -1
633448 4 1
633494 2 1
633547 0 -1
633646 0 1
633676 5 1
633684 1 -1
633725 2 -1
633749 0 -1
633827 13 1
633835 4 -1
633867 1 -1
633956 6 -1
633969 2 -1
633993 3 1
634020 7 -1
634028 0 1
634036 1 -1
634176 2 -1
634179 0 1
634182 8 1
634218 4 1
634235 3 1
634327 10 1
634332 11 -1
634333 0 -1
634397 2 1
634419 1 1
634456 3 -1
634526 6 1
634536 4 1
634601 5 1
634606 2 1
634611 1 -1
634649 0 -1
634698 17 1
634757 0 1
634786 1 -1
634853 2 1
634856 0 -1
634891 4 1
634923 3 1
634934 12 1
634982 1 -1
635025 0 -1
635084 20 1
635085 8 -1
635117 6 -1
635130 0 1
635138 5 1
635153 1 -1
635203 3 1
635243 0 -1
635286 4 1
635316 2 1
635338 1 1
635342 25 -1
635343 9 1
635350 7 1
635412 0 -1
635461 3 1
635522 1 -1
635541 2 -1
635608 4 1
635633 5 1
635748 0 1
635762 10 -1
635772 2 1
635895 1 1
635901 0 -1
635971 7 1
635993 3 -1
636030 6 1
636052 0 1
636096 1 1
636106 5 -1
636194 3 1
636240 2 1
636254 1 1
636323 0 -1
636326 4 1
636417 12 -1
636466 3 1
636495 2 1
636503 16 -1
636520 0 1
636536 6 1
636589 9 -1
636616 5 -1
636620 1 -1
636632 13 -1
636632 7 1
636643 0 1
636681 4 -1
636718 3 1
636756 2 -1
636818 1 1
636880 0 -1
636966 6 -1
637008 5 -1
637019 4 -1
637023 1 -1
637027 0 -1
637062 3 1
637193 0 -1
637197 7 1
637234 15 -1
637240 2 1
637256 8 -1
637283 3 -1
637299 0 1
637406 1 1
637417 6 1
637425 0 -1
637455 5 1
637471 2 -1
637546 0 -1
637578 3 1
637580 1 1
637651 0 1
637707 2 1
637755 1 -1
637797 4 1
637842 7 1
637901 6 1
637928 2 -1
637938 0 -1
638051 14 -1
638073 8 -1
638094 3 1
638097 0 1
638110 1 1
638175 2 -1
638204 4 1
638221 0 1
638223 9 -1
638285 1 -1
638309 12 -1
638352 5 1
638358 3 1
638374 10 1
638384 6 1
638409 2 1
638454 1 -1
638476 0 -1
638502 11 -1
638519 7 -1
638575 4 -1
638575 0 1
638605 2 1
638658 3 -1
638696 0 1
638782 21 -1
638814 6 -1
638829 1 -1
638847 5 -1
638868 8 -1
638925 0 -1
639007 1 1
639047 0 -1
639083 2 1
639164 3 1
639169 0 -1
639172 1 1
639232 4 1
639244 7 1
639325 5 1
639341 2 -1
639362 3 -1
639451 0 1
639529 1 1
639561 3 1
639567 2 1
639575 0 1
639599 4 -1
639648 10 -1
639670 0 -1
639716 1 -1
639739 8 1
639889 13 -1
639889 1 -1
639905 4 -1
639914 0 1
639964 6 1
639975 3 -1
639986 9 1
640026 0 -1
640053 2 -1
640115 17 1
640136 0 -1
640158 24 -1
640171 3 1
640212 1 -1
640255 5 1
640282 2 1
640373 3 -1
640384 6 -1
640405 0 -1
640425 1 -1
640478 7 1
640515 2 -1
640545 0 -1
640582 3 -1
640595 1 -1
640631 11 -1
640652 8 -1
640655 4 -1
640685 0 -1
640749 5 1
640776 3 1
640784 1 1
640835 6 1
640846 28 -1
640873 10 -1
640986 1 -1
640990 4 1
641007 3 1
641007 0 -1
641010 2 1
641120 0 -1
641179 5 1
641183 1 -1
641190 18 1
641236 2 -1
641284 7 1
641287 0 1
641297 3 1
641361 1 -1
641383 9 1
641389 4 -1
641421 0 1
641448 14 1
641486 2 -1
641526 0 1
641534 22 1
641639 0 -1
641684 8 -1
641711 2 1
641723 1 -1
641746 0 1
641754 3 -1
641846 6 1
641905 7 1
641942 2 -1
641949 1 -1
642050 3 1
642066 4 1
642114 0 -1
642114 1 -1
642168 5 -1
642171 2 1
642179 16 -1
642227 0 1
642308 15 -1
642356 0 -1
642392 4 1
642394 3 1
642404 6 -1
642421 2 1
642441 1 1
642544 9 -1
642566 23 1
642598 8 1
642609 11 -1
642628 1 -1
642636 5 1
642665 0 -1
642775 4 -1
642792 1 -1
642821 0 1
642834 6 -1
642867 12 -1
642872 2 1
642933 0 1
643001 3 1
643084 2 1
643087 5 -1
643114 13 -1
643140 1 1
643144 0 1
643291 0 -1
643310 2 -1
643340 1 -1
643345 3 1
643461 0 1
643477 4 1
643517 7 1
643525 1 1
643598 3 1
643603 0 -1
643630 10 -1
643651 6 1
643694 1 1
643735 0 -1
643759 2 -1
643807 4 1
643856 0 -1
643890 1 1
643966 0 1
643995 5 -1
643996 2 1
644044 3 1
644051 1 1
644114 6 1
644146 4 -1
644196 0 -1
644237 2 1
644243 7 -1
644251 1 -1
644286 31 -1
644307 8 -1
644318 0 -1
644382 3 1
644447 6 1
644455 0 -1
644484 5 -1
644501 9 -1
644622 1 -1
644646 3 1
644694 2 1
644767 0 -1
644795 1 -1
644855 7 -1
644856 10 -1
644863 4 1
644888 3 1
644888 14 1
644888 0 -1
644941 5 1
644944 2 1
644952 6 1
644968 1 -1
645043 0 1
645145 13 1
645162 3 1
645170 2 -1
645234 4 -1
645296 8 -1
645335 1 -1
645350 0 1
645382 2 -1
645449 0 -1
645457 3 -1
645502 1 -1
645597 9 1
645602 2 1
645605 0 1
645637 4 -1
645682 1 1
645704 3 -1
645717 0 -1
645726 6 -1
645820 2 -1
645833 15 -1
645855 0 -1
645898 5 1
645962 12 1
645972 4 -1
646019 0 -1
646042 1 -1
646059 2 1
646134 0 -1
646194 3 1
646198 1 -1
646242 7 1
646322 4 -1
646333 6 1
646349 8 -1
646360 5 -1
646383 0 -1
646387 1 1
646435 3 1
646503 2 1
646535 0 1
646564 11 1
646566 1 -1
646645 4 1
646650 0 -1
646661 10 1
646715 6 -1
646731 2 -1
646736 3 -1
646754 1 1
646801 9 -1
646822 5 1
646903 0 -1
646939 1 -1
646965 2 1
647016 7 1
647032 4 -1
647045 0 -1
647137 1 1
647215 0 -1
647333 3 -1
647438 2 -1
647467 20 1
647483 1 -1
647505 0 1
647564 7 -1
647615 0 -1
647650 2 -1
647666 3 -1
647673 1 1
647725 19 -1
647725 10 -1
647736 0 -1
647782 4 1
647800 5 -1
647849 0 1
647860 3 1
647882 1 1
647897 2 -1
647919 13 -1
647947 0 -1
648037 6 1
648065 0 -1
648116 4 1
648155 8 -1
648169 0 1
648233 1 -1
648252 5 1
648268 3 -1
648290 7 1
648373 2 1
648410 1 1
648439 4 1
648467 3 1
648483 0 -1
648591 2 1
648600 1 -1
648612 0 -1
648628 12 1
648660 5 1
648671 6 1
648682 3 1
648714 11 1
648752 0 -1
648757 18 -1
648857 2 1
648959 1 1
648995 0 -1
649031 7 1
649064 2 1
649072 4 1
649074 3 1
649093 0 1
649101 9 1
649152 1 -1
649160 10 1
649187 8 -1
649222 0 1
649273 3 -1
649311 2 1
649316 15 -1
649330 1 1
649359 6 1
649483 3 -1
649491 4 1
649507 0 1
649553 2 -1
649604 0 -1
649644 5 -1
649672 1 -1
649773 7 -1
649789 0 -1
649794 2 -1
649839 1 -1
649886 4 -1
649929 3 1
649948 0 1
650041 1 1
650069 8 1
650114 0 1
650160 5 -1
650187 3 1
650220 0 -1
650251 2 -1
650327 9 -1
650335 0 -1
650337 6 -1
650398 1 -1
650402 10 1
650407 3 -1
650488 2 1
650498 7 1
650574 0 -1
650587 4 1
650589 1 1
650606 5 1
650670 0 1
650692 17 1
650708 2 -1
650765 1 1
650778 11 1
650789 6 1
650821 0 -1
650875 3 1
650966 4 -1
651063 5 -1
651095 3 -1
651108 0 -1
651139 1 1
651186 2 1
651246 0 1
651288 4 -1
651341 1 1
651348 9 1
651369 6 -1
651375 0 1
651391 3 1
651436 2 1
651509 5 -1
651526 1 -1
651635 4 1
651662 2 -1
651684 0 -1
651805 0 -1
651821 10 -1
651863 1 -1
651907 3 1
651934 7 1
651939 0 -1
651974 4 -1
651987 5 -1
652030 1 -1
652068 8 -1
652071 0 -1
652122 9 -1
652127 3 -1
652127 2 -1
652170 0 1
652192 1 -1
652250 6 1
652288 0 1
652328 4 1
652353 3 1
652382 2 -1
652396 5 -1
652397 1 -1
652463 0 1
652578 1 -1
652594 3 1
652611 2 1
652627 7 -1
652711 4 1
652737 0 -1
652764 1 1
652842 6 1
652842 2 -1
652858 0 -1
652885 3 1
652929 1 -1
652971 14 1
652992 0 -1
653014 16 1
653068 2 1
653100 15 -1
653100 8 -1
653213 3 1
653250 5 1
653292 1 1
653299 2 -1
653352 0 -1
653356 4 1
653425 7 1
653453 1 -1
653460 0 1
653492 6 1
653540 2 -1
653573 3 1
653573 12 -1
653573 9 -1
653643 0 1
653651 1 1
653659 4 1
653777 5 1
653917 13 1
653945 0 1
653973 2 1
653975 1 1
654003 8 1
654013 4 1
654062 0 1
654089 3 1
654099 6 -1
654171 1 -1
654188 0 1
654218 2 -1
654228 5 -1
654294 0 -1
654309 3 -1
654336 10 -1
654368 9 1
654386 1 -1
654408 0 -1
654427 2 -1
654433 22 1
654529 0 -1
654535 3 1
654669 0 -1
654695 1 1
654723 6 1
654828 4 -1
654868 7 1
654886 1 -1
654907 0 -1
654927 2 1
654927 8 -1
654991 11 1
655066 1 1
655099 0 -1
655120 3 1
655148 2 -1
655169 5 -1
655194 4 1
655225 0 1
655249 1 -1
655282 6 -1
655384 3 1
655392 2 -1
655418 1 -1
655443 9 -1
655486 0 1
655533 4 1
655537 7 1
655593 19 -1
655596 0 -1
655606 1 1
655626 5 1
655636 3 1
655736 0 -1
655765 12 1
655771 1 1
655889 2 1
655894 6 1
655916 10 -1
655951 0 1
655959 8 -1
656048 0 -1
656093 2 1
656115 3 -1
656120 5 1
656138 1 -1
656174 0 -1
656194 4 -1
656327 1 1
656340 3 1
656346 2 1
656367 7 1
656421 0 1
656521 1 -1
656534 0 -1
656572 2 -1
656582 3 1
656613 4 -1
656652 0 -1
656711 11 -1
656822 2 -1
656856 3 1
656883 13 -1
656912 1 -1
656926 0 1
656969 8 -1
656988 4 1
657029 2 -1
657055 14 1
657078 0 -1
657082 5 -1
657101 1 1
657152 3 -1
657206 9 1
657254 0 -1
657262 2 1
657274 1 1
657281 6 1
657351 10 1
657356 15 1
657383 4 -1
657491 5 -1
657496 3 -1
657535 0 -1
657614 12 1
657641 0 -1
657661 1 1
657706 2 1
657714 4 -1
657716 3 1
657765 0 -1
657819 7 1
657855 1 -1
657872 8 1
657904 6 -1
657937 2 -1
657958 5 1
657985 0 1
658048 1 -1
658060 4 1
658141 0 -1
658198 2 -1
658230 1 1
658232 3 1
658251 0 1
658364 0 -1
658389 1 1
658399 5 -1
658403 4 1
658431 9 -1
658496 0 -1
658517 11 1
658528 3 -1
658539 6 1
658552 1 1
658592 7 1
658652 0 1
658684 2 1
658750 1 -1
658775 3 -1
658818 0 1
658872 5 1
658918 2 -1
659049 0 -1
659104 4 -1
659141 17 -1
659157 1 1
659168 0 1
659168 2 -1
659221 7 1
659322 1 1
659326 0 1
659334 16 1
659350 3 1
659388 5 1
659415 4 -1
659452 6 1
659548 1 1
659590 0 1
659595 2 1
659640 3 -1
659678 8 1
659700 12 1
659713 4 -1
659721 20 -1
659721 0 -1
659812 2 -1
659818 0 1
659829 9 1
659855 5 -1
659866 3 1
659907 1 -1
659987 7 1
660052 0 -1
660054 6 -1
660054 2 1
660092 1 1
660108 10 1
660170 0 -1
660237 13 -1
660265 1 -1
660294 0 -1
660328 3 -1
660382 4 1
660409 11 -1
660409 0 -1
660527 0 -1
660554 3 1
660554 2 -1
660560 6 -1
660632 0 1
660640 7 1
660652 1 -1
660678 8 1
660721 4 1
660740 0 -1
660780 2 1
660796 3 1
660842 1 1
660844 5 1
660992 0 -1
661016 2 -1
661027 1 -1
661043 4 1
661070 3 1
661113 0 -1
661223 0 1
661226 12 1
661277 7 1
661312 3 1
661312 14 1
661317 5 -1
661402 1 -1
661468 2 -1
661500 0 -1
661575 3 1
661596 1 1
661618 0 -1
661624 8 -1
661672 10 1
661720 2 -1
661753 4 1
661753 6 -1
661763 0 -1
661773 1 1
661774 5 1
661828 3 1
661914 7 1
661946 2 1
662013 0 1
662059 4 1
662086 9 -1
662140 6 1
662152 1 1
662167 0 -1
662172 23 -1
662215 15 -1
662279 0 1
662337 1 -1
662344 3 1
662365 11 -1
662385 4 1
662416 0 1
662422 2 -1
662517 1 1
662567 0 -1
662580 6 1
662607 3 1
662629 2 -1
662688 0 -1
662688 18 1
662731 5 1
662752 4 1
662798 0 1
662857 1 1
662860 3 1
662860 2 1
662930 10 1
662946 12 1
663021 6 -1
663059 1 -1
663104 0 1
663163 4 1
663204 7 -1
663206 0 -1
663225 5 -1
663225 9 1
663260 1 -1
663336 2 -1
663376 3 1
663386 0 -1
663472 6 1
663548 2 -1
663550 4 1
663596 3 -1
663603 1 1
663626 0 1
663720 8 -1
663733 0 1
663741 5 -1
663764 1 1
663790 2 -1
663822 3 1
663905 0 1
663913 7 1
663924 6 1
663945 4 -1
663948 1 -1
664032 2 1
664107 17 1
664135 1 1
664174 0 -1
664279 2 -1
664284 3 -1
664289 0 -1
664322 11 1
664332 1 -1
664414 0 -1
664483 6 -1
664490 1 -1
664499 2 1
664510 3 1
664518 0 1
664558 9 1
664590 7 -1
664633 5 -1
664639 4 1
664639 0 1
664687 1 1
664719 8 -1
664754 2 1
664762 0 1
664795 12 1
664800 3 -1
664838 14 -1
664860 0 -1
664937 4 1
664945 16 -1
665024 1 -1
665036 3 -1
665077 0 1
665152 2 1
665160 5 -1
665206 0 1
665207 1 -1
665300 4 -1
665354 3 1
665386 2 -1
665388 1 1
665391 0 1
665574 3 -1
665574 6 1
665622 2 1
665633 5 1
665676 0 1
665698 8 1
665772 1 1
665789 0 1
665800 3 1
665864 10 -1
665913 0 1
665961 7 1
665965 1 -1
666021 4 1
666090 2 1
666095 5 -1
666106 13 1
666134 0 -1
666158 1 1
666203 6 -1
666259 0 -1
666262 3 -1
666324 2 -1
666342 11 1
666372 4 1
666377 0 -1
666418 9 1
666498 0 1
666545 1 1
666552 2 1
666584 5 -1
666611 3 -1
666643 6 1
666649 0 1
666721 1 -1
666735 7 -1
666759 4 -1
666797 0 -1
666912 1 1
666912 10 1
666955 3 -1
666963 0 1
666987 2 -1
667036 5 1
667073 1 1
667220 0 -1
667235 2 -1
667243 1 1
667331 9 -1
667332 26 -1
667353 0 -1
667417 3 1
667422 1 -1
667444 4 1
667460 19 -1
667463 2 1
667476 7 -1
667485 0 -1
667503 5 -1
667568 8 1
667610 1 -1
667638 3 -1
667692 2 -1
667767 0 1
667855 4 1
667880 0 1
667939 2 -1
667971 3 -1
667980 1 -1
667982 0 -1
668019 6 1
668166 1 1
668170 2 1
668186 4 1
668267 10 -1
668275 0 -1
668327 1 1
668396 2 -1
668412 0 -1
668444 6 -1
668449 8 -1
668482 5 1
668516 4 -1
668535 3 1
668535 14 1
668557 0 1
668578 12 1
668670 0 1
668686 13 1
668688 1 1
668756 3 -1
668769 0 -1
668847 7 1
668855 1 1
668858 2 -1
668871 4 -1
668925 0 1
668933 5 -1
668981 3 1
669051 1 -1
669051 27 1
669051 9 -1
669078 2 1
669094 0 -1
669137 6 -1
669202 4 1
669223 18 -1
669298 2 1
669314 3 1
669360 0 1
669395 5 1
669403 1 1
669460 8 -1
669496 4 1
669527 0 -1
669567 3 1
669585 1 1
669637 0 1
669653 7 1
669763 2 -1
669778 1 -1
669787 3 -1
669949 0 1
669972 1 -1
669981 6 1
669992 2 1
670013 3 1
670062 9 -1
670088 0 -1
670141 1 -1
670169 4 -1
670212 11 -1
670214 0 -1
670226 2 -1
670320 5 1
670357 1 -1
670362 6 -1
670384 8 1
670435 7 1
670438 0 1
670500 4 -1
670510 1 -1
670513 15 1
670518 3 1
670556 16 1
670583 0 -1
670653 10 -1
670680 0 1
670685 12 -1
670701 2 1
670739 5 1
670771 3 1
670771 21 -1
670801 0 1
670862 1 1
670882 4 1
670901 0 -1
670911 6 1
670932 2 -1
670970 3 1
671040 0 -1
671056 1 -1
671153 7 -1
671153 0 -1
671163 2 1
671201 9 1
671222 8 1
671249 1 1
671255 5 1
671308 6 -1
671389 2 -1
671451 0 1
671459 13 -1
671553 0 -1
671556 3 1
671560 4 -1
671598 1 -1
671642 2 -1
671693 0 -1
671776 3 -1
671781 1 1
671803 24 1
671838 7 1
671867 2 1
671910 6 1
671913 0 1
671951 1 1
671953 11 1
671967 4 1
672026 0 -1
672072 3 1
672098 2 -1
672147 8 -1
672150 0 -1
672174 5 1
672265 10 1
672281 4 1
672293 1 -1
672319 14 -1
672367 6 1
672383 0 -1
672467 1 -1
672504 0 -1
672512 9 1
672544 3 -1
672571 7 -1
672572 2 1
672620 12 -1
672625 5 -1
672633 0 -1
672660 1 1
672802 6 1
672805 2 -1
672808 3 -1
672840 1 -1
672864 0 1
673011 4 1
673026 0 1
673034 3 1
673034 5 -1
673034 2 1
673039 1 1
673050 8 1
673132 0 -1
673168 7 -1
673216 1 -1
673329 3 -1
673353 4 1
673376 1 -1
673394 0 1
673458 9 1
673512 2 -1
673544 0 -1
673550 3 1
673550 5 -1
673603 10 -1
673653 0 1
673724 4 1
673744 1 1
673748 2 1
673781 11 -1
673791 3 1
673867 0 -1
673888 6 1
673954 1 1
673969 2 -1
673972 0 1
674012 3 -1
674039 4 1
674039 5 1
674137 1 -1
674152 0 1
674324 6 -1
674361 17 1
674420 2 -1
674463 0 -1
674466 4 1
674468 1 -1
674528 3 -1
674538 5 1
674574 0 1
674639 1 -1
674673 2 -1
674716 7 1
674727 0 -1
674788 4 1
674791 6 -1
674848 0 -1
674857 1 -1
674877 3 -1
674899 2 1
674909 5 -1
674968 0 1
674985 15 -1
675071 16 1
675092 8 1
675167 3 1
675167 0 -1
675175 4 1
675208 1 1
675283 0 -1
675334 2 -1
675413 1 -1
675433 7 -1
675517 0 1
675578 1 1
675586 6 -1
675600 2 -1
675613 3 1
675643 0 -1
675759 0 1
675768 1 -1
675802 9 1
675834 2 1
675855 3 1
675855 5 1
675881 4 -1
675930 14 1
675970 1 1
675990 0 1
676006 10 -1
676017 18 -1
676088 0 -1
676102 7 1
676129 3 1
676155 1 -1
676156 8 1
676172 6 1
676194 0 1
676239 4 1
676264 2 -1
676307 5 -1
676344 1 1
676441 0 -1
676506 2 1
676543 6 -1
676546 0 1
676554 13 1
676578 4 1
676592 3 -1
676618 25 1
676664 0 1
676704 12 1
676715 1 1
676739 2 -1
676761 0 -1
676801 5 1
676817 3 1
676879 0 -1
676898 9 -1
676913 1 1
676973 8 1
677000 0 -1
677098 1 1
677118 0 -1
677180 3 1
677215 2 1
677312 4 1
677341 0 1
677344 10 1
677392 3 1
677410 1 1
677438 0 -1
677446 2 -1
677546 0 1
677586 3 -1
677610 1 -1
677618 7 -1
677704 2 -1
677719 4 1
677736 6 -1
677763 1 -1
677782 3 1
677801 5 -1
677828 0 -1
677908 9 -1
677930 11 -1
677994 3 1
678000 0 -1
678041 4 1
678109 0 1
678166 2 -1
678194 1 -1
678252 12 -1
678263 7 -1
678295 5 1
678368 1 -1
678370 6 1
678387 3 1
678395 2 1
678408 0 -1
678537 0 -1
678553 1 1
678585 3 -1
678623 2 -1
678639 0 1
678731 0 1
678735 1 -1
678739 4 -1
678752 5 -1
678763 10 -1
678795 3 -1
678838 6 1
678870 2 -1
678876 0 -1
678919 8 -1
678928 1 1
678980 7 1
678986 0 1
679069 13 1
679093 2 1
679101 0 -1
679118 1 -1
679126 4 -1
679187 3 -1
679279 1 -1
679322 2 -1
679397 3 -1
679432 0 1
679445 6 -1
679488 4 1
679558 2 1
679590 3 1
679596 0 1
679650 5 -1
679654 1 1
679730 0 -1
679736 11 1
679837 1 -1
679851 4 -1
679886 15 1
679897 8 -1
679972 16 1
679972 17 -1
679986 0 -1
679996 2 -1
680029 1 1
680080 9 -1
680093 3 1
680104 0 -1
680112 5 1
680144 6 -1
680190 2 -1
680198 4 -1
680278 0 -1
680363 1 1
680380 3 1
680394 2 -1
680488 7 -1
680528 4 1
680544 0 1
680557 1 -1
680563 5 -1
680647 0 -1
680665 3 -1
680703 12 -1
680724 6 1
680770 1 -1
680792 0 1
680800 8 1
680859 4 1
680859 2 -1
680953 0 -1
680961 5 -1
681004 9 1
681063 0 1
681106 2 -1
681165 6 1
681171 0 1
681177 1 -1
681214 7 1
681240 3 1
681310 2 -1
681329 0 -1
681335 1 -1
681418 5 1
681488 3 1
681488 10 1
681508 1 1
681524 4 -1
681568 0 -1
681677 1 1
681711 0 -1
681778 18 1
681810 2 1
681821 3 1
681829 0 -1
681855 1 -1
681875 5 -1
681943 4 -1
681971 7 -1
682028 0 -1
682031 2 -1
682048 1 1
682143 6 1
682146 0 -1
682165 11 -1
682165 9 -1
682231 1 -1
682264 0 -1
682267 3 1
682283 2 -1
682294 4 1
682326 5 1
682326 13 1
682482 3 -1
682504 2 1
682506 0 -1
682576 1 -1
682584 6 -1
682608 0 1
682649 7 1
682659 8 1
682705 0 -1
682713 3 -1
682759 2 1
682761 1 1
682829 0 -1
682928 0 1
682935 1 1
682982 2 -1
683003 10 -1
683027 4 1
683062 0 -1
683068 6 -1
683122 3 1
683191 0 -1
683213 2 1
683288 5 -1
683294 1 -1
683374 7 -1
683378 4 -1
683390 3 1
683431 0 1
683483 1 1
683562 8 -1
683594 0 -1
683632 1 -1
683637 3 1
683654 2 -1
683702 0 1
683737 4 1
683756 5 1
683906 2 1
683938 6 -1
683968 0 -1
683999 1 -1
684027 3 1
684108 0 -1
684127 2 -1
684164 9 -1
684172 7 -1
684213 1 1
684229 0 -1
684239 3 1
684256 5 1
684325 6 1
684326 10 1
684390 1 -1
684433 3 -1
684470 4 1
684471 0 -1
684530 12 -1
684551 8 -1
684575 0 1
684597 2 1
684629 3 1
684694 0 1
684702 6 -1
684757 1 -1
684800 0 -1
684820 2 -1
684841 3 1
684862 4 -1
684874 14 -1
684909 0 -1
684930 1 -1
684954 7 1
685013 0 1
685035 3 -1
685059 2 1
685120 1 1
685148 0 -1
685174 5 1
685220 4 1
685231 3 1
685371 0 1
685454 16 -1
685494 0 1
685497 8 1
685518 6 1
685529 1 -1
685535 2 -1
685605 0 -1
685642 3 -1
685648 5 -1
685746 1 -1
685755 9 1
685760 2 1
685836 3 1
685895 0 -1
685910 1 -1
685930 4 1
685992 2 -1
686018 0 1
686034 3 -1
686099 5 1
686099 6 -1
686120 11 1
686126 0 1
686228 2 1
686228 17 -1
686244 7 1
686294 1 -1
686296 4 -1
686378 8 -1
686421 20 1
686435 0 1
686438 3 1
686448 2 -1
686490 1 1
686569 0 -1
686583 6 -1
686636 3 -1
686651 4 1
686651 1 1
686674 0 1
686701 2 -1
686765 12 1
686787 9 -1
686803 0 -1
686846 3 -1
686913 0 1
686927 2 1
687002 7 -1
687002 10 -1
687023 0 1
687030 1 1
687034 5 1
687144 0 1
687224 1 -1
687238 3 -1
687281 15 1
687303 8 1
687365 0 -1
687384 2 1
687409 1 1
687469 4 -1
687486 5 -1
687487 0 -1
687518 3 1
687578 1 1
687593 0 1
687636 2 1
687647 6 1
687647 7 1
687711 9 -1
687764 1 -1
687814 0 1
687828 4 1
687846 3 -1
687856 2 -1
687916 5 1
687934 0 1
687973 1 -1
688031 0 -1
688071 3 1
688141 18 -1
688151 1 -1
688171 4 1
688184 6 1
688260 13 -1
688270 0 -1
688313 3 1
688313 8 1
688319 2 -1
688372 0 1
688378 11 -1
688426 5 1
688493 0 -1
688505 1 1
688518 10 -1
688544 2 1
688593 9 1
688614 19 -1
688657 3 1
688679 1 1
688711 0 1
688722 6 1
688722 12 1
688767 2 -1
688851 5 1
688856 7 1
688860 1 -1
688867 0 -1
688872 4 -1
688877 3 -1
689007 0 -1
689087 14 -1
689219 2 -1
689223 1 -1
689235 0 1
689275 4 -1
689286 5 -1
689345 3 1
689377 0 -1
689426 2 -1
689430 1 -1
689529 0 1
689565 3 -1
689582 7 -1
689616 1 1
689618 4 -1
689625 9 1
689641 2 1
689780 5 -1
689829 0 1
689861 3 1
689936 10 1
689938 1 1
689975 0 -1
690086 1 -1
690108 6 1
690110 0 -1
690114 2 1
690248 11 1
690267 1 -1
690270 8 -1
690291 7 1
690331 4 -1
690377 2 1
690415 0 -1
690420 12 -1
690425 3 -1
690481 1 -1
690549 23 1
690554 0 -1
690606 2 -1
690630 3 1
690663 0 1
690666 1 1
690678 4 1
690710 5 -1
690721 9 -1
690732 6 -1
690742 13 -1
690807 22 -1
690834 0 1
690861 3 1
690884 1 1
690893 21 -1
690936 0 -1
691053 1 1
691065 4 -1
691068 2 -1
691111 0 -1
691162 10 1
691172 6 -1
691226 5 -1
691248 0 1
691250 3 1
691258 8 -1
691296 2 1
691404 4 1
691436 1 1
691473 3 1
691474 0 -1
691522 2 -1
691617 1 -1
691621 0 -1
691667 3 -1
691721 5 1
691746 4 1
691753 15 -1
691769 0 1
691833 1 -1
691863 3 1
691903 7 -1
691984 2 -1
692024 0 1
692065 4 1
692075 3 1
692140 0 -1
692194 8 1
692218 1 -1
692237 2 1
692269 3 -1
692269 0 -1
692375 1 -1
692376 6 1
692444 4 -1
692457 2 -1
692465 3 1
692484 11 -1
692516 10 -1
692564 1 1
692581 0 -1
692613 7 1
692683 5 -1
692710 0 -1
692742 9 1
692860 0 1
692871 3 -1
692871 12 1
692871 6 1
692930 2 1
692943 1 1
692969 0 -1
693043 14 -1
693087 0 -1
693129 4 1
693131 1 -1
693156 5 1
693161 13 -1
693164 2 -1
693193 3 1
693193 0 1
693290 7 -1
693316 1 1
693317 0 1
693392 2 1
693457 3 -1
693483 4 -1
693492 1 1
693551 0 1
693559 6 1
693564 5 1
693639 2 1
693673 1 -1
693688 0 1
693793 0 -1
693830 4 1
693858 1 1
693865 2 -1
693886 3 1
693903 7 -1
693903 10 1
694000 9 -1
694026 0 -1
694060 1 -1
694107 2 1
694118 11 -1
694118 8 -1
694131 0 1
694139 3 1
694249 0 -1
694327 2 -1
694413 1 1
694424 3 1
694459 4 1
694467 7 1
694537 0 1
694542 5 -1
694604 1 -1
694644 6 -1
694698 0 -1
694800 2 1
694802 1 1
694827 0 -1
694830 4 -1
694886 3 -1
694978 9 -1
694986 0 1
695004 5 1
695031 2 -1
695042 8 1
695096 6 1
695104 0 1
695112 3 1
695144 7 -1
695148 1 -1
695192 15 1
695206 0 -1
695225 10 -1
695233 4 -1
695257 2 1
695279 18 -1
695316 1 -1
695354 3 1
695354 0 1
695472 12 1
695517 1 1
695520 5 1
695574 3 -1
695582 0 1
695633 6 -1
695695 0 -1
695733 2 -1
695800 3 1
695821 7 1
695835 0 1
695874 1 -1
695926 4 -1
695945 2 -1
696015 5 1
696020 8 1
696031 6 1
696042 3 1
696055 1 1
696095 11 -1
696098 0 1
696165 2 1
696216 1 1
696227 0 1
696261 4 -1
696262 3 -1
696362 0 1
696402 1 -1
696418 5 1
696439 6 -1
696563 1 -1
696595 4 -1
696617 0 1
696622 2 1
696730 3 1
696740 1 1
696767 0 -1
696821 2 1
696826 6 1
696926 0 1
696926 1 -1
696938 4 1
696945 5 1
696950 3 -1
697066 2 1
697176 3 1
697200 0 1
697264 7 -1
697281 1 1
697294 2 -1
697305 4 -1
697344 0 -1
697348 6 1
697418 5 -1
697450 0 1
697466 1 1
697528 2 1
697638 3 -1
697651 1 -1
697678 0 1
697692 4 1
697751 9 1
697756 2 -1
697805 0 1
697815 12 -1
697864 3 1
697880 8 1
697920 0 1
697950 7 1
698003 2 -1
698034 1 1
698063 10 -1
698071 4 -1
698106 3 1
698132 0 -1
698202 11 -1
698220 1 -1
698253 0 -1
698361 0 1
698385 5 1
698417 1 1
698428 6 -1
698460 2 -1
698546 17 -1
698552 3 1
698578 7 1
698597 0 1
698697 2 1
698702 0 -1
698750 3 -1
698804 20 1
698804 1 1
698810 5 -1
698858 0 1
698877 4 1
698917 6 -1
698917 2 -1
698944 8 1
698966 1 1
699030 0 1
699041 9 1
699051 3 1
699127 16 1
699159 1 -1
699164 0 1
699256 4 -1
699272 3 -1
699277 5 1
699301 0 1
699309 6 1
699320 28 -1
699336 1 1
699385 13 -1
699401 2 1
699444 0 -1
699497 3 1
699514 1 -1
699546 10 1
699645 2 1
699659 4 1
699678 0 1
699707 1 1
699739 3 1
699778 0 -1
699847 8 -1
699858 2 1
699880 1 1
699938 0 1
699960 3 -1
700014 7 1
700192 0 -1
700202 5 1
700247 1 -1
700266 6 -1
700298 0 -1
700323 2 -1
700356 4 1
700374 9 1
700408 0 1
700411 3 -1
700417 1 -1
700527 2 -1
700598 1 1
700642 0 1
700650 4 -1
700658 3 -1
700658 7 1
700707 5 1
700739 19 1
700761 2 1
700777 0 1
700782 14 1
700852 10 -1
700914 0 1
700949 1 -1
700954 3 1
700989 2 -1
701008 6 -1
701013 4 1
701027 0 -1
701128 1 1
701174 5 -1
701197 0 -1
701217 2 1
701310 0 -1
701315 1 -1
701384 12 1
701427 0 -1
701432 3 -1
701448 2 -1
701465 7 1
701556 6 1
701647 0 1
701680 2 1
701710 1 1
701712 3 1
701728 8 -1
701763 4 1
701803 0 -1
701888 1 1
701938 0 -1
701943 3 1
702007 11 1
702081 1 -1
702097 4 -1
702147 5 1
702163 2 -1
702182 0 1
702259 1 1
702290 0 -1
702332 3 1
702389 0 1
702394 2 1
702416 9 -1
702436 4 1
702444 1 -1
702545 3 1
702545 13 1
702615 6 1
702615 2 -1
702631 8 1
702642 5 1
702646 1 1
702652 0 -1
702738 3 -1
702765 0 1
702795 4 -1
702861 1 1
702897 0 1
702900 7 1
702934 3 1
703053 0 -1
703088 5 -1
703088 6 1
703093 2 1
703125 4 -1
703147 3 1
703174 0 -1
703242 1 1
703284 0 1
703324 2 -1
703340 3 -1
703383 10 -1
703405 0 -1
703440 1 -1
703448 12 1
703448 18 1
703464 4 1
703539 3 1
703539 2 1
703555 6 1
703613 1 1
703630 8 1
703674 7 -1
703749 9 -1
703751 0 -1
703778 4 1
703813 11 -1
703880 0 -1
703948 5 1
703992 1 1
703996 2 1
704001 0 -1
704017 3 1
704125 6 -1
704161 1 1
704222 2 -1
704275 3 1
704302 7 -1
704318 0 -1
704355 1 -1
704426 5 -1
704434 0 -1
704472 2 -1
704562 0 -1
704566 14 -1
704571 3 1
704609 4 -1
704684 2 -1
704738 6 1
704738 1 1
704791 0 -1
704818 10 -1
704867 16 -1
704903 1 1
704904 2 1
704910 5 -1
704910 15 1
704916 0 -1
705012 4 1
705039 9 -1
705049 3 -1
705076 0 1
705078 1 -1
705125 7 -1
705146 2 -1
705189 13 -1
705270 3 1
705274 1 -1
705302 6 -1
705374 4 -1
705393 2 -1
705399 0 -1
705437 1 -1
705468 12 1
705512 3 1
705563 0 1
705598 8 -1
705602 1 -1
705716 6 1
705753 7 -1
705764 0 -1
705786 1 1
705861 2 -1
705963 5 1
705984 11 -1
706068 4 1
706071 0 1
706076 3 -1
706084 2 1
706108 10 -1
706173 1 1
706194 0 1
706302 3 1
706318 2 -1
706345 0 -1
706358 1 -1
706414 5 -1
706463 4 1
706543 3 1
706544 22 1
706560 7 -1
706564 1 -1
706597 8 -1
706624 0 -1
706764 3 -1
706769 0 1
706775 2 -1
706826 4 -1
706834 6 -1
706855 5 1
706893 0 1
706971 1 1
706979 3 1
707030 2 -1
707136 1 1
707178 0 -1
707210 9 1
707231 3 1
707253 2 1
707320 1 -1
707328 0 1
707350 7 1
707403 6 1
707452 3 -1
707460 0 1
707532 8 1
707557 0 -1
707563 4 -1
707575 17 1
707576 26 1
707680 0 -1
707682 1 -1
707729 2 -1
707747 5 -1
707804 0 -1
707870 4 -1
707884 1 1
707903 0 1
707957 2 1
708011 3 1
708067 1 -1
708091 6 1
708092 14 1
708145 0 1
708164 4 -1
708191 2 -1
708255 0 1
708263 3 1
708274 5 -1
708374 0 1
708400 1 -1
708414 2 1
708537 3 1
708547 1 1
708607 15 1
708629 9 -1
708632 2 -1
708637 0 -1
708720 7 1
708739 0 1
708746 1 1
708768 5 -1
708844 2 -1
708863 0 1
708898 10 -1
708914 4 1
709043 3 1
709055 1 1
709094 2 -1
709107 6 1
709148 0 -1
709236 1 1
709260 4 -1
709295 3 1
709328 0 -1
709418 1 -1
709462 7 -1
709478 0 1
709478 8 -1
709532 6 1
709537 2 1
709569 3 1
709615 4 1
709618 5 1
709645 0 -1
709771 2 -1
709772 1 -1
709790 0 1
709833 9 1
709908 6 -1
709919 11 1
709940 12 1
709942 1 -1
709943 0 -1
709997 2 1
710101 5 -1
710131 7 1
710134 3 1
710134 0 -1
710163 1 -1
710284 10 1
710327 3 -1
710359 8 1
710366 0 -1
710381 4 1
710472 2 -1
710499 21 -1
710526 0 -1
710537 3 1
710546 1 1
710590 5 -1
710631 0 1
710698 2 1
710716 1 1
710756 4 -1
710901 1 -1
710918 0 -1
710929 2 -1
710945 3 -1
710961 6 -1
711026 0 1
711102 1 1
711106 5 -1
711131 4 1
711147 3 1
711163 0 1
711252 13 1
711273 8 -1
711286 1 -1
711359 3 1
711386 2 -1
711391 0 -1
711413 6 1
711445 16 -1
711453 1 -1
711493 7 -1
711528 0 -1
711558 5 1
711590 10 -1
711634 1 1
711639 2 -1
711663 0 -1
711681 11 -1
711725 9 1
711751 3 1
711808 0 1
711836 4 1
711854 2 1
711948 0 -1
711950 3 -1
711961 12 1
711972 6 -1
711982 5 1
711985 1 -1
712058 2 1
712101 0 1
712160 3 -1
712171 1 1
712195 4 -1
712236 0 -1
712267 7 1
712283 2 -1
712368 1 -1
712391 24 1
712402 5 -1
712423 6 -1
712477 4 1
712533 2 -1
712590 0 -1
712654 3 -1
712735 19 -1
712735 20 -1
712735 0 -1
712740 2 -1
712747 1 -1
712821 9 -1
712826 6 1
712853 0 -1
712880 3 1
712896 10 -1
712928 1 1
713009 7 -1
713057 8 -1
713102 1 1
713133 3 1
713151 0 1
713197 2 -1
713227 4 -1
713258 0 -1
713272 6 1
713326 5 -1
713364 0 1
713380 11 -1
713418 2 1
713473 1 1
713581 4 1
713638 3 1
713654 0 1
713673 2 1
713674 1 -1
713767 29 1
713772 6 1
713778 0 1
713820 5 1
713858 3 -1
713864 1 1
713890 0 1
713968 4 -1
714003 8 1
714011 0 1
714059 1 -1
714084 3 1
714111 15 1
714132 0 1
714135 2 1
714237 0 -1
714242 1 -1
714250 9 -1
714283 12 -1
714283 13 -1
714293 5 -1
714315 10 1
714326 3 1
714339 4 1
714347 7 1
714361 0 -1
714361 2 -1
714428 1 1
714576 2 1
714589 0 -1
714605 3 1
714623 1 -1
714654 4 1
714756 0 1
714842 3 1
714893 0 1
714906 8 -1
714988 1 1
715008 2 -1
715062 3 -1
715081 4 1
715121 7 1
715143 6 1
715167 0 -1
715186 5 -1
715206 1 1
715261 2 -1
715284 0 -1
715391 1 -1
715401 14 1
715407 0 -1
715427 4 -1
715487 2 1
715573 17 1
715583 6 -1
715599 3 1
715618 0 1
715637 5 1
715718 2 -1
715739 0 1
715766 7 1
715778 1 -1
715798 3 -1
715798 8 1
715895 0 -1
715949 2 1
715972 1 -1
716024 3 -1
716024 10 1
716043 0 -1
716088 4 1
716089 5 -1
716110 6 -1
716135 1 -1
716191 0 1
716196 2 -1
716282 9 1
716332 0 -1
716419 4 1
716430 0 1
716432 3 1
716433 2 1
716472 1 -1
716604 13 -1
716626 3 -1
716657 1 1
716661 0 -1
716712 8 -1
716760 0 1
716770 4 -1
716822 3 1
716842 1 -1
716846 2 -1
716911 0 -1
716916 6 1
717024 7 1
717036 1 1
717094 2 -1
717110 5 1
717150 0 1
717206 11 1
717217 1 -1
717228 3 -1
717287 0 1
717317 2 1
717357 6 1
717357 9 1
717415 4 -1
717416 0 1
717421 1 1
717424 3 1
717604 8 1
717606 1 -1
717615 5 1
717636 3 1
717636 0 1
717733 10 1
717741 0 1
717749 4 -1
717765 12 -1
717782 2 1
717798 6 -1
717830 3 -1
717830 7 1
717847 0 -1
717943 1 -1
717980 15 1
718013 0 1
718029 3 1
718058 2 1
718088 5 -1
718123 0 1
718124 4 1
718136 1 1
718228 3 -1
718281 2 -1
718303 0 1
718324 1 -1
718437 3 -1
718464 8 -1
718486 0 1
718499 7 -1
718539 9 -1
718582 5 -1
718690 6 1
718696 1 -1
718730 0 1
718738 2 -1
718830 3 -1
718840 14 -1
718848 0 1
718862 4 1
718886 1 1
718972 0 1
718991 2 -1
719023 5 1
719039 3 -1
719055 11 -1
719081 1 -1
719187 0 -1
719216 4 -1
719217 6 1
719217 2 1
719232 3 1
719286 0 1
719407 0 1
719446 1 -1
719474 5 -1
719527 4 -1
719624 1 -1
719641 3 -1
719644 0 1
719692 2 -1
719767 0 1
719808 6 -1
719813 7 -1
719813 1 1
719834 3 1
719864 0 -1
719882 4 1
719921 2 1
719958 12 1
719958 18 -1
719985 5 -1
719996 0 -1
720015 1 -1
720033 3 -1
720152 2 -1
720181 0 1
720216 4 1
720220 1 -1
720287 0 -1
720334 6 1
720388 8 -1
720410 10 -1
720418 1 1
720445 0 1
720571 3 1
720595 1 1
720603 7 1
720608 2 -1
720627 4 1
720748 0 1
720791 3 -1
720840 6 1
720856 2 -1
720861 0 1
720872 5 1
720872 9 -1
720966 4 -1
720974 1 1
721017 0 -1
721076 11 -1
721081 2 1
721108 3 1
721163 1 -1
721280 6 -1
721291 8 1
721296 7 -1
721313 0 1
721329 3 -1
721345 1 1
721377 5 1
721463 0 -1
721549 2 1
721554 3 1
721614 0 1
721646 9 1
721675 1 1
721699 4 -1
721769 2 -1
721780 10 1
721796 3 1
721828 13 1
721839 5 -1
721861 1 -1
721882 6 1
721923 0 -1
721957 12 1
722016 3 -1
722022 2 -1
722038 0 -1
722046 1 1
722086 4 1
722108 15 -1
722129 0 -1
722280 17 -1
722302 8 1
722382 0 -1
722420 9 -1
722421 1 1
722465 4 -1
722484 3 1
722492 0 1
722498 2 1
722602 7 1
722606 1 -1
722624 14 1
722632 0 1
722704 3 -1
722723 2 -1
722768 1 -1
722796 5 1
722796 16 1
722807 6 -1
722925 11 1
722930 3 1
722951 1 1
722957 2 1
722962 0 -1
723129 0 1
723138 1 -1
723188 2 -1
723199 4 -1
723215 7 1
723236 5 -1
723261 0 -1
723328 1 1
723344 10 1
723360 6 1
723392 3 -1
723433 2 -1
723524 1 -1
723529 4 -1
723535 0 1
723618 3 1
723645 2 -1
723710 5 1
723723 0 1
723830 0 -1
723860 3 1
723864 4 1
723871 9 -1
723892 1 -1
723892 2 -1
723908 7 -1
723978 6 -1
724066 1 -1
724091 0 -1
724236 8 -1
724252 0 1
724255 1 1
724306 3 1
724349 2 -1
724414 0 -1
724548 3 1
724572 0 1
724594 4 1
724596 2 -1
724642 1 1
724645 12 1
724672 5 -1
724701 0 -1
724768 3 -1
724803 0 1
724828 1 1
724828 2 1
724860 13 -1
724870 9 -1
724903 11 1
724938 0 1
724972 4 -1
724994 3 1
725031 1 1
725053 6 1
725161 8 1
725177 0 1
725193 5 -1
725236 3 1
725300 0 1
725306 2 -1
725368 4 1
725396 1 1
725408 7 -1
725411 0 1
725456 3 -1
725521 2 -1
725548 6 1
725553 1 1
725630 0 -1
725655 5 1
725682 3 1
725706 1 1
725722 4 -1
725738 0 -1
725763 9 -1
725787 2 -1
725859 0 -1
725892 1 -1
725892 10 -1
726037 4 -1
726053 1 -1
726088 0 1
726096 6 1
726150 21 1
726150 22 -1
726160 5 1
726193 8 1
726206 0 1
726230 7 -1
726230 1 1
726246 3 1
726246 2 -1
726354 0 -1
726359 4 -1
726364 15 1
726420 1 -1
726440 3 -1
726463 0 1
726472 2 1
726598 0 1
726606 5 -1
726649 3 1
726703 2 -1
726710 4 1
726735 0 1
726751 14 1
726773 9 -1
726790 1 -1
726846 0 -1
726859 7 -1
726948 2 -1
726966 11 1
726972 1 -1
727020 5 -1
727058 3 -1
727102 0 -1
727117 12 1
727161 1 1
727176 2 1
727200 0 1
727251 3 1
727324 0 1
727332 6 -1
727375 10 1
727410 2 -1
727415 4 -1
727450 3 -1
727472 5 1
727512 1 -1
727568 13 1
727576 0 -1
727601 7 1
727638 2 1
727693 1 1
727732 0 1
727770 4 1
727794 6 -1
727853 3 1
727887 0 -1
727887 1 -1
728052 3 -1
728106 8 -1
728117 2 -1
728149 4 -1
728165 7 1
728178 0 1
728256 1 -1
728262 3 -1
728342 16 -1
728350 0 1
728369 2 -1
728427 1 -1
728452 0 -1
728455 3 1
728477 5 -1
728493 6 -1
728580 0 -1
728595 2 1
728616 1 1
728654 3 -1
728681 0 1
728745 10 -1
728794 4 -1
728831 0 -1
728834 1 1
728858 11 -1
728864 3 -1
728923 7 -1
728933 6 1
728950 0 -1
728955 5 1
728987 9 1
729016 1 1
729057 3 1
729062 2 1
729073 8 1
729169 4 1
729209 1 -1
729253 0 1
729283 2 -1
729366 0 -1
729398 1 1
729444 5 1
729466 3 -1
729466 0 1
729492 6 -1
729535 4 -1
729536 2 -1
729584 7 1
729659 3 1
729675 12 1
729748 0 -1
729749 1 -1
729858 3 -1
729874 0 -1
729896 6 1
729939 1 1
730011 2 1
730025 0 1
730030 8 1
730132 1 -1
730196 4 1
730237 2 -1
730261 3 1
730277 17 -1
730296 0 1
730299 9 1
730342 13 -1
730352 5 1
730385 6 1
730397 0 -1
730460 3 -1
730471 2 1
730503 1 -1
730538 0 1
730583 4 -1
730658 1 -1
730669 3 -1
730678 0 -1
730688 2 -1
730793 0 -1
730811 1 -1
730814 5 -1
730879 14 1
730901 2 -1
730917 0 -1
730922 4 1
730962 7 -1
730965 8 -1
731022 0 1
731148 2 -1
731170 1 -1
731180 15 -1
731196 3 -1
731212 5 -1
731263 0 1
731287 6 -1
731309 10 1
731357 1 1
731360 0 -1
731376 2 1
731422 3 1
731494 0 -1
731563 1 -1
731652 4 1
731696 9 1
731712 7 1
731734 3 -1
731795 0 -1
731825 6 1
731825 18 1
731852 2 -1
731895 0 1
731932 1 -1
731959 3 1
731976 8 -1
731997 12 -1
732018 0 1
732034 4 -1
732083 2 1
732119 1 -1
732137 5 -1
732201 3 1
732247 0 1
732305 1 1
732319 2 -1
732325 6 1
732325 7 1
732341 23 -1
732373 0 1
732395 3 1
732397 4 1
732489 0 1
732586 0 -1
732631 10 -1
732653 5 -1
732658 3 1
732700 1 -1
732782 0 -1
732792 2 1
732897 1 1
732900 11 -1
732903 0 -1
733007 8 -1
733018 2 -1
733046 0 -1
733061 5 -1
733083 1 -1
733091 4 1
733120 3 -1
733126 6 -1
733268 2 -1
733276 13 -1
733300 0 -1
733346 3 1
733410 0 1
733413 4 1
733445 1 -1
733480 6 -1
733512 5 1
733545 0 -1
733582 7 1
733588 3 1
733623 1 -1
733733 2 -1
733752 4 -1
733828 1 -1
733830 0 -1
733921 10 -1
733932 9 1
733934 0 1
733964 5 -1
733986 2 1
734018 6 1
734028 8 -1
734058 0 1
734125 3 -1
734195 1 1
734206 2 -1
734282 0 -1
734308 7 -1
734321 3 1
734389 1 -1
734390 0 -1
734405 16 -1
734426 5 1
734450 2 -1
734457 4 1
734534 3 -1
734534 0 -1
734558 1 -1
734679 2 1
734711 1 -1
734716 0 -1
734763 4 1
734827 0 1
734835 14 1
734878 9 1
734905 1 1
734913 2 -1
734931 5 1
734937 3 1
734964 11 -1
734999 0 1
735034 7 1
735050 6 1
735090 1 1
735106 4 1
735111 0 -1
735136 3 -1
735141 2 1
735178 19 -1
735279 1 1
735345 3 -1
735367 0 -1
735372 10 1
735477 0 1
735539 3 1
735549 6 1
735574 0 -1
735622 2 -1
735646 1 1
735738 3 -1
735783 4 -1
735818 1 -1
735824 9 1
735840 2 1
735888 0 -1
735893 5 -1
735947 3 -1
735952 12 -1
735998 0 1
736005 1 1
736017 13 1
736017 8 1
736071 2 -1
736134 4 1
736138 0 1
736141 3 1
736178 6 -1
736318 5 -1
736372 7 -1
736390 1 1
736456 4 1
736468 0 -1
736528 2 -1
736569 1 -1
736579 0 1
736678 3 1
736694 6 1
736710 0 1
736730 1 -1
736753 5 1
736780 2 -1
736807 4 -1
736855 11 1
736872 10 1
736885 0 1
736920 3 1
737003 0 1
737006 2 1
737006 8 1
737017 7 1
737092 6 -1
737093 1 1
737148 0 1
737186 4 1
737221 3 1
737242 20 1
737283 1 1
737347 0 -1
737468 1 -1
737482 2 -1
737490 6 1
737581 0 -1
737589 4 -1
737662 5 1
737662 7 1
737664 1 -1
737678 3 -1
737718 2 1
737726 0 -1
737839 1 -1
737901 0 -1
737903 3 1
737941 8 -1
737946 2 -1
737960 4 1
737995 6 1
738028 1 1
738038 9 -1
738108 5 -1
738145 3 1
738194 2 -1
738206 1 -1
738210 0 -1
738274 17 -1
738355 0 -1
738403 7 -1
738404 10 -1
738419 2 1
738487 0 1
738564 5 1
738585 1 -1
738591 3 1
738645 4 -1
738653 2 -1
738704 12 -1
738749 0 -1
738758 1 1
738790 9 1
738822 13 -1
738833 3 1
738866 0 -1
738879 2 1
738919 14 1
738964 1 -1
738968 6 1
738976 0 1
738992 4 1
739032 7 -1
739054 3 -1
739285 0 1
739298 1 1
739355 2 -1
739371 4 1
739395 0 -1
739488 1 -1
739489 5 1
739521 3 1
739535 0 -1
739553 6 -1
739586 2 1
739681 1 1
739726 10 1
739742 3 -1
739790 0 -1
739822 2 -1
739844 9 1
739900 0 1
739959 7 1
739962 8 -1
739967 3 1
739978 5 -1
740013 0 -1
740048 1 -1
740112 4 1
740166 6 1
740241 0 1
740245 1 -1
740295 2 1
740372 0 -1
740419 1 -1
740424 15 -1
740429 3 -1
740470 0 1
740483 4 -1
740499 5 -1
740521 2 -1
740596 21 1
740608 1 1
740644 7 -1
740655 3 1
740682 12 1
740748 0 -1
740752 2 1
740794 1 -1
740830 4 1
740875 11 1
740876 8 1
740897 3 1
740905 0 1
740945 5 1
740979 1 1
741026 18 -1
741034 0 1
741101 6 -1
741181 1 -1
741220 9 -1
741225 0 -1
741241 2 1
741343 3 1
741362 0 -1
741413 5 -1
741461 0 1
741462 2 -1
741523 4 1
741543 1 1
741585 3 1
741633 0 1
741706 2 -1
741731 1 -1
741735 6 1
741805 3 -1
741858 4 -1
741886 5 1
741905 0 1
741908 8 1
741914 1 -1
741934 2 1
742034 0 -1
742088 7 -1
742136 0 1
742168 2 -1
742187 9 -1
742208 4 -1
742214 6 1
742273 10 -1
742305 1 1
742340 3 1
742370 5 1
742394 0 1
742397 2 1
742466 1 1
742523 0 1
742552 3 1
742595 4 1
742633 0 -1
742640 1 1
742644 2 1
742660 24 1
742762 3 -1
742789 11 -1
742862 7 1
742896 0 -1
742926 4 -1
742955 3 1
743015 1 1
743028 0 -1
743111 6 1
743112 2 1
743154 3 -1
743170 0 1
743220 1 -1
743273 9 1
743286 0 -1
743297 4 1
743332 2 -1
743337 5 1
743348 27 -1
743364 3 -1
743414 1 -1
743436 0 1
743509 6 -1
743557 3 1
743563 7 -1
743584 2 -1
743592 0 -1
743700 4 1
743748 0 1
743756 8 1
743764 1 -1
743826 5 1
743885 10 -1
743942 1 1
743960 6 1
743966 3 -1
744020 0 1
744041 2 -1
744122 15 -1
744131 1 -1
744159 3 1
744205 0 1
744272 9 1
744294 5 -1
744294 2 -1
744353 0 -1
744358 3 -1
744470 4 1
744520 2 1
744526 1 1
744530 13 1
744552 6 -1
744632 0 1
744638 12 1
744708 1 1
744791 0 -1
744796 4 1
744810 11 -1
744810 8 1
744853 17 1
744869 7 1
744887 1 -1
744917 3 1
744947 0 1
744992 6 -1
744995 2 -1
745111 10 -1
745138 3 -1
745195 4 1
745207 5 -1
745232 2 1
745240 19 -1
745240 16 -1
745264 1 -1
745272 0 -1
745382 0 1
745455 3 1
745460 2 -1
745461 1 1
745541 0 -1
745605 6 1
745627 1 1
745643 7 1
745670 0 -1
745707 2 -1
745712 5 -1
745769 0 1
745809 8 1
745895 0 1
745901 3 1
745933 4 1
745938 2 1
745975 1 -1
746051 0 -1
746142 3 1
746143 2 1
746175 6 1
746177 1 1
746207 5 1
746223 7 -1
746280 4 -1
746293 9 -1
746347 0 1
746360 1 -1
746363 3 -1
746363 2 -1
746476 0 1
746534 1 -1
746589 3 1
746622 0 -1
746658 12 1
746683 4 1
746723 1 1
746830 3 1
746841 2 1
746847 0 1
746872 1 1
746884 8 1
746960 0 1
747051 3 -1
747078 2 -1
747090 1 1
747099 6 1
747115 5 1
747126 0 -1
747174 14 1
747207 13 -1
747218 9 -1
747298 2 1
747314 3 -1
747407 0 -1
747408 4 1
747469 1 1
747545 7 -1
747561 20 -1
747594 0 1
747610 5 1
747630 1 1
747698 0 -1
747701 6 -1
747733 15 -1
747759 4 -1
747776 2 -1
747819 3 1
747820 1 -1
747820 10 -1
747846 0 1
747884 8 -1
748010 0 -1
748013 3 -1
748024 5 1
748026 2 -1
748049 4 -1
748120 0 -1
748134 7 -1
748185 9 -1
748202 1 -1
748206 6 -1
748222 3 1
748228 0 1
748239 2 -1
748420 1 -1
748424 4 1
748448 0 -1
748540 5 1
748580 0 -1
748601 1 1
748631 3 -1
748714 2 1
748720 0 -1
748795 4 -1
748824 3 1
748835 7 -1
748894 11 -1
748894 12 -1
748937 8 -1
748943 2 -1
748960 1 -1
748991 5 -1
749007 6 1
749023 3 -1
749039 0 1
749146 1 1
749182 4 1
749190 0 -1
749206 2 -1
749271 10 1
749305 0 1
749331 1 -1
749389 6 -1
749426 3 1
749448 7 -1
749464 5 1
749520 1 1
749549 4 -1
749625 3 -1
749631 0 -1
749682 2 -1
749690 1 1
749733 8 -1
749741 0 1
749835 3 -1
749871 1 -1
749910 0 1
749910 2 1
749948 13 1
749991 5 1
750015 0 -1
750028 3 1
750044 6 -1
750065 1 1
750114 0 1
750157 2 1
750227 3 -1
750238 7 1
750273 0 -1
750355 4 1
750402 0 -1
750407 1 1
750437 3 -1
750589 1 -1
750593 9 -1
750625 2 1
750630 3 1
750657 10 -1
750662 0 -1
750738 4 -1
750778 1 1
750797 0 -1
750845 2 -1
750906 0 1
750936 11 -1
750942 5 -1
751020 7 1
751039 3 -1
751092 4 1
751093 2 -1
751138 0 -1
751145 1 -1
751232 3 1
751238 6 -1
751238 16 -1
751255 0 -1
751302 14 1
751318 1 -1
751361 0 -1
751388 5 1
751431 3 -1
751508 1 1
751549 2 -1
751584 0 1
751646 9 1
751651 6 -1
751690 0 -1
751737 7 -1
751775 2 1
751786 8 -1
751814 0 -1
751829 5 -1
751834 3 1
751858 4 -1
751887 1 1
751932 0 -1
752025 2 1
752033 3 -1
752038 0 -1
752044 6 1
752072 1 -1
752143 0 1
752197 4 -1
752261 0 1
752274 1 1
752312 3 1
752398 9 -1
752475 1 1
752487 2 1
752491 0 -1
752519 4 -1
752605 0 -1
752677 1 -1
752700 8 1
752705 0 1
752716 2 -1
752764 11 1
752764 12 -1
752791 3 -1
752812 5 1
752858 1 -1
752939 0 1
752963 2 -1
753016 3 1
753041 0 -1
753043 1 1
753065 6 1
753164 0 -1
753172 7 -1
753180 4 1
753188 2 1
753280 3 1
753312 5 -1
753401 0 -1
753402 1 -1
753420 2 -1
753495 23 -1
753522 0 -1
753527 10 -1
753535 4 -1
753596 1 1
753647 0 -1
753656 2 1
753710 8 1
753731 6 1
753750 0 1
753785 5 1
753787 1 -1
753796 3 1
753868 0 1
753876 2 -1
753890 7 1
753898 4 1
753987 0 1
754016 3 -1
754083 0 -1
754140 1 1
754194 6 1
754220 4 1
754242 3 1
754323 0 -1
754327 1 -1
754355 2 1
754427 0 1
754495 1 -1
754546 0 1
754599 4 1
754605 2 1
754624 9 -1
754666 5 1
754672 7 -1
754704 3 -1
754759 0 -1
754828 11 1
754830 2 -1
754861 1 -1
754865 0 1
754866 10 1
754922 4 1
754930 3 1
755000 12 1
755000 0 -1
755021 6 -1
755043 17 -1
755047 1 1
755118 5 -1
755215 15 -1
755220 0 1
755225 3 -1
755238 1 -1
755272 4 -1
755295 2 -1
755338 0 1
755430 14 1
755436 0 -1
755462 13 1
755473 9 -1
755483 6 -1
755542 2 -1
755587 1 1
755602 5 1
755645 8 -1
755666 0 1
755688 19 1
755688 3 -1
755768 2 1
755772 1 -1
755784 0 1
755881 6 1
755884 3 1
755897 0 1
755903 21 1
755950 1 1
756026 4 -1
756064 5 -1
756075 7 -1
756109 3 1
756142 0 1
756244 0 -1
756249 2 -1
756300 10 -1
756337 1 1
756368 0 -1
756405 4 1
756454 2 -1
756499 3 1
756505 9 -1
756518 1 1
756574 5 -1
756604 0 -1
756655 16 1
756655 8 -1
756676 2 1
756698 3 -1
756703 1 -1
756709 0 1
756719 12 -1
756760 7 1
756773 6 -1
756808 4 -1
756822 0 1
756891 11 1
756908 3 -1
756913 2 -1
756934 18 1
757026 5 1
757045 0 -1
757076 1 -1
757101 3 1
757133 2 1
757168 0 -1
757256 1 -1
757268 0 1
757278 6 -1
757300 3 -1
757386 0 1
757386 2 1
757449 1 1
757477 7 -1
757496 0 1
757499 5 -1
757509 3 -1
757510 4 -1
757515 8 -1
757536 9 -1
757612 2 -1
757630 0 1
757655 10 1
757808 0 1
757810 1 1
757816 3 1
757837 6 -1
757868 4 1
757989 1 1
758074 2 -1
758087 0 -1
758187 1 -1
758203 13 -1
758204 0 -1
758211 4 1
758262 3 1
758310 0 1
758321 2 -1
758368 1 1
758407 5 -1
758504 3 1
758529 1 1
758539 0 1
758550 2 1
758611 12 -1
758665 0 1
758697 9 1
758719 1 -1
758735 3 -1
758781 0 1
758783 11 -1
758791 7 1
758869 6 1
758892 1 -1
758923 5 -1
758977 4 1
759012 0 -1
759025 2 -1
759041 10 -1
759129 0 -1
759170 15 1
759235 0 1
759256 2 1
759262 3 -1
759271 1 -1
759335 4 -1
759369 0 -1
759417 5 1
759428 6 -1
759439 8 1
759460 1 1
759487 3 1
759487 0 -1
759493 2 -1
759509 7 -1
759584 0 1
759650 1 -1
759689 0 -1
759726 4 1
759729 3 1
759901 9 -1
759929 0 -1
759976 6 -1
759987 2 1
760021 1 -1
760036 0 1
760113 4 1
760154 0 1
760175 3 1
760196 1 1
760202 25 -1
760213 2 -1
760283 7 1
760320 5 1
760365 0 -1
760392 1 -1
760417 3 1
760449 2 1
760460 8 1
760476 4 1
760484 0 -1
760492 10 -1
760589 6 1
760607 0 -1
760637 3 -1
760670 2 -1
760768 1 -1
760772 5 -1
760836 0 -1
760847 12 1
760863 3 1
760887 4 1
760922 2 -1
760933 0 1
760948 1 1
760997 11 1
761016 7 -1
761019 9 -1
761038 0 -1
761089 6 1
761105 3 1
761129 1 1
761148 2 1
761165 0 -1
761169 13 -1
761234 4 -1
761266 5 -1
761280 0 -1
761319 1 -1
761325 3 -1
761363 8 -1
761379 2 -1
761395 0 -1
761513 6 1
761514 0 1
761516 1 1
761551 3 1
761621 17 1
761671 1 1
761742 0 1
761782 10 -1
761798 7 -1
761849 2 1
761865 1 -1
761868 0 1
761907 4 1
761911 6 -1
761984 0 1
762013 3 -1
762075 2 -1
762137 16 -1
762201 5 -1
762208 0 -1
762226 4 1
762226 1 1
762239 3 1
762266 20 -1
762312 2 1
762317 0 -1
762363 8 -1
762421 1 -1
762424 0 1
762481 3 1
762564 7 1
762572 4 1
762604 1 -1
762666 0 1
762717 5 -1
762784 0 1
762787 2 -1
762846 6 1
762891 0 -1
762911 12 -1
762927 3 1
762963 1 -1
763013 2 1
763102 0 1
763145 1 -1
763169 3 1
763169 9 -1
763217 5 -1
763217 7 1
763244 2 -1
763282 6 -1
763290 0 1
763319 8 1
763350 4 -1
763350 1 -1
763392 0 -1
763486 3 -1
763513 15 -1
763655 0 -1
763677 1 -1
763685 14 1
763689 4 1
763701 2 -1
763779 0 -1
763814 18 -1
763835 6 1
763870 1 1
763902 3 1
763919 0 -1
763954 2 -1
764031 4 -1
764048 1 1
764115 3 1
764147 5 -1
764179 2 1
764185 0 1
764201 9 -1
764241 1 -1
764308 8 1
764314 3 -1
764346 0 -1
764426 1 1
764429 2 1
764453 0 1
764518 3 1
764588 5 1
764616 1 -1
764652 7 1
764658 2 -1
764695 0 -1
764716 11 1
764717 3 -1
764727 6 1
764781 4 -1
764804 0 1
764805 1 1
764846 10 1
764889 2 1
764902 0 -1
764926 3 -1
765018 12 -1
765039 5 -1
765050 0 1
765095 4 -1
765114 2 -1
765120 3 1
765155 0 1
765168 9 -1
765204 1 -1
765243 6 -1
765251 0 -1
765329 8 1
765345 7 -1
765368 1 -1
765374 0 -1
765450 4 -1
765528 3 -1
765555 1 -1
765576 2 -1
765601 0 1
765630 6 1
765722 3 1
765784 0 1
765824 2 -1
765849 4 -1
765880 0 -1
765920 3 -1
765928 1 -1
766006 7 -1
766039 5 1
766052 2 1
766101 0 1
766103 10 1
766115 1 1
766176 4 -1
766254 0 -1
766264 17 -1
766301 1 -1
766324 3 1
766407 0 1
766415 6 1
766512 5 -1
766522 3 -1
766528 2 -1
766530 4 -1
766651 1 -1
766654 0 -1
766732 3 -1
766737 11 1
766762 2 1
766778 0 -1
766780 13 -1
766837 1 1
766897 4 1
766928 0 1
766952 6 1
766979 5 1
767001 2 -1
767010 1 1
767036 0 -1
767124 3 -1
767186 0 1
767189 8 1
767189 9 -1
767192 1 -1
767334 3 -1
767363 1 -1
767366 0 -1
767409 7 -1
767425 14 -1
767426 10 -1
767468 2 -1
767479 0 1
767527 3 1
767533 6 -1
767566 1 1
767623 4 1
767683 19 1
767705 2 1
767748 1 -1
767783 0 1
767812 16 1
767877 5 1
767912 0 1
767925 2 -1
767936 3 -1
767957 4 1
768027 6 1
768081 0 1
768107 1 1
768129 3 1
768135 7 1
768178 2 -1
768178 8 1
768296 4 -1
768307 9 1
768308 1 1
768351 0 -1
768377 5 1
768404 2 1
768414 6 -1
768441 3 -1
768490 1 1
768508 0 1
768586 11 -1
768635 2 -1
768688 0 1
768780 5 1
768806 6 1
768868 1 1
768879 2 -1
768909 3 1
768909 7 -1
768981 0 -1
769038 1 -1
769062 4 1
769129 3 -1
769137 0 1
769195 1 -1
769231 8 1
769269 0 1
769341 2 -1
769355 3 1
769360 12 -1
769403 6 -1
769415 0 -1
769425 4 -1
769425 13 1
769500 9 -1
769543 0 -1
769570 2 1
769594 1 -1
769650 0 1
769704 5 1
769783 1 -1
769787 0 1
769804 4 1
769817 2 1
769892 3 1
769945 1 -1
769973 10 1
770048 0 1
770126 1 -1
770134 3 1
770146 0 -1
770188 5 -1
770268 0 -1
770301 2 -1
770324 1 -1
770328 6 -1
770354 3 -1
770376 7 -1
770477 4 -1
770517 1 1
770518 0 1
770521 15 -1
770526 2 1
770628 5 1
770702 1 -1
770704 0 1
770758 2 -1
770811 4 -1
770822 3 1
770852 0 -1
770908 6 1
771037 1 -1
771037 18 -1
771042 3 -1
771080 5 -1
771085 7 1
771153 0 -1
771186 4 1
771214 2 -1
771218 1 1
771268 3 1
771295 8 1
771307 0 1
771349 6 -1
771392 10 -1
771396 1 -1
771424 12 -1
771462 0 -1
771467 2 -1
771510 3 1
771521 5 1
771537 4 1
771553 14 -1
771639 9 1
771693 2 1
771730 3 -1
771776 0 -1
771777 1 -1
771795 7 -1
771897 21 1
771918 2 -1
771929 0 1
771932 4 1
771950 1 -1
771956 3 1
771988 5 -1
772064 0 1
772117 1 -1
772144 2 1
772176 8 -1
772198 3 1
772246 4 1
772362 0 -1
772370 2 -1
772456 6 1
772456 13 1
772472 7 -1
772476 1 1
772477 5 1
772491 0 -1
772617 0 -1
772620 2 -1
772628 11 -1
772644 3 1
772649 4 -1
772674 1 -1
772730 10 1
772843 9 1
772863 1 1
772886 3 1
772888 0 1
772972 16 -1
773001 0 -1
773004 6 -1
773071 1 1
773079 12 -1
773079 2 -1
773101 23 1
773106 3 -1
773122 8 1
773181 0 -1
773246 1 1
773308 2 1
773326 7 -1
773423 5 -1
773426 0 -1
773431 1 1
773455 4 -1
773525 0 1
773536 2 -1
773574 3 1
773617 1 -1
773622 6 1
773676 0 -1
773767 9 1
773785 0 1
773794 3 -1
773826 4 1
773875 5 1
773923 0 1
773992 1 -1
774014 2 1
774092 0 1
774109 7 -1
774133 3 -1
774189 1 1
774221 0 -1
774237 4 1
774251 2 -1
774315 5 -1
774362 1 -1
774471 2 1
774477 11 1
774530 0 -1
774541 3 1
774646 0 1
774649 6 -1
774733 1 1
774735 3 -1
774745 7 -1
774799 0 -1
774864 15 1
774874 9 -1
774907 22 -1
774931 3 1
774939 1 1
774950 2 -1
774995 4 1
775036 8 -1
775092 0 1
775108 1 1
775111 6 -1
775143 3 -1
775165 13 -1
775197 5 1
775208 2 -1
775210 0 1
775350 4 -1
775353 3 -1
775358 10 -1
775401 0 1
775455 2 1
775483 1 1
775514 6 1
775546 3 1
775648 5 -1
775666 1 -1
775686 0 -1
775694 2 -1
775705 4 1
775745 3 -1
775831 0 -1
775834 1 -1
775917 2 1
775957 0 1
776029 1 -1
776035 8 -1
776076 7 1
776100 5 1
776100 6 -1
776110 0 -1
776148 3 1
776148 2 -1
776154 9 -1
776196 20 -1
776221 0 1
776221 1 1
776347 3 -1
776372 0 -1
776393 2 -1
776418 1 -1
776422 4 1
776481 0 1
776540 11 1
776600 1 1
776648 3 -1
776659 6 1
776699 0 -1
776737 4 1
776793 10 -1
776820 0 -1
776855 2 -1
776858 7 1
776927 0 1
776950 1 -1
776970 17 1
776992 8 1
777035 9 1
777056 3 1
777056 5 -1
777057 6 -1
777081 2 1
777115 4 -1
777160 1 -1
777171 0 -1
777250 3 -1
777269 0 1
777309 2 -1
777329 1 -1
777403 0 1
777446 3 1
777449 6 1
777486 7 1
777540 5 1
777656 0 -1
777696 1 1
777744 24 -1
777782 2 1
777812 0 1
777845 4 -1
777868 3 -1
777873 16 -1
777883 1 -1
777916 15 -1
777986 0 1
778002 8 1
778013 2 -1
778034 5 -1
778061 3 1
778069 1 1
778110 12 1
778118 0 1
778131 9 -1
778164 13 -1
778223 6 1
778244 4 1
778250 2 1
778260 3 -1
778260 10 1
778276 0 -1
778424 0 1
778446 1 1
778470 3 -1
778480 5 1
778521 0 -1
778631 1 -1
778639 4 1
778647 6 1
778663 3 1
778722 2 -1
778792 1 -1
778808 0 1
778862 3 -1
778873 7 1
778916 8 -1
778948 2 1
778960 0 -1
778975 5 1
778996 6 1
779034 19 -1
779099 3 -1
779120 0 1
779131 1 1
779198 2 1
779316 1 -1
779351 0 -1
779365 4 1
779437 10 1
779443 5 -1
779478 1 -1
779502 3 1
779523 0 1
779634 0 -1
779660 2 1
779679 14 -1
779701 3 -1
779711 7 1
779744 4 -1
779808 6 -1
779835 0 -1
779861 1 -1
779889 2 -1
779894 5 1
779916 8 -1
779921 3 -1
779972 0 -1
780054 1 1
780066 12 1
780071 0 1
780106 4 1
780136 2 -1
780174 9 1
780217 0 -1
780235 1 -1
780281 6 -1
780335 3 1
780375 0 -1
780469 7 -1
780523 0 1
780528 3 -1
780596 2 -1
780603 11 1
780610 1 -1
780698 0 1
780711 13 -1
780724 3 1
780786 6 -1
780796 1 1
780821 2 1
780856 10 -1
780862 8 1
780904 5 -1
780912 4 -1
780913 0 -1
780961 1 1
781036 0 -1
781050 2 -1
781130 3 -1
781160 0 -1
781247 4 1
781326 3 1
781348 1 1
781367 5 1
781394 0 -1
781512 0 -1
781528 2 1
781535 1 -1
781539 3 1
781606 4 -1
781614 15 -1
781614 0 1
781657 9 -1
781713 1 -1
781732 3 -1
781764 2 -1
781818 5 -1
781868 1 -1
781872 0 1
781888 7 -1
781928 3 1
781947 6 -1
781985 2 1
782029 0 -1
782053 1 1
782141 3 1
782160 0 -1
782235 1 1
782243 4 -1
782280 0 -1
782323 10 1
782334 3 -1
782334 6 1
782420 0 -1
782424 1 -1
782487 2 -1
782517 11 -1
782517 12 -1
782517 17 1
782597 4 1
782611 0 1
782654 7 -1
782694 2 -1
782718 0 -1
782732 6 -1
782742 3 1
782775 5 1
782775 8 -1
782791 1 1
782936 3 -1
782947 2 -1
782955 0 -1
782968 4 -1
782972 1 -1
782990 9 -1
783060 0 1
783132 3 1
783138 1 -1
783172 2 1
783210 0 -1
783248 5 -1
783307 4 -1
783396 7 1
783404 2 -1
783465 0 -1
783506 14 1
783538 3 -1
783545 1 1
783613 10 1
783624 6 1
783629 0 -1
783648 2 -1
783662 4 1
783678 13 -1
783699 8 1
783718 1 1
783734 0 1
783769 3 -1
783769 5 -1
783877 2 1
783887 1 -1
783962 3 1
783976 4 1
783984 0 1
784108 0 1
784113 6 1
784161 7 -1
784221 0 1
784246 1 1
784327 4 -1
784336 0 1
784339 2 1
784371 3 -1
784428 1 1
784442 0 -1
784538 11 -1
784548 0 -1
784564 3 1
784586 2 1
784617 1 -1
784667 0 -1
784677 5 -1
784688 8 1
784710 6 -1
784763 3 -1
784806 1 1
784817 2 -1
784895 0 1
784911 7 -1
784989 3 -1
785000 1 -1
785013 0 1
785040 4 1
785119 0 -1
785140 5 1
785140 9 1
785185 3 1
785185 1 1
785274 2 -1
785333 0 1
785373 1 -1
785398 3 1
785435 4 -1
785467 0 -1
785527 2 -1
785578 0 1
785580 5 -1
785591 3 -1
785596 7 -1
785677 6 -1
785758 1 -1
785763 2 1
785766 4 -1
785814 0 1
785914 9 -1
785916 0 -1
785943 1 1
785999 3 1
786000 15 1
786040 0 -1
786096 5 -1
786124 1 1
786163 0 -1
786193 10 -1
786209 3 -1
786236 2 -1
786290 7 1
786295 0 -1
786300 6 -1
786301 12 -1
786429 3 -1
786432 0 -1
786462 2 1
786465 1 -1
786536 4 1
786558 5 1
786583 0 1
786623 11 -1
786644 8 -1
786648 1 -1
786687 6 1
786712 2 1
786838 3 1
786838 1 1
786876 0 -1
786910 4 -1
786937 2 -1
786978 0 1
787031 3 -1
787032 5 -1
787069 0 1
787074 9 1
787174 2 1
787205 1 -1
787217 4 -1
787241 3 1
787289 17 -1
787359 0 -1
787394 1 1
787402 2 -1
787472 0 -1
787553 5 -1
787559 1 1
787569 0 1
787633 14 1
787644 10 1
787649 3 -1
787650 2 -1
787676 8 -1
787719 6 1
787725 7 1
787749 1 -1
787805 12 1
787816 0 1
787843 3 1
787914 0 -1
787922 4 1
787934 1 1
788042 3 -1
788044 0 -1
788106 2 -1
788128 1 -1
788192 6 1
788251 3 -1
788257 4 1
788307 1 1
788343 2 1
788350 0 -1
788402 7 -1
788445 3 1
788450 16 1
788480 0 -1
788504 5 1
788547 4 1
788563 2 -1
788579 6 -1
788601 8 1
788622 11 -1
788662 1 -1
788671 0 1
788678 3 1
788841 1 1
788891 3 1
788920 0 1
788950 5 -1
788966 10 1
788974 4 1
789023 1 1
789039 0 1
789041 2 1
789063 7 -1
789146 0 -1
789160 13 -1
789280 3 1
789289 9 1
789291 2 1
789329 4 -1
789353 15 1
789375 5 -1
789398 1 1
789493 3 1
789504 0 -1
789517 2 -1
789591 1 -1
789611 19 1
789614 0 1
789643 4 -1
789692 3 -1
789740 20 1
789772 6 -1
789776 1 1
789780 0 1
789982 2 -1
790001 0 -1
790006 4 1
790095 3 -1
790124 0 -1
790154 6 1
790155 1 1
790229 2 -1
790240 0 -1
790304 3 -1
790337 0 1
790339 1 -1
790342 5 1
790455 2 1
790466 7 1
790487 0 -1
790493 9 -1
790498 3 1
790534 1 -1
790597 0 1
790611 8 1
790627 6 1
790643 12 1
790664 11 -1
790686 2 -1
790697 1 -1
790698 0 -1
790728 4 1
790836 5 -1
790895 1 1
790906 3 -1
790922 2 1
790971 0 1
791030 6 -1
791069 0 -1
791074 1 -1
791100 3 1
791119 4 -1
791143 2 -1
791159 18 -1
791229 0 -1
791264 7 1
791272 1 1
791299 3 -1
791342 5 -1
791390 2 -1
791438 6 -1
791487 0 -1
791506 4 1
791508 3 -1
791610 9 1
791612 1 -1
791621 0 -1
791643 8 1
791702 3 1
791729 0 1
791761 14 1
791804 1 1
791858 2 -1
791901 3 -1
791901 10 -1
791922 6 1
791972 0 -1
791973 1 1
791997 7 -1
792078 2 1
792094 0 -1
792110 3 -1
792126 13 -1
792202 5 1
792207 4 1
792231 0 -1
792322 2 1
792360 1 1
792366 0 -1
792384 9 -1
792470 6 -1
792497 0 -1
792502 3 -1
792529 1 1
792546 8 -1
792566 4 -1
792621 11 1
792666 0 -1
792696 5 1
792712 3 -1
792715 1 -1
792750 12 1
792766 2 -1
792798 0 -1
792906 3 1
792936 4 1
792965 15 1
792981 2 1
793009 0 -1
793086 1 1
793134 0 -1
793169 5 -1
793212 2 -1
793244 0 -1
793289 1 1
793314 3 -1
793320 10 1
793432 7 -1
793456 0 -1
793469 1 -1
793481 9 1
793502 8 1
793550 3 -1
793588 6 -1
793622 0 -1
793654 1 1
793666 4 1
793688 2 1
793733 0 -1
793744 3 1
793811 1 1
793911 2 -1
793964 1 1
793986 6 1
794001 4 1
794018 5 1
794061 0 -1
794150 1 -1
794150 2 1
794152 3 -1
794198 7 -1
794206 0 1
794319 16 1
794346 3 1
794370 0 -1
794373 6 -1
794392 4 1
794470 0 1
794488 1 1
794534 5 1
794556 8 1
794577 3 1
794593 0 -1
794625 2 -1
794642 9 -1
794678 1 -1
794703 0 1
794706 4 1
794728 12 -1
794754 7 1
794822 0 1
794851 2 1
794851 10 1
794875 1 1
794899 13 1
794967 3 1
794996 5 -1
795063 0 1
795082 2 -1
795093 4 -1
795160 0 -1
795179 3 1
795230 1 -1
795311 0 1
795372 3 -1
795416 7 -1
795420 1 1
795464 4 1
795523 6 -1
795523 9 1
795539 2 -1
795603 1 -1
795614 0 -1
795641 8 -1
795722 0 -1
795778 4 1
795781 3 1
795792 2 -1
795851 5 1
795880 0 1
795888 14 1
795952 1 1
795996 3 -1
796017 2 1
796144 0 1
796145 1 -1
796189 6 1
796206 3 -1
796206 7 -1
796297 0 -1
796308 5 -1
796339 1 1
796421 0 1
796493 2 -1
796514 1 -1
796520 4 1
796579 0 -1
796598 3 -1
796619 11 1
796662 8 1
796685 1 -1
796695 6 -1
796695 0 -1
796705 12 -1
796730 2 1
796799 0 1
796807 3 -1
796824 5 -1
796871 4 -1
796875 1 1
796915 7 1
796953 0 -1
796958 2 -1
797012 3 1
797092 1 1
797181 4 -1
797211 0 1
797361 0 -1
797423 1 1
797426 3 -1
797431 2 1
797458 6 -1
797530 0 1
797560 10 -1
797604 1 -1
797622 3 1
797641 2 1
797673 7 -1
797791 5 1
797804 0 -1
797806 1 1
797834 3 1
797861 2 -1
797866 22 1
797909 9 1
797979 4 1
798001 0 1
798017 6 -1
798027 3 -1
798108 2 -1
798124 0 1
798193 1 1
798224 3 1
798237 5 -1
798318 4 -1
798339 2 1
798357 0 -1
798390 1 -1
798460 3 1
798474 0 -1
798511 6 -1
798576 2 -1
798584 0 1
798597 8 -1
798612 1 -1
798629 5 -1
798662 11 1
798672 3 1
798683 12 -1
798684 4 1
798691 0 -1
798748 9 1
798796 2 1
798858 0 -1
798866 10 -1
798898 6 1
798975 1 1
798981 0 -1
799062 3 1
799097 0 -1
799132 7 -1
799162 1 -1
799274 3 1
799274 2 -1
799320 0 1
799346 1 -1
799374 4 -1
799414 16 1
799446 6 1
799457 0 1
799479 17 -1
799484 3 -1
799524 2 -1
799531 1 1
799548 5 -1
799594 0 1
799597 8 -1
799696 4 -1
799737 1 1
799737 2 -1
799758 9 1
799769 7 -1
799833 0 -1
799844 14 1
799876 3 -1
799898 1 1
799930 18 1
799943 0 1
799984 5 1
800048 6 -1
800056 0 -1
800067 4 1
800071 1 1
800086 3 -1
800212 2 1
800252 10 1
800274 0 1
800279 3 1
800381 13 1
800420 0 -1
800435 5 -1
800438 1 1
800441 2 -1
800450 4 1
800462 7 1
800524 0 1
800532 8 1
800553 6 -1
800611 1 1
800639 0 1
800688 3 -1
800688 2 -1
800704 20 1
800725 11 1
800755 0 1
800768 4 1
800780 1 -1
800866 0 -1
800881 3 1
800951 5 -1
801002 0 -1
801080 3 -1
801127 4 -1
801155 2 -1
801184 1 1
801209 0 -1
801290 3 -1
801329 1 -1
801341 0 -1
801360 6 1
801397 5 1
801397 2 -1
801462 0 -1
801483 3 1
801514 4 1
801522 1 1
801558 10 -1
801607 19 1
801650 2 1
801682 3 -1
801712 0 1
801741 6 -1
801744 7 1
801827 5 1
801876 2 -1
801881 0 -1
801892 3 -1
801893 1 -1
801908 15 1
802042 0 -1
802070 1 -1
802112 2 1
802133 6 1
802240 4 1
802244 1 -1
802284 3 -1
802295 9 -1
802327 5 -1
802332 2 -1
802370 0 -1
802467 8 -1
802494 3 -1
802523 0 1
802526 7 -1
802585 2 -1
802598 4 -1
802627 1 -1
802687 3 1
802703 12 1
802714 0 -1
802800 10 -1
802824 1 1
802848 0 -1
802889 4 1
802993 6 -1
803010 0 1
803010 1 -1
803036 2 -1
803096 3 -1
803122 0 1
803155 13 -1
803221 0 -1
803230 5 -1
803235 7 1
803262 2 1
803327 3 -1
803372 1 1
803402 9 1
803477 8 -1
803488 6 -1
803512 2 1
803523 3 1
803552 0 -1
803554 1 -1
803594 4 1
803672 0 -1
803724 5 -1
803759 1 1
803770 0 1
803929 3 -1
803972 14 1
803974 2 1
803977 4 -1
804009 0 -1
804058 17 1
804079 6 1
804106 0 1
804125 3 1
804127 5 -1
804140 1 1
804187 9 -1
804203 2 -1
804254 0 -1
804303 4 -1
804320 1 1
804348 10 -1
804350 3 1
804423 8 1
804450 2 -1
804501 1 1
804547 3 -1
804549 0 -1
804595 11 -1
804614 7 1
804665 0 -1
804740 3 1
804772 0 1
804832 12 -1
804884 1 -1
804907 2 -1
804939 3 -1
804960 15 -1
804993 0 -1
805045 1 -1
805046 5 -1
805073 4 -1
805141 0 1
805143 2 1
805148 3 -1
805165 6 1
805227 1 -1
805296 0 -1
805331 7 -1
805364 2 -1
805424 1 -1
805448 4 1
805530 5 1
805541 3 -1
805585 1 -1
805595 0 -1
805605 24 -1
805606 25 1
805616 2 -1
805750 3 -1
805753 0 1
805767 1 -1
805783 6 1
805815 4 -1
805842 2 1
805869 0 1
805896 10 1
805928 13 1
805944 3 1
805976 7 -1
805978 1 -1
805982 5 -1
806092 0 -1
806092 2 1
806194 4 -1
806221 0 -1
806315 9 1
806320 2 -1
806331 0 -1
806336 8 -1
806352 3 -1
806357 1 -1
806368 6 1
806508 11 1
806518 1 -1
806546 3 1
806557 4 1
806594 0 -1
806690 1 -1
806745 3 -1
806748 0 -1
806777 2 -1
806852 6 1
806863 5 -1
806868 0 -1
806871 4 1
806979 0 1
807027 2 -1
807048 1 1
807089 0 1
807148 3 1
807238 1 -1
807239 0 -1
807240 2 -1
807261 12 1
807318 4 1
807325 21 1
807347 3 -1
807347 5 1
807363 7 -1
807368 8 -1
807417 0 1
807444 1 -1
807486 6 -1
807540 9 -1
807556 3 -1
807677 0 1
807715 2 1
807750 3 1
807822 1 -1
807841 0 -1
807852 5 1
807927 6 -1
807949 3 -1
807949 2 -1
807970 0 -1
807996 1 -1
808113 4 -1
808137 7 1
808185 3 -1
808187 1 1
808191 0 1
808191 2 1
808293 8 1
808303 5 -1
808319 6 1
808328 0 1
808362 1 1
808395 3 -1
808459 4 -1
808486 11 1
808486 0 -1
808540 9 -1
808548 1 -1
808653 2 1
808701 10 1
808737 1 1
808755 0 -1
808771 5 1
808782 4 -1
808787 3 -1
808870 7 -1
808900 2 1
808930 0 1
808939 1 1
808997 3 -1
809077 0 -1
809131 15 1
809131 2 -1
809209 3 1
809217 18 -1
809222 5 -1
809228 6 -1
809244 0 -1
809282 8 1
809286 1 -1
809392 0 -1
809443 1 -1
809459 4 1
809588 0 1
809588 2 -1
809615 3 -1
809620 1 1
809668 5 1
809733 6 -1
809733 0 -1
809811 3 1
809830 4 -1
809840 2 -1
809927 10 1
809956 0 1
809963 1 -1
809991 17 1
810023 3 1
810066 2 1
810072 0 1
810098 9 1
810120 6 1
810156 1 1
810176 4 1
810198 0 1
810249 8 -1
810342 1 -1
810413 3 1
810418 7 1
810418 0 -1
810539 0 -1
810542 2 -1
810550 5 -1
810625 3 1
810690 0 1
810692 1 1
810765 27 1
810770 2 1
810819 3 -1
810829 16 -1
810882 1 -1
810910 4 1
810969 9 1
811004 0 -1
811004 2 -1
811015 3 1
811028 5 -1
811071 7 1
811075 1 1
811112 0 1
811206 8 -1
811227 3 1
811236 1 1
811249 6 -1
811254 0 -1
811257 4 -1
811297 10 -1
811359 0 1
811420 3 -1
811422 1 -1
811461 0 -1
811480 5 1
811480 2 1
811496 12 -1
811571 0 -1
811611 4 1
811615 1 1
811617 3 1
811668 6 1
811711 2 -1
811716 0 -1
811732 13 -1
811797 7 -1
811809 1 -1
811963 2 -1
811974 0 -1
811990 4 -1
812022 3 -1
812127 0 1
812162 8 1
812164 1 1
812184 9 -1
812216 6 1
812219 3 1
812227 14 1
812291 0 -1
812313 20 1
812329 4 -1
812349 1 -1
812409 5 1
812420 2 -1
812431 3 1
812559 1 -1
812571 0 -1
812614 11 1
812657 2 1
812708 4 -1
812716 0 1
812821 3 1
812877 2 -1
812882 5 -1
812893 1 -1
812899 0 1
813049 3 1
813070 4 -1
813079 1 1
813124 2 -1
813130 9 -1
813178 0 -1
813248 3 -1
813260 1 1
813264 7 -1
813291 6 -1
813334 2 -1
813337 0 1
813377 5 1
813452 0 1
813554 2 1
813573 0 1
813603 12 -1
813651 3 1
813653 1 -1
813694 0 1
813732 6 -1
813799 0 -1
813804 4 -1
813807 2 1
813824 1 -1
813850 3 -1
813898 0 1
813974 7 1
813992 1 1
814022 10 -1
814076 3 -1
814124 6 1
814135 4 -1
814171 1 1
814183 8 1
814210 0 1
814272 3 1
814282 2 -1
814312 13 1
814317 5 -1
814356 1 -1
814368 0 -1
814484 3 1
814493 4 1
814495 2 -1
814497 0 -1
814562 1 1
814586 7 1
814656 11 1
814677 3 -1
814729 0 1
814741 1 -1
814742 2 -1
814790 5 1
814839 0 -1
814874 3 1
814948 0 1
815094 1 1
815107 12 1
815150 8 -1
815161 6 -1
815194 0 1
815199 2 -1
815223 4 1
815242 5 -1
815279 3 -1
815280 1 -1
815306 0 1
815404 0 -1
815446 2 -1
815452 9 -1
815469 1 1
815505 10 1
815516 3 -1
815559 0 1
815602 4 -1
815634 6 -1
815677 2 1
815693 0 -1
815712 3 1
815758 5 -1
815830 1 1
815846 0 1
815976 0 1
815997 4 1
816009 1 1
816053 7 1
816107 8 -1
816118 3 -1
816134 2 1
816182 0 1
816194 1 -1
816225 6 1
816247 5 1
816311 16 1
816314 3 1
816336 0 -1
816354 14 1
816387 2 1
816440 0 1
816526 11 -1
816526 3 -1
816581 1 -1
816612 2 -1
816731 10 1
816739 4 -1
816739 7 -1
816747 5 1
816767 1 1
816774 0 1
816784 9 -1
816870 2 -1
816872 0 -1
816924 1 1
816929 3 1
816983 0 -1
817061 4 -1
817085 13 -1
817097 1 1
817117 6 1
817118 2 1
817128 3 -1
817160 5 1
817263 0 1
817303 1 1
817338 3 -1
817357 2 -1
817397 0 1
817432 4 1
817480 7 1
817482 1 -1
817529 0 1
817531 3 1
817580 2 1
817642 0 -1
817644 6 -1
817674 1 -1
817730 3 -1
817792 0 1
817831 4 1
817881 9 1
817977 3 1
817980 0 -1
818033 1 1
818055 2 -1
818088 0 1
818096 8 1
818101 7 1
818117 5 -1
818157 4 1
818160 18 1
818171 3 -1
818226 1 -1
818281 2 1
818312 0 -1
818354 6 -1
818411 1 1
818440 0 -1
818480 4 1
818507 2 -1
818526 11 -1
818542 0 1
818579 3 1
818579 5 1
818773 3 -1
818781 0 1
818819 1 -1
818851 4 -1
818891 7 -1
818896 0 1
818972 2 -1
818982 3 1
819000 1 1
819023 0 1
819106 5 1
819128 8 1
819161 1 1
819219 2 -1
819224 6 1
819240 0 -1
819380 0 -1
819391 3 -1
819445 2 1
819515 0 1
819536 15 1
819536 23 1
819536 1 1
819576 4 -1
819584 3 1
819617 7 1
819617 10 1
819630 0 1
819697 6 1
819729 13 1
819734 1 -1
819736 0 -1
819783 3 -1
819842 0 -1
819907 4 -1
819912 2 1
819915 1 1
819963 0 -1
820030 5 1
820052 12 -1
820088 1 1
820116 6 -1
820133 2 -1
820186 3 1
820189 0 1
820192 8 1
820266 1 -1
820294 4 -1
820313 0 1
820350 7 1
820374 9 -1
820385 3 -1
820385 2 -1
820413 0 -1
820439 11 1
820443 1 -1
820482 5 -1
820482 14 1
820595 3 -1
820611 2 1
820627 0 1
820632 1 1
820761 0 -1
820861 2 1
820872 0 1
820923 10 -1
820939 5 1
820987 3 -1
821003 4 1
821011 1 1
821087 0 -1
821087 2 -1
821189 0 1
821197 3 -1
821201 1 -1
821320 9 -1
821323 2 1
821342 6 1
821342 16 1
821363 0 1
821390 3 1
821390 1 1
821410 4 1
821659 0 -1
821741 1 -1
821761 4 1
821769 0 1
821793 6 -1
821799 3 -1
821799 2 -1
821858 7 1
821858 17 1
821879 0 -1
821901 5 -1
821930 1 1
821992 3 1
822024 2 1
822088 1 1
822137 8 1
822153 0 1
822191 3 -1
822258 2 -1
822277 0 1
822363 5 1
822368 0 1
822406 10 1
822446 4 -1
822460 11 1
822460 12 -1
822466 1 1
822524 6 1
822594 3 1
822648 7 1
822659 0 -1
822668 1 -1
822686 9 -1
822712 2 -1
822771 0 -1
822793 13 1
822801 4 1
822830 3 1
822853 1 1
822868 0 1
822900 5 1
822960 2 -1
822965 6 -1
823029 3 -1
823031 1 1
823115 0 1
823116 8 1
823172 4 -1
823184 1 1
823191 2 1
823214 0 -1
823309 7 1
823344 0 -1
823367 1 -1
823432 3 1
823449 6 -1
823509 0 -1
823555 1 -1
823621 0 -1
823631 3 -1
823664 2 1
823798 0 -1
823846 5 -1
823857 3 -1
823906 2 -1
823922 4 1
823928 1 -1
823938 10 1
823964 12 1
823967 0 1
824034 6 1
824053 3 1
824061 8 -1
824111 1 -1
824137 2 1
824222 15 -1
824225 0 -1
824266 3 1
824284 1 1
824298 5 1
824308 4 -1
824309 9 -1
824346 0 -1
824357 2 -1
824438 22 -1
824459 3 -1
824459 6 1
824467 0 -1
824545 11 1
824610 2 -1
824655 3 1
824675 1 1
824693 0 1
824716 4 -1
824744 5 -1
824816 0 1
824835 2 1
824857 7 -1
824861 1 -1
824935 0 1
824953 19 -1
825054 1 -1
825061 3 -1
825066 2 -1
825187 0 1
825211 29 1
825212 21 -1
825212 26 -1
825292 3 -1
825292 10 -1
825319 6 -1
825330 0 1
825401 1 -1
825437 0 1
825457 4 -1
825469 13 -1
825485 3 1
825518 7 1
825535 0 -1
825539 2 1
825590 1 1
825641 9 -1
825659 0 -1
825695 5 -1
825711 6 1
825765 0 -1
825773 2 -1
825776 4 -1
825778 1 -1
825880 0 1
825894 3 -1
826001 2 1
826007 8 1
826077 6 -1
826087 3 1
826098 4 -1
826163 1 -1
826195 7 -1
826211 5 -1
826224 0 -1
826318 3 1
826320 1 -1
826343 0 -1
826480 2 -1
826501 12 -1
826501 10 -1
826503 1 1
826507 0 -1
826695 5 1
826708 3 1
826716 2 1
826775 0 -1
826781 9 1
826808 4 1
826858 1 -1
826920 3 1
826937 2 -1
826939 0 1
826985 8 1
827037 1 1
827092 6 -1
827093 0 -1
827114 3 -1
827182 1 -1
827186 4 -1
827310 3 1
827375 0 -1
827426 2 1
827485 0 1
827522 3 1
827557 1 -1
827582 5 1
827590 0 1
827614 4 -1
827630 6 1
827646 2 -1
827678 7 -1
827694 10 -1
827713 0 -1
827755 1 1
827759 3 1
827791 17 -1
827834 0 -1
827899 2 -1
827932 1 1
827952 3 -1
827977 0 -1
828006 9 -1
828028 6 -1
828028 8 1
828038 5 -1
828124 2 1
828165 0 -1
828287 1 -1
828307 4 1
828339 13 1
828361 3 1
828374 2 1
828436 0 1
828468 7 -1
828476 1 1
828479 11 -1
828479 12 -1
828479 18 1
828511 5 1
828554 3 -1
828587 2 1
828622 0 1
828670 1 -1
828694 4 -1
828694 14 1
828753 0 -1
828764 3 1
828791 6 -1
828802 2 -1
828845 9 1
828875 1 -1
829004 4 -1
829041 1 -1
829051 0 1
829162 7 -1
829172 3 -1
829178 0 -1
829194 6 1
829234 1 1
829264 2 -1
829323 0 -1
829366 3 1
829366 5 -1
829379 4 1
829397 1 -1
829511 2 -1
829565 3 -1
829597 15 -1
829618 6 1
829648 0 1
829736 1 1
829739 2 1
829750 4 -1
829807 0 -1
829855 9 1
829863 7 1
829876 5 -1
829877 8 1
829897 1 1
829968 3 1
829979 0 1
830073 4 -1
830075 1 -1
830102 6 1
830167 3 -1
830188 0 1
830215 2 -1
830296 0 1
830339 5 1
830371 10 1
830376 3 -1
830394 0 -1
830414 11 -1
830443 4 -1
830446 2 1
830452 7 1
830460 1 -1
830570 3 1
830607 6 1
830640 0 1
830645 1 1
830650 9 1
830683 2 -1
830768 3 -1
830785 5 -1
830795 0 -1
830832 1 -1
830898 8 1
830930 12 -1
830970 0 1
830978 3 -1
831059 6 -1
831153 4 -1
831153 7 -1
831156 2 1
831172 3 1
831209 5 -1
831211 1 -1
831303 0 1
831381 2 -1
831403 1 1
831410 0 -1
831548 4 1
831567 0 1
831572 1 1
831580 3 -1
831631 2 -1
831639 5 1
831661 6 1
831768 1 1
831774 3 1
831800 8 -1
831844 2 -1
831854 10 -1
831870 7 1
831871 0 1
831929 1 1
831939 4 1
831972 3 -1
831983 0 1
832091 2 -1
832128 1 -1
832139 0 -1
832160 5 1
832177 16 1
832279 0 -1
832310 1 1
832319 2 1
832376 3 1
832435 0 1
832435 17 1
832478 11 -1
832478 9 -1
832553 2 -1
832577 0 -1
832609 3 1
832620 4 -1
832676 0 1
832685 1 1
832779 12 -1
832822 3 1
832822 14 1
832846 1 1
832854 6 1
832905 0 1
832991 4 1
833029 0 1
833039 1 -1
833053 2 1
833135 0 -1
833144 5 -1
833211 3 1
833217 7 -1
833276 2 -1
833305 10 -1
833346 4 -1
833359 0 -1
833370 6 -1
833402 1 1
833424 3 1
833469 0 1
833504 2 1
833579 0 1
833596 5 1
833596 1 -1
833633 3 -1
833757 6 1
833765 1 -1
833827 3 1
833829 0 1
833854 8 -1
833854 9 -1
833870 7 -1
833926 0 -1
833977 2 -1
833993 5 1
834025 3 -1
834047 13 -1
834054 0 -1
834083 4 -1
834136 1 -1
834154 24 -1
834177 0 -1
834203 2 1
834235 3 -1
834286 0 -1
834325 1 1
834402 0 1
834428 3 1
834434 2 -1
834470 4 1
834511 1 -1
834525 0 1
834603 7 1
834712 1 1
834727 0 -1
834767 6 -1
834778 8 1
834797 4 1
834837 3 -1
834854 0 -1
834891 2 -1
834910 1 -1
834918 5 1
834963 0 -1
835073 3 -1
835121 1 -1
835143 2 -1
835154 6 1
835186 9 -1
835196 4 1
835202 0 1
835267 3 1
835297 1 1
835307 0 1
835358 5 -1
835369 2 1
835404 0 -1
835530 4 1
835552 6 -1
835619 2 1
835637 1 -1
835643 0 -1
835675 3 -1
835762 0 -1
835788 8 1
835799 5 1
835804 1 -1
835845 2 -1
835869 3 1
835885 4 -1
835885 0 -1
835982 0 1
835990 1 1
836080 0 -1
836081 2 1
836100 3 1
836151 7 -1
836205 0 -1
836212 4 1
836272 10 -1
836310 2 -1
836323 0 -1
836328 1 -1
836347 11 1
836490 3 1
836518 1 1
836562 0 -1
836637 6 1
836672 0 1
836699 1 -1
836702 3 1
836756 13 1
836761 5 -1
836783 0 1
836783 2 1
836869 7 1
836885 4 1
836895 3 -1
836949 14 1
837014 2 -1
837033 0 1
837046 6 1
837070 1 1
837092 3 1
837129 0 -1
837207 19 -1
837207 5 -1
837244 1 -1
837250 2 1
837257 0 -1
837264 4 -1
837304 3 1
837429 1 1
837460 0 1
837473 7 1
837519 6 -1
837540 3 1
837583 0 1
837680 12 1
837680 15 1
837691 4 -1
837710 0 1
837712 5 -1
837723 2 -1
837723 10 1
837734 3 -1
837745 8 -1
837796 1 1
837852 16 -1
837852 9 1
837930 0 -1
837949 2 1
837973 1 1
838046 6 -1
838046 0 -1
838110 18 -1
838142 3 1
838145 0 1
838162 1 -1
838180 5 1
838199 2 1
838217 11 -1
838336 3 -1
838419 0 1
838424 4 -1
838508 6 -1
838516 0 -1
838533 1 -1
838545 3 1
838648 0 -1
838653 5 -1
838661 2 1
838715 1 -1
838734 8 -1
838763 7 -1
838798 9 1
838811 4 1
838871 0 -1
838884 2 -1
838904 1 1
838954 3 -1
838965 10 1
838981 6 -1
839013 0 -1
839088 2 -1
839120 5 1
839147 3 1
839158 0 1
839162 4 -1
839303 1 -1
839327 7 -1
839346 3 -1
839368 6 1
839400 20 -1
839470 0 1
839493 1 1
839529 13 -1
839561 5 -1
839564 2 1
839659 0 -1
839669 8 1
839674 1 1
839701 12 1
839722 9 1
839749 3 1
839792 0 -1
839792 2 -1
839867 4 1
839948 3 -1
839954 0 1
840040 2 -1
840041 1 1
840045 7 1
840123 0 1
840158 3 -1
840182 4 1
840224 1 -1
840249 6 -1
840260 11 -1
840281 0 -1
840351 3 1
840416 0 -1
840428 1 1
840507 2 -1
840512 4 1
840550 3 -1
840550 5 1
840621 1 -1
840658 8 1
840703 0 1
840727 2 1
840733 6 -1
840760 3 -1
840770 7 -1
840795 1 -1
840827 0 1
840920 4 1
840940 0 -1
840953 3 1
840980 1 1
840980 2 1
840991 15 -1
841034 5 -1
841153 1 1
841173 6 -1
841195 0 -1
841238 4 1
841305 0 1
841359 7 -1
841362 3 -1
841407 0 -1
841456 2 -1
841469 5 1
841546 1 -1
841555 3 1
841613 4 1
841625 10 1
841636 0 -1
841636 8 -1
841668 2 -1
841700 9 1
841718 1 -1
841722 12 1
841751 0 1
841754 3 -1
841886 0 1
841901 1 1
841915 2 -1
841963 4 1
842042 0 -1
842084 7 1
842157 3 1
842208 0 -1
842258 1 -1
842329 0 -1
842356 6 1
842372 2 -1
842391 3 1
842433 1 1
842461 0 -1
842485 5 1
842603 3 1
842603 8 -1
842619 1 -1
842619 2 -1
842649 4 -1
842770 0 -1
842797 9 -1
842807 6 1
842818 7 -1
842850 10 1
842861 2 1
842904 0 -1
842947 5 -1
842993 3 1
842998 1 -1
843012 17 -1
843020 4 1
843036 0 -1
843122 2 1
843145 1 1
843205 3 1
843312 6 1
843318 0 1
843338 1 -1
843361 2 -1
843404 5 1
843406 4 -1
843415 3 -1
843468 0 1
843532 1 -1
843573 0 -1
843587 2 1
843608 3 1
843635 8 -1
843701 1 -1
843786 21 -1
843788 0 1
843807 3 -1
843818 2 -1
843839 9 -1
843916 1 -1
843971 0 -1
844017 3 -1
844043 16 -1
844092 0 -1
844100 1 -1
844108 4 -1
844108 7 1
844129 11 1
844140 10 1
844202 0 1
844210 3 1
844269 2 -1
844280 6 1
844355 5 -1
844382 0 1
844473 1 -1
844499 4 -1
844506 2 1
844549 0 1
844618 3 -1
844656 1 -1
844702 0 -1
844726 2 -1
844761 7 -1
844812 3 1
844817 23 -1
844828 5 1
844828 6 1
844842 1 1
844870 4 1
845011 3 -1
845011 13 -1
845011 0 -1
845126 0 1
845204 14 1
845204 1 -1
845205 2 1
845269 0 1
845312 5 -1
845382 1 1
845414 3 1
845419 6 -1
845419 15 1
845454 2 1
845484 8 -1
845492 0 1
845511 7 1
845535 4 1
845583 1 -1
845591 9 1
845613 3 -1
845613 0 1
845680 2 -1
845718 0 -1
845752 5 1
845763 12 -1
845822 3 -1
845873 4 -1
845960 0 -1
845962 1 -1
846021 6 1
846075 0 -1
846136 1 -1
846145 2 -1
846200 0 -1
846215 11 1
846215 3 -1
846224 4 1
846268 5 1
846317 0 -1
846317 1 -1
846392 2 -1
846422 0 1
846424 3 -1
846494 6 1
846514 1 -1
846524 0 -1
846559 8 -1
846618 3 1
846618 2 1
846627 4 -1
846666 9 -1
846706 0 -1
846708 1 1
846784 5 1
846849 2 -1
846849 10 1
846873 1 1
846889 7 -1
846954 4 -1
846986 0 1
847026 3 -1
847058 1 -1
847064 6 1
847085 2 1
847153 0 1
847230 5 -1
847257 3 -1
847259 0 -1
847306 2 -1
847308 4 1
847431 1 -1
847454 3 1
847510 7 -1
847515 0 1
847548 9 1
847558 2 -1
847580 6 -1
847580 8 -1
847617 1 1
847639 4 1
847666 0 -1
847775 0 1
847780 1 1
847859 3 -1
847870 12 -1
847999 18 -1
848026 0 -1
848034 2 1
848042 13 -1
848055 3 1
848106 5 1
848155 0 -1
848159 1 1
848187 7 1
848214 11 1
848268 3 -1
848268 2 -1
848304 1 -1
848322 0 -1
848332 4 -1
848332 10 -1
848407 6 1
848429 19 1
848429 22 1
848467 0 -1
848494 2 1
848498 1 1
848558 5 -1
848596 0 -1
848601 28 1
848671 3 1
848695 4 1
848719 0 -1
848751 6 1
848829 0 1
848870 3 -1
848876 1 1
848945 20 1
848969 2 -1
849009 4 1
849015 5 1
849054 0 -1
849054 1 1
849079 3 -1
849149 6 -1
849176 2 -1
849177 0 -1
849235 1 -1
849296 0 -1
849332 14 1
849429 2 1
849439 9 1
849445 7 1
849472 3 -1
849504 15 -1
849509 0 1
849525 8 -1
849558 10 -1
849598 1 1
849614 0 -1
849681 3 -1
849695 4 1
849735 0 -1
849762 12 -1
849783 1 -1
849848 17 -1
849875 3 1
849904 2 -1
849955 1 -1
849966 5 -1
850006 0 1
850074 3 -1
850082 4 -1
850133 2 1
850149 11 -1
850170 7 -1
850178 0 1
850283 3 -1
850337 0 -1
850360 1 1
850366 2 -1
850407 5 -1
850407 6 1
850418 9 1
850464 4 1
850477 3 1
850490 0 1
850504 8 -1
850541 1 1
850595 2 1
850638 0 1
850675 3 -1
850686 13 1
850731 1 -1
850743 0 1
850842 2 1
850847 6 -1
850861 0 1
850944 5 -1
850944 7 1
851073 0 -1
851073 2 -1
851078 3 1
851097 1 1
851170 4 -1
851182 0 1
851277 3 -1
851287 1 -1
851310 2 1
851331 9 1
851334 0 -1
851439 8 1
851460 6 1
851476 1 1
851487 3 -1
851533 4 1
851584 0 -1
851767 0 -1
851783 2 -1
851852 5 -1
851879 3 -1
851881 1 -1
851904 4 -1
851920 0 1
852008 2 1
852053 1 -1
852084 11 -1
852116 3 -1
852186 0 -1
852234 1 1
852240 2 -1
852270 4 1
852320 6 -1
852325 3 -1
852326 0 -1
852352 5 -1
852363 7 1
852428 1 -1
852452 0 -1
852524 10 1
852585 1 -1
852597 0 -1
852661 4 1
852712 2 1
852718 3 -1
852750 6 -1
852774 1 1
852777 0 -1
852804 5 1
852887 0 1
852927 3 -1
852946 2 -1
852968 1 -1
852984 4 1
852989 0 -1
853056 7 -1
853116 14 -1
853140 3 1
853175 2 1
853191 6 1
853253 0 -1
853287 5 -1
853298 9 1
853341 1 -1
853346 4 -1
853352 3 1
853374 8 -1
853387 0 -1
853516 1 -1
853545 3 -1
853551 0 -1
853658 2 -1
853674 6 1
853685 7 -1
853701 1 1
853742 3 1
853798 0 1
853809 5 -1
853863 10 -1
853906 2 -1
853951 0 -1
853954 3 1
854018 15 1
854040 12 1
854064 4 -1
854072 0 -1
854074 1 1
854131 6 1
854131 2 1
854190 11 -1
854258 1 -1
854276 5 1
854319 9 1
854344 3 1
854346 0 -1
854362 2 -1
854373 8 -1
854431 1 -1
854459 4 1
854494 0 1
854572 3 1
854583 2 1
854682 0 -1
854717 5 -1
854771 3 -1
854771 6 -1
854798 1 1
854808 2 -1
854830 4 -1
854932 0 -1
854983 1 -1
855007 10 1
855040 2 1
855079 0 -1
855136 25 1
855144 7 -1
855173 1 1
855174 3 1
855190 0 -1
855265 9 1
855351 8 1
855373 3 -1
855374 1 1
855394 16 1
855470 0 1
855480 6 -1
855496 2 1
855547 4 -1
855556 1 1
855574 0 -1
855598 3 -1
855641 5 -1
855652 17 -1
855674 0 1
855745 1 -1
855749 2 1
855846 7 1
855910 12 1
855918 4 1
855920 1 1
855975 2 -1
855977 0 -1
856007 3 1
856082 0 1
856136 5 -1
856168 30 -1
856200 3 -1
856217 0 -1
856253 4 -1
856254 11 -1
856285 1 -1
856340 8 1
856394 6 1
856396 3 1
856411 0 -1
856426 13 -1
856437 2 -1
856474 7 1
856495 1 -1
856535 0 -1
856609 3 1
856630 5 1
856641 0 1
856684 2 -1
856696 1 1
856759 0 1
856802 3 -1
856878 6 1
856883 0 1
856913 2 1
856988 0 1
857006 4 -1
857039 3 -1
857075 1 1
857084 0 -1
857114 15 -1
857235 3 1
857265 1 1
857329 9 -1
857336 0 -1
857351 8 1
857372 6 1
857385 4 1
857388 2 -1
857445 0 -1
857450 1 -1
857555 5 1
857560 0 1
857619 2 1
857641 3 -1
857748 10 1
857788 4 -1
857802 0 1
857821 1 -1
857837 3 1
857856 2 -1
857893 7 1
857918 0 1
858010 1 1
858044 5 1
858049 3 -1
858076 0 -1
858076 2 1
858151 4 1
858188 1 -1
858189 12 -1
858254 8 -1
858264 6 -1
858315 0 1
858329 2 1
858373 1 1
858431 0 -1
858452 3 1
858490 4 -1
858490 7 1
858501 5 -1
858552 0 -1
858554 2 -1
858566 1 -1
858651 3 -1
858654 0 1
858662 6 1
858662 9 -1
858740 1 1
858788 0 1
858812 2 -1
858849 4 1
858861 3 -1
858904 0 1
858945 1 -1
859092 0 -1
859155 4 1
859199 6 1
859200 8 1
859216 7 -1
859253 3 -1
859280 1 1
859280 10 1
859285 2 -1
859296 13 1
859326 0 1
859444 0 -1
859463 3 -1
859463 5 1
859469 1 -1
859506 2 1
859584 0 -1
859639 1 -1
859656 3 1
859737 2 -1
859823 9 1
859839 0 -1
859898 5 1
859925 4 1
859949 0 1
860026 1 -1
860059 0 -1
860065 3 -1
860081 11 1
860081 12 -1
860167 6 -1
860195 1 -1
860212 2 1
860258 3 1
860284 4 -1
860301 0 -1
860384 1 1
860409 0 1
860438 2 -1
860457 3 -1
860457 10 1
860468 5 -1
860522 0 1
860538 7 1
860554 15 1
860554 16 1
860586 6 -1
860640 0 1
860675 4 1
860675 2 1
860744 0 -1
860763 1 1
860769 9 1
860860 3 1
860865 0 -1
860908 5 1
860957 1 -1
861037 6 1
861043 0 -1
861059 3 -1
861136 1 1
861150 2 -1
861209 8 1
861215 7 -1
861268 3 -1
861301 0 -1
861328 14 -1
861328 1 -1
861376 2 1
861400 4 1
861414 5 1
861431 0 -1
861483 1 -1
861586 6 -1
861607 2 -1
861610 0 -1
861636 1 -1
861661 3 -1
861706 4 1
861827 5 1
861832 1 -1
861844 2 1
861908 3 1
861914 0 -1
861930 9 -1
861978 6 1
862005 13 -1
862005 7 1
862016 12 -1
862064 2 -1
862075 0 1
862093 4 -1
862101 3 -1
862144 11 1
862166 8 -1
862174 1 -1
862188 0 1
862279 5 -1
862316 2 -1
862368 1 1
862402 6 1
862443 0 1
862510 3 1
862542 2 1
862555 1 -1
862612 0 -1
862703 3 -1
862765 0 1
862779 7 -1
862822 6 -1
862881 0 1
862884 4 -1
862913 3 1
862928 1 -1
862929 9 -1
862994 0 1
863004 20 -1
863018 2 -1
863097 1 -1
863112 3 -1
863120 0 1
863155 8 -1
863198 10 -1
863254 4 1
863254 2 1
863262 5 1
863276 0 -1
863287 1 1
863321 3 -1
863483 2 -1
863515 3 1
863537 0 -1
863601 7 -1
863605 4 -1
863658 1 1
863666 0 -1
863714 3 -1
863735 5 -1
863768 0 1
863789 6 -1
863837 1 -1
863940 4 -1
863940 2 -1
864024 1 -1
864028 0 1
864036 9 1
864117 3 1
864144 6 -1
864163 0 1
864187 11 1
864187 2 -1
864206 1 1
864238 7 1
864257 5 -1
864286 4 1
864321 0 -1
864353 3 1
864359 12 1
864393 1 -1
864415 2 1
864504 10 1
864550 0 1
864552 3 -1
864564 1 -1
864662 0 -1
864673 4 1
864724 6 1
864734 1 -1
864762 0 1
864786 7 -1
864880 2 1
864896 0 -1
864955 3 1
865004 13 -1
865020 0 -1
865052 4 -1
865111 8 1
865111 18 -1
865117 0 1
865121 1 -1
865122 5 1
865146 2 1
865154 3 -1
865248 0 1
865290 1 -1
865353 2 1
865380 3 -1
865455 14 -1
865479 1 1
865517 0 -1
865573 5 -1
865600 2 1
865659 6 -1
865697 0 -1
865729 10 1
865766 4 -1
865778 16 -1
865788 3 1
865830 1 -1
865831 2 -1
865885 0 -1
865982 3 -1
866020 1 1
866060 4 -1
866068 5 -1
866068 2 1
866122 12 1
866122 8 1
866127 6 -1
866135 0 1
866165 9 1
866178 3 1
866205 7 -1
866217 1 -1
866232 0 -1
866288 2 -1
866388 0 1
866390 3 1
866431 4 1
866572 1 1
866584 3 -1
866594 6 -1
866638 0 1
866749 1 -1
866767 2 1
866796 0 -1
866810 7 -1
866815 3 -1
866926 1 -1
866928 5 1
866936 0 -1
866998 2 -1
867008 3 1
867014 8 -1
867035 0 1
867108 4 -1
867116 1 1
867162 0 -1
867229 10 -1
867242 2 -1
867282 0 -1
867326 1 1
867326 9 -1
867387 0 1
867401 5 -1
867417 3 -1
867491 1 1
867503 4 -1
867503 7 1
867519 6 1
867610 3 1
867637 0 1
867682 1 -1
867704 2 -1
867712 13 1
867804 0 -1
867841 3 1
867842 4 -1
867874 5 1
867933 0 -1
867933 2 1
867960 6 -1
868059 1 -1
868121 11 -1
868167 0 1
868180 2 1
868216 1 -1
868231 3 1
868285 0 -1
868314 5 -1
868336 9 -1
868395 0 1
868414 1 1
868443 3 1
868444 6 -1
868575 4 -1
868615 0 1
868616 10 1
868637 3 -1
868648 2 1
868731 0 -1
868766 5 1
868805 1 -1
868809 15 1
868863 6 -1
868863 0 -1
868868 2 -1
868966 1 -1
868981 8 1
868986 4 -1
869002 7 1
869029 0 -1
869045 3 1
869067 17 1
869121 2 -1
869127 1 -1
869158 0 -1
869201 5 -1
869239 3 -1
869250 6 1
869266 0 1
869361 4 1
869364 0 -1
869435 3 1
869502 1 1
869577 2 -1
869583 12 -1
869583 14 -1
869622 0 -1
869647 3 1
869690 5 1
869692 1 1
869733 6 1
869768 0 1
869776 7 -1
869830 2 -1
869841 3 -1
869862 8 -1
869877 1 1
869948 0 1
870002 10 -1
870037 3 1
870056 2 1
870058 1 1
870123 4 -1
870174 6 -1
870185 11 -1
870193 0 1
870228 13 1
870244 1 -1
870249 3 1
870378 0 1
870421 1 1
870486 4 1
870491 0 1
870502 7 1
870531 2 -1
870582 9 -1
870603 1 -1
870615 24 1
870639 3 1
870679 5 -1
870768 2 1
870789 0 -1
870851 3 1
870864 4 -1
870894 8 -1
870982 1 -1
870986 0 1
870996 2 -1
871045 3 -1
871131 6 -1
871131 0 -1
871157 5 -1
871167 1 1
871348 1 1
871367 9 1
871379 0 1
871388 19 -1
871453 3 1
871469 2 1
871474 12 -1
871475 18 1
871528 6 1
871547 0 -1
871560 5 -1
871582 10 -1
871602 4 -1
871690 3 1
871700 2 -1
871718 0 -1
871723 1 1
871883 3 -1
871888 7 1
871889 1 1
871904 22 1
871915 8 -1
871937 2 1
871972 0 -1
871993 4 1
872033 6 1
872074 1 -1
872125 0 1
872205 11 -1
872240 0 -1
872291 3 1
872340 4 1
872410 2 -1
872461 1 1
872474 5 -1
872485 3 -1
872523 0 1
872614 9 1
872622 7 -1
872636 2 1
872642 1 -1
872680 0 -1
872694 3 1
872786 0 -1
872824 1 -1
872872 8 1
872885 2 1
872893 6 -1
872920 5 1
873008 0 -1
873082 4 1
873103 3 -1
873111 2 -1
873130 13 1
873149 0 -1
873174 1 -1
873237 15 -1
873296 3 1
873313 6 -1
873323 7 1
873326 0 -1
873329 5 1
873348 2 1
873376 1 1
873404 4 1
873477 0 1
873495 3 -1
873551 1 -1
873576 2 -1
873589 0 -1
873729 0 1
873759 4 -1
873764 6 1
873823 2 -1
873898 3 1
873907 0 1
873916 1 1
873947 8 1
874076 12 -1
874081 7 -1
874091 1 -1
874132 3 1
874194 0 -1
874194 10 1
874226 23 1
874226 26 1
874259 1 -1
874283 2 -1
874302 5 -1
874344 3 1
874373 0 -1
874479 0 1
874508 2 1
874541 4 1
874625 1 1
874688 6 -1
874734 3 1
874737 2 -1
874742 21 -1
874742 9 -1
874745 0 -1
874764 5 1
874809 1 -1
874871 17 1
874904 7 -1
874920 4 -1
874933 0 -1
874946 3 1
874988 1 -1
875000 8 1
875081 0 1
875156 3 -1
875194 6 1
875229 2 1
875237 5 -1
875290 4 1
875331 0 -1
875363 1 1
875468 2 -1
875484 0 1
875532 10 -1
875536 1 -1
875548 3 -1
875581 6 -1
875621 4 -1
875621 0 1
875661 7 1
875694 2 1
875715 5 1
875727 0 -1
875730 1 1
875758 3 -1
875825 0 1
875911 4 1
875915 1 -1
875951 3 1
875960 0 1
875989 9 -1
876062 0 -1
876113 1 1
876150 3 -1
876161 11 1
876161 2 1
876193 7 -1
876215 5 1
876278 4 -1
876286 1 1
876352 0 -1
876360 3 -1
876381 2 -1
876462 6 1
876500 1 1
876516 0 -1
876596 3 -1
876634 2 -1
876666 0 1
876669 4 1
876677 5 -1
876790 3 1
876856 1 1
876860 2 1
876870 6 -1
876897 0 1
876935 8 -1
876946 9 -1
877002 0 -1
877004 1 -1
877032 10 -1
877091 2 -1
877128 5 1
877150 0 1
877181 1 1
877198 3 -1
877335 2 -1
877343 6 -1
877386 16 1
877392 3 1
877411 4 -1
877446 0 -1
877536 1 1
877564 2 1
877580 15 1
877593 0 1
877612 7 -1
877623 3 1
877713 1 1
877752 14 -1
877777 4 1
877782 0 -1
877889 0 1
877906 1 -1
877946 8 -1
878007 0 1
878013 3 1
878026 2 1
878053 9 1
878117 5 -1
878131 0 1
878148 4 -1
878182 27 -1
878225 11 1
878225 3 1
878237 0 -1
878259 1 -1
878273 2 1
878279 6 1
878306 7 1
878418 3 -1
878447 1 -1
878448 0 1
878504 2 -1
878526 12 -1
878566 0 1
878596 5 1
878612 13 1
878640 1 -1
878682 0 1
878762 6 1
878803 1 -1
878827 3 1
878830 7 -1
878891 8 1
878894 4 -1
878914 0 -1
878961 2 -1
878987 1 -1
879020 3 -1
879020 9 1
879028 0 -1
879047 5 -1
879149 0 -1
879176 1 -1
879214 2 -1
879216 3 1
879219 6 1
879224 4 -1
879358 1 -1
879429 3 1
879431 0 1
879440 2 1
879591 0 -1
879611 4 -1
879622 3 -1
879698 0 1
879732 1 -1
879802 0 1
879818 3 1
879902 10 -1
879918 1 1
879923 2 -1
879956 0 -1
880009 5 1
880025 6 -1
880031 3 1
880063 0 1
880099 1 1
880152 2 1
880181 9 -1
880195 0 1
880203 11 1
880273 7 1
880375 2 -1
880377 4 1
880414 0 1
880420 3 1
880466 5 -1
880478 1 1
880568 0 -1
880600 2 1
880633 3 1
880633 6 1
880680 1 1
880697 0 -1
880740 4 -1
880762 18 -1
880805 8 -1
880826 3 -1
880826 2 -1
880871 1 -1
880934 7 1
880947 0 1
880982 5 -1
881073 6 -1
881076 2 -1
881081 0 1
881107 4 1
881194 0 -1
881224 1 1
881234 12 -1
881235 9 1
881240 3 1
881288 2 -1
881288 10 1
881419 1 -1
881450 3 -1
881450 13 -1
881466 4 -1
881482 0 -1
881589 0 1
881611 1 1
881659 3 -1
881675 7 1
881702 0 1
881764 2 1
881804 8 -1
881812 1 -1
881826 0 1
881828 4 1
881879 14 -1
881906 5 -1
881947 0 1
881992 2 -1
881998 6 1
882006 1 1
882049 0 -1
882051 3 -1
882166 0 -1
882179 1 1
882191 4 -1
882240 2 -1
882261 3 -1
882360 1 -1
882374 5 1
882452 0 -1
882473 3 1
882514 10 1
882530 4 -1
882546 6 -1
882573 0 -1
882686 3 1
882707 0 -1
882707 2 -1
882739 19 1
882740 16 -1
882741 1 -1
882761 8 1
882836 5 -1
882879 3 -1
882917 1 -1
882922 6 1
882928 2 1
882997 20 1
883005 7 -1
883024 0 1
883075 3 1
883102 1 1
883126 17 1
883180 2 1
883183 0 -1
883255 4 -1
883288 3 1
883298 12 1
883336 0 1
883427 6 1
883457 1 -1
883562 7 1
883606 4 1
883642 0 -1
883642 9 1
883643 1 1
883656 2 -1
883677 3 1
883744 0 1
883798 5 1
883804 1 1
883860 0 1
883868 6 -1
883868 2 -1
883889 3 1
883981 4 -1
884051 0 1
884083 3 -1
884094 13 1
884115 2 -1
884137 11 -1
884150 0 -1
884195 1 -1
884244 5 -1
884287 7 -1
884290 0 -1
884344 2 1
884373 6 -1
884380 1 1
884422 0 -1
884491 3 1
884563 1 -1
884588 9 1
884599 2 1
884666 4 1
884685 3 -1
884712 0 -1
884728 5 1
884755 1 1
884771 8 1
884803 15 1
884827 0 1
884835 6 -1
884846 2 -1
884881 3 1
884934 1 -1
884970 0 -1
885021 4 1
885029 10 1
885088 2 1
885101 7 -1
885106 1 -1
885187 0 -1
885287 3 -1
885287 0 1
885287 1 1
885319 9 -1
885408 4 1
885437 0 -1
885483 3 1
885537 2 1
885630 1 -1
885677 0 1
885695 3 1
885696 5 -1
885717 8 -1
885765 2 -1
885803 7 1
885808 0 1
885815 1 1
885889 3 -1
885932 6 1
885970 0 -1
885996 1 1
886007 14 -1
886012 2 -1
886069 4 -1
886085 3 1
886101 0 -1
886136 11 -1
886147 5 1
886262 0 -1
886321 3 1
886371 1 1
886389 0 -1
886456 4 1
886461 2 -1
886510 0 -1
886512 6 -1
886534 3 1
886553 7 -1
886557 1 -1
886636 5 1
886674 10 1
886687 2 1
886712 1 -1
886738 8 -1
886786 0 1
886835 4 -1
886895 0 -1
886905 2 1
886923 3 1
887042 0 1
887071 6 -1
887085 1 1
887141 3 1
887146 12 1
887190 7 -1
887222 9 -1
887246 4 -1
887264 1 -1
887326 0 1
887345 3 -1
887378 2 1
887433 0 -1
887464 1 1
887556 0 -1
887576 4 -1
887625 2 1
887630 5 -1
887645 1 -1
887738 3 -1
887770 8 -1
887781 0 -1
887814 1 -1
887856 2 -1
887894 0 1
887947 3 -1
887947 4 1
887985 9 1
888000 1 1
888041 0 -1
888071 5 1
888092 2 1
888141 3 1
888178 11 -1
888181 1 1
888221 16 1
888238 10 1
888243 6 -1
888313 2 -1
888326 0 1
888366 4 1
888496 0 1
888533 5 -1
888549 3 -1
888565 2 -1
888572 1 1
888587 15 1
888616 7 -1
888657 0 -1
888716 12 -1
888716 8 1
888743 3 1
888759 6 1
888766 1 -1
888791 2 1
888869 0 1
888941 3 -1
888967 1 -1
888995 9 1
889030 0 -1
889103 6 1
889148 4 -1
889151 3 -1
889181 0 1
889213 7 -1
889267 2 -1
889318 1 1
889345 3 1
889463 4 -1
889479 10 1
889484 0 -1
889489 1 1
889490 5 -1
889495 2 1
889543 3 -1
889619 0 1
889683 1 -1
889683 8 1
889717 0 -1
889729 2 -1
889753 3 -1
889834 13 -1
889858 4 -1
889920 6 -1
889947 7 1
889948 0 1
889990 5 -1
890046 0 -1
890068 1 -1
890145 3 -1
890194 0 1
890213 2 1
890253 1 1
890307 0 1
890355 3 -1
890405 0 -1
890434 1 1
890446 2 -1
890457 5 1
890479 6 1
890548 3 1
890559 0 1
890616 4 1
890616 1 -1
890629 8 -1
890656 2 1
890694 0 -1
890775 1 -1
890833 10 -1
890898 5 -1
890919 6 -1
890938 4 1
890958 1 -1
890968 3 -1
891016 0 1
891080 12 1
891116 2 1
891126 0 -1
891148 1 1
891188 3 -1
891250 0 -1
891317 4 -1
891344 2 -1
891371 6 1
891384 3 1
891392 5 1
891454 7 -1
891519 1 -1
891567 0 -1
891575 9 -1
891591 2 -1
891704 1 1
891709 0 1
891790 3 -1
891822 2 1
891844 0 -1
891869 1 1
891887 5 1
891897 6 -1
891940 21 1
891986 3 1
892048 11 1
892059 2 -1
892059 10 -1
892067 4 1
892067 0 1
892169 0 -1
892196 7 1
892198 3 -1
892260 1 -1
892279 2 1
892290 6 1
892346 0 -1
892370 5 -1
892408 3 -1
892430 4 -1
892432 1 -1
892516 0 -1
892532 2 1
892542 13 1
892602 3 1
892623 1 1
892626 0 1
892639 8 -1
892671 9 1
892714 6 1
892780 4 1
892784 0 -1
892800 3 -1
892937 0 1
892962 7 -1
892990 1 1
893007 2 -1
893010 3 -1
893151 1 1
893220 2 -1
893230 0 -1
893327 5 1
893349 1 -1
893392 0 1
893402 3 -1
893445 10 1
893467 2 -1
893504 0 1
893518 4 1
893546 1 -1
893574 20 -1
893596 8 1
893639 3 -1
893732 0 -1
893732 1 1
893778 6 -1
893789 5 -1
893832 9 -1
893848 3 -1
893856 0 -1
893897 4 -1
893897 1 1
893924 2 -1
893975 0 -1
894078 1 -1
894112 11 1
894171 2 -1
894176 15 1
894182 6 1
894230 0 -1
894241 3 -1
894241 5 1
894262 14 -1
894268 7 1
894276 4 1
894348 0 -1
894402 2 1
894449 1 -1
894461 3 -1
894483 0 -1
894499 8 -1
894638 1 1
894652 0 1
894663 3 1
894746 6 -1
894765 0 -1
894808 1 1
894832 9 -1
894859 2 1
894864 19 1
894864 22 -1
894864 0 1
894913 7 1
894961 4 -1
894969 0 1
895068 3 -1
895122 2 1
895183 1 1
895203 0 -1
895251 5 -1
895264 3 1
895291 4 -1
895328 1 -1
895342 0 -1
895364 2 -1
895380 13 -1
895474 0 -1
895477 3 1
895525 1 1
895617 9 1
895619 2 -1
895626 4 1
895646 7 -1
895649 5 -1
895660 12 1
895670 3 -1
895681 6 1
895767 0 -1
895824 2 -1
895872 0 1
895896 1 1
895901 3 -1
896025 11 -1
896055 0 1
896057 2 1
896082 1 1
896095 3 1
896143 5 -1
896159 6 1
896240 18 -1
896263 1 -1
896278 2 -1
896294 3 -1
896323 4 -1
896334 0 -1
896485 0 1
896509 10 -1
896541 8 -1
896584 6 1
896626 1 1
896630 4 -1
896643 0 -1
896697 3 1
896756 2 1
896810 9 -1
896823 1 -1
896896 3 -1
896966 0 -1
897006 2 1
897025 4 1
897035 1 -1
897068 5 -1
897121 3 -1
897124 0 1
897154 7 1
897232 2 -1
897253 0 -1
897396 1 1
897466 8 1
897530 3 1
897530 12 1
897535 0 -1
897551 6 1
897573 5 -1
897581 1 -1
897680 0 1
897697 2 -1
897702 17 -1
897723 3 -1
897752 1 -1
897758 4 1
897834 0 1
897871 7 -1
897920 3 1
897928 10 1
897938 9 1
897944 2 -1
897992 6 -1
898024 5 1
898046 14 1
898053 0 -1
898129 4 -1
898133 1 -1
898159 0 1
898170 2 1
898282 0 -1
898323 1 1
898325 3 -1
898444 8 1
898464 4 -1
898465 6 -1
898500 0 1
898504 1 -1
898516 7 1
898521 3 1
898546 5 1
898613 0 -1
898637 2 1
898734 3 1
898736 0 -1
898847 4 1
898855 1 -1
898857 2 -1
898911 0 -1
898949 6 -1
899019 5 -1
899044 1 1
899070 0 1
899110 2 -1
899123 3 1
899161 4 1
899191 0 1
899252 1 1
899301 0 -1
899330 10 -1
899336 3 1
899439 1 -1
899508 29 -1
899508 4 -1
899508 6 1
899529 3 -1
899529 5 -1
899586 2 1
899594 12 1
899600 1 -1
899637 16 1
899653 0 -1
899763 0 1
899778 1 -1
899811 2 -1
899814 7 1
899854 4 1
899903 0 1
899938 3 1
899938 6 -1
899939 1 -1
899981 5 1
900048 2 1
900110 11 -1
900131 3 -1
900233 0 -1
900310 1 -1
900327 3 1
900384 0 1
900454 6 1
900471 1 -1
900475 8 -1
900521 2 -1
900524 7 -1
900542 0 -1
900583 9 1
900620 4 -1
900655 1 1
900747 2 1
900749 3 -1
900806 0 -1
900841 5 -1
900964 2 1
900967 4 1
900970 3 -1
901002 0 1
901023 1 -1
901088 13 1
901147 0 -1
901166 3 1
901209 1 1
901233 7 1
901287 0 -1
901314 6 -1
901356 5 -1
901370 4 1
901382 1 1
901396 0 1
901456 2 -1
901496 8 -1
901564 0 -1
901572 3 -1
901636 9 1
901674 0 1
901684 2 1
901749 1 -1
901781 3 1
901819 6 -1
901840 5 1
901894 10 -1
901918 2 -1
901946 1 -1
901959 0 1
901980 3 -1
902055 4 -1
902093 0 1
902109 11 -1
902140 1 1
902173 14 1
902190 3 -1
902203 0 -1
902260 24 1
902313 6 -1
902323 1 -1
902383 3 1
902394 2 1
902430 4 1
902453 0 -1
902496 8 1
902511 1 1
902550 0 1
902582 3 -1
902587 7 -1
902625 2 -1
902672 1 1
902706 0 -1
902732 4 -1
902792 3 -1
902808 5 -1
902825 1 1
902861 2 1
902974 0 -1
903055 9 1
903082 2 -1
903114 0 -1
903188 1 1
903219 3 1
903254 5 1
903265 7 1
903281 6 -1
903281 0 1
903334 2 -1
903355 1 -1
903431 3 1
903434 0 -1
903442 8 -1
903442 10 -1
903543 4 -1
903543 1 -1
903560 2 1
903603 0 -1
903624 3 -1
903705 5 -1
903732 6 1
903751 0 1
903791 2 -1
903796 13 -1
903850 12 1
903904 0 -1
903905 1 -1
903909 7 1
903913 4 1
904022 11 1
904033 3 1
904095 1 1
904212 0 -1
904224 4 1
904232 3 -1
904264 2 1
904268 1 1
904364 0 1
904398 6 1
904420 8 -1
904436 3 1
904495 15 -1
904498 2 -1
904522 0 -1
904581 5 1
904595 4 -1
904635 1 1
904726 2 1
904799 0 -1
904808 1 1
904845 3 -1
904936 9 1
904941 10 -1
904966 0 -1
904990 4 1
905006 1 -1
905016 5 -1
905038 3 1
905054 16 -1
905065 0 1
905183 17 1
905195 1 1
905205 2 -1
905237 3 -1
905344 4 -1
905355 8 1
905355 18 1
905374 0 1
905389 1 -1
905409 6 1
905409 7 1
905441 20 -1
905446 3 -1
905455 2 -1
905491 0 -1
905532 5 -1
905570 1 1
905627 0 -1
905683 3 -1
905683 2 1
905699 28 -1
905756 4 -1
905758 1 -1
905876 3 1
905893 9 1
905928 0 -1
906011 5 1
906027 0 1
906064 6 1
906075 3 -1
906122 1 1
906134 2 1
906167 0 -1
906215 12 -1
906231 7 1
906288 1 1
906360 2 -1
906366 8 1
906392 4 -1
906431 0 -1
906457 5 -1
906457 1 1
906478 3 1
906505 6 -1
906578 0 1
906591 2 1
906710 3 1
906736 0 -1
906751 4 1
906796 13 -1
906828 2 -1
906844 1 1
906871 5 -1
906903 3 -1
906957 6 1
906973 7 -1
906981 0 -1
907017 1 1
907048 2 1
907106 4 -1
907140 9 -1
907150 0 -1
907203 1 -1
907282 0 -1
907301 2 1
907311 3 1
907322 5 1
907505 3 -1
907526 2 -1
907537 10 1
907569 6 1
907576 0 -1
907582 1 -1
907666 7 1
907685 0 -1
907701 3 1
907775 1 1
907792 0 1
907811 4 -1
907911 0 1
907960 1 -1
907989 2 -1
908034 0 1
908107 11 1
908107 3 -1
908107 6 1
908146 1 -1
908153 0 1
908166 4 1
908236 2 -1
908249 0 -1
908290 8 -1
908303 3 1
908306 5 -1
908331 1 1
908392 7 -1
908464 0 1
908464 2 1
908515 3 1
908549 4 1
908561 1 -1
908580 12 1
908591 0 1
908709 3 -1
908709 6 -1
908746 1 1
908749 0 -1
908784 5 1
908795 10 1
908905 3 1
908940 2 -1
909056 0 -1
909071 1 1
909085 7 1
909117 3 1
909155 0 1
909171 2 1
909206 4 1
909214 13 -1
909246 9 1
909266 1 -1
909268 8 1
909273 5 1
909311 3 -1
909311 15 -1
909316 0 -1
909408 2 -1
909482 1 -1
909515 6 1
909604 0 -1
909609 4 1
909706 7 1
909719 3 1
909754 0 -1
909855 1 -1
909880 2 1
909907 0 1
909913 3 -1
909913 6 -1
910004 4 -1
910024 1 -1
910044 0 1
910106 2 -1
910109 3 1
910149 5 -1
910151 0 -1
910214 11 1
910214 1 1
910249 0 1
910257 14 1
910278 8 1
910278 10 1
910351 4 1
910356 2 -1
910375 6 -1
910383 0 1
910472 16 1
910536 3 -1
910536 9 -1
910568 2 -1
910584 1 1
910601 5 1
910636 0 -1
910681 4 1
910687 21 1
910746 3 -1
910756 0 -1
910758 1 -1
910821 2 -1
910926 0 1
910939 3 1
910959 1 1
911028 4 -1
911052 5 -1
911052 7 1
911063 2 1
911145 1 -1
911264 0 1
911306 1 -1
911313 2 1
911348 3 -1
911375 17 -1
911391 0 1
911431 4 -1
911455 10 1
911466 6 1
911489 0 -1
911489 1 1
911552 3 1
911657 1 1
911745 7 -1
911764 2 1
911772 3 1
911788 0 -1
911826 9 -1
911950 0 1
911955 5 -1
911966 3 -1
911990 2 -1
912019 12 -1
912044 1 1
912084 13 1
912111 0 -1
912156 4 1
912162 3 1
912181 6 1
912202 8 -1
912217 1 1
912226 2 1
912234 0 -1
912320 11 1
912372 0 -1
912374 3 1
912402 1 -1
912406 15 1
912407 26 -1
912460 5 -1
912527 0 1
912551 4 -1
912568 3 -1
912584 7 -1
912648 6 1
912664 0 -1
912702 2 -1
912797 1 -1
912858 9 -1
912874 10 -1
912906 5 1
912909 0 1
912928 2 1
912942 4 -1
912971 1 -1
913000 3 1
913019 0 -1
913129 0 1
913137 8 1
913156 1 1
913159 2 -1
913212 3 1
913358 0 -1
913363 5 1
913406 3 -1
913484 0 1
913539 1 -1
913604 4 1
913605 0 1
913616 2 -1
913632 9 1
913720 1 -1
913809 0 1
913814 3 1
913825 6 1
913868 2 -1
913879 5 1
913914 1 1
913933 0 -1
913995 4 -1
914024 3 -1
914046 0 1
914059 7 -1
914094 2 1
914099 1 -1
914137 8 1
914150 0 1
914218 3 1
914265 1 -1
914266 6 -1
914269 0 -1
914277 10 1
914298 11 1
914330 5 -1
914341 9 1
914345 4 1
914408 0 1
914448 1 1
914470 14 1
914570 0 -1
914570 2 -1
914599 12 -1
914626 3 -1
914636 1 -1
914777 7 1
914793 5 1
914793 6 -1
914806 2 1
914819 3 1
914836 0 -1
914857 13 -1
914965 0 -1
915018 3 -1
915030 1 1
915034 2 -1
915055 4 1
915080 0 1
915196 1 1
915212 6 -1
915228 3 -1
915361 1 1
915369 0 -1
915459 3 -1
915475 0 -1
915478 4 1
915502 18 1
915508 2 1
915518 7 -1
915599 6 1
915599 0 -1
915610 9 1
915655 3 1
915674 15 -1
915728 10 1
915739 2 -1
915744 5 -1
915764 1 -1
915819 0 1
915865 4 -1
915868 3 1
915929 1 -1
915946 0 1
915975 2 1
915986 6 -1
916064 0 1
916119 1 1
916126 8 -1
916147 11 -1
916166 0 -1
916233 5 1
916257 3 1
916294 0 -1
916405 17 1
916413 0 -1
916432 2 1
916463 1 -1
916483 3 1
916518 4 -1
916523 0 -1
916639 1 -1
916679 3 -1
916695 6 -1
916698 2 1
916727 5 -1
916805 0 1
916824 1 1
916864 4 1
916878 12 1
916905 2 1
916921 0 1
916998 1 1
917018 8 1
917034 7 1
917071 3 -1
917072 0 -1
917215 1 1
917243 4 1
917281 3 -1
917383 2 -1
917401 1 -1
917410 0 1
917415 9 -1
917474 3 1
917523 6 -1
917523 0 1
917606 1 1
917620 2 1
917630 13 1
917638 0 1
917663 5 1
917808 7 -1
917840 2 -1
917883 3 -1
917934 0 -1
917945 4 -1
917969 1 -1
917996 11 1
918017 8 1
918044 0 -1
918076 3 1
918082 19 -1
918093 2 -1
918125 5 -1
918141 0 1
918154 1 1
918232 6 -1
918246 0 -1
918275 3 -1
918316 4 1
918318 2 1
918344 1 -1
918363 0 -1
918469 10 -1
918480 0 -1
918485 3 -1
918490 9 1
918509 7 1
918549 2 -1
918598 5 1
918598 14 1
918641 0 1
918673 6 1
918678 3 1
918694 4 -1
918698 1 1
918794 2 -1
918877 3 -1
918900 1 -1
918928 0 -1
918985 8 -1
919084 0 1
919087 3 -1
919090 1 1
919202 0 1
919256 2 -1
919275 7 -1
919436 4 -1
919436 9 1
919470 1 1
919479 3 -1
919485 2 1
919490 0 -1
919587 5 -1
919597 6 1
919599 0 1
919650 1 1
919689 3 -1
919713 0 -1
919732 2 1
919799 4 1
919835 1 -1
919839 10 1
919866 8 1
919882 3 1
919931 0 1
919995 6 -1
920016 11 1
920033 7 1
920043 5 1
920046 0 1
920159 0 -1
920178 4 -1
920190 1 1
920199 2 1
920283 0 -1
920318 3 -1
920375 1 -1
920382 6 1
920420 2 -1
920457 0 -1
920511 5 -1
920527 3 -1
920569 1 1
920586 0 -1
920672 2 -1
920695 0 1
920721 3 1
920726 7 -1
920748 12 1
920834 15 -1
920887 8 1
920916 1 -1
920936 4 -1
920944 0 1
920989 5 -1
921057 0 -1
921089 1 1
921129 3 -1
921129 2 -1
921178 0 -1
921210 10 -1
921266 4 1
921294 1 -1
921328 9 1
921341 3 1
921374 2 -1
921406 0 1
921414 5 -1
921419 7 1
921435 22 1
921503 0 -1
921532 6 -1
921554 3 1
921599 2 1
921624 0 -1
921661 1 -1
921665 4 1
921747 3 -1
921822 17 -1
921825 2 -1
921851 1 1
921908 8 1
921930 5 -1
921930 0 -1
921943 3 1
922016 16 -1
922024 4 -1
922036 1 -1
922037 6 -1
922059 0 -1
922062 2 1
922156 3 1
922212 0 1
922290 2 -1
922349 3 -1
922395 4 1
922395 1 1
922408 5 -1
922478 6 -1
922496 0 -1
922537 2 -1
922584 1 1
922602 0 -1
922725 12 1
922726 14 1
922746 1 1
922752 0 -1
922758 3 1
922762 4 -1
922790 9 1
922838 7 1
922927 1 1
922930 6 1
922951 3 -1
922994 2 -1
923061 0 -1
923108 1 -1
923116 4 1
923147 3 1
923209 0 1
923231 2 1
923294 1 1
923350 0 -1
923370 13 -1
923402 5 1
923451 2 -1
923456 6 -1
923483 1 1
923515 7 1
923553 3 -1
923561 0 -1
923679 0 -1
923749 3 1
923757 9 1
923773 10 1
923779 0 1
923806 4 1
923838 1 -1
923854 5 -1
923854 6 1
923929 2 1
923961 3 1
923994 8 1
924033 1 -1
924045 0 1
924112 4 1
924123 11 1
924179 2 1
924198 0 -1
924205 1 -1
924252 6 -1
924289 7 -1
924327 5 1
924351 3 1
924351 0 1
924405 2 -1
924499 4 -1
924512 0 -1
924563 3 1
924584 1 -1
924639 0 -1
924660 12 1
924757 3 -1
924759 1 1
924800 0 -1
924870 2 -1
924929 0 -1
924938 1 1
925058 8 1
925117 2 -1
925182 3 1
925200 4 -1
925216 0 1
925219 5 1
925301 1 -1
925305 10 -1
925329 0 -1
925343 2 1
925348 6 1
925380 3 -1
925391 15 1
925429 0 1
925495 1 1
925567 4 1
925574 2 -1
925590 3 -1
925663 0 1
925684 1 -1
925719 5 1
925765 0 -1
925789 6 -1
925797 7 1
925810 2 1
925865 1 1
925886 0 -1
925922 4 -1
925950 11 -1
925961 8 -1
925982 3 -1
926031 2 -1
926035 1 1
926079 13 1
926181 0 1
926192 5 -1
926208 3 -1
926219 9 -1
926220 1 -1
926283 2 -1
926286 0 1
926404 3 1
926410 0 1
926410 1 1
926444 6 -1
926498 7 1
926498 10 -1
926525 0 1
926615 4 1
926630 0 -1
926740 2 -1
926758 0 -1
926768 1 -1
926810 3 -1
926810 12 -1
926853 14 1
926872 0 -1
926954 1 1
926982 4 -1
926982 2 1
926982 9 -1
927006 3 1
927084 0 1
927121 1 1
927175 5 -1
927192 7 -1
927202 0 1
927218 3 1
927224 2 -1
927251 6 1
927307 0 -1
927353 4 1
927506 1 1
927549 0 -1
927608 3 1
927627 17 -1
927648 0 1
927654 5 -1
927675 1 1
927675 2 -1
927724 6 -1
927748 4 1
927772 0 1
927820 3 1
927871 1 -1
927896 8 1
927928 2 -1
928014 3 -1
928014 16 -1
928057 11 -1
928057 5 -1
928100 0 -1
928119 4 -1
928121 9 1
928154 2 1
928207 0 1
928210 3 1
928223 1 1
928250 6 -1
928326 0 1
928419 1 -1
928422 3 1
928438 0 1
928497 4 1
928519 5 1
928565 0 1
928610 1 1
928616 3 -1
928629 2 -1
928667 0 -1
928691 7 -1
928794 0 -1
928796 4 1
928812 3 1
928812 1 -1
928831 8 -1
928852 13 -1
928858 2 1
928992 5 -1
928992 9 1
929005 1 1
929024 6 -1
929024 0 -1
929089 12 1
929091 2 -1
929121 0 1
929175 19 1
929175 10 1
929179 1 1
929218 3 -1
929226 0 -1
929360 1 -1
929368 7 1
929414 3 1
929438 5 1
929438 6 -1
929468 0 -1
929473 4 -1
929567 2 1
929583 0 -1
929626 3 1
929691 15 -1
929701 0 -1
929741 1 -1
929798 2 -1
929798 9 -1
929825 6 1
929846 5 1
929852 4 1
929884 8 -1
929903 0 -1
929928 1 -1
930026 0 -1
930035 2 1
930056 3 -1
930114 1 1
930145 0 -1
930198 4 -1
930207 7 1
930252 3 1
930263 0 -1
930357 6 1
930368 0 1
930464 3 1
930493 1 1
930502 2 -1
930518 0 -1
930610 10 -1
930666 0 1
930686 1 -1
930701 9 -1
930733 2 1
930798 5 -1
930819 7 1
930835 6 1
930857 3 1
930880 1 -1
930905 0 1
930956 4 -1
930964 2 -1
930980 14 1
931029 0 1
931088 3 1
931142 0 1
931212 6 -1
931226 1 -1
931260 5 1
931281 3 -1
931319 4 1
931362 0 -1
931416 1 -1
931437 2 1
931478 3 1
931545 0 -1
931582 12 -1
931597 1 -1
931604 9 -1
931625 11 -1
931642 7 1
931685 0 -1
931690 3 1
931690 8 -1
931693 2 1
931698 4 -1
931717 5 -1
931744 6 -1
931754 23 -1
931851 10 -1
931883 3 -1
931905 2 1
931924 0 1
931972 1 -1
932037 0 -1
932079 3 1
932144 0 1
932158 1 1
932257 0 -1
932270 18 1
932339 1 1
932351 7 -1
932356 0 1
932370 2 -1
932504 4 1
932510 0 1
932582 3 1
932582 2 -1
932606 0 -1
932668 8 -1
932686 1 -1
932722 5 1
932776 6 -1
932786 16 -1
932818 3 1
932829 2 -1
932835 0 -1
932869 1 1
932883 4 -1
932934 0 1
933039 3 -1
933044 20 -1
933052 0 -1
933058 2 1
933060 7 1
933061 1 -1
933157 5 -1
933222 4 -1
933286 2 -1
933302 11 -1
933348 0 -1
933388 12 -1
933399 6 1
933443 1 -1
933493 0 -1
933506 3 1
933533 2 -1
933560 17 -1
933568 4 1
933613 1 -1
933614 8 1
933625 5 1
933627 0 -1
933764 2 1
933786 3 1
933794 1 1
933818 9 1
933850 0 1
933915 6 -1
933919 4 -1
933977 0 1
934044 3 1
934074 0 -1
934157 1 -1
934184 0 -1
934221 2 1
934296 0 1
934310 4 1
934368 1 -1
934444 0 -1
934474 2 1
934490 3 1
934495 13 1
934496 7 1
934538 5 1
934548 1 1
934600 0 1
934635 8 1
934700 2 -1
934713 4 1
934713 1 1
934732 3 1
934842 0 -1
934872 6 1
934882 10 1
934898 1 -1
934952 3 -1
934966 0 -1
935049 5 1
935070 1 -1
935108 14 1
935162 0 1
935162 2 -1
935178 3 1
935216 9 1
935253 7 -1
935253 1 -1
935280 21 1
935323 11 -1
935377 6 -1
935390 4 -1
935409 2 -1
935412 0 1
935490 3 -1
935495 5 -1
935518 0 -1
935538 8 -1
935624 0 -1
935637 2 1
935644 1 1
935721 3 -1
935785 6 1
935801 4 -1
935830 1 -1
935844 0 1
935866 7 -1
935930 3 -1
935965 0 1
935979 5 1
936019 1 1
936086 0 1
936108 4 -1
936113 2 -1
936191 0 -1
936269 9 1
936269 10 -1
936309 0 -1
936323 3 -1
936344 2 1
936370 1 -1
936425 0 -1
936484 5 1
936548 3 -1
936548 8 -1
936563 1 1
936575 0 1
936581 2 -1
936708 1 -1
936710 6 -1
936744 3 1
936801 2 1
936878 0 -1
936902 4 1
937000 5 1
937016 0 -1
937048 2 1
937087 1 -1
937137 0 -1
937150 3 -1
937204 6 -1
937204 13 -1
937236 4 -1
937277 1 1
937279 2 -1
937344 15 1
937346 3 1
937438 7 1
937446 0 -1
937451 5 -1
937462 1 1
937494 8 1
937510 2 1
937559 3 1
937559 12 1
937578 0 -1
937607 4 1
937643 1 -1
937655 6 1
937744 0 1
937817 1 -1
937946 10 -1
937948 3 1
937957 9 -1
937983 2 -1
938006 1 1
938008 0 1
938108 0 -1
938155 7 -1
938161 3 1
938204 1 -1
938220 2 1
938225 0 -1
938300 5 1
938354 3 -1
938389 4 1
938451 2 -1
938475 0 1
938550 3 1
938583 1 -1
938607 0 1
938752 6 -1
938763 3 1
938763 0 -1
938776 1 1
938792 4 1
938816 5 1
938849 7 1
938924 2 1
938956 3 -1
938962 1 -1
939050 0 1
939085 9 1
939123 4 1
939152 3 1
939155 2 -1
939171 11 1
939193 6 -1
939212 0 -1
939236 18 1
939300 5 -1
939300 16 -1
939316 1 -1
939362 0 1
939400 2 -1
939498 4 1
939504 8 1
939514 1 -1
939558 3 -1
939687 0 1
939703 1 1
939754 3 1
939795 12 -1
939796 0 1
939816 6 1
939852 4 1
939859 2 -1
939950 0 -1
939966 3 1
940042 13 1
940053 9 1
940060 1 -1
940090 2 1
940139 7 -1
940184 0 1
940187 4 1
940239 1 1
940294 5 1
940302 0 -1
940335 2 1
940354 15 -1
940413 0 1
940425 1 -1
940440 8 -1
940472 3 1
940528 0 1
940563 2 -1
940566 4 -1
940618 1 1
940668 0 -1
940692 3 -1
940730 5 -1
940735 7 -1
940751 10 -1
940800 2 1
940802 1 -1
940837 0 -1
940869 6 1
940918 3 1
940969 1 -1
940998 11 -1
941004 0 1
941031 2 -1
941148 1 1
941192 5 1
941278 2 -1
941291 4 -1
941310 0 1
941353 8 1
941380 3 -1
941385 6 1
941414 0 -1
941512 0 1
941514 12 1
941521 1 1
941533 7 -1
941643 3 -1
941686 4 1
941711 1 -1
941735 2 -1
941762 0 1
941858 6 1
941892 1 1
941899 0 1
941917 3 -1
941990 2 -1
942038 0 1
942057 4 -1
942073 19 1
942089 5 1
942143 3 1
942178 7 -1
942208 2 1
942224 9 1
942253 1 -1
942283 10 -1
942331 0 1
942385 3 1
942412 1 -1
942503 5 1
942506 0 -1
942601 1 1
942605 3 -1
942670 2 1
942678 0 -1
942750 6 1
942755 4 -1
942831 3 1
942834 0 1
942847 27 1
942896 2 -1
942912 7 1
942964 1 -1
942971 0 1
943003 5 1
943105 11 -1
943113 4 -1
943121 0 -1
943148 2 -1
943158 1 1
943224 0 1
943234 14 1
943288 6 -1
943299 8 -1
943335 1 1
943363 9 -1
943395 3 -1
943463 0 -1
943528 4 -1
943573 10 -1
943597 0 -1
943605 3 -1
943605 2 -1
943621 7 -1
943675 6 1
943706 1 1
943707 0 1
943798 3 1
943850 2 -1
943883 1 1
943928 0 -1
943944 5 1
944032 0 1
944069 1 -1
944078 2 1
944129 0 -1
944202 8 1
944207 3 -1
944274 4 1
944306 7 1
944309 2 -1
944331 9 -1
944379 5 -1
944411 3 1
944417 0 1
944456 1 -1
944527 0 -1
944535 6 -1
944540 2 1
944632 3 1
944637 4 -1
944637 0 -1
944645 1 1
944718 16 1
944739 15 1
944742 0 1
944785 2 1
944793 5 -1
944839 0 -1
944839 1 -1
944965 0 -1
944992 4 1
945019 2 -1
945021 3 1
945075 0 1
945105 9 1
945126 11 -1
945148 6 1
945205 1 1
945234 3 1
945320 8 -1
945362 4 -1
945381 1 -1
945384 0 1
945427 3 -1
945475 2 -1
945537 0 -1
945572 1 1
945623 3 1
945642 0 1
945653 7 -1
945663 6 1
945725 4 1
945728 2 -1
945749 13 -1
945771 12 -1
945771 18 -1
945782 5 1
945878 9 -1
945938 3 -1
945951 0 1
945951 1 1
945954 2 1
946108 4 1
946112 0 -1
946136 1 -1
946163 3 1
946201 20 1
946233 5 -1
946255 0 1
946308 6 1
946318 1 1
946330 17 -1
946346 7 1
946362 10 -1
946405 3 1
946429 2 -1
946435 4 1
946475 1 1
946513 0 1
946648 1 1
946658 0 1
946658 2 1
946728 5 -1
946790 0 -1
946848 1 1
946851 3 1
946867 6 1
946889 2 -1
946951 0 1
946975 11 1
946991 7 1
947018 9 1
947033 1 -1
947098 3 1
947109 0 -1
947147 21 -1
947200 4 -1
947219 0 1
947322 0 -1
947340 8 1
947362 14 1
947364 2 1
947389 3 1
947394 6 -1
947412 1 -1
947531 4 -1
947559 1 1
947574 0 1
947593 2 -1
947620 12 -1
947625 5 -1
947695 0 1
947700 10 1
947753 1 -1
947793 0 -1
947819 2 1
947845 6 -1
947851 3 -1
947918 4 1
948015 0 1
948050 2 -1
948060 5 -1
948077 3 1
948128 1 1
948160 0 1
948286 2 1
948300 0 -1
948308 8 -1
948309 1 1
948318 3 1
948458 13 1
948458 9 -1
948490 1 -1
948499 7 1
948501 5 1
948507 2 -1
948571 0 -1
948587 4 -1
948619 6 -1
948701 0 1
948759 2 -1
948764 3 1
948824 0 1
948833 1 -1
948974 4 1
948976 0 -1
949006 3 1
949023 1 1
949038 11 1
949090 0 -1
949168 10 -1
949200 6 1
949210 1 -1
949227 3 -1
949235 2 1
949264 0 -1
949280 7 -1
949361 4 1
949375 0 1
949383 8 -1
949397 1 1
949409 5 1
949452 3 1
949461 2 -1
949579 1 1
949622 0 -1
949689 6 1
949694 3 1
949697 2 1
949732 0 1
949792 1 1
949812 12 1
949813 16 1
949850 0 1
949915 3 -1
949920 5 1
949978 1 -1
950006 7 1
950087 0 1
950091 4 1
950140 3 1
950173 2 -1
950208 0 1
950310 0 -1
950329 1 1
950361 5 -1
950398 2 1
950462 4 -1
950502 1 1
950557 0 -1
950603 3 -1
950630 2 -1
950667 0 -1
950695 1 -1
950764 0 1
950801 5 -1
950828 3 1
950834 6 1
950844 9 -1
950852 4 1
950888 0 1
950986 0 -1
951038 11 1
951070 3 1
951086 1 1
951087 2 -1
951111 0 -1
951210 8 -1
951223 4 -1
951231 13 -1
951234 0 -1
951248 1 1
951339 5 -1
951339 2 -1
951421 1 1
951425 7 1
951436 6 -1
951452 0 1
951489 14 1
951562 0 1
951565 2 1
951602 4 1
951624 3 -1
951696 0 1
951790 5 1
951800 1 1
951815 2 1
951817 3 1
951957 4 -1
951973 6 1
951983 1 -1
951984 0 -1
952005 10 -1
952016 3 -1
952038 7 1
952040 2 -1
952121 0 -1
952134 23 1
952167 1 1
952199 9 -1
952220 8 -1
952242 0 -1
952247 5 -1
952263 4 -1
952279 2 1
952340 1 1
952419 3 1
952478 31 -1
952500 2 -1
952517 1 -1
952575 0 1
952618 3 -1
952650 15 1
952707 1 1
952715 7 -1
952731 0 -1
952844 3 -1
952884 0 1
952887 6 -1
952902 1 -1
952962 2 -1
952965 4 1
952985 0 -1
953131 0 1
953134 8 1
953198 5 1
953209 2 -1
953244 0 1
953252 3 1
953267 1 -1
953295 9 1
953360 7 -1
953365 0 1
953384 4 1
953392 6 1
953438 2 1
953444 1 -1
953446 3 -1
953521 10 -1
953594 0 -1
953642 3 1
953650 1 1
953682 5 -1
953693 0 1
953747 4 -1
953800 6 -1
953811 0 1
953913 2 -1
954029 1 1
954040 0 1
954069 12 -1
954069 13 1
954144 2 1
954160 3 1
954166 7 -1
954166 0 1
954198 25 1
954203 5 -1
954214 1 1
954252 6 1
954263 17 -1
954271 0 -1
954327 19 1
954381 2 -1
954386 1 -1
954402 3 1
954496 4 -1
954537 0 1
954623 3 -1
954644 0 -1
954758 1 -1
954781 0 -1
954847 4 1
954854 2 1
954859 7 1
954897 6 1
954924 10 1
954929 11 -1
954966 1 -1
955034 0 -1
955080 2 -1
955080 8 -1
955090 3 1
955101 16 -1
955112 5 -1
955153 4 1
955168 1 1
955179 0 -1
955284 0 1
955311 3 -1
955330 2 -1
955359 1 -1
955477 6 -1
955507 0 -1
955520 7 1
955532 1 -1
955542 2 -1
955585 5 1
955628 3 1
955638 0 -1
955660 18 -1
955706 1 -1
955768 0 -1
955789 2 -1
955810 9 -1
955864 6 1
955899 1 1
955907 4 1
956017 2 1
956036 5 -1
956058 8 -1
956068 0 1
956074 3 1
956176 12 -1
956222 0 -1
956230 4 1
956246 2 -1
956278 10 -1
956286 1 1
956316 3 1
956361 0 -1
956455 1 -1
956536 3 -1
956552 4 1
956629 1 -1
956644 0 -1
956713 13 -1
956724 2 1
956770 0 -1
956805 3 -1
956848 6 1
956866 4 1
956867 7 -1
956869 0 1
956961 2 -1
956996 1 -1
957020 0 -1
957025 5 1
957036 11 -1
957084 3 1
957100 8 -1
957122 9 -1
957130 0 1
957169 1 -1
957181 2 1
957233 4 -1
957264 0 1
957283 3 -1
957346 1 1
957434 6 -1
957436 0 -1
957493 3 -1
957493 5 -1
957568 4 -1
957592 7 1
957632 10 1
957638 15 1
957654 0 1
957654 2 -1
957729 1 1
957810 0 -1
957858 2 -1
957885 3 -1
957890 4 -1
957890 1 1
957906 6 -1
957944 0 -1
957949 5 1
957982 9 1
958025 12 -1
958084 1 -1
958094 3 -1
958111 2 -1
958208 0 -1
958261 1 1
958307 3 1
958342 7 -1
958366 0 1
958438 5 1
958439 1 -1
958478 0 -1
958568 2 -1
958632 1 1
958640 4 -1
958713 3 -1
958734 0 1
958745 6 1
958805 1 1
958812 2 -1
958842 17 1
958858 10 1
958869 0 -1
958884 11 1
958895 5 -1
958909 3 1
958949 8 -1
958973 0 1
958991 4 1
959040 2 1
959097 0 1
959121 3 1
959164 1 -1
959215 0 1
959218 6 -1
959297 4 1
959321 0 -1
959333 1 -1
959411 5 -1
959444 14 -1
959445 0 -1
959503 2 1
959511 3 1
959515 1 1
959686 0 -1
959723 3 1
959745 13 -1
959747 2 1
959814 6 1
959849 7 1
959857 5 1
959863 0 -1
959890 1 -1
959916 3 -1
959970 8 -1
959981 2 -1
959986 0 -1
960035 4 1
960075 1 1
960113 3 1
960207 0 1
960218 12 1
960256 1 -1
960325 3 1
960325 10 -1
960328 0 1
960373 4 -1
960428 0 -1
960438 2 -1
960443 9 -1
960518 3 -1
960615 7 -1
960635 1 -1
960670 0 -1
960690 2 -1
960715 3 1
960733 21 -1
960736 4 1
960768 0 1
960829 1 1
960830 6 1
960862 5 -1
960863 8 1
960916 2 1
960970 0 -1
961012 1 -1
961086 0 1
961120 3 -1
961180 1 -1
961228 0 1
961303 5 1
961309 7 1
961317 3 1
961335 0 1
961349 1 1
961392 2 -1
961432 6 -1
961442 4 -1
961491 0 -1
961529 3 1
961554 1 -1
961593 18 1
961620 2 1
961679 20 1
961725 0 1
961740 1 1
961768 4 -1
961808 5 1
961838 0 -1
961851 2 -1
961926 6 -1
961991 9 1
962002 0 -1
962056 3 1
962099 1 1
962109 15 -1
962179 4 -1
962238 12 1
962272 1 1
962273 0 -1
962276 3 -1
962327 2 1
962367 6 -1
962441 1 -1
962448 0 -1
962453 13 1
962502 3 1
962555 2 -1
962598 0 -1
962674 5 -1
962711 7 -1
962781 2 1
962848 1 1
962851 0 -1
962873 10 1
962894 8 1
962905 9 1
962929 4 -1
962958 0 1
962964 3 -1
962969 11 1
962969 6 1
963012 2 -1
963054 1 -1
963096 0 1
963130 5 1
963190 3 1
963239 1 1
963249 2 1
963297 0 1
963316 4 -1
963437 7 1
963456 0 -1
963469 6 1
963469 2 -1
963501 3 -1
963571 14 -1
963590 0 -1
963610 1 1
963657 5 1
963679 4 1
963722 2 -1
963727 3 1
963779 1 1
963808 8 -1
963864 0 1
963894 6 1
963969 3 1
963971 1 -1
963998 0 1
964117 0 1
964130 1 -1
964189 3 -1
964197 2 1
964227 7 1
964320 1 1
964324 10 -1
964337 0 -1
964380 4 -1
964415 3 1
964423 2 -1
964453 9 -1
964461 0 -1
964474 12 -1
964497 1 1
964560 0 1
964651 5 -1
964652 6 1
964660 2 1
964682 1 -1
964754 8 1
964791 0 1
964795 4 -1
964872 7 1
964877 3 -1
964907 0 1
964990 11 1
965013 0 -1
965053 1 1
965103 3 1
965103 5 1
965135 2 -1
965138 0 -1
965186 4 1
965239 1 -1
965255 0 -1
965280 6 -1
965345 3 1
965361 0 1
965361 2 1
965424 1 1
965484 7 1
965495 0 -1
965517 5 1
965570 9 1
965592 2 -1
965630 10 1
965764 8 1
965787 1 -1
965791 3 1
965802 0 -1
965888 4 -1
965893 6 1
965931 0 -1
965968 5 -1
965996 1 -1
966033 3 1
966049 2 -1
966084 0 1
966174 1 -1
966242 7 -1
966253 3 -1
966274 4 1
966301 2 -1
966323 19 -1
966328 0 1
966463 5 -1
966518 0 -1
966527 2 1
966535 1 1
966581 12 -1
966597 4 1
966651 0 -1
966688 8 -1
966721 3 1
966728 1 -1
966774 6 -1
966777 2 1
966796 9 -1
966871 5 -1
966882 11 -1
966916 1 1
966941 3 -1
966979 0 1
967003 2 -1
967016 7 1
967077 0 -1
967167 3 1
967183 0 1
967194 6 -1
967226 16 1
967239 2 1
967310 1 1
967322 5 1
967339 4 1
967341 0 -1
967468 2 -1
967496 1 -1
967516 0 -1
967624 6 1
967661 4 1
967675 0 1
967677 8 -1
967689 1 1
967699 14 -1
967709 3 -1
967785 0 1
967919 3 -1
967938 2 1
968006 0 -1
968024 4 1
968054 9 -1
968084 1 -1
968113 3 1
968115 0 -1
968156 2 1
968161 13 -1
968236 0 -1
968263 5 1
968274 1 1
968274 10 -1
968403 4 -1
968419 2 1
968435 1 1
968465 0 1
968521 3 -1
968548 7 -1
968565 0 -1
968569 6 1
968688 0 -1
968714 3 1
968720 5 -1
968741 4 1
968742 8 -1
968770 1 1
968876 2 1
968946 3 1
968963 1 -1
968970 0 -1
969080 0 1
969110 2 -1
969120 4 1
969136 1 1
969161 22 -1
969171 5 1
969172 6 -1
969185 0 1
969233 7 1
969335 3 1
969338 2 1
969343 0 -1
969443 4 1
969478 0 -1
969487 1 -1
969515 10 -1
969548 3 1
969596 0 1
969623 6 1
969656 1 -1
969741 3 -1
969744 0 -1
969816 2 -1
969854 7 1
969858 1 1
969991 0 -1
970044 1 -1
970053 2 1
970090 0 1
970117 5 -1
970128 4 -1
970150 3 1
970213 1 -1
970236 6 1
970260 0 1
970273 2 -1
970343 3 -1
970402 1 1
970467 4 1
970502 0 1
970515 9 1
970526 2 -1
970539 3 1
970576 1 1
970612 5 1
970622 12 1
970623 15 1
970698 0 -1
970708 6 1
970741 10 -1
970751 3 1
970752 2 1
970808 0 1
970821 4 1
970838 8 -1
970945 3 -1
970966 11 -1
970966 20 -1
970967 17 -1
970974 1 -1
970983 2 -1
970999 13 1
971050 0 -1
971052 18 1
971079 5 -1
971095 6 -1
971141 3 1
971160 1 1
971200 7 -1
971219 0 -1
971227 2 -1
971333 1 1
971353 3 1
971378 0 1
971488 6 1
971523 4 1
971591 0 -1
971689 2 -1
971704 1 1
971743 3 1
971754 0 1
971762 8 1
971853 7 -1
971885 4 -1
971891 9 1
971898 1 -1
971903 0 -1
971918 2 1
971955 3 1
972025 5 1
972091 1 1
972149 3 -1
972165 2 1
972189 0 1
972293 4 -1
972299 0 -1
972385 16 -1
972410 0 1
972439 6 -1
972458 1 1
972482 5 -1
972611 7 1
972633 2 1
972643 12 1
972654 9 -1
972664 1 -1
972681 3 -1
972692 0 -1
972783 8 1
972806 0 -1
972853 2 -1
972863 1 -1
972907 3 1
972934 0 -1
972987 11 -1
972998 5 -1
973002 4 1
973046 1 1
973052 6 1
973106 2 -1
973148 3 1
973197 0 -1
973220 1 1
973299 0 1
973328 4 1
973397 1 -1
973415 0 1
973444 5 1
973514 6 1
973521 0 -1
973552 2 -1
973594 3 1
973595 1 1
973643 10 1
973644 0 -1
973728 4 1
973740 13 -1
973763 0 -1
973783 2 1
973836 3 1
973869 0 1
973879 5 1
973893 7 -1
973945 1 -1
974019 2 -1
974102 4 -1
974119 0 -1
974132 3 1
974135 1 1
974240 2 1
974266 0 1
974322 1 -1
974374 3 1
974387 0 1
974433 6 1
974449 4 1
974449 5 -1
974492 2 1
974578 12 1
974578 9 -1
974624 3 1
974643 8 1
974645 0 1
974659 7 1
974667 1 1
974718 2 -1
974804 4 -1
974809 0 1
974852 1 1
974890 6 -1
974911 5 1
974917 10 1
974938 3 -1
974941 0 1
974968 2 -1
975024 1 -1
975029 11 -1
975051 15 -1
975164 3 1
975180 24 -1
975215 4 -1
975304 0 1
975341 6 1
975384 7 -1
975384 1 1
975427 2 -1
975445 0 -1
975546 8 -1
975567 9 -1
975570 1 -1
975618 0 -1
975656 2 1
975696 3 -1
975731 0 -1
975743 1 -1
975830 5 1
975868 28 -1
975876 4 1
975884 0 1
975884 2 -1
975906 3 -1
975932 1 1
975954 14 -1
976045 7 -1
976051 0 -1
976099 3 1
976114 1 -1
976188 0 -1
976239 4 -1
976282 5 -1
976319 1 1
976362 2 1
976444 0 -1
976481 10 1
976507 1 -1
976508 3 -1
976556 6 -1
976556 8 -1
976559 0 -1
976599 2 -1
976620 9 1
976642 4 -1
976642 17 1
976677 0 -1
976701 3 1
976739 5 1
976771 7 1
976819 2 1
976880 1 1
976894 0 1
976932 3 1
977050 0 -1
977061 1 1
977093 11 -1
977147 6 1
977198 0 1
977247 1 -1
977298 2 -1
977303 4 -1
977322 3 1
977464 7 -1
977515 0 1
977534 3 1
977548 2 -1
977605 1 -1
977634 0 1
977682 4 -1
977730 0 -1
977738 5 -1
977749 3 -1
977760 2 -1
977771 10 1
977787 1 -1
977803 16 1
977856 6 1
977883 0 1
977932 19 1
977984 1 -1
977996 4 -1
977996 0 1
978007 2 -1
978050 3 1
978112 0 1
978174 7 1
978233 2 1
978235 0 1
978260 5 -1
978270 3 -1
978324 6 1
978327 1 -1
978460 0 -1
978480 2 -1
978492 1 1
978496 3 1
978512 8 1
978583 0 -1
978682 0 1
978700 2 1
978706 9 1
978710 1 1
978711 5 1
978730 4 -1
978738 3 1
978738 6 1
978792 12 -1
978895 1 -1
978920 11 1
978964 15 -1
978964 23 -1
978972 0 -1
979052 4 1
979054 1 -1
979079 0 1
979098 6 1
979136 18 1
979157 13 -1
979162 2 1
979184 3 1
979203 0 1
979230 1 -1
979238 10 1
979308 21 1
979407 2 1
979419 1 1
979426 3 1
979431 4 -1
979496 7 -1
979501 8 1
979506 0 1
979576 5 -1
979641 2 -1
979644 0 1
979684 6 -1
979721 3 1
979738 4 -1
979778 0 1
979781 9 -1
979802 1 1
979910 0 1
979990 1 -1
980068 0 -1
980071 5 -1
980082 14 -1
980084 4 1
980098 2 -1
980157 7 -1
980165 1 -1
980184 3 -1
980208 0 -1
980350 2 -1
980364 0 1
980409 3 1
980436 8 -1
980479 4 -1
980479 5 -1
980511 6 -1
980520 1 1
980576 2 1
980651 3 1
980684 0 -1
980701 1 -1
980721 10 -1
980780 9 -1
980786 4 -1
980799 0 1
980855 12 1
980906 1 1
980931 5 1
980963 11 1
980963 7 -1
980979 0 1
981052 2 -1
981092 6 1
981097 3 1
981265 1 -1
981272 0 -1
981280 2 1
981339 3 1
981404 5 -1
981425 8 -1
981444 0 -1
981455 4 1
981463 1 1
981511 2 -1
981533 6 -1
981559 3 -1
981576 0 -1
981648 1 1
981742 2 1
981801 17 1
981844 1 1
981866 4 -1
981876 5 1
981893 0 -1
981946 10 -1
981987 2 1
982003 0 1
982019 1 1
982027 3 1
982100 0 -1
982188 13 -1
982204 1 1
982221 2 -1
982247 3 -1
982256 0 1
982257 4 -1
982317 5 -1
982390 1 -1
982403 8 1
982414 0 -1
982452 2 1
982473 3 1
982495 7 1
982524 0 1
982554 9 1
982575 20 -1
982664 0 1
982693 6 -1
982773 1 1
982833 11 -1
982930 4 -1
982930 2 -1
982935 3 -1
982938 1 1
982994 0 -1
983048 12 -1
983095 1 1
983105 0 1
983156 2 1
983161 3 1
983172 7 -1
983204 5 -1
983236 0 1
983256 4 1
983328 6 1
983382 2 -1
983392 8 1
983424 3 1
983498 1 -1
983529 0 1
983631 4 -1
983674 0 1
983693 5 1
983696 1 1
983811 6 1
983844 9 -1
983849 7 -1
983857 2 1
983873 0 -1
983885 1 -1
983924 3 -1
984083 2 -1
984103 0 -1
984118 3 1
984166 5 -1
984209 14 -1
984250 0 -1
984268 1 -1
984304 4 1
984317 3 -1
984319 2 1
984397 0 1
984403 8 1
984430 1 -1
984540 0 1
984623 1 1
984628 6 -1
984679 4 -1
984698 0 1
984720 3 1
984784 1 1
984795 2 -1
984822 0 1
984897 13 1
984897 10 -1
984918 3 -1
984927 0 -1
984940 9 1
984978 1 -1
985021 2 1
985090 6 -1
985099 4 -1
985144 3 -1
985155 1 1
985160 5 -1
985168 0 -1
985252 2 -1
985287 0 -1
985316 1 1
985340 3 1
985381 7 1
985392 0 1
985477 6 1
985486 4 1
985488 2 1
985553 3 1
985563 5 -1
985602 0 -1
985665 1 -1
985709 2 -1
985721 0 -1
985746 3 -1
985816 4 1
985844 0 -1
985848 1 -1
985961 2 -1
986002 7 1
986015 5 1
986015 6 1
986047 3 1
986054 1 -1
986069 0 1
986174 0 1
986187 2 1
986211 4 1
986219 10 1
986251 8 1
986297 0 1
986394 0 -1
986417 1 1
986493 3 1
986509 6 1
986522 0 -1
986542 4 1
986622 1 -1
986645 0 -1
986663 2 -1
986703 12 1
986719 7 -1
986735 3 1
986751 0 -1
986767 9 -1
986789 11 1
986792 1 -1
986899 2 1
986923 5 1
986950 6 -1
986955 3 -1
986974 0 1
987071 0 -1
987128 2 -1
987162 1 -1
987195 0 -1
987255 4 1
987262 8 1
987332 5 1
987332 1 -1
987402 6 1
987423 3 1
987431 0 -1
987521 1 1
987552 0 -1
987558 10 -1
987600 2 1
987606 4 1
987643 3 -1
987670 0 1
987723 1 1
987832 2 -1
987842 5 1
987899 0 1
987904 1 1
987907 15 -1
987960 3 1
987971 9 1
987997 4 1
988001 7 1
988025 0 1
988068 2 1
988094 1 -1
988123 0 -1
988165 14 -1
988259 1 -1
988283 6 1
988294 8 1
988304 5 -1
988353 0 -1
988406 3 1
988458 0 1
988536 2 -1
988576 0 1
988632 1 -1
988638 7 1
988648 3 1
988670 4 -1
988681 6 -1
988767 5 1
988769 2 1
988806 0 -1
988809 1 1
988853 12 -1
988912 0 -1
988939 3 1
988960 11 -1
988970 1 1
989009 2 -1
989025 4 1
989068 0 -1
989191 3 -1
989240 5 -1
989240 9 1
989283 6 1
989285 0 1
989299 7 -1
989323 1 -1
989339 4 1
989385 3 1
989396 0 -1
989412 16 -1
989476 2 -1
989524 0 -1
989528 1 -1
989584 3 -1
989713 2 1
989718 5 1
989726 1 1
989750 0 -1
989793 3 -1
989906 0 1
989933 2 -1
989964 4 1
990081 1 -1
990092 0 1
990121 10 1
990186 3 -1
990196 6 -1
990207 8 -1
990239 0 -1
990266 1 1
990314 19 1
990323 4 -1
990395 3 -1
990411 2 1
990413 0 -1
990452 1 1
990519 0 1
990594 12 -1
990605 13 -1
990607 3 1
990642 2 -1
990669 6 -1
990680 5 -1
990691 0 1
990705 4 1
990734 7 -1
990822 1 1
990830 11 1
990887 2 -1
991004 1 -1
991013 3 -1
991029 0 -1
991076 4 -1
991131 5 1
991145 0 1
991174 8 1
991185 1 -1
991209 3 1
991301 0 -1
991325 6 1
991349 2 -1
991363 10 1
991403 4 -1
991422 3 1
991451 7 1
991556 1 -1
991578 2 1
991594 0 -1
991604 5 -1
991704 0 1
991742 1 1
991766 4 1
991811 3 1
991825 2 1
991830 9 -1
991838 0 1
991915 1 1
992024 3 1
992072 0 -1
992112 4 -1
992131 8 1
992177 0 1
992193 7 -1
992217 3 -1
992279 0 -1
992282 1 -1
992292 14 -1
992292 2 1
992396 0 -1
992413 3 1
992479 1 -1
992486 6 1
992513 2 -1
992518 0 -1
992593 12 -1
992599 5 1
992626 3 1
992634 0 1
992673 1 1
992733 10 -1
992765 2 -1
992766 9 -1
992806 0 1
992819 3 -1
992854 4 1
992894 15 -1
992959 6 1
992991 2 1
993015 3 1
993043 1 1
993050 5 -1
993088 0 -1
993205 1 1
993206 0 -1
993222 2 -1
993257 4 1
993358 1 1
993383 0 -1
993421 3 -1
993442 13 1
993459 7 -1
993464 6 1
993467 2 -1
993535 1 -1
993550 5 -1
993596 4 1
993617 3 1
993649 0 -1
993692 2 1
993721 1 1
993754 9 -1
993800 0 1
993888 1 -1
993907 0 -1
993921 3 -1
994034 6 -1
994075 1 -1
994120 8 -1
994152 2 1
994168 7 1
994238 0 -1
994305 4 1
994313 17 1
994343 0 1
994378 2 -1
994388 3 1
994410 6 1
994438 1 -1
994442 20 -1
994458 0 1
994469 5 -1
994556 0 -1
994609 3 -1
994628 1 1
994628 2 -1
994692 4 -1
994740 0 1
994797 6 -1
994801 1 1
994808 12 1
994834 3 1
994845 0 -1
994902 7 -1
994958 11 1
994969 0 -1
994985 5 -1
995063 4 1
995087 2 -1
995168 1 1
995216 16 1
995227 8 1
995297 3 -1
995305 0 1
995316 2 1
995341 1 1
995420 6 1
995423 0 1
995474 5 1
995522 3 1
995544 2 -1
995547 1 1
995555 10 -1
995573 0 -1
995603 9 -1
995732 22 1
995804 4 1
995839 3 -1
995888 0 -1
995909 5 -1
995922 1 -1
996022 2 1
996033 15 1
996036 0 -1
996054 13 -1
996060 3 1
996131 1 -1
996135 0 1
996204 4 1
996248 8 -1
996259 2 -1
996302 3 1
996304 1 -1
996345 7 1
996369 0 1
996377 5 1
996377 12 -1
996420 14 -1
996452 6 -1
996479 2 1
996487 0 1
996490 1 1
996506 30 -1
996522 3 -1
996586 4 -1
996605 0 1
996663 1 1
996729 0 1
996732 2 1
996807 11 -1
996818 9 1
996835 0 -1
996839 5 -1
996848 1 -1
996866 3 -1
996933 4 -1
996953 0 -1
996957 2 -1
996990 10 1
997046 1 1
997070 6 1
997070 7 -1
997077 0 -1
997194 8 1
997207 2 -1
997258 3 -1
997288 0 1
997290 5 1
997300 4 1
997417 1 -1
997420 2 -1
997449 0 -1
997468 3 -1
997592 0 1
997602 1 1
997624 18 -1
997661 3 1
997699 4 1
997710 6 1
997776 1 1
997817 9 1
997844 7 -1
997895 2 1
997914 0 1
998038 0 1
998070 3 -1
998070 4 -1
998124 2 -1
998161 1 -1
998183 8 1
998188 0 -1
998247 5 -1
998263 3 1
998348 1 -1
998371 2 -1
998408 10 -1
998469 0 -1
998494 3 1
998542 1 -1
998570 27 1
998570 6 -1
998570 13 -1
998575 0 -1
998586 7 1
998720 0 -1
998731 5 1
998755 4 1
998828 12 -1
998833 2 -1
998849 0 -1
998870 11 -1
998884 3 1
998892 1 1
998962 6 1
998986 0 -1
999053 1 1
999075 2 1
999086 8 -1
999096 3 1
999129 0 -1
999150 4 1
999172 9 1
999190 7 1
999236 5 1
999243 1 -1
999274 0 1
999301 2 -1
999333 3 1
999458 1 -1
999505 6 -1
999526 3 -1
999561 4 -1
999567 0 1
999602 21 1
999638 1 1
999722 3 1
999723 0 -1
999757 2 -1
999811 7 1
999819 1 1
999866 0 -1
999935 3 1
999989 17 1
1000009 1 -1
1000010 2 -1
1000053 10 -1
1000085 8 -1
1000128 3 -1
1000173 0 -1
1000203 5 -1
1000236 2 1
1000311 4 -1
1000332 0 1
1000354 9 1
1000428 1 1
1000461 6 -1
1000467 2 -1
1000480 7 -1
1000488 0 -1
1000537 3 1
1000547 14 -1
1000633 16 -1
1000636 1 1
1000641 4 1
1000644 5 1
1000711 2 -1
1000728 0 1
1000730 3 -1
1000823 1 -1
1000838 0 -1
1000940 3 1
1000940 2 1
1000948 0 1
1001012 4 -1
1001020 6 1
1001053 5 1
1001104 0 -1
1001162 1 -1
1001171 2 -1
1001227 0 -1
1001323 1 -1
1001327 0 1
1001343 10 -1
1001348 3 -1
1001461 6 -1
1001488 0 1
1001520 1 1
1001542 3 1
1001569 13 -1
1001647 2 1
1001665 9 -1
1001690 4 1
1001741 3 -1
1001743 0 1
1001845 0 -1
1001855 1 -1
1001880 2 -1
1001945 0 1
1001956 7 -1
1002038 1 1
1002052 5 -1
1002052 8 1
1002060 4 -1
1002112 2 1
1002144 3 1
1002206 1 1
1002224 0 -1
1002342 3 -1
1002388 0 -1
1002407 1 -1
1002423 4 1
1002439 6 -1
1002505 0 -1
1002552 3 -1
1002574 5 -1
1002584 10 1
1002590 2 -1
1002590 9 -1
1002592 1 1
1002681 7 1
1002697 25 1
1002740 11 1
1002746 3 1
1002766 1 1
1002770 0 -1
1002816 2 1
1002830 4 1
1002869 0 1
1002944 3 -1
1002955 1 -1
1003020 6 1
1003036 0 1
1003046 5 1
1003047 2 -1
1003052 8 1
1003154 3 -1
1003157 4 1
1003168 0 1
1003213 12 1
1003310 7 1
1003330 1 -1
1003345 0 1
1003348 3 1
1003471 6 -1
1003487 4 1
1003520 2 1
1003524 1 1
1003530 0 1
1003643 0 1
1003707 1 -1
1003751 2 -1
1003756 3 -1
1003865 0 -1
1003866 4 -1
1003874 10 1
1003944 5 1
1003949 3 1
1003979 2 1
1003990 0 -1
1003998 8 -1
1004019 13 -1
1004056 1 1
1004107 0 -1
1004186 3 1
1004205 2 -1
1004213 1 1
1004288 15 -1
1004318 0 1
1004374 6 -1
1004406 5 -1
1004406 1 -1
1004441 0 1
1004455 2 -1
1004560 0 1
1004576 4 -1
1004594 3 -1
1004680 2 1
1004729 7 1
1004750 6 1
1004761 11 1
1004777 1 -1
1004784 0 -1
1004788 3 1
1004842 5 1
1004890 0 -1
1004912 2 -1
1004938 1 -1
1004962 4 -1
1004987 3 -1
1004995 0 1
1005062 9 1
1005105 24 -1
1005132 1 1
1005148 6 -1
1005237 0 1
1005277 12 -1
1005277 26 -1
1005317 1 -1
1005325 4 1
1005343 0 -1
1005368 2 -1
1005390 3 1
1005457 0 -1
1005478 1 -1
1005519 7 -1
1005589 3 -1
1005621 2 -1
1005672 1 1
1005755 5 1
1005761 0 -1
1005793 23 1
1005793 17 1
1005814 3 -1
1005837 1 -1
1005841 2 1
1005863 0 1
1005916 6 -1
1005922 20 -1
1005943 8 1
1006010 3 1
1006013 0 -1
1006039 4 1
1006223 3 1
1006234 5 -1
1006236 1 -1
1006260 0 1
1006309 18 1
1006314 6 1
1006320 2 -1
1006325 7 -1
1006394 1 -1
1006406 4 -1
1006411 0 -1
1006416 3 -1
1006438 9 -1
1006559 2 1
1006567 10 -1
1006570 0 1
1006577 1 1
1006612 3 1
1006696 5 1
1006736 4 -1
1006739 6 1
1006760 11 1
1006784 2 -1
1006825 13 1
1006852 0 -1
1006938 1 1
1006975 8 1
1006997 0 -1
1007018 3 -1
1007125 1 -1
1007134 0 -1
1007214 3 1
1007255 0 -1
1007260 2 1
1007319 1 1
1007365 0 1
1007381 4 1
1007384 12 -1
1007405 9 -1
1007427 3 1
1007462 0 -1
1007491 2 -1
1007513 15 1
1007545 5 -1
1007593 0 -1
1007655 1 1
1007695 4 1
1007706 6 1
1007728 2 1
1007792 7 1
1007816 3 1
1007824 1 1
1007843 0 1
1007889 10 1
1007948 2 -1
1007953 8 1
1007956 0 -1
1008014 1 -1
1008018 5 1
1008029 3 1
1008104 0 1
1008115 4 1
1008201 2 -1
1008211 1 1
1008222 3 -1
1008340 6 -1
1008385 1 1
1008416 0 1
1008421 2 1
1008534 5 1
1008570 1 -1
1008574 7 1
1008605 0 -1
1008631 3 1
1008676 2 1
1008738 0 -1
1008772 1 1
1008824 3 -1
1008824 4 -1
1008835 6 -1
1008889 14 -1
1009047 0 -1
1009055 3 -1
1009098 10 1
1009136 2 1
1009159 1 1
1009200 0 1
1009219 4 -1
1009265 6 -1
1009292 7 -1
1009350 1 -1
1009354 2 -1
1009356 0 -1
1009383 9 -1
1009448 3 -1
1009480 5 -1
1009509 0 1
1009522 1 -1
1009566 2 -1
1009590 4 1
1009610 0 -1
1009652 6 1
1009657 3 -1
1009757 0 1
1009813 8 1
1009851 3 1
1009870 0 1
1009900 1 -1
1009931 5 1
1010039 6 -1
1010042 2 1
1010050 7 -1
1010076 1 1
1010114 0 1
1010219 0 -1
1010255 1 1
1010259 3 -1
1010270 2 -1
1010275 4 -1
1010318 0 1
1010377 5 -1
1010453 3 1
1010458 9 1
1010517 2 -1
1010533 6 -1
1010547 0 1
1010606 4 1
1010616 1 1
1010665 0 1
1010684 3 1
1010694 11 -1
1010711 7 -1
1010791 0 1
1010795 1 1
1010802 8 1
1010813 5 -1
1010952 17 -1
1010962 1 -1
1010976 4 -1
1010985 2 -1
1010995 0 1
1011073 3 1
1011119 0 -1
1011154 1 1
1011205 2 1
1011224 0 1
1011253 5 1
1011286 3 1
1011342 0 1
1011360 1 -1
1011458 2 1
1011466 0 1
1011479 3 -1
1011501 7 -1
1011511 6 -1
1011513 1 -1
1011572 0 -1
1011662 4 1
1011683 2 -1
1011690 0 -1
1011698 1 1
1011705 5 -1
1011769 12 -1
1011812 9 1
1011823 10 -1
1011866 8 1
1011888 3 1
1011914 0 1
1011933 2 -1
1011976 4 1
1012061 1 1
1012081 3 -1
1012086 0 1
1012146 2 -1
1012162 5 1
1012210 6 -1
1012210 0 1
1012244 1 -1
1012258 7 1
1012277 3 1
1012299 4 1
1012393 2 -1
1012414 15 1
1012414 0 1
1012432 1 -1
1012489 3 1
1012500 13 -1
1012543 11 1
1012567 0 -1
1012597 6 1
1012683 3 -1
1012683 0 1
1012803 1 -1
1012823 16 -1
1012850 2 -1
1012879 3 1
1012992 4 -1
1013000 1 1
1013005 0 -1
1013016 14 -1
1013091 3 1
1013097 2 -1
1013113 5 -1
1013172 0 1
1013173 1 1
1013177 10 1
1013274 19 -1
1013282 0 -1
1013296 12 1
1013328 2 1
1013371 4 1
1013382 0 1
1013481 3 1
1013527 0 -1
1013554 5 -1
1013556 1 1
1013618 6 -1
1013685 0 -1
1013693 3 1
1013726 7 1
1013730 1 1
1013766 4 1
1013785 2 1
1013790 8 -1
1013833 0 1
1013876 9 -1
1013911 1 -1
1013930 3 1
1014037 2 1
1014055 0 -1
1014091 5 -1
1014102 6 1
1014116 4 -1
1014161 0 1
1014263 2 -1
1014270 1 1
1014285 0 1
1014319 3 1
1014451 4 -1
1014483 1 1
1014508 7 1
1014516 0 1
1014532 3 1
1014580 10 -1
1014607 11 1
1014639 6 -1
1014639 0 1
1014663 1 -1
1014715 8 1
1014725 3 -1
1014736 2 -1
1014758 0 1
1014778 4 1
1014886 9 -1
1014962 2 1
1014978 0 -1
1014999 5 -1
1015007 1 -1
1015104 4 1
1015126 0 1
1015128 7 1
1015134 3 1
1015144 13 1
1015193 1 1
1015193 2 -1
1015284 0 -1
1015327 3 -1
1015366 1 1
1015432 0 -1
1015437 2 -1
1015467 6 1
1015499 5 -1
1015537 3 1
1015537 0 1
1015596 12 -1
1015639 9 1
1015666 2 1
1015693 8 1
1015698 0 -1
1015736 3 -1
1015745 1 1
1015811 6 1
1015814 4 1
1015859 0 -1
1015897 2 -1
1015938 1 -1
1015945 3 -1
1015950 5 1
1016112 18 1
1016128 2 1
1016132 1 -1
1016139 3 1
1016158 0 1
1016192 4 -1
1016305 0 1
1016372 3 1
1016437 0 -1
1016483 1 1
1016520 6 1
1016567 4 1
1016596 7 -1
1016606 2 -1
1016656 1 1
1016698 0 -1
1016778 3 -1
1016829 0 -1
1016837 2 1
1016843 9 -1
1016854 1 -1
1016886 5 1
1016950 0 -1
1016950 17 -1
1016961 6 -1
1016974 3 1
1017043 1 1
1017063 2 -1
1017144 14 -1
1017163 0 -1
1017187 3 1
1017236 1 -1
1017273 4 -1
1017280 0 -1
1017289 7 -1
1017390 1 -1
1017396 0 -1
1017402 5 1
1017477 6 -1
1017482 10 1
1017507 0 1
1017542 2 1
1017571 1 -1
1017576 3 1
1017595 4 -1
1017681 8 -1
1017689 0 1
1017773 2 -1
1017789 3 1
1017799 0 -1
1017810 9 -1
1017864 5 -1
1017918 0 -1
1017946 1 -1
1017950 4 1
1017998 3 -1
1018017 2 -1
1018063 7 -1
1018090 6 1
1018139 1 1
1018200 0 1
1018208 13 1
1018310 0 1
1018333 1 -1
1018337 5 1
1018391 3 -1
1018415 0 -1
1018477 2 -1
1018530 6 -1
1018563 16 1
1018600 3 -1
1018648 11 1
1018684 4 1
1018692 22 -1
1018706 1 -1
1018708 2 1
1018713 0 -1
1018724 10 1
1018735 9 -1
1018756 8 -1
1018837 3 -1
1018842 5 1
1018864 0 1
1018889 1 -1
1018952 2 1
1019030 3 1
1019033 0 1
1019038 4 1
1019062 1 1
1019229 3 -1
1019261 0 1
1019304 5 -1
1019385 0 1
1019417 2 1
1019425 4 1
1019439 3 -1
1019453 1 1
1019503 0 1
1019514 7 -1
1019584 6 -1
1019601 0 -1
1019632 3 1
1019638 2 -1
1019639 1 -1
1019724 0 -1
1019750 5 1
1019764 4 1
1019777 8 -1
1019832 1 -1
1019839 0 1
1019852 12 -1
1019874 2 1
1019996 1 -1
1020003 9 1
1020030 0 -1
1020040 3 -1
1020110 7 -1
1020143 6 1
1020159 4 1
1020169 1 -1
1020175 10 -1
1020234 3 1
1020342 0 -1
1020347 2 -1
1020352 1 1
1020465 3 1
1020481 0 -1
1020530 4 -1
1020542 1 -1
1020573 2 1
1020610 6 1
1020672 0 1
1020712 5 -1
1020755 11 1
1020772 7 -1
1020823 2 1
1020852 4 -1
1020855 3 1
1020898 0 -1
1020937 1 -1
1021016 0 -1
1021067 3 1
1021121 0 1
1021122 1 1
1021207 5 1
1021261 3 -1
1021285 2 1
1021332 1 1
1021425 0 1
1021443 6 -1
1021465 7 1
1021513 2 -1
1021535 0 -1
1021610 4 -1
1021658 5 -1
1021669 3 1
1021680 8 -1
1021687 1 -1
1021697 0 -1
1021755 9 -1
1021760 2 -1
1021830 12 -1
1021852 1 -1
1021862 3 -1
1021884 6 1
1021927 0 1
1022013 4 -1
1022033 1 1
1022051 0 -1
1022059 3 1
1022110 7 1
1022169 0 1
1022217 2 -1
1022271 3 1
1022303 21 -1
1022344 4 1
1022388 1 -1
1022397 0 1
1022421 6 -1
1022432 17 -1
1022454 2 1
1022464 3 -1
1022475 15 -1
1022524 0 1
1022577 1 1
1022622 0 -1
1022626 5 1
1022626 9 -1
1022658 8 -1
1022661 3 1
1022674 2 -1
1022755 11 1
1022783 1 -1
1022868 7 1
1022873 3 1
1022921 0 -1
1022927 2 -1
1022948 10 -1
1022968 1 1
1023029 4 -1
1023088 0 1
1023125 5 1
1023126 1 1
1023152 2 1
1023241 0 -1
1023262 3 1
1023297 1 1
1023367 4 -1
1023389 6 -1
1023402 2 1
1023464 7 -1
1023480 3 1
1023490 1 -1
1023531 0 1
1023539 5 1
1023593 8 1
1023593 9 -1
1023628 2 -1
1023671 0 -1
1023690 3 -1
1023754 13 1
1023786 4 -1
1023819 0 1
1023851 1 1
1023883 6 -1
1023948 0 -1
1023980 16 -1
1024047 1 -1
1024047 0 1
1024093 3 1
1024093 2 -1
1024166 0 -1
1024210 1 -1
1024238 12 -1
1024270 6 1
1024292 3 -1
1024331 0 -1
1024335 10 1
1024340 2 -1
1024464 5 1
1024501 3 -1
1024536 4 -1
1024542 0 1
1024563 2 1
1024587 1 -1
1024625 19 1
1024655 0 -1
1024790 1 1
1024802 0 1
1024894 3 -1
1024894 5 -1
1024894 6 -1
1024931 7 -1
1024951 4 -1
1024972 1 -1
1025001 2 -1
1025095 0 -1
1025103 3 -1
1025227 0 -1
1025259 2 -1
1025316 3 1
1025318 1 1
1025322 4 1
1025367 5 1
1025396 0 -1
1025399 14 -1
1025442 6 1
1025488 1 1
1025501 2 1
1025528 3 1
1025528 8 -1
1025641 0 1
1025683 1 -1
1025693 4 -1
1025721 3 -1
1025722 10 -1
1025739 0 -1
1025770 7 -1
1025786 6 1
1025786 12 1
1025857 0 -1
1025872 5 1
1025893 9 -1
1025918 3 1
1025952 2 1
1025970 0 -1
1026062 1 -1
1026068 4 1
1026073 0 1
1026154 3 1
1026192 0 1
1026200 2 1
1026254 1 1
1026312 6 1
1026318 0 1
1026329 5 -1
1026423 1 1
1026431 11 1
1026431 2 -1
1026455 4 1
1026463 13 -1
1026463 7 1
1026530 0 -1
1026538 8 -1
1026560 3 -1
1026667 2 1
1026689 9 1
1026697 0 -1
1026756 3 1
1026780 1 1
1026794 4 1
1026802 5 1
1026820 0 -1
1026888 2 -1
1026947 23 1
1026968 3 1
1026979 1 -1
1027119 0 -1
1027140 2 -1
1027172 1 1
1027205 17 1
1027242 0 -1
1027280 5 -1
1027339 0 1
1027358 3 1
1027366 2 1
1027441 6 -1
1027543 1 -1
1027549 15 -1
1027559 4 1
1027570 3 1
1027592 8 -1
1027635 0 1
1027737 1 1
1027753 7 -1
1027780 3 -1
1027796 0 -1
1027842 2 -1
1027860 6 -1
1027882 4 1
1027903 0 1
1027930 1 -1
1027957 9 1
1028022 12 -1
1028022 0 1
1028070 2 1
1028134 0 1
1028172 3 -1
1028204 5 -1
1028247 6 1
1028253 4 -1
1028261 0 1
1028285 1 1
1028304 2 -1
1028333 10 1
1028363 0 -1
1028392 3 -1
1028414 7 1
1028451 11 1
1028474 1 -1
1028495 8 1
1028597 0 1
1028613 3 -1
1028648 1 -1
1028666 5 1
1028720 0 -1
1028779 2 1
1028809 3 1
1028817 0 1
1028829 1 1
1028946 7 -1
1028994 4 -1
1029011 2 -1
1029021 3 1
1029021 6 1
1029035 1 -1
1029040 0 -1
1029164 0 -1
1029166 5 1
1029215 3 -1
1029220 1 1
1029247 2 1
1029268 16 1
1029279 0 -1
1029381 4 1
1029397 14 -1
1029410 1 -1
1029411 3 1
1029419 6 -1
1029462 13 -1
1029502 0 1
1029505 8 1
1029618 0 -1
1029712 4 -1
1029720 2 -1
1029776 1 1
1029782 0 -1
1029784 12 -1
1029817 3 -1
1029860 6 -1
1029914 10 1
1029919 2 -1
1029935 9 1
1029964 1 -1
1030005 0 1
1030013 3 1
1030123 0 1
1030155 1 1
1030161 5 -1
1030174 2 -1
1030225 3 -1
1030228 0 1
1030381 7 -1
1030397 2 1
1030445 4 -1
1030451 8 -1
1030454 0 -1
1030522 1 1
1030558 11 1
1030576 0 -1
1030612 5 1
1030628 3 1
1030634 2 -1
1030644 9 1
1030683 1 1
1030699 0 -1
1030800 4 1
1030827 3 -1
1030854 2 1
1030881 1 -1
1030910 0 1
1030945 6 1
1031018 7 1
1031031 0 1
1031037 3 -1
1031085 5 -1
1031107 2 1
1031114 4 1
1031198 0 -1
1031264 1 1
1031375 9 -1
1031429 3 -1
1031429 1 1
1031429 10 -1
1031440 8 -1
1031477 0 -1
1031493 4 -1
1031582 2 -1
1031590 6 -1
1031596 0 -1
1031610 1 -1
1031639 3 -1
1031706 0 1
1031719 12 -1
1031735 7 -1
1031792 4 -1
1031794 2 -1
1031796 1 1
1031816 0 -1
1031832 3 1
1031926 0 1
1031977 15 1
1031981 1 -1
1032027 0 -1
1032031 3 -1
1032031 5 1
1032031 6 1
1032042 2 -1
1032168 0 1
1032171 1 1
1032187 4 1
1032240 3 -1
1032340 1 1
1032429 9 -1
1032434 3 1
1032434 0 -1
1032469 7 1
1032498 2 -1
1032515 5 -1
1032542 0 1
1032578 4 1
1032633 3 -1
1032640 0 -1
1032715 1 1
1032746 2 -1
1032860 1 -1
1032886 0 1
1032977 2 1
1033023 0 1
1033036 3 1
1033036 5 -1
1033052 18 -1
1033058 1 1
1033106 7 1
1033135 0 -1
1033235 3 -1
1033246 6 1
1033275 4 -1
1033396 8 1
1033428 1 1
1033434 2 1
1033463 0 1
1033471 3 -1
1033504 9 1
1033525 14 -1
1033590 4 -1
1033614 1 1
1033616 0 -1
1033686 2 1
1033767 7 -1
1033783 0 -1
1033794 6 -1
1033795 1 -1
1033874 3 1
1033880 0 1
1033901 5 1
1033912 2 -1
1033952 4 1
1033979 0 -1
1034073 3 -1
1034148 0 -1
1034158 1 1
1034175 6 1
1034283 3 -1
1034294 0 -1
1034321 8 -1
1034331 10 1
1034343 1 -1
1034374 2 -1
1034406 5 1
1034428 11 -1
1034444 7 1
1034514 9 1
1034529 1 1
1034584 0 1
1034622 2 -1
1034638 4 -1
1034675 3 -1
1034686 16 -1
1034694 0 -1
1034730 1 -1
1034826 0 -1
1034847 5 -1
1034850 2 1
1034885 3 -1
1034920 1 1
1034944 13 -1
1034960 4 -1
1035093 1 1
1035097 3 1
1035135 0 -1
1035245 6 -1
1035280 1 -1
1035309 8 -1
1035311 0 -1
1035326 2 -1
1035347 4 1
1035352 9 1
1035417 0 1
1035503 3 -1
1035562 2 1
1035589 10 1
1035621 6 1
1035649 1 1
1035731 0 1
1035734 3 -1
1035809 5 1
1035828 2 1
1035855 1 1
1035874 0 -1
1035927 3 1
1035952 7 1
1036000 0 1
1036016 1 1
1036081 4 1
1036105 6 1
1036121 0 1
1036226 0 -1
1036282 2 1
1036288 5 -1
1036325 0 1
1036336 3 -1
1036375 1 -1
1036411 4 1
1036449 0 -1
1036492 11 -1
1036492 20 1
1036513 2 -1
1036529 3 1
1036564 1 1
1036666 0 1
1036718 7 -1
1036728 3 -1
1036750 2 1
1036770 1 -1
1036785 0 -1
1036793 12 -1
1036798 5 -1
1036822 4 1
1036924 0 1
1036943 10 -1
1037127 1 -1
1037131 3 1
1037201 6 -1
1037212 0 -1
1037217 4 -1
1037223 2 -1
1037276 8 1
1037310 1 -1
1037330 3 -1
1037330 9 1
1037352 0 -1
1037362 7 -1
1037448 2 1
1037481 0 -1
1037491 1 1
1037556 3 -1
1037588 4 1
1037663 6 1
1037680 2 -1
1037731 0 1
1037766 5 1
1037782 13 1
1037878 1 1
1037885 0 -1
1037911 19 -1
1037924 2 -1
1037964 3 1
1037967 4 1
1037991 0 -1
1038044 1 1
1038147 6 1
1038152 2 1
1038174 3 -1
1038190 5 1
1038222 0 1
1038225 1 1
1038298 8 1
1038298 9 1
1038314 4 -1
1038335 0 1
1038386 2 -1
1038394 3 -1
1038462 0 1
1038491 11 -1
1038590 3 1
1038608 1 -1
1038609 5 -1
1038615 2 1
1038668 7 1
1038682 0 -1
1038728 15 -1
1038781 1 -1
1038803 3 1
1038810 0 -1
1038929 0 -1
1038967 1 1
1038986 12 1
1038996 3 -1
1039055 4 -1
1039093 2 -1
1039158 21 1
1039168 0 -1
1039192 3 1
1039201 8 -1
1039211 6 1
1039308 9 1
1039321 0 1
1039326 1 -1
1039330 2 1
1039394 7 -1
1039418 4 1
1039437 0 1
1039519 1 1
1039550 2 -1
1039598 3 -1
1039614 5 1
1039695 6 1
1039712 1 -1
1039716 17 -1
1039781 0 -1
1039781 10 -1
1039794 3 1
1039797 4 -1
1039926 0 1
1040007 3 -1
1040023 2 1
1040039 0 1
1040095 1 1
1040114 5 -1
1040114 6 -1
1040163 0 1
1040208 7 -1
1040253 1 1
1040254 2 -1
1040281 0 1
1040361 11 1
1040386 0 -1
1040406 1 1
1040410 3 1
1040426 13 -1
1040485 2 1
1040509 0 -1
1040533 24 1
1040587 4 1
1040591 1 -1
1040609 3 -1
1040609 5 -1
1040652 6 -1
1040716 0 1
1040766 1 1
1040818 3 -1
1040872 0 -1
1040877 16 -1
1040926 4 -1
1040926 1 1
1040936 2 1
1040963 12 1
1040977 0 1
1041017 5 -1
1041114 8 1
1041121 1 -1
1041135 10 1
1041189 2 1
1041200 9 1
1041210 3 -1
1041264 6 1
1041291 0 1
1041296 4 1
1041415 2 -1
1041420 3 -1
1041447 0 -1
1041479 5 1
1041486 1 -1
1041587 7 1
1041611 0 1
1041614 3 1
1041663 1 -1
1041665 2 -1
1041683 6 -1
1041780 14 -1
1041812 3 -1
1041853 1 1
1041877 0 -1
1041877 2 -1
1041963 5 1
1042006 0 -1
1042022 3 -1
1042022 4 1
1042060 8 -1
1042115 0 1
1042124 2 -1
1042178 6 -1
1042204 1 -1
1042216 3 1
1042229 0 -1
1042280 7 1
1042350 0 -1
1042353 2 1
1042381 4 -1
1042382 11 1
1042382 5 1
1042393 1 1
1042414 3 -1
1042425 9 -1
1042447 0 1
1042562 0 1
1042586 1 -1
1042699 10 1
1042715 4 -1
1042799 0 -1
1042817 3 1
1042828 2 -1
1042941 18 -1
1042949 1 1
1042973 0 -1
1042990 7 -1
1043026 4 -1
1043049 8 -1
1043051 3 1
1043059 2 1
1043102 0 -1
1043129 1 -1
1043199 15 1
1043264 3 1
1043290 5 1
1043296 2 -1
1043312 1 1
1043350 6 -1
1043352 0 1
1043380 4 1
1043414 9 -1
1043487 0 1
1043514 1 -1
1043570 7 -1
1043600 0 -1
1043653 3 1
1043699 1 1
1043715 4 -1
1043769 2 1
1043779 5 -1
1043856 1 1
1043865 3 1
1043919 0 -1
1043984 6 1
1043994 2 -1
1044038 1 1
1044059 3 -1
1044064 0 1
1044070 8 -1
1044070 10 -1
1044086 4 1
1044201 0 -1
1044244 2 -1
1044258 5 -1
1044274 11 -1
1044368 7 -1
1044392 0 -1
1044408 1 1
1044467 3 1
1044489 17 1
1044551 0 1
1044575 6 -1
1044606 1 -1
1044661 3 -1
1044704 0 -1
1044704 2 -1
1044789 1 1
1044820 0 1
1044868 4 1
1044870 3 1
1044932 2 1
1045026 8 1
1045053 7 -1
1045069 3 -1
1045102 5 1
1045104 0 -1
1045130 1 -1
1045180 2 1
1045223 0 -1
1045255 4 1
1045279 3 -1
1045331 1 1
1045349 0 -1
1045349 9 -1
1045397 2 1
1045456 10 1
1045462 6 -1
1045472 3 1
1045529 1 -1
1045574 5 -1
1045592 0 1
1045607 14 1
1045634 4 -1
1045663 2 1
1045671 3 -1
1045704 0 -1
1045779 12 -1
1045811 7 -1
1045849 0 -1
1045876 2 1
1045952 1 -1
1046074 3 1
1046080 6 1
1046099 0 1
1046101 5 -1
1046101 13 1
1046102 8 1
1046117 1 -1
1046125 2 1
1046209 0 -1
1046273 3 -1
1046273 9 -1
1046279 1 -1
1046303 4 1
1046338 0 -1
1046472 1 1
1046478 0 -1
1046483 3 -1
1046510 11 1
1046585 6 1
1046601 2 -1
1046644 0 1
1046650 1 1
1046682 4 -1
1046682 16 1
1046791 0 -1
1046827 2 1
1046843 1 -1
1046875 3 -1
1046897 0 1
1046908 10 -1
1047026 5 -1
1047028 1 1
1047032 4 1
1047044 7 1
1047047 8 -1
1047058 2 -1
1047068 20 1
1047085 3 -1
1047138 0 1
1047155 15 1
1047198 9 -1
1047251 0 1
1047278 3 1
1047367 0 1
1047401 1 1
1047413 6 -1
1047461 5 1
1047515 2 -1
1047589 1 -1
1047663 0 -1
1047687 3 -1
1047767 2 -1
1047770 1 1
1047773 0 -1
1047786 4 1
1047800 6 1
1047810 7 -1
1047912 5 -1
1047918 0 -1
1047923 3 -1
1047993 2 1
1048117 3 1
1048129 1 -1
1048154 9 -1
1048165 4 -1
1048166 0 -1
1048219 6 -1
1048262 10 1
1048273 0 -1
1048306 1 1
1048316 3 -1
1048358 12 -1
1048377 0 1
1048380 5 1
1048469 2 -1
1048524 1 1
1048525 3 -1
1048528 7 1
1048541 0 -1
1048552 4 1
1048705 0 1
1048705 2 1
1048718 3 1
1048778 6 1
1048788 28 -1
1048815 5 -1
1048837 0 1
1048860 1 -1
1048917 3 -1
1048934 2 -1
1048939 4 -1
1048947 0 -1
1048960 8 1
1049036 1 -1
1049132 9 -1
1049133 17 -1
1049165 13 1
1049170 0 -1
1049221 1 1
1049267 5 1
1049288 0 -1
1049294 4 1
1049304 18 1
1049320 3 1
1049358 6 -1
1049388 0 1
1049406 2 1
1049419 1 -1
1049519 3 -1
1049592 1 -1
1049624 4 1
1049632 0 1
1049638 2 -1
1049724 5 -1
1049734 14 1
1049745 3 -1
1049745 0 1
1049781 1 1
1049810 6 1
1049874 2 1
1049882 0 1
1049949 9 1
1049965 1 -1
1049971 8 1
1049987 4 -1
1050011 7 -1
1050154 3 1
1050186 0 -1
1050293 6 1
1050315 0 -1
1050334 1 1
1050342 2 -1
1050347 3 -1
1050422 11 -1
1050422 23 1
1050424 0 1
1050522 0 -1
1050537 1 1
1050543 3 1
1050551 2 -1
1050567 7 1
1050648 5 -1
1050672 0 1
1050712 10 1
1050721 1 -1
1050733 4 1
1050772 2 1
1050782 0 -1
1050852 12 -1
1050917 8 -1
1050928 0 1
1050949 3 -1
1051067 9 -1
1051083 1 1
1051091 4 -1
1051121 5 1
1051145 3 1
1051212 0 1
1051232 1 1
1051236 7 -1
1051277 2 -1
1051310 0 -1
1051357 3 1
1051433 0 -1
1051450 1 1
1051462 4 1
1051486 6 1
1051519 2 1
1051551 3 -1
1051578 5 -1
1051583 15 -1
1051739 0 -1
1051739 2 -1
1051747 3 1
1051829 1 1
1051841 13 -1
1051868 0 -1
1051911 6 1
1051938 10 1
1051959 3 1
1051978 0 1
1051990 1 1
1052099 4 -1
1052153 3 -1
1052180 1 -1
1052217 2 1
1052228 25 1
1052306 0 -1
1052353 1 -1
1052424 0 -1
1052443 11 -1
1052448 2 -1
1052470 4 1
1052508 5 -1
1052540 0 1
1052546 1 1
1052561 3 1
1052653 0 1
1052655 7 -1
1052658 6 1
1052693 2 -1
1052732 1 -1
1052755 0 -1
1052776 3 -1
1052800 4 1
1052830 8 1
1052881 0 -1
1052916 9 -1
1052921 1 1
1052922 2 1
1052986 3 -1
1052997 0 -1
1053007 5 -1
1053155 2 -1
1053238 0 -1
1053296 1 1
1053343 0 1
1053373 7 1
1053378 3 -1
1053384 2 1
1053421 10 -1
1053459 5 1
1053462 0 1
1053482 1 -1
1053518 4 1
1053588 3 -1
1053631 2 1
1053657 1 1
1053668 6 1
1053693 0 -1
1053781 3 1
1053840 9 -1
1053857 0 -1
1053862 14 1
1053862 8 1
1053925 4 1
1053964 0 1
1054020 1 -1
1054066 6 -1
1054098 7 -1
1054099 2 1
1054175 0 -1
1054190 3 -1
1054203 1 -1
1054268 4 1
1054292 26 -1
1054293 0 -1
1054319 2 -1
1054383 3 1
1054388 5 1
1054389 1 1
1054417 0 -1
1054485 11 -1
1054507 6 1
1054571 2 -1
1054593 15 1
1054614 3 1
1054636 12 -1
1054641 0 1
1054743 9 1
1054754 0 1
1054780 1 1
1054786 8 -1
1054792 7 1
1054808 3 -1
1054818 5 -1
1054852 0 -1
1054973 1 -1
1055004 3 1
1055028 2 -1
1055050 4 -1
1055094 0 -1
1055146 1 -1
1055200 0 1
1055240 3 1
1055243 5 -1
1055273 2 -1
1055324 0 -1
1055336 1 1
1055412 4 1
1055437 7 1
1055453 3 1
1055485 6 1
1055506 2 1
1055529 0 -1
1055530 1 -1
1055681 0 1
1055715 1 1
1055754 5 -1
1055775 4 -1
1055842 3 1
1055858 0 -1
1055883 6 -1
1055914 1 -1
1055961 2 1
1056055 3 1
1056108 0 -1
1056146 7 -1
1056189 2 -1
1056208 0 -1
1056216 5 1
1056248 3 -1
1056259 1 -1
1056270 6 1
1056324 10 1
1056332 0 -1
1056399 12 -1
1056434 2 -1
1056456 1 -1
1056493 4 -1
1056495 0 -1
1056619 0 -1
1056646 1 1
1056646 2 -1
1056657 3 1
1056662 5 -1
1056710 0 -1
1056726 7 -1
1056796 6 1
1056807 8 -1
1056842 0 -1
1056850 3 -1
1056855 4 1
1056893 2 -1
1057021 1 1
1057060 3 1
1057086 5 -1
1057087 9 1
1057104 0 -1
1057122 2 1
1057204 1 -1
1057210 0 -1
1057262 4 1
1057291 13 -1
1057334 0 -1
1057350 2 -1
1057376 1 -1
1057398 6 -1
1057452 16 1
1057468 3 -1
1057554 0 1
1057581 10 1
1057680 0 1
1057699 3 -1
1057710 8 1
1057744 1 -1
1057828 2 1
1057831 0 -1
1057895 3 1
1057925 6 -1
1057932 1 1
1057976 4 -1
1057990 14 1
1058038 5 1
1058049 7 1
1058065 2 -1
1058094 0 1
1058108 3 1
1058121 1 -1
1058161 15 -1
1058258 9 -1
1058278 1 -1
1058285 2 1
1058301 3 -1
1058301 0 -1
1058306 4 -1
1058344 6 -1
1058355 11 1
1058449 0 1
1058468 1 1
1058497 3 1
1058505 5 -1
1058555 0 -1
1058634 12 1
1058641 1 -1
1058653 4 1
1058656 8 -1
1058675 0 -1
1058710 3 1
1058763 2 -1
1058797 0 -1
1058814 7 1
1058839 1 1
1058903 0 1
1059013 2 -1
1059021 5 -1
1059099 3 1
1059145 0 1
1059145 10 1
1059172 9 -1
1059193 6 1
1059210 1 -1
1059226 2 -1
1059258 0 1
1059278 4 1
1059312 3 1
1059373 0 1
1059415 1 -1
1059521 3 -1
1059532 7 -1
1059592 1 1
1059634 6 -1
1059669 0 -1
1059685 4 1
1059701 2 1
1059763 8 1
1059779 0 -1
1059838 13 -1
1059870 5 1
1059876 0 1
1059914 3 -1
1059930 2 -1
1059979 1 1
1060024 4 1
1060098 0 -1
1060123 3 -1
1060128 6 -1
1060155 1 -1
1060177 2 -1
1060214 0 -1
1060225 19 -1
1060247 11 -1
1060316 3 1
1060322 1 -1
1060333 5 -1
1060362 4 -1
1060376 0 1
1060408 2 1
1060564 0 1
1060639 2 -1
1060666 8 -1
1060674 0 -1
1060693 1 -1
1060717 4 1
1060725 3 -1
1060741 17 -1
1060795 5 1
1060839 0 -1
1060874 1 1
1060881 2 1
1060918 3 1
1060919 7 -1
1060945 0 -1
1061074 1 -1
1061104 4 -1
1061117 3 -1
1061123 2 -1
1061236 6 1
1061257 9 1
1061279 0 -1
1061343 12 1
1061389 0 1
1061398 1 -1
1061499 4 1
1061515 20 -1
1061520 3 1
1061542 0 -1
1061576 1 -1
1061596 2 1
1061623 8 1
1061676 5 1
1061687 15 -1
1061717 7 -1
1061719 3 -1
1061769 1 1
1061805 6 1
1061824 0 -1
1061827 2 -1
1061924 0 1
1061929 3 -1
1062053 0 1
1062063 2 1
1062117 14 1
1062136 1 -1
1062176 10 -1
1062192 5 1
1062245 4 -1
1062246 11 -1
1062302 0 -1
1062321 3 -1
1062342 1 -1
1062343 6 -1
1062402 7 1
1062461 9 1
1062480 0 -1
1062536 2 -1
1062539 1 1
1062547 29 1
1062558 3 -1
1062587 4 1
1062601 8 1
1062636 0 1
1062638 5 -1
1062749 0 -1
1062762 2 1
1062767 3 -1
1062869 13 -1
1062898 1 -1
1062938 4 -1
1062945 0 1
1063012 2 1
1063087 1 1
1063091 0 -1
1063127 6 -1
1063128 16 -1
1063160 3 -1
1063215 0 -1
1063285 1 -1
1063369 3 -1
1063439 0 1
1063450 10 -1
1063474 2 1
1063514 6 1
1063536 12 -1
1063563 3 1
1063563 0 1
1063579 9 -1
1063590 5 -1
1063656 1 -1
1063676 0 1
1063702 2 -1
1063712 4 1
1063829 1 -1
1063877 7 1
1063936 0 1
1063950 2 -1
1063971 3 -1
1064018 1 1
1064057 5 1
1064062 6 1
1064071 4 -1
1064086 0 -1
1064165 3 1
1064176 2 1
1064200 1 -1
1064243 0 1
1064381 1 1
1064396 3 1
1064407 2 -1
1064407 8 1
1064433 4 1
1064522 0 -1
1064530 5 -1
1064570 1 1
1064579 7 -1
1064579 9 -1
1064589 3 -1
1064622 0 1
1064643 2 1
1064744 1 -1
1064775 0 -1
1064785 3 1
1064863 2 -1
1064898 0 -1
1065014 3 1
1065014 10 -1
1065025 0 -1
1065066 4 -1
1065084 12 1
1065111 1 1
1065164 0 -1
1065207 7 -1
1065213 3 -1
1065213 6 1
1065296 1 1
1065299 0 -1
1065320 8 -1
1065342 2 1
1065425 4 -1
1065438 5 -1
1065471 18 -1
1065473 1 1
1065520 0 -1
1065557 6 1
1065592 2 1
1065610 9 1
1065616 3 1
1065639 0 -1
1065745 0 1
1065812 4 -1
1065815 3 -1
1065820 2 -1
1065852 1 1
1065944 11 -1
1065949 7 1
1065954 5 -1
1065968 0 1
1065987 6 1
1066024 3 -1
1066034 1 -1
1066070 0 -1
1066126 4 -1
1066198 0 -1
1066215 1 -1
1066223 10 -1
1066245 14 1
1066266 8 1
1066269 2 -1
1066309 9 1
1066416 3 -1
1066427 5 1
1066428 0 -1
1066481 2 -1
1066517 4 -1
1066546 0 -1
1066580 1 -1
1066626 3 -1
1066645 0 1
1066650 7 -1
1066674 27 -1
1066734 2 -1
1066747 0 -1
1066755 1 -1
1066804 17 -1
1066838 3 1
1066871 0 -1
1066888 4 1
1066932 22 -1
1066941 1 1
1066994 0 -1
1067040 6 1
1067107 0 -1
1067138 1 -1
1067198 4 1
1067212 9 1
1067228 2 1
1067244 3 -1
1067324 1 1
1067325 0 1
1067360 7 1
1067395 5 -1
1067423 0 -1
1067451 2 -1
1067481 3 -1
1067493 1 1
1067548 0 -1
1067620 6 -1
1067621 12 -1
1067676 1 -1
1067677 3 1
1067680 2 1
1067706 10 1
1067771 0 1
1067862 5 1
1067889 3 1
1067905 0 -1
1067913 2 -1
1067921 11 -1
1067940 4 1
1067997 7 1
1068029 0 -1
1068047 1 -1
1068083 3 -1
1068142 2 1
1068201 6 1
1068222 21 -1
1068222 8 -1
1068251 1 1
1068252 0 1
1068254 13 -1
1068279 3 1
1068303 4 -1
1068357 5 1
1068376 0 1
1068389 2 1
1068432 1 -1
1068491 3 1
1068494 0 1
1068590 0 -1
1068620 2 -1
1068650 4 -1
1068706 0 -1
1068779 1 1
1068814 0 1
1068881 3 1
1068926 0 1
1068932 10 1
1068948 1 1
1069077 2 -1
1069098 3 1
1069125 16 -1
1069144 1 -1
1069168 0 1
1069266 0 -1
1069286 7 -1
1069297 5 1
1069303 3 -1
1069303 4 1
1069308 8 1
1069330 2 -1
1069416 6 1
1069426 31 1
1069450 0 1
1069522 1 -1
1069555 2 1
1069598 9 -1
1069682 0 -1
1069695 3 -1
1069698 4 -1
1069714 1 1
1069818 5 1
1069867 0 -1
1069883 1 1
1069904 3 -1
1069969 0 1
1070028 11 -1
1070028 7 1
1070031 2 -1
1070039 6 -1
1070064 4 1
1070079 1 1
1070098 3 1
1070203 0 1
1070222 5 1
1070240 1 1
1070243 8 -1
1070259 2 1
1070351 10 -1
1070394 0 -1
1070433 1 -1
1070490 6 1
1070493 2 -1
1070506 3 -1
1070531 0 -1
1070598 9 -1
1070625 1 1
1070684 5 -1
1070700 3 1
1070722 7 -1
1070771 0 -1
1070834 4 1
1070888 0 -1
1070899 3 -1
1070966 2 1
1070992 1 -1
1070993 0 1
1071108 3 -1
1071165 4 -1
1071167 1 1
1071173 5 -1
1071194 2 -1
1071235 0 1
1071254 13 -1
1071302 3 1
1071341 0 -1
1071346 1 1
1071420 2 1
1071455 4 1
1071459 0 -1
1071501 3 -1
1071598 6 1
1071630 5 1
1071651 2 -1
1071662 15 1
1071676 0 1
1071709 1 -1
1071710 3 -1
1071726 9 1
1071794 0 1
1071834 4 -1
1071877 11 1
1071888 2 1
1071902 1 1
1071912 0 1
1072006 12 -1
1072070 6 -1
1072080 1 1
1072092 19 -1
1072092 17 -1
1072103 3 -1
1072108 2 -1
1072132 0 -1
1072140 5 1
1072213 4 1
1072232 0 1
1072302 7 1
1072350 3 1
1072353 0 1
1072355 2 -1
1072372 8 -1
1072447 1 1
1072471 0 1
1072543 3 -1
1072586 0 1
1072592 4 -1
1072620 1 1
1072713 0 1
1072737 6 -1
1072810 0 -1
1072814 1 -1
1072823 2 -1
1072930 7 1
1072938 4 1
1072952 3 1
1072995 1 1
1073032 0 1
1073043 2 1
1073081 5 1
1073129 6 1
1073145 3 -1
1073146 0 1
1073190 1 -1
1073204 10 -1
1073266 0 1
1073296 2 1
1073342 3 1
1073378 1 1
1073382 8 1
1073492 0 -1
1073554 6 1
1073559 7 1
1073569 1 -1
1073586 5 1
1073616 0 -1
1073724 4 -1
1073734 0 -1
1073747 3 -1
1073772 2 -1
1073812 9 -1
1073855 11 1
1073903 6 1
1073926 1 1
1073943 3 1
1073962 13 1
1073974 0 -1
1073984 2 -1
1074070 5 -1
1074091 4 1
1074091 0 -1
1074095 1 -1
1074156 3 -1
1074188 0 1
1074231 2 -1
1074263 12 1
1074293 0 -1
1074293 1 1
1074306 8 -1
1074411 0 -1
1074446 6 1
1074454 4 -1
1074500 14 1
1074529 0 -1
1074559 3 1
1074623 10 1
1074650 0 -1
1074672 1 1
1074688 2 -1
1074795 3 1
1074841 1 -1
1074865 0 1
1074865 9 1
1074935 2 -1
1074956 5 -1
1074970 0 -1
1074994 3 -1
1075014 1 -1
1075075 7 1
1075087 0 -1
1075102 18 -1
1075147 4 1
1075166 2 1
1075327 0 -1
1075389 1 -1
1075397 3 1
1075403 5 1
1075403 2 -1
1075435 0 1
1075526 4 -1
1075540 0 1
1075542 6 -1
1075571 1 1
1075596 3 -1
1075623 2 1
1075752 7 -1
1075752 1 -1
1075764 0 -1
1075806 3 -1
1075865 10 1
1075876 2 1
1075888 0 -1
1075918 11 1
1075919 5 1
1075929 1 -1
1075945 4 -1
1075994 6 1
1075994 0 1
1076004 9 -1
1076101 2 -1
1076112 0 1
1076115 1 1
1076134 12 1
1076198 3 -1
1076220 8 1
1076236 0 1
1076276 1 1
1076348 0 1
1076418 3 -1
1076470 0 1
1076470 1 -1
1076477 6 1
1076558 7 -1
1076585 2 -1
1076620 3 1
1076631 4 1
1076695 0 -1
1076811 2 1
1076813 0 -1
1076832 1 1
1076886 5 1
1076907 15 -1
1076913 0 1
1077002 4 -1
1077026 3 -1
1077026 1 -1
1077042 2 -1
1077147 0 1
1077166 8 -1
1077195 1 -1
1077257 3 -1
1077268 0 1
1077352 4 1
1077359 5 -1
1077372 0 -1
1077450 3 1
1077520 2 1
1077570 1 -1
1077596 0 -1
1077628 6 -1
1077649 3 -1
1077700 0 1
1077743 1 -1
1077746 9 1
1077767 11 -1
1077770 2 1
1077794 5 1
1077826 0 1
1077859 3 -1
1077925 1 1
1077942 0 1
1077996 2 -1
1078048 0 -1
1078052 3 1
1078066 7 1
1078068 6 -1
1078110 4 -1
1078133 8 -1
1078166 0 -1
1078251 3 -1
1078251 5 -1
1078273 0 -1
1078316 1 1
1078461 2 -1
1078469 4 1
1078477 10 -1
1078501 0 1
1078509 6 1
1078509 1 -1
1078520 9 -1
1078619 0 1
1078627 14 1
1078654 3 1
1078686 1 -1
1078708 2 -1
1078743 0 1
1078746 5 -1
1078840 4 -1
1078848 7 -1
1078853 3 -1
1078892 1 -1
1078934 2 1
1078967 0 -1
1079079 3 -1
1079091 0 -1
1079110 1 -1
1079148 5 -1
1079197 0 1
1079275 1 -1
1079401 2 1
1079433 6 -1
1079436 1 -1
1079439 0 1
1079487 3 1
1079509 13 1
1079544 0 1
1079549 7 1
1079589 5 1
1079605 4 -1
1079622 2 -1
1079640 0 -1
1079659 9 1
1079681 3 -1
1079768 0 -1
1079819 1 -1
1079831 10 1
1079874 0 1
1079874 2 -1
1079877 3 1
1079939 6 -1
1079996 4 1
1080000 0 -1
1080002 1 1
1080089 8 1
1080116 0 1
1080190 1 -1
1080218 16 -1
1080282 3 -1
1080304 12 -1
1080323 0 -1
1080350 2 1
1080358 6 -1
1080387 4 1
1080433 15 1
1080441 0 -1
1080479 3 1
1080541 1 1
1080551 5 1
1080557 0 -1
1080576 2 -1
1080691 3 1
1080726 1 -1
1080745 6 1
1080799 0 -1
1080812 2 1
1080884 3 -1
1080895 0 1
1080916 1 1
1081000 0 -1
1081003 5 -1
1081032 4 1
1081035 9 1
1081040 7 -1
1081081 3 1
1081089 8 1
1081228 6 1
1081237 0 -1
1081266 2 1
1081278 1 -1
1081282 10 -1
1081293 3 1
1081358 0 -1
1081411 4 -1
1081443 5 1
1081460 1 1
1081476 0 -1
1081486 3 -1
1081489 2 -1
1081586 0 1
1081647 1 -1
1081669 6 -1
1081669 7 -1
1081704 0 1
1081715 2 1
1081782 4 1
1081822 0 1
1081830 11 -1
1081841 9 1
1081851 1 1
1081895 3 1
1081946 0 1
1082044 1 -1
1082046 8 -1
1082121 6 1
1082131 3 1
1082170 0 -1
1082196 2 -1
1082238 1 1
1082276 0 -1
1082325 3 -1
1082368 5 1
1082368 12 -1
1082381 0 1
1082415 1 1
1082438 2 1
1082443 13 1
1082451 7 1
1082497 21 -1
1082532 4 1
1082623 0 1
1082669 23 1
1082704 2 1
1082729 0 -1
1082733 3 1
1082755 14 1
1082778 1 1
1082819 9 1
1082844 0 -1
1082873 5 1
1082911 4 -1
1082911 2 1
1082927 3 -1
1082963 1 -1
1083056 0 1
1083066 6 1
1083123 3 1
1083157 1 1
1083158 2 1
1083177 0 1
1083282 4 1
1083298 0 1
1083314 19 1
1083324 5 -1
1083389 2 -1
1083402 0 -1
1083521 0 -1
1083529 3 -1
1083548 1 1
1083550 6 1
1083620 0 1
1083626 2 1
1083636 4 -1
1083733 0 1
1083738 3 1
1083741 1 -1
1083830 10 1
1083873 9 1
1083894 11 -1
1083894 7 1
1083928 1 1
1083937 3 -1
1083942 4 -1
1083959 17 1
1083970 8 1
1083975 0 1
1084034 6 1
1084080 0 -1
1084098 2 -1
1084147 3 -1
1084203 0 -1
1084217 18 1
1084244 5 -1
1084260 12 -1
1084293 1 -1
1084324 2 1
1084329 4 1
1084340 3 1
1084440 0 -1
1084487 1 1
1084539 3 -1
1084539 7 1
1084555 2 -1
1084561 0 -1
1084648 1 1
1084679 0 -1
1084690 5 1
1084708 4 -1
1084749 3 -1
1084851 6 -1
1084899 0 1
1084991 8 1
1084997 0 -1
1085027 1 1
1085028 2 1
1085104 0 1
1085141 3 -1
1085146 5 -1
1085188 1 1
1085192 7 -1
1085248 13 -1
1085249 10 -1
1085262 2 -1
1085302 6 1
1085345 0 1
1085350 3 -1
1085374 1 -1
1085414 4 -1
1085466 0 1
1085490 2 1
1085544 3 1
1085571 5 -1
1085584 0 1
1085752 1 -1
1085764 16 1
1085785 4 1
1085786 6 1
1085807 11 1
1085813 0 -1
1085920 0 1
1085936 1 1
1085952 3 -1
1085969 2 -1
1085990 8 1
1086039 0 1
1086049 5 -1
1086095 1 1
1086127 4 -1
1086146 3 1
1086205 2 1
1086267 0 1
1086345 3 -1
1086364 0 -1
1086447 2 1
1086462 1 1
1086474 9 1
1086491 0 -1
1086501 5 1
1086603 7 1
1086603 10 1
1086647 1 -1
1086657 2 1
1086724 0 -1
1086748 3 1
1086753 6 1
1086837 1 1
1086839 0 1
1086877 2 -1
1086881 4 -1
1086952 0 1
1086979 5 -1
1086982 3 1
1087073 0 1
1087130 2 -1
1087140 6 -1
1087194 3 1
1087194 0 1
1087208 1 -1
1087264 4 1
1087291 9 -1
1087299 0 -1
1087312 7 -1
1087355 2 1
1087397 1 1
1087422 0 -1
1087538 6 1
1087584 3 1
1087590 1 -1
1087640 0 1
1087699 4 1
1087750 0 1
1087776 1 1
1087796 3 1
1087831 2 -1
1087869 0 1
1087904 5 -1
1087909 7 -1
1087936 8 -1
1087957 13 1
1087957 10 -1
1087965 1 1
1087989 3 -1
1088022 6 1
1088067 2 1
1088100 0 -1
1088147 1 -1
1088215 9 -1
1088217 0 -1
1088296 2 -1
1088320 1 -1
1088323 0 -1
1088344 20 -1
1088398 3 1
1088398 5 1
1088461 4 1
1088527 6 1
1088538 12 1
1088546 0 1
1088597 3 -1
1088642 7 1
1088669 0 1
1088687 1 -1
1088769 2 1
1088776 0 -1
1088801 3 1
1088820 4 -1
1088839 8 1
1088860 5 -1
1088860 22 1
1088880 1 1
1088894 0 -1
1088968 6 1
1088989 17 1
1089000 0 -1
1089000 2 -1
1089066 1 -1
1089105 0 1
1089150 10 -1
1089170 4 1
1089209 3 -1
1089220 0 1
1089236 2 1
1089360 7 -1
1089403 3 1
1089408 6 -1
1089420 1 1
1089453 0 -1
1089477 4 1
1089567 0 -1
1089590 1 1
1089602 3 -1
1089694 0 -1
1089709 2 -1
1089720 11 -1
1089763 8 -1
1089783 1 -1
1089811 5 1
1089828 4 1
1089927 0 -1
1089935 2 1
1090005 3 1
1090037 7 -1
1090042 0 1
1090064 15 1
1090155 0 1
1090166 1 -1
1090182 4 -1
1090185 2 1
1090204 3 -1
1090263 5 -1
1090343 6 1
1090348 1 1
1090368 0 -1
1090408 12 1
1090408 18 -1
1090411 2 -1
1090413 3 -1
1090483 0 -1
1090517 1 1
1090529 4 1
1090537 10 1
1090604 0 -1
1090607 3 1
1090647 2 1
1090718 1 1
1090725 0 -1
1090763 7 1
1090779 5 -1
1090795 13 -1
1090795 8 -1
1090806 3 -1
1090822 6 1
1090830 0 1
1090838 9 -1
1090876 2 -1
1090902 1 -1
1090924 14 1
1090948 0 1
1091015 3 -1
1091056 0 -1
1091073 1 -1
1091123 2 -1
1091209 3 1
1091262 1 1
1091278 4 1
1091289 6 1
1091343 0 -1
1091451 0 1
1091572 0 1
1091574 2 -1
1091593 4 1
1091617 3 -1
1091645 1 1
1091719 8 1
1091741 11 -1
1091762 16 1
1091768 5 1
1091780 0 -1
1091800 2 1
1091847 1 -1
1091854 3 -1
1091903 0 -1
1091972 4 -1
1092016 0 -1
1092016 1 -1
1092020 10 -1
1092026 2 -1
1092047 3 1
1092085 9 1
1092181 5 1
1092214 6 -1
1092251 0 1
1092327 7 -1
1092364 0 1
1092383 1 1
1092429 12 1
1092456 3 -1
1092482 0 1
1092493 2 -1
1092570 1 -1
1092633 6 -1
1092649 3 1
1092653 4 1
1092670 5 1
1092711 0 -1
1092714 2 1
1092740 8 1
1092750 1 1
1092829 0 -1
1092848 3 -1
1092953 0 -1
1092977 2 1
1093028 4 -1
1093036 7 1
1093041 6 1
1093121 1 -1
1093138 5 -1
1093138 9 -1
1093157 0 1
1093251 3 1
1093283 0 1
1093326 1 1
1093362 4 1
1093388 0 -1
1093450 2 1
1093482 3 1
1093520 1 -1
1093600 5 1
1093630 0 -1
1093633 17 -1
1093665 13 -1
1093665 7 1
1093670 2 -1
1093676 3 -1
1093705 1 1
1093729 0 1
1093730 8 1
1093840 0 1
1093872 3 1
1093874 1 1
1093923 2 -1
1093955 11 1
1094025 6 1
1094060 4 -1
1094064 0 -1
1094064 1 -1
1094084 3 1
1094127 5 1
1094148 2 1
1094189 0 -1
1094253 1 1
1094299 3 -1
1094306 0 -1
1094380 2 -1
1094412 0 -1
1094455 4 1
1094471 6 1
1094508 3 -1
1094511 0 1
1094578 12 -1
1094579 15 -1
1094589 5 -1
1094616 1 -1
1094624 2 -1
1094635 0 1
1094758 0 1
1094761 10 -1
1094794 1 1
1094826 4 -1
1094853 2 1
1094901 3 -1
1094912 6 -1
1094966 9 1
1094971 7 -1
1094975 1 -1
1094983 0 -1
1095051 14 1
1095106 0 -1
1095110 3 -1
1095213 4 1
1095219 0 -1
1095304 3 1
1095315 2 1
1095362 1 -1
1095363 6 1
1095454 0 1
1095503 5 -1
1095531 1 -1
1095535 4 1
1095562 2 1
1095567 0 1
1095589 8 1
1095686 0 1
1095696 7 1
1095712 3 -1
1095720 1 1
1095793 2 -1
1095890 0 1
1095914 4 -1
1095917 3 1
1095922 6 -1
1095960 5 1
1096014 0 -1
1096035 10 -1
1096087 1 -1
1096132 0 1
1096137 3 1
1096169 9 -1
1096245 0 1
1096250 2 -1
1096269 4 1
1096303 1 -1
1096309 6 1
1096360 0 1
1096414 7 -1
1096457 0 -1
1096476 5 1
1096480 1 -1
1096502 13 1
1096503 2 -1
1096513 18 1
1096527 3 1
1096572 0 -1
1096636 1 -1
1096696 8 -1
1096707 6 -1
1096728 2 1
1096763 3 1
1096771 12 1
1096814 0 -1
1096825 1 1
1096919 0 1
1096943 24 1
1096975 3 1
1097018 1 -1
1097037 0 1
1097083 4 -1
1097169 3 -1
1097180 2 1
1097196 1 1
1097252 0 -1
1097357 0 1
1097365 3 1
1097373 10 1
1097384 5 1
1097430 2 1
1097434 4 1
1097491 0 -1
1097575 1 -1
1097577 3 1
1097588 9 -1
1097599 6 1
1097655 2 -1
1097714 0 1
1097739 8 -1
1097760 1 1
1097771 3 -1
1097776 7 1
1097808 4 -1
1097838 0 1
1097846 11 -1
1097894 2 1
1097921 5 1
1097938 1 -1
1097962 0 1
1098064 0 -1
1098082 6 1
1098115 2 -1
1098179 3 1
1098186 0 -1
1098276 17 1
1098310 0 -1
1098326 1 -1
1098365 2 -1
1098373 5 -1
1098389 3 -1
1098405 15 -1
1098416 0 -1
1098470 7 -1
1098490 4 1
1098502 1 1
1098577 2 -1
1098582 3 1
1098604 6 1
1098639 0 1
1098663 21 -1
1098683 1 -1
1098706 9 1
1098745 0 -1
1098856 12 1
1098859 0 -1
1098876 4 -1
1098991 3 -1
1099010 1 -1
1099053 2 1
1099093 0 -1
1099179 14 1
1099184 3 1
1099190 0 1
1099195 7 1
1099195 1 1
1099268 4 -1
1099281 2 -1
1099313 0 1
1099319 5 1
1099360 1 -1
1099383 3 -1
1099469 6 -1
1099528 2 -1
1099536 0 -1
1099558 1 1
1099660 0 -1
1099747 1 -1
1099749 8 1
1099759 0 1
1099765 5 -1
1099786 3 1
1099824 20 -1
1099888 11 -1
1099939 1 1
1099953 7 -1
1099974 9 1
1099977 4 -1
1099985 3 -1
1099990 0 1
1099996 6 -1
1099996 2 -1
1100095 0 -1
1100130 1 -1
1100195 3 -1
1100212 0 -1
1100216 2 1
1100232 5 1
1100291 4 -1
1100388 3 1
1100415 6 -1
1100437 10 -1
1100455 0 -1
1100469 2 1
1100509 1 -1
1100560 0 1
1100586 4 -1
1100587 3 -1
1100684 8 -1
1100686 1 -1
1100694 0 -1
1100716 5 -1
1100727 12 1
1100767 7 -1
1100796 3 -1
1100892 1 -1
1100918 0 1
1100944 2 -1
1100990 3 1
1101041 0 1
1101138 0 -1
1101157 2 -1
1101200 9 -1
1101232 5 -1
1101245 1 1
1101264 6 1
1101331 4 -1
1101361 0 1
1101398 3 -1
1101404 2 -1
1101412 7 -1
1101432 1 -1
1101482 0 1
1101600 0 1
1101602 1 -1
1101630 3 -1
1101632 2 1
1101694 8 -1
1101705 6 -1
1101714 4 -1
1101716 11 1
1101716 5 1
1101716 0 1
1101814 0 -1
1101826 3 1
1101855 10 1
1101861 2 -1
1101927 0 -1
1101952 1 1
1102025 7 -1
1102038 0 1
1102081 4 1
1102097 2 1
1102113 9 -1
1102138 1 1
1102156 6 1
1102167 5 -1
1102210 13 -1
1102232 3 -1
1102275 0 1
1102327 1 1
1102363 2 1
1102393 0 1
1102428 3 1
1102491 0 -1
1102508 1 1
1102640 3 1
1102694 1 1
1102704 6 -1
1102721 0 -1
1102818 2 1
1102839 4 -1
1102839 0 1
1102879 1 -1
1102952 0 1
1103030 3 1
1103043 2 -1
1103057 1 1
1103059 5 -1
1103097 6 1
1103178 4 -1
1103194 0 1
1103255 3 1
1103298 0 -1
1103301 2 -1
1103415 0 -1
1103432 1 1
1103452 3 -1
1103476 7 -1
1103478 18 1
1103500 5 -1
1103516 10 1
1103521 6 1
1103524 4 1
1103540 0 -1
1103564 8 -1
1103613 1 1
1103645 3 1
1103658 0 -1
1103693 16 -1
1103758 11 1
1103758 2 -1
1103763 0 1
1103802 1 -1
1103844 3 -1
1103868 0 1
1103941 6 -1
1103962 5 1
1103994 2 1
1104037 9 -1
1104040 7 -1
1104080 3 -1
1104099 0 -1
1104185 4 -1
1104185 1 -1
1104215 2 -1
1104216 0 -1
1104290 3 -1
1104322 0 1
1104358 1 -1
1104536 4 1
1104545 0 1
1104566 1 -1
1104650 8 1
1104669 0 1
1104682 3 -1
1104693 2 1
1104725 17 1
1104771 0 -1
1104774 7 1
1104854 5 1
1104886 4 1
1104892 3 -1
1104908 6 -1
1104913 1 1
1104919 13 1
1104940 12 -1
1104943 2 1
1105017 0 -1
1105085 3 1
1105096 1 -1
1105123 0 -1
1105169 2 -1
1105220 0 1
1105274 1 -1
1105327 5 -1
1105338 6 1
1105346 0 1
1105405 2 1
1105452 0 -1
1105479 1 -1
1105494 3 -1
1105521 9 1
1105564 8 -1
1105566 0 -1
1105588 4 -1
1105634 2 -1
1105660 1 1
1105694 0 -1
1105706 3 1
1105822 11 1
1105822 6 1
1105842 1 -1
1105848 5 -1
1105881 2 -1
1105918 3 1
1105924 0 -1
1105983 4 1
1106023 1 -1
1106042 0 1
1106106 2 1
1106112 7 -1
1106155 0 1
1106160 10 -1
1106308 3 1
1106374 1 -1
1106390 4 1
1106397 0 1
1106488 8 1
1106495 0 -1
1106536 3 1
1106574 2 1
1106576 1 1
1106604 0 -1
1106729 4 1
1106735 3 -1
1106751 1 -1
1106757 5 -1
1106789 7 1
1106794 2 -1
1106810 6 1
1106829 0 1
1106918 9 1
1106945 3 -1
1106953 0 1
1107047 2 -1
1107071 0 1
1107095 4 -1
1107116 1 1
1107133 12 1
1107138 3 1
1107177 0 -1
1107198 6 -1
1107219 5 1
1107285 0 -1
1107291 1 -1
1107337 3 -1
1107370 10 -1
1107429 0 -1
1107434 14 1
1107450 7 -1
1107458 1 -1
1107462 4 1
1107472 2 1
1107488 8 1
1107547 3 -1
1107563 19 1
1107590 6 1
1107611 0 -1
1107649 11 -1
1107660 5 -1
1107692 13 -1
1107724 2 1
1107805 4 1
1107821 15 1
1107825 1 1
1107850 0 1
1107939 3 -1
1107950 2 -1
1107963 0 -1
1108008 1 -1
1108084 0 -1
1108165 3 -1
1108176 5 -1
1108188 1 -1
1108291 0 1
1108361 3 1
1108399 0 1
1108423 8 -1
1108439 2 1
1108498 6 -1
1108530 10 -1
1108544 0 -1
1108563 1 1
1108579 4 -1
1108638 5 1
1108692 2 -1
1108736 1 -1
1108767 3 -1
1108772 0 -1
1108853 9 1
1108888 0 1
1108917 4 -1
1108918 2 1
1108930 1 1
1108950 6 1
1108963 3 1
1108966 7 1
1109033 0 1
1109111 5 -1
1109111 16 1
1109173 0 -1
1109175 3 1
1109299 0 -1
1109312 4 -1
1109316 1 1
1109347 8 1
1109393 2 -1
1109409 0 1
1109455 12 -1
1109487 6 -1
1109510 1 -1
1109522 0 -1
1109565 3 1
1109621 2 1
1109632 5 -1
1109648 9 -1
1109675 7 -1
1109703 1 1
1109756 11 -1
1109777 3 1
1109850 0 1
1109855 2 -1
1109895 6 1
1109901 10 1
1109971 3 -1
1109979 0 1
1109990 4 1
1110074 1 -1
1110127 0 -1
1110167 3 1
1110186 18 -1
1110248 1 1
1110296 4 1
1110331 2 1
1110347 0 -1
1110379 3 1
1110379 6 1
1110412 9 1
1110413 1 1
1110481 7 -1
1110492 0 1
1110530 22 -1
1110562 2 -1
1110573 3 -1
1110583 5 1
1110667 0 1
1110715 4 1
1110769 3 1
1110798 2 1
1110814 1 -1
1110879 6 1
1110898 0 -1
1111009 1 -1
1111019 0 -1
1111030 5 -1
1111167 0 1
1111173 1 -1
1111174 3 -1
1111207 7 1
1111271 2 -1
1111288 10 -1
1111304 6 1
1111304 8 -1
1111325 0 -1
1111362 1 1
1111411 3 -1
1111433 17 -1
1111454 5 -1
1111454 0 -1
1111473 4 1
1111497 2 1
1111537 1 1
1111562 14 1
1111607 3 1
1111629 0 -1
1111727 1 -1
1111728 2 -1
1111734 15 1
1111782 0 1
1111807 4 -1
1111900 7 -1
1111934 1 -1
1112010 0 -1
1112013 3 -1
1112129 0 -1
1112131 6 1
1112174 4 1
1112201 2 1
1112209 3 1
1112228 8 1
1112244 0 -1
1112307 1 1
1112422 3 1
1112422 5 1
1112424 2 -1
1112467 0 1
1112509 1 1
1112545 4 -1
1112561 10 -1
1112564 0 -1
1112572 9 -1
1112610 7 1
1112661 2 1
1112688 0 -1
1112690 6 -1
1112692 1 -1
1112811 3 1
1112851 20 -1
1112889 2 -1
1112916 4 -1
1112916 5 -1
1112924 0 -1
1113023 3 -1
1113045 0 -1
1113045 1 1
1113077 6 1
1113136 2 -1
1113163 0 -1
1113233 3 -1
1113234 1 -1
1113254 7 1
1113262 4 1
1113265 0 1
1113346 8 -1
1113362 2 1
1113397 0 1
1113400 13 1
1113421 5 -1
1113432 1 1
1113496 9 -1
1113539 12 1
1113574 0 1
1113593 2 -1
1113625 3 -1
1113662 4 1
1113722 0 1
1113774 1 -1
1113840 11 -1
1113872 3 1
1113952 1 1
1113972 0 1
1114002 6 -1
1114012 10 1
1114050 2 -1
1114066 3 -1
1114106 0 1
1114133 1 1
1114252 0 -1
1114281 5 1
1114297 2 -1
1114323 1 -1
1114359 4 -1
1114453 6 1
1114474 3 1
1114512 0 -1
1114520 1 1
1114528 2 1
1114621 0 1
1114633 7 1
1114668 3 -1
1114679 9 1
1114681 4 -1
1114702 1 -1
1114732 0 -1
1114775 5 1
1114786 16 -1
1114864 3 1
1114907 1 1
1114934 0 -1
1114980 6 -1
1114985 2 1
1115052 4 1
1115082 0 1
1115173 26 -1
1115195 8 -1
1115211 0 -1
1115238 2 1
1115248 5 -1
1115262 1 -1
1115270 3 -1
1115399 7 -1
1115412 0 -1
1115447 1 1
1115463 2 -1
1115480 3 1
1115529 0 -1
1115560 12 1
1115617 1 1
1115633 0 1
1115678 3 -1
1115678 5 1
1115689 14 1
1115732 11 1
1115850 4 -1
1115869 0 1
1115882 6 1
1115926 2 -1
1115996 1 1
1116001 0 1
1116081 3 1
1116098 5 1
1116157 4 -1
1116160 0 -1
1116173 2 -1
1116184 8 -1
1116191 1 -1
1116205 13 -1
1116237 7 -1
1116318 3 1
1116366 6 1
1116382 1 1
1116401 2 1
1116447 0 -1
1116515 4 1
1116517 3 -1
1116557 0 1
1116592 9 1
1116614 5 1
1116630 2 -1
1116721 15 1
1116726 3 -1
1116733 1 -1
1116753 0 -1
1116754 10 1
1116764 6 -1
1116877 2 -1
1116914 1 1
1116920 3 1
1117022 0 -1
1117076 5 -1
1117108 2 1
1117108 8 1
1117119 3 -1
1117119 0 1
1117132 1 1
1117183 6 -1
1117192 4 -1
1117266 0 -1
1117318 1 -1
1117328 3 -1
1117344 2 -1
1117417 0 1
1117475 1 -1
1117495 12 1
1117519 4 -1
1117562 0 -1
1117635 6 1
1117640 1 -1
1117672 7 -1
1117688 11 1
1117721 3 -1
1117750 0 1
1117817 2 1
1117854 1 -1
1117855 0 -1
1117904 9 1
1117918 4 -1
1117930 5 1
1117946 3 -1
1118043 2 -1
1118108 10 -1
1118118 6 1
1118142 3 1
1118167 0 -1
1118212 1 1
1118277 4 -1
1118288 0 -1
1118293 2 -1
1118382 7 1
1118387 5 -1
1118398 17 1
1118406 1 -1
1118414 0 -1
1118548 3 -1
1118559 6 -1
1118591 1 1
1118712 4 -1
1118716 0 -1
1118744 3 1
1118758 2 -1
1118785 19 -1
1118785 9 1
1118839 0 -1
1118903 5 -1
1118957 3 1
1118962 1 -1
1118978 13 1
1118981 0 1
1119010 2 1
1119075 4 1
1119148 7 1
1119148 1 1
1119150 8 1
1119263 2 1
1119287 0 -1
1119329 1 -1
1119346 3 1
1119434 4 -1
1119443 0 1
1119473 6 -1
1119540 0 -1
1119559 3 1
1119559 10 1
1119657 0 -1
1119688 1 1
1119715 2 1
1119752 3 -1
1119780 0 -1
1119870 5 1
1119871 6 1
1119881 1 -1
1119887 0 1
1119948 3 1
1119948 2 -1
1119991 0 1
1120067 1 1
1120139 8 -1
1120161 3 1
1120177 2 1
1120224 4 1
1120295 0 1
1120316 5 -1
1120354 3 -1
1120354 6 1
1120424 2 1
1120442 1 1
1120451 0 -1
1120542 4 1
1120550 3 1
1120618 0 1
1120627 1 -1
1120639 7 1
1120655 16 -1
1120655 2 -1
1120730 5 -1
1120808 1 -1
1120892 0 -1
1120892 2 1
1120917 4 -1
1120935 15 -1
1120956 3 -1
1121061 0 1
1121107 9 -1
1121112 2 -1
1121174 0 -1
1121183 1 -1
1121187 3 -1
1121193 8 -1
1121300 6 1
1121348 7 -1
1121373 1 1
1121381 3 1
1121402 0 1
1121512 0 -1
1121560 1 -1
1121574 4 -1
1121590 2 1
1121649 5 -1
1121663 0 1
1121665 11 -1
1121666 12 -1
1121741 6 -1
1121789 3 -1
1121805 0 1
1121821 2 -1
1121909 1 1
1121937 0 1
1121983 3 1
1121985 4 -1
1122058 7 1
1122066 2 -1
1122074 9 -1
1122077 0 -1
1122085 5 1
1122124 1 1
1122181 3 -1
1122192 6 1
1122262 0 -1
1122268 8 -1
1122284 10 1
1122304 1 -1
1122340 4 1
1122520 2 -1
1122536 5 -1
1122558 0 1
1122584 3 1
1122656 1 1
1122687 7 1
1122711 0 -1
1122754 2 1
1122816 3 1
1122828 1 1
1122867 0 1
1122982 2 -1
1123009 3 -1
1123013 4 -1
1123017 1 1
1123146 0 -1
1123154 6 1
1123192 8 1
1123203 1 -1
1123205 3 1
1123256 0 -1
1123364 9 -1
1123391 0 -1
1123398 1 -1
1123404 4 1
1123418 3 1
1123455 2 1
1123498 5 1
1123501 7 1
1123525 10 1
1123574 1 -1
1123579 6 1
1123611 3 -1
1123622 11 -1
1123686 2 -1
1123689 0 1
1123763 1 1
1123795 0 -1
1123807 3 1
1123819 4 1
1123858 12 1
1123893 0 1
1123923 2 1
1123928 5 1
1123944 14 1
1123976 6 -1
1124049 0 -1
1124116 8 -1
1124126 1 1
1124165 2 1
1124184 0 -1
1124186 7 -1
1124194 4 -1
1124213 3 -1
1124319 1 -1
1124326 0 1
1124390 2 -1
1124409 3 1
1124428 5 -1
1124458 0 1
1124492 1 1
1124545 4 1
1124622 3 1
1124622 2 1
1124654 13 -1
1124710 0 1
1124811 0 -1
1124831 7 -1
1124858 2 -1
1124871 4 1
1124872 1 1
1124912 6 1
1124912 10 1
1124935 0 -1
1125011 3 1
1125033 1 1
1125116 8 -1
1125148 24 1
1125164 0 -1
1125218 4 -1
1125222 1 -1
1125223 3 1
1125283 0 -1
1125331 2 1
1125363 6 -1
1125382 0 1
1125385 5 1
1125406 15 1
1125417 3 -1
1125535 11 1
1125557 2 -1
1125593 1 1
1125600 9 1
1125608 0 -1
1125731 0 -1
1125778 1 -1
1125807 2 -1
1125825 3 1
1125836 6 -1
1125844 0 -1
1125847 5 -1
1125879 12 1
1125948 1 -1
1125949 0 1
1125984 4 -1
1126062 3 1
1126062 0 1
1126137 16 1
1126137 1 1
1126160 0 -1
1126234 7 1
1126255 3 -1
1126266 2 -1
1126285 0 -1
1126298 5 1
1126310 1 1
1126355 4 1
1126451 3 1
1126470 9 1
1126494 2 1
1126508 0 1
1126516 1 1
1126626 0 1
1126661 4 1
1126664 3 1
1126710 1 -1
1126723 2 -1
1126736 0 1
1126814 6 -1
1126857 3 -1
1126976 8 -1
1127008 7 -1
1127048 0 1
1127053 3 1
1127080 1 -1
1127180 0 1
1127201 2 1
1127236 1 -1
1127255 6 -1
1127287 5 -1
1127306 4 1
1127328 0 -1
1127389 1 -1
1127438 2 -1
1127459 3 -1
1127491 13 1
1127556 10 -1
1127627 0 -1
1127647 6 1
1127658 2 1
1127669 3 1
1127685 9 -1
1127701 7 1
1127709 4 1
1127747 1 -1
1127779 0 1
1127798 5 -1
1127814 12 1
1127814 23 1
1127868 3 -1
1127894 2 -1
1127900 18 -1
1127927 1 -1
1127934 0 -1
1127986 8 -1
1128058 0 -1
1128072 4 -1
1128072 14 1
1128120 1 1
1128160 2 -1
1128214 0 1
1128249 5 1
1128271 3 1
1128327 0 -1
1128368 2 -1
1128394 17 -1
1128435 0 1
1128470 3 -1
1128499 1 1
1128534 6 -1
1128588 30 1
1128620 2 -1
1128672 1 1
1128679 3 -1
1128773 4 -1
1128781 0 1
1128862 10 1
1128886 0 -1
1128889 8 1
1128890 1 1
1128986 6 1
1128991 7 -1
1129003 0 -1
1129072 3 -1
1129076 1 -1
1129077 2 -1
1129112 4 -1
1129190 5 1
1129219 0 1
1129251 1 1
1129281 3 -1
1129330 0 1
1129330 2 -1
1129434 1 1
1129456 0 1
1129474 3 1
1129523 4 -1
1129544 6 -1
1129555 2 1
1129598 9 -1
1129614 1 -1
1129620 11 1
1129630 5 -1
1129673 3 -1
1129676 0 -1
1129789 7 -1
1129827 0 1
1129835 12 1
1129853 4 -1
1129883 3 -1
1129942 0 -1
1129995 1 -1
1130031 2 -1
1130074 0 -1
1130076 3 1
1130146 5 -1
1130184 1 1
1130208 0 -1
1130265 13 -1
1130267 2 1
1130275 3 -1
1130289 4 -1
1130329 6 -1
1130329 0 -1
1130345 10 -1
1130380 1 -1
1130394 15 1
1130426 0 1
1130466 7 -1
1130496 2 -1
1130609 9 -1
1130630 0 1
1130641 5 1
1130660 4 1
1130678 3 1
1130744 1 -1
1130770 6 -1
1130789 0 -1
1130802 8 -1
1130910 19 -1
1130912 3 1
1130922 1 -1
1130923 0 -1
1130969 2 1
1131026 4 -1
1131071 5 -1
1131124 3 1
1131127 1 1
1131197 0 1
1131200 2 -1
1131221 6 1
1131310 0 -1
1131415 0 1
1131436 2 1
1131470 1 -1
1131514 3 1
1131544 5 1
1131619 9 -1
1131635 10 -1
1131640 11 1
1131647 1 1
1131657 2 -1
1131726 3 1
1131748 6 -1
1131748 0 1
1131796 4 1
1131849 1 -1
1131853 0 -1
1131861 7 -1
1131898 8 -1
1131909 2 -1
1131920 3 -1
1131941 16 -1
1131979 0 -1
1131984 12 -1
1131995 5 -1
1132027 21 -1
1132111 4 1
1132135 2 1
1132167 6 1
1132199 14 1
1132208 1 1
1132326 0 1
1132328 3 1
1132385 2 1
1132401 1 -1
1132441 4 1
1132476 0 -1
1132538 3 -1
1132554 7 -1
1132578 1 1
1132651 6 1
1132664 0 1
1132731 3 1
1132847 2 1
1132866 8 -1
1132930 3 -1
1132946 0 -1
1132952 9 -1
1132959 1 1
1132973 5 1
1132990 10 1
1133070 2 -1
1133078 0 -1
1133092 6 -1
1133140 3 -1
1133155 1 -1
1133167 4 1
1133231 13 -1
1133269 0 -1
1133274 2 -1
1133336 1 -1
1133376 3 -1
1133376 7 -1
1133425 5 -1
1133542 4 1
1133570 3 1
1133573 0 -1
1133683 11 1
1133696 0 -1
1133735 1 1
1133750 2 1
1133796 0 1
1133892 4 1
1133908 5 1
1133919 1 -1
1133978 3 -1
1133978 2 -1
1134005 17 -1
1134037 6 -1
1134038 7 -1
1134048 12 -1
1134078 0 1
1134086 1 -1
1134091 9 1
1134172 3 1
1134174 0 -1
1134226 2 -1
1134298 0 -1
1134349 15 -1
1134371 3 -1
1134414 0 -1
1134469 1 -1
1134489 6 1
1134510 0 1
1134578 4 -1
1134602 10 1
1134629 0 1
1134652 1 1
1134717 2 1
1134747 7 1
1134752 0 1
1134774 3 1
1134801 5 1
1134816 1 1
1134833 8 1
1134912 4 1
1134956 2 -1
1134975 0 -1
1135005 3 1
1135009 1 -1
1135037 6 -1
1135059 9 1
1135091 0 -1
1135182 2 1
1135188 0 1
1135190 1 1
1135198 3 -1
1135279 4 -1
1135316 5 1
1135352 1 1
1135413 2 -1
1135430 0 1
1135534 0 -1
1135537 7 1
1135541 1 -1
1135553 18 -1
1135612 3 1
1135650 4 1
1135650 2 1
1135651 0 -1
1135779 5 -1
1135822 3 -1
1135854 6 1
1135854 8 1
1135870 2 -1
1135876 0 1
1135912 1 1
1135940 13 1
1135940 10 -1
1135996 0 1
1136012 4 -1
1136031 3 -1
1136097 1 -1
1136123 2 -1
1136131 0 1
1136225 3 1
1136266 1 -1
1136273 6 -1
1136297 0 1
1136306 9 1
1136311 7 1
1136394 0 -1
1136424 3 -1
1136428 4 -1
1136510 0 -1
1136580 2 -1
1136614 0 1
1136629 1 1
1136633 3 -1
1136714 5 -1
1136757 6 -1
1136757 8 -1
1136819 4 1
1136824 2 -1
1136827 3 1
1136847 1 1
1136907 0 -1
1137032 1 -1
1137047 0 -1
1137052 2 1
1137192 5 1
1137214 0 -1
1137235 3 -1
1137419 1 -1
1137448 3 1
1137501 0 1
1137515 2 1
1137520 4 -1
1137605 1 1
1137617 11 -1
1137617 0 1
1137660 3 1
1137665 7 -1
1137670 6 1
1137692 5 1
1137757 8 -1
1137762 2 1
1137794 0 1
1137806 1 -1
1137907 4 -1
1137993 2 -1
1137996 1 1
1138039 0 -1
1138050 3 1
1138133 12 1
1138154 5 -1
1138154 6 1
1138169 1 1
1138197 16 -1
1138219 0 -1
1138230 9 1
1138262 3 1
1138270 4 1
1138326 0 -1
1138356 1 -1
1138434 0 1
1138444 2 -1
1138455 3 -1
1138471 7 1
1138540 1 -1
1138547 0 1
1138595 6 -1
1138606 5 1
1138649 10 -1
1138670 0 1
1138681 2 1
1138713 13 -1
1138713 8 1
1138791 0 1
1138864 3 1
1138901 2 -1
1138927 4 1
1138931 1 1
1139010 0 -1
1139057 3 -1
1139079 5 -1
1139092 1 1
1139143 6 1
1139151 0 1
1139173 7 -1
1139253 3 1
1139266 1 1
1139294 4 -1
1139294 17 1
1139315 0 1
1139380 2 1
1139423 9 -1
1139466 11 1
1139530 6 -1
1139565 0 1
1139595 5 -1
1139632 1 1
1139632 2 1
1139659 3 -1
1139683 0 1
1139702 8 1
1139713 4 -1
1139790 0 -1
1139806 1 1
1139836 2 1
1139855 3 1
1139922 6 1
1139975 1 -1
1140031 0 -1
1140068 3 1
1140084 10 1
1140138 0 1
1140218 12 1
1140245 0 1
1140315 2 -1
1140350 0 -1
1140368 14 1
1140378 1 1
1140390 6 1
1140410 4 1
1140455 7 1
1140457 3 1
1140471 0 -1
1140519 9 1
1140523 1 -1
1140524 5 -1
1140565 2 -1
1140656 0 -1
1140694 3 1
1140717 1 1
1140723 8 1
1140777 4 -1
1140777 2 -1
1140809 0 1
1140894 1 -1
1140906 3 1
1141024 5 -1
1141065 0 -1
1141083 7 1
1141087 1 -1
1141108 4 -1
1141182 0 -1
1141228 20 1
1141253 2 1
1141265 1 -1
1141282 6 1
1141293 0 -1
1141296 3 1
1141438 1 -1
1141438 10 -1
1141470 4 1
1141481 2 -1
1141486 5 1
1141508 3 1
1141640 0 1
1141648 13 -1
1141680 11 -1
1141701 3 -1
1141728 2 -1
1141777 7 -1
1141790 0 -1
1141797 1 1
1141820 6 -1
1141849 4 -1
1141978 0 1
1141978 1 -1
1142110 3 1
1142131 19 1
1142150 1 -1
1142172 4 -1
1142196 2 -1
1142228 6 1
1142256 0 -1
1142320 3 -1
1142346 12 -1
1142379 0 -1
1142416 2 1
1142459 5 -1
1142513 3 1
1142534 1 -1
1142538 4 1
1142561 0 -1
1142583 8 1
1142615 9 -1
1142669 2 1
1142701 0 -1
1142708 1 -1
1142712 3 -1
1142825 0 -1
1142893 1 1
1142895 2 -1
1142924 0 1
1142932 3 -1
1142948 5 1
1143034 29 -1
1143094 0 -1
1143144 2 -1
1143152 3 -1
1143212 6 1
1143212 7 -1
1143236 4 1
1143276 1 1
1143349 3 1
1143351 2 -1
1143362 0 -1
1143384 5 -1
1143462 1 -1
1143483 0 -1
1143507 9 -1
1143572 8 1
1143604 2 1
1143623 4 -1
1143636 6 1
1143652 0 -1
1143655 1 1
1143754 3 -1
1143824 1 -1
1143889 7 -1
1143908 0 -1
1143929 4 -1
1143951 3 1
1143980 15 1
1143982 1 -1
1144023 6 -1
1144039 0 -1
1144080 2 -1
1144082 10 1
1144152 0 1
1144163 3 1
1144183 1 1
1144238 18 1
1144308 2 1
1144313 5 -1
1144378 0 -1
1144381 1 -1
1144485 0 1
1144496 14 1
1144542 2 -1
1144552 3 1
1144590 0 1
1144625 8 1
1144671 4 -1
1144708 0 -1
1144727 7 -1
1144731 1 -1
1144733 9 -1
1144765 3 -1
1144765 5 1
1144867 0 1
1144913 1 -1
1144948 6 1
1144974 3 -1
1145001 4 -1
1145004 0 -1
1145026 2 1
1145102 1 -1
1145117 0 1
1145254 2 -1
1145275 5 1
1145367 3 -1
1145376 4 1
1145388 6 -1
1145394 0 -1
1145453 10 -1
1145485 7 1
1145487 1 -1
1145501 2 -1
1145515 0 -1
1145571 11 1
1145603 3 -1
1145630 0 -1
1145648 1 -1
1145722 5 -1
1145813 3 -1
1145840 1 1
1145894 6 -1
1145915 0 1
1145958 2 -1
1146006 3 1
1146076 0 1
1146122 4 1
1146194 2 1
1146203 1 -1
1146205 3 -1
1146205 5 1
1146211 0 1
1146235 7 -1
1146313 6 -1
1146388 1 1
1146415 3 -1
1146415 2 -1
1146466 0 -1
1146477 4 -1
1146576 1 -1
1146590 0 -1
1146603 12 1
1146608 3 1
1146668 2 -1
1146689 0 1
1146700 6 1
1146710 5 1
1146710 8 1
1146751 1 -1
1146807 7 -1
1146807 0 1
1146831 4 1
1146893 2 1
1146904 9 1
1146917 0 1
1146936 1 1
1146984 10 -1
1147017 3 -1
1147036 0 -1
1147106 1 1
1147143 2 1
1147162 13 -1
1147183 6 1
1147205 0 -1
1147226 5 1
1147229 3 1
1147287 1 -1
1147369 2 -1
1147441 3 1
1147541 0 1
1147565 4 1
1147565 7 1
1147592 15 1
1147654 0 -1
1147662 1 1
1147678 11 1
1147678 8 -1
1147705 6 1
1147831 3 1
1147834 2 -1
1147847 0 1
1147847 1 -1
1147944 4 -1
1148033 1 1
1148043 3 1
1148081 2 -1
1148100 0 1
1148118 5 1
1148172 9 1
1148218 0 1
1148237 3 -1
1148307 2 1
1148315 4 1
1148334 0 1
1148391 1 -1
1148527 5 1
1148570 6 -1
1148581 16 1
1148581 1 1
1148624 14 1
1148629 0 -1
1148645 3 1
1148678 8 -1
1148737 2 -1
1148747 0 -1
1148753 12 -1
1148762 1 -1
1148839 3 -1
1148903 0 1
1148978 9 -1
1148984 2 -1
1149021 6 1
1149035 3 1
1149043 5 1
1149064 7 -1
1149068 4 1
1149129 1 1
1149137 0 1
1149215 2 1
1149226 28 -1
1149247 3 1
1149255 0 1
1149316 1 -1
1149361 0 -1
1149379 4 1
1149441 3 -1
1149505 6 1
1149508 1 1
1149613 0 -1
1149637 3 1
1149672 2 1
1149677 11 1
1149726 1 1
1149758 4 -1
1149795 0 -1
1149806 7 1
1149806 10 -1
1149849 3 1
1149906 0 1
1149911 1 -1
1149924 2 1
1149935 13 1
1150048 5 -1
1150064 9 1
1150068 1 -1
1150166 2 -1
1150184 0 -1
1150233 1 -1
1150274 3 -1
1150290 0 -1
1150386 6 -1
1150405 0 1
1150432 2 -1
1150467 3 1
1150483 4 -1
1150521 5 1
1150537 8 -1
1150612 0 1
1150628 7 1
1150639 2 -1
1150644 1 1
1150666 3 -1
1150766 0 -1
1150806 6 -1
1150806 1 1
1150842 4 1
1150860 12 -1
1150892 2 -1
1150897 0 -1
1150902 20 -1
1150956 5 -1
1150999 1 -1
1151015 0 -1
1151069 3 1
1151118 2 1
1151155 0 -1
1151164 4 1
1151257 6 1
1151268 3 -1
1151268 9 -1
1151290 25 1
1151290 0 -1
1151306 10 -1
1151346 1 1
1151400 0 1
1151440 8 1
1151478 3 -1
1151527 1 -1
1151593 2 -1
1151613 0 -1
1151633 21 -1
1151695 1 -1
1151711 0 1
1151822 2 1
1151838 0 1
1151842 4 -1
1151870 3 -1
1151881 5 -1
1151999 7 -1
1152055 2 -1
1152059 0 -1
1152064 17 -1
1152080 1 -1
1152096 3 -1
1152164 4 -1
1152182 6 -1
1152184 0 -1
1152251 1 -1
1152292 3 1
1152294 0 -1
1152316 5 1
1152444 1 1
1152450 8 1
1152504 3 1
1152507 0 -1
1152515 9 -1
1152531 4 1
1152531 2 1
1152547 10 -1
1152579 15 1
1152620 1 1
1152654 0 1
1152708 6 1
1152714 3 -1
1152730 5 1
1152740 7 1
1152762 2 -1
1152799 1 -1
1152812 0 -1
1152870 13 1
1152890 4 -1
1152918 0 -1
1152934 3 -1
1152982 1 -1
1152998 2 1
1153042 0 -1
1153127 6 -1
1153130 3 1
1153181 0 -1
1153184 1 -1
1153230 5 1
1153248 4 1
1153353 19 -1
1153372 0 1
1153439 8 -1
1153450 7 -1
1153472 2 -1
1153536 3 -1
1153555 4 1
1153573 1 -1
1153598 0 -1
1153611 6 -1
1153692 2 1
1153697 0 1
1153708 5 -1
1153732 3 1
1153752 1 -1
1153821 10 -1
1153826 11 1
1153842 0 -1
1153885 4 1
1153923 2 -1
1153942 1 1
1153944 3 1
1153955 9 -1
1154095 6 -1
1154166 0 -1
1154170 5 1
1154278 0 -1
1154315 1 1
1154334 3 1
1154399 2 1
1154431 0 1
1154482 6 1
1154506 1 -1
1154536 8 1
1154546 3 -1
1154605 5 -1
1154624 2 -1
1154643 16 1
1154643 0 -1
1154659 4 -1
1154663 1 -1
1154756 3 -1
1154791 0 -1
1154804 7 1
1154861 2 1
1154922 6 1
1154923 0 -1
1155034 1 -1
1155038 0 -1
1155050 4 1
1155140 0 -1
1155175 3 1
1155202 12 -1
1155224 10 1
1155232 1 1
1155266 0 -1
1155336 2 -1
1155385 3 -1
1155404 0 -1
1155411 1 -1
1155417 23 -1
1155425 4 -1
1155438 8 -1
1155449 7 1
1155492 5 1
1155546 2 -1
1155594 3 -1
1155632 11 -1
1155675 0 -1
1155788 3 1
1155793 2 -1
1155796 0 -1
1155800 1 -1
1155911 6 1
1155928 0 -1
1155987 3 -1
1156002 1 1
1156008 5 1
1156105 9 1
1156149 0 -1
1156167 4 -1
1156196 3 -1
1156219 1 1
1156250 2 -1
1156255 7 1
1156266 0 -1
1156309 6 -1
1156384 8 1
1156390 3 1
1156391 0 -1
1156460 5 -1
1156497 2 -1
1156530 10 -1
1156562 4 1
1156598 1 1
1156613 0 1
1156728 2 1
1156739 0 1
1156759 1 1
1156760 6 1
1156798 3 -1
1156855 0 1
1156879 14 1
1156922 12 1
1156943 1 -1
1156953 4 1
1157010 3 1
1157046 7 -1
1157086 0 -1
1157185 2 1
1157203 0 -1
1157223 3 1
1157266 9 -1
1157299 1 1
1157309 0 1
1157406 5 1
1157438 2 1
1157475 1 -1
1157532 0 1
1157610 17 -1
1157612 3 1
1157636 1 -1
1157638 0 -1
1157642 4 -1
1157664 2 -1
1157696 6 -1
1157755 7 1
1157762 0 -1
1157782 11 -1
1157825 3 1
1157852 5 -1
1157900 10 1
1157914 2 -1
1157986 0 1
1157997 1 1
1158005 4 1
1158018 3 -1
1158094 0 1
1158126 2 -1
1158169 6 -1
1158194 1 -1
1158198 0 -1
1158287 5 -1
1158298 8 -1
1158343 4 1
1158368 1 -1
1158373 2 -1
1158427 3 1
1158448 13 1
1158497 7 -1
1158497 0 -1
1158534 9 1
1158553 1 1
1158601 2 1
1158620 3 -1
1158620 0 -1
1158631 6 -1
1158726 1 1
1158742 4 1
1158754 0 -1
1158816 3 1
1158857 24 -1
1158865 0 1
1158912 1 -1
1159028 3 1
1159034 0 1
1159049 4 1
1159072 12 -1
1159077 2 1
1159105 1 1
1159166 7 1
1159179 5 -1
1159195 0 -1
1159222 3 -1
1159303 0 1
1159308 8 -1
1159311 2 -1
1159399 4 1
1159418 3 1
1159492 1 -1
1159539 2 1
1159545 0 1
1159588 6 -1
1159630 3 1
1159636 5 1
1159649 0 1
1159682 1 1
1159786 4 1
1159805 0 -1
1159839 1 1
1159932 16 -1
1159980 6 1
1160018 2 -1
1160055 3 -1
1160071 0 -1
1160146 5 1
1160178 1 -1
1160211 0 1
1160249 3 1
1160254 2 1
1160316 0 -1
1160340 8 -1
1160353 1 1
1160426 6 1
1160447 3 -1
1160468 4 -1
1160480 7 1
1160501 2 1
1160512 1 1
1160544 10 -1
1160574 0 -1
1160576 22 -1
1160587 5 -1
1160662 14 -1
1160703 0 -1
1160794 4 -1
1160810 0 1
1160850 3 1
1160867 6 -1
1160899 1 1
1160923 0 -1
1160963 2 1
1161017 9 -1
1161028 5 -1
1161028 0 1
1161049 3 -1
1161072 1 -1
1161133 7 -1
1161138 0 1
1161184 2 -1
1161213 4 -1
1161221 13 -1
1161250 1 -1
1161259 3 -1
1161264 15 1
1161264 18 1
1161278 0 -1
1161318 6 1
1161436 2 -1
1161439 1 1
1161517 0 -1
1161565 5 -1
1161627 0 1
1161636 1 -1
1161651 3 -1
1161662 2 1
1161780 0 -1
1161802 11 -1
1161802 7 -1
1161830 1 1
1161877 3 -1
1161877 6 -1
1161912 2 1
1161923 4 1
1162016 1 -1
1162017 5 1
1162028 10 1
1162073 3 1
1162079 0 -1
1162138 2 -1
1162205 0 -1
1162264 6 1
1162264 8 1
1162277 4 -1
1162285 3 1
1162339 9 -1
1162350 1 -1
1162353 0 1
1162374 2 1
1162479 3 -1
1162531 1 1
1162644 4 1
1162646 0 -1
1162675 3 1
1162709 1 -1
1162802 0 1
1162850 2 -1
1162887 3 1
1162917 0 1
1162973 5 -1
1163027 12 -1
1163076 2 1
1163089 0 1
1163090 1 -1
1163102 6 -1
1163172 7 1
1163221 8 -1
1163223 0 1
1163263 1 -1
1163269 4 1
1163277 3 1
1163307 2 -1
1163355 0 1
1163366 10 -1
1163425 5 1
1163430 1 -1
1163489 3 1
1163514 0 -1
1163554 6 1
1163608 4 1
1163629 11 1
1163640 9 -1
1163683 3 -1
1163743 0 -1
1163764 2 -1
1163789 1 1
1163847 0 1
1163908 5 -1
1163965 0 1
1163986 1 -1
1164011 2 -1
1164015 4 1
1164027 7 1
1164080 6 -1
1164091 3 1
1164124 8 1
1164172 1 1
1164188 20 1
1164188 13 -1
1164218 0 1
1164220 2 -1
1164285 3 -1
1164345 1 1
1164349 4 1
1164395 0 1
1164446 17 1
1164481 3 1
1164527 0 1
1164563 1 1
1164688 4 -1
1164693 2 1
1164736 7 -1
1164740 1 1
1164790 14 -1
1164868 0 1
1164898 5 1
1164908 3 -1
1164919 2 -1
1164934 1 -1
1164974 0 -1
1164983 6 1
1165063 4 1
1165118 3 -1
1165126 0 1
1165169 2 -1
1165220 12 1
1165297 1 1
1165311 3 1
1165338 5 -1
1165373 4 1
1165381 2 -1
1165411 0 -1
1165424 6 -1
1165490 1 -1
1165500 9 -1
1165567 0 1
1165628 2 -1
1165671 11 1
1165684 1 -1
1165720 3 -1
1165736 19 -1
1165744 0 1
1165811 5 1
1165860 2 1
1165913 3 1
1165951 6 -1
1166007 0 1
1166030 1 -1
1166050 4 -1
1166107 7 -1
1166112 3 -1
1166123 2 1
1166163 0 -1
1166166 8 1
1166224 1 -1
1166252 15 1
1166300 0 1
1166349 10 1
1166387 1 -1
1166424 21 -1
1166445 4 1
1166515 3 1
1166539 0 1
1166553 9 -1
1166580 2 1
1166666 0 1
1166736 1 1
1166746 3 1
1166757 5 -1
1166757 6 1
1166800 0 -1
1166814 2 -1
1166816 7 1
1166868 4 1
1166925 1 -1
1166940 3 -1
1167042 2 1
1167055 0 1
1167141 1 -1
1167195 0 -1
1167219 6 1
1167252 5 1
1167262 8 1
1167302 1 -1
1167311 0 -1
1167348 3 1
1167445 7 1
1167461 0 1
1167473 1 -1
1167520 2 -1
1167542 3 -1
1167588 0 1
1167638 4 1
1167655 1 1
1167660 6 -1
1167719 5 -1
1167735 11 1
1167738 3 1
1167746 0 1
1167757 2 1
1167768 10 -1
1167800 12 1
1167834 1 -1
1167875 0 1
1167886 9 -1
1167977 2 -1
1167993 4 -1
1168111 6 1
1168144 3 -1
1168176 5 1
1168189 0 1
1168215 1 -1
1168230 8 -1
1168340 3 1
1168351 0 -1
1168364 4 1
1168390 1 -1
1168455 2 1
1168466 0 -1
1168546 1 -1
1168552 3 1
1168660 6 -1
1168665 5 1
1168686 2 -1
1168719 7 1
1168720 0 -1
1168746 3 -1
1168848 0 -1
1168912 1 1
1168931 2 -1
1168942 3 1
1169025 0 -1
1169057 6 1
1169068 9 1
1169102 1 -1
1169122 5 -1
1169130 4 -1
1169154 3 1
1169299 1 1
1169305 8 -1
1169334 0 -1
1169348 3 -1
1169382 2 -1
1169444 10 -1
1169484 4 1
1169485 0 1
1169493 7 -1
1169541 6 1
1169562 11 -1
1169619 2 1
1169638 5 -1
1169670 13 -1
1169677 0 -1
1169678 1 1
1169780 3 1
1169783 0 1
1169847 2 -1
1169864 4 -1
1169874 1 -1
1169936 0 -1
1169992 3 1
1170065 1 1
1170089 0 1
1170186 3 -1
1170206 4 1
1170208 0 1
1170218 8 1
1170246 1 -1
1170267 7 -1
1170294 9 -1
1170320 2 1
1170436 1 1
1170444 6 -1
1170465 15 -1
1170516 0 1
1170519 5 1
1170545 4 1
1170552 2 -1
1170594 3 1
1170631 1 -1
1170643 0 1
1170788 3 -1
1170788 2 1
1170804 0 -1
1170817 1 1
1170863 6 -1
1170896 18 -1
1170936 4 1
1170984 3 1
1171081 0 1
1171089 5 -1
1171132 8 -1
1171166 1 -1
1171191 0 1
1171261 2 -1
1171274 4 -1
1171293 6 1
1171296 0 -1
1171331 1 -1
1171390 3 -1
1171476 16 1
1171487 2 1
1171508 7 -1
1171527 0 1
1171530 5 1
1171536 1 -1
1171583 9 -1
1171599 3 1
1171669 11 -1
1171699 0 -1
1171736 2 1
1171798 3 -1
1171809 0 1
1171911 1 -1
1171914 0 1
1171927 12 -1
1171968 4 1
1172008 3 -1
1172067 0 -1
1172072 1 -1
1172110 8 -1
1172199 2 1
1172202 0 -1
1172218 6 -1
1172239 3 -1
1172250 7 1
1172250 10 -1
1172266 1 1
1172312 0 1
1172367 4 1
1172427 2 -1
1172435 3 1
1172448 5 1
1172583 0 -1
1172604 13 -1
1172633 1 1
1172647 3 1
1172673 4 1
1172674 2 -1
1172680 0 1
1172680 9 1
1172766 6 1
1172784 0 -1
1172830 1 -1
1172846 7 1
1172900 5 -1
1172900 2 1
1172987 1 -1
1173037 3 1
1173045 14 -1
1173083 0 -1
1173131 2 -1
1173153 6 -1
1173185 1 1
1173233 0 1
1173249 3 1
1173354 4 -1
1173357 5 1
1173366 1 -1
1173368 2 1
1173386 0 -1
1173443 3 -1
1173560 1 1
1173588 2 -1
1173650 0 -1
1173669 10 1
1173690 11 -1
1173733 4 1
1173745 1 -1
1173782 0 -1
1173819 12 -1
1173851 3 1
1173929 0 1
1173970 8 -1
1174012 6 1
1174061 3 -1
1174066 2 1
1174104 4 -1
1174108 1 1
1174117 0 -1
1174225 0 1
1174254 3 1
1174289 1 1
1174298 2 -1
1174322 0 -1
1174356 5 -1
1174394 7 -1
1174464 6 -1
1174479 1 1
1174480 0 1
1174518 2 1
1174690 3 -1
1174789 0 1
1174801 4 1
1174846 1 -1
1174851 9 -1
1174878 5 -1
1174899 3 -1
1174921 0 1
1174937 6 -1
1174958 8 -1
1174994 2 -1
1175031 0 -1
1175031 1 1
1175055 7 -1
1175056 10 -1
1175093 3 1
1175120 4 1
1175204 1 1
1175206 2 -1
1175254 0 1
1175292 3 -1
1175329 5 1
1175345 13 1
1175364 0 1
1175399 6 -1
1175450 4 1
1175453 2 -1
1175482 0 1
1175501 3 -1
1175583 1 1
1175695 3 1
1175702 0 -1
1175743 5 1
1175765 4 1
1175777 1 -1
1175808 0 -1
1175840 12 -1
1175845 7 -1
1175851 6 1
1175894 3 -1
1175904 8 1
1175910 2 -1
1175931 0 -1
1175970 1 -1
1176031 0 1
1176098 9 -1
1176149 0 1
1176160 1 1
1176173 2 -1
1176176 4 1
1176194 5 -1
1176272 0 1
1176297 3 1
1176317 1 1
1176334 6 1
1176369 0 -1
1176415 2 1
1176470 1 1
1176506 4 1
1176506 10 1
1176528 3 1
1176598 0 -1
1176649 2 -1
1176656 1 -1
1176689 5 -1
1176708 0 1
1176721 3 -1
1176818 0 1
1176829 19 1
1176834 6 1
1176853 4 -1
1176877 2 1
1176958 9 1
1176990 1 1
1177045 0 -1
1177087 14 -1
1177098 5 -1
1177124 2 1
1177130 3 1
1177151 0 -1
1177186 1 -1
1177216 16 -1
1177232 7 1
1177267 0 1
1177323 3 -1
1177356 2 -1
1177377 1 1
1177484 0 -1
1177519 3 1
1177538 11 1
1177578 4 -1
1177603 17 -1
1177630 0 1
1177721 6 -1
1177728 1 -1
1177748 0 1
1177812 2 -1
1177818 8 -1
1177861 7 1
1177861 10 -1
1177885 0 1
1177917 1 1
1177925 3 -1
1177957 4 1
1177991 0 -1
1178022 5 -1
1178065 2 -1
1178089 0 1
1178115 1 -1
1178121 3 1
1178183 13 -1
1178224 0 1
1178226 6 -1
1178291 2 1
1178334 3 1
1178364 4 1
1178476 0 -1
1178494 1 -1
1178495 5 1
1178597 0 -1
1178635 7 1
1178645 6 -1
1178653 1 -1
1178723 3 1
1178766 0 1
1178766 2 -1
1178828 1 -1
1178850 8 -1
1178893 18 1
1178936 3 1
1178936 5 -1
1178946 9 -1
1178995 2 1
1179086 10 -1
1179105 0 1
1179129 3 -1
1179134 4 1
1179187 1 -1
1179228 2 -1
1179231 0 1
1179320 7 -1
1179329 0 -1
1179376 1 1
1179430 11 -1
1179489 4 -1
1179494 27 -1
1179516 6 1
1179554 3 1
1179568 1 -1
1179629 0 -1
1179683 2 -1
1179752 3 -1
1179774 8 1
1179790 0 1
1179822 5 -1
1179838 12 -1
1179852 4 1
1179908 1 -1
1179924 15 1
1179930 2 -1
1179941 7 -1
1179951 0 -1
1179962 3 -1
1180037 6 1
1180075 0 -1
1180094 1 1
1180156 2 1
1180212 0 -1
1180267 1 1
1180311 5 1
1180333 9 -1
1180354 3 -1
1180384 0 -1
1180387 2 -1
1180462 6 1
1180516 0 -1
1180537 10 1
1180557 4 1
1180564 3 -1
1180623 2 1
1180650 7 1
1180650 1 1
1180757 3 1
1180784 5 -1
1180823 1 1
1180833 0 -1
1180844 2 -1
1180876 4 1
1180943 0 1
1181005 1 -1
1181021 13 1
1181040 0 -1
1181096 2 -1
1181150 9 1
1181166 3 -1
1181190 4 1
1181214 14 -1
1181327 7 -1
1181333 0 1
1181354 6 1
1181378 3 1
1181396 1 -1
1181408 11 -1
1181443 0 -1
1181545 4 -1
1181558 2 -1
1181589 1 -1
1181590 3 1
1181607 0 -1
1181730 20 -1
1181730 8 -1
1181779 5 -1
1181779 1 1
1181779 2 1
1181784 3 -1
1181828 0 -1
1181838 6 1
1181940 1 1
1181945 0 -1
1181948 4 -1
1181988 12 1
1182020 3 -1
1182031 2 1
1182070 0 -1
1182105 1 1
1182182 5 -1
1182217 3 1
1182286 1 1
1182292 0 1
1182321 6 1
1182335 4 1
1182418 0 1
1182429 3 1
1182472 1 -1
1182507 2 -1
1182544 0 1
1182633 5 1
1182687 8 -1
1182719 2 -1
1182738 4 -1
1182762 22 1
1182818 3 1
1182824 0 1
1182847 1 -1
1182891 7 -1
1182966 2 -1
1183009 0 1
1183031 3 1
1183048 1 1
1183138 6 -1
1183187 0 1
1183224 1 -1
1183224 3 -1
1183343 16 -1
1183364 9 -1
1183375 10 1
1183408 0 -1
1183423 2 -1
1183472 4 -1
1183515 0 1
1183541 5 1
1183568 7 1
1183588 1 1
1183590 6 1
1183638 3 1
1183644 8 1
1183649 0 -1
1183665 13 -1
1183670 2 -1
1183764 1 -1
1183786 4 -1
1183842 3 -1
1183877 0 1
1183880 15 -1
1183902 2 1
1183931 1 -1
1183950 5 1
1183996 0 1
1184009 12 1
1184036 3 1
1184074 6 1
1184111 0 1
1184138 2 -1
1184149 4 1
1184229 0 1
1184294 7 -1
1184298 1 1
1184358 2 1
1184364 9 -1
1184404 0 -1
1184460 5 1
1184481 1 -1
1184482 3 1
1184516 0 -1
1184606 2 1
1184614 0 1
1184654 8 1
1184661 1 -1
1184675 3 -1
1184697 17 1
1184834 0 -1
1184848 2 -1
1184854 1 1
1184872 3 1
1184898 4 1
1184907 10 1
1184950 0 -1
1185036 1 1
1185041 6 1
1185084 3 1
1185100 0 1
1185209 1 -1
1185249 4 -1
1185277 3 -1
1185299 11 1
1185320 2 -1
1185342 14 -1
1185342 23 1
1185385 5 1
1185402 0 -1
1185402 1 1
1185460 6 -1
1185474 3 1
1185546 2 1
1185549 0 1
1185608 4 1
1185632 7 1
1185654 8 1
1185667 0 1
1185686 3 1
1185729 9 -1
1185777 2 -1
1185789 1 1
1185858 5 -1
1185944 6 -1
1185983 1 -1
1185984 0 1
1186051 13 -1
1186075 3 1
1186102 0 1
1186156 1 -1
1186199 0 -1
1186250 2 1
1186288 3 -1
1186297 4 -1
1186309 10 -1
1186336 5 1
1186352 0 1
1186358 7 -1
1186465 0 1
1186497 3 -1
1186506 2 1
1186543 1 -1
1186581 0 1
1186610 8 -1
1186668 4 1
1186704 0 1
1186731 2 -1
1186755 1 -1
1186814 6 1
1186890 3 -1
1186929 0 -1
1186934 1 1
1187027 4 -1
1187052 0 -1
1187099 3 -1
1187116 7 1
1187150 0 1
1187196 2 -1
1187255 6 1
1187285 1 -1
1187293 3 1
1187298 5 -1
1187394 4 1
1187406 11 1
1187441 0 -1
1187443 2 -1
1187458 1 -1
1187513 8 1
1187548 0 1
1187656 1 1
1187669 2 1
1187672 0 1
1187696 6 -1
1187701 3 -1
1187736 4 1
1187750 5 1
1187829 1 -1
1187895 3 1
1187900 2 -1
1187965 12 1
1187975 0 1
1188014 1 1
1188094 3 -1
1188099 4 -1
1188112 0 1
1188137 2 1
1188158 9 -1
1188196 1 1
1188222 5 -1
1188247 0 1
1188303 3 -1
1188357 2 -1
1188378 0 1
1188381 1 1
1188470 4 1
1188470 7 -1
1188497 3 1
1188524 15 1
1188537 0 -1
1188610 2 -1
1188631 6 1
1188677 0 -1
1188696 3 -1
1188748 1 -1
1188833 0 1
1188905 3 -1
1188938 1 1
1189002 10 -1
1189085 2 1
1189109 6 1
1189119 1 -1
1189152 0 -1
1189155 4 -1
1189179 9 -1
1189217 5 1
1189228 7 1
1189268 0 1
1189311 2 -1
1189335 3 1
1189426 11 1
1189448 0 1
1189470 14 -1
1189504 1 -1
1189518 4 1
1189534 3 -1
1189534 6 1
1189547 2 1
1189556 8 1
1189665 1 -1
1189668 5 -1
1189741 0 -1
1189744 3 -1
1189760 7 -1
1189840 1 -1
1189889 4 -1
1189913 0 -1
1189932 6 -1
1189975 2 -1
1190045 0 -1
1190136 3 -1
1190157 12 -1
1190168 5 -1
1190222 2 -1
1190223 1 -1
1190244 10 -1
1190346 3 -1
1190362 0 -1
1190372 17 1
1190383 6 1
1190394 9 1
1190409 1 1
1190450 2 1
1190472 0 1
1190539 3 1
1190550 7 -1
1190569 0 -1
1190578 1 1
1190587 8 1
1190606 4 -1
1190630 5 1
1190724 0 1
1190761 1 -1
1190883 0 -1
1190917 1 -1
1190920 4 -1
1190921 6 -1
1190926 2 -1
1190958 3 -1
1190993 0 1
1191071 5 -1
1191132 1 -1
1191133 0 1
1191157 2 1
1191160 3 1
1191211 7 -1
1191243 4 -1
1191329 6 1
1191336 1 1
1191372 3 1
1191394 2 -1
1191463 0 -1
1191522 5 1
1191574 0 1
1191614 2 1
1191641 8 1
1191674 1 -1
1191705 0 1
1191727 13 1
1191797 3 -1
1191807 10 -1
1191864 1 1
1191869 2 1
1191963 18 -1
1191977 4 -1
1191990 3 1
1191998 0 1
1192006 5 -1
1192017 7 -1
1192049 1 -1
1192108 2 -1
1192143 0 1
1192189 3 -1
1192253 6 -1
1192307 12 1
1192315 4 -1
1192342 0 -1
1192350 2 1
1192416 1 1
1192572 0 -1
1192592 3 1
1192598 1 -1
1192646 4 -1
1192718 0 -1
1192769 6 -1
1192791 3 -1
1192791 1 1
1192823 2 -1
1192839 7 -1
1192866 0 1
1192984 5 1
1193000 3 -1
1193009 0 1
1193049 2 1
1193146 1 -1
1193167 0 1
1193167 9 1
1193210 6 -1
1193280 2 -1
1193291 0 1
1193331 1 1
1193393 3 -1
1193396 4 1
1193396 0 -1
1193436 5 -1
1193508 1 -1
1193511 15 1
1193532 11 1
1193597 14 -1
1193608 8 -1
1193618 3 -1
1193637 0 -1
1193698 1 1
1193750 4 -1
1193753 2 1
1193756 0 -1
1193815 3 1
1193860 0 1
1193866 5 1
1193879 1 1
1193987 2 -1
1194048 6 1
1194059 1 -1
1194071 0 -1
1194129 4 1
1194190 0 -1
1194215 2 1
1194244 1 1
1194264 3 1
1194264 9 1
1194274 10 -1
1194306 7 -1
1194313 0 -1
1194328 12 1
1194457 3 -1
1194489 6 -1
1194522 8 1
1194538 0 1
1194609 1 -1
1194642 0 1
1194653 3 1
1194694 2 -1
1194766 0 1
1194790 5 1
1194790 13 1
1194810 1 1
1194863 0 -1
1194865 3 1
1194903 4 -1
1194925 2 1
1194941 6 1
1194951 16 1
1194990 0 -1
1195004 1 -1
1195016 17 -1
1195048 7 1
1195059 3 -1
1195114 0 -1
1195145 2 -1
1195199 5 1
1195220 0 -1
1195255 3 1
1195274 4 1
1195360 9 -1
1195373 1 -1
1195381 2 1
1195443 0 1
1195446 11 -1
1195467 3 1
1195489 8 -1
1195540 0 -1
1195564 1 -1
1195602 2 -1
1195650 5 -1
1195653 4 -1
1195664 0 -1
1195742 10 -1
1195750 1 1
1195790 7 -1
1195854 2 -1
1195870 3 1
1195886 6 1
1195900 0 -1
1196021 0 -1
1196069 3 -1
1196080 2 1
1196114 1 1
1196139 0 1
1196279 3 -1
1196306 1 -1
1196338 4 1
1196368 0 1
1196370 6 1
1196477 1 -1
1196494 0 1
1196556 2 -1
1196564 12 -1
1196592 0 -1
1196607 5 1
1196652 4 1
1196669 1 1
1196671 3 -1
1196693 20 1
1196698 0 -1
1196792 2 1
1196822 0 -1
1196854 1 -1
1196881 3 -1
1196892 6 1
1196926 0 1
1196983 10 -1
1197007 4 1
1197021 2 -1
1197035 1 1
1197045 0 1
1197069 5 -1
1197074 3 1
1197123 15 1
1197193 7 -1
1197197 1 1
1197252 11 1
1197252 9 -1
1197265 0 -1
1197316 6 1
1197364 0 1
1197402 8 1
1197467 13 -1
1197477 2 -1
1197483 3 -1
1197499 0 -1
1197563 5 1
1197592 1 -1
1197676 3 1
1197703 6 -1
1197719 0 1
1197724 14 -1
1197725 2 -1
1197777 1 1
1197789 4 1
1197846 0 1
1197854 7 -1
1197875 3 -1
1197942 0 -1
1197942 1 1
1197953 2 1
1198026 5 -1
1198085 3 -1
1198122 6 1
1198155 9 1
1198155 18 1
1198165 0 1
1198200 4 1
1198278 3 1
1198284 12 1
1198286 0 1
1198309 1 1
1198396 0 1
1198429 2 -1
1198477 3 -1
1198494 1 -1
1198509 8 -1
1198525 5 -1
1198571 4 -1
1198579 7 1
1198606 6 1
1198646 0 1
1198660 2 1
1198684 1 1
1198686 3 -1
1198743 0 -1
1198867 0 -1
1198896 2 -1
1198942 4 -1
1198993 5 1
1199035 1 -1
1199103 0 -1
1199114 3 1
1199208 11 1
1199224 0 -1
1199228 1 1
1199230 9 -1
1199272 25 1
1199305 4 -1
1199321 0 1
1199326 3 1
1199369 2 1
1199373 1 -1
1199412 8 1
1199434 5 -1
1199520 3 -1
1199544 0 -1
1199552 6 1
1199571 1 1
1199595 2 -1
1199667 4 1
1199668 0 -1
1199752 1 -1
1199783 0 -1
1199788 19 -1
1199788 21 1
1199845 2 -1
1199853 10 -1
1199925 7 -1
1199928 3 1
1199942 1 1
1199992 6 -1
1199998 0 1
1200002 4 -1
1200046 16 1
1200103 0 -1
1200122 3 -1
1200127 1 1
1200175 17 -1
1200220 0 -1
1200304 2 -1
1200318 3 1
1200345 0 -1
1200422 5 1
1200433 12 -1
1200444 6 1
1200463 0 -1
1200482 1 -1
1200533 2 1
1200568 0 1
1200594 7 -1
1200671 1 1
1200672 0 1
1200729 3 -1
1200748 4 -1
1200761 2 -1
1200856 1 -1
1200897 0 -1
1200906 5 -1
1200933 3 1
1201020 0 -1
1201082 4 1
1201121 9 1
1201127 0 1
1201132 3 -1
1201164 11 -1
1201223 10 1
1201233 1 -1
1201240 7 -1
1201240 2 1
1201342 3 -1
1201358 8 -1
1201363 5 1
1201368 0 1
1201390 6 1
1201421 1 -1
1201453 4 -1
1201476 2 -1
1201489 0 1
1201535 3 1
1201600 0 1
1201630 1 -1
1201696 2 1
1201734 3 -1
1201850 0 1
1201874 6 1
1201933 7 1
1201944 3 -1
1201946 0 -1
1201991 1 -1
1202003 9 1
1202046 0 1
1202094 4 -1
1202110 15 1
1202144 1 -1
1202169 0 1
1202175 2 -1
1202279 0 1
1202293 8 1
1202308 1 -1
1202325 5 -1
1202336 3 -1
1202379 6 1
1202400 4 -1
1202400 0 1
1202432 2 -1
1202524 0 1
1202545 3 -1
1202562 10 -1
1202626 7 -1
1202646 1 1
1202680 2 1
1202723 4 -1
1202728 0 -1
1202739 3 1
1202776 5 1
1202846 0 1
1202864 1 1
1202906 2 -1
1202957 0 1
1202981 9 1
1203045 13 -1
1203049 1 -1
1203131 2 1
1203147 3 -1
1203185 11 -1
1203196 6 -1
1203201 0 1
1203260 5 -1
1203299 0 -1
1203314 8 1
1203341 3 1
1203352 7 1
1203362 2 -1
1203405 0 -1
1203416 1 1
1203505 4 1
1203540 3 -1
1203606 1 -1
1203607 2 -1
1203626 6 1
1203634 0 1
1203752 0 1
1203803 1 1
1203876 4 -1
1203876 0 1
1203894 9 1
1203982 0 -1
1203986 3 -1
1204061 7 -1
1204069 2 -1
1204100 0 -1
1204109 6 1
1204178 1 1
1204179 3 1
1204184 5 -1
1204224 0 -1
1204254 4 1
1204298 2 1
1204330 0 1
1204359 1 -1
1204378 3 -1
1204545 2 1
1204549 1 1
1204550 6 -1
1204572 0 1
1204588 3 -1
1204601 4 -1
1204676 0 1
1204679 5 -1
1204773 0 -1
1204781 3 1
1204920 1 1
1204926 9 1
1204956 4 1
1204980 3 -1
1205012 2 1
1205024 0 -1
1205077 16 -1
1205098 6 1
1205103 1 -1
1205120 12 1
1205133 0 -1
1205141 5 1
1205163 11 -1
1205190 3 -1
1205230 2 -1
1205249 0 1
1205249 8 -1
1205292 18 -1
1205294 1 1
1205302 10 -1
1205327 4 -1
1205460 0 -1
1205464 2 1
1205480 1 -1
1205485 6 -1
1205560 7 -1
1205587 0 -1
1205603 5 -1
1205614 3 1
1205653 1 -1
1205710 4 1
1205732 0 -1
1205808 3 -1
1205851 14 -1
1205851 17 1
1205862 9 1
1205869 1 -1
1205870 0 -1
1205878 6 1
1205937 2 -1
1205974 0 1
1206004 3 1
1206044 13 -1
1206046 1 -1
1206079 0 1
1206108 5 -1
1206162 2 1
1206176 0 -1
1206259 8 -1
1206302 7 1
1206387 1 1
1206410 3 -1
1206412 2 1
1206418 0 1
1206439 4 1
1206557 0 1
1206560 5 1
1206568 1 1
1206606 3 1
1206638 2 -1
1206743 0 1
1206758 1 -1
1206796 6 -1
1206818 3 1
1206818 4 -1
1206850 10 -1
1206874 2 1
1206882 15 1
1206883 9 1
1206979 7 1
1207067 0 -1
1207081 5 1
1207103 2 -1
1207124 1 1
1207140 4 -1
1207162 8 1
1207192 0 -1
1207205 12 1
1207208 3 1
1207269 6 -1
1207306 1 -1
1207346 0 1
1207350 2 -1
1207420 3 1
1207471 1 -1
1207613 3 -1
1207656 20 1
1207662 0 1
1207700 24 -1
1207732 6 -1
1207767 0 1
1207785 4 -1
1207807 2 -1
1207810 3 1
1207878 1 1
1207920 0 -1
1208022 3 1
1208035 2 1
1208038 0 1
1208052 1 1
1208065 5 -1
1208076 10 -1
1208140 4 1
1208197 0 -1
1208215 3 -1
1208221 1 -1
1208264 2 -1
1208342 7 1
1208362 0 -1
1208394 1 -1
1208412 3 1
1208486 0 -1
1208516 5 1
1208531 4 1
1208580 1 1
1208667 6 1
1208667 9 1
1208702 0 1
1208742 2 1
1208753 13 1
1208761 1 1
1208834 0 1
1208839 3 -1
1208950 1 -1
1208952 5 -1
1208979 2 -1
1208987 0 -1
1209048 3 -1
1209075 12 1
1209118 11 1
1209167 6 1
1209180 7 1
1209199 2 1
1209210 0 1
1209215 8 1
1209224 4 -1
1209242 3 1
1209314 0 1
1209333 22 -1
1209333 1 -1
1209433 0 1
1209511 1 1
1209551 4 -1
1209591 6 1
1209650 3 -1
1209658 0 -1
1209677 2 -1
1209696 1 -1
1209775 0 -1
1209817 7 1
1209844 3 1
1209892 5 -1
1209892 9 -1
1209899 0 -1
1209927 2 -1
1209938 4 1
1209978 14 -1
1210002 0 1
1210043 3 -1
1210071 1 -1
1210118 0 1
1210118 8 -1
1210140 2 -1
1210242 0 1
1210252 1 -1
1210333 4 -1
1210357 0 1
1210376 5 1
1210387 2 -1
1210419 6 1
1210442 1 1
1210456 3 1
1210572 0 -1
1210623 2 1
1210663 4 -1
1210677 3 1
1210689 0 -1
1210795 0 -1
1210825 1 1
1210849 5 -1
1210870 3 -1
1210870 2 -1
1210902 6 1
1211010 1 1
1211026 4 1
1211032 0 1
1211066 3 1
1211074 11 1
1211075 8 1
1211091 2 1
1211136 0 1
1211139 10 1
1211196 1 -1
1211225 9 -1
1211242 0 -1
1211268 16 -1
1211303 3 1
1211333 7 -1
1211343 6 -1
1211381 4 -1
1211385 1 -1
1211470 0 -1
1211515 3 1
1211553 2 1
1211554 1 -1
1211590 0 -1
1211703 0 1
1211709 3 -1
1211741 18 -1
1211752 1 1
1211789 5 1
1211800 2 1
1211814 0 1
1211848 6 -1
1211913 19 -1
1211914 0 -1
1211941 1 1
1212028 0 -1
1212031 2 -1
1212050 4 1
1212117 3 1
1212128 0 1
1212155 7 -1
1212171 17 1
1212241 5 -1
1212289 6 -1
1212308 1 1
1212311 3 -1
1212364 4 1
1212381 0 -1
1212479 1 -1
1212480 0 1
1212488 2 -1
1212507 3 1
1212526 10 -1
1212598 0 1
1212683 1 -1
1212714 5 1
1212741 6 1
1212741 2 -1
1212743 4 1
1212816 7 -1
1212824 0 -1
1212929 3 -1
1212941 0 -1
1212977 2 1
1212988 8 -1
1213046 1 1
1213064 0 -1
1213117 5 1
1213122 3 1
1213138 11 1
1213231 1 -1
1213267 6 -1
1213275 0 1
1213289 12 -1
1213321 3 -1
1213394 0 1
1213416 1 1
1213439 9 -1
1213450 2 -1
1213461 4 1
1213517 0 1
1213552 5 -1
1213676 2 1
1213736 0 -1
1213762 3 -1
1213771 1 -1
1213820 4 -1
1213842 0 1
1213926 2 1
1213947 0 1
1213957 1 1
1213958 3 1
1214009 10 1
1214020 8 -1
1214068 5 -1
1214084 6 1
1214106 14 -1
1214152 2 -1
1214158 1 1
1214162 4 1
1214170 3 1
1214184 0 1
1214251 7 -1
1214280 0 -1
1214342 9 1
1214364 3 -1
1214364 13 1
1214388 2 1
1214404 0 -1
1214513 1 -1
1214525 6 -1
1214546 5 1
1214560 3 1
1214616 0 1
1214616 2 -1
1214688 1 1
1214735 0 1
1214772 3 1
1214858 0 1
1214864 2 -1
1214874 1 -1
1214900 4 1
1214928 7 -1
1214966 3 -1
1214976 6 1
1215030 8 -1
1215076 0 -1
1215200 0 -1
1215258 4 1
1215263 1 -1
1215299 0 1
1215320 2 -1
1215388 3 1
1215396 9 1
1215406 5 -1
1215428 0 -1
1215438 12 1
1215456 1 1
1215549 2 1
1215552 0 -1
1215584 3 -1
1215642 1 -1
1215651 0 1
1215658 4 1
1215766 2 -1
1215769 0 1
1215777 3 1
1215782 15 1
1215799 7 -1
1215858 5 1
1215912 8 -1
1215944 6 1
1215984 0 -1
1215992 4 -1
1216018 1 -1
1216089 0 1
1216186 3 -1
1216186 1 -1
1216218 0 -1
1216234 2 -1
1216331 5 -1
1216342 6 -1
1216355 4 1
1216379 3 1
1216381 1 -1
1216438 0 1
1216454 2 1
1216543 0 -1
1216578 3 -1
1216642 0 1
1216707 2 1
1216718 4 1
1216750 10 1
1216761 6 -1
1216768 1 -1
1216884 0 1
1216923 1 -1
1216965 8 -1
1216981 3 1
1217000 0 1
1217008 13 -1
1217072 11 -1
1217109 1 1
1217110 0 1
1217113 4 1
1217137 16 1
1217153 7 -1
1217180 3 -1
1217183 2 -1
1217215 0 -1
1217274 1 1
1217287 5 1
1217332 0 -1
1217374 9 -1
1217390 3 -1
1217395 2 -1
1217438 0 -1
1217476 1 -1
1217524 12 1
1217551 0 1
1217642 2 -1
1217661 1 1
1217674 21 -1
1217728 5 -1
1217760 6 -1
1217779 0 1
1217782 3 -1
1217832 1 1
1217850 4 1
1217879 7 1
1217884 2 1
1217889 8 1
1217900 0 1
1217943 10 1
1217991 3 -1
1218018 18 1
1218024 0 1
1218147 2 1
1218157 4 1
1218158 6 1
1218185 3 1
1218201 5 1
1218205 1 -1
1218212 9 1
1218241 0 -1
1218365 0 -1
1218376 2 -1
1218398 1 -1
1218464 0 1
1218487 4 1
1218568 1 -1
1218604 7 -1
1218604 2 1
1218620 3 -1
1218642 6 1
1218696 0 1
1218800 0 -1
1218830 3 -1
1218889 8 1
1218917 0 -1
1218961 1 1
1219023 3 1
1219037 0 -1
1219066 2 1
1219082 6 -1
1219093 11 -1
1219122 1 1
1219125 5 1
1219152 0 -1
1219179 9 1
1219249 4 1
1219249 0 1
1219265 10 1
1219314 2 1
1219316 1 -1
1219365 0 1
1219432 3 -1
1219545 2 -1
1219566 6 -1
1219584 0 -1
1219620 4 -1
1219620 5 1
1219625 3 1
1219707 0 -1
1219713 1 -1
1219820 0 -1
1219824 3 -1
1219914 1 -1
1219934 4 -1
1219958 7 -1
1219996 15 -1
1220002 2 -1
1220036 0 1
1220039 13 -1
1220050 6 -1
1220092 1 -1
1220136 5 1
1220160 0 1
1220190 9 1
1220246 3 1
1220254 2 -1
1220257 0 -1
1220281 1 1
1220458 3 1
1220480 6 1
1220480 2 1
1220499 1 1
1220503 0 -1
1220582 5 -1
1220587 7 -1
1220609 0 -1
1220652 3 -1
1220684 1 -1
1220700 10 1
1220722 0 1
1220724 4 1
1220748 8 1
1220841 1 -1
1220848 3 1
1220931 2 1
1220950 0 1
1220985 11 1
1221033 5 1
1221071 0 1
1221076 3 1
1221087 4 -1
1221176 0 -1
1221181 2 1
1221220 1 -1
1221264 9 -1
1221275 3 -1
1221329 7 1
1221399 0 -1
1221407 2 -1
1221415 12 1
1221418 1 1
1221442 5 1
1221442 6 1
1221450 4 1
1221458 20 -1
1221485 3 -1
1221512 0 1
1221579 1 1
1221622 0 1
1221643 2 1
1221759 8 1
1221768 4 1
1221813 10 -1
1221846 0 -1
1221866 6 1
1221872 2 -1
1221877 3 -1
1221952 5 1
1221952 0 -1
1221958 1 1
1222071 0 -1
1222087 3 -1
1222111 4 1
1222119 1 1
1222119 2 -1
1222264 6 -1
1222280 3 1
1222294 0 1
1222300 1 -1
1222345 2 1
1222361 14 -1
1222412 0 1
1222433 4 1
1222518 0 -1
1222554 9 1
1222627 0 -1
1222669 1 1
1222683 13 1
1222705 3 -1
1222732 0 1
1222769 8 1
1222796 7 1
1222812 2 1
1222820 4 1
1222853 1 -1
1222861 0 -1
1222877 17 -1
1222901 3 1
1222930 5 1
1222971 0 1
1223024 1 -1
1223033 2 -1
1223113 3 1
1223135 16 -1
1223135 10 1
1223202 0 1
1223217 1 1
1223253 6 -1
1223280 2 -1
1223326 0 1
1223393 1 1
1223422 0 -1
1223425 5 1
1223543 3 -1
1223554 4 1
1223554 7 -1
1223572 1 -1
1223608 12 -1
1223661 6 1
1223668 0 -1
1223672 9 -1
1223739 3 1
1223747 2 -1
1223756 1 -1
1223774 0 -1
1223871 5 -1
1223879 0 1
1223929 4 -1
1223952 3 1
1223968 2 1
1224094 0 -1
1224145 3 -1
1224145 6 1
1224154 1 1
1224210 18 -1
1224218 0 -1
1224220 2 1
1224263 7 1
1224296 19 1
1224304 4 1
1224340 0 -1
1224341 3 1
1224344 1 1
1224449 0 -1
1224468 15 1
1224529 1 -1
1224551 0 1
1224554 3 1
1224586 10 -1
1224666 0 1
1224696 2 -1
1224726 8 -1
1224747 3 -1
1224764 0 -1
1224774 5 -1
1224888 1 1
1224908 2 -1
1225005 4 -1
1225008 0 -1
1225053 7 1
1225069 11 1
1225074 1 -1
1225102 6 -1
1225107 0 1
1225155 3 -1
1225156 2 -1
1225220 0 1
1225236 5 1
1225259 1 1
1225319 4 -1
1225365 3 -1
1225384 2 1
1225443 0 -1
1225499 12 -1
1225521 9 -1
1225542 6 -1
1225558 3 1
1225560 0 -1
1225612 2 -1
1225614 1 -1
1225628 8 1
1225670 4 1
1225677 5 -1
1225680 0 -1
1225722 7 -1
1225747 13 1
1225799 1 1
1225857 2 -1
1225902 0 1
1225935 6 1
1225967 3 -1
1225980 1 1
1226032 0 -1
1226104 2 1
1226142 0 1
1226160 3 1
1226252 0 1
1226331 1 1
1226335 7 -1
1226351 4 -1
1226359 3 -1
1226373 0 1
1226381 6 1
1226413 9 -1
1226479 0 -1
1226488 14 -1
1226549 1 1
1226569 2 1
1226585 0 -1
1226623 5 -1
1226628 8 1
1226706 1 1
1226734 4 1
1226762 3 1
1226800 2 -1
1226808 0 1
1226822 6 -1
1226918 11 -1
1226918 0 1
1226961 3 -1
1227036 7 1
1227037 2 1
1227042 0 1
1227057 1 -1
1227074 5 1
1227105 4 -1
1227171 3 -1
1227242 1 1
1227246 0 1
1227273 6 1
1227364 3 1
1227399 0 -1
1227424 10 -1
1227428 1 -1
1227432 4 -1
1227499 5 1
1227510 2 -1
1227515 0 1
1227520 12 -1
1227563 3 -1
1227714 9 -1
1227735 2 1
1227773 3 -1
1227794 4 1
1227810 1 -1
1227832 6 -1
1227837 0 -1
1227918 5 -1
1227966 3 1
1227966 2 -1
1227988 1 -1
1228004 0 1
1228114 0 -1
1228149 4 -1
1228173 1 1
1228359 0 -1
1228386 5 1
1228412 3 1
1228423 13 -1
1228445 2 1
1228512 4 1
1228517 0 -1
1228560 7 -1
1228564 1 1
1228574 8 -1
1228606 3 -1
1228665 0 1
1228695 2 1
1228702 6 1
1228762 10 1
1228766 1 1
1228802 3 1
1228918 5 1
1228920 2 -1
1228935 1 1
1228939 17 -1
1228956 0 1
1228982 11 -1
1229068 16 -1
1229071 0 -1
1229133 1 -1
1229208 3 -1
1229224 6 1
1229245 4 1
1229267 0 1
1229318 1 1
1229326 7 1
1229358 5 -1
1229385 2 -1
1229404 3 1
1229491 1 1
1229506 0 -1
1229560 4 1
1229595 8 -1
1229616 3 1
1229632 2 -1
1229648 6 1
1229651 0 1
1229673 1 -1
1229713 12 1
1229713 21 1
1229818 0 1
1229858 2 1
1229864 9 1
1229890 4 1
1229971 7 1
1230019 3 1
1230052 10 1
1230064 1 -1
1230084 0 -1
1230218 3 -1
1230257 1 -1
1230277 0 -1
1230283 5 -1
1230326 2 1
1230382 0 1
1230428 3 -1
1230447 1 1
1230455 6 1
1230530 8 1
1230541 0 -1
1230543 4 -1
1230546 2 -1
1230616 14 -1
1230621 3 1
1230688 0 1
1230734 5 1
1230769 1 1
1230799 2 -1
1230842 0 -1
1230858 3 1
1230930 4 1
1230938 6 1
1230958 1 -1
1230960 9 -1
1230981 0 -1
1231003 11 -1
1231003 18 -1
1231056 3 -1
1231174 1 -1
1231196 5 -1
1231250 2 -1
1231266 3 -1
1231274 0 1
1231293 4 -1
1231293 13 1
1231379 6 -1
1231390 7 1
1231411 0 1
1231454 8 -1
1231476 2 1
1231513 1 1
1231519 12 -1
1231522 0 -1
1231658 3 -1
1231702 2 -1
1231706 1 -1
1231777 22 1
1231777 23 -1
1231804 0 -1
1231868 3 -1
1231870 1 -1
1231943 0 -1
1231960 9 -1
1232019 7 1
1232027 4 -1
1232055 1 1
1232062 3 1
1232083 5 -1
1232091 0 1
1232164 2 -1
1232273 1 1
1232325 6 -1
1232352 0 1
1232389 4 1
1232411 2 -1
1232430 1 1
1232443 8 -1
1232486 3 -1
1232510 0 -1
1232534 5 1
1232619 1 -1
1232639 2 1
1232650 0 -1
1232682 3 1
1232696 4 1
1232712 6 1
1232768 0 -1
1232776 10 -1
1232784 7 1
1232852 11 1
1232868 2 -1
1232895 3 1
1232914 0 -1
1232962 1 1
1233010 4 1
1233024 5 -1
1233104 0 -1
1233115 2 -1
1233131 1 1
1233153 31 -1
1233174 6 1
1233241 0 1
1233310 1 -1
1233319 3 -1
1233341 4 1
1233341 2 1
1233410 15 -1
1233497 8 -1
1233513 3 1
1233569 0 -1
1233596 2 1
1233615 6 -1
1233668 12 1
1233679 1 1
1233693 0 -1
1233712 3 -1
1233736 4 1
1233846 0 1
1233871 1 -1
1233921 3 -1
1233926 5 -1
1234054 1 -1
1234058 4 1
1234072 2 1
1234115 3 1
1234117 0 -1
1234142 6 1
1234171 7 -1
1234270 0 1
1234292 10 -1
1234303 2 -1
1234314 3 -1
1234335 9 1
1234410 8 1
1234425 1 -1
1234426 0 -1
1234432 5 1
1234523 3 -1
1234528 28 1
1234539 2 1
1234561 6 -1
1234606 1 1
1234703 0 -1
1234800 4 1
1234804 1 -1
1234824 7 -1
1234874 0 -1
1234883 5 -1
1234948 3 1
1234980 0 -1
1234997 1 -1
1235012 6 1
1235012 2 -1
1235066 11 -1
1235128 0 -1
1235141 3 -1
1235150 4 -1
1235161 1 -1
1235238 2 1
1235265 0 -1
1235318 1 -1
1235337 3 1
1235383 0 -1
1235388 5 -1
1235469 2 -1
1235477 4 -1
1235497 1 1
1235517 0 -1
1235526 7 1
1235679 10 1
1235723 0 -1
1235732 9 1
1235743 3 -1
1235850 5 1
1235852 1 -1
1235856 0 -1
1235904 29 -1
1235939 3 1
1235942 2 1
1235966 0 1
1236001 6 1
1236037 1 1
1236152 3 1
1236173 2 -1
1236215 4 -1
1236255 1 1
1236259 0 -1
1236275 7 -1
1236291 17 1
1236340 5 1
1236345 8 -1
1236399 6 -1
1236402 2 1
1236412 0 1
1236541 3 1
1236560 0 1
1236573 4 1
1236618 1 -1
1236630 2 -1
1236754 3 1
1236767 0 -1
1236807 9 -1
1236811 1 1
1236812 5 -1
1236818 6 -1
1236877 2 -1
1236928 0 1
1236936 11 1
1236947 3 -1
1236985 7 1
1237001 13 -1
1237001 1 -1
1237009 4 1
1237077 0 -1
1237103 2 1
1237143 3 1
1237234 0 1
1237334 2 -1
1237334 8 -1
1237351 1 1
1237355 3 1
1237409 0 1
1237507 0 -1
1237537 1 -1
1237538 9 -1
1237549 3 -1
1237614 7 1
1237616 0 -1
1237714 4 1
1237726 1 1
1237732 6 1
1237745 3 1
1237791 2 -1
1237807 5 1
1237920 0 1
1237932 1 -1
1238043 2 -1
1238054 15 1
1238057 0 1
1238085 1 -1
1238105 4 1
1238163 0 -1
1238172 6 -1
1238183 12 1
1238194 3 1
1238253 5 -1
1238269 2 1
1238270 1 1
1238291 8 1
1238307 7 -1
1238312 9 1
1238387 3 -1
1238422 0 -1
1238436 4 1
1238438 1 1
1238557 0 -1
1238583 3 1
1238686 0 -1
1238720 5 1
1238721 6 1
1238758 2 -1
1238819 1 1
1238823 10 -1
1238914 14 -1
1238928 0 1
1238981 2 1
1238984 1 1
1239059 0 -1
1239097 3 1
1239137 4 -1
1239156 0 1
1239179 1 -1
1239215 2 -1
1239280 0 1
1239301 9 -1
1239317 3 -1
1239387 16 1
1239403 0 1
1239501 0 -1
1239516 4 1
1239532 1 1
1239543 3 1
1239570 6 1
1239626 0 -1
1239634 5 1
1239677 2 -1
1239728 1 -1
1239742 7 1
1239836 0 1
1239903 13 1
1239907 4 1
1239916 2 -1
1239919 1 1
1239954 0 1
1240005 3 -1
1240064 10 -1
1240080 0 1
1240107 6 -1
1240118 9 1
1240150 5 1
1240153 2 1
1240268 8 -1
1240302 0 -1
1240311 3 1
1240314 1 1
1240376 12 -1
1240379 2 -1
1240408 0 -1
1240488 1 1
1240494 6 1
1240513 0 1
1240532 3 -1
1240548 7 1
1240588 4 -1
1240628 2 -1
1240634 5 -1
1240669 1 -1
1240755 0 1
1240757 3 1
1240842 1 -1
1240854 2 1
1240873 0 1
1240959 4 1
1240979 0 -1
1240999 3 1
1241050 1 -1
1241064 11 1
1241085 2 -1
1241093 0 -1
1241171 8 1
1241214 0 -1
1241220 3 -1
1241225 1 -1
1241257 7 -1
1241354 6 -1
1241362 4 -1
1241377 0 -1
1241402 10 1
1241408 24 1
1241410 1 1
1241445 3 1
1241499 0 -1
1241558 5 -1
1241564 2 1
1241765 1 -1
1241795 2 -1
1241806 0 -1
1241870 6 -1
1241908 3 -1
1241951 1 1
1241953 0 -1
1241994 5 1
1242026 2 1
1242058 0 1
1242128 1 -1
1242133 3 1
1242148 4 1
1242182 8 1
1242311 6 -1
1242375 3 1
1242381 0 -1
1242397 12 -1
1242466 4 1
1242494 9 1
1242499 2 -1
1242504 5 1
1242511 1 -1
1242528 0 -1
1242580 7 1
1242580 10 1
1242679 0 1
1242692 1 -1
1242735 2 1
1242805 13 1
1242821 3 1
1242829 4 -1
1242878 1 1
1242958 0 -1
1242961 2 -1
1242999 14 -1
1243042 15 1
1243063 3 1
1243084 11 1
1243085 0 -1
1243128 21 1
1243208 0 1
1243235 6 1
1243240 1 -1
1243283 3 -1
1243321 7 -1
1243329 0 1
1243394 1 -1
1243428 5 1
1243439 2 1
1243442 0 -1
1243531 4 -1
1243560 0 -1
1243587 1 1
1243660 0 1
1243670 2 -1
1243676 6 -1
1243708 3 -1
1243773 1 1
1243859 9 1
1243883 0 -1
1243885 4 1
1243915 2 -1
1243918 3 -1
1243955 5 1
1243962 1 1
1244009 0 -1
1244014 7 1
1244095 8 -1
1244111 3 1
1244127 10 -1
1244143 1 1
1244144 2 1
1244159 27 -1
1244178 0 1
1244181 6 -1
1244280 4 1
1244333 1 -1
1244374 2 -1
1244444 5 1
1244450 0 -1
1244520 3 -1
1244584 0 -1
1244603 4 1
1244606 2 1
1244676 25 -1
1244676 9 -1
1244694 0 1
1244712 1 -1
1244713 3 1
1244850 2 1
1244901 1 1
1244912 3 -1
1244925 0 -1
1244933 16 -1
1244974 4 -1
1245041 8 1
1245073 6 1
1245076 0 1
1245115 1 1
1245191 11 1
1245192 20 -1
1245232 0 -1
1245315 2 1
1245353 4 1
1245363 5 1
1245374 3 -1
1245385 7 -1
1245466 1 -1
1245530 0 -1
1245546 2 -1
1245546 10 1
1245594 3 1
1245600 6 -1
1245615 1 -1
1245699 0 -1
1245732 4 -1
1245793 2 -1
1245796 1 1
1245804 5 -1
1245815 0 -1
1245836 3 1
1245965 18 -1
1245992 6 1
1246051 8 1
1246110 0 1
1246131 1 -1
1246167 7 1
1246245 0 1
1246250 2 -1
1246256 5 1
1246282 3 1
1246320 1 1
1246403 0 -1
1246481 12 1
1246485 4 1
1246497 2 -1
1246510 1 -1
1246524 3 1
1246610 17 -1
1246669 0 -1
1246707 1 1
1246734 2 1
1246745 3 -1
1246800 4 1
1246801 0 -1
1246858 6 -1
1246868 9 -1
1246884 7 -1
1246892 1 1
1246906 0 1
1246997 10 -1
1247051 8 1
1247078 1 -1
1247114 4 1
1247126 14 -1
1247132 0 1
1247158 2 -1
1247212 3 1
1247255 0 1
1247260 5 -1
1247283 1 -1
1247309 6 1
1247376 0 1
1247395 2 1
1247432 3 -1
1247473 0 -1
1247578 7 1
1247594 0 -1
1247615 2 -1
1247634 1 1
1247658 3 1
1247728 0 -1
1247750 9 1
1247760 5 1
1247793 6 1
1247799 1 1
1247838 0 1
1247868 2 -1
1247884 4 1
1247900 3 1
1247981 1 -1
1248008 8 -1
1248067 0 1
1248088 2 1
1248120 3 -1
1248172 0 1
1248201 5 -1
1248247 4 -1
1248255 7 1
1248276 6 1
1248287 26 1
1248319 13 1
1248322 0 -1
1248344 2 1
1248346 3 1
1248360 1 -1
1248545 1 1
1248566 12 1
1248567 2 -1
1248585 4 1
1248588 3 1
1248618 0 -1
1248674 6 -1
1248732 1 -1
1248763 0 -1
1248803 19 1
1248910 0 1
1248911 8 1
1248975 9 -1
1249013 7 1
1249034 2 -1
1249061 11 -1
1249093 6 -1
1249093 1 1
1249109 5 -1
1249125 3 -1
1249174 0 -1
1249281 2 -1
1249284 0 1
1249289 1 -1
1249322 3 1
1249367 4 -1
1249397 0 -1
1249472 1 -1
1249507 2 1
1249534 3 1
1249545 6 1
1249547 0 1
1249609 5 -1
1249609 7 -1
1249690 0 1
1249706 4 -1
1249822 0 1
1249827 1 1
1249924 3 1
1249932 8 1
1249932 10 1
1249961 0 -1
1249975 2 1
1249996 5 -1
1250020 1 -1
1250069 4 1
1250136 3 1
1250195 2 -1
1250198 1 1
1250311 0 1
1250329 3 -1
1250426 5 -1
1250448 2 -1
1250456 4 1
1250458 0 -1
1250480 16 1
1250490 6 1
1250593 0 -1
1250593 1 1
1250695 12 -1
1250738 3 -1
1250778 1 -1
1250794 4 1
1250867 14 1
1250878 0 1
1250920 5 -1
1250923 2 1
1250947 3 -1
1250952 1 -1
1250974 6 1
1250980 0 -1
1251060 13 -1
1251082 9 1
1251109 7 -1
1251111 0 -1
1251125 11 -1
1251125 17 1
1251141 3 1
1251149 2 -1
1251189 4 1
1251318 10 -1
1251330 1 -1
1251364 0 -1
1251375 3 1
1251386 2 1
1251410 5 1
1251415 6 -1
1251466 0 -1
1251524 1 1
1251582 0 -1
1251587 3 1
1251596 4 1
1251619 2 -1
1251641 15 1
1251678 0 1
1251689 1 1
1251780 3 -1
1251783 0 -1
1251818 7 1
1251829 2 1
1251845 5 -1
1251877 8 -1
1251936 0 1
1251976 3 1
1252046 0 -1
1252060 2 -1
1252064 1 1
1252229 1 1
1252278 4 -1
1252286 9 -1
1252288 2 1
1252291 0 -1
1252382 3 -1
1252382 6 -1
1252388 0 1
1252419 1 -1
1252447 7 1
1252493 0 -1
1252578 3 1
1252608 1 1
1252640 4 1
1252640 10 1
1252724 0 1
1252742 5 -1
1252764 2 -1
1252769 6 1
1252791 3 1
1252804 1 -1
1252863 0 1
1252888 8 -1
1252973 1 -1
1252974 11 1
1252995 2 1
1253011 4 -1
1253025 0 -1
1253128 1 -1
1253194 3 1
1253210 6 1
1253215 5 1
1253232 2 -1
1253232 9 -1
1253344 0 1
1253393 3 -1
1253503 0 -1
1253503 1 -1
1253602 3 -1
1253656 0 1
1253688 5 -1
1253700 1 1
1253704 2 1
1253745 4 -1
1253809 0 -1
1253834 7 1
1253878 1 1
1253887 8 -1
1253930 2 -1
1253963 18 -1
1253973 0 -1
1254027 13 -1
1254032 3 1
1254070 0 1
1254075 4 -1
1254102 6 1
1254180 2 -1
1254199 0 1
1254231 3 -1
1254233 1 -1
1254422 1 1
1254441 3 -1
1254446 7 1
1254466 4 -1
1254503 0 -1
1254586 6 1
1254607 12 -1
1254608 1 -1
1254634 3 1
1254640 2 -1
1254650 5 1
1254673 0 -1
1254786 0 -1
1254833 3 -1
1254868 2 1
1254982 1 1
1254994 14 1
1255027 0 -1
1255043 3 -1
1255064 6 1
1255091 5 -1
1255096 2 -1
1255132 0 1
1255184 1 1
1255196 4 -1
1255196 7 -1
1255236 3 1
1255250 0 1
1255344 2 -1
1255365 1 1
1255398 10 1
1255403 9 1
1255470 0 -1
1255510 5 -1
1255532 6 1
1255534 4 -1
1255555 1 -1
1255570 0 1
1255575 2 1
1255661 3 -1
1255704 0 -1
1255736 1 -1
1255747 8 -1
1255811 2 -1
1255814 0 1
1255857 3 1
1255881 4 1
1255922 1 1
1255924 0 1
1255983 6 -1
1256026 22 1
1256032 2 1
