Input scale (32 bit):
 278794848
Input zero point:
 138
Hidden scale (32 bit):
 34036452
Hidden zero point:
 128
Weight input scale (32 bit):
 25099308
Weight input zero point:
 143
Weight hidden scale (32 bit):
 35304636
Weight hidden zero point:
 130
Output linear scale (32 bit):
 409604384
Output linear zero point:
 122
Output sigmoid r scale (32 bit):
 16843010
Output sigmoid r zero point:
 0
Output sigmoid z scale (32 bit):
 16843010
Output sigmoid z zero point:
 0
Output tanh n scale (32 bit):
 33686020
Output tanh n zero point:
 127
Output r_hn scale (32 bit):
 356294464
Output r_hn zero point:
 140
Output z_n scale (32 bit):
 33553920
Output z_n zero point:
 127
Output z_h scale (32 bit):
 33541552
Output z_h zero point:
 127
Scale ih (32 bit):
 17083698
Scale hh (32 bit):
 2933671
Scale r_hn (32 bit):
 19363114
Scale z_n (32 bit):
 16909320
Scale z_h (32 bit):
 17091526
Scale new_h_zn (32 bit):
 4234077952
Scale new_h_zh (32 bit):
 4232517120
Weight_ih (8 bit):
weight_ih[0] = {25, -13, 10, 13, 0, 0, 58, -24, 8, 38, 28, -11, 0, -49, 0, 4, 10, 0, 0, 1, 34, 0, 47, -14, 0, 0, 29, 0, 27, 14, 0, 0, 0, 4, 0, -29, 0, -9, -44, -6, -9, 0, 27, -1, 0, -64, 0, 0, -4, 15, -3, 18, 5, 0, -4, 3, -1, -12, 8, 0, 22, 0, 0, 15, 0, -3, -19, 0, 0, 1, -34, 10};
weight_ih[1] = {33, -4, -8, -12, 0, 0, 7, 51, 12, 6, 62, -13, 0, 11, 0, 13, -12, 0, 0, 44, -62, 0, 3, 1, 0, 0, 15, 0, -6, 43, 0, 0, 0, 44, 0, 15, 0, 41, 34, -1, -31, 0, 34, -1, 0, -42, 0, 0, -1, 48, -2, -5, -15, 0, 12, 14, 0, 4, -16, 0, 2, 0, 0, 18, 0, 49, -3, 0, 0, 14, 6, 12};
weight_ih[2] = {10, -13, 11, 8, 0, 0, 7, -18, 29, -16, -47, 15, 0, 17, 0, 25, -12, 0, 0, -22, 2, 0, 5, 26, 0, 0, -1, 0, 9, -4, 0, 0, -3, -4, 0, -5, 0, -20, 10, -5, -8, 0, 9, 1, 0, 17, 0, 0, 0, 39, -5, 36, 13, 0, 4, -57, 8, -3, -5, 0, -14, 0, 0, 26, 0, -13, -9, 0, 0, 2, -1, 25};
weight_ih[3] = {16, 17, 29, 15, 0, 0, 3, -10, 35, -9, 4, -18, 0, 13, 0, 14, 48, 0, 0, 34, 12, 0, 41, 10, 0, 0, 21, 0, -24, 11, 0, 0, 1, -6, 0, 17, 0, 3, 26, 15, -10, 0, 30, 1, 0, 33, 0, 0, 0, 27, 5, -15, -7, 0, 8, 4, 21, 0, -8, 0, -9, 0, 0, 2, 0, 6, 6, 0, 0, 7, 9, 15};
weight_ih[4] = {10, 0, 7, 6, 0, 0, -6, 21, 46, 12, -32, 3, 0, 51, 0, -1, 12, 0, 0, -2, 26, 0, 17, 19, 0, 0, 6, 0, -43, 24, 0, 0, 2, 4, 0, 9, 0, 26, -1, 21, 29, 0, 9, 0, 0, 25, 0, 0, 0, 32, -5, 14, 4, 0, 26, 2, 12, 9, 26, 0, 13, 0, 0, 21, 0, 4, 4, 0, 0, 2, 4, 1};
weight_ih[5] = {1, -1, 3, 0, 0, 0, 2, 6, 7, 4, 9, -1, 0, 2, 0, 0, -1, 0, 0, 3, 3, 0, 2, 2, 0, 0, -2, 0, 7, 1, 0, 0, 0, 1, 0, 3, 0, 0, 1, -1, 6, 0, 1, 0, 0, 5, 0, 0, 0, 2, 0, 3, 0, 0, 0, 4, 3, -1, 0, 0, 2, 0, 0, 0, 0, 0, 0, 0, 0, 1, 1, -1};
weight_ih[6] = {1, -1, 3, 0, 0, 0, 2, 5, 7, 4, 9, -1, 0, 3, 0, 0, -1, 0, 0, 2, 3, 0, 3, 2, 0, 0, -2, 0, 7, 1, 0, 0, 0, 0, 0, 3, 0, 0, 1, -1, 6, 0, 1, 0, 0, 5, 0, 0, 0, 2, 0, 3, 0, 0, 0, 4, 3, -1, 0, 0, 2, 0, 0, 0, 0, 0, 0, 0, 0, 0, 0, -1};
weight_ih[7] = {9, 3, -6, -1, 0, 0, 7, 18, 14, 5, 39, 3, 0, -19, 0, 4, 12, 0, 0, 23, -3, 0, 12, -3, 0, 0, 3, 0, 4, 9, 0, 0, 0, 0, 0, 8, 0, 19, -2, -1, -18, 0, -1, 0, 0, -8, 0, 0, 0, -11, -1, 13, 2, 0, 3, 33, -1, -9, -4, 0, -2, 0, 0, 4, 0, 8, 5, 0, 0, 1, -2, 2};
weight_ih[8] = {13, -9, 4, 4, 0, 0, 28, 3, 14, 9, 2, -1, 0, -34, 0, 1, -44, 0, 0, -4, -11, 0, -28, 2, 0, 0, -10, 0, 13, 6, 0, 0, 0, -2, 0, -24, 0, -12, -46, -20, -3, 0, -1, -1, 0, -28, 0, 0, -1, 7, -9, 11, -4, 0, 15, 14, -23, -3, -3, 0, 13, 0, 0, -2, 0, 4, -2, 0, 0, 0, 12, -1};
weight_ih[9] = {15, -1, 10, -1, 0, 0, -27, 14, 5, -6, 22, 6, 0, 6, 0, -8, -13, 0, 0, -9, 27, 0, -34, 2, 0, 0, 16, 0, 36, -15, 0, 0, 0, -7, 0, 17, 0, 15, 11, -7, -13, 0, -13, 0, 0, 14, 0, 0, 0, -4, -8, 27, 17, 0, -36, 19, -4, 8, 20, 0, 2, 0, 0, -13, 0, -7, 2, 0, 0, 0, 25, -10};
weight_ih[10] = {-20, 7, 22, 6, 0, 0, 26, 13, 22, 14, 18, -4, 0, 37, 0, 2, -7, 0, 0, 17, 8, 0, 25, -18, 0, 0, 4, 0, -15, 4, 0, 0, -5, 8, 0, 20, 0, 0, -31, 12, 3, 0, 18, 3, 0, 18, 0, 0, 6, 38, -5, -13, -5, 0, 14, -25, -43, 31, 13, 0, -25, 0, 0, 18, 0, 9, -12, 0, 0, -8, 17, -12};
weight_ih[11] = {-12, 14, -5, 2, 0, 0, 13, 7, 1, -2, 45, -8, 0, 21, 0, -9, 14, 0, 0, -43, 4, 0, 75, 6, 0, 0, -3, 0, -1, 11, 0, 0, 6, 10, 0, 15, 0, -5, 25, -7, 2, 0, 12, 0, 0, -38, 0, 0, -3, 10, 4, 32, 13, 0, -5, -21, 47, 11, -9, 0, -1, 0, 0, -25, 0, -21, -14, 0, 0, 3, -27, -24};
weight_ih[12] = {12, -10, 5, 1, 0, 0, -16, 26, 6, 5, 18, 2, 0, 17, 0, 1, -29, 0, 0, -8, 16, 0, -23, -3, 0, 0, -2, 0, 47, -4, 0, 0, 3, 7, 0, -5, 0, 18, -3, -4, 30, 0, -20, 0, 0, 20, 0, 0, -2, 1, 15, 46, -18, 0, 10, 3, -27, 11, 1, 0, 22, 0, 0, 17, 0, -27, 2, 0, 0, -2, -27, -1};
weight_ih[13] = {22, -25, -12, -9, 0, 0, 20, 48, 3, 18, -43, 0, 0, -15, 0, -5, -49, 0, 0, 64, 10, 0, -1, 9, 0, 0, 37, 0, -45, 5, 0, 0, 4, -1, 0, -26, 0, -6, 2, 15, 1, 0, -27, 0, 0, 54, 0, 0, 1, -28, -4, 9, 12, 0, 25, 40, 6, -15, 22, 0, -12, 0, 0, 21, 0, 30, 15, 0, 0, 3, 39, -2};
weight_ih[14] = {26, 0, -12, -2, 0, 0, 20, -6, -7, 7, 32, -1, 0, -31, 0, -3, 10, 0, 0, 23, 9, 0, 56, 21, 0, 0, 7, 0, -8, 0, 0, 0, 0, -6, 0, 38, 0, 9, 32, -10, 11, 0, 1, 0, 0, -34, 0, 0, 0, 2, 2, -10, 17, 0, 14, 17, 12, 2, -12, 0, 5, 0, 0, -4, 0, 22, 5, 0, 0, 0, 0, 6};
weight_ih[15] = {1, -1, 3, 0, 0, 0, 2, 5, 7, 3, 10, -1, 0, 3, 0, 0, -1, 0, 0, 3, 2, 0, 2, 2, 0, 0, -2, 0, 7, 2, 0, 0, 0, 0, 0, 4, 0, 1, 1, 0, 6, 0, 1, 0, 0, 4, 0, 0, 0, 3, 0, 4, 0, 0, 0, 3, 3, 0, 0, 0, 1, 0, 0, 1, 0, 0, 0, 0, 0, 1, 1, -1};
weight_ih[16] = {-5, 8, 3, 2, 0, 0, -21, 12, 1, 31, -1, -1, 0, 21, 0, -10, -10, 0, 0, -39, 9, 0, -20, -9, 0, 0, 9, 0, -8, 6, 0, 0, 2, -2, 0, 6, 0, 5, -9, 0, 10, 0, 18, 1, 0, 42, 0, 0, 0, 12, 2, -6, -2, 0, 15, -10, -18, 13, 52, 0, 13, 0, 0, -19, 0, -21, 0, 0, 0, -1, -19, 10};
weight_ih[17] = {1, -1, 3, 0, 0, 0, 2, 6, 6, 4, 9, -1, 0, 2, 0, 0, -2, 0, 0, 3, 3, 0, 2, 2, 0, 0, -2, 0, 7, 0, 0, 0, 0, 0, 0, 4, 0, 1, 1, -1, 5, 0, 1, 0, 0, 5, 0, 0, 0, 2, 0, 4, 0, 0, 0, 4, 3, -1, 0, 0, 2, 0, 0, 0, 0, -1, 0, 0, 0, 0, 0, -1};
weight_ih[18] = {-8, -13, 10, 0, 0, 0, 17, -2, 25, -8, 3, 1, 0, 15, 0, 12, 13, 0, 0, 28, -23, 0, 36, 17, 0, 0, -8, 0, -22, 9, 0, 0, 1, 18, 0, 5, 0, -34, -30, -4, 28, 0, 2, 1, 0, -26, 0, 0, 0, 15, -17, 22, -1, 0, 2, -9, 1, 9, -15, 0, -11, 0, 0, -11, 0, -4, 2, 0, 0, -1, 11, 9};
weight_ih[19] = {-17, 4, -10, -5, 0, 0, -4, -9, 9, -3, -34, -5, 0, 2, 0, -5, 8, 0, 0, 2, -7, 0, 0, -10, 0, 0, -5, 0, -23, -9, 0, 0, 0, -3, 0, -16, 0, -19, -7, -10, 4, 0, -2, 0, 0, -12, 0, 0, -2, -3, -2, -13, -4, 0, 9, -19, 1, -13, -3, 0, -6, 0, 0, -9, 0, 7, -11, 0, 0, -9, 1, -8};
weight_ih[20] = {3, 17, 15, 3, 0, 0, -29, -8, 54, -2, 19, -4, 0, 31, 0, 20, 11, 0, 0, 19, 24, 0, -1, -8, 0, 0, 7, 0, 20, 42, 0, 0, 2, -18, 0, 1, 0, 13, 5, -13, -7, 0, 12, 1, 0, 33, 0, 0, 0, 4, -7, -13, -3, 0, -6, -21, 3, -7, 16, 0, -7, 0, 0, -12, 0, 9, 0, 0, 0, -2, 2, 10};
weight_ih[21] = {16, 6, 12, 6, 0, 0, 35, 34, 12, -24, 16, -1, 0, 17, 0, 12, 21, 0, 0, 24, -3, 0, 36, 37, 0, 0, 5, 0, 15, -4, 0, 0, 1, 12, 0, 31, 0, 3, 30, -4, 13, 0, -12, 0, 0, -17, 0, 0, 0, 32, 8, 35, 32, 0, 16, -19, 19, -4, -13, 0, 5, 0, 0, 4, 0, 7, 7, 0, 0, 0, 5, 19};
weight_ih[22] = {19, 2, -9, 3, 0, 0, 2, 10, -4, -1, -6, 3, 0, 0, 0, -7, 5, 0, 0, -2, 20, 0, -6, 0, 0, 0, 6, 0, 37, 19, 0, 0, 1, 3, 0, -3, 0, 7, -16, 2, 9, 0, 2, 1, 0, -2, 0, 0, -1, 12, -3, 32, 13, 0, 7, -2, -12, 21, 2, 0, -2, 0, 0, 1, 0, 17, 12, 0, 0, 9, 4, 3};
weight_ih[23] = {-14, 7, -9, -2, 0, 0, 10, -5, 9, 13, -28, -3, 0, 3, 0, 2, 24, 0, 0, 1, -14, 0, 21, -3, 0, 0, 13, 0, -35, 4, 0, 0, 0, -7, 0, -13, 0, 3, 8, -1, -6, 0, 8, 0, 0, -7, 0, 0, 0, 13, 3, -33, 14, 0, 20, -13, 27, -10, 1, 0, -6, 0, 0, 7, 0, -9, 8, 0, 0, 0, 1, 5};
weight_ih[24] = {3, -3, 1, 4, 0, 0, 26, 28, 4, 0, 33, 10, 0, -21, 0, 3, 7, 0, 0, 9, -1, 0, 37, -6, 0, 0, -6, 0, -1, 4, 0, 0, 0, 18, 0, 10, 0, -1, -4, 3, -16, 0, -4, 2, 0, -17, 0, 0, 0, -7, -2, 24, -10, 0, -5, 11, -1, 8, -9, 0, 8, 0, 0, 2, 0, 6, 9, 0, 0, -1, 4, -1};
weight_ih[25] = {3, 0, 17, 5, 0, 0, -5, -2, 25, 1, -2, -4, 0, 5, 0, 5, 0, 0, 0, 13, 3, 0, 3, 7, 0, 0, 4, 0, 0, -2, 0, 0, -3, 3, 0, 3, 0, 1, 7, -7, -1, 0, 7, 0, 0, 3, 0, 0, -6, 2, -1, 0, 0, 0, 2, -2, 8, 0, -4, 0, 9, 0, 0, -2, 0, 5, -1, 0, 0, -8, 9, -4};
weight_ih[26] = {1, -13, -8, -13, 0, 0, -12, 29, 24, -3, -28, 1, 0, 14, 0, 7, 25, 0, 0, -27, 33, 0, 6, 5, 0, 0, 0, 0, -6, -1, 0, 0, -2, 33, 0, 9, 0, -28, 19, -3, 60, 0, -17, 2, 0, 21, 0, 0, 0, 8, 10, -56, 7, 0, 34, 5, -5, -13, 20, 0, 25, 0, 0, 6, 0, 70, -7, 0, 0, 2, 5, -16};
weight_ih[27] = {-4, 4, -5, -1, 0, 0, 3, 19, -17, -8, 1, -3, 0, 8, 0, -4, 1, 0, 0, 9, 6, 0, 11, 3, 0, 0, -13, 0, 28, -3, 0, 0, 0, -2, 0, -1, 0, 0, -14, -2, 14, 0, 22, 1, 0, 30, 0, 0, 0, 27, -2, 10, -3, 0, -19, -6, -2, 16, -6, 0, 3, 0, 0, 6, 0, -11, -4, 0, 0, 0, 5, -8};
weight_ih[28] = {2, 3, 5, 0, 0, 0, 2, 8, 25, 8, 18, 2, 0, 10, 0, 8, 0, 0, 0, 11, 9, 0, 4, 2, 0, 0, 1, 0, 15, 11, 0, 0, 0, 5, 0, 2, 0, 4, -3, 5, 9, 0, 0, 0, 0, 12, 0, 0, 0, 10, -1, 10, 3, 0, 3, 8, -2, 5, 7, 0, 6, 0, 0, 1, 0, -1, 3, 0, 0, 0, 3, -2};
weight_ih[29] = {1, -1, 3, 0, 0, 0, 2, 5, 7, 4, 9, -1, 0, 3, 0, 0, -1, 0, 0, 3, 2, 0, 3, 1, 0, 0, -2, 0, 6, 2, 0, 0, 0, 0, 0, 4, 0, 0, 1, 0, 6, 0, 1, 0, 0, 5, 0, 0, 0, 2, 0, 3, 0, 0, 0, 4, 3, -1, 1, 0, 1, 0, 0, 0, 0, -1, 0, 0, 0, 1, 1, -1};
weight_ih[30] = {41, -13, 12, 1, 0, 0, 16, 34, -26, -16, 34, 0, 0, 16, 0, -1, -11, 0, 0, 56, -29, 0, 5, 41, 0, 0, -6, 0, -34, -7, 0, 0, 3, -12, 0, 61, 0, -7, 33, -1, -1, 0, -4, -2, 0, 7, 0, 0, -1, 29, 26, 2, -26, 0, -13, 11, 16, -5, -36, 0, -7, 0, 0, 29, 0, 23, -24, 0, 0, -3, 3, -23};
weight_ih[31] = {2, -5, -1, 2, 0, 0, -3, 5, 18, 10, -7, 1, 0, 9, 0, 4, 17, 0, 0, 11, 6, 0, 11, 0, 0, 0, 1, 0, 1, 13, 0, 0, 0, 0, 0, -8, 0, -2, 11, 4, 16, 0, -10, 0, 0, 8, 0, 0, 0, 6, 8, -11, 1, 0, 2, 4, 0, 0, 2, 0, -11, 0, 0, 4, 0, 0, 3, 0, 0, 1, 1, -6};
weight_ih[32] = {1, -1, 1, 0, 0, 0, 2, 5, 6, 4, 9, -2, 0, 1, 0, -1, -1, 0, 0, 3, 2, 0, 2, 1, 0, 0, -2, 0, 7, 2, 0, 0, 0, 0, 0, 3, 0, 0, 1, -1, 6, 0, 0, 0, 0, 5, 0, 0, 0, 2, 0, 3, 0, 0, 1, 4, 3, -1, 0, 0, 0, 0, 0, 0, 0, 0, 0, 0, 0, 1, 0, -1};
weight_ih[33] = {-2, 7, 4, -3, 0, 0, 22, 6, 0, 10, 16, -8, 0, -15, 0, 10, 7, 0, 0, 15, -23, 0, 23, 4, 0, 0, -5, 0, 1, -9, 0, 0, 2, -15, 0, -2, 0, 2, 5, -9, -23, 0, 3, 1, 0, 4, 0, 0, -2, -8, 0, 2, -11, 0, -1, 4, 8, -8, -7, 0, -2, 0, 0, 11, 0, -2, 4, 0, 0, 2, -1, 2};
weight_ih[34] = {-23, 7, -3, 3, 0, 0, -2, 22, 11, -3, 3, -3, 0, -9, 0, 10, 34, 0, 0, 47, -18, 0, 29, 20, 0, 0, 13, 0, 32, 7, 0, 0, 0, 0, 0, -9, 0, -13, 17, -2, -14, 0, 29, 0, 0, 30, 0, 0, 0, 20, 34, 29, -12, 0, 25, -26, -12, 5, 9, 0, 20, 0, 0, 8, 0, -10, 6, 0, 0, -2, 9, -8};
weight_ih[35] = {-11, -19, 4, -23, 0, 0, -42, 28, 52, 50, -32, 19, 0, 35, 0, -1, 19, 0, 0, 9, 8, 0, 31, -22, 0, 0, 12, 0, -21, 22, 0, 0, 2, 23, 0, 5, 0, 9, 0, 29, 17, 0, -11, 0, 0, 29, 0, 0, 0, -4, 4, -37, 4, 0, 27, -4, -16, 23, 32, 0, -1, 0, 0, -6, 0, -9, -8, 0, 0, 4, -7, -1};
weight_ih[36] = {9, -11, -34, 0, 0, 0, 8, -12, 3, 26, -7, -2, 0, 21, 0, 11, 36, 0, 0, 5, 13, 0, 67, 13, 0, 0, 17, 0, -28, 28, 0, 0, -5, 26, 0, 28, 0, 5, 28, 9, 6, 0, 7, -1, 0, -12, 0, 0, -3, 36, -6, -5, 10, 0, 2, -24, 31, 19, 0, 0, 9, 0, 0, 16, 0, -9, -6, 0, 0, 5, 3, -12};
weight_ih[37] = {12, -29, 10, 11, 0, 0, -11, -9, 89, 55, -91, -6, 0, -2, 0, 38, 27, 0, 0, 2, -10, 0, 5, -23, 0, 0, -4, 0, -59, 110, 0, 0, -3, 14, 0, -22, 0, -7, -4, 25, -2, 0, 1, -2, 0, -4, 0, 0, -8, -34, -32, -27, -42, 0, 35, -13, -20, -15, 13, 0, 9, 0, 0, 24, 0, -11, -29, 0, 0, 0, -29, 9};
weight_ih[38] = {8, -1, 5, 0, 0, 0, -41, 18, 100, 58, -50, 9, 0, 14, 0, 24, 23, 0, 0, -9, 28, 0, 49, -3, 0, 0, 20, 0, -76, 89, 0, 0, 2, 38, 0, -11, 0, 3, 32, 27, 46, 0, -43, -1, 0, -5, 0, 0, 1, -12, 0, 15, 2, 0, 58, -14, 2, -3, 38, 0, 7, 0, 0, 15, 0, 6, 4, 0, 0, 10, 1, -39};
weight_ih[39] = {-24, 1, 2, 0, 0, 0, -16, 3, 8, -14, -3, 6, 0, 19, 0, -10, 10, 0, 0, 10, 28, 0, -4, 6, 0, 0, -19, 0, 13, 25, 0, 0, 2, 16, 0, 12, 0, -30, 2, 3, 21, 0, 1, 1, 0, 25, 0, 0, 3, 16, 8, 0, -8, 0, 4, -30, -8, 13, -5, 0, -5, 0, 0, 8, 0, -2, -6, 0, 0, 4, 9, 2};
weight_ih[40] = {-1, 0, -15, -4, 0, 0, -7, -4, -14, -6, -1, 1, 0, -11, 0, -9, -6, 0, 0, -9, 3, 0, -15, 0, 0, 0, 0, 0, 5, -4, 0, 0, 0, -3, 0, -3, 0, 0, -4, -2, -5, 0, -3, 0, 0, 0, 0, 0, 0, -6, 0, 1, 2, 0, -4, 0, -4, -2, 2, 0, -3, 0, 0, -6, 0, 0, 1, 0, 0, 0, 0, -1};
weight_ih[41] = {1, -1, 3, 0, 0, 0, 2, 5, 6, 4, 9, -1, 0, 2, 0, 0, 0, 0, 0, 2, 3, 0, 3, 1, 0, 0, -2, 0, 7, 1, 0, 0, 0, 0, 0, 3, 0, 0, 1, -1, 6, 0, 1, 0, 0, 5, 0, 0, 0, 2, 0, 3, 0, 0, 1, 4, 3, -1, 1, 0, 2, 0, 0, 0, 0, 0, 0, 0, 0, 1, 0, -1};
weight_ih[42] = {6, 5, 5, 0, 0, 0, 1, -2, 21, -7, 22, -1, 0, 8, 0, 5, 1, 0, 0, 13, 4, 0, -10, 0, 0, 0, 5, 0, 10, 15, 0, 0, 0, -1, 0, 9, 0, 6, -4, -4, -5, 0, 0, 0, 0, 12, 0, 0, 0, 0, -2, 6, -2, 0, 0, 11, 1, 5, 0, 0, 2, 0, 0, -1, 0, 11, 2, 0, 0, -1, 0, 7};
weight_ih[43] = {-5, 10, 0, 0, 0, 0, -15, -6, 37, 13, 13, 2, 0, -2, 0, 12, -7, 0, 0, -5, 3, 0, -20, 1, 0, 0, 2, 0, 9, 30, 0, 0, 0, -1, 0, 9, 0, -4, 4, 16, 4, 0, 2, 0, 0, 5, 0, 0, 0, -8, -2, 10, 4, 0, 15, -4, -3, -12, 5, 0, 2, 0, 0, 2, 0, 10, 1, 0, 0, 4, 0, 7};
weight_ih[44] = {19, -20, -4, 3, 0, 0, 1, -2, 1, 2, 4, 0, 0, -11, 0, -8, -15, 0, 0, -10, 3, 0, -18, 0, 0, 0, 9, 0, -4, -10, 0, 0, 2, 0, 0, 8, 0, 0, -3, -7, 8, 0, 6, -1, 0, -1, 0, 0, 0, -15, 1, 12, -1, 0, 4, 27, -2, -20, 4, 0, 2, 0, 0, -8, 0, 4, 2, 0, 0, -4, -8, 10};
weight_ih[45] = {1, -1, 4, 0, 0, 0, 2, 5, 8, 4, 9, -1, 0, 3, 0, 1, -1, 0, 0, 2, 3, 0, 3, 2, 0, 0, -2, 0, 7, 1, 0, 0, 0, 1, 0, 4, 0, 0, 2, 0, 6, 0, 1, 0, 0, 5, 0, 0, 0, 2, 0, 3, 0, 0, 1, 4, 3, -1, 1, 0, 2, 0, 0, 0, 0, 0, 0, 0, 0, 0, 0, -1};
weight_ih[46] = {16, -18, -29, -10, 0, 0, -1, -10, 4, 21, -12, -25, 0, -29, 0, -9, -6, 0, 0, 12, -10, 0, 33, -14, 0, 0, 9, 0, -18, 20, 0, 0, -3, -4, 0, 12, 0, -4, -3, -19, 57, 0, -22, -3, 0, -10, 0, 0, 18, -33, -12, 39, -46, 0, 40, 8, -2, -34, -6, 0, -16, 0, 0, 11, 0, 23, 3, 0, 0, -12, 18, 7};
weight_ih[47] = {-28, -5, -17, 0, 0, 0, -10, 14, -3, 21, -5, 19, 0, -6, 0, 8, 5, 0, 0, -29, -13, 0, 18, -4, 0, 0, -31, 0, -21, -1, 0, 0, -11, 17, 0, 2, 0, -5, 12, -10, 8, 0, 10, 0, 0, -9, 0, 0, -2, 7, 0, -2, -1, 0, 17, -36, 15, -22, -7, 0, 5, 0, 0, 22, 0, -28, -1, 0, 0, -5, -17, -17};
weight_ih[48] = {24, -2, -18, -30, 0, 0, -9, 21, 22, 33, -34, 4, 0, -54, 0, -18, 7, 0, 0, -33, 9, 0, 8, 17, 0, 0, 13, 0, -8, 22, 0, 0, 1, 3, 0, -1, 0, 17, 21, -3, 37, 0, 4, 0, 0, 2, 0, 0, 5, 10, 6, -18, -11, 0, 37, 12, -21, -12, 8, 0, 31, 0, 0, 39, 0, 17, -30, 0, 0, 9, 13, -13};
weight_ih[49] = {36, -20, 26, 8, 0, 0, 16, -4, 0, -11, -4, -1, 0, -19, 0, -14, -8, 0, 0, -13, -8, 0, 5, 3, 0, 0, 2, 0, 0, -12, 0, 0, 0, 25, 0, -5, 0, -1, -8, 10, -3, 0, -2, 1, 0, -38, 0, 0, 0, 17, -4, 21, 1, 0, -21, 27, -1, -18, -5, 0, 22, 0, 0, 28, 0, 6, 17, 0, 0, -1, 16, -13};
weight_ih[50] = {36, 11, 7, -9, 0, 0, 15, 26, 8, -28, -13, 6, 0, 6, 0, -8, -20, 0, 0, -6, 20, 0, -10, -15, 0, 0, -17, 0, 31, -27, 0, 0, 1, 10, 0, 6, 0, -9, -11, 1, -1, 0, -9, 1, 0, 5, 0, 0, 1, -7, -16, 31, -26, 0, -35, 24, -11, 9, 7, 0, 43, 0, 0, 0, 0, -12, 5, 0, 0, 2, -3, -23};
weight_ih[51] = {-1, 5, 11, -5, 0, 0, 26, 0, 52, 59, -89, -8, 0, 63, 0, -7, -7, 0, 0, -25, 28, 0, -16, -22, 0, 0, -16, 0, -43, 5, 0, 0, -1, -15, 0, -64, 0, -3, -16, -9, 30, 0, 16, 1, 0, 24, 0, 0, 3, 51, -12, -57, -8, 0, 46, -23, -39, 2, 4, 0, 6, 0, 0, 24, 0, -23, -43, 0, 0, 3, -13, 1};
weight_ih[52] = {8, 15, 15, 6, 0, 0, 12, 17, 13, 16, 19, -1, 0, 0, 0, 0, -6, 0, 0, -6, 4, 0, 0, 2, 0, 0, 11, 0, 5, -9, 0, 0, -2, 7, 0, 6, 0, 9, 0, 9, -14, 0, 3, 1, 0, -2, 0, 0, 0, -13, -2, 26, 4, 0, -1, 44, 4, 10, 5, 0, 13, 0, 0, -23, 0, 2, 7, 0, 0, 0, 11, 5};
weight_ih[53] = {-13, 3, -4, -3, 0, 0, -30, 8, 23, 41, 3, 7, 0, 6, 0, -1, 61, 0, 0, 13, 53, 0, 73, 16, 0, 0, 21, 0, 12, 34, 0, 0, 1, 20, 0, 25, 0, 27, 37, 13, 9, 0, 3, 0, 0, 7, 0, 0, -2, -29, 7, 12, 7, 0, 35, -39, -18, 13, 80, 0, 12, 0, 0, -7, 0, 19, 0, 0, 0, 8, -36, -13};
weight_ih[54] = {30, 31, 15, -23, 0, 0, -11, -52, 16, -54, -29, 9, 0, 29, 0, 27, 70, 0, 0, -3, -33, 0, -30, 26, 0, 0, -6, 0, 18, 3, 0, 0, -1, 14, 0, 45, 0, -25, 25, -16, 4, 0, 10, 0, 0, -63, 0, 0, -1, 36, 30, -18, 24, 0, 26, -72, -8, -1, -35, 0, 28, 0, 0, -6, 0, 78, -13, 0, 0, -12, -12, -4};
weight_ih[55] = {-10, 7, 25, 8, 0, 0, 12, 3, 3, -31, 17, -17, 0, -6, 0, 14, -4, 0, 0, 19, -8, 0, -10, -13, 0, 0, -4, 0, 22, -21, 0, 0, -3, -4, 0, -21, 0, -8, -22, 2, -18, 0, 13, -1, 0, -17, 0, 0, -8, 6, -8, 18, -17, 0, -12, 3, -15, 18, -28, 0, 3, 0, 0, 8, 0, 0, 16, 0, 0, -10, 7, -8};
weight_ih[56] = {11, -15, 10, 21, 0, 0, 6, 19, 6, -4, 24, 2, 0, 20, 0, 20, 19, 0, 0, 28, 14, 0, -13, -31, 0, 0, 5, 0, 29, -39, 0, 0, -2, -6, 0, 8, 0, -7, 13, -30, 29, 0, -14, 1, 0, 21, 0, 0, -7, 16, 4, 33, 8, 0, -5, 10, -43, 0, 21, 0, -3, 0, 0, 12, 0, 0, -6, 0, 0, -5, 1, 0};
weight_ih[57] = {-9, 0, -3, 2, 0, 0, -15, -37, 51, 20, -30, -2, 0, 35, 0, 20, -9, 0, 0, -42, 54, 0, 1, -34, 0, 0, 9, 0, -3, 18, 0, 0, -5, -6, 0, 28, 0, -11, 25, 9, 46, 0, 3, -1, 0, 69, 0, 0, -5, -5, 20, -32, -19, 0, 11, -58, -10, 9, 10, 0, 13, 0, 0, -4, 0, -3, -6, 0, 0, -15, -15, 6};
weight_ih[58] = {0, -1, 12, 1, 0, 0, 10, 0, 7, 30, 6, -9, 0, 5, 0, -13, -3, 0, 0, 14, 7, 0, 4, 12, 0, 0, 8, 0, -29, -4, 0, 0, -3, -9, 0, 30, 0, 2, 9, 5, 6, 0, 10, 0, 0, 0, 0, 0, -2, -13, 0, -18, 0, 0, 11, 19, 17, -6, 11, 0, 1, 0, 0, 9, 0, -10, -2, 0, 0, -1, 2, -9};
weight_ih[59] = {-1, 33, 14, 6, 0, 0, 14, 1, 17, 21, -12, 3, 0, -2, 0, 8, 22, 0, 0, 25, 16, 0, 42, 3, 0, 0, 21, 0, -37, 4, 0, 0, 0, 2, 0, -23, 0, -15, -8, 2, -11, 0, 10, 0, 0, -1, 0, 0, 0, -1, 1, -30, -15, 0, 4, -10, 4, 3, 10, 0, 23, 0, 0, -1, 0, 22, 8, 0, 0, 0, 1, 5};
weight_ih[60] = {0, -1, 1, 1, 0, 0, 11, -3, 18, 2, 29, -1, 0, -2, 0, 11, 6, 0, 0, 12, -2, 0, 5, 1, 0, 0, 4, 0, 12, -5, 0, 0, -9, -2, 0, 3, 0, 4, 10, -12, -5, 0, 5, 0, 0, 11, 0, 0, 2, 7, 0, -2, 0, 0, -10, 17, 13, -3, -5, 0, 5, 0, 0, -7, 0, 7, -1, 0, 0, -2, 9, 0};
weight_ih[61] = {1, 1, 12, -9, 0, 0, -12, -8, 26, -3, 8, -10, 0, 4, 0, 2, 14, 0, 0, -16, 8, 0, -8, -9, 0, 0, 3, 0, 13, 8, 0, 0, -16, 6, 0, 4, 0, 5, 15, 1, 7, 0, -2, 4, 0, 13, 0, 0, 0, 3, 0, 1, 0, 0, -5, 5, 18, -7, -3, 0, 4, 0, 0, -12, 0, 13, 0, 0, 0, -1, -3, 3};
weight_ih[62] = {-2, -1, -2, 0, 0, 0, 1, 11, 14, 3, 27, -5, 0, 6, 0, -4, -1, 0, 0, 10, 6, 0, 9, 4, 0, 0, -3, 0, 27, 8, 0, 0, 0, -7, 0, 9, 0, 3, -3, -4, 13, 0, -3, 0, 0, 8, 0, 0, -2, 6, -2, 19, 4, 0, -1, 1, -4, 2, 0, 0, -1, 0, 0, 2, 0, -2, -1, 0, 0, 0, 1, -4};
weight_ih[63] = {12, 5, -20, -9, 0, 0, -5, 9, 27, 17, -2, -12, 0, -19, 0, 1, -10, 0, 0, -12, 0, 0, -7, -27, 0, 0, 3, 0, -3, 10, 0, 0, 0, -9, 0, -15, 0, 10, -13, -3, 4, 0, -2, 1, 0, -4, 0, 0, 0, 13, -6, -7, -7, 0, -7, -6, -22, 1, 9, 0, -5, 0, 0, 0, 0, 3, 6, 0, 0, 0, -4, -6};
weight_ih[64] = {13, 27, -6, 0, 0, 0, 12, 15, -22, -1, 50, -5, 0, -5, 0, -17, 24, 0, 0, 0, -21, 0, 21, 11, 0, 0, 3, 0, 0, -13, 0, 0, 2, -10, 0, 25, 0, 19, 8, -13, -14, 0, 11, 0, 0, 8, 0, 0, -4, 19, 1, 8, 11, 0, 6, 6, -3, -22, 14, 0, 6, 0, 0, 17, 0, -1, 8, 0, 0, 3, -6, -7};
weight_ih[65] = {-29, -7, 14, -12, 0, 0, 38, 11, 47, -29, 16, 23, 0, 26, 0, 39, 16, 0, 0, 14, -25, 0, 26, 31, 0, 0, -18, 0, -4, 41, 0, 0, 1, 7, 0, 31, 0, 18, -23, 6, -4, 0, 14, 0, 0, -28, 0, 0, 2, 2, 31, 24, -2, 0, -32, -3, -9, 3, -14, 0, -9, 0, 0, 20, 0, -33, 3, 0, 0, 4, 25, -32};
weight_ih[66] = {1, -1, 3, 0, 0, 0, 2, 5, 7, 3, 9, -1, 0, 3, 0, 0, -1, 0, 0, 3, 3, 0, 2, 1, 0, 0, -2, 0, 7, 1, 0, 0, 0, 1, 0, 3, 0, 0, 1, -1, 6, 0, 1, 0, 0, 5, 0, 0, 0, 2, 0, 3, 0, 0, 0, 4, 3, -1, 1, 0, 2, 0, 0, 0, 0, 0, 0, 0, 0, 0, 1, -1};
weight_ih[67] = {-9, -14, 7, 8, 0, 0, 11, 26, 43, 24, 9, 18, 0, 15, 0, 23, 13, 0, 0, 15, -7, 0, 57, 17, 0, 0, 2, 0, -29, 42, 0, 0, 0, 14, 0, 10, 0, 23, 23, 16, -34, 0, -15, 0, 0, -35, 0, 0, 4, 9, 5, 8, 16, 0, 12, 0, 22, -4, -2, 0, 7, 0, 0, 10, 0, -13, 17, 0, 0, -6, 8, -15};
weight_ih[68] = {-10, -4, 6, -8, 0, 0, -26, 0, 14, -9, -13, -6, 0, 18, 0, 3, -7, 0, 0, 1, -10, 0, -5, 1, 0, 0, -11, 0, -3, 13, 0, 0, -4, 4, 0, -7, 0, -1, -3, 5, -8, 0, 0, 0, 0, -7, 0, 0, -3, 10, 1, -11, 2, 0, -9, -22, -8, 4, -1, 0, 3, 0, 0, 3, 0, -6, -9, 0, 0, 1, -27, -4};
weight_ih[69] = {9, 6, 0, 1, 0, 0, -24, 8, 0, -34, -35, -2, 0, 29, 0, -2, 35, 0, 0, -19, 2, 0, 30, 1, 0, 0, -19, 0, 10, 25, 0, 0, 5, 4, 0, -20, 0, -4, 52, 7, 1, 0, 1, 0, 0, 8, 0, 0, 1, 37, 8, -1, 30, 0, 4, -35, 28, 9, -48, 0, 0, 0, 0, 6, 0, 4, 10, 0, 0, -4, 28, -10};
weight_ih[70] = {1, -1, 3, 0, 0, 0, 2, 5, 7, 4, 9, -1, 0, 3, 0, 0, -1, 0, 0, 3, 3, 0, 2, 2, 0, 0, -2, 0, 7, 1, 0, 0, 0, 0, 0, 4, 0, 0, 1, -1, 6, 0, 1, 0, 0, 5, 0, 0, 0, 2, 0, 3, 0, 0, 0, 4, 3, -1, 1, 0, 1, 0, 0, 0, 0, 0, 0, 0, 0, 1, 0, -1};
weight_ih[71] = {8, 1, -8, -3, 0, 0, -22, 17, 38, 20, 12, 0, 0, 14, 0, -4, -4, 0, 0, 7, 23, 0, -9, 5, 0, 0, 9, 0, 27, 28, 0, 0, -4, 6, 0, 0, 0, 10, -13, 13, 7, 0, -3, -1, 0, 10, 0, 0, 1, 7, 0, 19, 1, 0, 11, 19, -5, 2, 6, 0, 12, 0, 0, -7, 0, 6, 2, 0, 0, 5, 2, 6};
weight_ih[72] = {-37, 33, 7, 23, 0, 0, -22, -18, 7, -9, -16, -33, 0, 88, 0, -8, 1, 0, 0, 15, 24, 0, 11, -10, 0, 0, -7, 0, 4, 18, 0, 0, 1, -63, 0, -10, 0, -21, 4, 2, 66, 0, -7, -2, 0, 35, 0, 0, -4, 47, -10, 11, 10, 0, 68, -96, 17, 91, -36, 0, 20, 0, 0, 33, 0, -26, 14, 0, 0, 3, 70, -7};
weight_ih[73] = {-15, 38, 7, -1, 0, 0, 4, -7, -22, -61, -6, 1, 0, 66, 0, 1, 9, 0, 0, 11, 25, 0, -45, 23, 0, 0, -34, 0, 4, -82, 0, 0, -2, -36, 0, 13, 0, -38, -17, -25, 17, 0, -19, 2, 0, 17, 0, 0, -5, 34, 9, 5, 20, 0, -16, -16, 18, 28, -26, 0, 9, 0, 0, -18, 0, -25, -9, 0, 0, -7, 24, -27};
weight_ih[74] = {9, 39, 2, -4, 0, 0, -14, 11, 111, 39, 0, 3, 0, -1, 0, 34, -36, 0, 0, 34, 6, 0, -73, -25, 0, 0, 9, 0, 27, 0, 0, 0, -2, 19, 0, -10, 0, 14, -20, -5, 26, 0, -9, 0, 0, 7, 0, 0, 1, 61, 10, -4, -12, 0, -20, 54, -27, 34, -55, 0, 15, 0, 0, 10, 0, 7, -24, 0, 0, -2, 16, -9};
weight_ih[75] = {-17, -19, -7, -9, 0, 0, 9, 49, 28, 1, -37, 6, 0, -24, 0, -13, -21, 0, 0, -8, -11, 0, 29, 15, 0, 0, -28, 0, -51, 57, 0, 0, 3, 34, 0, 10, 0, -5, 37, 29, 29, 0, -66, -2, 0, -29, 0, 0, 15, 0, 9, -18, 15, 0, 15, -30, 3, 1, -35, 0, -24, 0, 0, 45, 0, -82, -4, 0, 0, 11, 7, -23};
weight_ih[76] = {-11, 5, -19, -23, 0, 0, 48, 0, 24, 17, -9, 29, 0, -7, 0, 25, 10, 0, 0, 7, -3, 0, 21, -13, 0, 0, -6, 0, 13, 12, 0, 0, 2, -12, 0, -5, 0, -7, 15, 4, 15, 0, -21, -2, 0, 22, 0, 0, -17, -21, 20, -1, -23, 0, -9, -16, 18, -35, 50, 0, 6, 0, 0, 34, 0, 6, 16, 0, 0, -16, 49, 31};
weight_ih[77] = {-1, -2, -10, -7, 0, 0, -3, -3, 3, 0, -3, 8, 0, 0, 0, -2, -3, 0, 0, 2, 4, 0, -1, -4, 0, 0, 0, 0, -2, 5, 0, 0, 0, -2, 0, -1, 0, 0, -1, 3, 2, 0, -3, 2, 0, -2, 0, 0, 0, -4, 0, -2, -1, 0, 0, 0, -1, -3, 1, 0, -7, 0, 0, 0, 0, -3, -1, 0, 0, 0, 1, -4};
weight_ih[78] = {-1, -2, -7, -5, 0, 0, -3, -3, 4, 0, -3, 9, 0, 2, 0, -1, -4, 0, 0, 3, 5, 0, -2, -5, 0, 0, 1, 0, -2, 6, 0, 0, 0, -1, 0, -1, 0, 0, -1, 3, 2, 0, -2, 3, 0, -1, 0, 0, 0, -4, 0, -2, -1, 0, 0, 0, -1, -2, 1, 0, -6, 0, 0, 0, 0, -4, -1, 0, 0, 0, 1, -4};
weight_ih[79] = {-33, -10, 27, 3, 0, 0, -39, -5, 30, 7, -45, 1, 0, 53, 0, 19, -27, 0, 0, 5, 26, 0, -15, 5, 0, 0, -13, 0, 27, 25, 0, 0, 2, -2, 0, 3, 0, -2, 22, -10, 24, 0, 14, -2, 0, 45, 0, 0, -2, 27, 4, -12, 7, 0, -24, -22, 39, 32, -6, 0, -3, 0, 0, -24, 0, -34, -18, 0, 0, 4, 2, -15};
weight_ih[80] = {-30, -32, -3, -9, 0, 0, 21, -48, 15, -48, 31, 3, 0, 38, 0, 1, 0, 0, 0, -9, -45, 0, -6, 52, 0, 0, 9, 0, -41, -20, 0, 0, -4, 17, 0, 63, 0, -15, 17, 1, -8, 0, 13, 1, 0, -41, 0, 0, 8, 56, 16, 18, -12, 0, 25, -9, 47, -19, -22, 0, -36, 0, 0, 28, 0, 35, -14, 0, 0, 15, 18, -7};
weight_ih[81] = {-23, 8, -48, -25, 0, 0, 7, 13, -1, 26, 41, -1, 0, -3, 0, 6, 8, 0, 0, -51, 9, 0, -11, -48, 0, 0, -4, 0, 57, -10, 0, 0, 0, -23, 0, -39, 0, -3, -12, 50, 9, 0, 11, 2, 0, 55, 0, 0, -3, -19, -17, 19, -33, 0, 47, 28, -11, -28, 28, 0, 0, 0, 0, -32, 0, 9, -2, 0, 0, -1, -46, 5};
weight_ih[82] = {-24, -44, -33, -38, 0, 0, 21, -10, -6, -55, 66, 1, 0, 24, 0, 28, 79, 0, 0, -4, 7, 0, 43, -32, 0, 0, -42, 0, 31, -32, 0, 0, 1, -26, 0, 16, 0, -1, -38, -47, 8, 0, 22, -4, 0, -10, 0, 0, 41, 31, 11, 18, 3, 0, -7, -42, -9, 14, 1, 0, -67, 0, 0, 4, 0, 6, -22, 0, 0, 18, 9, 5};
weight_ih[83] = {7, -12, 4, -40, 0, 0, -55, -27, 27, -27, -29, -2, 0, 52, 0, 16, 12, 0, 0, -42, 47, 0, -42, 49, 0, 0, 17, 0, 56, -9, 0, 0, -3, -21, 0, 34, 0, -4, 7, 21, 68, 0, 4, -2, 0, 37, 0, 0, -3, 28, 8, 6, 27, 0, 66, -53, -70, 47, -3, 0, 37, 0, 0, -62, 0, 40, -8, 0, 0, -8, -86, 34};
weight_ih[84] = {24, 5, -23, -18, 0, 0, -28, 92, -39, 20, 13, 6, 0, -2, 0, -15, 36, 0, 0, 1, -47, 0, -73, -34, 0, 0, -31, 0, 28, -17, 0, 0, 3, -26, 0, -33, 0, -10, -60, -7, -5, 0, -25, -1, 0, 94, 0, 0, -5, -23, -1, 26, -30, 0, 24, 89, -75, -36, 36, 0, 0, 0, 0, -33, 0, -32, 16, 0, 0, 6, 26, -20};
weight_ih[85] = {-4, 1, -18, 4, 0, 0, 0, 17, -19, -70, -16, 2, 0, 59, 0, -49, 55, 0, 0, -62, 9, 0, 6, -13, 0, 0, -32, 0, 42, 21, 0, 0, 5, 32, 0, 17, 0, 3, 15, -20, 67, 0, 47, -1, 0, 51, 0, 0, -3, 107, 65, 0, -25, 0, 20, -58, -51, -15, -59, 0, -7, 0, 0, 34, 0, -25, 7, 0, 0, -1, 0, 3};
weight_ih[86] = {33, -18, 37, -2, 0, 0, 59, 43, 45, -22, -4, 26, 0, 39, 0, 9, 46, 0, 0, 35, 30, 0, -11, 69, 0, 0, 15, 0, 10, -19, 0, 0, -3, -9, 0, 1, 0, 8, 18, 12, 3, 0, 15, 0, 0, 61, 0, 0, 4, 28, -1, 17, 3, 0, -8, 27, -15, 29, 50, 0, -17, 0, 0, 50, 0, 31, 34, 0, 0, -1, -57, 21};
weight_ih[87] = {0, -2, -13, -7, 0, 0, -3, -3, 0, 0, -2, 9, 0, -3, 0, -5, -3, 0, 0, 2, 4, 0, -2, -5, 0, 0, 1, 0, -2, 4, 0, 0, 0, -2, 0, -2, 0, 0, -1, 2, 3, 0, -3, 2, 0, 0, 0, 0, 0, -5, 0, -3, -2, 0, 1, 1, -2, -5, 1, 0, -6, 0, 0, 0, 0, -3, -1, 0, 0, 0, 1, -4};
weight_ih[88] = {68, 15, 18, -29, 0, 0, -12, 3, -11, -24, 52, 5, 0, -30, 0, 27, 29, 0, 0, -53, -10, 0, 2, 53, 0, 0, 22, 0, -20, 20, 0, 0, -3, 28, 0, 55, 0, 46, 58, -31, -6, 0, -3, 1, 0, -27, 0, 0, 1, 1, 39, -33, -12, 0, -11, 100, -25, -27, 8, 0, -1, 0, 0, 56, 0, 53, -2, 0, 0, 1, -24, 23};
weight_ih[89] = {-1, -3, -12, -7, 0, 0, -3, -3, 2, 1, -4, 11, 0, -1, 0, -4, -4, 0, 0, 1, 5, 0, -3, -5, 0, 0, 1, 0, -3, 5, 0, 0, 0, -1, 0, -2, 0, -1, -2, 2, 2, 0, -3, 2, 0, 0, 0, 0, 0, -4, 0, -3, -2, 0, 0, 0, -2, -3, 2, 0, -7, 0, 0, -1, 0, -4, -1, 0, 0, 0, 1, -5};
weight_ih[90] = {-14, -10, -20, -11, 0, 0, 20, 29, -38, 2, -21, 17, 0, -3, 0, -7, -3, 0, 0, 0, -12, 0, 12, -5, 0, 0, -11, 0, -16, 0, 0, 0, -1, 18, 0, -5, 0, -18, 5, -10, 32, 0, -19, -2, 0, 34, 0, 0, 13, 27, 5, -16, -9, 0, 5, -16, -27, -19, -10, 0, -7, 0, 0, 11, 0, 24, 0, 0, 0, 2, 10, 0};
weight_ih[91] = {-3, 11, -19, -15, 0, 0, 0, 3, 18, 29, -23, -20, 0, -26, 0, -28, -22, 0, 0, 41, 3, 0, 8, -2, 0, 0, 17, 0, -30, 33, 0, 0, 0, -21, 0, -31, 0, 12, -17, 0, -13, 0, -15, -4, 0, 5, 0, 0, 20, -34, -5, -21, -4, 0, 10, -4, -7, -19, 9, 0, 0, 0, 0, -31, 0, -3, -10, 0, 0, 2, 8, 10};
weight_ih[92] = {6, -18, 21, -28, 0, 0, 6, -24, -3, 50, 0, 3, 0, 8, 0, 11, 34, 0, 0, 2, -71, 0, -9, 4, 0, 0, 0, 0, -80, 16, 0, 0, 7, -1, 0, 0, 0, 14, 27, 44, -14, 0, -26, 0, 0, -39, 0, 0, 4, 14, 1, -38, -15, 0, 17, 18, 20, -2, -9, 0, -12, 0, 0, 14, 0, 4, -14, 0, 0, 25, 29, 7};
weight_ih[93] = {53, -70, 15, 6, 0, 0, -7, -31, 45, -24, -10, 17, 0, 38, 0, 42, -3, 0, 0, -19, -12, 0, 15, -18, 0, 0, 9, 0, -27, 36, 0, 0, -3, 17, 0, -39, 0, -19, -14, 18, -2, 0, 20, 3, 0, -3, 0, 0, -2, 25, -32, -19, -16, 0, 49, 11, -13, 27, -22, 0, 41, 0, 0, -12, 0, 27, 15, 0, 0, 0, 68, 1};
weight_ih[94] = {11, -4, 12, 2, 0, 0, -25, 19, 3, 30, 15, 22, 0, 38, 0, -12, -23, 0, 0, -22, -32, 0, 28, -62, 0, 0, 23, 0, -52, -15, 0, 0, 1, 16, 0, -51, 0, -1, -27, 1, -8, 0, 2, -1, 0, 14, 0, 0, -36, -22, 6, -55, -85, 0, -16, -38, -4, -22, 17, 0, -5, 0, 0, -27, 0, -16, -3, 0, 0, -7, 24, -46};
weight_ih[95] = {3, 13, 54, -8, 0, 0, -27, -18, 86, 12, -11, 15, 0, 14, 0, 36, -4, 0, 0, -10, 26, 0, -27, -6, 0, 0, 4, 0, -25, 34, 0, 0, 1, 36, 0, 11, 0, -32, -28, 10, 10, 0, 42, -2, 0, 14, 0, 0, 0, 13, -13, -43, -22, 0, 15, -32, -29, 0, -15, 0, 3, 0, 0, 32, 0, 57, -16, 0, 0, 2, -28, -2};
weight_ih[96] = {43, 9, 37, -21, 0, 0, -33, -7, 13, 19, -25, 20, 0, -4, 0, -43, -64, 0, 0, 22, 26, 0, -36, 5, 0, 0, 22, 0, -41, -26, 0, 0, -1, 19, 0, 24, 0, 4, 33, 43, -36, 0, -50, -2, 0, 25, 0, 0, 1, 6, -34, -68, -24, 0, -14, -2, -14, -24, 24, 0, 34, 0, 0, 20, 0, 40, -2, 0, 0, 3, 7, 49};
weight_ih[97] = {2, 0, -15, -11, 0, 0, -8, -6, -9, 19, -18, 12, 0, -5, 0, -14, -8, 0, 0, 22, -4, 0, -2, 5, 0, 0, 7, 0, -17, -6, 0, 0, -4, 3, 0, -13, 0, 3, -10, 15, -17, 0, -9, -3, 0, 10, 0, 0, -4, -6, -1, -10, -3, 0, -2, -7, -6, 3, -1, 0, 17, 0, 0, -6, 0, 1, 0, 0, 0, 2, 15, -1};
weight_ih[98] = {16, 6, 0, -24, 0, 0, 87, -27, 10, -38, 44, 6, 0, 17, 0, 21, -2, 0, 0, 7, -10, 0, 3, 47, 0, 0, -12, 0, -10, 23, 0, 0, -3, 13, 0, -11, 0, 10, -42, -13, 6, 0, 3, 2, 0, 34, 0, 0, 6, 36, -41, 9, -14, 0, -21, 43, -11, -14, -14, 0, -48, 0, 0, 23, 0, -36, -6, 0, 0, 4, 29, 9};
weight_ih[99] = {12, -9, 35, -19, 0, 0, -7, 20, -15, 47, -8, 18, 0, -18, 0, 4, 2, 0, 0, -28, -21, 0, 46, -11, 0, 0, 4, 0, -49, -2, 0, 0, 2, 4, 0, 9, 0, 15, 15, -10, -14, 0, -9, -3, 0, -20, 0, 0, 2, 9, 19, -21, -59, 0, 4, 6, -14, -45, 26, 0, -26, 0, 0, 50, 0, -25, -30, 0, 0, -1, -19, 17};
weight_ih[100] = {-10, -27, -33, -13, 0, 0, -29, 31, 12, 17, -14, 16, 0, -48, 0, -5, -7, 0, 0, -32, 3, 0, 35, 20, 0, 0, 21, 0, -25, 7, 0, 0, -6, 7, 0, 35, 0, 32, 47, -4, -18, 0, -3, -4, 0, -36, 0, 0, -6, -33, 22, -1, 45, 0, 2, -9, 14, 4, -12, 0, -45, 0, 0, -22, 0, -10, 31, 0, 0, 2, 23, 9};
weight_ih[101] = {-1, -3, -13, -9, 0, 0, -3, -3, 3, -1, -4, 8, 0, -1, 0, -3, -3, 0, 0, 1, 5, 0, -3, -6, 0, 0, 1, 0, -3, 4, 0, 0, 0, -3, 0, -2, 0, 0, -2, 2, 2, 0, -5, 2, 0, -1, 0, 0, 0, -4, 0, -3, -2, 0, 0, 0, -2, -4, 1, 0, -9, 0, 0, -1, 0, -4, -1, 0, 0, 0, 0, -5};
weight_ih[102] = {-21, -18, 39, 27, 0, 0, -41, -15, 34, 6, -14, 12, 0, 0, 0, 12, 6, 0, 0, -1, -30, 0, -15, -39, 0, 0, 12, 0, -16, -1, 0, 0, -7, -2, 0, -10, 0, 43, 46, -55, -29, 0, -2, -1, 0, 7, 0, 0, -3, 16, -25, 5, 32, 0, 2, -12, -21, 9, 26, 0, -26, 0, 0, -11, 0, -15, -22, 0, 0, 4, 34, 28};
weight_ih[103] = {-24, -28, 41, -3, 0, 0, 0, -11, -24, 33, -49, 9, 0, 17, 0, 26, 12, 0, 0, -6, 14, 0, 42, -11, 0, 0, -10, 0, -21, -77, 0, 0, -2, 21, 0, -27, 0, -16, -25, -49, 1, 0, 12, 0, 0, -26, 0, 0, -1, -56, -22, -32, 4, 0, 25, -10, 9, -32, 32, 0, -38, 0, 0, -20, 0, -2, 14, 0, 0, -3, -18, -13};
weight_ih[104] = {-1, -3, -14, -7, 0, 0, -4, -4, -2, 1, -3, 9, 0, -3, 0, -5, -3, 0, 0, 0, 4, 0, -3, -5, 0, 0, 1, 0, -2, 3, 0, 0, 0, -3, 0, -1, 0, -1, -1, 2, 1, 0, -3, 2, 0, -1, 0, 0, 0, -6, 1, -3, -1, 0, 0, 1, -2, -4, 2, 0, -6, 0, 0, -1, 0, -2, -1, 0, 0, 0, 1, -5};
weight_ih[105] = {3, 13, -27, -1, 0, 0, -2, -1, -32, 12, -6, 0, 0, 21, 0, -25, 61, 0, 0, -38, 38, 0, 55, -2, 0, 0, -14, 0, 19, 16, 0, 0, -5, 26, 0, 0, 0, -37, 12, 16, 36, 0, 4, 0, 0, 42, 0, 0, -12, 34, -12, -7, -12, 0, 11, -5, 1, 32, 11, 0, 11, 0, 0, 20, 0, 11, -8, 0, 0, -17, -51, 7};
weight_ih[106] = {-92, 13, 11, -7, 0, 0, -34, 11, 11, 9, -4, 13, 0, 28, 0, 4, 27, 0, 0, -12, 27, 0, 53, -33, 0, 0, -18, 0, 43, 2, 0, 0, -3, 15, 0, -9, 0, -40, 22, 7, 24, 0, 3, -5, 0, 20, 0, 0, 2, 8, -23, 12, -24, 0, 38, -78, 20, 25, -5, 0, -29, 0, 0, 2, 0, -46, -23, 0, 0, 5, -6, -8};
weight_ih[107] = {-12, -6, 14, -21, 0, 0, -15, 5, 40, -15, -54, -12, 0, 22, 0, 0, 0, 0, 0, 38, -45, 0, 59, -4, 0, 0, 44, 0, -53, 7, 0, 0, 0, -7, 0, -73, 0, 31, 40, 15, -16, 0, -33, -2, 0, -32, 0, 0, -1, 56, 44, -83, 15, 0, 21, -37, 17, 25, -43, 0, 9, 0, 0, 15, 0, -31, 23, 0, 0, -2, -8, -26};
weight_ih[108] = {-4, -11, 33, 4, 0, 0, 31, 11, 66, -41, -56, 37, 0, 0, 0, 18, 2, 0, 0, 37, -6, 0, -24, 0, 0, 0, 14, 0, -38, 41, 0, 0, 9, 61, 0, -9, 0, -16, -9, -9, -29, 0, 4, 2, 0, -40, 0, 0, -4, 22, 1, -24, -8, 0, -20, 44, 43, -5, -12, 0, 25, 0, 0, 17, 0, -6, -3, 0, 0, 4, 12, 3};
weight_ih[109] = {-12, 0, -19, -22, 0, 0, -50, -19, -9, 2, 21, -1, 0, -6, 0, -3, 25, 0, 0, 37, 26, 0, 27, 28, 0, 0, 10, 0, 1, -41, 0, 0, -1, -26, 0, 45, 0, 0, 10, 4, -6, 0, -12, -1, 0, 0, 0, 0, -16, 4, 18, -9, 7, 0, -9, -4, 10, 14, 22, 0, -14, 0, 0, -42, 0, -2, -6, 0, 0, -10, -19, -6};
weight_ih[110] = {-2, 4, 33, 13, 0, 0, 9, -15, -11, 5, -38, 18, 0, 19, 0, -18, 5, 0, 0, -20, -23, 0, -5, 2, 0, 0, 10, 0, -14, 11, 0, 0, 2, 13, 0, 0, 0, -18, -38, 4, 11, 0, 15, -1, 0, -16, 0, 0, 0, -20, 0, 0, -4, 0, -19, -17, -4, 12, 5, 0, 15, 0, 0, -23, 0, 8, -1, 0, 0, 25, -11, 2};
weight_ih[111] = {49, -16, 9, 9, 0, 0, -63, -11, 3, 13, -5, -28, 0, -1, 0, 17, 38, 0, 0, 21, -34, 0, -16, -17, 0, 0, -42, 0, 18, -66, 0, 0, -5, -14, 0, 2, 0, 30, 12, 2, 1, 0, 6, 2, 0, -44, 0, 0, 0, 58, -25, -6, -6, 0, 2, -20, 7, -7, -4, 0, 43, 0, 0, -13, 0, 39, 12, 0, 0, -1, -17, -10};
weight_ih[112] = {43, 19, -21, -9, 0, 0, -10, 9, -1, -27, -28, 23, 0, 0, 0, 41, -9, 0, 0, -10, 28, 0, -45, -16, 0, 0, 1, 0, -51, -44, 0, 0, -2, 2, 0, -17, 0, 4, 11, -30, 12, 0, -32, 0, 0, 13, 0, 0, 7, -47, -8, -44, -15, 0, 33, 34, -20, 2, 3, 0, -3, 0, 0, -7, 0, 28, -43, 0, 0, -2, -16, 29};
weight_ih[113] = {-1, -3, -11, -8, 0, 0, -3, -2, 3, -1, -3, 9, 0, -2, 0, -4, -3, 0, 0, 1, 3, 0, -2, -7, 0, 0, 1, 0, -3, 3, 0, 0, 0, -5, 0, -1, 0, 0, -1, 2, 2, 0, -5, 2, 0, -1, 0, 0, 0, -4, 1, -3, -2, 0, 0, 0, -1, -5, 1, 0, -10, 0, 0, 0, 0, -4, -1, 0, 0, 0, 1, -5};
weight_ih[114] = {-49, 1, -40, -19, 0, 0, -25, 3, 29, 19, -43, 0, 0, 9, 0, -8, 30, 0, 0, -49, 79, 0, -8, -6, 0, 0, 33, 0, 48, 10, 0, 0, 1, -30, 0, -21, 0, -27, -4, 10, 36, 0, -42, 0, 0, 45, 0, 0, -1, 55, 66, -47, -3, 0, 29, -52, -24, 11, -25, 0, 19, 0, 0, 18, 0, 85, 4, 0, 0, 3, -28, 21};
weight_ih[115] = {5, -12, -53, -39, 0, 0, -53, 7, 48, -37, -7, 11, 0, -21, 0, 10, -7, 0, 0, -88, -14, 0, -8, -18, 0, 0, 17, 0, -30, 34, 0, 0, 2, 68, 0, -41, 0, 35, 28, 8, -30, 0, -37, -2, 0, 2, 0, 0, 7, 12, -13, -20, -19, 0, -28, 35, 20, -33, -27, 0, -21, 0, 0, -11, 0, -11, -13, 0, 0, 8, -82, 18};
weight_ih[116] = {-12, -11, -26, -87, 0, 0, 0, 9, -10, 34, 9, 8, 0, -39, 0, 8, 75, 0, 0, -1, 23, 0, 61, 37, 0, 0, 35, 0, -47, -5, 0, 0, 2, -12, 0, 19, 0, 48, 69, 12, -37, 0, -20, 4, 0, 24, 0, 0, -2, -10, -3, -69, 12, 0, 47, 45, 57, 15, 33, 0, -1, 0, 0, 8, 0, 34, -36, 0, 0, 9, -7, 20};
weight_ih[117] = {-1, -3, -8, -8, 0, 0, -2, -3, 8, 0, -4, 9, 0, 1, 0, 0, -3, 0, 0, 2, 4, 0, -2, -7, 0, 0, 1, 0, -4, 6, 0, 0, 0, -5, 0, -1, 0, 0, -1, 0, 2, 0, -5, 3, 0, -1, 0, 0, 0, -3, 0, -2, -1, 0, 1, 0, -2, -3, 1, 0, -11, 0, 0, 0, 0, -3, -1, 0, 0, 0, 1, -4};
weight_ih[118] = {-28, 15, 7, 11, 0, 0, 6, -8, 21, -17, -11, 7, 0, -15, 0, -1, -21, 0, 0, -33, -7, 0, -45, 2, 0, 0, 19, 0, 5, -3, 0, 0, 3, 16, 0, 0, 0, -11, 0, 12, -23, 0, 15, -2, 0, 8, 0, 0, 20, 11, 8, -10, 6, 0, -16, -22, -10, -16, -24, 0, 2, 0, 0, -26, 0, 9, 6, 0, 0, 5, 20, -8};
weight_ih[119] = {-8, 23, 43, 45, 0, 0, -5, 9, 14, -4, -16, 30, 0, -11, 0, -5, -16, 0, 0, -58, -22, 0, 4, 29, 0, 0, 19, 0, -44, 10, 0, 0, 3, 14, 0, -8, 0, 44, 21, 2, 2, 0, -25, -3, 0, 56, 0, 0, -43, 2, 3, -59, -12, 0, 4, -2, 13, -32, 6, 0, -11, 0, 0, 16, 0, -2, -4, 0, 0, 21, -17, 31};
weight_ih[120] = {-2, -7, 53, 25, 0, 0, 0, -28, 35, -10, 2, 26, 0, 1, 0, 8, 20, 0, 0, -6, 20, 0, 35, -3, 0, 0, -8, 0, -27, 0, 0, 0, -6, 6, 0, -6, 0, 25, -20, 17, 1, 0, 9, 2, 0, -53, 0, 0, -14, -3, -17, 31, 6, 0, -5, 20, 22, 23, -23, 0, 4, 0, 0, 2, 0, -58, -4, 0, 0, -25, -1, -19};
weight_ih[121] = {-24, 2, -33, 2, 0, 0, -12, -25, -26, -35, 48, -11, 0, -34, 0, -40, 39, 0, 0, -18, -86, 0, 14, -19, 0, 0, -2, 0, -13, -29, 0, 0, -1, -40, 0, 39, 0, 48, 60, -8, 18, 0, -18, 4, 0, -41, 0, 0, -31, 26, 15, -13, 0, 0, 15, -46, 65, -25, -31, 0, -65, 0, 0, -47, 0, -28, -13, 0, 0, -9, 5, -18};
weight_ih[122] = {-10, 39, -4, -28, 0, 0, -13, -21, 4, 60, -26, -10, 0, 68, 0, -15, -35, 0, 0, 12, 32, 0, -3, -19, 0, 0, 44, 0, -23, -3, 0, 0, -1, 4, 0, -56, 0, 31, -51, 0, 29, 0, -34, -2, 0, 47, 0, 0, -1, 67, -48, -50, 21, 0, 41, 30, 46, 14, -30, 0, 15, 0, 0, 10, 0, -45, -14, 0, 0, 4, -1, 45};
weight_ih[123] = {44, -30, -3, -18, 0, 0, -29, -19, 31, 15, 22, 19, 0, 29, 0, 29, 20, 0, 0, 72, -32, 0, 36, -22, 0, 0, 30, 0, -21, 41, 0, 0, 0, 15, 0, 52, 0, -72, 20, 45, -23, 0, 5, 0, 0, -64, 0, 0, 13, -26, -4, 41, -13, 0, 6, 9, 55, 61, 9, 0, -28, 0, 0, -29, 0, 41, -25, 0, 0, 7, 41, -4};
weight_ih[124] = {-37, -12, 47, 3, 0, 0, -11, 21, 1, 31, 6, -2, 0, 3, 0, 40, -8, 0, 0, 37, -66, 0, -27, -20, 0, 0, -22, 0, -20, -48, 0, 0, -3, -2, 0, 11, 0, -4, 1, 10, 8, 0, 33, 0, 0, -28, 0, 0, -1, -56, 22, -12, 40, 0, -36, 25, 28, 21, -21, 0, 30, 0, 0, -2, 0, 24, -12, 0, 0, 2, -66, -26};
weight_ih[125] = {33, -10, 35, 20, 0, 0, -20, -35, 10, -8, 9, 19, 0, -23, 0, 44, -88, 0, 0, -2, -14, 0, -92, 40, 0, 0, 12, 0, 41, 25, 0, 0, -4, 23, 0, 6, 0, 15, -73, 3, -27, 0, 37, 2, 0, -37, 0, 0, -5, -7, 2, -10, 5, 0, -45, 6, -75, -35, -48, 0, 45, 0, 0, 27, 0, 28, -41, 0, 0, -3, -78, 24};
weight_ih[126] = {11, 16, 20, 14, 0, 0, 24, -48, 59, 3, -53, -17, 0, 89, 0, -26, -37, 0, 0, -20, 56, 0, -80, 45, 0, 0, 21, 0, -7, -5, 0, 0, -1, -9, 0, 43, 0, -80, 30, 48, 85, 0, -8, 1, 0, 93, 0, 0, 8, 12, -17, -15, 41, 0, 26, 24, -49, 29, 8, 0, -1, 0, 0, 33, 0, -3, 7, 0, 0, 10, -1, -26};
weight_ih[127] = {14, -26, -45, -14, 0, 0, -10, 12, 13, 16, 55, 22, 0, -19, 0, 16, 32, 0, 0, -54, -43, 0, -10, -11, 0, 0, -3, 0, 20, 7, 0, 0, 0, -34, 0, -7, 0, -17, -23, 15, 3, 0, 37, 7, 0, -24, 0, 0, -16, 40, 5, -24, -53, 0, 40, 0, -32, -4, -14, 0, -20, 0, 0, -12, 0, 53, 0, 0, 0, -3, -38, -44};
weight_ih[128] = {-27, 13, 26, 15, 0, 0, 2, -1, -4, 39, -11, 20, 0, 32, 0, 0, -37, 0, 0, 53, 28, 0, -8, 29, 0, 0, 22, 0, -31, -33, 0, 0, 1, 1, 0, -1, 0, 35, -50, 19, -32, 0, -3, -1, 0, 15, 0, 0, -2, -6, -1, 50, 37, 0, 38, -8, -12, 26, 6, 0, -29, 0, 0, 13, 0, -60, -11, 0, 0, 1, -28, -28};
weight_ih[129] = {-19, 50, 57, 34, 0, 0, -48, 14, -44, -11, -1, -17, 0, -4, 0, -23, -33, 0, 0, -23, 10, 0, -66, 7, 0, 0, 18, 0, 21, -56, 0, 0, 3, -25, 0, -84, 0, 78, -14, 17, 21, 0, -18, -6, 0, -12, 0, 0, -18, -6, -81, 3, 12, 0, 28, 66, 13, 1, 1, 0, -2, 0, 0, -22, 0, -2, -22, 0, 0, -21, -75, 19};
weight_ih[130] = {6, 8, 10, 12, 0, 0, 27, -32, -45, 4, -12, 3, 0, 41, 0, -24, -5, 0, 0, -36, 9, 0, -11, 20, 0, 0, 16, 0, 6, -29, 0, 0, -2, -20, 0, 11, 0, -12, -12, 28, 9, 0, 17, 0, 0, 35, 0, 0, -6, 30, -14, 9, 41, 0, -8, 1, -11, -7, -20, 0, -15, 0, 0, 28, 0, -37, -20, 0, 0, -9, 8, -7};
weight_ih[131] = {-85, 3, -38, -36, 0, 0, 80, -8, -24, -39, 12, -17, 0, -46, 0, -20, -15, 0, 0, -13, -16, 0, -3, 44, 0, 0, 29, 0, -23, 8, 0, 0, 1, -34, 0, 71, 0, -16, 44, 2, 22, 0, 22, 6, 0, 4, 0, 0, 5, -41, 25, -5, -22, 0, -42, -76, 26, 15, -26, 0, -56, 0, 0, -19, 0, -20, -5, 0, 0, -1, 0, -34};
weight_ih[132] = {51, -7, 3, -32, 0, 0, -31, 15, 37, 33, -120, -23, 0, -18, 0, -7, 20, 0, 0, 0, 7, 0, 4, -26, 0, 0, -14, 0, -88, -4, 0, 0, 3, 8, 0, -46, 0, -12, 10, -31, 38, 0, -98, 0, 0, -14, 0, 0, -33, -76, -8, -51, -16, 0, 1, 8, -12, -17, 22, 0, -9, 0, 0, 14, 0, 19, -10, 0, 0, -13, 9, -42};
weight_ih[133] = {4, 1, -28, -29, 0, 0, -3, -29, 29, 10, -73, 7, 0, 11, 0, -4, -11, 0, 0, 24, -2, 0, 11, -38, 0, 0, 0, 0, -45, -13, 0, 0, 3, -51, 0, -20, 0, -3, -5, 3, 12, 0, -55, -6, 0, 21, 0, 0, -72, 6, -11, -38, -10, 0, 11, -37, 6, -31, 5, 0, -114, 0, 0, 25, 0, -15, -7, 0, 0, -10, 4, 11};
weight_ih[134] = {27, -25, 3, -26, 0, 0, 8, -4, -25, 4, -7, -24, 0, 18, 0, 39, 3, 0, 0, 23, -13, 0, -1, -6, 0, 0, -7, 0, -8, -53, 0, 0, -4, -37, 0, -8, 0, -9, 12, 7, 15, 0, -7, 2, 0, 30, 0, 0, -29, 70, -2, 18, 16, 0, 4, 8, -22, -19, 4, 0, 17, 0, 0, 45, 0, -36, 4, 0, 0, -24, -42, -1};
weight_ih[135] = {-31, 10, -26, 23, 0, 0, -39, 17, 7, 29, 1, 13, 0, 15, 0, 9, 2, 0, 0, 16, 5, 0, 28, 20, 0, 0, -11, 0, -26, -10, 0, 0, -4, -8, 0, 15, 0, -20, 27, -3, 28, 0, 1, 1, 0, 24, 0, 0, -5, 19, -6, 28, -2, 0, 8, -32, 43, 54, 7, 0, -47, 0, 0, -1, 0, 19, 10, 0, 0, -5, -14, -5};
weight_ih[136] = {-26, -15, 41, -11, 0, 0, 25, -38, 44, 0, -24, 3, 0, 4, 0, 13, 46, 0, 0, -9, 17, 0, -2, -21, 0, 0, -8, 0, 37, 8, 0, 0, 0, 20, 0, -28, 0, -63, -4, 31, 18, 0, 36, -1, 0, 18, 0, 0, 0, 14, 26, -29, -21, 0, -1, -9, -16, -19, 10, 0, 8, 0, 0, 48, 0, -31, -17, 0, 0, 3, 30, 2};
weight_ih[137] = {-16, 8, -22, -19, 0, 0, -32, -4, 15, 10, 3, 3, 0, 6, 0, -15, 19, 0, 0, -30, 3, 0, -30, 9, 0, 0, 45, 0, -76, 17, 0, 0, -2, 10, 0, 53, 0, 48, -24, 0, -4, 0, -62, -4, 0, 56, 0, 0, 0, 3, -22, -74, 41, 0, 77, -22, -19, 15, 11, 0, -14, 0, 0, -6, 0, 3, -5, 0, 0, -1, 14, 46};
weight_ih[138] = {-1, -2, -14, -8, 0, 0, -3, -3, -2, -1, -3, 8, 0, -4, 0, -6, -3, 0, 0, 2, 4, 0, -2, -5, 0, 0, 1, 0, -2, 3, 0, 0, 0, -2, 0, -1, 0, 0, -1, 2, 2, 0, -4, 1, 0, 0, 0, 0, 0, -4, 0, -2, -1, 0, -1, 0, -1, -4, 1, 0, -6, 0, 0, 0, 0, -3, -1, 0, 0, 0, 1, -4};
weight_ih[139] = {36, 14, 26, -15, 0, 0, -9, -15, -8, -43, 65, -33, 0, -33, 0, 12, 2, 0, 0, -109, -39, 0, -14, 24, 0, 0, -23, 0, 35, -38, 0, 0, -5, -23, 0, 55, 0, 18, -2, 9, 51, 0, 25, -1, 0, -2, 0, 0, -14, -32, 18, 25, 0, 0, 4, -10, -66, -84, -13, 0, -3, 0, 0, -10, 0, 26, -22, 0, 0, -15, -55, -11};
weight_ih[140] = {29, 22, 13, 19, 0, 0, 11, 29, -34, 49, 54, -15, 0, -15, 0, -33, 20, 0, 0, 16, -4, 0, 49, -2, 0, 0, 31, 0, 15, -43, 0, 0, 2, -32, 0, -6, 0, -3, -18, -16, 26, 0, 27, 1, 0, -29, 0, 0, 16, -24, 0, -7, -8, 0, 35, 92, 37, -8, 1, 0, 12, 0, 0, -29, 0, 65, 21, 0, 0, -2, 12, -9};
weight_ih[141] = {-14, -4, 8, -24, 0, 0, -29, -2, -8, 1, -41, 7, 0, 11, 0, 28, -7, 0, 0, 13, 54, 0, 18, 7, 0, 0, 3, 0, -5, -22, 0, 0, -1, 54, 0, -35, 0, 22, 4, -9, -11, 0, -24, -2, 0, 24, 0, 0, 10, 5, 1, -49, -12, 0, 2, -30, 2, 14, -14, 0, 23, 0, 0, 18, 0, 5, -13, 0, 0, 19, -11, -8};
weight_ih[142] = {-1, -2, -14, -8, 0, 0, -3, -2, 1, -1, -3, 8, 0, -3, 0, -6, -3, 0, 0, 1, 3, 0, -2, -4, 0, 0, 1, 0, -3, 4, 0, 0, 0, -2, 0, -1, 0, 0, -1, 3, 3, 0, -4, 2, 0, -1, 0, 0, 0, -2, 0, -2, -2, 0, 0, 0, -2, -5, 1, 0, -7, 0, 0, 0, 0, -3, -1, 0, 0, 0, 1, -3};
weight_ih[143] = {1, 7, 0, 1, 0, 0, 28, -6, -19, -16, 13, -6, 0, 21, 0, 8, 12, 0, 0, -14, 7, 0, 19, 5, 0, 0, -5, 0, -3, -32, 0, 0, 1, -17, 0, -7, 0, -19, 22, -4, -11, 0, -5, 3, 0, 53, 0, 0, -31, -31, 0, 7, 14, 0, 16, -7, -6, -20, 4, 0, -21, 0, 0, -24, 0, 22, 12, 0, 0, -19, 17, 6};
weight_ih[144] = {16, 7, 14, 27, 0, 0, -5, 53, 44, 0, -21, 59, 0, 90, 0, -1, 4, 0, 0, 25, 43, 0, 1, -11, 0, 0, -14, 0, 9, 4, 0, 0, 4, 8, 0, -85, 0, 10, -70, 34, 55, 0, -22, 4, 0, 65, 0, 0, 8, 61, -5, 9, -1, 0, 10, 18, -11, 33, -32, 0, -12, 0, 0, 41, 0, -53, 24, 0, 0, -7, -23, -9};
weight_ih[145] = {-44, -12, 29, 5, 0, 0, 106, 21, -23, 14, 39, -17, 0, -7, 0, -19, -28, 0, 0, 65, -71, 0, 29, 46, 0, 0, 4, 0, -51, 8, 0, 0, -6, -24, 0, 39, 0, -14, 40, 7, -28, 0, 20, -1, 0, -37, 0, 0, -3, 14, -10, 20, -25, 0, -26, -28, 19, -2, -35, 0, -25, 0, 0, -47, 0, -30, -21, 0, 0, -5, 50, 14};
weight_ih[146] = {59, -10, -11, 33, 0, 0, 3, 0, -3, -14, -39, -19, 0, 0, 0, -6, -6, 0, 0, -28, 6, 0, -99, -39, 0, 0, -7, 0, 37, -30, 0, 0, 8, -44, 0, -6, 0, -3, -8, 13, 17, 0, -19, 1, 0, 54, 0, 0, 5, -22, -1, 29, -17, 0, 2, 3, 6, 19, 11, 0, 36, 0, 0, 33, 0, 14, 27, 0, 0, -6, -9, -29};
weight_ih[147] = {8, 2, -50, -11, 0, 0, 7, -4, -11, -2, -55, -66, 0, 11, 0, -22, 19, 0, 0, 95, -3, 0, -7, -12, 0, 0, -10, 0, -50, 25, 0, 0, 1, -53, 0, -18, 0, -25, 25, 42, -6, 0, -10, 4, 0, 30, 0, 0, 0, 32, -2, -27, -4, 0, 5, -4, 23, -10, -23, 0, -47, 0, 0, 4, 0, -1, -14, 0, 0, 6, 10, -3};
weight_ih[148] = {-17, 26, 18, -3, 0, 0, 8, 16, -51, 8, 70, 5, 0, 29, 0, 6, -16, 0, 0, -5, 0, 0, 20, -29, 0, 0, 18, 0, 54, -57, 0, 0, -8, 16, 0, 14, 0, -11, 7, -24, -12, 0, -3, -1, 0, 28, 0, 0, 5, 44, 0, -12, 6, 0, 21, 23, 12, -15, 3, 0, 8, 0, 0, 45, 0, -7, 1, 0, 0, -9, 29, 43};
weight_ih[149] = {-6, 1, -16, -7, 0, 0, -6, -14, -28, -13, -20, 4, 0, -12, 0, -10, -1, 0, 0, -8, -6, 0, -6, -5, 0, 0, -1, 0, -19, -9, 0, 0, 0, -6, 0, -7, 0, -2, -2, -4, -15, 0, -6, 2, 0, -11, 0, 0, 0, -10, 0, -9, 0, 0, -11, -9, -7, -5, -4, 0, -8, 0, 0, -4, 0, -7, 0, 0, 0, -1, -2, -1};
weight_ih[150] = {-5, 1, -16, -7, 0, 0, -7, -14, -27, -14, -20, 5, 0, -12, 0, -9, -1, 0, 0, -8, -5, 0, -8, -6, 0, 0, 0, 0, -18, -8, 0, 0, 0, -6, 0, -7, 0, -2, -3, -3, -15, 0, -6, 2, 0, -12, 0, 0, 0, -8, 0, -9, 0, 0, -11, -10, -7, -5, -4, 0, -8, 0, 0, -4, 0, -7, 0, 0, 0, -1, -1, -1};
weight_ih[151] = {12, -9, -10, 0, 0, 0, -39, -44, -49, 37, 42, -1, 0, -49, 0, -30, 14, 0, 0, -62, 6, 0, 33, 17, 0, 0, -2, 0, -4, -43, 0, 0, -2, 33, 0, 17, 0, 2, 28, -1, -1, 0, -29, 6, 0, -24, 0, 0, -1, -41, 11, 7, 17, 0, 92, -12, 1, -36, 62, 0, 52, 0, 0, -20, 0, 33, 43, 0, 0, 2, -37, 6};
weight_ih[152] = {29, -1, 3, -22, 0, 0, -35, -43, -33, 32, 39, -32, 0, -96, 0, -41, -7, 0, 0, 52, -35, 0, -12, 8, 0, 0, 10, 0, -27, -27, 0, 0, -2, -26, 0, 59, 0, 20, 46, -9, -61, 0, -36, 2, 0, -59, 0, 0, -6, -69, -7, -2, 1, 0, 9, 54, 32, -22, 12, 0, 5, 0, 0, -19, 0, 36, -1, 0, 0, -2, 34, 26};
weight_ih[153] = {-9, -2, 35, 16, 0, 0, -10, 31, 10, -20, -53, 9, 0, 16, 0, 20, 15, 0, 0, 0, -30, 0, 11, -23, 0, 0, -51, 0, -2, 3, 0, 0, -2, 72, 0, -9, 0, -39, -2, -12, 6, 0, 18, 1, 0, -44, 0, 0, 11, 41, -30, 0, 10, 0, -32, -11, 20, 15, -36, 0, 31, 0, 0, 15, 0, -1, -5, 0, 0, 2, -42, -20};
weight_ih[154] = {-5, -19, -7, -16, 0, 0, -18, -24, 17, 30, -91, -29, 0, 41, 0, -34, -54, 0, 0, 12, 10, 0, 11, -26, 0, 0, 6, 0, -100, 39, 0, 0, -7, 34, 0, -17, 0, 5, 12, 35, 2, 0, -76, 0, 0, -8, 0, 0, -35, 19, -27, -61, -14, 0, 13, -11, 13, 5, 19, 0, 12, 0, 0, 18, 0, 0, -9, 0, 0, 11, 14, 6};
weight_ih[155] = {35, 4, 32, -2, 0, 0, 10, -34, -11, -29, 16, -14, 0, 22, 0, -13, -25, 0, 0, 7, -29, 0, 8, -34, 0, 0, -25, 0, 14, -7, 0, 0, 6, 0, 0, 49, 0, 6, 4, -4, 35, 0, 1, -4, 0, -76, 0, 0, -10, -55, 3, 31, -41, 0, -23, -5, 17, 1, -80, 0, 56, 0, 0, -47, 0, 14, -41, 0, 0, -2, -53, -18};
weight_ih[156] = {40, -3, 20, 23, 0, 0, 4, -8, 19, 36, 21, 0, 0, 12, 0, 1, 14, 0, 0, -21, -8, 0, -3, -26, 0, 0, -20, 0, 43, 7, 0, 0, 2, -17, 0, -1, 0, -29, -18, 30, -2, 0, 29, -4, 0, 22, 0, 0, 9, -42, 7, 5, 32, 0, 17, -5, -33, 25, 1, 0, 6, 0, 0, -14, 0, 53, 8, 0, 0, 3, 41, -1};
weight_ih[157] = {-6, -34, 3, 2, 0, 0, -12, 34, 28, -6, 23, 5, 0, 40, 0, 94, -16, 0, 0, 27, -51, 0, 4, 49, 0, 0, 30, 0, -40, -23, 0, 0, 0, -37, 0, 45, 0, 35, 13, -35, -11, 0, -18, -4, 0, -19, 0, 0, 12, 26, -46, 36, 28, 0, -15, -44, 8, 39, -10, 0, -35, 0, 0, -11, 0, -62, 6, 0, 0, -17, -16, 1};
weight_ih[158] = {-3, -6, -61, 24, 0, 0, 10, -65, -79, -47, 48, -3, 0, -43, 0, -44, -12, 0, 0, -58, -28, 0, 18, -43, 0, 0, -35, 0, 14, -11, 0, 0, -1, -35, 0, 22, 0, -9, -38, -37, 34, 0, 14, 0, 0, -15, 0, 0, 0, -13, -17, 39, -10, 0, -51, 22, -6, -36, -18, 0, -3, 0, 0, -17, 0, 7, -29, 0, 0, 0, 3, 14};
weight_ih[159] = {5, -1, 16, 6, 0, 0, 5, 13, 30, 13, 22, -5, 0, 13, 0, 11, 1, 0, 0, 7, 5, 0, 6, 6, 0, 0, 1, 0, 20, 10, 0, 0, 0, 6, 0, 9, 0, 3, 2, 5, 14, 0, 6, -2, 0, 10, 0, 0, 0, 12, 1, 11, 0, 0, 10, 9, 6, 6, 3, 0, 7, 0, 0, 5, 0, 8, 0, 0, 0, 1, 2, 1};
weight_ih[160] = {-20, 0, -16, 4, 0, 0, -17, -23, -58, -1, 30, -23, 0, -2, 0, -30, -11, 0, 0, -59, -30, 0, -46, 4, 0, 0, -10, 0, 66, 12, 0, 0, -8, -10, 0, -23, 0, 7, -56, 31, -5, 0, 6, -4, 0, 34, 0, 0, -6, 27, -32, 16, 21, 0, 14, -19, -81, 3, -1, 0, 18, 0, 0, -18, 0, -36, 2, 0, 0, 10, 6, 14};
weight_ih[161] = {6, -1, 16, 6, 0, 0, 6, 14, 28, 13, 21, -5, 0, 14, 0, 10, 0, 0, 0, 9, 7, 0, 5, 6, 0, 0, 1, 0, 20, 8, 0, 0, 0, 5, 0, 8, 0, 3, 1, 5, 14, 0, 6, -2, 0, 13, 0, 0, 0, 10, 1, 10, 1, 0, 11, 9, 7, 5, 4, 0, 8, 0, 0, 6, 0, 7, 0, 0, 0, 1, 1, 1};
weight_ih[162] = {28, 18, 45, 8, 0, 0, 17, 8, -43, -38, 62, -16, 0, -6, 0, 25, 4, 0, 0, 11, -3, 0, 6, -1, 0, 0, 5, 0, 47, -63, 0, 0, -1, -2, 0, 15, 0, 22, 15, -24, -16, 0, 13, -5, 0, 12, 0, 0, 12, -8, 13, 35, 25, 0, 7, -32, -19, -15, 0, 0, -6, 0, 0, 32, 0, 23, 21, 0, 0, -25, 23, -12};
weight_ih[163] = {25, -16, 23, 19, 0, 0, 18, 14, 34, -19, -38, 21, 0, 4, 0, 42, -22, 0, 0, 2, -28, 0, -2, -23, 0, 0, 1, 0, -12, 40, 0, 0, 2, 43, 0, -29, 0, -16, -37, -28, 18, 0, -15, -3, 0, -31, 0, 0, -5, -14, 1, -24, -3, 0, -29, 38, -30, -19, -25, 0, -5, 0, 0, 12, 0, 6, 7, 0, 0, 12, -11, 29};
weight_ih[164] = {-20, 26, -24, -13, 0, 0, -34, -5, 48, 19, -92, -8, 0, -4, 0, 60, -1, 0, 0, 19, -11, 0, -15, -40, 0, 0, 24, 0, -65, 5, 0, 0, 1, -4, 0, -63, 0, -38, -48, 24, -9, 0, -14, 3, 0, -6, 0, 0, -1, -18, -5, -55, -6, 0, 3, -14, -7, -18, 0, 0, -50, 0, 0, 29, 0, -25, -3, 0, 0, 27, -1, 1};
weight_ih[165] = {45, 16, 1, -6, 0, 0, -10, -24, 31, -13, 39, -9, 0, -3, 0, -33, -17, 0, 0, -14, -42, 0, 6, 24, 0, 0, 23, 0, -1, 16, 0, 0, 0, 0, 0, 8, 0, -16, -19, -23, 21, 0, 44, 5, 0, -77, 0, 0, 13, -2, -8, -20, -13, 0, 14, -18, -14, -23, -30, 0, 9, 0, 0, -58, 0, 22, 27, 0, 0, 8, 23, 6};
weight_ih[166] = {-27, 18, -2, 6, 0, 0, 16, -13, -32, -19, 20, -49, 0, -50, 0, 14, 24, 0, 0, -44, 27, 0, -35, 38, 0, 0, 2, 0, 21, -21, 0, 0, -2, -14, 0, 35, 0, 12, -14, 27, 51, 0, 51, -5, 0, -5, 0, 0, -7, 28, -9, -10, 12, 0, 53, 40, 23, 22, -44, 0, 23, 0, 0, -17, 0, 25, -7, 0, 0, -4, 31, 32};
weight_ih[167] = {-43, -7, 11, 34, 0, 0, -51, -13, -3, 44, -11, -1, 0, -8, 0, -31, 20, 0, 0, -60, 0, 0, 3, 43, 0, 0, 2, 0, 53, 20, 0, 0, -2, -10, 0, 1, 0, 43, -13, -20, -22, 0, 14, -2, 0, -1, 0, 0, 2, -32, 40, 18, 27, 0, -15, -28, -34, 42, 48, 0, 31, 0, 0, -50, 0, 3, -3, 0, 0, 5, -16, -14};
weight_ih[168] = {-54, -11, -10, -17, 0, 0, 23, 15, 61, 79, -43, -22, 0, -9, 0, -28, -12, 0, 0, 3, 14, 0, -7, -14, 0, 0, -30, 0, -55, 32, 0, 0, 2, -24, 0, -12, 0, -23, -28, 13, 22, 0, -17, 2, 0, 5, 0, 0, -3, -1, -20, -55, -14, 0, -16, -28, 9, 19, 0, 0, -74, 0, 0, 3, 0, 9, -9, 0, 0, -8, 0, 24};
weight_ih[169] = {-18, 12, 35, -13, 0, 0, -10, -9, 48, 1, -26, 1, 0, -16, 0, 27, -14, 0, 0, 13, -12, 0, -44, 24, 0, 0, -11, 0, -27, 20, 0, 0, 7, 7, 0, -9, 0, 3, -9, 11, -3, 0, -5, 4, 0, -15, 0, 0, 22, -11, -2, -21, 22, 0, -4, 11, -14, -9, 3, 0, 14, 0, 0, -4, 0, -15, -4, 0, 0, 15, 0, 14};
weight_ih[170] = {6, -2, -27, -3, 0, 0, 14, 12, -18, 19, 31, 15, 0, 0, 0, -60, 20, 0, 0, 40, 7, 0, 4, 24, 0, 0, -32, 0, 39, 17, 0, 0, 2, 6, 0, 24, 0, 29, -12, -12, 36, 0, 21, -2, 0, 13, 0, 0, -1, 27, 24, 31, -35, 0, 21, -1, -21, -10, 18, 0, 14, 0, 0, 20, 0, -18, -23, 0, 0, 6, 40, -32};
weight_ih[171] = {-33, -25, -4, -18, 0, 0, 28, 20, 72, 16, -52, 9, 0, 19, 0, 13, 4, 0, 0, 11, -10, 0, 51, 0, 0, 0, 2, 0, -22, 33, 0, 0, 0, -1, 0, -9, 0, -39, -21, 13, 50, 0, 23, 0, 0, 17, 0, 0, 0, 9, 15, -27, -20, 0, 18, -59, -34, -16, -10, 0, -39, 0, 0, 30, 0, -15, -13, 0, 0, 1, -7, 2};
weight_ih[172] = {12, 13, 29, 3, 0, 0, -42, -24, 11, -34, 23, -7, 0, 22, 0, 27, 17, 0, 0, -9, 16, 0, 11, -19, 0, 0, -21, 0, 2, -34, 0, 0, -2, -9, 0, -8, 0, 40, -29, 31, -17, 0, 24, -3, 0, -16, 0, 0, 2, 7, -14, -18, -43, 0, -34, 13, -20, 40, -30, 0, -13, 0, 0, -19, 0, 13, -1, 0, 0, -3, -16, -22};
weight_ih[173] = {-5, 1, -18, -9, 0, 0, -6, -14, -28, -14, -20, 4, 0, -13, 0, -9, -1, 0, 0, -9, -6, 0, -7, -7, 0, 0, 0, 0, -19, -9, 0, 0, 0, -6, 0, -8, 0, -1, -3, -4, -15, 0, -8, 2, 0, -13, 0, 0, 0, -8, 0, -10, 0, 0, -10, -10, -7, -6, -4, 0, -9, 0, 0, -4, 0, -7, 0, 0, 0, -1, -2, -2};
weight_ih[174] = {-17, 20, 17, 16, 0, 0, -26, -83, -22, -51, 13, 4, 0, -35, 0, -10, 36, 0, 0, 8, -67, 0, 9, 39, 0, 0, -7, 0, -18, -29, 0, 0, 0, -29, 0, 55, 0, -34, 21, 2, -51, 0, 33, -3, 0, -65, 0, 0, 0, -31, -14, 5, -40, 0, 23, -42, 8, -23, -66, 0, -6, 0, 0, -33, 0, 3, -28, 0, 0, -13, -12, 8};
weight_ih[175] = {-6, 8, -24, -11, 0, 0, 17, -3, -8, -4, 49, -25, 0, 15, 0, -25, -32, 0, 0, 0, 5, 0, -29, -4, 0, 0, -2, 0, 41, -9, 0, 0, 3, -32, 0, 39, 0, -2, -5, -24, 9, 0, -14, 1, 0, 54, 0, 0, -1, -5, -3, 42, 7, 0, 14, 16, 13, 14, 16, 0, -40, 0, 0, -10, 0, 1, 9, 0, 0, 1, 14, 11};
weight_ih[176] = {5, -1, 16, 6, 0, 0, 6, 13, 29, 13, 22, -5, 0, 13, 0, 9, 1, 0, 0, 8, 5, 0, 7, 6, 0, 0, 0, 0, 18, 10, 0, 0, 0, 6, 0, 7, 0, 2, 3, 4, 14, 0, 5, -2, 0, 11, 0, 0, 1, 9, 0, 9, 0, 0, 12, 10, 7, 5, 4, 0, 7, 0, 0, 4, 0, 6, 0, 0, 0, 1, 2, 1};
weight_ih[177] = {-11, -18, -3, -17, 0, 0, -39, -9, -8, -15, 47, 1, 0, 3, 0, 27, -1, 0, 0, 7, 2, 0, -10, 29, 0, 0, -12, 0, 25, -38, 0, 0, -6, -6, 0, 34, 0, 20, 10, 2, -7, 0, -5, -2, 0, 13, 0, 0, -17, -8, -14, 48, 21, 0, 15, 24, 14, 32, 26, 0, 0, 0, 0, -17, 0, 23, 15, 0, 0, -15, -8, 4};
weight_ih[178] = {66, 5, -10, -15, 0, 0, 38, 9, 26, 30, 26, 45, 0, 10, 0, 17, -49, 0, 0, 12, -17, 0, -36, -12, 0, 0, -14, 0, -18, 33, 0, 0, -1, 25, 0, 22, 0, 14, -1, 0, 35, 0, 2, -1, 0, -12, 0, 0, 8, 3, -37, -26, -22, 0, 12, 73, 24, -47, -2, 0, 34, 0, 0, -2, 0, 25, -19, 0, 0, -1, 23, 7};
weight_ih[179] = {-30, -16, -20, -7, 0, 0, 31, 19, 41, -1, -34, 29, 0, -5, 0, -33, 61, 0, 0, 18, 22, 0, 69, -39, 0, 0, -20, 0, -3, 24, 0, 0, 0, -2, 0, -52, 0, -33, -2, 48, -31, 0, -10, -1, 0, 38, 0, 0, 10, -3, 43, -24, -30, 0, 28, -2, -24, 48, -9, 0, 2, 0, 0, -20, 0, 14, 30, 0, 0, 10, -29, -32};
weight_ih[180] = {-12, 5, -48, -10, 0, 0, 22, 13, -45, 18, 57, -28, 0, -30, 0, -46, 2, 0, 0, 19, 40, 0, 17, -21, 0, 0, -43, 0, 64, -6, 0, 0, 2, -36, 0, -35, 0, 13, -14, -28, 36, 0, -4, 1, 0, 40, 0, 0, -12, -20, 18, 22, -22, 0, 36, 18, 6, -34, 7, 0, 13, 0, 0, 5, 0, 3, 0, 0, 0, 1, 69, 29};
weight_ih[181] = {16, 50, 15, 6, 0, 0, -8, -27, 35, 15, 66, 4, 0, 14, 0, 5, 16, 0, 0, 21, -1, 0, 19, 3, 0, 0, 13, 0, 51, 30, 0, 0, 3, 7, 0, 2, 0, -1, 16, 9, -18, 0, -27, 6, 0, 15, 0, 0, 59, 4, -2, 15, 1, 0, 31, -44, -6, 24, 8, 0, -11, 0, 0, -5, 0, 6, 30, 0, 0, 1, 22, 25};
weight_ih[182] = {15, -3, -11, -17, 0, 0, -60, -25, 64, 18, -142, -24, 0, -10, 0, 18, 2, 0, 0, 22, -32, 0, -42, -21, 0, 0, -23, 0, -138, 53, 0, 0, 1, 38, 0, -30, 0, -25, -10, 32, -27, 0, -53, -3, 0, -62, 0, 0, -2, -30, 1, -4, 6, 0, -36, -30, -58, -16, 6, 0, -22, 0, 0, 1, 0, -31, 6, 0, 0, 2, -10, -37};
weight_ih[183] = {-49, 10, -80, -22, 0, 0, 41, 49, 8, -10, 19, 26, 0, 17, 0, 8, 15, 0, 0, 23, 58, 0, 63, -9, 0, 0, -75, 0, 27, -16, 0, 0, 2, -1, 0, 3, 0, -62, -62, -22, 18, 0, -19, 1, 0, -2, 0, 0, 7, -25, 17, -4, 11, 0, 8, -30, -6, -18, 42, 0, -19, 0, 0, 5, 0, -21, 10, 0, 0, 14, -69, -29};
weight_ih[184] = {-7, 3, 1, -3, 0, 0, 28, 7, -64, -24, 53, -25, 0, -19, 0, -31, 4, 0, 0, 10, -12, 0, 17, -14, 0, 0, -7, 0, 31, -71, 0, 0, 0, -2, 0, 23, 0, 19, -9, -36, -4, 0, 33, -3, 0, 31, 0, 0, 0, 28, 13, 25, -9, 0, 0, 22, -22, 4, 3, 0, -7, 0, 0, 24, 0, -21, 5, 0, 0, -3, -17, -5};
weight_ih[185] = {5, 0, 16, 7, 0, 0, 6, 13, 27, 14, 20, -5, 0, 15, 0, 10, 3, 0, 0, 8, 7, 0, 9, 7, 0, 0, 1, 0, 19, 8, 0, 0, 0, 8, 0, 7, 0, 2, 3, 5, 15, 0, 7, -2, 0, 12, 0, 0, 0, 9, 0, 9, 1, 0, 12, 10, 7, 6, 4, 0, 10, 0, 0, 4, 0, 9, 0, 0, 0, 1, 1, 2};
weight_ih[186] = {12, 32, -35, -13, 0, 0, 24, -15, 1, 47, 50, -3, 0, -7, 0, -17, -15, 0, 0, -4, 2, 0, 13, -18, 0, 0, -20, 0, 12, 2, 0, 0, -4, -33, 0, 7, 0, -40, 0, -1, -16, 0, -8, 3, 0, -9, 0, 0, -1, -18, 2, 12, 0, 0, -2, 49, 19, -5, 24, 0, -52, 0, 0, -18, 0, -41, -16, 0, 0, 4, -31, -27};
weight_ih[187] = {-17, 15, -26, -31, 0, 0, 55, 4, 6, 11, -21, -26, 0, -39, 0, 11, 3, 0, 0, 72, -23, 0, -1, -2, 0, 0, 17, 0, -11, 43, 0, 0, -2, -18, 0, -19, 0, -9, 29, 56, -38, 0, -1, 4, 0, 1, 0, 0, -3, -8, 2, 38, 9, 0, -32, -20, 30, -17, -22, 0, -43, 0, 0, 24, 0, -46, -3, 0, 0, 0, 19, 4};
weight_ih[188] = {9, -25, 49, 13, 0, 0, -5, 7, 47, -6, -74, 22, 0, 21, 0, 39, 28, 0, 0, -21, 8, 0, -14, 17, 0, 0, 4, 0, -46, -8, 0, 0, 4, 13, 0, -3, 0, -21, 8, -12, 35, 0, 12, -3, 0, 33, 0, 0, 0, 1, -5, -15, 11, 0, 23, 7, -7, -19, 44, 0, 15, 0, 0, 27, 0, -11, 5, 0, 0, -13, -9, 15};
weight_ih[189] = {-5, 0, -16, -8, 0, 0, -5, -13, -27, -13, -21, 5, 0, -13, 0, -9, -3, 0, 0, -7, -6, 0, -8, -7, 0, 0, -1, 0, -20, -8, 0, 0, 0, -9, 0, -8, 0, -2, -4, -6, -15, 0, -8, 2, 0, -12, 0, 0, 0, -9, -1, -9, 0, 0, -11, -9, -7, -6, -4, 0, -10, 0, 0, -5, 0, -8, 0, 0, 0, -1, -1, -1};
weight_ih[190] = {5, 21, 70, 10, 0, 0, -2, 7, -11, -29, 47, -7, 0, 7, 0, -17, 4, 0, 0, 12, -10, 0, -31, 43, 0, 0, 8, 0, 48, -45, 0, 0, 9, -35, 0, -1, 0, 26, -5, -27, -20, 0, 33, 1, 0, -12, 0, 0, 68, -17, 10, 67, 38, 0, -39, -18, -47, 28, -30, 0, 29, 0, 0, -16, 0, -19, 4, 0, 0, -30, -9, -11};
weight_ih[191] = {36, -17, -41, -74, 0, 0, -8, -2, 59, 28, -79, -12, 0, -13, 0, 15, 4, 0, 0, 41, 4, 0, -19, -25, 0, 0, -19, 0, -40, 86, 0, 0, 5, -47, 0, -56, 0, 19, -19, 2, -16, 0, -58, -3, 0, -20, 0, 0, 5, -29, 1, -18, -10, 0, -8, 24, -19, -19, -5, 0, -23, 0, 0, -18, 0, 6, 0, 0, 0, 27, -8, -2};
weight_ih[192] = {19, -39, -10, -55, 0, 0, -14, 34, 22, -10, -66, 24, 0, 36, 0, 32, -38, 0, 0, 37, -7, 0, 0, 0, 0, 0, -34, 0, -16, -50, 0, 0, -2, 14, 0, -4, 0, -23, -21, -1, 12, 0, -28, -1, 0, 10, 0, 0, -26, 12, -3, -15, -32, 0, 13, 18, -7, -27, 5, 0, 23, 0, 0, 5, 0, 6, -22, 0, 0, -25, 4, 4};
weight_ih[193] = {-40, -7, -8, -12, 0, 0, 48, -9, 59, -19, 6, 40, 0, 0, 0, 35, 36, 0, 0, -52, -19, 0, -16, -17, 0, 0, -10, 0, -17, 10, 0, 0, 4, 26, 0, 15, 0, 35, 41, -34, 16, 0, -9, 1, 0, 7, 0, 0, 11, -46, 9, -32, -9, 0, 15, -21, -1, -57, 27, 0, 2, 0, 0, -9, 0, 14, -5, 0, 0, 11, 23, -2};
weight_ih[194] = {6, -14, 1, -7, 0, 0, -9, -97, -19, 2, 27, 24, 0, 16, 0, 14, 27, 0, 0, -30, -63, 0, 46, -16, 0, 0, 15, 0, -3, 2, 0, 0, 0, 27, 0, 41, 0, 22, 93, 2, -1, 0, 7, 2, 0, -91, 0, 0, -21, -18, 54, 9, -23, 0, 12, -22, 16, -4, -84, 0, -4, 0, 0, -11, 0, 13, -21, 0, 0, 7, 21, -12};
weight_ih[195] = {-17, -5, -3, -5, 0, 0, 7, 20, 18, 1, -75, -11, 0, 9, 0, -47, -4, 0, 0, -2, -10, 0, -41, -46, 0, 0, -27, 0, -67, 32, 0, 0, -4, 44, 0, -35, 0, -19, -23, 74, 7, 0, -19, -3, 0, -1, 0, 0, -12, 22, -8, -1, -19, 0, -12, -54, -61, 9, 27, 0, -39, 0, 0, 21, 0, -41, -27, 0, 0, 1, 33, -7};
weight_ih[196] = {-41, -3, -7, -1, 0, 0, 33, -19, -107, 3, 73, -22, 0, -40, 0, -43, -18, 0, 0, -23, -24, 0, 9, -4, 0, 0, -28, 0, 51, -49, 0, 0, -4, 0, 0, 8, 0, -26, -2, 3, 12, 0, 40, -2, 0, 7, 0, 0, 0, -27, -7, 52, 21, 0, 5, -15, 1, -14, -5, 0, 5, 0, 0, 6, 0, 8, -13, 0, 0, 5, -4, 14};
weight_ih[197] = {-21, 22, -40, -31, 0, 0, -20, 34, -47, 30, 42, -16, 0, -6, 0, -58, -23, 0, 0, -39, 43, 0, 49, 4, 0, 0, -12, 0, 30, 4, 0, 0, 2, -13, 0, 37, 0, 19, 14, -27, -17, 0, -34, -4, 0, 5, 0, 0, -6, -30, 20, 1, 6, 0, 33, -14, 13, 10, 38, 0, -29, 0, 0, -29, 0, 11, -21, 0, 0, 3, -23, -46};
weight_ih[198] = {20, 1, 17, 1, 0, 0, -7, -115, 7, -32, -36, 3, 0, 14, 0, 30, 20, 0, 0, -64, 54, 0, -42, -17, 0, 0, 30, 0, 54, -6, 0, 0, 1, -4, 0, 30, 0, -52, 33, 2, -36, 0, -18, -2, 0, -17, 0, 0, -6, -23, 43, 10, 30, 0, 35, -39, -42, 7, -1, 0, 31, 0, 0, -16, 0, 66, -17, 0, 0, -12, -52, 26};
weight_ih[199] = {-1, 14, -20, 0, 0, 0, -16, 15, 12, 51, -34, 2, 0, 14, 0, -26, 11, 0, 0, 37, 1, 0, -2, 22, 0, 0, -19, 0, 12, 72, 0, 0, 1, -11, 0, 10, 0, 5, -38, 35, 28, 0, -19, 5, 0, 28, 0, 0, 11, 43, 14, 12, 66, 0, 7, 2, -17, 6, -6, 0, -7, 0, 0, 25, 0, -17, -24, 0, 0, 5, 57, 5};
weight_ih[200] = {4, -25, -33, -27, 0, 0, -3, -21, 9, 32, -59, -2, 0, -19, 0, -36, 40, 0, 0, -11, -33, 0, 8, -30, 0, 0, 45, 0, -31, -2, 0, 0, -1, -17, 0, -8, 0, -28, 39, 1, 54, 0, -3, 1, 0, -42, 0, 0, 0, 70, -12, -34, -23, 0, 58, -24, 35, 6, -38, 0, 13, 0, 0, 8, 0, 34, -16, 0, 0, 1, 85, -8};
weight_ih[201] = {47, 5, -49, -21, 0, 0, -18, 77, -9, 38, 24, -16, 0, -19, 0, -36, -8, 0, 0, 40, 19, 0, 16, -15, 0, 0, -52, 0, 17, 45, 0, 0, 4, -20, 0, -30, 0, 18, -20, 8, -23, 0, -24, 1, 0, -24, 0, 0, 33, -27, -25, -18, -11, 0, -30, 5, -48, -11, 26, 0, 26, 0, 0, 27, 0, 43, -9, 0, 0, 23, -25, 0};
weight_ih[202] = {-50, 28, -45, 4, 0, 0, -12, 49, 23, 35, -70, 30, 0, 58, 0, -48, -30, 0, 0, 63, 8, 0, 1, 2, 0, 0, 15, 0, -15, 39, 0, 0, 2, 46, 0, -9, 0, -55, -11, -24, 20, 0, -7, 3, 0, 33, 0, 0, 2, 54, 0, -3, 29, 0, -43, -4, 30, 37, -23, 0, -8, 0, 0, 16, 0, -39, 3, 0, 0, 6, 20, -4};
weight_ih[203] = {-54, 26, 41, 28, 0, 0, 47, -10, 54, -18, -7, 12, 0, 34, 0, 11, 62, 0, 0, 42, 6, 0, 86, 27, 0, 0, -26, 0, -40, 23, 0, 0, 1, 13, 0, 10, 0, -15, 15, -1, 33, 0, 32, 2, 0, 38, 0, 0, 1, -22, 2, -12, -55, 0, -22, -86, 8, 9, 11, 0, 7, 0, 0, 14, 0, -23, 7, 0, 0, 2, -11, -13};
weight_ih[204] = {-6, 2, -68, -49, 0, 0, 31, -2, -51, -30, 82, -15, 0, -16, 0, -18, -13, 0, 0, -4, 3, 0, -9, -30, 0, 0, -14, 0, 75, -63, 0, 0, -8, -15, 0, 3, 0, 0, -7, -50, -4, 0, -31, -3, 0, 59, 0, 0, -1, -4, 1, -20, 0, 0, 0, 30, 0, -28, -12, 0, -35, 0, 0, -32, 0, 21, -4, 0, 0, -11, 4, 4};
weight_ih[205] = {7, -2, 53, 25, 0, 0, -31, -7, 84, 15, -88, 21, 0, 8, 0, 42, 18, 0, 0, 23, -20, 0, -7, 28, 0, 0, 3, 0, -72, 68, 0, 0, 11, -13, 0, 0, 0, 7, 9, 21, -25, 0, 0, 4, 0, -64, 0, 0, 18, -28, 0, 8, 0, 0, -27, -27, -32, 7, 9, 0, -4, 0, 0, -10, 0, -26, 6, 0, 0, 19, 3, -12};
weight_ih[206] = {30, -14, -24, -17, 0, 0, -39, -21, -23, -2, -20, -7, 0, 13, 0, -5, 40, 0, 0, -14, 8, 0, 30, -20, 0, 0, -6, 0, -11, -23, 0, 0, -3, -54, 0, 20, 0, -17, 33, -13, 17, 0, -30, 2, 0, 13, 0, 0, -20, 8, 9, -52, 21, 0, 43, -13, 11, 8, 6, 0, -5, 0, 0, 6, 0, 34, 12, 0, 0, -11, 29, 15};
weight_ih[207] = {-21, 15, -30, -32, 0, 0, 10, -30, 13, 16, 11, 29, 0, -15, 0, 10, 42, 0, 0, -28, 33, 0, 47, -22, 0, 0, 1, 0, 12, 42, 0, 0, 1, -30, 0, -5, 0, 21, 8, -29, 5, 0, -1, 6, 0, -4, 0, 0, 0, -13, 31, -34, -17, 0, 0, -47, -13, -21, 9, 0, -1, 0, 0, 23, 0, 14, -29, 0, 0, 7, 7, 2};
weight_ih[208] = {8, -8, -24, -12, 0, 0, 13, 20, -22, -35, 40, 1, 0, -10, 0, -16, 5, 0, 0, 20, -1, 0, 18, -17, 0, 0, -5, 0, -2, -8, 0, 0, 1, 16, 0, -33, 0, 0, -13, -5, 51, 0, 17, -2, 0, -4, 0, 0, 22, 10, -27, 2, -2, 0, -26, 32, 20, -4, -49, 0, 13, 0, 0, 21, 0, 3, -31, 0, 0, -3, 31, 22};
weight_ih[209] = {-13, 18, -23, -35, 0, 0, 20, -36, 5, 58, 10, -17, 0, -39, 0, -20, 6, 0, 0, 39, -34, 0, 40, 37, 0, 0, 17, 0, -52, 32, 0, 0, 3, 12, 0, 31, 0, -22, 30, 17, -33, 0, -3, -6, 0, 3, 0, 0, 27, -13, -34, -46, -25, 0, 23, -28, 36, -2, 13, 0, -21, 0, 0, 17, 0, 6, -32, 0, 0, 13, -54, -8};
weight_ih[210] = {-5, 1, -17, -6, 0, 0, -6, -12, -30, -13, -21, 4, 0, -14, 0, -11, -2, 0, 0, -8, -6, 0, -8, -5, 0, 0, 0, 0, -19, -9, 0, 0, 0, -6, 0, -7, 0, -2, -3, -4, -14, 0, -6, 2, 0, -11, 0, 0, 0, -10, 0, -9, -1, 0, -11, -9, -7, -5, -4, 0, -7, 0, 0, -4, 0, -7, 0, 0, 0, -1, -2, 0};
weight_ih[211] = {-35, 33, -22, -28, 0, 0, -11, 49, 19, -26, -14, -2, 0, 32, 0, 20, 17, 0, 0, 13, -8, 0, 3, 17, 0, 0, -29, 0, -14, 40, 0, 0, 2, 10, 0, 4, 0, 51, 5, 3, 37, 0, -1, 7, 0, 34, 0, 0, -30, 23, 23, 20, 21, 0, -32, -65, -82, 17, 0, 0, -36, 0, 0, -12, 0, -46, -9, 0, 0, 18, -14, 15};
weight_ih[212] = {19, 2, 2, 17, 0, 0, 22, -3, 6, -15, -28, -1, 0, -8, 0, 10, 23, 0, 0, 80, 7, 0, 34, -13, 0, 0, 2, 0, 26, -3, 0, 0, 3, -2, 0, -16, 0, -20, 14, -23, -1, 0, -26, 7, 0, 29, 0, 0, 10, -3, 2, 47, 1, 0, 13, 9, 20, 40, -17, 0, -3, 0, 0, 20, 0, -5, 24, 0, 0, -5, 85, -26};
weight_ih[213] = {32, -40, -4, -9, 0, 0, 16, 25, 18, -40, 14, 30, 0, 37, 0, 15, 13, 0, 0, -2, 29, 0, -25, -36, 0, 0, 28, 0, -4, -28, 0, 0, -4, 27, 0, 36, 0, -4, -20, -11, 54, 0, 14, -1, 0, -7, 0, 0, 23, 27, -1, -6, -14, 0, -28, 42, 38, 39, 19, 0, -12, 0, 0, 16, 0, 3, -8, 0, 0, 7, -3, -26};
weight_ih[214] = {5, -1, 18, 6, 0, 0, 7, 14, 30, 14, 20, -5, 0, 14, 0, 11, 1, 0, 0, 9, 6, 0, 7, 4, 0, 0, 1, 0, 19, 9, 0, 0, 0, 4, 0, 8, 0, 2, 3, 4, 14, 0, 6, -2, 0, 12, 0, 0, 0, 9, 1, 9, 0, 0, 10, 9, 7, 6, 4, 0, 6, 0, 0, 4, 0, 7, 0, 0, 0, 1, 2, 0};
weight_ih[215] = {32, -11, 20, 29, 0, 0, -19, 6, 39, 24, -57, 3, 0, -12, 0, 1, -15, 0, 0, 0, -17, 0, -1, -31, 0, 0, -3, 0, -40, 31, 0, 0, 9, -29, 0, 35, 0, 9, -19, 8, 14, 0, -4, 6, 0, -28, 0, 0, 14, 28, -3, 32, 11, 0, 8, -26, -7, -11, -5, 0, -42, 0, 0, 27, 0, -31, 4, 0, 0, 10, 9, -5};

Bias_ih (8 bit):
 {-166, 523, -240, 80, -22, -534, 576, 591, -299, -268, -84, -115, 725, 109, 385, -100, -75, 152, -23, -573, -821, -192, 155, -297, -62, 66, -510, 521, -150, -148, 519, -208, -492, -737, 181, 221, 51, 549, 362, 516, -155, -116, -527, 317, 826, 233, -29, 1181, 254, 226, 139, -181, -274, 251, 515, -749, 520, -523, -132, 788, 282, -411, 434, -156, -115, -519, -511, 326, -117, 176, -74, 641, 470, -14, 57, 314, 154, -29, 519, 667, 370, 416, 115, 50, 450, 650, 460, -97, 529, 468, 590, 405, -130, 259, 233, 193, -131, -159, 17, 270, -56, 698, -7, 893, 585, -317, -421, 132, 689, 387, -108, -14, 1272, 559, -13, 251, 713, 221, -162, 408, 539, 505, 370, -178, 69, -148, 3, 387, -11, 550, 82, 698, 432, 50, 181, 469, 206, 14, 6, 170, -79, 576, -4, 126, 226, 170, 42, 220, 147, 176, -400, 26, 283, 301, 310, 198, 91, 120, -22, 168, -20, 96, 58, 131, 232, -20, 12, 20, -1, 78, 181, -91, 282, 243, 174, -195, -44, 155, 583, 56, 403, -16, 203, 164, 267, 33, 173, 328, 94, 118, 295, 129, 107, -275, 144, 284, 42, 303, 170, -75, 177, 40, -308, 212, 54, 256, -149, 52, 224, 177, 174, 224, 204, 96, 91, 44};
Weight_hh (8 bit):
weight_hh[0] = {9, 2, -17, 8, 14, -4, 22, -1, -3, -4, 3, -22, 75, 29, 17, 12, -20, 1, 40, -5, 1, 37, 4, 21, 22, 10, -3, -2, -5, 64, 2, 37, 18, 2, -41, 17, 52, 24, -9, 4, 26, -30, -4, 4, -32, -49, 2, 1, 12, -4, 46, -26, 23, 19, 5, 8, 2, -14, -17, 31, 23, -16, 36, -14, -26, -6, -5, -2, 15, 11, 28, -43};
weight_hh[1] = {8, 3, 1, -24, 12, -3, 27, 31, 18, -44, 12, 36, 25, 16, 2, -12, -8, 11, 6, -11, 11, 28, -41, 19, -40, -2, -2, 7, 5, 10, 2, 7, -4, -12, 19, -6, 20, 20, -17, 3, 0, 8, -3, -11, -35, -19, 4, -48, -14, 9, 3, 3, -17, 6, 3, -8, 3, -1, 42, -48, -14, 5, -18, -7, 3, -2, -3, 19, 43, -23, -8, -46};
weight_hh[2] = {-2, 4, -30, -26, -10, -4, -32, 2, -11, -31, -8, 9, -18, -3, 17, 43, 0, -17, -6, -6, 46, -51, -29, 14, -15, 7, -4, 13, 5, 15, 4, 8, -25, -9, -3, -18, 8, 11, 7, 5, 2, -6, -4, 0, -2, 4, -3, -25, -7, -12, -1, 39, -16, 16, 4, 2, 4, -10, 29, -12, -6, 17, -6, 7, 0, -4, -4, 6, 32, -24, 28, 1};
weight_hh[3] = {-10, 8, 39, -12, -36, -7, -10, -3, 9, -2, 12, 17, -41, -24, -8, 51, -14, 5, -12, -7, 25, -30, -19, 42, 0, -15, -7, -42, 14, -5, 8, 22, 9, 9, -51, -23, -7, -12, -15, 7, 45, -17, -6, 3, -39, 32, 12, -26, 11, 21, 9, 56, -4, -1, 7, -23, 8, -7, 3, 16, -5, 62, 2, -1, -18, -6, -7, 12, -6, 13, -6, 15};
weight_hh[4] = {18, 11, -16, 19, 1, -10, -3, -13, 1, -31, -3, -12, 20, 5, 0, 9, -42, 18, -1, 10, -12, -5, -25, 1, 25, 6, -11, 3, -12, 7, 11, 18, -12, -4, -10, 2, -14, 2, 3, 12, 8, 8, -10, -21, 31, 15, -4, 41, -19, -2, -13, 3, -2, -2, 11, -5, 7, -24, -29, -1, 0, -13, 0, 8, -20, -8, -12, -7, -7, -17, 1, 3};
weight_hh[5] = {-6, 8, 5, 1, 3, -8, -3, -1, 0, -1, -4, 4, 4, -2, 1, 0, 2, -1, -1, -1, -2, -2, -3, 0, -3, 1, -8, 2, -4, -2, 8, 0, -2, -2, -2, 2, 1, -1, 5, 8, 0, -2, -8, 1, 1, -3, -7, -1, 1, 2, 5, -1, -3, 3, 8, -2, 8, -2, -2, 2, 2, -1, 2, 0, 2, -8, -8, 3, 1, 1, -1, -2};
weight_hh[6] = {-5, 8, 5, 1, 3, -8, -3, -1, 0, 0, -4, 4, 4, -2, 0, 0, 2, -1, -1, -2, -3, -2, -3, 0, -3, 1, -8, 2, -4, -2, 8, 0, -2, -2, -3, 2, 1, -1, 5, 8, 0, -1, -8, 1, 1, -3, -7, 0, 1, 1, 5, -2, -4, 2, 8, -2, 8, -3, -2, 2, 2, -2, 2, -1, 2, -8, -8, 3, 0, 0, -2, -3};
weight_hh[7] = {-14, 9, -9, -8, -8, -9, 9, 2, -9, 0, -6, 4, -4, -16, -8, 10, -8, 4, -2, -2, -5, 5, -13, 2, -13, 8, -9, 8, -8, 4, 9, 1, -1, -1, -11, 4, 8, 1, 5, 9, 7, 8, -9, -1, 1, 0, -4, 1, 0, 10, -9, 4, -10, 6, 9, -14, 9, 3, 3, 0, 3, -6, -6, 9, 7, -9, -9, 0, -17, -14, 8, -17};
weight_hh[8] = {-4, 1, -4, -15, 59, -2, -4, -26, 8, 16, 5, 0, 34, 6, -8, -20, 21, -36, -23, -48, -36, 11, 20, 24, -8, -7, -1, 17, -36, 40, 1, 0, -5, -13, 11, 4, 10, 15, -4, 2, 7, -26, -1, 5, 9, 15, 4, 1, 6, -2, 15, -39, 1, 1, 1, -11, 2, -23, -40, -25, 7, -34, -31, 1, 13, -1, -2, 32, -36, -50, 35, -10};
weight_hh[9] = {20, -7, 5, -30, 21, 7, -10, -13, -24, -17, 9, -22, 20, 30, -9, -41, -9, -22, 2, 25, -14, -1, -22, -34, 7, 24, 7, 3, -24, -12, -7, -19, 0, -12, 22, 9, 35, 20, 15, -7, -2, -4, 7, 19, -13, 4, 12, -17, 9, -3, 20, 3, 12, 31, -7, -2, -7, -11, -8, 24, -11, 11, -5, -24, -31, 7, 7, 17, -4, 6, -7, 9};
weight_hh[10] = {23, 14, 23, 45, 6, -12, -38, 37, -19, -40, 26, -5, -24, -25, 8, -19, -18, 1, 43, 27, -15, 10, 30, -13, 17, 14, -12, -25, -14, 7, 14, 13, -30, -18, 37, -5, -37, 4, 10, 12, 2, 22, -9, -6, 0, 9, 4, 23, 28, -25, 8, -6, -12, 44, 12, -34, 9, 41, -14, -15, 28, -38, -23, 67, -9, -12, -12, -16, -18, 16, 1, 8};
weight_hh[11] = {-2, 2, -12, -39, -19, -2, -50, -1, 21, 9, -7, 6, -13, 0, -32, 19, 6, 2, 33, -17, -3, 13, -23, -47, -13, -21, -2, -4, 27, -37, 3, -5, 28, -4, -4, -5, -30, 35, 8, 2, 11, -24, -2, 1, 25, 32, -6, -16, 3, 8, 7, -3, -10, -5, 3, 4, 3, -25, 9, 4, -73, 3, 24, -12, 2, -2, -2, -16, -19, -10, -3, 11};
weight_hh[12] = {-16, 10, -27, 23, -24, -10, 2, 24, -42, -64, -11, 2, 41, 3, -26, -32, 26, 25, 38, 23, -2, 42, 15, 11, -12, 12, -10, 6, -33, -37, 10, 19, 7, -12, 17, 1, -71, -17, 10, 10, -36, 8, -10, -19, -19, -17, -7, -8, -12, 3, -36, 23, -2, 13, 10, -42, 10, 18, -15, -16, 33, 29, 16, -29, 1, -10, -10, 8, -21, 13, -24, 2};
weight_hh[13] = {12, -11, 29, 11, 26, 12, -34, -37, 22, 27, -1, 1, -4, -42, -13, 12, 10, 6, -38, -25, 33, 6, 5, 29, -4, -32, 12, -24, 25, 11, -12, 17, 8, 12, -10, -33, -58, -19, -16, -11, 14, -40, 11, -13, -12, 9, 6, -15, 21, 0, 32, 32, 15, -36, -11, -17, -11, 8, -5, -46, -30, 17, 8, 1, 20, 11, 10, 12, 1, -26, -11, 47};
weight_hh[14] = {-1, 2, -1, 14, -27, -3, -15, -6, 12, 13, -8, 17, -12, -4, -42, 5, -4, 3, 17, 8, -22, 14, -10, 10, -18, 0, -2, -22, 1, -3, 3, 13, -4, -6, 8, 19, -34, -7, 7, 2, 15, -5, -2, 6, -4, 14, -6, -12, 9, 2, -5, -5, -23, 2, 2, -12, 3, 3, -5, 2, 5, 9, 7, 35, 16, -3, -2, 1, -16, 17, -2, -37};
weight_hh[15] = {-6, 8, 5, 1, 3, -8, -2, 0, -1, 0, -4, 4, 4, -1, 1, 0, 2, -2, -1, -2, -3, -2, -3, 0, -3, 2, -8, 2, -3, -2, 8, 0, -2, -3, -2, 2, 2, 0, 5, 8, 0, -1, -8, 1, 1, -2, -7, 0, 1, 2, 4, -2, -3, 2, 8, -2, 8, -3, -1, 2, 2, -2, 2, -1, 1, -8, -8, 3, 1, 1, -1, -3};
weight_hh[16] = {40, -4, -15, 8, -24, 4, -27, -4, 21, -10, -4, 2, -18, 5, -5, 7, 5, 14, 19, -1, -7, -31, -4, -14, -13, 8, 4, 35, -4, 22, -4, 15, -22, 16, -7, 16, 6, -1, -11, -5, -5, 14, 4, -14, -13, -35, 6, -24, 3, -23, 19, -27, -16, 5, -5, 19, -4, 14, -11, -34, 1, 0, 1, 14, 8, 4, 4, 3, 8, 8, -22, 17};
weight_hh[17] = {-5, 8, 5, 0, 3, -8, -2, -1, 0, 0, -4, 4, 4, -2, 0, 0, 2, -1, -1, -1, -3, -2, -3, 0, -3, 1, -8, 1, -4, -2, 8, 0, -2, -2, -2, 2, 1, -1, 5, 8, -1, -1, -8, 1, 1, -3, -6, -1, 0, 1, 6, -2, -3, 3, 8, -2, 8, -2, -2, 3, 3, -2, 2, 0, 1, -8, -8, 3, -1, 0, -2, -2};
weight_hh[18] = {-3, 13, 28, -3, -23, -13, -30, -33, 23, -37, -1, -16, 16, -3, 24, 7, -20, -12, -27, -9, 13, -21, 5, 19, 16, 1, -13, -3, 38, 3, 13, 31, 8, -4, -15, -24, -35, -5, -6, 13, 33, -22, -13, -23, 16, 9, 0, 15, 19, -11, 20, 13, -6, 1, 13, 0, 13, -35, 31, -23, -21, 5, 24, -20, -7, -13, -13, -10, 33, 37, 1, -9};
weight_hh[19] = {-2, 2, -10, 2, 7, -2, 10, 0, 8, 1, 2, -16, 20, 12, -11, -6, 3, 14, -3, -8, 6, 12, 11, 2, 12, -10, -2, 9, 17, -16, 2, 7, -4, 6, -11, -11, -3, 2, -5, 2, -7, 8, -2, -6, 9, -11, 4, 9, -9, -2, 2, 2, 4, -3, 2, 2, 2, -3, 4, -2, 7, 5, 7, -9, -11, -2, -2, -6, 17, -4, -5, 2};
weight_hh[20] = {-10, 15, 23, -9, 9, -15, 0, 12, 13, -2, -10, 15, 3, -22, 12, -12, -20, 30, 4, 3, -36, -3, 8, 8, 3, 27, -16, 7, 1, -3, 15, 5, -2, -3, -1, 20, -2, -7, 8, 15, 29, -4, -15, 11, 4, -12, -7, -21, 1, -10, 6, 3, -35, 15, 15, 17, 15, -3, 12, -7, 17, -29, -2, -6, 26, -15, -15, 22, -37, 15, -9, -8};
weight_hh[21] = {-5, 7, 11, -23, 1, -7, -38, -17, -2, -7, -8, -6, -40, -9, -20, -1, 13, -42, -30, -1, -7, -25, -36, 8, -11, 7, -7, 1, -13, 28, 7, 8, 3, 5, 1, -6, 21, 0, -6, 7, 22, -11, -7, 6, -2, 2, -5, -10, -7, 15, 3, -4, -2, 4, 7, -43, 7, 0, 2, -9, -14, 29, -8, -3, 0, -7, -7, 28, 1, -11, 36, -10};
weight_hh[22] = {46, -12, 13, -16, -17, 12, -8, -6, 19, 3, 4, -9, -15, 17, 8, -6, 16, -3, 9, -2, -18, -3, -4, -26, -8, -11, 12, -5, 3, 14, -12, 4, -7, -2, 22, 15, 1, 19, 4, -12, 11, -23, 12, -3, -23, 28, -1, 15, 10, -17, -9, -16, -6, -11, -12, 7, -12, 0, -9, 1, -26, -23, -5, 11, 5, 12, 12, -6, -20, 7, -22, 10};
weight_hh[23] = {3, 5, -22, -17, 29, -5, -6, -14, 12, 2, -1, -8, 25, 5, -2, 22, -15, -3, -5, -25, -2, -3, -10, -11, 3, -6, -6, 7, 10, -15, 6, -5, -3, -5, -16, 2, 0, -4, 9, 5, -5, -7, -5, -16, 26, -1, -4, 30, -7, 4, 13, 2, -9, 0, 5, -7, 5, -35, -7, 6, -12, -27, -4, 15, -4, -6, -5, -10, 16, -19, 2, 5};
weight_hh[24] = {12, 4, 13, -14, 11, -4, -13, 8, 21, 7, -7, 33, -16, 0, -2, 5, 12, -12, 8, 11, -24, 6, -7, 0, -27, -18, -5, -17, 0, 15, 5, 14, -7, -12, 1, 19, -11, -7, 5, 4, 7, -9, -4, -9, -13, 8, -14, -20, 7, 5, 0, 11, -16, -4, 4, 0, 4, -2, -15, -22, -16, -16, -2, 2, 10, -4, -4, 18, -3, 0, -14, -4};
weight_hh[25] = {-13, 13, 4, 6, -2, -13, 2, 1, -17, -14, -3, -3, 13, 1, -1, -8, -3, -4, 6, -1, 9, -17, -8, -3, -10, 7, -13, 17, -13, -5, 13, -1, -8, -7, -4, -4, 4, 5, 1, 13, -6, 11, -13, 6, 13, -8, -7, 5, -10, -2, -2, -5, 3, 12, 13, -7, 13, -11, 0, -4, 6, 9, 5, 5, -6, -13, -13, 3, -12, 2, 0, -9};
weight_hh[26] = {10, 5, 25, -20, -3, -4, 9, -37, 12, 51, 1, 8, 47, 3, -19, 1, 23, 64, 4, 13, -57, 57, -1, 8, -5, -22, -4, -42, -33, 17, 3, 51, 52, 0, -16, 8, 21, 6, 39, 5, 18, 11, -4, -52, -32, 17, -5, 16, 24, 18, 27, 12, -11, -20, 4, -31, 4, -17, -11, 6, -31, -1, 16, -38, -19, -5, -4, 10, 13, 7, -61, 21};
weight_hh[27] = {0, 4, 4, 9, 3, -4, -13, -2, 10, 7, -2, 16, -28, 5, 11, 8, 8, -6, 5, 8, -8, -11, -16, -1, -8, -3, -3, -20, -2, 4, 3, -1, -2, -5, 14, 6, -8, -7, 7, 4, -4, -12, -3, 9, -3, 9, -2, -4, -3, 0, -3, 17, -6, 3, 3, -4, 4, 3, -13, 3, -15, -3, 8, 5, 8, -3, -3, 13, 9, -2, 3, 14};
weight_hh[28] = {-11, 14, 3, 2, 1, -14, 0, 1, -7, -7, -8, 4, 8, -3, 0, 3, 3, -1, 3, -6, 1, -4, -2, -3, -6, 8, -14, 10, -5, -6, 14, -3, -1, -9, -1, 0, 3, 0, 10, 14, 0, -3, -14, 3, 1, -1, -9, 1, 2, 1, 2, -1, -6, 11, 14, -2, 14, -3, 1, 4, 2, 4, 5, -3, 0, -14, -14, 3, -2, 2, 0, 0};
weight_hh[29] = {-5, 8, 4, 1, 3, -8, -2, -1, 0, 0, -4, 4, 4, -2, 0, 1, 2, -2, -1, -2, -2, -2, -3, 0, -4, 1, -8, 1, -3, -1, 8, 0, -2, -2, -2, 2, 2, -1, 5, 8, 0, -2, -8, 1, 1, -2, -7, -1, 1, 2, 4, -1, -4, 3, 8, -2, 8, -2, -2, 2, 2, -1, 2, 0, 2, -8, -8, 3, 1, 0, -1, -2};
weight_hh[30] = {2, 3, -51, 31, -20, -2, 18, -25, -5, -19, 2, -14, 13, 27, -4, 0, -14, 20, 71, -2, -32, 34, -40, -16, -5, 1, -3, -4, -16, -58, 3, 9, 14, -10, 21, 17, -11, 7, 27, 2, 5, -19, -2, 21, 23, -23, 2, 8, 11, -35, 59, -32, -1, 4, 3, -20, 2, -30, 7, 11, -46, -59, 22, -39, -18, -3, -3, -5, 27, -20, 34, 6};
weight_hh[31] = {-9, 13, 5, 8, 1, -13, 3, 0, -9, -13, -6, 1, 10, 11, 11, 1, 7, 8, -3, -5, -3, -5, 7, -6, 7, 10, -13, 10, -2, -8, 13, -7, -4, -9, 4, 3, 7, 2, 10, 13, -8, -1, -13, 6, 11, 0, -12, 3, 0, -7, 4, -6, -1, 10, 13, -7, 13, -11, 3, 13, 4, -14, 13, -3, -9, -13, -13, 0, -1, 6, -5, 5};
weight_hh[32] = {-6, 8, 4, 2, 3, -8, -2, -1, 0, 0, -4, 5, 3, -2, 0, 1, 3, -1, -1, -1, -2, -1, -3, 0, -4, 1, -8, 1, -4, -1, 8, 0, -2, -3, -2, 3, 2, -1, 5, 8, -1, -2, -8, 0, 1, -2, -7, -1, 1, 1, 5, -2, -4, 2, 8, -2, 8, -2, -2, 2, 3, -1, 1, 0, 2, -8, -8, 3, 1, -1, -1, -3};
weight_hh[33] = {-4, 9, -1, 30, -27, -9, 5, 15, -6, 0, 5, -2, 0, -14, -7, 4, 12, 19, 14, 9, 13, 8, 6, -6, -1, 22, -8, 1, -7, -16, 9, 7, -8, -24, 17, 32, 0, -7, -8, 9, 5, -6, -9, -4, -5, 7, -5, -1, 13, -2, -25, -11, 3, 23, 9, 16, 9, 24, 17, -14, 13, -4, -1, 0, 13, -9, -9, 14, 8, 21, 17, 0};
weight_hh[34] = {0, 0, -16, 2, -14, 0, 9, 5, -44, -11, -1, 5, 18, 7, 36, 11, -15, 23, -16, 12, 26, 3, 14, -30, 9, 23, 0, 8, 27, -5, 0, -21, -32, -1, -1, -2, -52, -6, 2, 0, 23, -1, 0, 1, 13, 12, 0, 1, -26, 14, 62, 1, 6, 17, 0, -42, 0, -26, -4, 78, -15, -31, 51, 14, -18, 0, 0, -7, 2, 16, 12, 6};
weight_hh[35] = {-14, 12, 26, 0, 5, -10, 29, -4, -4, 5, -16, 23, -14, -52, 15, 37, 10, -2, -4, 16, -61, 13, 1, -27, -30, -7, -9, -23, -27, -25, 13, 26, 1, -3, -12, 8, -38, 6, 10, 13, 7, 44, -15, -25, -21, 66, -16, -53, 42, -8, -15, 70, -18, 4, 11, 11, 14, 3, 3, -15, -1, 9, -6, 45, 74, -9, -10, 8, 0, 11, -10, 39};
weight_hh[36] = {4, 2, 18, 21, 29, -2, -18, -32, 16, -17, -3, -20, -39, 8, 6, 42, -32, -9, 6, 6, -2, -22, -13, 9, 0, -22, -1, 5, -53, 36, 2, 39, 4, -10, -15, -10, 44, 8, 16, 2, 24, 9, -2, -22, -10, -15, -1, -6, 13, 49, -21, -32, 19, 28, 2, 28, 2, 4, 29, -22, 34, 56, 29, -21, -12, -2, -2, 16, -18, 5, 59, -41};
weight_hh[37] = {35, 14, 21, 5, 10, -18, 4, -8, 15, -7, 12, -1, -8, 25, 30, -13, -108, -22, 3, 23, -16, -10, 16, -59, 34, -3, -23, -20, 16, 14, 17, 106, -39, 37, 52, -22, -16, 5, -1, 27, 125, 3, -14, -51, -71, -9, -9, -34, 4, -22, 4, -22, -20, 49, 20, 0, 27, -10, 3, 11, -1, 3, 16, -33, -38, -14, -19, -11, 12, 4, 11, -6};
weight_hh[38] = {2, 1, 2, -13, 3, -4, -39, -22, 12, 13, 2, -21, -7, 28, 20, 9, -13, -13, -6, 20, 10, 5, 59, -7, 28, -48, -3, -58, -23, 4, 1, 94, 7, -9, -26, -31, -46, 7, -21, 4, 82, -34, -5, -27, -22, -29, 5, 19, 24, 64, 26, -7, -2, -25, 1, 6, 3, -43, 17, -13, -41, -16, 21, -25, -20, -3, -4, -13, 13, -41, -10, 3};
weight_hh[39] = {16, -2, -19, -29, -1, 2, 12, -9, 10, 22, 5, 0, 3, -15, -6, -1, -23, 18, -7, -3, 3, 10, -20, -5, -3, -9, 1, -10, 21, -21, -2, 12, -10, 27, -3, -9, 8, -1, -6, -2, 5, -4, 2, -12, -10, 3, 3, 7, 3, 5, 24, -5, -18, -13, -2, -25, -2, 10, -6, 15, -20, -23, 4, -14, -1, 2, 2, -19, 11, -2, -3, 31};
weight_hh[40] = {10, -9, -3, -4, 5, 9, 0, -2, 11, 13, 1, 6, -10, -4, 1, 3, -1, 1, 1, 4, 3, 7, -2, 0, 2, -8, 9, -11, 3, 7, -9, 2, 3, 5, 3, -2, -1, -3, -8, -9, 3, -4, 9, -6, -7, -2, 4, -6, 1, 3, -1, 6, -1, -10, -9, 7, -9, 8, -5, -4, -1, -3, -4, 1, 5, 9, 9, -2, 4, -3, -1, 2};
weight_hh[41] = {-6, 8, 5, 1, 3, -8, -2, -1, 0, 0, -5, 4, 4, -2, 0, 1, 2, -2, -1, -2, -2, -2, -3, 0, -4, 1, -8, 2, -3, -2, 8, 0, -2, -3, -3, 3, 2, -1, 5, 8, 0, -1, -8, 1, 1, -2, -7, -1, 1, 1, 5, -1, -4, 2, 8, -2, 8, -2, -2, 2, 2, -2, 2, 0, 2, -8, -8, 3, 1, 0, -1, -2};
weight_hh[42] = {-6, 11, 7, 1, -1, -11, -2, 1, -7, -9, -5, -4, 13, 9, 6, -7, 4, 10, -7, -8, -5, -7, 5, -6, 8, 8, -11, 7, 8, -7, 11, -6, -2, 0, 6, -3, 4, 1, 6, 11, -2, 2, -11, 2, 8, -1, -5, 8, -3, -5, 6, -3, 3, 9, 11, -9, 11, -11, 5, 9, -2, -9, 2, -2, -9, -11, -11, -5, -6, 11, -11, 7};
weight_hh[43] = {-12, 13, -6, -9, 4, -13, -5, 3, -6, -15, -10, 2, 2, -8, 1, -5, -3, 1, 4, -11, -4, -13, -7, 8, -15, 12, -13, 8, -8, -13, 13, 1, -2, -11, 1, 11, -2, -5, 7, 13, 4, 5, -13, -5, -10, 11, -7, -4, -1, 16, -1, 3, -16, 8, 13, -11, 13, -12, 12, 1, 5, -16, -17, 6, 10, -13, -13, 7, -3, -3, -3, -17};
weight_hh[44] = {12, -5, -7, -2, -3, 5, 2, -10, -1, 1, 10, -1, -1, 4, -13, -26, 6, -11, -13, -2, -2, 10, 2, -1, 13, -6, 5, -4, 10, -15, -5, -8, -6, 12, 11, 11, -13, 1, -4, -5, 2, -2, 5, -1, -1, 7, 7, -17, 2, -6, 2, -16, 5, -12, -5, -22, -5, -11, 5, 10, -5, -3, -9, 26, -4, 5, 5, -14, -5, -9, -18, 17};
weight_hh[45] = {-6, 8, 4, 1, 2, -8, -3, -1, 0, 0, -4, 4, 4, -3, 0, 1, 2, -1, -1, -1, -2, -2, -3, 0, -4, 1, -8, 2, -4, -2, 8, 0, -2, -2, -3, 2, 1, -1, 5, 8, 0, -1, -8, 1, 1, -3, -6, -1, 1, 2, 4, -1, -4, 2, 8, -2, 8, -2, -2, 2, 2, -1, 2, 0, 2, -8, -8, 3, 1, 0, -1, -3};
weight_hh[46] = {36, 3, -22, -39, 21, 1, 17, -11, -10, -38, 16, -31, 44, 19, -7, -15, -103, -3, 8, 20, -41, -9, -29, 10, 23, 3, -1, -16, -4, 11, -4, 42, -2, -7, 53, -27, 13, 22, 22, -3, 23, 8, 2, -58, 15, 11, 7, 14, 33, 36, 35, -15, 2, 44, -2, -5, 3, -15, 28, 10, -17, -52, 19, -15, -63, -2, 2, -42, -16, 0, 17, 3};
weight_hh[47] = {-10, 4, -30, 7, 12, -6, -11, 22, 20, 45, -21, 32, -20, 6, -25, 7, 11, 32, 17, 29, 11, 38, -13, 1, -37, -32, -5, -30, -1, 14, 5, -30, 10, -1, -19, 32, -4, -3, -3, 3, -46, 2, -4, 28, 17, -1, -8, 0, -26, 36, 17, -14, 8, -37, 6, 10, 6, 20, -3, -17, -16, 23, -15, -15, 31, -6, -5, 21, -13, -13, 25, -43};
weight_hh[48] = {16, -3, 23, -1, -7, -1, 42, 40, 10, -55, -8, 25, 1, 6, 26, 55, -12, 10, 49, -13, 10, -39, 1, 8, -14, -34, -2, -56, -18, 49, 2, 101, -36, 21, -97, -37, 13, 4, -19, 2, 41, 8, -2, -63, -45, -6, -7, -21, 7, -26, 28, 55, 3, -17, -3, 2, -1, 16, 0, 16, 23, 12, 6, 24, 0, -1, 0, -4, 13, -11, -42, 27};
weight_hh[49] = {8, 2, 54, -21, -3, -2, -34, -28, 26, 0, -8, 5, -7, 2, -4, -25, -6, -16, -32, -58, 2, -31, -9, 8, -2, -9, -2, -3, -3, 16, 2, 8, 8, -8, -4, -36, -2, 20, -11, 2, 15, -39, -2, -16, -19, 16, 12, -31, 4, 15, -9, -7, 1, 3, 2, -18, 2, -8, -9, -15, -11, 13, -10, 27, -12, -2, -2, 13, -19, 14, -22, 43};
weight_hh[50] = {2, -2, 10, -4, -12, 2, 33, -1, 8, 24, 3, 21, -39, -39, -20, -21, 1, -20, 3, -8, -8, 30, 15, 8, -22, 3, 3, -72, 14, -27, -2, -13, -19, 17, -9, -10, -15, -2, -4, -1, -7, -7, 2, 17, -24, 11, 7, -21, 13, -7, 7, -5, -14, 2, -1, -24, -2, 41, 3, 33, 22, 5, -11, 37, -3, 2, 2, -6, 4, -44, -37, 49};
weight_hh[51] = {5, 11, 44, 32, -51, -8, -28, 27, -11, 18, -9, 29, -14, -25, -4, -16, -49, -18, -56, 5, -8, 6, -7, -36, -31, -14, -3, 2, -4, -24, 9, 5, -10, -8, 2, 16, -47, 5, 23, 6, 57, 70, -6, -32, -81, 46, 1, -39, -6, 41, -20, -33, -13, 30, 13, -32, 2, -6, 44, -1, 3, 21, -7, -19, -24, -11, -10, 5, -24, 52, -43, 27};
weight_hh[52] = {0, 7, 12, -3, -2, -7, 7, 8, 1, 8, -16, 7, -4, -10, 6, -8, 22, -2, -3, -23, -38, 2, 7, -7, -4, 12, -7, -1, 6, 1, 7, 11, 18, -1, -1, 32, -3, -14, 11, 7, 18, 15, -7, 26, -6, 11, -7, 5, 10, -21, -4, -10, -21, -5, 7, -14, 7, -2, 8, -18, -8, -16, -12, 33, 24, -7, -7, -1, -28, 25, -8, -19};
weight_hh[53] = {-4, 3, 1, -12, -32, -3, 0, -6, 4, 4, -14, -7, -7, -31, -32, -7, -12, -29, -25, 3, -24, 14, -4, 5, -25, 5, -3, -4, -8, 20, 3, -2, 6, -9, -7, 22, -27, 1, -5, 3, 1, -7, -2, -45, -19, 29, -4, -26, -8, 1, -9, -20, -21, 1, 2, -6, 3, 4, 11, -4, -30, 31, -9, 30, 29, -2, -2, -7, 3, -18, 12, 14};
weight_hh[54] = {-12, -2, -14, -88, -39, -2, -5, 11, -21, 12, 0, 22, -48, 9, -27, -2, 5, 20, 32, -27, -43, -18, -10, 15, -1, -10, -2, -2, 20, 17, -1, 0, 9, -3, 13, -16, 28, 8, -18, -4, 9, 42, -4, -11, -13, 1, -3, -3, 3, -33, 20, 33, -28, 1, 5, -18, -4, 20, -18, 9, -35, -14, 3, -3, 9, 4, 3, 20, 13, 15, 6, -32};
weight_hh[55] = {3, 1, 17, -17, 13, -1, -16, -7, 16, 17, 5, 13, -11, -37, -35, 1, -25, 7, -11, -21, -13, -5, -36, 24, -4, -16, 0, 3, -18, 35, 0, 16, 1, 32, 0, -4, -5, 1, 8, 1, 11, 10, 0, -5, -13, 8, 19, -26, -15, 2, -34, -20, -26, -7, 1, 11, 0, -6, -5, -20, 3, 18, -6, 9, 21, -1, 0, 26, -33, 3, -1, -6};
weight_hh[56] = {-4, 7, -10, 44, -88, -8, 70, -2, -11, 13, -14, 11, -18, -4, 26, 3, -25, 10, 73, 55, 21, -7, -20, 9, -17, 33, -8, 5, -7, 45, 10, 29, 53, -25, -12, 59, 29, 45, 8, 7, 12, 8, -9, -22, 12, -18, -22, -5, -8, -29, 2, -19, 5, 2, 7, 27, 9, 9, -14, 0, -20, -12, 10, -17, -22, -9, -8, -10, -11, 21, 0, 2};
weight_hh[57] = {-3, 0, 46, -29, -10, -1, -29, -6, 16, 34, -3, 10, -16, -4, -25, 34, 20, 15, -14, -4, -39, -31, -3, 9, 1, -14, 0, -30, 14, 10, 1, 22, -39, -7, 26, 2, -2, -2, 30, 0, 10, 35, -1, -1, -12, 16, -4, 19, 22, -1, 0, -28, 2, -41, 0, -28, -1, -20, 12, -36, -33, -1, -19, -12, -6, 0, 0, -7, -5, 24, 10, -51};
weight_hh[58] = {-13, 7, -1, -3, 9, -7, 4, 3, 7, 9, -12, 14, -8, -16, 4, 5, 4, -14, -20, -23, 13, 1, -10, 9, -10, -3, -8, -6, 4, 7, 8, 10, -5, -1, -18, -21, 8, -7, -1, 7, 8, -5, -7, -4, -6, -4, -8, 0, 2, 13, 3, 17, -22, -3, 7, -8, 7, -2, 1, 1, 3, -2, -7, 11, 5, -8, -8, -3, 16, -11, 15, 6};
weight_hh[59] = {36, 3, 14, 2, -20, -4, -3, -3, 22, 16, -4, 6, 10, -57, 2, 16, -8, -12, 1, -48, -25, 37, -10, -1, -19, 1, -2, -1, 5, 21, 3, -9, -5, -1, -10, 3, 1, 12, 10, 5, -1, 0, -4, -12, -19, 15, -1, -15, -16, -14, 11, -6, -13, 5, 3, -19, 4, 11, 20, -39, 29, -23, -26, -6, 23, -2, -2, -16, -2, 32, -4, 0};
weight_hh[60] = {0, 10, -3, 2, -11, -10, 16, 11, -14, -13, -4, -9, 17, 13, 4, -16, -4, 0, -9, -2, 7, -9, -2, -14, 6, 9, -10, 7, 4, -8, 10, 1, -2, -12, 3, 4, 16, -7, 10, 10, -8, 2, -10, 3, 13, -6, -2, 1, -6, -19, -1, -16, -2, 9, 10, -7, 10, 4, 6, 5, -1, 2, 6, -7, -10, -10, -10, -3, -2, -13, 4, 3};
weight_hh[61] = {-12, 14, -1, 10, 6, -14, -1, 4, -14, -1, -8, -7, 16, 2, -16, -15, -9, 3, 6, -4, 4, 3, -7, -10, -28, 8, -13, 5, -4, -11, 13, -2, -2, -3, 3, 10, 13, 5, -2, 14, -3, 6, -14, -2, 1, -13, -6, 4, -1, 3, -10, -7, -2, 6, 14, -1, 14, 2, 0, -6, 7, -6, 2, 0, -1, -13, -13, 10, -10, 4, 0, -4};
weight_hh[62] = {-10, 14, 10, 2, 4, -14, -5, 3, -3, 0, -14, 8, 4, -5, 2, 4, 7, 1, -3, -9, -6, -2, -1, -4, -9, 6, -14, 1, -1, 2, 14, 0, 3, -8, 1, 7, 4, -6, 9, 14, 5, -6, -14, -2, 1, 7, -14, -2, 8, -6, -1, -5, -13, 11, 14, 4, 14, -5, 7, 5, 3, -1, -5, 5, 9, -14, -14, 11, -2, 4, 1, -1};
weight_hh[63] = {2, 12, 12, -1, 11, -12, 4, 7, 11, 3, -9, 25, -11, -2, 18, -2, 14, 8, 10, -6, -18, 11, 7, 16, -1, 5, -12, -16, 10, 0, 12, 2, -4, -25, 20, 14, -1, 8, 15, 12, 8, -5, -12, 2, 2, -9, -15, -8, 14, -2, 20, 9, -28, 8, 12, 8, 12, 3, -4, -4, 2, -34, -7, -17, -7, -12, -12, 6, -8, 12, -15, 0};
weight_hh[64] = {-7, 2, -11, 58, -5, -2, 6, -3, -17, -6, -3, -2, -13, 1, -20, -10, -2, 13, 43, 3, -14, -17, 9, -20, 0, 41, -2, 1, 6, -4, 2, -9, 0, -28, 32, 20, 36, 5, 9, 2, 8, 35, -2, 23, -20, -13, -2, -5, 8, 6, -8, 15, 1, 51, 2, -10, 2, 0, -38, 2, 16, -35, -35, 61, 6, -2, -2, 14, 5, -8, -22, -24};
weight_hh[65] = {8, -19, 10, -9, 13, 20, -6, -15, -2, 7, 23, -23, -4, -4, -18, -33, 20, -25, -33, -16, -18, -11, 6, -21, 22, -12, 20, 5, 17, -10, -19, 2, -4, 19, 15, -23, -5, -43, -14, -19, 8, 6, 19, 1, -12, -15, 18, -21, -12, 10, 16, -22, -8, -10, -20, 2, -20, 17, -2, 2, -27, -2, -25, 33, -12, 19, 20, -26, 1, -5, 30, -8};
weight_hh[66] = {-5, 8, 5, 1, 3, -8, -2, -1, 0, 0, -4, 4, 5, -1, 0, 0, 2, -1, -2, -1, -3, -1, -2, 0, -3, 1, -8, 2, -4, -2, 8, 0, -2, -2, -2, 2, 1, -1, 6, 8, -1, -1, -8, 1, 1, -3, -7, -1, 1, 1, 5, -2, -3, 3, 8, -2, 8, -3, -2, 3, 3, -2, 2, 0, 1, -8, -8, 3, 0, -1, -2, -2};
weight_hh[67] = {-3, 7, -9, -14, 12, -7, -12, 6, -5, -4, -18, -16, -6, -17, -31, 14, -22, -3, -12, -6, -21, -14, -32, -1, -33, 16, -7, -9, -9, 0, 7, 12, -15, -14, 5, -11, 7, 14, 10, 7, 1, -5, -7, -8, -9, 0, -4, -17, 7, 8, -10, 31, -4, 9, 7, -8, 7, 6, 19, 20, -16, -7, -1, 17, 6, -7, -7, 15, -3, -8, 12, 10};
weight_hh[68] = {-5, 10, -9, -1, -1, -10, 0, -10, -5, -11, -8, -9, 10, 0, -10, 2, -1, -3, 1, 1, 8, 2, -13, -1, -14, 6, -10, -1, -7, -3, 10, 5, 3, -6, 0, -8, -11, 3, 12, 10, 0, 6, -10, -9, -10, 3, -3, 0, 8, 6, -2, -10, 0, 12, 10, -9, 10, -3, -3, 8, -1, 6, -1, 5, -3, -10, -10, 9, -1, -8, 7, 0};
weight_hh[69] = {-1, 2, -11, -12, -2, -2, 11, 31, -9, 3, -1, 15, 34, 25, -26, -6, 1, 9, 0, -15, 37, 5, 13, 8, -3, -16, -2, 35, 28, 11, 2, -3, -12, 12, -21, -22, -1, -4, -2, 2, -1, 24, -2, -2, 6, 7, 1, 22, -15, 25, 21, 8, -8, 10, 2, -14, 2, -34, 23, -10, 3, 6, 7, -21, -14, -2, -2, -14, 43, -48, 0, 10};
weight_hh[70] = {-5, 8, 5, 0, 3, -8, -2, -1, 0, 0, -4, 4, 4, -2, 1, 0, 2, -1, -1, -1, -3, -2, -2, 1, -3, 1, -8, 2, -3, -2, 8, 0, -2, -2, -2, 2, 1, -1, 5, 8, 0, -1, -8, 0, 1, -3, -6, 0, 1, 1, 5, -1, -4, 2, 8, -2, 8, -3, -2, 3, 2, -2, 2, 0, 2, -8, -8, 3, 1, 0, -2, -2};
weight_hh[71] = {12, 11, 5, 0, -11, -11, 14, 1, -8, -7, -12, -8, 9, 16, 6, -9, -3, 2, 1, -8, 2, -11, 3, -25, 6, 11, -11, -2, -3, 0, 11, 9, -8, -15, 23, 12, 5, 9, 5, 12, -2, -8, -12, -5, 2, -6, -7, -2, 5, -16, 0, -22, -2, 8, 11, 5, 11, 1, 4, -6, 1, -4, -5, 0, -11, -11, -11, 2, 3, -3, -14, 18};
weight_hh[72] = {0, 14, -20, -54, -30, -10, -24, -3, 30, 20, -5, 4, -55, -25, 24, 14, 11, -14, -4, -4, -1, 21, -48, 13, 2, -13, -11, 45, -46, 27, 11, -35, 38, 19, -6, -19, 4, -16, -8, 10, 33, 29, -11, -43, -19, -41, -12, -6, -23, 6, 5, 44, -12, -16, 10, -9, 10, 21, -8, -32, -26, 25, -4, 18, 36, -9, -8, 0, -9, 48, -49, -30};
weight_hh[73] = {-1, 1, -28, -22, 4, -1, 49, 9, 4, 82, 5, -9, 24, -22, -12, -30, -43, 2, -20, -37, -1, 15, 7, 18, 22, -6, -1, 3, 6, 24, 1, 11, 1, 21, 10, 19, 28, 4, 6, 1, 39, -1, -1, -44, -21, 32, 5, 25, -40, -9, 2, 4, -5, -39, 1, 1, 1, -11, 37, 9, 8, -34, -20, 0, 13, -1, -1, 12, 4, -21, -35, 75};
weight_hh[74] = {-31, 17, -31, 15, 6, -17, 65, -27, 26, 55, -17, 3, -45, -23, -26, -24, 31, -62, 47, 33, -28, 9, 8, 5, 31, 14, -17, -45, 5, 54, 19, 43, 4, -15, -22, 55, 6, -33, 6, 20, 41, 21, -25, 4, -18, 27, -12, 7, -8, -8, -53, -70, 6, -1, 24, 76, 24, 22, -1, -39, 39, -45, -4, 100, 39, -28, -29, 25, 10, -48, 13, -56};
weight_hh[75] = {6, 2, -18, 13, 35, -1, -61, 29, -33, -54, -15, -5, 42, 11, 29, -34, -1, -30, 25, 23, 34, 34, -26, -31, -27, 31, -3, 41, -7, -23, 3, 1, -39, 12, -5, -22, -35, -31, -13, 3, -31, -37, -1, -52, -8, -24, -9, 8, 14, 6, 17, 13, -53, 10, 2, 43, 2, -6, 6, -20, 37, -30, 12, 8, 23, -2, -2, -12, -30, -14, 5, 23};
weight_hh[76] = {42, 6, 13, 20, -16, -5, 34, 18, 46, -12, -18, -29, 15, 42, -7, 18, -27, 15, -20, -12, -2, 2, 19, -21, -40, 15, 0, 16, -33, 10, -1, -9, -27, -34, -28, 75, 35, 17, 42, 4, 12, -12, -7, -5, 8, 7, 0, 3, -7, 1, -8, -20, 26, 78, 6, -56, -2, 12, 13, -11, 9, -25, 16, -22, -19, -3, 1, 52, 12, -2, -12, -12};
weight_hh[77] = {3, -1, 1, -1, 3, 1, 0, -1, 3, 3, -1, 2, -1, 1, -2, 1, 1, -1, -2, -2, -2, 1, 1, 2, 2, -2, 1, -2, 2, 3, -1, 0, -1, 5, 1, -1, -1, 1, -2, -1, 0, -1, 1, -2, 1, 1, 2, 2, 0, -3, -1, 5, -1, -5, -1, 1, -1, 0, 0, -2, -1, -1, -2, 0, 1, 1, 1, -1, 1, -1, -1, 3};
weight_hh[78] = {2, -1, 2, -1, 3, 0, 0, -1, 2, 2, -1, 2, -1, 1, -2, 0, 0, 0, -2, -2, -2, 1, 1, 3, 2, -2, 0, -2, 2, 2, 0, 0, -1, 5, 0, -2, 0, 1, -2, 0, -1, -1, 0, -2, 2, 1, 2, 2, 0, -3, -1, 5, -1, -4, 0, 0, 0, 0, 0, -2, -1, -1, -2, 0, 2, 0, 0, -1, 0, -2, -1, 4};
weight_hh[79] = {-32, 16, -23, 19, 10, -16, 35, -9, 3, 45, -20, 30, -3, -5, 0, 13, -9, -25, -11, -56, 47, 3, -10, 28, -18, -29, -16, 6, 15, 16, 17, -5, 35, -20, -52, -5, 31, -12, 2, 16, -5, -4, -15, -15, -15, -8, -13, -6, -11, 9, 7, 29, -18, 7, 17, -16, 17, -11, 17, -10, 17, -11, -15, 17, 16, -16, -17, 1, 58, -29, 29, 27};
weight_hh[80] = {-17, 6, 22, -1, 28, -7, -33, 10, 17, 17, -11, -1, -7, -5, 9, 7, 14, -22, -1, -28, 25, -53, -8, 25, 9, -6, -10, -8, -55, 0, 8, -25, -44, 15, -38, -36, 21, 25, 15, 17, -6, -24, -20, 9, -69, 19, 0, -2, 2, 7, -12, 54, -14, 35, 19, 38, 14, -24, -45, -19, 1, -7, -14, 47, 14, -10, -6, 23, -10, -28, -59, 37};
weight_hh[81] = {-9, 7, 47, -4, -50, -9, 31, -17, 7, -25, -1, 23, 15, 31, 23, 22, 0, -16, 17, -10, 37, 19, 26, 9, 4, -7, -11, 26, 9, -17, 10, -27, -5, -5, -12, -26, 9, 5, -1, 9, 5, 13, -9, 5, 3, -10, -7, 18, -54, 1, 34, 16, 9, 27, 15, 8, 8, -7, -40, 46, -1, 35, -12, -38, -29, -9, -16, -13, 30, 20, -77, 45};
weight_hh[82] = {-15, 7, -39, 17, -11, -5, 28, -29, 11, 29, -33, -11, 13, -15, 7, 52, -3, 10, -45, -102, 76, 12, 14, 60, 34, -25, -1, -1, 34, -10, 5, -21, 27, 45, -85, -50, 12, 9, -35, 5, 19, 3, -1, -29, 6, 2, -22, 24, 4, -5, -6, 48, 7, -42, 1, -15, 6, -9, -24, -13, 6, 56, 37, -18, -5, -7, -1, -20, 28, 29, 25, 28};
weight_hh[83] = {-30, 14, 31, 16, 20, -15, 48, 29, -14, 14, -19, 11, 14, 15, -23, 29, 27, -2, 42, -31, -33, -92, 23, 81, -21, 33, -16, -24, 24, 49, 13, 4, -17, -6, -13, 1, 34, 26, -16, 14, 2, 83, -11, -13, -30, -52, -18, -68, 7, -20, 39, -34, -7, -29, 21, -64, 19, -38, -6, 21, 17, 32, -60, 17, 2, -14, -14, -16, 35, -20, -64, -16};
weight_hh[84] = {-13, 19, -1, -14, -33, -23, 105, 1, 25, 33, -27, 45, 67, 1, -52, -21, 12, 69, -26, -65, 2, 53, 36, 67, -27, 5, -15, -45, 13, -20, 28, -22, 21, -38, -9, 3, -43, -15, 15, 32, -39, 25, -17, -45, -25, -29, -32, 7, -8, 17, 0, 31, -27, 6, 18, -60, 16, -25, -40, -43, -19, -20, -12, 38, 4, -24, -28, 20, 36, -13, -107, 63};
weight_hh[85] = {-20, 7, -17, -42, -11, -6, 50, 3, -30, 56, -28, 4, -13, -27, 9, -9, -28, 1, -18, -7, 18, -6, -5, -16, -28, -41, -13, 5, -11, -25, 12, -71, 19, -17, -42, 12, 42, 28, -12, 8, 13, 67, -7, -6, -9, 41, -6, 20, -20, 16, -8, 23, 1, -14, 12, -33, 10, 31, -16, 52, 1, -8, -29, 32, 16, -9, -4, 18, -2, 33, -2, 4};
weight_hh[86] = {-30, 30, 28, 19, -30, -25, 57, 45, 0, 31, -27, 40, -3, 59, -8, -28, -13, -50, 19, -17, 46, 30, -65, 37, 29, 0, -33, -72, 1, -37, 27, 16, -1, -11, -27, -15, 60, 9, -37, 32, -15, 5, -32, 22, -7, -5, -25, -40, -17, 3, -20, -3, 20, -25, 23, 18, 25, 97, 54, -52, 28, 45, -22, -21, -59, -26, -34, -12, 21, -5, 39, -21};
weight_hh[87] = {2, 0, 1, -1, 2, 0, 0, -1, 2, 2, -1, 2, -1, 0, -2, 1, 0, -1, -1, -2, -2, 1, 1, 2, 2, -2, 0, -2, 2, 2, 0, 0, -1, 5, 0, -1, -1, 1, -1, 0, 0, -1, 0, -2, 1, 1, 2, 2, 0, -2, -1, 5, -1, -4, 0, 1, 0, 0, 0, -2, -1, -1, -2, 0, 2, 0, 0, 0, 1, -1, 0, 3};
weight_hh[88] = {-18, 14, -21, 40, 24, -21, -28, -16, 33, 31, -24, 26, -18, 7, -26, 25, 39, -21, 6, -27, -15, -71, -57, 31, -12, 16, -18, -50, 0, 16, 12, 5, -40, -33, -5, 15, 30, -63, 45, 19, -21, -29, -10, 39, -25, 36, -16, 10, -12, 25, -19, 4, -16, 7, 12, 61, 24, -44, -41, 15, 44, -10, 6, 68, 14, -21, -18, 6, 30, -39, 31, -43};
weight_hh[89] = {3, 0, 2, -1, 2, 0, 0, -2, 2, 2, 0, 1, 0, 1, -3, 0, 0, 0, -2, -2, -2, 1, 1, 3, 2, -2, 0, -2, 1, 2, 0, -1, -1, 5, 1, -2, -1, 1, -1, 0, -1, -1, 0, -1, 2, 0, 3, 2, 0, -3, 0, 5, 0, -4, 0, 1, 0, 0, 0, -1, -1, -1, -1, -1, 1, 0, 0, -1, 0, -2, -1, 4};
weight_hh[90] = {35, 1, 1, -10, 17, -1, -32, 18, 26, 1, 11, -1, -27, -1, 14, 16, 9, -40, 42, 4, 49, 15, -4, 12, -1, 19, -2, 8, 14, -6, 1, -9, -5, 15, 6, 1, -12, 6, 12, 1, -12, -33, -1, -17, -4, 17, -3, 13, 11, 27, 12, 3, -9, 9, 1, 13, 1, 11, 5, -55, 12, 24, -3, 4, -11, -2, -1, -3, -8, -6, -25, -17};
weight_hh[91] = {3, 3, 10, -9, 8, -3, 3, 0, 26, 25, 2, -9, -4, 24, 15, -21, 25, -14, -39, -52, -13, 13, 30, 4, 1, -6, -2, 8, 8, -5, 3, 6, 6, -26, 26, -34, -3, -15, -15, 3, 13, -22, -2, -27, -17, -15, 6, 24, -10, 19, -21, 39, -24, -4, 3, -30, 3, 6, -27, -1, -14, -13, -1, 0, -21, -2, -3, -6, 40, -5, 0, 39};
weight_hh[92] = {14, -8, 4, 3, 9, 8, -49, -23, 2, 6, -16, -1, -8, 14, 0, 0, -7, 35, 1, 35, -32, -2, -11, -2, 12, -4, 7, -16, 15, 22, -7, 14, -2, 4, 19, 0, 15, 1, -19, -6, 2, -27, 7, 12, 11, -41, -4, -32, 17, 4, 13, -43, -11, -2, -7, 53, -8, -9, -17, -6, -13, -23, -9, 28, 9, 7, 7, 8, -4, 32, -33, -24};
weight_hh[93] = {-9, 18, 31, 19, 45, -29, 28, 22, 12, 2, -10, -3, 42, -12, 20, -6, -34, -4, -13, 26, 41, -20, 3, 11, 13, -12, -21, -14, -19, 27, 22, -21, -52, -22, -22, -42, -52, -17, 19, 28, 21, -3, -27, 5, -21, 13, -8, -62, 32, 38, 17, 40, -7, -12, 15, 0, 22, -52, 0, 68, 6, 1, 44, 3, 26, -21, -24, 12, -37, 3, -27, 31};
weight_hh[94] = {-11, 16, 25, -24, -14, -18, 44, 14, -11, 0, -75, 55, -12, 24, -16, -25, 4, 34, 26, -35, 9, 59, 11, -23, -34, 3, -24, -19, 6, -1, 18, -9, -18, -71, 1, 68, -23, -14, 33, 15, 6, 8, -18, 3, 6, -3, -57, 6, -15, 20, 37, 1, -33, 19, 27, 27, 16, 10, 2, -8, 31, 1, 29, -31, 26, -19, -25, 48, 5, 12, -23, -22};
weight_hh[95] = {-28, 25, 54, 26, -12, -25, 5, 13, -42, -1, -13, 9, -42, -40, 54, 59, -26, 33, -9, -20, 9, -40, 2, 30, 2, 21, -25, 34, 8, 12, 25, -10, 27, -26, -24, -4, -12, 20, 11, 25, 29, 13, -25, 14, -8, 10, -15, -34, 11, 13, 2, 60, -18, 41, 25, 53, 25, 11, -4, -16, 10, 26, 6, -11, 18, -25, -25, 19, 26, 47, -16, 12};
weight_hh[96] = {-39, 19, 29, -34, 38, -15, 15, 49, -18, -34, -21, 27, -7, -22, 23, 33, 28, -5, -23, 42, 14, -15, 17, 12, -35, -16, -18, -32, -14, 21, 14, 36, -35, -3, 7, 21, -2, 1, 7, 14, 29, -12, -16, -13, -17, -3, -32, -47, 13, 36, 10, 46, -21, -21, 19, 25, 26, 12, 20, 26, 13, 67, -22, 4, 26, -26, -20, 30, -5, -58, -33, 11};
weight_hh[97] = {9, 1, -19, 31, 53, -2, 6, 2, -6, 5, -12, -9, -1, 17, 0, -18, -11, -27, 6, 4, -9, -17, -13, 8, -7, 14, 1, 19, -9, 19, 1, 7, 17, -17, 1, 2, 6, -8, -4, 2, 0, -8, -1, 12, -2, -20, 0, 22, -11, 3, -20, 0, -12, 15, 1, -1, 2, -10, -27, -19, 6, 1, -27, 7, -11, 0, -1, 40, 17, -19, 15, -4};
weight_hh[98] = {-21, 8, -13, 26, 59, -8, 73, 36, -16, 1, -10, -20, 62, 45, -40, 3, 14, -4, 21, -28, 36, 38, 30, -9, 32, 39, -7, 21, -24, -29, 7, -10, -22, 4, 16, -22, 42, -8, 16, 8, 11, 20, -8, -47, 11, 17, -17, 16, 11, -4, 0, 5, 10, 64, 8, 33, 8, -7, 28, 19, 21, 1, 32, 1, -21, -7, -7, -25, -7, -56, -30, 26};
weight_hh[99] = {-47, 31, -8, -30, 26, -31, -51, -13, 11, 31, -31, 16, -23, 27, -1, -9, 55, -7, 11, -24, -7, -34, -1, -13, 4, -15, -35, -6, 17, 57, 35, 11, -5, -20, -17, 53, 8, 35, 38, 24, 30, -24, -30, -11, -56, -17, -40, 44, -11, 62, -8, -31, -22, 14, 35, 38, 37, -17, 5, 6, 26, -26, 8, 0, -11, -28, -28, 2, 32, -11, 21, -43};
weight_hh[100] = {2, 26, 10, -28, 0, -33, -25, 30, 87, -15, -20, 0, -2, 11, 25, 38, 27, 14, -16, -50, -17, -85, 33, 40, 0, -19, -25, -28, -13, 7, 28, 13, -24, -6, -20, 28, 44, -11, 10, 36, 0, -49, -28, -53, -13, 26, -24, 33, 6, -37, -5, 9, -18, 4, 35, -15, 38, -11, -39, 47, -40, -42, 14, 39, 35, -26, -28, 20, -5, 10, 15, -7};
weight_hh[101] = {2, -1, 1, -1, 2, 1, 0, -1, 2, 2, -1, 2, -1, 0, -2, 1, 0, 0, -2, -2, -2, 1, 1, 2, 2, -2, 1, -2, 2, 2, -1, 0, -1, 4, 0, -1, 0, 1, -1, -1, 0, 0, 1, -2, 1, 1, 2, 2, 0, -2, 0, 4, -1, -4, -1, 0, -1, 0, 0, -2, -1, -1, -2, 0, 2, 1, 1, -1, 1, -2, -1, 3};
weight_hh[102] = {-14, 18, 12, -15, -50, -9, 27, -96, 38, 33, -28, -8, -25, 14, -22, 67, 5, 110, 2, -34, -57, -76, 7, -5, 1, 5, -9, -19, 4, 39, 8, 7, -23, -6, -7, 23, -23, 36, 48, 13, 2, 42, -12, 21, 50, 18, -22, 29, 26, -1, -46, -54, 10, 9, 16, 24, 9, -56, -44, -6, 20, -42, 19, -23, -2, -21, -10, -28, -53, -8, -19, -69};
weight_hh[103] = {-30, 50, -7, 12, -10, -40, -36, -35, 16, -26, -41, 17, 2, 3, 18, 15, -8, -15, -9, 4, 13, 5, -6, 30, -33, -29, -44, -7, 10, -4, 39, 3, -2, -12, -57, 38, -7, 0, 10, 45, -27, 5, -43, -7, -10, 7, -36, -24, 2, -20, 15, 16, 2, 3, 51, 6, 46, 21, 1, -15, 18, 15, 10, -21, 0, -39, -39, 5, -6, -8, -9, -3};
weight_hh[104] = {2, 0, 1, -1, 1, 0, -1, -2, 1, 1, 0, 0, 0, 0, -3, 0, -1, 1, -2, -2, -2, 1, 2, 2, 1, -1, 0, -1, 1, 1, 0, -1, -1, 4, 0, -2, -1, 1, 0, 0, -1, -1, 0, -1, 2, 0, 3, 2, 0, -2, -1, 4, 1, -2, 0, -1, 0, 0, 1, 0, 0, -1, -1, -1, 1, 0, 0, 0, 0, -2, -1, 3};
weight_hh[105] = {-3, 1, -18, -32, -29, -1, -22, 27, -11, 6, -5, -4, 10, 11, -3, 18, -11, 23, 14, 25, 23, 14, 5, -14, -14, 16, -1, -18, 9, -46, 1, -6, 20, -19, 2, -4, -46, -30, 18, 1, -4, 16, -1, 2, 0, 10, -3, 0, 6, 20, -26, -11, -7, -6, 1, -24, 1, -35, -10, 34, -25, 18, 20, -41, -22, -1, -1, 9, 38, -6, -33, -18};
weight_hh[106] = {-22, 11, 2, -25, -18, -15, 25, -28, -5, 29, 3, 44, 11, 8, -6, 8, 18, -9, -30, -38, 1, 13, -2, 28, -16, -22, -11, -30, 21, 27, 16, 1, 29, -18, -11, 8, -43, -3, -10, 14, 9, -9, -11, 20, -23, -15, 10, -9, -2, 23, 13, -4, -12, 0, 12, -31, 16, -23, 25, 14, -37, 24, -2, -37, -10, -11, -10, 33, 31, -44, -15, 6};
weight_hh[107] = {-30, 24, 19, 6, -35, -32, -2, -1, -10, 31, -16, 59, -37, -28, -8, 12, -13, 3, 33, 30, -59, 51, -28, -94, -47, -5, -32, -30, -40, 46, 25, 32, 41, -19, 0, 48, -55, -14, 42, 25, 21, 34, -37, -26, -51, 53, -32, -38, 35, 18, -10, 15, -42, 16, 37, 57, 26, 25, 48, -22, -3, -35, -22, 31, 34, -30, -26, 43, -5, 63, 37, -8};
weight_hh[108] = {6, -1, 6, -18, 40, 0, -24, -55, 8, 2, 22, 2, -32, 8, -2, -26, -25, 0, -2, 31, -49, 12, -23, -15, 6, 18, 7, -19, -26, 6, 0, 40, 20, 32, 4, 20, -38, -51, -20, -5, 7, 4, 4, -15, 16, 32, 22, -23, 2, 10, -20, -55, 14, 11, -3, 15, -2, 17, -11, -30, 12, -5, 30, -38, 8, 0, 0, -4, -48, 29, 0, 66};
weight_hh[109] = {2, -9, -31, 8, 1, 9, -22, -10, -20, 10, -24, -9, -19, -4, -48, 12, -35, -4, -13, -3, 17, 0, -32, 41, -4, -31, 9, -10, -6, 2, -9, 2, 22, -8, -40, 4, -4, -2, 11, -9, -12, 25, 10, 18, 7, -1, 7, 5, -6, 29, 22, 25, 18, -18, -10, 10, -9, -1, -40, -3, -17, 17, -4, -21, -28, 10, 9, 22, -14, 26, 6, 10};
weight_hh[110] = {39, -12, 2, 22, 30, 13, -48, -66, -9, -5, 28, -14, -39, -1, 44, -29, 0, -63, -44, -1, -31, -53, -5, -17, 41, -4, 12, 16, -3, 66, -14, -27, 0, 67, -2, -51, 32, -1, 52, -13, 5, -42, 13, 51, -64, 51, 10, -11, 27, 44, 57, 21, 2, -17, -13, -54, -13, -68, -34, 112, -56, -20, 36, 57, 1, 11, 14, 6, 40, -29, -9, 2};
weight_hh[111] = {-13, 22, -7, -28, 44, -23, 18, -38, 13, -42, -41, 19, 1, 45, 30, 36, 11, 47, 4, 18, -19, -55, -42, 0, 8, 12, -19, 2, 10, 6, 23, -19, -32, -39, 11, 27, 11, 39, 21, 27, -20, -15, -25, 6, 54, -39, -21, -24, 4, 9, 13, -28, 0, 40, 26, -5, 29, -35, 9, 26, 20, 5, 37, -7, -46, -17, -29, -13, -31, -3, -32, -63};
weight_hh[112] = {-34, 31, 15, 0, 28, -34, 11, 17, -10, -8, -51, 21, -12, 41, -28, -12, 13, -3, 13, -26, 15, 39, 8, 32, -23, -16, -39, -32, 3, 5, 49, 41, -9, -21, -34, 37, -6, -14, 19, 32, 17, -11, -39, -6, 27, 5, -56, 22, -22, 47, -13, 15, 14, 10, 40, -6, 37, 2, -11, 17, -17, 14, -17, 14, 21, -38, -37, -5, 8, 5, -24, -20};
weight_hh[113] = {2, -1, 1, -1, 2, 1, 0, -1, 2, 2, -1, 2, -1, 1, -2, 0, 0, -1, -2, -2, -3, 1, 0, 2, 2, -2, 1, -2, 2, 2, -1, 0, -1, 4, 1, -1, 0, 1, -2, -1, -1, -1, 1, -2, 2, 0, 2, 2, 0, -3, -1, 3, -1, -4, -1, 1, -1, 0, 0, -2, -1, -1, -2, -1, 1, 1, 1, -1, 1, -1, -1, 3};
weight_hh[114] = {-20, 29, -1, -4, -8, -30, 40, 24, 7, 31, -33, 37, -9, -41, -15, 40, -2, 23, 28, -76, -25, 22, -10, 22, -2, -15, -29, 16, 16, 47, 24, 14, 21, -39, -46, 20, -59, -30, 10, 33, 32, 61, -39, -44, 36, 7, -43, -31, -9, -42, 10, -39, -14, 23, 35, -29, 30, -11, 28, -62, 49, -7, -45, 67, 24, -34, -31, -9, -3, -3, -14, -62};
weight_hh[115] = {1, 10, 13, 6, 11, -9, 33, 19, -35, -78, -6, -5, 17, 25, 18, 18, -3, 4, 14, 38, -19, -3, 17, -11, 30, -21, -6, -43, -20, 1, 6, 43, -42, -1, -14, -28, -17, -10, 27, 8, -9, -10, -10, -43, 13, 10, -24, -27, 17, 20, 34, -14, 28, 72, 7, -14, 6, -24, 4, 26, 27, 49, 18, -35, -37, -6, -10, -40, -17, -14, 32, 57};
weight_hh[116] = {-11, 22, 48, 33, 23, -26, -65, 27, 5, -2, -38, 26, 1, -8, -59, 11, 24, 5, -30, -71, 23, -9, -40, 29, -33, -2, -21, -26, -11, 15, 31, 7, 16, -42, -30, 21, -40, -3, 34, 31, -56, 4, -22, 16, -9, -17, -38, 28, -7, -12, -88, 25, -8, 31, 27, 85, 19, -39, -21, -60, 5, 85, -31, -60, 9, -22, -20, 3, -8, 93, -18, 42};
weight_hh[117] = {3, -1, 1, -1, 3, 1, 0, -1, 3, 3, -2, 3, -2, 1, -2, 1, 1, -1, -2, -2, -2, 1, 1, 3, 3, -3, 1, -3, 3, 3, -1, 0, -1, 5, 0, -2, -1, 1, -2, -1, 0, -1, 1, -3, 1, 1, 2, 2, 0, -3, -1, 5, -2, -5, -1, 1, -1, 0, 0, -3, -1, 0, -3, 0, 2, 1, 1, -1, 1, -2, -1, 4};
weight_hh[118] = {58, 3, -34, 8, -29, -3, -10, -3, 33, -11, 33, -15, -5, -15, 25, 25, -15, 17, 20, -31, 11, 25, -16, -17, 22, -3, -3, -20, 0, -1, 3, 18, -30, 19, -16, -17, 10, 26, -10, 3, -8, -2, -3, -6, -3, 18, 25, 19, 7, -1, 32, 4, 14, -3, 2, -12, 3, -4, -21, -8, -24, -10, 29, -2, 7, -3, -2, -31, -14, -8, -17, 1};
weight_hh[119] = {-19, -9, 25, -21, -25, 6, 40, 22, -17, -28, -18, -12, 3, -9, -1, 18, -20, -9, -2, 13, 2, -9, 1, -11, -51, 49, 10, 7, 25, -6, -10, -9, 3, -45, -8, 49, 49, -27, 65, -9, -51, 6, 9, -33, 19, -28, 6, 17, -21, -9, 21, -13, 1, 35, -13, -28, -7, 17, 58, -11, 8, 8, -1, -3, -3, 5, 11, 10, 23, -6, 27, -4};
weight_hh[120] = {-10, 7, -24, 3, -30, -6, 12, 26, -27, 2, -27, -49, 3, -21, -41, 4, -60, -8, 12, -14, 4, -17, -30, 35, -8, -18, -7, 7, -4, -16, 8, -18, 37, 12, -65, -32, 48, 22, 14, 6, -18, 3, -7, 16, 10, -15, 2, 32, -19, 27, -3, -13, 37, 10, 6, -12, 8, 33, -1, 26, -11, -15, 19, 7, -21, -9, -8, 10, 1, 18, 52, -14};
weight_hh[121] = {-42, 6, 17, 24, 50, -9, -50, 14, -57, 4, -22, 0, 21, -12, -2, -1, 18, 31, -21, 29, -10, 66, 2, -3, -34, 4, -10, 16, -28, -22, 2, -1, -22, -21, 26, 11, -7, -41, 50, 3, 1, 46, -12, 14, 7, 29, -24, 7, 15, -6, 8, 30, 14, 17, 8, 33, 10, 26, 29, -12, 13, 15, -14, -10, 30, -10, -7, 56, -16, 28, 45, -23};
weight_hh[122] = {-22, 13, 16, -24, 7, -17, -25, 45, 23, -5, -32, 25, 3, -72, -1, -7, 7, -22, -8, -17, -29, 23, 13, -27, -23, -1, -20, -17, -25, -42, 21, 1, 33, -21, -45, 22, -80, -25, 17, 18, 14, 70, -16, -46, -1, 21, -30, -12, 58, 13, 39, 28, -27, 0, 24, -5, 14, -1, 66, -58, 20, 50, -56, 37, 32, -28, -21, 15, -12, 18, 7, -30};
weight_hh[123] = {-1, -2, 30, -44, 9, 1, -26, -47, 29, -11, -18, -2, -14, 36, 19, 11, -10, 14, 23, -18, 44, -19, -33, 49, -4, 38, 2, -26, 33, -3, -1, 6, -37, -13, -31, -53, 22, 5, 6, 0, -5, -45, 1, -18, 29, 17, -13, 33, -10, -2, 5, 31, -11, 14, -2, 37, 0, 25, -51, -12, 2, -25, 14, -59, 2, 2, 2, 4, 58, -12, 91, 17};
weight_hh[124] = {53, 11, 20, -10, -26, -11, -10, -8, 29, 55, 15, 0, -4, 12, -6, -9, 20, 26, 15, 24, -73, -6, 22, -52, 14, -22, -5, -25, -29, -2, 8, 4, 16, 3, 22, -6, 12, -36, 23, 3, -1, -2, -6, 35, -32, 9, 1, 60, 3, -6, -9, -5, -17, 0, 8, 7, 5, 20, 6, 4, -28, -35, -51, -11, -12, -8, -12, 7, -23, 2, 0, 6};
weight_hh[125] = {-2, 21, 32, 14, 56, -16, 24, 1, 14, 0, -7, -1, -9, -11, 13, -20, 2, -31, 39, -4, -98, 11, -15, -31, -32, -30, -16, 2, 24, -12, 15, -8, -2, -16, 12, 5, 29, -30, 45, 18, 21, 26, -22, 18, 27, -5, -16, 51, 15, 10, -36, -30, -14, 9, 21, -1, 16, -14, 34, -34, -23, -82, -53, 13, 43, -14, -26, 17, -61, -65, 47, 3};
weight_hh[126] = {1, 16, 34, -1, 42, -11, 13, -21, 13, 33, -5, 5, -5, -39, 16, 1, 4, -78, -9, 14, -2, -5, -16, 26, -2, 1, -11, -7, 4, -34, 18, 16, 1, 7, -13, -8, 33, 12, -5, 11, 7, -14, -19, -16, -27, -28, -8, -47, 23, -26, 53, -36, -6, 3, 13, -21, 16, 16, 19, -26, -15, 14, 14, 70, 1, -11, -18, -13, 15, -43, -23, 8};
weight_hh[127] = {-14, 20, 37, -8, -25, -23, -27, 32, 23, -59, -12, 31, -12, -6, -1, -15, 85, 21, -16, 13, -38, 9, -6, 25, -19, 2, -24, 27, 27, 11, 19, -25, -53, 4, 22, 12, -34, -31, -2, 23, -38, 0, -23, -12, 3, -7, -29, -47, 1, -17, 1, 3, -64, -22, 16, 6, 18, 43, -10, -24, 1, 32, -15, 12, 32, -24, -17, -20, 25, -9, -7, 4};
weight_hh[128] = {2, -2, 1, -14, 15, 1, -13, -40, 23, 45, 1, 6, -3, -39, -32, -16, -15, -74, -17, -28, -27, 55, -29, 19, -5, -25, 0, -5, -16, -1, -1, 8, 16, 16, 4, -21, -48, 27, -15, -1, -1, -43, -1, -16, 23, -27, 9, 11, -1, 0, 26, 50, -8, -52, -2, -42, 0, -11, -5, -31, -30, -3, -2, -5, 18, 2, 0, 21, 15, -7, -57, 67};
weight_hh[129] = {23, 16, -1, -16, 16, -14, 10, 43, 49, -13, -23, -3, 5, -3, -41, -55, -14, -62, -16, -23, 13, -38, -34, -8, -44, 19, -14, 14, -3, 26, 4, -61, 33, -16, 9, 23, 27, 0, 24, 17, -26, -16, -9, -29, 10, -47, -12, 21, -21, -14, 4, -21, -34, 29, 14, -9, 5, -11, -18, 34, -12, -7, 28, 26, 22, -7, -11, 0, -36, -5, -5, 12};
weight_hh[130] = {-36, 20, -48, -19, -10, -17, 44, 4, 0, 17, -20, 12, 16, -15, -29, 13, -9, -25, 6, 4, 25, 18, -36, 36, -26, 8, -15, 6, -2, 8, 18, -4, 18, -25, -6, 6, 46, -17, 14, 19, -18, -31, -18, -7, -20, -18, -16, 26, -18, 59, -33, 13, -46, -5, 22, 24, 18, 23, -22, -3, -6, -1, -40, -6, -25, -16, -21, 7, 77, -44, 1, 8};
weight_hh[131] = {-53, 22, 68, 40, 18, -31, -61, -15, -19, 19, -22, -9, -91, -25, -28, 61, 23, 7, -3, -46, -10, -4, -12, 48, -28, 7, -33, -13, -39, -28, 29, -42, 14, -44, 26, 28, -25, 10, 36, 24, 2, 8, -24, -9, 43, 53, -29, 7, 33, 23, -18, 98, -23, 19, 29, -14, 33, -33, 23, -45, 21, 20, -77, -54, 5, -31, -34, 6, 24, 65, 27, 71};
weight_hh[132] = {-10, 11, 0, 0, -1, -13, 1, 18, 2, -24, -39, 33, 33, 0, 16, 11, -9, -3, 22, 15, 19, -17, -12, -12, -79, 25, -8, 37, -22, -17, 11, 5, -19, -12, -54, -1, 12, -30, 39, 16, -40, -5, -16, -28, 4, -20, -12, 17, 17, 2, 33, 22, 9, 35, 17, 9, 14, -13, -31, 9, -3, -5, 40, -14, -23, -13, -13, 24, 30, 5, 12, 2};
weight_hh[133] = {22, 9, 21, 14, -13, -10, 23, -2, -36, -4, -32, -24, 10, -22, -12, -7, -26, -8, -9, -34, 34, -13, -44, -43, -93, 65, -5, 9, -2, -3, 8, 20, -22, -26, 0, 33, 12, 26, 41, 13, -29, 32, -8, -13, -16, -14, 9, 11, 4, -9, 7, 42, 7, 53, 11, -13, 10, -17, 23, 5, 16, -2, -4, -5, -38, -8, -8, 39, 21, 8, 0, 34};
weight_hh[134] = {-13, 15, 0, 11, -19, -26, 0, -19, 21, -26, -33, 12, 14, 15, -6, -40, -23, -51, 11, 37, 27, 0, 3, -38, -1, 4, -22, 9, 24, -24, 18, 8, -4, -40, -40, -24, -30, -3, -13, 12, -41, 30, -19, 7, 17, -4, -18, 26, 33, 40, 24, 26, -16, -12, 20, -32, 16, -3, 51, -8, 19, 23, -9, -24, 8, -20, -16, 2, -2, -37, 49, -10};
weight_hh[135] = {18, 22, -6, 3, -35, -14, 19, 6, 87, 17, -18, -34, 54, 23, 45, 13, 7, -2, 9, -34, -17, -6, -2, -81, -50, -28, -18, 3, -11, -9, 10, -20, -27, -40, -22, 54, 25, 26, 26, 8, -25, 9, -19, -64, -13, 12, -12, 95, 34, -27, -5, -53, -8, -20, 10, -27, 17, -19, 4, 10, -2, -56, 2, -14, 41, -21, -21, -12, -34, -15, -7, 12};
weight_hh[136] = {-11, 22, 8, -7, -12, -22, -5, 76, 0, 1, -4, -7, 18, 6, 12, 12, -31, -53, 7, -2, 25, 3, 29, -33, 1, 31, -27, 18, 27, -47, 16, -26, -61, -5, -11, -25, 5, 39, 31, 25, -26, 6, -20, 15, -26, 58, 4, 16, -9, 12, 11, -6, 1, 49, 15, -12, 27, 22, 71, -18, 14, 15, -4, 5, -22, -21, -20, -2, -49, 12, 34, 2};
weight_hh[137] = {-12, 25, -39, 1, 0, -28, -35, -25, 31, 42, -26, 33, -17, -75, -18, -43, 1, 49, 29, 24, 13, 104, -11, -13, -10, 1, -31, -59, -4, -45, 30, 16, -8, -2, 31, 64, -101, -19, 1, 29, 28, -15, -30, 11, -10, 63, -21, -24, 45, -38, 13, -13, -15, -16, 24, 80, 31, 43, -23, 8, -6, -39, 28, 29, 80, -21, -27, 47, -37, -9, 17, -78};
weight_hh[138] = {2, -1, 1, -1, 2, 1, 0, -1, 2, 2, -1, 2, -1, 1, -2, 1, 0, 0, -1, -1, -2, 1, 1, 2, 2, -2, 1, -2, 2, 2, -1, 0, -1, 4, 1, -1, -1, 0, -2, -1, 0, 0, 1, -2, 1, 1, 2, 2, 0, -2, 0, 4, -1, -4, -1, 1, -1, 1, 0, -2, -1, 0, -2, 0, 2, 1, 1, -1, 1, -1, 0, 3};
weight_hh[139] = {-8, 16, 22, -11, -14, -11, -14, 42, -39, 0, -18, 11, 30, -29, -12, -22, 36, -4, -7, 7, -2, 13, -9, 21, -33, -6, -4, -14, -4, -7, 13, -22, -16, -10, 0, 39, 14, -30, -6, 8, 20, 48, -3, 24, -30, 48, 7, 9, 39, -11, 18, 7, 11, 21, 3, 15, 12, -4, -21, -48, -40, 33, -31, 56, 73, -12, -11, 73, -12, -7, 3, -67};
weight_hh[140] = {-16, 14, -14, 36, -47, -13, 14, 50, 5, -16, -24, 17, -11, 8, 44, 2, 43, 32, 45, 6, 11, 21, 21, -6, -32, 29, -22, 2, -41, -51, 24, -17, -40, -7, 28, 25, -2, -15, 9, 12, -34, 9, -20, 34, 11, 19, -18, 34, 41, -73, 19, 34, -36, -9, 13, 13, 16, 33, 7, -20, 28, -14, 17, 38, 48, -16, -14, -11, 15, 14, 45, -10};
weight_hh[141] = {6, 0, 44, -9, 1, 0, -24, -2, 12, -10, -5, -3, -7, -3, -26, 10, -18, 2, -3, 29, -36, 2, 15, -7, -11, -19, 0, -4, -15, 11, 0, 15, -11, -2, -11, -19, -47, -16, 9, 0, 20, 17, 0, 12, -13, 11, 7, -15, -2, 9, -9, 7, 5, 5, 0, 29, 0, -20, 4, -17, -6, -2, 5, 1, 22, 0, 0, 20, -19, 16, -20, 8};
weight_hh[142] = {2, -1, 1, -1, 2, 1, -1, -1, 2, 2, 0, 1, -1, 1, -2, 0, 0, 0, -2, -2, -2, 1, 1, 2, 2, -2, 1, -2, 2, 2, -1, -1, -1, 5, 1, -1, -1, 1, -2, -1, -1, -1, 1, -2, 2, 1, 2, 2, 0, -2, -1, 3, -1, -4, -1, 1, -1, 0, 0, -2, -1, -1, -2, -1, 1, 1, 1, -1, 0, -1, -1, 4};
weight_hh[143] = {18, 10, 10, -4, -22, -9, -5, 1, 44, -6, -78, 7, 33, -2, -13, 21, 25, 0, -15, -30, 15, 1, -46, -26, -60, 14, -7, 22, 17, -10, 6, -56, -11, -19, -17, 22, 3, 16, 22, 8, -50, -12, -11, -28, 18, 3, -64, 69, -18, -48, 6, -4, 7, 31, 11, -10, 8, -12, 13, 0, -3, -7, -19, -8, -13, -8, -6, 20, -20, 0, -23, 23};
weight_hh[144] = {3, -7, 27, 0, 0, 8, 34, 31, -22, 3, -3, 34, -4, -26, -30, -4, -30, 33, -16, 18, 35, 23, 56, 12, -33, 9, 4, -50, 55, -88, -5, 18, -36, -31, -2, 4, -65, -32, -23, -4, 4, 24, 10, -67, -12, 72, -5, -32, -3, 1, -17, 17, -45, -23, -7, -36, -9, 29, 35, -11, -20, -27, -13, -16, -5, 6, 11, -74, 32, 11, -46, 35};
weight_hh[145] = {-5, 0, -8, 20, -30, -5, -37, 1, 28, 21, 2, -23, -86, -2, 62, 42, -4, 33, -10, 1, 56, -68, -57, 12, -21, 25, 7, 12, -12, -1, 4, -75, -7, 11, 8, 45, 83, -13, -31, -3, -6, -37, -4, 78, -2, 23, 21, 33, 16, 23, -33, 21, 23, 3, -1, 44, 4, 74, -3, 42, 54, -25, 3, -41, 28, 6, 2, 43, 24, 14, 9, -48};
weight_hh[146] = {-17, -8, -79, -22, 20, 6, -16, 3, 16, 1, -1, -19, 12, 11, -32, -43, -18, 43, 14, 33, -84, -30, 36, -50, 49, -10, 14, 18, 32, -12, -2, 2, 10, 21, -8, -8, 24, 42, 22, -1, -13, 29, 11, -27, 7, 3, -15, -3, -43, 9, 25, -14, 27, 3, 0, -48, -12, -11, -31, 14, 31, -26, 69, -11, -14, 9, 9, -38, -48, -26, -48, -18};
weight_hh[147] = {-12, 11, 22, 36, -43, -8, 14, 57, -24, -21, 14, 1, -48, 16, 1, 22, 21, -11, 9, -3, 96, 33, 13, 34, -11, -10, -10, -20, -38, -31, 5, 39, -12, -38, -25, 40, -6, -10, 5, 1, 55, -61, 0, 4, -4, -22, 25, -65, 35, 29, 47, 13, -5, 43, 12, 22, 13, 62, 57, -14, 8, 43, -20, 22, -16, -3, -6, 34, 24, 24, -8, -12};
weight_hh[148] = {-17, -18, 26, 8, 9, 5, 21, -7, -12, 26, 29, 31, 8, 3, 9, 20, 33, -9, 25, -20, 5, 1, 34, 35, -47, -9, 11, 17, 14, 3, -16, -75, -6, -28, 48, -13, 18, 14, -35, -5, -85, -3, 15, 75, 32, -32, 18, -27, -20, -18, 4, 8, 28, -27, -3, 26, -16, 9, -10, -34, 5, 35, 5, 7, 11, 17, 6, 38, 21, 28, -42, 39};
weight_hh[149] = {14, -18, -8, -3, -3, 18, 3, -1, 2, 2, 10, -9, -8, 5, -1, -3, -3, 1, 1, 4, 3, 4, 6, -3, 7, -2, 18, -4, 6, 5, -18, 1, 5, 6, 6, -4, -4, 0, -10, -18, -1, 2, 18, -1, -3, 3, 14, 1, -1, -3, -6, 2, 8, -6, -18, 4, -18, 5, 4, -5, -5, 2, -4, 2, -4, 18, 18, -6, -1, 0, 2, 5};
weight_hh[150] = {14, -18, -8, -3, -3, 18, 3, -1, 1, 2, 11, -9, -8, 6, 0, -3, -3, 0, 1, 4, 4, 3, 5, -4, 7, -2, 18, -4, 6, 5, -18, 1, 4, 7, 7, -4, -4, 1, -10, -18, -1, 2, 18, -1, -3, 3, 15, 0, -2, -2, -6, 2, 9, -5, -18, 4, -18, 5, 3, -5, -5, 4, -4, 2, -4, 18, 18, -6, 0, 0, 2, 5};
weight_hh[151] = {-38, 5, 12, 0, 15, -3, -41, 24, -2, 10, -26, 7, -29, 25, -1, -12, 73, 39, 0, 15, -36, -10, 26, 7, -14, -33, -6, -13, -11, 13, 5, -11, 20, 4, 2, 40, -14, -54, 3, -1, -8, -3, 0, 20, 24, 31, -4, -17, 19, -24, 6, 3, 12, -13, 2, 71, 4, 14, -20, -24, 7, 25, -7, 29, 56, -6, 0, 22, -20, 16, 3, -13};
weight_hh[152] = {-1, 2, 2, 43, 38, -5, -45, 35, 6, -28, 24, -25, 62, 11, 29, -3, 90, -27, -11, -6, -30, -23, 14, -5, 13, 13, 0, -18, -90, -13, 9, 12, -78, 19, 19, 22, -1, -4, 24, 3, -31, -55, -2, 71, 3, -25, 17, -2, 34, 17, 5, -26, 32, -11, -2, 27, -1, 10, 1, -17, -11, -1, -19, 80, 6, -5, 4, 57, -26, -27, 46, -26};
weight_hh[153] = {27, -1, 18, -64, -58, 5, -13, -2, 22, -9, 4, 11, 19, -12, -3, -32, -19, 26, 16, -41, -4, 14, 0, -13, -10, 8, -4, 28, 36, -31, 3, -8, 25, -14, 14, -17, -30, 20, 13, 2, 16, 4, -2, -31, 32, 29, 0, 12, 10, -28, 2, -44, -7, 18, 3, -24, 1, -8, -7, -22, -18, 17, 25, -44, -20, -2, -1, -44, -41, 31, -85, 34};
weight_hh[154] = {-59, -4, 27, 1, -2, 0, -63, 28, -96, -48, -39, 53, 2, 25, -21, -49, -30, -5, -24, 71, -4, 21, -60, -26, -56, 20, 12, -24, -11, 18, -7, 60, 45, -33, 65, 0, -39, -1, 32, 1, 27, 29, 5, 23, -24, 14, -21, -114, -8, 72, -2, -66, 8, 10, 0, 58, 1, 22, 31, -26, -14, 10, -11, -38, -33, 12, 0, 6, -56, 40, -32, 39};
weight_hh[155] = {-13, -6, 27, 42, 26, 2, 61, -9, -74, -37, 10, 0, -1, 23, 52, -31, -25, 3, 52, 70, 15, -28, -7, 26, 8, 14, 4, 8, -21, 41, -5, -12, 11, 5, 19, -17, 46, 12, 6, -10, -24, 12, 8, 40, -29, -40, 14, -22, 1, -17, 8, 7, -9, -1, -7, 8, -1, -38, -17, 9, 34, 34, 47, -93, -17, 5, 7, -18, -9, 53, -2, 8};
weight_hh[156] = {11, 0, -17, -1, -44, 4, 58, -29, -4, 5, 12, -22, 34, 33, 2, -36, -56, 42, 1, -3, 26, 19, 46, -12, 40, 13, 2, 12, 24, -18, 1, -9, -19, 14, -22, -32, 43, 52, -13, 5, 2, 3, 0, 21, 7, -10, 8, -16, -18, -7, 35, -32, 24, 13, -1, -58, -2, -54, -8, 40, 1, -6, 26, -11, -51, -3, -3, -51, 30, 6, -76, 40};
weight_hh[157] = {10, 1, -11, -37, -14, 1, -21, -46, 77, 30, 9, -4, -40, -4, 41, 47, 10, -1, -73, -52, 27, 4, -28, -4, 23, 15, 3, -32, 30, 12, -3, 12, 25, 23, -20, -27, -20, -28, -26, 0, 4, -5, 2, -11, 11, 28, 5, 36, 27, -9, 23, -10, 0, -17, 2, 32, -3, 9, 50, 17, -16, 6, 4, -34, -3, -1, 0, -10, 31, 26, 47, -7};
weight_hh[158] = {-21, -20, 15, 2, 3, 15, 74, 29, -75, -14, 12, -5, -38, -5, -1, -1, -31, 35, 16, 48, -11, 33, 32, 57, -8, 7, 17, 36, -13, -22, -14, -40, -17, 4, 52, 5, 47, -9, -23, -8, 0, 14, 9, 9, -3, -6, 4, 72, -40, -11, -5, 25, -9, -8, -16, 39, -6, 4, -73, 84, 44, -58, 12, -36, 23, 6, 21, 3, 2, 20, -28, 22};
weight_hh[159] = {-14, 18, 8, 3, 4, -18, -1, 2, -2, -2, -11, 9, 9, -4, 1, 2, 2, -2, -1, -5, -3, -4, -6, 3, -7, 3, -17, 4, -5, -5, 18, -1, -4, -7, -7, 5, 5, 0, 10, 18, 2, -1, -18, 1, 3, -2, -15, 0, 2, 3, 5, -2, -9, 5, 18, -4, 18, -6, -3, 5, 5, -3, 3, -2, 3, -17, -18, 7, 1, 1, -1, -4};
weight_hh[160] = {-35, -20, 16, -12, 9, 12, -12, 20, -68, -13, 7, -13, -16, 23, 13, -5, -1, 19, 16, 85, 8, -12, 25, 14, 24, 12, 13, -39, 7, -25, -15, -11, 18, -17, 16, 61, -18, -21, -10, -12, -9, 15, 16, 46, 38, 30, 11, -8, 7, -20, -2, -6, 33, -2, -16, 6, -16, -7, -15, 18, 14, 23, 18, 30, -5, 17, 13, -6, -19, 34, -38, 15};
weight_hh[161] = {-14, 17, 8, 2, 4, -17, -2, 1, -2, -1, -10, 9, 8, -4, 0, 2, 2, -1, 0, -3, -4, -4, -6, 3, -7, 2, -17, 3, -7, -5, 17, -1, -5, -6, -6, 4, 5, 0, 10, 17, 0, -1, -17, 1, 4, -3, -14, 0, 1, 2, 6, -2, -9, 6, 17, -4, 17, -5, -4, 6, 5, -3, 4, -2, 3, -17, -17, 6, -1, 0, -2, -4};
weight_hh[162] = {58, 2, -12, 40, 25, -8, -16, 12, 18, -58, -10, -61, 6, 61, 13, 4, -12, -11, 13, 31, 55, -37, -15, -5, 6, 46, -1, 48, -16, -24, 1, -64, -41, -24, 31, -16, -1, 3, 34, -1, -47, -3, -7, -24, 12, -9, 6, -3, 0, -37, 22, -4, 24, 44, 4, 21, 4, 1, -1, 26, 18, 4, 25, 25, -36, -9, -6, -9, -28, -12, -6, 9};
weight_hh[163] = {-4, -14, 44, -12, -79, 11, 26, 16, -37, -13, 7, 17, 1, -16, 11, 47, 10, 6, 20, -9, 7, -2, 18, 11, -17, -1, 15, 0, -21, 12, -16, -13, -18, 2, -5, -9, 28, 68, 9, -16, -6, 10, 17, 12, 14, 16, -23, -18, -15, 5, 43, 29, 46, 1, -8, -33, -15, 5, 17, 26, 20, 10, 22, -45, 1, 10, 11, 10, -39, 40, -1, 42};
weight_hh[164] = {-44, -4, 11, 19, 24, -1, 12, 43, -89, -34, -60, 54, -32, -1, 43, -6, -7, 2, 56, 43, 12, -11, -19, -8, -62, 3, 5, -33, 4, -48, 3, 45, -10, -29, -9, 27, -51, -18, 54, 2, 79, -9, 6, 13, -47, 17, -26, -49, 3, 54, 35, 37, -27, 3, -3, -12, -1, 4, -23, 13, 10, -1, 35, 6, -2, 4, 4, 46, -7, 12, -19, 40};
weight_hh[165] = {-2, -1, -26, -62, 53, -4, -20, -61, 45, 16, -5, -10, 40, 17, 11, -24, -3, -59, -52, -18, -11, 0, 22, -70, 22, -3, -7, 43, 9, -32, 10, -32, 1, 14, 4, 8, 6, -10, -1, 5, -6, -65, -6, -36, 12, -97, -4, -22, -1, 14, 51, -60, -5, -4, 0, -58, 2, -79, 39, 29, -7, -42, 28, -73, -40, -9, -4, -5, -28, 9, -9, -56};
weight_hh[166] = {-55, 0, -7, 25, 17, 0, 10, -15, -31, 5, -14, 27, 7, -36, -8, 13, -27, 5, 17, 14, 7, 6, -4, 39, -7, 14, 1, -2, -16, -2, 0, 6, 30, -16, -18, -1, 0, -2, -12, 0, -3, 16, 0, 7, 19, -22, 1, -5, -9, 41, 8, 31, 14, -6, 0, 3, 0, -5, -12, -6, 27, 11, -10, -12, 4, 0, 0, 16, 17, 0, 15, -10};
weight_hh[167] = {14, 2, -7, -27, -35, -2, -52, 19, 54, -11, -10, -1, 12, 0, 14, -18, 47, -10, -27, -14, -33, 5, 2, -68, -2, -14, 0, -5, -10, -20, 0, 30, -3, -4, 10, 22, -48, -2, 15, 1, 10, -5, -2, -35, -6, 3, -10, 45, 4, 5, 27, -35, 11, -10, 0, 6, 0, 25, -5, -45, -44, -13, -16, 13, 17, 1, 0, -13, 5, -6, -9, -2};
weight_hh[168] = {31, 23, 13, 25, 0, -24, -47, 33, 62, 47, 14, 0, -35, 19, 19, 14, 46, 2, -12, -70, -8, 18, 19, -36, -2, -12, -9, -17, -1, 22, 23, 7, -59, 9, -46, 17, -18, -17, 2, 20, 1, 12, -24, -54, -29, 41, 5, -35, -1, 17, -14, 17, -24, 13, 20, -8, 21, -8, -33, 4, 18, 22, 19, -9, 28, -15, -18, 0, 15, 26, -11, 17};
weight_hh[169] = {7, -19, -6, -42, 13, 20, 6, 1, 9, 0, 32, -19, -5, -2, -18, 22, 4, 5, -32, 2, 26, 15, 31, -5, 46, -10, 21, -37, -35, 23, -19, 22, 8, 14, 8, 24, -31, -41, 8, -18, 39, 13, 20, -17, -44, 22, 37, -48, 21, 51, 17, 40, 35, -2, -19, 9, -19, 28, -1, 11, -15, 21, -16, -8, 16, 19, 19, -20, -4, -12, -5, -4};
weight_hh[170] = {16, -3, -6, -6, 17, 13, 25, -17, 32, 40, 8, -2, -56, -3, 9, 16, 34, -2, -11, -3, -27, -39, 32, -1, 11, -6, 12, -38, -46, -16, -2, -74, -5, 27, 20, -9, -130, -33, 35, -12, 3, -17, 11, -2, 21, 33, 4, 11, 39, -8, 6, 4, 8, -3, -6, -83, -13, -61, 0, 96, 4, -20, -6, -4, 29, 8, 4, -37, -25, -111, 32, -19};
weight_hh[171] = {-13, 5, 0, 13, 2, -6, 29, -31, -39, 23, -4, 11, -36, -1, 12, 34, 1, -29, 12, -37, 37, -5, -15, 23, 5, 5, -5, -49, 6, 7, 5, -31, -2, -12, -37, -9, -31, 13, 0, 7, -18, 45, -5, -18, -5, 26, -2, 6, -8, 22, -12, 43, 13, 10, 4, -2, 6, -15, 17, -35, 8, -4, -26, 37, 16, -3, -8, -12, 22, 1, 38, 30};
weight_hh[172] = {24, -19, 6, 26, 0, 21, 42, 9, -21, -23, 39, -37, 24, 33, 48, -13, 5, 27, 0, 17, -47, -4, 10, -44, 61, 23, 26, 6, 3, -13, -21, 5, 1, 14, 63, 17, 40, 46, -6, -17, -14, -23, 20, 0, -16, -31, 32, 23, -19, -16, 0, 1, -11, -2, -19, 0, -14, -7, -17, 16, -25, -59, 35, -5, -67, 19, 23, -10, 19, 56, -33, 39};
weight_hh[173] = {14, -18, -7, -4, -3, 18, 3, -2, 1, 2, 10, -9, -8, 5, 0, -3, -3, 1, 1, 5, 3, 4, 5, -3, 8, -2, 17, -3, 6, 4, -18, 1, 4, 7, 6, -5, -5, 1, -10, -18, -1, 3, 18, -1, -3, 2, 14, 1, -2, -3, -5, 1, 9, -6, -18, 4, -18, 4, 3, -5, -4, 2, -3, 2, -4, 17, 18, -7, -1, 0, 0, 4};
weight_hh[174] = {-26, 4, -43, 11, 5, -4, -15, 11, -17, -96, 10, -29, -21, 4, 44, -21, -2, -21, 13, -5, -10, -64, -52, 13, -15, 8, -10, -30, -33, 70, 2, -8, 8, -17, 20, 16, -26, -10, 20, -2, -41, 16, 1, 37, 33, 41, 8, 12, -13, -9, 22, -12, -5, 33, -6, -47, 5, -50, 0, -9, 8, -43, -37, 9, -4, -2, 4, 9, 22, -47, 105, -53};
weight_hh[175] = {33, -3, 11, -14, -28, 2, -14, 7, 50, 16, 1, 11, -2, -34, -1, 9, -10, -14, 20, 3, -18, 7, -18, -4, -58, -13, 4, -3, -14, 10, -2, 15, -8, 11, -2, 4, 0, 20, -9, -2, 29, 3, 2, -14, -9, 1, 10, -3, 12, 16, -14, -1, -19, -17, -2, -2, -2, 5, -7, -14, -26, 17, -21, -10, 31, 2, 3, 25, -5, 1, -2, 8};
weight_hh[176] = {-14, 17, 7, 4, 3, -17, -2, 1, -1, -1, -11, 10, 7, -5, 0, 3, 4, -1, 0, -4, -3, -2, -6, 3, -8, 1, -17, 2, -6, -4, 17, -1, -4, -7, -6, 6, 5, -2, 10, 17, 1, -2, -17, 0, 3, -3, -14, -1, 2, 2, 6, -2, -10, 5, 17, -4, 17, -4, -4, 4, 5, -3, 3, 0, 5, -17, -17, 7, 2, -2, -1, -5};
weight_hh[177] = {2, 6, -13, -50, 2, -1, -45, 13, 18, -26, 28, 0, -16, 6, 26, -10, 29, 31, -50, 8, -43, -6, 8, -37, 0, 12, -3, 15, 32, -8, 11, -37, -13, -5, 54, -23, -48, -7, 16, 13, -76, -18, -10, 53, 27, -24, 15, -19, 19, -33, 26, -93, 5, 4, 6, -8, 6, -14, -3, 56, -63, -6, 54, -7, -8, -7, -7, -3, -15, -40, 24, -30};
weight_hh[178] = {36, -3, 7, -64, -23, 2, -1, -10, 50, -7, 2, -7, 18, -5, -2, 9, -38, 21, 16, -38, -4, 4, -5, 18, -2, -45, 8, 14, 20, 15, -5, -4, -38, -1, -56, -56, 68, 21, -9, -2, -6, -7, 10, -51, 11, 6, -5, 30, 0, -1, -14, 32, -6, -8, -9, -8, -4, -28, -8, -23, -6, 1, 8, -61, 3, 8, 4, -49, -45, -42, -38, 44};
weight_hh[179] = {-17, 22, 28, 14, 45, -22, 21, -1, 2, -3, -12, 13, 13, -37, -8, 49, -12, 16, -11, 6, -33, -10, -16, -8, -25, -10, -20, 6, -44, -21, 19, 12, 3, -6, -11, 8, -2, -37, 19, 21, 6, 23, -21, -20, -3, 40, -13, -20, 28, -14, -34, 56, -26, 17, 23, 29, 21, -3, 4, -6, 35, -10, 1, 19, 55, -21, -21, 18, 3, 15, 4, 43};
weight_hh[180] = {-4, -7, -4, 18, -45, 12, 64, 19, 21, 13, -4, -35, -25, 20, -29, -45, 43, -20, 32, -4, -64, -4, 2, -28, 9, 56, 3, 44, -4, -10, -4, -64, 21, 6, 50, -15, 21, 7, -39, 0, -42, 0, 9, 56, 75, 23, 11, 20, 5, -28, -71, -57, 50, 10, -9, -12, -10, 5, -5, -40, -1, -45, -1, -5, 16, 11, 4, 6, 8, 21, 23, -37};
weight_hh[181] = {32, -34, 4, 12, 14, 25, -8, -15, 29, 4, 109, -67, 15, 29, 24, -10, 22, -12, -23, -12, 13, -5, 49, -21, 74, 6, 32, 25, 16, -4, -30, 1, -8, -42, -3, 3, 18, 13, -46, -25, 42, -4, 22, -37, 3, -17, 51, 57, 17, -40, -1, 15, -18, -7, -32, -8, -25, -12, 25, -13, 3, 0, 32, -25, -40, 21, 24, -83, 30, -7, 0, 24};
weight_hh[182] = {-15, 8, 20, 19, 38, -6, -43, -22, 26, 28, -3, 25, 4, -22, -21, 35, -66, -54, 10, -5, -8, -4, -20, 31, 12, -50, 0, -22, 33, 1, -1, 103, 28, -14, -74, -11, -12, -16, -46, -4, 125, 6, 0, -50, -60, 3, -16, -18, 11, 79, -9, 51, -23, -70, 7, -2, 11, -28, -19, 0, 5, 21, 2, -2, -22, 0, -6, -11, 26, 20, -18, 11};
weight_hh[183] = {-35, -6, 14, 62, 2, 10, 59, -10, -23, 12, -6, 12, -18, 7, 5, -52, 9, -7, -5, -7, 3, 63, 0, -13, -17, -13, 15, -12, -7, 24, -5, -5, 90, -21, -6, 29, 3, -13, 13, -3, 7, 29, 5, -5, -20, 5, -9, -21, -14, -26, -1, 19, 31, 39, -12, 23, -14, 59, -12, 57, 9, 10, 8, -15, 31, 13, 6, 46, -28, 11, 26, 24};
weight_hh[184] = {7, -3, 4, -8, -2, 3, -4, -4, 3, 2, -6, -2, 5, -6, -1, -1, -8, 0, 4, 6, 1, -2, -3, -13, -16, 12, 4, 3, -12, 9, -3, 2, 6, -15, 5, 4, 1, 6, 9, -3, 8, 5, 3, -1, -1, -2, 3, 10, 1, 3, -2, -7, 2, 14, -3, -2, -3, -3, 2, 7, -8, 0, -3, -5, -13, 3, 3, 8, -14, 8, 0, -6};
weight_hh[185] = {-15, 18, 7, 3, 3, -18, -3, 1, -1, -1, -12, 9, 8, -5, 0, 3, 3, -1, 0, -5, -3, -3, -6, 3, -8, 2, -18, 4, -5, -4, 18, -1, -4, -7, -7, 5, 5, -1, 10, 18, 1, -2, -18, 1, 3, -2, -15, 0, 1, 2, 5, -2, -9, 5, 18, -3, 18, -5, -4, 5, 4, -3, 3, -1, 4, -18, -18, 7, 0, 0, -1, -4};
weight_hh[186] = {-12, 0, 34, 24, -19, 0, 22, 9, 35, 7, -7, 22, -35, -7, 20, -8, 19, -24, 37, 15, 42, 3, 25, 36, -26, -23, -6, -10, -18, -18, 2, 11, -4, 5, -3, 30, 6, -26, 5, 4, -8, -37, 0, 14, -29, 19, -3, -5, 16, -5, -8, 25, -47, -21, 3, 50, -2, -5, -28, -11, -6, -8, 10, -11, 38, 3, -1, 44, 55, -34, 6, 3};
weight_hh[187] = {-4, 2, -8, -46, -22, 6, -30, -5, 25, 2, 7, -15, 2, -17, 7, 66, -33, 19, -44, -60, 74, -24, 0, 30, 2, 16, 8, 9, 10, -49, -3, 10, -44, -27, -55, 23, 19, 4, -26, -3, 10, 42, 7, 34, -26, 15, 10, 11, 1, -12, -12, -20, -27, -17, 1, -10, -10, 10, 27, 15, 12, -41, 8, 72, -32, 0, -3, 8, 84, -4, 13, -77};
weight_hh[188] = {19, 9, 36, 2, 6, -9, -24, -5, 31, 0, 28, -5, 8, -3, -6, -12, -11, 39, -20, -51, -2, -28, 14, -5, 9, -10, -6, 0, -6, 2, 8, 17, -5, 4, -10, -26, -14, -22, 10, 9, 11, -13, -7, -20, -12, -2, 15, 9, 22, -3, -20, 7, 3, -3, 8, 19, 9, 3, 4, -19, -19, -20, 5, -13, -11, -8, -8, -4, 16, 28, -58, 42};
weight_hh[189] = {15, -18, -7, -3, -2, 18, 3, -2, 2, 2, 10, -8, -8, 6, 0, -3, -2, 1, 0, 4, 3, 3, 5, -3, 8, -2, 18, -4, 6, 5, -18, 1, 4, 6, 7, -4, -4, 1, -10, -18, -1, 2, 18, -1, -3, 2, 14, 1, -2, -3, -5, 1, 9, -5, -18, 4, -18, 5, 3, -5, -5, 2, -4, 2, -4, 18, 18, -6, 0, 0, 1, 5};
weight_hh[190] = {60, 4, -41, 7, 8, -4, 50, -2, -1, -26, 11, -38, 26, -18, 2, 5, -6, 7, 7, -28, -7, -11, -8, 1, 55, -29, -2, 55, -10, -5, 6, -66, -43, 13, -16, 11, 24, 17, -21, 14, -50, 12, -12, 19, 75, -28, 16, 60, -25, -50, -39, 57, 3, -11, 5, -62, 9, 4, -13, -17, 12, -28, -3, 43, -7, -9, -3, -25, 17, -10, -11, 10};
weight_hh[191] = {22, -5, 1, 0, 15, -4, -25, -5, 8, 9, 9, -12, -10, -5, -37, 21, -57, 18, 26, 26, 49, 8, -32, 33, 24, -64, 7, -37, 6, 7, -10, 91, 2, 13, -26, 3, -19, 5, -40, 1, 111, -7, -2, -23, -24, -10, 2, -11, 4, 53, 6, 40, 24, 5, 3, 36, -3, -2, -24, 8, 12, 45, 14, 0, -27, 3, 4, 1, 8, -20, -4, -1};
weight_hh[192] = {-79, 8, 30, 9, 34, -9, 35, -7, -85, 11, -57, 22, -30, 7, -41, 8, 21, 1, 10, -14, 0, 8, -6, 27, -35, -11, -13, -4, -44, 30, 5, 1, 11, 12, -13, -19, -9, -58, 4, 13, -8, 16, -6, 27, -16, 12, -13, -37, 1, 11, 4, 35, -27, -47, 12, 55, 11, 29, 30, -22, 51, 28, -18, 2, 34, -9, -11, 40, 6, -12, -24, 32};
weight_hh[193] = {-6, -3, 34, 22, 26, -3, -42, 38, -10, -19, 12, 21, 14, 48, 36, 43, 49, -22, 17, -9, 12, 3, 40, -12, 46, -58, -8, -40, 44, 3, -1, 49, 2, -5, -2, -15, -9, 4, -8, -2, 44, 25, 1, 6, -40, 1, -27, 8, 17, -4, 47, 64, 20, 14, 4, 13, 6, 1, 27, 1, 3, 43, 27, -30, -1, -2, -4, -39, -11, 9, 0, -7};
weight_hh[194] = {-2, -12, 16, -4, 9, 6, -45, 3, -16, -4, 6, -9, 17, -6, 63, 22, 11, 52, -33, -3, 8, 28, 17, 5, -1, -1, 8, 2, -10, -7, -10, -26, 3, -3, -2, 2, -31, -1, -9, -10, -1, 0, 11, 13, -9, 19, -1, 33, -41, 26, 15, 37, 3, -15, -6, -13, -8, 75, -31, 26, -10, -27, -4, 5, 4, 10, 8, 6, -1, 104, 2, 1};
weight_hh[195] = {-36, 2, 32, 27, -57, 7, 14, 54, -78, -53, -35, 19, -4, -9, 41, -9, -32, 26, 30, 69, 6, 9, 12, -28, -67, 34, -7, -1, -42, 17, 1, -33, -35, -32, 26, 57, 18, -6, 25, -7, 24, 33, 1, 21, -56, 43, -9, -110, 3, 54, 28, -42, -5, 40, -1, 50, 7, 32, 50, 30, 61, 14, 17, 56, 36, 2, -4, 17, -14, 42, 8, -33};
weight_hh[196] = {-17, -27, 2, -27, -19, 21, -5, -9, -79, -30, 10, -14, -12, 33, 0, 23, -58, -2, 14, 72, 21, -24, 11, -1, 8, -9, 27, 33, 38, -42, -31, -52, 23, -15, 16, 42, 0, -12, -27, -26, -47, -9, 30, 69, 72, -50, 16, 2, -19, -14, 35, -25, 9, -6, -20, -6, -23, -24, -21, 44, -12, -27, 78, -16, -14, 28, 30, 17, -17, -26, -12, -26};
weight_hh[197] = {9, -8, 53, -1, -56, 7, -15, -10, -10, -19, 25, 6, 52, 32, -3, 5, -31, 11, 8, 14, 34, -6, 0, -8, 4, -27, 13, 21, -27, -20, -11, -21, 3, 13, 15, -21, 14, 38, -7, -6, -6, -28, 7, 6, 15, -15, 11, 27, 13, -3, 28, -46, 19, -15, -13, 16, -17, -27, 21, 17, -6, 48, 65, -107, -23, 13, 12, -12, -27, 4, -13, 35};
weight_hh[198] = {-11, 3, -5, -15, -24, -10, 57, 48, -42, -59, -4, -1, 51, 8, 14, -4, 14, 19, 41, -10, 10, -36, 57, 54, 13, 2, -13, -21, -21, 21, 12, 12, 25, -3, 9, -2, -64, 3, -23, 9, -7, 67, -2, -39, 10, -27, -1, -32, 4, -53, 19, 34, -14, 23, 7, -22, -2, -18, -27, 8, 11, 0, 21, 4, 2, -6, -10, 11, 20, -45, -95, 22};
weight_hh[199] = {12, -8, -6, 21, -47, 13, 30, 5, 0, -9, -1, 2, -3, 41, 49, 11, 2, -8, 40, 32, 15, 15, 32, -33, -17, -6, 12, -21, 11, -29, -12, 0, 1, -18, -11, -9, -12, 11, -37, -11, -2, 10, 8, 10, -3, -16, -8, -4, 6, 9, 40, 13, 36, -7, -13, 3, -13, 16, 22, 13, 19, 7, 13, -26, -27, 13, 11, -32, 12, 9, -16, 16};
weight_hh[200] = {-12, 15, 27, -2, 10, -15, 6, -8, 28, -7, -21, 8, -78, -45, 44, 36, -31, 109, -25, -13, 24, -74, -31, 16, -27, 13, -15, -20, -39, 82, 5, -11, 25, -14, -12, -16, -34, 3, 29, 7, 73, 40, -11, -38, -8, 20, -16, -79, -18, 7, 11, 19, -15, 34, 7, 14, 4, -11, -21, 50, 10, 9, 17, -9, -3, -11, -13, 7, -43, 40, -30, -41};
weight_hh[201] = {22, 2, -15, 2, 5, -2, 13, -22, 46, -12, 3, -3, 1, 28, 43, 14, -19, -14, 49, -24, 25, -21, -8, 0, 51, -23, -10, 2, -18, -3, 6, 16, -2, 14, -40, -9, 31, 48, -39, 0, 38, -31, -6, -98, 2, -15, -22, 36, -7, 19, 22, -6, 25, 12, 8, -22, 0, -22, 25, 17, 12, 4, 38, -31, -17, -5, -11, -83, 17, 18, 5, 0};
weight_hh[202] = {32, -4, -6, 24, -3, 3, 28, 3, -21, -13, 16, -15, 17, 41, 37, 41, 24, -10, 45, 16, 12, 29, 30, -61, 4, 3, 3, -14, -3, -4, -4, 10, -5, -9, 25, 0, 8, 33, 3, -4, 7, 31, 6, -3, -2, 17, -5, 14, -4, -17, 13, 11, 47, 11, -9, -20, -5, -3, -12, 2, -3, -6, 14, -16, -43, 9, 5, -22, -6, 0, -19, -17};
weight_hh[203] = {22, 11, 16, 15, -11, -11, 8, 18, 10, -1, -8, -1, 0, -41, -8, 12, -9, -14, -1, -30, -23, 30, -14, -8, -28, 13, -11, 1, 7, 22, 9, -12, -5, -9, -5, 11, 14, -6, 19, 10, -3, 13, -11, -7, -14, 17, -6, -20, -19, -23, 2, -10, -19, 16, 12, -9, 10, 9, 25, -14, 32, -30, -32, 2, 17, -10, -9, -14, -2, 19, 19, -6};
weight_hh[204] = {-30, 14, -24, 16, 31, -12, 21, 1, -28, 18, -16, 44, -6, -26, 2, -2, 31, 4, -18, 5, -23, 9, 2, 30, -18, 12, -9, 13, -2, -7, 8, -48, 0, -14, 2, 36, 15, -15, 2, 14, -66, 13, -7, 61, 26, -5, -13, -5, -19, -21, 28, -6, -38, -18, 15, -4, 14, 2, 11, -2, 3, -11, -16, -1, -14, -14, -15, 17, 12, -26, 18, -36};
weight_hh[205] = {11, -21, -23, -16, 23, 21, -7, -34, 1, 29, 23, -19, -9, 8, 19, 18, 5, -7, -30, -1, 7, 15, 14, -3, 69, -26, 22, -35, 11, 20, -22, 82, 0, 25, -14, -11, -1, -26, -5, -11, 111, -6, 16, 2, -33, -29, 13, 26, 9, 38, -11, 51, 1, 11, -14, 1, -20, -8, 10, -5, -18, 8, -14, -10, -12, 19, 13, -50, 14, 14, -2, 7};
weight_hh[206] = {-29, -2, -16, 2, 12, -2, 13, 14, 8, 42, -13, 40, -4, -31, -46, 52, 35, 40, 9, -88, -21, 21, 25, 41, -23, -14, 0, -62, -2, 27, 3, 31, 42, -1, -6, -22, -17, -21, 1, 5, 9, 3, -4, -10, -9, 13, -2, -48, 26, 0, -34, 6, -16, -11, 2, 56, 4, 10, 5, -29, 28, 48, -65, 30, 12, 1, 2, 36, 17, 3, 10, 6};
weight_hh[207] = {-2, 13, -18, 13, 6, -6, -20, 27, 8, 33, 9, 63, -20, -53, -3, 22, 27, 9, 23, -38, 13, 20, 16, 55, -26, -37, -14, -38, 9, 28, 5, 23, 20, 41, -32, -51, -25, -5, -18, 6, 22, 16, -15, -27, 1, 23, -14, -80, -8, -8, -13, 58, 11, -14, 4, 49, 7, 13, -22, 1, 34, 90, -11, -8, 23, -9, -3, -5, 26, 12, -3, 40};
weight_hh[208] = {-10, 6, 13, -7, -4, -4, -1, 53, -49, -49, 0, 6, 38, 22, 46, -21, -11, 3, 25, 84, 2, 42, 29, 11, 20, -14, -6, 44, 0, -51, 1, -28, -66, 11, -16, -25, -1, -9, -2, 6, -49, 22, 6, 14, -1, 2, 4, -41, -15, 16, 37, 10, 15, -5, 2, 36, -2, 39, 58, 28, 31, 72, 35, -18, -4, -4, -6, -21, -21, 58, 35, -33};
weight_hh[209] = {5, -2, 16, -28, -33, -2, -18, -18, 2, 14, 13, -2, 23, -31, -1, -15, -9, 33, 26, 0, -6, 22, -16, -11, -20, 3, 2, 19, -31, -8, 1, 3, 0, 2, -9, -28, -13, 34, 5, 5, -9, -21, 3, -9, 2, 16, 15, 24, 12, 1, -15, 8, -23, 6, 3, 14, -1, 11, 6, -22, 27, 19, 55, -35, 43, -2, -4, 9, -1, 55, 9, 27};
weight_hh[210] = {14, -18, -8, -3, -3, 18, 2, -1, 1, 1, 10, -9, -9, 4, 1, -2, -3, 0, 1, 4, 4, 2, 5, -3, 7, -2, 17, -4, 7, 5, -18, 1, 5, 7, 5, -4, -4, 1, -11, -18, -1, 2, 18, -1, -3, 3, 14, 0, -2, -2, -6, 2, 8, -5, -18, 4, -18, 5, 4, -5, -5, 3, -4, 1, -4, 17, 18, -7, 0, 1, 3, 4};
weight_hh[211] = {-5, 14, -76, 42, 22, -13, 13, -27, -16, 38, -20, 4, -17, 25, 5, -50, 23, -9, 18, 28, 5, -23, -38, -39, -21, 17, -13, -35, -35, 27, 4, 8, 25, 11, 5, 68, -6, 17, 4, 11, 25, 10, -16, 30, -33, -13, 17, -19, 20, 11, 23, 16, -34, 29, 11, 31, 14, -7, 9, 1, 17, -22, -12, 29, -19, -1, -13, 19, 98, -24, 52, -35};
weight_hh[212] = {27, -14, -26, -15, -56, 3, 31, -11, -3, 0, 22, -25, 14, 22, 8, 43, -26, 54, 57, 48, 63, 12, 12, -3, 11, 24, 16, 11, 5, -15, -17, -4, -24, 12, 13, 7, -18, 41, 7, -9, -12, -16, 7, 40, -3, -16, 5, -14, -1, -36, -5, -16, 36, 0, -12, 25, -12, 0, 10, -3, 51, 4, 63, -46, -7, 6, 9, -11, 30, 12, 20, -33};
weight_hh[213] = {-1, 8, 56, 5, 75, -5, -14, -11, 2, 17, -8, 5, -31, -2, 50, -14, 24, -8, -85, 0, -13, -11, 39, 2, 46, -18, -6, -10, -7, 1, 7, -1, -42, 32, -14, -52, 29, -9, -27, 6, 41, 2, -5, -11, -11, 53, -22, 8, 25, -19, 28, 5, 9, -20, 8, 16, 7, -34, 17, 0, -7, -7, 0, 0, 37, -7, -6, -35, -41, 89, -70, -18};
weight_hh[214] = {-14, 18, 7, 2, 3, -18, -2, 1, -1, -1, -10, 8, 8, -5, 0, 3, 3, -1, 0, -4, -4, -3, -5, 4, -7, 2, -17, 4, -6, -4, 18, -1, -4, -6, -6, 4, 5, -1, 10, 18, 1, -2, -18, 1, 3, -3, -14, 0, 2, 2, 6, -1, -9, 5, 18, -4, 18, -5, -4, 6, 5, -3, 4, -1, 4, -17, -17, 6, 1, 0, -2, -4};
weight_hh[215] = {58, -10, 12, -24, -29, 14, 8, 19, 88, 7, 44, 8, -3, 25, 48, 1, -42, -10, 33, 2, -20, -1, 34, -9, 9, -36, 10, -23, 13, 22, -17, 45, -36, 16, -8, -31, 23, 24, 19, -16, 63, -10, 11, -18, -13, 17, 16, -11, 10, 42, 14, -43, 12, -37, -11, 2, -9, 6, -2, 4, -26, -12, 25, -23, 20, 10, 8, -8, 12, -21, 19, -4};

Bias_hh (8 bit):
 {-1188, 2203, 1528, -301, -742, -2252, 897, 869, -998, -1007, -335, -1363, 2115, -177, -388, -182, -423, 1037, -2033, -2800, -1200, -1607, 1254, 724, 391, 2537, -2184, 2037, -3148, 312, 2224, -1501, -2365, -1356, -613, -288, 4511, -647, 2321, 2141, 532, -254, -2222, 1691, 2398, -1696, -359, 3572, 702, -834, -278, -808, 356, 1958, 2145, -3041, 2179, -3194, -165, -406, -129, -2430, 288, 447, -659, -2205, -2143, 489, 1390, -1469, -332, -353, 3002, -84, 329, 2078, 1533, -167, 4234, 3092, 2044, 1495, 723, 314, 2317, 3567, 3629, -597, 3476, 2495, 3648, 2706, -596, 3197, 852, 1159, -895, -931, 97, 2847, -288, 3092, -40, 4219, 2985, -1458, -2539, 317, 4283, 2261, -547, -79, 7873, 1627, -75, 3132, 4077, 1185, -858, 2144, 3140, 2888, 3055, -1103, 433, -861, 15, 1575, -63, 3297, 440, 2939, 1798, -395, 459, 766, 1091, 79, 33, 1183, -490, 2805, -17, 627, 1316, 991, 244, 1279, 873, 1024, -2289, 152, 1644, 1752, 1803, 1151, 499, 701, -42, 1168, -166, -419, 419, 764, 407, -13, 73, -718, 301, 563, 1055, -529, 1643, 1413, 1016, -1133, -256, 419, 1852, 314, 2167, -91, 1181, 952, 1554, 145, 1007, 1908, 545, 469, 1719, 755, 623, -1602, 836, 1666, 242, 1764, 989, -487, 1033, 237, -1696, 1219, 333, 1114, -869, 362, 1303, 1028, 1013, 1080, 886, 562, 497, 565};
