Input scale (32 bit):
 409964832
Input zero point:
 94
Hidden scale (32 bit):
 34229976
Hidden zero point:
 128
Weight input scale (32 bit):
 22358850
Weight input zero point:
 129
Weight hidden scale (32 bit):
 36118080
Weight hidden zero point:
 132
Output linear scale (32 bit):
 412203008
Output linear zero point:
 131
Output sigmoid r scale (32 bit):
 16843010
Output sigmoid r zero point:
 0
Output sigmoid z scale (32 bit):
 16843010
Output sigmoid z zero point:
 0
Output tanh n scale (32 bit):
 33686020
Output tanh n zero point:
 127
Output r_hn scale (32 bit):
 403396928
Output r_hn zero point:
 134
Output z_n scale (32 bit):
 33553920
Output z_n zero point:
 127
Output z_h scale (32 bit):
 33820208
Output z_h zero point:
 127
Scale ih (32 bit):
 22237446
Scale hh (32 bit):
 2999301
Scale r_hn (32 bit):
 17210690
Scale z_n (32 bit):
 16909320
Scale z_h (32 bit):
 17047080
Scale new_h_zn (32 bit):
 4210139904
Scale new_h_zh (32 bit):
 4243552000
Weight_ih (8 bit):
weight_ih[0] = {0, 2, 9, 4, 0, 0, -2, -2, 17, 4, 0, 0, 0, -1, 0, 0, 21, 0, 0, 0, -4, -7, 0, 0, 14, -4, 3, 0, 0, 0, -5, 0, -2, 0, 0, 0, 0, -3, 0, 1, 0, 0, 0, 0, 0, 16, 0, 1, 4, -1, 0, 1, 0, -2, -4, -4, 0, 9, 0, 4, 5, 8, 2, 0, 0, 0, 0, -1, 0, 0, 4, 0};
weight_ih[1] = {-4, 11, 16, 8, 0, 0, 13, -1, 39, 2, 50, 0, 0, 1, 0, 0, -47, 0, 0, 0, 12, -6, 0, 0, 51, 53, -21, 0, 0, 0, 63, 0, 14, 2, 0, 0, 0, -21, 0, 37, 0, 3, -4, 0, 0, 73, 0, 0, 37, -10, 0, -5, 0, -1, -18, 35, 0, -9, 0, -17, -21, -12, 1, 0, 0, 0, 0, -4, 0, 0, 37, 0};
weight_ih[2] = {0, 0, 3, 0, 0, 0, 1, 0, 8, 4, 0, 0, 0, -1, 0, 0, 30, 0, 0, 0, 0, 0, 0, 0, 8, 1, 2, 0, 0, 0, 3, 0, -2, 0, 0, 0, 0, -2, 0, 2, 0, -1, 0, 0, 0, 7, 0, 0, 2, 3, 0, 1, 0, -1, -1, 1, 0, 7, 0, 2, 1, 15, 1, 0, 0, 0, 0, 2, 0, 0, 4, 0};
weight_ih[3] = {-3, 15, -30, -3, 0, 0, 20, -11, 1, -25, 48, 0, 0, 13, 1, 0, -62, 0, 0, 0, 6, 5, 0, 0, 52, -5, 2, 0, 0, 0, -32, 0, -38, 6, 0, 0, 0, -22, 0, 33, 0, -25, -1, 0, 0, -28, 0, 3, 16, -32, 0, 30, 0, -1, 2, 1, 0, -15, 0, -3, 5, -39, -13, 0, 0, 0, 7, 0, 0, 0, 35, 0};
weight_ih[4] = {1, -3, 21, -1, 0, 0, -21, 10, 14, 9, 0, 0, 0, 1, 0, 0, 17, 0, 0, 0, 2, 12, 0, 0, -3, 24, 4, 0, 0, 0, 8, 0, 2, 0, 0, 0, 0, 18, 0, -20, 0, 1, 1, 0, 0, 14, 0, 0, 18, -10, 0, 1, 0, -2, 7, 3, 0, 19, 0, 5, 6, 7, 7, 0, 0, 0, 1, 4, 0, 0, 0, 0};
weight_ih[5] = {0, 4, 35, -5, 0, 0, -8, 20, 37, 14, 14, 0, 0, 2, 1, 0, -22, 0, 0, 0, -14, -7, 0, 0, 21, -7, 24, 0, 0, 0, -27, 0, -27, 4, 0, 0, 0, -40, 0, 10, 0, -15, 8, 0, 0, 18, 0, 0, 11, -42, 0, -10, 0, -4, -5, -4, 0, 15, 0, 26, 7, -6, -8, 0, 0, 0, 0, 0, 0, 0, 6, 0};
weight_ih[6] = {1, 3, 11, -2, 0, 0, 14, 2, 16, 1, 0, 0, 0, 0, -1, 0, 11, 0, 0, 0, -4, 8, 0, 0, 39, 6, 2, 0, 0, 0, 6, 0, 1, 1, 0, 0, 0, 7, 0, 14, 0, 0, 0, 0, 0, 16, 0, 0, 8, 1, 0, 9, 0, 0, -1, 5, 0, 9, 0, 1, -1, 2, 3, 0, 0, 0, 0, -2, 0, 0, 12, 0};
weight_ih[7] = {2, -2, 10, 1, 0, 0, 1, -1, 14, -16, 8, 0, 0, 5, 0, 0, 25, 0, 0, 0, -5, 7, 0, 0, 3, 9, 5, 0, 0, 0, 8, 0, -3, -1, 0, 0, 0, 6, 0, 1, 0, 0, -1, 0, 0, 6, 0, 0, -3, -4, 0, 4, 0, 2, 3, 4, 0, -6, 0, -2, -1, 9, 8, 0, 0, 0, 1, 3, 0, 0, 2, 0};
weight_ih[8] = {0, 0, 23, 6, 0, 0, -5, -1, 7, 12, 18, 0, 0, 5, 0, 0, 31, 0, 0, 0, 9, 1, 0, 0, 19, -10, 11, 0, 0, 0, -18, 0, 3, -2, 0, 0, 0, 13, 0, 5, 0, 0, -2, 0, 0, -4, 0, 1, 20, 6, 0, 15, 0, -3, 7, 15, 0, 12, 0, 6, 8, 15, 8, 0, 0, 0, 0, 6, 0, 0, 13, 0};
weight_ih[9] = {-1, 0, -31, -5, 0, 0, -10, -1, -59, 38, 1, 0, 0, 1, 1, 0, 27, 0, 0, 0, 11, -12, 0, 0, -3, -11, 0, 0, 0, 0, -1, 0, 16, -2, 0, 0, 0, 17, 0, -13, 0, 7, 1, 0, 0, -27, 0, 0, -1, 4, 0, -3, 0, -3, 8, 1, 0, -13, 0, -20, 13, 20, -1, 0, 0, 0, 0, 1, 0, 0, -8, 0};
weight_ih[10] = {0, -1, 2, -2, 0, 0, -1, 0, 3, 3, 0, 0, 0, -1, 1, 0, 12, 0, 0, 0, -1, 4, 0, 0, 9, 2, -1, 0, 0, 0, -1, 0, 0, 0, 0, 0, 0, 6, 0, 1, 0, 0, 0, 0, 0, 2, 0, 0, 2, -2, 0, 1, 0, -1, 0, 2, 0, 2, 0, 0, -1, 3, 2, 0, 0, 0, 0, -1, 0, 0, 3, 0};
weight_ih[11] = {3, 1, -17, -4, 0, 0, 7, 27, -7, 34, 56, 0, 0, 3, -2, 0, -52, 0, 0, 0, -37, 48, 0, 0, 39, 15, 8, 0, 0, 0, 20, 0, -10, -1, 0, 0, 0, 32, 0, 2, 0, 1, -10, 0, 0, 7, 0, 0, 19, -18, 0, -5, 0, 28, -10, 36, 0, 12, 0, -40, 23, -10, 21, 0, 0, 0, 4, -3, 0, 0, 7, 0};
weight_ih[12] = {-2, 6, 97, -10, 0, 0, -5, -9, -17, 17, -1, 0, 0, -4, 1, 0, -47, 0, 0, 0, 7, 24, 0, 0, -19, 20, -22, 0, 0, 0, 19, 0, 9, 1, 0, 0, 0, -70, 0, -10, 0, -39, -1, 0, 0, 12, 0, 2, 14, -37, 0, 3, 0, 12, -4, -1, 0, 8, 0, 39, -1, -52, -10, 0, 0, 0, 4, -3, 0, 0, 12, 0};
weight_ih[13] = {0, -6, 34, -15, 0, 0, -3, 10, 10, 11, 37, 0, 0, 1, 0, 0, -15, 0, 0, 0, 1, -31, 0, 0, 5, 15, -10, 0, 0, 0, 29, 0, -20, 1, 0, 0, 0, -17, 0, 7, 0, -5, 0, 0, 0, 1, 0, 0, 17, 18, 0, 13, 0, -3, -5, -21, 0, -27, 0, 21, 7, 2, 0, 0, 0, 0, -2, -2, 0, 0, 11, 0};
weight_ih[14] = {-2, 2, -3, 2, 0, 0, -2, -22, -21, 30, -3, 0, 0, -1, 0, 0, -14, 0, 0, 0, 1, 22, 0, 0, 14, 2, -19, 0, 0, 0, 37, 0, 36, 5, 0, 0, 0, -11, 0, 5, 0, 7, 0, 0, 0, -12, 0, -1, 30, 20, 0, 3, 0, 18, 6, -25, 0, -44, 0, 12, 13, 5, 17, 0, 0, 0, 0, 3, 0, 0, 1, 0};
weight_ih[15] = {22, 12, 31, -12, 0, 0, -8, 42, -6, -46, 21, 0, 0, 7, 2, 0, -89, 0, 0, 0, -7, 6, 0, 0, 43, 51, -20, 0, 0, 0, 27, 0, -17, 8, 0, 0, 0, 15, 0, -2, 0, 8, -1, 0, 0, 40, 0, 5, 82, -11, 0, 22, 0, -1, -18, -2, 0, 3, 0, -2, -12, -31, 20, 0, 0, 0, 4, -3, 0, 0, 15, 0};
weight_ih[16] = {1, 1, 100, -3, 0, 0, -4, -5, 21, 30, 6, 0, 0, 5, 0, 0, 5, 0, 0, 0, 32, 17, 0, 0, 16, -21, 32, 0, 0, 0, -31, 0, 24, 11, 0, 0, 0, -32, 0, 2, 0, -20, 24, 0, 0, 39, 0, 2, -18, -29, 0, -15, 0, 13, 21, 31, 0, 81, 0, 80, -1, -16, 2, 0, 0, 0, 6, 5, 0, 0, 15, 0};
weight_ih[17] = {-1, 0, 20, -1, 0, 0, 2, 0, 16, 10, -1, 0, 0, -1, 0, 0, 63, 0, 0, 0, 0, 0, 0, 0, 5, 1, 0, 0, 0, 0, 0, 0, 4, 0, 0, 0, 0, 7, 0, 0, 0, 0, 0, 0, 0, 11, 0, 0, -1, 2, 0, -1, 0, 3, -2, 3, 0, 11, 0, 5, 4, 25, -4, 0, 0, 0, 1, -1, 0, 0, 0, 0};
weight_ih[18] = {0, -1, 2, -2, 0, 0, -1, 0, 3, 3, 0, 0, 0, -1, 1, 0, 12, 0, 0, 0, -2, 4, 0, 0, 9, 1, -1, 0, 0, 0, -1, 0, 0, 0, 0, 0, 0, 5, 0, 1, 0, 0, 0, 0, 0, 2, 0, 0, 2, -2, 0, 1, 0, -1, 0, 2, 0, 2, 0, 1, 0, 2, 2, 0, 0, 0, 0, -1, 0, 0, 3, 0};
weight_ih[19] = {1, -9, 24, 2, 0, 0, 2, 20, 25, 16, 16, 0, 0, 9, 1, 0, 18, 0, 0, 0, 6, -7, 0, 0, 24, 4, 11, 0, 0, 0, -3, 0, 9, 9, 0, 0, 0, 6, 0, 9, 0, 4, 0, 0, 0, 9, 0, 0, 5, 9, 0, 2, 0, 0, 4, 9, 0, 17, 0, 0, 2, 10, 3, 0, 0, 0, 2, 6, 0, 0, 7, 0};
weight_ih[20] = {-1, -1, 2, -2, 0, 0, 0, 0, 3, 3, -1, 0, 0, -1, 1, 0, 12, 0, 0, 0, -1, 4, 0, 0, 9, 2, -1, 0, 0, 0, -2, 0, 0, 0, 0, 0, 0, 5, 0, 1, 0, 0, 0, 0, 0, 2, 0, 0, 1, -1, 0, 1, 0, -1, 0, 2, 0, 2, 0, 0, -1, 3, 2, 0, 0, 0, 0, -1, 0, 0, 4, 0};
weight_ih[21] = {-1, 0, 1, -1, 0, 0, 1, -4, 0, -3, -2, 0, 0, 0, 0, 0, -23, 0, 0, 0, -1, 8, 0, 0, -12, 9, 6, 0, 0, 0, -3, 0, -6, 0, 0, 0, 0, -9, 0, -2, 0, 1, 0, 0, 0, -5, 0, -1, -12, -5, 0, 2, 0, -5, 5, 8, 0, -5, 0, -2, -4, -18, 2, 0, 0, 0, -1, 1, 0, 0, 2, 0};
weight_ih[22] = {0, -5, 12, 1, 0, 0, 7, -5, 0, 2, 0, 0, 0, 0, 0, 0, 25, 0, 0, 0, -3, -4, 0, 0, 32, -20, 7, 0, 0, 0, -4, 0, -8, -4, 0, 0, 0, -1, 0, 19, 0, -5, 0, 0, 0, 7, 0, 1, 5, -18, 0, 5, 0, -2, 5, -11, 0, 3, 0, 7, 2, 10, 5, 0, 0, 0, 0, -2, 0, 0, 6, 0};
weight_ih[23] = {3, -9, 27, 14, 0, 0, -9, 5, 22, -1, -4, 0, 0, 3, 0, 0, 40, 0, 0, 0, 17, -23, 0, 0, -12, -20, -6, 0, 0, 0, 36, 0, 28, -6, 0, 0, 0, 13, 0, -17, 0, 6, 1, 0, 0, 19, 0, 0, -1, 32, 0, -10, 0, -1, 11, -12, 0, 1, 0, 21, 10, 18, 1, 0, 0, 0, -2, -2, 0, 0, -29, 0};
weight_ih[24] = {1, 1, -5, -3, 0, 0, 3, 1, 15, 4, 1, 0, 0, 1, -1, 0, 35, 0, 0, 0, 0, -1, 0, 0, 1, 1, 9, 0, 0, 0, 4, 0, 0, 0, 0, 0, 0, 6, 0, 1, 0, 1, 3, 0, 0, 0, 0, 0, 3, -1, 0, 10, 0, 4, 7, 2, 0, 11, 0, 0, 7, 12, -1, 0, 0, 0, 0, -1, 0, 0, 3, 0};
weight_ih[25] = {7, 2, 24, 0, 0, 0, -5, -4, 5, -4, 12, 0, 0, 1, 1, 0, 37, 0, 0, 0, -6, -2, 0, 0, 4, 1, -17, 0, 0, 0, 19, 0, 5, -1, 0, 0, 0, 6, 0, -7, 0, 1, -3, 0, 0, 5, 0, 0, 20, 6, 0, 13, 0, 0, -10, -23, 0, -11, 0, -2, -1, 15, 15, 0, 0, 0, 0, 0, 0, 0, 2, 0};
weight_ih[26] = {4, 10, 27, -8, 0, 0, -11, 20, -1, 15, -4, 0, 0, 5, 0, 0, -1, 0, 0, 0, 1, -7, 0, 0, 16, 5, 3, 0, 0, 0, 15, 0, 9, 3, 0, 0, 0, 9, 0, -5, 0, 1, 0, 0, 0, 16, 0, 3, 32, 5, 0, 10, 0, -9, -1, -1, 0, 8, 0, -3, 0, -1, 0, 0, 0, 0, 1, 4, 0, 0, 5, 0};
weight_ih[27] = {1, -2, -11, -1, 0, 0, 1, 2, -10, -5, 0, 0, 0, 1, 1, 0, -30, 0, 0, 0, -2, -2, 0, 0, -5, 5, 0, 0, 0, 0, -6, 0, -4, 0, 0, 0, 0, -10, 0, -2, 0, 2, 0, 0, 0, -8, 0, 0, -6, -4, 0, -3, 0, 1, 1, 3, 0, -5, 0, -4, -3, -12, -4, 0, 0, 0, 0, 0, 0, 0, 2, 0};
weight_ih[28] = {0, 0, -2, -2, 0, 0, -2, -6, -5, 0, -2, 0, 0, -1, 0, 0, 5, 0, 0, 0, -3, -7, 0, 0, 5, -7, -5, 0, 0, 0, -7, 0, -1, 0, 0, 0, 0, -4, 0, 4, 0, -3, 0, 0, 0, 1, 0, 1, 4, -10, 0, 3, 0, 0, 0, -1, 0, 4, 0, -1, 0, 8, 0, 0, 0, 0, 0, 1, 0, 0, 3, 0};
weight_ih[29] = {1, -3, 1, 1, 0, 0, -2, -4, -9, 0, 2, 0, 0, 1, 0, 0, -2, 0, 0, 0, -1, -5, 0, 0, -27, -5, 2, 0, 0, 0, -1, 0, 1, -1, 0, 0, 0, -3, 0, -4, 0, 0, 0, 0, 0, -3, 0, 1, -11, 0, 0, 0, 0, 0, 0, -2, 0, -1, 0, 0, 0, 1, -2, 0, 0, 0, 0, -3, 0, 0, -8, 0};
weight_ih[30] = {-1, 4, 8, 0, 0, 0, 1, -2, -1, 1, 8, 0, 0, 2, 0, 0, 5, 0, 0, 0, 3, 0, 0, 0, 23, 2, 1, 0, 0, 0, 0, 0, 5, -4, 0, 0, 0, -2, 0, 5, 0, 1, 1, 0, 0, -1, 0, 0, 14, 0, 0, 10, 0, 0, -1, -2, 0, -3, 0, -1, 3, 7, -5, 0, 0, 0, 1, -4, 0, 0, 6, 0};
weight_ih[31] = {-1, 2, 3, -1, 0, 0, 9, 4, 11, 1, 1, 0, 0, 0, 0, 0, -5, 0, 0, 0, 1, 0, 0, 0, 31, 2, -1, 0, 0, 0, 7, 0, 0, 1, 0, 0, 0, 3, 0, 14, 0, 0, 0, 0, 0, 6, 0, 0, 10, 1, 0, 7, 0, 2, 1, 6, 0, 2, 0, 0, 0, 1, 0, 0, 0, 0, 0, 3, 0, 0, 11, 0};
weight_ih[32] = {1, 0, -4, 10, 0, 0, 4, 4, 3, -6, 1, 0, 0, 8, -1, 0, -19, 0, 0, 0, 4, 22, 0, 0, -3, 16, 3, 0, 0, 0, 13, 0, -10, 1, 0, 0, 0, 41, 0, 1, 0, -3, 4, 0, 0, 13, 0, 0, -6, -12, 0, -2, 0, -11, 4, 4, 0, 21, 0, 7, 3, -13, -2, 0, 0, 0, -4, -2, 0, 0, 1, 0};
weight_ih[33] = {1, 0, -19, -2, 0, 0, 2, 3, -20, -3, -1, 0, 0, 0, 0, 0, -26, 0, 0, 0, 3, -1, 0, 0, 2, 4, 1, 0, 0, 0, -4, 0, -2, 1, 0, 0, 0, 3, 0, 0, 0, 0, 0, 0, 0, -19, 0, 0, 0, 4, 0, 0, 0, 1, 0, 5, 0, -7, 0, -4, -2, -8, -3, 0, 0, 0, 0, 3, 0, 0, 1, 0};
weight_ih[34] = {3, -4, 23, -8, 0, 0, 11, 77, 0, -4, -15, 0, 0, -2, -2, 0, -106, 0, 0, 0, 6, -15, 0, 0, 52, 11, -7, 0, 0, 0, 2, 0, 15, 7, 0, 0, 0, -4, 0, 14, 0, 1, 0, 0, 0, 28, 0, 9, 54, 4, 0, 36, 0, -1, 7, 1, 0, 5, 0, -3, -5, -62, 25, 0, 0, 0, 1, 9, 0, 0, 19, 0};
weight_ih[35] = {0, 5, -3, 1, 0, 0, -6, -1, 21, 8, 2, 0, 0, -1, -1, 0, 11, 0, 0, 0, -2, -17, 0, 0, 8, 11, -6, 0, 0, 0, -19, 0, -23, -1, 0, 0, 0, 16, 0, 5, 0, 5, 0, 0, 0, -7, 0, 1, -4, -14, 0, -8, 0, 1, -17, 25, 0, 10, 0, -6, -12, 10, -12, 0, 0, 0, -1, 5, 0, 0, 12, 0};
weight_ih[36] = {1, 1, 16, 0, 0, 0, 9, 1, 8, 3, 1, 0, 0, -1, 1, 0, 22, 0, 0, 0, 1, 4, 0, 0, 22, 1, -3, 0, 0, 0, 1, 0, 4, 1, 0, 0, 0, 16, 0, 7, 0, 0, 1, 0, 0, 16, 0, 0, 11, 2, 0, 11, 0, 2, -3, -1, 0, 10, 0, -3, -3, 0, 0, 0, 0, 0, 0, 0, 0, 0, 6, 0};
weight_ih[37] = {-1, -1, 2, -2, 0, 0, 0, 0, 3, 3, 0, 0, 0, -1, 1, 0, 12, 0, 0, 0, -2, 4, 0, 0, 9, 1, -1, 0, 0, 0, -1, 0, 0, 0, 0, 0, 0, 6, 0, 1, 0, 0, 0, 0, 0, 3, 0, 0, 2, -2, 0, 1, 0, -1, 0, 2, 0, 2, 0, 0, 0, 3, 2, 0, 0, 0, 0, -1, 0, 0, 3, 0};
weight_ih[38] = {1, -1, 6, -4, 0, 0, 1, 0, 9, 0, 0, 0, 0, 1, 1, 0, 51, 0, 0, 0, 2, 1, 0, 0, 1, -6, 1, 0, 0, 0, 1, 0, -16, 0, 0, 0, 0, 10, 0, 0, 0, -5, 0, 0, 0, 6, 0, 0, -1, 11, 0, 3, 0, -1, 1, -5, 0, 14, 0, 2, 7, 21, 7, 0, 0, 0, 0, 0, 0, 0, -1, 0};
weight_ih[39] = {-1, -1, 2, -2, 0, 0, -1, -1, 4, 2, -1, 0, 0, -1, 1, 0, 12, 0, 0, 0, -2, 3, 0, 0, 9, 1, -2, 0, 0, 0, -1, 0, -1, 0, 0, 0, 0, 5, 0, 1, 0, 0, 0, 0, 0, 2, 0, 0, 1, -2, 0, 0, 0, -1, 0, 2, 0, 1, 0, 0, -1, 3, 1, 0, 0, 0, 0, -1, 0, 0, 3, 0};
weight_ih[40] = {0, -7, -37, 0, 0, 0, 11, -7, 54, -7, -26, 0, 0, -5, 0, 0, -8, 0, 0, 0, 12, 7, 0, 0, 18, -37, 5, 0, 0, 0, 83, 0, 29, 6, 0, 0, 0, -40, 0, 1, 0, 5, -7, 0, 0, -8, 0, -2, 1, 21, 0, 15, 0, 7, -10, -2, 0, 17, 0, 21, -8, -7, 27, 0, 0, 0, -1, -1, 0, 0, -15, 0};
weight_ih[41] = {0, 4, 36, -1, 0, 0, 3, 22, 22, -34, 16, 0, 0, 2, -3, 0, 25, 0, 0, 0, -25, -2, 0, 0, -13, 7, 26, 0, 0, 0, -24, 0, 7, -5, 0, 0, 0, 5, 0, -3, 0, 39, 24, 0, 0, -15, 0, 2, 28, 42, 0, 40, 0, 23, 6, -6, 0, -64, 0, -5, -3, 21, 5, 0, 0, 0, -5, 6, 0, 0, -13, 0};
weight_ih[42] = {5, -10, 26, 4, 0, 0, 9, 16, -16, 9, -6, 0, 0, 5, 1, 0, 38, 0, 0, 0, 0, 7, 0, 0, -25, -7, 9, 0, 0, 0, 5, 0, -7, 0, 0, 0, 0, 11, 0, -7, 0, 1, 0, 0, 0, 6, 0, 2, 16, 17, 0, 26, 0, 0, 0, -8, 0, 23, 0, 0, 2, 18, 9, 0, 0, 0, 1, 10, 0, 0, -17, 0};
weight_ih[43] = {9, 12, 21, -15, 0, 0, 15, 36, 22, 33, 19, 0, 0, -10, 0, 0, -82, 0, 0, 0, 13, 31, 0, 0, 99, 23, 3, 0, 0, 0, 17, 0, 7, 2, 0, 0, 0, 14, 0, 26, 0, 7, 0, 0, 0, 34, 0, 2, 59, -16, 0, 31, 0, 9, 20, 2, 0, 22, 0, 10, -3, -48, 32, 0, 0, 0, 2, 0, 0, 0, 22, 0};
weight_ih[44] = {-1, -15, -15, 3, 0, 0, -1, -2, -53, -3, 11, 0, 0, 3, 0, 0, 10, 0, 0, 0, 24, 0, 0, 0, -21, -25, -17, 0, 0, 0, 4, 0, 41, 3, 0, 0, 0, 32, 0, -6, 0, -24, 0, 0, 0, -14, 0, 0, -24, 32, 0, -2, 0, 29, -3, -20, 0, -53, 0, -61, -68, 68, -5, 0, 0, 0, -1, 2, 0, 0, -23, 0};
weight_ih[45] = {2, -21, 24, 14, 0, 0, -19, -9, 13, -19, 10, 0, 0, 1, 1, 0, 61, 0, 0, 0, -5, -11, 0, 0, 25, 23, -30, 0, 0, 0, 61, 0, 5, -3, 0, 0, 0, 33, 0, -15, 0, -4, -2, 0, 0, 32, 0, 1, -45, 24, 0, -51, 0, 2, -13, -5, 0, -30, 0, 6, 12, 43, -3, 0, 0, 0, 0, 6, 0, 0, -23, 0};
weight_ih[46] = {0, 0, 1, 4, 0, 0, -3, 0, 6, -10, 1, 0, 0, 1, 0, 0, -8, 0, 0, 0, 3, -1, 0, 0, 6, -2, 2, 0, 0, 0, 6, 0, -12, -1, 0, 0, 0, 7, 0, 0, 0, -1, 1, 0, 0, 3, 0, 0, 1, 8, 0, -1, 0, -7, 0, -2, 0, 0, 0, -4, 3, -2, 2, 0, 0, 0, 0, 0, 0, 0, 2, 0};
weight_ih[47] = {0, -1, 2, -2, 0, 0, -1, 0, 3, 3, 0, 0, 0, -1, 1, 0, 12, 0, 0, 0, -2, 4, 0, 0, 9, 1, -1, 0, 0, 0, -1, 0, 0, 0, 0, 0, 0, 5, 0, 1, 0, 0, 0, 0, 0, 2, 0, 0, 1, -1, 0, 1, 0, -1, 0, 2, 0, 2, 0, 1, 0, 3, 2, 0, 0, 0, 0, -1, 0, 0, 3, 0};
weight_ih[48] = {-4, 17, 43, 9, 0, 0, -18, 24, 28, 5, -56, 0, 0, 7, 0, 0, 23, 0, 0, 0, 2, -14, 0, 0, 8, 26, 22, 0, 0, 0, -16, 0, 3, -3, 0, 0, 0, 26, 0, -3, 0, 6, -1, 0, 0, 3, 0, 0, 11, 18, 0, -17, 0, -2, -6, 26, 0, 18, 0, 5, -20, -8, -16, 0, 0, 0, 10, 1, 0, 0, 12, 0};
weight_ih[49] = {7, 25, 30, -5, 0, 0, 19, 15, 14, -10, 12, 0, 0, 3, 0, 0, -29, 0, 0, 0, 18, -1, 0, 0, 11, 2, -3, 0, 0, 0, -34, 0, -27, 11, 0, 0, 0, -5, 0, 0, 0, 0, 1, 0, 0, -26, 0, 1, 59, 1, 0, 23, 0, 10, 6, 8, 0, -33, 0, 2, 4, -18, 27, 0, 0, 0, 2, 0, 0, 0, 14, 0};
weight_ih[50] = {2, 18, 17, -6, 0, 0, 10, 0, -24, 11, -21, 0, 0, -2, 1, 0, -9, 0, 0, 0, -7, 3, 0, 0, 13, -16, -11, 0, 0, 0, 2, 0, 2, 16, 0, 0, 0, -24, 0, 19, 0, 0, 1, 0, 0, -3, 0, 2, 38, 5, 0, 5, 0, 2, -11, -25, 0, -7, 0, 2, 2, -6, 0, 0, 0, 0, 1, 4, 0, 0, 23, 0};
weight_ih[51] = {0, -7, -19, -4, 0, 0, 0, 33, 0, 10, -59, 0, 0, -7, 2, 0, 12, 0, 0, 0, -7, -43, 0, 0, -11, -34, 24, 0, 0, 0, -5, 0, 14, 3, 0, 0, 0, -22, 0, -7, 0, -3, -3, 0, 0, -2, 0, -1, -1, 12, 0, -3, 0, 3, 4, -8, 0, -9, 0, -13, 2, -12, -35, 0, 0, 0, -4, 1, 0, 0, -4, 0};
weight_ih[52] = {-1, -1, 2, 1, 0, 0, -10, 15, 5, 15, -2, 0, 0, 0, 0, 0, 36, 0, 0, 0, 1, -7, 0, 0, -7, -1, 7, 0, 0, 0, -6, 0, 1, -2, 0, 0, 0, 3, 0, -12, 0, 0, 0, 0, 0, 15, 0, 0, 7, -10, 0, 1, 0, -4, 2, -3, 0, 32, 0, 5, 1, 9, 1, 0, 0, 0, -2, -2, 0, 0, 1, 0};
weight_ih[53] = {0, -6, -6, -3, 0, 0, 9, 14, -29, -7, 1, 0, 0, 2, 1, 0, -10, 0, 0, 0, -7, -27, 0, 0, 10, -11, -26, 0, 0, 0, -22, 0, -7, -9, 0, 0, 0, -36, 0, 8, 0, -1, -2, 0, 0, -14, 0, 0, 1, 0, 0, -3, 0, -3, -20, -20, 0, -40, 0, -17, -22, 10, -33, 0, 0, 0, 1, -3, 0, 0, -7, 0};
weight_ih[54] = {-2, 11, 19, 6, 0, 0, 1, 19, 34, 9, 4, 0, 0, 3, 0, 0, -29, 0, 0, 0, -9, -6, 0, 0, 12, 1, 6, 0, 0, 0, 7, 0, 13, 4, 0, 0, 0, -32, 0, 11, 0, 8, -2, 0, 0, 30, 0, 0, 29, -9, 0, 12, 0, 2, 0, -8, 0, -6, 0, 4, -1, -31, 13, 0, 0, 0, 6, 2, 0, 0, 9, 0};
weight_ih[55] = {2, 2, 6, 0, 0, 0, -4, -5, 12, 7, 5, 0, 0, -1, 1, 0, 17, 0, 0, 0, -5, 7, 0, 0, 12, -3, 3, 0, 0, 0, -3, 0, -5, -2, 0, 0, 0, 4, 0, 3, 0, -1, 0, 0, 0, 9, 0, -2, 13, -2, 0, 9, 0, -1, 2, 1, 0, 7, 0, 2, 2, 7, 5, 0, 0, 0, -1, -6, 0, 0, 11, 0};
weight_ih[56] = {0, 0, 14, 1, 0, 0, 0, 6, 8, 24, 4, 0, 0, -6, 0, 0, -47, 0, 0, 0, -5, -8, 0, 0, 9, 4, 3, 0, 0, 0, 2, 0, 1, 2, 0, 0, 0, 3, 0, 0, 0, -8, -2, 0, 0, 24, 0, 0, 4, 3, 0, 0, 0, -9, -3, 6, 0, 28, 0, -28, -21, -20, 4, 0, 0, 0, 3, 0, 0, 0, 1, 0};
weight_ih[57] = {2, -2, -3, -3, 0, 0, 0, 3, 3, 9, 1, 0, 0, 1, 0, 0, 41, 0, 0, 0, 1, 4, 0, 0, -5, -4, -4, 0, 0, 0, 10, 0, -5, -4, 0, 0, 0, 7, 0, -8, 0, 2, 0, 0, 0, 5, 0, 2, 4, 2, 0, 6, 0, -5, -5, -12, 0, 18, 0, -4, -1, 16, 7, 0, 0, 0, 2, 1, 0, 0, -10, 0};
weight_ih[58] = {2, 1, 11, -6, 0, 0, 2, 0, 4, 2, 2, 0, 0, 2, 1, 0, 32, 0, 0, 0, -9, 9, 0, 0, -10, 1, 0, 0, 0, 0, 11, 0, -6, 0, 0, 0, 0, 14, 0, 1, 0, -3, 0, 0, 0, 6, 0, 0, 0, 11, 0, 5, 0, -1, 2, -1, 0, 8, 0, -3, 4, 15, 0, 0, 0, 0, 0, 4, 0, 0, 1, 0};
weight_ih[59] = {-1, 1, -68, -9, 0, 0, 15, -36, -39, 8, 9, 0, 0, -1, 1, 0, 16, 0, 0, 0, -10, 29, 0, 0, 28, 16, -29, 0, 0, 0, 40, 0, 5, 1, 0, 0, 0, 12, 0, 23, 0, -1, -32, 0, 0, -75, 0, 0, 0, 50, 0, 5, 0, 20, -12, 10, 0, -53, 0, -29, -43, 60, 8, 0, 0, 0, 1, 1, 0, 0, 9, 0};
weight_ih[60] = {-8, 10, 5, 12, 0, 0, -1, 6, -2, -26, 73, 0, 0, 1, -1, 0, -37, 0, 0, 0, 36, -18, 0, 0, 60, 21, 11, 0, 0, 0, -30, 0, 2, 4, 0, 0, 0, 3, 0, 26, 0, 15, -3, 0, 0, -38, 0, 0, 5, 6, 0, 3, 0, -15, -5, 17, 0, -26, 0, 2, -6, -32, -11, 0, 0, 0, -1, -2, 0, 0, 38, 0};
weight_ih[61] = {-1, -1, 2, -2, 0, 0, 0, -1, 2, 3, 0, 0, 0, 0, 0, 0, 12, 0, 0, 0, -2, 4, 0, 0, 9, 1, 0, 0, 0, 0, -2, 0, 0, 0, 0, 0, 0, 5, 0, 1, 0, 0, 0, 0, 0, 1, 0, 0, 1, -2, 0, 1, 0, -1, 0, 2, 0, 2, 0, 0, -1, 3, 2, 0, 0, 0, 0, -2, 0, 0, 3, 0};
weight_ih[62] = {0, 3, 12, 2, 0, 0, 6, 0, -9, 0, 2, 0, 0, 0, 0, 0, 36, 0, 0, 0, -7, -7, 0, 0, 12, 2, -2, 0, 0, 0, 8, 0, 4, 6, 0, 0, 0, 5, 0, 5, 0, -3, 0, 0, 0, 2, 0, -1, 3, -1, 0, 6, 0, 6, -7, 3, 0, -2, 0, 4, 6, 31, 4, 0, 0, 0, 0, 0, 0, 0, 7, 0};
weight_ih[63] = {1, 1, 26, 4, 0, 0, -6, 10, 22, 10, 5, 0, 0, 0, 1, 0, 20, 0, 0, 0, -3, -3, 0, 0, 1, 1, -11, 0, 0, 0, -3, 0, 1, 1, 0, 0, 0, -14, 0, 1, 0, 1, 0, 0, 0, 25, 0, 1, 1, 1, 0, -3, 0, 1, -5, 0, 0, 6, 0, 3, 1, 12, 0, 0, 0, 0, 1, 0, 0, 0, 6, 0};
weight_ih[64] = {0, -1, -9, 0, 0, 0, 0, -5, -16, 2, 0, 0, 0, 0, 0, 0, -7, 0, 0, 0, -1, -6, 0, 0, -16, -5, 2, 0, 0, 0, -5, 0, 0, -1, 0, 0, 0, -6, 0, -5, 0, 0, 0, 0, 0, -10, 0, 0, -9, 2, 0, -1, 0, 0, 1, -2, 0, -4, 0, 3, 3, 1, 1, 0, 0, 0, 0, 0, 0, 0, -8, 0};
weight_ih[65] = {0, -7, -33, 5, 0, 0, -3, -4, -94, 40, 1, 0, 0, 1, -1, 0, 43, 0, 0, 0, 17, -2, 0, 0, -16, -15, 4, 0, 0, 0, -17, 0, 11, 0, 0, 0, 0, 3, 0, -10, 0, -4, -1, 0, 0, -18, 0, 0, -19, 31, 0, -11, 0, 4, -8, 1, 0, 2, 0, -3, 0, 56, -2, 0, 0, 0, 1, -1, 0, 0, -17, 0};
weight_ih[66] = {-1, -1, 2, -2, 0, 0, -1, 0, 4, 3, -1, 0, 0, -1, 1, 0, 13, 0, 0, 0, -1, 4, 0, 0, 9, 2, -1, 0, 0, 0, -1, 0, 0, 0, 0, 0, 0, 5, 0, 1, 0, 0, 0, 0, 0, 3, 0, -1, 2, -2, 0, 1, 0, -1, 0, 2, 0, 2, 0, 0, -1, 3, 2, 0, 0, 0, 0, -1, 0, 0, 3, 0};
weight_ih[67] = {3, -3, 14, -5, 0, 0, -1, -4, -7, 25, 1, 0, 0, 3, 1, 0, 58, 0, 0, 0, -3, 9, 0, 0, -1, 8, 0, 0, 0, 0, 17, 0, 5, 1, 0, 0, 0, 36, 0, -19, 0, 6, 0, 0, 0, 14, 0, 0, -1, 29, 0, 3, 0, 5, 5, 6, 0, 16, 0, 12, 4, 25, 16, 0, 0, 0, 0, 2, 0, 0, -9, 0};
weight_ih[68] = {6, 7, 10, -24, 0, 0, 5, -16, 32, 16, -26, 0, 0, 7, 0, 0, -38, 0, 0, 0, -35, -6, 0, 0, 61, -1, -5, 0, 0, 0, 60, 0, -9, -1, 0, 0, 0, 3, 0, 6, 0, 3, -1, 0, 0, 21, 0, -3, 47, -18, 0, 17, 0, 9, 9, 9, 0, 19, 0, -24, 12, -6, -11, 0, 0, 0, 8, 2, 0, 0, 22, 0};
weight_ih[69] = {-3, -2, 4, -1, 0, 0, -5, 0, -30, 0, 4, 0, 0, 0, -1, 0, 36, 0, 0, 0, -4, -29, 0, 0, 6, -12, -7, 0, 0, 0, -8, 0, 20, -3, 0, 0, 0, 11, 0, 1, 0, 13, 0, 0, 0, -22, 0, 0, 3, 15, 0, -3, 0, 10, -3, -4, 0, -39, 0, 5, 6, 28, -12, 0, 0, 0, 2, 2, 0, 0, 3, 0};
weight_ih[70] = {-1, -1, 2, -2, 0, 0, -1, 0, 3, 3, -1, 0, 0, -1, 1, 0, 12, 0, 0, 0, -1, 4, 0, 0, 9, 1, -2, 0, 0, 0, -1, 0, 0, 0, 0, 0, 0, 5, 0, 1, 0, 0, 0, 0, 0, 2, 0, 0, 1, -2, 0, 1, 0, -1, 0, 2, 0, 1, 0, 0, -1, 2, 1, 0, 0, 0, 0, -1, 0, 0, 3, 0};
weight_ih[71] = {-7, 1, -1, -1, 0, 0, 22, 9, 7, 7, -2, 0, 0, -1, -2, 0, 2, 0, 0, 0, 2, -2, 0, 0, 38, -2, 11, 0, 0, 0, -7, 0, -9, -1, 0, 0, 0, 12, 0, 13, 0, -1, 0, 0, 0, -4, 0, 0, 6, 6, 0, 7, 0, 3, 6, 16, 0, 20, 0, 0, 1, 2, 0, 0, 0, 0, 0, 2, 0, 0, 2, 0};
weight_ih[72] = {7, 0, -75, -9, 0, 0, 61, 6, -85, 47, 30, 0, 0, 3, -2, 0, 36, 0, 0, 0, 17, -10, 0, 0, 31, 9, -20, 0, 0, 0, 8, 0, 9, 0, 0, 0, 0, 3, 0, 24, 0, -9, 9, 0, 0, -65, 0, -1, 54, -8, 0, 50, 0, -7, 30, -62, 0, -17, 0, -28, 16, 61, -32, 0, 0, 0, 1, -3, 0, 0, 0, 0};
weight_ih[73] = {3, -7, -2, 12, 0, 0, 44, 9, -34, 8, 108, 0, 0, 19, 0, 0, 11, 0, 0, 0, 30, 4, 0, 0, 42, 13, 6, 0, 0, 0, 11, 0, -1, 0, 0, 0, 0, 41, 0, 29, 0, 12, 1, 0, 0, -12, 0, -4, -43, 37, 0, -32, 0, 6, 13, 23, 0, -38, 0, 0, 31, -7, 49, 0, 0, -1, 3, 2, 0, 0, -15, 0};
weight_ih[74] = {1, -27, 35, 13, 0, 0, 31, -9, 21, 30, 30, 0, 0, -13, 6, 0, 33, 0, 0, 0, -7, 32, 0, 0, 11, -4, 6, 0, 0, 0, -4, 0, 0, -2, 0, 0, 0, 33, 0, 7, 0, 15, -4, 0, 0, -4, 0, -2, -14, 43, 0, -2, 0, 15, -15, 10, 0, 20, 0, 9, -21, 38, 14, 0, 0, -1, -3, -1, 0, 0, -33, 0};
weight_ih[75] = {19, -26, 54, -3, 0, 0, -2, -7, 37, -3, -36, 0, 0, -9, 3, 0, 7, 0, 0, 0, 6, -12, 0, 0, -30, -24, -7, 0, 0, 0, 21, 0, 20, -7, 0, 0, 0, -15, 0, -34, 0, -12, 1, 0, 0, 42, 0, -4, 8, 0, 0, 22, 0, 10, 1, -30, 0, -16, 0, -8, -17, 4, 27, 0, 0, 0, -2, 0, 0, 0, -47, 0};
weight_ih[76] = {16, 24, -34, 23, 0, 0, 4, -35, 22, -18, -8, 0, 0, 1, -5, 0, -23, 0, 0, 0, 40, -8, 0, 0, -2, -17, -15, 0, 0, 0, -50, 0, -12, -4, 0, 0, 0, -17, 0, 0, 0, 3, 0, 0, 0, -38, 0, 2, 65, 0, 0, 84, 0, 11, 5, 16, 0, -18, 0, 7, 12, -35, 26, 0, 0, 0, 0, -4, 0, 0, 23, 0};
weight_ih[77] = {4, 4, 26, -12, 0, 0, 11, -18, -34, 0, -56, 0, 0, -2, 0, 0, 19, 0, 0, 0, -1, 9, 0, 0, 19, 5, 23, 0, 0, 0, 24, 0, 92, 1, 0, 0, 0, 34, 0, 3, 0, 55, 1, 0, 0, -35, 0, 1, 48, 8, 0, 40, 0, 15, 23, 32, 0, -71, 0, -18, -5, -26, 19, 0, 0, 0, 3, 0, 0, 0, -12, 0};
weight_ih[78] = {11, 9, 10, -20, 0, 0, -53, 21, -50, -2, 9, 0, 0, 4, 11, 0, 94, 0, 0, 0, -17, -31, 0, 0, -59, -13, -3, 0, 0, 0, -24, 0, 21, 1, 0, 0, 0, -19, 0, -17, 0, 2, -1, 0, 0, 13, 0, -1, 32, -15, 0, 22, 0, 6, -11, -11, 0, -9, 0, -7, 13, 66, -33, 0, 0, 0, 0, 5, 0, 0, 37, 0};
weight_ih[79] = {-10, 15, -30, -8, 0, 0, 37, -16, -15, 7, -39, 0, 0, 3, -9, 0, 22, 0, 0, 0, -30, -35, 0, 0, 19, -10, -22, 0, 0, 0, 22, 0, -6, 12, 0, 0, 0, -9, 0, 57, 0, -63, 15, 0, 0, 29, 0, 1, 13, -95, 0, 13, 0, 4, 15, 17, 0, 27, 0, -41, 6, 14, -1, 0, 0, 0, 2, -2, 0, 0, 28, 0};
weight_ih[80] = {2, 1, -5, 2, 0, 0, -2, -10, 5, -8, -7, 0, 0, -2, -1, 0, -9, 0, 0, 0, 2, 0, 0, 0, -24, -2, -10, 0, 0, 0, -3, 0, -2, -2, 0, 0, 0, -12, 0, -6, 0, 0, 0, 0, 0, -3, 0, -2, -8, -8, 0, -2, 0, 6, -4, -8, 0, -14, 0, 4, 0, -9, 12, 0, 0, 0, 1, -1, 0, 0, -8, 0};
weight_ih[81] = {-46, -29, -13, 24, 0, 0, 3, -2, 28, 6, 13, 0, 0, -6, 10, 0, 18, 0, 0, 0, 62, -12, 0, 0, -2, 30, 44, 0, 0, 0, 6, 0, 28, -7, 0, 0, 0, 11, 0, 45, 0, -4, 5, 0, 0, -3, 0, -1, -71, -13, 0, -5, 0, 1, 48, -92, 0, 68, 0, 4, 5, -15, -34, 0, 0, 0, -7, -2, 0, 0, -10, 0};
weight_ih[82] = {9, -1, -3, 0, 0, 0, -17, -1, 0, 3, 8, 0, 0, -4, -3, 0, -4, 0, 0, 0, 2, 3, 0, 0, -25, -2, -2, 0, 0, 0, -4, 0, 3, 4, 0, 0, 0, -5, 0, -10, 0, 0, 0, 0, 0, 4, 0, 0, 8, -2, 0, 11, 0, 0, -3, -1, 0, -2, 0, -2, -1, -3, 7, 0, 0, 0, 0, 3, 0, 0, 2, 0};
weight_ih[83] = {-2, -3, -25, 8, 0, 0, -25, -10, -21, 16, 2, 0, 0, 3, 0, 0, -44, 0, 0, 0, 18, 13, 0, 0, -18, 6, -2, 0, 0, 0, -2, 0, -18, 4, 0, 0, 0, 15, 0, 1, 0, -1, 2, 0, 0, -13, 0, 0, 19, 6, 0, 3, 0, -11, 7, 12, 0, 6, 0, -5, -2, -10, -1, 0, 0, 0, 2, 2, 0, 0, 16, 0};
weight_ih[84] = {12, 4, -55, 17, 0, 0, 22, -10, 61, -43, -25, 0, 0, 6, 7, 0, -33, 0, 0, 0, 53, -7, 0, 0, 42, 17, -19, 0, 0, 0, -9, 0, 31, 2, 0, 0, 0, 63, 0, 0, 0, 40, -12, 0, 0, -15, 0, 1, 32, 28, 0, 37, 0, -2, 1, -45, 0, -1, 0, 0, -58, -28, 19, 0, 0, 0, -2, 3, 0, 0, 10, 0};
weight_ih[85] = {7, 15, -39, -14, 0, 0, -13, -2, -48, -8, 0, 0, 0, -4, -4, 0, -2, 0, 0, 0, -8, 7, 0, 0, 17, 40, 6, 0, 0, 0, -12, 0, 32, 9, 0, 0, 0, 10, 0, 0, 0, 9, 0, 0, 0, -34, 0, -3, 35, 7, 0, 18, 0, 2, 14, 13, 0, -40, 0, -3, -6, 15, 8, 0, 0, 0, -2, 6, 0, 0, 45, 0};
weight_ih[86] = {-12, -4, 32, 0, 0, 0, -22, 19, -56, 5, -44, 0, 0, -14, 2, 0, 22, 0, 0, 0, -5, -43, 0, 0, -38, -41, 22, 0, 0, 0, -7, 0, 31, 10, 0, 0, 0, -80, 0, 6, 0, -32, 23, 0, 0, 29, 0, -1, 12, 5, 0, 8, 0, 35, 15, -31, 0, -18, 0, 1, 36, -2, 10, 0, 0, 0, -3, 1, 0, 0, -36, 0};
weight_ih[87] = {-2, 27, -17, -2, 0, 0, 0, -16, -7, 1, -10, 0, 0, -4, -1, 0, -58, 0, 0, 0, -7, 6, 0, 0, 38, -2, 9, 0, 0, 0, -50, 0, 16, 2, 0, 0, 0, -17, 0, 16, 0, 3, 0, 0, 0, -37, 0, -1, 18, -19, 0, 2, 0, -11, 5, -9, 0, -35, 0, -1, 0, -50, -26, 0, 0, 0, 0, -3, 0, 0, 16, 0};
weight_ih[88] = {2, -6, 53, 18, 0, 0, 43, -31, 61, -96, 17, 0, 0, -7, 3, 0, -20, 0, 0, 0, 7, 3, 0, 0, -3, -63, -5, 0, 0, 0, -16, 0, -7, -5, 0, 0, 0, -63, 0, -31, 0, -10, -19, 0, 0, 7, 0, 0, -50, 26, 0, 55, 0, 35, -9, 31, 0, -24, 0, 25, -57, -26, -3, 0, 0, 0, 5, 0, 0, 0, -2, 0};
weight_ih[89] = {0, 1, 25, 5, 0, 0, -33, 1, -29, 20, 15, 0, 0, -1, -1, 0, -88, 0, 0, 0, -25, 14, 0, 0, -30, 18, -1, 0, 0, 0, 51, 0, 16, 7, 0, 0, 0, 6, 0, -10, 0, 13, 7, 0, 0, 55, 0, 1, -3, -11, 0, 1, 0, -50, 14, -9, 0, 32, 0, 7, -58, -37, -27, 0, 0, 0, 6, -1, 0, 0, 3, 0};
weight_ih[90] = {9, -1, -3, 0, 0, 0, -19, -1, 0, 2, 7, 0, 0, -5, -2, 0, -6, 0, 0, 0, 1, 3, 0, 0, -25, -1, -2, 0, 0, 0, -5, 0, 2, 4, 0, 0, 0, -5, 0, -10, 0, 0, 0, 0, 0, 3, 0, 0, 9, -2, 0, 10, 0, -1, -4, -1, 0, -2, 0, -2, -3, -4, 6, 0, 0, 0, 0, 2, 0, 0, 2, 0};
weight_ih[91] = {4, -35, 1, 8, 0, 0, 49, 34, 4, 17, -41, 0, 0, -19, 4, 0, 8, 0, 0, 0, -10, -27, 0, 0, 26, -10, 3, 0, 0, 0, 22, 0, 19, -5, 0, 0, 0, -28, 0, 1, 0, -11, -8, 0, 0, 26, 0, 2, -12, -19, 0, 9, 0, 25, -2, 5, 0, 23, 0, 1, -12, 34, 57, 0, 0, 0, 3, -1, 0, 0, -32, 0};
weight_ih[92] = {9, -1, -3, 1, 0, 0, -16, -1, 0, 2, 7, 0, 0, -5, -2, 0, -5, 0, 0, 0, 2, 2, 0, 0, -26, -2, -2, 0, 0, 0, -5, 0, 2, 3, 0, 0, 0, -5, 0, -11, 0, 1, 0, 0, 0, 4, 0, 0, 8, -2, 0, 13, 0, -1, -4, -1, 0, -3, 0, -2, -3, -4, 9, 0, 0, 0, 0, 2, 0, 0, 2, 0};
weight_ih[93] = {18, 7, 5, -4, 0, 0, -30, 22, 26, -3, 2, 0, 0, -4, 2, 0, -32, 0, 0, 0, -2, 21, 0, 0, -42, 54, 23, 0, 0, 0, 12, 0, -55, 4, 0, 0, 0, 13, 0, -33, 0, -29, -1, 0, 0, 17, 0, -1, 39, -27, 0, 12, 0, -7, -15, 19, 0, 56, 0, 16, -9, -17, 30, 0, 0, 0, -2, -1, 0, 0, 13, 0};
weight_ih[94] = {-7, -20, 13, -13, 0, 0, -44, 4, -24, 19, 37, 0, 0, -5, -1, 0, 33, 0, 0, 0, -39, -27, 0, 0, -2, -76, 4, 0, 0, 0, -11, 0, -22, -2, 0, 0, 0, -52, 0, 2, 0, -31, 9, 0, 0, 12, 0, 1, 12, -62, 0, -31, 0, -3, 30, -37, 0, 38, 0, 5, 14, 22, 11, 0, 0, 0, 2, -1, 0, 0, -29, 0};
weight_ih[95] = {9, 28, 0, 3, 0, 0, -34, 39, 14, -58, 4, 0, 0, 4, 0, 0, -93, 0, 0, 0, 12, 50, 0, 0, -13, 59, -22, 0, 0, 0, 20, 0, 1, 1, 0, 0, 0, -2, 0, -27, 0, -4, 0, 0, 0, -10, 0, 0, 44, 21, 0, -5, 0, -9, 3, 19, 0, -5, 0, -6, -18, -60, 16, 0, 0, 0, 0, -4, 0, 0, 23, 0};
weight_ih[96] = {-15, -19, 10, 8, 0, 0, 2, 12, -25, 23, 35, 0, 0, -5, -13, 0, -40, 0, 0, 0, -39, -9, 0, 0, 1, 6, 13, 0, 0, 0, 25, 0, 24, -4, 0, 0, 0, -10, 0, -8, 0, -10, -31, 0, 0, -9, 0, 0, -22, 12, 0, -46, 0, 1, 20, -10, 0, -20, 0, -21, -41, -10, 16, 0, 0, 0, -7, -1, 0, 0, -35, 0};
weight_ih[97] = {-94, -29, 1, 2, 0, 0, -31, 71, -5, -2, -12, 0, 0, -7, -20, 0, -12, 0, 0, 0, -2, 4, 0, 0, 12, 44, 9, 0, 0, 0, -36, 0, 39, -1, 0, 0, 0, -5, 0, -29, 0, -2, -1, 0, 0, 44, 0, -4, -30, 1, 0, -39, 0, 25, 15, 15, 0, 41, 0, 0, -22, 17, -42, 0, 0, 0, 0, -3, 0, 0, -5, 0};
weight_ih[98] = {-13, 9, -13, 15, 0, 0, 17, -23, 8, 13, 23, 0, 0, -7, -3, 0, -16, 0, 0, 0, 24, -17, 0, 0, 12, 1, -13, 0, 0, 0, -39, 0, -15, -5, 0, 0, 0, -4, 0, -9, 0, -3, 0, 0, 0, -48, 0, -5, 36, -30, 0, 9, 0, -1, 4, 0, 0, 1, 0, -7, 6, -15, 27, 0, 0, 0, -4, -2, 0, 0, -6, 0};
weight_ih[99] = {-4, 11, -32, -41, 0, 0, -7, 28, -18, 23, 9, 0, 0, 8, -1, 0, 8, 0, 0, 0, -50, 19, 0, 0, -15, 2, -13, 0, 0, 0, -20, 0, -6, -1, 0, 0, 0, 30, 0, -1, 0, 29, 32, 0, 0, -22, 0, -2, 3, -32, 0, 5, 0, 2, -25, -7, 0, 39, 0, -24, 45, 4, -28, 0, 0, 0, 3, 2, 0, 0, 8, 0};
weight_ih[100] = {15, 0, 24, -23, 0, 0, -13, 13, 42, -1, -63, 0, 0, -19, 4, 0, -39, 0, 0, 0, -33, -11, 0, 0, 3, 44, 10, 0, 0, 0, 9, 0, 2, 7, 0, 0, 0, -36, 0, -20, 0, 0, 16, 0, 0, 7, 0, 0, 24, 17, 0, -5, 0, -14, -12, 16, 0, -2, 0, 8, -26, -32, 56, 0, 0, 0, 10, 0, 0, 0, -19, 0};
weight_ih[101] = {8, 5, 30, -16, 0, 0, -47, 42, 3, -15, -14, 0, 0, -3, -2, 0, -44, 0, 0, 0, -20, -34, 0, 0, 49, 21, 9, 0, 0, 0, -22, 0, -9, -7, 0, 0, 0, -39, 0, -19, 0, -6, 0, 0, 0, 44, 0, -2, 39, -4, 0, -46, 0, -8, -11, 4, 0, -1, 0, -22, -15, -7, -7, 0, 0, 0, 1, 1, 0, 0, 29, 0};
weight_ih[102] = {-3, -3, 4, -10, 0, 0, -11, 7, 94, -35, -36, 0, 0, -11, 5, 0, -11, 0, 0, 0, 5, 60, 0, 0, -64, 10, -7, 0, 0, 0, 76, 0, -5, 6, 0, 0, 0, 23, 0, -29, 0, -5, 2, 0, 0, 92, 0, 2, -24, 10, 0, 13, 0, -1, 1, 15, 0, 44, 0, -25, -43, -33, 71, 0, 0, 0, -1, 5, 0, 0, 1, 0};
weight_ih[103] = {14, -22, -6, -11, 0, 0, -57, -10, -6, 29, 9, 0, 0, 0, -3, 0, -4, 0, 0, 0, -3, 23, 0, 0, -42, 16, 16, 0, 0, 0, -23, 0, 9, -1, 0, 0, 0, -5, 0, -33, 0, 4, -26, 0, 0, -18, 0, -3, -56, -45, 0, -39, 0, -11, -10, -2, 0, 47, 0, 7, -61, 55, -32, 0, 0, 0, -1, -6, 0, 0, -15, 0};
weight_ih[104] = {-3, 0, 9, -8, 0, 0, -40, -17, -9, -20, -12, 0, 0, -7, -8, 0, -2, 0, 0, 0, -47, -46, 0, 0, 18, -6, -11, 0, 0, 0, -87, 0, -84, 3, 0, 0, 0, -47, 0, -14, 0, -44, -2, 0, 0, -32, 0, 0, 5, -34, 0, 14, 0, 0, -3, 9, 0, -1, 0, 2, 24, -3, -60, 0, 0, 0, -4, 4, 0, 0, 21, 0};
weight_ih[105] = {-16, -16, -49, -9, 0, 0, -17, -8, -9, 7, 10, 0, 0, -1, -5, 0, -97, 0, 0, 0, -48, 32, 0, 0, -14, 28, 3, 0, 0, 0, 38, 0, -14, 4, 0, 0, 0, 8, 0, -6, 0, 0, -1, 0, 0, -15, 0, -7, 1, -22, 0, 3, 0, 1, -10, 28, 0, 32, 0, -5, -13, -56, -29, 0, 0, 0, -1, -4, 0, 0, -7, 0};
weight_ih[106] = {-2, -1, 5, 8, 0, 0, 44, -24, 74, -65, -33, 0, 0, -6, -11, 0, 11, 0, 0, 0, -15, -31, 0, 0, 44, 45, 25, 0, 0, 0, -19, 0, -43, -9, 0, 0, 0, 4, 0, 50, 0, -17, 1, 0, 0, -25, 0, 0, -18, -22, 0, -34, 0, 8, -1, 40, 0, -24, 0, 15, -14, -36, -36, 0, 0, 0, 1, -1, 0, 0, 13, 0};
weight_ih[107] = {6, 11, -36, 24, 0, 0, 24, -37, 78, -31, 1, 0, 0, -1, 2, 0, -36, 0, 0, 0, 22, 35, 0, 0, 85, 28, -48, 0, 0, 0, 26, 0, -7, 3, 0, 0, 0, 1, 0, 39, 0, 16, 1, 0, 0, -12, 0, 0, 66, -13, 0, 50, 0, -13, -10, -1, 0, 0, 0, -7, -4, -81, 18, 0, 0, 0, -4, -2, 0, 0, 44, 0};
weight_ih[108] = {-9, -36, -13, -27, 0, 0, 26, -4, -7, -13, 34, 0, 0, -13, -3, 0, -31, 0, 0, 0, -15, -54, 0, 0, -7, 36, 1, 0, 0, 0, 37, 0, 15, 0, 0, 0, 0, -38, 0, -56, 0, -49, 3, 0, 0, 12, 0, -1, -16, 9, 0, 55, 0, -31, -2, -9, 0, -27, 0, -40, -68, -6, 54, 0, 0, 0, -3, -2, 0, 0, -77, 0};
weight_ih[109] = {9, -1, -3, 0, 0, 0, -18, 0, 0, 2, 8, 0, 0, -5, -2, 0, -5, 0, 0, 0, 2, 3, 0, 0, -25, -1, -3, 0, 0, 0, -4, 0, 3, 4, 0, 0, 0, -5, 0, -10, 0, 1, 0, 0, 0, 5, 0, 0, 8, -2, 0, 10, 0, 0, -4, -1, 0, -2, 0, -2, -2, -3, 7, 0, 0, 0, 0, 3, 0, 0, 2, 0};
weight_ih[110] = {-6, 3, 26, 11, 0, 0, 26, 41, -14, 20, -22, 0, 0, 0, -4, 0, -18, 0, 0, 0, -29, -4, 0, 0, 21, -10, 36, 0, 0, 0, 9, 0, 26, 2, 0, 0, 0, -17, 0, 21, 0, -6, -5, 0, 0, 47, 0, 0, -27, 15, 0, 1, 0, 10, 39, 4, 0, -20, 0, -25, -34, -11, 2, 0, 0, 0, 3, 0, 0, 0, -14, 0};
weight_ih[111] = {9, -1, -1, 0, 0, 0, -17, 0, 1, 3, 9, 0, 0, -4, -2, 0, -3, 0, 0, 0, 2, 4, 0, 0, -25, -1, -3, 0, 0, 0, -4, 0, 4, 4, 0, 0, 0, -6, 0, -9, 0, 0, 0, 0, 0, 4, 0, 0, 9, -2, 0, 12, 0, 1, -4, -2, 0, -2, 0, -2, -1, -3, 8, 0, 0, 0, 0, 2, 0, 0, 2, 0};
weight_ih[112] = {8, 44, -26, -20, 0, 0, -8, -28, -49, 33, 5, 0, 0, 2, 2, 0, 31, 0, 0, 0, -7, 42, 0, 0, 13, -42, -10, 0, 0, 0, -41, 0, -42, 5, 0, 0, 0, 45, 0, 9, 0, 2, -7, 0, 0, -39, 0, 2, 15, 83, 0, 69, 0, -11, -23, -16, 0, 3, 0, 29, -23, -22, 55, 0, 0, 0, 1, 2, 0, 0, 26, 0};
weight_ih[113] = {3, 47, 30, 17, 0, 0, -19, 19, 28, -54, -29, 0, 0, -5, 1, 0, -54, 0, 0, 0, 29, -67, 0, 0, 33, -7, 6, 0, 0, 0, -14, 0, -69, -3, 0, 0, 0, -50, 0, 2, 0, -54, 13, 0, 0, -6, 0, 0, 18, 29, 0, -13, 0, -19, 15, 0, 0, -7, 0, -12, 11, -56, -61, 0, 0, 0, -2, -1, 0, 0, 70, 0};
weight_ih[114] = {-9, -7, -15, 26, 0, 0, 45, 9, 22, 9, -1, 0, 0, 8, -14, 0, 5, 0, 0, 0, -9, -18, 0, 0, 38, -1, -5, 0, 0, 0, 2, 0, -5, -4, 0, 0, 0, -10, 0, 18, 0, -12, -28, 0, 0, 23, 0, 0, -16, -29, 0, -17, 0, 13, -16, -14, 0, 24, 0, 8, -38, 28, -6, 0, 0, 2, -3, 0, 0, 0, -34, 0};
weight_ih[115] = {0, -3, 26, -11, 0, 0, -23, -32, -11, -7, 5, 0, 0, -9, 13, 0, -34, 0, 0, 0, -19, 16, 0, 0, -21, -27, 17, 0, 0, 0, 34, 0, 10, 4, 0, 0, 0, -35, 0, -66, 0, 12, 3, 0, 0, 46, 0, -6, 33, -15, 0, 47, 0, 11, -2, -17, 0, -18, 0, 21, 8, -30, -55, 0, 0, 1, -3, 1, 0, 0, 20, 0};
weight_ih[116] = {-4, -10, -22, -18, 0, 0, -41, 7, -36, 87, 4, 0, 0, 1, 0, 0, 36, 0, 0, 0, 22, 5, 0, 0, -25, -40, 22, 0, 0, 0, -21, 0, 10, 6, 0, 0, 0, 66, 0, -15, 0, 41, 26, 0, 0, 8, 0, 0, 3, -32, 0, -15, 0, -60, 43, -28, 0, 79, 0, -14, 34, 5, 45, 0, 0, 0, -6, -1, 0, 0, -26, 0};
weight_ih[117] = {-12, -19, 8, 35, 0, 0, 31, -13, 3, 38, -8, 0, 0, 6, -1, 0, 26, 0, 0, 0, 23, -14, 0, 0, -11, -37, -25, 0, 0, 0, -70, 0, 16, -2, 0, 0, 0, -21, 0, 13, 0, -1, 2, 0, 0, -23, 0, 2, -54, 59, 0, 36, 0, 45, 6, -22, 0, -27, 0, 4, 16, 32, -20, 0, 0, 0, 4, -2, 0, 0, -19, 0};
weight_ih[118] = {6, -41, -3, -2, 0, 0, 36, -2, 27, -17, -38, 0, 0, -23, -5, 0, -31, 0, 0, 0, -24, -11, 0, 0, 28, 4, -12, 0, 0, 0, 4, 0, 16, 2, 0, 0, 0, 43, 0, -18, 0, 26, -6, 0, 0, -12, 0, -5, 23, 2, 0, 51, 0, 0, -25, 1, 0, 30, 0, 11, -21, -4, 37, 0, 0, 0, 3, -2, 0, 0, -44, 0};
weight_ih[119] = {9, -1, 0, 1, 0, 0, -15, -2, 2, 2, 9, 0, 0, -4, -3, 0, -3, 0, 0, 0, 2, 4, 0, 0, -23, -2, -2, 0, 0, 0, -5, 0, 4, 5, 0, 0, 0, -6, 0, -8, 0, 0, 0, 0, 0, 4, 0, 0, 9, -2, 0, 11, 0, 2, -3, -2, 0, -2, 0, -2, 0, -4, 8, 0, 0, 0, 0, 3, 0, 0, 1, 0};
weight_ih[120] = {4, -9, 3, 3, 0, 0, 32, 8, 5, 30, 21, 0, 0, 6, 6, 0, -49, 0, 0, 0, 4, 22, 0, 0, 59, 34, -2, 0, 0, 0, 1, 0, 16, 3, 0, 0, 0, 10, 0, 29, 0, 4, 4, 0, 0, 1, 0, 0, 22, -2, 0, 2, 0, 14, 22, -20, 0, 27, 0, -17, 9, -10, 38, 0, 0, 0, 3, 0, 0, 0, 16, 0};
weight_ih[121] = {-8, -17, 22, 32, 0, 0, -13, -35, 10, -13, -24, 0, 0, 1, 0, 0, 35, 0, 0, 0, 21, -65, 0, 0, 16, -5, -26, 0, 0, 0, -50, 0, -58, -4, 0, 0, 0, -66, 0, -33, 0, -42, 3, 0, 0, -33, 0, -1, -30, -27, 0, -50, 0, 6, -12, -36, 0, -91, 0, 17, -8, 10, -38, 0, 0, 0, 2, 0, 0, 0, -18, 0};
weight_ih[122] = {-4, 6, 13, 6, 0, 0, -25, -26, 38, -15, -14, 0, 0, -5, 0, 0, 7, 0, 0, 0, 16, -13, 0, 0, -22, -7, -3, 0, 0, 0, -19, 0, -25, -8, 0, 0, 0, -29, 0, -25, 0, 0, -1, 0, 0, 1, 0, -1, -24, -11, 0, -37, 0, -6, -9, -1, 0, -26, 0, -8, -18, -14, -18, 0, 0, 0, -1, -3, 0, 0, -2, 0};
weight_ih[123] = {-20, 1, -17, 17, 0, 0, 34, 37, 35, -52, -41, 0, 0, 0, -19, 0, 3, 0, 0, 0, 33, -55, 0, 0, 80, -1, 7, 0, 0, 0, 13, 0, 55, 8, 0, 0, 0, 0, 0, 28, 0, 7, 10, 0, 0, -12, 0, 0, 20, 7, 0, -43, 0, 47, 29, 46, 0, -52, 0, -42, 3, -6, -18, 0, 0, 0, 1, -1, 0, 0, -1, 0};
weight_ih[124] = {8, -4, -26, 9, 0, 0, -54, -31, 5, -8, -122, 0, 0, -12, 1, 0, 18, 0, 0, 0, 19, -51, 0, 0, 13, 21, -22, 0, 0, 0, -17, 0, 9, -5, 0, 0, 0, 16, 0, -16, 0, 26, -5, 0, 0, -6, 0, -1, 42, -23, 0, -15, 0, -31, 7, 20, 0, 9, 0, 4, -22, 4, 31, 0, 0, 0, 5, 0, 0, 0, 30, 0};
weight_ih[125] = {7, 16, 14, 15, 0, 0, -57, -4, -36, 63, -49, 0, 0, -1, 2, 0, 25, 0, 0, 0, 2, -43, 0, 0, 2, -60, -55, 0, 0, 0, -27, 0, 21, -5, 0, 0, 0, -23, 0, 13, 0, 47, 22, 0, 0, -14, 0, 0, 34, 40, 0, -5, 0, -6, -15, 14, 0, -12, 0, -9, 40, -31, 1, 0, 0, 0, 1, 0, 0, 0, 28, 0};
weight_ih[126] = {-6, 0, -16, 2, 0, 0, 41, -7, -26, 18, -5, 0, 0, -2, -4, 0, -7, 0, 0, 0, -7, -29, 0, 0, 42, 3, -21, 0, 0, 0, 5, 0, -9, -7, 0, 0, 0, -29, 0, 16, 0, -14, -1, 0, 0, -34, 0, -1, 23, 3, 0, -8, 0, 14, 5, -8, 0, -1, 0, -5, -8, 30, 5, 0, 0, 0, 1, -1, 0, 0, 15, 0};
weight_ih[127] = {-9, -23, 9, 10, 0, 0, 33, -7, 13, 21, 0, 0, 0, -6, -6, 0, -39, 0, 0, 0, 20, 3, 0, 0, 54, -9, -7, 0, 0, 0, -36, 0, 11, 9, 0, 0, 0, -30, 0, 1, 0, 3, -1, 0, 0, 1, 0, -3, 52, -28, 0, 56, 0, -9, 3, -20, 0, -3, 0, -4, -35, -50, 14, 0, 0, 0, -1, -2, 0, 0, -27, 0};
weight_ih[128] = {2, 0, 57, 2, 0, 0, -43, 29, 48, -53, -69, 0, 0, -16, -3, 0, -60, 0, 0, 0, 2, 4, 0, 0, -17, 5, 40, 0, 0, 0, 5, 0, 10, 2, 0, 0, 0, 7, 0, -9, 0, -12, -28, 0, 0, 35, 0, -1, 15, 6, 0, -6, 0, -19, -5, -28, 0, -23, 0, 4, -84, -50, -12, 0, 0, 0, 5, 0, 0, 0, 5, 0};
weight_ih[129] = {1, 1, -44, 20, 0, 0, 23, -18, 42, -36, -16, 0, 0, 3, -4, 0, 31, 0, 0, 0, 26, -67, 0, 0, 2, -48, 25, 0, 0, 0, -5, 0, 39, 10, 0, 0, 0, 2, 0, -35, 0, 53, 5, 0, 0, 2, 0, -1, -15, 66, 0, 3, 0, 31, 30, 25, 0, -59, 0, -29, 6, -3, -47, 0, 0, 0, 0, -2, 0, 0, 11, 0};
weight_ih[130] = {-17, 1, -36, -6, 0, 0, -8, 2, -61, 39, -39, 0, 0, -12, -7, 0, -43, 0, 0, 0, 23, 17, 0, 0, 10, 6, -32, 0, 0, 0, -18, 0, -37, 0, 0, 0, 0, -20, 0, 7, 0, -44, 5, 0, 0, -58, 0, 0, -4, -31, 0, -5, 0, -19, -22, -6, 0, 11, 0, -14, -30, -25, -61, 0, 0, 0, -8, -3, 0, 0, 3, 0};
weight_ih[131] = {5, -14, -24, 6, 0, 0, 1, 45, -7, 1, -38, 0, 0, -6, -2, 0, -14, 0, 0, 0, 28, -4, 0, 0, -8, 19, -5, 0, 0, 0, 36, 0, 36, -3, 0, 0, 0, 28, 0, -25, 0, 24, -23, 0, 0, 12, 0, 0, 1, 79, 0, 12, 0, 41, -37, 18, 0, 45, 0, -22, -60, -9, 43, 0, 0, 0, 8, -1, 0, 0, -17, 0};
weight_ih[132] = {3, -16, 9, -7, 0, 0, 0, 61, -39, 12, -15, 0, 0, -5, 0, 0, -30, 0, 0, 0, -3, -13, 0, 0, 4, 2, -4, 0, 0, 0, -32, 0, 30, -6, 0, 0, 0, -22, 0, -2, 0, -21, 0, 0, 0, -4, 0, 1, -30, -9, 0, 10, 0, -4, -10, -21, 0, -5, 0, -13, 1, 1, -41, 0, 0, 0, 0, 3, 0, 0, -47, 0};
weight_ih[133] = {10, -1, -1, 1, 0, 0, -11, -3, 9, 1, 9, 0, 0, -6, -1, 0, -4, 0, 0, 0, 1, 3, 0, 0, -25, -2, -3, 0, 0, 0, -5, 0, 0, 1, 0, 0, 0, -8, 0, -13, 0, 1, 0, 0, 0, 5, 0, 0, 9, -2, 0, 21, 0, -3, -6, -3, 0, -4, 0, -2, -5, -5, 16, 0, 0, 0, 0, 2, 0, 0, 3, 0};
weight_ih[134] = {2, 4, 96, 8, 0, 0, 21, 21, 76, 52, -53, 0, 0, 1, 0, 0, -49, 0, 0, 0, -9, 25, 0, 0, 65, 14, 45, 0, 0, 0, 27, 0, 48, -5, 0, 0, 0, -51, 0, 32, 0, -15, -30, 0, 0, 59, 0, 1, 14, -70, 0, 35, 0, -8, -21, 3, 0, 32, 0, 30, -21, -41, 40, 0, 0, 0, 4, 0, 0, 0, 18, 0};
weight_ih[135] = {-21, -42, -106, 4, 0, 0, -6, -45, -15, -47, -59, 0, 0, -5, -1, 0, 37, 0, 0, 0, 70, -21, 0, 0, -12, 20, -75, 0, 0, 0, 41, 0, -20, -4, 0, 0, 0, 59, 0, 16, 0, -31, 2, 0, 0, -50, 0, 0, -41, 17, 0, -24, 0, -30, -2, 1, 0, -45, 0, -46, -34, -8, -27, 0, 0, 0, 2, 0, 0, 0, 6, 0};
weight_ih[136] = {5, 5, 1, -6, 0, 0, -22, 2, -24, 6, 5, 0, 0, -1, 0, 0, -18, 0, 0, 0, -12, 10, 0, 0, -32, 15, 5, 0, 0, 0, -3, 0, 2, 1, 0, 0, 0, 0, 0, -20, 0, 3, 1, 0, 0, 10, 0, -1, -11, -8, 0, 2, 0, -5, -7, 2, 0, 2, 0, -2, -5, 5, -9, 0, 0, 0, 0, 4, 0, 0, 3, 0};
weight_ih[137] = {-66, 24, 33, -3, 0, 0, -14, 32, 32, 3, 42, 0, 0, -1, -20, 0, 41, 0, 0, 0, -51, -15, 0, 0, 70, -34, -27, 0, 0, 0, 31, 0, 14, -4, 0, 0, 0, 5, 0, 13, 0, 22, -16, 0, 0, 50, 0, -1, 29, 0, 0, -50, 0, 17, -9, -66, 0, -27, 0, -16, -10, 74, 80, 0, 0, 1, -1, 0, 0, 0, 38, 0};
weight_ih[138] = {9, -1, -2, 0, 0, 0, -16, -1, 0, 3, 10, 0, 0, -4, -2, 0, -3, 0, 0, 0, 2, 5, 0, 0, -26, -2, -2, 0, 0, 0, -4, 0, 4, 4, 0, 0, 0, -5, 0, -10, 0, 1, 0, 0, 0, 4, 0, 0, 8, -2, 0, 13, 0, 1, -3, -2, 0, -2, 0, -2, 0, -3, 9, 0, 0, 0, 0, 2, 0, 0, 2, 0};
weight_ih[139] = {-26, 29, -13, -3, 0, 0, -11, 13, -7, 9, -26, 0, 0, -2, -19, 0, 59, 0, 0, 0, 6, -7, 0, 0, 38, 46, 19, 0, 0, 0, -75, 0, -6, -9, 0, 0, 0, -41, 0, -5, 0, -22, 0, 0, 0, -36, 0, 4, 20, 9, 0, -20, 0, 14, -5, -24, 0, -30, 0, -25, 19, 45, 39, 0, 0, 0, -1, 2, 0, 0, -5, 0};
weight_ih[140] = {-14, 4, -26, 4, 0, 0, -4, -12, -84, 22, -2, 0, 0, 1, -6, 0, -86, 0, 0, 0, 4, -20, 0, 0, 40, -19, -12, 0, 0, 0, -25, 0, 17, -6, 0, 0, 0, -8, 0, 34, 0, -5, 0, 0, 0, -51, 0, -4, 2, 11, 0, -54, 0, -4, 6, -23, 0, -31, 0, 1, -1, -11, -26, 0, 0, 0, 0, -7, 0, 0, 24, 0};
weight_ih[141] = {-1, -4, 77, 8, 0, 0, 16, 14, 26, 41, -26, 0, 0, 8, 0, 0, -19, 0, 0, 0, 27, -1, 0, 0, 19, -2, 10, 0, 0, 0, -57, 0, -4, -13, 0, 0, 0, -12, 0, -9, 0, 36, 33, 0, 0, 31, 0, 0, 14, -38, 0, 29, 0, -28, 9, -9, 0, 85, 0, 61, -8, -77, 29, 0, 0, 0, 4, 0, 0, 0, -18, 0};
weight_ih[142] = {10, -1, -2, 1, 0, 0, -18, -1, 1, 2, 9, 0, 0, -4, -2, 0, -3, 0, 0, 0, 2, 4, 0, 0, -26, -1, -3, 0, 0, 0, -4, 0, 3, 3, 0, 0, 0, -5, 0, -11, 0, 1, 0, 0, 0, 4, 0, 0, 9, -1, 0, 13, 0, 0, -4, -2, 0, -3, 0, -2, -2, -4, 10, 0, 0, 0, 0, 2, 0, 0, 2, 0};
weight_ih[143] = {4, -11, 31, 2, 0, 0, -56, -12, 31, 7, 26, 0, 0, -1, 10, 0, 2, 0, 0, 0, -1, 24, 0, 0, -47, 27, -15, 0, 0, 0, -13, 0, 41, 2, 0, 0, 0, -68, 0, 7, 0, 13, -7, 0, 0, -6, 0, 1, -23, -40, 0, -14, 0, 9, -28, -24, 0, -10, 0, 12, 34, 20, -79, 0, 0, 1, 3, 2, 0, 0, 2, 0};
weight_ih[144] = {-2, 6, 31, 7, 0, 0, 27, 15, 14, 14, -20, 0, 0, -2, -5, 0, 22, 0, 0, 0, -1, -4, 0, 0, -18, 35, 16, 0, 0, 0, 13, 0, 18, 2, 0, 0, 0, 19, 0, 16, 0, 5, 0, 0, 0, 13, 0, 0, -6, 14, 0, 3, 0, 22, -2, 17, 0, -3, 0, 7, -6, -2, -35, 0, 0, 0, 0, 2, 0, 0, 22, 0};
weight_ih[145] = {23, 8, -14, 15, 0, 0, 21, -17, -17, 15, 116, 0, 0, 3, 0, 0, -106, 0, 0, 0, 6, 21, 0, 0, 34, 37, 8, 0, 0, 0, -4, 0, 16, 10, 0, 0, 0, -44, 0, 16, 0, 4, -4, 0, 0, -13, 0, -2, 30, -45, 0, 18, 0, -27, 6, 0, 0, 10, 0, -26, -18, -57, 31, 0, 0, -2, 7, -1, 0, 0, 7, 0};
weight_ih[146] = {4, 5, 0, 3, 0, 0, -15, -2, 24, -10, -1, 0, 0, 0, 1, 0, -52, 0, 0, 0, -11, 2, 0, 0, 8, 0, -9, 0, 0, 0, 23, 0, -4, 3, 0, 0, 0, -6, 0, 12, 0, 2, 0, 0, 0, 14, 0, 0, 9, 23, 0, -6, 0, 2, -10, 12, 0, 0, 0, -19, -15, 16, -11, 0, 0, 0, 0, 3, 0, 0, 12, 0};
weight_ih[147] = {-3, -1, -11, -6, 0, 0, 25, 12, -40, 37, 0, 0, 0, 12, 2, 0, -41, 0, 0, 0, -37, 14, 0, 0, -1, 46, 27, 0, 0, 0, -4, 0, 23, -2, 0, 0, 0, 38, 0, -4, 0, 40, -17, 0, 0, 23, 0, 1, -45, -22, 0, -51, 0, -17, -10, 78, 0, 18, 0, -5, -10, -22, -19, 0, 0, 0, 9, 1, 0, 0, 14, 0};
weight_ih[148] = {-17, 4, 33, -25, 0, 0, -1, 5, 27, -24, 48, 0, 0, 0, 0, 0, 66, 0, 0, 0, -21, 55, 0, 0, -84, -5, 18, 0, 0, 0, -26, 0, -32, -3, 0, 0, 0, -19, 0, -53, 0, 17, -16, 0, 0, 33, 0, 2, -40, -2, 0, 44, 0, -5, -14, 4, 0, -4, 0, -30, -14, 6, 71, 0, 0, 0, -9, 0, 0, 0, -53, 0};
weight_ih[149] = {3, -1, -40, 5, 0, 0, -73, 20, 43, -1, -9, 0, 0, -5, -5, 0, -28, 0, 0, 0, 21, 24, 0, 0, -38, 32, 16, 0, 0, 0, 17, 0, -62, 6, 0, 0, 0, 97, 0, -3, 0, -35, -24, 0, 0, -24, 0, 1, -4, 3, 0, -64, 0, -34, -39, 17, 0, 87, 0, 13, -43, -20, 21, 0, 0, 0, 8, -3, 0, 0, 29, 0};
weight_ih[150] = {4, 26, -1, 10, 0, 0, 28, -26, 5, -14, -33, 0, 0, -3, -2, 0, 14, 0, 0, 0, -4, -12, 0, 0, 31, 26, -2, 0, 0, 0, -26, 0, -15, -5, 0, 0, 0, -5, 0, 38, 0, -3, 0, 0, 0, -44, 0, 1, 27, -19, 0, 13, 0, -2, 21, -35, 0, 1, 0, 2, 0, -12, -5, 0, 0, 0, -1, 2, 0, 0, 11, 0};
weight_ih[151] = {9, -3, 22, 4, 0, 0, -16, -4, -34, 37, 11, 0, 0, -1, 4, 0, 36, 0, 0, 0, 7, -18, 0, 0, -42, 6, -17, 0, 0, 0, -16, 0, 17, 2, 0, 0, 0, -13, 0, 0, 0, 46, -1, 0, 0, 14, 0, -1, 29, 1, 0, 4, 0, -2, -14, -2, 0, -53, 0, 12, 42, 52, -47, 0, 0, 0, -4, 1, 0, 0, -14, 0};
weight_ih[152] = {3, 7, 2, 30, 0, 0, 7, -13, -13, -1, 50, 0, 0, 20, 2, 0, 17, 0, 0, 0, 36, -14, 0, 0, -6, -27, 6, 0, 0, 0, -23, 0, 16, 21, 0, 0, 0, 6, 0, 12, 0, 2, 38, 0, 0, -18, 0, 2, -25, 11, 0, 15, 0, 25, 25, 25, 0, -43, 0, 20, 67, 14, -28, 0, 0, 0, -2, 3, 0, 0, 26, 0};
weight_ih[153] = {-4, -10, 68, 16, 0, 0, 7, 0, 87, 20, 31, 0, 0, 11, -4, 0, -41, 0, 0, 0, 50, -50, 0, 0, 63, 8, 35, 0, 0, 0, -42, 0, -2, -6, 0, 0, 0, 9, 0, 17, 0, 7, 6, 0, 0, 43, 0, 0, -29, 14, 0, -12, 0, -7, 40, 6, 0, -1, 0, 22, -2, -44, -11, 0, 0, 0, -2, 3, 0, 0, 38, 0};
weight_ih[154] = {0, 1, 13, -3, 0, 0, 1, 7, 16, 8, 1, 0, 0, 0, 2, 0, 39, 0, 0, 0, -1, 10, 0, 0, 33, 6, 0, 0, 0, 0, 6, 0, 2, -1, 0, 0, 0, 16, 0, 5, 0, 1, 0, 0, 0, 14, 0, 0, 15, -1, 0, 4, 0, -2, 2, 4, 0, 12, 0, 2, 1, 16, 4, 0, 0, 0, -1, -2, 0, 0, 10, 0};
weight_ih[155] = {-9, -9, 16, -1, 0, 0, 18, -2, -2, 4, 23, 0, 0, 27, 3, 0, 67, 0, 0, 0, 8, -5, 0, 0, -20, 52, 12, 0, 0, 0, 24, 0, 30, 0, 0, 0, 0, 18, 0, 52, 0, -7, 27, 0, 0, 4, 0, 0, -37, 23, 0, 29, 0, 5, 21, -51, 0, 7, 0, 4, -8, 49, -19, 0, 0, 0, -11, 3, 0, 0, -47, 0};
weight_ih[156] = {-2, 13, 46, -40, 0, 0, -8, 29, -16, 38, -21, 0, 0, 10, -3, 0, 49, 0, 0, 0, -18, -34, 0, 0, 19, -21, -32, 0, 0, 0, 5, 0, 18, -4, 0, 0, 0, -33, 0, 41, 0, 18, -15, 0, 0, 54, 0, -2, 19, -11, 0, -39, 0, 9, -30, -33, 0, -40, 0, 35, -13, 26, -78, 0, 0, 0, 0, 1, 0, 0, 7, 0};
weight_ih[157] = {-5, -9, 32, 17, 0, 0, 11, -22, 35, -13, -95, 0, 0, 28, 1, 0, 111, 0, 0, 0, 3, 3, 0, 0, -11, 6, -24, 0, 0, 0, 53, 0, 23, 4, 0, 0, 0, -21, 0, 12, 0, 20, 2, 0, 0, 54, 0, 1, -53, -15, 0, -2, 0, -14, 6, -20, 0, -9, 0, -7, -18, 59, -2, 0, 0, 0, 5, 3, 0, 0, -11, 0};
weight_ih[158] = {12, -17, -53, -2, 0, 0, 40, -48, -4, -18, 32, 0, 0, 22, -1, 0, -8, 0, 0, 0, 6, -4, 0, 0, 49, 4, -39, 0, 0, 0, 25, 0, -7, 7, 0, 0, 0, -36, 0, 12, 0, 24, 0, 0, 0, -29, 0, -1, 11, 72, 0, 16, 0, 8, 3, -14, 0, -56, 0, -42, -5, 3, 22, 0, 0, 0, 8, 1, 0, 0, -5, 0};
weight_ih[159] = {-1, 17, -27, 14, 0, 0, -36, -16, 43, 21, 21, 0, 0, 18, 1, 0, -35, 0, 0, 0, 25, -11, 0, 0, -37, -6, -56, 0, 0, 0, 23, 0, 2, -11, 0, 0, 0, 87, 0, -52, 0, -8, -3, 0, 0, 46, 0, -3, 14, 6, 0, -33, 0, 25, -39, -3, 0, -5, 0, -47, 3, 22, 8, 0, 0, 0, 11, -2, 0, 0, -5, 0};
weight_ih[160] = {-4, 0, 18, -46, 0, 0, -18, 57, -29, 6, 13, 0, 0, -1, 1, 0, -43, 0, 0, 0, -4, 22, 0, 0, -27, -34, 10, 0, 0, 0, -36, 0, -8, 5, 0, 0, 0, -45, 0, -45, 0, -12, 5, 0, 0, 45, 0, -1, 52, -94, 0, 46, 0, 1, -14, 10, 0, 23, 0, 41, -7, -41, 40, 0, 0, 0, 3, 2, 0, 0, -35, 0};
weight_ih[161] = {2, 0, 7, -4, 0, 0, 50, 3, -18, 19, 1, 0, 0, -2, 1, 0, -70, 0, 0, 0, -28, -3, 0, 0, 40, 5, -22, 0, 0, 0, 28, 0, 33, 2, 0, 0, 0, -37, 0, 14, 0, -6, 0, 0, 0, 35, 0, 0, -1, -4, 0, 56, 0, 14, -12, 3, 0, 9, 0, -28, -34, -24, -2, 0, 0, 0, 0, -1, 0, 0, 1, 0};
weight_ih[162] = {0, 1, 13, -3, 0, 0, 2, 7, 16, 8, 2, 0, 0, 0, 2, 0, 39, 0, 0, 0, -2, 10, 0, 0, 32, 6, 0, 0, 0, 0, 7, 0, 2, -1, 0, 0, 0, 16, 0, 5, 0, 1, 0, 0, 0, 14, 0, 0, 14, -1, 0, 4, 0, -2, 2, 3, 0, 12, 0, 3, 2, 15, 3, 0, 0, 0, -1, -2, 0, 0, 10, 0};
weight_ih[163] = {-5, 40, -30, -19, 0, 0, 11, 24, -7, -31, 37, 0, 0, 30, -9, 0, -123, 0, 0, 0, 22, 51, 0, 0, 46, 37, -1, 0, 0, 0, -29, 0, -14, 7, 0, 0, 0, 5, 0, 35, 0, -17, 0, 0, 0, -32, 0, 1, 52, -28, 0, 45, 0, 1, -14, 0, 0, 3, 0, 0, 3, -97, 20, 0, 0, 1, 10, 5, 0, 0, 7, 0};
weight_ih[164] = {0, -1, -14, 3, 0, 0, -2, -6, -16, -8, -2, 0, 0, 0, -2, 0, -40, 0, 0, 0, 1, -10, 0, 0, -32, -7, 0, 0, 0, 0, -5, 0, -3, 1, 0, 0, 0, -16, 0, -5, 0, -2, 0, 0, 0, -13, 0, 0, -15, 0, 0, -4, 0, 2, -2, -4, 0, -11, 0, -2, -1, -16, -4, 0, 0, 0, 1, 2, 0, 0, -10, 0};
weight_ih[165] = {2, -25, 30, -1, 0, 0, 15, 16, 64, -34, -24, 0, 0, 9, 0, 0, 31, 0, 0, 0, 36, -5, 0, 0, -14, 26, 1, 0, 0, 0, -31, 0, -43, -3, 0, 0, 0, -6, 0, -50, 0, -5, 0, 0, 0, -27, 0, -4, 45, -19, 0, 56, 0, -15, 3, -35, 0, -2, 0, 8, 25, -30, 55, 0, 0, 0, -1, 3, 0, 0, -45, 0};
weight_ih[166] = {8, 29, -1, 9, 0, 0, -52, 33, -4, -47, 17, 0, 0, -1, 1, 0, -20, 0, 0, 0, 17, 13, 0, 0, -1, 21, -23, 0, 0, 0, 18, 0, -2, -6, 0, 0, 0, 18, 0, -11, 0, -41, 1, 0, 0, 5, 0, -2, 22, 41, 0, 0, 0, 18, 4, 21, 0, -22, 0, -9, 0, 28, -32, 0, 0, 0, -1, 4, 0, 0, 28, 0};
weight_ih[167] = {-13, -12, -16, -15, 0, 0, -3, -11, -26, 44, 46, 0, 0, -3, -6, 0, 92, 0, 0, 0, -52, -13, 0, 0, -52, -39, 62, 0, 0, 0, -16, 0, -29, 25, 0, 0, 0, 37, 0, 7, 0, -39, -9, 0, 0, 23, 0, 1, -40, -89, 0, 25, 0, -3, -37, 21, 0, 63, 0, -17, 7, 110, 1, 0, 0, 0, 11, 2, 0, 0, -47, 0};
weight_ih[168] = {-1, -7, 11, 22, 0, 0, -21, -39, 4, -40, 12, 0, 0, 3, -1, 0, 27, 0, 0, 0, 19, 3, 0, 0, -36, 3, -7, 0, 0, 0, 13, 0, -5, 5, 0, 0, 0, 3, 0, -15, 0, 9, 5, 0, 0, -9, 0, 0, -23, 19, 0, -3, 0, 5, 11, -11, 0, -13, 0, -25, 12, 50, -6, 0, 0, 0, 1, 0, 0, 0, -4, 0};
weight_ih[169] = {-1, -26, -6, 3, 0, 0, -51, -17, -6, 1, -19, 0, 0, -11, 2, 0, 35, 0, 0, 0, -1, 3, 0, 0, -83, -32, -29, 0, 0, 0, 23, 0, 13, -10, 0, 0, 0, 0, 0, -91, 0, 4, -10, 0, 0, 14, 0, -2, -6, -37, 0, 15, 0, -27, -31, -28, 0, -30, 0, -25, -4, 20, -23, 0, 0, 0, 2, -5, 0, 0, -46, 0};
weight_ih[170] = {27, 38, -31, -26, 0, 0, 14, 22, -17, -11, -13, 0, 0, 13, 0, 0, -129, 0, 0, 0, -10, 6, 0, 0, 60, 30, 0, 0, 0, 0, -23, 0, -10, 3, 0, 0, 0, -17, 0, 32, 0, -3, 0, 0, 0, -9, 0, 6, 42, -7, 0, 27, 0, 23, 6, 22, 0, -16, 0, 4, 9, -53, -21, 0, 0, 0, 11, 3, 0, 0, 66, 0};
weight_ih[171] = {1, -26, -23, -23, 0, 0, 27, 26, -72, 97, -52, 0, 0, 2, -5, 0, -1, 0, 0, 0, -29, -34, 0, 0, -17, -30, -11, 0, 0, 0, 42, 0, 111, 0, 0, 0, 0, 38, 0, -13, 0, 50, 15, 0, 0, 18, 0, -1, 12, -23, 0, 31, 0, 17, -6, -45, 0, 21, 0, -45, -1, 36, -7, 0, 0, 0, 10, 5, 0, 0, -70, 0};
weight_ih[172] = {2, 0, -29, 0, 0, 0, 18, 12, -3, -17, 49, 0, 0, 0, 0, 0, -49, 0, 0, 0, -10, -1, 0, 0, 36, 9, 9, 0, 0, 0, -11, 0, -15, 4, 0, 0, 0, -16, 0, 12, 0, -16, 0, 0, 0, 3, 0, -1, 28, -18, 0, 25, 0, -14, -4, 15, 0, -4, 0, -2, -3, -33, 21, 0, 0, 0, -3, -1, 0, 0, 18, 0};
weight_ih[173] = {-5, 4, -58, 3, 0, 0, -19, -11, -35, 16, -24, 0, 0, 5, -4, 0, -74, 0, 0, 0, 23, -30, 0, 0, 29, -23, -11, 0, 0, 0, -13, 0, -15, -4, 0, 0, 0, 3, 0, 31, 0, -2, 0, 0, 0, -17, 0, 2, -3, -13, 0, -5, 0, -13, 6, 11, 0, -25, 0, 1, -1, -35, -55, 0, 0, 0, 2, 2, 0, 0, 30, 0};
weight_ih[174] = {12, 3, -33, 3, 0, 0, 26, -3, 43, -8, 37, 0, 0, -1, -1, 0, -41, 0, 0, 0, -5, 30, 0, 0, 7, 12, -2, 0, 0, 0, 0, 0, -15, 16, 0, 0, 0, 7, 0, 30, 0, 0, -1, 0, 0, 19, 0, 3, -18, -8, 0, 50, 0, 3, 13, -12, 0, 16, 0, 0, -2, -23, 52, 0, 0, 0, -5, 4, 0, 0, -7, 0};
weight_ih[175] = {-29, -4, 35, 7, 0, 0, 27, 4, -2, 8, 29, 0, 0, 4, 0, 0, 63, 0, 0, 0, 2, -9, 0, 0, 25, 6, 3, 0, 0, 0, 5, 0, 15, -3, 0, 0, 0, 7, 0, -3, 0, 0, 0, 0, 0, -2, 0, 1, -42, 5, 0, -15, 0, 2, -1, -2, 0, 9, 0, 8, 8, 7, -25, 0, 0, 0, 0, -4, 0, 0, -3, 0};
weight_ih[176] = {-11, -4, -119, 15, 0, 0, 47, -52, 6, -62, -5, 0, 0, -3, -12, 0, 34, 0, 0, 0, 23, -47, 0, 0, 79, -12, -62, 0, 0, 0, -12, 0, -68, 1, 0, 0, 0, 49, 0, 13, 0, 7, 13, 0, 0, -81, 0, -2, -3, -20, 0, 11, 0, -33, 3, -17, 0, -37, 0, -15, 19, -14, -1, 0, 0, 0, -13, 3, 0, 0, 3, 0};
weight_ih[177] = {-3, 7, 20, -20, 0, 0, 58, 53, 10, -27, 31, 0, 0, 8, -4, 0, -67, 0, 0, 0, -13, -3, 0, 0, 91, 46, 24, 0, 0, 0, 13, 0, -8, 11, 0, 0, 0, 3, 0, 12, 0, -7, 0, 0, 0, -6, 0, 1, 49, 2, 0, 39, 0, 30, 19, 39, 0, -15, 0, 37, -15, -47, -47, 0, 0, 0, 0, 0, 0, 0, 20, 0};
weight_ih[178] = {-13, -10, -48, -22, 0, 0, -6, 16, -81, 12, -44, 0, 0, 2, 6, 0, 30, 0, 0, 0, -10, -64, 0, 0, 43, 0, -43, 0, 0, 0, -90, 0, 14, 7, 0, 0, 0, 11, 0, 16, 0, 17, 16, 0, 0, -70, 0, 5, 9, -57, 0, -17, 0, -2, 58, -17, 0, -18, 0, -32, 83, -11, -4, 0, 0, 1, -7, 3, 0, 0, 5, 0};
weight_ih[179] = {-16, 10, -75, -7, 0, 0, 4, 20, -48, -60, 9, 0, 0, -20, -26, 0, -7, 0, 0, 0, 8, 48, 0, 0, 32, -15, -53, 0, 0, 0, 3, 0, -31, 6, 0, 0, 0, 86, 0, 32, 0, 32, -2, 0, 0, -53, 0, 1, 27, 57, 0, -22, 0, -50, -60, -3, 0, -51, 0, -37, -37, -19, 25, 0, 0, 0, 3, -1, 0, 0, 3, 0};
weight_ih[180] = {5, -23, -13, -6, 0, 0, -8, -9, -22, -5, -4, 0, 0, -6, 0, 0, -50, 0, 0, 0, -13, 1, 0, 0, 3, -12, -24, 0, 0, 0, 18, 0, -19, -4, 0, 0, 0, 18, 0, 20, 0, -19, 5, 0, 0, 33, 0, 0, 9, -21, 0, -25, 0, -19, -24, -1, 0, 17, 0, -19, -9, -11, -28, 0, 0, 0, 0, -2, 0, 0, -13, 0};
weight_ih[181] = {0, 1, 13, -3, 0, 0, 1, 7, 15, 7, 2, 0, 0, 0, 2, 0, 39, 0, 0, 0, -2, 11, 0, 0, 32, 6, 0, 0, 0, 0, 7, 0, 2, -1, 0, 0, 0, 16, 0, 5, 0, 1, 0, 0, 0, 14, 0, 0, 14, -1, 0, 3, 0, -2, 2, 3, 0, 12, 0, 2, 1, 16, 3, 0, 0, 0, -1, -2, 0, 0, 9, 0};
weight_ih[182] = {-5, 4, 16, -7, 0, 0, 30, 10, 3, -39, 7, 0, 0, 6, -2, 0, -20, 0, 0, 0, 24, -19, 0, 0, 49, 3, -10, 0, 0, 0, 3, 0, -18, 6, 0, 0, 0, 14, 0, 5, 0, -19, 5, 0, 0, 11, 0, 0, 35, 10, 0, 35, 0, -66, -2, -33, 0, 42, 0, 40, -21, -16, 67, 0, 0, 0, -3, 0, 0, 0, 5, 0};
weight_ih[183] = {0, 0, 13, -3, 0, 0, 1, 6, 16, 6, 1, 0, 0, 0, 1, 0, 40, 0, 0, 0, -2, 9, 0, 0, 33, 6, -1, 0, 0, 0, 7, 0, 1, -1, 0, 0, 0, 15, 0, 5, 0, 1, 0, 0, 0, 14, 0, -1, 15, 0, 0, 3, 0, -2, 2, 3, 0, 11, 0, 2, 1, 16, 3, 0, 0, 0, -1, -2, 0, 0, 9, 0};
weight_ih[184] = {0, -26, -9, -28, 0, 0, -8, 58, 18, 0, -32, 0, 0, -3, 2, 0, 43, 0, 0, 0, 39, -40, 0, 0, 17, -14, -23, 0, 0, 0, -10, 0, 39, -11, 0, 0, 0, 40, 0, 11, 0, 28, 26, 0, 0, -36, 0, 4, -63, 21, 0, -34, 0, -4, -5, -24, 0, -29, 0, -3, -10, 15, -65, 0, 0, 0, 0, 0, 0, 0, -18, 0};
weight_ih[185] = {-5, 11, 49, -2, 0, 0, 20, -37, -46, 38, -38, 0, 0, -13, -5, 0, 40, 0, 0, 0, -32, -10, 0, 0, 49, 31, -8, 0, 0, 0, -65, 0, 48, 9, 0, 0, 0, -7, 0, 34, 0, 38, -17, 0, 0, 3, 0, -2, 20, -41, 0, -5, 0, 38, 71, 24, 0, 25, 0, -18, 51, 21, -7, 0, 0, 0, 2, -2, 0, 0, 37, 0};
weight_ih[186] = {-33, -38, 14, 10, 0, 0, -42, -30, -9, -13, 61, 0, 0, -12, 0, 0, 85, 0, 0, 0, -1, 28, 0, 0, -74, -43, 0, 0, 0, 0, -29, 0, -9, -8, 0, 0, 0, -9, 0, -13, 0, 1, 2, 0, 0, -4, 0, -6, -38, 6, 0, -35, 0, 0, -23, -34, 0, -9, 0, -7, 3, 50, -17, 0, 0, -1, -1, -3, 0, 0, -60, 0};
weight_ih[187] = {-12, 8, -24, -23, 0, 0, -13, -9, -25, 20, -26, 0, 0, -22, 0, 0, -107, 0, 0, 0, 20, -13, 0, 0, 12, 15, 7, 0, 0, 0, -35, 0, -10, 4, 0, 0, 0, -4, 0, 26, 0, 1, -1, 0, 0, -30, 0, 1, 18, -21, 0, 1, 0, 5, 15, 29, 0, -15, 0, 6, -7, -43, -46, 0, 0, 0, 0, 1, 0, 0, 40, 0};
weight_ih[188] = {11, -4, -52, 5, 0, 0, -21, -33, -48, 44, 25, 0, 0, 4, -1, 0, 13, 0, 0, 0, 20, -7, 0, 0, -51, 31, -14, 0, 0, 0, -9, 0, -6, 13, 0, 0, 0, 39, 0, -31, 0, 56, -1, 0, 0, -51, 0, 0, -22, 8, 0, -16, 0, 13, 4, 75, 0, -25, 0, -52, 9, 27, -36, 0, 0, 0, 7, 5, 0, 0, -15, 0};
weight_ih[189] = {-5, 61, 3, 18, 0, 0, -7, 30, 35, 12, 12, 0, 0, 37, -21, 0, -107, 0, 0, 0, 33, 3, 0, 0, 68, -6, -23, 0, 0, 0, 12, 0, 13, -3, 0, 0, 0, 7, 0, 12, 0, 10, 14, 0, 0, 3, 0, -2, 52, -53, 0, -50, 0, -35, -39, 25, 0, 7, 0, -66, -56, -86, 51, 0, 0, 0, 3, 2, 0, 0, 49, 0};
weight_ih[190] = {-1, 8, 3, -5, 0, 0, 4, 27, -3, -20, -17, 0, 0, -2, 0, 0, -67, 0, 0, 0, -7, -28, 0, 0, 52, -10, 6, 0, 0, 0, -22, 0, -3, -9, 0, 0, 0, -15, 0, 17, 0, -3, 0, 0, 0, 0, 0, -1, 24, -14, 0, -5, 0, -6, -2, -3, 0, 15, 0, 3, -8, -35, -14, 0, 0, 0, -1, 0, 0, 0, 22, 0};
weight_ih[191] = {0, 0, 13, -3, 0, 0, 0, 7, 15, 7, 2, 0, 0, 0, 2, 0, 39, 0, 0, 0, -2, 10, 0, 0, 33, 6, 0, 0, 0, 0, 7, 0, 2, -1, 0, 0, 0, 16, 0, 4, 0, 1, 0, 0, 0, 14, 0, -1, 14, 0, 0, 3, 0, -2, 2, 4, 0, 12, 0, 3, 1, 16, 3, 0, 0, 0, -1, -2, 0, 0, 10, 0};
weight_ih[192] = {5, 0, 4, 2, 0, 0, -52, -6, 17, -9, -64, 0, 0, 20, 0, 0, 110, 0, 0, 0, 2, -1, 0, 0, -48, 0, 16, 0, 0, 0, 28, 0, 30, 8, 0, 0, 0, 19, 0, -21, 0, -7, -27, 0, 0, 18, 0, 0, -56, 35, 0, -74, 0, 38, 0, 2, 0, -15, 0, 32, 7, 106, -7, 0, 0, 0, -13, 0, 0, 0, -20, 0};
weight_ih[193] = {-13, -18, 71, 0, 0, 0, -1, 6, 51, 4, 10, 0, 0, -41, 4, 0, -14, 0, 0, 0, -32, -29, 0, 0, -15, -2, -1, 0, 0, 0, -18, 0, 4, -12, 0, 0, 0, -84, 0, -68, 0, 10, -1, 0, 0, 34, 0, 1, 25, -18, 0, 29, 0, 20, -16, -59, 0, -63, 0, -1, -33, 18, 24, 0, 0, -3, 12, -1, 0, 0, -44, 0};
weight_ih[194] = {-1, 4, -9, -6, 0, 0, 39, 15, 15, -4, 15, 0, 0, 19, -4, 0, -102, 0, 0, 0, 10, -10, 0, 0, 42, 26, 5, 0, 0, 0, -20, 0, -2, -2, 0, 0, 0, -7, 0, 8, 0, 8, 0, 0, 0, 0, 0, 7, 3, 0, 0, 52, 0, 17, 12, 17, 0, -13, 0, -1, 5, -71, -3, 0, 0, 1, 8, 3, 0, 0, 29, 0};
weight_ih[195] = {-36, -30, 51, -6, 0, 0, -32, -7, 96, -76, -16, 0, 0, -9, -29, 0, 2, 0, 0, 0, 22, 6, 0, 0, 13, 66, 15, 0, 0, 0, -6, 0, -56, 4, 0, 0, 0, 20, 0, 14, 0, -27, 12, 0, 0, 21, 0, -3, -24, 8, 0, -52, 0, -40, 1, -19, 0, 44, 0, 14, 6, -27, 29, 0, 0, 0, -8, -2, 0, 0, 2, 0};
weight_ih[196] = {1, -37, 31, -18, 0, 0, 18, -30, -9, 18, -112, 0, 0, 6, 2, 0, 54, 0, 0, 0, 20, 3, 0, 0, 16, 13, 4, 0, 0, 0, -23, 0, 23, 9, 0, 0, 0, 22, 0, 45, 0, 8, 0, 0, 0, 2, 0, 0, -45, 18, 0, -47, 0, 25, -26, 21, 0, 13, 0, -15, -8, 31, -48, 0, 0, 0, 12, 2, 0, 0, 4, 0};
weight_ih[197] = {35, -32, -93, -9, 0, 0, 22, 19, -50, -39, 1, 0, 0, 3, 5, 0, 22, 0, 0, 0, -29, -25, 0, 0, 9, 14, -38, 0, 0, 0, 34, 0, 18, -18, 0, 0, 0, -11, 0, 7, 0, 40, -7, 0, 0, -42, 0, 0, -19, 29, 0, 39, 0, 8, -12, -56, 0, -48, 0, -29, 7, 4, 7, 0, 0, 0, -1, -6, 0, 0, -21, 0};
weight_ih[198] = {-3, 7, -14, 26, 0, 0, -14, -4, 11, 11, 22, 0, 0, -1, -4, 0, 32, 0, 0, 0, 1, 19, 0, 0, -5, 7, -21, 0, 0, 0, -15, 0, -4, 4, 0, 0, 0, -14, 0, 13, 0, 17, 4, 0, 0, -9, 0, 0, -11, -6, 0, -55, 0, -6, 20, 25, 0, 10, 0, -11, 19, 17, 54, 0, 0, 0, -10, -1, 0, 0, -27, 0};
weight_ih[199] = {0, 27, 8, -5, 0, 0, 52, 37, 5, 14, 17, 0, 0, 16, -6, 0, -60, 0, 0, 0, 31, -16, 0, 0, 36, 18, 7, 0, 0, 0, 8, 0, -11, 28, 0, 0, 0, 17, 0, 7, 0, 1, 1, 0, 0, -12, 0, 10, 28, 24, 0, 10, 0, 9, 12, 38, 0, -2, 0, 15, 27, -25, 11, 0, 0, 1, 7, 12, 0, 0, 13, 0};
weight_ih[200] = {-1, 10, 78, 4, 0, 0, 11, -15, 78, -42, 28, 0, 0, -4, -1, 0, -41, 0, 0, 0, 49, 11, 0, 0, 46, 47, 36, 0, 0, 0, 19, 0, -14, 6, 0, 0, 0, 23, 0, 25, 0, 21, 11, 0, 0, 23, 0, 1, 23, 68, 0, 23, 0, -27, 1, 24, 0, -31, 0, -6, -9, -53, 31, 0, 0, 0, 2, -1, 0, 0, 31, 0};
weight_ih[201] = {2, -5, -42, 2, 0, 0, -7, -22, -24, 32, 16, 0, 0, 9, 7, 0, 20, 0, 0, 0, -9, -3, 0, 0, -27, -39, -64, 0, 0, 0, -13, 0, 3, -3, 0, 0, 0, 7, 0, -34, 0, 10, 4, 0, 0, 13, 0, -1, -24, -45, 0, 9, 0, 10, 7, -17, 0, 3, 0, -15, 5, 0, 3, 0, 0, 0, 3, 0, 0, 0, -18, 0};
weight_ih[202] = {1, 0, -16, 1, 0, 0, -48, -23, -27, 16, -16, 0, 0, -7, 3, 0, 56, 0, 0, 0, 12, -8, 0, 0, -71, -12, 26, 0, 0, 0, 21, 0, 3, -1, 0, 0, 0, -20, 0, -7, 0, 5, 2, 0, 0, 1, 0, -1, -18, 36, 0, -34, 0, 2, 18, 5, 0, -23, 0, 16, 0, 50, 3, 0, 0, 0, -1, 3, 0, 0, 3, 0};
weight_ih[203] = {11, 26, 126, 1, 0, 0, -7, -1, -13, 30, 4, 0, 0, 0, -22, 0, -5, 0, 0, 0, -41, -22, 0, 0, 5, -16, 37, 0, 0, 0, -1, 0, -13, 7, 0, 0, 0, -83, 0, -13, 0, 3, 18, 0, 0, 37, 0, 1, 0, 11, 0, 28, 0, 42, 19, -31, 0, 39, 0, 59, 47, -9, -29, 0, 0, 0, 0, 5, 0, 0, 27, 0};
weight_ih[204] = {-14, 3, -26, -16, 0, 0, 31, -18, -36, -27, -44, 0, 0, 1, -2, 0, 88, 0, 0, 0, -12, 29, 0, 0, 35, -64, 10, 0, 0, 0, -38, 0, 7, 3, 0, 0, 0, 38, 0, 8, 0, -21, 9, 0, 0, -58, 0, 1, -13, 5, 0, 92, 0, 13, 11, 40, 0, -40, 0, 13, 8, 28, -25, 0, 0, 1, 0, 3, 0, 0, -7, 0};
weight_ih[205] = {0, -1, -14, 3, 0, 0, -4, -6, -14, -8, -2, 0, 0, 0, -1, 0, -39, 0, 0, 0, 2, -9, 0, 0, -32, -5, -1, 0, 0, 0, -6, 0, -3, 1, 0, 0, 0, -16, 0, -6, 0, -1, 0, 0, 0, -12, 0, 0, -12, 0, 0, -4, 0, 1, -2, -3, 0, -11, 0, -2, -1, -16, -4, 0, 0, 0, 1, 3, 0, 0, -10, 0};
weight_ih[206] = {2, 10, -30, 0, 0, 0, 9, -61, 13, 74, 24, 0, 0, 3, 1, 0, 20, 0, 0, 0, -26, -16, 0, 0, 23, -54, 6, 0, 0, 0, -33, 0, -34, 9, 0, 0, 0, 86, 0, 3, 0, 29, 11, 0, 0, -43, 0, 1, 18, -75, 0, 5, 0, -38, -10, 8, 0, 87, 0, 19, 45, -7, -38, 0, 0, 0, 11, 5, 0, 0, -2, 0};
weight_ih[207] = {1, -8, 7, 0, 0, 0, -36, 79, -66, 30, -1, 0, 0, 2, 3, 0, 53, 0, 0, 0, 5, -31, 0, 0, -23, -32, -30, 0, 0, 0, -15, 0, 27, -10, 0, 0, 0, -88, 0, -49, 0, -25, -18, 0, 0, 43, 0, -1, -35, -14, 0, -55, 0, 18, -39, -12, 0, 13, 0, 18, -3, 65, -6, 0, 0, 0, -4, 2, 0, 0, -48, 0};
weight_ih[208] = {1, -41, -7, 26, 0, 0, 38, -56, 13, 2, 54, 0, 0, -3, 1, 0, 67, 0, 0, 0, 16, 21, 0, 0, 10, -37, -5, 0, 0, 0, 20, 0, 54, 4, 0, 0, 0, 2, 0, -29, 0, 28, 1, 0, 0, -2, 0, -2, 1, -3, 0, 53, 0, 11, 0, 14, 0, -50, 0, -2, 12, 28, 36, 0, 0, 0, 1, 0, 0, 0, -32, 0};
weight_ih[209] = {-13, 9, -58, 7, 0, 0, -39, -51, 12, 41, 16, 0, 0, 8, 7, 0, -34, 0, 0, 0, -11, 34, 0, 0, -12, 64, 23, 0, 0, 0, -2, 0, -65, 1, 0, 0, 0, 78, 0, 10, 0, -34, 1, 0, 0, -51, 0, -1, -22, -17, 0, -41, 0, -23, 3, 62, 0, 70, 0, 19, 5, -34, -36, 0, 0, 0, -1, 3, 0, 0, 37, 0};
weight_ih[210] = {0, -1, -13, 3, 0, 0, -1, -7, -16, -7, -1, 0, 0, 0, -1, 0, -40, 0, 0, 0, 2, -10, 0, 0, -33, -7, 1, 0, 0, 0, -6, 0, -2, 1, 0, 0, 0, -16, 0, -5, 0, -1, 0, 0, 0, -14, 0, 1, -16, 1, 0, -3, 0, 2, -2, -3, 0, -11, 0, -2, -1, -16, -3, 0, 0, 0, 1, 2, 0, 0, -10, 0};
weight_ih[211] = {18, -21, 5, 23, 0, 0, -23, 59, 69, -23, -15, 0, 0, 4, 5, 0, -70, 0, 0, 0, 41, -38, 0, 0, -57, -29, -2, 0, 0, 0, 56, 0, -19, 3, 0, 0, 0, 37, 0, -91, 0, -6, -44, 0, 0, 64, 0, 0, 18, -19, 0, 18, 0, -32, 18, 48, 0, -15, 0, -24, -58, -105, 41, 0, 0, 0, 2, 2, 0, 0, -37, 0};
weight_ih[212] = {-30, -28, 23, -4, 0, 0, 12, 21, -36, 9, -7, 0, 0, -9, -3, 0, 87, 0, 0, 0, 20, -1, 0, 0, 50, 27, 22, 0, 0, 0, -34, 0, 13, 10, 0, 0, 0, 8, 0, 39, 0, -24, -1, 0, 0, -19, 0, 3, -19, 13, 0, 0, 0, 12, -6, 4, 0, -21, 0, 48, -7, 43, -33, 0, 0, 0, -5, 0, 0, 0, 0, 0};
weight_ih[213] = {4, 12, -96, 0, 0, 0, -16, 22, 61, 21, 3, 0, 0, -2, -6, 0, -2, 0, 0, 0, -3, 70, 0, 0, -28, 36, -85, 0, 0, 0, 36, 0, 26, -10, 0, 0, 0, 41, 0, -22, 0, 54, -10, 0, 0, -33, 0, 0, 13, -1, 0, -18, 0, -11, -26, -74, 0, -35, 0, -37, 0, -16, 13, 0, 0, 0, -5, -2, 0, 0, -11, 0};
weight_ih[214] = {0, 1, 14, -3, 0, 0, 2, 7, 15, 8, 1, 0, 0, 0, 2, 0, 40, 0, 0, 0, -2, 10, 0, 0, 33, 6, -1, 0, 0, 0, 7, 0, 2, -1, 0, 0, 0, 16, 0, 5, 0, 1, 0, 0, 0, 14, 0, -1, 14, -2, 0, 4, 0, -2, 2, 3, 0, 10, 0, 2, 1, 15, 3, 0, 0, 0, -1, -2, 0, 0, 9, 0};
weight_ih[215] = {-12, 20, -21, -14, 0, 0, -10, 8, 2, 5, -38, 0, 0, 3, -5, 0, -94, 0, 0, 0, 8, -3, 0, 0, 13, 41, -4, 0, 0, 0, 1, 0, -19, 7, 0, 0, 0, 1, 0, -10, 0, -6, -1, 0, 0, -14, 0, 5, 40, -18, 0, -8, 0, -20, 6, 19, 0, 8, 0, -3, -1, -19, -13, 0, 0, 0, 1, 4, 0, 0, 81, 0};

Bias_ih (8 bit):
 {8, 324, -270, 121, -44, -328, -94, 38, -355, -315, -313, -190, 244, -448, 178, 662, -248, 60, 23, -299, -218, -288, 265, -336, 327, 290, 140, -165, -188, -108, 125, 139, 323, 401, 323, -119, 83, -448, 461, 12, 125, 27, -62, 221, 99, -342, 30, -496, 30, 22, 26, -323, -199, 324, 683, -345, 312, 311, 70, -426, -124, 328, 282, -255, -280, -29, 53, -80, 116, 199, 294, 61, 335, 8, 342, -282, 33, 6, 208, -176, 295, 430, -2, -172, 229, 534, 453, 274, 161, 27, 172, 24, 200, -303, 10, -23, 13, 878, -27, 100, 147, 415, 178, 74, 12, 303, 2, 696, 456, 138, 196, 108, 516, 314, 78, 383, 155, -108, 242, 610, -123, 65, 90, -5, 117, -4, 436, 176, -148, 198, -5, 0, -158, -1, 315, -172, 421, 189, 18, -139, -96, 710, -62, 530, 119, 73, 70, 253, 165, 77, -41, -137, 122, 131, 68, 46, 9, 140, 103, 123, 169, 138, -45, 230, 99, 94, 15, 254, 79, 69, 116, -60, -20, 133, 20, 156, 74, 142, 76, 187, -5, 27, -119, -15, 128, 117, -126, 39, -125, 253, 206, 121, 175, 171, -151, 73, 183, 75, 200, -21, 102, 30, 221, 147, 358, 78, 143, 146, 125, 179, -85, 225, 19, 131, 254, 112};
Weight_hh (8 bit):
weight_hh[0] = {0, 7, -2, -3, -7, -7, -4, -1, -2, -2, -7, 2, 0, -3, -1, 1, -3, 3, 4, -7, -2, 3, 2, -7, 7, -2, 10, -4, -3, 1, 1, 3, 7, 4, 7, -2, 1, 3, 3, 6, -1, -4, 0, -1, -1, -5, -1, -1, -4, -5, -1, -7, 3, 7, 2, -3, -4, 4, 4, 3, -7, 7, 3, -6, 0, -7, -8, -1, -3, 1, 5, 0};
weight_hh[1] = {-8, 14, 13, 17, 18, -15, -14, 1, -1, 3, -15, -9, -35, 39, 17, -6, 2, 14, 19, 54, -3, 11, -31, 25, 14, -42, 11, -21, 22, 8, -18, -6, 13, 18, 15, -37, -4, 27, -17, -13, 59, -3, -9, -14, -10, 8, -4, 41, -21, -27, -2, -15, 2, 14, -48, 1, -3, 3, -18, 24, 33, 15, -7, 0, 10, 62, 16, 20, -5, -21, -29, 33};
weight_hh[2] = {-2, 8, -4, -5, -2, -8, 1, 4, -1, -1, -8, -1, 1, 1, 0, 0, -7, 0, -1, -4, 2, -3, 0, -5, 8, -3, 2, 0, 0, -1, -5, 3, 8, 3, 8, -3, -6, -2, -6, -3, 0, -5, -5, -4, 4, -3, 7, 1, 0, 3, 1, -8, -3, 8, -2, -5, -3, -2, 0, -1, -8, 8, 4, -4, 0, -2, -1, -2, -2, 3, -1, 4};
weight_hh[3] = {-9, 1, 7, -18, -27, -1, -14, 5, -34, -4, -2, 3, -7, -4, 3, 11, -6, -6, 22, -48, -4, 4, 11, -2, 1, -26, -21, -3, -12, -4, -12, 15, 1, 10, 1, -17, 3, 2, 5, 7, 29, 9, 0, -9, -35, 8, 0, 19, -5, -10, 3, -1, -9, 1, -16, -7, -5, 6, -18, -20, -28, 1, 5, 6, -13, -9, 7, -13, 24, -9, -7, 14};
weight_hh[4] = {-3, 13, 1, -10, 1, -13, -2, 3, -2, -3, -13, 1, -9, -2, -3, 2, -10, 0, -2, -7, 3, -10, 3, -5, 13, -8, -4, 1, -8, 0, 0, 1, 13, 9, 13, -2, -4, -1, -4, -4, 1, -11, -9, -3, 6, -13, 13, -2, 1, 7, -5, -13, -10, 13, 5, 4, 2, -5, 2, -9, -14, 13, -4, -9, -2, -15, 4, 5, 12, -2, 0, 0};
weight_hh[5] = {-27, -5, 0, -17, 21, 5, -16, -9, 28, 25, 5, -11, 17, 30, -23, 7, -3, 1, -7, 4, 25, 5, 6, -1, -5, -11, 15, -5, 1, 3, 28, -5, -5, 20, -5, -23, 5, -4, 0, -8, -4, -3, 6, -1, -19, 8, 9, 3, 1, 34, 17, 5, -27, -5, -13, 25, -4, -44, -10, -1, -12, -5, 16, 11, 22, 9, -13, -7, -7, 3, 20, 18};
weight_hh[6] = {0, 10, -2, 2, -1, -10, 0, 2, -7, -1, -10, 4, 1, -9, 2, 7, -5, 4, 0, -2, 1, -1, 1, -2, 10, 1, 0, -7, -7, 0, -1, 1, 10, 4, 10, 1, 1, 2, 11, 5, 2, -1, -1, 3, -4, -7, -2, -7, 0, -4, -1, -10, 0, 10, 10, -2, -5, 6, 7, -2, -1, 10, 3, -8, -3, -4, 3, -1, 0, 1, -5, -1};
weight_hh[7] = {-11, 7, -3, -8, 1, -7, 0, 3, 0, 10, -7, 0, 6, -3, 3, 10, -8, -6, -10, -7, 4, -7, -1, -4, 7, -4, 2, 3, -2, -3, 3, 3, 7, 6, 7, 7, -1, -4, -4, 7, -4, -7, -4, -4, 5, -6, 8, -1, -1, 7, 5, -7, -9, 7, -1, 3, 2, -6, -3, -5, -8, 7, -3, -5, -2, -12, -3, 0, 2, 6, -2, 1};
weight_hh[8] = {-4, 8, 2, 2, 0, -8, 3, 6, 0, 8, -8, 3, 11, -4, -6, -10, -12, 2, -7, -1, -3, -9, 0, 1, 8, -6, -1, -1, -1, 3, -3, -3, 8, -6, 8, -4, 3, 5, -12, 4, 0, -1, -6, -5, 4, 0, 12, -1, 1, 13, 6, -8, 11, 8, -8, -5, 1, 5, 0, -5, 5, 8, 2, -11, -4, -5, -10, 16, -10, 6, 6, 0};
weight_hh[9] = {-1, 9, -11, -2, -1, -9, 8, 11, 10, 7, -9, -4, -8, 0, -5, -6, -8, 3, -1, -1, -8, -8, -7, -11, 9, -4, -11, 11, -17, 6, 1, 2, 9, 18, 9, -5, 2, -9, -3, -2, 13, -8, -7, -9, 20, -9, 0, 0, 16, 3, -14, -9, -7, 9, 4, -2, -8, -7, 1, 12, -12, 9, 13, -7, 11, -5, -12, 1, 3, 3, 1, 3};
weight_hh[10] = {2, 4, -1, 2, -4, -4, 2, 0, 0, 0, -4, 4, 3, -2, -3, 3, -2, 0, -1, -1, -1, 0, 1, -2, 4, 2, 4, -1, -1, -2, -4, 0, 4, -2, 4, 1, -2, 0, 1, 2, 0, -2, -1, 1, -1, -3, 0, -3, 5, -2, 0, -4, 1, 4, 4, 0, -1, 2, 1, 5, -2, 4, 7, -2, -2, -2, -4, 1, -2, -2, -3, -1};
weight_hh[11] = {-8, 18, 9, 16, 6, -17, 10, 9, 9, -19, -17, -8, -22, 28, -11, 7, -9, 43, 32, -12, 9, -5, -48, 0, 21, -40, 25, -25, 29, 6, 18, -25, 18, -10, 21, -27, -10, 17, -18, -29, 28, -5, -7, -34, 7, -8, -2, 31, 6, -46, -20, -17, -4, 21, -13, 4, 5, -21, -8, -3, 22, 21, 6, 0, -24, 17, 9, -9, -2, 32, 22, -7};
weight_hh[12] = {-10, 11, 79, -2, -6, -10, -36, 15, 37, 16, -7, 4, 0, 36, -12, -56, -12, 10, 7, 5, 2, -9, -52, -38, 10, -21, 80, -1, -3, -6, 21, -17, 9, 17, 12, -35, 23, -3, -21, 4, 6, -10, -15, -20, 17, -7, 25, 8, -57, 45, 12, -8, -22, 7, -31, 15, 5, -19, -2, -20, -29, 9, -29, -4, 10, -10, 6, 9, -18, -7, 0, 0};
weight_hh[13] = {6, 13, -21, -6, -9, -13, -18, 16, -16, 9, -12, -5, 1, 7, -33, 22, -2, -11, 11, -11, 10, 1, 24, -11, 13, -30, -28, 3, -9, 18, 3, 18, 13, 16, 13, -15, 13, 4, 6, 24, 55, -16, -5, -25, 13, -2, 7, 13, 10, 3, 9, -13, 12, 13, 6, 1, -16, 19, 26, 12, -11, 13, 4, -13, 12, -10, -47, -5, -7, -5, 7, 4};
weight_hh[14] = {-18, 3, 4, -14, -34, -3, -3, 10, -3, 5, -5, 4, -10, 13, 10, -13, -18, 1, -1, -29, 3, -1, -27, -10, 3, -15, 8, 1, -8, 4, 10, 0, 3, 20, 3, -29, -1, 9, -21, -6, 14, -3, 0, -14, 14, -11, 6, 13, 0, 2, -10, -3, -17, 3, -6, -15, -20, -3, -7, -7, -19, 3, -9, 0, 8, -12, -3, 7, -7, -1, 15, -1};
weight_hh[15] = {-18, 6, -47, -7, 29, -6, -33, -2, -23, 15, -6, -4, 0, 11, -10, -11, -1, 17, -13, 33, 1, 10, 15, -39, 6, -9, 17, -3, 17, -11, 11, -46, 4, 10, 6, -24, -4, 0, -19, -1, 36, 13, -11, -1, -5, 19, -27, 25, -5, -27, 11, -4, -23, 4, -36, 16, -14, 1, 24, -22, -7, 4, -23, -2, 7, 29, 10, -1, 3, 22, -6, -7};
weight_hh[16] = {-13, 0, 8, -10, -8, 2, -49, 1, -86, -19, 1, 13, -26, 9, -13, -20, 8, 0, -20, -34, 7, -4, -2, -16, 1, -27, -19, 46, 23, -1, -14, -50, -3, 18, -3, 29, 48, -9, -11, 15, 3, 2, -2, 18, -6, 1, -5, -17, 41, 47, -5, 1, 23, -1, -9, -17, -22, 52, -17, -18, -23, -1, 0, 5, 14, 5, 1, 3, 4, 0, 5, -30};
weight_hh[17] = {2, 11, 0, 5, -1, -11, 0, 6, 6, 4, -11, 6, 0, -2, 3, 9, -8, 7, 3, 1, 1, -6, -4, 2, 11, 0, 1, -4, -11, -1, 3, 2, 11, 1, 11, 2, -6, -1, -4, 3, -6, -6, -6, -3, -1, -8, 4, -6, -1, 0, -1, -11, -3, 11, 4, -5, -1, -4, 11, -3, -4, 11, 4, -10, 1, -8, 1, 2, -3, 0, -4, 3};
weight_hh[18] = {2, 4, -1, 1, -4, -4, 2, 0, 0, 0, -4, 4, 3, -2, -3, 3, -2, 0, -1, -1, -2, 0, 1, -2, 4, 2, 4, -1, -1, -1, -5, 0, 4, -2, 4, 2, -2, 0, 1, 1, 0, -2, -1, 1, -1, -3, 1, -3, 4, -2, 0, -4, 1, 4, 4, 1, -1, 3, 1, 5, -2, 4, 7, -2, -2, -2, -5, 1, -1, -2, -3, -1};
weight_hh[19] = {-9, 10, -8, 0, -8, -10, 2, -4, -1, 5, -10, -3, -5, 2, 3, 17, -7, 4, -7, -2, 7, -2, -1, -3, 10, -6, 7, 4, -7, -5, 10, 1, 10, 8, 10, 1, -6, 2, 10, 6, -6, -2, -4, 0, -5, -4, 5, 7, 3, 4, 5, -10, 0, 10, -1, -1, 1, -8, -4, -10, -6, 10, -3, -3, 8, -11, -1, -3, -8, 1, 1, 3};
weight_hh[20] = {2, 4, -1, 2, -4, -4, 2, -1, 0, 0, -4, 4, 3, -3, -4, 3, -2, 0, -1, -1, -2, 0, 1, -1, 4, 2, 3, -2, -1, -2, -4, 0, 4, -2, 4, 2, -2, 0, 1, 2, 0, -2, -1, 1, -1, -2, 0, -3, 5, -2, 0, -4, 1, 4, 3, 1, -1, 2, 1, 6, -1, 4, 7, -2, -2, -2, -5, 1, -1, -2, -4, -1};
weight_hh[21] = {3, -9, 1, 0, 3, 9, 5, -2, 0, 3, 9, 1, 5, -1, 5, 1, 7, -1, -6, 2, -3, 5, 3, 1, -9, 4, 1, 1, 1, 0, -1, -4, -9, -7, -9, 2, 1, 2, 3, -6, 2, 12, 4, 5, -2, 8, -7, 3, -3, -10, -2, 9, 3, -9, -4, 1, -1, 7, -3, -1, 5, -9, -1, 8, -2, 9, 4, -5, 6, -1, 2, -3};
weight_hh[22] = {-3, 10, 2, -7, -1, -10, -5, 8, 2, 10, -10, 1, 15, -3, 9, 8, -18, 1, 8, -1, 4, -6, 3, -15, 10, 3, 5, -1, -17, 1, 0, 8, 10, 2, 10, 6, -4, -8, -2, 1, 5, -18, -3, -1, 7, -12, 13, -3, -11, 2, 3, -10, -12, 10, 10, -1, 3, -5, 11, -6, -6, 10, 0, -13, 4, -11, -9, -14, -2, -1, 0, -1};
weight_hh[23] = {-4, 11, -20, -12, -5, -10, -7, 10, -15, 6, -11, 9, -12, -3, 10, -23, -9, 12, 5, 11, -1, -4, -15, -15, 11, -3, -9, -5, 4, 1, -27, -16, 11, -14, 10, -15, 1, -4, -29, -21, 10, -18, -7, -10, 10, -4, 20, 11, -7, -33, -6, -11, -1, 10, -7, 3, -2, 17, 5, 6, -2, 10, -30, -4, -23, -6, 5, -4, -9, -1, 3, 3};
weight_hh[24] = {5, 6, -5, 5, -1, -6, 1, 2, -4, -7, -6, 4, -4, -4, -6, 5, -1, 7, 1, -1, -2, 2, -7, 2, 6, 6, 4, -1, -4, -1, 4, 0, 6, 8, 6, 4, 0, 3, 3, 6, -1, -2, 2, 6, -5, -4, -2, -4, 2, -10, -5, -6, 2, 6, 5, -7, -1, 8, 7, 1, -4, 6, 1, -4, 2, -4, 6, 3, -7, 0, -4, -2};
weight_hh[25] = {-2, 12, -1, 0, -12, -12, -3, 6, 0, -3, -11, 2, 6, -1, 6, 12, -6, 3, -5, 8, -3, -1, 1, -6, 12, -3, 2, 0, -7, -1, -11, 9, 12, 0, 12, -3, -4, -10, 2, -2, -6, -4, -8, 1, 4, -4, 8, -2, -9, 1, 6, -12, -3, 12, 9, -6, 1, -2, 9, 3, -1, 12, 2, -11, -4, -3, -8, -7, -4, 8, 3, 3};
weight_hh[26] = {-11, 15, -10, -20, -3, -15, -5, -3, -6, 4, -15, -2, 1, -5, 5, 6, -10, 7, -7, -18, 0, -10, 5, -12, 15, 4, 7, -4, 4, -4, 2, -3, 15, 13, 15, -2, 8, 7, 5, 7, -5, -13, -8, 4, 3, -15, 10, -3, 2, 2, 3, -15, 4, 15, 2, -10, -8, -1, 7, -14, -18, 15, 1, -12, -2, -14, -4, 1, 8, 2, 7, -1};
weight_hh[27] = {-3, -8, -2, 2, -1, 8, 5, -5, -4, 9, 8, -4, 2, 2, 1, 1, 5, -7, -9, -4, 5, 7, -1, 2, -8, 3, 2, 3, 10, 0, 4, 4, -8, 0, -8, -1, 4, -6, 3, -3, 6, 16, 2, 2, -8, 9, -9, 5, 2, 2, -5, 8, -1, -8, -2, -3, -6, -3, -9, 6, 1, -8, 1, 9, -3, 13, 3, -7, 9, 1, 1, 4};
weight_hh[28] = {5, 2, -11, 3, -4, -2, 3, -3, -1, -6, -2, -4, 2, -1, 2, -7, -2, -5, -4, -7, -2, 6, 2, -7, 2, -1, 6, -5, 8, -1, 5, 1, 2, 4, 2, -5, -1, 2, 1, -1, 0, -3, 2, -1, -4, 2, -2, 1, 3, -2, -2, -2, 5, 2, 3, -1, -9, 4, -4, 2, -3, 2, 6, 5, -6, -2, -3, 2, -2, 4, -2, 3};
weight_hh[29] = {-3, -7, 0, 0, 3, 7, 2, 1, 6, 1, 7, -3, -2, 2, 3, -8, 4, -3, 1, 1, 0, 1, 0, 2, -7, -3, -7, 0, 3, 1, 2, -2, -7, -3, -7, -5, -1, 0, -3, -3, 2, 6, 1, -5, 0, 6, -1, 7, 2, 1, 0, 7, 0, -7, -9, -2, 1, -4, -7, -7, 6, -7, -7, 4, -2, 6, 2, 6, 1, 2, 4, -2};
weight_hh[30] = {3, 7, -4, 1, 4, -7, -2, -1, -5, 2, -7, 4, 0, -3, -1, 5, -4, 4, -3, -5, -1, -2, 0, 4, 7, 0, 3, -5, -3, 1, 2, -3, 7, 4, 7, 5, 4, -1, 4, 3, -4, -4, 1, 4, -7, -6, -6, -4, 4, -4, -3, -7, -1, 7, 1, 3, -2, 10, 7, 3, -1, 7, 1, -9, 2, -7, -2, 0, 4, -2, -1, -1};
weight_hh[31] = {1, 8, -2, -3, -2, -8, -1, 3, -6, 1, -8, 4, 1, -5, -1, 5, -3, 5, 5, -5, 1, 2, -4, -7, 8, -3, 5, -6, -1, 0, -2, -2, 8, 1, 8, 4, 3, -2, 4, 1, 1, -4, -1, 2, -3, -5, -1, -3, -4, -5, -3, -8, -1, 8, 5, -2, -3, 8, 5, 0, -9, 8, 4, -7, 0, -4, -4, -5, -5, 1, 7, 1};
weight_hh[32] = {-5, -1, 15, -15, -1, 1, 0, 2, -6, 4, 1, -9, 20, -5, -3, 15, -2, -8, -4, -11, 22, -2, -2, -1, -1, 3, 2, -15, 3, -5, -4, 12, -1, -2, -1, 1, 23, -14, 0, -5, 7, -1, -2, 2, -3, 1, 3, -4, 6, -4, 0, 1, -9, -1, -1, -8, 12, -5, -2, 5, -7, -1, 7, 2, -3, 4, 25, -15, 19, 5, -1, 4};
weight_hh[33] = {6, -6, -1, 2, 2, 6, 0, -3, 3, 1, 6, 2, -2, 2, 2, -1, 3, 1, -3, 0, 1, 3, -6, 2, -6, 4, 3, 3, 3, -1, 2, -1, -6, 0, -6, 4, 8, 2, 3, 1, -3, 1, 6, 2, -2, 2, -4, 1, -5, -1, -3, 6, 2, -6, -3, 0, 0, -1, -2, -3, -2, -6, -1, 2, -1, 2, 0, 4, 0, -2, 4, -4};
weight_hh[34] = {-14, 0, -16, -4, -4, 1, -3, -12, 11, -15, -3, -5, -15, 5, -8, 1, 15, 5, -2, -18, 13, 6, 13, -15, 2, -9, 10, 7, 28, -7, 19, -37, 1, 22, 2, -20, 0, 9, 28, 8, 38, 18, 7, 3, 5, 14, -30, 9, 5, -26, -1, 0, 15, 0, -22, 12, 2, 4, -15, 6, -9, 0, -23, -19, -9, 12, -1, -10, -12, 17, 30, -16};
weight_hh[35] = {-15, 0, -7, -20, -2, 0, 26, -23, 1, 23, 0, -7, 7, 11, -1, 10, 1, -14, -21, -19, 6, 8, 5, -16, 0, -13, 27, -4, -7, -5, 17, 16, 0, -7, 0, -11, -9, -3, 6, 2, 19, -1, 2, -15, -10, 1, 3, 5, -29, 3, 4, 0, -7, 0, -6, -2, -10, -19, -11, -10, -24, 0, -2, 5, -2, 11, 18, -25, 28, 3, 0, 18};
weight_hh[36] = {7, 11, -4, 6, 0, -11, 1, 5, -7, -5, -10, 4, 2, -8, 1, 10, -3, 8, 3, -7, 5, -3, -1, 2, 11, 2, -2, -9, -7, -2, 4, -4, 11, 5, 11, 3, 5, -2, 3, 6, -2, -7, -3, 5, -2, -10, -6, -8, 3, -11, 0, -11, 5, 11, 8, -1, 3, 9, 9, 3, -3, 11, 7, -10, 0, -10, -1, 6, -8, 0, -3, 1};
weight_hh[37] = {2, 4, -1, 1, -3, -4, 2, 0, 0, 0, -4, 4, 3, -2, -2, 3, -2, 0, -1, 0, -2, 0, 1, -2, 4, 2, 4, -1, -1, -1, -4, 0, 4, -2, 4, 1, -2, 0, 1, 2, 0, -2, -1, 1, -1, -3, 1, -3, 4, -2, 0, -4, 1, 4, 3, 0, -1, 2, 1, 5, -2, 4, 7, -2, -2, -2, -5, 1, -2, -2, -3, -1};
weight_hh[38] = {2, 8, 2, 4, 0, -8, -2, 4, 0, 1, -8, 4, 3, 0, 2, 0, -7, 6, -1, 3, -1, -5, 0, 1, 8, 0, 1, -1, -6, 1, -3, -4, 8, -1, 8, -4, -2, 1, 1, 5, 2, -6, -4, 0, 0, -7, 2, -3, 1, -4, 6, -8, -1, 8, 2, -4, 0, 2, 7, -1, 0, 8, 1, -7, -1, -7, -1, 3, -4, 1, -6, 4};
weight_hh[39] = {2, 4, -1, 2, -3, -4, 2, 0, 1, 0, -4, 4, 3, -2, -2, 3, -2, 0, -1, 0, -2, 0, 1, -2, 4, 2, 4, -1, -1, -2, -4, 0, 4, -2, 4, 1, -2, 0, 1, 2, 0, -2, -1, 1, -1, -2, 0, -3, 4, -2, 0, -4, 1, 4, 3, 1, -2, 2, 1, 5, -2, 4, 7, -2, -2, -2, -5, 1, -2, -2, -3, -1};
weight_hh[40] = {-40, 10, 2, -14, -40, -9, 1, 14, -10, 49, -12, 28, 28, 18, 11, -44, 3, 28, -2, -4, -54, -6, -6, 3, 8, -21, 13, -34, 19, -3, -18, 9, 8, -15, 9, -63, 31, -3, -14, 15, 20, -7, -7, -11, -27, -9, 6, 23, -37, -22, 8, -9, 9, 8, -39, -14, -31, 22, 27, -17, 0, 10, -1, -5, 5, -2, -7, 17, -14, -7, -1, 21};
weight_hh[41] = {6, 2, -34, -33, 32, -2, -7, 5, -10, 37, -3, -13, -42, -20, -9, -71, 0, -11, -40, 32, 7, -18, 21, -33, 2, -24, 1, 12, 20, 8, -55, -11, 2, -11, 2, -41, -30, -19, -60, -5, -4, 26, -18, -16, 47, -5, 32, 12, -9, -22, -1, -2, 9, 2, -25, 29, 16, 4, -28, 3, -16, 2, 7, 22, -5, -8, -10, 18, 7, -7, 7, -9};
weight_hh[42] = {15, 7, -15, 18, -4, -7, -4, 4, -7, 4, -7, 5, -5, 6, 3, 8, 5, 9, -2, 1, 7, 22, -14, -2, 7, 1, 0, 8, 4, -18, 3, -9, 7, -2, 7, -3, 11, 7, 4, 13, -4, -14, -1, 1, -11, 4, 0, 9, 6, -9, 6, -7, 8, 7, 0, 6, -25, -7, 7, -4, -3, 7, -7, 18, 0, 5, -3, 14, -13, 5, 0, 0};
weight_hh[43] = {-34, 2, -18, -20, -22, 3, 0, 8, 6, -10, -2, -15, -13, 44, 14, -16, 8, 1, 14, -13, -11, 11, 14, -19, -1, -10, 8, -4, -8, 31, 11, -24, 0, -1, -1, -42, -14, 7, -4, -2, 30, 16, 13, -2, 0, -17, -8, 74, 13, -14, -10, 0, 10, 0, -78, 3, 8, -20, -15, 4, -19, -2, -5, -10, 6, 56, -2, 16, -12, 7, 5, 0};
weight_hh[44] = {0, -2, -20, 16, -17, 2, 5, 1, 23, -14, 2, -5, 38, 7, -14, 6, 5, -4, 34, 3, -18, 1, -7, 9, -3, -11, -18, -12, 1, -2, 11, 14, -3, -1, -2, -20, 1, -8, -15, -1, -30, -4, 3, -14, -2, 3, -4, 7, 27, 5, 1, 3, 13, -3, -24, -25, 9, -36, -3, -47, -11, -3, 13, 2, -19, -6, 20, -3, -30, 11, 6, 22};
weight_hh[45] = {0, 7, 9, 3, 26, -7, -6, 36, -9, -5, -8, -7, 3, 16, 1, 23, -9, 6, -12, 26, 8, -10, -17, 12, 7, -4, -21, -7, -4, -3, -18, -12, 7, -13, 7, -16, 12, -19, -45, -3, -11, -50, 1, 2, -1, 5, 17, 7, 0, 11, -4, -7, -15, 7, -15, -5, -2, -10, 11, 13, 3, 7, 5, -4, -12, 6, 5, 9, -9, 9, 0, 12};
weight_hh[46] = {7, 4, -5, 8, -5, -4, 6, -5, -3, -2, -4, 1, -2, -5, -1, 5, 0, 5, 0, -2, 1, 5, -5, 7, 4, 10, 2, -4, -7, -1, 7, -5, 4, 1, 4, 9, 3, -3, 6, 4, -5, -6, 8, 7, -6, -3, -3, -6, -1, -2, -7, -4, 3, 4, 5, -7, 0, 5, 5, -1, -1, 4, 6, -3, -1, -4, 8, 5, 3, 1, -5, -4};
weight_hh[47] = {2, 5, -1, 1, -4, -5, 2, 0, 0, 0, -4, 4, 3, -2, -3, 3, -2, 0, -1, -1, -2, 0, 1, -2, 5, 2, 4, -1, -2, -1, -5, 0, 5, -2, 5, 1, -2, 0, 1, 1, 0, -2, -1, 1, -1, -3, 1, -3, 4, -2, 0, -4, 1, 5, 4, 0, -1, 2, 1, 5, -2, 5, 7, -2, -2, -2, -5, 1, -1, -2, -4, -1};
weight_hh[48] = {-14, 15, -4, -5, -16, -15, -18, 12, 7, 7, -15, 18, -42, 19, -12, -17, -1, 24, 16, 14, -3, 10, -11, 33, 15, -31, -12, 8, -29, 5, -3, 13, 15, 5, 15, -26, -13, 13, -20, -9, -29, 2, -2, -28, 15, -4, 3, 27, 12, -4, -17, -15, 11, 15, -24, -30, -8, 12, -5, 3, -8, 15, -23, -13, 9, 2, 13, 21, -8, -4, -14, 2};
weight_hh[49] = {2, 1, -28, -5, 20, -1, 8, 2, 4, 3, -1, -4, -1, 3, -1, 7, 21, 10, -3, 0, -21, -12, 2, -4, 1, -2, 0, 6, 24, -13, 10, -20, 1, -1, 1, -13, -9, -3, -2, -16, 7, 7, -6, 3, 2, 2, -7, 3, 8, -14, 3, -1, 5, 1, -7, 2, 5, 5, 7, 9, -4, 1, -5, 0, -12, -5, -19, 16, -16, 17, -3, 7};
weight_hh[50] = {-22, 5, 8, -33, 12, -5, 6, -1, 11, 10, -3, -10, 7, 6, -7, -3, 0, -5, 5, -7, -3, -19, 18, -9, 5, -2, 1, 6, 11, -2, -10, -11, 5, -17, 5, -4, -5, -17, -9, -4, 6, 15, -21, -7, 6, 2, 36, 10, -8, 19, 13, -5, -13, 5, -11, -4, 21, -15, -10, -19, 6, 5, -22, -8, 8, 10, -14, -9, -7, 3, 16, 14};
weight_hh[51] = {-25, 5, 30, 1, 39, -5, -4, -1, -40, 16, -4, 18, -5, -17, -15, -17, -2, -8, -11, 6, -21, 0, -10, 0, 5, -19, 34, 23, 8, -4, 16, 5, 5, 10, 5, 11, -3, 24, 3, 39, -5, 16, -3, 14, -4, -2, -1, -8, -18, 2, 5, -5, 3, 5, -13, -40, -20, 2, 7, 15, -2, 5, 8, -8, 2, -7, -8, 2, 2, -1, -1, 13};
weight_hh[52] = {-6, 13, -3, -10, -4, -13, 1, -5, 0, 0, -13, -8, 1, -3, -6, 0, -4, 4, 2, -13, 1, -7, 2, -11, 13, -6, 6, -11, -6, 2, -10, 12, 13, 1, 13, -8, -3, -7, 0, -10, 3, -6, -6, -2, 7, -14, 2, -4, 8, 7, 0, -13, -4, 13, 6, -4, -6, 0, 5, 2, -14, 13, 11, -9, 1, -10, 1, -2, 0, 1, -2, 10};
weight_hh[53] = {-7, -2, -13, 2, -15, 2, 29, -3, 27, 11, 1, 1, 6, 12, -17, -35, -8, -13, -7, 8, -4, -2, -2, -10, -2, -3, -8, -3, 13, 9, -19, 28, -2, 15, -2, -11, -25, -10, -12, -8, -19, -16, 1, -15, -6, 4, 13, 4, 5, 49, -3, 2, -7, -2, -10, -34, 6, -41, -15, 2, -4, -2, 25, -3, 0, -5, 13, 28, -4, 7, 7, 36};
weight_hh[54] = {1, 8, 6, -7, -11, -8, -6, -2, -1, 6, -7, -13, 8, 6, -11, -2, -5, 2, 7, -2, -20, 6, -13, -5, 8, 6, 8, 11, 13, 2, 22, 7, 8, 12, 8, 4, 5, 3, 2, 1, 3, -12, 1, -10, 16, 2, 3, -6, -2, 1, -18, -8, 8, 8, 4, 2, -6, 11, 14, -4, -12, 8, 9, -5, -3, -7, -21, 16, -2, -9, 4, -3};
weight_hh[55] = {4, 10, -4, -2, -4, -10, 0, 2, -4, 0, -10, -2, 0, 3, 0, 3, -6, 3, -1, -5, 1, 0, -4, -5, 10, 1, 1, -1, 2, 2, -3, 2, 10, 3, 10, 0, 0, -2, -4, -1, -7, -10, -2, -1, 1, -3, -1, -3, 1, 3, -3, -10, 1, 10, 4, -4, -1, -1, 1, 4, -9, 10, 7, -4, 2, -7, -1, 3, -1, 2, 0, 3};
weight_hh[56] = {-4, 7, -10, -2, -24, -7, 13, 2, 20, -2, -7, -4, 1, 0, 10, 30, -6, -4, -3, 25, 1, -10, -23, -7, 7, -3, -13, 5, 1, -2, -23, -8, 7, 6, 7, 0, -4, -40, -12, -7, -5, -3, -8, -19, 31, -12, -2, -1, -12, 4, -11, -7, -19, 7, 4, -3, 17, -23, 8, -13, -14, 8, -6, -12, -8, 11, -1, -15, 3, 17, 2, -3};
weight_hh[57] = {-5, 6, 6, 2, -1, -6, 1, 6, 0, 4, -6, 8, -1, -1, 2, 0, -8, 7, 1, 0, -4, -8, -10, -2, 6, -1, -1, 7, -10, 3, 0, 1, 6, -2, 6, 3, 2, 1, -6, 13, -3, -8, -5, -2, 5, -9, 6, -1, -1, 5, -1, -6, -6, 6, 2, -3, 1, -2, 7, -12, 0, 6, -7, -10, 1, -6, 2, 0, 0, -1, -1, -7};
weight_hh[58] = {-2, 7, 6, -4, -5, -7, -2, 3, -4, 0, -7, 2, 0, 0, 3, 3, -9, 2, 3, -4, 2, -6, -1, -3, 7, -2, 1, -2, -4, 1, -5, 5, 7, -2, 7, 3, -1, -3, -3, 2, -5, -8, -5, 1, 5, -8, 8, -3, -3, 7, 1, -7, -4, 7, 0, -10, 1, -3, 6, 0, -6, 7, 1, -6, -1, -7, 0, 3, 1, 2, -1, 0};
weight_hh[59] = {41, 1, 29, 5, 39, -1, -3, 20, -13, 10, -1, 17, -6, -8, -7, -12, 15, 13, -15, -22, -10, 4, 30, -12, 0, 29, 33, 21, 18, -7, -46, 19, 1, -16, 1, -7, -31, 14, -7, 5, -25, -1, 1, 27, -26, 2, -6, -41, 3, -30, -6, -1, 32, 1, 2, -59, 2, 7, 0, 40, -4, 1, 25, 1, -35, 5, 23, -29, -5, 6, 12, 39};
weight_hh[60] = {15, 3, -21, 7, -25, -3, 4, -7, 3, 7, -4, -6, -1, 26, 1, 5, 2, -4, 6, -9, -1, 11, -46, -19, 3, -31, 21, 10, 37, 23, -5, 3, 2, 18, 2, -37, 21, 38, 4, 12, 22, -13, 21, -40, 20, 15, 3, 49, -4, -15, -16, -2, 24, 2, -34, -18, -13, 7, -3, -6, -23, 3, 5, 17, 5, -7, -5, -16, 13, -6, 43, -10};
weight_hh[61] = {2, 4, -2, 1, -5, -4, 2, -1, 0, -1, -4, 4, 3, -2, -4, 1, -2, -1, -1, -1, -2, 0, 2, -2, 4, 2, 3, -1, -1, -1, -5, 0, 4, -2, 4, 2, -2, 0, 1, 1, 0, -2, -1, 1, -1, -2, 1, -3, 5, -2, -1, -4, 1, 4, 3, 0, -1, 2, 0, 6, -1, 4, 8, -2, -2, -2, -5, 1, -1, -2, -4, -1};
weight_hh[62] = {-1, 8, -4, 0, 1, -8, 4, 8, 6, 5, -8, 1, 7, -5, 1, 4, -12, 2, 0, -8, -1, -11, 8, 3, 8, 7, -11, -8, -8, -2, -8, -7, 8, -6, 8, 0, -2, -8, -1, -3, -2, -9, -5, 1, 1, -7, 15, -6, 7, 2, 2, -8, -3, 8, 3, -2, 3, -14, 6, 4, 5, 8, 2, -6, -4, -6, -2, -2, 7, 1, 2, 1};
weight_hh[63] = {0, 7, -3, -5, -11, -7, -4, -5, 6, -1, -8, -7, 12, 2, 6, 11, -4, 1, -2, -1, 9, -4, 1, -11, 7, -2, 21, 0, -8, 1, 5, 8, 7, 13, 7, -9, -7, 6, 3, -2, 2, -13, -3, -3, 1, -7, 4, 1, -15, -3, 0, -7, -6, 7, 5, -4, -5, -6, 6, -1, -15, 7, -11, -8, 5, -8, -3, 0, -9, 0, -1, 5};
weight_hh[64] = {-3, -8, 1, 1, 2, 8, 1, -2, 1, 4, 8, -2, 1, 2, 1, -2, 6, -2, 1, 5, -3, 6, 0, 3, -8, -1, -2, 5, 7, -1, 1, -5, -8, -3, -8, -1, 5, 4, 0, -3, 7, 7, 2, -2, 1, 11, -2, 2, 2, 1, 2, 8, 3, -8, -7, 6, -3, -1, -7, -1, 6, -8, -7, 11, -1, 7, 0, 4, 4, 1, 2, 0};
weight_hh[65] = {-19, -2, 0, -6, -7, 3, 13, 2, 5, 32, 3, -3, 38, 12, 0, -10, -1, -21, -29, 9, 6, 8, -14, -26, -3, -3, -13, -2, -5, 1, -10, 3, -3, -10, -2, 11, 6, -26, -3, -11, 17, -5, -6, -8, 9, 16, 30, 19, 8, 24, -5, 2, -13, -2, -10, 10, 2, -57, -21, -4, 3, -3, 4, 9, 16, 8, 5, -19, -2, -3, 14, 3};
weight_hh[66] = {2, 4, -1, 2, -3, -4, 2, 0, 1, 1, -4, 4, 3, -1, -2, 3, -2, 0, -2, 0, -1, 0, 1, -2, 4, 2, 4, 0, -1, -1, -4, 0, 4, -2, 4, 1, -3, 0, 1, 2, -1, -2, -1, 1, -1, -2, 1, -2, 4, -2, 0, -4, 1, 4, 3, 1, -1, 2, 1, 5, -2, 4, 6, -2, -2, -2, -4, 1, -2, -2, -3, -1};
weight_hh[67] = {-16, 10, 3, -9, -23, -10, -7, 12, -2, 4, -9, 3, 7, 9, 1, -2, -3, 3, 15, -5, 12, -10, -6, 0, 10, -14, 3, -9, -27, 1, 2, -3, 10, 9, 10, -17, -8, -5, -16, -9, 19, -8, -15, -5, 15, -7, 10, 6, 4, -10, 0, -9, -17, 9, -6, -14, -7, 4, 4, 3, -16, 10, -10, -5, 5, 1, -6, -3, 11, -2, 3, 9};
weight_hh[68] = {-30, 12, -15, 34, -4, -13, 15, 11, -8, 16, -11, 11, -6, 19, -6, -33, -6, -4, -3, -29, -4, 19, -13, -1, 13, -52, 13, -14, -20, 2, 30, -12, 12, -11, 13, -32, 22, 6, -41, -11, 36, -9, 1, -31, 11, 6, 15, 40, 16, -21, -13, -13, 8, 14, -41, -3, -48, 6, -4, 7, -32, 12, 18, -2, 4, 22, -8, 10, -14, 5, -5, -13};
weight_hh[69] = {18, 4, 0, 16, 7, -4, 2, 3, 2, 3, -4, 5, -2, 10, -4, -5, -3, 5, 4, 2, 1, -2, 8, 6, 4, 11, -8, 5, -2, -4, 1, -3, 4, -4, 4, 8, 0, 11, -4, 15, -13, -11, -1, 5, -11, -5, 4, -10, 13, 0, 3, -4, 6, 4, -4, -4, -5, -2, 2, -2, 9, 4, 2, 2, 1, -2, -4, 18, -18, -3, -6, -4};
weight_hh[70] = {2, 4, -1, 2, -3, -4, 2, 0, 0, 0, -4, 4, 3, -2, -2, 3, -2, 0, -1, 0, -2, 0, 1, -2, 4, 2, 4, -1, -1, -1, -4, 0, 4, -2, 4, 2, -2, 0, 1, 2, -1, -2, -1, 1, -1, -2, 0, -2, 4, -2, 0, -4, 1, 4, 3, 1, -1, 3, 1, 5, -1, 4, 6, -2, -2, -2, -5, 1, -2, -2, -3, -1};
weight_hh[71] = {13, 7, -3, -11, 1, -7, 2, -6, -5, 1, -8, -4, -6, 0, 1, 7, -10, 2, -3, -10, 5, -13, -6, -5, 7, 2, 1, 1, 5, -2, -7, 5, 7, -1, 7, 6, -1, -1, -4, -4, -13, -15, -1, -1, 2, -12, 13, -2, 1, 7, -7, -7, -6, 7, 4, -2, 1, -4, 0, 2, -15, 7, 6, -5, -1, -16, 3, 1, 2, 2, 1, 3};
weight_hh[72] = {-2, 29, -22, -2, -31, -23, -2, 5, -41, 16, -20, 14, 21, -26, 33, 60, -6, 20, -35, -18, 5, -25, -11, -7, 26, 21, -64, 11, 42, -8, -33, 5, 25, 9, 26, -11, 17, -1, 20, -22, -7, 13, -20, 23, 35, -17, 17, -19, 38, 1, -11, -22, -8, 23, 58, -17, 13, -48, 5, 36, -11, 24, 9, -15, -18, 15, 17, -18, 12, 21, 2, 29};
weight_hh[73] = {20, -13, 21, -5, 11, 13, 18, -2, 6, -4, 11, -35, -16, -4, 4, -2, 12, -16, 0, -40, 5, -19, 1, 17, -13, 8, -11, 17, 15, -2, -12, 0, -13, -19, -13, 31, 14, -31, -14, -4, 9, -6, 0, 11, -13, 1, -5, -19, 24, -3, -10, 13, -1, -13, 12, 4, 12, 2, -11, 15, 1, -13, 6, 6, -13, 7, 7, -28, -14, -1, 27, -2};
weight_hh[74] = {51, 23, -4, 26, -27, -23, 22, 9, 0, 2, -23, 30, -6, -37, 10, 43, -3, 32, -3, 17, 7, -27, -23, 22, 24, 3, -10, -13, -76, -21, 1, 27, 23, 44, 26, 21, 1, 26, 56, 10, -26, 3, -12, 20, -10, -45, -38, -36, -1, -34, 0, -27, 7, 23, 59, -18, -14, 38, 20, 21, -7, 23, 19, -25, 0, -39, 4, 7, 8, 1, -25, -3};
weight_hh[75] = {17, -3, -14, 6, 22, 3, -17, 10, 16, -2, 3, -6, 1, 1, 14, -5, 13, 8, -26, 24, -11, -9, -2, 22, -3, -5, 18, 12, 25, 0, 10, 20, -3, 12, -3, -12, 0, 3, -12, 0, -32, -19, -6, 4, 24, -17, -11, 11, 26, 1, -10, 3, 10, -3, -5, -1, -6, -13, 26, -1, -18, -3, 9, -16, -13, -4, 8, 3, -5, 19, -4, -5};
weight_hh[76] = {-5, -10, 10, 10, -6, 10, 3, -4, -8, 3, 11, -43, -32, 15, -17, -28, 16, -16, 13, -36, 17, 19, -19, 11, -10, -12, 21, -4, 20, 4, -41, -61, -10, 8, -10, -7, -2, -13, -9, -12, 12, -31, 12, -42, -36, 23, -3, 21, -11, 4, -3, 10, 7, -10, -32, -18, -4, 0, -43, 4, -19, -10, 46, -3, 4, 6, 52, 34, -4, 9, -14, 6};
weight_hh[77] = {19, 1, 31, -27, -2, -1, 20, 30, -13, -22, 0, -16, -5, -18, 16, -11, -8, -26, 2, -54, 27, -15, 41, -24, 1, -6, -29, -22, 7, 3, -44, 45, 1, -22, 1, 0, -5, -27, -37, -19, 1, -13, -28, -23, 12, -3, 28, 13, 29, 4, -4, -1, 4, 1, -8, -4, 19, 1, -32, 17, -18, 1, 15, -6, -37, 1, 23, -2, 49, 1, -9, 6};
weight_hh[78] = {4, 22, -7, 7, -6, -22, -1, 11, -4, 6, -24, 2, 0, 13, 0, -9, -19, -4, -1, -5, -6, 18, 0, -25, 21, -4, -2, 3, 22, -8, -22, 3, 21, -12, 22, -5, -17, 6, -7, -35, -1, -21, 5, -5, 17, -1, 20, -8, -4, 30, -11, -21, -9, 22, 6, -9, -32, -12, -11, -21, 6, 21, 11, -13, 0, -19, -3, -11, -8, 6, -25, 19};
weight_hh[79] = {9, 17, -20, -3, -45, -18, 1, -1, -7, -4, -17, 35, -13, -21, 11, 13, -14, 19, -1, 7, 31, -18, 26, 14, 17, 19, 7, 4, -21, 15, -18, -17, 20, 15, 16, 21, 22, 2, -5, 4, 12, -9, 5, 43, 17, -28, -39, -30, 75, -45, -8, -16, 21, 22, 48, -32, 17, 35, 17, 11, -6, 20, -9, -44, -5, 11, 10, 34, -24, 6, -8, 3};
weight_hh[80] = {7, -11, 5, 9, 5, 11, -2, 2, 4, 1, 11, 5, -3, -2, -1, -4, 10, -1, 2, 9, -3, 11, 2, 5, -11, 5, 2, 1, -2, -1, 11, 1, -11, -1, -11, 9, 6, 0, 10, 9, -2, 8, 9, 3, -3, -1, -10, 2, 0, -1, -5, 11, -5, -11, -4, 8, 0, -1, 4, 8, 7, -11, -5, 14, -1, 7, 1, -5, -2, -6, -10, -9};
weight_hh[81] = {-8, 10, 50, -14, 55, -13, -60, 7, 48, 25, -18, -14, -11, 30, -6, 50, 7, 3, 10, -18, 10, -8, -50, -6, 12, -3, 34, 3, -4, -17, 63, -5, 15, 12, 14, -1, -18, 58, 20, 28, 3, 15, -4, 7, -65, -21, -21, 7, -11, 15, 0, -18, -20, 19, 6, -61, 20, -47, 14, 14, -10, 17, -98, -15, -33, 10, -1, 13, -21, 16, -9, 22};
weight_hh[82] = {1, -1, -1, 0, -1, 1, 0, -2, -1, -2, 1, 0, 1, 0, -4, -1, 2, -3, 0, 0, 0, 3, 1, 0, -1, 3, 1, -1, 2, -1, -4, -2, -1, -1, -1, 1, 1, 2, 1, -1, -2, 2, 2, 2, -1, 3, 0, -1, 0, 1, 0, 1, 2, -1, 0, 2, 1, 1, -1, 3, 0, -1, 4, 1, 0, 0, -1, -1, 3, -1, -2, -2};
weight_hh[83] = {-19, -5, 8, -3, -5, 5, -10, 7, -1, 6, 5, 3, -3, 0, -8, -12, 2, -3, 11, -12, 0, 9, -7, 7, -5, -6, -3, 4, 3, -3, 35, -8, -5, 9, -5, -1, 18, -7, -6, 1, 8, 15, 0, 1, 12, 4, -10, 0, 41, 4, -18, 5, -12, -5, -10, 16, -7, 4, -15, -15, -8, -5, -4, 9, 10, 11, -4, -4, -6, -2, 13, -10};
weight_hh[84] = {55, 0, -57, -36, -17, 0, 14, -5, 33, -16, 0, -4, -3, -3, 31, -16, 11, 19, 5, 3, -36, -25, 36, -10, 0, -2, -9, 38, -12, 4, -60, -5, 0, -33, 0, -31, -81, 3, -23, -27, 6, 20, -16, -10, 2, -22, -9, 5, -39, -40, 0, 0, 10, 1, -21, -56, 11, 17, 13, 9, -13, 0, 1, -21, 0, 11, -5, -18, -14, 2, 24, 28};
weight_hh[85] = {27, 4, -8, 9, 10, -4, 2, 5, -3, -10, -4, -2, -17, 6, -6, -8, 11, -26, 1, -20, 12, 17, 2, 1, 4, -4, 18, -6, 61, -7, -12, -26, 4, 3, 4, -6, 12, 6, -13, -8, -10, -6, -4, 10, -9, 17, -8, 9, 10, -19, 9, -4, 46, 4, -15, 30, -12, 9, -38, 9, -8, 4, 25, 31, -13, -3, 23, -8, -2, 11, -2, 15};
weight_hh[86] = {-8, 18, -14, -16, -39, -13, 9, 16, -132, -22, -19, -18, -6, -45, -52, -86, -16, 5, -29, 10, -18, -9, 29, -29, 10, 2, -39, -14, -25, 9, -19, -43, 6, -31, 8, 45, 123, -24, -54, -40, 0, -30, -24, -15, 57, -19, 12, -22, 19, 26, -6, -20, -21, 17, -4, 59, 8, 27, 10, -72, -4, 19, 32, -31, 6, -34, -17, 6, -38, -4, -8, -41};
weight_hh[87] = {39, -7, -4, -16, -5, 7, 19, -30, 2, -1, 7, 0, -5, 8, 13, -14, -10, 9, -7, -4, -8, -20, -5, 11, -6, 17, 26, 4, -12, -4, 21, -27, -8, -3, -8, -7, 2, 13, 3, 1, -5, 43, 20, 34, 7, -30, 1, -4, -13, 11, 0, 5, 11, -7, -24, 7, 34, 8, 21, 24, -14, -6, -6, -12, -6, -19, 1, -28, 0, -3, 23, -31};
weight_hh[88] = {-53, 9, -34, -26, 21, -12, -11, 16, 28, -11, -9, -8, -3, 5, -15, -37, -1, 7, 14, 26, -2, -19, -1, -2, 7, 0, 14, -47, 15, 13, -13, -9, 9, 27, 6, -47, 9, -11, 7, -29, 19, 15, -20, -31, 14, -14, 18, 27, -56, -8, 11, -13, -35, 11, 0, -9, 11, 1, 20, -10, 14, 10, 2, -9, 20, 9, -55, 6, -16, -2, 33, 28};
weight_hh[89] = {-9, 35, -9, 12, -13, -31, -3, 33, -12, -4, -29, 22, 21, 11, 35, -33, -40, 24, -10, 22, 33, -32, -6, -6, 31, 8, 25, -6, -22, 15, 6, -7, 30, -2, 31, -36, -13, -4, -25, -12, 28, -14, -28, -6, 8, -35, 18, 32, -9, 40, -1, -37, -18, 32, -60, 21, -12, -6, 27, -6, -2, 28, -21, -25, -20, -32, -12, 33, -5, 9, -11, -20};
weight_hh[90] = {1, -1, -1, 1, -1, 1, 1, -2, -2, -2, 1, 0, 1, -1, -4, 0, 2, -3, 1, -1, -1, 4, 1, 0, -1, 3, 1, -2, 2, -1, -4, -2, -1, -1, -1, 1, 2, 1, 2, 0, -1, 2, 2, 3, -1, 3, -1, -1, 1, 0, 0, 1, 3, -1, 1, 2, 0, 2, -1, 3, 1, -1, 4, 1, -1, 1, -1, -1, 2, -1, -2, -2};
weight_hh[91] = {32, -2, -28, -15, 31, 2, -11, -8, -12, -17, 7, -4, 2, -32, 42, 1, -12, 30, 13, 10, -23, -2, 19, 28, -1, 11, 19, -29, 15, -1, -14, -35, -5, 18, -4, 13, 16, 17, 7, -10, 9, 28, 3, 28, 6, -15, -31, -21, -19, -40, -6, 3, 9, -2, 18, -13, 49, 12, 50, -3, -14, -4, 9, -16, -18, 16, 0, 13, 2, -17, -12, 8};
weight_hh[92] = {1, -1, -1, 0, -1, 1, 1, -3, -2, -2, 1, 0, 1, -1, -4, -1, 2, -3, 1, 0, -1, 3, 1, 1, -1, 3, 1, -2, 2, -1, -4, -2, -1, -2, -1, 2, 2, 2, 1, -1, -2, 2, 3, 2, -1, 4, 0, -1, 0, 1, -1, 1, 3, -1, 0, 2, 1, 1, -1, 3, 0, -1, 5, 1, -1, 1, -1, -1, 3, -1, -2, -2};
weight_hh[93] = {-3, 6, -15, -11, 23, -6, -1, -10, 4, 9, -6, -18, -20, -10, -16, -13, 4, 26, -4, 22, 4, -18, -9, 9, 6, -21, 2, 22, 4, 1, 6, -18, 6, 10, 6, -21, -13, 17, -15, -3, 2, -1, -17, -14, 2, -14, 0, 6, 15, -7, -6, -6, -2, 6, 6, 18, 5, -4, 11, 4, -12, 6, -6, -13, 9, -12, 12, 16, -8, -3, 0, -2};
weight_hh[94] = {-16, 5, -5, 13, 15, -7, -13, 21, 20, 24, -14, 0, 1, 18, 13, -6, -11, 14, -18, -13, -10, -10, 24, -7, 6, -4, -51, -5, 4, 8, 16, -17, 5, 41, 13, 10, 11, 11, -10, -1, -41, -29, -9, 6, 12, -15, 8, -16, 66, 48, 2, -4, -6, 13, 25, 22, -32, -9, -12, -18, 0, 13, 3, -6, -11, -25, -29, 14, -33, -1, 14, -1};
weight_hh[95] = {2, -7, -7, 4, -7, 7, 5, 3, 12, 8, 7, -4, 25, 12, -15, 13, 11, 2, 1, -23, 8, -11, 4, -3, -7, -13, 1, 23, -7, -9, 28, 4, -7, 10, -7, -11, -14, 2, -3, 15, 23, 6, -7, -3, -12, -6, -9, 3, 2, 5, 9, 7, -1, -7, -8, -17, -5, 13, -30, -2, -22, -7, 7, -10, 21, 3, 5, -22, -22, 5, 20, 13};
weight_hh[96] = {10, 40, 2, -16, 35, -36, -5, 34, -1, 5, -40, -4, -2, -3, -29, 5, -31, 10, -14, 3, 5, -28, 0, -34, 33, 17, 17, -14, 9, -11, 5, -3, 34, -11, 42, -17, 20, -7, -5, -7, 25, -29, -24, 18, 6, -39, 11, 13, -5, 19, 10, -43, 16, 39, -36, 2, 15, -6, 9, -2, -19, 39, 24, -21, -2, -35, 1, 37, -22, 4, -8, 30};
weight_hh[97] = {-41, 21, 16, -77, 26, -22, 2, -11, -18, 2, -5, -28, -15, -31, -42, 7, -18, -3, -14, -42, 0, -21, 27, -52, 21, 40, 21, -21, 7, 18, -28, -32, 22, 22, 14, 33, 12, -31, -8, 15, 0, 20, -5, 1, -11, -31, 64, -27, -9, 0, -11, -14, -25, 14, 14, 10, 25, -2, -1, -24, -67, 16, 12, -19, 11, 5, 7, -26, 35, -38, 61, -5};
weight_hh[98] = {23, -5, -10, 7, 1, 5, 18, 0, 9, 9, 3, -1, 8, 24, 3, -30, -2, 59, -1, 42, -2, -6, -39, 40, -5, -7, 1, 1, -54, 2, 2, -3, -5, -13, -5, -8, -10, 1, -16, -5, -20, 29, 13, 5, -14, -16, -2, 9, -21, 14, 16, 5, 6, -5, -21, -22, 22, 11, 12, 19, 12, -5, -9, 0, 12, -6, 2, -10, -31, -7, 3, -2};
weight_hh[99] = {28, 9, 45, -27, 6, -9, -32, -6, 44, 16, -8, -35, 67, 37, -7, 33, -14, -18, -33, 11, 70, -19, 45, -42, 9, -20, 24, 33, -4, 5, -5, 58, 9, -22, 9, 19, 9, -49, -13, -9, -15, -27, -15, -10, 1, -12, 43, -16, 6, 10, 13, -9, -23, 9, 4, 13, 19, 23, -11, -44, -7, 9, -23, -9, 3, -28, 2, -18, -1, 5, 7, 33};
weight_hh[100] = {-15, 31, -19, -5, -20, -36, -1, 27, -23, -30, -29, 10, -16, 1, 28, 13, -3, 14, 6, 6, -29, -18, 27, -7, 40, 4, -19, -4, 27, -22, -19, 14, 37, -10, 33, -40, 31, -7, 25, 5, 17, -7, -17, -42, -5, -23, -2, 2, -11, 21, -1, -29, 3, 32, -4, -33, -6, 9, 46, -20, -33, 30, -3, -38, -14, 22, -11, 24, -9, -3, 15, 31};
weight_hh[101] = {-2, 2, 9, -10, 14, -2, -5, 4, -6, -14, -2, -11, 1, -7, 2, 14, -3, 11, -9, 4, 10, -8, 11, 27, 2, -6, -5, -11, -8, -4, 9, 19, 2, 15, 2, -4, 4, 8, 18, -7, 9, 25, -22, 8, -18, -15, -10, 0, 12, -6, 10, -2, -6, 2, 1, -3, 9, 11, 9, 0, -12, 2, 15, -7, -3, -6, 15, 21, -25, -3, -12, 7};
weight_hh[102] = {0, 22, 23, -31, -14, -20, -54, 40, -18, 8, -22, 18, 6, -2, -11, 18, -30, 11, -1, 25, 13, 1, 7, 0, 20, -11, 13, 26, -28, 1, -9, 17, 22, 13, 21, 6, 6, -10, -10, -4, -10, 10, -14, -12, 5, -5, 10, -26, -18, -7, 15, -22, -19, 20, 13, 11, 1, -6, 22, -9, -19, 20, 6, -47, -9, 28, -9, -13, -18, -3, -8, 4};
weight_hh[103] = {-9, 36, -11, 42, -10, -30, 39, 7, 12, -6, -29, 12, 8, -42, 8, 20, -21, 7, -35, 19, 7, -33, -17, 22, 30, 29, -4, 5, -10, -19, -17, 69, 28, 21, 36, -8, -14, -14, 7, -7, -36, -19, -30, 19, 4, -28, -8, -52, 13, 19, -2, -36, -22, 34, 53, -23, 0, -3, 17, -16, -2, 36, 19, -27, -23, -35, 34, 35, 28, 5, -42, 21};
weight_hh[104] = {2, 27, -50, -29, -19, -28, 7, 8, 15, 4, -25, 0, -24, -15, 3, 54, -13, 22, -40, -13, -15, -1, -31, -63, 24, 40, 47, 46, 31, -4, -9, 12, 29, 69, 28, -9, -43, 49, 29, 7, -25, -6, 6, 2, 18, -19, -1, -25, 25, 10, 15, -26, -3, 28, 52, 11, -31, -22, -6, -35, -51, 25, 0, -27, -1, -18, 32, -7, 30, 2, 23, 22};
weight_hh[105] = {15, 16, 41, -6, -28, -17, -26, 18, 50, 2, -12, -8, 0, -12, 18, 27, -20, 2, 4, 42, 10, -32, 25, -13, 22, -20, 30, -12, -35, 16, -43, 1, 19, 5, 21, -21, 4, -54, -32, -28, -10, -11, -42, -5, 54, -37, 26, -17, -28, -26, -5, -16, -27, 16, 25, -14, 58, -14, 23, -23, -38, 22, -16, -31, -2, -2, -17, 26, -10, -4, -13, -9};
weight_hh[106] = {7, 1, 23, -5, -3, -5, -5, 6, 18, -1, -1, -3, -26, -9, 7, 45, -21, 14, 2, 17, 13, 14, -33, 31, 7, 47, -4, -4, -8, -12, 15, 2, 1, 59, 6, 68, 13, 17, 58, -14, -23, 6, 5, 28, -45, -27, -14, -30, -3, 2, -11, -2, -20, 3, 22, 3, 44, -3, 26, -40, -2, 5, -15, -23, 2, 4, 19, -17, 32, -16, -5, -4};
weight_hh[107] = {2, 19, 12, 1, 10, -26, 18, 23, -9, -2, -21, -13, -65, 18, 0, -66, -24, -5, 14, 29, -26, -34, -17, 2, 25, -16, -27, 54, -34, -5, -32, -30, 23, -29, 18, -22, -49, 8, -46, -12, -29, -4, -46, -31, 32, -18, 39, -8, -63, 53, 20, -22, -32, 23, 15, -45, -9, -8, 2, 33, 40, 24, -70, -25, 5, -25, -20, 3, -29, 17, -32, 15};
weight_hh[108] = {20, 37, 28, -4, -33, -38, 4, 24, 2, 21, -37, -5, -35, 6, 6, 11, -25, -9, -21, 15, -7, -31, -13, -26, 31, -13, 39, 24, -19, 11, -31, -27, 33, 8, 27, -36, 15, -9, 0, 28, -21, -60, -18, -23, 3, -21, 42, -8, -53, -2, 17, -30, -35, 30, 8, -7, 23, 4, 26, -52, -37, 32, -19, -20, -7, -33, 0, 6, 6, -1, 1, 3};
weight_hh[109] = {1, 0, -1, -1, 0, 0, 0, -2, -1, -2, 0, 0, 1, -1, -3, 0, 2, -3, 1, -1, 0, 3, 1, 0, 0, 2, 1, -2, 2, -1, -4, -2, 0, -1, 0, 1, 1, 1, 1, 0, -2, 2, 2, 2, -1, 3, 1, -1, 0, 1, 0, 0, 2, 0, 1, 2, 1, 1, -1, 2, 0, 0, 4, 1, -1, 0, -1, -2, 3, -1, -1, -2};
weight_hh[110] = {-4, 15, -25, -6, -17, -11, 40, 16, -10, -8, -6, 2, 50, 36, 19, 20, -8, 7, -5, 2, -10, 4, 20, -47, 12, -33, 9, -32, -39, -6, -1, -38, 7, -38, 7, 0, 71, -30, -30, -46, 15, -23, -7, -14, 22, -1, 24, 20, -10, -16, 8, -16, -37, 13, -22, 26, -1, 9, 9, -69, -33, 15, 7, -18, -8, 17, -32, -11, -21, -22, 5, 3};
weight_hh[111] = {1, 0, -1, -1, 0, 0, 0, -2, -2, -2, 0, 0, 1, -1, -4, 0, 2, -2, 1, -2, -1, 3, 2, 0, 0, 2, 1, -2, 2, -1, -5, -2, 0, -1, 0, 2, 1, 1, 1, 0, -2, 2, 1, 3, -1, 3, 1, -2, 1, 0, 0, 0, 2, 0, 1, 2, 1, 1, 0, 2, 0, 0, 3, 0, -1, 0, -1, -2, 3, -1, -1, -2};
weight_hh[112] = {-14, 3, 52, -69, 24, -4, -41, -7, -36, 30, -3, -3, -38, -3, 19, 12, 0, 11, -26, 2, 12, -2, -11, -33, 5, 3, 62, -8, 41, 7, -10, -71, 7, 5, 4, -37, 4, 24, -18, -13, 28, 70, 0, 26, -22, -4, -8, 7, 6, -57, 29, -8, 15, 7, -4, 25, 29, -5, -27, 38, -26, 7, 13, 9, -5, 37, 56, -3, 1, 0, 22, -1};
weight_hh[113] = {-9, 18, 11, -41, 18, -19, 3, 1, 33, -2, -19, 14, -44, 34, 34, -46, -13, -5, 0, -1, 0, 13, -50, -20, 17, -3, 42, 52, 25, 20, 17, -51, 18, 39, 20, -33, 7, 5, 12, -6, 4, -21, 15, -31, 18, -16, 2, 18, -2, 13, 8, -18, -26, 20, -34, 22, -33, -12, 30, -42, -14, 17, 14, -44, -12, -9, 37, -38, 2, 13, 32, 24};
weight_hh[114] = {-8, 21, 19, -28, 33, -21, -10, 8, 11, 8, -20, 27, -10, -23, -23, 22, -9, 45, 10, 11, 0, -58, -4, -8, 22, 32, 39, -26, -33, 14, 9, 1, 19, -7, 19, 20, -20, -18, -9, 8, -4, -7, -19, 33, -1, -69, -35, -50, 1, -18, -7, -20, -15, 21, 33, -18, 52, -14, 66, -17, -28, 19, 15, -78, 3, -11, 4, 7, 8, 4, 14, -11};
weight_hh[115] = {42, 17, -21, 35, -54, -15, 24, 7, 0, -9, -7, 24, 26, -26, 20, 47, 17, 48, -31, 13, -16, -4, -32, 3, 18, 10, 10, 4, 31, -46, 56, 12, 17, 32, 14, -13, 4, -7, 54, 0, 14, 22, -2, 2, -6, -18, -77, -14, 12, -25, -7, -12, -12, 18, 25, -43, 28, 30, 52, 9, -47, 12, 59, -17, -48, 17, 8, 30, -52, 85, 5, -2};
weight_hh[116] = {-15, 11, 8, -13, -8, -15, -72, 3, 30, 70, -9, -2, -28, 51, 6, 11, 2, 12, 17, -2, 19, -4, -53, -29, 8, -14, 44, 45, 12, -8, -29, 7, 15, -15, 12, -6, 40, -2, 7, 52, -18, -13, -9, -2, 3, -14, 14, -16, -46, 5, 20, -7, 12, 13, -11, 50, 18, -37, 8, -21, -25, 7, 3, -19, 48, -15, 23, 16, -8, -29, 6, 9};
weight_hh[117] = {-43, -4, -17, -1, 16, 3, -9, -14, -1, -36, 3, -35, 5, 19, -2, -3, 8, -36, 20, -33, 56, -1, 17, 8, -4, -29, 12, 9, 30, -3, 26, 58, -4, 31, -4, -15, -4, -14, -2, -43, 12, 4, -11, -29, -28, 18, 15, 17, -7, 32, -5, 4, -15, -3, 19, -2, 5, -28, -20, 2, 2, -3, 4, 15, -7, -28, 15, -16, 8, 12, -37, 45};
weight_hh[118] = {37, 39, -45, -35, 31, -35, -6, 24, 6, -1, -41, -6, 3, 1, -5, 2, 6, 6, -6, -17, 6, -30, 25, -8, 33, -26, 10, -11, 54, -24, -5, 26, 42, 32, 39, -51, -45, -10, -1, -21, 29, -6, -22, 3, 1, -23, 35, -6, 28, -13, -11, -40, 24, 33, -6, 27, 25, 11, 15, -8, -9, 39, 16, -25, -1, 2, 10, -6, 21, -5, -3, 18};
weight_hh[119] = {1, -1, -1, 0, -1, 1, 1, -2, -1, -2, 1, 0, 1, -1, -4, -1, 2, -3, 1, -1, -1, 3, 1, 0, -1, 2, 1, -2, 2, -1, -4, -2, -1, -1, -1, 1, 2, 1, 1, 0, -2, 2, 2, 2, -1, 3, 0, -1, 0, 1, -1, 1, 3, -1, 1, 2, 1, 1, -1, 2, 0, -1, 4, 1, -1, 1, -1, -2, 3, -1, -2, -2};
weight_hh[120] = {-9, -7, 12, 3, 12, 6, 8, 1, 1, 10, 5, 0, -10, 17, -2, -14, 2, -15, -19, -11, 10, 14, -21, 27, -7, -15, -17, 24, 13, -6, 28, 1, -7, 18, -6, 7, 5, -9, -21, -6, 13, 28, 3, -9, 10, 15, -3, 5, 34, 20, -14, 6, -9, -6, -10, 14, -12, -28, -11, 17, 14, -6, -2, 26, 3, -2, 4, -15, -11, 6, -26, -9};
weight_hh[121] = {-6, 2, -1, -22, 0, -4, 1, 7, -26, -5, 0, -4, -34, -32, -8, -23, 8, 7, -5, 3, -10, -28, 19, 10, 0, 19, -26, 35, 2, 14, -26, 3, 2, 51, 2, 23, -8, -15, 37, -31, 21, 22, -25, 13, 37, -26, 5, -13, 26, 31, -6, -6, -25, 5, 33, 22, 40, 20, 15, -45, -9, 6, -33, -17, -16, 9, 20, 3, 6, 4, -13, -29};
weight_hh[122] = {5, -17, 10, -13, 18, 18, 4, 2, 8, -6, 17, 0, -11, 6, 1, -1, 8, 7, 3, 8, -6, -10, 9, 12, -17, 8, 3, 4, -12, -1, 4, -5, -17, -2, -17, 8, 3, -4, 10, 0, 2, 28, 1, 10, 7, -8, -3, 4, -7, 2, 9, 17, -10, -17, -6, 12, 23, -3, 3, -14, 10, -18, -12, 3, 7, 10, 7, -5, -1, -8, 2, -10};
weight_hh[123] = {18, 9, -35, -49, 12, -14, 4, 6, 5, 8, -8, 16, 9, -6, 34, 27, -5, -15, 65, 16, -56, -21, 53, -7, 11, -2, 12, -36, 15, -9, 38, -32, 11, 5, 10, -18, 17, 9, -18, -7, 54, -12, -14, 14, 17, -17, 0, -1, -39, -36, 7, -10, -3, 12, -3, 38, -4, 9, 5, -7, -31, 10, 24, -18, -34, -12, -42, -8, 0, -8, 69, 36};
weight_hh[124] = {-8, 6, 5, 15, 28, -6, -14, 30, 9, -19, -5, -9, -9, -1, -5, 28, -4, -21, -11, 5, 76, -14, 2, 28, 4, -11, -17, 28, -13, -8, 17, -26, 6, -1, 5, 11, -1, 14, 1, 5, 24, -21, -19, -5, 11, -2, 10, -6, 13, -14, -3, -5, -30, 5, -11, 33, 14, -5, 15, 17, -11, 4, -22, 10, -12, 11, -10, -5, 5, 7, -26, 18};
weight_hh[125] = {3, 15, -56, 15, -28, -11, 32, 9, -61, -58, -19, -3, -9, -36, -10, 2, 9, 3, -65, -41, 38, -13, 74, 17, 15, -2, -82, -50, 26, -2, -31, -10, 10, 11, 12, 13, -25, 5, 5, -48, -6, -14, -8, 2, -29, -13, 1, 7, 65, -20, 12, -16, 23, 12, 33, -7, -23, -33, 12, 81, -9, 9, 51, -12, 7, 2, -38, 17, -12, 24, -44, 15};
weight_hh[126] = {-10, 0, 5, 21, 11, 0, -18, 17, -8, -8, 0, -13, -27, -4, 9, -4, 6, 20, 10, 30, 1, -8, -23, 37, 0, -20, -13, -6, -2, -7, 8, 7, 0, 10, 0, 13, 30, 19, -18, -16, 12, 5, -15, 11, -27, -6, -2, 6, -5, 11, 3, 0, -19, 0, 3, -2, 26, -14, 33, -7, 26, 0, -1, 6, 21, 3, 17, 13, -7, 3, -10, 25};
weight_hh[127] = {21, 3, 16, -3, 0, -4, 2, 8, -13, -6, -1, 19, 11, -32, -7, 24, -18, -12, -9, -7, 22, -21, 42, -21, 5, 36, 17, -18, -10, 7, 20, 0, 4, 28, 1, 43, 7, -27, 41, 32, -10, -29, 13, 17, -16, -28, 5, -21, -11, 6, 16, -1, -6, 2, 18, 26, 37, 2, 14, -13, -18, 5, 13, -22, 3, 6, 1, 5, -24, -22, 25, -7};
weight_hh[128] = {-13, 17, 48, 2, -80, -20, 4, 18, 50, 38, -25, 19, -16, 7, 0, -38, -22, 20, 29, 44, -38, -34, 0, -15, 21, -29, -31, 31, -43, 9, -78, -71, 17, -22, 22, -15, -17, -32, -75, 28, -13, -20, -25, -79, 32, -29, 66, -11, -43, 45, 33, -24, -49, 17, -4, -35, 16, 14, 31, -30, -21, 15, -5, -41, -2, -30, -15, 37, -54, 4, -16, -18};
weight_hh[129] = {29, 28, -34, -36, 43, -27, 39, 17, -13, 9, -27, -23, 36, -24, 69, 29, -4, 10, -2, -39, -9, -19, 3, -30, 21, 0, 29, -36, -5, -2, 75, 8, 22, -13, 26, 15, 9, 49, 26, -39, 7, 1, -10, 13, -18, -26, -14, 5, -47, -61, -9, -28, -1, 24, 41, -70, -16, -7, -3, -50, -21, 23, -44, -7, -80, -5, 1, -43, 22, 11, 28, -10};
weight_hh[130] = {-26, 33, -12, -14, -35, -27, -15, 32, -23, 19, -37, -5, -20, 43, -44, -29, -31, 15, 37, -13, 15, -38, -21, -8, 31, 17, 43, -33, -9, 7, 24, -25, 26, 36, 36, -19, 16, -26, -27, 4, -16, -32, -24, 1, 12, -38, 23, 4, -13, -42, 15, -37, 2, 28, -19, -3, 14, -17, 16, -4, -16, 38, 52, -25, 14, -42, 24, 43, -2, -22, -11, 0};
weight_hh[131] = {-18, 7, 41, -9, -131, -15, -21, 5, 80, -67, -8, -6, 20, 64, -35, 32, -15, 24, 89, -16, 25, -11, -27, 17, 13, -43, -47, 16, -28, 13, -4, -22, 14, 25, 11, 3, -85, 4, 27, -6, 19, 1, -11, -4, 2, -13, -3, 18, -11, 17, 10, -7, -19, 9, -29, 37, 39, -73, 1, -61, -25, 16, 48, -13, 46, 19, -7, 50, -11, -3, -15, -16};
weight_hh[132] = {-5, -2, -12, -34, 25, 2, 4, -9, -11, 3, 3, -10, -17, -19, -8, -7, -7, 20, -20, 22, -2, -26, 38, -24, -2, 20, 30, -46, 3, -9, -36, -41, -2, 1, -2, 7, -12, 20, -11, 5, -3, 23, -13, 26, -22, -24, 10, -20, -10, -15, 31, 2, -5, -2, 4, 68, 24, -29, -9, -4, -1, -2, 26, -33, 8, 1, 16, -34, 6, 3, 30, 11};
weight_hh[133] = {0, -1, -1, 1, -2, 1, 0, -2, -2, -3, 1, 1, 1, -2, -4, 0, 3, -3, 3, -2, -2, 5, 2, 0, -1, 3, 1, -2, 2, -1, -3, -2, -1, 0, -1, 2, 3, 2, 3, 1, -1, 2, 2, 3, -1, 4, -2, -1, 0, 0, 0, 1, 4, -1, 2, 2, -1, 2, -1, 2, 1, -1, 4, 1, -1, 1, -2, -3, 3, -1, -1, -3};
weight_hh[134] = {-30, 20, -7, -32, -18, -27, 50, 16, -12, 26, -28, -11, 15, 31, 25, -12, -19, 19, -14, -11, -49, -14, -12, -51, 26, -35, 27, 49, -36, 28, 24, -20, 20, -9, 22, -7, -17, 40, 8, 11, 3, -10, -17, -38, 36, -17, 5, 40, -33, 37, 23, -26, -31, 20, 0, -15, -23, 14, -16, 16, -22, 27, -33, -8, 13, -8, -49, -2, -15, 18, 2, -15};
weight_hh[135] = {10, 24, 54, -15, -20, -20, 49, 23, 67, 14, -17, -8, 4, -4, 79, 22, -20, 13, 34, -8, -25, -20, -2, -3, 19, 12, -10, -35, -19, 6, -23, 32, 20, -40, 21, 12, 10, 37, 41, -3, -14, -16, -20, -10, 21, -17, -12, -4, -30, 3, 8, -21, -32, 23, 33, -40, 7, -46, 44, -23, -12, 21, -20, -8, -40, -24, 3, 4, -1, -14, -12, -1};
weight_hh[136] = {7, -8, 6, -2, -6, 8, -2, -1, 13, -8, 8, 3, -13, 7, -4, -7, 7, -6, 8, -3, 0, 6, 3, 1, -8, -1, -6, -6, 8, -2, -7, 5, -8, -9, -8, -12, -4, 3, -4, -8, 0, 6, 1, -2, 4, 7, -2, 7, 9, -2, -2, 8, 4, -8, -7, 2, -6, -8, -7, 4, 3, -8, 9, 9, -1, 8, 5, 0, 0, 2, -7, 2};
weight_hh[137] = {-19, 10, -2, 20, 32, -11, 29, 27, -30, 15, -6, -3, 0, -13, 17, -18, -12, 7, -18, -6, -46, -16, 16, -53, 8, -23, 38, 38, -12, 23, -43, 57, 14, 51, 12, 1, -43, -19, -20, 33, -33, 8, 2, 7, 26, -23, -11, -5, -45, 91, -17, -8, -17, 8, 43, 9, 50, -20, 31, -23, -8, 10, 0, -19, 10, 5, -111, -4, -32, -2, 19, 6};
weight_hh[138] = {2, -1, -1, 0, 0, 1, 0, -2, -1, -1, 1, 0, 1, 0, -3, -1, 2, -3, 0, 0, -1, 3, 1, 0, -1, 2, 1, -1, 2, -1, -4, -2, -1, -1, -1, 1, 1, 1, 1, 0, -2, 2, 2, 2, -1, 3, 1, -1, 0, 1, 0, 1, 2, -1, 0, 2, 1, 1, 0, 2, 0, -1, 3, 0, 0, 0, -1, -2, 3, -1, -2, -2};
weight_hh[139] = {18, 6, -11, -49, 85, -3, 12, -12, -24, 14, 0, 14, 7, -9, 5, 6, 0, -18, -11, -19, 33, -7, -1, -56, 1, 8, 60, -12, 27, -24, -23, 60, -1, -8, -2, 13, -27, -8, 16, -24, -23, -9, 5, 2, -26, 2, 11, -12, -31, 28, -16, -6, -22, 0, 15, 40, 30, -16, -26, -9, -60, 7, 22, 1, -12, -11, 45, -65, 7, -2, 14, 39};
weight_hh[140] = {-3, -8, -6, -44, -32, 8, -2, -14, 2, -29, 7, -2, 3, 2, -3, 14, 35, 0, 3, -19, 0, -29, 33, -13, -8, 13, 23, -13, 14, 6, 9, 14, -8, 14, -8, -11, 0, -2, 26, 14, -5, -6, 10, 9, 6, -20, 16, 19, 3, -20, -11, 8, -6, -8, 4, 1, -15, 24, 13, 7, -20, -8, 3, -12, 20, -4, -9, -65, 23, -8, 30, -5};
weight_hh[141] = {-23, 19, 9, -4, -32, -14, 35, 16, -66, 9, -21, 13, -48, -2, -1, -18, -8, 0, -1, -33, -44, -6, -28, -54, 24, -4, 54, 56, -28, 4, 0, 8, 23, -20, 15, 35, -35, 7, -13, 34, -19, -21, -10, -32, 24, -18, 11, -32, -39, 63, 21, -19, -21, 20, -6, -2, -1, -19, -5, 37, -7, 13, -29, -21, -33, -32, -33, 6, -13, -5, 28, -27};
weight_hh[142] = {1, -1, -1, -1, -1, 1, 0, -2, -1, -2, 0, 0, 1, -1, -4, -1, 2, -3, 1, 0, -1, 3, 1, 0, -1, 2, 1, -2, 2, -1, -4, -2, -1, -1, -1, 2, 2, 1, 1, -1, -2, 2, 2, 2, -1, 3, 0, -1, 0, 1, 0, 1, 2, -1, 1, 2, 1, 1, -1, 3, 0, -1, 4, 1, -1, 0, -1, -1, 3, -1, -1, -2};
weight_hh[143] = {9, 15, -24, -33, 32, -14, 1, 3, -7, -36, -17, 2, -6, -19, 2, 12, -20, 34, -24, 9, 3, -35, 4, -4, 16, 20, 9, -1, -8, 13, -12, -40, 14, 18, 10, 32, -26, -21, -41, -28, 13, 0, -17, 28, -14, -60, -26, -29, 5, -37, 0, -12, -10, 13, -7, -4, 10, 4, 38, 0, -36, 10, -15, -57, 3, -14, 0, 17, -3, -10, -12, -25};
weight_hh[144] = {-3, 6, -4, -23, 44, -6, -4, 14, 9, -1, -7, -30, 13, 6, -2, -9, -7, -3, -15, 21, 9, -24, 24, 12, 4, 9, -9, 0, 17, -2, -33, -16, 4, 4, 5, 16, -44, -22, -19, -24, -7, -18, -22, 2, -6, 0, 42, -5, -10, 7, 10, -7, -11, 5, -7, 21, 46, -10, -3, -7, 2, 6, -5, -4, -1, 0, 21, 1, -13, 6, -33, 8};
weight_hh[145] = {-42, 1, 15, 17, -17, -6, 8, 16, -3, 47, -6, 53, 8, 37, -1, -15, -27, 17, 37, 38, -7, -60, -11, -19, 0, -9, -20, -30, -26, 36, -3, 8, -3, -53, -1, -47, 21, 7, -26, 17, -13, -7, -9, -17, -18, -43, 36, 37, -31, -28, 31, -3, -23, -1, -51, -8, -6, 6, 4, 22, 30, -2, -5, -49, 20, 51, -19, 4, -46, -47, -10, -6};
weight_hh[146] = {-15, 12, -8, -23, -6, -13, -2, 9, -10, -7, -13, -10, 2, 1, 2, 12, -11, 5, -6, -25, -6, -3, 2, -19, 13, -6, 8, -4, 18, 4, -6, 18, 13, 6, 13, -11, -2, -1, -9, -8, 2, -8, -8, -9, 16, -4, 8, 1, -2, 6, -3, -13, -4, 12, -8, -27, -6, -9, -8, -15, -34, 13, 17, -3, 0, 1, -2, -7, -4, 18, 14, 11};
weight_hh[147] = {-7, 0, -2, -24, 6, 0, -2, -15, -29, 9, 2, 7, -51, 2, -4, -8, -8, 12, 15, -12, -11, -77, -3, 46, 0, -30, -4, -2, -50, 22, -18, 0, 0, -3, -2, -4, -18, 5, -19, -12, -48, 19, -26, -5, -12, -44, 3, 2, -32, 9, -1, 1, 11, -1, -17, 9, 65, -9, -9, -12, -16, -1, 0, -33, 2, -21, 22, -23, 29, -31, -1, -14};
weight_hh[148] = {1, -14, -49, 76, -73, 3, 11, -22, 9, -21, 13, 3, 11, -1, -38, -13, 15, 18, -13, -31, -26, 9, 11, 27, -5, 49, -45, -24, 27, -6, 21, 40, -13, 6, -3, 42, 17, 6, 22, 43, -11, -52, 16, -17, 19, -2, -18, -47, 29, 19, 20, 11, 21, -14, 52, -45, -43, 22, -18, 61, 25, -1, 14, -41, 22, 6, -47, 1, -48, 6, 18, -11};
weight_hh[149] = {25, -3, -15, 0, -3, 3, -43, 18, 25, -45, 4, -9, -6, 2, 44, -3, 4, 35, 58, -6, -7, -7, 18, 13, -3, 10, -13, 2, -22, -11, -28, 57, -3, -1, -3, -11, -24, 6, -13, -42, -4, 3, -12, 2, -45, -3, 10, -12, -24, -46, 33, 3, 2, -3, 18, -56, -9, -2, 29, -25, -10, -3, -30, 3, 22, 15, 17, 8, -19, 2, -16, 15};
weight_hh[150] = {-16, -10, -1, -22, 18, 10, 12, -12, 6, 14, 10, -20, 17, 16, 1, -15, 10, 7, -10, 11, -7, -6, -20, -3, -10, -2, 11, 7, 30, -2, -13, -26, -10, -14, -10, -12, 28, -26, -58, -39, 25, 4, -22, -4, 23, 11, -4, 10, -15, 1, 6, 10, 4, -10, -17, -10, 25, -34, -9, 4, -6, -10, 12, 7, -10, 19, 6, 26, -15, 7, 1, 10};
weight_hh[151] = {-5, 7, 6, 17, -32, -5, -6, 12, 18, -22, -3, 5, 4, 1, -1, 23, -10, 1, 26, 37, 21, 1, -9, 70, -1, 31, -58, 19, -43, 3, -32, 25, 1, 40, 3, -2, -22, -32, 11, 10, 8, 53, 0, 26, 21, 3, 36, -9, 23, 0, -3, -6, -6, 5, 49, 0, 20, -4, 23, 20, 28, 2, -5, 12, 53, -3, -19, 19, -3, -12, -7, -9};
weight_hh[152] = {-7, -7, 13, -8, -28, 7, -4, 5, -1, -28, 7, -40, 15, 0, 7, 5, -10, -66, 31, -37, 15, 16, 10, -16, -5, -5, -10, -2, 43, 11, -6, -25, -5, -18, -9, -2, -2, 14, 4, -5, 18, -29, 24, -30, -13, 66, 7, 16, -25, -12, -12, 5, 23, -8, -4, -4, -10, -11, -40, -10, -7, -7, 6, 26, -29, 6, 3, 2, 39, -7, 29, -6};
weight_hh[153] = {-19, 15, -6, -2, 14, -10, 68, -2, 9, 37, -10, 4, -31, 24, -57, -36, 2, 3, -25, 0, -14, -8, -34, -46, 20, -32, 61, 38, 36, 23, 34, 36, 9, 24, 17, 2, -35, 35, -23, 28, -17, 14, 3, -51, -18, -11, -9, -5, -52, 73, 13, -17, -34, 19, -12, -30, -4, -51, 16, -33, -45, 19, 30, -13, -3, -12, 6, -21, 11, 25, 18, 13};
weight_hh[154] = {2, 13, -2, 0, -5, -13, 2, 4, 0, 0, -13, 5, 3, -6, -4, 6, -7, 3, -2, -3, 0, -4, 4, -6, 13, 1, 6, -5, -4, -3, -6, 4, 13, 1, 13, 0, -6, -1, 0, 3, -1, -6, -6, 0, -2, -8, 4, -6, 4, -3, 1, -13, 0, 13, 8, -2, -3, 2, 3, 6, -6, 13, 11, -9, -3, -7, -5, 0, -2, -1, -4, 1};
weight_hh[155] = {34, -23, 25, -14, 36, 22, 0, -20, 15, -2, 26, -22, -17, -24, 20, -7, 18, -35, 13, -7, -20, 3, 5, 36, -25, 54, -23, 11, -4, -4, -20, -22, -23, -11, -26, 41, -7, 22, 37, 9, -29, 46, 1, 39, 13, 11, -27, -54, -14, 30, 11, 24, 3, -24, 36, 9, 34, -7, -21, -26, 22, -27, -54, 24, 23, -13, 29, 18, 25, -26, -14, -28};
weight_hh[156] = {-45, -2, -6, -38, 3, 7, 9, -28, -6, -6, 0, -48, -6, -7, -89, 23, 3, -9, -43, 7, 87, 11, 7, -23, -5, -8, 1, -24, 34, 4, 10, 7, -7, 54, -6, 2, 2, 4, 6, -2, 2, 14, 19, 8, 3, 22, -31, 7, 12, -6, 5, 3, 37, 2, 22, 55, -7, -13, -7, 0, 1, -1, 41, -5, 31, -5, -2, -21, 30, 15, 22, -11};
weight_hh[157] = {50, 7, -4, 14, 41, -4, 9, 0, 0, 2, 4, 54, -24, -57, -4, -20, 8, -2, 22, 24, -34, -6, -11, 24, 7, 72, 10, -6, 14, -58, 0, -11, 7, -5, 0, 51, 9, 13, 16, 61, -13, 15, 4, 63, -26, -12, -30, -80, -4, -8, 11, 0, 12, 9, 37, -1, 6, 5, 4, 19, 26, 9, 7, 1, -25, 7, 0, 10, -3, 11, -8, -15};
weight_hh[158] = {6, -10, -54, -2, -35, 8, 46, -8, -36, -20, 8, 7, 4, -15, 22, 44, 8, 17, 13, 9, 15, 5, 5, 2, -9, -5, 4, -23, 10, 9, 8, 11, -6, 43, -4, -2, -18, 31, 19, -3, 14, 51, 17, 36, 8, -3, -59, 18, 29, -59, -8, 8, 41, -7, 13, 7, 22, 17, 1, -4, -5, -9, 30, 17, 16, 9, -4, -20, -2, 8, 20, -20};
weight_hh[159] = {8, 2, 8, 30, -20, 2, 18, 19, 17, -42, 14, 41, 5, -35, 23, -9, -54, -19, 18, 20, 35, 14, 1, 32, -4, 69, -39, 7, -20, 18, 12, -12, -1, -34, -3, 50, -49, -14, -12, -14, -46, 26, -20, 19, -8, -2, 40, -22, 68, 15, 29, 7, 6, -7, -8, 63, 8, -16, 14, 26, 37, -5, -6, -1, -3, 15, -11, 36, -64, -31, -26, -28};
weight_hh[160] = {-8, 4, 26, 14, 29, -12, -53, 12, -12, 22, -6, -6, -43, 2, 32, 16, -31, 49, 11, 14, -4, -21, -44, 41, 7, 38, -10, 68, -36, -19, -11, -40, 3, -39, 5, 41, -13, 30, -15, 82, 12, -19, -23, 22, 17, -7, 36, -1, -18, 10, 15, -13, 5, 7, -26, 7, -46, -6, 21, -31, 31, 10, -45, 14, 36, -1, -5, 16, -10, -22, -5, -75};
weight_hh[161] = {-2, 16, 33, 17, 8, -23, 4, 15, 8, 1, -16, -1, 20, -6, 2, 2, -10, -4, 1, -15, 38, 0, -6, -12, 19, 4, 14, -27, -19, -18, 49, 35, 23, 13, 20, -6, -10, -18, 3, 8, -14, -3, -6, -6, -5, 0, -5, -9, 22, 37, -14, -21, -7, 18, -8, 24, -4, 4, 12, -24, -18, 23, 18, -9, -7, -23, -3, -9, 15, 7, 4, 6};
weight_hh[162] = {2, 13, -2, 0, -6, -13, 2, 3, -1, 0, -12, 4, 3, -5, -3, 6, -7, 3, -1, -3, -1, -5, 3, -5, 13, 2, 6, -4, -5, -2, -6, 3, 13, 1, 13, 0, -6, -1, 0, 2, -2, -7, -5, 0, -1, -8, 5, -6, 4, -2, 0, -12, 0, 13, 8, -2, -3, 2, 3, 7, -6, 13, 10, -9, -2, -7, -6, 0, -2, -1, -4, 1};
weight_hh[163] = {3, -8, 3, 0, -9, 6, 19, 5, 17, 0, 4, 9, -2, 31, 19, -35, 11, 16, -48, -58, -26, 4, 17, -58, -10, -13, 34, 33, 22, 0, -23, -2, -6, 28, -5, -47, -13, 24, -4, 17, 22, -40, 11, -47, 10, 20, -38, 35, 7, -11, 30, 9, 15, -9, -18, -46, -18, 19, -25, -1, -19, -5, -4, -8, 8, -21, 8, 9, -46, 11, 29, -12};
weight_hh[164] = {-2, -12, 2, -1, 6, 12, -1, -3, 1, 1, 12, -5, -3, 6, 5, -5, 7, -2, 1, 4, 1, 4, -4, 4, -12, -2, -5, 6, 4, 3, 6, -3, -12, -1, -12, 0, 6, 1, 0, -3, 1, 6, 5, 0, 2, 8, -4, 6, -5, 3, 0, 12, 0, -12, -8, 2, 3, -2, -3, -8, 5, -12, -11, 8, 3, 7, 5, -1, 2, 1, 5, -1};
weight_hh[165] = {5, 1, -6, 2, -1, -1, 5, 0, 20, 7, -1, -7, -7, 5, -7, -11, 1, 6, -5, 7, -6, -1, 3, -6, 1, 13, 5, 10, 3, 2, -4, -7, 1, -1, 1, -4, -13, -4, -8, -2, 2, 4, -1, -2, 11, 2, 8, -2, 2, 1, -4, -1, -2, 1, 9, 5, 0, -5, -7, 8, 10, 1, -3, 4, 11, 0, -5, 11, -12, -4, 0, 2};
weight_hh[166] = {-1, 0, 47, 21, -15, -1, 44, -2, -11, -11, 0, 12, -45, 16, 3, -46, -5, -12, 13, 44, -4, -19, -19, 49, 4, -5, -17, 19, -2, 13, 11, 61, 2, -56, 0, 11, -48, 20, -1, -1, -94, -19, -15, -34, -25, -7, 26, -18, -34, 70, -2, -1, -36, 5, -9, 5, 23, -16, -3, -34, 21, 3, -49, -4, 20, -59, 13, 30, 9, 0, -6, 44};
weight_hh[167] = {-17, -4, -3, -13, -17, 7, -18, -15, -5, -19, 8, -15, 19, -5, -42, 46, 17, 4, -27, -22, 18, 43, 16, -24, -7, 2, -9, 20, 60, -24, 9, 65, -12, 38, -4, 40, 32, -31, 32, -8, -32, 7, 43, 8, 33, 37, -8, -33, 4, 25, -11, 13, 26, -1, 37, 28, -42, 31, -14, -5, -16, -9, 59, 12, 63, 7, 12, -30, 7, 28, 55, 26};
weight_hh[168] = {-16, -9, 1, -18, -7, 8, -26, 20, -6, -3, 4, 23, -28, 18, 20, -1, -6, 21, 1, 3, 1, -13, 17, 0, -10, -21, -14, 11, -17, 5, -35, -2, -10, 1, -10, -38, 14, 6, -6, -9, 3, -7, -11, -11, 9, -5, 44, 31, -22, 3, 15, 8, -40, -8, -5, -9, 1, 10, 5, -32, -2, -10, -25, 2, 23, -28, 4, 19, -24, -6, 0, 36};
weight_hh[169] = {-2, 14, 19, 12, 36, -9, 14, 30, 13, 7, -15, -9, 8, -17, -34, -24, 0, -15, 54, -25, 19, 16, 17, -4, 9, 46, 6, -30, -104, -10, 12, -5, 16, -65, 16, 50, -14, -50, -27, 2, 16, -21, -23, 26, 14, 8, 46, -8, -4, 11, 38, -16, -12, 16, -14, 19, 4, -19, -33, -11, 30, 14, -49, 26, 65, -28, 10, -1, 1, -102, -16, 18};
weight_hh[170] = {0, -9, -3, -3, 31, 17, -2, -17, -16, 0, 6, -29, -9, 34, -19, -20, 23, -39, 1, -11, -24, 5, 13, -21, -13, -78, 25, -6, 61, 34, -7, -19, -15, -14, -12, -52, 5, 0, -24, -22, 43, 9, 32, -33, 6, 20, 5, 84, -7, 29, -1, 13, 13, -10, -61, 30, 22, -19, -43, 6, 2, -17, 3, -4, 15, -14, -1, -16, 30, 17, 18, 20};
weight_hh[171] = {-9, 1, -5, 5, -3, -1, 3, 7, -2, 11, 0, 3, 14, 3, 2, 0, 1, 1, -4, 8, -3, 0, 3, -1, 1, -3, -4, 2, 14, 3, -5, -3, 1, -8, 1, -10, 0, -12, -12, -4, 9, 18, -7, 2, -6, 3, -4, 5, 10, 5, 12, -1, -1, 1, -1, -1, -3, -3, -6, 7, 9, 1, 7, 1, 1, 12, -2, -2, 0, 1, 2, 9};
weight_hh[172] = {-2, 5, 6, 9, -19, -5, 14, -17, 0, 3, -4, -6, 15, 11, -2, 24, -4, -4, -15, -27, 3, 8, -2, -2, 6, -3, 19, 21, -9, -4, 11, -9, 5, -12, 5, 0, 7, 3, 22, 7, 17, 15, 11, 5, -16, -1, -15, -5, -11, 11, 0, -4, -1, 3, 1, -24, -17, 2, -22, 5, -5, 4, 7, 34, -8, -4, -14, -9, -9, 3, -5, 2};
weight_hh[173] = {-8, 0, -5, 0, 0, 0, 1, 3, -1, -1, 0, -6, -4, 1, -3, -9, -5, 1, 2, -6, 2, 3, -8, -5, 0, -9, 2, -2, -6, 3, -5, 2, 0, 4, 0, -8, -3, 2, -5, -1, -3, -7, 2, -10, 3, 0, -4, 8, -10, -3, -7, 0, 2, 0, -4, -7, -2, -1, -7, -18, -4, 0, -4, -2, -4, -3, 8, -1, 10, 3, 0, -6};
weight_hh[174] = {10, -10, 12, -12, 1, 10, 4, 5, 6, 1, 9, -7, -7, 5, -1, 1, 12, -10, 23, -27, -14, 13, -2, -10, -11, 12, -23, 15, 49, -7, -24, -18, -10, 2, -10, -8, 5, 8, 12, -9, -7, 18, 4, -12, 17, 14, 24, -1, 1, -3, 8, 11, -1, -9, 12, -21, 6, -17, -11, -14, -4, -12, -6, 68, -17, 15, -15, 5, -31, 16, 18, 5};
weight_hh[175] = {-38, -1, 9, 4, -8, 1, 4, 12, 1, 3, -2, -8, 27, 16, 8, -12, -19, -13, -8, 12, -8, -18, 7, 2, -1, -17, -21, 15, -21, 7, -2, 17, 0, -3, -1, -8, -23, -9, -19, -32, 13, 3, -10, -8, 21, -3, 32, 14, 8, 33, 2, 0, -24, -1, -7, 10, 15, -13, -21, -5, 20, 0, -1, 12, -2, -20, -8, 0, 10, 12, -11, 10};
weight_hh[176] = {16, -5, 10, 25, 12, 5, -31, -3, 11, 3, 5, -2, -8, -1, 4, -13, 5, 1, 6, 0, 10, 8, 21, 12, -5, 21, 7, 10, -7, -8, -5, 2, -5, 3, -5, 11, -22, 4, 17, 14, -10, 1, 6, 13, -18, 4, -6, -13, -16, 7, 11, 5, 7, -5, 13, -7, 14, 1, 6, 8, 28, -5, -21, 1, 1, 2, 23, 13, -16, -19, -7, 11};
weight_hh[177] = {8, 2, -4, -2, 2, -2, 3, -3, 2, -4, -3, 2, -2, -1, 2, 6, -1, 1, -1, 4, 0, 1, -5, 1, 2, 2, 8, 2, 1, -5, 2, 4, 2, 0, 2, 5, -1, 4, 4, 0, -3, -2, 1, 2, 6, 0, -5, -3, -9, -5, -9, -2, 3, 2, 7, 7, 2, 0, 5, -7, -8, 2, 1, -6, -3, -2, -5, 2, -4, 1, 0, -7};
weight_hh[178] = {-32, 13, 5, -27, -5, -13, -17, 10, -4, -8, -10, -4, -26, 7, -15, -15, 24, 39, 16, -35, 7, -11, 27, -6, 13, -60, 10, -4, 24, 1, 1, 2, 9, 15, 10, -73, -10, 14, 15, -6, 41, 31, -30, -22, -4, 6, -30, 25, -1, -27, 20, -11, 19, 13, -21, -4, -8, 25, -8, -4, -22, 13, -21, -34, -15, -31, 19, -4, -14, 15, 20, 11};
weight_hh[179] = {-27, 1, -22, -11, -36, -1, -10, 6, -20, 26, 0, 7, 28, 7, 3, -25, 3, -15, -22, -14, 11, 7, 24, -32, -1, -7, 7, -6, -2, 3, -2, 13, 1, 36, 1, -4, -4, 14, -7, 31, 18, 0, 7, -18, 3, -12, -7, 3, -11, 20, -4, 1, -8, 1, -20, -26, -8, -16, -20, -16, 14, 1, 15, 3, 9, 15, -22, -1, -51, -9, 17, 12};
weight_hh[180] = {24, -3, 10, 22, 16, 5, 4, 8, 1, -3, 6, -3, -17, -6, -12, 1, 26, -2, 29, -4, 16, 14, 4, 31, 1, -7, 5, -26, -109, 0, 47, -21, 0, -11, 1, -7, 17, -3, 11, 80, 18, -7, -19, 11, -1, 2, -37, 9, -10, -24, 8, 1, 27, -3, -1, 18, 2, 9, 4, -19, 9, -2, 9, 2, 7, 0, 13, 8, 4, -10, 6, -51};
weight_hh[181] = {2, 13, -2, 0, -5, -13, 2, 4, -1, 1, -13, 4, 4, -5, -3, 6, -8, 3, -2, -3, -1, -4, 3, -6, 13, 1, 6, -4, -4, -2, -5, 3, 13, 2, 13, 0, -6, -1, -1, 2, -1, -7, -6, 0, -1, -8, 5, -6, 4, -3, 0, -13, -1, 13, 8, -2, -3, 2, 3, 7, -6, 13, 11, -8, -3, -7, -6, 0, -2, -1, -4, 2};
weight_hh[182] = {-16, 17, 17, -20, -15, -15, -24, 10, 19, 24, -17, -6, -1, 25, -22, -57, -10, 0, 3, -50, 1, -8, -9, -66, 11, -23, 82, 22, 42, 35, 26, 35, 15, 62, 15, -26, -86, -35, -9, -7, 22, -9, 13, -61, -4, -19, -12, 19, -19, 52, 11, -6, -19, 15, 8, -11, -7, -9, -3, -27, -61, 14, -2, -10, -4, -34, -13, -2, 13, 57, 38, 38};
weight_hh[183] = {3, 12, -2, 1, -6, -12, 1, 3, 0, 0, -12, 5, 4, -5, -3, 5, -7, 3, -2, -3, -1, -4, 3, -5, 12, 2, 6, -5, -4, -3, -5, 3, 12, 1, 12, 0, -6, -1, 0, 3, -1, -6, -5, 0, -2, -8, 4, -6, 4, -3, 0, -12, 0, 12, 7, -2, -4, 2, 3, 7, -6, 12, 11, -8, -3, -7, -6, 0, -3, -1, -5, 1};
weight_hh[184] = {27, 4, 23, -110, 57, -9, 17, -27, 7, -2, 1, -18, 35, -9, -6, 28, 30, -31, -22, -11, -3, -8, 37, -65, 9, -61, 64, 9, 41, 1, -18, 15, 1, 1, 12, 3, -7, -12, 30, -76, -63, -7, 2, -42, 15, 2, -11, -18, -42, 24, -7, -4, 12, 9, 32, 1, 28, 38, 20, -71, -65, 6, -26, 5, -1, -43, 4, -18, 52, 41, 18, 44};
weight_hh[185] = {-7, -7, 78, 7, 21, 7, -67, -15, 32, 32, 8, 3, -14, 61, -26, 66, 18, -16, -1, -51, 26, 25, -58, 3, -11, -26, 65, 45, 16, 0, -8, 16, -12, 30, -5, 37, 31, 10, 50, 28, -7, 34, 14, 29, -44, 23, -30, 4, 3, 36, 0, 11, 18, -5, 4, 30, 4, -60, -11, 0, 17, -6, -51, 51, -30, -11, 30, -12, 23, 3, -13, -33};
weight_hh[186] = {11, 6, 12, -9, 13, -5, -29, 21, 5, -16, -4, 14, 12, -35, 4, 6, -25, -19, -1, -1, -17, -18, 16, 11, 5, 57, 2, -7, -32, 25, -18, 20, 7, -8, 6, 51, -3, -20, 1, 11, -42, -29, 3, 32, -13, -7, 22, -75, 9, -27, -5, -7, 5, 4, 49, 23, 8, 15, 12, 9, 2, 5, 3, -6, 5, -10, -5, 3, 14, -36, 3, -22};
weight_hh[187] = {-63, 12, -18, -66, 17, -6, -15, 8, 3, -1, -10, -1, -14, 36, -19, -9, -12, -10, -4, -9, 7, 0, 13, -43, 5, -19, 22, 0, 46, 37, -29, 2, 5, 32, 7, -24, 18, -2, -13, -14, -8, -19, 22, -2, 3, -12, 76, 50, 12, 20, 0, -10, -3, 3, -40, -1, -3, -19, -24, -22, -33, 4, -11, -6, 25, 13, -10, -57, 19, 12, 39, 38};
weight_hh[188] = {48, 6, 18, 17, -2, -7, 32, 13, 31, 30, 4, -9, 49, 15, 54, 83, -1, 5, -28, 5, 1, -7, 51, 10, 5, -2, -19, 16, 5, 3, 19, 65, 5, -54, 4, 23, -17, -7, 33, -41, 21, 6, 4, -8, 8, -2, -4, 17, 62, -28, 0, -2, 19, 7, -1, -23, -37, 7, -7, 29, 18, 0, -18, 7, -13, 1, -18, 21, 5, 22, -19, -9};
weight_hh[189] = {13, 11, 35, 30, 1, -2, -2, 6, 60, 39, -9, 3, 41, 100, 3, -27, -23, 42, 10, 14, -39, -41, -34, -9, 9, -1, 12, 45, -35, 41, -19, -47, 4, -40, 6, -55, -44, 41, -43, 41, 30, -24, -8, -5, -33, -43, 25, 32, -25, -51, -11, -10, -10, 6, -73, -1, 14, 34, 8, 56, 28, 4, -13, -14, 2, 14, -6, 32, -7, -30, 18, -32};
weight_hh[190] = {21, 3, -5, 14, -2, -3, 6, -19, 3, 6, -3, -1, 2, -5, -4, 5, -5, 2, 0, 0, 6, 11, -6, 7, 3, 10, 10, -3, -14, -3, 20, -6, 3, 9, 3, 18, -4, -6, 1, 9, -1, -11, 20, 7, -9, -2, -13, -7, 0, -13, -15, -3, 9, 3, 5, -1, -10, 6, 6, 11, -7, 3, 10, -4, -5, -2, 4, -3, 11, 0, -10, -11};
weight_hh[191] = {2, 13, -2, 0, -6, -13, 1, 4, 0, 0, -13, 5, 3, -5, -4, 6, -7, 3, -1, -4, -1, -4, 3, -5, 13, 1, 6, -5, -5, -2, -6, 3, 13, 1, 13, 0, -6, -1, 0, 2, -1, -7, -6, 0, -1, -9, 5, -6, 4, -2, 0, -13, 0, 13, 8, -2, -3, 2, 3, 7, -6, 13, 11, -9, -2, -7, -6, 0, -2, -1, -5, 2};
weight_hh[192] = {13, -25, -8, -40, -38, 26, -20, -18, 8, -19, 23, 8, 1, -31, -6, 35, 24, -28, 11, -18, 44, 6, 0, 4, -25, 14, -11, -8, -21, -11, 25, 30, -24, 56, -28, 29, -2, 0, 44, 42, -70, 41, 34, 60, -18, -4, -53, -33, 13, 1, -18, 20, 25, -26, 40, -7, 17, -22, -2, -29, -18, -24, 31, -10, 11, -13, 11, 3, 27, -8, -14, 9};
weight_hh[193] = {-21, -4, 8, -29, 15, 3, 1, 9, 23, 3, 4, 18, 20, -24, -12, -10, -32, -1, 34, -4, -10, -29, 17, -12, -2, 33, 4, -18, -26, 7, 4, -7, -3, -30, -3, 25, -8, -37, -3, 15, -5, -1, 2, 18, 31, -20, 37, -12, 2, 10, 2, 4, 17, -3, 3, 15, 16, 6, 5, -11, 8, -2, -1, -23, 20, 7, -10, -3, 11, -34, 20, -8};
weight_hh[194] = {2, -11, -18, 15, -12, 7, -13, -3, -14, -20, 7, -14, 19, 18, -7, 5, 22, -52, -4, -12, 15, 12, -4, -18, -9, -59, 9, 1, 35, 7, 15, -10, -8, 16, -11, -32, 11, 24, -5, 4, 30, -32, 50, -27, -10, 57, -32, 56, -20, -15, -39, 8, 39, -11, -23, -13, -38, 9, -33, 15, -8, -11, 3, 13, -8, -17, -17, 3, 57, 10, 25, -2};
weight_hh[195] = {-11, -1, 37, -25, 14, 3, -30, -17, 27, -17, -2, -3, -5, 15, -17, 2, -8, -1, -47, -26, 55, -3, -3, -79, -2, -2, 60, 10, -32, -6, 20, 35, -1, 50, -1, 13, -32, -29, -15, 15, 15, -1, 0, 1, 11, -3, -2, -30, -27, 24, 20, 2, -15, -1, 20, 24, -42, -1, 5, 7, -27, 0, -56, -2, 21, -5, -12, -54, 1, 3, 25, -38};
weight_hh[196] = {-1, -11, -31, 14, 14, 6, 3, -2, -3, 13, 10, 38, 26, -20, 28, -5, -5, 10, -16, 31, -4, -13, -30, 58, -14, 19, -26, 33, 23, -1, -13, -27, -12, -14, -6, 29, 7, 43, -27, 11, -25, 5, 3, 34, 19, 2, 17, -21, 18, -17, -13, 5, 10, -11, 24, 25, 9, -24, 7, -8, 38, -12, -12, -11, -21, 29, 11, 32, 25, 4, -48, -33};
weight_hh[197] = {23, -1, 67, 40, -51, 1, 3, 6, 1, 25, 9, -6, -4, -76, 33, -37, -1, 4, 9, 6, -7, -12, 19, 22, -9, 46, -57, -55, -41, -16, -44, 31, -6, 8, -10, 5, -32, -4, -11, -9, 28, 13, -25, 2, 4, -6, -20, -6, 12, -58, -9, 2, -32, -12, 18, -41, -9, -16, 30, 17, 27, -7, -28, -6, -49, 11, 9, -6, -29, -17, -47, -15};
weight_hh[198] = {-16, 6, 39, 18, 10, -11, -12, 25, -2, 4, -7, 19, 33, 3, 45, 18, 18, 17, 35, 19, -24, 15, -22, 13, 12, 2, -3, -13, 12, -39, 25, -21, 9, -45, 4, 6, 30, 19, 27, -26, 38, 22, 6, 23, -22, -6, -17, -18, -3, 3, -18, -11, -33, 7, 15, -47, -12, 28, 57, 3, 20, 5, -6, -7, 7, 39, -6, 18, -37, 18, 14, 23};
weight_hh[199] = {27, -10, -16, 4, -1, 18, -10, 12, 10, -9, 13, 0, 11, 11, 22, 4, 27, 14, 1, 13, -20, 34, -9, 5, -11, -38, -22, 22, 100, -53, -24, -11, -17, 26, -16, -60, -7, 31, 19, -12, 0, 13, 12, -15, -11, 42, -47, 30, 22, -23, 3, 15, 24, -11, -8, -13, -17, 10, 7, -6, -4, -11, -11, 21, -33, -6, 7, 8, -33, 37, -25, 23};
weight_hh[200] = {-6, 13, -20, -7, -20, -13, 6, 10, 33, 7, -13, -7, 29, 3, 15, 26, -8, -1, 7, 26, -13, -21, 4, -24, 13, -13, -3, 0, -1, -6, -23, -5, 13, 13, 13, -6, -9, -37, -5, 2, 3, -7, -11, -16, 46, -16, -8, 4, -14, 1, -5, -13, -18, 13, 2, 4, 10, -19, 13, -7, -15, 14, 5, -17, -8, 12, -33, -2, -23, 21, 13, -10};
weight_hh[201] = {30, 4, -8, 25, -36, -5, 30, 14, -22, -28, -6, 16, 13, -18, 36, 55, 1, -8, -25, -23, -3, -5, 37, 70, 5, 24, -33, -20, 14, -20, 5, 42, 4, -34, 8, -11, 31, 33, 44, -7, 13, 5, -6, 54, -10, -10, -17, -17, 49, -78, -9, -11, 25, 6, 21, -58, -38, 26, -4, 65, 21, 9, -8, 4, -61, 11, -20, 4, -5, 5, -18, 10};
weight_hh[202] = {4, -9, -44, 26, -8, 7, -13, 7, 8, -37, 8, 14, 7, 18, 7, 33, 8, 15, 8, 26, -1, -5, 28, 43, -10, -2, -62, 14, 17, 7, -41, -8, -9, -11, -8, -13, 19, -6, 38, -15, -1, 0, 5, 10, -16, 4, 13, 29, 7, -21, 7, 11, 5, -7, -4, 10, -15, 10, -5, -8, 58, -8, -7, 4, 33, 3, -13, 19, -22, 1, -29, 34};
weight_hh[203] = {-59, 9, 36, 8, -10, -10, 53, 8, -55, -44, -5, 18, -38, 3, 20, -17, -12, -4, -39, -23, -3, 2, -37, -22, 3, -14, -33, 40, 38, -10, 27, -46, 8, -9, 9, 1, 89, -31, -34, 15, 7, 11, 3, 13, -4, 5, -20, 6, -41, 92, 0, -6, -23, 2, -31, 29, 1, 25, -14, -52, -5, 4, 18, 4, -29, 10, -8, -20, 8, 20, 19, -22};
weight_hh[204] = {16, -5, -7, -7, -7, 5, 1, -3, -32, -11, 6, 21, 1, -20, -4, 22, 15, 5, 16, -4, 4, 58, 18, -25, -5, 20, 19, -7, 13, -23, 4, -22, -5, 28, -5, 3, 15, 43, 33, 11, 1, 15, 27, 17, -18, 25, -30, -18, -7, -26, -6, 4, 30, -6, 32, 19, -35, 14, 4, 10, 7, -6, 7, 18, -9, 16, -16, 14, -6, 22, 27, -14};
weight_hh[205] = {-3, -12, 2, -1, 7, 12, -2, -2, 0, 1, 12, -4, -3, 5, 5, -4, 7, -2, 1, 4, 1, 4, -3, 5, -12, -2, -5, 5, 4, 2, 7, -3, -12, -1, -12, 0, 6, 1, 0, -1, 1, 6, 4, -1, 1, 8, -5, 6, -5, 2, 1, 12, 0, -12, -8, 3, 2, -2, -2, -8, 6, -12, -12, 8, 2, 7, 6, -1, 1, 1, 6, -1};
weight_hh[206] = {12, -9, 2, 6, 13, 2, -12, 11, 17, -6, 2, 10, 96, 43, 8, 58, 3, -4, -45, 18, 12, 10, -2, 30, -4, -19, 21, 99, -25, 16, 6, 50, -9, 16, -8, 20, 22, 7, 11, 24, -30, 4, 0, -2, -3, 6, 4, -10, 65, 12, 0, 0, -22, -9, -4, -7, 42, 20, 2, 28, 9, -4, 11, 9, 16, -1, 41, 16, 3, -8, -38, 11};
weight_hh[207] = {26, -10, 0, 16, 10, 13, 23, -5, -13, 7, 14, 38, 18, -15, -27, 7, -3, -11, 11, 4, -17, 5, 31, 52, -13, 10, -57, 1, -24, 1, 3, -27, -15, -29, -12, 21, -21, -49, 7, 39, 8, -4, 10, 13, 1, 15, -2, 5, 52, 13, -10, 14, 22, -12, -3, 32, -16, 16, 0, 16, 39, -10, 31, 1, 3, 3, 6, 5, 4, 0, -20, -13};
weight_hh[208] = {6, -1, 4, 2, 2, 1, -5, -3, 12, -2, 1, -2, -4, -3, 0, -4, 4, -6, -7, -1, 4, 9, 4, -2, -1, 5, 4, -2, 10, -4, -1, 2, -1, 2, -1, -4, -7, 0, 0, -5, -1, 2, 3, -5, 1, 8, 0, 2, 3, -2, -1, 1, 4, -1, -2, 2, -2, -1, -3, 13, 0, -1, 5, 8, -5, 4, 2, -6, -4, 2, -3, 5};
weight_hh[209] = {15, 0, -6, 31, 21, -2, 15, 9, 30, 25, -1, -2, 84, 21, -16, 46, 4, 3, -5, 1, 23, 8, 0, 1, 2, 5, 16, -37, -2, -9, 34, -20, 0, -47, 2, -9, -40, 23, 6, -9, 8, 8, 0, 0, -35, 14, 7, 22, -14, 16, 16, -2, 1, 3, 3, 47, -2, -28, -11, 43, 14, 1, -7, 5, 23, -7, -7, -5, -25, 6, 9, 41};
weight_hh[210] = {-2, -13, 2, -1, 5, 13, -1, -4, 0, -1, 12, -5, -3, 5, 3, -6, 7, -3, 2, 2, 0, 4, -4, 5, -13, -1, -6, 4, 4, 2, 5, -3, -13, -2, -13, 1, 7, 1, 0, -3, 2, 6, 6, 0, 2, 8, -5, 5, -4, 3, -1, 13, 1, -13, -7, 2, 4, -2, -3, -7, 6, -13, -10, 8, 3, 6, 5, 0, 3, 1, 4, -2};
weight_hh[211] = {5, 6, -6, 42, -17, -5, -35, 19, 28, 47, 1, 15, -2, 29, -11, 8, 7, 33, 29, 26, -6, -2, -55, 38, -4, 2, -1, 24, -22, -20, 38, -123, -1, 8, -3, 0, 4, 77, -16, 58, 16, 5, -16, 8, -12, 0, 30, 14, -5, -16, 18, 3, -13, 0, -37, 8, -16, -16, 23, -11, -8, 0, -43, 11, -37, 41, -36, 65, -8, -17, -25, -62};
weight_hh[212] = {56, -18, -10, -30, -24, 13, 0, -27, 3, 1, 13, 14, 13, -3, -8, 9, 8, 2, -38, 39, 12, 59, -5, 10, -20, -20, 9, 11, -3, -42, -2, 2, -13, 24, -15, -1, -37, 44, 33, 9, -7, -14, 22, -3, -20, 40, -72, -14, -17, 23, -19, 13, 44, -19, 15, 3, -23, -4, 14, -12, 15, -16, 34, 46, -7, -35, 28, 8, 28, 20, -12, -12};
weight_hh[213] = {62, -3, 29, 13, -32, 14, -31, -6, 27, 0, 0, -10, -6, -18, 38, 36, -11, -17, -12, 17, 15, -5, 18, -8, -11, 44, -6, 2, -37, -4, -88, -39, -2, -73, -5, -14, 8, 3, 35, 39, 5, -33, -3, -1, -1, 11, 48, -7, -40, -65, -3, 12, 13, -12, 11, -9, 26, 3, 12, 40, 7, -7, -71, 15, -49, -4, 32, 10, 0, -30, 5, -12};
weight_hh[214] = {2, 12, -2, 1, -6, -12, 1, 3, -1, 0, -12, 4, 4, -5, -3, 6, -7, 3, -1, -3, -1, -4, 3, -5, 12, 2, 6, -5, -4, -2, -5, 3, 12, 1, 12, 0, -6, -1, 0, 2, -2, -6, -5, 0, -2, -8, 4, -6, 4, -3, 0, -12, 0, 12, 8, -2, -3, 3, 3, 7, -6, 12, 10, -8, -3, -7, -6, 1, -2, -1, -4, 1};
weight_hh[215] = {10, 3, -5, 1, 18, -2, 16, 9, -4, 21, -2, 16, -4, 3, -27, 19, 27, 31, 19, -18, 1, 15, -6, -1, 3, -48, 4, 7, 6, -29, 17, -10, 2, -9, 3, -51, 29, 30, 22, 27, 42, 7, -19, -13, -6, 5, -40, 9, 13, -14, 5, -2, 20, 3, -5, -28, -46, 14, 33, 0, -21, 3, 16, -14, -18, -5, -4, 25, -24, 19, -11, -2};

Bias_hh (8 bit):
 {-1859, 1648, -1865, -1400, -809, -1679, 244, 13, -2118, -1373, -1580, -300, 1992, -2767, 850, 1687, -996, 1863, -376, -766, -440, -1248, -1137, -3248, 1690, 499, 545, -305, -2216, 31, -854, 2875, 1642, 1348, 1670, -1106, 360, 979, 329, -366, 1021, 568, -306, 1122, 293, -1653, -663, -2959, 155, -12, 247, -1653, -489, 1665, 4097, 571, 11, -922, 944, -810, -1277, 1699, 1849, -1268, -908, 451, -436, -617, 261, 521, -8, 715, 2754, 57, 1663, -2093, 707, 43, 2435, -1307, 2132, 2621, -13, -1270, 1411, 3503, 4113, 1948, 1409, 194, 1457, 294, 1794, -2246, -274, -171, 96, 6204, -128, 1686, 1135, 2805, 1486, 258, 90, 2954, 16, 4358, 3594, 1031, 1679, 972, 4106, 2026, 575, 3859, 1148, -801, 2564, 4322, -899, 421, 667, -38, 987, -31, 3685, 937, -909, 1556, -39, -129, -1170, -6, 1488, -1275, 2866, 1351, 132, -1000, -711, 4961, -455, 3811, 884, 541, 516, 1676, 1223, 569, -303, -1018, 904, 969, 501, 277, 55, 1039, 763, 948, 1256, 1020, -330, 1704, 718, 696, 113, 1856, 589, 508, 851, -387, -450, 986, 162, 1367, 547, 1051, 562, 1389, -44, 228, -883, -113, 948, 865, -934, 291, -925, 1877, 1529, 900, 1300, 1267, -1122, 544, 1353, 554, 1485, -400, 775, 224, 1640, 840, 2842, 578, 1057, 1085, 929, 1324, -627, 1665, 86, 973, 1816, 830};
