188 0 1
234 2 1
263 3 1
422 1 1
550 0 -1
575 5 -1
693 6 1
720 4 1
801 1 1
865 3 -1
941 2 -1
1099 0 -1
1220 7 1
1268 3 1
1357 1 1
1381 0 1
1397 2 -1
1655 0 1
1671 8 1
1744 4 1
1870 3 1
1925 1 -1
1951 5 1
1991 0 1
2107 2 -1
2187 6 1
2222 0 -1
2252 10 -1
2292 1 1
2435 9 1
2469 4 1
2510 3 -1
2640 0 1
2671 1 1
2814 2 -1
2907 5 1
2918 3 1
3044 1 1
3163 7 -1
3176 6 1
3214 0 1
3276 4 -1
3289 2 1
3475 0 1
3520 3 -1
3521 8 1
3594 1 -1
3757 2 1
3792 0 1
3800 11 1
4029 4 -1
4122 3 -1
4167 1 1
4181 0 -1
4230 12 -1
4230 2 -1
4240 6 -1
4299 5 1
4380 9 1
4446 0 1
4503 1 -1
4525 3 1
4541 7 -1
4791 0 -1
4931 2 -1
5057 10 -1
5061 1 -1
5073 4 -1
5125 0 1
5170 3 -1
5364 0 1
5420 1 1
5477 6 -1
5530 8 1
5584 0 -1
5611 5 1
5619 2 1
5779 1 -1
5788 3 -1
5847 0 -1
5928 7 -1
6095 2 -1
6197 3 1
6202 4 1
6224 0 1
6380 1 -1
6586 3 1
6594 0 1
6605 5 -1
6742 1 1
6788 2 1
6847 0 -1
6874 6 1
6874 9 -1
6960 4 -1
6992 3 -1
7261 2 -1
7288 0 -1
7307 1 -1
7578 0 1
7615 3 -1
7723 2 -1
7832 0 1
7839 1 -1
7916 5 -1
8008 4 -1
8129 7 -1
8185 14 1
8205 1 1
8209 0 1
8217 3 -1
8325 6 1
8400 12 1
8422 2 -1
8422 8 1
8467 0 1
8621 3 1
8741 4 -1
8770 1 -1
8852 0 1
8884 2 -1
8900 5 1
9153 13 1
9222 3 1
9249 6 -1
9303 15 -1
9316 1 1
9368 9 1
9427 4 1
9432 0 1
9518 11 1
9572 10 -1
9588 2 -1
9604 7 -1
9631 3 -1
9673 1 -1
9675 0 -1
9846 5 -1
9940 0 1
10023 3 -1
10285 1 -1
10287 0 -1
10303 2 -1
10346 8 -1
10499 4 1
10518 0 -1
10625 6 1
10657 3 1
10760 2 -1
10813 1 -1
10875 0 1
11047 3 1
11173 5 -1
11180 1 1
11233 2 -1
11265 4 1
11276 0 -1
11534 0 1
11535 1 -1
11636 7 -1
11649 3 1
11711 2 1
11754 6 -1
11872 0 -1
11894 1 1
12076 5 -1
12291 3 -1
12369 4 1
12415 2 1
12428 0 1
12470 1 -1
12560 6 1
12700 3 1
12931 0 1
12958 9 -1
12984 1 -1
13103 3 1
13132 2 1
13333 1 1
13409 8 -1
13475 0 -1
13479 5 -1
13482 4 -1
13511 3 -1
13603 11 1
13608 2 -1
13799 0 -1
13828 10 1
13839 6 -1
13845 7 1
13861 1 1
14046 0 -1
14113 3 -1
14228 1 1
14256 4 -1
14301 2 1
14422 0 -1
14574 1 -1
14629 0 -1
14731 6 1
14766 2 -1
14844 3 1
14919 5 1
15011 0 1
15038 4 1
15106 1 -1
15220 2 -1
15263 7 1
15371 3 1
15372 0 1
15408 12 1
15457 1 1
15658 0 -1
15771 4 1
15801 5 1
15898 2 -1
15941 0 1
15978 9 1
16011 8 -1
16045 1 -1
16183 17 -1
16225 14 1
16242 3 1
16282 0 -1
16328 2 1
16494 6 -1
16578 1 1
16586 7 -1
16650 10 1
16704 3 -1
16725 5 1
16739 0 1
16932 4 -1
16944 1 1
17034 2 1
17110 0 1
17171 3 1
17315 1 -1
17346 0 1
17558 11 -1
17686 1 -1
17714 5 -1
17736 2 1
17754 0 -1
17773 9 -1
17959 3 1
17999 6 -1
18007 0 -1
18010 8 1
18028 4 -1
18117 7 1
18195 2 1
18250 1 1
18257 0 -1
18364 3 -1
18730 4 1
18758 1 -1
18762 15 -1
18800 0 1
18902 2 1
18966 3 -1
18977 6 -1
19085 5 1
19152 0 1
19165 1 1
19372 0 1
19450 31 -1
19574 3 -1
19611 2 1
19644 12 -1
19705 0 1
19742 1 -1
19798 4 -1
19966 3 -1
20012 0 1
20057 6 1
20087 2 -1
20213 7 1
20299 0 -1
20310 13 1
20346 1 -1
20377 3 1
20407 10 -1
20487 5 1
20723 1 -1
20783 3 -1
20786 4 1
20786 2 1
20831 6 1
20896 0 1
20976 9 1
21062 8 -1
21232 0 1
21290 1 1
21441 0 -1
21476 5 -1
21479 4 -1
21506 2 1
21578 3 -1
21686 11 -1
21844 1 -1
21939 0 1
21960 2 1
22192 1 1
22206 0 1
22266 3 -1
22342 7 -1
22409 2 1
22530 0 1
22608 4 -1
22621 6 -1
22726 3 1
22737 1 1
22847 2 -1
22847 9 -1
22890 5 1
23075 1 -1
23145 0 1
23309 10 -1
23320 12 -1
23438 1 -1
23454 3 1
23505 0 1
23556 2 -1
23621 14 1
23720 4 1
23744 0 1
23793 5 1
23879 8 1
23916 3 -1
23998 1 1
24018 7 -1
24138 0 1
24276 2 -1
24357 1 1
24362 6 -1
24384 3 1
24403 0 1
24450 4 1
24685 5 1
24712 0 1
24733 2 -1
24931 1 -1
25072 3 1
25300 0 -1
25410 2 1
25472 1 -1
25510 4 1
25518 3 1
25628 0 -1
25642 9 1
25781 8 -1
25828 1 1
25848 0 1
25862 2 1
25899 6 -1
26074 7 -1
26104 5 1
26175 1 -1
26206 3 1
26211 4 -1
26321 0 -1
26340 10 1
26365 2 -1
26566 1 1
26647 0 1
26921 3 -1
26958 0 1
26989 4 1
27060 2 1
27082 5 -1
27122 1 1
27345 0 1
27420 3 1
27469 7 1
27536 2 -1
27609 6 -1
27626 0 -1
27689 1 -1
27705 11 1
27883 3 -1
28017 4 -1
28053 1 1
28057 0 -1
28227 2 1
28350 3 1
28382 5 -1
28436 12 -1
28608 0 1
28614 1 1
28630 8 -1
28673 6 1
28751 4 -1
28807 7 -1
28966 2 -1
28968 0 -1
29009 1 1
29135 3 -1
29167 9 -1
29191 0 -1
29384 1 -1
29428 2 -1
29672 6 1
29688 0 1
29843 4 1
29887 2 -1
29903 3 1
29909 5 1
29932 1 -1
30272 0 -1
30312 3 -1
30331 1 1
30344 2 -1
30371 16 1
30387 10 1
30847 0 -1
30855 7 -1
30855 1 -1
30887 4 -1
30914 5 1
30925 3 -1
31072 2 -1
31115 0 -1
31274 17 -1
31317 6 -1
31338 9 1
31383 1 -1
31476 0 -1
31510 8 -1
31535 3 -1
31580 4 -1
31731 2 -1
31744 1 -1
31833 12 1
31897 5 1
31951 3 1
32040 0 1
32080 13 -1
32177 15 1
32209 2 1
32257 7 -1
32262 1 1
32290 4 -1
32574 3 1
32577 0 1
32714 6 -1
32846 1 1
32865 5 -1
32919 10 -1
32921 2 1
32962 0 1
33003 4 1
33037 18 -1
33176 3 1
33195 1 -1
33287 0 -1
33362 2 1
33402 8 1
33511 0 1
33569 3 1
33741 0 -1
33755 1 -1
33838 2 1
34112 4 -1
34144 0 1
34219 5 1
34284 6 1
34289 1 1
34370 7 1
34370 9 1
34439 3 1
34539 0 1
34542 2 1
34656 1 -1
34813 0 1
35017 2 -1
35025 3 1
35047 1 1
35177 0 1
35228 4 1
35337 8 -1
35396 0 -1
35401 11 1
35418 1 1
35552 3 1
35579 5 -1
35603 0 1
35708 2 1
35724 6 -1
35966 4 1
35990 1 -1
36181 0 1
36221 3 1
36396 2 -1
36516 1 -1
36541 5 1
36562 0 1
36627 3 -1
36635 7 1
36638 6 1
36807 0 1
36861 1 1
36869 2 1
37006 4 -1
37130 0 1
37164 8 -1
37288 10 -1
37331 2 1
37369 0 1
37385 3 1
37413 1 -1
37508 9 1
37667 4 1
37667 0 -1
37780 1 1
37809 12 -1
37809 2 -1
37944 5 -1
38003 6 1
38078 7 1
38122 1 -1
38164 3 1
38207 0 1
38404 4 1
38519 2 -1
38610 3 1
38671 1 1
38798 0 1
38954 5 -1
39025 1 -1
39158 0 -1
39174 6 -1
39196 3 1
39220 2 -1
39400 14 -1
39436 4 -1
39475 0 1
39582 1 1
39715 2 1
39725 0 -1
39819 3 1
39819 5 1
39895 9 1
39973 0 1
40077 7 -1
40099 8 1
40136 1 -1
40150 4 1
40319 0 -1
40373 2 1
40464 1 -1
40491 3 -1
40718 0 1
40776 6 -1
40851 2 -1
40855 1 1
40862 11 -1
40994 0 -1
41174 4 -1
41232 1 1
41233 5 1
41303 10 1
41308 3 1
41313 2 -1
41507 0 1
41700 9 -1
41761 0 1
41780 1 1
41824 3 1
41993 2 1
41996 0 1
42173 7 1
42200 5 -1
42222 4 -1
42281 6 -1
42319 1 1
42469 2 -1
42515 0 -1
42582 3 1
42661 1 -1
42840 8 -1
42863 0 1
42988 4 1
43028 3 1
43076 0 -1
43162 2 1
43246 1 1
43455 0 -1
43490 3 -1
43528 6 -1
43625 1 1
43641 5 -1
43641 7 -1
43724 0 1
43807 9 1
43856 2 1
43990 0 -1
43991 1 1
44044 13 -1
44048 4 1
44237 3 1
44253 10 -1
44337 2 -1
44513 1 -1
44560 0 -1
44667 8 -1
44688 11 1
44694 3 -1
44802 2 -1
44850 6 1
44866 1 1
45081 5 -1
45092 0 1
45188 4 1
45274 2 1
45382 3 -1
45422 1 1
45584 0 -1
45672 7 -1
45817 4 1
45936 12 1
45948 1 -1
45963 2 -1
46000 5 -1
46021 6 -1
46102 0 1
46129 3 -1
46317 1 1
46532 3 1
46640 0 -1
46672 2 -1
46704 1 1
46885 4 -1
46914 6 1
46957 3 -1
46957 5 1
46967 0 1
47091 1 -1
47118 2 -1
47161 9 1
47282 0 1
47354 3 -1
47548 8 -1
47639 1 -1
47704 7 -1
47725 0 1
47827 2 -1
47892 5 1
47950 4 1
47956 3 -1
48064 0 -1
48216 1 1
48341 0 1
48531 2 -1
48615 1 -1
48644 11 -1
48714 0 -1
48725 3 -1
48728 4 -1
48730 6 1
48816 10 -1
48972 0 1
48999 2 -1
49171 1 -1
49192 3 1
49203 7 -1
49311 5 1
49364 0 -1
49417 4 1
49493 1 -1
49547 15 1
49601 8 -1
49714 2 -1
49872 1 -1
49894 0 -1
50063 3 1
50114 4 -1
50211 0 -1
50380 7 1
50415 2 -1
50421 1 1
50429 0 -1
50482 6 -1
50493 12 1
50665 9 1
50670 5 -1
50751 3 1
50803 1 1
50853 2 1
50946 0 1
51158 4 -1
51295 1 1
51310 8 1
51450 3 1
51450 6 -1
51463 0 1
51557 2 1
51665 5 1
51819 1 1
51993 2 -1
51998 0 -1
52017 7 1
52100 3 -1
52138 4 1
52158 1 -1
52288 0 1
52449 2 -1
52471 11 1
52493 9 -1
52508 3 1
52527 1 1
52632 0 -1
52871 4 1
52891 1 1
53030 6 1
53035 0 1
53116 3 1
53127 5 1
53148 2 -1
53328 0 -1
53363 10 -1
53391 1 -1
53573 2 1
53707 3 -1
53755 0 1
53903 4 1
53956 1 1
54029 5 1
54030 8 -1
54040 6 1
54105 16 1
54137 7 -1
54207 3 -1
54258 2 -1
54261 0 -1
54310 1 -1
54596 4 -1
54601 0 1
54621 12 -1
54674 3 1
54857 6 -1
54881 1 -1
54881 0 1
54922 5 -1
54965 2 -1
55051 14 -1
55120 3 1
55201 13 1
55241 4 1
55319 0 1
55435 1 -1
55440 2 1
55675 0 1
55749 8 1
55782 1 1
55905 2 1
55919 0 1
56013 3 -1
56136 10 -1
56233 7 -1
56249 4 -1
56255 9 -1
56276 6 -1
56289 1 -1
56306 0 1
56341 5 -1
56357 2 1
56550 0 -1
56792 0 -1
56842 1 1
57051 4 1
57066 2 1
57082 3 1
57153 0 1
57157 6 1
57168 1 1
57249 5 -1
57402 0 1
57593 3 -1
57636 7 -1
57724 1 1
57773 2 1
57777 0 1
58087 1 -1
58125 0 -1
58127 4 1
58146 9 -1
58211 2 -1
58281 3 -1
58337 0 1
58361 11 -1
58442 1 1
58501 8 1
58651 5 1
58668 0 1
58727 6 -1
58797 3 -1
58920 2 -1
58926 0 1
59006 1 -1
59192 4 1
59253 0 1
59334 3 -1
59377 1 1
59407 2 1
59608 0 -1
59829 7 -1
59866 2 1
59885 4 -1
59888 0 1
59925 1 1
60097 3 -1
60113 5 1
60296 6 1
60296 13 -1
60302 0 1
60492 1 -1
60554 2 -1
60576 3 -1
60578 4 1
60602 0 1
60640 9 -1
60715 10 1
60824 1 -1
60879 0 -1
61030 2 1
61091 5 -1
61177 3 -1
61181 1 -1
61288 4 1
61328 7 1
61371 6 1
61436 8 -1
61492 0 1
61558 1 -1
61720 2 -1
61812 3 1
61831 0 -1
62046 0 1
62096 1 -1
62201 3 1
62392 4 1
62408 0 -1
62451 2 -1
62537 5 -1
62652 1 -1
62699 7 1
62747 6 1
62779 0 1
62844 3 -1
62914 2 -1
62997 0 1
63013 1 1
63263 12 1
63284 8 -1
63285 9 -1
63392 0 -1
63446 3 -1
63561 1 1
63569 4 1
63612 2 -1
63720 6 1
63776 0 1
63849 5 -1
63859 3 1
63910 1 -1
64048 0 1
64080 11 -1
64254 1 1
64279 4 1
64305 2 1
64432 0 1
64456 3 -1
64655 0 -1
64735 5 1
64781 2 -1
64827 1 -1
64854 31 1
64859 7 -1
64894 0 -1
65058 3 -1
65069 9 1
65112 8 -1
65149 10 -1
65178 1 1
65343 4 1
65391 13 1
65461 3 1
65480 0 1
65488 2 1
65735 6 -1
65758 1 1
65851 0 1
65869 3 -1
66063 5 -1
66076 4 1
66076 0 -1
66192 2 1
66229 15 1
66262 3 -1
66296 1 1
66334 7 -1
66455 0 -1
66654 2 1
66665 1 -1
66692 0 -1
66770 4 -1
66896 3 1
66915 0 1
67032 1 -1
67068 8 1
67157 2 1
67383 1 1
67412 5 -1
67536 0 1
67557 2 1
67659 6 1
67681 3 -1
67777 4 1
67874 10 -1
67939 1 1
68108 0 -1
68143 11 -1
68148 3 -1
68218 9 -1
68285 2 -1
68326 7 1
68401 5 1
68467 1 -1
68507 4 1
68618 0 -1
68712 6 -1
68750 3 -1
68831 0 1
68837 1 -1
68992 2 -1
69129 0 -1
69142 3 -1
69392 1 -1
69400 5 -1
69449 2 -1
69476 0 1
69545 3 1
69555 4 1
69712 1 -1
69849 0 -1
69949 8 1
70013 14 1
70110 6 -1
70111 1 1
70115 2 1
70147 3 1
70263 0 -1
70303 5 -1
70422 16 -1
70556 3 -1
70603 4 -1
70610 2 -1
70639 1 1
70663 7 -1
70825 10 1
70852 0 1
71002 6 1
71002 1 -1
71077 2 -1
71115 0 1
71158 3 -1
71268 4 1
71384 0 1
71539 9 -1
71566 1 1
71717 5 1
71781 3 -1
71787 2 -1
71978 0 -1
72026 4 1
72055 6 1
72066 7 1
72102 1 -1
72174 3 -1
72244 2 -1
72249 12 1
72319 0 -1
72489 1 -1
72569 0 1
72614 3 -1
72711 4 -1
72829 8 1
72866 1 -1
72939 2 -1
73004 0 -1
73023 3 1
73114 5 1
73279 1 -1
73304 0 1
73453 7 1
73469 10 -1
73496 9 -1
73566 0 1
73625 3 1
73652 2 -1
73715 4 1
73759 6 1
73852 1 1
74087 5 -1
74108 2 -1
74168 0 -1
74227 3 1
74270 11 1
74408 1 1
74587 2 1
74614 6 -1
74616 3 1
74662 0 1
74771 1 1
74783 7 -1
74811 4 -1
74839 8 1
75044 2 1
75189 0 1
75226 3 1
75323 1 1
75323 9 -1
75463 5 1
75476 0 -1
75635 3 -1
75649 4 -1
75686 1 -1
75753 0 1
75753 2 1
76037 1 1
76043 3 1
76075 6 -1
76304 0 -1
76323 5 -1
76436 2 -1
76613 1 -1
76667 0 1
76669 4 1
76828 3 1
76879 0 -1
76903 2 -1
76984 7 -1
76986 1 -1
77218 0 1
77274 3 1
77312 5 1
77322 14 1
77387 8 -1
77411 4 1
77451 10 1
77520 1 -1
77523 0 1
77602 2 -1
77623 6 1
77774 13 -1
77790 0 1
77924 9 -1
78048 3 -1
78084 1 1
78096 11 -1
78213 4 -1
78309 0 1
78311 2 -1
78467 1 -1
78472 6 -1
78655 3 -1
78687 5 -1
78728 0 1
78806 2 1
78911 7 1
79015 1 1
79026 0 1
79064 3 1
79249 4 -1
79429 8 -1
79432 0 -1
79475 3 1
79499 2 -1
79535 1 -1
79623 6 1
79633 5 1
79784 0 1
79881 3 -1
79890 1 1
79950 4 1
80122 0 1
80168 7 1
80241 2 1
80430 1 1
80440 12 1
80504 6 1
80504 9 -1
80558 3 1
80614 0 1
80698 2 1
80934 4 -1
80978 0 1
80982 1 1
81138 5 -1
81160 3 1
81192 0 -1
81364 8 1
81365 1 1
81399 2 -1
81549 3 1
81595 0 1
81644 10 -1
81716 1 1
81815 0 -1
81853 2 -1
81877 4 -1
81912 6 1
81966 11 1
82057 0 -1
82097 1 -1
82154 3 1
82208 7 1
82321 2 -1
82562 3 -1
82584 0 1
82599 4 -1
82611 5 1
82647 1 -1
82933 0 1
83043 2 -1
83148 3 -1
83191 1 -1
83202 0 -1
83256 15 -1
83328 4 1
83476 6 1
83503 2 -1
83524 0 -1
83556 1 -1
83557 5 1
83750 3 -1
83758 0 -1
83984 0 1
84078 1 1
84110 4 1
84153 3 1
84159 7 -1
84191 8 1
84204 2 -1
84212 9 -1
84255 10 1
84429 1 -1
84524 5 -1
84535 0 1
84546 6 -1
84546 14 1
84750 3 -1
84761 12 -1
84791 1 1
84873 2 -1
85021 4 1
85036 0 1
85330 2 -1
85348 1 1
85371 0 1
85373 3 1
85448 5 -1
85545 7 -1
85642 0 -1
85719 1 1
85766 3 1
85806 2 1
85917 0 1
85943 8 -1
86018 9 1
86174 3 -1
86174 4 1
86185 6 -1
86235 1 -1
86236 0 -1
86282 2 -1
86617 0 -1
86679 3 1
86781 1 1
86894 5 -1
86936 4 1
86970 2 1
87123 1 -1
87158 6 -1
87174 0 1
87383 11 -1
87426 3 1
87514 1 -1
87676 2 1
87722 7 1
87754 0 -1
87856 12 -1
87863 1 1
88004 4 -1
88028 0 1
88082 3 1
88138 2 1
88157 6 -1
88276 5 1
88302 0 1
88431 1 -1
88432 10 -1
88472 3 1
88705 0 1
88738 13 1
88802 8 -1
88840 2 1
88957 1 -1
88969 0 1
89020 4 -1
89028 9 -1
89076 3 1
89237 5 1
89322 1 1
89334 2 -1
89404 0 -1
89544 6 1
89697 3 1
89770 17 1
89778 4 -1
89815 2 -1
89834 1 1
89947 7 1
90001 0 -1
90103 3 -1
90201 1 1
90310 0 -1
90318 6 1
90522 2 -1
90576 1 -1
90586 5 -1
90640 0 1
90726 3 -1
90834 4 -1
90979 2 -1
91136 1 1
91178 9 1
91188 0 -1
91210 11 1
91285 10 -1
91495 7 1
91507 1 1
91511 3 1
91586 0 1
91608 8 -1
91718 2 1
91837 4 -1
91909 5 -1
91909 0 1
91957 3 1
91984 6 1
92071 1 1
92220 0 -1
92395 2 -1
92486 0 -1
92551 4 1
92619 1 1
92656 3 1
92766 0 1
92876 5 1
92881 2 1
93020 1 -1
93112 3 -1
93344 0 1
93349 2 1
93369 1 1
93454 7 -1
93521 3 1
93615 4 1
93661 8 -1
93671 0 -1
93720 10 -1
93744 1 1
93757 6 -1
93784 2 -1
93790 9 -1
93913 0 -1
94198 3 -1
94260 4 -1
94276 1 -1
94290 0 -1
94295 5 1
94440 2 -1
94569 0 1
94607 3 1
94782 1 1
94789 6 1
94803 0 -1
94913 7 -1
95014 4 -1
95114 2 1
95151 1 -1
95311 3 1
95467 0 -1
95488 8 -1
95574 5 -1
95577 2 1
95735 1 1
95789 6 1
95851 0 1
96017 4 1
96117 3 -1
96130 1 1
96152 0 -1
96222 2 1
96259 7 1
96466 5 1
96509 0 -1
96541 1 -1
96686 3 1
96719 2 -1
96735 4 1
96842 6 1
96972 9 -1
97057 11 1
97100 15 -1
97106 1 1
97111 0 1
97149 3 -1
97197 2 1
97412 8 1
97454 1 -1
97487 12 -1
97628 0 -1
97665 3 -1
97783 10 1
97847 4 1
97901 2 1
97917 5 -1
97995 1 -1
98091 0 1
98358 2 1
98363 7 -1
98439 0 1
98535 3 -1
98557 1 1
98702 6 -1
98734 9 1
98756 0 1
98809 5 1
98863 13 1
98924 1 -1
98960 4 1
99043 0 -1
99070 2 1
99247 0 -1
99284 1 -1
99315 3 1
99649 1 -1
99685 4 -1
99686 0 -1
99704 3 1
99723 5 1
99777 2 1
99831 16 -1
99895 7 1
100222 1 1
100234 2 1
100293 8 1
100306 3 1
100330 0 1
100435 4 -1
100443 10 -1
100475 6 1
100696 2 1
100712 3 -1
100770 1 1
100897 0 -1
101104 4 1
101110 0 1
101120 5 -1
101131 3 -1
101133 1 -1
101163 2 1
101341 0 -1
101400 14 -1
101690 6 -1
101703 1 -1
101868 2 1
101878 3 -1
101932 0 1
101991 7 -1
102034 5 -1
102112 4 1
102293 1 1
102316 0 1
102475 3 -1
102496 9 1
102555 0 1
102577 2 1
102630 1 -1
102905 11 -1
103010 0 -1
103069 2 -1
103202 1 1
103216 4 -1
103217 8 1
103235 0 1
103292 6 1
103378 3 1
103442 5 1
103518 0 -1
103710 1 -1
103781 2 1
103829 13 -1
103898 4 1
104051 1 -1
104119 7 -1
104130 6 1
104176 0 1
104232 2 1
104243 3 1
104523 0 1
104583 1 -1
104695 2 1
104748 3 1
104751 0 1
104861 5 1
104982 4 -1
104986 1 1
105033 8 1
105055 10 1
105141 0 1
105259 6 1
105357 1 -1
105382 3 -1
105409 2 1
105463 0 1
105495 9 1
105522 7 -1
105716 4 -1
105755 0 1
105769 5 1
105882 2 -1
105913 1 -1
105984 3 -1
106296 1 1
106328 0 -1
106377 3 -1
106463 6 1
106473 12 1
106481 4 -1
106584 2 -1
106672 5 1
106774 11 1
106856 1 -1
106922 0 1
106925 7 -1
106979 3 -1
107269 0 -1
107293 2 -1
107376 1 1
107480 0 1
107562 4 1
107581 3 -1
107677 5 -1
107722 0 1
107731 6 1
107755 1 1
107758 2 -1
107871 9 1
107914 8 1
107946 0 -1
107984 3 1
108126 1 1
108255 4 -1
108271 0 1
108352 7 -1
108392 3 -1
108462 2 -1
108473 1 -1
108631 0 1
108784 3 -1
108852 0 -1
109005 10 1
109032 6 -1
109042 5 1
109063 1 -1
109139 2 1
109200 0 1
109319 4 -1
109419 3 1
109429 0 1
109596 2 1
109626 1 1
109658 0 -1
109827 13 1
109827 8 -1
110000 1 1
110007 0 1
110176 3 -1
110230 0 1
110324 2 -1
110351 4 -1
110383 7 -1
110450 5 1
110577 0 -1
110590 6 -1
110593 1 -1
110644 11 -1
110746 3 1
110902 9 -1
110907 0 1
110948 1 1
111012 2 1
111109 4 -1
111128 0 -1
111318 1 -1
111360 0 1
111434 3 1
111439 5 -1
111461 15 1
111482 6 -1
111488 2 -1
111574 0 -1
111883 4 1
111891 1 1
111891 10 -1
111912 8 -1
111928 0 -1
111955 2 -1
112020 3 1
112275 0 1
112282 1 1
112450 2 1
112455 7 -1
112466 3 1
112512 0 1
112604 4 1
112834 0 1
112838 1 1
112847 5 -1
112987 6 -1
113143 2 -1
113189 0 -1
113224 3 1
113396 12 -1
113431 1 1
113439 0 1
113584 4 1
113772 5 -1
113773 1 -1
113847 2 -1
113906 0 1
113912 3 1
114003 7 1
114261 0 -1
114295 1 1
114299 9 1
114323 2 1
114471 11 1
114535 6 1
114557 0 1
114567 10 -1
114643 8 1
114718 5 -1
114777 4 -1
114821 1 -1
114874 3 1
115014 0 -1
115014 2 -1
115196 1 1
115250 0 1
115473 0 -1
115486 2 1
115519 4 -1
115535 6 1
115642 3 1
115752 1 1
115906 7 1
115954 2 1
116072 0 -1
116126 5 -1
116244 3 1
116305 1 -1
116535 17 -1
116577 8 -1
116642 0 -1
116653 2 1
116690 3 1
116696 4 -1
116712 1 1
116825 6 1
116889 9 1
117023 5 -1
117054 1 -1
117128 2 -1
117150 3 -1
117233 0 1
117325 10 -1
117441 4 -1
117449 1 -1
117453 7 -1
117494 0 1
117523 14 1
117566 12 1
117784 0 -1
117806 2 -1
117840 3 -1
118014 1 1
118195 4 -1
118278 0 1
118346 6 -1
118394 5 1
118504 2 -1
118526 3 -1
118558 1 1
118653 0 1
118911 1 -1
118921 2 -1
118929 7 -1
118976 0 -1
118996 3 1
119296 4 1
119343 0 1
119359 2 -1
119465 1 -1
119480 6 1
119566 8 1
119568 0 -1
119684 3 1
119767 0 -1
119797 2 1
119834 5 1
119864 1 1
119953 4 1
120251 1 1
120372 3 1
120375 0 -1
120388 6 1
120504 2 1
120511 11 -1
120710 0 -1
120791 1 1
120802 5 -1
120818 3 1
120899 9 1
120939 0 -1
120952 7 -1
121017 4 -1
121148 2 1
121162 1 -1
121350 0 1
121490 6 1
121554 3 -1
121581 10 -1
121640 2 -1
121694 13 1
121698 1 -1
121847 0 -1
122145 16 -1
122156 3 -1
122161 4 1
122228 1 1
122242 7 -1
122253 5 -1
122317 8 -1
122334 2 1
122382 0 1
122570 3 1
122593 1 -1
122745 0 1
122844 2 1
122855 12 1
122944 1 1
122951 4 -1
123012 0 -1
123156 6 1
123258 3 -1
123274 2 -1
123330 1 1
123371 0 1
123661 4 -1
123682 5 -1
123709 0 -1
123790 3 -1
123879 1 1
123975 0 -1
123978 2 -1
124123 9 -1
124295 8 1
124349 3 1
124354 7 1
124427 1 -1
124427 2 -1
124459 4 1
124545 0 1
124596 5 -1
124773 6 1
124798 1 -1
125037 3 1
125107 2 1
125142 0 -1
125330 1 -1
125467 3 1
125537 0 -1
125547 4 -1
125757 6 -1
125758 0 1
125795 2 -1
125862 1 -1
125918 10 1
125940 5 1
125983 0 -1
126122 11 -1
126171 3 1
126225 1 1
126252 8 -1
126268 2 1
126270 0 -1
126370 7 -1
126684 4 1
126746 2 -1
126757 0 1
126789 1 -1
126902 3 -1
126918 9 -1
127144 6 1
127211 2 -1
127317 1 1
127345 0 -1
127369 3 1
127377 4 -1
127412 5 1
127728 1 -1
127815 3 1
127864 0 1
127902 7 -1
127920 2 -1
128071 0 -1
128252 1 -1
128294 6 1
128294 8 -1
128331 3 1
128385 5 -1
128396 0 1
128444 12 -1
128454 4 1
128627 2 -1
128643 1 1
128810 9 -1
128968 0 1
129014 10 1
129019 3 1
129030 1 1
129078 2 -1
129103 4 1
129154 6 -1
129336 5 -1
129483 0 1
129580 1 -1
129756 2 1
129831 3 -1
129917 4 1
129969 1 -1
129992 0 -1
130062 7 1
130221 2 1
130228 11 -1
130304 5 1
130393 0 1
130395 3 1
130566 1 -1
130648 0 1
130712 2 -1
130798 6 -1
130895 9 1
130917 8 -1
130938 15 1
130965 4 1
130995 0 1
131082 1 1
131201 3 -1
131425 2 -1
131449 1 1
131591 0 -1
131696 5 1
131707 4 1
131771 3 1
131809 6 1
131828 1 -1
131895 2 -1
132190 1 -1
132201 0 -1
132233 3 -1
132239 7 -1
132497 0 1
132604 2 1
132722 1 1
132808 0 1
132819 13 -1
132835 4 1
132873 12 -1
133066 5 -1
133088 6 -1
133109 10 1
133125 3 1
133171 0 -1
133287 1 -1
133308 2 1
133346 14 -1
133435 0 -1
133534 3 -1
133658 7 -1
133658 1 -1
133787 2 -1
133883 0 1
133964 4 1
133991 5 -1
134131 8 -1
134136 3 -1
134163 9 -1
134190 1 -1
134238 2 -1
134359 0 -1
134410 6 -1
134560 1 1
134579 0 1
134697 4 -1
134724 2 -1
134738 3 -1
134818 0 1
134935 1 -1
135130 3 -1
135168 0 -1
135313 6 1
135410 5 -1
135423 2 -1
135455 0 1
135484 1 -1
135592 10 1
135678 3 1
135770 7 1
135774 4 1
135776 0 1
135903 1 1
135990 8 -1
136114 2 1
136124 3 1
136291 0 -1
136355 11 1
136366 5 1
136427 1 1
136452 6 1
136544 2 -1
136603 0 1
136818 3 1
136842 4 -1
136874 0 1
136958 9 -1
136987 1 1
137221 2 1
137285 5 1
137338 1 -1
137398 0 -1
137457 6 1
137500 3 1
137608 4 -1
137717 1 -1
137769 7 -1
137903 2 -1
137962 3 -1
137996 0 1
138071 1 1
138355 2 -1
138532 0 -1
138636 1 -1
138710 5 1
138744 4 -1
138763 0 1
138790 3 -1
138801 10 1
138817 6 1
138828 8 -1
139011 0 -1
139059 7 1
139059 2 -1
139182 3 -1
139196 1 1
139338 0 1
139451 9 1
139567 1 1
139586 3 1
139591 0 1
139688 5 -1
139709 15 1
139768 2 1
139837 4 1
139978 0 1
140099 1 1
140187 3 1
140236 2 1
140300 6 -1
140335 0 1
140376 11 1
140478 1 1
140550 4 -1
140558 7 1
140561 0 -1
140612 3 -1
140698 12 1
140698 18 -1
140803 0 -1
140828 1 -1
140948 2 1
141034 0 1
141139 5 -1
141192 6 1
141300 4 -1
141352 1 1
141354 3 1
141402 2 1
141410 0 1
141601 14 -1
141698 8 -1
141719 1 1
141741 0 -1
141883 2 -1
141964 0 1
141993 4 1
142026 7 1
142042 3 1
142267 1 -1
142310 0 -1
142488 3 1
142531 5 -1
142568 0 1
142574 2 1
142654 17 -1
142751 10 1
142828 1 1
142930 0 1
142936 4 1
142950 3 -1
142955 9 -1
143047 2 -1
143052 6 -1
143170 13 -1
143195 1 1
143396 5 1
143417 3 1
143501 0 1
143573 1 1
143643 8 1
143762 2 -1
143815 11 -1
143936 1 1
144022 0 1
144025 4 -1
144089 7 1
144234 3 1
144245 6 1
144380 5 -1
144420 0 1
144439 2 1
144480 1 1
144646 0 -1
144803 4 -1
144861 0 1
144863 2 -1
144922 3 1
144976 16 1
145041 9 1
145049 1 -1
145084 0 -1
145223 6 1
145342 2 1
145347 5 1
145368 3 1
145407 1 -1
145438 0 -1
145444 10 -1
145817 2 -1
145927 4 1
145988 1 1
146005 0 1
146051 3 1
146105 7 -1
146341 8 -1
146343 1 -1
146375 0 1
146486 3 1
146497 2 1
146599 6 1
146641 4 1
146688 0 -1
146693 1 1
146744 5 1
146948 3 -1
147107 0 1
147204 2 1
147241 1 1
147334 4 -1
147405 9 1
147443 7 1
147491 15 1
147556 6 1
147590 1 -1
147636 3 -1
147645 0 -1
147674 2 1
147964 0 -1
148101 3 1
148147 5 -1
148161 1 -1
148252 0 -1
148365 2 -1
148410 4 1
148647 0 -1
148681 1 -1
148789 3 1
148824 2 -1
148875 0 -1
149071 5 -1
149084 1 -1
149144 0 -1
149147 8 1
149168 4 1
149200 13 1
149211 14 1
149233 6 1
149268 2 -1
149442 10 -1
149496 3 -1
149604 7 -1
149636 1 -1
149725 0 1
149937 2 1
150001 3 1
150152 4 -1
150188 1 -1
150343 0 -1
150383 5 -1
150431 2 -1
150555 1 1
150630 9 -1
150689 3 1
150902 0 1
150942 6 1
151079 7 1
151095 1 1
151135 2 -1
151186 0 1
151211 8 1
151232 12 -1
151297 4 -1
151302 5 -1
151377 3 1
151460 0 1
151671 1 1
151791 11 1
151810 0 1
151823 2 1
151893 3 1
151998 1 1
152030 0 1
152038 4 -1
152124 6 1
152264 5 1
152264 9 -1
152296 7 1
152296 2 -1
152361 1 1
152380 0 -1
152651 3 1
152711 1 -1
152748 2 -1
152832 4 1
152879 0 1
153016 6 -1
153191 2 -1
153221 0 1
153243 1 1
153441 3 1
153449 0 1
153489 10 1
153542 4 1
153683 5 1
153785 0 -1
153792 1 1
153919 2 1
153957 3 1
154051 0 -1
154091 8 1
154102 6 -1
154158 1 -1
154473 3 1
154473 7 -1
154510 0 1
154570 4 -1
154631 2 1
154634 5 -1
154699 1 -1
154930 9 1
154935 3 -1
155048 2 -1
155086 1 -1
155150 0 -1
155257 6 1
155394 1 -1
155459 0 -1
155642 4 -1
155661 31 1
155679 0 1
155714 3 1
155771 2 -1
155790 12 -1
155876 13 1
155952 1 1
156013 7 -1
156037 8 -1
156042 5 1
156225 0 -1
156241 2 -1
156327 10 1
156331 1 1
156464 4 -1
156499 3 1
156633 0 1
156717 2 1
156800 6 1
156851 0 1
156867 1 1
157010 3 1
157165 11 -1
157339 0 -1
157364 5 1
157411 1 1
157448 2 1
157552 4 1
157617 0 1
157786 1 1
157833 0 1
157875 3 1
157902 2 1
157918 9 1
157961 8 1
158052 7 -1
158079 6 -1
158121 1 -1
158246 0 1
158262 4 -1
158262 5 1
158332 3 -1
158471 1 -1
158506 0 -1
158590 2 -1
158848 3 -1
158856 0 1
158995 4 1
159044 1 1
159184 0 -1
159261 5 -1
159318 2 1
159409 0 1
159536 3 -1
159552 10 1
159604 1 1
159632 0 -1
159659 9 -1
159702 12 1
159783 2 1
159874 0 -1
159971 1 1
160035 6 -1
160043 4 1
160051 3 -1
160100 5 1
160250 2 1
160293 7 -1
160318 0 -1
160545 1 -1
160713 2 1
160785 4 1
160788 8 1
160793 3 1
160871 0 -1
160918 1 1
161035 11 1
161121 6 -1
161219 0 1
161297 1 1
161401 2 -1
161422 0 -1
161427 3 1
161497 5 -1
161503 7 -1
161672 0 -1
161809 4 1
161836 3 -1
161839 1 -1
161896 0 1
161959 9 -1
162102 2 -1
162153 6 -1
162216 1 -1
162228 3 -1
162255 0 1
162325 16 1
162341 10 1
162567 2 -1
162626 8 1
162639 3 1
162643 0 1
162788 1 1
162841 5 1
162857 0 -1
162873 4 -1
162938 7 -1
163244 2 1
163295 0 1
163312 1 1
163368 3 1
163603 4 -1
163695 1 1
163714 2 -1
163765 9 -1
163771 5 1
163803 0 1
163916 6 1
163980 3 1
164038 1 -1
164174 2 -1
164211 0 -1
164292 7 1
164332 4 -1
164415 1 -1
164432 0 1
164480 3 -1
164604 15 1
164690 14 1
164889 2 -1
164910 0 -1
164971 1 -1
165044 6 -1
165066 4 -1
165168 3 -1
165246 0 1
165302 5 -1
165313 2 1
165335 8 -1
165485 12 -1
165513 1 -1
165574 0 1
165727 3 1
165829 0 1
165900 1 1
165990 2 -1
166144 0 1
166170 4 1
166254 3 1
166270 5 1
166420 7 1
166428 1 -1
166538 6 -1
166592 0 1
166710 11 1
166711 2 -1
166791 1 1
166904 13 1
166926 9 1
166969 17 1
167098 10 -1
167130 5 -1
167130 1 -1
167132 0 -1
167162 3 1
167167 2 -1
167251 4 -1
167495 0 -1
167552 3 1
167672 1 -1
167707 0 1
167877 2 -1
167968 6 -1
167984 4 -1
167996 0 1
168025 1 1
168043 18 -1
168156 3 1
168172 8 -1
168312 0 1
168538 5 -1
168557 1 1
168581 2 -1
168710 7 1
168712 0 -1
168769 3 1
168844 6 1
169056 2 1
169069 1 -1
169121 4 -1
169247 3 -1
169325 0 1
169427 1 1
169516 5 1
169718 0 -1
169763 2 -1
169768 3 -1
169814 4 1
169814 1 1
169924 6 -1
169978 12 -1
169978 9 -1
170002 0 -1
170129 7 1
170129 8 1
170197 1 -1
170236 3 1
170284 0 1
170443 2 1
170507 4 1
170542 0 1
170697 1 1
170827 6 1
170892 5 -1
170919 2 -1
170946 0 -1
170972 3 -1
171161 10 1
171257 1 -1
171324 0 -1
171376 2 -1
171572 0 -1
171604 1 1
171644 4 -1
171784 3 1
171819 2 -1
172029 0 -1
172042 8 -1
172053 9 1
172144 1 1
172268 0 1
172278 5 1
172289 7 -1
172329 4 1
172397 3 1
172477 6 1
172542 2 1
172574 0 -1
172702 1 -1
173047 1 1
173085 0 -1
173149 3 1
173214 2 1
173219 5 -1
173458 4 -1
173541 3 1
173573 1 1
173660 2 1
173684 7 1
173700 0 1
173805 8 1
173934 11 1
173961 3 -1
173966 10 1
173982 6 1
174127 1 1
174176 5 1
174224 0 1
174385 2 1
174450 1 1
174469 0 -1
174482 4 -1
174563 3 -1
174748 0 1
174858 2 1
174869 6 1
174992 3 1
175018 1 -1
175062 7 -1
175105 5 1
175207 4 -1
175324 1 1
175363 2 -1
175382 0 -1
175611 9 1
175699 1 1
175748 0 -1
175877 4 1
175955 3 1
176003 0 -1
176094 2 -1
176268 1 -1
176409 0 -1
176540 2 -1
176578 8 -1
176610 4 1
176610 6 1
176622 1 1
176632 5 -1
176675 0 1
176685 12 -1
176745 3 1
176946 0 1
176981 7 1
177187 1 -1
177239 2 1
177266 3 -1
177524 0 1
177626 4 -1
177642 10 1
177723 3 1
177755 1 1
177761 9 -1
177863 0 1
177868 13 -1
177895 2 -1
177916 5 -1
178131 0 -1
178170 1 -1
178193 3 -1
178346 2 -1
178416 6 -1
178464 7 -1
178473 0 1
178521 1 1
178694 4 1
178712 0 1
178781 5 1
178857 2 1
178873 3 1
178900 1 1
178940 0 -1
179233 8 -1
179340 2 1
179383 4 -1
179394 11 -1
179450 1 1
179480 0 -1
179486 3 1
179695 9 -1
179760 6 1
179867 0 1
179932 14 1
179980 2 1
179996 3 1
180020 1 -1
180050 5 -1
180125 0 1
180351 4 -1
180383 1 -1
180493 0 -1
180577 22 1
180577 7 1
180577 10 1
180657 2 -1
180872 3 1
180988 1 -1
181009 0 -1
181114 21 1
181120 2 -1
181222 8 1
181322 1 1
181350 19 -1
181436 5 1
181447 4 -1
181493 0 -1
181649 1 -1
181721 3 1
181727 6 -1
181840 2 1
181872 0 1
181995 20 -1
182106 0 -1
182189 1 -1
182225 4 1
182302 3 1
182329 9 1
182361 5 1
182491 0 -1
182564 1 -1
182576 2 1
182697 7 -1
182814 0 1
182963 23 -1
183011 2 1
183105 0 1
183132 1 1
183146 3 1
183291 6 1
183301 4 1
183318 10 1
183350 17 1
183479 11 -1
183651 0 1
183658 1 1
183729 2 1
183747 5 -1
183946 7 1
183993 1 -1
184032 3 -1
184102 6 1
184188 8 -1
184204 0 1
184321 1 -1
184363 2 -1
184382 18 1
184430 4 1
184452 3 -1
184597 9 -1
184650 1 -1
184793 0 -1
184812 2 1
185080 5 1
185092 0 -1
185127 4 1
185182 1 1
185325 0 1
185371 3 -1
185389 7 1
185462 2 1
185736 6 1
185744 1 -1
185806 0 -1
185811 5 -1
185876 3 -1
185889 2 -1
185930 8 1
186015 15 1
186099 1 1
186155 4 1
186341 0 1
186376 2 -1
186416 3 1
186665 1 -1
186682 0 -1
186800 4 1
186811 6 -1
186816 7 -1
186983 0 -1
187002 1 1
187072 2 -1
187101 5 -1
187133 21 -1
187273 3 1
187348 16 -1
187370 0 -1
187409 1 1
187558 4 -1
187561 2 -1
187649 24 -1
187698 0 1
187751 10 1
187789 8 1
187821 6 1
187886 9 1
187907 5 -1
187937 1 -1
187945 3 1
188036 12 -1
188047 0 1
188232 2 -1
188243 1 -1
188380 19 1
188386 0 1
188574 4 1
188622 0 -1
188670 20 1
188703 1 -1
188802 3 -1
188810 5 -1
188875 2 1
189068 0 1
189154 22 1
189186 7 1
189235 1 1
189310 2 -1
189319 4 1
189498 6 -1
189606 25 1
189622 1 1
189651 0 1
189718 3 1
189815 2 1
189842 11 1
189928 17 -1
189962 1 1
190046 0 1
190159 5 -1
190275 1 1
190277 2 1
190299 0 1
190358 3 -1
190363 4 1
190573 18 -1
190638 9 1
190689 0 1
190734 8 -1
190775 1 1
190831 6 -1
190971 3 -1
191008 2 1
191057 5 1
191309 0 -1
191319 1 1
191323 7 1
191476 3 -1
191561 4 -1
191570 0 -1
191637 10 -1
191657 1 1
191696 2 -1
191887 0 1
192142 3 -1
192158 2 -1
192177 1 1
192185 4 -1
192250 8 1
192411 6 -1
192432 5 -1
192443 0 1
192455 1 -1
192669 7 -1
192680 12 1
192766 23 -1
192768 0 1
192782 3 -1
192793 2 1
192838 4 1
192838 1 -1
192948 9 1
193010 0 -1
193024 20 1
193223 2 -1
193239 21 1
193330 1 1
193360 3 1
193390 0 -1
193459 4 -1
193475 17 1
193627 0 1
193671 2 -1
193685 1 1
193781 5 1
193830 19 1
193862 16 -1
193884 0 1
193927 13 -1
194098 6 1
194144 3 -1
194170 1 -1
194400 2 1
194418 0 -1
194491 4 1
194571 3 -1
194668 1 1
194743 5 1
194765 7 -1
194854 2 1
194969 6 -1
194980 8 -1
195026 0 -1
195036 3 -1
195044 15 -1
195066 9 1
195066 18 -1
195075 1 1
195593 2 1
195611 1 1
195619 4 -1
195636 5 1
195711 0 1
195765 22 -1
195904 6 1
196001 3 1
196039 0 -1
196076 14 1
196119 21 -1
196120 7 1
196188 1 -1
196240 2 1
196297 10 1
196349 4 -1
196377 0 1
196534 1 1
196603 3 1
196603 5 1
196708 2 1
196872 0 1
197063 1 -1
197071 6 1
197237 9 -1
197259 2 1
197321 7 1
197372 0 -1
197377 4 1
197615 1 -1
197689 3 -1
197780 5 1
197888 2 -1
197978 1 -1
197990 19 1
197995 0 -1
198011 8 1
198090 4 1
198140 12 1
198258 2 1
198320 1 1
198390 3 1
198393 20 1
198571 0 1
198688 6 1
198699 1 -1
198828 23 1
198836 4 -1
198839 3 1
198954 0 1
198962 2 -1
198968 5 1
199086 17 -1
199223 1 1
199231 7 -1
199282 0 -1
199296 3 -1
199387 24 1
199516 8 -1
199537 16 -1
199645 0 -1
199666 22 1
199699 2 -1
199712 3 1
199757 1 1
199774 18 -1
199817 15 -1
199832 4 1
199860 31 1
199871 5 1
199951 6 1
199978 11 -1
200080 1 1
200129 2 1
200189 0 1
200419 9 -1
200451 0 1
200529 1 1
200548 3 -1
200601 20 -1
200634 4 -1
200693 2 1
200700 0 1
200763 21 -1
200763 7 -1
200855 1 1
200988 5 -1
201091 0 -1
201152 2 1
201226 1 1
201236 6 1
201322 8 1
201332 0 -1
201494 3 -1
201601 4 1
201682 10 -1
201714 0 -1
201722 1 -1
201859 5 1
201864 2 -1
202040 1 -1
202122 3 1
202305 0 1
202509 2 -1
202538 1 1
202548 0 1
202585 4 -1
202697 16 1
202735 5 1
202821 0 -1
202861 3 1
202891 18 1
202902 6 1
202955 19 1
202966 2 -1
203036 1 1
203165 0 -1
203181 7 1
203254 4 1
203305 3 1
203375 17 1
203407 8 1
203412 0 1
203423 1 1
203536 23 1
203697 2 -1
203708 21 1
203735 1 1
203775 3 -1
203843 0 1
203917 5 1
203923 20 1
204062 6 1
204084 1 1
204148 4 -1
204159 15 -1
204159 2 1
204181 25 1
204181 9 -1
204202 11 -1
204404 0 1
204592 1 -1
204632 2 -1
204659 0 1
204761 3 1
204804 5 -1
204936 0 -1
204944 6 1
204955 22 -1
204955 18 -1
205073 1 -1
205148 4 1
205156 7 1
205258 2 1
205277 3 -1
205372 1 -1
205374 10 1
205449 0 -1
205707 24 -1
205728 2 1
205825 0 -1
205890 4 1
205916 3 -1
205954 16 1
205964 1 -1
205965 21 -1
206040 0 1
206105 5 -1
206148 17 1
206212 13 -1
206309 8 1
206373 19 1
206423 0 1
206490 1 1
206500 2 -1
206575 7 1
206650 0 -1
206658 6 -1
206825 1 -1
206838 3 1
206857 4 1
206892 0 1
207255 2 -1
207257 3 1
207341 26 -1
207369 1 1
207384 14 1
207470 5 1
207472 0 1
207556 9 -1
207749 2 1
207818 0 1
207862 3 -1
207885 1 -1
207937 4 1
207975 6 -1
208066 7 1
208078 0 1
208179 2 1
208211 20 1
208211 22 1
208238 5 1
208290 1 -1
208410 3 1
208458 11 -1
208488 0 -1
208593 2 -1
208671 4 1
208741 0 -1
208796 1 1
208921 23 1
208932 18 -1
208977 0 1
209018 16 -1
209082 5 -1
209130 1 1
209179 7 -1
209195 3 1
209238 2 -1
209353 0 1
209404 6 1
209405 10 -1
209412 4 1
209451 1 1
209469 19 -1
209490 8 1
209630 0 -1
209662 28 1
209662 12 -1
209663 17 -1
209748 15 -1
209856 2 -1
209901 3 -1
209926 5 1
209987 1 1
210004 0 -1
210157 21 -1
210194 20 -1
210194 4 1
210299 2 1
210331 1 1
210357 0 -1
210385 3 1
210630 22 -1
210640 0 1
210779 1 -1
210823 18 1
210909 6 -1
210960 0 -1
211009 2 1
211124 24 -1
211213 0 -1
211215 3 -1
211266 4 1
211275 5 1
211295 1 1
211307 8 -1
211479 2 1
211565 7 1
211597 3 1
211621 0 1
211666 1 -1
211909 9 1
211914 2 -1
211973 6 1
212040 1 -1
212070 3 -1
212129 0 1
212339 4 1
212365 1 1
212452 10 1
212565 17 1
212640 2 -1
212656 5 -1
212763 0 1
212796 3 -1
212863 1 1
213035 0 -1
213048 2 -1
213050 4 1
213113 19 1
213209 21 1
213306 23 1
213322 3 -1
213334 1 1
213361 0 1
213478 5 1
213489 6 1
213616 1 1
213655 2 -1
213661 16 -1
213725 7 -1
213725 0 -1
213919 15 -1
213983 3 -1
214007 0 -1
214056 4 -1
214120 1 -1
214351 2 1
214435 18 -1
214478 0 -1
214487 1 1
214499 17 -1
214531 20 -1
214644 4 1
214693 5 1
214736 3 -1
214799 1 1
214859 2 -1
214918 19 -1
215015 8 -1
215037 9 1
215063 7 1
215082 0 1
215096 22 -1
215144 6 1
215179 3 -1
215265 1 1
215300 2 1
215338 25 -1
215418 4 1
215442 0 -1
215617 5 1
215636 1 -1
215711 0 -1
215751 2 1
216036 3 -1
216101 6 1
216101 0 1
216140 1 1
216423 2 1
216446 4 1
216574 5 -1
216668 1 1
216724 3 1
216740 0 1
216756 26 -1
216982 8 1
217026 1 -1
217063 2 -1
217079 14 1
217083 4 1
217100 9 1
217119 7 1
217128 0 1
217326 3 -1
217369 16 1
217369 0 1
217447 2 1
217487 21 1
217530 13 1
217550 1 -1
217619 0 1
217756 18 1
217804 17 1
217869 19 1
217872 0 1
217890 5 -1
217949 6 1
217965 20 1
218014 3 -1
218054 4 -1
218062 1 -1
218108 2 1
218111 22 1
218258 0 1
218304 24 1
218401 23 1
218417 1 -1
218562 2 -1
218659 5 -1
218702 3 1
218852 0 1
218863 12 -1
218941 1 1
219040 2 1
219046 10 -1
219121 8 -1
219164 15 -1
219212 0 -1
219215 4 -1
219228 11 -1
219250 3 -1
219465 18 -1
219467 1 1
219486 0 1
219508 6 -1
219691 20 -1
219717 3 1
219718 2 1
219763 0 -1
219795 1 1
219916 21 -1
219957 4 -1
220070 0 -1
220086 7 1
220110 3 -1
220110 16 1
220110 17 1
220131 5 1
220140 1 -1
220153 2 1
220491 0 -1
220513 1 1
220529 6 -1
220537 4 1
220658 19 1
220669 27 -1
220733 3 1
220755 25 -1
220838 0 1
220846 2 -1
221081 1 -1
221126 0 -1
221210 4 -1
221421 3 -1
221475 5 -1
221550 2 1
221568 0 1
221611 1 -1
221658 22 -1
221674 7 -1
221701 31 -1
221711 6 -1
221816 0 1
221920 1 1
221993 2 1
222012 3 1
222045 9 -1
222085 0 -1
222194 4 1
222345 2 1
222411 1 -1
222432 8 1
222464 20 1
222480 5 1
222493 0 1
222700 3 1
222732 6 1
222746 0 1
222765 2 -1
222802 1 1
222818 18 1
222840 21 1
223033 24 1
223165 3 -1
223181 4 -1
223187 0 1
223238 1 1
223323 5 -1
223402 2 1
223431 23 1
223536 0 -1
223684 3 -1
223762 0 1
223786 19 -1
223786 17 -1
223794 1 -1
223903 4 -1
223947 16 -1
224020 0 1
224028 2 -1
224113 5 -1
224213 7 -1
224237 26 1
224239 1 -1
224276 0 1
224280 15 -1
224350 20 -1
224409 8 1
224425 3 -1
224484 2 1
224624 21 -1
224624 0 -1
224745 1 1
224753 6 1
224874 3 1
224951 4 -1
225043 22 -1
225248 0 -1
225258 2 -1
225291 9 1
225352 1 1
225495 18 1
225532 5 -1
225664 1 1
225833 3 1
225876 2 1
225887 0 1
225930 19 1
225962 4 1
225989 1 1
226129 0 -1
226258 14 -1
226269 7 1
226331 1 1
226333 2 1
226416 0 1
226430 16 -1
226462 17 -1
226473 6 -1
226647 4 -1
226715 3 -1
226835 1 -1
226911 0 1
226956 5 -1
227075 13 1
227080 2 1
227096 8 -1
227306 3 1
227329 1 -1
227333 21 1
227397 23 1
227419 15 1
227429 20 1
227462 0 1
227655 18 1
227695 4 1
227704 1 -1
227741 6 -1
227800 3 1
227810 0 1
227849 2 -1
228042 5 -1
228058 7 1
228061 0 1
228107 10 -1
228203 22 1
228246 3 1
228248 1 -1
228273 2 -1
228344 0 -1
228451 12 -1
228584 1 1
228601 24 1
228639 17 -1
228647 4 1
228668 0 1
228784 16 -1
228868 1 -1
229009 3 1
229031 2 -1
229074 0 -1
229340 4 -1
229396 6 -1
229421 0 1
229447 1 -1
229456 2 1
229493 19 -1
229547 5 1
229703 0 -1
229735 20 -1
229740 21 -1
229771 1 -1
229783 25 -1
229794 2 1
229936 3 1
230041 11 1
230106 23 -1
230170 0 -1
230213 18 1
230235 9 1
230255 1 -1
230326 5 1
230364 6 -1
230364 17 1
230460 3 -1
230479 0 -1
230489 4 1
230493 22 -1
230493 2 -1
230493 8 1
230509 7 1
230775 1 -1
230807 0 1
230928 2 1
230944 15 -1
231076 3 -1
231117 1 1
231170 5 -1
231174 4 -1
231277 6 1
231472 1 -1
231492 2 -1
231511 0 1
231745 3 -1
231871 1 1
231915 4 -1
231952 7 1
232065 0 1
232191 12 1
232199 2 1
232290 3 1
232331 16 1
232363 19 1
232389 1 1
232449 8 1
232460 20 1
232503 5 -1
232524 17 1
232602 0 -1
232605 2 1
232707 14 -1
232739 6 1
232891 1 1
232971 4 -1
233000 2 1
233180 3 1
233180 21 1
233180 0 1
233205 1 1
233287 5 1
233475 2 1
233524 23 1
233545 18 -1
233642 6 -1
233653 22 1
233657 4 1
233723 1 -1
233766 0 -1
234002 3 -1
234064 1 1
234072 19 -1
234083 15 -1
234158 2 1
234341 0 1
234346 7 -1
234443 1 1
234599 5 1
234684 20 -1
234717 4 1
234741 0 -1
234781 21 -1
234813 3 1
234827 2 1
234878 16 1
234900 8 1
234939 1 -1
234964 18 1
234975 0 -1
235104 6 -1
235200 24 -1
235202 0 1
235246 2 -1
235249 17 1
235273 1 1
235329 25 -1
235512 0 1
235539 19 1
235663 3 1
235757 4 1
235789 1 -1
235802 9 1
235867 5 1
235878 0 -1
236023 2 1
236152 3 1
236317 1 1
236385 4 1
236426 10 1
236490 0 1
236517 2 -1
236563 7 1
236576 14 1
236651 13 1
236673 8 1
236684 3 1
236684 1 -1
236694 6 -1
236797 5 1
236834 18 -1
236943 2 1
236963 12 1
237000 1 -1
237099 0 1
237119 4 1
237356 0 1
237361 1 -1
237458 20 1
237527 3 1
237624 2 -1
237651 0 1
237780 22 1
237820 4 1
237873 1 1
237990 7 1
238011 3 -1
238011 2 -1
238034 0 1
238038 6 -1
238199 23 1
238210 31 1
238231 5 1
238393 9 -1
238401 0 1
238417 1 1
238489 16 -1
238554 17 -1
238576 15 -1
238659 2 -1
238726 28 1
238726 21 -1
238726 18 -1
238729 0 -1
238749 1 -1
238758 3 -1
239038 19 -1
239046 4 -1
239134 20 -1
239220 6 1
239220 0 1
239317 2 1
239332 1 -1
239457 5 -1
239457 0 -1
239548 3 1
239629 24 -1
239651 26 -1
239768 0 -1
239779 21 -1
239801 2 -1
239884 1 -1
240069 3 1
240070 6 -1
240085 4 -1
240102 27 -1
240102 17 1
240163 0 -1
240241 1 -1
240274 8 1
240290 2 -1
240456 5 1
240489 0 1
240618 14 -1
240722 7 -1
240741 2 -1
240747 25 -1
240783 4 1
240787 1 1
240792 3 -1
240913 0 1
240961 11 1
241220 18 -1
241252 0 1
241265 1 1
241265 3 1
241391 13 1
241459 2 -1
241539 0 -1
241563 6 -1
241658 1 1
241754 4 -1
241789 9 1
241797 0 -1
241929 5 1
241956 16 1
242036 0 1
242042 3 1
242082 2 1
242153 1 -1
242198 22 1
242326 20 1
242453 0 -1
242480 1 -1
242499 2 1
242508 4 -1
242552 19 1
242552 21 1
242730 3 1
242764 1 1
243006 0 -1
243133 4 -1
243143 6 1
243197 23 1
243219 2 -1
243256 3 1
243262 8 1
243270 1 -1
243337 5 -1
243359 17 -1
243407 7 1
243455 15 -1
243590 0 1
243633 2 1
243647 1 -1
243799 12 -1
243810 18 -1
243834 0 1
243987 20 -1
244020 2 1
244035 3 1
244100 19 -1
244100 22 -1
244127 0 -1
244148 4 1
244165 1 1
244250 6 -1
244261 16 1
244406 5 -1
244487 0 -1
244573 14 1
244594 3 -1
244691 2 1
244706 0 1
244719 1 -1
244858 17 1
245007 4 1
245037 1 -1
245057 3 1
245089 21 -1
245121 0 -1
245169 2 1
245304 18 1
245347 5 -1
245358 1 -1
245430 7 -1
245454 0 -1
245659 8 -1
245688 1 -1
245691 0 -1
245701 6 -1
245744 13 -1
245809 10 1
245852 2 1
245906 9 1
245954 0 -1
246035 24 -1
246051 4 -1
246072 3 1
246164 11 -1
246222 1 1
246225 0 1
246282 5 -1
246459 3 1
246508 15 1
246532 2 1
246647 16 1
246681 0 -1
246702 1 1
246932 2 1
246938 7 1
246938 17 1
247014 1 1
247037 0 1
247131 4 1
247144 3 1
247228 20 1
247276 0 -1
247292 23 1
247362 2 -1
247416 6 1
247488 1 1
247582 19 1
247583 21 1
247631 5 1
247776 2 -1
247800 0 -1
247824 1 1
247830 3 1
247905 29 1
247905 22 1
247926 12 -1
247977 4 1
248053 0 -1
248141 1 1
248252 0 1
248254 3 1
248372 2 -1
248389 7 1
248464 18 -1
248687 4 1
248689 1 -1
248743 16 -1
248915 0 -1
248990 6 1
249001 5 1
249023 2 -1
249033 19 -1
249047 3 -1
249062 1 1
249324 25 -1
249412 4 -1
249455 2 1
249502 0 1
249602 1 1
249662 17 1
249754 8 -1
249764 3 1
249840 20 1
249840 5 -1
249840 22 -1
249904 27 -1
249915 18 1
249969 9 1
250086 1 1
250103 0 1
250162 26 -1
250184 2 -1
250248 14 -1
250291 6 1
250377 3 1
250432 1 -1
250452 4 1
250670 2 1
250678 0 -1
250783 1 -1
250807 21 1
251105 1 1
251121 2 1
251179 0 1
251205 3 -1
251210 5 1
251226 7 1
251280 11 1
251323 15 1
251395 4 1
251581 8 -1
251599 1 -1
251694 0 1
251710 19 1
251801 2 1
251871 17 1
251936 3 1
251989 5 1
252051 0 -1
252065 23 1
252081 4 -1
252097 6 -1
252097 18 1
252117 1 1
252226 20 1
252317 2 -1
252357 0 -1
252400 3 -1
252447 1 1
252484 31 1
252570 24 1
252699 0 -1
252710 16 -1
252822 3 -1
252935 22 1
252967 5 1
252981 1 1
252983 0 1
253086 2 -1
253205 4 -1
253302 1 1
253387 0 -1
253397 6 -1
253424 3 -1
253608 1 1
253741 21 -1
253784 2 1
253854 20 -1
253927 4 1
253946 0 -1
254048 19 -1
254104 1 -1
254203 2 1
254209 3 1
254252 5 1
254322 23 -1
254375 15 1
254397 12 1
254443 1 1
254461 9 1
254515 13 1
254523 7 -1
254531 0 1
254612 25 -1
254652 4 -1
254655 18 1
254660 17 1
254730 8 1
254851 0 -1
254881 2 -1
254902 3 1
254987 1 1
255075 0 1
255112 5 -1
255364 6 1
255378 3 -1
255450 10 -1
255472 0 1
255482 1 -1
255563 2 1
255652 4 1
255816 0 1
255825 1 -1
255869 7 1
255902 20 1
256023 2 1
256125 0 -1
256181 21 1
256186 1 1
256192 16 1
256259 3 1
256321 4 -1
256396 14 1
256407 5 1
256423 6 -1
256478 1 -1
256496 0 -1
256692 2 1
256788 0 1
256805 18 1
256842 3 1
256869 19 1
257014 1 -1
257065 0 -1
257095 22 1
257127 24 1
257320 2 -1
257342 3 1
257358 0 -1
257405 4 1
257492 6 1
257494 1 -1
257708 26 1
257761 5 -1
257772 15 -1
257772 2 1
257823 0 1
257826 1 -1
257836 23 1
257917 17 -1
257998 7 -1
258094 16 -1
258129 3 -1
258137 9 -1
258180 21 -1
258183 2 -1
258336 4 1
258348 1 -1
258374 0 -1
258626 2 1
258642 5 -1
258675 20 -1
258685 3 1
258725 1 -1
258739 0 1
258973 4 1
258981 22 -1
259019 0 -1
259037 1 -1
259062 19 -1
259191 27 -1
259212 21 -1
259244 6 1
259293 2 1
259298 18 1
259373 3 1
259392 17 1
259403 0 1
259492 14 1
259533 1 1
259583 5 -1
259690 7 -1
259714 4 1
259846 1 1
259994 0 -1
260050 2 1
260072 8 -1
260158 6 1
260265 3 -1
260352 1 1
260368 0 -1
260384 4 1
260437 5 1
260483 2 -1
260650 0 -1
260867 13 1
260900 1 1
260921 9 1
260937 3 -1
261115 2 1
261131 0 1
261141 7 1
261270 4 -1
261303 16 1
261343 1 1
261432 0 1
261448 3 -1
261480 6 1
261625 2 -1
261684 15 1
261685 0 1
261695 5 -1
261770 20 1
261903 1 -1
261964 18 1
262017 3 -1
262087 2 -1
262203 0 1
262262 4 -1
262347 1 1
262415 11 -1
262431 17 -1
262630 24 1
262669 1 1
262673 23 1
262689 2 -1
262738 25 1
262808 0 1
262818 19 -1
262867 3 1
262899 4 -1
262931 21 -1
262974 28 1
263012 5 -1
263071 6 1
263168 2 1
263189 16 -1
263193 1 -1
263329 18 -1
263337 0 -1
263350 22 -1
263398 20 -1
263490 12 1
263595 0 -1
263713 1 1
263748 3 -1
263812 5 -1
263818 0 1
263869 2 -1
264060 1 -1
264092 6 1
264116 4 1
264124 19 1
264167 0 -1
264178 15 1
264237 7 1
264248 3 -1
264366 17 1
264418 1 1
264465 0 -1
264533 2 -1
264715 18 1
264733 1 -1
264769 10 1
264833 0 1
264886 4 1
264946 2 -1
265005 3 1
265038 14 -1
265107 5 -1
265305 1 -1
265368 0 1
265414 16 -1
265435 2 1
265446 13 1
265446 7 1
265511 8 1
265531 4 1
265645 3 -1
265645 6 -1
265648 0 -1
265768 21 1
265854 5 1
265865 1 -1
265887 2 1
265924 0 -1
265946 9 1
266177 3 1
266236 1 -1
266338 0 1
266349 19 1
266413 20 1
266414 17 1
266498 4 -1
266591 0 1
266612 2 1
266653 5 1
266704 23 1
266714 18 1
266845 1 -1
266940 3 1
266972 6 -1
266994 22 1
266994 0 -1
267187 4 1
267216 1 -1
267295 2 1
267375 3 -1
267552 1 1
267572 0 1
267703 21 -1
267703 26 1
267741 2 1
267752 7 1
267936 0 -1
267983 5 1
268015 3 1
268058 19 -1
268070 1 -1
268171 20 -1
268187 0 -1
268352 1 1
268413 4 -1
268434 2 1
268499 14 1
268499 15 1
268636 0 -1
268671 16 1
268832 22 -1
268840 1 1
268864 17 1
268880 2 -1
268950 6 1
268950 24 -1
268961 3 1
268972 18 1
269033 0 1
269100 5 1
269294 0 1
269340 2 -1
269348 1 -1
269364 4 -1
269616 3 -1
269670 1 1
269783 20 1
269794 0 1
269974 2 1
270029 1 -1
270033 0 -1
270052 3 1
270093 4 1
270132 9 1
270234 7 1
270349 1 -1
270353 0 1
270374 5 -1
270425 2 1
270508 6 -1
270584 3 1
270670 16 1
270842 8 -1
270855 1 1
270885 0 -1
270949 21 1
271022 2 1
271057 19 1
271089 4 -1
271218 17 1
271331 3 1
271371 1 -1
271379 0 1
271465 18 1
271573 23 1
271573 25 1
271675 1 -1
271680 6 -1
271680 2 1
271777 5 1
271782 7 1
271895 22 1
271960 13 -1
272011 0 -1
272040 3 -1
272089 14 -1
272126 2 1
272132 15 -1
272165 1 1
272244 0 1
272266 4 -1
272303 12 -1
272432 11 1
272467 1 1
272478 0 -1
272492 3 1
272583 5 1
272604 2 1
272790 1 1
272830 17 -1
272849 0 1
272948 18 -1
273040 20 -1
273045 2 -1
273072 4 -1
273123 0 -1
273201 19 -1
273209 3 -1
273217 7 1
273272 1 1
273303 21 -1
273378 24 -1
273389 6 1
273486 0 1
273580 1 -1
273652 16 1
273668 3 1
273760 2 -1
273787 5 -1
274015 4 -1
274030 0 1
274088 22 -1
274109 9 1
274114 1 -1
274211 3 -1
274238 6 1
274324 8 1
274331 0 1
274448 2 1
274453 15 -1
274546 0 -1
274616 1 -1
274646 5 1
274684 17 -1
274851 2 -1
274861 20 1
274883 3 -1
274958 7 1
274978 1 -1
275125 0 1
275128 4 1
275248 6 1
275297 3 1
275313 13 1
275313 26 -1
275321 1 1
275442 10 1
275488 2 -1
275668 1 -1
275748 0 -1
275786 18 1
275829 4 -1
275861 19 1
275953 2 -1
275969 3 1
276022 5 -1
276044 21 1
276124 0 -1
276176 1 1
276345 25 1
276361 23 1
276372 0 1
276404 2 1
276562 4 -1
276656 3 1
276675 1 -1
276689 0 -1
276839 6 -1
276861 17 -1
276968 8 -1
277006 16 -1
277008 1 1
277054 0 -1
277076 31 1
277097 2 1
277140 3 1
277183 14 -1
277199 7 1
277226 15 -1
277320 4 1
277334 24 1
277441 5 1
277516 2 1
277558 1 -1
277571 0 -1
277581 3 1
277613 18 -1
277678 12 -1
277796 6 -1
277941 1 -1
277954 0 -1
277957 20 -1
278107 27 -1
278150 3 1
278183 22 -1
278188 2 -1
278207 0 -1
278288 1 1
278301 21 -1
278412 4 -1
278473 5 1
278553 19 1
278669 0 -1
278731 16 1
278820 1 1
278895 2 1
278906 3 1
278935 0 -1
279005 13 -1
279010 9 -1
279053 29 -1
279096 18 1
279118 23 -1
279209 0 1
279211 1 1
279279 7 -1
279311 11 -1
279335 2 -1
279344 17 -1
279473 10 -1
279483 15 -1
279526 6 -1
279553 3 1
279553 4 1
279662 1 -1
279744 0 -1
279747 2 -1
279999 5 -1
280053 8 1
280155 3 1
280171 14 1
280198 1 1
280214 2 -1
280271 0 -1
280279 4 1
280343 12 1
280585 1 1
280805 0 -1
280854 5 1
280899 2 1
280916 1 -1
280924 7 -1
280948 3 -1
280966 6 -1
281104 0 -1
281117 19 1
281240 1 1
281363 4 -1
281372 0 1
281593 2 -1
281633 5 -1
281676 3 1
281718 1 1
281891 25 1
281961 6 -1
282004 0 -1
282020 24 1
282020 2 1
282084 20 -1
282084 26 1
282133 4 1
282264 1 -1
282364 3 1
282364 21 -1
282423 16 -1
282455 17 -1
282471 22 -1
282514 18 -1
282564 0 -1
282616 1 1
282617 2 1
282665 23 -1
282721 4 -1
282826 19 -1
282901 0 1
282966 9 -1
283019 11 -1
283060 1 -1
283068 20 -1
283100 7 1
283100 10 1
283116 6 -1
283127 3 -1
283175 0 1
283288 15 1
283293 5 1
283374 2 1
283484 0 -1
283564 1 1
283737 4 -1
283742 0 1
283761 17 1
283804 18 1
283860 2 1
283879 3 -1
283979 1 -1
284159 5 -1
284188 0 -1
284191 8 1
284349 4 -1
284374 6 1
284417 3 1
284430 1 1
284492 14 1
284540 2 1
284559 7 1
284664 13 1
284685 21 1
284704 0 -1
284728 16 1
284978 1 1
285078 0 1
285131 3 -1
285180 22 1
285180 2 -1
285313 1 -1
285332 0 1
285470 5 -1
285529 2 1
285583 3 1
285655 4 -1
285715 0 1
285835 1 1
285857 7 -1
285997 6 1
286067 3 -1
286080 0 -1
286083 23 1
286126 9 1
286167 1 -1
286249 2 -1
286276 12 1
286394 0 -1
286448 8 -1
286498 1 -1
286599 11 -1
286604 5 1
286679 4 1
286733 2 1
286824 3 -1
286884 0 1
286986 15 -1
286990 1 -1
287123 16 -1
287147 19 -1
287158 2 1
287163 20 -1
287211 17 -1
287254 0 -1
287292 1 1
287351 21 -1
287362 3 -1
287481 0 1
287502 10 1
287502 18 -1
287518 4 -1
287555 6 -1
287695 25 -1
287706 5 -1
287706 0 -1
287722 2 -1
287788 1 -1
287985 22 -1
288042 0 1
288082 3 1
288179 7 -1
288189 2 -1
288211 4 1
288340 17 1
288352 1 -1
288372 19 1
288388 13 -1
288407 0 -1
288479 14 -1
288490 15 -1
288512 24 -1
288684 5 -1
288686 1 1
288754 0 -1
288759 9 -1
288791 3 -1
288813 6 1
288892 4 -1
288901 2 1
288952 16 -1
288960 0 -1
289001 1 1
289299 0 -1
289299 1 -1
289377 3 -1
289581 2 1
289614 0 1
289640 5 1
289673 21 1
289781 1 1
289839 0 -1
289866 3 -1
289887 4 -1
289952 20 1
290000 7 -1
290027 2 -1
290033 17 1
290102 12 -1
290210 8 1
290238 0 1
290317 1 -1
290393 3 -1
290430 6 -1
290487 0 1
290532 2 1
290637 1 -1
290704 11 -1
290726 23 1
290833 28 1
290861 0 -1
290919 22 1
290935 4 -1
290952 2 -1
290984 10 1
291027 5 -1
291070 3 -1
291091 14 1
291129 1 1
291177 31 1
291177 9 1
291220 21 1
291239 0 -1
291263 18 1
291446 15 -1
291463 1 -1
291473 0 1
291602 2 1
291607 6 1
291637 4 -1
291677 0 -1
291725 7 1
291833 3 1
291836 1 -1
291838 16 -1
291924 0 -1
292120 20 -1
292128 19 -1
292252 8 1
292279 2 1
292349 12 1
292368 0 -1
292402 13 1
292411 1 -1
292499 15 1
292553 14 1
292639 11 -1
292639 18 1
292660 5 -1
292682 3 -1
292709 2 -1
292741 22 -1
292741 17 1
292765 1 1
292773 6 1
292789 16 1
292921 0 1
292938 4 -1
293262 0 1
293295 2 1
293305 1 -1
293380 5 1
293426 3 1
293544 0 -1
293563 15 -1
293724 2 -1
293732 4 1
293757 1 -1
293757 26 -1
293827 0 1
293837 17 -1
293888 3 -1
294071 1 -1
294111 16 1
294141 0 -1
294144 18 -1
294192 7 1
294197 2 -1
294273 6 1
294308 3 -1
294359 14 1
294361 4 1
294445 24 -1
294488 21 1
294528 0 -1
294552 5 1
294645 1 1
294670 8 1
294794 2 -1
294982 19 1
295036 0 -1
295111 20 1
295143 3 1
295194 1 1
295240 23 1
295267 2 -1
295283 12 1
295385 4 1
295412 6 1
295412 0 -1
295433 7 1
295534 1 -1
295643 10 1
295648 9 1
295659 3 1
295697 0 1
295917 16 1
295957 0 1
295976 2 1
296014 21 1
296022 4 1
296030 5 1
296054 1 1
296205 0 1
296207 25 1
296320 3 1
296336 13 -1
296401 22 1
296510 1 -1
296551 15 -1
296605 2 -1
296637 0 1
296842 18 -1
296876 17 -1
296988 0 -1
297022 1 -1
297024 11 1
297054 4 1
297067 2 -1
297078 7 1
297110 19 -1
297142 5 1
297158 3 1
297185 6 1
297234 0 -1
297390 14 1
297402 1 -1
297537 16 1
297540 27 -1
297540 12 -1
297572 15 1
297680 3 1
297717 2 -1
297751 1 1
297755 23 -1
297755 0 -1
297841 8 -1
297948 20 1
298107 0 -1
298112 3 1
298118 4 1
298158 13 -1
298259 1 -1
298335 5 1
298384 0 1
298411 2 1
298529 7 1
298572 3 -1
298577 17 -1
298658 22 -1
298668 6 1
298763 1 1
298859 4 1
298873 18 -1
298875 2 1
298916 24 -1
298918 0 -1
299045 21 1
299095 1 -1
299260 3 -1
299270 16 1
299432 0 -1
299464 19 1
299491 2 1
299670 1 1
299706 4 -1
299759 5 -1
299840 15 -1
299867 6 1
299937 0 -1
299948 3 1
300061 1 -1
300109 10 -1
300144 2 1
300167 0 1
300246 7 1
300345 8 1
300375 4 1
300385 1 -1
300431 9 1
300469 0 1
300531 3 1
300592 20 1
300630 2 1
300635 14 1
300641 5 -1
300754 17 1
300813 0 1
300863 1 -1
300883 26 1
300893 28 1
301114 0 1
301141 2 -1
301173 13 -1
301194 6 -1
301209 1 1
301237 3 -1
301302 16 -1
301499 4 -1
301506 11 -1
301530 0 1
301614 2 -1
301678 21 -1
301697 19 -1
301757 1 1
301818 12 1
301845 3 1
301850 17 -1
301882 18 -1
301890 0 1
301963 22 -1
301979 20 -1
302054 14 1
302140 15 1
302151 0 1
302172 23 -1
302261 3 1
302265 1 1
302280 5 1
302315 2 -1
302489 0 -1
302531 4 1
302604 1 -1
302608 16 1
302704 7 -1
302922 1 1
302979 10 1
302989 6 -1
303000 3 1
303005 5 -1
303016 2 1
303046 0 -1
303129 9 -1
303156 17 -1
303228 4 -1
303265 1 -1
303301 21 -1
303430 13 1
303441 3 1
303443 2 -1
303559 29 -1
303559 15 1
303580 18 -1
303586 0 1
303666 11 1
303744 1 -1
303833 5 1
303946 0 -1
303962 16 1
304091 2 1
304196 1 1
304231 0 1
304295 3 -1
304373 4 -1
304397 7 -1
304440 6 1
304440 0 1
304510 2 -1
304558 20 1
304562 1 -1
304591 19 1
304698 8 -1
304720 0 -1
304948 2 1
305026 3 1
305064 14 1
305107 1 1
305108 0 1
305131 4 1
305171 25 1
305214 15 1
305219 5 1
305236 21 1
305499 0 1
305510 23 1
305528 2 1
305574 22 1
305594 1 -1
305622 3 1
305709 31 1
305709 24 1
305739 4 1
305751 12 -1
305774 0 -1
305897 16 -1
305897 1 1
305966 2 1
306058 3 -1
306074 5 -1
306130 0 1
306171 17 -1
306403 0 -1
306493 1 1
306525 15 -1
306574 2 1
306622 10 1
306622 18 -1
306668 3 1
306681 0 1
306708 6 1
306719 4 -1
306751 11 1
306751 21 -1
306799 13 1
306856 7 1
306864 20 -1
307027 1 1
307030 0 -1
307219 16 1
307251 19 1
307259 2 1
307288 0 -1
307348 1 1
307476 4 -1
307589 3 1
307590 17 1
307622 22 -1
307643 12 -1
307665 14 -1
307686 5 1
307705 0 -1
307705 2 1
307761 6 -1
307892 1 1
308030 9 1
308057 2 -1
308202 18 -1
308232 0 -1
308250 1 -1
308293 3 -1
308299 23 -1
308331 7 1
308476 16 1
308492 15 1
308510 0 1
308516 1 -1
308535 2 -1
308694 4 -1
308772 0 1
308911 3 1
308981 5 1
309036 1 -1
309073 17 1
309148 0 1
309290 2 1
309363 11 -1
309399 1 1
309419 0 -1
309492 19 1
309621 10 1
309725 4 -1
309734 3 -1
309771 14 1
309793 21 1
309812 0 -1
309846 7 -1
309857 6 -1
309884 5 1
309929 1 1
309949 2 1
310008 24 1
310137 22 1
310180 0 1
310204 3 1
310266 8 -1
310381 2 -1
310395 25 1
310407 4 -1
310415 1 1
310417 0 -1
310650 0 1
310677 13 -1
310741 1 1
310763 5 -1
310798 16 -1
310824 15 -1
310838 3 -1
310885 0 -1
310975 18 -1
310996 6 -1
311039 20 -1
311040 2 1
311156 1 1
311172 4 1
311236 0 1
311473 1 1
311512 9 1
311523 12 1
311657 3 -1
311749 17 1
311803 2 -1
311829 0 1
311899 15 1
311921 21 -1
311953 5 1
311974 22 -1
311993 1 -1
311999 4 1
312103 16 1
312200 20 1
312211 3 -1
312214 0 -1
312243 6 -1
312251 2 -1
312329 19 1
312383 11 -1
312394 14 -1
312455 0 1
312559 1 1
312587 13 -1
312678 0 1
312716 26 -1
312732 7 1
312883 2 1
312885 1 -1
312904 0 -1
312953 18 -1
312974 23 -1
312990 3 1
313014 4 -1
313017 8 1
313189 28 -1
313200 5 -1
313318 0 1
313349 1 1
313442 16 1
313447 24 -1
313552 2 1
313619 17 1
313632 3 1
313638 0 -1
313780 1 -1
313920 6 1
313920 0 1
314022 2 1
314070 7 -1
314086 3 -1
314113 21 1
314123 1 1
314143 4 -1
314167 10 -1
314221 15 -1
314307 0 1
314425 5 1
314479 12 1
314529 0 1
314586 2 -1
314594 1 -1
314780 0 1
314917 4 1
314929 1 1
314930 3 -1
314936 2 1
314952 9 1
314973 6 -1
315274 8 -1
315296 16 1
315302 0 1
315333 2 1
315339 5 1
315360 22 1
315461 1 -1
315511 14 -1
315586 19 -1
315672 0 1
315747 23 1
315747 18 -1
315768 27 1
315811 3 1
315820 17 -1
315836 4 1
315884 0 1
315927 2 1
315953 1 1
316005 20 -1
316166 16 -1
316291 1 -1
316306 21 -1
316311 0 1
316344 2 -1
316349 12 1
316354 3 -1
316432 13 1
316488 19 -1
316489 15 1
316599 1 -1
316644 0 1
316677 6 1
316843 5 -1
316870 1 -1
316886 11 1
316913 0 1
317021 2 -1
317026 3 -1
317134 7 -1
317155 14 -1
317198 4 1
317450 1 -1
317456 0 -1
317456 17 -1
317650 16 -1
317666 2 1
317682 18 -1
317768 5 -1
317798 4 1
317805 3 1
317832 15 1
317833 0 -1
317940 1 -1
318061 2 1
318087 0 -1
318224 3 1
318250 1 -1
318359 20 1
318434 21 1
318445 6 1
318445 0 1
318533 2 1
318552 5 -1
318676 3 -1
318738 1 -1
318875 10 -1
318876 0 1
318923 4 -1
318931 2 1
319004 8 1
319036 13 -1
319084 0 1
319112 1 -1
319197 22 1
319213 3 -1
319415 1 -1
319423 25 1
319423 9 -1
319447 0 -1
319573 6 1
319598 2 1
319788 21 1
319896 3 -1
319896 24 1
319896 5 1
319929 1 1
319931 4 -1
320111 11 -1
320132 0 -1
320165 7 1
320213 2 1
320218 15 -1
320229 23 1
320250 14 -1
320261 12 -1
320269 1 -1
320277 16 -1
320487 20 -1
320503 17 -1
320588 4 -1
320627 3 -1
320627 0 1
320648 19 -1
320686 2 1
320733 1 -1
320842 18 -1
320890 0 -1
321035 22 -1
321083 3 1
321142 5 1
321191 0 -1
321204 1 -1
321245 16 1
321261 13 1
321309 2 -1
321503 17 1
321543 1 1
321658 8 1
321672 4 1
321779 2 -1
321836 0 -1
321841 19 1
321853 1 1
321890 10 -1
321900 6 -1
321916 14 -1
321916 21 -1
321981 15 -1
321991 3 -1
322002 18 1
322045 12 -1
322139 7 1
322172 1 1
322196 2 1
322212 0 1
322309 4 1
322435 0 -1
322443 3 1
322497 5 1
322688 1 -1
322841 0 1
322868 2 -1
322905 16 1
322940 3 1
322945 4 1
323077 24 -1
323099 0 1
323120 15 1
323252 1 1
323265 2 -1
323308 20 1
323362 0 1
323421 17 1
323485 6 -1
323507 14 -1
323594 1 -1
323615 9 1
323679 3 -1
323722 11 -1
323735 0 -1
323765 5 -1
323950 2 1
323976 0 -1
323989 4 1
324023 21 1
324066 7 -1
324122 1 -1
324286 3 -1
324335 0 1
324433 1 -1
324469 22 1
324517 25 1
324582 2 1
324668 5 -1
324700 0 -1
324777 1 1
324779 4 -1
324808 23 1
325020 0 1
325098 13 -1
325108 6 1
325119 2 1
325141 18 -1
325194 3 1
325211 16 -1
325255 0 -1
325279 1 -1
325307 20 -1
325409 15 -1
325501 17 -1
325529 0 1
325563 2 -1
325581 19 -1
325630 1 1
325872 18 -1
325893 0 -1
325915 12 1
326022 3 1
326046 2 -1
326065 8 -1
326118 1 -1
326121 4 -1
326130 21 -1
326162 16 1
326248 5 1
326258 27 -1
326280 11 -1
326323 22 -1
326436 17 1
326479 0 1
326516 14 -1
326549 3 1
326706 1 -1
326745 2 -1
326823 13 -1
326893 15 -1
326984 0 1
327028 1 -1
327075 6 -1
327102 3 1
327161 10 1
327262 4 -1
327290 26 -1
327317 2 1
327487 0 -1
327532 1 1
327581 23 -1
327640 5 1
327672 3 1
327774 2 1
327879 16 1
327892 0 1
327984 4 -1
328064 1 1
328064 9 -1
328129 20 1
328150 0 1
328169 7 1
328193 14 -1
328395 1 -1
328443 3 1
328451 19 1
328451 15 -1
328456 5 -1
328529 2 1
328537 0 -1
328653 4 1
328866 1 -1
328887 0 1
328956 2 1
329096 22 1
329120 3 1
329150 6 -1
329161 21 1
329161 17 1
329171 0 -1
329358 4 1
329364 1 1
329424 2 1
329612 18 1
329617 0 1
329676 25 1
329697 1 1
329719 24 1
329746 3 -1
329762 8 -1
329784 11 -1
329846 0 -1
329848 5 1
329875 12 -1
330069 2 -1
330088 1 -1
330112 7 1
330241 16 -1
330270 0 -1
330378 4 1
330386 6 1
330402 17 -1
330436 1 1
330515 2 1
330517 3 1
330547 19 -1
330652 20 -1
330665 21 -1
330676 10 1
330781 13 1
330794 15 1
330840 0 -1
330950 1 -1
330972 3 -1
331095 23 -1
331203 2 1
331289 16 1
331332 5 -1
331375 14 -1
331418 18 1
331442 1 1
331455 3 -1
331469 0 -1
331547 6 -1
331659 4 -1
331719 0 -1
331740 12 -1
331756 1 1
331842 2 -1
331931 0 -1
332063 22 -1
332186 3 1
332191 15 1
332224 4 1
332256 8 1
332256 17 -1
332283 5 -1
332318 0 -1
332320 1 -1
332321 9 1
332347 2 1
332611 0 -1
332621 6 1
332659 1 -1
332723 3 -1
332777 2 -1
332998 1 -1
333067 0 1
333186 5 -1
333288 20 1
333293 2 1
333352 11 -1
333384 3 1
333385 7 -1
333437 4 -1
333489 1 1
333578 16 -1
333610 21 1
333613 0 -1
333832 1 -1
333841 0 1
333946 2 -1
334078 0 -1
334150 4 1
334164 3 1
334196 5 1
334340 1 1
334352 19 1
334427 18 1
334432 22 1
334481 23 1
334578 26 1
334583 2 1
334599 12 -1
334642 27 1
334642 8 -1
334642 9 -1
334656 0 -1
334663 14 -1
334682 13 -1
334682 10 -1
334717 3 -1
334728 15 -1
334787 6 -1
334856 1 -1
334908 4 -1
334956 2 -1
335050 0 1
335126 16 -1
335166 17 -1
335195 3 -1
335226 1 -1
335295 20 -1
335298 0 1
335502 5 1
335601 1 -1
335658 2 1
335690 0 1
335738 21 -1
335749 3 1
335964 1 1
335975 11 -1
335975 24 -1
336145 4 -1
336217 2 1
336233 18 1
336238 17 1
336260 0 1
336319 7 -1
336362 6 -1
336415 19 1
336448 14 -1
336456 1 1
336496 16 -1
336528 13 -1
336555 12 -1
336620 15 -1
336620 2 1
336646 0 1
336657 3 -1
336915 4 1
336921 31 -1
336923 0 -1
336947 1 1
336985 5 1
337224 2 1
337268 1 1
337297 0 -1
337308 9 1
337485 3 1
337512 6 -1
337668 2 -1
337673 20 1
337725 1 -1
337770 17 1
337802 0 1
337920 3 -1
337963 5 -1
337971 4 1
338017 8 1
338040 1 -1
338081 21 1
338135 0 1
338286 7 1
338339 0 1
338342 2 1
338409 1 1
338415 22 1
338554 14 1
338557 3 -1
338576 15 1
338904 0 1
338920 2 -1
338977 1 -1
338979 16 1
339035 4 1
339043 3 -1
339285 25 1
339314 1 1
339317 23 1
339328 28 1
339328 2 -1
339414 5 -1
339438 0 -1
339487 13 -1
339511 3 1
339597 6 -1
339700 4 -1
339720 19 -1
339813 1 -1
339866 17 -1
339866 18 -1
339942 0 -1
339992 2 -1
340172 20 -1
340180 0 1
340295 15 1
340321 1 -1
340344 5 1
340371 3 1
340381 16 1
340419 0 -1
340446 21 -1
340467 11 1
340478 7 1
340482 4 -1
340489 12 1
340543 10 -1
340553 14 1
340666 2 -1
340672 1 1
340715 6 1
340733 0 -1
340919 3 -1
340973 18 1
341026 9 -1
341048 24 -1
341071 1 1
341075 0 -1
341085 2 -1
341208 4 -1
341354 5 -1
341365 13 -1
341413 22 -1
341415 1 -1
341456 0 -1
341499 15 -1
341671 17 -1
341687 2 1
341908 3 1
341933 1 -1
341999 6 1
342004 0 1
342155 4 -1
342219 16 1
342238 0 -1
342348 1 -1
342356 7 1
342370 2 -1
342413 19 1
342472 0 1
342628 5 1
342660 8 1
342675 1 -1
342724 3 -1
342888 2 -1
343026 26 -1
343093 0 -1
343183 1 1
343318 3 -1
343359 2 -1
343498 14 1
343499 1 1
343525 5 1
343541 21 1
343558 4 -1
343590 0 1
343789 2 1
343815 20 1
343824 1 1
343896 22 1
343939 3 1
344143 6 -1
344174 4 1
344186 23 1
344337 15 -1
344356 0 1
344358 11 -1
344358 12 -1
344376 1 -1
344428 2 -1
344450 3 1
344568 0 1
344622 17 -1
344670 16 -1
344681 18 -1
344799 1 -1
344815 5 -1
344850 0 -1
345132 21 -1
345143 9 1
345154 19 -1
345164 2 1
345170 10 1
345198 0 1
345202 20 -1
345202 13 1
345234 4 -1
345245 3 -1
345331 7 -1
345357 1 1
345495 0 1
345519 24 -1
345540 6 -1
345605 25 -1
345621 2 1
345702 17 1
345861 1 -1
345936 0 1
345984 3 -1
346044 4 1
346105 16 -1
346177 1 -1
346196 5 1
346304 2 1
346382 3 -1
346422 15 -1
346532 0 1
346538 1 1
346540 8 1
346551 12 1
346594 14 1
346750 2 -1
346755 0 -1
346758 4 1
346899 1 1
346938 11 1
347021 0 1
347147 3 -1
347163 5 -1
347284 2 1
347303 18 1
347346 21 1
347411 16 1
347421 6 1
347427 7 -1
347431 1 -1
347591 0 1
347894 4 1
347959 22 1
347967 1 -1
347991 10 1
348002 2 1
348013 3 -1
348029 5 1
348120 23 1
348160 0 -1
348249 15 1
348330 1 -1
348410 2 1
348507 19 1
348523 4 1
348547 0 1
348572 8 -1
348574 3 -1
348804 0 1
348817 1 1
348883 5 -1
348969 9 -1
349044 14 -1
349045 21 1
349058 2 -1
349082 0 1
349104 17 -1
349120 13 -1
349168 7 -1
349284 3 1
349329 16 -1
349345 1 1
349372 0 1
349474 20 -1
349499 4 -1
349517 6 1
349657 18 -1
349668 11 -1
349678 1 -1
349743 0 -1
349743 2 -1
349942 19 -1
350066 12 1
350103 3 -1
350135 2 -1
350162 24 -1
350168 1 1
350168 17 1
350297 5 1
350313 0 1
350546 4 1
350595 3 -1
350667 2 1
350684 1 -1
350721 15 -1
350909 0 -1
350925 6 1
351022 13 -1
351030 1 1
351076 2 1
351138 0 1
351194 31 -1
351248 16 -1
351304 4 1
351312 22 -1
351334 3 1
351378 0 1
351452 9 -1
351570 1 1
351586 5 1
351624 14 1
351667 11 1
351675 7 1
351731 20 1
351732 2 -1
351812 17 1
351817 3 1
351818 8 1
351933 4 1
351937 0 1
351997 1 1
352054 15 1
352118 6 -1
352161 21 1
352290 3 1
352364 1 -1
352446 2 -1
352470 0 -1
352532 5 1
352586 10 -1
352618 4 -1
352849 2 -1
352884 1 1
352941 7 -1
352962 0 -1
353010 12 1
353118 3 1
353205 1 1
353215 18 1
353231 23 1
353247 19 1
353365 6 1
353430 0 -1
353505 20 1
353559 2 1
353618 3 1
353731 22 1
353741 1 1
353776 0 -1
353843 5 -1
353860 4 1
353951 15 -1
353956 14 -1
354021 2 1
354024 0 -1
354032 8 1
354093 16 -1
354118 26 1
354182 25 1
354283 1 1
354445 3 1
354448 0 1
354456 17 -1
354459 2 -1
354461 27 1
354642 1 -1
354687 18 -1
354698 21 -1
354827 4 -1
354899 13 1
354959 0 1
355002 1 -1
355020 6 -1
355069 2 -1
355133 7 1
355160 12 -1
355184 3 1
355265 0 1
355278 16 1
355289 5 -1
355343 1 1
355407 11 1
355526 2 -1
355536 4 -1
355568 0 1
355585 10 -1
355665 9 -1
355800 3 1
355830 1 1
355848 14 -1
355923 23 -1
355947 0 1
355955 17 -1
356152 2 1
356221 0 -1
356246 5 -1
356262 3 -1
356310 15 1
356369 1 1
356418 8 1
356600 19 1
356632 20 1
356657 4 -1
356673 0 1
356699 1 -1
356721 3 1
356826 2 1
356847 6 1
356890 21 1
356891 7 -1
356998 18 1
357041 24 -1
357148 13 -1
357169 1 -1
357216 0 1
357256 2 -1
357342 4 1
357390 3 -1
357447 0 -1
357482 5 1
357515 1 1
357670 0 1
357686 2 1
357793 22 1
357944 15 1
357987 1 -1
358035 4 -1
358084 16 1
358143 2 1
358159 6 1
358196 0 -1
358266 3 1
358446 7 -1
358503 20 1
358531 1 1
358570 0 -1
358718 9 -1
358755 3 1
358809 2 1
358828 0 -1
358837 1 -1
358857 5 -1
358890 12 -1
359062 14 -1
359083 10 1
359099 17 -1
359188 0 1
359234 11 -1
359293 4 -1
359408 2 -1
359426 1 -1
359455 0 1
359470 16 -1
359502 19 -1
359551 3 -1
359556 21 -1
359664 23 -1
359696 13 1
359750 0 1
359817 2 1
359895 6 1
359932 1 1
359958 4 1
359980 5 1
359986 18 1
360018 3 -1
360050 15 1
360126 0 1
360345 1 -1
360440 0 1
360502 2 1
360523 3 -1
360663 1 1
360760 16 -1
360789 0 -1
360867 6 1
360873 4 1
360886 2 1
360910 12 1
360953 22 -1
360953 17 -1
361039 11 1
361076 1 1
361114 7 -1
361222 5 -1
361233 14 1
361308 2 1
361362 0 1
361367 3 -1
361550 0 -1
361586 1 -1
361727 9 -1
361792 8 1
361813 21 1
361824 20 1
361825 0 1
361845 3 -1
361912 4 1
361953 6 1
361966 2 1
362060 5 1
362110 1 -1
362114 19 1
362385 0 -1
362461 3 -1
362463 2 1
362493 1 -1
362614 4 1
362651 15 1
362958 5 1
362985 1 1
363017 18 1
363090 0 -1
363151 3 -1
363184 2 1
363275 7 1
363321 1 -1
363468 22 1
363533 26 1
363576 21 1
363597 17 -1
363613 16 -1
363624 3 1
363630 13 -1
363647 0 -1
363650 1 -1
363694 25 1
363726 6 1
363831 4 1
363898 2 -1
363920 28 1
363922 0 1
364135 0 1
364260 1 1
364328 5 -1
364344 2 1
364360 3 -1
364436 20 -1
364436 24 -1
364446 15 1
364497 0 1
364532 14 1
364565 12 1
364605 1 -1
364677 16 1
364694 17 1
364766 0 1
364796 2 1
364801 11 -1
364887 23 -1
365005 3 -1
365032 4 -1
365097 7 -1
365105 1 1
365134 18 1
365236 5 -1
365247 2 -1
365252 0 -1
365263 6 -1
365338 19 1
365462 3 1
365532 10 1
365623 0 1
365661 1 -1
365758 4 -1
365836 2 1
365870 13 1
365876 15 1
365887 22 -1
365946 0 -1
365996 1 -1
366201 0 -1
366306 17 1
366334 1 1
366354 3 1
366467 0 1
366478 2 1
366499 8 1
366628 16 1
366650 5 1
366661 1 1
366714 21 1
366765 7 1
366810 4 -1
366811 6 1
366902 2 -1
366913 0 1
366951 9 -1
367112 3 1
367201 1 -1
367273 20 1
367284 11 1
367506 0 1
367542 15 1
367580 2 -1
367633 3 1
367660 14 1
367712 1 -1
367741 4 -1
367829 0 -1
368015 5 -1
368047 31 1
368047 1 -1
368095 3 -1
368130 0 -1
368305 23 1
368308 2 1
368337 22 1
368380 12 -1
368391 0 1
368458 4 -1
368482 6 -1
368590 3 -1
368611 1 1
368625 0 -1
368649 24 1
368660 7 -1
368676 19 -1
368730 2 1
368778 21 -1
368864 18 -1
368912 1 -1
368955 5 -1
368966 17 -1
369006 0 1
369095 20 -1
369143 16 -1
369200 1 1
369252 4 1
369261 3 -1
369329 2 1
369557 0 1
369659 1 -1
369660 10 1
369724 13 -1
369724 15 1
369772 6 -1
369810 11 1
369810 14 -1
369853 12 -1
369917 9 1
369960 5 1
369965 4 -1
369998 19 1
370006 2 -1
370027 3 1
370046 1 1
370046 18 1
370198 0 -1
370414 2 -1
370417 16 -1
370514 3 1
370546 1 1
370734 5 1
370756 0 -1
370989 4 -1
370992 6 -1
371013 25 -1
371026 1 -1
371175 2 -1
371223 17 1
371239 7 -1
371357 0 1
371360 1 -1
371454 3 1
371529 8 -1
371626 20 1
371677 2 1
371723 21 1
371750 0 1
371830 14 -1
371864 1 1
371997 3 -1
372024 0 -1
372045 5 1
372061 4 -1
372142 2 1
372325 12 1
372346 15 1
372384 1 -1
372389 6 1
372408 0 -1
372446 3 1
372561 22 1
372696 0 1
372735 1 -1
372791 4 -1
372811 2 1
372972 0 -1
373045 10 -1
373158 7 1
373239 2 1
373250 1 1
373281 3 -1
373303 16 -1
373327 0 1
373335 5 1
373335 23 1
373410 18 -1
373480 17 -1
373574 0 -1
373657 11 -1
373714 4 -1
373797 1 1
373859 19 -1
373875 2 -1
373889 3 1
373993 0 -1
374028 13 1
374044 9 1
374066 15 1
374121 1 1
374152 8 1
374163 21 -1
374249 14 1
374254 20 -1
374254 5 1
374399 4 1
374419 1 -1
374474 12 -1
374496 6 1
374507 18 1
374544 2 -1
374668 0 1
374770 1 1
374789 3 1
374818 7 -1
374965 0 1
374969 2 1
375028 4 1
375092 16 -1
375174 0 1
375278 1 -1
375286 17 -1
375348 2 1
375474 5 1
375592 26 -1
375608 3 1
375749 0 1
375764 1 1
375786 2 -1
375829 24 -1
375850 22 -1
375936 6 -1
376022 15 1
376035 4 1
376096 1 1
376173 13 -1
376210 3 -1
376215 11 -1
376253 19 1
376420 0 1
376447 2 -1
376473 5 -1
376474 21 1
376474 8 1
376640 1 1
376688 16 -1
376780 0 -1
376809 4 1
376828 3 -1
376882 7 1
376989 1 -1
377047 0 1
377094 2 -1
377097 6 -1
377301 0 1
377337 1 1
377419 27 1
377430 5 -1
377505 3 -1
377527 17 1
377535 2 1
377540 0 -1
377724 4 1
377753 25 1
377845 1 -1
377849 14 -1
377892 0 -1
377930 10 -1
378043 12 -1
378105 2 -1
378113 15 -1
378204 1 -1
378236 23 1
378344 3 1
378387 21 -1
378398 18 -1
378486 2 1
378502 20 -1
378524 0 1
378542 5 1
378559 22 -1
378692 1 -1
378720 17 -1
378849 4 1
378913 2 -1
378978 13 1
379010 16 1
379058 0 -1
379131 1 -1
379160 3 -1
379193 6 -1
379373 7 1
379420 0 1
379461 19 1
379498 4 -1
379506 1 1
379580 5 -1
379612 15 -1
379655 2 -1
379733 3 -1
379744 0 -1
379827 21 -1
379844 1 -1
380144 2 -1
380171 4 1
380181 1 1
380305 0 -1
380536 9 1
380558 6 1
380601 14 1
380622 1 -1
380665 3 -1
380767 2 1
380773 24 -1
380864 0 1
380896 20 1
380902 18 1
380912 4 -1
380929 16 1
380972 5 1
380988 11 -1
381025 17 1
381203 7 -1
381211 1 1
381332 13 -1
381359 0 -1
381445 2 -1
381514 3 -1
381574 1 -1
381616 6 -1
381638 0 1
381848 8 1
381891 2 1
381896 4 1
381923 0 -1
381987 3 1
382020 12 1
382045 1 -1
382062 15 1
382175 5 1
382347 2 -1
382363 22 1
382474 0 -1
382509 23 1
382577 1 -1
382697 3 1
382702 10 -1
382788 2 1
382836 14 -1
382837 21 1
382957 0 1
382984 1 1
382992 4 1
382998 5 1
383016 16 -1
383234 17 -1
383309 0 -1
383331 18 -1
383379 19 -1
383395 6 -1
383471 3 -1
383487 2 -1
383496 1 -1
383564 20 -1
383616 0 -1
383696 15 1
383782 25 -1
383822 4 1
383866 0 -1
383879 3 -1
383976 9 1
384024 5 1
384028 1 -1
384070 0 -1
384137 16 1
384196 2 1
384266 7 1
384359 1 -1
384489 0 -1
384567 12 -1
384588 22 -1
384648 2 1
384674 3 1
384745 4 1
384857 5 1
384923 1 1
384932 6 1
385032 0 1
385126 3 -1
385158 24 -1
385247 2 1
385265 11 1
385266 17 -1
385282 1 -1
385330 13 1
385389 0 1
385545 14 1
385596 16 1
385620 1 1
385628 0 -1
385642 2 1
385674 15 1
385685 19 1
385709 4 -1
385760 3 1
385846 21 1
385873 0 1
385975 18 1
386096 2 1
386104 8 -1
386120 20 1
386188 1 1
386192 0 -1
386217 7 -1
386297 10 -1
386329 5 -1
386467 4 -1
386567 1 1
386582 3 -1
386604 0 1
386738 2 -1
386749 9 1
386802 6 -1
387055 3 1
387077 2 -1
387087 22 1
387110 0 1
387112 1 1
387232 23 1
387394 21 1
387426 26 1
387510 4 -1
387579 1 1
387711 2 1
387738 5 1
387762 0 1
387861 3 1
387920 1 -1
387974 16 -1
388038 14 -1
388119 19 -1
388138 0 1
388167 15 -1
388184 20 -1
388200 17 -1
388243 18 -1
388245 2 -1
388275 8 1
388292 1 1
388401 0 1
388404 6 -1
388549 3 1
388619 5 -1
388667 1 1
388708 4 1
388708 2 -1
388734 0 1
388812 12 -1
389038 3 1
389140 2 -1
389207 1 1
389232 7 -1
389242 11 -1
389350 0 -1
389397 4 -1
389425 13 -1
389479 3 -1
389532 6 -1
389624 2 -1
389651 15 -1
389651 17 -1
389695 1 1
389898 3 -1
389954 0 -1
390059 5 1
390082 1 1
390102 16 1
390183 0 1
390188 14 1
390231 28 -1
390298 2 1
390403 18 1
390416 4 -1
390457 19 1
390476 0 -1
390567 3 1
390642 1 1
390661 21 1
390747 6 -1
390790 5 -1
390876 22 1
390930 2 1
390962 0 1
391015 1 1
391077 4 -1
391263 7 1
391284 3 1
391325 0 -1
391365 2 -1
391378 1 -1
391403 8 -1
391424 20 1
391435 9 1
391635 0 -1
391639 5 1
391803 4 -1
391822 15 1
391876 6 -1
391881 3 -1
391896 1 1
391997 2 1
391999 0 1
392101 23 1
392166 17 1
392252 0 1
392283 1 1
392295 16 -1
392295 24 1
392424 12 -1
392440 2 -1
392553 0 1
392569 3 1
392766 1 1
392886 5 -1
392918 0 -1
392940 13 -1
392975 2 -1
392988 4 1
393015 3 -1
393069 22 -1
393141 20 -1
393171 0 -1
393208 21 -1
393238 1 1
393246 7 1
393262 19 -1
393456 25 -1
393472 17 1
393498 15 1
393541 14 1
393595 2 1
393627 1 1
393630 3 1
393649 0 1
393649 18 1
393657 4 -1
393842 6 -1
393875 5 1
394014 8 1
394033 2 -1
394082 0 1
394100 10 -1
394108 1 1
394213 16 -1
394380 0 1
394417 3 1
394495 7 1
394653 1 1
394665 0 -1
394717 4 -1
394745 11 1
394751 2 1
394896 9 1
394931 3 1
394955 0 -1
395003 23 -1
395007 1 1
395019 5 1
395369 0 -1
395390 21 1
395414 2 1
395476 12 -1
395564 1 1
395616 6 -1
395648 26 -1
395686 3 -1
395756 0 -1
395820 18 1
395826 2 -1
395842 4 1
395842 16 -1
395998 0 1
396035 17 -1
396063 1 -1
396196 7 1
396229 8 -1
396376 0 1
396398 1 -1
396422 5 -1
396465 15 1
396487 3 1
396497 6 1
396508 14 1
396513 2 1
396583 22 1
396599 4 1
396704 0 -1
396724 1 -1
396852 27 1
396962 3 1
396986 0 1
397067 24 1
397083 1 -1
397148 2 -1
397228 20 -1
397282 5 1
397337 4 1
397408 0 1
397526 19 -1
397540 2 -1
397561 3 1
397712 13 -1
397714 1 1
397905 21 -1
397908 0 -1
398026 4 -1
398115 16 1
398166 2 1
398174 3 1
398204 1 -1
398303 5 1
398324 6 -1
398347 0 1
398550 1 1
398647 0 -1
398776 17 1
398787 9 -1
398835 2 1
398916 18 1
398948 0 1
399034 7 -1
399062 1 -1
399131 5 -1
399131 15 -1
399147 3 1
399223 0 -1
399254 2 -1
399300 4 -1
399375 1 -1
399679 2 -1
399692 0 -1
399743 1 -1
399776 8 1
399840 23 -1
399883 14 1
399904 19 1
399915 3 1
400034 31 -1
400039 6 1
400076 0 -1
400098 2 1
400227 22 1
400227 16 1
400296 1 1
400324 20 1
400361 3 -1
400364 4 -1
400418 0 -1
400453 5 -1
400485 17 1
400634 1 -1
400670 2 1
400743 7 1
400764 21 1
400904 6 1
400904 0 -1
400985 4 -1
401098 3 1
401116 1 -1
401221 0 1
401323 2 -1
401469 0 1
401581 3 1
401638 1 1
401646 12 -1
401667 15 -1
401791 2 -1
401807 22 1
401850 5 1
401904 25 1
401968 0 -1
401968 8 1
401988 4 1
401996 1 1
402011 3 1
402258 20 -1
402260 1 -1
402468 2 -1
402485 0 -1
402538 21 -1
402538 18 -1
402605 1 -1
402629 19 -1
402629 7 1
402645 10 1
402686 4 -1
402720 5 -1
402747 3 1
402758 13 1
402785 24 -1
402806 16 1
402828 6 1
402871 26 -1
402962 2 -1
402978 9 1
403046 0 1
403105 1 -1
403193 3 -1
403274 0 -1
403387 11 -1
403419 2 -1
403472 4 1
403497 0 1
403637 1 1
403817 28 -1
403884 0 1
403907 1 1
404075 3 -1
404096 17 -1
404123 5 -1
404129 2 1
404161 22 -1
404223 0 1
404290 23 -1
404354 1 -1
404459 4 -1
404526 14 1
404548 20 1
404591 6 1
404591 15 1
404610 2 1
404661 0 -1
404729 1 -1
404795 3 1
404935 5 -1
404935 12 -1
404967 7 1
405050 0 -1
405085 18 1
405146 1 -1
405160 19 1
405182 2 -1
405184 4 -1
405327 0 1
405348 3 -1
405429 21 1
405565 1 -1
405612 6 -1
405687 8 -1
405757 0 1
405768 2 -1
405794 5 1
405864 3 -1
405870 20 1
405942 1 -1
406138 27 1
406165 2 -1
406224 16 1
406257 22 1
406257 7 -1
406305 4 -1
406332 0 -1
406356 3 -1
406439 9 -1
406482 1 -1
406590 2 1
406676 17 -1
406700 0 -1
406869 29 1
406951 0 -1
407004 5 -1
407009 3 -1
407033 1 -1
407060 2 1
407160 13 -1
407192 15 -1
407232 4 1
407288 19 -1
407318 0 1
407321 21 -1
407353 6 1
407361 1 -1
407385 18 -1
407450 23 -1
407554 0 -1
407702 1 1
407775 2 1
407800 0 1
407807 3 1
407880 5 1
407958 4 1
407974 7 1
408056 1 1
408116 14 1
408159 25 -1
408336 3 1
408355 0 1
408417 6 1
408452 2 -1
408582 1 -1
408740 17 -1
408761 8 -1
408890 24 -1
408901 2 1
408941 4 -1
409000 0 1
409014 3 1
409046 1 -1
409062 21 -1
409309 5 -1
409431 1 1
409444 3 -1
409470 6 -1
409513 20 1
409567 0 1
409594 16 1
409610 2 -1
409664 15 1
409750 9 -1
409820 0 1
409836 26 -1
409916 3 1
409927 1 1
409941 4 1
409997 22 1
410137 0 -1
410228 2 -1
410231 7 1
410255 1 1
410416 23 1
410505 0 1
410521 4 -1
410604 3 1
410612 1 1
410631 2 -1
410653 5 -1
410755 0 1
410954 12 -1
411034 3 1
411045 6 1
411126 8 -1
411126 18 -1
411130 1 -1
411182 0 1
411384 2 1
411416 7 1
411512 19 -1
411513 1 1
411534 0 -1
411581 4 -1
411604 5 1
411684 3 1
411773 0 1
411964 20 -1
411964 21 -1
412050 6 1
412065 1 -1
412072 0 1
412088 2 -1
412329 14 1
412356 0 -1
412367 3 1
412512 2 1
412577 1 1
412617 4 -1
412738 16 1
412738 0 1
412848 3 -1
412903 1 1
412931 22 -1
412932 17 1
412996 5 -1
413103 8 1
413195 2 -1
413280 1 1
413286 23 -1
413290 4 1
413318 24 -1
413321 0 -1
413512 7 -1
413533 21 -1
413533 9 -1
413572 1 -1
413608 6 -1
413635 2 1
413668 3 1
413705 19 1
413834 11 1
413899 10 1
413947 4 -1
413971 0 -1
414033 2 1
414149 1 1
414189 13 1
414232 5 1
414240 0 1
414307 31 -1
414318 20 1
414463 3 -1
414503 0 1
414624 1 1
414648 4 -1
414683 2 1
414759 18 1
414888 8 1
414930 3 1
414967 1 1
415022 0 1
415070 5 -1
415129 2 -1
415167 6 1
415350 22 1
415409 0 1
415491 1 1
415653 0 1
415672 4 1
415836 2 -1
415855 27 1
415893 3 1
415962 25 1
416018 0 1
416027 28 1
416033 1 1
416092 16 -1
416172 7 1
416199 15 -1
416269 6 -1
416351 0 -1
416398 5 -1
416410 1 1
416478 17 -1
416524 2 -1
416537 3 1
416605 0 -1
416728 4 1
416752 19 -1
416801 21 -1
416902 1 -1
416930 20 -1
416967 2 1
416970 0 -1
417096 3 -1
417177 6 1
417260 0 1
417405 1 1
417435 2 1
417446 4 1
417486 7 -1
417532 12 1
417580 3 1
417585 8 -1
417599 0 1
417714 5 1
417724 1 1
417900 2 1
417919 24 -1
418031 3 -1
418091 23 -1
418139 0 -1
418166 6 1
418276 1 1
418392 9 -1
418429 0 1
418530 4 -1
418607 14 1
418607 1 1
418639 5 1
418652 2 1
418668 0 1
418865 7 -1
418929 1 1
418961 3 1
419192 0 -1
419211 4 1
419316 22 1
419327 2 1
419429 1 1
419477 5 -1
419477 6 -1
419574 10 -1
419683 0 1
419779 1 -1
419832 21 1
419845 2 1
419852 4 1
419891 3 1
420201 0 1
420310 1 -1
420315 20 1
420364 7 1
420412 3 -1
420418 5 -1
420477 2 -1
420501 0 1
420807 1 1
420858 0 1
420864 26 1
420880 4 1
420928 8 1
420928 18 -1
420963 2 1
421036 6 -1
421106 3 1
421154 16 -1
421176 1 1
421221 0 -1
421404 2 -1
421460 19 -1
421471 0 1
421490 1 1
421517 4 1
421589 3 1
421605 22 -1
421713 5 -1
421745 15 1
421745 9 1
421827 1 1
421852 21 -1
421877 0 -1
422014 3 1
422078 2 -1
422180 6 -1
422186 20 -1
422237 0 1
422282 25 -1
422390 24 -1
422454 1 -1
422457 0 1
422524 7 -1
422581 4 1
422600 2 1
422605 8 -1
422737 3 -1
422782 0 -1
422895 23 -1
422964 1 1
422997 5 1
423089 10 1
423164 12 1
423175 3 -1
423250 17 1
423320 2 1
423341 1 1
423368 0 -1
423594 18 1
423701 4 1
423884 5 -1
423899 1 -1
423900 3 -1
423967 0 -1
424024 19 1
424024 2 -1
424110 21 1
424153 6 -1
424185 22 1
424233 1 -1
424370 4 -1
424502 2 -1
424585 3 -1
424626 0 1
424649 1 1
424881 0 1
424894 7 1
425034 5 1
425048 3 1
425048 4 1
425066 8 1
425128 0 -1
425166 1 -1
425185 6 1
425254 2 -1
425367 9 1
425491 3 1
425535 1 -1
425684 4 1
425766 0 -1
425894 23 1
425921 5 1
425969 2 1
425980 3 1
426059 1 -1
426071 6 -1
426087 20 -1
426225 7 -1
426259 21 -1
426324 0 -1
426426 19 -1
426426 2 -1
426603 1 -1
426657 5 -1
426708 4 -1
426732 3 1
426883 0 -1
426916 1 -1
427109 2 1
427213 0 1
427214 1 -1
427388 6 -1
427420 3 1
427474 22 -1
427528 0 -1
427575 1 1
427796 4 1
427807 2 -1
427856 3 1
427926 25 -1
427968 5 -1
427990 8 1
428079 1 -1
428140 0 -1
428342 2 1
428345 16 1
428377 7 1
428414 6 1
428433 4 1
428599 1 1
428667 18 1
428708 0 1
428737 3 -1
428753 9 -1
428759 2 -1
428839 5 1
428970 1 1
428973 20 1
429183 19 1
429183 3 -1
429183 0 1
429191 2 1
429205 21 1
429430 0 -1
429447 1 1
429477 4 1
429527 24 1
429570 17 -1
429648 3 1
429667 0 1
429751 1 -1
429764 8 -1
429828 2 -1
429973 22 1
430008 0 1
430118 5 -1
430118 6 -1
430130 1 -1
430235 4 1
430344 12 -1
430360 3 -1
430363 0 1
430489 2 -1
430654 1 -1
430688 9 -1
430774 0 -1
430848 4 1
430927 3 -1
430962 2 -1
430993 1 1
431126 7 1
431279 20 -1
431322 0 1
431435 5 -1
431489 6 1
431493 1 -1
431569 23 -1
431623 3 -1
431658 0 1
431679 2 1
431751 4 -1
431892 0 -1
431900 10 -1
431906 1 -1
432150 21 -1
432198 2 -1
432254 1 1
432284 5 1
432367 3 -1
432408 11 -1
432451 6 1
432459 0 -1
432494 8 1
432528 4 -1
432559 1 1
432569 7 1
432623 18 1
432633 2 1
432784 3 -1
432911 1 -1
432945 9 -1
433138 15 1
433147 0 1
433257 5 -1
433278 3 -1
433383 1 -1
433391 2 1
433445 6 1
433621 4 1
433633 19 1
433697 17 1
433762 0 -1
433826 3 1
433845 2 1
433939 1 -1
433993 0 1
434117 5 1
434258 0 1
434266 1 1
434342 22 1
434439 6 1
434493 2 -1
434504 7 -1
434517 3 1
434643 21 1
434778 1 -1
434794 4 1
434823 0 1
434890 23 1
434944 31 1
435088 1 -1
435159 0 -1
435194 2 -1
435342 20 -1
435420 0 1
435447 1 -1
435460 8 1
435466 3 1
435508 5 -1
435519 4 1
435675 2 -1
435780 0 1
435933 3 -1
435955 1 1
435998 6 -1
436024 0 -1
436111 2 1
436148 18 -1
436200 4 1
436213 10 1
436266 0 1
436289 1 -1
436395 9 -1
436503 7 -1
436562 2 -1
436707 11 1
436755 3 -1
436771 1 -1
436801 4 1
436814 5 -1
436879 0 -1
437094 24 -1
437202 8 1
437244 2 1
437261 1 1
437400 0 -1
437443 3 -1
437610 6 1
437611 1 -1
437744 4 1
437766 5 -1
437857 20 1
437927 2 1
437938 7 1
438013 3 1
438024 0 -1
438103 1 -1
438305 0 1
438319 9 -1
438365 2 -1
438384 27 -1
438405 19 1
438577 0 -1
438647 10 1
438679 1 1
438728 14 1
438760 4 -1
438781 6 -1
438814 3 -1
438986 21 1
438991 2 1
439004 1 1
439082 0 1
439136 5 1
439249 3 -1
439308 22 1
439445 4 1
439453 2 -1
439461 0 1
439494 1 -1
439534 23 1
439631 26 1
439711 0 1
439760 8 -1
439924 2 1
439985 1 -1
440090 0 -1
440139 7 -1
440146 5 -1
440190 3 -1
440300 1 -1
440335 6 -1
440505 4 1
440528 2 1
440550 20 -1
440614 1 -1
440714 0 1
440945 1 1
441001 3 1
441001 2 1
441017 5 1
441106 4 -1
441232 9 -1
441289 0 1
441297 6 -1
441307 11 1
441422 1 1
441485 3 -1
441501 7 1
441522 21 -1
441732 2 1
441748 8 -1
441786 0 -1
441811 4 -1
441962 1 1
442087 3 -1
442331 1 1
442339 6 -1
442365 0 -1
442436 2 1
442447 5 1
442500 19 1
442630 10 -1
442640 0 1
442726 16 1
442748 3 1
442791 17 1
442799 4 1
442879 1 1
442887 7 1
442890 2 1
442914 0 -1
443270 1 1
443334 2 -1
443350 8 -1
443371 5 1
443371 22 1
443457 0 1
443500 4 -1
443532 3 -1
443649 1 1
443785 2 -1
443812 0 1
443941 6 1
443952 25 1
443973 24 1
444035 0 -1
444194 1 1
444414 3 1
444427 2 1
444446 0 1
444548 1 -1
444629 4 1
444672 0 -1
444768 5 -1
444801 3 1
444838 7 -1
444844 9 -1
444881 6 1
444898 0 1
445043 2 -1
445072 1 -1
445177 10 1
445220 21 -1
445243 0 1
445435 20 -1
445497 0 1
445516 4 -1
445567 2 1
445612 1 -1
445698 3 -1
445846 0 1
446011 1 1
446058 8 1
446080 7 -1
446144 5 1
446217 4 1
446252 6 1
446276 2 -1
446384 0 -1
446406 1 1
446553 18 1
446596 22 -1
446601 3 1
446639 11 -1
446711 0 1
446746 2 -1
446789 9 -1
446848 1 1
446854 23 -1
446878 4 -1
447036 3 -1
447053 0 -1
447144 5 -1
447198 2 1
447398 1 -1
447547 4 1
447606 0 -1
447800 2 1
447843 3 1
447886 8 1
447904 1 1
447934 7 -1
447977 0 1
448036 6 -1
448101 5 -1
448112 10 1
448200 1 -1
448208 20 1
448231 0 1
448385 2 1
448533 3 1
448649 0 -1
448659 4 -1
448680 1 -1
448876 0 1
448963 3 1
449002 1 -1
449020 5 -1
449076 2 -1
449132 0 1
449175 19 -1
449353 1 1
449509 6 1
449675 4 -1
449735 21 -1
449745 0 1
449745 2 -1
449777 12 -1
449881 1 -1
449906 3 1
449992 9 -1
450199 2 -1
450209 1 -1
450250 5 -1
450331 0 1
450344 7 1
450374 3 -1
450409 4 -1
450557 8 -1
450594 6 -1
450602 2 -1
450659 22 -1
450723 1 1
450836 0 1
450992 3 -1
451091 2 1
451180 0 1
451255 1 1
451460 0 1
451519 6 1
451551 5 -1
451554 4 1
451630 1 -1
451747 2 -1
451771 10 -1
451793 3 -1
451820 7 1
452000 0 -1
452013 23 -1
452045 1 1
452223 3 1
452333 0 -1
452365 2 1
452404 1 -1
452448 5 -1
452473 4 -1
452529 13 1
452551 0 -1
452593 19 1
452792 2 -1
452814 6 1
452852 21 1
452932 1 1
452960 0 1
453034 8 1
453088 3 1
453131 9 -1
453166 4 1
453222 0 1
453303 20 1
453351 7 -1
453404 1 1
453486 0 1
453502 2 1
453701 5 1
453738 1 -1
453986 3 -1
454034 11 -1
454066 0 1
454077 4 1
454166 2 -1
454303 1 1
454424 0 -1
454432 3 -1
454464 24 1
454528 8 -1
454544 7 1
454609 2 1
454614 6 -1
454625 5 1
454657 1 -1
454687 0 -1
454786 10 1
454808 18 -1
454972 3 1
455020 4 1
455048 1 -1
455071 0 -1
455281 2 -1
455321 0 -1
455394 5 1
455431 9 1
455555 3 1
455574 0 1
455587 6 -1
455633 1 -1
455758 4 1
455928 0 -1
455947 2 -1
455973 1 -1
456213 0 1
456329 3 1
456334 22 -1
456420 2 -1
456463 8 1
456568 1 -1
456595 0 -1
456689 7 -1
456769 4 -1
456775 5 -1
456850 17 1
457054 3 1
457126 1 -1
457151 0 -1
457167 2 -1
457237 19 1
457355 6 1
457422 4 1
457467 1 1
457519 3 -1
457625 0 -1
457721 2 -1
457785 5 1
457817 21 1
457821 1 -1
458016 0 -1
458039 4 1
458132 2 1
458156 1 1
458204 8 -1
458226 6 1
458226 9 1
458272 0 -1
458285 3 -1
458620 0 1
458664 7 -1
458712 1 -1
458779 3 1
458788 2 1
458962 4 1
459064 5 -1
459064 15 -1
459107 12 -1
459172 20 -1
459193 6 1
459215 0 1
459220 1 -1
459250 2 1
459269 10 1
459346 3 1
459432 0 1
459545 1 -1
459672 0 -1
459720 4 -1
459903 2 -1
460013 0 -1
460021 3 1
460046 1 1
460075 7 -1
460314 0 -1
460510 5 -1
460518 3 1
460566 1 1
460618 2 1
460701 0 -1
460709 8 -1
460720 6 1
460849 13 1
460865 4 -1
460939 1 -1
461066 0 -1
461101 2 -1
461193 9 -1
461327 3 1
461343 11 -1
461354 0 1
461429 23 -1
461450 5 -1
461479 1 -1
461590 2 1
461601 18 1
461602 0 1
461866 4 1
461889 0 -1
461923 6 1
462009 1 -1
462018 7 1
462042 2 1
462074 16 1
462300 0 1
462328 1 1
462343 3 1
462402 5 1
462513 4 -1
462662 0 -1
462757 2 -1
462868 1 -1
462955 0 -1
463041 3 1
463170 4 -1
463203 1 -1
463289 5 -1
463380 7 -1
463407 0 -1
463407 9 -1
463423 2 -1
463493 10 1
463530 3 -1
463536 8 -1
463549 1 1
463557 6 1
463633 0 -1
463751 20 -1
463888 0 -1
463920 4 1
463933 3 -1
463934 2 1
464009 21 -1
464009 24 1
464081 1 1
464398 0 -1
464417 11 -1
464428 1 1
464525 22 -1
464589 2 1
464594 5 -1
464732 3 1
464758 7 -1
464761 0 1
464984 1 -1
465000 4 1
465046 2 -1
465105 12 1
465110 0 1
465213 14 1
465223 8 1
465433 3 1
465476 6 -1
465488 1 1
465499 0 1
465514 2 -1
465578 9 1
465823 1 1
465844 0 -1
465914 3 -1
466035 5 1
466056 4 -1
466097 0 -1
466185 2 1
466197 1 1
466234 10 1
466309 6 1
466547 0 1
466572 1 1
466629 7 -1
466631 2 -1
466733 4 1
466819 3 1
466938 0 1
467029 5 -1
467088 1 1
467185 0 1
467336 2 -1
467416 3 1
467534 11 -1
467604 1 1
467610 0 -1
467706 6 1
467802 4 -1
467841 3 -1
467878 7 -1
467889 0 1
467932 8 -1
467939 1 -1
467964 21 1
467964 9 1
468074 2 1
468155 0 -1
468351 5 -1
468394 20 -1
468430 4 -1
468453 1 1
468523 2 1
468526 0 -1
468588 19 -1
468690 3 1
468762 0 1
468805 1 -1
468867 12 1
469010 2 1
469104 13 -1
469112 1 -1
469160 4 -1
469173 3 -1
469176 0 -1
469432 2 -1
469469 6 1
469555 22 -1
469684 1 1
469749 8 -1
469797 0 1
469888 5 1
470043 1 1
470109 0 1
470109 2 -1
470111 7 1
470141 3 1
470168 4 1
470434 0 -1
470490 6 1
470571 1 1
470737 3 -1
470850 2 1
470885 4 1
470899 5 1
470985 0 1
471159 1 1
471184 10 1
471232 9 1
471342 2 -1
471382 3 -1
471404 31 -1
471478 1 1
471554 8 -1
471640 0 1
471901 4 -1
472025 0 -1
472060 3 -1
472062 1 1
472092 2 1
472097 6 1
472189 5 1
472215 7 -1
472331 0 -1
472522 21 1
472549 2 1
472592 0 -1
472602 1 1
472694 11 -1
472699 3 1
472823 18 -1
472836 4 -1
472938 0 1
472979 2 -1
472981 1 -1
473167 20 -1
473387 0 1
473478 6 -1
473500 5 1
473559 3 1
473566 1 -1
473570 4 -1
473683 7 -1
473699 2 -1
473812 25 1
473943 0 1
474122 1 1
474129 2 1
474166 8 -1
474190 4 -1
474312 0 1
474381 6 1
474419 5 1
474440 3 -1
474505 1 -1
474571 0 1
474715 9 1
474795 2 1
474833 3 -1
474844 24 -1
474860 1 -1
474908 4 1
474927 0 1
475015 12 -1
475224 1 -1
475300 0 -1
475349 6 -1
475499 2 1
475532 0 1
475564 3 1
475725 5 1
475763 10 1
475779 7 -1
475781 1 -1
475854 8 1
475943 2 1
475948 4 1
475956 0 -1
476026 3 1
476256 1 -1
476305 6 -1
476429 2 1
476477 0 1
476611 1 -1
476628 9 1
476638 5 1
476649 11 1
476682 3 -1
476738 0 1
476934 2 -1
476935 4 -1
476973 0 -1
477036 23 1
477185 1 -1
477313 0 -1
477337 21 1
477536 1 1
477543 0 1
477544 4 -1
477649 2 -1
477665 5 -1
477681 3 1
477746 7 1
477877 0 -1
477923 1 1
477939 22 1
478014 6 -1
478221 0 1
478337 3 -1
478337 2 1
478467 1 -1
478473 0 1
478563 8 -1
478665 4 -1
478741 0 1
478745 10 -1
478762 2 -1
478794 1 -1
478982 5 -1
478994 0 1
479036 3 1
479229 7 1
479302 1 1
479366 4 -1
479390 6 1
479417 0 1
479479 2 -1
479707 3 1
479785 1 1
479885 9 1
479895 5 -1
479938 2 1
479995 0 -1
480136 4 1
480164 1 1
480175 14 1
480191 3 -1
480261 15 1
480328 0 1
480411 2 -1
480422 6 1
480531 1 1
480559 0 -1
480583 20 1
480849 0 1
480882 1 -1
481040 3 1
481072 2 -1
481172 0 -1
481188 4 1
481282 8 1
481314 5 -1
481406 7 -1
481406 1 1
481422 19 1
481551 2 -1
481691 0 -1
481787 9 1
481965 6 -1
481981 3 1
481998 1 1
482002 4 1
482053 0 -1
482239 18 -1
482282 2 1
482354 0 -1
482385 1 1
482448 3 -1
482502 10 -1
482776 5 -1
482794 0 -1
482929 1 -1
482959 8 -1
482997 2 1
483021 0 1
483066 4 1
483067 6 1
483120 11 -1
483136 3 -1
483319 0 -1
483357 13 1
483405 2 1
483482 1 1
483486 7 -1
483701 0 -1
483722 5 -1
483804 1 1
483851 9 -1
483937 12 -1
483977 0 1
484061 2 1
484151 4 -1
484157 6 -1
484211 3 -1
484324 22 -1
484324 1 -1
484421 0 1
484700 5 1
484716 2 1
484813 3 -1
484836 1 1
484840 4 1
484937 0 1
484945 7 -1
485179 0 1
485179 1 1
485187 2 -1
485329 3 -1
485528 0 1
485557 4 -1
485635 5 1
485707 1 1
485721 8 1
485743 6 1
485823 3 -1
485872 0 -1
485872 2 -1
486071 1 1
486122 4 1
486173 0 -1
486194 21 1
486210 7 1
486408 1 -1
486557 0 -1
486581 2 1
486662 3 -1
486861 6 -1
486916 1 1
486968 23 1
487057 2 -1
487065 10 1
487097 9 1
487148 0 -1
487178 4 1
487237 5 1
487252 1 1
487430 3 -1
487433 0 1
487522 2 -1
487670 7 1
487680 0 1
487875 1 -1
487957 2 1
488118 3 -1
488266 0 -1
488310 4 1
488397 1 -1
488409 11 -1
488516 14 1
488629 5 -1
488645 2 -1
488677 6 -1
488720 8 -1
488746 1 1
488833 0 1
488865 3 -1
488976 4 -1
489084 1 -1
489309 2 -1
489312 9 1
489344 3 1
489352 0 1
489431 1 1
489548 5 -1
489564 0 -1
489661 7 -1
489774 2 -1
489817 3 -1
489892 12 -1
489911 0 -1
489951 10 1
489991 4 1
490028 1 1
490225 6 1
490462 2 1
490470 0 -1
490483 3 1
490487 1 1
490515 8 -1
490652 4 -1
490850 1 1
490886 5 1
490924 2 1
491037 0 -1
491128 3 -1
491313 4 1
491359 2 -1
491370 1 1
491397 6 1
491483 22 1
491622 5 -1
491682 0 -1
491692 7 -1
491696 1 1
491875 3 1
491956 18 -1
492059 1 1
492063 11 -1
492074 2 -1
492270 0 1
492364 9 1
492386 4 1
492542 5 -1
492547 10 -1
492563 3 1
492563 1 1
492563 2 1
492687 6 1
492773 20 -1
492853 0 1
492928 1 1
493144 7 -1
493160 4 1
493162 3 1
493203 0 -1
493238 2 1
493332 8 1
493418 12 -1
493436 0 1
493518 1 -1
493590 3 -1
493866 0 -1
493869 6 1
493944 5 1
493966 2 1
494056 1 -1
494079 3 1
494202 0 1
494328 4 -1
494390 2 -1
494441 1 -1
494466 0 1
494772 13 -1
494788 1 1
494869 5 1
494874 2 1
494960 3 -1
495054 0 -1
495078 7 1
495137 9 -1
495143 1 -1
495240 10 1
495352 11 1
495363 2 -1
495403 0 1
495421 4 1
495508 6 1
495651 0 1
495659 1 1
495696 3 -1
495987 0 -1
495997 15 -1
496062 8 -1
496094 2 -1
496114 4 -1
496167 1 -1
496180 5 1
496218 0 1
496228 3 -1
496525 1 -1
496546 0 1
496562 7 1
496793 2 1
496908 0 -1
496997 3 -1
497070 1 -1
497072 14 -1
497114 4 1
497213 0 -1
497268 2 -1
497309 6 -1
497395 9 1
497444 1 -1
497685 5 -1
497688 0 -1
497712 3 -1
497811 1 1
497868 8 -1
497911 2 1
498029 7 1
498069 4 -1
498107 0 -1
498190 6 1
498206 3 1
498295 1 -1
498341 0 1
498362 2 1
498577 23 -1
498620 5 -1
498650 1 1
498679 0 -1
498730 4 1
498824 2 1
498905 3 1
499026 0 -1
499050 11 1
499114 12 -1
499178 1 1
499222 9 1
499351 19 1
499367 0 1
499544 5 -1
499545 2 1
499694 1 -1
499695 8 -1
499722 6 -1
499726 4 -1
499727 3 1
499867 21 1
499980 0 -1
499996 10 -1
500036 1 1
500042 2 -1
500211 3 1
500238 7 -1
500318 5 -1
500443 1 1
500539 0 -1
500657 4 -1
500759 2 1
500764 0 1
500802 1 -1
501006 6 1
501028 3 -1
501039 0 -1
501125 9 1
501294 4 -1
501377 2 -1
501382 1 1
501463 3 1
501544 8 -1
501573 0 -1
501656 5 1
501705 7 1
501866 2 1
501898 3 1
501900 1 1
501951 4 1
501963 6 1
502242 0 1
502257 1 -1
502296 2 -1
502425 12 -1
502644 4 -1
502749 1 1
502764 2 -1
502796 3 -1
502796 0 1
503059 0 1
503112 1 -1
503113 5 -1
503280 0 -1
503446 3 1
503462 2 -1
503487 1 -1
503648 0 -1
503672 7 -1
503680 4 -1
503801 10 -1
503844 6 1
503984 0 1
504027 5 -1
504059 9 1
504071 1 1
504140 2 1
504290 3 1
504424 11 -1
504424 8 -1
504438 1 -1
504481 0 -1
504634 2 -1
504708 4 -1
504970 1 1
505010 0 -1
505080 3 -1
505309 2 -1
505327 0 1
505381 6 -1
505478 1 -1
505498 4 1
505553 3 1
505575 5 1
505585 0 -1
505790 2 -1
505825 1 1
506026 7 1
506109 0 1
506112 3 1
506220 10 -1
506265 2 1
506273 6 1
506348 13 1
506389 1 -1
506488 5 1
506502 3 1
506512 0 1
506598 4 1
506617 12 -1
506744 0 -1
506899 2 -1
506925 1 -1
507144 8 1
507190 3 -1
507203 0 1
507264 1 1
507272 4 1
507364 2 -1
507456 5 -1
507477 0 -1
507509 7 1
507628 9 1
507735 20 -1
507746 6 -1
507751 1 -1
507762 0 1
507953 4 -1
508015 3 1
508074 2 1
508295 1 1
508383 0 -1
508563 6 -1
508634 1 -1
508638 19 1
508692 3 1
508759 0 -1
508778 2 1
508896 5 -1
509022 0 -1
509035 1 1
509047 8 -1
509073 4 1
509073 7 -1
509256 2 -1
509304 3 1
509364 0 -1
509374 1 -1
509487 6 1
509552 9 1
509681 2 1
509702 4 1
509756 11 -1
509799 5 -1
509920 1 -1
509982 3 -1
510003 0 1
510132 2 -1
510138 10 1
510250 22 1
510355 7 1
510492 1 1
510546 3 1
510573 13 -1
510586 0 -1
510774 4 1
510777 6 1
510809 2 1
510839 1 -1
511167 0 1
511196 5 1
511304 3 1
511403 1 1
511489 2 -1
511669 8 -1
511695 1 1
511723 6 1
511734 14 1
511753 0 1
511857 3 1
511890 2 -1
511959 4 1
512020 1 1
512086 0 -1
512185 12 -1
512389 9 -1
512412 0 1
512532 1 1
512556 7 1
512577 5 1
512642 2 -1
512701 4 -1
512744 3 1
512756 0 -1
512878 1 1
513024 21 -1
513040 0 1
513233 10 -1
513327 2 1
513368 6 -1
513400 8 1
513416 0 1
513419 4 1
513495 1 1
513529 5 -1
513599 3 1
513668 11 1
513800 0 1
513819 2 -1
514019 1 -1
514064 0 1
514104 4 -1
514217 3 -1
514391 0 -1
514406 1 1
514421 5 1
514502 2 1
514614 0 1
514676 7 1
514753 1 -1
514862 3 -1
514915 6 -1
515114 0 1
515120 13 1
515120 1 -1
515152 4 -1
515187 2 -1
515281 8 1
515421 5 -1
515625 9 -1
515652 3 -1
515662 2 -1
515716 1 1
515743 0 1
515894 10 1
516135 7 1
516153 0 1
516178 1 1
516194 6 1
516208 4 -1
516291 3 1
516377 20 -1
516399 2 -1
516442 0 -1
516506 1 1
516657 12 1
516659 0 1
516818 5 -1
516826 2 1
516849 4 -1
516920 0 1
517063 1 1
517076 3 -1
517272 0 -1
517280 2 1
517366 6 1
517403 1 -1
517710 3 -1
517760 1 1
517775 0 1
517818 9 1
517901 4 -1
517963 2 -1
518119 8 1
518132 3 1
518145 5 -1
518183 6 -1
518205 0 -1
518320 7 -1
518352 1 1
518457 2 1
518516 0 -1
518518 4 -1
518554 3 -1
518739 1 1
518764 0 -1
518957 19 1
519027 0 -1
519054 5 -1
519097 3 -1
519167 4 1
519199 2 -1
519258 11 1
519275 1 1
519363 0 1
519824 1 -1
519903 6 -1
519941 2 -1
519981 0 1
520016 3 1
520094 4 -1
520118 8 -1
520199 1 -1
520398 2 -1
520408 7 -1
520521 10 -1
520542 0 1
520558 5 1
520577 1 -1
520809 2 1
520864 4 -1
520865 0 1
520918 1 1
520951 3 1
521099 0 1
521107 21 -1
521271 2 1
521322 9 -1
521461 5 1
521476 1 1
521488 0 1
521623 3 1
521773 6 -1
521812 0 1
521831 4 1
521908 7 1
522004 2 1
522024 1 -1
522152 0 -1
522311 3 1
522369 1 1
522429 5 -1
522703 3 1
522703 0 -1
522714 2 -1
522827 15 -1
522907 4 1
522923 1 -1
522931 0 1
522977 6 -1
522999 12 1
523117 3 -1
523138 8 1
523160 2 -1
523192 11 -1
523192 0 -1
523274 1 1
523472 10 -1
523532 4 1
523596 1 1
523821 2 -1
523834 0 -1
523837 5 1
523858 3 1
524060 7 1
524125 1 1
524224 0 -1
524266 4 1
524305 2 -1
524450 0 1
524504 1 1
524557 3 1
524611 9 -1
524632 16 -1
524772 5 -1
524778 2 1
524804 6 -1
524891 0 1
524963 4 -1
525060 1 1
525181 0 -1
525331 3 1
525414 0 1
525484 2 1
525535 20 -1
525578 14 -1
525618 1 -1
525898 0 -1
525912 6 1
525944 2 1
525987 4 -1
525997 1 -1
526030 8 1
526196 7 -1
526207 5 -1
526313 1 -1
526347 3 -1
526440 0 1
526626 2 1
526675 9 1
526692 1 -1
526739 11 -1
526911 3 1
526952 0 -1
526954 13 1
526958 4 1
527204 1 1
527212 6 -1
527304 2 1
527465 3 -1
527470 10 -1
527484 0 -1
527648 7 -1
527653 5 1
527716 4 1
527760 2 1
527778 1 -1
528094 8 -1
528109 1 -1
528126 3 1
528137 0 1
528416 12 -1
528443 2 -1
528593 5 -1
528615 1 1
528735 0 1
528808 4 1
529018 6 1
529100 0 1
529126 2 1
529158 3 1
529163 1 1
529362 21 1
529384 0 -1
529486 4 -1
529502 1 -1
529550 7 -1
529612 0 -1
529633 2 -1
529813 3 -1
529836 0 1
530028 6 1
530030 1 1
530050 8 1
530104 5 -1
530211 3 -1
530225 0 1
530286 9 1
530313 2 1
530328 4 -1
530558 1 -1
530835 3 -1
530845 0 -1
530921 7 -1
530949 1 -1
531012 2 1
531211 22 -1
531248 3 1
531356 6 1
531369 0 1
531408 4 1
531461 2 1
531479 5 1
531570 1 1
531603 0 -1
531668 3 -1
531694 10 1
531848 0 -1
531893 2 -1
531916 1 -1
532085 4 -1
532092 8 1
532157 9 -1
532243 7 1
532311 1 -1
532323 2 1
532382 5 1
532409 0 -1
532468 3 1
532673 12 -1
532726 6 -1
532863 1 -1
532949 0 -1
533065 2 -1
533146 3 1
533146 4 -1
533214 1 1
533608 0 1
533731 5 -1
533736 1 -1
533740 2 1
533823 6 1
533831 0 -1
533898 3 -1
534084 0 -1
534133 4 1
534212 2 1
534302 1 -1
534387 10 1
534430 0 1
534444 7 1
534478 11 -1
534521 3 1
534659 0 -1
534685 1 -1
534801 8 1
534806 4 -1
534908 2 -1
534911 3 1
534994 9 1
534997 0 1
535040 1 1
535102 5 1
535209 15 -1
535333 2 1
535405 1 1
535408 3 1
535588 4 1
535599 0 1
535779 6 -1
535811 2 1
535862 7 1
535955 1 -1
536085 5 -1
536118 3 1
536204 0 1
536241 4 1
536515 1 -1
536526 2 1
536733 0 1
536822 3 1
536910 1 1
536919 10 1
537007 2 -1
537072 0 1
537101 6 1
537112 5 1
537230 12 -1
537343 0 -1
537459 4 -1
537479 1 -1
537553 8 -1
537703 2 1
537708 3 1
537784 0 -1
537878 1 -1
538026 9 -1
538036 5 1
538114 0 1
538128 7 -1
538144 6 1
538225 1 1
538321 3 1
538380 0 -1
538418 2 1
538507 4 -1
538724 13 -1
538809 1 -1
538870 2 1
538945 0 1
539090 3 1
539127 4 -1
539170 1 -1
539342 2 -1
539376 0 1
539391 5 -1
539423 6 1
539477 8 1
539618 0 1
539622 3 1
539704 1 -1
539821 2 -1
539821 10 1
539896 14 -1
539960 0 -1
540154 3 1
540159 7 -1
540220 1 1
540240 4 1
540245 0 1
540530 2 -1
540568 0 -1
540587 1 -1
540648 9 -1
540810 5 1
540903 1 1
541041 6 -1
541116 3 1
541215 4 -1
541226 0 -1
541242 2 -1
541268 1 -1
541564 0 1
541578 3 -1
541667 7 1
541702 12 -1
541707 5 1
541707 2 -1
541838 1 -1
541860 0 -1
541985 4 -1
542003 11 1
542073 6 1
542089 8 -1
542215 0 1
542368 1 -1
542411 2 -1
542443 3 -1
542527 0 1
542744 0 -1
542755 1 -1
542981 7 -1
543037 4 -1
543056 0 -1
543113 2 1
543153 5 1
543158 3 -1
543271 1 1
543309 0 -1
543336 9 1
543368 6 -1
543379 15 1
543564 2 1
543654 1 1
543706 3 1
543728 0 1
543819 10 -1
543970 5 1
544017 1 -1
544021 4 1
544212 3 1
544249 2 -1
544341 0 -1
544400 7 -1
544421 6 1
544581 1 1
544746 4 1
544797 3 1
544918 0 1
544937 5 -1
544937 2 1
544956 1 1
545034 8 1
545287 0 1
545389 2 1
545496 1 1
545504 0 1
545706 3 -1
545722 4 -1
545883 6 1
545894 9 1
545906 0 1
546012 1 -1
546104 2 1
546313 5 1
546379 1 1
546399 4 1
546427 0 1
546456 7 -1
546517 3 1
546577 2 -1
546690 0 -1
546782 1 -1
546934 0 -1
547001 8 -1
547033 3 1
547055 2 -1
547125 1 1
547133 4 -1
547162 11 1
547313 5 -1
547452 6 -1
547463 12 -1
547592 20 1
547630 0 1
547637 1 -1
547710 2 -1
547737 10 -1
547893 3 1
548087 9 -1
548159 0 -1
548173 2 -1
548197 4 1
548217 1 1
548237 7 1
548517 6 1
548525 0 -1
548588 1 1
548630 3 -1
548699 5 1
548812 0 1
548850 4 1
548871 2 -1
549143 0 -1
549145 3 -1
549148 1 -1
549355 0 -1
549507 1 -1
549527 16 1
549562 2 1
549624 7 1
549704 0 -1
549807 8 1
549862 1 1
549982 4 -1
549992 2 -1
550032 5 1
550043 13 1
550059 3 1
550239 0 1
550366 9 -1
550376 1 -1
550398 10 1
550446 2 -1
550580 6 1
550700 1 -1
550731 11 1
550774 0 -1
550903 3 1
550903 2 -1
551006 0 1
551016 5 -1
551035 4 1
551238 1 -1
551242 0 1
551419 3 1
551548 15 -1
551602 2 -1
551637 0 1
551639 7 1
551720 4 -1
551731 6 1
551780 1 -1
551877 0 1
551989 5 -1
552222 1 -1
552240 0 1
552311 3 1
552325 2 -1
552470 4 -1
552515 9 1
552537 8 -1
552752 6 1
552752 1 1
552764 0 1
552811 2 -1
552913 5 -1
552967 3 1
553018 7 1
553020 0 -1
553127 4 1
553280 0 -1
553280 1 -1
553397 12 1
553418 3 1
553518 2 -1
553643 1 1
553660 0 1
553937 0 -1
553991 2 1
554036 3 1
554183 1 -1
554192 6 1
554195 4 1
554316 7 1
554361 0 -1
554386 8 -1
554391 5 1
554431 2 -1
554525 3 1
554600 11 -1
554638 10 -1
554707 1 1
554730 14 1
555009 0 1
555062 1 1
555074 13 -1
555143 2 -1
555213 3 1
555239 4 1
555245 6 -1
555321 0 1
555438 1 1
555525 9 -1
555611 0 1
555611 2 -1
555787 1 -1
555858 5 1
555901 3 1
555904 4 -1
555923 0 -1
556186 7 -1
556198 0 1
556326 2 -1
556347 1 1
556568 3 -1
556630 0 -1
556729 6 1
556804 5 -1
556847 1 -1
556895 4 1
556979 2 -1
557016 0 -1
557094 8 1
557143 3 1
557214 1 -1
557293 0 1
557309 12 -1
557430 2 -1
557552 4 -1
557565 0 1
557589 7 -1
557742 1 1
557831 3 1
557890 2 -1
557906 0 -1
558077 1 1
558244 5 -1
558257 0 1
558258 4 -1
558266 6 1
558368 2 1
558455 1 1
558492 10 1
558513 11 1
558621 3 1
558771 9 -1
558860 0 1
558911 8 1
558943 21 -1
559002 1 1
559021 2 1
559260 3 1
559322 4 -1
559362 1 -1
559448 6 1
559481 0 -1
559610 5 1
559663 2 1
559677 3 -1
559733 7 1
559792 0 1
559890 1 -1
560042 0 1
560048 4 -1
560126 2 1
560362 3 1
560405 5 1
560431 1 -1
560598 6 1
560604 0 1
560652 13 -1
560797 1 -1
560808 3 1
560830 2 1
560921 8 -1
560991 0 -1
561136 4 -1
561168 1 1
561217 0 1
561281 10 1
561289 2 1
561300 3 1
561372 6 1
561458 9 -1
561543 1 1
561552 0 -1
561730 2 1
561732 7 1
561743 5 -1
561943 0 1
562043 1 -1
562156 4 1
562203 0 -1
562332 3 1
562426 2 -1
562571 1 1
562617 0 1
562877 3 1
562899 2 1
562901 4 1
562912 1 -1
562938 0 1
562985 6 -1
563060 5 -1
563168 0 1
563216 7 1
563444 1 1
563458 12 -1
563565 3 1
563608 2 1
563635 0 -1
563845 8 1
563941 5 -1
563952 0 1
563978 1 1
563990 4 -1
564146 11 1
564173 0 -1
564267 2 1
564318 9 -1
564353 1 1
564500 3 1
564519 0 1
564602 7 1
564619 6 -1
564708 2 1
564748 0 -1
564909 1 -1
565070 4 1
565082 0 1
565118 3 -1
565140 2 -1
565199 10 1
565398 5 -1
565433 1 1
565554 3 1
565597 2 -1
565602 0 -1
565747 8 -1
565758 6 1
565771 1 -1
565787 4 1
565836 0 -1
565957 7 -1
566109 0 1
566134 3 -1
566145 9 -1
566317 2 -1
566352 1 -1
566381 5 1
566457 0 -1
566694 1 1
566701 0 -1
566755 4 -1
566940 3 1
567026 31 -1
567032 2 1
567063 1 -1
567102 6 -1
567134 0 -1
567263 5 -1
567456 2 -1
567589 1 -1
567677 3 -1
567714 12 1
567752 0 -1
567835 4 -1
567851 7 1
567960 1 -1
567962 9 1
567994 6 1
568018 0 -1
568160 2 -1
568308 0 1
568370 3 -1
568468 1 1
568553 8 1
568577 4 -1
568612 2 -1
568671 5 -1
568746 15 -1
568813 0 -1
568929 6 1
568996 1 1
569085 2 1
569192 3 -1
569286 4 -1
569312 0 1
569361 1 -1
569520 16 -1
569585 3 -1
569617 10 1
569660 0 -1
569681 5 1
569730 1 1
569794 2 1
569929 0 1
569950 14 -1
569988 3 1
570020 7 -1
570056 4 -1
570105 1 1
570154 0 -1
570251 2 1
570418 0 -1
570611 3 1
570657 1 1
570702 6 -1
570864 0 1
570952 2 -1
571020 3 -1
571044 4 1
571116 5 1
571221 1 1
571261 9 1
571390 8 1
571428 0 -1
571519 7 -1
571600 1 1
571654 2 -1
571783 3 -1
571788 6 1
571955 0 1
572084 4 1
572111 2 -1
572118 1 1
572121 11 1
572143 12 1
572213 0 1
572229 10 -1
572433 3 1
572475 1 -1
572511 0 1
572583 5 1
572680 4 -1
572809 13 -1
572813 1 -1
572820 2 -1
572823 3 1
573075 0 1
573153 9 1
573261 6 -1
573358 1 -1
573358 8 -1
573400 3 -1
573486 5 1
573503 2 1
573527 7 -1
573599 0 -1
573698 1 1
573837 4 -1
573863 3 1
573938 0 1
573981 2 -1
574231 0 1
574264 1 1
574411 5 1
574529 0 -1
574567 4 -1
574610 3 1
574685 2 1
574803 0 1
574809 7 -1
574829 1 -1
574878 6 -1
575212 3 1
575216 1 -1
575274 0 -1
575276 4 1
575357 5 -1
575368 2 -1
575421 8 -1
575625 3 -1
575746 1 -1
575840 0 -1
575841 17 1
575843 2 1
575894 6 -1
576098 10 1
576163 9 -1
576244 3 -1
576244 7 -1
576284 1 -1
576308 2 1
576372 4 -1
576373 0 -1
576612 0 1
576651 1 -1
576722 3 -1
576765 2 1
576797 5 -1
576899 0 -1
576937 6 1
577122 4 -1
577227 3 1
577246 0 -1
577247 1 -1
577345 8 -1
577458 0 1
577458 2 1
577755 1 1
577805 0 -1
577829 3 1
577953 6 -1
577969 11 -1
578125 0 -1
578134 1 -1
578138 4 -1
578168 5 1
578176 2 1
578194 7 1
578221 3 1
578487 0 -1
578495 1 -1
578651 2 -1
578840 1 1
578845 3 1
578880 0 1
578968 10 1
579011 5 -1
579194 9 -1
579226 4 1
579240 0 1
579345 2 1
579412 1 -1
579436 6 -1
579468 0 -1
579484 3 -1
579630 7 1
579810 2 -1
579879 0 -1
579893 3 1
579904 4 -1
579970 1 -1
580205 0 -1
580274 2 -1
580301 1 -1
580377 8 1
580403 5 1
580473 0 1
580495 3 1
580605 4 -1
580755 0 -1
580785 12 1
580859 1 1
580973 2 -1
581048 0 -1
581107 6 1
581110 3 1
581238 1 1
581333 5 1
581371 4 -1
581390 0 -1
581433 2 -1
581500 3 1
581580 11 -1
581609 1 -1
581806 7 -1
581881 9 -1
581898 0 -1
581903 10 -1
582102 3 1
582134 2 -1
582161 1 1
582333 6 -1
582344 5 1
582473 0 1
582475 4 1
582540 1 1
582704 3 1
582741 0 1
582822 2 1
583044 1 -1
583050 0 -1
583085 8 -1
583112 3 -1
583252 2 -1
583504 3 -1
583547 4 1
583586 1 -1
583609 0 -1
583676 13 -1
583698 5 1
583730 2 1
583908 3 1
583951 1 1
583975 7 -1
584096 6 1
584214 2 -1
584243 0 -1
584329 1 1
584358 4 1
584547 3 -1
584601 5 1
584654 14 -1
584700 1 -1
584762 8 1
584789 0 1
584859 2 -1
585111 0 1
585149 3 -1
585149 6 -1
585160 7 1
585181 9 -1
585257 1 1
585385 4 -1
585387 0 -1
585514 11 1
585557 3 1
585568 2 -1
585772 15 -1
585825 1 -1
585955 5 -1
585966 6 -1
586001 0 1
586025 2 -1
586159 3 -1
586192 1 1
586393 4 1
586498 10 -1
586509 0 1
586570 3 1
586675 7 -1
586734 2 -1
586744 1 1
586976 3 -1
587091 1 -1
587119 4 1
587186 0 -1
587229 2 -1
587433 5 -1
587445 1 1
587522 0 1
587589 8 1
587594 3 -1
587696 6 -1
587702 2 -1
587785 0 -1
588008 3 1
588014 7 1
588038 1 1
588191 4 1
588331 9 -1
588336 0 1
588397 1 -1
588417 5 1
588422 2 -1
588481 16 1
588524 6 1
588680 3 1
588892 0 1
588895 2 1
588977 1 1
589199 4 -1
589309 0 1
589341 11 -1
589549 1 -1
589556 8 -1
589583 3 -1
589610 2 1
589610 10 1
589623 0 -1
589836 5 1
589860 4 1
589870 0 1
589884 1 1
589975 6 -1
590045 7 1
590072 12 1
590120 3 -1
590132 0 1
590243 1 -1
590298 2 -1
590438 9 1
590588 3 1
590591 0 -1
590630 1 -1
590771 2 1
590988 4 -1
590991 0 1
591104 3 1
591134 1 -1
591190 5 -1
591220 0 -1
591233 2 1
591512 8 1
591568 0 1
591694 4 -1
591711 2 -1
591718 1 -1
591803 6 1
591811 0 1
591926 3 -1
591980 7 -1
592069 0 1
592097 1 1
592168 5 1
592310 4 -1
592397 2 1
592528 3 -1
592612 0 1
592651 1 -1
592920 3 -1
592947 0 -1
592964 6 1
593048 1 -1
593087 2 -1
593219 0 -1
593270 7 1
593358 4 -1
593439 1 1
593517 5 -1
593522 3 -1
593566 2 1
593584 0 1
593673 10 1
593856 0 1
593866 9 -1
593934 3 1
593959 1 -1
594038 6 -1
594112 4 -1
594194 0 1
594270 2 1
594304 1 1
594339 3 -1
594597 8 1
594724 0 1
594732 2 1
594830 1 1
594931 6 -1
594974 5 -1
595065 0 -1
595068 4 -1
595076 3 1
595124 13 -1
595205 2 -1
595274 11 1
595276 0 1
595366 7 -1
595376 1 1
595538 3 -1
595624 0 -1
595733 1 -1
595876 5 -1
595920 2 -1
595997 0 -1
596087 1 1
596204 4 -1
596226 3 -1
596250 0 -1
596387 2 -1
596436 8 1
596450 1 -1
596457 6 -1
596594 0 1
596744 7 1
596801 5 -1
596930 4 -1
597013 1 1
597064 2 1
597174 0 1
597204 3 1
597252 9 -1
597551 1 1
597659 4 -1
597725 3 -1
597739 0 1
597768 5 1
597774 2 1
597811 12 1
597899 1 -1
597973 0 -1
597989 6 -1
598026 10 1
598225 3 1
598230 2 1
598255 0 1
598292 7 -1
598397 4 -1
598454 1 1
598687 3 -1
598687 2 1
598878 0 1
598978 1 1
599026 8 1
599155 2 1
599209 6 -1
599257 5 1
599348 1 1
599456 0 -1
599461 4 -1
599488 14 1
599510 9 -1
599719 3 -1
599784 0 -1
599848 2 -1
599913 1 -1
600012 0 -1
600187 7 -1
600335 0 -1
600429 1 1
600513 4 -1
600531 3 1
600563 2 -1
600628 0 1
600660 5 -1
600735 17 -1
600756 6 1
600800 1 -1
600929 10 -1
600945 3 1
600985 0 -1
600993 15 -1
601036 11 1
601036 2 1
601057 13 1
601211 4 1
601392 1 -1
601541 0 -1
601563 9 1
601600 5 1
601611 3 -1
601614 7 -1
601724 2 -1
601753 1 -1
601874 8 1
602028 3 1
602089 1 -1
602114 0 -1
602331 0 -1
602351 4 1
602433 3 -1
602444 2 -1
602573 0 -1
602605 6 1
602672 1 -1
602885 12 1
602898 2 -1
603035 5 1
603045 1 1
603046 3 -1
603073 4 -1
603080 0 1
603454 3 1
603551 9 1
603562 6 -1
603573 10 1
603581 1 1
603605 2 -1
603686 0 -1
603718 7 1
603823 4 -1
603874 8 1
604094 5 1
604149 1 -1
604164 3 -1
604282 0 -1
604314 2 -1
604516 1 1
604688 0 1
604744 2 1
604777 3 -1
604782 4 1
604871 1 -1
604906 11 -1
604943 0 1
604970 5 -1
605185 3 1
605196 6 -1
605227 1 -1
605301 0 1
605435 2 -1
605479 4 -1
605508 13 -1
605572 3 1
605628 0 -1
605637 8 -1
605762 1 1
605842 0 1
605884 2 -1
605975 7 -1
606093 3 1
606268 0 1
606282 10 -1
606341 2 -1
606346 1 -1
606357 5 1
606499 0 -1
606593 6 -1
606656 4 -1
606711 1 -1
606760 0 -1
606808 9 1
606899 3 -1
607069 2 1
607098 14 -1
607141 0 -1
607245 1 1
607313 5 -1
607314 12 1
607346 0 -1
607362 7 -1
607421 6 -1
607531 2 1
607620 1 1
607668 8 -1
607690 0 -1
607711 3 1
607749 4 1
608003 1 1
608157 3 1
608232 2 1
608305 0 -1
608414 4 -1
608539 1 1
608644 0 -1
608673 5 1
608877 3 -1
608885 2 1
608916 0 1
608922 1 -1
609055 4 -1
609103 6 -1
609254 0 -1
609340 2 1
609393 7 -1
609426 1 -1
609528 0 1
609565 3 -1
609756 4 1
609818 2 -1
609947 6 1
609986 1 1
609990 0 -1
610033 3 1
610151 5 1
610232 10 1
610280 2 -1
610357 1 -1
610409 8 1
610495 11 -1
610538 9 1
610557 0 -1
610728 1 1
610823 3 1
610828 4 -1
610890 0 1
610963 2 1
611065 5 1
611075 6 -1
611106 1 1
611153 0 -1
611312 7 1
611487 0 -1
611543 3 1
611655 1 -1
611670 2 1
611790 0 -1
611961 4 -1
612000 5 1
612089 2 -1
612124 3 1
612211 1 1
612234 0 -1
612349 6 -1
612554 7 1
612580 0 1
612582 1 1
612690 4 -1
612725 3 1
612793 0 1
612806 2 -1
612908 5 1
613134 3 -1
613142 1 1
613228 0 1
613247 2 -1
613268 9 1
613387 8 1
613451 6 1
613485 1 -1
613526 3 -1
613602 0 -1
613698 4 1
613712 2 -1
613843 0 -1
613884 1 1
614150 11 -1
614160 3 1
614171 0 1
614236 15 1
614279 5 -1
614418 2 -1
614420 1 1
614448 4 1
614494 14 -1
614516 0 -1
614553 3 1
614766 1 -1
614778 7 -1
614827 0 -1
614875 2 -1
614891 10 -1
615042 6 -1
615112 0 -1
615153 4 1
615155 3 1
615246 8 1
615307 1 -1
615376 0 1
615604 2 1
615724 5 -1
615757 3 1
615813 0 1
615875 1 -1
616168 0 -1
616176 3 -1
616213 4 1
616222 1 1
616300 2 -1
616385 12 1
616391 0 1
616568 3 -1
616588 1 1
616654 5 -1
616697 6 -1
616730 9 -1
616767 2 1
616780 0 -1
616915 4 -1
616957 1 1
616987 16 1
617052 7 -1
617075 0 1
617127 3 1
617181 13 1
617235 2 1
617345 0 1
617503 1 -1
617520 10 1
617675 2 1
617815 3 1
617815 6 1
617920 0 1
617944 8 -1
617979 4 1
617998 11 1
618084 1 -1
618094 5 -1
618328 0 1
618390 7 1
618398 2 1
618439 1 1
618580 0 1
618753 3 1
618793 6 1
618965 9 -1
618991 1 -1
619003 0 -1
619062 5 1
619110 2 -1
619120 4 1
619256 0 -1
619293 3 1
619390 1 -1
619489 0 1
619589 2 1
619680 7 -1
619765 1 -1
619785 4 -1
619825 8 -1
619844 0 -1
619954 6 -1
620067 5 1
620099 0 1
620217 3 -1
620293 2 1
620333 1 1
620494 4 1
620505 0 -1
620685 3 1
620714 1 1
620755 2 1
621029 9 1
621083 0 1
621232 1 -1
621233 2 -1
621236 4 1
621244 7 -1
621249 3 -1
621331 0 1
621464 5 -1
621566 8 1
621604 0 1
621728 10 1
621749 6 1
621792 1 1
621953 2 -1
622061 3 1
622128 0 1
622175 1 1
622276 4 1
622346 5 -1
622378 2 1
622405 12 -1
622528 3 -1
622752 1 1
622773 0 -1
623050 2 1
623227 7 -1
623292 1 -1
623413 4 1
623415 3 1
623426 6 1
623456 0 -1
623523 15 1
623659 1 -1
623673 5 -1
623732 2 -1
623743 0 -1
624050 0 -1
624058 4 1
624125 9 -1
624135 3 1
624162 2 1
624205 1 -1
624490 8 1
624501 6 1
624603 3 -1
624630 10 -1
624641 0 1
624641 2 -1
624753 1 -1
625022 5 1
625089 4 -1
625122 1 -1
625130 2 1
625189 0 -1
625275 7 -1
625493 1 1
625544 3 -1
625764 0 -1
625799 4 1
625823 2 -1
625841 1 -1
625844 11 1
625930 5 1
625952 6 -1
626077 0 1
626167 9 1
626366 0 -1
626392 1 -1
626414 8 -1
626511 3 -1
626514 2 1
626520 4 -1
626710 7 1
626747 12 -1
626777 0 -1
626844 5 1
626905 1 1
626968 2 1
626970 3 1
627067 0 -1
627252 1 -1
627290 6 -1
627449 0 1
627565 4 -1
627661 3 1
627675 2 1
627694 17 1
627736 5 1
627754 1 -1
627822 10 1
627951 13 -1
627989 0 1
628121 1 1
628123 2 1
628252 31 1
628258 4 -1
628258 0 -1
628338 6 -1
628532 7 1
628536 1 1
628575 3 -1
628591 2 1
628596 0 1
629042 3 1
629076 1 -1
629120 0 1
629134 5 1
629241 4 1
629343 2 -1
629349 8 -1
629448 0 1
629483 1 1
629515 3 -1
629725 0 1
629800 2 -1
629800 9 1
629886 7 -1
629983 3 1
630027 1 1
630101 14 -1
630123 6 1
630125 0 -1
630233 4 -1
630472 5 1
630480 2 1
630584 1 -1
630667 0 -1
630966 4 -1
630971 1 -1
631015 3 1
631034 0 1
631144 7 -1
631160 2 -1
631198 6 -1
631259 0 -1
631321 1 1
631412 5 1
631606 11 -1
631607 0 1
631611 2 -1
631704 1 -1
631832 3 -1
631939 8 -1
631982 10 -1
631998 4 -1
632109 0 1
632258 1 -1
632348 2 -1
632369 0 -1
632374 3 1
632634 0 1
632778 5 1
632799 6 -1
632807 1 -1
632969 0 -1
632985 3 1
633030 2 1
633046 9 1
633103 4 1
633167 1 1
633243 0 1
633288 7 -1
633326 12 -1
633390 3 -1
633476 2 -1
633581 0 1
633702 5 1
633752 1 -1
633772 4 1
633777 3 -1
633885 8 1
633957 0 1
633992 6 -1
634119 1 1
634148 2 1
634194 0 1
634390 3 -1
634440 0 1
634526 1 -1
634570 7 1
634616 15 -1
634661 0 -1
634723 5 1
634723 10 1
634866 2 1
634900 4 -1
634976 3 -1
634987 0 -1
635003 9 1
635050 1 1
635282 11 -1
635341 2 -1
635352 6 -1
635417 1 -1
635607 0 1
635761 2 1
635787 3 1
635830 8 -1
635872 4 1
635941 0 -1
635965 1 -1
636088 5 -1
636147 6 -1
636212 2 1
636260 0 -1
636513 0 -1
636521 1 1
636524 3 -1
636569 4 -1
636723 7 1
636741 0 1
636864 1 -1
636889 2 -1
636970 6 1
637072 5 1
637093 3 1
637131 12 -1
637155 0 1
637234 1 -1
637367 4 1
637550 2 -1
637553 0 -1
637593 8 -1
637604 9 -1
637609 3 1
637613 1 -1
637792 0 -1
638007 2 -1
638121 0 1
638125 3 1
638178 4 -1
638186 1 1
638270 16 -1
638351 0 1
638410 5 1
638421 6 1
638575 0 -1
638671 2 1
638722 10 1
638730 1 1
638754 7 1
638883 3 1
639074 0 1
639117 1 1
639152 2 1
639210 4 -1
639334 13 -1
639447 0 1
639609 2 1
639619 3 -1
639651 1 1
639711 0 -1
639866 5 -1
640012 6 -1
640016 1 -1
640044 7 1
640125 0 -1
640135 3 -1
640221 4 1
640318 2 1
640334 8 1
640399 1 -1
640418 0 1
640463 9 1
640646 0 -1
640742 11 1
640770 2 1
640861 5 1
640893 12 -1
640898 3 -1
640935 1 -1
640955 4 1
640998 0 1
641119 6 1
641221 0 -1
641318 1 -1
641447 2 -1
641543 7 1
641602 3 -1
641635 0 1
641807 5 1
641836 1 -1
641995 4 1
642011 3 1
642156 0 -1
642167 2 -1
642390 1 1
642395 0 -1
642602 3 -1
642608 2 1
642618 0 1
642696 4 -1
642720 5 1
642747 6 -1
642773 1 1
643011 10 1
643056 2 1
643075 7 -1
643156 1 1
643228 0 1
643231 3 1
643236 8 1
643470 4 1
643504 1 -1
643505 2 1
643592 0 1
643639 6 1
643731 9 1
643784 3 1
643803 0 -1
643817 13 1
644061 1 1
644150 5 1
644168 0 1
644182 2 -1
644462 14 -1
644482 4 -1
644483 0 -1
644599 1 1
644677 6 -1
644753 0 1
644816 3 1
644881 2 1
644950 1 -1
644988 8 1
645163 4 1
645220 7 1
645249 0 -1
645357 2 -1
645370 3 -1
645510 1 -1
645650 5 -1
645785 0 1
645940 3 1
646010 2 -1
646010 10 -1
646034 1 -1
646155 0 -1
646182 11 -1
646214 6 -1
646223 4 1
646380 1 1
646399 0 1
646531 5 1
646655 9 -1
646703 2 1
646810 0 1
646912 3 -1
646925 1 1
646956 12 -1
647181 2 -1
647287 4 -1
647300 0 1
647310 6 1
647364 7 1
647412 3 1
647505 1 -1
647869 2 1
647869 8 1
647872 1 1
647902 0 -1
647932 4 1
647934 5 -1
648100 3 1
648422 1 -1
648436 0 -1
648573 4 1
648579 2 -1
648740 0 1
648788 3 1
648803 1 -1
648920 7 -1
648955 9 1
649011 0 1
649025 2 -1
649041 6 1
649150 1 -1
649250 3 -1
649315 4 -1
649438 5 1
649616 0 1
649696 1 -1
649707 2 1
649788 3 -1
649858 8 -1
649922 11 -1
650022 1 -1
650089 10 1
650135 0 1
650161 2 1
650255 3 1
650274 4 1
650298 13 1
650309 15 -1
650422 5 -1
650535 6 -1
650597 1 1
650645 2 1
650735 0 1
650992 7 -1
650994 0 1
651013 3 -1
651125 1 1
651298 12 1
651317 0 -1
651320 2 -1
651346 4 -1
651459 6 -1
651528 1 -1
651690 0 1
651706 3 -1
651795 2 1
651846 5 -1
651891 1 1
651962 0 -1
652008 8 -1
652088 4 -1
652169 3 1
652274 1 1
652303 0 1
652351 6 -1
652370 7 -1
652480 9 -1
652513 2 1
652863 0 1
652870 1 1
652980 3 -1
653074 0 -1
653136 4 -1
653174 6 -1
653182 2 -1
653222 5 1
653308 0 1
653451 1 -1
653496 3 -1
653631 2 1
653652 0 -1
653706 18 1
653717 7 1
653805 4 -1
653809 1 -1
653878 0 -1
654012 3 -1
654050 9 -1
654052 2 -1
654136 10 1
654243 5 1
654259 0 1
654382 1 1
654528 2 1
654571 4 -1
654603 0 1
654724 1 -1
654754 3 1
654802 6 1
654802 8 1
654910 0 1
655099 1 -1
655187 0 -1
655213 2 -1
655270 3 1
655485 0 1
655641 11 -1
655643 4 -1
655660 1 1
655770 5 -1
655813 9 1
655893 2 1
655909 7 1
655979 0 1
656008 1 -1
656114 3 1
656178 6 -1
656342 2 1
656349 4 1
656552 0 1
656579 1 1
656683 10 -1
656834 5 -1
656898 0 -1
656904 3 1
656931 8 1
657049 2 1
657119 1 1
657197 0 -1
657350 6 -1
657369 7 1
657420 3 1
657436 0 -1
657469 1 -1
657506 2 1
657514 4 1
657647 0 1
657801 5 -1
657925 3 1
657984 0 -1
658000 2 -1
658005 12 1
658046 1 1
658358 0 1
658398 3 -1
658570 4 1
658578 0 -1
658590 1 1
658693 14 1
658694 2 1
658779 6 -1
658887 9 -1
658908 0 -1
658973 1 1
659102 3 1
659166 2 -1
659231 4 1
659231 5 -1
659236 0 1
659424 7 -1
659483 0 -1
659529 1 1
659682 8 -1
659739 3 1
659795 2 1
659887 0 1
659964 4 1
660085 1 -1
660153 0 -1
660220 5 1
660241 3 1
660268 6 1
660444 1 -1
660472 2 -1
660526 0 -1
660634 4 1
660827 1 1
660943 2 1
660972 16 1
660972 9 1
660984 0 1
661020 3 1
661069 10 -1
661202 1 1
661284 0 -1
661359 6 -1
661488 11 -1
661542 3 1
661590 0 -1
661596 2 1
661639 5 -1
661714 4 -1
661730 7 -1
661782 1 -1
661864 0 1
661875 13 1
662074 3 1
662294 0 -1
662308 2 1
662320 1 -1
662413 8 1
662673 0 1
662675 1 1
662783 2 -1
662789 3 -1
662859 4 1
662969 0 -1
663063 5 -1
663154 6 1
663201 1 1
663238 7 1
663348 3 1
663350 0 -1
663555 2 1
663568 1 1
663584 4 1
663719 0 -1
663940 0 1
663943 1 1
664014 5 1
664165 3 -1
664186 6 -1
664208 9 1
664245 2 -1
664364 0 1
664455 7 1
664466 8 1
664491 1 1
664632 4 1
664697 2 -1
664826 1 1
664984 0 1
664998 5 -1
665003 3 -1
665175 2 1
665261 10 1
665309 4 -1
665315 11 1
665352 1 1
665414 3 1
665516 0 -1
665573 15 -1
665651 2 -1
665758 0 -1
665825 3 -1
665852 6 -1
665895 5 -1
665924 1 -1
665938 7 -1
665970 0 1
666043 4 -1
666089 14 -1
666218 3 -1
666303 1 -1
666341 2 1
666513 0 1
666656 1 1
666691 12 -1
666895 0 -1
666932 3 1
666982 1 1
667029 2 -1
667088 9 1
667121 8 1
667123 0 1
667131 4 1
667271 5 1
667478 0 -1
667513 2 1
667563 1 1
667572 6 1
667658 3 -1
667717 0 1
667800 4 -1
668010 7 -1
668034 10 -1
668042 0 1
668099 1 1
668158 3 -1
668198 2 -1
668474 1 -1
668593 0 -1
668615 6 1
668620 2 1
668636 5 -1
668846 3 -1
668860 4 1
668980 0 -1
669070 1 -1
669080 2 1
669109 9 -1
669202 0 1
669415 3 1
669561 0 1
669598 5 1
669643 1 1
669786 0 -1
669787 2 1
669921 6 -1
669937 4 1
669937 8 1
670001 3 1
670030 1 1
670095 0 1
670195 7 1
670243 2 1
670469 0 1
670586 1 -1
670646 12 -1
670685 0 1
670686 4 1
670824 3 -1
670950 2 1
670953 5 1
671001 10 1
671076 11 1
671110 1 -1
671130 0 -1
671270 9 1
671340 3 -1
671444 4 -1
671473 1 1
671501 7 -1
671638 0 1
671662 2 1
671667 6 1
671941 5 -1
671993 1 -1
672062 0 1
672076 8 -1
672130 2 1
672151 3 1
672154 4 -1
672307 0 1
672339 1 -1
672603 2 1
672714 1 -1
672732 6 1
672745 0 1
672828 5 1
672887 3 -1
673011 14 -1
673076 2 1
673121 4 1
673127 0 1
673282 1 1
673323 13 -1
673401 0 -1
673522 3 1
673527 9 -1
673565 7 -1
673607 1 1
673777 2 1
673798 0 1
674000 15 1
674038 0 1
674081 10 -1
674129 1 -1
674215 3 1
674239 0 1
674247 5 1
674298 4 -1
674344 6 -1
674446 2 -1
674591 0 -1
674645 12 1
674661 1 -1
674817 8 1
674927 0 1
674959 2 1
674989 11 -1
675016 4 1
675024 1 1
675086 3 1
675096 7 1
675161 5 1
675354 0 1
675358 1 1
675634 2 1
675639 3 -1
675639 6 1
675684 0 1
675725 1 1
675943 0 1
676064 4 -1
676120 2 -1
676158 0 -1
676294 1 -1
676338 7 1
676359 3 1
676408 9 -1
676418 0 1
676574 2 -1
676649 5 -1
676698 6 1
676776 0 -1
676807 1 1
676961 3 1
677101 0 -1
677212 4 -1
677213 1 -1
677235 2 -1
677370 3 -1
677402 0 -1
677644 6 1
677711 2 1
677719 8 1
677759 1 -1
677773 0 1
677783 3 1
677890 4 1
677945 5 -1
678055 0 -1
678103 1 1
678176 3 1
678375 0 1
678394 7 1
678412 2 1
678484 1 1
678514 16 1
678622 6 -1
678719 0 -1
678786 3 1
678815 11 1
678869 5 -1
678877 4 -1
678934 10 1
678942 0 1
678998 1 -1
679073 2 1
679325 1 -1
679331 8 1
679364 0 1
679487 3 -1
679493 2 -1
679659 7 1
679836 5 -1
679877 1 -1
679914 3 1
679917 4 -1
679929 0 1
679968 2 1
680116 6 1
680202 9 1
680269 0 -1
680387 1 1
680430 2 1
680516 3 1
680584 0 -1
680715 4 1
680768 1 1
680793 5 1
680922 3 -1
680987 12 1
680992 0 1
681114 1 -1
681132 2 1
681245 8 -1
681309 0 -1
681310 18 -1
681422 3 -1
681477 1 -1
681568 0 1
681723 7 1
681734 6 1
681771 4 1
681820 2 -1
681933 0 1
681999 1 1
682169 15 -1
682223 5 1
682226 0 -1
682293 2 1
682341 3 1
682420 4 1
682454 0 1
682525 1 -1
682642 9 -1
682771 6 1
682846 0 -1
682878 1 1
682916 10 1
682970 2 -1
683029 3 1
683072 8 -1
683084 0 1
683142 4 -1
683408 2 1
683444 1 -1
683540 0 -1
683663 5 -1
683714 7 1
683835 1 -1
683857 2 1
684061 3 1
684147 0 -1
684182 4 -1
684226 1 1
684383 6 1
684437 0 1
684534 2 -1
684630 5 1
684717 0 -1
684780 1 -1
684819 4 -1
684835 3 1
684867 7 -1
684996 2 -1
685028 13 1
685173 1 -1
685230 0 1
685265 6 -1
685447 3 1
685563 0 -1
685566 12 1
685700 2 -1
685730 1 -1
685770 10 -1
685802 0 -1
685845 9 1
685910 8 -1
685923 4 -1
685980 3 1
686028 5 -1
686205 0 1
686232 6 -1
686262 1 -1
686286 7 -1
686415 2 -1
686488 0 1
686565 3 1
686576 11 1
686635 1 -1
686708 0 -1
686770 14 1
686888 2 1
686999 4 -1
687003 1 -1
687054 5 1
687307 0 -1
687358 1 -1
687364 2 -1
687474 3 -1
687705 4 1
687810 7 1
687823 2 -1
687901 0 1
687909 9 -1
687932 1 -1
687963 6 1
688059 5 -1
688124 3 -1
688406 4 1
688460 0 -1
688483 1 -1
688527 2 -1
688532 3 1
688748 8 -1
688764 0 -1
688852 1 -1
689032 6 -1
689097 0 1
689124 3 -1
689140 4 -1
689215 2 1
689345 1 -1
689481 0 -1
689527 3 1
689543 9 -1
689564 5 1
689666 2 1
689712 0 1
689740 1 1
689865 10 1
689930 7 -1
690008 3 1
690099 1 -1
690115 0 -1
690252 13 -1
690276 4 -1
690354 2 -1
690413 5 -1
690499 6 -1
690596 8 -1
690668 1 -1
690704 0 1
690747 3 1
690981 0 -1
691044 1 -1
691069 2 -1
691244 0 -1
691257 3 -1
691276 4 1
691521 2 -1
691603 1 -1
691623 0 1
691881 0 -1
691886 5 -1
691886 12 -1
692042 4 -1
692042 7 -1
692047 6 1
692074 3 1
692131 1 -1
692209 9 1
692219 2 1
692294 11 1
692343 0 1
692477 1 1
692735 10 1
692880 3 -1
692882 0 -1
692940 2 1
693022 1 1
693047 6 1
693130 4 -1
693155 0 -1
693155 8 -1
693348 7 1
693356 0 1
693396 3 -1
693415 2 -1
693418 5 -1
693570 1 -1
693840 4 -1
693869 3 1
693906 1 1
693950 0 -1
694127 2 -1
694294 9 1
694348 6 -1
694358 5 -1
694428 1 1
694466 3 1
694552 0 1
694553 4 -1
694584 2 1
694681 8 1
694960 1 1
695079 2 -1
695186 6 1
695216 0 1
695250 5 -1
695256 3 1
695343 1 1
695412 10 -1
695447 0 -1
695492 7 -1
695613 4 1
695689 0 1
695718 1 1
695761 2 1
696014 3 1
696024 1 -1
696038 0 -1
696186 11 -1
696218 5 1
696223 2 1
696261 0 1
696355 4 -1
696476 13 1
696530 3 1
696530 8 -1
696599 1 1
696660 0 1
696852 6 1
696933 2 1
697157 1 1
697234 0 1
697336 3 1
697496 4 1
697544 1 1
697637 2 1
697648 15 1
697674 5 1
697790 7 -1
697795 0 -1
697830 3 1
697830 9 1
698084 1 1
698112 2 -1
698153 0 -1
698362 3 1
698401 0 -1
698493 1 -1
698572 2 -1
698593 6 -1
698620 4 -1
698843 0 1
698880 1 -1
698959 5 -1
699048 2 1
699050 3 1
699225 0 1
699265 4 1
699281 7 -1
699389 8 -1
699404 1 -1
699464 6 -1
699529 0 1
699736 3 1
699767 1 -1
699781 2 1
699806 0 1
699969 5 -1
699991 4 -1
700007 10 1
700090 0 1
700265 1 -1
700338 3 1
700399 12 -1
700417 0 1
700464 2 -1
700704 4 -1
700817 1 -1
700894 9 1
700939 3 1
700940 2 1
701051 0 1
701152 6 -1
701204 1 -1
701206 8 -1
701345 3 -1
701386 7 -1
701420 5 -1
701560 11 1
701567 1 1
701592 2 1
701600 0 1
701724 4 1
701754 3 1
701824 0 -1
701954 1 1
702039 0 1
702068 2 -1
702141 6 1
702259 3 1
702377 14 1
702423 0 1
702447 5 -1
702486 1 -1
702533 2 -1
702603 10 -1
702662 0 1
702756 4 1
703070 3 -1
703072 1 -1
703078 0 1
703162 6 1
703178 2 -1
703258 5 -1
703401 1 -1
703433 4 -1
703586 7 1
703592 9 1
703670 2 1
703733 0 1
703796 3 1
703969 1 1
703995 0 1
704140 8 -1
704274 0 -1
704312 3 1
704328 2 1
704336 1 -1
704570 4 1
704624 0 -1
704634 6 -1
704723 1 -1
704774 5 1
704874 0 -1
704941 7 1
705054 2 1
705118 3 1
705150 11 1
705183 4 -1
705215 9 -1
705263 1 -1
705312 0 1
705494 2 1
705654 1 -1
705709 6 1
705731 12 -1
705795 3 1
705822 5 1
705836 0 1
705900 4 -1
705970 2 -1
706166 0 1
706184 1 -1
706188 3 1
706247 16 -1
706456 0 1
706464 2 1
706757 1 -1
706800 3 1
706972 4 -1
706972 7 1
706978 8 -1
706988 10 -1
707048 0 1
707101 1 1
707150 5 1
707155 2 -1
707375 9 1
707402 3 1
707452 1 -1
707537 17 1
707666 6 -1
707671 0 1
707718 4 -1
707811 3 -1
707831 1 -1
707859 2 -1
708093 0 1
708117 13 1
708214 7 1
708316 2 -1
708343 0 1
708403 1 1
708429 3 -1
708571 0 1
708579 5 1
708770 4 -1
708810 0 1
708837 3 1
708891 8 1
708912 11 1
708912 6 -1
708931 1 -1
709044 2 1
709085 18 -1
709195 0 -1
709238 3 1
709302 1 -1
709471 2 -1
709559 0 1
709633 5 1
709673 7 1
709772 0 -1
709810 1 1
709858 3 1
709901 12 1
709931 4 -1
709944 6 1
709944 2 -1
710116 31 -1
710130 0 -1
710201 1 1
710342 3 1
710393 0 -1
710471 9 1
710572 1 1
710616 4 1
710648 2 -1
710729 0 1
710810 6 -1
710955 3 1
711030 5 -1
711078 2 1
711105 8 -1
711112 1 1
711138 0 1
711164 10 1
711172 4 -1
711397 0 1
711475 1 -1
711567 3 1
711653 6 1
711761 2 -1
711769 0 -1
711858 4 1
711922 7 1
712008 15 1
712023 1 -1
712116 3 -1
712285 0 -1
712470 2 -1
712524 3 1
712529 5 1
712591 0 -1
712603 1 1
712857 0 -1
712898 4 1
712911 8 -1
712946 2 1
712974 1 -1
713051 3 1
713320 9 -1
713325 7 -1
713333 1 1
713373 2 -1
713381 0 1
713459 5 1
713459 6 -1
713712 1 1
713733 3 1
713819 2 -1
713889 10 -1
713921 4 -1
714018 0 1
714240 1 1
714335 3 1
714529 2 -1
714545 0 -1
714647 4 -1
714744 3 -1
714804 1 -1
714916 5 1
715125 0 1
715179 1 1
715190 9 -1
715236 2 1
715265 6 1
715340 7 1
715448 3 1
715675 4 -1
715703 0 -1
715711 2 -1
715727 8 -1
715764 1 1
715910 3 1
716179 0 1
716272 1 -1
716313 3 1
716335 5 1
716335 6 -1
716348 4 1
716404 2 1
716437 10 1
716609 11 1
716670 1 -1
716716 0 1
716877 2 -1
716915 3 1
716969 4 1
716985 0 1
717200 5 -1
717211 1 -1
717229 0 -1
717323 3 -1
717353 2 1
717444 7 -1
717684 14 1
717775 1 -1
717834 0 1
717920 6 1
717925 3 -1
718044 2 -1
718097 4 -1
718124 5 -1
718138 1 -1
718192 0 1
718393 9 -1
718458 8 -1
718490 2 -1
718519 0 -1
718592 3 1
718682 1 -1
718758 4 1
718807 7 1
718904 0 1
718973 12 -1
718984 10 -1
719053 1 -1
719108 5 1
719135 6 1
719167 3 1
719172 0 1
719205 2 1
719395 1 1
719412 0 -1
719556 3 1
719565 13 1
719737 0 -1
719839 4 -1
719901 2 1
719954 1 -1
719962 3 -1
719976 0 -1
720161 7 -1
720314 0 1
720326 1 1
720328 6 1
720355 2 1
720371 8 1
720543 5 1
720666 3 1
720828 0 1
720891 4 -1
720911 1 -1
721043 2 -1
721102 0 -1
721354 3 1
721360 0 -1
721451 1 -1
721540 7 -1
721580 4 1
721725 6 1
721758 2 -1
721766 0 -1
721816 3 -1
721834 1 1
721854 9 1
721902 5 -1
722021 0 -1
722179 1 -1
722230 2 1
722464 0 -1
722504 3 -1
722535 1 1
722729 4 -1
722757 6 1
722811 5 -1
722918 2 -1
722972 3 1
723026 0 1
723094 1 -1
723241 10 1
723252 8 1
723364 0 -1
723418 3 1
723488 14 -1
723515 7 1
723531 17 1
723577 0 1
723620 1 1
723622 2 -1
723789 4 -1
723991 1 -1
724068 6 -1
724101 2 1
724106 3 1
724187 9 1
724203 5 1
724211 0 1
724523 4 -1
724558 2 1
724567 1 1
724643 3 1
724719 0 -1
724756 11 1
724950 1 1
725036 2 -1
725154 5 1
725184 0 -1
725262 8 1
725309 1 1
725331 3 1
725509 0 -1
725607 4 -1
725627 7 1
725638 6 -1
725745 2 1
725833 0 1
725857 1 1
726019 3 1
726121 5 -1
726232 1 1
726414 0 -1
726428 3 -1
726455 2 1
726667 4 -1
726691 6 -1
726776 1 1
726820 3 -1
726930 2 -1
726951 0 1
727014 16 -1
727054 7 1
727207 8 -1
727231 3 1
727304 10 1
727316 1 1
727372 4 -1
727422 9 -1
727540 0 1
727573 5 -1
727637 6 -1
727642 2 -1
727695 1 1
727702 12 1
727744 15 1
727746 0 1
727833 3 1
728016 0 -1
728050 1 -1
728086 4 -1
728099 2 -1
728435 1 -1
728435 3 1
728486 5 -1
728556 2 -1
728594 0 1
728680 6 1
728841 3 -1
728856 4 1
728862 14 -1
728961 1 1
729094 7 1
729145 0 -1
729284 2 1
729475 3 -1
729507 1 -1
729556 0 -1
729747 2 1
729822 0 1
729855 1 1
729905 5 -1
729937 3 -1
729940 4 1
729959 6 -1
729996 10 1
730045 0 -1
730163 8 1
730346 3 1
730373 0 1
730400 13 1
730400 1 1
730424 2 -1
730464 7 -1
730766 1 1
730795 0 -1
730862 9 -1
730932 3 -1
731081 4 -1
731125 2 -1
731127 1 -1
731345 5 -1
731367 6 1
731394 0 -1
731485 3 1
731628 2 1
731734 1 -1
731749 0 -1
731826 4 -1
731915 7 1
732023 8 1
732082 2 1
732105 1 -1
732111 0 -1
732173 3 1
732270 5 -1
732453 6 -1
732541 0 1
732549 2 1
732627 1 1
732840 9 -1
732861 11 -1
732861 3 1
732866 4 -1
733154 0 -1
733183 1 -1
733226 5 1
733248 2 1
733307 3 1
733536 4 1
733552 1 1
733665 0 -1
733947 1 -1
733952 2 1
733963 3 1
734060 7 -1
734076 10 1
734237 5 -1
734237 6 1
734237 0 -1
734269 4 -1
734326 1 -1
734414 2 1
734476 0 1
734565 3 1
734713 0 -1
734866 1 1
734946 8 -1
735043 0 1
735086 3 1
735129 2 1
735336 0 -1
735353 4 1
735382 7 -1
735441 6 1
735442 1 1
735581 2 1
735591 13 -1
735624 5 -1
735726 0 -1
735774 3 1
735789 1 -1
736054 2 -1
736062 0 1
736079 4 1
736305 1 -1
736360 0 1
736473 6 1
736483 3 1
736660 1 1
736680 0 -1
736736 2 1
736774 9 1
736881 11 -1
736903 12 1
736908 0 -1
736913 10 1
736983 3 -1
737006 1 -1
737010 5 1
737214 2 -1
737236 4 -1
737248 0 1
737333 7 1
737376 3 -1
737579 1 1
737666 6 1
737779 3 1
737851 0 -1
737902 8 1
737924 2 -1
737925 1 -1
737934 5 1
738381 3 1
738385 4 -1
738426 0 1
738498 1 1
738628 2 -1
738663 0 1
738838 9 -1
738918 0 1
738983 3 1
739062 1 -1
739066 4 1
739096 2 -1
739171 6 1
739386 5 -1
739391 3 -1
739396 1 -1
739437 7 -1
739468 0 1
739568 2 1
739687 10 1
739762 8 1
739775 4 -1
739802 0 -1
739949 1 -1
740009 3 -1
740044 2 -1
740055 0 -1
740246 5 1
740299 6 -1
740418 3 1
740469 4 1
740495 1 1
740520 0 1
740600 14 1
740686 9 -1
740735 7 1
740740 2 1
740807 3 1
740815 11 1
740853 0 1
740860 1 -1
741057 0 1
741170 5 1
741331 13 1
741440 1 1
741441 2 -1
741455 0 1
741514 3 1
741533 4 -1
741804 8 1
741834 0 -1
741925 2 1
741944 6 1
741960 3 1
741972 1 1
742047 0 1
742137 7 1
742387 1 1
742395 0 -1
742528 4 1
742605 5 1
742626 0 -1
742627 2 1
742648 3 1
742750 1 -1
742839 0 1
743030 6 -1
743051 12 -1
743094 2 1
743131 1 -1
743223 15 1
743318 4 -1
743336 3 1
743349 0 1
743567 5 -1
743567 2 -1
743645 1 1
743693 7 1
743798 3 -1
743846 6 1
743890 8 1
743922 0 -1
743927 10 1
744205 1 -1
744268 0 1
744269 2 -1
744319 3 -1
744322 4 1
744448 9 -1
744510 0 1
744536 1 -1
744733 2 -1
744744 0 1
744782 3 -1
744946 0 1
745029 5 -1
745092 1 -1
745254 6 -1
745306 0 1
745400 3 -1
745414 4 -1
745437 2 -1
745459 1 1
745652 7 -1
745679 0 1
745838 1 1
745991 0 1
746002 3 -1
746063 4 -1
746114 2 1
746222 6 1
746244 9 1
746343 0 1
746383 5 1
746394 3 -1
746394 1 -1
746563 0 1
746571 2 1
746700 10 1
746737 1 1
746770 8 1
746800 0 1
747076 2 -1
747128 4 -1
747130 3 -1
747286 0 1
747301 1 -1
747308 12 1
747350 5 -1
747539 2 -1
747660 0 1
747770 6 1
747818 3 -1
747833 1 -1
747893 7 -1
747926 0 1
748172 4 -1
748236 1 1
748248 2 -1
748323 5 1
748356 3 -1
748420 0 -1
748583 1 -1
748812 11 -1
748897 4 1
748933 1 1
748936 0 1
748955 2 -1
749044 3 -1
749167 9 1
749307 5 -1
749339 0 1
749409 7 -1
749431 2 1
749468 6 -1
749478 1 1
749624 0 -1
749629 8 1
749731 3 -1
749864 4 -1
750038 1 1
750062 0 -1
750102 16 1
750118 2 -1
750199 3 1
750378 1 -1
750446 6 -1
750526 4 -1
750618 5 -1
750637 0 1
750764 10 1
750847 2 1
750872 0 1
750898 3 1
750937 1 -1
751086 0 -1
751223 4 -1
751298 2 1
751414 3 1
751430 0 1
751457 7 -1
751501 1 1
751521 17 -1
751586 8 -1
751612 6 -1
751717 0 -1
751860 3 1
751876 1 -1
751989 2 -1
752091 5 -1
752099 0 1
752206 4 1
752466 1 -1
752553 13 -1
752628 0 -1
752666 3 -1
752693 6 -1
752693 2 -1
752860 7 -1
752868 0 -1
752948 4 1
753005 9 1
753031 5 1
753045 1 1
753058 3 -1
753099 0 1
753150 2 -1
753420 1 -1
753456 12 -1
753609 0 1
753660 3 -1
753865 2 -1
753992 1 1
754028 4 -1
754090 6 1
754176 0 1
754262 3 -1
754338 2 1
754359 5 1
754363 1 1
754367 7 -1
754510 8 1
754665 3 1
754714 10 1
754726 1 -1
754776 0 -1
754813 2 -1
755076 4 -1
755106 0 1
755170 3 1
755219 9 1
755304 1 -1
755310 5 -1
755388 0 -1
755423 6 -1
755501 2 1
755633 3 -1
755665 1 1
755802 4 -1
755901 0 1
755974 2 -1
756235 5 -1
756245 1 -1
756280 0 -1
756401 3 1
756455 7 -1
756487 8 -1
756498 0 1
756552 6 1
756592 4 1
756686 2 1
756810 14 -1
756810 1 -1
756853 11 1
756901 0 1
757084 3 1
757166 1 -1
757213 0 1
757240 9 1
757358 4 1
757374 2 -1
757420 0 1
757546 3 -1
757551 10 1
757555 1 -1
757573 5 -1
757809 0 -1
757826 7 -1
757852 2 1
757895 6 -1
757914 1 1
758051 0 -1
758304 3 -1
758328 2 -1
758390 0 1
758414 4 -1
758466 1 1
758497 8 -1
758540 5 1
758707 3 1
758790 2 -1
758884 6 -1
758919 0 -1
759045 15 -1
759059 1 1
759131 3 -1
759174 0 1
759398 0 -1
759432 12 -1
759434 1 1
759458 4 -1
759497 2 -1
759648 9 1
759733 3 -1
759905 5 -1
759938 0 1
759970 7 -1
759991 6 1
759994 1 1
760142 3 1
760206 2 -1
760216 4 -1
760365 1 1
760443 0 1
760518 10 -1
760663 2 -1
760712 1 -1
760744 3 1
760964 0 1
761252 4 -1
761260 5 1
761284 0 1
761296 1 1
761346 3 1
761359 2 -1
761389 8 -1
761553 0 1
761679 1 1
761786 6 1
761824 2 -1
761835 3 -1
761942 0 1
761977 4 -1
762147 7 1
762163 0 -1
762216 5 -1
762219 1 -1
762297 2 1
762523 3 -1
762593 0 1
762735 4 -1
762779 1 1
762797 6 1
762808 9 -1
762912 0 1
762985 2 -1
763119 5 1
763170 1 1
763184 3 -1
763207 0 1
763302 8 1
763404 10 -1
763461 7 -1
763463 2 1
763501 0 1
763592 3 1
763715 1 -1
763764 0 1
763775 13 1
763796 12 -1
763799 4 -1
764087 5 -1
764124 6 -1
764173 2 1
764194 3 1
764221 0 -1
764267 1 1
764565 4 -1
764576 0 1
764646 1 1
764796 3 1
764861 2 -1
764914 0 -1
765000 7 -1
765065 11 -1
765150 1 -1
765186 3 1
765269 0 1
765323 6 -1
765336 2 1
765500 5 -1
765592 3 -1
765610 0 -1
765621 4 1
765698 1 -1
765829 0 1
765839 9 -1
766000 3 1
766043 2 1
766085 1 -1
766156 0 -1
766269 8 -1
766312 6 -1
766456 1 -1
766468 7 -1
766497 0 1
766613 3 1
766712 0 -1
766758 2 -1
766814 4 1
766818 1 1
766978 5 -1
767067 0 -1
767209 2 -1
767258 16 1
767279 0 1
767338 3 1
767366 1 1
767403 10 -1
767502 0 1
767520 4 1
767800 3 -1
767817 9 1
767856 0 1
767881 5 -1
767911 1 -1
767919 2 -1
767935 6 1
768119 0 1
768278 1 -1
768459 0 1
768499 7 -1
768527 4 -1
768569 3 1
768647 2 1
768832 1 1
768959 3 1
769066 0 -1
769109 2 1
769180 1 1
769300 8 1
769343 5 -1
769370 3 -1
769372 0 -1
769461 6 -1
769539 4 1
769567 1 1
769585 0 1
769585 2 -1
769982 3 -1
770042 2 -1
770108 1 1
770173 0 1
770216 4 -1
770353 6 1
770375 3 -1
770482 1 1
770547 7 -1
770547 0 1
770676 9 -1
770746 5 -1
770751 2 -1
770813 0 -1
770826 12 1
770977 3 -1
771026 1 1
771176 0 1
771272 10 1
771278 8 -1
771321 4 1
771452 2 -1
771482 0 -1
771579 3 -1
771579 1 1
771686 5 -1
771721 0 1
771917 2 -1
771933 6 -1
771944 1 -1
771974 7 1
771990 3 1
772114 0 -1
772296 1 1
772358 0 1
772393 4 1
772396 3 -1
772578 9 -1
772621 2 -1
772683 1 1
772804 3 1
772805 0 1
772997 11 1
773078 2 -1
773135 4 1
773159 5 1
773202 8 1
773252 1 1
773320 14 -1
773382 0 -1
773470 6 1
773546 3 -1
773556 2 1
773597 0 -1
773739 10 -1
773776 1 -1
773796 4 -1
773890 0 -1
774130 1 1
774175 7 1
774228 3 -1
774244 0 -1
774266 2 1
774400 6 -1
774494 0 -1
774537 4 1
774658 5 -1
774678 1 -1
774696 3 1
774742 2 -1
774825 9 -1
774935 0 1
774997 13 -1
775049 1 1
775061 8 1
775298 6 -1
775322 0 1
775384 3 1
775384 12 1
775430 2 1
775434 1 -1
775470 15 1
775565 4 -1
775604 0 -1
775618 7 1
775626 5 1
775884 0 -1
775905 3 1
775984 1 -1
776136 2 1
776147 6 -1
776155 0 1
776339 1 1
776351 3 1
776526 0 1
776588 2 1
776658 4 1
776873 0 -1
776891 7 -1
776908 1 -1
776953 3 1
776985 5 -1
777044 2 1
777130 0 1
777356 3 1
777415 1 1
777431 4 -1
777469 0 -1
777475 2 -1
777630 6 -1
777674 10 1
777762 0 1
777792 9 -1
777802 1 1
777899 8 1
777958 3 1
777974 5 -1
778025 0 1
778167 1 -1
778203 2 1
778531 0 1
778544 1 -1
778548 4 1
778598 3 -1
778877 5 -1
778893 2 -1
778923 0 -1
779006 3 1
779102 1 1
779108 7 1
779143 0 1
779253 6 -1
779261 4 1
779366 2 1
779396 3 1
779640 1 -1
779646 0 -1
779748 9 -1
779802 3 -1
779931 0 -1
779999 4 1
780019 1 -1
780027 12 -1
780054 2 -1
780205 0 1
780242 5 1
780404 3 -1
780414 6 -1
780430 7 1
780511 10 1
780551 1 -1
780699 0 1
780782 2 1
780844 11 1
780866 8 -1
780906 1 1
781005 3 -1
781095 4 -1
781150 5 1
781245 2 1
781247 1 -1
781253 0 1
781403 14 -1
781414 3 1
781575 6 1
781777 4 1
781803 1 -1
781809 0 1
781922 2 -1
782029 3 1
782164 1 1
782368 0 1
782419 3 1
782462 7 -1
782526 5 -1
782623 2 -1
782696 0 -1
782715 9 1
782738 1 -1
782790 8 1
782827 3 -1
782833 4 1
782927 0 1
782940 6 1
783104 2 1
783220 10 1
783287 0 1
783304 1 1
783456 3 -1
783636 0 -1
783651 1 -1
783822 2 -1
783838 6 1
783845 0 1
783859 3 1
783933 4 -1
783961 5 -1
784062 1 1
784069 0 -1
784278 2 -1
784313 0 -1
784405 1 -1
784461 3 1
784626 4 -1
784645 0 1
784757 2 1
784784 7 1
784886 5 -1
784945 1 1
784993 0 -1
785063 3 1
785165 6 -1
785195 0 1
785320 4 1
785461 2 1
785472 3 -1
785517 1 -1
785552 0 1
785617 9 -1
785746 8 -1
785772 5 -1
785781 0 -1
785880 1 -1
785923 2 1
785928 3 1
785944 4 1
786025 0 -1
786203 7 -1
786369 6 -1
786372 0 1
786374 3 1
786440 1 1
786477 13 1
786576 0 -1
786638 2 1
786675 5 -1
786924 0 1
786956 4 -1
787009 1 -1
787057 3 1
787251 0 -1
787310 2 -1
787380 1 1
787396 10 -1
787500 0 -1
787725 0 1
787750 3 1
787788 2 1
787810 9 1
787879 6 -1
787928 0 -1
787936 1 1
788032 4 -1
788051 5 1
788212 3 -1
788264 2 -1
788266 7 1
788274 0 1
788484 1 1
788605 8 -1
788634 0 1
788723 2 -1
788786 4 1
788855 1 1
788874 0 -1
788938 3 -1
788970 12 -1
788992 11 1
789196 6 -1
789199 0 1
789423 1 -1
789433 0 1
789433 2 -1
789465 5 -1
789540 3 -1
789658 14 -1
789661 0 -1
789766 1 1
789846 4 1
789938 9 -1
789962 3 1
789994 0 1
790024 10 -1
790124 1 1
790137 2 -1
790233 0 1
790290 7 1
790292 6 1
790373 5 -1
790532 4 -1
790552 0 1
790564 3 1
790604 2 -1
790615 8 -1
790665 1 1
790900 0 -1
791015 1 -1
791131 0 -1
791163 6 -1
791166 3 1
791249 4 -1
791303 2 -1
791381 0 -1
791529 9 -1
791555 7 -1
791572 3 -1
791596 1 -1
791601 0 1
791690 5 -1
791765 2 -1
791932 0 -1
792156 1 1
792227 3 1
792249 6 1
792249 2 1
792278 0 1
792317 4 -1
792511 1 -1
792518 0 1
792673 3 1
792673 5 1
792711 15 -1
792886 0 -1
792906 1 1
792950 2 -1
792998 4 1
793087 0 -1
793135 3 -1
793277 1 -1
793337 0 1
793426 2 1
793560 5 1
793668 8 1
793732 7 -1
793780 3 -1
793817 1 -1
793893 6 1
793936 0 -1
793974 10 -1
794014 4 -1
794135 2 1
794173 3 -1
794373 1 -1
794517 9 -1
794573 0 1
794732 1 1
794775 3 -1
794823 2 -1
794952 5 -1
795094 4 -1
795143 0 1
795215 6 1
795272 1 1
795302 2 1
795377 3 -1
795377 12 1
795406 0 1
795635 16 1
795651 1 1
795737 0 -1
795777 2 -1
795844 7 1
795876 3 -1
795877 4 1
795984 5 -1
796002 1 -1
796078 0 -1
796151 6 -1
796242 2 -1
796368 0 1
796400 3 1
796578 1 1
796594 4 1
796624 8 1
796806 3 -1
796828 0 -1
796935 1 -1
796946 2 -1
797010 11 -1
797231 7 -1
797247 4 1
797376 5 1
797379 0 1
797424 3 -1
797469 1 -1
797505 13 1
797596 6 -1
797623 2 1
797970 0 -1
798026 3 -1
798053 1 1
798080 2 1
798086 9 -1
798102 10 -1
798327 4 1
798419 3 -1
798428 1 1
798553 0 1
798601 8 -1
798618 7 1
798720 5 -1
798795 1 1
798808 2 -1
798838 6 -1
799058 3 1
799128 0 1
799166 1 1
799289 2 -1
799440 4 -1
799467 3 -1
799475 0 -1
799655 5 -1
799699 0 1
799746 1 -1
799746 2 -1
799794 6 1
799891 3 1
799926 0 -1
800093 4 1
800106 12 1
800165 7 -1
800171 9 -1
800208 0 1
800294 1 -1
800453 2 -1
800493 3 1
800560 0 -1
800675 1 -1
800883 3 1
800929 2 1
800966 11 1
801052 10 1
801095 15 1
801106 5 -1
801173 4 1
801205 1 -1
801208 0 1
801224 6 -1
801485 3 1
801504 8 1
801588 1 -1
801616 2 -1
801799 0 -1
801814 4 -1
801951 1 -1
802041 0 -1
802087 3 1
802264 0 1
802326 2 -1
802358 7 -1
802483 1 -1
802525 5 -1
802527 4 1
802589 3 1
802589 6 1
802640 0 1
802796 2 1
802860 1 -1
802960 0 1
803035 3 1
803258 2 1
803327 0 -1
803400 1 -1
803417 18 1
803460 9 1
803481 6 1
803492 5 -1
803497 3 -1
803557 8 1
803671 0 1
803672 4 -1
803734 2 -1
803761 10 1
803890 0 -1
803934 1 1
804121 0 -1
804244 3 1
804285 7 1
804297 1 -1
804357 0 1
804414 4 1
804419 2 1
804672 1 1
804752 0 -1
804771 6 1
804836 11 -1
804846 3 1
804900 5 -1
805039 1 1
805091 0 1
805126 2 1
805236 3 1
805400 0 1
805416 8 1
805490 4 1
805583 2 1
805619 1 -1
805728 6 1
805739 14 1
805741 0 -1
805793 9 1
805838 3 1
805857 7 1
806150 0 1
806151 1 1
806244 3 -1
806311 2 -1
806362 5 -1
806413 0 1
806544 1 -1
806550 10 1
806570 4 -1
806652 3 1
806663 6 -1
806771 2 -1
806808 0 -1
807078 1 1
807227 2 -1
807254 3 1
807265 5 -1
807268 4 1
807405 0 -1
807457 1 1
807458 12 1
807657 3 1
807751 0 1
807844 1 1
807948 2 -1
807964 0 -1
807989 4 1
808001 7 -1
808028 6 1
808179 5 -1
808187 0 1
808259 3 1
808340 8 -1
808415 2 -1
808415 9 1
808424 1 1
808429 0 1
808666 4 -1
808727 13 -1
808751 1 1
808756 0 -1
808910 6 1
809017 3 1
809104 0 1
809125 2 -1
809146 5 1
809303 1 -1
809404 0 1
809463 3 1
809522 15 -1
809614 7 -1
809738 4 -1
809807 0 1
809827 1 1
809834 2 -1
809925 3 -1
810054 0 1
810198 1 -1
810242 6 1
810296 8 1
810310 2 1
810334 0 -1
810452 3 -1
810565 10 1
810645 5 -1
810746 4 1
810754 1 -1
810898 0 1
811000 2 -1
811049 7 1
811140 3 -1
811237 0 1
811319 1 1
811457 9 1
811468 4 1
811487 0 -1
811543 12 -1
811570 6 -1
811698 1 -1
811704 2 -1
811828 3 -1
811927 0 -1
811952 5 -1
812161 2 -1
812218 1 1
812236 0 -1
812295 3 1
812457 6 1
812510 0 1
812588 4 -1
812782 1 -1
812865 2 -1
812973 5 -1
812989 3 1
813048 11 -1
813112 8 1
813125 1 1
813150 0 -1
813161 7 -1
813360 6 1
813520 1 -1
813521 3 1
813567 2 -1
813632 4 -1
813636 0 -1
813779 9 1
813872 1 1
813967 3 1
813972 0 1
814026 2 -1
814187 0 -1
814316 6 -1
814338 4 1
814381 5 1
814390 1 -1
814467 7 1
814510 2 1
814534 0 1
814730 3 -1
814867 0 -1
814918 10 1
814955 1 1
814999 2 1
815112 0 -1
815122 3 -1
815284 5 1
815321 1 1
815410 4 1
815450 0 1
815628 6 1
815698 2 1
815724 3 -1
815882 1 -1
815958 0 1
816079 8 -1
816181 5 1
816214 0 1
816277 1 1
816326 3 -1
816386 2 -1
816472 0 1
816563 4 1
816648 1 -1
816660 12 1
816676 7 -1
816778 3 -1
816864 2 1
816971 6 1
817036 0 1
817232 1 1
817272 4 -1
817391 9 1
817519 3 1
817568 2 1
817584 5 -1
817585 0 1
817591 1 -1
817659 10 1
817896 6 1
818027 2 1
818036 8 1
818044 0 -1
818143 1 -1
818207 3 1
818285 0 -1
818369 4 -1
818433 5 1
818500 0 1
818503 2 -1
818530 16 -1
818683 1 -1
818734 3 1
818820 7 -1
819034 1 -1
819078 0 1
819094 4 -1
819196 2 1
819266 6 -1
819411 1 -1
819422 3 1
819650 0 1
819669 2 -1
819755 1 -1
819856 4 1
819874 5 1
819949 8 -1
820121 6 1
820158 3 1
820207 0 1
820271 13 -1
820346 1 -1
820352 7 1
820352 2 1
820473 0 1
820567 3 -1
820709 0 -1
820864 1 1
820959 3 -1
821002 11 1
821024 0 -1
821045 6 -1
821045 9 1
821053 4 1
821080 2 -1
821235 1 -1
821271 5 1
821317 0 1
821362 3 1
821540 2 -1
821642 10 1
821720 0 -1
821746 4 -1
821783 1 -1
821787 7 1
821927 8 1
821964 3 1
821996 2 -1
822062 0 1
822142 1 1
822147 5 -1
822249 14 1
822346 6 1
822354 0 1
822475 2 1
822528 1 1
822566 3 1
822668 0 -1
822774 4 -1
822907 0 -1
822974 3 -1
823044 5 -1
823057 1 1
823168 2 -1
823246 0 1
823259 6 -1
823281 9 1
823351 7 -1
823427 1 -1
823576 3 -1
823840 0 -1
823883 4 1
823894 2 -1
823996 1 1
824001 3 1
824012 5 1
824350 2 -1
824391 3 1
824418 0 1
824568 1 -1
824624 6 1
824641 4 1
824651 0 -1
824807 8 1
824904 0 1
824935 1 1
825044 12 1
825079 2 1
825087 15 1
825162 3 1
825290 1 -1
825366 4 1
825431 17 -1
825441 5 -1
825450 0 -1
825541 2 1
825608 3 1
825608 7 1
825656 10 1
825689 1 -1
825810 0 -1
825882 9 1
825973 6 -1
825979 13 1
826016 2 -1
826043 0 -1
826108 4 -1
826245 1 -1
826296 3 1
826387 0 1
826710 2 1
826715 0 1
826785 5 1
826801 1 -1
826962 6 -1
826984 3 1
827040 0 -1
827164 1 -1
827172 4 -1
827183 2 -1
827543 3 -1
827586 0 -1
827683 5 1
827728 7 -1
827728 1 1
827752 8 -1
827774 6 1
827884 2 -1
827959 3 1
828075 0 -1
828085 1 -1
828256 4 1
828365 3 -1
828376 9 -1
828422 0 1
828450 1 -1
828478 10 1
828548 2 -1
828677 6 -1
828739 0 1
828967 3 -1
828970 4 -1
828994 7 -1
828994 1 -1
829024 2 1
829037 0 1
829085 5 -1
829236 11 1
829282 0 -1
829361 1 -1
829499 2 -1
829585 3 -1
829601 0 -1
829666 8 1
829929 1 1
829959 0 -1
829967 2 -1
829969 4 1
830063 6 1
830090 3 -1
830178 0 1
830397 5 -1
830489 1 -1
830585 0 1
830679 4 1
830692 2 -1
830778 3 -1
830866 1 -1
830985 0 -1
831219 1 1
831243 7 -1
831246 3 1
831259 0 1
831321 9 -1
831375 5 1
831396 2 -1
831412 6 -1
831433 4 -1
831525 13 1
831582 1 1
831676 0 1
831692 3 1
831853 2 -1
832010 0 1
832110 1 -1
832251 0 1
832278 6 1
832468 4 1
832471 3 1
832560 2 -1
832568 8 1
832569 0 1
832686 1 1
832772 5 1
832811 0 1
832880 10 1
832917 3 1
832933 11 1
833036 0 -1
833036 2 1
833085 1 1
833138 4 -1
833275 7 -1
833487 2 1
833544 0 1
833605 3 1
833609 1 -1
833675 6 -1
833836 12 1
833874 0 -1
834094 5 1
834096 0 1
834174 1 1
834175 2 -1
834210 4 1
834293 3 1
834444 0 -1
834492 7 -1
834548 1 1
834578 6 1
834610 8 1
834653 2 1
834656 0 1
834825 3 1
834989 0 1
835051 5 -1
835062 9 1
835081 1 1
835274 4 1
835282 3 -1
835349 0 -1
835368 2 1
835470 6 1
835570 0 -1
835623 1 1
835841 3 1
835924 0 -1
836000 1 1
836012 4 1
836051 2 -1
836284 0 1
836443 3 1
836459 8 1
836470 5 1
836526 0 -1
836526 2 1
836588 1 -1
836741 4 1
836779 0 1
836792 6 1
836798 7 1
836803 11 -1
836945 1 1
837002 2 -1
837045 3 1
837109 0 -1
837190 9 -1
837318 1 -1
837362 10 1
837394 5 1
837398 4 -1
837453 3 -1
837469 2 -1
837526 0 -1
837738 6 1
837886 1 1
838063 3 -1
838090 0 -1
838168 2 -1
838251 1 -1
838351 5 -1
838474 4 -1
838593 3 -1
838632 0 1
838759 14 1
838821 1 1
838878 2 1
838937 0 -1
838974 7 1
839006 6 1
839060 3 1
839219 0 1
839347 1 1
839353 2 -1
839404 8 -1
839598 12 1
839611 4 -1
839708 1 -1
839748 3 1
839767 0 -1
839818 5 -1
840044 2 1
840087 0 -1
840095 1 1
840168 10 1
840286 3 1
840312 4 1
840313 0 -1
840382 6 -1
840458 1 -1
840530 7 -1
840726 0 1
840737 5 -1
840759 2 1
840995 3 1
840995 0 1
841006 1 1
841038 16 1
841146 9 1
841232 2 -1
841240 0 -1
841307 6 1
841361 8 1
841498 4 1
841546 1 1
841688 3 1
841760 0 1
841873 1 1
841933 2 -1
842097 3 -1
842108 0 -1
842167 5 -1
842188 6 1
842207 4 -1
842329 0 1
842435 1 -1
842489 3 -1
842624 2 1
842677 0 -1
842683 7 -1
842715 13 -1
842812 1 1
842844 17 1
842876 4 1
842911 3 1
842951 0 1
843080 6 -1
843102 2 -1
843162 1 -1
843209 0 -1
843317 15 -1
843381 9 -1
843513 3 1
843586 5 -1
843682 12 -1
843739 1 1
843790 2 1
843803 0 -1
843964 4 -1
844115 3 1
844118 1 1
844153 0 1
844174 7 -1
844198 10 1
844263 2 -1
844284 8 1
844362 0 -1
844456 6 1
844521 3 -1
844553 5 1
844682 4 -1
844682 1 -1
844738 2 1
844760 0 -1
844779 11 1
845090 0 1
845123 3 -1
845238 1 -1
845295 9 -1
845367 0 -1
845429 2 -1
845445 5 -1
845593 7 -1
845609 1 1
845746 4 -1
845760 0 -1
845821 6 -1
845864 3 1
845902 2 1
845988 0 -1
846145 1 -1
846275 3 1
846321 0 1
846455 5 -1
846590 2 -1
846638 6 1
846718 1 1
846826 4 -1
846856 0 -1
846877 3 1
846928 14 1
847036 10 1
847060 1 -1
847230 8 -1
847243 0 1
847305 2 -1
847479 3 1
847552 0 1
847560 4 -1
847612 1 -1
847702 12 -1
847778 7 -1
847778 2 1
847821 5 1
847885 3 -1
848009 0 -1
848014 6 -1
848169 1 -1
848197 4 1
848197 9 1
848253 2 -1
848487 3 -1
848537 1 -1
848640 0 -1
848713 2 -1
848895 3 1
848910 4 -1
848926 1 -1
848960 6 1
848992 0 1
849143 8 1
849229 7 -1
849237 0 -1
849272 5 1
849285 3 1
849285 1 1
849428 2 1
849479 0 1
849745 0 -1
849858 1 -1
849884 6 1
849887 3 1
849946 4 -1
850019 10 -1
850089 9 1
850121 0 1
850126 2 1
850250 5 -1
850368 3 1
850442 1 -1
850594 2 1
850658 0 -1
850809 1 1
850942 4 -1
851013 0 -1
851078 8 -1
851110 3 -1
851255 6 -1
851303 2 1
851306 0 1
851325 7 1
851375 1 -1
851550 0 1
851620 5 1
851658 12 1
851671 4 -1
851752 1 -1
851768 3 1
851776 2 -1
851815 0 1
852107 1 1
852109 6 1
852174 3 -1
852177 0 1
852252 2 1
852464 5 -1
852561 11 1
852580 0 1
852582 3 1
852671 1 -1
852803 0 1
852808 4 1
852942 2 -1
852985 3 1
852991 9 1
853055 8 1
853058 1 -1
853141 0 -1
853380 0 -1
853405 7 -1
853415 2 1
853442 5 1
853442 6 1
853574 4 -1
853587 3 1
853638 1 -1
853641 0 1
853679 13 -1
854058 0 -1
854103 2 -1
854162 10 1
854189 3 1
854191 1 -1
854308 4 -1
854308 0 -1
854558 1 1
854598 3 -1
854721 0 1
854754 5 1
854775 6 -1
854832 2 1
854932 1 1
854977 7 1
855065 0 1
855098 17 -1
855184 14 1
855200 3 -1
855294 2 1
855319 1 -1
855372 0 1
855380 4 -1
855611 0 -1
855614 3 1
855705 6 -1
855726 5 -1
855769 2 -1
855815 1 1
855893 8 1
855917 0 -1
856025 4 1
856108 3 1
856172 9 -1
856226 2 -1
856288 0 -1
856351 1 1
856420 7 -1
856624 0 -1
856698 1 -1
856796 3 1
856866 0 -1
856930 2 -1
857065 6 -1
857065 10 -1
857108 5 1
857117 4 -1
857202 0 1
857242 3 1
857282 1 1
857487 0 1
857618 2 1
857712 0 -1
857726 7 1
857822 1 1
857930 3 1
858046 0 1
858097 2 -1
858169 4 -1
858173 1 -1
858285 0 1
858365 6 1
858451 15 -1
858462 5 -1
858537 9 -1
858603 0 1
858618 3 1
858738 1 1
858806 2 -1
858838 8 -1
858854 4 1
858951 0 -1
859161 3 -1
859163 0 1
859251 1 -1
859268 2 -1
859365 5 -1
859419 6 -1
859494 0 1
859612 12 1
859636 1 -1
859741 0 1
859744 2 -1
859763 3 -1
859935 7 -1
859939 4 -1
860123 0 -1
860180 1 -1
860300 5 -1
860364 3 -1
860451 2 -1
860472 11 -1
860475 0 1
860563 1 1
860738 0 1
860786 3 1
860794 8 1
860837 6 1
860907 2 -1
860938 1 -1
861047 4 1
861071 0 -1
861257 10 1
861267 5 -1
861316 0 -1
861454 1 1
861496 3 1
861590 0 1
861638 2 1
861805 4 1
861813 1 1
861848 9 -1
861924 0 1
862095 7 1
862165 0 -1
862192 3 1
862213 6 -1
862345 2 1
862426 1 1
862633 0 1
862638 3 1
862670 5 -1
862807 2 1
862861 4 1
863016 1 1
863100 3 -1
863202 6 -1
863202 0 1
863283 2 -1
863371 1 -1
863554 7 -1
863568 3 1
863713 0 1
863724 1 1
863740 2 -1
863740 8 -1
863982 4 1
863982 6 -1
864064 1 -1
864105 0 1
864137 5 -1
864256 3 1
864377 0 -1
864428 11 1
864444 2 -1
864449 16 1
864614 1 -1
864808 4 -1
864815 0 1
864890 6 1
864901 13 1
864922 9 1
864944 3 1
865094 5 1
865126 2 1
865151 1 1
865175 10 -1
865363 0 1
865390 3 1
865530 1 1
865546 7 -1
865582 4 -1
865599 0 1
865602 2 -1
865825 8 -1
865898 0 -1
866078 3 1
866106 1 -1
866266 6 -1
866290 2 1
866352 4 1
866432 0 1
866483 1 -1
866513 5 1
866674 3 1
866771 2 -1
866809 0 1
866862 1 -1
866964 15 -1
867037 0 -1
867077 7 1
867233 3 -1
867247 2 -1
867394 0 -1
867416 9 -1
867420 1 -1
867459 5 1
867480 4 -1
867647 0 -1
867695 6 -1
867792 8 1
867827 1 1
867835 3 -1
867900 10 -1
867953 2 -1
867961 0 1
868243 3 1
868354 0 -1
868363 1 1
868410 5 -1
868410 2 -1
868448 11 1
868464 7 -1
868523 6 -1
868536 4 -1
868598 12 1
868647 0 -1
868845 3 1
868915 1 1
869074 0 -1
869120 2 -1
869258 1 -1
869274 4 -1
869410 0 -1
869453 3 1
869609 1 1
869633 0 -1
869791 5 1
869816 2 -1
869863 0 1
869953 6 -1
869985 3 1
869996 1 1
870092 0 1
870103 9 -1
870278 4 1
870280 2 -1
870412 0 1
870431 3 1
870536 1 -1
870608 13 -1
870662 8 1
870721 7 -1
870726 5 1
870770 10 -1
870772 0 1
870888 6 1
870893 3 -1
870984 2 -1
870990 0 -1
871019 4 1
871104 1 1
871336 0 1
871491 1 1
871581 3 -1
871694 14 1
871694 2 -1
871785 4 1
871799 0 -1
871801 6 -1
872023 1 1
872156 5 1
872156 2 -1
872159 0 -1
872188 7 -1
872354 1 -1
872371 0 1
872382 3 -1
872618 8 -1
872706 1 -1
872718 0 -1
872855 2 -1
872887 3 1
872938 4 -1
873156 6 1
873199 15 -1
873220 0 1
873257 1 -1
873263 9 1
873489 3 1
873532 0 1
873564 2 -1
873575 5 -1
873583 4 -1
873619 1 1
873739 0 -1
873768 10 1
874021 2 -1
874026 6 -1
874091 3 1
874204 1 -1
874252 7 -1
874311 0 1
874494 3 1
874499 2 1
874515 5 1
874643 4 -1
874658 0 -1
874728 1 -1
874900 0 -1
874972 2 1
875093 1 -1
875096 3 1
875155 9 1
875230 0 1
875434 5 1
875457 1 1
875459 0 -1
875477 6 -1
875531 8 1
875666 2 -1
875698 3 1
875701 0 -1
875719 4 -1
875792 1 1
876018 0 -1
876106 3 -1
876187 13 -1
876251 0 -1
876292 7 -1
876352 1 1
876359 11 1
876375 2 -1
876445 5 -1
876493 4 1
876574 0 -1
876708 3 -1
876746 6 -1
876848 2 1
876917 1 -1
876931 0 -1
877133 9 1
877157 0 1
877181 3 1
877227 4 1
877293 1 -1
877399 0 1
877566 2 1
877611 3 -1
877627 6 1
877638 10 -1
877639 0 1
877646 7 1
877810 5 1
877817 1 -1
877958 0 1
877960 4 1
878041 2 -1
878213 3 -1
878214 1 -1
878315 12 1
878316 0 1
878412 8 1
878498 2 -1
878530 0 -1
878563 1 -1
878584 6 -1
878605 3 -1
878858 0 -1
879081 4 -1
879101 1 -1
879205 0 -1
879207 3 -1
879207 2 -1
879309 5 -1
879429 0 1
879476 9 1
879478 1 -1
879546 6 -1
879683 2 1
879777 0 -1
879852 3 1
879944 7 1
880040 1 -1
880134 0 -1
880218 4 1
880218 5 -1
880360 0 1
880360 2 -1
880368 3 1
880379 8 -1
880589 1 -1
880691 0 -1
880814 3 1
880820 6 -1
880903 4 1
880933 0 -1
880951 1 -1
881048 2 1
881154 0 1
881276 3 -1
881492 0 -1
881504 1 -1
881524 2 -1
881637 5 -1
881713 0 1
881895 7 -1
881964 3 -1
881991 2 -1
882044 4 -1
882048 0 -1
882056 10 -1
882060 1 -1
882228 6 1
882271 8 1
882408 0 -1
882467 1 1
882486 2 1
882572 5 -1
882632 0 1
882701 4 1
882706 3 1
882862 0 -1
882959 12 1
882983 1 -1
883104 0 -1
883114 3 -1
883128 7 1
883179 2 -1
883206 6 1
883238 9 -1
883378 4 -1
883433 0 1
883550 5 1
883571 1 -1
883716 3 -1
883781 0 -1
883888 2 -1
883926 1 1
883988 0 1
884109 3 -1
884205 11 1
884297 1 -1
884302 8 1
884347 0 1
884361 2 1
884466 4 1
884485 6 -1
884512 3 1
884560 0 -1
884672 1 -1
884783 0 1
884861 10 -1
884915 5 -1
885068 2 1
885141 0 1
885168 7 1
885220 4 1
885221 3 -1
885224 1 1
885369 0 -1
885377 6 -1
885689 3 1
885717 0 1
885753 2 -1
885760 1 1
885882 5 1
886046 0 -1
886163 1 -1
886210 2 -1
886220 4 1
886288 0 -1
886323 6 -1
886377 3 1
886508 0 1
886527 9 -1
886715 1 -1
886721 0 -1
886742 12 1
886938 2 1
887065 3 1
887068 0 1
887086 16 -1
887102 1 -1
887183 8 1
887296 7 -1
887300 4 -1
887344 5 1
887398 0 -1
887409 13 1
887457 1 1
887548 3 -1
887629 2 -1
887640 0 -1
887656 6 1
887986 0 1
887997 4 1
888001 1 1
888086 2 -1
888161 14 1
888177 3 -1
888226 0 1
888392 1 1
888454 0 -1
888570 6 -1
888591 9 1
888618 3 -1
888666 7 1
888709 5 -1
888719 4 1
888768 0 -1
888790 2 -1
888924 10 1
888952 1 1
889010 0 -1
889220 3 -1
889268 2 1
889346 0 1
889412 4 -1
889509 1 1
889558 5 1
889704 0 -1
889725 2 1
889822 3 -1
889928 1 1
889932 0 -1
890010 6 1
890134 7 1
890156 0 1
890214 3 -1
890246 8 -1
890283 1 -1
890389 0 1
890416 4 1
890451 2 1
890618 1 -1
890738 0 -1
890816 3 -1
890913 2 1
890983 5 1
891088 0 1
891186 1 -1
891219 3 1
891305 0 -1
891429 6 1
891450 9 1
891488 4 -1
891617 2 1
891628 3 -1
891633 10 -1
891640 0 1
891649 7 1
891722 1 1
891882 0 1
892088 1 -1
892092 0 -1
892117 11 -1
892230 3 -1
892246 6 -1
892254 4 1
892326 2 1
892342 8 -1
892364 5 -1
892440 0 1
892621 1 1
892654 3 1
892665 0 1
892810 2 -1
892891 12 -1
892983 1 -1
893012 0 -1
893170 6 1
893267 2 -1
893310 4 1
893331 5 1
893360 0 1
893368 1 -1
893380 3 -1
893592 0 1
893724 2 -1
893729 9 1
893802 7 -1
893910 1 -1
893936 0 -1
894027 4 1
894062 6 -1
894068 3 -1
894245 10 1
894269 0 1
894273 1 1
894452 2 1
894495 0 -1
894535 3 1
894643 5 1
894696 4 -1
894829 1 -1
894844 0 1
894981 3 1
895142 2 -1
895180 8 -1
895212 17 -1
895237 0 -1
895386 1 1
895441 3 -1
895445 0 1
895535 6 -1
895591 2 -1
895681 0 1
895732 1 -1
895906 4 1
895916 0 -1
895954 7 -1
895997 5 -1
895997 9 -1
896095 1 -1
896196 3 1
896271 0 -1
896293 2 -1
896416 12 1
896478 1 -1
896545 15 -1
896607 4 -1
896622 0 1
896760 2 -1
896782 6 -1
896825 0 -1
896884 3 1
896959 5 1
897020 1 -1
897040 8 -1
897170 0 1
897233 2 1
897346 3 -1
897357 7 -1
897394 0 -1
897542 1 1
897623 0 -1
897631 4 1
897674 6 -1
897889 5 -1
897921 2 -1
897929 1 1
897971 0 1
898034 3 -1
898176 0 -1
898426 2 1
898453 10 -1
898485 1 1
898526 0 1
898571 3 -1
898695 13 -1
898735 4 -1
898845 5 1
898876 1 1
898884 0 1
899050 8 -1
899103 6 -1
899106 3 1
899120 0 -1
899120 2 1
899251 1 1
899351 0 -1
899445 7 1
899501 4 1
899555 0 -1
899708 3 1
899770 9 -1
899824 1 -1
899829 2 1
899910 0 -1
900028 6 -1
900114 3 -1
900157 11 1
900166 4 -1
900170 1 -1
900237 0 1
900286 5 1
900297 2 1
900479 0 1
900716 3 -1
900751 1 1
900799 0 1
900855 6 -1
900856 7 -1
900864 4 1
900968 2 -1
901022 0 -1
901267 0 -1
901275 10 -1
901291 1 1
901420 3 1
901627 0 -1
901634 1 -1
901697 2 1
901710 5 1
901851 0 1
901855 4 -1
901882 3 -1
901963 8 -1
902008 1 -1
902016 9 1
902159 2 1
902178 0 -1
902285 6 1
902355 7 -1
902355 1 1
902524 0 1
902570 3 -1
902650 5 1
902758 0 1
902860 2 1
902907 1 -1
902908 12 -1
902960 4 1
902978 0 -1
903091 6 -1
903201 0 1
903258 3 -1
903492 1 1
903529 0 -1
903548 2 -1
903701 4 -1
903720 3 1
903858 1 -1
903876 8 1
903877 0 1
904026 2 1
904102 5 1
904120 0 1
904407 1 -1
904470 0 -1
904483 2 1
904510 6 -1
904553 3 1
904596 7 -1
904671 14 1
904706 0 -1
904842 4 -1
904919 0 1
904962 2 -1
904983 1 1
904994 9 1
905004 5 1
905155 3 1
905265 0 -1
905344 1 -1
905435 10 1
905479 0 1
905542 3 1
905671 2 -1
905827 0 -1
905890 1 -1
905894 4 1
905907 5 1
905950 3 -1
906026 6 1
906128 7 1
906156 0 1
906359 3 1
906375 2 1
906386 0 1
906479 1 -1
906617 0 -1
906620 4 -1
906757 8 1
906825 1 -1
906837 2 1
906859 0 -1
906961 3 1
907197 6 1
907205 0 1
907321 5 1
907390 1 1
907533 0 -1
907552 2 1
907563 3 1
907732 4 -1
907764 0 1
907768 1 1
907950 9 1
907952 3 1
908025 2 -1
908106 0 -1
908137 1 1
908240 11 -1
908267 6 -1
908304 5 -1
908321 7 -1
908436 0 1
908482 2 -1
908554 3 1
908682 0 1
908696 1 1
908812 4 1
908863 12 1
909011 0 -1
909046 3 1
909050 1 -1
909143 15 -1
909154 6 -1
909210 2 1
909359 0 1
909433 10 1
909524 3 -1
909546 4 1
909589 0 1
909616 5 -1
909618 1 1
909672 2 1
909680 8 -1
909831 9 1
909852 13 1
909936 0 -1
910160 0 1
910183 1 -1
910212 3 -1
910304 16 -1
910304 7 1
910374 2 1
910390 0 1
910491 1 -1
910610 4 -1
910626 6 -1
910680 3 1
910736 0 -1
910850 1 -1
910950 0 1
911051 2 -1
911088 5 -1
911207 1 1
911344 4 -1
911368 3 1
911387 0 -1
911518 2 -1
911733 8 -1
911750 0 1
911763 1 -1
911803 7 -1
911809 9 1
911956 0 -1
911980 6 -1
911991 2 1
912029 5 1
912053 4 -1
912126 10 1
912136 3 1
912209 0 1
912303 1 -1
912437 0 1
912467 2 -1
912539 14 -1
912545 3 -1
912674 1 1
912838 0 1
912889 5 -1
912937 3 -1
912948 6 -1
913113 4 1
913155 2 1
913187 0 1
913190 7 1
913214 1 1
913340 3 1
913515 0 -1
913613 1 -1
913855 4 1
913888 2 1
913894 5 1
913902 0 -1
913915 9 -1
913942 3 1
913944 1 -1
914157 0 -1
914259 12 1
914351 2 1
914378 6 1
914449 0 -1
914508 1 1
914520 7 -1
914700 3 1
914722 10 -1
914786 8 1
914875 1 -1
914963 4 -1
914990 0 1
915066 2 1
915146 3 1
915296 5 1
915399 13 1
915411 1 -1
915538 2 -1
915552 0 1
915834 3 1
915893 6 -1
915909 0 1
915979 1 1
916014 2 1
916060 4 1
916132 0 -1
916194 11 1
916296 3 -1
916330 1 -1
916353 0 1
916589 0 1
916689 9 1
916691 2 -1
916699 1 -1
916705 7 1
916753 5 1
916764 3 1
916801 4 1
916817 6 -1
916930 0 -1
917088 1 -1
917156 2 -1
917479 10 1
917487 4 -1
917500 0 -1
917522 3 -1
917628 1 -1
917634 8 1
917677 5 1
917860 2 -1
917989 3 1
918043 0 1
918140 1 1
918148 4 1
918204 6 1
918286 0 -1
918502 0 -1
918515 1 1
918570 2 -1
918677 3 1
918825 7 -1
918903 12 1
918975 0 -1
919032 2 -1
919067 1 -1
919102 5 1
919244 4 1
919298 0 -1
919365 3 1
919442 1 -1
919505 2 1
919534 0 -1
919575 6 -1
919688 8 1
919741 9 -1
919811 3 1
919849 1 1
919980 2 -1
919995 0 1
920010 5 1
920123 7 1
920222 0 -1
920311 3 1
920365 1 -1
920397 4 1
920526 6 -1
920569 0 1
920666 14 -1
920668 2 1
920757 3 1
920760 1 1
920932 0 1
920999 5 -1
921122 4 1
921139 13 -1
921227 0 1
921300 1 1
921389 2 1
921445 3 1
921461 10 1
921526 9 1
921646 0 1
921840 1 1
921853 2 1
922031 6 1
922079 0 1
922126 4 -1
922133 3 1
922211 1 -1
922382 0 1
922391 5 -1
922396 7 -1
922525 8 1
922541 2 -1
922570 1 -1
922595 3 -1
922643 12 1
922646 0 -1
922840 4 1
922948 1 -1
922952 0 1
923020 2 1
923041 6 1
923213 3 -1
923322 0 1
923342 5 -1
923495 2 -1
923535 1 1
923581 4 -1
923622 3 1
923657 0 -1
923855 7 1
923869 6 -1
923960 0 -1
924011 3 1
924083 1 1
924186 2 1
924191 11 -1
924406 0 -1
924428 9 1
924446 1 -1
924605 4 1
924613 3 1
924664 2 -1
924793 5 -1
924938 0 -1
925004 1 -1
925019 3 -1
925242 7 -1
925277 6 1
925374 2 -1
925374 8 1
925375 1 -1
925379 4 1
925470 0 -1
925653 3 -1
925653 15 -1
925758 1 1
925798 10 1
926056 0 1
926075 2 -1
926158 5 1
926234 6 1
926255 3 -1
926318 1 -1
926438 9 1
926467 4 1
926526 2 -1
926658 3 1
926666 0 -1
926725 1 1
926922 0 1
926991 2 -1
927013 5 -1
927067 3 -1
927072 17 1
927196 0 1
927209 7 1
927294 1 1
927352 8 -1
927459 3 -1
927464 2 1
927483 4 -1
927564 0 -1
927738 6 -1
927827 0 -1
927862 1 1
927986 5 1
928018 11 1
928082 3 -1
928152 2 -1
928201 1 -1
928209 4 -1
928270 0 1
928459 10 -1
928499 7 -1
928641 9 -1
928684 3 -1
928727 1 -1
928881 2 1
928905 0 -1
928991 5 1
929087 3 1
929104 6 1
929190 0 -1
929257 4 -1
929259 1 -1
929276 8 1
929308 12 -1
929340 2 1
929448 0 -1
929630 1 -1
929689 3 1
930028 2 -1
930039 0 1
930103 6 1
930188 1 -1
930252 4 1
930356 3 1
930393 5 -1
930595 7 -1
930599 0 1
930732 2 -1
930740 1 -1
930818 3 -1
930920 6 -1
930931 0 1
930950 4 -1
931131 1 1
931210 2 1
931221 8 -1
931228 0 1
931447 0 -1
931478 1 -1
931506 3 -1
931565 9 -1
931673 0 1
931812 5 -1
931828 1 1
931925 2 -1
931984 6 1
932011 0 -1
932030 4 -1
932060 15 -1
932081 11 1
932194 3 -1
932360 13 1
932362 1 1
932363 0 -1
932489 16 -1
932586 0 1
932629 2 -1
932635 7 -1
932661 3 1
932753 5 -1
932780 10 -1
932903 1 1
932969 0 1
933086 2 -1
933191 4 -1
933255 1 -1
933349 3 1
933382 6 -1
933435 9 -1
933527 0 1
933793 2 -1
933795 3 1
933820 1 1
933916 4 -1
934021 7 -1
934107 0 -1
934170 1 -1
934188 8 1
934231 5 1
934258 3 -1
934268 2 1
934435 0 -1
934549 1 1
934658 4 1
934752 2 -1
934763 0 1
934811 6 -1
934946 3 -1
935102 1 -1
935139 5 1
935209 0 1
935392 7 1
935408 4 1
935413 3 1
935445 2 1
935456 0 -1
935480 1 -1
935650 10 -1
935803 0 1
935865 6 1
935918 2 -1
936004 5 -1
936025 1 -1
936026 3 1
936356 0 -1
936445 9 -1
936488 4 -1
936613 1 1
936620 2 -1
936628 3 1
936679 0 1
936703 14 1
936762 7 -1
936932 0 -1
936976 1 -1
937017 3 1
937208 6 -1
937292 0 1
937305 8 -1
937332 2 -1
937355 1 -1
937412 5 -1
937423 3 -1
937512 4 -1
937532 0 -1
937709 1 1
937789 2 -1
937826 0 1
937832 3 1
938143 6 -1
938246 2 -1
938250 1 1
938278 4 -1
938383 0 -1
938391 5 -1
938434 3 -1
938509 12 -1
938616 10 1
938724 2 1
938814 1 -1
938993 0 -1
939036 3 -1
939052 7 -1
939152 1 1
939154 8 -1
939164 6 -1
939261 9 -1
939350 4 -1
939382 0 1
939436 2 1
939439 3 1
939640 0 1
939670 11 -1
939715 1 -1
939799 5 -1
939885 0 -1
940011 4 1
940040 3 1
940121 2 -1
940135 0 -1
940297 1 1
940527 0 -1
940546 3 1
940551 6 -1
940597 2 1
940650 1 -1
940712 4 -1
941008 3 -1
941074 0 1
941176 1 1
941196 7 1
941260 5 -1
941261 9 -1
941304 2 1
941422 0 -1
941518 6 -1
941645 0 1
941696 3 -1
941732 1 1
941755 2 1
941784 4 1
942013 8 -1
942043 0 1
942117 1 -1
942163 3 1
942174 5 -1
942212 2 1
942378 0 -1
942486 7 -1
942510 4 1
942602 0 1
942688 1 1
942851 3 1
942889 10 -1
942894 2 -1
942916 6 1
943010 1 1
943023 0 1
943131 5 1
943195 9 -1
943370 2 1
943415 1 -1
943601 0 -1
943606 4 1
943609 3 1
943615 13 -1
943926 8 1
943940 0 1
943947 1 -1
944018 3 -1
944058 2 -1
944125 5 -1
944249 0 1
944320 1 -1
944410 3 -1
944421 6 -1
944442 12 -1
944566 7 -1
944614 4 1
944614 15 1
944649 0 -1
944743 17 -1
944767 2 -1
944813 3 1
944860 1 -1
944883 0 -1
945195 9 -1
945219 0 -1
945222 2 -1
945324 4 1
945345 6 -1
945408 1 1
945415 3 1
945496 5 1
945549 10 1
945574 0 -1
945700 2 1
945767 1 1
945840 8 -1
945848 0 1
945952 7 -1
946025 4 -1
946071 0 -1
946081 3 1
946108 1 -1
946176 2 -1
946237 6 -1
946348 0 -1
946493 1 -1
946544 3 -1
946726 0 -1
946750 4 -1
946764 31 1
946866 2 1
946914 5 1
947037 1 -1
947178 6 -1
947232 3 -1
947361 0 1
947500 7 1
947543 2 -1
947581 11 1
947609 1 1
947699 3 1
947782 4 -1
947909 5 -1
947944 0 1
947956 1 -1
947968 9 1
948022 2 1
948145 3 1
948234 0 -1
948468 0 1
948502 1 -1
948666 6 1
948731 2 1
948796 0 -1
948833 3 1
948839 8 1
948847 4 -1
948903 1 -1
949107 0 -1
949207 2 -1
949295 3 -1
949298 1 1
949306 5 -1
949570 0 1
949580 16 -1
949600 4 -1
949639 2 1
949645 12 -1
949742 10 -1
949818 1 -1
949822 7 1
949983 3 -1
950085 6 -1
950104 0 -1
950189 1 -1
950346 2 1
950403 0 1
950647 0 1
950668 4 1
950671 3 -1
950698 5 1
950701 1 1
950808 2 1
950935 8 1
951029 0 -1
951047 6 -1
951139 3 1
951209 7 -1
951249 0 1
951261 1 1
951300 9 -1
951510 2 1
951580 0 -1
951628 1 -1
951696 4 -1
951698 5 -1
951751 3 1
951926 0 1
952171 0 1
952192 1 1
952192 2 -1
952198 3 1
952203 6 1
952430 4 -1
952442 0 1
952649 2 -1
952697 0 1
952753 1 -1
952886 3 1
953009 6 -1
953052 5 1
953052 0 -1
953111 1 1
953128 2 1
953213 14 1
953264 7 -1
953474 4 -1
953573 3 1
953576 0 1
953600 12 -1
953600 9 -1
953603 2 -1
953684 1 -1
953794 8 1
953998 10 -1
954036 3 -1
954193 0 1
954252 1 -1
954288 2 1
954433 0 1
954471 6 1
954530 4 -1
954535 5 1
954615 1 1
954643 3 -1
954681 0 1
954933 13 1
954990 1 1
954998 2 1
955051 3 1
955219 0 1
955308 4 1
955363 11 1
955373 1 1
955385 7 -1
955395 5 -1
955441 3 1
955454 2 1
955715 0 -1
955880 1 -1
956043 3 1
956073 6 1
956137 15 -1
956183 2 -1
956250 0 1
956437 1 -1
956449 3 -1
956465 4 -1
956524 0 -1
956546 9 -1
956642 2 -1
956675 10 1
956739 8 -1
956761 0 -1
956820 1 -1
956852 5 -1
956884 7 -1
956986 6 -1
957099 2 -1
957107 0 1
957142 3 -1
957182 4 -1
957346 0 1
957376 1 1
957735 1 -1
957747 0 -1
957798 5 1
957809 2 1
957830 3 -1
957920 4 -1
958091 0 1
958114 1 -1
958201 12 -1
958287 2 -1
958298 3 1
958332 0 1
958373 9 1
958464 7 -1
958545 6 -1
958652 8 1
958678 1 1
958741 0 -1
958770 5 -1
958916 4 -1
958986 3 1
958996 2 -1
959014 1 -1
959152 0 1
959389 0 -1
959448 11 1
959593 4 1
959597 1 -1
959698 2 -1
959722 7 -1
959732 3 -1
959768 0 -1
959786 10 -1
960109 1 1
960160 2 -1
960200 3 1
960222 5 -1
960265 6 1
960329 9 1
960378 0 1
960514 1 -1
960609 13 -1
960622 0 -1
960657 4 -1
960748 8 1
960863 0 1
960867 1 1
960872 2 -1
960888 3 1
961168 5 1
961215 1 -1
961243 6 1
961393 0 -1
961576 3 1
961576 2 -1
961766 1 -1
961778 0 -1
961858 4 1
961995 7 -1
962002 0 1
962022 3 1
962033 2 -1
962140 6 -1
962302 1 1
962350 0 1
962382 10 1
962490 5 1
962543 3 1
962552 0 1
962568 4 -1
962689 1 1
962710 2 1
962758 8 -1
962799 0 1
962989 3 1
963081 11 1
963156 0 1
963167 6 -1
963229 1 1
963293 4 -1
963339 9 -1
963438 2 -1
963462 0 1
963608 1 1
963677 3 1
963858 0 -1
963898 2 -1
963938 4 -1
963954 1 -1
964011 5 -1
964075 7 -1
964355 2 -1
964365 3 1
964392 12 -1
964446 0 1
964478 1 -1
964739 0 1
964833 2 1
964845 1 -1
964865 3 1
964865 6 -1
964876 5 1
965002 0 1
965026 4 1
965231 9 -1
965430 1 1
965518 7 -1
965542 2 1
965553 3 -1
965602 0 1
965618 8 -1
965822 5 -1
965956 3 1
965990 1 -1
966091 13 -1
966093 0 1
966139 4 1
966246 2 -1
966349 1 1
966365 3 -1
966404 0 1
966488 6 -1
966682 5 1
966695 0 -1
966719 1 1
966725 2 1
966832 10 1
966868 4 1
966967 3 -1
966972 0 1
967094 1 1
967206 0 -1
967386 3 1
967429 2 1
967624 1 1
967638 7 -1
967644 0 1
967660 6 -1
967888 2 1
967988 0 1
967993 4 -1
968025 9 1
968068 5 -1
968144 3 -1
968179 1 1
968211 0 -1
968348 17 1
968364 2 -1
968531 0 -1
968541 1 -1
968563 8 1
968746 3 -1
968772 0 -1
968775 4 1
969012 0 -1
969057 2 1
969142 1 -1
969154 3 1
969283 6 1
969331 0 -1
969380 14 -1
969444 5 1
969476 4 -1
969501 1 1
969530 2 -1
969544 3 1
969635 0 -1
969831 7 1
969835 1 -1
969949 3 -1
970033 0 1
970232 2 -1
970369 11 1
970369 6 -1
970369 12 -1
970432 1 -1
970433 5 -1
970508 8 -1
970567 3 -1
970589 4 1
970648 0 1
970767 10 1
970784 1 1
970912 0 1
970941 2 -1
971153 7 -1
971164 9 -1
971169 3 -1
971204 0 1
971314 4 1
971315 6 1
971331 1 -1
971401 2 -1
971444 15 1
971562 3 -1
971742 0 1
971766 5 1
971857 2 -1
971907 1 -1
972118 0 1
972164 3 -1
972262 1 1
972336 2 1
972346 4 1
972419 0 1
972606 1 -1
972674 5 1
972814 0 1
972822 3 1
972948 9 1
972971 1 1
973040 2 -1
973042 0 1
973193 7 -1
973206 6 1
973228 3 -1
973260 0 -1
973394 10 -1
973451 4 -1
973486 8 1
973534 1 -1
973593 5 1
973755 2 -1
973830 3 -1
973841 0 1
974064 1 1
974120 6 1
974144 4 -1
974170 0 1
974211 2 -1
974400 0 1
974432 3 -1
974450 1 1
974757 0 -1
974801 4 1
974840 3 1
974883 12 -1
974894 9 1
974918 2 -1
974991 5 -1
974991 1 1
975281 7 -1
975289 0 1
975394 2 1
975442 3 1
975474 6 1
975555 4 1
975559 1 -1
975633 0 -1
975832 3 1
975861 2 1
975880 0 -1
975910 1 1
975969 5 1
976221 0 1
976238 3 -1
976399 8 -1
976470 1 1
976555 7 1
976571 2 1
976635 4 1
976762 0 1
976839 3 -1
976925 6 -1
976990 9 -1
977001 0 1
977022 1 1
977044 2 -1
977259 0 1
977264 3 1
977280 13 1
977355 5 -1
977361 1 -1
977549 14 -1
977570 10 -1
977659 4 -1
977745 2 -1
977753 6 -1
977844 0 -1
977885 3 1
977885 1 -1
977957 16 -1
978252 1 1
978258 8 -1
978344 11 -1
978401 4 1
978409 2 -1
978438 0 1
978487 3 1
978586 7 1
978628 1 1
978796 0 -1
978801 5 -1
978884 2 1
978892 3 -1
979018 0 1
979179 1 1
979236 6 -1
979259 0 1
979301 3 1
979360 2 -1
979416 4 -1
979521 0 -1
979562 1 1
979691 3 1
979763 5 1
979763 9 1
979828 2 -1
979849 0 -1
980021 7 1
980066 1 -1
980204 0 -1
980239 4 -1
980295 3 1
980311 10 -1
980526 2 -1
980537 0 1
980594 1 -1
980698 6 -1
980736 5 -1
980897 3 1
980908 4 1
980938 0 -1
980952 1 1
980988 12 1
981151 0 1
981204 8 1
981241 2 -1
981306 3 -1
981351 1 1
981370 0 1
981585 7 -1
981660 5 -1
981742 1 -1
981746 2 1
981768 0 1
981870 6 -1
981907 3 -1
982010 0 1
982020 4 -1
982258 1 1
982340 0 1
982432 2 -1
982499 3 1
982730 4 -1
982816 9 -1
982855 1 1
982907 2 1
982961 3 -1
983004 0 1
983042 5 1
983149 10 -1
983234 1 1
983283 0 -1
983359 2 1
983455 7 -1
983501 0 1
983595 6 1
983649 3 -1
983798 1 -1
983858 4 1
984033 0 1
984047 2 -1
984116 3 1
984127 11 -1
984133 1 -1
984170 8 -1
984366 0 1
984482 5 1
984499 1 1
984525 2 1
984638 0 1
984729 9 -1
984804 3 1
984927 4 -1
984939 7 -1
985064 1 -1
985116 6 1
985143 0 -1
985202 12 -1
985237 2 1
985406 3 -1
985410 1 1
985422 0 1
985503 5 1
985604 4 1
985715 0 1
985804 14 -1
985809 3 1
985938 6 -1
985939 2 1
985981 1 -1
986213 8 1
986299 0 1
986309 4 -1
986406 2 1
986411 3 1
986519 1 -1
986653 0 1
986804 5 1
986874 2 -1
986894 1 -1
986954 0 1
986995 7 -1
987013 3 1
987027 4 -1
987094 6 -1
987248 1 1
987312 0 1
987341 2 -1
987406 10 -1
987459 3 1
987529 0 -1
987623 1 1
987674 9 -1
987760 0 -1
987803 5 -1
988040 6 -1
988040 2 -1
988042 4 1
988061 3 -1
988168 1 1
988405 11 1
988419 0 -1
988470 13 -1
988663 3 -1
988712 1 1
988749 2 1
988798 5 1
988964 0 1
989066 3 1
989070 1 -1
989123 4 -1
989163 7 -1
989222 8 -1
989225 2 -1
989244 12 1
989287 6 -1
989475 3 -1
989569 0 -1
989651 1 1
989856 0 -1
989867 3 -1
989880 4 -1
989916 2 1
990006 1 -1
990128 0 -1
990157 5 -1
990292 10 -1
990388 1 -1
990458 9 1
990469 3 -1
990630 2 1
990633 0 1
990646 7 1
990867 6 1
990957 1 1
990966 0 1
990989 4 1
991006 5 1
991071 3 -1
991103 2 -1
991200 8 1
991297 0 1
991312 1 -1
991474 3 1
991662 4 1
991748 0 1
991813 6 1
991813 2 -1
991852 1 -1
992001 7 -1
992076 3 1
992111 0 -1
992339 11 -1
992339 9 1
992364 4 1
992404 1 1
992431 0 1
992447 5 1
992514 2 -1
992522 3 -1
992738 1 1
992808 0 1
992925 3 1
992979 2 -1
993125 1 -1
993183 6 -1
993210 8 1
993275 7 1
993398 0 -1
993428 4 1
993488 1 1
993527 3 1
993662 2 1
993747 5 1
993936 3 -1
993952 0 1
994012 1 -1
994129 2 -1
994165 4 1
994199 0 1
994306 10 -1
994425 6 -1
994444 0 -1
994532 17 1
994538 3 -1
994572 1 -1
994597 2 -1
994629 5 1
994704 12 -1
994833 15 -1
994852 0 1
994923 1 1
995142 0 1
995166 3 -1
995242 9 1
995274 7 1
995295 2 -1
995310 4 -1
995328 6 1
995486 1 -1
995494 0 1
995569 3 1
995661 5 1
995758 2 -1
995838 0 1
995862 1 -1
995930 8 -1
995978 3 -1
996205 1 1
996212 0 -1
996370 3 -1
996378 4 -1
996424 11 -1
996462 2 -1
996475 0 -1
996542 5 -1
996757 6 1
996773 0 -1
996785 1 1
996972 3 -1
996991 4 -1
997132 1 -1
997198 0 -1
997201 2 1
997531 6 1
997612 7 1
997666 2 1
997696 1 1
997784 3 1
997838 0 1
997886 8 1
997891 5 1
998095 4 1
998112 9 1
998133 2 1
998219 0 -1
998246 3 -1
998273 1 -1
998430 0 1
998450 10 1
998585 2 1
998636 1 -1
998722 0 -1
998886 7 1
998934 3 -1
998989 0 1
999004 12 -1
999127 4 -1
999208 6 1
999208 1 -1
999283 5 -1
999283 2 1
999324 0 -1
999401 3 1
999692 13 1
999760 1 -1
999848 3 1
999885 4 -1
999885 16 -1
999931 0 1
999995 2 1
1000079 9 1
1000135 1 1
1000277 5 1
1000423 6 1
1000471 2 -1
1000544 0 1
1000627 3 1
1000685 1 -1
1000831 8 -1
1000869 7 -1
1001014 10 -1
1001034 4 -1
1001073 3 1
1001137 0 -1
1001164 2 1
1001256 1 -1
1001465 6 1
1001472 0 1
1001614 1 1
1001637 5 -1
1001637 2 -1
1001710 0 -1
1001761 3 1
1002007 1 -1
1002070 4 -1
1002091 0 -1
1002116 2 1
1002228 14 -1
1002362 1 1
1002384 7 -1
1002400 11 1
1002425 0 -1
1002449 3 1
1002486 5 1
1002594 6 -1
1002726 0 1
1002798 2 -1
1002807 4 1
1002894 1 1
1002981 9 1
1002986 0 -1
1003013 3 -1
1003260 2 -1
1003290 0 -1
1003435 3 1
1003459 1 -1
1003464 5 -1
1003501 4 -1
1003690 8 -1
1003752 0 1
1003799 1 -1
1003803 6 -1
1003841 3 -1
1003868 7 -1
1003980 2 -1
1004271 4 -1
1004355 1 1
1004394 0 -1
1004443 3 -1
1004674 2 1
1004696 1 -1
1004765 12 -1
1004767 0 1
1004776 5 -1
1004916 10 1
1004980 9 1
1005018 0 -1
1005045 3 -1
1005069 1 1
1005152 2 -1
1005241 0 1
1005270 6 -1
1005351 4 1
1005399 13 -1
1005458 0 -1
1005555 3 -1
1005625 1 1
1005647 8 1
1005765 5 1
1005800 0 1
1005851 7 1
1005862 2 -1
1005976 1 -1
1006243 3 -1
1006375 0 -1
1006407 4 1
1006563 2 -1
1006568 1 -1
1006711 3 1
1006786 6 1
1006894 9 1
1006945 0 -1
1007025 2 -1
1007102 1 -1
1007157 3 1
1007162 5 1
1007173 4 -1
1007229 0 -1
1007471 7 -1
1007475 1 1
1007517 0 1
1007657 8 1
1007732 2 -1
1007775 6 1
1007845 3 1
1007854 1 1
1007861 15 -1
1008146 0 1
1008229 1 1
1008257 4 1
1008420 3 1
1008441 2 -1
1008484 5 1
1008668 0 1
1008749 1 -1
1008893 2 -1
1009003 4 1
1009022 3 -1
1009076 10 -1
1009245 0 -1
1009321 1 1
1009368 2 1
1009393 5 1
1009487 7 -1
1009516 8 1
1009538 6 1
1009624 3 -1
1009680 1 -1
1009688 4 -1
1009777 0 1
1009831 2 1
1009946 9 -1
1010027 3 1
1010148 0 -1
1010228 1 -1
1010400 0 -1
1010419 11 -1
1010435 3 -1
1010532 2 1
1010603 1 1
1010731 6 1
1010785 5 -1
1010817 0 1
1010828 3 -1
1010865 4 1
1010978 13 -1
1010986 1 1
1011185 0 -1
1011220 2 -1
1011409 0 1
1011451 3 1
1011462 7 1
1011542 1 1
1011550 4 -1
1011620 0 -1
1011655 10 1
1011698 2 1
1011709 6 -1
1011816 9 1
1011889 1 -1
1011894 0 1
1012053 3 1
1012230 5 -1
1012340 0 1
1012408 2 1
1012429 1 -1
1012442 3 1
1012547 8 -1
1012711 4 1
1012883 2 -1
1012959 0 1
1012961 7 1
1012998 1 1
1013053 3 1
1013182 5 1
1013343 2 -1
1013372 1 1
1013555 0 -1
1013558 6 -1
1013739 1 -1
1013751 4 1
1013835 0 1
1013896 3 -1
1013966 12 1
1014044 2 -1
1014087 0 1
1014090 1 1
1014364 3 1
1014437 7 1
1014493 4 1
1014531 2 -1
1014611 0 1
1014654 5 1
1014666 1 -1
1014676 9 1
1014951 0 1
1014977 6 -1
1015052 3 1
1015181 0 1
1015206 4 1
1015221 1 -1
1015224 2 1
1015407 8 -1
1015510 0 1
1015593 1 -1
1015740 3 1
1015740 0 1
1015799 7 1
1015839 4 1
1015847 10 -1
1015923 2 1
1015962 0 -1
1016019 5 -1
1016041 6 -1
1016130 1 -1
1016186 3 1
1016398 2 -1
1016468 1 1
1016527 0 -1
1016823 1 1
1016860 2 -1
1016874 3 1
1016890 0 -1
1016903 4 -1
1017008 5 1
1017129 0 -1
1017320 8 1
1017336 3 -1
1017336 2 1
1017379 1 1
1017460 0 1
1017481 6 1
1017535 9 1
1017753 0 -1
1017766 7 -1
1017770 1 1
1017804 3 1
1017933 5 1
1017996 4 -1
1018008 0 -1
1018046 2 1
1018322 1 1
1018330 11 1
1018395 14 1
1018492 3 1
1018527 0 -1
1018551 6 -1
1018717 4 -1
1018733 2 -1
1018878 5 -1
1018883 1 -1
1019040 3 -1
1019086 0 -1
1019212 2 1
1019274 1 -1
1019459 0 1
1019513 9 1
1019604 6 1
1019620 1 1
1019658 3 -1
1019659 0 1
1019814 4 -1
1019886 0 -1
1019910 7 -1
1019924 2 1
1020019 1 -1
1020139 0 1
1020233 10 1
1020260 3 -1
1020276 5 1
1020287 8 -1
1020535 1 1
1020539 4 -1
1020580 0 -1
1020625 2 1
1020652 3 -1
1020928 0 1
1020996 6 1
1021055 3 1
1021093 2 1
1021106 1 -1
1021138 0 -1
1021200 4 1
1021313 7 -1
1021434 1 -1
1021464 3 -1
1021482 0 1
1021501 9 1
1021711 0 -1
1021791 5 1
1021792 2 1
1021910 6 1
1021964 0 1
1022027 1 -1
1022135 16 1
1022200 8 1
1022211 3 1
1022264 11 -1
1022264 13 1
1022353 4 -1
1022504 2 1
1022539 0 1
1022563 1 1
1022657 5 -1
1022899 3 1
1022901 0 -1
1022954 1 -1
1022979 2 -1
1023079 4 -1
1023184 0 1
1023184 10 -1
1023264 7 1
1023345 3 1
1023372 6 -1
1023382 9 1
1023468 12 -1
1023514 1 1
1023616 0 -1
1023664 2 1
1023834 0 1
1024022 3 1
1024065 0 1
1024070 17 1
1024082 1 -1
1024113 5 -1
1024123 4 -1
1024140 2 -1
1024242 15 -1
1024253 8 1
1024437 1 1
1024438 0 1
1024511 3 1
1024613 2 -1
1024672 0 1
1024764 7 1
1024957 3 1
1024957 1 -1
1025011 0 -1
1025048 6 -1
1025086 5 1
1025312 4 1
1025317 2 1
1025340 1 -1
1025411 0 1
1025645 3 1
1025699 1 1
1025736 0 -1
1025790 2 -1
1025951 5 -1
1025973 10 -1
1025997 4 -1
1026078 7 -1
1026107 3 -1
1026156 9 -1
1026185 0 1
1026231 6 -1
1026247 1 1
1026327 11 -1
1026492 2 -1
1026638 1 1
1026715 0 1
1026747 4 -1
1026865 3 1
1027102 8 1
1027136 0 -1
1027182 2 1
1027202 1 -1
1027252 6 -1
1027306 5 1
1027416 0 1
1027440 4 -1
1027510 3 -1
1027660 2 -1
1027702 1 1
1027808 0 1
1027913 3 1
1028026 0 1
1028063 1 1
1028101 7 -1
1028144 2 1
1028230 6 1
1028252 5 1
1028278 0 1
1028321 3 -1
1028418 1 -1
1028520 4 1
1028606 2 1
1028714 3 -1
1028730 10 -1
1028782 1 -1
1028837 0 1
1029058 8 -1
1029208 9 1
1029305 2 1
1029343 1 -1
1029394 0 1
1029423 3 -1
1029536 7 -1
1029579 5 -1
1029588 4 -1
1029670 6 -1
1029883 1 -1
1029934 0 -1
1029982 2 -1
1030157 0 1
1030181 3 1
1030246 1 1
1030350 4 -1
1030401 0 -1
1030444 2 -1
1030643 3 -1
1030732 0 1
1030804 1 -1
1031057 5 -1
1031076 0 1
1031079 9 -1
1031148 2 -1
1031169 1 1
1031175 6 1
1031331 3 -1
1031362 4 1
1031404 0 1
1031548 1 1
1031627 2 1
1031664 7 -1
1031799 3 1
1031938 5 -1
1031992 8 1
1032020 0 1
1032084 2 1
1032100 6 1
1032108 1 1
1032140 4 -1
1032245 3 1
1032334 0 1
1032406 10 -1
1032479 1 1
1032557 0 -1
1032626 12 1
1032812 2 -1
1032849 4 -1
1032852 5 -1
1032933 3 1
1033035 13 1
1033051 1 -1
1033106 0 1
1033271 2 -1
1033357 17 1
1033395 3 -1
1033470 0 1
1033486 6 -1
1033579 1 -1
1033707 5 1
1033715 0 -1
1033889 7 1
1033954 1 -1
1033970 4 1
1033981 9 -1
1033994 2 -1
1034083 3 -1
1034180 0 -1
1034346 11 1
1034416 0 1
1034474 1 -1
1034631 0 -1
1034682 2 1
1034696 4 -1
1034701 6 1
1034771 3 -1
1034884 8 1
1034905 14 1
1034959 0 -1
1035030 1 -1
1035142 5 1
1035158 2 -1
1035201 0 -1
1035308 3 1
1035365 7 -1
1035409 1 -1
1035475 6 1
1035530 0 1
1035615 2 -1
1035733 3 -1
1035768 4 1
1035878 0 -1
1035894 9 -1
1035986 1 1
1036071 2 -1
1036090 0 1
1036141 3 1
1036316 0 -1
1036405 10 -1
1036522 1 1
1036539 5 -1
1036617 0 -1
1036655 7 1
1036743 3 1
1036800 2 1
1036856 4 1
1036888 1 -1
1036961 0 1
1037023 8 1
1037247 1 1
1037254 6 -1
1037345 3 1
1037415 0 -1
1037447 5 -1
1037490 2 -1
1037549 4 -1
1037614 1 1
1037850 9 -1
1037883 3 1
1037963 2 1
1037979 0 -1
1038049 7 1
1038087 6 1
1038158 1 1
1038208 0 -1
1038267 4 -1
1038517 0 -1
1038570 3 1
1038673 2 1
1038730 1 -1
1038861 5 -1
1038861 15 1
1039017 3 1
1039069 4 1
1039089 0 1
1039117 1 -1
1039130 2 1
1039242 10 -1
1039291 16 1
1039479 3 -1
1039484 6 1
1039586 2 1
1039690 1 1
1039718 0 1
1039914 8 1
1040036 1 -1
1040167 3 -1
1040177 4 -1
1040178 7 1
1040269 0 -1
1040290 5 -1
1040323 2 1
1040415 1 -1
1040495 0 1
1040702 3 1
1040718 0 1
1040774 2 1
1040882 6 1
1040947 1 -1
1041140 12 1
1041148 0 1
1041215 5 -1
1041234 4 -1
1041310 1 -1
1041317 3 1
1041419 9 -1
1041432 0 -1
1041478 2 1
1041844 0 1
1041856 1 -1
1041919 3 1
1041987 4 -1
1042021 6 -1
1042128 11 1
1042188 2 1
1042201 0 -1
1042298 7 -1
1042327 3 -1
1042382 1 1
1042421 0 1
1042655 5 -1
1042655 2 1
1042753 1 -1
1042782 0 1
1042795 8 1
1042929 3 -1
1043031 4 -1
1043096 9 1
1043124 1 -1
1043128 2 -1
1043292 0 -1
1043375 6 1
1043418 10 1
1043509 1 -1
1043585 2 -1
1043628 7 1
1043633 3 1
1043711 0 1
1043991 0 -1
1044043 1 -1
1044079 3 1
1044096 4 1
1044106 5 -1
1044313 2 1
1044321 13 -1
1044383 0 1
1044612 1 1
1044617 0 1
1044767 3 1
1044783 6 -1
1044805 8 1
1044845 0 -1
1044857 4 -1
1044974 1 -1
1044998 2 -1
1045009 5 -1
1045192 0 1
1045418 0 -1
1045450 2 -1
1045455 3 1
1045599 1 1
1045708 6 -1
1045740 7 1
1045772 0 -1
1045857 4 1
1045864 3 -1
1046139 1 1
1046154 2 -1
1046256 10 1
1046278 9 1
1046283 0 1
1046337 3 1
1046353 5 1
1046484 0 1
1046490 1 -1
1046622 2 -1
1046721 0 1
1046799 3 -1
1046815 12 1
1047008 6 -1
1047016 1 -1
1047022 4 -1
1047065 0 -1
1047094 2 1
1047277 5 1
1047279 0 1
1047369 7 -1
1047487 3 -1
1047582 1 1
1047627 0 -1
1047653 8 1
1047764 4 -1
1047782 2 -1
1047825 11 1
1047949 1 -1
1047989 0 -1
1048191 3 -1
1048258 2 1
1048285 0 1
1048288 5 -1
1048497 1 -1
1048519 0 1
1048674 6 1
1048688 3 1
1048798 0 -1
1048852 7 1
1048880 1 -1
1048884 4 1
1048976 2 1
1049094 10 1
1049150 0 1
1049259 1 -1
1049290 3 1
1049454 6 1
1049513 0 -1
1049545 9 1
1049577 4 1
1049674 5 1
1049696 3 -1
1049701 2 1
1049747 0 -1
1049827 1 -1
1050029 13 1
1050104 3 1
1050118 0 -1
1050163 2 1
1050186 1 -1
1050319 4 1
1050397 0 -1
1050518 6 -1
1050631 5 -1
1050642 8 -1
1050717 3 1
1050760 0 -1
1050765 1 -1
1050840 2 -1
1050875 7 1
1051088 0 -1
1051163 3 1
1051313 1 -1
1051330 0 -1
1051391 4 1
1051416 12 -1
1051416 14 1
1051569 2 1
1051630 11 -1
1051631 9 -1
1051684 0 -1
1051702 1 -1
1051781 6 1
1051980 3 -1
1052031 2 1
1052076 4 -1
1052077 1 -1
1052082 5 -1
1052187 0 -1
1052302 7 1
1052407 0 1
1052427 1 1
1052576 8 1
1052668 3 -1
1052673 0 -1
1052732 2 1
1052834 10 -1
1053012 1 1
1053082 6 1
1053135 3 1
1053205 4 -1
1053248 0 -1
1053393 15 -1
1053420 2 -1
1053501 5 -1
1053532 1 -1
1053581 3 1
1053850 0 1
1053898 2 1
1053909 1 -1
1054044 3 -1
1054242 0 1
1054322 4 -1
1054361 6 1
1054382 2 -1
1054390 7 1
1054404 8 1
1054447 5 -1
1054467 1 -1
1054471 0 1
1054785 0 1
1054807 3 1
1054834 1 1
1054834 2 -1
1054952 9 1
1055027 4 1
1055051 0 1
1055135 6 1
1055180 1 -1
1055398 5 1
1055495 3 1
1055495 0 -1
1055500 12 1
1055543 2 1
1055543 10 -1
1055728 4 -1
1055736 11 -1
1055737 13 -1
1055765 1 1
1055957 3 -1
1056124 0 1
1056132 1 1
1056247 2 1
1056317 8 -1
1056328 5 1
1056462 4 -1
1056478 7 -1
1056682 0 1
1056698 1 -1
1056709 2 1
1056747 3 1
1056811 6 1
1056932 0 -1
1057150 3 1
1057231 0 1
1057246 1 1
1057424 2 1
1057518 4 1
1057558 3 -1
1057607 6 1
1057611 1 -1
1057779 5 1
1057833 0 1
1057897 7 -1
1057897 2 -1
1057972 9 -1
1057982 1 -1
1058160 3 -1
1058340 1 1
1058354 2 -1
1058381 0 1
1058553 3 -1
1058564 6 1
1058647 4 -1
1058746 0 -1
1058873 1 -1
1059042 0 1
1059061 2 -1
1059069 12 1
1059155 3 -1
1059176 5 1
1059327 8 1
1059332 4 1
1059418 0 -1
1059429 1 -1
1059544 2 1
1059628 11 1
1059757 3 -1
1059765 0 1
1059784 1 1
1059896 10 -1
1059988 0 1
1059993 6 -1
1060128 5 -1
1060138 7 1
1060160 3 1
1060208 9 -1
1060246 2 1
1060334 0 -1
1060352 4 1
1060356 1 -1
1060568 3 -1
1060682 0 1
1060735 1 -1
1060923 0 1
1060923 2 -1
1060960 3 -1
1061073 4 1
1061079 6 1
1061090 1 -1
1061143 0 -1
1061360 0 1
1061390 2 -1
1061477 15 1
1061573 5 1
1061646 1 1
1061697 3 -1
1061708 0 -1
1061771 4 1
1061864 2 1
1062021 1 1
1062062 0 -1
1062234 7 -1
1062291 0 1
1062326 6 1
1062339 2 -1
1062422 8 -1
1062455 5 1
1062460 3 1
1062553 1 1
1062632 0 -1
1062843 0 1
1062895 4 -1
1062922 3 -1
1063027 2 1
1063085 0 1
1063109 1 1
1063390 9 -1
1063417 5 -1
1063433 0 -1
1063504 1 -1
1063597 4 -1
1063610 3 -1
1063672 0 -1
1063685 7 -1
1063691 6 -1
1063734 2 1
1063875 1 1
1063992 10 -1
1064011 0 1
1064078 3 1
1064191 2 1
1064276 1 -1
1064336 8 1
1064346 0 -1
1064524 3 1
1064588 0 -1
1064594 6 1
1064701 17 -1
1064741 4 -1
1064766 5 -1
1064799 0 1
1064830 1 1
1064927 2 -1
1065024 0 -1
1065045 12 -1
1065292 3 1
1065364 0 1
1065388 1 -1
1065400 2 -1
1065529 6 -1
1065604 11 -1
1065668 5 -1
1065698 0 -1
1065738 3 1
1065761 1 1
1065781 4 1
1065851 2 -1
1065940 0 -1
1065959 7 -1
1066288 0 1
1066326 1 -1
1066426 3 1
1066528 6 -1
1066531 4 -1
1066553 2 -1
1066572 9 -1
1066604 10 1
1066636 0 -1
1066696 1 -1
1066847 0 1
1067018 2 -1
1067043 1 1
1067055 5 1
1067195 0 -1
1067195 8 1
1067200 4 1
1067232 3 -1
1067345 13 1
1067524 0 1
1067614 1 -1
1067625 3 -1
1067722 2 -1
1067766 0 1
1067840 14 1
1067853 4 1
1067926 16 1
1067992 1 -1
1068039 6 -1
1068047 3 1
1068087 7 -1
1068092 0 -1
1068325 0 1
1068431 2 -1
1068452 3 -1
1068463 5 1
1068555 0 1
1068599 1 -1
1068743 9 -1
1068901 0 -1
1068907 2 1
1069038 4 1
1069054 3 -1
1069143 0 -1
1069151 1 -1
1069151 8 -1
1069366 5 1
1069369 2 1
1069409 10 1
1069452 6 -1
1069476 0 1
1069492 1 1
1069578 7 1
1069758 3 1
1069826 0 -1
1069844 2 -1
1070002 1 -1
1070041 0 1
1070110 4 -1
1070221 3 -1
1070261 0 -1
1070366 6 -1
1070498 0 -1
1070530 2 1
1070566 1 1
1070683 5 1
1070785 9 -1
1070833 0 1
1070868 4 -1
1070908 3 -1
1070933 1 1
1071108 8 1
1071126 7 -1
1071180 0 -1
1071261 2 1
1071400 0 1
1071477 1 -1
1071596 3 -1
1071715 2 1
1071758 0 1
1071860 6 1
1071993 4 1
1072000 0 1
1072041 1 1
1072064 3 1
1072102 5 1
1072201 0 1
1072231 10 1
1072403 2 -1
1072408 1 -1
1072448 7 1
1072559 0 1
1072666 4 -1
1072774 0 -1
1072811 1 1
1072819 3 1
1072881 2 1
1072999 9 -1
1073053 5 1
1073074 6 -1
1073101 0 -1
1073171 15 -1
1073182 1 -1
1073357 2 -1
1073359 4 1
1073434 3 1
1073448 0 -1
1073558 11 1
1073679 0 1
1073750 1 -1
1073816 12 1
1073843 3 -1
1073977 6 1
1074031 8 -1
1074036 0 1
1074047 2 1
1074331 1 1
1074383 0 -1
1074391 4 -1
1074445 3 -1
1074482 5 1
1074526 2 -1
1074604 0 1
1074678 1 -1
1074714 7 1
1074837 3 -1
1074934 0 -1
1075052 4 1
1075198 1 1
1075235 2 -1
1075240 3 1
1075281 0 1
1075439 6 1
1075504 0 1
1075564 1 -1
1075735 0 -1
1075842 3 1
1075902 9 -1
1075933 1 -1
1075939 2 -1
1075944 5 1
1075956 0 1
1075988 8 1
1076189 4 1
1076251 3 -1
1076278 10 1
1076291 0 -1
1076369 2 1
1076481 1 -1
1076611 6 1
1076651 0 -1
1076847 2 -1
1076850 1 1
1076853 3 -1
1076882 0 1
1076896 5 -1
1076923 7 -1
1077240 0 1
1077253 4 1
1077310 2 -1
1077434 1 -1
1077452 0 -1
1077562 3 1
1077676 0 1
1077804 5 -1
1077975 4 1
1077991 1 -1
1078014 2 -1
1078024 3 -1
1078024 0 -1
1078235 0 1
1078317 7 -1
1078331 6 -1
1078346 1 1
1078562 3 -1
1078583 0 -1
1078632 13 -1
1078664 4 -1
1078712 1 1
1078728 2 -1
1078809 5 1
1078847 8 1
1078908 0 1
1079029 3 1
1079059 1 -1
1079145 0 1
1079201 2 1
1079287 9 1
1079387 0 1
1079426 4 1
1079612 0 -1
1079623 1 1
1079674 6 1
1079717 3 1
1079750 12 -1
1079889 2 -1
1079960 0 1
1080157 1 1
1080169 5 -1
1080276 7 1
1080290 0 -1
1080341 10 1
1080494 3 1
1080502 4 1
1080532 0 -1
1080534 1 1
1080577 6 -1
1080642 2 1
1080851 0 -1
1080900 3 -1
1081084 1 1
1081090 0 -1
1081104 2 1
1081311 0 1
1081384 9 -1
1081469 1 1
1081502 3 -1
1081604 5 -1
1081626 4 -1
1081674 0 1
1081695 7 1
1081749 6 -1
1081781 8 -1
1081786 2 -1
1081792 11 1
1081848 1 1
1081910 3 1
1081953 0 1
1082300 3 1
1082332 4 1
1082404 1 1
1082421 0 1
1082490 2 -1
1082587 5 1
1082784 1 1
1082920 6 -1
1082947 2 -1
1082953 10 -1
1082970 0 1
1083028 3 1
1083066 7 -1
1083173 0 -1
1083340 1 -1
1083410 0 1
1083469 4 -1
1083474 3 1
1083662 8 -1
1083676 2 1
1083868 1 -1
1083952 5 -1
1083963 12 1
1084014 0 -1
1084138 2 1
1084178 4 -1
1084242 3 1
1084247 1 -1
1084372 9 1
1084614 1 1
1084614 2 -1
1084635 6 -1
1084654 0 1
1084737 14 -1
1084799 4 -1
1084920 5 1
1084930 3 1
1084968 1 1
1085019 0 1
1085307 2 1
1085358 0 -1
1085371 7 -1
1085376 3 1
1085528 1 -1
1085578 0 1
1085618 8 1
1085726 11 -1
1085774 2 -1
1085817 0 1
1085855 4 -1
1085887 5 1
1086064 3 1
1086077 1 -1
1086167 0 -1
1086210 6 1
1086452 1 1
1086478 2 1
1086497 0 1
1086500 15 1
1086605 4 -1
1086629 9 1
1086736 0 1
1086758 10 1
1086806 7 -1
1086844 3 1
1086976 1 -1
1087055 0 1
1087102 31 1
1087172 2 -1
1087198 6 1
1087252 5 -1
1087279 0 -1
1087290 3 1
1087348 1 -1
1087516 0 -1
1087542 8 -1
1087650 2 1
1087721 1 -1
1087741 4 1
1087747 12 1
1087856 0 1
1087978 3 1
1088080 0 -1
1088126 2 -1
1088166 5 -1
1088284 1 -1
1088435 0 -1
1088588 2 -1
1088628 1 1
1088634 6 -1
1088714 9 -1
1088762 3 -1
1088781 0 1
1088798 7 -1
1088805 4 -1
1088994 0 -1
1089155 3 -1
1089202 1 -1
1089295 2 -1
1089340 0 1
1089445 6 1
1089467 10 -1
1089567 4 -1
1089577 3 1
1089606 5 -1
1089668 0 -1
1089759 1 1
1089789 11 -1
1089789 13 1
1089910 0 -1
1089982 3 -1
1090004 2 -1
1090128 1 -1
1090240 0 -1
1090461 2 -1
1090498 8 1
1090515 1 -1
1090520 6 1
1090539 4 1
1090584 3 -1
1090587 0 -1
1090740 7 1
1090808 0 1
1090902 1 -1
1091014 16 -1
1091036 5 -1
1091059 0 1
1091168 2 -1
1091283 0 -1
1091310 3 1
1091470 1 -1
1091579 4 1
1091618 0 1
1091622 2 -1
1091681 12 1
1091772 3 -1
1091885 6 -1
1091966 0 1
1091986 1 1
1092008 5 1
1092014 9 1
1092095 2 1
1092127 7 -1
1092194 0 -1
1092228 4 1
1092304 10 -1
1092353 1 1
1092460 3 -1
1092524 0 1
1092745 6 1
1092766 0 1
1092782 2 -1
1092885 1 -1
1092928 3 1
1092928 5 1
1092968 0 1
1093261 2 1
1093309 0 -1
1093324 4 -1
1093358 8 1
1093374 3 1
1093441 1 -1
1093554 0 -1
1093594 7 -1
1093800 1 1
1093884 5 -1
1093914 0 -1
1093973 2 1
1094132 9 -1
1094153 3 -1
1094244 0 -1
1094346 6 -1
1094372 1 -1
1094376 4 -1
1094465 0 -1
1094561 3 1
1094674 2 1
1094688 0 1
1094916 1 1
1094927 0 1
1095029 7 -1
1095081 4 1
1095142 2 1
1095163 3 -1
1095266 0 -1
1095267 1 -1
1095303 13 1
1095341 5 -1
1095368 8 1
1095604 0 1
1095615 2 -1
1095765 3 -1
1095779 4 1
1095816 0 -1
1095821 1 1
1095878 6 -1
1096077 2 -1
1096164 0 1
1096168 3 1
1096174 1 -1
1096384 10 -1
1096408 0 1
1096480 4 -1
1096577 3 -1
1096577 1 1
1096647 0 1
1096738 5 -1
1096786 2 -1
1096797 6 1
1096969 3 -1
1096972 0 1
1097077 17 -1
1097117 1 1
1097190 0 -1
1097278 7 1
1097378 12 1
1097421 9 1
1097480 1 1
1097485 2 1
1097496 4 1
1097544 0 -1
1097636 11 -1
1097657 5 -1
1097684 3 1
1097875 0 1
1097961 2 -1
1098033 6 1
1098040 1 -1
1098114 0 -1
1098216 8 1
1098325 0 1
1098372 3 1
1098552 0 1
1098572 1 1
1098584 4 -1
1098651 2 1
1098834 3 -1
1098901 0 -1
1098925 1 -1
1099103 6 -1
1099108 10 1
1099130 5 -1
1099130 2 -1
1099245 7 1
1099251 0 1
1099310 1 -1
1099342 4 -1
1099447 3 -1
1099492 0 1
1099587 2 -1
1099699 1 -1
1099820 0 -1
1099990 5 1
1100045 0 1
1100119 3 1
1100140 8 -1
1100257 1 -1
1100274 0 -1
1100296 2 -1
1100374 4 -1
1100538 9 -1
1100565 3 1
1100592 6 -1
1100621 0 -1
1100624 7 -1
1100769 2 1
1100809 1 -1
1100846 0 1
1100957 5 -1
1101011 13 -1
1101075 4 1
1101164 1 1
1101172 0 -1
1101247 14 -1
1101252 3 1
1101486 2 1
1101519 0 1
1101732 1 -1
1101755 0 1
1101768 4 -1
1101940 3 1
1101994 0 -1
1102000 8 -1
1102079 1 1
1102188 2 1
1102223 0 -1
1102279 15 -1
1102322 5 1
1102403 3 -1
1102426 1 -1
1102440 6 -1
1102553 0 1
1102655 2 1
1102688 9 -1
1102736 7 1
1102833 4 -1
1102900 0 -1
1102978 1 -1
1103091 3 -1
1103115 0 1
1103128 2 -1
1103230 5 1
1103332 1 1
1103365 10 -1
1103464 0 -1
1103534 4 -1
1103558 3 1
1103604 2 1
1103644 6 -1
1103779 0 -1
1103881 1 1
1104004 3 1
1104020 0 -1
1104139 7 1
1104294 2 -1
1104375 0 -1
1104469 1 -1
1104612 5 -1
1104630 4 1
1104722 0 1
1104762 3 -1
1104836 1 1
1104958 0 1
1104999 2 -1
1105074 9 1
1105138 8 -1
1105170 3 1
1105191 1 -1
1105208 6 1
1105281 0 1
1105456 2 -1
1105469 7 -1
1105523 0 1
1105586 1 -1
1105676 11 1
1105756 0 1
1105759 4 -1
1105772 3 -1
1106025 5 -1
1106103 0 -1
1106150 1 1
1106184 2 1
1106333 0 1
1106374 3 -1
1106493 4 -1
1106643 2 1
1106667 0 -1
1106700 1 -1
1106751 6 1
1106778 3 1
1106890 5 1
1106923 9 -1
1106966 12 1
1107028 0 -1
1107068 2 -1
1107073 1 -1
1107181 8 1
1107186 3 -1
1107252 0 1
1107254 4 1
1107460 7 -1
1107484 0 1
1107557 6 -1
1107578 3 -1
1107629 1 -1
1107713 0 -1
1107745 2 1
1107793 5 1
1107912 10 -1
1107960 4 -1
1107996 1 1
1108053 0 1
1108223 2 -1
1108293 3 1
1108343 1 -1
1108387 0 -1
1108602 0 1
1108761 5 -1
1108879 7 -1
1108891 1 -1
1108938 2 -1
1108960 0 1
1108981 3 1
1109109 4 -1
1109158 6 -1
1109161 0 1
1109201 14 1
1109274 1 -1
1109403 0 1
1109443 3 -1
1109632 2 1
1109760 0 1
1109842 1 -1
1109981 0 -1
1110018 8 1
1110050 3 -1
1110104 2 -1
1110128 4 1
1110136 5 -1
1110233 9 1
1110327 0 1
1110354 1 1
1110459 3 1
1110658 0 -1
1110685 6 -1
1110693 1 -1
1110782 10 -1
1110803 2 -1
1110851 3 1
1110908 0 -1
1110926 4 -1
1111064 1 -1
1111120 0 1
1111144 7 1
1111338 0 -1
1111434 1 1
1111453 3 1
1111518 2 -1
1111555 5 -1
1111684 6 -1
1111687 0 1
1111862 3 -1
1111969 2 -1
1111974 13 -1
1111975 1 1
1111983 4 1
1112015 0 -1
1112260 0 -1
1112527 1 -1
1112534 5 1
1112606 0 1
1112625 3 1
1112652 2 1
1112829 0 -1
1112878 8 1
1112898 1 -1
1113027 4 1
1113039 6 -1
1113068 0 -1
1113264 9 -1
1113305 7 -1
1113313 3 1
1113361 2 1
1113388 0 -1
1113444 1 -1
1113522 11 -1
1113522 10 -1
1113630 0 -1
1113740 4 -1
1113775 3 -1
1113809 1 1
1113837 2 -1
1113845 16 1
1113958 5 1
1113959 0 1
1113979 6 -1
1114196 1 1
1114242 3 1
1114296 2 -1
1114307 0 -1
1114518 0 1
1114627 7 1
1114689 3 1
1114752 1 -1
1114753 2 -1
1114760 0 1
1114816 4 1
1114823 6 1
1114888 8 1
1114898 5 1
1114990 0 1
1115115 1 1
1115290 3 1
1115336 0 -1
1115468 2 -1
1115490 9 -1
1115659 1 1
1115684 0 1
1115820 4 -1
1115855 5 -1
1115895 0 -1
1115957 3 -1
1116038 10 -1
1116054 7 1
1116167 2 -1
1116227 1 1
1116243 0 1
1116263 6 -1
1116382 12 1
1116424 3 1
1116468 0 -1
1116505 4 1
1116582 1 -1
1116645 2 1
1116688 0 -1
1116747 8 1
1117035 0 1
1117112 3 1
1117134 1 1
1117145 6 1
1117252 5 1
1117255 0 -1
1117384 2 1
1117413 11 1
1117456 14 1
1117558 3 1
1117577 4 1
1117615 0 -1
1117618 7 -1
1117674 1 1
1117835 2 1
1117963 0 1
1118021 3 -1
1118065 1 1
1118101 15 1
1118193 0 1
1118198 5 -1
1118298 2 1
1118319 4 1
1118472 6 -1
1118522 0 1
1118609 1 1
1118682 8 -1
1118682 9 -1
1118709 3 -1
1118811 17 1
1118870 0 1
1118999 2 1
1119040 4 1
1119098 0 -1
1119158 1 1
1119176 3 1
1119432 0 1
1119466 2 1
1119532 1 -1
1119660 5 -1
1119776 0 -1
1119843 7 -1
1119864 3 1
1119864 6 1
1119893 1 -1
1119907 10 -1
1119989 0 1
1120125 4 -1
1120165 2 1
1120214 0 -1
1120262 1 1
1120458 0 -1
1120598 3 1
1120799 6 -1
1120818 0 -1
1120846 1 -1
1120877 2 1
1120879 4 1
1121004 3 -1
1121068 12 1
1121090 5 -1
1121154 0 1
1121353 2 -1
1121369 11 -1
1121369 0 -1
1121403 1 -1
1121412 3 -1
1121584 8 -1
1121681 9 1
1121716 0 1
1121757 1 1
1121777 6 -1
1121810 2 -1
1121815 3 1
1121928 0 -1
1121943 4 -1
1122068 5 1
1122068 7 1
1122170 0 -1
1122267 2 -1
1122306 1 -1
1122417 3 1
1122498 0 -1
1122676 1 1
1122702 6 -1
1122721 0 -1
1122976 2 1
1122979 4 1
1123030 5 -1
1123056 3 -1
1123061 1 -1
1123069 0 1
1123358 7 -1
1123417 0 -1
1123422 13 -1
1123465 3 1
1123612 1 -1
1123661 0 -1
1123691 2 1
1123712 4 1
1123841 9 -1
1123876 0 1
1123959 5 -1
1123966 1 1
1124067 3 1
1124078 6 -1
1124102 0 1
1124164 2 -1
1124196 10 1
1124438 4 1
1124451 0 -1
1124456 3 1
1124508 8 1
1124535 1 -1
1124779 0 1
1124862 3 -1
1124865 2 -1
1125018 0 -1
1125042 1 1
1125110 15 -1
1125200 4 -1
1125344 0 1
1125357 6 1
1125378 5 1
1125430 1 1
1125502 7 1
1125556 2 1
1125599 3 1
1125701 0 1
1125780 1 1
1125798 12 -1
1125924 0 -1
1126034 2 -1
1126061 3 -1
1126135 1 -1
1126219 4 1
1126270 6 -1
1126272 0 1
1126356 8 1
1126606 0 -1
1126715 1 -1
1126744 2 -1
1126749 3 -1
1126792 5 1
1126808 10 -1
1126848 0 -1
1126921 7 -1
1126980 9 -1
1127196 0 1
1127251 1 1
1127348 4 -1
1127421 0 -1
1127437 3 -1
1127453 2 -1
1127632 1 1
1127646 6 1
1127654 0 -1
1127759 5 -1
1127878 2 1
1127904 3 1
1127980 0 -1
1128122 4 1
1128164 1 1
1128222 0 -1
1128404 7 -1
1128517 6 -1
1128576 0 -1
1128592 3 1
1128606 2 -1
1128698 1 1
1128923 0 1
1129037 1 1
1129065 2 -1
1129110 4 -1
1129146 0 -1
1129162 5 1
1129323 11 1
1129328 3 -1
1129357 0 1
1129388 8 1
1129441 6 1
1129522 2 -1
1129593 1 1
1129599 0 1
1129758 4 -1
1129855 3 -1
1129936 0 -1
1130137 1 1
1130183 9 -1
1130237 2 -1
1130276 0 1
1130488 4 -1
1130508 0 1
1130543 3 -1
1130553 1 -1
1130581 5 1
1130621 7 -1
1130710 2 1
1130753 6 -1
1130825 0 1
1130968 10 1
1131000 16 1
1131077 0 1
1131091 1 -1
1131166 3 -1
1131306 0 1
1131398 2 -1
1131462 1 -1
1131527 8 1
1131559 3 -1
1131570 5 -1
1131588 4 1
1131653 0 -1
1131677 6 1
1131846 1 -1
1131884 0 1
1131911 7 1
1132026 3 -1
1132102 2 -1
1132212 0 -1
1132314 4 1
1132362 1 1
1132494 3 1
1132560 0 1
1132586 2 1
1132634 9 -1
1132677 15 -1
1132745 1 1
1132784 0 1
1132940 5 1
1133064 2 -1
1133074 6 -1
1133131 0 -1
1133182 3 1
1133298 4 -1
1133298 1 1
1133386 8 1
1133451 0 -1
1133539 2 1
1133580 10 -1
1133682 0 -1
1133854 1 -1
1133905 3 1
1134028 0 1
1134053 14 1
1134136 7 1
1134233 1 -1
1134236 2 -1
1134311 3 -1
1134364 5 1
1134389 0 1
1134402 4 1
1134461 6 -1
1134483 13 -1
1134571 1 1
1134612 17 -1
1134614 0 -1
1134829 0 1
1134912 3 -1
1134934 1 -1
1134937 2 -1
1135068 0 1
1135196 4 -1
1135310 6 -1
1135321 3 1
1135353 5 -1
1135388 0 1
1135412 2 1
1135490 1 -1
1135686 12 -1
1135711 3 1
1135748 0 1
1135944 9 -1
1135966 0 -1
1136051 1 1
1136119 2 1
1136245 6 1
1136272 7 1
1136288 10 -1
1136306 0 1
1136310 8 -1
1136321 4 1
1136434 1 1
1136482 3 1
1136530 0 -1
1136579 2 1
1136745 5 -1
1136775 0 -1
1136928 3 1
1137014 1 -1
1137054 2 -1
1137135 0 -1
1137138 6 1
1137256 11 -1
1137347 0 1
1137365 1 1
1137421 4 1
1137586 7 -1
1137686 0 -1
1137696 3 1
1137697 5 -1
1137736 1 -1
1137766 2 -1
1138014 0 -1
1138126 4 -1
1138229 2 -1
1138242 0 -1
1138266 8 1
1138300 1 1
1138352 9 1
1138384 3 1
1138486 0 -1
1138530 6 -1
1138679 1 1
1138691 0 -1
1138696 5 1
1138830 3 1
1138933 2 -1
1139005 7 -1
1139038 0 -1
1139243 1 -1
1139247 4 1
1139293 3 -1
1139385 0 1
1139615 0 -1
1139637 2 -1
1139760 3 1
1139775 1 1
1139868 6 -1
1139970 0 -1
1140040 5 -1
1140104 2 -1
1140138 1 -1
1140186 0 1
1140243 4 -1
1140416 7 1
1140419 0 1
1140518 3 -1
1140626 10 -1
1140694 1 -1
1140745 0 1
1140808 2 -1
1140814 6 -1
1140943 5 -1
1140956 4 -1
1140975 9 1
1140987 0 1
1141206 3 -1
1141233 8 -1
1141234 1 -1
1141322 0 -1
1141512 2 -1
1141613 1 -1
1141633 4 1
1141660 0 1
1141773 3 1
1141894 0 1
1141988 2 1
1142122 0 -1
1142137 1 1
1142340 5 1
1142362 6 -1
1142364 0 -1
1142375 3 1
1142375 4 1
1142560 7 -1
1142684 2 -1
1142695 0 -1
1142714 1 -1
1142781 3 -1
1143042 0 -1
1143064 1 1
1143189 3 -1
1143254 6 1
1143262 0 1
1143383 2 -1
1143383 10 1
1143435 4 1
1143449 1 -1
1143592 0 -1
1143641 5 1
1143791 3 -1
1143802 1 1
1143842 0 -1
1143856 12 -1
1143858 2 1
1144028 9 1
1144054 0 1
1144167 8 1
1144194 3 1
1144210 6 1
1144323 2 1
1144360 1 -1
1144393 0 -1
1144422 4 -1
1144622 0 1
1144624 7 -1
1144630 5 -1
1144796 3 1
1144802 2 -1
1144910 1 -1
1144979 0 1
1145102 11 -1
1145164 4 -1
1145253 1 -1
1145326 0 -1
1145398 3 1
1145503 2 -1
1145516 6 -1
1145540 0 1
1145597 5 1
1145764 0 -1
1145806 3 -1
1145834 1 1
1145898 13 -1
1145946 7 1
1146003 0 -1
1146134 8 -1
1146194 2 1
1146199 3 -1
1146204 1 1
1146252 4 1
1146306 9 1
1146322 0 -1
1146424 6 1
1146457 5 -1
1146563 1 -1
1146672 2 -1
1146677 0 -1
1146726 3 1
1146894 0 1
1146962 4 -1
1147139 1 1
1147242 0 -1
1147381 2 -1
1147413 3 1
1147478 10 1
1147490 1 -1
1147596 0 -1
1147728 4 1
1147790 6 -1
1147800 5 1
1147825 0 1
1147838 2 -1
1147930 7 -1
1148075 1 -1
1148091 8 1
1148155 0 -1
1148171 3 -1
1148308 2 1
1148502 0 1
1148611 1 -1
1148639 3 1
1148744 0 1
1148788 4 -1
1148969 1 1
1148999 2 -1
1149101 0 1
1149166 6 1
1149208 5 -1
1149316 15 1
1149321 0 -1
1149327 3 1
1149348 1 1
1149472 2 1
1149526 0 -1
1149546 4 -1
1149691 1 -1
1149773 3 1
1149888 0 -1
1149940 9 1
1149982 8 -1
1150004 12 1
1150034 7 1
1150122 0 -1
1150160 2 -1
1150176 6 1
1150181 5 1
1150235 3 -1
1150243 1 -1
1150391 14 1
1150469 0 1
1150582 4 -1
1150783 1 1
1150808 0 -1
1150888 2 1
1150971 3 1
1150993 6 -1
1151028 0 1
1151194 1 -1
1151270 0 1
1151350 2 1
1151412 7 -1
1151450 3 -1
1151482 0 -1
1151562 5 -1
1151662 4 -1
1151670 10 1
1151745 1 -1
1151822 0 1
1151826 2 -1
1151864 6 -1
1152113 1 1
1152159 0 -1
1152175 3 1
1152283 2 -1
1152381 0 1
1152396 4 -1
1152486 1 1
1152551 5 1
1152729 0 -1
1152863 3 -1
1152949 8 1
1152971 0 -1
1152992 2 -1
1153000 1 -1
1153057 4 1
1153202 0 -1
1153250 6 1
1153266 3 1
1153314 11 -1
1153379 9 -1
1153403 1 1
1153519 5 -1
1153530 0 -1
1153691 3 -1
1153691 2 1
1153710 7 -1
1153771 0 -1
1153814 4 1
1153935 1 1
1154099 3 1
1154107 0 1
1154164 2 1
1154449 0 -1
1154492 10 1
1154500 1 -1
1154518 12 1
1154604 6 -1
1154677 0 -1
1154733 3 1
1154834 4 1
1154862 2 1
1154874 1 -1
1154889 0 1
1154932 5 -1
1155131 0 1
1155249 9 -1
1155278 1 1
1155338 2 -1
1155470 3 -1
1155478 0 -1
1155529 6 -1
1155646 1 -1
1155717 7 -1
1155800 2 -1
1155826 0 1
1155905 8 -1
1155937 3 1
1155943 4 -1
1155943 5 1
1156050 0 -1
1156168 1 1
1156375 0 1
1156507 2 -1
1156625 3 1
1156627 0 1
1156644 4 -1
1156725 1 1
1156838 0 -1
1156958 6 1
1156964 2 -1
1157083 1 -1
1157087 7 -1
1157176 0 1
1157184 13 1
1157270 9 1
1157297 5 -1
1157313 3 1
1157346 10 1
1157413 0 1
1157660 1 1
1157673 2 -1
1157735 0 1
1157743 6 1
1157756 4 1
1157861 3 -1
1157937 8 1
1158041 1 1
1158092 0 1
1158334 0 1
1158402 1 1
1158402 2 1
1158434 4 -1
1158463 3 -1
1158557 0 -1
1158657 6 -1
1158678 5 1
1158787 0 1
1158829 2 -1
1158946 1 -1
1159081 3 -1
1159119 4 1
1159122 0 -1
1159248 16 1
1159288 7 1
1159291 2 -1
1159291 9 1
1159304 1 1
1159464 0 1
1159474 3 -1
1159678 0 -1
1159710 5 1
1159766 2 1
1159881 1 -1
1160033 0 -1
1160076 3 -1
1160086 6 -1
1160135 4 -1
1160237 0 -1
1160409 10 -1
1160429 1 -1
1160473 2 1
1160479 3 1
1160479 0 -1
1160538 7 1
1160672 5 -1
1160816 1 1
1160833 0 -1
1160882 8 1
1160887 3 -1
1160945 4 1
1161032 6 1
1161056 0 1
1161183 2 1
1161195 1 -1
1161268 11 1
1161414 0 1
1161419 12 1
1161489 3 -1
1161526 5 1
1161558 1 -1
1161658 2 -1
1161732 0 1
1161881 3 -1
1161975 0 1
1162025 4 -1
1162037 7 1
1162106 1 -1
1162291 0 1
1162322 6 -1
1162346 2 1
1162451 9 -1
1162591 3 -1
1162639 0 -1
1162658 1 -1
1162822 2 -1
1162870 0 -1
1163010 5 1
1163031 1 -1
1163158 4 1
1163210 0 1
1163246 17 1
1163273 3 -1
1163290 2 -1
1163549 1 1
1163558 0 -1
1163741 3 1
1163741 8 1
1163792 0 -1
1163964 4 -1
1163988 2 -1
1164036 0 -1
1164128 6 1
1164129 1 -1
1164198 7 -1
1164241 0 -1
1164278 3 1
1164375 5 -1
1164464 2 1
1164472 10 -1
1164520 1 1
1164587 0 -1
1164633 4 1
1164724 3 1
1164918 0 -1
1165060 1 1
1165074 6 -1
1165146 0 -1
1165160 2 -1
1165273 5 -1
1165318 4 -1
1165353 15 -1
1165494 0 1
1165498 3 1
1165564 1 -1
1165697 7 1
1165719 0 1
1165783 8 1
1165826 9 -1
1165864 2 -1
1165939 0 -1
1165967 1 1
1166138 3 -1
1166286 0 1
1166337 2 1
1166407 4 1
1166483 1 -1
1166537 0 1
1166546 3 1
1166632 6 -1
1166675 5 1
1166799 2 1
1166854 1 -1
1166874 0 -1
1166901 14 1
1167148 3 1
1167213 1 1
1167214 0 1
1167272 2 -1
1167444 0 1
1167495 4 -1
1167538 3 1
1167568 5 1
1167646 0 1
1167697 9 -1
1167739 1 -1
1167887 0 1
1167954 7 1
1167987 2 -1
1168040 3 1
1168073 6 1
1168124 1 -1
1168180 4 1
1168226 0 -1
1168406 13 -1
1168406 10 -1
1168492 5 1
1168564 0 1
1168664 8 1
1168684 1 1
1168699 2 -1
1168723 3 1
1168788 0 -1
1168911 6 -1
1169142 0 -1
1169148 2 -1
1169185 3 -1
1169244 1 1
1169301 4 -1
1169392 0 -1
1169502 11 1
1169571 1 -1
1169604 0 1
1169857 2 -1
1169916 5 1
1169938 3 1
1169943 0 -1
1169970 1 -1
1170018 4 1
1170115 7 -1
1170166 0 1
1170201 6 1
1170321 1 -1
1170526 0 1
1170558 2 -1
1170577 9 -1
1170626 3 1
1170695 4 -1
1170814 5 1
1170876 0 -1
1170885 1 1
1170943 12 -1
1171018 2 -1
1171088 3 -1
1171090 0 1
1171324 0 1
1171373 10 1
1171421 7 1
1171425 1 1
1171553 0 -1
1171555 3 1
1171588 8 -1
1171716 6 -1
1171727 2 -1
1171794 1 1
1171860 4 -1
1171901 0 1
1172001 3 1
1172173 5 -1
1172259 0 1
1172348 1 -1
1172437 2 -1
1172448 9 -1
1172472 0 -1
1172574 4 -1
1172705 6 -1
1172715 1 1
1172781 3 1
1172820 0 1
1172824 7 1
1172894 2 -1
1173031 0 -1
1173102 1 1
1173272 0 -1
1173469 3 1
1173544 8 1
1173554 5 1
1173598 2 -1
1173608 0 1
1173658 1 1
1173670 4 1
1173694 6 -1
1173823 0 -1
1174001 3 -1
1174029 1 1
1174052 2 -1
1174170 0 1
1174275 7 1
1174474 6 -1
1174511 5 1
1174527 0 1
1174528 2 1
1174593 1 1
1174603 3 -1
1174718 4 1
1174756 0 -1
1174855 9 1
1174980 0 1
1174995 3 -1
1175150 1 1
1175156 14 1
1175194 0 -1
1175215 2 -1
1175417 3 1
1175420 5 1
1175460 4 1
1175516 1 1
1175516 10 1
1175548 0 -1
1175688 2 1
1175871 0 -1
1175895 1 1
1175952 6 -1
1176019 3 1
1176116 0 -1
1176145 4 -1
1176230 1 1
1176371 5 -1
1176371 7 1
1176406 2 1
1176447 0 1
1176489 8 -1
1176559 3 1
1176796 0 -1
1176802 1 1
1176887 4 -1
1177026 0 -1
1177107 2 1
1177247 3 1
1177306 11 1
1177318 1 -1
1177373 0 1
1177467 6 1
1177521 12 -1
1177575 2 1
1177689 1 -1
1177693 5 -1
1177709 0 -1
1177932 0 1
1177935 3 1
1177955 4 -1
1178048 2 -1
1178221 1 1
1178290 0 1
1178343 6 -1
1178397 3 -1
1178403 8 1
1178502 0 -1
1178523 2 1
1178572 7 -1
1178574 1 -1
1178726 0 1
1178811 9 -1
1178870 3 1
1178959 1 -1
1179035 4 1
1179061 0 -1
1179069 5 1
1179209 2 -1
1179303 0 -1
1179391 3 -1
1179519 1 1
1179628 13 1
1179651 0 1
1179692 10 -1
1179778 6 -1
1179805 4 -1
1179888 2 1
1179890 1 -1
1179982 7 1
1179993 3 -1
1179993 5 1
1179998 0 -1
1180230 0 -1
1180326 8 -1
1180364 2 -1
1180434 0 -1
1180466 1 1
1180600 3 -1
1180627 9 1
1180676 0 -1
1180746 6 -1
1180966 4 1
1181004 3 -1
1181010 0 1
1181040 1 -1
1181052 2 1
1181218 11 -1
1181358 0 1
1181393 1 1
1181417 5 1
1181434 12 1
1181519 6 -1
1181530 2 -1
1181581 0 -1
1181605 3 -1
1181764 1 1
1181901 0 -1
1181950 7 -1
1181970 4 1
1181992 2 -1
1182008 3 1
1182139 1 1
1182146 0 -1
1182272 16 1
1182315 5 1
1182382 0 -1
1182417 3 -1
1182562 10 -1
1182675 4 -1
1182696 2 -1
1182709 1 1
1182730 0 1
1182962 0 1
1183024 3 -1
1183035 6 1
1183175 2 1
1183196 5 -1
1183239 7 1
1183258 1 1
1183261 8 -1
1183280 0 1
1183282 14 1
1183433 3 1
1183612 1 -1
1183640 0 1
1183798 9 -1
1183812 4 1
1183857 0 -1
1183884 2 1
1184045 6 1
1184137 3 -1
1184170 1 -1
1184204 0 1
1184535 0 -1
1184566 1 -1
1184604 5 -1
1184626 2 1
1184739 7 -1
1184756 0 1
1184825 3 -1
1184884 4 1
1184942 1 -1
1185077 2 1
1185088 11 1
1185104 0 -1
1185174 8 1
1185292 3 1
1185432 13 -1
1185432 17 -1
1185459 0 -1
1185476 1 -1
1185529 5 -1
1185553 2 -1
1185593 4 -1
1185604 6 -1
1185691 0 1
1185847 1 -1
1185905 0 -1
1186015 2 -1
1186050 3 -1
1186136 0 -1
1186383 1 -1
1186464 0 -1
1186657 4 1
1186722 2 -1
1186738 3 -1
1186786 10 1
1186803 7 1
1186816 0 -1
1186937 6 1
1186944 1 1
1186964 5 -1
1187042 0 1
1187120 9 1
1187206 3 1
1187298 1 -1
1187383 0 -1
1187403 4 -1
1187432 2 -1
1187539 12 -1
1187612 0 -1
1187711 6 1
1187838 1 -1
1187842 0 1
1187888 2 -1
1187894 3 1
1188108 4 1
1188109 8 -1
1188203 0 1
1188221 7 1
1188399 1 1
1188404 5 -1
1188420 0 -1
1188582 3 1
1188595 2 -1
1188760 0 1
1188774 1 1
1188786 6 -1
1189028 3 1
1189071 2 1
1189098 0 -1
1189194 9 -1
1189213 4 1
1189302 1 -1
1189310 0 1
1189393 5 1
1189522 2 1
1189533 3 1
1189561 0 1
1189603 6 1
1189772 0 -1
1189858 1 -1
1189963 4 1
1190014 3 1
1190110 0 1
1190210 2 -1
1190217 1 1
1190290 15 -1
1190468 0 1
1190527 7 1
1190600 1 1
1190616 3 1
1190688 2 1
1190688 10 1
1190696 0 -1
1190764 5 -1
1190978 1 1
1191000 8 -1
1191046 0 1
1191047 4 -1
1191075 6 1
1191231 3 1
1191301 13 -1
1191344 9 1
1191374 0 -1
1191398 2 1
1191502 1 -1
1191615 0 -1
1191640 3 -1
1191795 12 1
1191992 0 -1
1192059 4 1
1192059 1 -1
1192086 2 -1
1192214 5 -1
1192346 0 -1
1192376 3 1
1192434 1 -1
1192494 7 -1
1192561 2 1
1192610 0 -1
1192698 6 -1
1192752 4 -1
1192822 3 1
1192913 8 1
1192966 1 -1
1193010 0 1
1193037 2 -1
1193042 11 -1
1193107 5 -1
1193284 3 -1
1193316 1 1
1193332 0 1
1193429 10 -1
1193494 9 -1
1193504 2 -1
1193542 4 -1
1193569 6 1
1193604 0 -1
1193691 1 1
1193929 7 -1
1193983 3 -1
1194147 0 -1
1194203 2 -1
1194244 1 -1
1194292 4 1
1194510 3 -1
1194526 5 -1
1194602 1 -1
1194649 0 1
1194741 8 1
1194923 2 -1
1195160 3 -1
1195167 1 1
1195227 0 -1
1195310 6 1
1195340 4 1
1195399 2 1
1195563 0 1
1195682 1 1
1195762 3 -1
1195840 0 1
1195977 5 -1
1195987 12 -1
1195993 7 -1
1196017 1 1
1196106 2 1
1196170 3 1
1196173 0 -1
1196267 6 1
1196396 4 -1
1196400 1 1
1196409 0 -1
1196560 3 1
1196562 2 1
1196665 8 -1
1196757 0 1
1196783 9 1
1196791 1 1
1196922 5 1
1197035 6 1
1197041 2 -1
1197084 3 1
1197092 0 -1
1197093 4 -1
1197347 1 -1
1197396 0 -1
1197589 10 1
1197718 0 -1
1197750 2 -1
1197836 5 1
1197850 3 1
1197912 1 -1
1197929 0 1
1198157 4 -1
1198207 2 -1
1198242 7 1
1198290 1 -1
1198347 0 1
1198452 3 1
1198610 6 1
1198704 0 1
1198836 5 -1
1198843 1 1
1198857 3 -1
1198883 4 -1
1198922 2 -1
1199008 0 1
1199230 1 1
1199402 0 1
1199459 3 -1
1199492 14 -1
1199545 6 1
1199560 1 1
1199621 2 -1
1199621 8 1
1199626 0 -1
1199629 4 -1
1199750 7 -1
1199848 0 1
1199922 15 1
1199922 31 -1
1200096 2 -1
1200136 1 -1
1200158 3 1
1200185 0 -1
1200206 5 1
1200244 9 1
1200282 10 1
1200460 0 1
1200487 1 1
1200615 3 -1
1200701 4 1
1200795 2 -1
1200900 0 1
1200975 11 1
1201060 1 -1
1201211 6 1
1201303 3 -1
1201402 4 -1
1201432 0 1
1201486 2 1
1201561 5 -1
1201637 0 1
1201644 1 1
1201813 7 -1
1201872 0 -1
1201964 2 -1
1201991 3 -1
1202001 1 1
1202370 1 -1
1202437 9 -1
1202458 13 1
1202480 8 1
1202482 4 1
1202491 0 1
1202523 5 -1
1202528 3 -1
1202620 6 1
1202673 2 -1
1202744 1 -1
1203015 0 1
1203216 3 -1
1203285 1 -1
1203313 10 -1
1203375 2 -1
1203490 17 -1
1203510 4 -1
1203544 6 -1
1203563 0 -1
1203684 3 1
1203821 0 -1
1203821 1 1
1203834 2 -1
1203920 5 -1
1204090 0 -1
1204130 3 1
1204135 7 -1
1204184 4 1
1204192 1 1
1204310 2 1
1204329 12 -1
1204522 8 1
1204670 0 -1
1204721 6 -1
1204748 1 1
1204775 2 1
1204818 3 1
1204881 4 -1
1204888 5 1
1204909 16 1
1205145 1 -1
1205280 3 -1
1205285 0 -1
1205452 2 -1
1205522 1 1
1205546 4 1
1205570 7 -1
1205618 6 -1
1205839 5 1
1205922 0 1
1206050 1 -1
1206059 3 1
1206180 2 1
1206242 0 1
1206339 9 1
1206443 1 1
1206513 0 1
1206642 2 1
1206661 3 1
1206691 4 -1
1206965 1 -1
1207029 0 1
1207051 3 1
1207078 7 1
1207080 6 -1
1207209 5 -1
1207344 2 1
1207456 3 -1
1207521 10 1
1207533 1 -1
1207561 0 1
1207575 8 -1
1207779 4 1
1207811 2 1
1207865 3 -1
1207880 1 1
1208099 0 -1
1208204 5 -1
1208263 9 1
1208267 1 1
1208284 2 -1
1208525 4 -1
1208553 7 1
1208596 6 -1
1208612 3 -1
1208618 1 -1
1208666 0 -1
1208865 11 1
1208986 2 -1
1209026 0 -1
1209080 15 1
1209150 1 -1
1209300 3 -1
1209359 0 1
1209451 2 -1
1209531 8 1
1209542 6 1
1209617 4 1
1209649 5 -1
1209702 1 -1
1209768 3 1
1209778 0 -1
1210089 1 -1
1210133 2 1
1210324 0 -1
1210335 4 -1
1210407 10 -1
1210456 3 1
1210499 9 -1
1210590 0 1
1210645 1 -1
1210808 0 1
1210859 7 1
1210859 2 1
1210902 3 1
1210972 12 1
1211004 4 1
1211014 5 1
1211186 6 1
1211197 1 1
1211321 2 1
1211383 0 1
1211423 8 -1
1211434 3 -1
1211588 1 -1
1211799 2 -1
1211987 5 -1
1212012 0 1
1212036 3 -1
1212088 1 1
1212132 4 1
1212256 2 -1
1212283 6 -1
1212397 0 1
1212439 3 1
1212624 1 1
1212678 0 -1
1212842 7 -1
1212878 4 1
1212966 2 -1
1212971 5 -1
1212975 1 -1
1212976 0 1
1213059 3 1
1213100 11 -1
1213280 0 1
1213568 1 -1
1213616 6 1
1213659 9 1
1213661 3 1
1213672 2 -1
1213712 13 -1
1213719 0 1
1213852 5 -1
1213918 1 1
1213970 4 1
1214118 0 -1
1214148 2 1
1214175 3 1
1214212 7 1
1214293 1 1
1214379 0 -1
1214390 8 1
1214680 10 1
1214712 0 -1
1214836 2 -1
1214837 1 1
1214863 3 1
1214935 0 1
1214942 4 -1
1214970 12 1
1215204 1 -1
1215217 5 1
1215236 0 1
1215317 2 1
1215405 6 -1
1215550 3 1
1215712 4 -1
1215754 1 -1
1215766 2 1
1215787 9 -1
1215825 0 1
1216002 16 1
1216077 3 1
1216238 6 1
1216302 1 -1
1216325 8 -1
1216346 14 1
1216429 7 1
1216454 4 -1
1216456 0 1
1216475 2 1
1216609 5 -1
1216690 3 -1
1216695 1 -1
1216951 2 -1
1217034 11 1
1217062 1 1
1217064 0 -1
1217171 4 -1
1217292 3 -1
1217292 0 1
1217441 1 1
1217496 5 -1
1217585 0 -1
1217639 2 1
1217647 6 -1
1217695 3 1
1217776 7 -1
1218005 1 -1
1218103 3 -1
1218171 0 -1
1218275 4 -1
1218346 2 1
1218554 1 -1
1218587 3 1
1218646 9 -1
1218802 2 1
1218808 10 -1
1218813 0 1
1218894 5 1
1218922 1 -1
1219162 7 1
1219194 6 -1
1219280 2 -1
1219281 8 1
1219334 3 -1
1219356 0 -1
1219388 4 1
1219473 1 -1
1219662 0 -1
1219743 2 -1
1219833 1 -1
1219861 5 -1
1219896 0 -1
1219936 3 -1
1220101 4 1
1220140 6 1
1220174 1 -1
1220234 0 -1
1220344 3 1
1220452 2 -1
1220511 0 -1
1220734 1 -1
1220753 5 -1
1220812 0 -1
1220946 3 1
1221093 1 1
1221146 2 1
1221210 4 -1
1221248 6 -1
1221290 12 1
1221350 3 1
1221363 7 1
1221420 0 1
1221624 2 -1
1221686 1 1
1221720 0 1
1221812 3 -1
1221871 10 1
1221879 4 -1
1221936 15 -1
1221973 0 1
1222075 5 -1
1222108 9 1
1222129 6 -1
1222129 8 1
1222222 1 1
1222293 0 1
1222333 2 -1
1222500 3 -1
1222535 0 1
1222564 4 1
1222596 1 1
1222790 7 -1
1222790 2 -1
1222871 0 -1
1222967 3 1
1223032 5 1
1223149 1 1
1223263 2 1
1223467 0 1
1223569 6 -1
1223644 4 -1
1223690 0 1
1223693 1 1
1223752 3 1
1223905 0 -1
1223970 2 1
1224068 1 1
1224107 8 -1
1224257 0 1
1224394 4 -1
1224435 2 1
1224451 5 -1
1224456 3 1
1224548 10 -1
1224569 0 1
1224623 9 -1
1224636 1 -1
1224838 13 1
1224846 7 -1
1224859 6 1
1224918 3 -1
1224945 0 -1
1225138 11 -1
1225139 2 1
1225176 1 -1
1225375 12 1
1225386 3 1
1225450 0 1
1225543 1 -1
1225555 4 -1
1225784 6 -1
1225832 3 1
1225840 2 1
1225859 5 -1
1225894 1 1
1226055 0 1
1226149 8 -1
1226269 1 1
1226302 2 1
1226404 0 -1
1226611 3 1
1226619 0 1
1226631 4 1
1226778 2 -1
1226821 1 -1
1226848 5 1
1226880 9 -1
1226966 7 -1
1226982 0 -1
1227202 6 1
1227235 2 -1
1227321 10 -1
1227377 3 1
1227385 4 1
1227385 1 1
1227628 0 1
1227744 1 1
1227783 3 -1
1227788 5 1
1227882 0 1
1227944 2 -1
1228084 8 1
1228119 0 -1
1228300 1 1
1228328 7 -1
1228385 3 -1
1228452 0 -1
1228482 4 1
1228646 2 -1
1228651 1 -1
1228688 0 -1
1228718 6 1
1228750 5 -1
1228793 3 1
1229034 1 -1
1229108 0 1
1229110 2 -1
1229196 3 1
1229417 9 1
1229546 12 -1
1229554 4 1
1229618 0 -1
1229638 1 -1
1229642 7 -1
1229798 3 1
1229814 2 -1
1229879 6 1
1229930 0 -1
1230017 1 -1
1230207 3 -1
1230207 0 1
1230212 5 -1
1230328 4 -1
1230449 13 1
1230524 2 -1
1230558 1 -1
1230809 3 -1
1230852 0 -1
1230948 2 1
1231130 1 1
1231158 7 -1
1231158 8 -1
1231244 0 -1
1231352 10 -1
1231362 6 -1
1231404 4 1
1231411 3 -1
1231485 1 -1
1231489 0 1
1231566 5 1
1231685 2 1
1231803 3 -1
1231865 0 -1
1231870 1 -1
1232093 0 -1
1232214 1 1
1232351 3 1
1232373 0 1
1232384 2 1
1232426 9 1
1232484 4 1
1232534 5 -1
1232757 0 1
1232782 1 -1
1232797 3 1
1232856 14 1
1232859 2 -1
1232883 6 -1
1232980 0 -1
1233050 11 1
1233190 4 1
1233270 7 1
1233327 0 -1
1233345 1 1
1233485 3 1
1233550 2 1
1233652 6 -1
1233665 1 1
1233864 0 1
1233939 4 1
1233980 5 -1
1234028 2 -1
1234039 8 -1
1234146 0 1
1234173 3 1
1234234 1 -1
1234367 0 -1
1234485 2 -1
1234665 4 1
1234710 3 1
1234713 0 1
1234774 1 -1
1234926 0 -1
1234942 5 1
1235128 1 1
1235194 2 -1
1235200 6 1
1235272 0 1
1235393 12 1
1235398 3 1
1235447 7 1
1235511 10 1
1235640 0 1
1235667 2 1
1235693 1 -1
1235761 4 -1
1235780 9 1
1235802 5 -1
1235846 0 1
1235861 3 -1
1235963 8 1
1235995 6 1
1236124 13 -1
1236146 0 -1
1236201 1 1
1236328 3 1
1236350 2 -1
1236374 0 -1
1236578 1 -1
1236722 0 1
1236850 7 1
1236882 4 -1
1237016 3 1
1237048 0 -1
1237059 2 -1
1237142 1 -1
1237145 6 1
1237274 5 -1
1237290 0 -1
1237511 1 1
1237516 2 -1
1237543 3 1
1237611 4 -1
1237613 0 -1
1237841 0 -1
1237890 1 1
1237994 2 1
1238072 0 1
1238215 5 1
1238268 3 1
1238403 0 -1
1238451 2 1
1238464 1 -1
1238478 6 -1
1238489 9 1
1238526 10 -1
1238532 15 -1
1238676 4 -1
1238733 0 -1
1238837 1 1
1238854 8 1
1238865 7 1
1238870 3 1
1239080 0 -1
1239180 2 -1
1239279 3 -1
1239381 4 -1
1239401 1 -1
1239429 0 -1
1239531 6 1
1239542 5 1
1239647 0 1
1239650 12 -1
1239671 3 -1
1239867 2 1
1239870 0 -1
1239913 1 1
1240093 3 1
1240096 0 -1
1240139 4 -1
1240318 1 -1
1240343 2 -1
1240469 0 -1
1240657 1 1
1240719 7 1
1240864 8 1
1240875 3 1
1240950 6 -1
1240972 5 1
1241010 1 -1
1241036 2 1
1241050 0 -1
1241068 11 -1
1241069 14 1
1241195 4 -1
1241391 9 1
1241504 2 1
1241563 3 1
1241574 1 1
1241582 0 -1
1241832 5 -1
1241856 4 1
1241939 0 -1
1241982 2 -1
1242009 3 1
1242114 1 1
1242186 7 -1
1242221 0 -1
1242251 6 -1
1242463 1 -1
1242574 10 -1
1242638 0 1
1242684 2 -1
1242697 3 1
1242724 8 1
1242756 5 -1
1242992 4 1
1243019 1 -1
1243090 16 -1
1243143 2 -1
1243209 0 1
1243272 6 1
1243388 1 1
1243466 3 -1
1243498 9 -1
1243724 5 1
1243750 1 -1
1243785 0 1
1243852 2 -1
1243874 3 1
1244035 0 1
1244049 4 1
1244170 7 1
1244274 0 -1
1244339 1 1
1244454 6 -1
1244476 3 1
1244562 2 -1
1244618 0 -1
1244694 1 -1
1244742 4 -1
1244766 11 -1
1244927 0 1
1245019 2 -1
1245078 3 1
1245088 5 -1
1245254 1 1
1245285 0 -1
1245368 9 -1
1245390 6 -1
1245443 4 -1
1245481 3 1
1245572 10 1
1245677 0 -1
1245691 8 -1
1245723 2 -1
1245794 1 1
1245892 0 1
1246083 3 1
1246112 0 -1
1246142 12 -1
1246161 1 -1
1246189 4 -1
1246395 7 -1
1246424 2 -1
1246432 0 1
1246443 5 1
1246491 3 -1
1246564 1 1
1246787 6 1
1246795 0 -1
1246884 3 -1
1246884 2 -1
1246931 1 1
1247139 0 1
1247273 4 1
1247346 13 1
1247378 0 1
1247400 5 -1
1247469 1 1
1247486 3 -1
