Input scale (32 bit):
 305848640
Input zero point:
 119
Hidden scale (32 bit):
 33992396
Hidden zero point:
 127
Weight input scale (32 bit):
 28841706
Weight input zero point:
 135
Weight hidden scale (32 bit):
 54046048
Weight hidden zero point:
 120
Output linear scale (32 bit):
 431939008
Output linear zero point:
 132
Output sigmoid r scale (32 bit):
 16843010
Output sigmoid r zero point:
 0
Output sigmoid z scale (32 bit):
 16843010
Output sigmoid z zero point:
 0
Output tanh n scale (32 bit):
 33686020
Output tanh n zero point:
 127
Output r_hn scale (32 bit):
 412125216
Output r_hn zero point:
 138
Output z_n scale (32 bit):
 33553920
Output z_n zero point:
 127
Output z_h scale (32 bit):
 33555760
Output z_h zero point:
 127
Scale ih (32 bit):
 20422320
Scale hh (32 bit):
 4253274
Scale r_hn (32 bit):
 17652774
Scale z_n (32 bit):
 16909320
Scale z_h (32 bit):
 17062174
Scale new_h_zn (32 bit):
 4239565568
Scale new_h_zh (32 bit):
 4239798016
Weight_ih (8 bit):
weight_ih[0] = {0, 1, 3, 2, 2, -1, 0, 1, 0, 3, 1, 0, 0, -1, 3, 1, 2, 0, 0, 0, 1, 0, 1, 0, 0, 0, 1, 0, -1, 0, 0, 0, 4, 2, 6, 0, 4, 0, 3, -1, 0, 2, 1, 0, -1, 11, 0, 0, 1, 0, 0, 1, 1, 2, 1, 2, 0, 0, 0, 3, 2, 3, 1, 1, 4, 3, 0, 0, 1, 3, 0, 0};
weight_ih[1] = {17, 8, -1, 4, -3, 8, 0, -5, 0, 10, 3, 0, 0, 10, -15, 4, 4, 0, 0, 0, 7, 0, 15, 0, 0, 0, -4, 0, 1, 0, 0, 0, 9, 7, -32, 0, 13, 0, 14, 5, 0, 5, 6, 0, 15, -15, 7, 0, 5, 2, -7, 7, 5, -3, -1, 6, 0, 0, 0, -14, 9, -13, 3, 9, 12, -16, 0, 0, 4, 9, 0, 15};
weight_ih[2] = {-6, 10, -7, -25, 0, -1, 0, 1, -7, -2, 6, 0, 0, 2, 31, 29, 42, 0, 0, 0, -6, 0, 26, 0, 0, 0, -11, 0, -14, 0, 0, 0, -6, 0, 3, 0, -3, 0, 7, -5, 0, 18, 6, 0, 3, 21, 10, 0, -9, 18, 3, 10, -1, 28, -25, -38, 0, 0, 0, 15, -6, -4, 6, -10, 18, 14, 0, 0, -26, 1, 0, 26};
weight_ih[3] = {-38, 0, 13, 13, 25, -36, 0, 14, -53, -5, 13, 0, 0, -7, 59, -10, 27, 0, 0, 0, -11, 0, 27, 0, 0, 0, -44, 0, 15, 0, 0, 0, 11, -9, 15, 0, -10, 0, -3, -9, 0, 22, 38, 0, -2, -54, 0, 0, 6, -21, -23, 1, -28, 12, 28, -22, 0, 0, 0, 11, -34, -66, -43, 30, -19, 17, 0, 0, -31, -10, 0, 1};
weight_ih[4] = {-12, 14, -7, 1, -24, 5, 0, 12, -3, 17, -37, 0, 0, 15, 4, -1, -23, 0, 0, 0, 0, 0, -14, 0, 0, 0, -6, 0, -2, 0, 0, 0, -3, 5, -6, 0, 13, 0, 37, 12, 0, 5, -2, 0, 1, -9, 9, 0, -2, -2, 13, 0, 10, -5, 4, -13, 0, 0, 0, -8, -10, 3, 25, 19, 37, 3, 0, 0, 10, 19, 0, -16};
weight_ih[5] = {0, 1, 2, 1, 3, 0, 0, 0, 0, 2, 1, 0, 0, -1, 3, 1, 2, 0, 0, 0, 1, 0, 0, 0, 0, 0, 1, 0, 0, 0, 0, 0, 4, 2, 5, 0, 3, 0, 3, -1, 0, 2, 1, 0, 0, 11, 0, 0, 0, 0, 0, 1, 0, 2, 2, 1, 0, 0, 0, 2, 2, 3, 2, 1, 4, 2, 0, 0, 1, 4, 0, 0};
weight_ih[6] = {27, -5, -26, -18, -22, -39, 0, 16, 25, -16, -3, 0, 0, 21, 27, 12, 25, 0, 0, 0, -29, 0, 6, 0, 0, 0, 24, 0, -11, 0, 0, 0, 8, 1, 22, 0, -20, 0, 6, 22, 0, 17, -19, 0, 11, 15, 0, 0, 9, -16, -14, 26, 3, 28, -19, -20, 0, 0, 0, -47, 17, -24, -8, -3, -12, -14, 0, 0, -28, 18, 0, 19};
weight_ih[7] = {30, 0, 8, 68, 11, 8, 0, 9, 7, 7, 40, 0, 0, 48, -27, 2, -14, 0, 0, 0, 35, 0, -1, 0, 0, 0, 16, 0, 47, 0, 0, -1, 16, -16, 3, 0, 3, 0, 11, 4, 0, -30, -29, 0, 2, -68, 1, 0, 27, 7, 2, 41, 1, -24, 3, 19, 0, 0, 0, 30, -13, -47, 18, 1, 13, 25, 0, 0, 45, -8, 0, 14};
weight_ih[8] = {10, 2, 20, -31, 78, 41, 0, 17, -13, 43, 2, 0, 0, -9, 11, 15, 2, 0, 0, 0, 10, 0, -22, 0, 0, 0, -8, 0, -3, 0, 0, 0, 10, 5, -18, 0, 9, 0, 50, 21, 0, 15, 5, 0, -10, -60, 6, 0, 23, 1, 20, -10, -6, -37, 61, 21, 0, 0, 0, 109, 19, -8, 35, -15, 36, 46, 0, 0, -39, 59, 0, 21};
weight_ih[9] = {-13, 5, -4, 5, 10, 2, 0, 0, 1, 5, -6, 0, 0, 0, 3, 1, -7, 0, 0, 0, 4, 0, -13, 0, 0, 0, -3, 0, -2, 0, 0, 0, 3, 5, 9, 0, 1, 0, -6, -5, 0, -3, 0, 0, -11, 33, 5, 0, 2, 2, 6, 2, 3, -3, 10, 5, 0, 0, 0, 8, 5, 18, 13, -6, 2, 0, 0, 0, 0, 8, 0, -3};
weight_ih[10] = {-3, 14, 10, 2, -2, -11, 0, 0, -5, -3, 14, 0, 0, 8, 4, 4, 32, 0, 0, 0, -1, 0, 19, 0, 0, 0, 1, 0, -4, 0, 0, -1, 2, 14, 16, 0, 18, 0, 2, 2, 0, 10, 14, 0, -4, 17, 10, 0, 0, 3, -1, 9, -1, 11, 0, 2, 0, 0, 0, -4, -3, 9, 6, 20, 10, 4, 0, 0, -5, -20, 0, 2};
weight_ih[11] = {-4, 12, -18, -5, -14, 23, 0, -6, 26, 13, 12, 0, 0, 12, 1, 37, 1, 0, 0, 0, 7, 0, -4, 0, 0, 0, 29, 0, 8, 0, 0, 0, 29, -34, -55, 0, 6, 0, 16, 1, 0, 28, -4, 0, -28, 13, 11, 0, -12, 27, 2, 0, -30, -3, 5, 31, 0, 0, 0, -2, 14, -3, -7, -14, 13, 15, 0, 0, 21, -8, 0, -9};
weight_ih[12] = {6, 5, 3, 4, 6, 1, 0, 1, -2, 3, 5, 0, 0, 2, 6, 1, 8, 0, 0, 0, 0, 0, 9, 0, 0, 0, -1, 0, 10, 0, 0, 0, 2, 10, 6, 0, 4, 0, 13, 1, 0, 0, 4, 0, 10, 6, 4, 0, 5, 1, 0, 5, 2, 5, 11, 0, 0, 0, 0, 0, 3, 0, 4, 7, 14, 1, 0, 0, 1, 13, 0, 2};
weight_ih[13] = {14, 21, -1, -27, -10, 20, 0, 21, 11, 15, -2, 0, 0, 18, 13, 0, 33, 0, 0, 0, 19, 0, 23, 0, 0, 0, 7, 0, -10, 0, 0, 1, -37, -10, 22, 0, 41, 0, -3, 1, 0, 0, 2, 0, -13, 21, 15, 0, 3, -13, 9, 6, -11, 42, -7, 1, 0, 0, 0, 11, 4, 19, -2, 8, 20, 22, 0, 0, 8, -28, 0, -1};
weight_ih[14] = {10, -3, -2, -16, 1, 7, 0, 2, 2, 2, 16, 0, 0, -15, -7, 6, 16, 0, 0, 0, -1, 0, 6, 0, 0, 0, 1, 0, 4, 0, 0, 0, 2, 13, -25, 0, 0, 0, 2, 0, 0, 3, 4, 0, 5, 5, -3, 0, -3, 3, -3, -23, -7, -1, 3, 6, 0, 0, 0, 3, 1, -5, 5, -5, 3, -1, 0, 0, 1, 9, 0, -4};
weight_ih[15] = {14, -17, 6, 14, 8, 70, 0, 11, -13, 7, -20, 0, 0, 10, -36, 29, -60, 0, 0, 0, 26, 0, -30, 0, 0, 0, -7, 0, 3, 0, 0, 0, 24, 2, -26, 0, 1, 0, 13, 6, 0, -30, 21, 0, 8, 11, -18, 0, 30, 29, 11, -14, -12, -81, 27, -14, 0, 0, 0, 21, 34, 12, 13, 1, -16, 9, 0, 0, 19, 1, 0, -7};
weight_ih[16] = {-8, -6, -7, 7, 5, -5, 0, 9, 7, -17, 6, 0, 0, 30, 9, -8, -7, 0, 0, 0, 1, 0, 0, 0, 0, 0, -1, 0, 3, 0, 0, 0, -2, -7, 16, 0, -14, 0, 16, 1, 0, 6, 15, 0, -9, 12, 3, 0, 16, -1, -5, 37, -12, 20, 1, -2, 0, 0, 0, -19, -3, -16, -1, 2, -1, -5, 0, 0, -18, -4, 0, 2};
weight_ih[17] = {0, 1, 3, 2, 3, 0, 0, 0, 0, 3, 1, 0, 0, -1, 3, 1, 2, 0, 0, 0, 1, 0, 0, 0, 0, 0, 1, 0, -1, 0, 0, 0, 4, 1, 6, 0, 3, 0, 3, -1, 0, 2, 1, 0, -1, 11, 0, 0, 1, 1, 0, 1, 0, 2, 2, 1, 0, 0, 0, 3, 2, 3, 2, 1, 4, 2, 0, 0, 2, 4, 0, 0};
weight_ih[18] = {-4, -19, 39, -31, -13, -23, 0, -8, 8, 53, -6, 0, 0, 24, -15, 5, -22, 0, 0, 0, 2, 0, -25, 0, 0, 0, -1, 0, -34, 0, 0, 0, 5, 33, -9, 0, 12, 0, 40, 24, 0, -2, 11, 0, -12, -15, -21, 0, -19, -16, 12, -7, 2, -5, 27, 13, 0, 0, 0, 2, 15, -3, 55, 18, 35, 6, 0, 0, 28, 8, 0, 1};
weight_ih[19] = {-55, -22, -5, 12, 8, -1, 0, -1, -12, 1, -22, 0, 0, 5, 21, 14, 2, 0, 0, 0, -10, 0, 13, 0, 0, 0, -16, 0, -5, 0, 0, 1, -17, 20, 41, 0, -9, 0, -28, -10, 0, 8, 13, 0, -1, 42, -13, 0, -7, -9, 18, 8, 8, 14, -3, -30, 0, 0, 0, -18, -34, 38, 0, 21, -7, 4, 0, 0, 0, -9, 0, -15};
weight_ih[20] = {-14, -5, 5, 18, -6, 16, 0, -4, 13, 11, -19, 0, 0, 21, -18, 16, -44, 0, 0, 0, 14, 0, -33, 0, 0, 0, 5, 0, 12, 0, 0, -1, 32, -15, 31, 0, 15, 0, -11, 0, 0, -12, -12, 0, 1, 37, -3, 0, 9, -3, 4, 4, 9, -17, 11, 1, 0, 0, 0, 13, 5, 26, -4, 29, 12, 0, 0, 0, 24, -2, 0, -2};
weight_ih[21] = {26, -26, -19, -7, 31, 31, 0, 4, 22, 3, 15, 0, 0, 1, 12, -10, -3, 0, 0, 0, -20, 0, 6, 0, 0, 0, 25, 0, 31, 0, 0, 0, -21, 27, -11, 0, -41, 0, 28, 2, 0, -19, 7, 0, -12, -68, -15, 0, -1, 10, -21, -29, 16, 24, 50, -9, 0, 0, 0, -11, -37, -85, 23, -3, 34, -25, 0, 0, 15, 52, 0, 14};
weight_ih[22] = {11, 10, 10, -17, 2, -13, 0, -13, 3, 9, -22, 0, 0, -21, 27, -11, -28, 0, 0, 0, -1, 0, 7, 0, 0, 0, -3, 0, 22, 0, 0, 0, -1, 9, -10, 0, 17, 0, -4, 1, 0, 7, -15, 0, 15, -18, 7, 0, 0, 3, 21, -32, 18, -14, 21, 8, 0, 0, 0, 9, 2, 5, 9, -3, 20, -4, 0, 0, 6, 6, 0, -5};
weight_ih[23] = {1, 1, 3, 1, 2, 0, 0, 0, 0, 3, 1, 0, 0, -1, 3, 1, 2, 0, 0, 0, 1, 0, 0, 0, 0, 0, 1, 0, 0, 0, 0, 0, 4, 2, 5, 0, 3, 0, 3, -1, 0, 2, 1, 0, 0, 11, 0, 0, 1, 0, 0, 1, 0, 2, 2, 1, 0, 0, 0, 3, 2, 2, 2, 1, 4, 2, 0, 0, 2, 4, 0, 0};
weight_ih[24] = {1, 0, -3, 2, 5, 5, 0, 7, 12, -2, 13, 0, 0, 3, 6, -1, 11, 0, 0, 0, 2, 0, 2, 0, 0, 0, 16, 0, 4, 0, 0, 0, 4, 4, 8, 0, -2, 0, 7, 1, 0, 1, 1, 0, -1, 20, 2, 0, 1, 1, 6, -1, 0, 3, -1, 3, 0, 0, 0, 32, 7, 15, 5, 5, 5, 25, 0, 0, 2, 1, 0, -1};
weight_ih[25] = {7, 6, 2, -27, 20, -20, 0, -4, -21, 7, 6, 0, 0, 20, -49, 5, 15, 0, 0, 0, 12, 0, 20, 0, 0, 0, -18, 0, -22, 0, 0, -2, -12, 19, 29, 0, 4, 0, -1, 0, 0, -5, 5, 0, 2, 3, 4, 0, -2, -6, -1, 33, -9, -2, 10, 2, 0, 0, 0, -17, 4, 0, 22, 6, -1, -12, 0, 0, 2, 20, 0, 4};
weight_ih[26] = {2, 6, -3, 18, 14, 14, 0, 19, -2, 11, 1, 0, 0, 2, 8, 10, 26, 0, 0, 0, -1, 0, 6, 0, 0, 0, -7, 0, -27, 0, 0, 0, -6, 5, -1, 0, 3, 0, 3, -7, 0, 17, 5, 0, 1, -19, 5, 0, -2, 21, -12, 20, 15, -14, -11, 5, 0, 0, 0, -21, -1, 2, 20, 4, 15, 14, 0, 0, -2, 10, 0, -4};
weight_ih[27] = {1, 3, 1, 3, 9, 1, 0, 2, -4, 8, 1, 0, 0, -1, 4, 0, 6, 0, 0, 0, 0, 0, 9, 0, 0, 0, -1, 0, 5, 0, 0, 0, 1, 13, 4, 0, 3, 0, 9, 1, 0, -2, 1, 0, 6, 3, 3, 0, -1, 2, 0, 2, 0, 0, 9, -1, 0, 0, 0, 5, 2, 0, 11, 5, 13, 2, 0, 0, -1, 6, 0, 0};
weight_ih[28] = {-2, 2, -21, -4, -7, -29, 0, 0, -2, 25, -1, 0, 0, -2, -55, -2, 12, 0, 0, 0, 3, 0, -4, 0, 0, 0, -1, 0, -5, 0, 0, 0, -4, 32, -25, 0, 1, 0, 15, 5, 0, -20, 17, 0, -1, -25, 1, 0, 12, -27, -15, 33, 26, 15, 10, 6, 0, 0, 0, 4, 34, 27, 21, -33, 6, -28, 0, 0, -24, 50, 0, 12};
weight_ih[29] = {-26, 35, -24, 24, 7, 1, 0, -9, 13, 26, -13, 0, 0, -3, -1, 26, -36, 0, 0, 0, -24, 0, -11, 0, 0, 0, 23, 0, -10, 0, 0, -1, 15, -20, 40, 0, 11, 0, -8, 0, 0, 43, -3, 0, -15, 21, 23, 0, -24, -3, -35, 15, 7, 44, 13, -6, 0, 0, 0, -3, 16, 2, -8, -18, -7, 8, 0, 0, 10, -13, 0, 5};
weight_ih[30] = {-2, -2, -31, -10, -2, 13, 0, -12, -5, -1, 31, 0, 0, -16, 54, 15, 38, 0, 0, 0, -8, 0, 14, 0, 0, 0, -17, 0, 19, 0, 0, 1, 10, 9, 7, 0, -1, 0, -12, -7, 0, 7, -1, 0, -11, 12, 10, 0, -37, 22, -7, 34, -4, 34, 3, -1, 0, 0, 0, -5, -32, -4, -9, 1, 5, -34, 0, 0, -21, 21, 0, -24};
weight_ih[31] = {1, 18, 6, 5, 7, 10, 0, -5, -7, -9, -25, 0, 0, 21, -2, 6, 4, 0, 0, 0, -18, 0, 14, 0, 0, 0, -8, 0, 12, 0, 0, 0, -7, -2, 24, 0, 1, 0, 14, 1, 0, 6, 17, 0, 8, 33, 12, 0, 9, -11, 10, 27, 2, 18, 11, -25, 0, 0, 0, -22, -1, 6, -19, 23, -8, -9, 0, 0, -3, -7, 0, 10};
weight_ih[32] = {3, -2, 0, 6, 8, 5, 0, -2, 0, -7, 7, 0, 0, 1, 11, 1, 8, 0, 0, 0, 1, 0, 5, 0, 0, 0, -2, 0, 11, 0, 0, 0, 3, 13, 8, 0, -5, 0, -5, -1, 0, 2, 1, 0, 9, 19, 0, 0, 7, 3, 1, 9, 1, 8, 7, 0, 0, 0, 0, 2, 1, 3, 11, 5, 13, -3, 0, 0, 5, 9, 0, -2};
weight_ih[33] = {8, 2, -10, 7, -7, -5, 0, 2, 4, -12, -12, 0, 0, -1, 52, -15, -3, 0, 0, 0, 35, 0, -11, 0, 0, 0, 9, 0, -13, 0, 0, 0, -16, -2, 52, 0, -10, 0, 3, 2, 0, -1, -8, 0, 12, 13, 4, 0, -15, -10, 14, -6, 1, -31, -11, 11, 0, 0, 0, 57, 50, 27, -2, 6, -8, 22, 0, 0, -10, -13, 0, 25};
weight_ih[34] = {50, -47, -2, 6, 18, -10, 0, -22, 15, 30, 22, 0, 0, 20, 7, 23, 21, 0, 0, 0, 9, 0, -39, 0, 0, 0, 38, 0, 8, 0, 0, 0, 10, 47, 2, 0, -13, 0, -10, -11, 0, 2, 26, 0, 16, -60, -47, 0, -12, -33, 17, 68, -13, 61, -24, 23, 0, 0, 0, 1, 1, -52, 81, 59, 17, 14, 0, 0, 1, 55, 0, 16};
weight_ih[35] = {4, -9, -9, 33, 12, 5, 0, -15, -1, -2, -5, 0, 0, 3, 15, -5, -39, 0, 0, 0, -2, 0, -23, 0, 0, 0, -21, 0, 12, 0, 0, 0, -17, -5, 0, 0, -7, 0, -8, -6, 0, -27, 1, 0, -8, 7, -7, 0, -2, 28, 4, -5, 24, -34, 4, -25, 0, 0, 0, -23, -13, -6, -4, -17, -7, -2, 0, 0, 0, 16, 0, -27};
weight_ih[36] = {2, -2, 3, 12, 5, 3, 0, 3, -2, 0, -2, 0, 0, 4, 8, 2, 1, 0, 0, 0, 0, 0, -1, 0, 0, 0, -1, 0, -4, 0, 0, 0, -2, 4, 20, 0, 2, 0, 2, 0, 0, 2, 2, 0, 1, 17, -3, 0, 2, 6, 3, 13, 1, 2, 2, 0, 0, 0, 0, 4, 0, 1, 5, 4, 1, 7, 0, 0, 5, 2, 0, 2};
weight_ih[37] = {-37, 3, -9, 8, -12, -27, 0, 5, 7, 5, 20, 0, 0, 52, -1, 1, 31, 0, 0, 0, 9, 0, -5, 0, 0, 0, 2, 0, -40, 0, 0, -1, 4, -1, -2, 0, 6, 0, 6, -1, 0, 35, 14, 0, -10, 36, 6, 0, 5, -12, -14, 37, 4, 36, 5, 15, 0, 0, 0, 18, 1, 51, -31, -18, 28, -11, 0, 0, -25, 8, 0, -18};
weight_ih[38] = {-36, -1, 16, 16, 24, -14, 0, 2, -4, 25, -12, 0, 0, 19, -4, 5, -25, 0, 0, 0, 10, 0, -2, 0, 0, 0, 2, 0, -22, 0, 0, 0, 26, 5, -15, 0, 12, 0, 0, 3, 0, -9, 4, 0, -30, -17, 0, 0, 17, -37, -1, 57, 12, 14, 29, -5, 0, 0, 0, 14, -23, -23, 29, -4, -15, 19, 0, 0, -39, 27, 0, 8};
weight_ih[39] = {25, -37, 3, 2, 1, 39, 0, 22, -23, 23, 22, 0, 0, -27, 38, 24, 1, 0, 0, 0, 14, 0, 16, 0, 0, 0, -46, 0, 32, 0, 0, 0, 22, 6, -10, 0, 3, 0, 44, -4, 0, -16, 1, 0, 15, -40, -16, 0, -8, -9, 25, -53, -5, 29, 56, 8, 0, 0, 0, 20, 12, -35, 3, -7, 51, -29, 0, 0, -11, 21, 0, 22};
weight_ih[40] = {-26, -14, 10, 3, -4, 33, 0, 13, 5, 7, 29, 0, 0, 14, 2, 19, 24, 0, 0, 0, 42, 0, -16, 0, 0, 0, 3, 0, -30, 0, 0, 0, -5, -5, 4, 0, -9, 0, 11, -2, 0, 10, 7, 0, 3, -33, -8, 0, 16, 33, -7, 10, -28, -26, 28, 16, 0, 0, 0, 19, -17, 20, 36, 23, 4, 26, 0, 0, 36, 21, 0, -17};
weight_ih[41] = {-5, 15, 10, -33, -21, 18, 0, 14, -25, -31, -2, 0, 0, 9, 5, -13, 11, 0, 0, 0, -5, 0, 46, 0, 0, 0, -21, 0, 5, 0, 0, 1, 17, 36, 10, 0, 8, 0, 22, 5, 0, -5, 38, 0, 51, -59, 10, 0, -1, 16, 22, -1, 8, 4, 18, -15, 0, 0, 0, 62, 20, -11, 13, 33, 11, 0, 0, 0, -24, 18, 0, 1};
weight_ih[42] = {-1, -3, 3, 4, 5, 1, 0, 2, 1, 3, -2, 0, 0, 0, 3, -5, 2, 0, 0, 0, 2, 0, -5, 0, 0, 0, 2, 0, 3, 0, 0, 0, 0, 5, 18, 0, 2, 0, -2, 0, 0, 5, 1, 0, 1, 30, -3, 0, 1, 5, 2, 7, 1, 5, 1, 2, 0, 0, 0, 0, 8, 11, 7, 3, 3, -2, 0, 0, 1, 4, 0, 4};
weight_ih[43] = {-9, 12, 3, 10, 27, -2, 0, 1, 10, 12, -4, 0, 0, -21, 14, 5, -2, 0, 0, 0, 23, 0, 5, 0, 0, 0, 6, 0, 37, 0, 0, 1, 17, 47, 6, 0, 3, 0, 16, -6, 0, -13, -4, 0, 6, -56, 20, 0, 2, 3, 9, -17, -18, -13, 32, 8, 0, 0, 0, 13, -5, -51, 17, 10, 40, -10, 0, 0, -1, 19, 0, -5};
weight_ih[44] = {9, -10, 12, -13, 7, -3, 0, 10, -11, -7, -16, 0, 0, -9, 16, 7, -30, 0, 0, 0, -7, 0, 5, 0, 0, 0, -13, 0, 4, 0, 0, 0, 7, 6, -14, 0, -13, 0, 7, 11, 0, -2, -34, 0, 10, 9, -6, 0, 6, -12, 1, -4, -2, -1, 23, -11, 0, 0, 0, -10, -11, -6, 7, 8, -12, 7, 0, 0, 23, 4, 0, -3};
weight_ih[45] = {21, 10, -7, 19, -15, 16, 0, 11, -10, 7, 18, 0, 0, 26, 19, -46, -18, 0, 0, 0, 17, 0, -13, 0, 0, 0, -6, 0, 1, 0, 0, 2, 17, 41, 3, 0, 18, 0, 7, -2, 0, 15, 8, 0, 14, -41, 4, 0, 17, 13, -10, 16, 1, 5, 23, 16, 0, 0, 0, -13, 22, -30, 42, 40, 53, 32, 0, 0, 1, 18, 0, 3};
weight_ih[46] = {-18, 5, -10, 1, 2, 14, 0, -2, -1, -18, -13, 0, 0, -4, 11, 4, 10, 0, 0, 0, 2, 0, 6, 0, 0, 0, 0, 0, 6, 0, 0, 1, 0, 1, 18, 0, -2, 0, -13, -7, 0, 4, 17, 0, -2, 17, 7, 0, -14, 0, 7, 10, 6, 9, 4, 2, 0, 0, 0, -9, -1, 14, -15, 13, -15, -9, 0, 0, 9, -2, 0, -2};
weight_ih[47] = {-12, -2, -4, -7, 13, 14, 0, 15, 7, 5, -27, 0, 0, 18, 19, -4, -7, 0, 0, 0, 10, 0, -2, 0, 0, 0, -9, 0, -7, 0, 0, 0, -9, 9, -48, 0, 1, 0, 18, 10, 0, -29, 0, 0, 2, 14, -2, 0, 6, -7, -3, -9, 4, -28, 27, -28, 0, 0, 0, -17, -44, 11, 10, 20, 8, 5, 0, 0, -41, 29, 0, -23};
weight_ih[48] = {-6, 1, 14, 14, 24, -19, 0, -8, -3, 0, 6, 0, 0, 1, -16, 4, 16, 0, 0, 0, 4, 0, 9, 0, 0, 0, -6, 0, -3, 0, 0, 0, -9, 10, 29, 0, 2, 0, 9, 7, 0, 1, 18, 0, 6, 4, 1, 0, -1, 18, -4, 12, 6, -3, 12, -3, 0, 0, 0, -10, 8, 10, 6, 7, 4, -1, 0, 0, 6, 9, 0, 3};
weight_ih[49] = {16, 10, 27, 13, 31, 18, 0, -4, -2, 47, -1, 0, 0, 1, -28, -28, -5, 0, 0, 0, -7, 0, 23, 0, 0, 0, 3, 0, -27, 0, 0, 0, -23, 2, -16, 0, 28, 0, 6, 1, 0, -36, 5, 0, 1, 0, 1, 0, 11, 0, 0, 1, 24, -24, 34, -30, 0, 0, 0, 10, 5, 11, 21, -18, 3, -2, 0, 0, -31, 8, 0, -30};
weight_ih[50] = {8, 0, -5, 0, 6, 4, 0, 6, -1, 2, 3, 0, 0, 9, -13, 2, 5, 0, 0, 0, 8, 0, -7, 0, 0, 0, 7, 0, 3, 0, 0, 0, 13, 9, 8, 0, 6, 0, -20, 2, 0, 10, -5, 0, 3, 70, 1, 0, 2, -1, 2, 6, 0, 5, -14, 13, 0, 0, 0, 20, 5, 34, 25, 4, 20, 14, 0, 0, 25, -16, 0, -1};
weight_ih[51] = {-8, -12, 8, -1, 10, -9, 0, -23, -13, -1, -15, 0, 0, 2, 9, -22, 23, 0, 0, 0, -5, 0, -16, 0, 0, 0, 5, 0, 3, 0, 0, 0, -13, 8, 20, 0, 19, 0, 13, 4, 0, 17, 19, 0, 6, -6, -10, 0, 9, 0, -2, 15, 23, 33, 32, -17, 0, 0, 0, -25, -9, -11, -6, 6, -26, -9, 0, 0, -32, -6, 0, -1};
weight_ih[52] = {5, -9, 17, 8, -24, 8, 0, 4, -17, -10, 44, 0, 0, -7, 6, 15, 19, 0, 0, 0, -2, 0, 14, 0, 0, 0, -12, 0, -17, 0, 0, -2, -8, -9, 25, 0, -13, 0, 17, 9, 0, 24, -6, 0, -5, 54, -9, 0, -3, 14, 9, -21, -10, 8, 1, 7, 0, 0, 0, -5, 25, 20, -8, -28, -14, 30, 0, 0, -4, 0, 0, -13};
weight_ih[53] = {16, 15, 2, 6, -2, -12, 0, 8, 5, 5, 9, 0, 0, -8, 15, -2, 7, 0, 0, 0, 0, 0, 10, 0, 0, 0, 6, 0, 21, 0, 0, 1, 12, 10, 7, 0, 17, 0, -2, -8, 0, 0, 15, 0, -7, 8, 13, 0, -2, -5, 4, -9, 6, 14, -19, -2, 0, 0, 0, 6, 4, -4, -4, 16, 32, -11, 0, 0, 4, -20, 0, 1};
weight_ih[54] = {64, 1, 1, -35, -13, -32, 0, 20, 17, 7, 25, 0, 0, -12, 20, -13, 23, 0, 0, 0, 6, 0, -2, 0, 0, 0, 15, 0, -7, 0, 0, 0, 9, -36, 10, 0, 1, 0, -2, 10, 0, 34, -22, 0, 14, 0, 4, 0, 19, -5, 1, -3, -30, 31, -13, 49, 0, 0, 0, 40, 45, 9, -14, 6, 2, 23, 0, 0, 5, -14, 0, 30};
weight_ih[55] = {4, -7, -6, 5, -1, 1, 0, 2, 0, -9, 0, 0, 0, 5, 1, 0, -6, 0, 0, 0, 0, 0, -9, 0, 0, 0, 0, 0, 1, 0, 0, 0, 2, -10, 3, 0, -12, 0, 0, 0, 0, 0, -5, 0, -4, -16, -4, 0, 5, -4, 1, 0, -1, 0, -4, -2, 0, 0, 0, 2, 1, -5, -11, -4, -12, 5, 0, 0, 3, -3, 0, 1};
weight_ih[56] = {1, 16, 12, 6, 10, -7, 0, -7, 55, 18, -8, 0, 0, 4, -36, 20, -16, 0, 0, 0, -21, 0, 6, 0, 0, 0, 61, 0, 18, 0, 0, 0, -10, -6, -10, 0, 15, 0, 6, -4, 0, -25, 0, 0, 3, -50, 13, 0, 20, -19, 5, -5, 14, -17, 8, -22, 0, 0, 0, 40, 11, -4, 5, 2, 18, 13, 0, 0, 27, -3, 0, -9};
weight_ih[57] = {0, -5, 1, -2, 15, 11, 0, -4, 1, 6, -3, 0, 0, -11, 3, 5, -1, 0, 0, 0, 1, 0, -3, 0, 0, 0, 8, 0, -8, 1, 0, 0, 0, 15, 0, 0, -5, 0, -3, -3, 0, 0, -15, 0, -1, 24, -5, 0, 2, 5, 0, -6, -1, -6, 2, 7, 0, 0, 0, 11, 13, 17, 21, -7, 8, 8, 0, 0, -4, 13, 0, 3};
weight_ih[58] = {-4, -17, 2, 17, 1, -3, 0, -8, 9, -29, 0, 0, 0, 9, 9, 2, -2, 0, 0, 0, -3, 0, -13, 0, 0, 0, 8, 0, 30, 0, 0, 1, 16, -23, 40, 0, -21, 0, -14, -4, 0, 1, -14, 0, 0, 70, -3, 0, 24, 0, 8, 33, -5, 13, -15, -3, 0, 0, 0, -29, -14, 27, -20, -14, -7, -32, 0, 0, 4, 3, 0, -3};
weight_ih[59] = {6, 9, -8, -2, 16, -34, 0, 24, -28, -22, 7, 0, 0, -9, 21, -20, 11, 0, 0, 0, -10, 0, -9, 0, 0, 0, -19, 0, -25, 0, 0, 0, 12, 10, 78, 0, 1, 0, 22, 9, 0, 42, -19, 0, -9, 23, 8, 0, 1, 3, 45, -45, -29, -7, -21, 9, 0, 0, 0, 6, 46, 1, 9, 0, 8, 22, 0, 0, 44, 20, 0, -4};
weight_ih[60] = {0, 14, -41, -5, -47, -11, 0, 12, 1, -3, -4, 0, 0, -21, 40, -4, 13, 0, 0, 0, 6, 0, 15, 0, 0, 0, 8, 0, -29, 0, 0, 0, 9, -1, 17, 0, 20, 0, -3, -4, 0, 21, -17, 0, 3, -3, 10, 0, 17, 9, 15, -20, 3, -12, -40, 2, 0, 0, 0, 51, 16, 21, -5, -11, 45, 46, 0, 0, -10, 27, 0, -8};
weight_ih[61] = {11, 19, 18, -10, -2, 7, 0, 1, 6, 6, 10, 0, 0, -1, -6, 2, 7, 0, 0, 0, -1, 0, 51, 0, 0, 0, 0, 0, -46, 0, 0, 0, 9, 43, 1, 0, 23, 0, 11, 3, 0, -4, -8, 0, 36, -28, 14, 0, -5, 10, 16, 15, 35, -24, 14, -3, 0, 0, 0, 38, 17, 18, 22, 1, 32, 18, 0, 0, -30, -2, 0, 12};
weight_ih[62] = {8, 10, 14, 3, -9, -13, 0, 26, -17, -18, -26, 0, 0, 4, 20, 2, -18, 0, 0, 0, 3, 0, 16, 0, 0, 0, -30, 0, -30, -1, 0, -7, 2, 13, 8, 0, 27, 0, -3, 11, 0, 1, 18, 0, -8, 14, 10, 0, -5, -1, -23, -7, 11, 30, 10, -16, 0, 0, 0, -20, 1, -9, 9, 18, 12, -32, 0, 0, 11, -6, 0, -25};
weight_ih[63] = {0, 1, 2, 1, 2, 0, 0, 0, 0, 3, 1, 0, 0, -1, 2, 2, 2, 0, 0, 0, 1, 0, 1, 0, 0, 0, 1, 0, -1, 0, 0, 0, 4, 3, 5, 0, 4, 0, 3, -1, 0, 2, 1, 0, 0, 11, 0, 0, 0, 0, 0, 1, 1, 2, 1, 1, 0, 0, 0, 2, 2, 3, 2, 1, 4, 2, 0, 0, 2, 4, 0, 0};
weight_ih[64] = {4, -2, -8, -26, 28, 27, 0, -1, 7, -12, 58, 0, 0, 4, 6, 9, 43, 0, 0, 0, 8, 0, 7, 0, 0, 0, -18, 0, 38, 0, 0, 4, 5, 16, -22, 0, -10, 0, 1, -11, 0, 32, 14, 0, 0, -11, 17, 0, 31, -16, -1, -6, -14, 46, 27, 3, 0, 0, 0, 5, -2, -10, 1, -13, -10, -29, 0, 0, -20, 36, 0, -15};
weight_ih[65] = {5, -9, -16, 1, 18, -3, 0, -15, 2, -13, -24, 0, 0, -25, 5, 14, -33, 0, 0, 0, -8, 0, -31, 0, 0, 0, -5, 0, -5, 0, 0, 0, 6, 3, 13, 0, -17, 0, -38, -10, 0, -5, -17, 0, 6, 63, -1, 0, -11, 3, -4, -1, -17, 25, -7, -2, 0, 0, 0, -22, 40, 13, 22, -5, 11, -3, 0, 0, 1, 23, 0, 0};
weight_ih[66] = {4, 11, 4, 1, -1, -6, 0, 1, -2, 9, 5, 0, 0, 5, 0, 0, 5, 0, 0, 0, 1, 0, 3, 0, 0, 0, 1, 0, 0, 0, 0, 0, 6, 9, 3, 0, 13, 0, 4, 0, 0, -1, 5, 0, 2, 12, 7, 0, -6, 0, 2, 4, 4, 6, 3, 2, 0, 0, 0, 2, 3, 5, 6, 2, 24, 2, 0, 0, 1, 7, 0, 3};
weight_ih[67] = {11, 9, 23, -1, -18, -6, 0, -14, -3, -8, 13, 0, 0, 28, 26, -6, 12, 0, 0, 0, 9, 0, 8, 0, 0, 0, -6, 0, -7, -1, 0, 0, 9, 19, 9, 0, 20, 0, 1, -2, 0, -2, -20, 0, 9, -4, 3, 0, -17, 7, 12, -21, 8, 4, 15, 5, 0, 0, 0, 0, -3, -13, -11, 14, 29, 13, 0, 0, -5, -16, 0, 12};
weight_ih[68] = {4, 6, 1, -3, 7, 10, 0, 4, -1, 2, 7, 0, 0, 4, 3, 6, -2, 0, 0, 0, 4, 0, 2, 0, 0, 0, 0, 0, 6, 0, 0, 0, 3, 5, -3, 0, 4, 0, 4, 0, 0, -2, -2, 0, 4, 23, 5, 0, 9, 7, -1, -5, -2, -8, 1, -3, 0, 0, 0, 3, -1, 8, 0, -9, 6, 3, 0, 0, -6, 3, 0, -13};
weight_ih[69] = {8, -3, -3, 2, 3, 1, 0, 0, 0, 1, 0, 0, 0, 1, 2, 3, 10, 0, 0, 0, 3, 0, -1, 0, 0, 0, 1, 0, 7, 0, 0, 0, 3, 8, 11, 0, -2, 0, -1, 0, 0, 6, -1, 0, 5, 35, -3, 0, -2, 1, 1, 1, 0, 5, 1, 6, 0, 0, 0, 1, 7, 11, 2, 8, -1, 3, 0, 0, 7, 5, 0, 1};
weight_ih[70] = {-9, -6, 8, -28, 1, 12, 0, 28, -21, 22, 15, 0, 0, 13, 9, 16, -2, 0, 0, 0, -9, 0, -5, 0, 0, 0, -13, 0, -10, 0, 0, 0, 0, -16, 9, 0, -21, 0, 85, 9, 0, -1, -17, 0, -2, -25, -3, 0, -8, 4, 25, 2, -2, 38, 24, 10, 0, 0, 0, 16, 25, -17, 0, 0, -20, 38, 0, 0, 6, 21, 0, -20};
weight_ih[71] = {24, -27, -25, 0, -2, 18, 0, 6, 12, -19, 21, 0, 0, -6, 10, 4, 7, 0, 0, 0, 7, 0, 11, 0, 0, 0, -1, 0, -13, 0, 0, 0, 4, 14, 17, 0, -20, 0, -16, -13, 0, -32, -8, 0, -14, 12, -14, 0, 12, -6, -7, 14, -3, -1, -21, 6, 0, 0, 0, 9, -5, -7, 33, -3, -3, 31, 0, 0, 6, 10, 0, -35};
weight_ih[72] = {-3, -2, -2, -2, -1, -3, 0, 1, 1, -1, -1, 0, 0, -2, 1, -1, 1, 0, 0, 0, -1, 0, 2, 0, 0, 0, 0, 0, 3, 0, 0, 0, -1, -10, -3, 0, -12, 0, 1, 0, 0, -9, 0, 0, 0, -5, -1, 0, -1, -2, -2, -2, -1, 0, 1, -2, 0, 0, 0, 2, -2, -4, -27, -3, -26, 1, 0, 0, -6, 2, 0, -1};
weight_ih[73] = {-5, -15, 16, -4, 23, -2, 0, -3, -2, 9, -12, 0, 0, -9, -4, 12, -10, 0, 0, 0, -7, 0, -8, 0, 0, 0, -2, 0, 2, 0, 0, 0, -10, -9, -10, 0, -17, 0, -6, 1, 0, -3, 0, 0, -7, -12, -11, 0, 11, -9, -8, -4, -3, -5, 18, 7, 0, 0, 0, -7, 2, -4, -10, -8, -23, -8, 0, 0, 5, 2, 0, -3};
weight_ih[74] = {4, 29, 9, -10, -16, -11, 0, 10, -31, 11, -12, 0, 0, -1, 15, -12, 0, 0, 0, 0, 16, 0, -10, 0, 0, 0, -24, 0, -31, -1, 0, -3, -16, -32, -23, 0, -6, 0, 50, 6, 0, -28, 0, 0, 16, -2, -4, 0, -26, -19, 23, -16, 19, -5, 17, 25, 0, 0, 0, 50, 46, -7, -43, 6, -10, 18, 0, 0, -14, 39, 0, 39};
weight_ih[75] = {-17, -44, -34, -36, 0, -22, 0, 34, 37, -6, 6, 0, 0, 67, -22, -14, 24, 0, 0, 0, 21, 0, -27, 0, 0, 0, 17, 0, -49, 0, 0, 0, -35, 9, -1, 0, -34, 0, 31, 30, 0, 23, 6, 0, 7, -30, -26, 0, -41, -12, 11, 34, 8, 28, -2, 9, 0, 0, 0, -55, 8, -25, 45, 25, 7, 18, 0, 0, -30, 2, 0, -30};
weight_ih[76] = {-19, -23, -24, -33, 30, 15, 0, -3, 10, -17, 26, 0, 0, -17, 28, 16, -27, 0, 0, 0, 10, 0, -16, 0, 0, 0, -5, 0, 14, 0, 0, 1, 34, -6, -49, 0, -55, 0, -9, -1, 0, -23, -38, 0, -18, 62, 1, 0, -7, -10, 1, 8, -15, 4, 5, 26, 0, 0, 0, 35, -34, 44, -20, -20, -19, 20, 0, 0, 25, 50, 0, 4};
weight_ih[77] = {-2, -2, -2, -2, -1, -3, 0, 0, 0, -1, -1, 0, 0, -3, 0, -1, 0, 0, 0, 0, -1, 0, 1, 0, 0, 0, 0, 0, 2, 0, 0, 0, -1, -10, -3, 0, -12, 0, 0, 0, 0, -8, 0, 0, 0, -5, -1, 0, 0, -2, -3, -3, -1, 0, 0, -1, 0, 0, 0, 2, -2, -5, -26, -4, -26, 0, 0, 0, -5, 1, 0, -1};
weight_ih[78] = {-3, -22, -18, 4, -24, 8, 0, 23, -52, 16, 11, 0, 0, 37, -30, -6, 21, 0, 0, 0, 5, 0, -7, 0, 0, 0, -47, 0, -19, 0, 0, 0, 8, 32, -14, 0, 16, 0, 63, 17, 0, -8, -14, 0, -20, -56, -17, 0, 0, -17, -8, -12, -10, -59, -20, 23, 0, 0, 0, 29, -15, -28, 12, -7, 44, 3, 0, 0, -16, -8, 0, 10};
weight_ih[79] = {-8, 1, -23, -22, -12, -13, 0, 6, 1, -1, -11, 0, 0, -12, 27, -3, -1, 0, 0, 0, 1, 0, 9, 0, 0, 0, 2, 0, 24, 0, 0, 0, 7, -15, -18, 0, -1, 0, -21, -14, 0, -14, 6, 0, 1, -38, 0, 0, -26, 9, 7, -29, 8, -14, -3, -16, 0, 0, 0, 26, 4, -1, -15, -17, -17, 22, 0, 0, -42, -7, 0, -1};
weight_ih[80] = {35, 14, 9, -11, 19, 21, 0, -14, 14, -21, 15, 0, 0, -39, -13, -22, -10, 0, 0, 0, -32, 0, 0, 0, 0, 0, 7, 0, -13, 0, 0, 1, -5, -20, -36, 0, 20, 0, -27, 3, 0, -15, 20, 0, 10, -6, 51, 0, 22, 14, -6, 3, -11, 17, 14, -2, 0, 0, 0, -50, -17, -16, 9, 35, 32, -21, 0, 0, 37, -13, 0, -15};
weight_ih[81] = {-18, 28, -3, -4, -1, -16, 0, 6, 7, -20, 45, 0, 0, -8, -34, 21, 1, 0, 0, 0, -7, 0, -25, 0, 0, 0, 8, 0, -3, 0, 0, 0, 49, -22, 12, 0, 17, 0, -19, 1, 0, 23, -12, 0, 11, -5, 18, 0, 4, -12, -24, 0, -4, -17, 24, 31, 0, 0, 0, 5, -20, -22, -31, -38, -11, -13, 0, 0, 22, -29, 0, -25};
weight_ih[82] = {11, 6, 2, -31, -1, -45, 0, -3, -17, 20, -8, 0, 0, 2, 18, -9, 2, 0, 0, 0, 38, 0, 8, 0, 0, 0, 5, 0, -27, 0, 0, 1, -49, -6, 31, 0, -18, 0, -12, -25, 0, -18, -1, 0, 22, 66, 2, 0, -29, -17, 50, -19, -3, 33, -18, 51, 0, 0, 0, 12, 28, 61, -33, -14, -25, 22, 0, 0, -12, 13, 0, 36};
weight_ih[83] = {33, 15, -36, 15, 42, -73, 0, -12, -13, 19, 44, 0, 0, -7, -49, -24, 44, 0, 0, 0, 72, 0, 86, 0, 0, 0, 2, 0, 21, 0, 0, -2, 5, 67, -70, 0, -12, 0, -54, -34, 0, -8, 65, 0, 32, -33, 15, 0, 22, -68, -17, 30, -9, 19, -16, 10, 0, 0, 0, -7, -20, -31, 37, 31, 56, -52, 0, 0, 5, 30, 0, -55};
weight_ih[84] = {-3, -1, -4, -4, -9, -5, 0, 0, 0, -3, -4, 0, 0, -4, -6, -1, -3, 0, 0, 0, -1, 0, -7, 0, 0, 0, 0, 0, -2, 0, 0, 0, -3, -7, -10, 0, -2, 0, -10, 0, 0, -1, -1, 0, -3, -11, -1, 0, -3, -2, -2, -9, -2, -4, -10, 0, 0, 0, 0, -5, -2, -5, -10, -6, -16, -2, 0, 0, 1, -13, 0, -1};
weight_ih[85] = {34, -51, -32, 20, -23, -18, 0, -5, -12, 18, 12, 0, 0, -28, 30, 26, 27, 0, 0, 0, 4, 0, 1, 0, 0, 0, 12, 0, -14, 0, 0, 2, 24, 40, -62, 0, -14, 0, -37, -12, 0, 42, 10, 0, 1, 5, -36, 0, -77, -23, -12, -1, 17, 39, -36, 33, 0, 0, 0, -7, 37, -2, 38, -8, 4, 19, 0, 0, 3, -11, 0, -1};
weight_ih[86] = {5, -24, 1, 0, -20, -1, 0, 25, 5, -26, 5, 0, 0, 6, -18, 3, -13, 0, 0, 0, -5, 0, -4, 0, 0, 0, -22, 0, -7, 0, 0, 1, -18, 1, 15, 0, -16, 0, 11, 3, 0, -9, -35, 0, -38, -30, -32, 0, -3, -13, -19, -10, -5, -45, -13, 4, 0, 0, 0, -21, 30, -38, -32, 13, 7, 15, 0, 0, 22, -34, 0, -5};
weight_ih[87] = {-2, 28, 5, 37, 4, 57, 0, 3, 31, -6, -31, 0, 0, -16, 9, 27, 13, 0, 0, 0, -40, 0, 53, 0, 0, 0, 17, 0, -17, 0, 0, 2, -48, 49, 58, 0, 23, 0, -2, 19, 0, -4, 14, 0, 29, 3, 22, 0, -4, 38, 49, 34, 36, -8, -24, -24, 0, 0, 0, -1, 5, 18, 43, -26, 96, 23, 0, 0, 31, 1, 0, -55};
weight_ih[88] = {11, -18, 42, 12, -2, -38, 0, -20, -10, -1, 35, 0, 0, 11, -20, -27, 14, 0, 0, 0, -38, 0, 12, 0, 0, 0, -24, 0, -27, 0, 0, 1, -5, 54, -16, 0, -25, 0, 13, 12, 0, 19, -28, 0, 24, -4, -13, 0, -22, -23, -23, -66, 25, 13, 42, -5, 0, 0, 0, -9, 19, -13, 10, -16, 0, 1, 0, 0, -58, 7, 0, -56};
weight_ih[89] = {-2, -2, -2, -2, 0, -3, 0, 0, 0, -1, 0, 0, 0, -2, 1, 0, 2, 0, 0, 0, -1, 0, 2, 0, 0, 0, 0, 0, 3, 0, 0, 0, 0, -10, -3, 0, -13, 0, 0, 0, 0, -8, 1, 0, 0, -3, -1, 0, 0, -2, -2, -1, -1, 0, 0, -1, 0, 0, 0, 1, -2, -4, -25, -4, -26, 0, 0, 0, -5, 1, 0, -1};
weight_ih[90] = {16, -8, -23, 26, 2, 1, 0, -5, -6, 3, 7, 0, 0, 10, -14, 1, 2, 0, 0, 0, 1, 0, 5, 0, 0, 0, 0, 0, -12, 0, 0, 0, 1, -10, 16, 0, -20, 0, -13, -21, 0, -7, -15, 0, 7, -20, 1, 0, 14, 8, -13, 29, 13, -14, -8, -6, 0, 0, 0, 2, 9, 11, -31, -3, -19, -18, 0, 0, -8, 11, 0, 5};
weight_ih[91] = {37, 8, -4, -45, -29, -26, 0, -18, 6, -31, -23, 0, 0, 14, -25, -26, -1, 0, 0, 0, 36, 0, 42, 0, 0, 0, 0, 0, -13, 0, 0, 2, -34, -28, -5, 0, 2, 0, -68, 3, 0, -32, 38, 0, -32, -18, 10, 0, -15, -11, 11, 12, 17, -6, -14, 7, 0, 0, 0, -5, 21, 4, -23, 13, -30, 4, 0, 0, -26, -9, 0, 7};
weight_ih[92] = {12, 7, -23, 41, -35, 10, 0, 22, 21, -13, -1, 0, 0, 13, -20, -38, 0, 0, 0, 0, 17, 0, -10, 0, 0, 0, 14, 0, 9, 0, 0, 1, 11, -26, 2, 0, -22, 0, -22, -6, 0, -48, 66, 0, -8, -36, 6, 0, 2, 25, -3, 2, -24, -14, -18, -47, 0, 0, 0, -64, -6, -56, 5, 19, -26, -10, 0, 0, -23, 31, 0, -21};
weight_ih[93] = {-27, -13, -11, 23, 1, -2, 0, 49, -10, 35, -39, 0, 0, 35, -11, 37, 4, 0, 0, 0, 19, 0, -14, 0, 0, 0, -23, 0, -18, 0, 0, 0, 24, 2, 30, 0, -28, 0, 42, 19, 0, 4, -3, 0, -3, 2, -10, 0, -20, 28, 12, 46, -8, 8, 7, -5, 0, 0, 0, -19, -8, 18, 26, 29, -38, 19, 0, 0, -2, -13, 0, -9};
weight_ih[94] = {36, 5, -61, -20, 5, 16, 0, 15, -16, -9, 4, 0, 0, 19, 28, 33, 68, 0, 0, 0, 18, 0, 10, 0, 0, 0, -10, 0, -37, 0, 0, 0, 1, 37, 8, 0, -10, 0, 13, -2, 0, 33, 39, 0, -4, -4, 9, 0, -15, 51, 25, 37, -8, 11, 1, 24, 0, 0, 0, -7, 17, -3, 14, 9, 20, -19, 0, 0, -18, 73, 0, -7};
weight_ih[95] = {-2, -2, -2, -2, 0, -3, 0, 0, 0, -1, -1, 0, 0, -2, 0, -1, 1, 0, 0, 0, -1, 0, 1, 0, 0, 0, 0, 0, 2, 0, 0, 0, -1, -10, -3, 0, -12, 0, 1, 0, 0, -9, 0, 0, 0, -4, 0, 0, 0, -2, -3, -2, -1, -1, 1, -1, 0, 0, 0, 1, -2, -4, -26, -3, -26, 0, 0, 0, -5, 1, 0, -1};
weight_ih[96] = {-2, 4, -4, 2, -9, -28, 0, 13, -54, 2, -12, 0, 0, 30, -2, -2, -22, 0, 0, 0, 0, 0, -18, 0, 0, 0, -67, 0, 11, 0, 0, 1, -7, -3, -8, 0, -2, 0, 68, 10, 0, -16, -2, 0, -7, -24, 5, 0, -7, 0, -9, -2, -1, 2, 12, -16, 0, 0, 0, -47, -19, -45, -25, 28, 2, -23, 0, 0, -5, 20, 0, -11};
weight_ih[97] = {-65, -46, 19, 119, 21, 47, 0, -18, 14, 51, -15, 0, 0, 26, 50, -5, 23, 0, 0, 0, -70, 0, -29, 0, 0, 0, -5, 0, 34, 0, 0, 1, -1, 8, -17, 0, -11, 0, 0, 10, 0, 47, 13, 0, -5, 16, -49, 0, 38, 116, -27, -4, 14, -19, 50, -72, 0, 0, 0, -9, -46, -14, 23, -1, 25, 9, 0, 0, -26, -31, 0, 15};
weight_ih[98] = {35, -10, 10, -9, 27, 12, 0, -5, -7, 16, 88, 0, 0, -19, -15, 20, 30, 0, 0, 0, 46, 0, -15, 0, 0, 0, -19, 0, -2, 0, 0, 0, 63, -20, -56, 0, -1, 0, 14, 1, 0, 15, 20, 0, 6, -14, -10, 0, 16, 44, 35, -37, 32, 28, -13, 42, 0, 0, 0, -58, 31, -37, -23, 28, -8, -6, 0, 0, -82, -2, 0, 28};
weight_ih[99] = {-1, -10, 0, -7, 2, -7, 0, 0, 0, -4, -5, 0, 0, -3, -4, 0, -9, 0, 0, 0, -2, 0, -11, 0, 0, 0, 0, 0, -1, 0, 0, 0, -6, -10, -20, 0, -10, 0, -13, 2, 0, -7, -2, 0, 1, -23, -8, 0, 1, -1, -6, -6, -1, -6, 12, -2, 0, 0, 0, -8, -5, -7, -22, -7, -26, -9, 0, 0, -11, -4, 0, -3};
weight_ih[100] = {85, -7, -2, -18, -7, -67, 0, 13, 14, 22, 15, 0, 0, -34, -21, -29, -6, 0, 0, 0, 3, 0, 26, 0, 0, 0, 13, 0, -2, 0, 0, 0, 61, 39, -33, 0, -1, 0, -44, -9, 0, -5, -46, 0, -14, -26, 5, 0, -61, -27, -40, -47, 3, 11, -16, 52, 0, 0, 0, 11, 25, -41, 25, -49, 50, -27, 0, 0, 12, -57, 0, 44};
weight_ih[101] = {63, -16, -27, -7, 4, -64, 0, 3, -17, -33, 39, 0, 0, 23, -20, 7, 26, 0, 0, 0, 11, 0, 28, 0, 0, 0, -16, 0, 9, 0, 0, 0, 3, 17, -18, 0, -8, 0, -12, 1, 0, 20, 25, 0, 2, -26, -8, 0, -32, -66, -14, 73, 36, 42, -37, 8, 0, 0, 0, -25, 0, -26, 25, -17, 12, -11, 0, 0, 4, 35, 0, 3};
weight_ih[102] = {-22, 12, 6, -12, -6, 18, 0, -6, -16, -31, -9, 0, 0, -2, -21, -7, -10, 0, 0, 0, -5, 0, -18, 0, 0, 0, 0, 0, -3, 0, 0, 0, -32, 6, 6, 0, -3, 0, 17, -6, 0, -24, -19, 0, 15, -45, 13, 0, -21, -10, 18, -22, -22, -25, 15, -15, 0, 0, 0, 9, -20, -8, -17, 18, -21, 22, 0, 0, -4, 24, 0, 0};
weight_ih[103] = {-9, 27, -11, 1, 6, -6, 0, 9, -1, 27, -19, 0, 0, 11, 19, 3, -31, 0, 0, 0, -24, 0, 6, 0, 0, 0, 10, 0, -13, 0, 0, 0, -10, -8, 4, 0, 21, 0, -7, -5, 0, 10, -14, 0, -20, -15, 16, 0, -27, 4, 6, 0, 0, 8, -33, -8, 0, 0, 0, -13, -4, 0, 1, -19, -3, -8, 0, 0, 9, -9, 0, 5};
weight_ih[104] = {-3, -4, 0, -1, -8, 1, 0, -1, -1, -5, -9, 0, 0, 0, -10, -1, -11, 0, 0, 0, -1, 0, -7, 0, 0, 0, -4, 0, -2, 0, 0, 0, -5, -8, -8, 0, -11, 0, 3, 6, 0, -7, -4, 0, -4, -13, -2, 0, -3, 0, -2, -8, -1, -10, -5, -1, 0, 0, 0, -5, 1, -4, -12, 2, -19, 0, 0, 0, 5, -6, 0, 0};
weight_ih[105] = {-61, 1, 2, 11, 23, -36, 0, 1, -25, 25, 53, 0, 0, 9, 32, -2, 105, 0, 0, 0, -58, 0, 14, 0, 0, 0, -18, 0, 44, 0, 0, -1, -19, 38, -11, 0, 15, 0, 1, -1, 0, 34, 16, 0, 8, -34, -2, 0, -7, 10, 17, -15, 35, 21, 52, -45, 0, 0, 0, -9, -52, -30, 24, 11, -14, 30, 0, 0, -26, 40, 0, 0};
weight_ih[106] = {-6, 0, -2, -3, -19, -8, 0, 11, 17, -33, 15, 0, 0, -4, -28, 5, -5, 0, 0, 0, -38, 0, 26, 0, 0, 0, 6, 0, 29, 0, 0, 3, 0, -3, 17, 0, 2, 0, -29, 15, 0, -21, -9, 0, 10, 2, 0, 0, -6, 7, -11, -34, -11, -22, 13, -48, 0, 0, 0, -16, 14, -36, -17, -54, -10, -1, 0, 0, -71, 5, 0, -32};
weight_ih[107] = {-22, -33, -22, 2, -41, -39, 0, -47, -15, 57, 31, 0, 0, 5, -16, 48, -4, 0, 0, 0, 19, 0, 36, 0, 0, 0, -13, 0, -5, 0, 0, 0, 32, 6, -37, 0, -28, 0, -21, -33, 0, 27, -2, 0, 52, -9, -31, 0, -28, 18, -22, 32, -3, -13, 19, 42, 0, 0, 0, -1, -28, 25, -12, 20, -4, -6, 0, 0, -5, 4, 0, 47};
weight_ih[108] = {13, 5, 9, 2, 11, -2, 0, -4, -1, 8, 23, 0, 0, -6, -7, 0, 26, 0, 0, 0, 7, 0, 8, 0, 0, 0, 2, 0, 24, 0, 0, 0, 12, -10, -6, 0, -11, 0, 1, 3, 0, -5, 33, 0, -5, 14, 5, 0, 13, -11, 3, 2, 16, 11, 3, 8, 0, 0, 0, -6, -5, 23, -22, -2, -23, -9, 0, 0, -9, 4, 0, -10};
weight_ih[109] = {19, -77, -24, -32, 30, -9, 0, -16, 23, 31, -10, 0, 0, -3, -33, -36, -11, 0, 0, 0, 20, 0, -7, 0, 0, 0, 17, 0, -42, 0, 0, 0, -28, 7, 9, 0, -28, 0, -5, -4, 0, 1, -44, 0, -6, 3, -58, 0, -19, -2, 11, -37, -1, -32, 16, 41, 0, 0, 0, 51, 10, 26, 16, -35, -7, 32, 0, 0, -107, 39, 0, -16};
weight_ih[110] = {17, -12, -7, -20, 20, -37, 0, 23, 27, -9, 51, 0, 0, -36, -7, -45, 83, 0, 0, 0, -27, 0, -12, 0, 0, 0, 18, 0, 5, 0, 0, 0, 8, 73, -62, 0, -43, 0, 87, 1, 0, 16, -24, 0, 11, -5, 0, 0, -47, 47, -22, -24, 4, 6, 45, 5, 0, 0, 0, 1, -37, -4, 28, -18, 31, 12, 0, 0, 25, 21, 0, 35};
weight_ih[111] = {-11, 6, -37, 0, -26, -25, 0, 0, -4, 33, -12, 0, 0, 11, 11, -5, -24, 0, 0, 0, 3, 0, -13, 0, 0, 0, 5, 0, 4, 0, 0, 2, 4, 5, -10, 0, -12, 0, 12, -2, 0, 2, -42, 0, 18, -44, 24, 0, 7, 13, 22, -41, -31, -12, -12, -3, 0, 0, 0, 45, 6, -9, -33, -5, 9, 45, 0, 0, -9, 50, 0, 1};
weight_ih[112] = {10, 23, 4, 24, -40, 37, 0, -24, -12, 4, 0, 0, 0, -8, 77, 12, 51, 0, 0, 0, -32, 0, 39, 0, 0, 0, -4, 0, -27, 0, 0, 0, -36, 0, -20, 0, -10, 0, -22, 4, 0, 20, -4, 0, -26, 27, 11, 0, -57, 28, 26, -54, 35, 6, -63, -36, 0, 0, 0, -22, -12, 13, -53, -15, 1, -28, 0, 0, -1, -17, 0, 38};
weight_ih[113] = {-37, 58, -21, 16, 37, 3, 0, -27, 28, 13, -11, 0, 0, -37, 2, -45, -28, 0, 0, 0, -4, 0, -5, 0, 0, 0, 32, 0, -5, 0, 0, 2, 12, 12, 4, 0, -2, 0, -58, -31, 0, -7, -2, 0, -16, -68, 55, 0, 35, 22, -48, 31, 2, -23, -4, -41, 0, 0, 0, 12, -27, -38, -9, -3, -3, -51, 0, 0, -23, 1, 0, -15};
weight_ih[114] = {12, 7, 12, 16, -2, -4, 0, 23, 15, -9, 51, 0, 0, -16, 27, -23, 25, 0, 0, 0, -26, 0, -13, 0, 0, 0, 6, 0, 37, 0, 0, -1, 1, 5, -14, 0, 13, 0, 14, 1, 0, -3, -41, 0, -22, -49, 4, 0, 27, 0, 2, -31, 6, 15, -13, -12, 0, 0, 0, -44, 32, -45, 15, -23, 28, 4, 0, 0, -8, -31, 0, 19};
weight_ih[115] = {24, 12, 18, -16, 32, -15, 0, -29, -15, -30, 22, 0, 0, -24, -9, -6, 9, 0, 0, 0, -64, 0, -9, 0, 0, 0, 9, 0, 43, 0, 0, -3, 33, 44, 21, 0, 17, 0, -30, -4, 0, 2, -1, 0, -11, 9, -8, 0, 10, 15, -13, 21, -68, 19, -37, -14, 0, 0, 0, -65, 15, -33, 43, -20, 33, -43, 0, 0, 23, -18, 0, 24};
weight_ih[116] = {18, 7, -13, 19, -15, -3, 0, 11, -23, -18, -26, 0, 0, 12, -27, 42, -11, 0, 0, 0, -9, 0, -11, 0, 0, 0, -14, 0, -30, 0, 0, 0, 43, 7, 4, 0, -5, 0, 7, 3, 0, 8, -3, 0, 24, -8, 14, 0, 31, -7, 20, 38, 3, -7, -42, -1, 0, 0, 0, -15, 72, -30, 19, -42, -1, -5, 0, 0, 8, 10, 0, 14};
weight_ih[117] = {30, 2, -18, -21, -22, 54, 0, 18, -2, 46, -56, 0, 0, -1, 7, 34, -93, 0, 0, 0, -25, 0, -23, 0, 0, 0, -26, 0, -16, 0, 0, 0, -22, -35, 36, 0, -37, 0, 78, 19, 0, -63, -49, 0, -44, 3, 5, 0, 10, 43, 11, -53, 13, -69, -26, -67, 0, 0, 0, -21, 45, -4, -36, 6, 29, -16, 0, 0, -4, 31, 0, 41};
weight_ih[118] = {-19, 6, 0, -11, 4, -16, 0, -4, 7, 5, 29, 0, 0, -10, 39, -2, 17, 0, 0, 0, -6, 0, -4, 0, 0, 0, -12, 0, 12, 0, 0, 0, 3, -14, -28, 0, -9, 0, 6, 9, 0, 6, 26, 0, 2, 28, 5, 0, 8, 7, -5, -24, 2, 3, 8, 1, 0, 0, 0, 10, -29, 7, -18, -6, -27, 18, 0, 0, -23, -20, 0, -16};
weight_ih[119] = {0, 11, -6, 30, 11, -30, 0, 16, -10, -3, 5, 0, 0, -44, 15, -14, 25, 0, 0, 0, -27, 0, 31, 0, 0, 0, -6, 0, -1, 0, 0, -1, 0, 8, 42, 0, 2, 0, -23, -9, 0, 6, 62, 0, -12, 18, 10, 0, 20, -22, 9, -10, -9, 7, -30, 1, 0, 0, 0, -26, -15, 7, 45, -21, 49, -37, 0, 0, 22, -20, 0, -29};
weight_ih[120] = {23, -19, -8, -17, -18, -41, 0, 17, 4, 13, 22, 0, 0, -9, -48, -20, -33, 0, 0, 0, 1, 0, 5, 0, 0, 0, 9, 0, 7, 0, 0, 1, 31, 7, -31, 0, 5, 0, -21, -23, 0, -2, -27, 0, -16, -8, -2, 0, -14, -4, -4, -60, 55, 4, -60, 18, 0, 0, 0, -4, 60, 5, 24, -18, 25, -19, 0, 0, 5, -2, 0, 46};
weight_ih[121] = {-7, -34, -32, 2, -63, -6, 0, -1, -14, -24, -23, 0, 0, 44, 14, -17, 6, 0, 0, 0, -61, 0, -49, 0, 0, 0, -14, 0, -15, 0, 0, 0, -1, -6, 2, 0, -31, 0, -9, -7, 0, -16, -26, 0, -31, 1, -27, 0, 28, -4, 45, -55, -6, 47, -34, -32, 0, 0, 0, -34, -36, -7, -12, 17, -17, 57, 0, 0, -23, 7, 0, -5};
weight_ih[122] = {26, 10, 19, 17, 13, 18, 0, -8, 3, 13, 28, 0, 0, -16, -10, -3, 2, 0, 0, 0, 1, 0, 28, 0, 0, 0, 0, 0, -10, 0, 0, 0, -28, -14, 5, 0, 14, 0, -24, 0, 0, -6, -1, 0, 25, -37, -1, 0, 16, 27, 13, 7, 17, -22, -7, 15, 0, 0, 0, 4, 9, 1, 2, -7, -36, 21, 0, 0, -14, -36, 0, 2};
weight_ih[123] = {-5, -14, 58, -31, 35, -20, 0, 41, -6, 67, -4, 0, 0, -1, -21, 30, -5, 0, 0, 0, -21, 0, 22, 0, 0, 0, -5, 0, -35, 0, 0, 0, -13, 41, -38, 0, 30, 0, 42, 6, 0, 15, -23, 0, -35, 19, -27, 0, -6, 21, -7, -39, -13, -28, 66, 10, 0, 0, 0, -11, 4, 25, 31, -3, 20, -13, 0, 0, -7, 28, 0, -22};
weight_ih[124] = {22, -24, -9, -8, 17, 17, 0, 7, 8, 3, -16, 0, 0, -4, 24, -14, 2, 0, 0, 0, 8, 0, -7, 0, 0, 0, 16, 0, -7, 0, 0, -1, -19, 32, 9, 0, -24, 0, 7, 17, 0, -9, -31, 0, 4, -47, -20, 0, -24, -20, 11, -5, -8, -17, 25, 22, 0, 0, 0, 17, 7, -25, 57, 8, 16, 18, 0, 0, 18, 5, 0, 9};
weight_ih[125] = {11, 32, 1, -6, 12, -12, 0, 8, -8, 13, -20, 0, 0, -9, 5, -2, 4, 0, 0, 0, 0, 0, -16, 0, 0, 0, -6, 0, 10, 0, 0, -1, -3, 6, -22, 0, 46, 0, 9, 23, 0, -9, 13, 0, 3, -36, 12, 0, -17, 1, -17, 1, 4, -10, 28, -7, 0, 0, 0, -9, 10, -14, 13, 28, 14, 9, 0, 0, -15, 8, 0, -9};
weight_ih[126] = {-36, -8, -49, 15, -52, 71, 0, -5, -1, -3, -57, 0, 0, 6, 73, -1, -8, 0, 0, 0, -18, 0, -3, 0, 0, 0, -13, 0, -10, 0, 0, 1, -16, 18, -9, 0, -27, 0, 17, -29, 0, 43, 47, 0, 4, 40, -4, 0, 34, 64, 27, 33, -7, 11, 17, -40, 0, 0, 0, 2, -39, 40, -4, 58, 21, -23, 0, 0, 20, 23, 0, -3};
weight_ih[127] = {-8, -23, -20, -2, -5, -4, 0, 9, 10, -13, 1, 0, 0, 3, -1, 71, 7, 0, 0, 0, 1, 0, 12, 0, 0, 0, -10, 0, -27, 0, 0, 3, 37, 11, -6, 0, -11, 0, 13, 2, 0, 14, -4, 0, -46, -24, -14, 0, 24, -8, -2, 17, -26, 3, -29, 11, 0, 0, 0, -12, -30, -18, 5, -26, 54, -4, 0, 0, 31, -7, 0, 27};
weight_ih[128] = {24, 9, -25, 36, -12, 5, 0, 31, -20, 21, 8, 0, 0, -4, -1, -3, 20, 0, 0, 0, 6, 0, 3, 0, 0, 0, -29, 0, 15, 0, 0, 0, -1, -4, 10, 0, 5, 0, 28, -16, 0, -21, -17, 0, 4, -13, 4, 0, -2, 20, 6, -14, -13, 4, -18, 9, 0, 0, 0, -27, 3, -31, -17, -1, 7, -22, 0, 0, 5, 6, 0, 23};
weight_ih[129] = {-30, -6, -13, 24, 3, -27, 0, 26, -27, 4, -7, 0, 0, -48, 9, -26, -18, 0, 0, 0, 20, 0, -51, 0, 0, 0, -37, 0, 43, 0, 0, -1, -8, -25, -14, 0, -15, 0, -35, -6, 0, -34, 41, 0, 2, 5, -5, 0, 40, 10, -13, -39, 6, 5, -13, 7, 0, 0, 0, -29, -40, -14, -25, -17, -14, -36, 0, 0, 11, -12, 0, -61};
weight_ih[130] = {-1, 27, 21, 9, -32, 25, 0, 21, -2, -3, -13, 0, 0, 0, -15, 10, -8, 0, 0, 0, 22, 0, 23, 0, 0, 0, -3, 0, -14, 0, 0, 1, 14, -5, 16, 0, 45, 0, 12, 7, 0, -11, 2, 0, -9, 15, 19, 0, -19, 30, 23, 5, 37, -21, -40, -4, 0, 0, 0, 3, 15, 51, -14, 24, 7, 16, 0, 0, 1, -28, 0, 37};
weight_ih[131] = {53, 0, -68, -33, -22, 11, 0, -29, -43, -18, -11, 0, 0, -34, -7, 13, -3, 0, 0, 0, -32, 0, -20, 0, 0, 0, -31, 0, 11, 0, 0, 0, -21, -22, -88, 0, 9, 0, 2, -21, 0, 24, -25, 0, 12, 14, 8, 0, 17, 19, -14, 33, 9, 24, 27, 12, 0, 0, 0, -26, 49, 6, -17, -36, 22, -31, 0, 0, 0, 21, 0, 59};
weight_ih[132] = {6, 27, -6, 5, 39, -6, 0, -35, 17, -19, 15, 0, 0, -33, -11, -7, 8, 0, 0, 0, -10, 0, 42, 0, 0, 0, -8, 0, 0, 0, 0, 1, -23, 26, 33, 0, -38, 0, -17, -1, 0, -4, 48, 0, 6, 43, 17, 0, -30, -18, -15, 30, -14, 12, -22, 17, 0, 0, 0, 19, -12, 45, 20, 41, 14, -38, 0, 0, 35, 8, 0, -32};
weight_ih[133] = {-2, -43, -24, -29, -8, 28, 0, 41, 21, -22, -31, 0, 0, -20, 19, 60, -53, 0, 0, 0, 36, 0, 18, 0, 0, 0, 14, 0, 35, 0, 0, -3, 22, 12, -25, 0, -32, 0, 20, -3, 0, -12, 8, 0, -27, 4, 13, 0, -18, -10, -24, -19, -8, 32, 12, -7, 0, 0, 0, -18, 14, -19, 17, 3, 22, -30, 0, 0, 54, -11, 0, 11};
weight_ih[134] = {-4, -32, -13, -14, 31, 29, 0, -21, -1, -17, -35, 0, 0, -17, -10, 12, -22, 0, 0, 0, -8, 0, -29, 0, 0, 0, -12, 0, -20, 0, 0, 0, -26, 40, -6, 0, -10, 0, 18, 16, 0, 6, -2, 0, -7, -29, -24, 0, -12, -5, 24, -7, -13, -15, 4, 4, 0, 0, 0, 6, 13, -16, 40, 16, 43, -1, 0, 0, 1, 40, 0, 3};
weight_ih[135] = {-3, -1, -2, -2, -1, -3, 0, 0, 0, -1, -1, 0, 0, -3, 1, -1, 0, 0, 0, 0, -1, 0, 1, 0, 0, 0, 0, 0, 3, 0, 0, 0, -1, -11, -3, 0, -12, 0, 0, 0, 0, -9, 1, 0, 0, -5, 0, 0, 0, -2, -2, -2, -1, -1, 0, -2, 0, 0, 0, 1, -2, -5, -27, -4, -26, -1, 0, 0, -6, 1, 0, -1};
weight_ih[136] = {1, 0, 11, -10, 5, -33, 0, -18, 0, -10, -3, 0, 0, 1, 42, -35, 2, 0, 0, 0, -2, 0, -6, 0, 0, 0, 3, 0, -11, 0, 0, 0, -15, -20, -7, 0, -21, 0, 0, 2, 0, -32, 5, 0, 10, 16, 4, 0, 16, -1, 38, -14, 10, 44, 3, -10, 0, 0, 0, 1, -13, -23, -29, -7, -9, 2, 0, 0, -28, -8, 0, -8};
weight_ih[137] = {-35, -46, -30, 6, 3, 25, 0, 14, 27, 44, 17, 0, 0, -9, 28, 30, 17, 0, 0, 0, -14, 0, 23, 0, 0, 0, 42, 0, 11, 0, 0, 0, -31, 16, -9, 0, -32, 0, -30, -15, 0, 5, 13, 0, -21, 5, -35, 0, 27, 42, -7, 8, -25, -2, -19, -14, 0, 0, 0, -41, -25, -1, 35, -27, -3, -101, 0, 0, 1, 42, 0, -19};
weight_ih[138] = {-18, -19, -27, -16, -48, -5, 0, 1, -2, -33, -19, 0, 0, -5, -17, 22, 49, 0, 0, 0, -2, 0, 23, 0, 0, 0, 2, 0, 72, 0, 0, 0, -8, -18, 48, 0, -48, 0, -1, 1, 0, -14, 38, 0, 23, -21, -11, 0, -7, -25, -10, -8, -2, 13, -17, -41, 0, 0, 0, 8, -39, -48, -107, 65, -19, 3, 0, 0, 11, -25, 0, -11};
weight_ih[139] = {41, 45, 15, -15, -1, -21, 0, -5, -47, 3, 1, 0, 0, -28, -2, -2, 13, 0, 0, 0, 12, 0, -7, 0, 0, 0, -21, 0, 16, 0, 0, 0, 17, 0, 19, 0, 50, 0, 23, -8, 0, 15, -39, 0, 20, -34, 26, 0, 23, -14, 6, 15, -25, -19, 7, 24, 0, 0, 0, 7, 2, -47, -17, 14, 15, 19, 0, 0, 3, -1, 0, 4};
weight_ih[140] = {-17, 15, 2, -14, -10, 11, 0, -23, -7, -18, 10, 0, 0, -46, 18, 1, -41, 0, 0, 0, -26, 0, 8, 0, 0, 0, -27, 0, -8, 0, 0, 0, -2, -21, 6, 0, -19, 0, 6, -2, 0, 14, -22, 0, -14, -33, 19, 0, 12, -20, -14, 3, -19, -10, 10, -1, 0, 0, 0, -31, 3, -28, -71, -41, -37, 12, 0, 0, 15, 10, 0, -43};
weight_ih[141] = {-23, -21, -7, -21, -1, 7, 0, 24, 5, -60, -13, 0, 0, -37, -5, -2, -40, 0, 0, 0, -2, 0, 29, 0, 0, 0, -3, 0, 2, 0, 0, 0, 37, 4, -15, 0, -28, 0, 6, -2, 0, 25, 8, 0, -34, -22, 2, 0, 29, 9, 9, 13, -11, -23, -27, -2, 0, 0, 0, -17, -16, -38, 0, 23, -12, 12, 0, 0, 0, -24, 0, 10};
weight_ih[142] = {46, 8, -4, 24, 27, 13, 0, -17, -5, 18, 13, 0, 0, -21, -33, 11, -54, 0, 0, 0, 7, 0, 37, 0, 0, 0, -20, 0, 26, 0, 0, -1, 20, -13, -32, 0, -16, 0, -18, -16, 0, -26, 1, 0, 8, -32, -3, 0, 26, -2, -30, -12, 14, -25, 15, -14, 0, 0, 0, -1, 21, -52, -7, -28, 37, -75, 0, 0, 1, -12, 0, 4};
weight_ih[143] = {-25, 37, 0, 1, -1, -42, 0, -11, 7, 5, 4, 0, 0, 35, 24, -5, 1, 0, 0, 0, -20, 0, -12, 0, 0, 0, 16, 0, -27, 0, 0, 0, -12, -6, 28, 0, 54, 0, -24, 3, 0, -13, -8, 0, 29, 17, 22, 0, -25, 16, -6, 0, 40, 9, -21, 12, 0, 0, 0, 14, -10, 25, -54, 6, 24, 10, 0, 0, -15, -20, 0, -14};
weight_ih[144] = {-3, -4, -6, -5, -8, 1, 0, -2, -2, -8, -4, 0, 0, -1, -8, -3, -8, 0, 0, 0, -4, 0, -4, 0, 0, 0, -2, 0, 1, 0, 0, 0, -9, -11, -18, 0, -13, 0, -10, 1, 0, -9, -3, 0, 0, -32, -1, 0, -3, -1, -2, -5, -2, -6, -6, -4, 0, 0, 0, -9, -6, -7, -20, -7, -24, -8, 0, 0, -6, -11, 0, -1};
weight_ih[145] = {-12, 6, 31, 23, 24, 1, 0, 11, 9, -21, -23, 0, 0, -13, -6, -15, 65, 0, 0, 0, -8, 0, -7, 0, 0, 0, 22, 0, 5, -1, 0, -2, -22, 25, 18, 0, 20, 0, -2, 7, 0, 15, 33, 0, -5, 26, 9, 0, -1, 0, 5, 12, 8, -4, 41, 5, 0, 0, 0, 5, -5, 30, 4, 28, 24, -12, 0, 0, -20, -17, 0, -10};
weight_ih[146] = {10, 5, -14, 11, -11, 23, 0, -13, -7, 43, 29, 0, 0, -36, 47, 7, 4, 0, 0, 0, 7, 0, -8, 0, 0, 0, 4, 0, -5, 0, 0, -1, -12, -30, 18, 0, -14, 0, 16, -6, 0, 0, -25, 0, -11, -8, -2, 0, 8, 9, 14, -3, -1, 4, -35, 14, 0, 0, 0, 9, -13, -26, -32, -22, -18, 32, 0, 0, 41, 0, 0, 27};
weight_ih[147] = {-42, 18, 22, -18, -1, -8, 0, 19, -30, 9, -20, 0, 0, -29, 14, -51, 12, 0, 0, 0, -6, 0, -9, 0, 0, 0, -59, 0, -24, 1, 0, 1, -16, -10, -23, 0, 22, 0, 18, -18, 0, 32, -23, 0, -17, -9, 10, 0, -1, 9, -9, -77, 18, -11, 49, -22, 0, 0, 0, 29, -35, -17, -46, 33, 82, -19, 0, 0, -41, -6, 0, -4};
weight_ih[148] = {41, 6, -14, 0, -30, 29, 0, -18, -1, 10, 53, 0, 0, 37, -4, 5, 58, 0, 0, 0, -4, 0, 23, 0, 0, 0, 5, 0, 15, 0, 0, -5, -7, -1, -36, 0, -3, 0, -26, -16, 0, -38, -11, 0, -15, -28, -3, 0, -22, 2, -4, 32, 3, 18, -28, 50, 0, 0, 0, 21, 19, 17, -18, 65, -15, 16, 0, 0, -6, 39, 0, 60};
weight_ih[149] = {-3, -3, -6, -5, -9, -1, 0, -2, -2, -7, -4, 0, 0, -1, -9, -3, -8, 0, 0, 0, -3, 0, -2, 0, 0, 0, -2, 0, -2, 0, 0, 0, -9, -13, -17, 0, -11, 0, -8, 1, 0, -9, -3, 0, -1, -32, -1, 0, -2, -2, -1, -5, -2, -5, -8, -4, 0, 0, 0, -7, -6, -8, -21, -8, -23, -6, 0, 0, -7, -12, 0, -1};
weight_ih[150] = {1, 14, 28, -1, -12, -57, 0, -73, -10, 6, 13, 0, 0, -15, 21, -12, -2, 0, 0, 0, -29, 0, 29, 0, 0, 0, -1, 0, 34, 0, 0, -1, 9, 16, 15, 0, 13, 0, 49, -3, 0, 7, -5, 0, -13, 18, -3, 0, -4, -50, 31, -39, 9, 20, -15, -2, 0, 0, 0, 14, -19, 12, -9, 30, 32, 37, 0, 0, 40, 14, 0, -5};
weight_ih[151] = {-4, 1, -19, -32, -60, 5, 0, 22, 5, 35, 10, 0, 0, 15, -18, -20, 4, 0, 0, 0, -9, 0, 26, 0, 0, 0, 16, 0, -40, 0, 0, 2, 17, -26, -16, 0, 0, 0, 32, -13, 0, -41, 20, 0, 5, -23, -8, 0, 22, -29, 1, -22, 24, -55, -19, 18, 0, 0, 0, 53, 13, 32, -23, -11, -29, 39, 0, 0, 40, 3, 0, -9};
weight_ih[152] = {-4, 48, 33, -2, 10, -21, 0, -20, -14, 19, 17, 0, 0, 7, 28, -20, 7, 0, 0, 0, 3, 0, 5, 0, 0, 0, -8, 0, 28, -1, 0, -3, -3, 19, 25, 0, 38, 0, -39, 7, 0, -22, 12, 0, 15, -59, 24, 0, -39, 7, -5, -18, 0, -16, 21, -10, 0, 0, 0, 43, -6, -39, -33, -5, -4, -35, 0, 0, 8, -18, 0, -20};
weight_ih[153] = {-22, -12, 14, -8, -18, -1, 0, -4, -34, 35, -14, 0, 0, 28, 15, -10, -6, 0, 0, 0, 23, 0, -19, 0, 0, 0, -14, 0, -35, 0, 0, -1, -1, 11, 3, 0, 32, 0, -1, -3, 0, 14, 13, 0, -31, -27, -24, 0, -18, -21, 1, -37, -13, 21, 12, 17, 0, 0, 0, -8, 6, -30, 38, 23, 25, 10, 0, 0, 5, 15, 0, -3};
weight_ih[154] = {-33, -5, -11, 17, -1, 10, 0, 13, 13, 8, 4, 0, 0, 10, -8, -20, 0, 0, 0, 0, 5, 0, 19, 0, 0, 0, -5, 0, -12, -1, 0, 1, 24, 28, -9, 0, -12, 0, 22, 5, 0, 33, -34, 0, -37, 10, 1, 0, -12, 2, 0, -2, 18, -13, 26, -2, 0, 0, 0, 34, -33, 9, 0, 32, 39, 1, 0, 0, -14, 25, 0, -9};
weight_ih[155] = {33, 1, 40, 4, 5, 5, 0, 51, 8, 1, -12, 0, 0, 2, -12, -43, 38, 0, 0, 0, -18, 0, -17, 0, 0, 0, 12, 0, -25, 0, 0, 1, -78, 31, 102, 0, 29, 0, 24, 28, 0, -6, 16, 0, -46, 0, -12, 0, 15, 1, 2, 23, 2, 31, 1, -53, 0, 0, 0, -17, 29, -8, 64, 13, 22, -14, 0, 0, -15, 8, 0, -3};
weight_ih[156] = {-1, 9, -2, 2, -8, 5, 0, -6, 17, 6, -3, 0, 0, 9, 18, 10, -19, 0, 0, 0, -2, 0, 7, 0, 0, 0, -5, 0, 0, 0, 0, 1, 2, -9, -12, 0, -12, 0, 17, -3, 0, -10, 12, 0, 10, -71, 11, 0, 10, -2, 2, 4, -1, 9, 23, -4, 0, 0, 0, -14, -8, -35, -34, -7, 11, -20, 0, 0, -13, 14, 0, -3};
weight_ih[157] = {-68, -20, -6, -20, -11, 27, 0, 2, 5, 50, -60, 0, 0, -15, 25, 3, -82, 0, 0, 0, -36, 0, -7, 0, 0, 0, 1, 0, -33, 0, 0, -2, -12, 21, 8, 0, -29, 0, -8, 1, 0, -5, -9, 0, -30, 20, -27, 0, -26, 43, -2, 26, -32, -45, -19, -41, 0, 0, 0, 37, -37, 24, 57, -31, 11, -9, 0, 0, -21, 12, 0, -44};
weight_ih[158] = {-3, 9, 25, -12, -12, -15, 0, -4, 21, -7, -26, 0, 0, -22, 5, -5, -8, 0, 0, 0, 10, 0, 18, 0, 0, 0, 11, 0, 1, 0, 0, 1, 9, -36, 4, 0, 11, 0, 9, -1, 0, -8, -2, 0, 20, 44, 10, 0, 8, 4, 5, -31, -2, 0, 20, -6, 0, 0, 0, 17, 6, 9, -65, 22, -18, -8, 0, 0, 11, -27, 0, 13};
weight_ih[159] = {-21, -14, 11, 43, 5, 36, 0, -21, 11, 4, -41, 0, 0, -16, 19, -9, -45, 0, 0, 0, -15, 0, -46, 0, 0, 0, 19, 0, 26, 0, 0, 1, -24, -29, -7, 0, -15, 0, 1, -7, 0, -20, 32, 0, 14, 21, -12, 0, 24, 10, -2, -45, -15, -24, 42, -31, 0, 0, 0, -20, -60, 14, -27, 0, -25, 24, 0, 0, 15, 18, 0, -35};
weight_ih[160] = {-33, -1, -16, 24, 42, 70, 0, -15, 8, 61, -36, 0, 0, -27, 44, 24, -38, 0, 0, 0, -14, 0, -16, 0, 0, 0, 10, 0, -7, 1, 0, 1, 19, 15, 12, 0, -4, 0, -13, -27, 0, 2, -9, 0, -55, -11, -14, 0, -38, 61, 49, -2, 11, -8, -17, -23, 0, 0, 0, 3, -42, -31, 30, -18, 12, 21, 0, 0, -25, 30, 0, -5};
weight_ih[161] = {2, 3, 6, 5, 9, 1, 0, 2, 2, 8, 3, 0, 0, 1, 9, 3, 7, 0, 0, 0, 4, 0, 3, 0, 0, 0, 2, 0, 0, 0, 0, 0, 9, 11, 18, 0, 11, 0, 8, -1, 0, 9, 2, 0, 1, 32, 1, 0, 3, 2, 2, 5, 2, 5, 8, 3, 0, 0, 0, 8, 7, 8, 21, 7, 23, 7, 0, 0, 7, 12, 0, 1};
weight_ih[162] = {1, 8, -25, -23, -2, 2, 0, 4, 5, -35, 18, 0, 0, -8, 25, -16, 13, 0, 0, 0, -2, 0, -15, 0, 0, 0, 22, 0, 55, 0, 0, 0, 11, -6, -38, 0, 21, 0, -10, 14, 0, 14, -46, 0, -6, 63, 27, 0, 23, 22, -4, -40, -16, -11, 25, 1, 0, 0, 0, 5, -10, 48, -6, 7, -7, 19, 0, 0, -14, -1, 0, 19};
weight_ih[163] = {-10, 43, 7, 0, -13, 14, 0, -3, -22, 21, 10, 0, 0, -52, 17, 22, -10, 0, 0, 0, 28, 0, 12, 0, 0, 0, -25, 0, 17, 0, 0, 0, 14, 38, 5, 0, 37, 0, -15, -22, 0, -5, -19, 0, 26, -17, 28, 0, 10, 0, 13, -68, 1, -19, 9, -13, 0, 0, 0, 10, 10, 2, 38, -22, 92, -27, 0, 0, -21, 1, 0, -14};
weight_ih[164] = {-3, -45, -1, -10, 39, 5, 0, 24, 17, 11, -14, 0, 0, -30, 45, -18, -2, 0, 0, 0, -6, 0, 2, 0, 0, 0, 12, 0, -9, 0, 0, 1, 14, 5, 11, 0, -36, 0, 22, -7, 0, 1, -8, 0, 9, -65, -21, 0, -17, 32, -19, -10, 3, -14, 7, -25, 0, 0, 0, -41, -10, -59, 42, -5, -12, 20, 0, 0, -13, 25, 0, 7};
weight_ih[165] = {8, 29, -30, -6, -22, -31, 0, -9, 21, -12, 3, 0, 0, -34, 1, -13, 35, 0, 0, 0, -22, 0, 8, 0, 0, 0, 16, 0, 37, 2, 0, 2, 12, -9, -11, 0, 6, 0, 10, 6, 0, 44, -4, 0, -1, 41, 4, 0, 9, -17, -8, -44, -11, 11, -27, 4, 0, 0, 0, -16, 10, 16, -18, 18, -8, -75, 0, 0, -19, -21, 0, 15};
weight_ih[166] = {5, 4, 2, 5, -2, 8, 0, 11, -14, -20, -33, 0, 0, 26, 39, 5, -51, 0, 0, 0, 11, 0, -54, 0, 0, 0, -6, 0, -6, 0, 0, 0, -12, -98, -19, 0, -4, 0, 23, -5, 0, -27, -34, 0, -16, 32, 2, 0, -9, -49, -34, -8, -11, -16, 32, -24, 0, 0, 0, -11, 11, 38, -6, 21, -34, 24, 0, 0, 26, -24, 0, -50};
weight_ih[167] = {3, 3, 6, 5, 8, 1, 0, 2, 1, 7, 4, 0, 0, 1, 9, 3, 8, 0, 0, 0, 4, 0, 3, 0, 0, 0, 2, 0, 1, 0, 0, 0, 8, 12, 17, 0, 11, 0, 9, -1, 0, 9, 3, 0, 1, 32, 1, 0, 3, 2, 2, 5, 2, 7, 8, 4, 0, 0, 0, 8, 7, 7, 21, 8, 23, 7, 0, 0, 7, 12, 0, 1};
weight_ih[168] = {-20, 7, 4, -10, 4, 12, 0, -21, 53, 13, -12, 0, 0, -3, -27, 2, -9, 0, 0, 0, 3, 0, 16, 0, 0, 0, 32, 0, -11, 1, 0, -2, -14, -7, 6, 0, 7, 0, -40, -15, 0, -11, 7, 0, 0, -53, 4, 0, -5, 4, 36, -7, 3, -8, 15, -10, 0, 0, 0, 56, -16, 9, -10, 9, -24, 41, 0, 0, 8, -6, 0, 22};
weight_ih[169] = {-37, 8, -8, -3, 11, 43, 0, -12, -27, 46, -21, 0, 0, 30, -5, -25, 4, 0, 0, 0, -6, 0, -15, 0, 0, 0, -29, 0, 6, -1, 0, -2, 4, 2, 18, 0, 10, 0, 0, 4, 0, -15, 51, 0, -59, -29, 6, 0, 6, 18, 14, -52, -3, 13, 33, -45, 0, 0, 0, -43, -11, -27, 50, 18, 60, -10, 0, 0, 19, -32, 0, -6};
weight_ih[170] = {5, 10, 14, 5, 1, 10, 0, 11, 6, 16, 19, 0, 0, -13, 2, -14, 14, 0, 0, 0, 4, 0, -9, 0, 0, 0, 9, 0, -17, 0, 0, 0, -5, 10, -2, 0, 1, 0, -35, -33, 0, 47, 11, 0, 20, -37, 7, 0, 16, -6, -32, 71, 36, -9, 5, -10, 0, 0, 0, -16, 7, -44, 16, -14, 18, 6, 0, 0, -27, -5, 0, -18};
weight_ih[171] = {0, -10, -2, -3, -9, 14, 0, -10, -4, 11, 0, 0, 0, 1, 19, 6, -20, 0, 0, 0, -2, 0, 11, 0, 0, 0, -16, 0, -31, 0, 0, 0, -1, 22, -5, 0, 13, 0, -9, 3, 0, 29, 0, 0, -9, -45, -10, 0, 2, 15, 28, -1, -6, -5, -40, -3, 0, 0, 0, -15, -2, -12, 38, -16, 13, 26, 0, 0, -21, 8, 0, 2};
weight_ih[172] = {27, 19, 2, -5, 28, -37, 0, -8, 4, 70, 68, 0, 0, 16, 6, -36, 14, 0, 0, 0, -18, 0, -10, 0, 0, 0, -5, 0, 39, 0, 0, 1, 4, 15, -1, 0, -3, 0, -15, -22, 0, 6, -10, 0, 10, -23, 14, 0, -36, -15, -5, 2, -13, 28, 18, 11, 0, 0, 0, -21, -31, -39, 4, -18, 46, -13, 0, 0, 23, -21, 0, 0};
weight_ih[173] = {28, 15, -4, 32, -41, -2, 0, -15, -1, 17, -40, 0, 0, -17, 8, -53, -2, 0, 0, 0, -9, 0, 11, 0, 0, 0, 8, 0, 5, -2, 0, 1, -65, -18, 81, 0, -9, 0, 24, 24, 0, 2, 35, 0, -40, 4, 7, 0, 17, -10, -14, -28, 32, -5, -14, -51, 0, 0, 0, -32, 41, 5, 14, 17, 15, -50, 0, 0, 22, -27, 0, 20};
weight_ih[174] = {11, -20, 31, -17, 20, 12, 0, -14, -12, -26, -9, 0, 0, -31, 16, 10, -40, 0, 0, 0, -31, 0, 28, 0, 0, 0, -28, 0, -9, 0, 0, 1, -25, 6, -31, 0, -2, 0, 13, 17, 0, -28, -13, 0, 6, -127, -21, 0, 14, 24, 1, -31, 4, -28, 61, -5, 0, 0, 0, -4, 17, -72, -21, 29, 0, -35, 0, 0, 3, 49, 0, 25};
weight_ih[175] = {42, -16, 30, 24, 44, -26, 0, -34, -29, 37, 23, 0, 0, -25, 4, -1, 26, 0, 0, 0, -7, 0, 5, 0, 0, 0, -5, 0, -16, -1, 0, 0, 13, 9, -11, 0, -31, 0, 38, 4, 0, -7, -6, 0, 26, -82, -1, 0, -5, -21, -20, -11, 13, 23, 43, -13, 0, 0, 0, 34, 3, -50, -43, -12, 0, -14, 0, 0, -33, 31, 0, -3};
weight_ih[176] = {-10, 14, -4, 5, -5, 16, 0, 17, 30, 37, -22, 0, 0, 7, 39, 12, -22, 0, 0, 0, 0, 0, 24, 0, 0, 0, 11, 0, -15, 2, 0, 6, -8, -14, -13, 0, -19, 0, 27, -14, 0, -9, 20, 0, 21, -45, 9, 0, 29, 17, 8, -4, -1, -2, 30, 2, 0, 0, 0, 12, -10, -23, -33, 12, 13, -11, 0, 0, -22, 26, 0, -13};
weight_ih[177] = {-75, 20, -8, 49, -9, 66, 0, -4, -6, -14, -38, 0, 0, -3, 49, 8, -33, 0, 0, 0, 2, 0, -29, 0, 0, 0, -6, 0, -5, 0, 0, 1, -13, -12, -9, 0, -2, 0, -15, -4, 0, -26, 23, 0, -18, -6, 21, 0, -7, 59, 3, -14, -14, -41, 5, -43, 0, 0, 0, -16, -26, 17, -13, -17, -6, -33, 0, 0, -9, -14, 0, -8};
weight_ih[178] = {-3, 33, 14, 17, -15, 10, 0, -29, -33, -32, 45, 0, 0, 12, 0, -15, 36, 0, 0, 0, 14, 0, -15, 0, 0, 0, -48, 0, 46, -1, 0, -1, 6, 5, 7, 0, 28, 0, -10, -6, 0, 31, -22, 0, -19, 34, 18, 0, -18, -35, -18, -4, -27, 16, 1, 44, 0, 0, 0, 17, 9, 34, -1, -29, 20, 11, 0, 0, 18, 9, 0, -7};
weight_ih[179] = {-29, 16, -32, 20, 53, 45, 0, -7, -35, 12, 37, 0, 0, -19, 48, -21, 89, 0, 0, 0, -22, 0, 13, 0, 0, 0, -9, 0, -21, 0, 0, 2, -39, 26, 13, 0, -11, 0, 6, 24, 0, 28, 29, 0, -22, -7, 26, 0, 7, 47, 6, -43, 60, 12, -9, -18, 0, 0, 0, 12, -71, -13, 31, -19, 20, -27, 0, 0, -8, -1, 0, -49};
weight_ih[180] = {17, -7, 18, -13, 18, -11, 0, -5, 4, 15, 30, 0, 0, -5, -10, 7, 8, 0, 0, 0, 9, 0, 16, 0, 0, 0, 9, 0, 0, 0, 0, 0, 15, 16, -10, 0, 7, 0, 5, 2, 0, 13, 0, 0, 14, 22, -7, 0, 9, -11, 10, -8, 2, -12, 8, 6, 0, 0, 0, 8, 7, 24, 11, 35, 19, 1, 0, 0, 19, 28, 0, -1};
weight_ih[181] = {21, -8, 2, 10, 48, -7, 0, -7, 12, -24, 29, 0, 0, -43, 0, 3, 4, 0, 0, 0, 20, 0, 8, 0, 0, 0, -11, 0, 7, 0, 0, 1, 2, 4, 19, 0, -6, 0, -39, 6, 0, 26, 13, 0, -15, 74, 13, 0, 22, 0, 8, 5, 42, 28, -13, 42, 0, 0, 0, -65, 6, 51, 57, 4, -4, -30, 0, 0, -41, 16, 0, -13};
weight_ih[182] = {4, -17, -15, 4, 48, -8, 0, -30, 8, -21, -81, 0, 0, -19, 13, -56, -22, 0, 0, 0, -7, 0, -40, 0, 0, 0, -12, 0, -13, 0, 0, 1, -84, -54, 81, 0, -39, 0, -30, 0, 0, 28, 11, 0, -38, -9, -3, 0, 35, -22, 25, 6, 12, 20, -19, -21, 0, 0, 0, -23, 58, -2, -5, -4, -68, -8, 0, 0, -7, 7, 0, 0};
weight_ih[183] = {-40, 8, 4, -39, 42, 6, 0, 7, -53, -4, -21, 0, 0, 2, -31, -47, -27, 0, 0, 0, 0, 0, -19, 0, 0, 0, -59, 0, -27, 0, 0, 1, -17, 25, 0, 0, 31, 0, 2, -18, 0, 29, -42, 0, 17, -134, -6, 0, 30, 10, 20, 15, -27, -75, 27, 29, 0, 0, 0, 42, -20, -40, 37, 23, -10, 17, 0, 0, -45, 38, 0, 25};
weight_ih[184] = {8, -22, 12, -88, -48, 0, 0, -14, 4, 1, 32, 0, 0, 17, -64, 23, 5, 0, 0, 0, -8, 0, -9, 0, 0, 0, 16, 0, 30, 0, 0, -2, 27, -26, -60, 0, -14, 0, -26, -34, 0, 13, -1, 0, 13, 0, -23, 0, 0, 3, 23, -22, -69, 25, 14, 26, 0, 0, 0, -10, 21, 21, 0, 11, -19, -29, 0, 0, 4, 23, 0, 33};
weight_ih[185] = {17, 34, -4, 49, -31, -23, 0, -30, -66, -19, 8, 0, 0, 24, 45, 29, 2, 0, 0, 0, -22, 0, 32, 0, 0, 0, -42, 0, 22, 1, 0, 4, 42, -19, 20, 0, 26, 0, 17, -23, 0, -15, 27, 0, -12, -41, 27, 0, -6, 1, 18, 47, 24, 29, -12, -14, 0, 0, 0, 6, 11, -28, -76, -4, -14, 21, 0, 0, 3, -22, 0, -14};
weight_ih[186] = {8, 11, -9, 8, 10, -53, 0, -13, -8, 0, 27, 0, 0, 4, -22, 50, 9, 0, 0, 0, 4, 0, 34, 0, 0, 0, -14, 0, -5, 0, 0, 0, 21, -13, 0, 0, -24, 0, 25, 0, 0, 4, -5, 0, 1, 52, 15, 0, 6, -32, -24, 15, 16, -5, 4, 15, 0, 0, 0, 13, -51, 30, -13, -21, -9, -12, 0, 0, 32, 4, 0, -24};
weight_ih[187] = {12, -36, -17, 7, 5, 11, 0, -28, -4, 27, -32, 0, 0, -28, -45, -5, 5, 0, 0, 0, 17, 0, -35, 0, 0, 0, -5, 0, 35, 0, 0, 1, -28, 21, -1, 0, -16, 0, 3, 10, 0, -22, -3, 0, -20, -52, -30, 0, -32, -17, -19, -12, -22, 5, 46, 3, 0, 0, 0, -17, -1, -46, -3, 24, 7, -50, 0, 0, 5, 39, 0, 21};
weight_ih[188] = {-4, -18, -16, 11, 46, -18, 0, -19, 33, 9, 16, 0, 0, 3, 26, 14, 36, 0, 0, 0, -33, 0, 35, 0, 0, 0, 29, 0, 24, 0, 0, -1, 34, 61, -11, 0, 11, 0, -32, -3, 0, 32, 10, 0, 1, -34, -15, 0, 24, -11, 20, 20, -19, 8, -2, 20, 0, 0, 0, 19, 2, -26, 14, 7, 23, -2, 0, 0, 35, 28, 0, -1};
weight_ih[189] = {-13, -16, -10, 13, -11, 38, 0, 3, 3, 12, -3, 0, 0, 18, -10, -28, -22, 0, 0, 0, 8, 0, -20, 0, 0, 0, -10, 0, -2, 0, 0, 1, -4, -6, -35, 0, -52, 0, 12, -3, 0, 5, 1, 0, -13, -49, -24, 0, 23, 3, 6, -12, -2, -18, 18, 2, 0, 0, 0, -10, -10, -36, -1, 81, 4, 26, 0, 0, 11, 13, 0, 28};
weight_ih[190] = {-19, 14, 14, -4, -15, 14, 0, 7, 46, -6, 1, 0, 0, -8, 17, 32, -12, 0, 0, 0, 46, 0, -21, 0, 0, 0, 10, 0, -14, -1, 0, 0, 46, 7, 13, 0, 31, 0, -33, -4, 0, -6, 7, 0, 18, 14, 21, 0, -18, -13, -27, 11, 3, -33, 24, 41, 0, 0, 0, 6, -17, 11, 37, -2, 25, -11, 0, 0, 2, -32, 0, 11};
weight_ih[191] = {40, 20, 25, -16, 27, -21, 0, -41, -59, 18, 14, 0, 0, -4, 4, 1, 85, 0, 0, 0, -15, 0, 23, 0, 0, 0, -50, 0, 22, 0, 0, 0, -37, -3, 6, 0, 7, 0, 36, 6, 0, -16, -10, 0, 15, 3, 17, 0, 51, 17, -1, -30, -7, 24, 10, -26, 0, 0, 0, 2, -2, -11, -9, 10, -7, 36, 0, 0, -14, 6, 0, 35};
weight_ih[192] = {-12, 12, 16, -19, 45, -34, 0, 8, 4, -19, -2, 0, 0, -4, 2, -9, -30, 0, 0, 0, -16, 0, 1, 0, 0, 0, -12, 0, -12, 0, 0, 0, 0, -30, 2, 0, -15, 0, -1, 5, 0, 15, -19, 0, -25, 40, 13, 0, -12, 15, 11, -48, -22, -1, -36, 4, 0, 0, 0, 16, 14, 19, -25, -18, -15, -3, 0, 0, 51, 15, 0, 12};
weight_ih[193] = {41, -17, -27, -26, -15, -25, 0, 5, -33, -2, 40, 0, 0, 0, -62, -29, 15, 0, 0, 0, 20, 0, 12, 0, 0, 0, -11, 0, 39, 0, 0, -1, 37, 35, -11, 0, 11, 0, -6, 6, 0, -26, -30, 0, 33, -15, -27, 0, 7, -3, -15, -43, -14, 29, 12, 18, 0, 0, 0, -41, 11, -25, 22, 19, 19, 16, 0, 0, 9, 13, 0, 31};
weight_ih[194] = {-10, -19, 1, 18, 30, 1, 0, -25, -45, -25, -1, 0, 0, -20, 37, -8, 19, 0, 0, 0, -12, 0, -28, 0, 0, 0, -34, 0, 21, 0, 0, 0, -24, -4, -2, 0, -15, 0, -33, 3, 0, -20, 11, 0, -3, -59, -9, 0, -12, 19, -25, 19, 10, -3, 5, -23, 0, 0, 0, -71, 5, -64, -30, 20, -33, -27, 0, 0, 3, -39, 0, -47};
weight_ih[195] = {9, -37, -27, -7, 31, -38, 0, -34, 49, -7, 7, 0, 0, -46, -6, -2, 6, 0, 0, 0, -9, 0, 0, 0, 0, 0, 17, 0, -13, 0, 0, 1, -6, 14, -8, 0, -70, 0, 21, 33, 0, 14, 11, 0, -5, -36, -17, 0, 13, -15, -22, 0, 20, -5, 22, -5, 0, 0, 0, -8, 9, -41, 12, -23, 28, -20, 0, 0, 7, 43, 0, 7};
weight_ih[196] = {-17, 11, 15, 25, -34, -16, 0, 29, 39, -51, 16, 0, 0, 11, 12, 4, 40, 0, 0, 0, -17, 0, 5, 0, 0, 0, 31, 0, -32, 0, 0, -2, 3, -23, 12, 0, -37, 0, 19, 10, 0, 9, -3, 0, -16, 99, 15, 0, -15, -22, 22, 5, 2, 24, -43, 15, 0, 0, 0, -27, 2, 56, -17, -23, -22, 8, 0, 0, -39, -32, 0, 4};
weight_ih[197] = {-4, -7, 7, -14, 62, -7, 0, 4, 20, 32, -7, 0, 0, -5, -15, -12, -49, 0, 0, 0, -16, 0, -11, 0, 0, 0, -1, 0, -16, 0, 0, 1, -10, 40, -25, 0, -34, 0, 10, 6, 0, 17, -23, 0, 20, -97, 10, 0, -1, 0, 13, -15, -9, -6, 40, -13, 0, 0, 0, -7, -18, -65, 55, -17, 33, -44, 0, 0, 1, 72, 0, 17};
weight_ih[198] = {-23, -13, -5, 4, 11, 30, 0, -40, -6, -3, -19, 0, 0, 37, 20, 18, -50, 0, 0, 0, 38, 0, -40, 0, 0, 0, -6, 0, 10, 0, 0, -2, 18, -19, 36, 0, -41, 0, 3, 4, 0, -24, -58, 0, 2, 47, -11, 0, -39, 12, 5, 29, -13, -19, -23, -30, 0, 0, 0, 18, 19, 19, 10, 7, -25, 12, 0, 0, 10, -38, 0, -15};
weight_ih[199] = {0, 24, 26, 22, -53, -43, 0, 2, -20, -10, 11, 0, 0, 2, 4, -55, 9, 0, 0, 0, 22, 0, 34, 0, 0, 0, -15, 0, -19, 0, 0, 1, -20, -18, 7, 0, 43, 0, -2, 2, 0, -22, 11, 0, 20, 31, 11, 0, -28, 3, 10, 2, 31, 33, -57, 23, 0, 0, 0, -15, 12, 30, -3, 15, 5, 9, 0, 0, -7, -46, 0, -6};
weight_ih[200] = {8, -5, 1, -50, -4, -1, 0, -1, -32, 19, 0, 0, 0, 12, -34, -22, 11, 0, 0, 0, -9, 0, 12, 0, 0, 0, -13, 0, -59, -1, 0, 0, -34, -13, 25, 0, -15, 0, 0, -4, 0, -22, -34, 0, -16, -5, -14, 0, 13, -43, -22, -32, 1, -63, -11, -1, 0, 0, 0, 68, 17, 24, -7, -7, -49, 68, 0, 0, 37, 23, 0, 2};
weight_ih[201] = {-31, -1, 10, -45, -2, -40, 0, 1, -4, 2, -20, 0, 0, -5, -45, 11, 4, 0, 0, 0, 32, 0, -1, 0, 0, 0, 7, 0, -21, 0, 0, 1, 3, -10, 14, 0, -18, 0, -36, -10, 0, -1, 6, 0, -7, 6, 5, 0, 22, -23, 32, -24, -34, 24, -24, 18, 0, 0, 0, 17, -12, 10, -38, -32, 9, -5, 0, 0, -12, -38, 0, -8};
weight_ih[202] = {1, 40, -4, 16, -1, 2, 0, -38, -32, -35, -10, 0, 0, 3, -9, 42, -14, 0, 0, 0, -29, 0, -2, 0, 0, 0, -33, 0, 3, 1, 0, -2, -8, -22, 21, 0, 9, 0, -12, 5, 0, 4, -15, 0, -18, 80, 32, 0, -5, 27, 18, 11, -24, -33, -30, 25, 0, 0, 0, 20, 38, 71, -36, -40, 7, 6, 0, 0, 10, -23, 0, 5};
weight_ih[203] = {-21, -8, 24, 6, 19, 0, 0, 16, 21, 43, 2, 0, 0, 4, 17, 15, -44, 0, 0, 0, 14, 0, -63, 0, 0, 0, 18, 0, 25, 0, 0, 0, 16, -11, -18, 0, 8, 0, -5, -42, 0, 17, -64, 0, -31, 11, -7, 0, 17, -22, -14, -6, 27, 25, 32, 20, 0, 0, 0, 32, 5, 11, 24, 37, 22, 56, 0, 0, 31, -10, 0, 21};
weight_ih[204] = {22, 31, -17, 17, 0, -29, 0, 23, 24, -26, -3, 0, 0, -21, 32, -7, 20, 0, 0, 0, -10, 0, 12, 0, 0, 0, 1, 0, 19, 0, 0, 1, 1, -12, 37, 0, 12, 0, 7, 27, 0, 23, 16, 0, -2, 78, 20, 0, -19, -28, -8, 31, 13, 44, -9, -7, 0, 0, 0, -14, -1, 44, -23, 26, 2, 9, 0, 0, 25, -8, 0, -24};
weight_ih[205] = {24, -39, -7, 33, 28, -10, 0, -7, -4, -10, -26, 0, 0, 34, -21, -9, 13, 0, 0, 0, -18, 0, -15, 0, 0, 0, -19, 0, -13, 1, 0, 1, -45, -1, 18, 0, -37, 0, -17, -10, 0, -15, -13, 0, 11, -39, -9, 0, 17, -26, 7, 56, 3, -7, 33, 4, 0, 0, 0, -4, -20, -16, 15, 5, 3, -23, 0, 0, 25, 40, 0, -18};
weight_ih[206] = {-5, 0, 39, -4, -24, 12, 0, 15, -4, -48, -2, 0, 0, 18, 2, 16, 14, 0, 0, 0, 22, 0, 0, 0, 0, 0, 37, 0, -4, -2, 0, -6, 10, 13, -10, 0, 40, 0, -12, 32, 0, 1, 4, 0, -3, 62, -1, 0, -10, -14, 22, 0, 23, 4, -17, 0, 0, 0, 0, -10, -26, 15, -6, -1, -10, -22, 0, 0, 12, -31, 0, -16};
weight_ih[207] = {3, 4, 5, 5, 8, 1, 0, 2, 1, 8, 4, 0, 0, 2, 7, 4, 8, 0, 0, 0, 4, 0, 4, 0, 0, 0, 2, 0, 0, 0, 0, 0, 9, 13, 16, 0, 12, 0, 9, -1, 0, 9, 4, 0, 2, 33, 1, 0, 1, 1, 1, 5, 3, 5, 6, 4, 0, 0, 0, 7, 6, 8, 21, 7, 23, 6, 0, 0, 7, 13, 0, 1};
weight_ih[208] = {10, 8, -6, 33, -13, -11, 0, 26, -20, 8, 14, 0, 0, -12, 20, -21, 7, 0, 0, 0, -5, 0, 10, 0, 0, 0, -1, 0, 6, 0, 0, 1, -8, -51, 17, 0, -1, 0, 1, 2, 0, -27, 2, 0, 0, 81, 31, 0, 13, 11, -7, 29, -19, -18, -5, 15, 0, 0, 0, 40, -21, 35, -58, 6, -40, 8, 0, 0, 6, -6, 0, 9};
weight_ih[209] = {36, -2, -5, -15, -14, -51, 0, 28, -1, 40, 30, 0, 0, 24, -21, -4, 29, 0, 0, 0, 19, 0, 7, 0, 0, 0, 3, 0, 14, 0, 0, -1, 11, -3, 17, 0, -32, 0, 72, 62, 0, 18, -1, 0, 49, 17, -51, 0, -8, -14, 7, 4, 0, 25, -19, 43, 0, 0, 0, -19, -8, 19, 20, -56, -30, -31, 0, 0, -3, 10, 0, -10};
weight_ih[210] = {-18, -13, 2, -10, -15, -20, 0, 3, -30, -3, 8, 0, 0, -13, -13, -8, -6, 0, 0, 0, -1, 0, -5, 0, 0, 0, -7, 0, -18, -1, 0, -6, -12, -16, -12, 0, -7, 0, -10, 0, 0, -13, 0, 0, -8, 33, -21, 0, -31, -1, 7, -16, -2, -11, -22, -10, 0, 0, 0, -9, -19, 22, -31, -4, -21, 18, 0, 0, 2, 6, 0, -5};
weight_ih[211] = {31, 34, 26, 18, -34, 6, 0, 9, -25, -16, 11, 0, 0, 23, -9, -32, -11, 0, 0, 0, -13, 0, -3, 0, 0, 0, 7, 0, 20, -3, 0, -2, 23, -20, 10, 0, 16, 0, 13, -6, 0, -15, -11, 0, -15, 42, 35, 0, -29, 4, -16, -1, -13, 20, -14, -1, 0, 0, -1, -2, 23, 45, -22, 2, -2, -17, 0, 0, 2, -34, 0, -9};
weight_ih[212] = {20, 3, 6, -12, 39, 24, 0, -11, 8, 8, 16, 0, 0, -22, 3, 6, -19, 0, 0, 0, 16, 0, -15, 0, 0, 0, 1, 0, -2, 0, 0, -1, -7, 62, 11, 0, 9, 0, -1, 2, 0, 12, -16, 0, 15, -40, 1, 0, 16, 9, 6, -12, 17, -40, 30, 1, 0, 0, 0, 7, 0, -21, 27, -6, 25, 6, 0, 0, 8, 31, 0, -27};
weight_ih[213] = {-42, 26, -18, 1, 25, 4, 0, 10, 2, 26, -35, 0, 0, 1, -33, 16, -43, 0, 0, 0, 11, 0, 34, 0, 0, 0, 4, 0, -3, 0, 0, 0, 22, 29, -32, 0, -3, 0, -11, -1, 0, 7, 12, 0, 25, -39, 13, 0, -3, 6, -10, -6, -29, -58, 14, 9, 0, 0, 0, 1, 8, -26, -19, 21, -24, 12, 0, 0, -4, 10, 0, -16};
weight_ih[214] = {-51, 5, 38, -38, -42, -8, 0, 18, -57, 34, 2, 0, 0, 0, 10, 7, -2, 0, 0, 0, -19, 0, -20, 0, 0, 0, -35, 0, -60, 0, 0, 2, -9, 6, -15, 0, 66, 0, 20, -46, 0, 15, -35, 0, -38, -42, 12, 0, -25, 10, 27, -36, -6, 27, 3, -7, 0, 0, 0, 3, -8, -5, 12, -9, 73, -7, 0, 0, -3, -13, 0, -13};
weight_ih[215] = {8, 44, 25, 10, -13, -29, 0, 2, 2, -5, 39, 0, 0, 42, 0, 3, 5, 0, 0, 0, 17, 0, 29, 0, 0, 0, 0, 0, 15, 1, 0, 0, 23, -8, 28, 0, 16, 0, 30, 22, 0, 42, 16, 0, -5, 82, 33, 0, -30, 18, 14, 9, -14, 34, -12, 21, 0, 0, 0, -1, -6, 59, -22, 39, 16, -6, 0, 0, 12, 12, 0, 9};

Bias_ih (8 bit):
 {281, -829, -33, 617, 230, 81, -138, 386, 443, -390, 579, -41, 546, 200, 44, -244, -701, 655, -79, -748, 174, -211, 217, -555, 117, 501, -47, 590, -401, -332, 301, -475, -79, 362, -292, 424, 32, 210, -209, -394, 193, -72, -217, 160, -167, 180, 182, -300, 451, 150, 146, -138, 85, 463, 444, -73, -111, 77, -441, -369, -166, 185, 331, -23, -408, 422, -458, -365, 298, 53, 17, -445, 16, -18, 1011, 546, 228, 52, 37, 225, -76, -79, 47, -116, 239, -10, 233, -251, 472, 31, -185, -56, -85, -278, 350, 312, 513, -89, -8, 215, 483, 788, -289, 129, 39, 214, -264, -58, 131, -289, 338, -247, 14, -91, 194, 471, -299, 403, 247, 28, -64, 55, -225, 114, 378, -162, -63, 304, 237, 661, 159, -280, 359, 10, 168, -123, -280, 330, -72, 62, -23, 270, -214, -65, 165, -235, 219, 166, 175, 240, 200, 40, 132, 142, 81, 226, 101, 31, 158, 45, -72, -20, 255, 205, 43, 32, 172, 130, 93, 96, 373, 21, -39, 199, -13, 45, 203, 138, 247, 189, 60, 232, -118, 241, 121, 84, 44, -49, 215, 138, 23, 187, 138, 63, 53, 236, 56, -18, 135, 30, 34, 121, -2, 259, -45, 87, 168, -8, 41, 61, 138, 62, 319, 90, 101, 136};
Weight_hh (8 bit):
weight_hh[0] = {0, -2, 2, 1, 3, 6, -2, 0, 5, 1, 0, 0, 0, 0, 2, -2, -1, 1, -2, -2, -1, 1, 0, -1, 0, 1, 3, 2, 1, -1, -1, -2, -3, -1, -2, 5, -1, 0, -1, -3, 1, -2, -1, 1, -4, 1, -1, -4, 5, 0, 0, 1, 1, 3, 5, 0, -1, -1, 1, -4, 2, -1, -1, -1, -3, 3, -5, 2, 2, 0, 1, -5};
weight_hh[1] = {9, -9, -4, -4, 1, 0, -5, -8, 4, -8, -4, -6, 7, -3, -6, -6, 6, 1, 15, -14, 1, -2, -5, 4, -5, -2, -5, -7, 9, 10, -8, -1, 9, 11, 7, 3, -12, -13, 2, -2, -1, 2, -5, -15, -2, -13, 0, 2, 4, 6, -1, -14, 0, -4, 4, 11, 5, 1, 0, -4, 12, 21, 8, -2, 8, 14, -4, -1, 0, 5, -2, -4};
weight_hh[2] = {-4, -7, -17, 15, -9, -1, -7, -11, 3, -7, -3, 22, 3, 10, 6, 5, 0, 9, 5, 9, 21, 2, 11, -22, -5, 7, 18, 10, -5, -19, 10, 0, 5, 4, 6, 1, 18, 31, -11, 0, -7, -6, 8, 11, 3, -2, -3, -11, 3, 6, 9, 1, 14, 4, 3, -15, -14, -8, -18, 0, 13, 6, 11, 9, -25, -7, -3, -5, 9, 22, -4, -3};
weight_hh[3] = {25, 0, -44, -29, -9, -4, -14, -16, 4, -7, 8, 2, -13, -8, -35, -2, 15, 30, 2, 4, 1, 5, -44, 8, -8, 14, 11, 6, -3, 45, -11, 2, 2, -10, -6, 4, -8, -11, 28, -10, -7, -3, -19, -20, 3, -21, -24, -19, 7, 22, 9, -31, 5, 7, 7, -21, -4, 37, 12, -9, -3, 34, -13, -11, -2, 7, -7, 20, -12, 38, 10, -7};
weight_hh[4] = {-8, 4, -1, -2, -9, -2, -2, -5, 2, 5, 17, -10, -1, -13, 2, -6, 4, 8, 7, -14, -1, 4, 0, -12, -10, 19, 1, 8, 0, 0, 4, -4, 7, -1, -10, -2, 7, 8, 9, 0, -10, -1, 2, -3, 3, 12, 11, -3, 2, -11, -3, -12, 5, -11, 2, -14, 10, 2, 0, 1, 7, -4, 15, -7, 1, 4, -2, -16, 0, 7, 2, -2};
weight_hh[5] = {0, -1, 2, 1, 3, 5, -2, 0, 5, 1, -1, 0, 1, -1, 1, -2, 0, 1, -2, -2, -1, 1, 0, -1, 0, 1, 3, 1, 1, -1, -1, -2, -2, 0, -2, 4, -1, 0, -1, -3, 2, -2, -1, 1, -4, 2, -1, -5, 5, 1, 0, 1, 1, 3, 5, 0, -1, -1, 0, -4, 2, -1, -1, 0, -2, 2, -5, 1, 2, 0, 1, -5};
weight_hh[6] = {-11, 2, -27, -15, 3, 1, 12, 3, 2, -1, -12, 12, 34, -20, -26, -22, 0, -13, 2, -7, 35, 19, -35, -5, 24, 11, 21, -9, -10, 7, 1, -22, -5, 28, -5, 8, 2, -12, 10, -2, 18, -17, -13, -12, -1, 7, 9, 15, 2, -13, -8, -8, -16, 11, 0, -5, -14, -3, 19, -1, 15, -9, -9, -15, 15, -1, -1, 15, -3, -7, 2, 0};
weight_hh[7] = {22, -4, -4, 7, -8, 7, 1, 8, 1, -12, 2, -13, 18, 19, 24, -5, 0, 25, 2, -4, -4, -4, -18, 11, -17, 5, -20, -11, 12, 12, 10, -31, 2, 36, -8, 3, -8, 0, 22, -1, 5, -9, -2, -32, 1, 5, -3, -16, 3, -9, -8, 9, 26, 10, 2, 34, 18, 9, 25, -2, -8, 12, 3, -23, 6, 16, -2, -24, -9, 6, 0, -1};
weight_hh[8] = {-11, -1, -31, -26, -23, 0, -5, 4, 0, -24, 14, -3, 6, -14, -7, 12, 14, 15, 3, -58, 8, 9, -15, -13, -1, -6, 12, -22, -13, 33, -1, 2, 1, 2, -29, 2, -4, 10, 1, 4, 13, 2, 14, -21, -4, -34, -8, -2, 1, -2, -26, -5, 35, -16, 0, 10, -5, 65, -18, -1, 0, -24, 14, -4, 2, 0, -3, -1, 17, 8, -2, 0};
weight_hh[9] = {2, -2, 4, 9, -6, 2, -2, 4, 6, -2, 5, -2, 9, 2, 4, -3, -2, 7, -1, -5, 1, -4, -2, -1, -4, 7, 5, 2, 0, 1, -11, -6, -3, -5, 1, 4, 0, 4, 2, -5, -8, -6, -9, 4, -6, 7, 1, -9, 6, -2, 1, 3, 2, 7, 6, 0, 6, -3, 2, -6, 3, 0, 5, -12, -5, 5, -6, -3, -1, 0, 5, -6};
weight_hh[10] = {2, 10, 2, -6, -8, 19, 7, 22, 4, 21, 11, -12, 7, -6, 18, -2, -4, 6, 6, -6, -18, -5, -8, 0, -1, 9, 5, 0, -9, 4, 0, -3, -21, 22, 4, 7, -13, -2, -4, -3, -22, -7, -6, -2, 2, 5, 3, -5, 4, 7, 4, 9, -7, 6, 4, -16, -7, 1, -11, -2, -2, -13, -13, -6, 1, -13, -4, 21, -9, 2, 5, -4};
weight_hh[11] = {5, 5, 6, -14, -8, 1, -22, 7, -2, 0, -15, 0, -32, 2, -17, 1, -6, -3, 0, 0, -6, -2, -22, -2, 25, -5, -7, -2, -7, 9, -6, -14, -1, 38, -12, -5, -5, -11, 25, 2, -8, 3, -40, -19, 2, 26, -18, 7, -2, 0, 12, -28, 11, 6, -2, -12, -7, 0, -12, 2, -18, -2, 4, 5, -5, 10, 2, 6, -26, 30, 1, 2};
weight_hh[12] = {-4, -1, -2, -4, 6, 6, -1, -2, 9, -2, 1, 2, -1, 0, -8, -6, 4, 0, -1, -6, 3, 7, -5, -2, 1, 1, 8, 2, 3, 2, 2, -3, 8, 0, -7, 7, -2, 5, 0, -7, 8, 1, -2, -1, -1, -2, -2, -8, 9, 2, 4, 3, 1, 7, 9, 0, -4, 3, -2, -7, 3, 7, -5, 5, -4, 3, -9, 0, 2, 7, 1, -9};
weight_hh[13] = {3, -7, -36, -4, -3, -5, 12, 2, 2, -6, 6, -8, 12, -4, 6, -8, 13, 4, -2, -15, -13, -3, 17, 22, -3, -3, 23, -19, -4, 0, -4, -11, -5, -1, 5, -3, 15, 38, -1, 5, 2, -6, 34, -11, -4, -46, 1, 13, 1, -30, -29, 32, 3, -10, 2, -16, -16, 20, 21, 2, 12, 18, 19, -4, 2, 2, -2, 5, 13, 7, 5, -2};
weight_hh[14] = {-4, -6, -1, 2, 4, 0, 3, -4, 4, -3, 0, 1, 2, -3, -5, -2, -3, 3, 1, -1, 5, -1, 2, 0, 0, 3, -1, 1, -2, 0, -5, -2, 2, -5, 3, 4, 1, 5, 1, -2, 2, -2, -1, 1, 0, 1, 0, -4, 4, -2, 5, 1, 4, 7, 4, 1, 0, -2, 5, 0, -1, 2, 1, -4, 0, -1, -4, -1, 1, -4, 3, -4};
weight_hh[15] = {5, -4, -23, 8, 10, 3, 17, -3, 1, 1, -8, 2, -9, 64, -31, 12, 15, -16, -2, 1, -14, 4, 13, 4, 14, 0, 25, 13, 1, 12, -20, -8, 0, -17, 15, 1, -7, 43, -13, -4, -10, -2, 0, -15, -3, -13, 0, -3, 1, 4, -1, 31, 10, 2, 1, 6, -33, 5, 4, -2, -16, -5, 2, 5, 6, 14, -1, 22, -8, -10, 1, -1};
weight_hh[16] = {-5, -5, 3, -10, 20, 23, -14, -13, 1, 14, -9, -6, 8, 3, -14, -11, 12, -6, -1, -13, -4, 15, 1, -1, 2, -1, 38, -2, -3, 4, 16, 4, 6, -3, 3, 1, 6, 7, 2, -10, -5, -1, -2, 7, -7, 1, -10, -4, 1, -2, -13, 1, 13, -4, 1, 1, -5, 1, -27, -5, 7, -10, -2, 5, -12, -4, -2, 12, -2, -13, 1, -1};
weight_hh[17] = {0, -2, 2, 1, 3, 6, -2, 0, 5, 1, -1, -1, 1, -1, 1, -2, 0, 1, -2, -1, -1, 1, 0, -1, 0, 1, 3, 2, 0, -1, -1, -2, -3, 0, -2, 4, -1, 0, -1, -3, 1, -2, -1, 0, -4, 1, -1, -5, 5, 1, -1, 1, 0, 3, 5, 0, -1, -1, 1, -4, 2, -1, -1, -1, -2, 3, -5, 1, 2, -1, 1, -5};
weight_hh[18] = {-12, 11, -12, -12, 11, 18, -5, -13, 0, -14, 18, -8, 36, -11, -4, 14, 3, 6, 7, -5, -2, -18, -6, 14, 3, -27, 15, 1, -6, 9, -3, -4, 5, 21, -7, -1, -31, -8, 10, 3, 0, -3, -2, -20, 3, -7, -10, 3, -1, 17, 8, -5, 3, 1, -1, 0, -1, 20, 19, 1, 28, 17, 0, -17, -1, 22, 1, 15, 10, 5, -4, 1};
weight_hh[19] = {-17, 22, 7, -20, 4, -5, -7, -8, 2, -2, 4, -19, -29, -13, 18, -6, 5, -1, 0, -15, 15, -1, 9, -10, 21, -3, -3, 2, -6, 19, 8, -11, -4, -7, -5, 3, 28, 1, 9, -6, 1, 3, 5, 5, 0, 17, 7, -9, 2, 6, 0, -11, 7, 5, 2, -16, 3, 1, 10, -2, 7, -5, -3, 4, -13, 15, -2, 2, 6, 0, 2, -2};
weight_hh[20] = {9, -11, -3, -9, 8, 2, -4, 8, 9, 14, -13, 7, -11, -2, -11, -6, 8, -3, -5, 3, -2, 3, 5, -2, 3, 9, 0, 1, -5, 4, 5, 9, -7, -14, -3, 9, 5, 0, -16, -7, 6, -3, 8, -4, -2, -1, -16, -7, 9, 2, 21, -3, 0, 14, 9, -12, 2, 1, -13, -7, -1, 14, -12, -4, -8, 9, -9, -3, 11, 6, 13, -9};
weight_hh[21] = {11, 0, -12, -2, -13, -3, 23, 2, 2, -12, 7, -22, -26, 1, 3, -6, 9, -10, 4, 7, -2, -13, -2, 7, 6, 16, 1, 20, 21, 31, -23, 17, -6, -27, 6, -1, 7, -18, -13, 2, 17, -7, 9, 5, 13, -28, -9, 11, 3, 21, 4, 31, -18, -8, 0, 14, -4, 9, 38, 1, 8, -6, -25, 2, -28, 3, -1, 34, -4, -8, 0, -1};
weight_hh[22] = {9, -9, -5, -10, -4, -12, 8, 0, 2, 4, -2, -4, -1, 4, -3, 2, -7, 5, -3, -15, 3, -5, -32, 3, -6, 8, 13, -17, 3, 11, 10, -1, -8, -8, 4, -3, -25, -2, 0, 1, 19, -3, -18, 20, 0, -2, -10, -1, 2, 14, 13, 8, -1, 12, 2, 2, 3, 8, -17, -1, -4, 5, -5, -20, -2, 8, -2, -11, 6, 5, 1, -2};
weight_hh[23] = {0, -2, 2, 1, 3, 6, -2, 0, 5, 1, -1, 0, 1, -1, 1, -2, 0, 1, -2, -1, -1, 1, 0, -1, 0, 1, 3, 1, 0, -1, -1, -2, -3, 0, -2, 4, -1, 0, -1, -4, 2, -2, -1, 1, -4, 1, -1, -5, 5, 1, -1, 1, 0, 3, 5, 0, -1, -1, 1, -5, 1, -1, -1, -1, -2, 2, -5, 1, 2, 0, 1, -5};
weight_hh[24] = {2, -3, -1, -3, 4, 5, 1, 3, 7, 1, -2, 0, 6, -3, -1, -5, 2, -1, -3, -3, 6, -4, 7, -3, 2, 3, -1, -1, -4, 3, -4, -1, -1, -2, -1, 9, 0, 1, -2, -6, -2, -2, 0, -1, -5, -1, -2, -3, 7, 1, 0, -1, -3, 11, 7, 3, 0, 2, 0, -6, 2, -1, -1, 2, -1, 3, -7, 5, -1, 2, 4, -7};
weight_hh[25] = {-16, -7, -7, 2, 3, 10, 18, -14, 1, -7, 1, 9, -14, -6, -9, -2, 13, -19, 4, -6, 9, 19, 7, 4, 2, 7, 9, 0, 3, -4, 1, 5, 17, -4, -21, 3, -7, -8, -21, -7, 10, 1, -11, 9, 1, 6, -12, -2, 1, -8, -3, 19, 5, -8, 1, 1, -8, -2, -9, -2, -7, 3, -10, 9, -2, -9, -1, -5, -16, -8, 4, -1};
weight_hh[26] = {-5, 6, -1, -5, -1, -17, 13, -3, 5, -4, -17, -6, 11, 9, -32, -5, 19, -31, 1, -10, 1, 5, -12, 0, 7, 7, 31, -3, 11, 8, -4, -7, -1, -5, 3, 5, -17, -1, -14, 2, 19, 2, 18, -17, -2, 7, 13, 1, 5, 18, 3, -37, 30, 3, 4, -7, -9, 2, 16, 0, 13, -1, 22, -1, -14, 2, -4, 12, 3, 3, 4, -4};
weight_hh[27] = {-9, -9, -1, -4, 5, 7, 0, -6, 8, -3, -1, 3, 5, -2, 0, -5, 0, -1, -3, -8, 4, 6, -3, -2, -2, 6, 6, 3, -1, -1, -7, -5, 3, 1, -2, 8, 0, 2, 1, -8, 2, -1, 3, -3, -3, -2, 0, -7, 8, -3, -1, 1, -1, 10, 8, -3, -3, 1, 2, -7, 2, 0, -4, 7, -2, 4, -8, 9, 2, 6, 4, -8};
weight_hh[28] = {-8, -1, -2, -3, -11, -8, -16, -1, -2, -18, -8, 3, 5, -4, -11, 5, 1, 2, 3, -5, 18, -17, -2, 2, -6, -3, -3, 0, -3, -2, -5, 1, -14, 8, -4, -2, -7, -19, 7, 1, -6, 1, 13, 3, 7, -2, -7, 5, -2, 3, 4, -21, 2, -6, -2, -6, 6, 2, -6, 2, 2, 9, 0, -9, 8, 8, 2, -2, 2, -10, -3, 2};
weight_hh[29] = {11, 2, -4, 14, -7, 1, -21, -3, 2, -3, 12, 3, -29, -19, -9, -4, -12, 32, 4, -15, 12, -8, -11, -14, -17, 20, -19, -10, -8, -16, 17, 8, -7, -14, 1, 1, 4, -14, -4, 0, 0, 0, 8, 35, -1, 9, -15, -1, 2, 12, -11, 0, 4, -5, 2, -22, -5, 8, -23, 0, -18, 7, 2, 1, -1, 4, -2, -26, 6, -9, 2, -2};
weight_hh[30] = {-4, 1, -3, -20, -2, 10, -14, 22, 3, -7, 1, 1, -33, 8, 5, -6, 11, -1, -1, -10, 0, -1, 1, 0, 16, 3, -2, -13, 4, 18, -2, 0, -2, 13, -12, -5, 27, 9, 28, 1, 4, -13, 6, -12, -5, -21, -5, -4, 3, 25, 14, 8, 9, -12, 3, 2, 28, 7, -13, -1, 8, -15, 1, 19, -18, 23, -3, -22, 13, 1, 1, -3};
weight_hh[31] = {21, 0, -9, -2, 1, -3, 8, 10, 5, -9, 20, 5, 4, 10, -2, -4, 0, 1, -2, 0, -12, 7, -6, 18, -17, 0, 3, -5, 5, 12, -16, -9, -10, 6, 20, 6, -6, 2, 5, -5, -6, -11, -3, -8, -7, 0, 12, -11, 5, -7, 10, 6, 10, 23, 5, -11, -14, 12, 0, -5, 11, -13, 10, -14, -11, -4, -5, 3, 4, -26, 12, -5};
weight_hh[32] = {-7, 5, -1, 0, 0, 2, -1, 2, 9, 1, 6, 0, -3, -1, -5, -8, -1, 4, -4, -5, 5, 3, -4, -5, 2, 0, 9, 6, 2, 2, 1, -3, 7, -2, -2, 6, 1, 5, 0, -3, 5, -3, 0, 0, -5, 1, -4, -10, 9, 1, 9, 0, 4, 10, 9, -1, -2, 0, -1, -5, 0, 8, 0, -2, -9, 3, -9, 6, 2, 7, 4, -9};
weight_hh[33] = {-6, 17, -24, -4, 0, 4, -17, 1, -1, -3, 1, -5, -16, 11, -4, 6, 5, 5, 2, -10, -24, -14, 4, 9, -12, 2, -12, 4, 0, -2, 1, -29, 7, 10, 24, -3, 3, 21, 12, 1, -29, 3, 9, 9, 1, 7, -17, 2, -4, -23, -13, -20, 24, -6, -1, -15, 2, -2, 11, 5, 15, 2, 15, 8, 7, 4, 1, -4, 4, 4, 0, 2};
weight_hh[34] = {17, 0, -60, -21, -3, 22, -20, 10, 12, -4, -10, -28, 8, -18, 8, 9, 5, -26, 1, 30, -12, -17, 20, 0, -34, 13, -30, -9, 27, 33, -9, -10, 12, -11, 37, 12, -25, 53, 20, -5, -13, -8, -26, -29, -5, -32, 10, 3, 8, 26, 14, -44, 6, -6, 9, -12, 9, 31, 35, -8, -4, 33, 20, -10, 4, 16, -10, 2, -46, -18, 5, -7};
weight_hh[35] = {-2, -9, 3, -15, 5, -6, 19, 0, 2, 1, -15, -9, 9, -47, 18, -5, 2, -36, -5, -14, 18, 13, -25, 17, -5, -15, -25, -13, -3, 4, -15, 42, -4, -15, -17, 7, 7, -8, 15, -3, 27, 2, 24, -27, -5, 22, 5, -5, 2, -12, 0, 6, -33, 3, 2, 37, 1, 14, 73, -3, 13, -7, -1, 1, -15, 5, -2, 4, 12, 5, 2, -2};
weight_hh[36] = {-1, -1, -1, -2, 5, 6, 0, 0, 7, 4, -4, 3, -6, 0, -6, -3, 3, 1, -3, 1, -2, 3, -3, 4, 2, 4, 6, 2, 0, 1, -3, -5, -3, 0, -6, -1, -4, 1, 1, -5, 5, -5, 3, 0, -5, 0, -5, -6, 7, 6, -1, 5, 1, 4, 7, -4, -5, -3, 7, -5, -2, 0, -3, -4, -3, -1, -7, 2, 1, 1, 4, -7};
weight_hh[37] = {-6, -25, -9, -44, 1, -9, -21, -9, 7, 0, -24, 19, 7, 0, -19, 2, 24, 4, -19, 15, 7, 1, 17, 3, 8, -6, -33, 1, -7, -14, -27, -2, -4, -15, 2, 1, -23, 23, 7, -1, 1, 10, 1, 15, 0, -36, -5, -5, 7, 16, 32, -24, -11, 13, 7, 16, -8, 16, 4, -3, -7, -5, -36, -14, 1, 22, -7, -7, 25, 38, 7, -9};
weight_hh[38] = {0, 0, -10, -1, 2, 2, -4, 11, 5, 2, 12, 5, -13, -22, 3, -9, -4, 2, -2, -6, 11, 13, -5, 16, -3, 0, -1, -7, -20, 10, 16, 16, 2, 38, -3, 3, -24, -21, 34, 0, 3, -2, -10, -36, -6, -17, -25, -5, 5, -1, -4, 6, -15, 2, 5, 2, 21, -13, 6, -3, -9, 11, -14, -28, -4, -2, -5, -23, 20, 0, 4, -5};
weight_hh[39] = {-28, -20, -28, -25, -7, -3, -13, -6, 7, -2, -4, 9, 15, -11, -21, -6, 32, -23, 4, -2, 3, -27, -8, 0, -22, 8, -12, -3, -7, 20, -8, -17, -8, -13, -16, 3, -5, 13, 9, -4, 4, -25, 18, 1, -3, -11, -1, 3, 8, 33, 29, -4, -16, 1, 8, -7, 1, 31, 10, -3, 38, 41, 27, 2, -10, -9, -8, -8, 12, 20, 2, -7};
weight_hh[40] = {-18, -14, 1, -16, -5, -6, 11, -11, 2, -3, -7, 0, 3, 8, -5, 13, 14, 2, 4, -3, -10, -12, -3, -25, 8, -2, 1, 33, -10, 7, 1, 35, 5, -37, 10, -5, 19, 24, 7, -2, -9, 3, 6, 20, 4, 2, 7, -1, 2, -3, -22, 14, 26, -4, 2, -15, -37, 7, -8, -2, 24, -6, -9, 5, 12, 2, -2, 8, -32, -8, -4, -1};
weight_hh[41] = {23, 2, -31, 1, 5, 9, 31, -7, -1, 7, -13, -7, -1, 7, -13, 11, 6, -16, 2, -3, 11, -15, 22, -14, -7, 33, 27, -8, -8, 12, -20, -15, -10, -36, 16, 2, 7, -5, 9, 3, -3, -3, 8, -46, 6, -26, 9, -1, 2, 2, -2, -6, -7, -7, 1, -7, 49, 26, -23, 5, 25, 4, 43, -17, 0, 21, 1, -35, 15, -3, 5, 1};
weight_hh[42] = {4, -4, 3, 4, 3, 2, -1, 3, 7, 2, 4, 0, 0, -1, 2, -5, -3, 2, -5, 2, 2, 1, 2, -3, -2, 7, 1, 4, 2, 0, -1, -5, -2, -2, 0, 6, 2, 3, 3, -5, 1, -7, 0, 1, -7, 1, 0, -8, 7, -3, 2, 1, -1, 4, 7, 2, 1, -2, -2, -7, 1, -4, -2, -4, -6, 0, -7, 1, -2, -3, 5, -7};
weight_hh[43] = {-1, 3, -74, -5, -8, -13, -1, -12, -2, -3, -13, 29, 17, -4, -5, 14, 21, 12, -1, -16, -6, -8, 10, 1, -12, 6, -9, -11, -1, 56, 14, -1, 25, -15, -13, -7, -4, -5, -20, 17, 3, -12, -1, -19, 0, -12, -7, 9, 0, -8, 11, 7, 11, 0, -4, 16, 4, 59, 9, 15, -2, 43, 10, -20, 5, 10, 1, -18, 3, -5, 2, 6};
weight_hh[44] = {-6, -2, -5, -3, 3, -5, -5, 2, 1, 3, 5, 7, -27, 2, -2, -1, 0, 4, -2, 6, -10, -2, -1, -3, -4, 12, -5, 17, 6, -3, 7, -7, -5, -9, 15, 2, -8, -21, 4, -2, -18, -1, 2, 10, -1, -10, -16, -7, 1, -6, 11, -21, -6, 10, 1, -3, 5, 0, 6, 0, 0, -2, -10, -5, -7, 15, -2, -5, 3, -9, 1, -1};
weight_hh[45] = {-22, -8, -36, -13, -6, 0, 17, -19, 8, -2, -8, 8, -45, -11, -56, -3, 24, 1, -5, -18, 4, 10, -24, 26, 0, 11, 5, -17, 1, 29, -29, -11, -1, -7, 12, 6, -30, 13, -17, -5, 32, -4, 22, -46, -7, -31, 24, -9, 11, 15, 8, -12, 9, 7, 14, 0, -23, 22, -1, -11, -26, 31, 11, -2, -24, 24, -11, 6, 17, 4, 11, -13};
weight_hh[46] = {-2, -19, -9, -14, 3, -2, 26, 7, 4, -5, -9, 16, -2, 3, -13, -2, 13, -8, -7, 4, 18, 16, -12, 9, -7, 3, 18, -1, 5, 2, 9, -2, -14, 10, -1, 2, 0, 4, 7, 0, 2, 6, 3, -15, -8, -13, 8, -6, 4, 3, 16, 6, 2, -3, 4, 6, 1, 7, 10, -3, 12, 1, -1, -18, -4, -6, -4, -1, -5, 12, 8, -4};
weight_hh[47] = {4, -13, -5, 7, -1, 0, -10, -15, 3, 4, -10, 28, -27, 6, -18, -6, 7, 3, 1, -14, -3, 12, -4, 20, -20, 5, 17, 11, 5, -5, -21, 11, 3, -20, -8, 3, -4, 20, 3, 0, -12, -1, 17, -23, 0, -6, -7, -2, 3, -24, -13, -6, 19, 4, 3, 5, 1, 19, 33, 0, -29, 13, -2, -7, 9, -3, -3, -18, 22, 14, -1, -3};
weight_hh[48] = {-2, -13, 9, 6, 1, 3, -1, -8, 5, -2, 9, 1, 0, -21, 4, -6, 3, 8, -5, -5, -27, 5, -9, -12, -7, 1, 0, -8, -5, 3, -1, -13, 4, 1, 1, 3, -19, -8, 17, -5, 13, -21, -30, 10, -5, -3, 15, 1, 5, 22, 14, 2, 10, -4, 5, -7, -15, 2, -7, -6, -13, 9, 2, 1, -8, -24, -5, -23, 0, -4, 7, -5};
weight_hh[49] = {4, -6, -8, -6, -4, -1, 5, -3, 7, -6, -13, 6, -23, -5, -15, 1, 15, -7, 2, -12, 9, 25, -16, 1, 4, 4, 11, -6, -9, -5, 5, -4, -2, -3, -20, 7, -13, 6, -4, -5, 32, -3, -7, 3, -3, -3, -8, -2, 8, 5, 5, 9, 11, 12, 7, 22, -3, 12, -10, -7, 24, 1, -16, 3, 5, -15, -7, -17, 7, -3, 6, -7};
weight_hh[50] = {-11, 11, 4, -8, 5, 6, 8, 4, 2, 24, -9, 9, 2, -11, 4, 13, -2, -6, -45, 3, 7, 2, 3, 14, 1, 6, 0, 1, -20, 2, 2, -5, -3, -2, 6, 1, 3, -36, 6, -11, -5, -6, -5, -4, -35, 8, -5, -2, 2, 0, -12, 7, -12, -9, 2, 6, 5, -14, 2, -10, 5, -16, 3, -2, 6, -1, -2, 0, -6, -4, 15, -2};
weight_hh[51] = {-8, 1, -12, -12, 20, 10, 6, 10, 2, 11, -21, 8, -15, -1, 9, 24, 14, -23, -3, 0, -5, 14, 6, 25, -1, -15, 0, 3, -13, 6, 30, 4, 2, 7, -9, -1, 5, -18, -8, -1, 28, 8, 7, -26, -1, -5, 3, -16, 1, 10, 8, 26, -3, 4, 2, 5, -13, -5, -4, 2, -21, -16, -16, 1, 2, 16, -2, 1, 14, -8, 0, -2};
weight_hh[52] = {-6, 2, -2, -28, 3, 9, -6, 22, 7, -13, -1, -18, 10, -13, 26, 4, 14, -6, -2, -9, -7, 4, -6, 10, 1, 2, -3, -7, -5, 16, -2, 1, -4, 18, 1, 7, -11, -7, 8, -4, 9, -7, -3, 2, 1, 9, 14, -14, 7, 36, 9, 18, -8, -1, 8, -10, 1, 12, 1, -4, 17, -11, -7, -7, 11, 2, -7, 24, 0, 13, -3, -8};
weight_hh[53] = {10, -18, -10, -14, 9, -1, -5, 11, 10, -1, 14, -4, 5, -5, -1, -12, 6, 6, -1, -9, -3, -5, -12, -10, -4, 21, 7, 0, -2, 8, 3, -14, -6, -12, 1, 10, 3, 6, 9, -5, 6, -12, -4, -15, 0, 7, 19, -10, 10, -15, 0, -6, -2, 4, 10, -5, 5, 7, 9, -6, -5, 6, 4, 9, -7, -5, -10, -1, 8, 0, 15, -10};
weight_hh[54] = {-2, -14, 10, 3, -18, -4, 1, 5, -2, -5, -5, -9, 21, 20, 11, 7, 5, -28, 5, 3, -16, 23, -4, 18, -10, -8, 28, -4, 8, 23, 12, -35, 4, -6, 6, -5, -37, -12, 9, 6, 21, 7, 9, -56, 2, -13, 5, 8, -4, 18, 28, -21, 12, -1, -1, 24, -12, 14, -5, 4, 36, 7, 28, -5, -4, 4, 4, 5, 22, 37, -5, 3};
weight_hh[55] = {0, 3, 0, 0, -9, -3, 6, 1, -3, -6, 4, -1, -1, -3, -4, 2, -4, 1, 4, 0, 6, -2, -2, -1, -1, -2, 2, -1, 0, 0, -3, 0, 2, 6, 2, -3, 1, 1, 1, 3, 1, 3, -2, -1, 2, -1, -1, 2, -3, -1, -2, 5, -1, 2, -3, 5, -1, 0, 4, 3, -1, 3, -2, -6, 2, -1, 3, 0, -4, 0, -3, 3};
weight_hh[56] = {2, -1, -40, 7, -38, -1, -6, 2, 1, -34, 1, -5, 15, 6, -4, 4, 15, 31, 11, -20, 12, -15, -23, -11, -16, -4, -2, -3, 0, 16, -15, -7, 16, 1, 7, 2, -18, 6, -15, 1, -3, 10, -9, -6, 5, -19, -22, 38, 0, -20, -5, 3, 9, 4, 0, 9, 3, 7, -19, -4, 5, 37, 40, 13, 4, 4, -1, 20, -2, 25, -5, -1};
weight_hh[57] = {4, -1, 3, 2, -7, 1, 2, -1, 6, 4, -2, 0, 4, -3, 9, -1, -4, -3, -1, 0, 3, -13, 2, -1, 0, 8, 4, 3, -1, 0, -18, -6, -11, 0, 4, 8, 4, 1, -8, -5, -13, -6, -2, 5, -6, 1, -2, -6, 6, -3, -1, -4, -9, 4, 6, -3, 0, -1, 4, -4, -1, -10, -2, -12, -3, 1, -6, 17, -1, -12, 6, -6};
weight_hh[58] = {-4, 12, -14, -24, 16, 9, -19, 23, 1, -5, -6, 2, -5, 18, -1, 1, 3, -6, 1, -3, 2, 14, 7, 13, -3, -6, 6, -1, 5, 17, -1, -12, -14, -17, 8, 2, 8, 3, 16, 2, -5, 0, -6, 1, 3, -5, 5, -8, 2, -21, 16, 0, 0, 6, 2, -17, 8, 19, 13, 4, -18, -3, -8, -10, -8, 7, -2, -8, -2, 5, -9, -1};
weight_hh[59] = {-5, 1, 10, -8, 7, -3, 18, -5, 4, 5, -5, -12, 17, 7, -7, 18, 1, -10, -1, 1, -25, -1, -18, -12, 36, 3, 21, 36, 13, 15, 14, -4, -2, -58, 19, 5, 13, -9, -11, -3, 1, -5, 38, -12, -4, 14, 51, -7, 4, 26, -9, -9, 14, 2, 4, -47, -15, -16, 52, -3, 28, -5, 6, 8, -2, 31, -4, 5, -2, -14, 4, -4};
weight_hh[60] = {18, -8, 6, -42, 15, 23, -3, -4, 7, -33, -2, -7, -12, 2, 40, 0, 13, -20, 11, -7, -4, -19, 6, -9, 11, -6, -1, 27, -2, 4, -8, 2, -18, -12, -17, 9, -13, -12, -14, -1, -12, 1, 18, 7, 5, -25, -10, -8, 6, 37, -9, 2, -8, -2, 6, 7, 4, 14, -2, 2, -4, 5, -33, 9, -16, 5, -7, 26, -7, -10, 10, -6};
weight_hh[61] = {11, 1, -5, 16, -8, 2, -15, 7, 4, 0, 11, 4, -25, 10, -12, 6, 12, 8, 0, 16, 5, -3, -10, -8, -2, -7, -2, -7, 8, -4, -10, 9, 3, -15, 22, 6, -15, -20, -2, 3, -16, 3, 36, 5, -10, -24, -11, -5, 3, -19, 10, -27, 1, 1, 3, -22, 8, 27, 13, -1, 31, 0, -2, -1, -1, 15, -3, 18, 12, 15, 10, -4};
weight_hh[62] = {23, 5, -1, -20, 38, 19, -26, -1, 7, 4, -10, -6, -5, 6, -33, 7, 2, -6, 7, 1, -29, -4, -39, -1, 6, -6, 10, -8, -19, -7, -6, 1, 29, 0, -10, 5, 3, -5, -17, -7, 9, -2, -3, 10, 7, 3, 6, -7, 7, 16, -12, -33, 7, -12, 5, -6, -15, -6, 0, -4, -26, 34, -53, 44, 10, -10, -5, -10, -5, -23, -1, -5};
weight_hh[63] = {0, -2, 2, 0, 3, 6, -1, 0, 5, 1, 0, -1, 1, -1, 2, -2, 0, 0, -1, -2, -1, 0, 0, -1, 0, 1, 3, 1, 0, -1, -2, -2, -2, 0, -2, 4, -1, 0, -2, -3, 2, -2, -1, 1, -4, 2, 0, -5, 5, 1, -1, 1, 0, 3, 5, 0, -1, -1, 1, -4, 2, -1, -1, -1, -2, 2, -5, 1, 2, 0, 1, -5};
weight_hh[64] = {4, 9, 18, -37, 1, 1, -23, 4, 1, 5, -1, -33, 23, -17, 22, -9, 26, -1, 1, -30, -4, -17, -23, -5, -4, 5, -2, 16, 1, 44, 5, -4, 29, 6, -4, 4, -10, -11, 7, -2, 18, 14, -33, -46, 1, 15, 11, -4, 2, 25, 4, -20, -8, 8, 2, -27, -6, 6, 32, 0, 6, 8, -19, 18, -4, 7, -2, 3, -14, 34, -1, -1};
weight_hh[65] = {-1, -5, 10, -11, 11, -6, 14, 0, 7, 2, 11, 12, 5, -13, -10, -19, -16, 22, -4, -22, 16, 16, -4, 18, 10, -8, -6, 3, -1, -3, -25, -5, 1, -10, -6, 7, 0, 9, 6, -7, -22, -2, 2, -17, -2, -6, 1, -6, 7, 6, -18, 5, -24, 0, 7, 22, 3, 19, 37, -6, -18, 23, -7, 9, -11, -5, -7, -1, 21, 1, 0, -7};
weight_hh[66] = {2, -1, 3, 3, 3, 8, -1, 0, 9, 1, 3, -1, 2, -1, 1, -7, -1, 0, -5, -6, 3, 0, 1, -4, 1, 2, 8, 5, 2, 1, 1, -3, 1, -2, -6, 8, 2, 1, 2, -5, 2, -2, -3, 2, -7, 2, -1, -8, 9, -1, 2, 1, 4, 4, 9, -1, -2, -1, -3, -8, 1, 1, 1, 0, -7, 5, -9, -1, 3, 2, 5, -9};
weight_hh[67] = {22, -26, -6, -15, -18, 18, 4, 0, 7, 9, -3, 3, -1, -6, -5, -14, -5, 5, 5, -4, -11, -19, -19, -5, 3, 16, -6, -9, 5, -6, 11, 1, -3, -18, 1, 8, -3, -20, -6, -5, 6, -11, 3, -3, -5, -1, -22, -5, 7, 8, 8, -11, -7, 3, 7, -20, 4, 8, 0, -6, -5, 20, -9, -25, -11, -1, -7, -4, 10, -24, 16, -7};
weight_hh[68] = {12, -1, 3, 4, -5, -5, -8, 0, 6, 6, -4, 1, 2, 8, -10, -2, -3, 1, -6, 8, -11, -7, -6, -2, 4, 6, -7, -2, -1, 3, -2, -3, -5, -2, 5, 6, -2, -1, 4, -4, -11, -5, 4, 3, -1, 3, 1, -6, 6, 2, 4, -11, -3, 7, 6, -8, -3, -3, 4, -5, 4, 7, -1, -5, -2, 6, -6, 2, 4, 0, 7, -6};
weight_hh[69] = {1, -2, 2, 4, 4, 1, -2, 0, 8, 5, -1, 1, 1, -3, 3, -5, -2, 2, -4, 0, -1, -3, 5, -3, -1, 9, -1, 3, 0, -3, -1, -3, -5, 0, 3, 8, 4, 0, 0, -8, -5, -7, -2, 7, -4, 5, 2, -8, 8, 0, 1, 1, 1, 3, 8, 0, 0, -6, -1, -8, 1, 0, 1, -3, -5, 3, -8, -3, -1, -7, 7, -8};
weight_hh[70] = {9, -17, -8, 2, -9, 7, 37, 23, -8, -7, 6, -3, -1, 0, 2, 12, -5, 16, 7, 4, 3, -17, 7, -4, 27, 10, -3, 3, 8, 2, 11, -3, -21, -10, 18, -8, 13, 1, 15, 11, -7, -23, -7, 9, 2, -3, 11, 2, -8, 2, 7, 18, -14, 20, -7, 6, 22, -11, 13, 9, 16, -5, 2, -8, 7, 11, 8, -9, -10, -18, -9, 7};
weight_hh[71] = {-31, 2, -1, -18, 9, 25, 7, 8, 7, 25, -3, 1, 12, -17, 27, -3, -4, -3, -3, 6, 30, 5, 1, -11, 3, 22, 0, -14, -18, -7, -21, 26, -8, -8, -15, 7, -25, 19, -24, -6, -7, 0, 30, -3, -1, 2, -6, -11, 7, -16, 17, 20, -8, 13, 7, -26, -6, 19, -6, -6, 30, -1, -31, -9, 4, 3, -7, 20, -7, 41, 6, -7};
weight_hh[72] = {0, -1, 0, -1, 0, -1, -1, 0, 0, 0, 0, 0, 0, 0, -1, 0, 0, 0, 0, -2, 0, 1, 0, -1, 0, -1, 1, 0, 0, 0, 2, 0, 0, 0, -2, 0, 0, 0, 0, 0, 1, 0, 0, 0, 0, 0, 0, 0, 0, 0, 1, -1, 0, 0, 0, 0, -1, 0, 0, 0, 0, 0, 0, 1, 1, 0, 0, 0, 1, 1, 0, 0};
weight_hh[73] = {2, -2, -7, 2, -11, -10, 6, 5, -5, 3, 2, -2, 7, 9, 10, 1, 2, 8, -3, 3, -7, -8, 0, -6, 2, 3, -6, 1, 0, 7, -2, -2, 0, 0, 13, -3, 7, 2, -3, 6, -9, -4, 9, -7, -1, 1, 1, 1, -5, -1, 5, -8, 1, 5, -5, -12, 1, 0, -3, 6, -3, -3, 10, -15, -4, -4, 5, 2, -10, -4, 3, 5};
weight_hh[74] = {32, -6, -8, 41, -21, 9, 13, 18, 17, 16, 41, 4, 19, 42, 18, -25, -36, 21, 0, -6, 3, -10, -1, -34, 19, 19, 8, 13, -15, -20, -29, -3, -25, -1, 12, 14, 2, 46, -12, -8, -27, -35, -3, 6, 1, -19, 11, -14, 19, -13, 2, -27, 43, -3, 16, 5, 0, 15, 9, -13, -22, 13, 30, -25, -14, 4, -20, 9, 26, 54, 5, -11};
weight_hh[75] = {12, 6, 7, -6, -8, 5, 29, -12, 0, 7, -18, 11, -54, 27, -2, -20, -19, 3, 2, 16, -7, 29, -15, -8, 32, -3, 27, -15, 5, 18, -22, 30, 7, 45, -6, -3, -35, -23, -31, 5, 11, 19, 0, -42, -13, 38, -11, 2, -1, 22, 9, 13, 23, 11, -1, -9, -27, -2, -36, -2, 11, -7, 15, -11, -22, 24, -1, -33, -21, -17, 10, -2};
weight_hh[76] = {25, -1, -16, 9, 22, 1, 20, 3, 14, 5, -8, 2, -6, -18, -21, -11, 12, -6, -7, -23, 2, 4, 4, 15, -16, -3, 18, -4, -10, 5, -3, -10, 10, -20, 6, 15, -18, 12, -3, -15, 10, -13, -18, -21, -14, -10, -10, -13, 14, -10, 12, -3, 5, 39, 14, 9, 19, -9, -5, -17, -19, 17, 5, -11, -13, -16, -14, 22, 24, -4, 11, -14};
weight_hh[77] = {0, -1, 0, -1, 0, 0, 0, 1, 0, 0, 0, 1, 0, 0, -1, 0, 0, 0, 0, -1, -1, 2, -1, -1, 0, -1, 0, 0, 0, 0, 2, 1, 0, 0, -2, 0, -1, 0, 0, 0, 1, 1, 0, -1, 0, 0, 0, 0, 0, 0, 1, 0, 0, 0, 0, 0, -1, 1, 0, 0, 0, 0, 0, 1, 1, -1, 0, 0, 1, 1, -1, 0};
weight_hh[78] = {21, 9, -22, 0, 3, -12, -9, 8, 10, 10, 24, -9, 16, -10, 20, 12, 12, -9, -15, -45, 6, -12, 28, -17, 0, 7, -1, 1, -13, -1, 35, -3, 21, 6, -17, 10, 28, -38, 16, -14, 8, 4, -10, -19, -8, -3, -3, -9, 9, -7, 14, -43, -10, -42, 8, -35, 31, 10, -41, -10, 36, 32, 33, 47, 14, 52, -10, -12, 29, 13, 9, -8};
weight_hh[79] = {-8, 25, -11, -10, -4, -2, -7, -9, -6, 6, -8, -21, -16, -21, 3, 1, 17, 1, -1, -13, -1, 3, -6, 6, -16, 9, -2, 0, -3, 11, 17, -8, -11, 0, -3, -6, -8, -27, -2, 6, 17, 4, -7, 7, -1, -16, -13, 0, -6, 5, -12, 3, 7, -4, -6, -3, 5, 2, -16, 5, -13, -17, -12, 4, 3, -13, 6, 9, 20, -16, 5, 6};
weight_hh[80] = {23, -5, 0, 30, -3, -3, -29, 35, -4, 28, -6, 9, 14, 12, -1, -2, 12, -34, -10, -9, -7, 16, 22, 16, -14, 14, 14, -14, 8, -9, 17, -15, 23, -14, -20, -4, 7, -72, -10, 5, 27, -27, -10, -13, -23, -15, 14, 6, -8, -30, 6, 17, -6, -7, -3, -8, 1, -11, -4, -1, -5, 34, 31, -7, 22, 2, 7, -26, -5, -4, 12, 5};
weight_hh[81] = {-24, -8, 4, 6, 32, 10, 10, 5, 11, 22, -16, 18, 26, -27, -17, -3, 14, 7, -8, 3, -11, 71, -1, -12, -17, 12, 17, -9, -6, -11, 34, 3, 6, -5, -3, 3, -31, 37, -4, -11, 19, -9, 17, -7, -11, 22, -4, -9, 6, -24, -11, 48, -22, 7, 11, 11, 2, -19, -2, -6, 37, 19, -41, -4, 2, -10, -11, 12, 7, 35, 1, -7};
weight_hh[82] = {5, -5, 47, 28, -23, -2, -21, 1, 9, 13, 15, -30, -24, 19, -20, -14, -26, 29, -3, 21, -9, -10, -15, 10, -13, 22, 2, 19, 48, -19, -18, 20, 1, -52, 15, 10, 18, -2, 29, 9, 3, -53, -15, -13, -6, 10, -19, 2, 9, -3, 15, -28, -6, 3, 7, 1, 16, -9, 9, 4, 11, -9, 11, -37, -36, 22, -6, 16, 3, 12, 15, -11};
weight_hh[83] = {-3, -10, -14, -3, 5, 0, -36, -18, 16, -8, 18, 22, -13, -12, -34, -5, 8, 27, -4, -20, 33, -3, 5, 36, -16, -13, 13, 0, -7, 15, -11, -6, -5, 17, -8, 15, -8, -21, -6, -18, 27, 8, 19, 19, -9, -22, -12, -16, 16, 33, 16, -13, 13, 9, 16, 22, 17, -2, 25, -16, -13, 7, 32, -7, -12, 12, -16, 14, -17, -14, 10, -16};
weight_hh[84] = {2, 4, -2, 3, -3, -6, 1, 3, -11, 6, -1, 3, -2, 1, 5, 8, -3, 2, -6, 7, -2, -3, 2, 5, -2, -1, -8, -3, -5, 0, 0, 4, -7, 1, 7, -10, 1, -9, 1, 6, -7, 0, 1, 0, -4, 0, 1, 9, -11, 0, -3, -1, -2, -8, -10, 0, 6, 0, 0, 6, -2, -8, 5, -4, 6, -2, 11, -3, -3, -7, 2, 11};
weight_hh[85] = {-24, -3, 12, -16, 9, 27, -57, -4, 11, 12, 1, 17, -4, -43, -27, -1, 2, 43, -12, -22, -23, 67, -53, 47, -42, -12, 24, 46, -21, 7, 5, -36, 10, 9, -13, 3, -48, -84, 46, -15, 0, -14, -43, 8, -21, -24, 19, -10, 12, -34, 14, 12, -8, -6, 12, 27, 53, 10, 25, -10, 11, 3, -20, 0, 4, -24, -5, 10, 49, 16, 14, -7};
weight_hh[86] = {-5, -6, -17, -8, 8, 33, -1, 9, 28, 19, 8, 11, -8, -1, 0, 2, 7, -20, -15, -36, -1, 2, 1, -13, -4, 23, -2, 27, 38, 7, 0, -14, -19, -13, -38, 29, 13, 18, 3, -21, 21, -23, 7, -40, -12, -15, -14, -30, 28, 0, -2, -9, 5, 16, 27, 21, -21, 17, -6, -26, 12, -12, -26, 8, -12, -4, -36, 0, 13, -2, 21, -35};
weight_hh[87] = {26, -1, -1, 0, -8, -6, 28, -15, 9, 12, -4, 4, -17, -41, -6, -15, -22, -9, -8, 12, 15, 30, 33, 19, -17, 3, -2, -22, -3, -39, -8, 11, -14, -22, 1, 6, 24, -2, -18, -10, 25, -11, 9, -8, -16, -38, -29, 1, 14, -26, -18, -14, 27, -2, 11, 64, 29, 24, -18, -11, 4, -4, 8, 11, -9, -9, -9, -7, 18, 2, 20, -17};
weight_hh[88] = {4, 8, 9, 6, -9, 2, 4, -12, 14, 11, -18, 15, -18, 33, -25, -10, 19, 9, -11, -5, 12, 9, -1, 14, -19, 1, 25, -13, 10, 20, -17, 23, 0, 1, -23, 12, 1, -14, -30, -14, 50, -8, 10, -35, -9, 16, 5, -9, 15, 52, 2, 77, 14, 16, 14, -6, -19, -9, 13, -13, -2, -3, -18, 3, 2, 33, -16, 13, 26, -2, 16, -14};
weight_hh[89] = {1, -1, 1, -1, 0, -1, -1, 1, 0, 0, 0, 0, 0, 0, 0, 0, 0, 0, 0, -2, -1, 1, 0, -1, 0, -1, 0, 0, 0, 0, 2, 0, -1, 0, -2, 0, 0, 0, 0, 0, 0, 0, 0, 0, -1, 0, 0, 0, 0, 0, 1, -1, 0, 1, 0, 0, 0, 0, 0, 0, 1, 0, 1, 1, 1, 0, 0, 0, 1, 1, 0, 0};
weight_hh[90] = {-22, -10, -4, -1, 1, -9, -2, 4, -4, -4, 6, 7, 6, 0, 10, 0, -8, -3, -3, -14, -10, 17, -10, -3, -3, 3, -9, -3, 2, 8, 4, 11, 12, -6, -13, -7, -6, -15, -9, 5, 7, 22, 3, -8, -2, -10, -11, 4, -4, -2, -5, 8, 9, 0, -4, -14, -6, -7, -6, 3, -9, 1, -2, 14, 3, -2, 4, -12, -13, 6, -5, 4};
weight_hh[91] = {-14, 1, -9, 9, 23, 19, -2, -12, 20, 6, -8, 1, -8, -39, -17, -4, 8, 0, -3, -12, 20, 22, 0, 22, -5, 6, 5, -6, 1, -16, 4, -12, 3, -4, -15, 12, -19, -31, 24, -15, 1, -10, 19, -11, -9, -16, 33, -13, 16, -16, 6, -7, -40, 13, 22, 6, -6, 35, -5, -15, 17, 20, -17, -7, -19, 0, -20, -3, 21, 12, 17, -11};
weight_hh[92] = {-10, -20, -4, -19, 4, 19, -39, 17, 7, 2, -4, 21, -17, 45, -30, -12, -6, 4, -12, -17, -16, -14, -28, 10, 13, 4, -42, -28, -6, 25, 3, 12, -4, -5, -6, 6, -7, -19, 24, -9, -29, -3, 38, -3, -13, -26, -25, -9, 7, -1, 4, -38, -14, 16, 6, -3, 16, 13, -5, -10, 0, 2, -22, -20, -4, 22, -7, 9, -15, -23, 7, -6};
weight_hh[93] = {0, 8, 1, -16, 3, 5, -17, 22, -6, -13, 12, 7, -6, 13, 5, -1, -9, 4, -13, 7, 22, 22, 6, 25, 5, -14, -11, -10, -29, -7, 11, -17, 26, 26, -16, -4, 23, -10, 2, 2, 4, 31, -47, -10, -23, -7, 4, 1, -6, -17, -9, 17, -8, 1, -6, 31, -7, -6, -53, 0, -20, 0, 12, 10, 20, 13, 6, -5, 14, -6, 12, 6};
weight_hh[94] = {11, 2, -10, -22, 6, 16, 4, 10, 2, 17, -20, 8, -30, 45, -27, -19, 31, 20, -6, -45, -13, 35, 2, 5, 13, 4, -9, 14, 5, -29, 27, 9, -14, -25, -9, 5, -3, -47, -13, -12, 0, -11, -5, 7, -6, -5, -27, -4, 5, 38, -21, 133, -11, -6, 9, 42, 35, -8, -12, -1, 1, 11, -30, -3, -5, 4, -8, -1, 15, -4, 8, -6};
weight_hh[95] = {0, -1, 0, -1, 0, -1, -1, 1, 0, 0, 0, 0, 0, 0, -1, 0, 0, 1, 0, -2, 0, 1, 0, -1, 0, -1, 0, -1, 0, 0, 2, 1, 0, 0, -2, 0, -1, 0, 0, 0, 1, 0, 0, -1, 0, 0, 0, 0, 0, 0, 0, 0, 0, 0, 0, 0, -1, 1, 0, 0, 0, 0, 0, 1, 1, -1, 0, 0, 1, 1, 0, 0};
weight_hh[96] = {7, 6, 9, 3, 2, 5, 2, 1, 6, 11, -7, -20, -2, 1, 15, 12, 0, -18, -5, -12, 1, -17, -1, 8, 1, 6, -11, -2, 3, -3, -3, -4, -11, -16, 3, 7, -14, -10, 16, -6, 18, -9, 3, -8, -5, -2, 19, 0, 6, 19, -4, -2, -14, -15, 6, 14, 2, -6, 30, -6, 12, -12, -2, -9, 8, 29, -6, 11, 13, -9, -2, -6};
weight_hh[97] = {-6, -20, 7, -33, -4, 15, -31, -7, 11, 13, -16, -1, -13, 4, -1, -10, 14, 8, -9, -6, -8, 23, -8, 15, -17, 2, -6, -16, 5, 19, -14, -9, -7, -27, -13, 14, -25, 7, 1, -20, 10, -9, -18, 22, -26, -23, -37, -16, 16, 5, 7, 7, -21, 25, 7, 17, 35, 4, 45, -20, 2, -23, -29, -9, 4, 4, -17, 16, 12, -15, 10, -8};
weight_hh[98] = {-16, -25, 25, 12, -7, 8, 2, 8, 17, 17, 0, 27, -27, -16, -27, -22, -12, 64, -20, -38, 5, 28, -61, 39, 1, 25, -32, 22, 22, 2, -8, -63, -15, 38, -7, 15, -17, -26, -40, -16, 16, -15, 8, -39, -14, 8, 21, -20, 25, 53, 4, -61, 27, 16, 20, 46, -16, -5, 26, -26, -9, -2, 34, 3, -19, 6, -23, -11, 1, -10, 15, -22};
weight_hh[99] = {1, 2, 0, -1, -5, -3, 5, 1, -9, 3, 2, -1, -1, -1, 10, 0, -2, 2, -1, 4, 3, -4, 0, -3, 1, -2, 0, 3, 1, 0, -2, 2, -7, 0, 4, -8, 4, -4, 2, 8, -5, 0, -2, 4, -5, 0, 1, 7, -9, -3, -1, -1, 1, -4, -9, -4, 1, 0, 5, 7, 0, -9, 5, -5, -1, -6, 9, 1, 2, -4, 0, 9};
weight_hh[100] = {6, -26, 9, -15, 14, 6, 27, 24, 19, 25, -19, 4, 11, 9, 27, -13, 27, 54, -21, -5, 3, 38, -58, -26, 45, 13, -1, -17, 30, 25, -2, -34, -12, 12, -16, 16, -29, 0, -14, -6, 34, -19, -35, -17, -31, 33, 11, -23, 18, 32, 25, 41, -17, 19, 26, 28, -30, -2, 26, -12, 15, 4, -20, -8, -2, 5, -22, 2, -13, 32, 24, -22};
weight_hh[101] = {6, 2, -16, -3, 2, 25, 29, 5, 12, 6, -1, 13, 13, -14, -37, -12, 26, 24, -10, 1, 13, 10, -10, 8, -4, -23, 29, -13, 5, 1, 7, -22, 10, -9, -7, 11, -41, -15, 9, -12, 62, 2, 47, -6, -9, -22, 22, -10, 12, 37, 9, 0, -12, 10, 12, -10, 27, -10, 33, -12, -27, 8, -7, 5, -17, -13, -12, 7, -26, 29, 11, -12};
weight_hh[102] = {35, -1, -24, -17, -10, 20, 4, -14, 1, -25, 32, -43, -3, -12, 3, -9, 3, -2, 11, -9, 1, -9, -17, -17, -7, -2, 14, 34, 1, 16, -11, -21, 28, 6, -13, 5, -17, -19, 45, -6, -25, -3, 1, -7, 9, 2, -12, -7, 1, 10, 3, 14, -29, 9, 1, -6, -26, -5, 31, -2, -5, 36, 10, -12, 3, -32, -1, 23, 11, 16, -9, -1};
weight_hh[103] = {2, 4, 2, 13, -1, -7, -13, 28, 5, -27, 12, 2, 2, 14, 7, -11, -6, -8, 15, -16, -3, 5, 20, 5, 28, -12, 41, -3, 6, 6, -14, -1, 22, -15, 15, 4, 5, 35, -20, 15, 18, 10, 23, -7, 7, -13, 9, -3, 6, -7, -3, -11, 24, 12, 6, 0, -3, 24, 8, 0, 24, 9, 27, 11, -27, 1, -5, -18, 7, 41, 2, -6};
weight_hh[104] = {1, 5, -6, 0, 2, -5, -3, 3, -8, 8, -1, 5, -3, 1, 0, 6, -1, 4, -8, 6, -3, 3, 1, 6, 1, -2, -5, -4, -9, 2, 5, 4, -4, 0, 4, -10, -1, -10, -2, 2, -6, -1, -1, -4, -4, -3, -3, 9, -8, 0, -2, -2, 2, -7, -8, -1, 3, 1, -2, 4, -2, -3, 7, 4, 5, -1, 8, -7, -2, -2, 3, 8};
weight_hh[105] = {6, -12, -18, -9, 10, 1, -30, -26, 19, -1, -18, -10, 44, 8, -6, -19, 2, 7, -7, -18, 3, -6, 4, 5, 25, -5, 5, -45, -4, 27, -13, -8, -2, -17, -1, 18, -20, -19, 18, -13, -29, -9, -14, 17, -9, -22, -32, -24, 21, 29, 7, -6, 32, 24, 13, 8, 0, 5, 15, -18, 4, 17, 22, 10, -12, 23, -16, 5, 36, -24, 12, -21};
weight_hh[106] = {0, -17, -16, -7, -8, -22, 12, 15, -6, 26, -12, 8, 11, -7, 3, 2, 10, -13, 4, -31, 18, 18, 0, -21, 23, -11, 27, -15, -12, 35, 17, 5, -27, 1, -4, -4, -20, -42, -30, 2, 28, -3, -3, 12, -1, -16, 1, 25, -3, 9, -11, -6, 24, 10, -5, -27, -7, 42, 6, 4, -1, -10, 21, -6, -14, 10, 6, -7, -9, -23, 8, 4};
weight_hh[107] = {-22, 14, -9, -29, 6, 9, 13, 2, 10, -3, -15, 23, 33, -21, 34, -27, -2, -18, -8, -18, 15, 13, -10, -3, -20, 25, 13, -12, 5, -16, 27, -21, 6, 17, 6, 7, -39, 20, -31, -8, 14, -3, 13, 8, -8, 32, 26, -19, 7, -12, 0, -8, 17, -1, 10, -9, -36, 9, -49, -8, 14, 9, -6, 0, -10, -10, -6, 8, 31, -2, 6, -10};
weight_hh[108] = {22, -5, -1, 4, -2, -7, 7, 10, 1, 9, -10, 3, 1, -2, 11, -1, 1, 4, -4, 7, -7, 4, 2, 6, -7, 16, -8, -11, 4, -8, 1, 6, -6, 1, 19, 9, 7, -11, 3, -1, -3, 5, -5, 0, -3, -2, 11, -2, 1, -4, 2, -1, -10, -3, 1, -5, 0, 13, 1, -2, -2, -7, -6, -8, 4, 5, -1, -8, 5, -4, 2, -1};
weight_hh[109] = {1, -16, 12, -11, 1, -10, -22, -17, -2, 10, -18, -20, 4, -17, 15, 14, -9, -10, 0, 1, 2, -4, 0, -18, -9, -2, 6, -21, 17, -20, -5, 8, 12, -7, -28, -2, -11, -6, -2, 2, -5, 4, -14, -3, -14, -3, 17, 4, -2, -26, -18, 27, -12, -7, -2, 0, 6, -8, -27, -1, -10, -4, 3, 12, 7, -8, 2, -4, 9, -28, 6, 2};
weight_hh[110] = {-9, 0, 7, -8, 4, 7, 1, 2, 7, 16, -31, 6, 26, -2, -6, -18, 54, 16, -19, 20, -37, 31, -8, 1, -21, -1, 10, 11, -3, -31, 15, -37, -2, 49, 15, 9, -25, 14, -7, -16, 13, -9, -18, -48, -14, -4, -25, -4, 7, 53, 23, 6, -12, -3, 5, 37, 1, -26, 22, -13, 27, -18, -50, 5, 7, -12, -4, 20, 26, 6, 11, -5};
weight_hh[111] = {77, 5, 16, 9, -51, -2, -4, -14, -6, -33, 3, -49, -26, 8, 24, 7, 15, -12, -5, -34, 17, -13, 31, 8, 46, 7, -20, 51, -8, 57, 6, -34, 12, -23, -12, -5, 25, -26, 21, 0, -23, -3, -4, -28, -3, -25, 0, -10, -6, 33, -17, 6, -13, -10, -6, 7, -12, -20, 3, 1, 4, 6, 69, -5, 1, -23, 5, 6, 27, 42, -1, 6};
weight_hh[112] = {-7, 4, 37, 25, 6, 12, -11, -15, 10, 7, 2, 6, 14, 17, -31, -1, -26, 4, 0, 12, 7, 21, 37, 5, -2, -5, 45, -41, 1, -25, 11, 31, 4, -28, 30, 17, -14, -1, 5, -12, 23, -1, 27, 22, -2, -7, -1, -6, 3, 18, 24, 35, 33, 4, 8, 2, 5, 6, -19, -3, 3, 7, 21, 6, 6, 39, -5, 0, 12, -5, 11, -12};
weight_hh[113] = {0, -13, -6, -4, 14, -21, -33, -6, 0, 19, -14, 15, 9, -25, 12, -1, 21, -1, -12, 1, 5, 29, -9, -17, 5, 10, 0, -5, -24, -8, 51, -3, 41, -4, -8, 3, -2, -20, 31, -1, 47, -26, -37, -7, -10, 26, 13, -4, 2, -16, 9, 6, 11, 1, -1, -5, -19, 3, -11, -3, 8, 10, -1, 22, 11, -15, -1, -23, 28, 14, 15, 0};
weight_hh[114] = {22, -16, -15, -26, 11, 8, -30, 12, 22, 19, -13, -9, 20, -10, -17, -9, 6, 37, -8, -15, -21, -6, 13, -15, -11, 10, 0, -25, 25, -25, 12, 3, -12, -36, 3, 26, -32, -34, -1, -13, 2, -20, 12, -23, -14, 4, -5, -22, 23, 19, 5, 34, -13, 15, 29, -10, 0, 33, 10, -26, 24, -2, -1, -7, -28, 0, -27, 13, 15, 20, 28, -22};
weight_hh[115] = {12, 4, 10, 37, -18, 3, 11, 34, 5, 35, 6, 20, -27, -9, 0, -12, -46, 5, -31, 11, -5, -19, 16, -8, 1, 15, 9, 16, 6, 4, -29, -11, -51, 4, 9, 2, -4, -14, 3, -5, -12, -26, -3, 11, -32, -26, -9, -7, 12, -11, 0, -28, 1, -1, 3, 12, 23, -44, 0, -11, -14, -33, -18, -42, 0, 4, -8, 4, 3, -27, 38, -4};
weight_hh[116] = {-4, -23, -7, 9, 7, 21, 25, 12, 14, 20, 7, 21, -16, -37, -14, 2, -1, -46, -26, -14, -9, 18, -23, 16, -7, 4, 29, -36, 7, 13, 14, -5, -14, -30, 7, 10, -15, -37, 6, -12, 26, -23, 18, 1, -23, -36, 17, -23, 19, -18, 7, -83, 29, 7, 19, -7, 1, 2, -4, -15, -5, 4, 2, -19, -6, 16, -13, -6, -7, 2, 14, -16};
weight_hh[117] = {2, 12, 18, -8, -3, 7, -40, 22, 3, -6, 2, 17, 9, 12, 26, 1, -25, 10, -12, 12, -13, -6, 10, -8, 15, 1, -3, -14, -2, -2, -24, 60, 7, 6, 19, 4, -17, 1, 3, 1, -31, 3, 9, 21, -13, -20, 19, -8, 2, 17, -9, 11, 22, -14, 2, -32, -3, 33, -17, -6, -1, -17, 9, 8, -8, 31, -5, 4, -6, -3, 0, -2};
weight_hh[118] = {20, -4, -11, 0, -8, -14, -7, 29, 2, -6, -4, -6, -8, -3, 30, -8, 5, 14, -1, -10, -13, -15, 36, -42, 13, 9, -29, -1, 6, 5, 15, 4, 7, -14, 4, 0, 3, -9, -8, 0, -1, 8, 6, 9, -1, 14, -7, 5, 2, 6, 5, -3, 28, 5, 1, -19, -1, -17, -19, -2, 9, 7, 18, -5, 0, 10, -1, 11, -32, 24, 5, -1};
weight_hh[119] = {-46, -7, -1, 38, 3, -2, -18, 8, 10, 9, -5, -8, 47, 17, -15, -12, -1, 6, -11, -27, -34, -25, -18, 17, -49, 13, -17, 36, -24, -9, 20, -7, 5, -31, 7, 10, -8, -13, -20, -10, 16, 4, 14, 18, -11, 30, 19, -10, 10, 3, -6, 15, 9, 11, 5, -39, -24, 1, 17, -13, 71, 13, 31, 0, -9, 2, -7, -17, 4, -34, 13, -11};
weight_hh[120] = {-15, -7, -18, -3, 4, 6, 20, 10, 13, 24, 5, -2, 12, -8, -11, 4, 20, 7, -14, -15, 6, 14, 7, 24, 21, 23, -6, 18, -15, -7, 7, -34, -13, 12, 22, 11, -3, -14, -36, -14, 20, -20, 10, -1, -17, 15, 34, -5, 7, 4, 18, -4, 27, 3, 8, -10, -15, -17, -38, -11, 12, 1, 9, -19, 19, 22, -12, 9, -15, -24, 14, -3};
weight_hh[121] = {-3, -16, 33, 4, 8, 16, -6, -25, 11, 22, -22, 36, 26, -37, -7, -23, 32, -39, -14, 1, 3, 10, -2, -14, 24, 5, 35, -8, 0, 6, 0, 44, -3, -14, -16, 13, -6, 17, -19, -20, 32, -13, 1, 41, -15, 14, -31, -21, 14, 42, 24, -30, 33, 37, 14, 4, 30, -12, -12, -19, 20, 12, -16, -17, 2, 6, -14, 16, 9, 6, 13, -16};
weight_hh[122] = {-10, -15, 6, -1, -6, 4, -14, -16, -1, 14, -5, 24, 12, -13, -4, -7, -2, -5, -8, -22, 8, -7, 11, -5, -17, 8, 14, 7, -22, -3, -12, -3, -4, -22, 10, -2, 19, -23, -6, 0, -26, -12, 9, -5, -14, 15, 3, 20, -2, -8, -7, -14, 14, 0, -1, -1, -5, 4, -2, -1, 34, -4, 14, 18, -3, 11, 1, 11, -21, -3, 19, 1};
weight_hh[123] = {19, 29, 13, -32, -1, -5, -10, -3, -3, -19, 30, -32, -25, -7, 14, -11, -16, 23, 6, -6, -4, 15, -1, -7, 13, -6, -10, 10, 1, 23, -8, -10, 24, 39, -3, 0, -11, -4, 21, 1, -17, 19, -12, -12, 8, 11, -11, 13, -2, 29, -25, -5, -10, 18, -3, 17, 9, 11, 9, 2, -3, 0, 0, 9, 0, -11, 4, 16, -15, -1, 3, 4};
weight_hh[124] = {-27, -1, -22, -5, 1, 9, -3, -10, -4, -11, 17, 10, 11, -15, -14, -6, -16, 6, 18, 18, 5, 5, -6, -7, -19, -6, 3, -16, -19, -8, -28, 33, 24, -36, -20, -3, 5, 13, -2, 5, -4, 28, 54, 17, -2, 3, 2, 5, -5, 2, -19, 30, 21, 2, -5, -2, -20, 28, 14, 5, 0, 14, 8, -15, 2, 5, 4, -15, 4, 14, 3, 5};
weight_hh[125] = {9, -3, -14, -15, -9, -28, 5, 7, -7, 65, -35, 2, 14, -4, 5, 0, 39, -8, -17, -2, -21, -11, -5, -3, 3, 25, -7, -8, -1, 20, 9, 0, 1, 4, 14, -9, 9, -32, 4, 6, 1, -22, -24, 4, -15, -12, -13, 17, -7, -8, -1, -27, -12, -1, -7, -24, -3, 12, -6, 4, -1, -40, 10, -37, 15, -29, 7, 8, 9, -20, 26, 7};
weight_hh[126] = {3, 10, -7, -9, 5, 8, -17, -5, 0, -2, -5, 4, -36, -25, -6, -6, -12, 0, 2, -3, -6, -21, 1, -25, -12, 19, 51, 3, -22, -15, 32, 12, 13, -7, -9, -2, -4, 22, 11, -6, -8, 1, -28, 11, -5, 26, -36, -1, -5, 20, -10, -2, 14, 5, -5, -26, -12, -24, 1, 0, -36, 1, -11, -8, -6, 14, 2, -12, 39, 1, 0, 5};
weight_hh[127] = {-5, -26, 3, -22, 20, 14, 26, 20, 14, 10, 16, 50, 1, 30, 13, -3, 38, -4, -18, -13, 5, 16, -16, 1, -7, 0, -20, 9, -6, -9, 49, 19, -21, 28, -15, 13, 15, 11, 9, -16, 17, -15, -6, 14, -19, 0, 1, -13, 17, 10, -16, 30, -3, -3, 14, -5, 1, 9, -18, -21, -25, -2, -48, 2, -1, 8, -15, -3, 7, 1, 12, -18};
weight_hh[128] = {3, 33, 3, -13, -5, 0, 16, -4, -5, 5, 5, -6, -8, 1, 5, 15, -8, 4, -4, 5, 17, 10, -17, 3, 6, -14, 5, -5, 1, 9, 22, 7, -2, 17, 12, -2, -1, -10, -4, 3, 16, -11, -6, -12, -4, 16, -3, -4, -5, -3, -2, -18, -6, -18, -5, 2, 1, 2, 2, 3, 18, -4, -12, -4, 13, 1, 5, -13, -6, 10, 6, 5};
weight_hh[129] = {-42, -1, -6, -24, 0, 2, -35, 3, 13, 13, -25, 11, 30, -41, 8, -1, 15, 0, -7, -14, 19, 10, -11, -44, 15, 20, -9, 24, -18, -1, -13, 29, -23, 61, -23, 8, 20, -7, 15, -5, 7, 4, 6, -23, -15, 27, -6, -14, 5, -15, 22, 6, -6, 15, 11, -29, -33, -25, -17, -8, 4, -7, -1, -7, -9, -2, -9, 8, 12, -25, 11, -8};
weight_hh[130] = {-1, -4, 9, -14, 0, -6, 33, -15, -5, -13, 0, 4, -22, -45, -2, -17, -1, -48, -8, 34, 40, -1, -19, 22, 8, 3, 38, 6, 10, 0, 2, 18, 0, -23, -25, 1, -6, 21, -29, -1, 16, 18, -5, 8, -7, -3, -6, 8, -5, -13, -6, -1, -4, -7, -3, -13, -29, 16, -7, 1, -34, -16, 11, 34, -31, -49, 4, 16, -2, 26, 1, 4};
weight_hh[131] = {-3, -1, 1, 24, 6, -2, 0, 0, 3, 16, 17, 13, 16, 38, -15, 10, 0, 1, -16, 5, 6, 3, 5, 5, -29, -22, 38, 2, 23, -10, 11, -40, -8, -11, -19, 2, -23, -6, 6, -13, 52, 0, -56, 4, -15, 8, 40, -15, 12, 89, 24, 31, -6, 1, 8, -51, -10, 23, -4, -7, -29, 8, 10, 16, 9, 7, -12, 8, 27, -12, 16, -7};
weight_hh[132] = {14, 1, 19, 32, 0, -6, -1, 18, -10, 21, -7, -12, 14, -7, 10, -3, -27, -1, 0, 32, -8, -14, 16, -8, -22, 20, 4, 8, 9, -19, -8, -14, -21, 24, 11, -7, -1, -43, 25, 1, 7, -16, 3, 33, -1, 10, 24, 22, -5, -3, 2, -24, -6, -18, -5, 23, -16, -39, 34, 7, 38, -15, 0, -8, 16, 20, 8, 3, -1, -30, 4, 5};
weight_hh[133] = {-6, -14, 5, 6, 15, 1, 9, 33, -5, 20, -36, 8, 24, 17, 35, -28, 16, -36, -14, 6, 14, -4, 11, -6, -19, 4, -5, 0, 4, -4, 28, -37, 5, 9, -10, -6, 4, 6, 14, 8, 25, -2, -8, 14, -15, 30, 10, 8, -6, -21, 11, 11, -4, -17, -2, 1, 10, -22, -44, 5, -14, -11, -11, 6, 22, -9, 5, -28, 6, -16, 10, 7};
weight_hh[134] = {9, -17, -5, -13, -7, -5, 7, -3, -4, 27, 19, -8, 2, -18, 4, -6, -12, 7, -8, 15, 4, -19, -6, 1, 3, 18, 0, -18, -12, 25, -24, 20, 14, -8, 13, -3, 13, -3, 0, -1, -4, -1, -3, 2, -7, 10, 0, 34, -4, 7, 0, 9, 6, 0, -4, -6, 0, 5, -11, 1, -13, 5, -11, 0, 15, -8, 4, -7, -12, 0, 11, 4};
weight_hh[135] = {0, -1, 0, -1, -1, -1, 0, 0, 0, 0, 0, 0, 0, 0, -1, 0, 0, 0, 0, -2, 0, 1, -1, -1, 0, -1, 1, -1, 0, 1, 2, 1, 0, 0, -2, 0, 0, 1, 0, 1, 1, 1, 0, -1, 0, 0, 1, 0, 0, 0, 1, -1, 0, 0, 0, 0, -1, 1, 0, 1, 0, 1, 1, 1, 1, 0, 0, 0, 1, 1, -1, 0};
weight_hh[136] = {43, -28, -8, 5, -3, -3, 0, 12, 7, -16, 21, 13, -5, 20, -33, -9, -7, 15, 9, 13, -6, 9, 0, 25, 5, 10, -19, -36, -23, -16, -32, 19, 9, -4, 6, 11, 9, -9, -19, -8, -40, 31, 43, 14, 6, -6, -2, 10, 7, -9, 7, 6, 8, 13, 7, 17, 17, 44, -13, -6, 5, 36, 22, -7, 10, 40, -7, -6, -23, 6, 7, -7};
weight_hh[137] = {-20, -6, -13, -23, 7, -8, -17, -28, 6, 4, -20, -6, -1, 1, -39, -16, 7, 1, -9, -38, 15, 9, -16, 12, -16, -25, -3, -12, -6, 13, 25, 3, 12, -10, -3, 7, 9, -29, 5, -7, 24, 17, 5, 19, -9, -2, -18, -6, 7, -3, -7, -5, -11, 11, 6, 3, 6, 18, -48, -8, 30, -29, 0, 1, 0, 8, -7, -3, 28, -11, 14, -7};
weight_hh[138] = {11, 1, -4, 43, 8, -20, 10, 6, 0, -2, -10, 26, 17, 16, -17, -1, -3, -4, -11, -21, -20, 33, 19, -3, -7, 15, 7, -6, -25, 2, 23, -9, -15, -10, -12, 0, 7, 30, -18, -5, 7, -20, -12, -1, 20, 1, 21, 4, 0, -3, 28, 8, 22, 18, 2, -7, 12, -18, -2, -5, 7, 22, 22, 1, -1, -10, 1, -6, 4, -20, 6, -2};
weight_hh[139] = {-14, -10, 34, 25, -3, -26, -21, 24, -1, 20, -21, 64, -8, 13, -6, 6, 3, 1, -44, 4, -16, 15, -4, 0, 11, 11, 17, 8, -34, -6, 8, 2, -33, 12, -7, -4, 6, -11, -8, -8, 5, -20, 0, 0, -19, -10, 1, -6, 3, -2, -3, -24, 13, -25, -3, 22, -3, -31, 5, -10, 27, 36, 2, 0, 12, 12, -1, -7, 23, 70, 15, 1};
weight_hh[140] = {-11, -2, -4, -50, 30, 23, 3, -2, 32, 16, -6, 32, -10, -28, -9, -10, 39, -7, -23, -47, 4, 16, 16, 6, -7, 21, 39, -12, 13, -2, 23, 21, -19, 5, -13, 22, 11, -30, -17, -34, 2, -27, 30, 1, -25, 5, -10, -22, 33, 18, -10, 29, 3, 3, 24, 2, -34, -6, -17, -22, -26, 8, -22, 4, -7, 10, -24, 2, 6, -21, 16, -31};
weight_hh[141] = {12, -21, 19, -20, 4, 25, 7, 20, 30, 19, 2, 6, 2, -20, 17, -9, 1, 10, -37, -27, 8, 10, -22, 2, 34, 7, 15, -11, 23, 26, 13, 2, -22, 16, -20, 19, 3, 2, -8, -16, 14, -25, 6, 2, -21, 0, 6, -28, 24, -1, 9, -3, -2, 0, 21, 5, 5, 20, 0, -26, -13, -5, -11, 0, -2, 4, -22, 5, 6, 16, 27, -26};
weight_hh[142] = {-2, -29, 16, 12, 14, 11, -16, -1, 4, 24, 16, -1, 9, -18, 27, -15, -9, -13, -18, -37, -14, -7, 0, -19, -2, 10, 5, 19, -20, 0, 12, -8, -9, -1, -19, 5, 1, -11, -8, -4, -4, -7, 8, -3, -9, 26, 8, 18, 4, 0, 3, -21, 3, -22, 4, -30, -5, 3, -29, -6, 9, -8, 0, 14, -3, 32, -3, 16, -23, 18, 3, -4};
weight_hh[143] = {14, 10, 5, 13, -24, 2, 57, -15, 0, -15, 13, -15, -23, 2, 18, 4, -13, 8, -4, 17, 20, -1, 31, -8, 22, 22, -1, 34, 4, 23, -30, -3, 1, -14, 12, 6, 9, -26, 12, -5, -2, 5, 1, -5, -4, -34, 0, 16, 0, 45, -16, -9, -19, 5, 2, -11, -5, -19, 39, -4, 13, 0, 14, 24, 5, -41, 0, 18, 35, 12, 3, -2};
weight_hh[144] = {-1, 4, -4, -1, -6, -11, 3, -2, -11, -1, 0, 1, -1, 1, -3, 5, 1, -2, 3, 4, 2, -3, 0, 3, -1, -3, -6, -4, -1, 1, 2, 3, 5, 1, 5, -9, 2, 0, 3, 7, -3, 4, 1, -2, 9, -3, 2, 10, -11, 0, 0, -2, -1, -7, -11, 0, 2, 2, -1, 9, -3, 3, 3, 2, 5, -6, 11, -3, -4, 0, -3, 11};
weight_hh[145] = {26, -3, -7, 6, -12, -7, 5, 22, -1, 9, 2, 1, 1, 19, -7, -16, -4, -3, -31, 10, -17, -16, -12, 0, 3, 1, -13, 4, -15, -1, -4, -9, 13, -7, 6, -5, 2, -6, -6, 6, -7, -4, 4, -2, -5, 13, 6, -7, -1, -24, 11, -20, 0, 8, -2, -6, 6, -7, -16, 4, 5, -4, 19, -10, -3, -6, 2, -4, -14, 14, 7, 2};
weight_hh[146] = {-39, -3, 11, -5, 11, 0, 3, -37, 4, 10, -34, -14, -10, -34, -23, -12, 42, -26, 7, -28, 18, 22, -13, 12, -26, 16, 55, -14, 12, -11, 49, 6, 30, -27, -31, 0, -5, -22, -21, 7, 42, -2, 4, -21, 8, -13, -4, -4, 11, -16, -8, 36, -9, -25, 12, -4, -8, 7, -19, 2, -27, -7, -8, 20, -10, -20, -6, 2, 0, 36, 6, -5};
weight_hh[147] = {44, -8, -6, 4, 0, -6, 19, 13, 8, 22, 0, 13, -20, 5, -1, -3, -7, 4, -12, -1, -26, 13, 21, 4, 29, 44, -1, -10, 22, 14, -19, 29, -11, -15, 22, 14, 15, 3, -12, -17, -12, -15, 13, -20, -14, -31, -24, -24, 12, 17, -3, -17, 11, 13, 12, -22, -11, -11, 14, -13, -19, 22, 6, -12, -23, 17, -10, -1, -13, 12, 14, -12};
weight_hh[148] = {12, 38, -10, 3, -17, -4, 11, -21, 3, 0, 19, -31, -4, -12, -8, -2, -8, -13, 16, 1, -8, -12, -11, -5, 11, -1, -4, 4, -11, 28, -33, -11, 5, -15, -13, 1, -13, 1, 7, -2, -39, -1, -2, -3, 5, -5, -5, -3, 3, -21, -17, 11, 8, -6, 3, 6, -15, 7, 21, 4, 16, -15, 20, -16, -7, -38, -3, 11, -11, -10, 2, -3};
weight_hh[149] = {0, 3, -3, -2, -6, -10, 3, -1, -11, -2, 1, 1, -3, 1, -2, 5, 1, -1, 4, 4, 2, -2, 0, 3, 0, -4, -5, -4, -1, 1, 2, 4, 4, 0, 5, -9, 2, 0, 2, 7, -3, 5, 2, -1, 8, -3, 1, 10, -11, -1, 0, -2, -1, -6, -11, 0, 2, 3, 0, 9, -3, 2, 2, 1, 5, -4, 11, -2, -4, 1, -4, 11};
weight_hh[150] = {0, -19, 28, -1, 1, 4, 7, -15, 9, 1, 6, 1, -43, 70, -2, 29, -21, -41, -12, 10, 8, -38, -12, 35, -11, -12, -9, -8, -5, 6, -12, 9, 1, -20, 25, -5, 18, 52, -34, -4, -31, 34, 54, -9, -7, 27, 32, -15, 3, -16, -4, -44, 28, -4, 7, 6, 25, 14, -5, 0, 17, -9, 27, 17, -11, 27, -9, -14, -22, -1, 8, -4};
weight_hh[151] = {-2, -6, 36, -17, 12, -1, -9, 1, -6, 15, 6, -18, -15, -1, -24, 5, -28, 22, -2, 34, 6, 1, -33, -1, 15, 10, -13, -26, -5, -5, -8, -11, 1, 23, 2, -9, -22, -16, 45, 6, 12, -8, 2, -13, -1, 37, 16, 14, -12, 20, 0, 18, 0, -5, -9, 19, 5, -11, 52, 7, 6, -43, -43, -3, 9, -12, 11, -2, 4, -24, -8, 5};
weight_hh[152] = {-13, -24, 7, -37, 59, 3, -11, -5, 2, 23, -36, 42, -8, 2, -17, 0, 20, -19, -48, -7, -28, 16, 2, 13, -11, 9, 5, -6, -76, -18, 15, -5, 10, -1, -9, 5, 2, -28, 4, -10, 2, -11, 10, -2, -30, -11, -2, -8, 5, 6, -14, -16, -4, -13, 2, -4, 7, -5, -6, -7, -9, -14, -38, 3, 10, 2, -1, -11, -3, -31, 26, -4};
weight_hh[153] = {-38, -18, -14, 29, -27, -12, -22, -38, 11, 4, -9, 32, 4, 8, -17, -18, 13, 14, -7, -34, -15, 10, 10, 13, 8, 4, 11, -2, 1, 1, 9, -5, -1, -4, -14, 5, 4, -26, -7, -7, 8, -2, 6, -38, 5, -34, -8, -9, 12, 8, 1, -16, 47, 4, 12, 4, -18, 4, -11, -9, 15, 68, 23, 2, -10, 14, -11, 0, 40, 69, 3, -6};
weight_hh[154] = {-24, -14, -36, -56, -1, -3, -8, -5, 1, -10, -6, 60, -31, -14, 6, -1, 10, 22, -14, -9, 13, 7, -18, 12, -5, -3, -4, -8, -11, 13, -5, 6, 12, 0, -30, -7, -1, 18, 35, 13, 24, 3, -4, 4, -1, -5, -19, -1, 2, -13, 7, 13, 8, 7, 3, 18, -11, 33, 25, 10, -3, 10, -20, 28, 15, 10, -2, -12, 17, 11, -9, 2};
weight_hh[155] = {8, -15, 7, 18, 0, -7, -48, 15, 7, 3, 1, 14, 49, 3, -20, 14, -20, -28, -7, 8, -12, -17, -1, 7, 5, -13, 19, -6, -7, 24, -17, 52, 16, -29, -6, 2, -20, -4, 8, -7, -28, -2, 32, 29, -4, 7, -10, 0, 8, 4, 10, -56, -23, -2, 7, 15, 20, 31, -13, -7, 41, 22, 32, -19, 14, -5, -7, 6, 16, 41, 4, -6};
weight_hh[156] = {6, -12, -14, -10, -20, -16, -5, 15, -9, -29, 13, -16, 7, 17, 1, 5, 22, 9, 54, -3, -5, 16, -11, -8, 8, -4, -1, -1, 25, 10, -4, 1, -5, -2, 1, -9, -3, 32, -3, 27, 4, -3, -8, -10, 40, -19, -1, 11, -9, -13, 8, -4, 5, 0, -9, -8, -7, 31, -2, 13, 11, 15, -5, 2, -3, -2, 9, 7, 6, 10, -22, 9};
weight_hh[157] = {-7, 3, -26, 0, -9, -23, 19, 13, 6, -14, 11, -6, -46, 11, 13, 10, 6, -29, -1, -8, -4, 17, 15, -33, 4, -2, -29, 30, 6, -11, 13, -2, 15, -51, -4, -1, 25, 4, 2, 4, -15, -9, -12, 22, -9, -31, 11, 16, 9, -27, -20, 36, -64, 2, 8, 16, -37, 22, 34, 1, -2, -2, -28, 0, 4, -20, -6, 3, 3, 30, 5, -4};
weight_hh[158] = {-9, 0, 5, -2, 20, 11, -3, 12, 3, 14, 2, -12, 1, 0, 8, -6, 7, 1, -11, -8, -5, 25, 4, 2, 6, 0, 21, 5, 2, 9, 6, 0, 3, -18, -9, -1, -6, -9, 1, -2, 11, 3, -14, -4, -15, -8, 1, -6, 2, -4, -5, 17, -3, -4, 2, -20, 0, 9, -20, 5, -2, -10, 8, 10, -2, -2, -2, 3, 9, 14, 1, -3};
weight_hh[159] = {13, 15, -33, 11, 3, 1, -2, 17, -10, -4, 32, -25, 1, 36, 29, 18, -2, -5, 0, 14, -10, -47, 11, -27, -2, -15, -22, -26, -26, -35, -11, 11, -9, -2, 18, -11, 37, 43, 22, 9, -32, 6, 21, 26, 9, -15, -31, 3, -11, -69, 15, -14, 2, -4, -7, -76, 14, -16, -53, 10, -15, 9, 33, 8, 14, 3, 7, -1, -13, 3, -9, 5};
weight_hh[160] = {-10, -16, -10, -18, 3, -3, -33, 6, -4, -15, 23, 26, 17, -24, 24, -8, 5, 18, 5, -34, 16, 20, 7, 0, -11, 6, -17, -1, 7, 25, 15, 37, -8, 16, -28, 3, 0, -15, 4, 6, -6, 0, -19, 16, 7, -7, -29, 1, -5, 7, -10, 32, -17, -21, -2, -1, 49, 25, -38, 1, 39, 0, -42, 5, 7, -31, 0, -22, 0, -17, -8, -1};
weight_hh[161] = {1, -4, 4, 2, 6, 11, -3, 2, 10, 1, 0, -1, 3, -1, 3, -4, -1, 2, -4, -3, -2, 3, 0, -3, 1, 3, 7, 4, 1, -1, -2, -4, -5, -1, -5, 9, -2, -1, -2, -7, 3, -4, -1, 1, -9, 2, -1, -9, 10, 1, -1, 3, 0, 6, 10, 0, -2, -3, 1, -9, 3, -3, -2, -2, -5, 5, -10, 3, 4, 0, 3, -10};
weight_hh[162] = {-25, 10, 1, 5, -22, 12, 23, -31, 6, -14, 15, 2, 18, 9, -10, -4, -5, 5, 13, -3, -4, 7, -24, 12, 18, -16, 19, -10, 6, 36, -37, -12, 12, 10, 3, 11, -33, 43, -35, -4, -2, 14, -9, 10, 0, -6, 9, 0, 9, 19, 0, -13, 32, 19, 9, 2, -31, 15, 26, -6, -9, 1, 3, -7, 4, -26, -11, 2, -18, 56, -5, -7};
weight_hh[163] = {-21, -28, -7, -20, -10, -19, 17, -14, 10, -2, -8, 31, -25, -29, -7, -17, 2, 22, -1, -32, 20, 51, -58, -2, 18, 11, 67, 2, -15, 25, 25, 11, -5, -2, -36, 6, -21, -36, -5, -3, 55, -4, -5, -14, 1, 1, -34, -14, 10, 35, -4, 19, 10, 11, 15, 8, -49, 5, -3, 0, 8, 8, -10, -1, -10, 7, -11, 20, 12, 16, 2, -10};
weight_hh[164] = {0, 8, -34, -64, 8, 23, -17, 29, 7, 7, -39, 2, 13, 34, 33, -7, 17, 31, -18, -48, -19, -4, 9, 4, -40, 10, -17, 0, -23, 19, 19, 29, -2, -1, -7, 18, -33, -71, 28, -13, 2, -6, -28, -16, -24, 7, -24, -2, 10, 25, -9, 33, -60, -3, 8, -23, 20, 19, -14, -16, 3, -16, -29, -5, -15, 3, -8, -1, -25, -53, 12, -14};
weight_hh[165] = {0, -16, 16, 2, -43, 3, 12, 21, -5, -12, 22, -6, 11, -9, 7, 11, -27, 10, 23, -7, 15, 12, -17, -43, 29, -13, 2, -5, 21, -19, 28, 7, -5, -5, -4, -8, 17, 42, 30, 16, 10, 24, 13, 3, 14, 45, -11, -12, -4, -11, -3, -8, 17, -5, -8, -5, -14, -19, -17, 4, 20, -2, 7, -7, 23, 7, 7, 3, 11, 69, -26, 7};
weight_hh[166] = {3, 2, 5, 1, 2, 4, -13, -3, -6, -4, 22, -1, 0, 11, 25, 12, -16, 14, 5, 25, -6, 2, 25, -15, 7, -9, -28, 10, -2, -22, -4, 13, 6, 18, -15, -3, 24, 6, 18, 3, -25, 7, -6, -4, 4, -8, -9, 5, -6, -14, 0, -18, -25, -7, -6, -6, 10, -5, 10, 5, -11, 2, -11, 5, 19, -8, 6, 20, -21, 0, -7, 6};
weight_hh[167] = {0, -4, 4, 1, 6, 11, -3, 2, 11, 1, -1, -1, 2, -1, 2, -5, 0, 2, -3, -3, -2, 2, -1, -3, 0, 3, 6, 3, 1, -1, -2, -4, -5, -1, -4, 9, -2, 0, -2, -8, 3, -5, -1, 1, -9, 3, -2, -10, 11, 1, -1, 3, 1, 7, 11, 0, -2, -3, 1, -9, 3, -3, -2, -2, -5, 5, -11, 2, 4, 0, 4, -11};
weight_hh[168] = {1, 24, 1, -2, 0, -3, -15, -16, -5, -4, -7, 5, -27, 0, 9, 60, -4, -1, 3, -2, -7, -13, -11, -6, 17, -6, 16, -3, -2, -2, -9, 15, 11, 15, -7, -8, 17, -8, 8, 6, -12, 6, 8, 3, 5, 4, 8, 20, -6, 6, -7, -1, 21, -25, -6, -12, -2, -5, -9, 4, -6, 9, 0, 39, 25, 15, 7, -31, 1, -14, -6, 8};
weight_hh[169] = {-7, -18, -20, 7, -6, 3, -5, -33, 0, 0, 11, 26, -5, -8, -2, -16, -12, -8, -2, -14, -7, 46, 13, 3, -12, 14, 20, -4, 6, -10, -4, -10, -3, -35, -22, 2, 0, 14, 35, -7, 10, -9, -4, -12, -3, 4, 4, -5, 1, -16, -4, 2, 17, 9, 1, 19, 11, 14, -9, -6, -1, 0, 43, 3, 4, -10, -3, -23, 29, 3, 4, -2};
weight_hh[170] = {7, 3, 13, -1, 21, 9, 5, 4, 5, 8, -27, 1, 9, 9, -32, -3, 12, -19, -15, 8, -7, 8, -7, 9, -7, 11, 19, -5, 5, -24, 13, -3, -18, 9, 9, 11, -4, -9, -21, -17, -6, 0, 7, 8, -13, 12, 19, 2, 5, 10, -12, -21, 16, -7, 4, 4, 5, -11, 0, -14, -2, -30, 15, 7, -5, 14, -5, 10, -2, -18, 14, -3};
weight_hh[171] = {-19, 4, -7, -13, 9, 7, -12, 1, -6, -32, -12, -17, -20, -5, 7, 25, 24, -12, 44, -12, 4, 24, 8, 3, 11, 4, 1, -12, -2, 4, 16, 8, 15, -5, -13, -3, 11, 17, -11, 5, 15, 3, 7, -4, 5, -5, -1, 6, -6, 2, -19, 20, 0, -40, -6, -2, -4, 22, -17, 0, 0, 20, -17, 18, 8, 8, 5, -1, -2, 3, -10, 5};
weight_hh[172] = {-4, 16, 3, 2, -6, -1, 12, -32, -2, -3, -9, -2, -2, -7, 4, 1, -4, -20, 15, 7, 2, -4, -5, -3, 0, -3, -7, -4, -1, -7, -24, 1, 3, -40, -6, -5, 1, 28, 1, 3, -4, 4, -6, -9, 11, 4, 19, 5, -6, -6, 5, 11, 26, 22, -4, 9, -10, -3, 31, 2, 2, -5, 8, 17, -2, -11, 4, -2, 24, -8, -6, 6};
weight_hh[173] = {-27, -2, 52, 18, -7, -3, -12, -3, -2, -6, 8, 24, 13, 6, 6, 16, -22, 19, 2, 17, -13, -14, 3, 18, 17, -4, -41, -30, -33, 19, -22, 72, -1, -98, 19, -2, 12, 32, -39, 3, -12, 5, 10, -1, 1, 1, 2, -8, -2, -26, -18, 23, -10, 6, -3, 25, -18, 18, 60, 1, 15, -2, 23, 10, -1, 7, 3, 11, 20, 4, 1, 3};
weight_hh[174] = {-9, -7, -38, -51, 14, 0, -12, 20, 1, 7, -6, 24, -21, 12, -20, 2, 36, -5, 6, -15, -5, 21, -23, -8, 18, 8, -13, -43, -14, 31, -37, 45, 8, -19, -20, 0, 3, 38, -9, -2, 13, 2, 31, -25, 0, -16, -8, 5, -7, -4, 7, -13, 49, -9, -9, 2, 10, 64, -19, -3, 3, -3, -31, 21, -12, 0, 7, -11, -19, 19, 7, 0};
weight_hh[175] = {1, -19, -16, -37, 8, 15, 3, -27, 12, 3, -24, -5, -28, -17, 6, -4, 37, 6, -11, -17, 22, -12, -54, 26, -22, 3, -9, -45, 1, 35, 54, -11, 17, -12, 7, 10, -20, -13, 20, -15, 20, 4, -3, -37, -4, 5, 14, -25, 16, 48, 21, 32, -41, 1, 9, -5, -20, 23, -10, -6, 3, 16, -1, -7, 9, 5, -7, -13, 7, -17, 9, -17};
weight_hh[176] = {15, -8, -12, 3, -48, -2, 7, 13, -9, -21, 19, -25, 15, 21, 12, 7, 19, 15, 33, -8, -17, -4, -13, -11, 8, -8, 0, -2, 47, 15, -15, -5, -4, -16, 1, -6, -15, 19, 9, 19, 6, -2, -5, -19, 12, -18, 4, 2, -11, 0, 8, -5, 14, 0, -10, 0, -4, 37, -9, 5, 8, 10, 16, -14, -10, -7, 10, -3, 8, 9, -19, 11};
weight_hh[177] = {5, 8, -28, 3, 3, 9, 31, 9, 5, 6, 16, -20, -22, 27, -12, -21, -4, -9, -5, -7, -30, -13, 24, -7, -15, 6, -8, -5, 8, -9, 15, -29, -6, -3, 41, 0, 14, 31, -4, -1, -30, -11, -5, 8, -10, 6, -23, -8, 3, -55, -3, -10, 6, -6, 4, -23, 2, -12, -24, -2, -3, 1, 15, -9, -12, 10, -5, 7, -28, 3, 9, -4};
weight_hh[178] = {-31, 5, 3, 22, -22, -12, 27, -37, -2, -40, 19, 6, 5, -28, 2, -6, -15, -3, 7, -42, 49, 26, -32, -1, 23, -11, 25, -3, 19, 14, 15, -15, 22, 20, -33, -4, 9, -1, 5, 9, 17, 39, 4, 5, -8, 16, 8, -26, -9, -4, -14, 15, 40, 2, -7, 16, -11, -2, -9, -2, -7, -23, 1, 13, -9, -31, 2, 8, 33, 62, -13, 9};
weight_hh[179] = {-15, -1, 14, 14, 0, 6, 33, -19, 1, -5, 12, 5, 17, -40, -31, -11, 2, 10, 1, -23, 42, 17, 26, 11, 35, 5, 2, -21, -18, 21, 25, 45, -6, -38, 8, 2, 0, 3, -26, -2, 33, -7, 7, 43, -1, -41, -9, -1, 2, 32, -25, 2, -11, -4, 2, -18, 0, 3, -22, -1, 3, 0, 6, -1, -7, -23, -1, 26, 33, -2, 7, -1};
weight_hh[180] = {23, -1, 5, -2, 2, 1, 0, -17, 9, -12, -5, -12, 19, -21, 12, -2, -12, 1, -3, -6, 13, -1, 2, 5, -7, 6, -9, -8, 3, -9, -13, 16, 10, 6, 12, 22, 0, -15, -11, -14, -17, 13, 6, 9, -3, -1, 14, -7, 9, -16, -8, 1, -18, 0, 9, 17, 4, 14, 6, -14, 8, -6, -12, 27, 2, 0, -9, 26, 8, -4, -2, -9};
weight_hh[181] = {-2, 3, 40, 47, -27, -39, -19, 11, -25, 1, -14, 3, -13, 8, -5, -2, -19, -4, 18, 34, -31, 40, -2, 7, 23, -13, 12, 2, 12, -45, 6, 10, -18, 0, -10, -26, -10, -2, 7, 35, 3, -15, 23, 4, 6, -20, 16, 22, -24, -31, 17, 0, -11, -10, -26, -1, 8, -31, -9, 22, 1, -9, 18, 12, -17, -7, 19, 25, 0, 18, -11, 20};
weight_hh[182] = {4, 32, 10, -20, 9, -12, -34, -2, -4, -12, -13, -26, 7, -31, 27, 16, 3, -20, 2, -25, 24, -24, 49, -14, -4, -4, -34, 6, 12, -2, -30, -5, 10, 37, -9, -3, 18, -51, -12, 3, -20, 4, 20, 25, 5, 8, -9, 11, -9, 19, -9, -28, -24, -3, -6, -1, 7, -5, 2, 1, 10, 3, -25, -5, -15, 5, 7, 8, -26, -15, -7, 9};
weight_hh[183] = {-42, -5, -83, -40, 22, 13, -8, -10, 3, 10, 17, -10, -11, -24, -17, -16, 50, -15, -1, -36, 23, 12, 0, 18, -6, 6, 45, 0, -30, 69, 33, -6, -5, -23, -36, 12, 5, 11, -21, 3, 16, 2, -5, -43, -1, -11, 2, -7, -3, 9, -22, 14, 19, -9, -2, 2, -7, 96, -9, -1, -12, 33, 15, 45, -12, -2, -5, -7, 0, 18, 2, -4};
weight_hh[184] = {-9, -5, 33, -17, 6, 4, -9, 14, -3, 4, 13, 3, 13, -2, 44, 2, -6, 30, -2, 2, -15, -24, -22, -18, -5, 3, -37, -30, -11, 10, 24, 24, -4, 7, -14, -8, 1, 10, 9, 4, 14, 9, -34, -19, 9, 53, 24, -6, -9, 31, 6, 5, -5, -20, -10, 8, -12, 1, -10, 2, -73, 10, -27, 0, 9, 9, 7, -20, -17, -27, -6, 9};
weight_hh[185] = {-2, 5, -7, -17, 34, -3, -8, 25, -9, 34, -21, 7, 21, 14, 2, -15, 8, 37, -6, 12, -40, -15, -8, 3, 9, -5, -11, -36, -23, 2, 17, -23, -26, 44, 15, -5, 17, 55, 8, -3, -25, -4, 0, 12, 1, 34, -38, -38, -4, 21, 40, -15, 30, 7, -4, -40, -31, -31, -20, 6, -6, 6, -23, -1, 1, -9, 12, -18, -2, -53, -6, 10};
weight_hh[186] = {16, 7, -14, -1, -12, -3, 12, 11, -7, 0, -10, -35, -6, 25, 1, 1, 14, 26, 4, -7, -11, -19, -17, 9, 12, -14, -3, 7, 10, 10, -21, 1, -4, 6, 18, -6, -17, 1, 16, 19, -12, 2, -9, 0, 5, -7, -18, 6, -10, 4, 21, -11, 13, -3, -7, -7, -8, 3, 6, 9, 13, 32, 11, -27, 14, 13, 8, -4, 12, 11, -6, 6};
weight_hh[187] = {-4, -6, -31, 3, -3, -15, -1, -20, 11, -15, 2, 20, 10, 0, 2, 0, 17, -4, 9, -24, 1, 18, 17, -8, -8, 11, 9, 6, 15, 30, 11, -9, 18, -20, -27, 4, -4, 22, -14, 0, 14, 4, 4, -23, 4, -6, -3, -17, 14, -10, 4, 9, 10, 7, 13, 3, -5, 30, 1, 2, 1, 51, 16, -11, -19, 2, -13, -11, 10, 11, 3, -12};
weight_hh[188] = {-8, -2, -26, -24, -8, 1, 20, 10, 7, 7, -17, 9, -43, -34, -25, -2, 19, -8, -11, -36, 15, 36, 6, 6, -1, 19, 35, 17, 20, -7, 12, -27, -3, -19, -30, 15, -32, -41, 2, -7, 24, -5, 10, -30, -13, -76, 5, 1, 13, -25, -10, -36, 7, 6, 15, 22, 11, 13, 26, -6, 1, -18, -8, 9, -2, 19, -17, 14, 28, 22, 12, -15};
weight_hh[189] = {-2, -19, -8, 2, 5, 2, 11, 2, 23, 11, -10, 8, -9, -2, -27, -22, 10, -2, -19, -4, -14, -4, -2, 2, 0, 21, 10, 1, 5, 7, -17, -17, -16, -15, 12, 19, -10, 10, -5, -17, 11, -20, 5, -7, -15, 4, 19, -19, 23, 8, 17, -15, 8, 17, 23, -9, -24, -1, 10, -18, -13, 17, 10, -12, -23, 12, -21, 6, 12, -9, 21, -23};
weight_hh[190] = {10, -8, -33, 9, -9, 0, 15, 38, 10, -10, -2, -2, -46, -35, 22, -27, -19, 41, -11, -18, 28, -16, 4, -50, 10, 20, -4, -49, -6, -41, -13, -13, -4, 20, 10, 6, 25, -45, -3, -5, 10, -14, -15, 24, -2, 21, 13, 22, 16, -36, -5, 16, -44, 10, 10, -18, 12, 5, -1, -9, -10, -9, 1, -39, 5, -11, -9, 9, -56, 19, 10, -16};
weight_hh[191] = {-14, 12, 15, -3, -16, -13, 22, 4, 1, -14, -4, -2, 14, 42, -20, 10, 0, -5, 8, 7, 18, 5, 6, 13, 59, -20, 54, -23, 8, 38, 5, -17, 5, -24, 4, -3, 12, -5, -37, 11, 27, 3, 8, 9, 0, -35, 25, 0, 3, 63, -4, -7, 28, 0, 3, -11, -38, 26, 9, 6, -21, -1, 5, 4, -21, 7, 0, -5, 24, 7, -1, -2};
weight_hh[192] = {26, -13, 28, -5, 20, 20, -21, 11, -2, 5, -9, 6, -11, 44, -19, -1, -11, -13, 5, 16, -7, -11, 8, 37, -12, -22, -28, 16, -5, -9, -14, -28, 1, 10, 23, 0, 0, -10, -3, 10, -3, -4, -45, 42, 10, -3, 6, 22, -3, -20, 15, 13, -24, 0, -4, 36, 24, -4, -19, 8, -25, -8, -14, 8, 22, 6, 5, -4, -23, -23, -7, 2};
weight_hh[193] = {-27, -21, -9, 9, -9, 11, -45, -14, -1, -11, 7, 43, 16, -12, 20, -1, 4, -28, -12, -1, -2, -5, 14, 15, -15, -6, 6, -9, -24, -3, 3, 10, 4, -43, -21, -5, 4, -1, 12, -12, -15, 2, 8, 0, 7, 1, 30, 2, -4, 27, -2, -14, 50, 0, -3, -9, 23, -3, -21, 0, -10, 12, 30, 12, -6, 16, 3, -22, 25, 12, -5, 1};
weight_hh[194] = {0, -18, -34, -37, 25, 10, -15, 9, 16, 4, -17, 43, -28, -24, -17, -1, 31, 17, -24, -19, -6, 12, -3, 19, -7, -5, 23, -21, -13, 30, -2, 16, 5, 23, -8, 21, -17, -17, -1, -22, 4, 0, 2, -13, -25, -41, -17, -20, 21, -2, -15, 21, 2, -3, 19, -2, -27, 12, -13, -15, -5, 12, -27, 9, -13, 18, -17, -8, 13, -19, 17, -13};
weight_hh[195] = {5, -11, -42, -37, 6, 10, -5, 21, -1, 4, -11, -8, -13, -49, -5, 15, 14, -17, 6, -34, 8, -5, 13, -7, 14, 3, 7, -29, -8, 11, 17, -7, 1, -4, -21, 9, 15, -59, 37, -9, 26, 14, 32, -1, -5, -10, -1, 2, 8, -5, 15, 5, -69, -5, 2, 15, 45, 27, -52, -3, 19, -9, -7, 5, 22, 7, -4, 9, -9, 16, 8, -8};
weight_hh[196] = {-11, 7, 81, 52, 8, -18, -13, -18, -30, 13, 5, 52, -11, -26, -15, 1, -35, -7, 4, -24, 5, 12, 0, 0, -30, -5, 14, -2, -40, -61, 4, 12, -5, 19, -11, -25, -13, 5, -4, 19, 13, -9, 25, 30, 9, 9, 3, 26, -31, 19, -3, 19, -5, -13, -23, 12, -21, -83, 10, 20, 8, -14, -18, 10, -13, 7, 31, 7, 15, 10, -12, 24};
weight_hh[197] = {-12, 23, -53, -52, -8, 6, -9, -16, 0, -36, 12, -20, -9, -27, -11, 0, 19, 2, -5, -22, 15, 0, -25, -3, 20, -9, -2, -9, -29, 39, -16, 15, 36, -3, -12, 4, 6, 5, 7, 8, 9, 31, 24, -33, -20, 2, -2, 4, -3, 2, -14, 16, 4, -6, -4, -8, -30, 88, 19, -3, -3, 11, -4, 11, -10, 8, 3, 11, -24, 10, -7, 1};
weight_hh[198] = {-10, 6, -33, -8, -11, -20, -35, 16, 1, -17, 29, 6, -12, -1, 11, 3, -10, -2, 13, 3, -2, -8, 24, -47, 32, 4, -11, 26, 6, -23, -27, 17, 8, 44, -32, -5, 29, 32, -12, 14, -32, -11, -37, -2, 13, -3, 7, 0, 0, -18, 0, -24, 6, -8, -1, -26, 10, -11, -2, 7, -22, 16, -19, 8, 2, -6, -1, 5, -1, 28, -2, 0};
weight_hh[199] = {-7, 0, 2, -4, 3, 6, -7, 1, -3, 0, 3, -2, 2, 1, 10, 3, 4, 1, -3, 0, -4, 2, 5, 0, 1, -2, -1, 0, 0, -1, 2, 1, -5, -4, -3, -2, -3, 3, 1, 0, -4, 0, 7, -1, 3, -2, 1, 2, -3, 1, 6, -14, -1, -2, -3, -7, 2, 3, -4, 2, 2, -3, 4, 2, 3, 4, 3, 3, 3, 4, -3, 3};
weight_hh[200] = {7, 20, 18, 1, 5, -17, 6, -11, -20, 3, 9, -10, -9, -2, -1, 5, -12, -20, 12, 19, -1, 0, 8, 12, 4, -12, -5, -5, 4, -4, 4, 7, 0, 3, 8, -20, 0, -5, 2, 18, -5, 9, 11, -2, 17, 10, 15, -6, -20, 13, -6, -11, -7, -17, -21, 6, 6, -3, 19, 22, -4, -5, -17, -17, -2, -17, 20, -10, -7, -8, -15, 21};
weight_hh[201] = {1, 4, -10, 42, -5, -7, -22, -10, 2, -8, 31, -5, 33, 27, 27, -13, -2, -2, -5, 28, -1, -34, 65, -24, 4, 10, -29, 33, 22, -5, -31, -20, -5, 35, 41, 0, 14, 15, 6, -5, -38, -7, 8, -65, 0, -3, 28, -11, 1, 27, -13, -36, 24, -21, 3, 14, 33, -17, 2, 4, 7, 30, 40, 3, 3, -2, -6, -14, -2, 10, 3, 0};
weight_hh[202] = {4, -10, 60, 67, -19, -24, 36, -15, 3, -15, 18, 17, -12, -2, -31, 7, -16, -51, 18, 35, 19, 28, 3, 3, 3, -17, 16, 46, 34, -34, 2, -15, 11, 1, 3, -7, 31, 45, -41, 12, 13, 11, -18, -8, 11, -1, 26, -5, -3, 9, 17, 17, 20, 8, -6, 21, -9, -29, -20, 1, -13, 17, 6, 19, -3, -4, 0, 10, 6, 47, -18, 7};
weight_hh[203] = {-13, 10, -26, 29, -15, -35, -5, -1, -5, -11, 15, -23, 25, 24, -28, -1, 7, -25, 0, 9, -24, -28, -8, 4, -6, -5, 67, 8, -4, -20, -25, -7, 5, -38, 29, -7, 5, 13, -7, 2, -8, -10, -13, -9, 0, 8, 30, 5, 2, -49, 9, -9, 0, 6, 4, -50, 13, 5, 29, -1, -2, 35, 37, -9, 10, 30, 5, 33, 37, 18, 1, 5};
weight_hh[204] = {-41, -30, 34, 3, 7, 2, 18, -5, -9, 13, 0, 9, -9, 0, -18, 2, -34, 30, -8, 36, 6, -2, -29, -17, -9, -14, -6, -2, -22, -41, 8, 27, -5, 21, 18, -3, -7, -2, 3, 14, 7, -16, -33, 37, 10, 14, -9, 14, -3, 6, 14, 7, 0, 0, -2, 20, 20, -51, 21, 4, 18, -36, -54, -13, 8, 15, 3, 19, -29, -61, -7, 7};
weight_hh[205] = {-11, 38, -36, 4, -24, -10, -29, 32, 11, -9, 45, -7, 21, -32, -5, -5, 0, 9, -4, -28, 6, 12, -9, 23, -3, 1, 20, -29, 7, 19, 17, 15, -9, -2, 5, 7, -19, -22, 2, -4, -7, -1, 5, 0, -7, -1, 3, -13, 10, -11, -27, 10, 16, -8, 10, -24, -6, 71, -12, -8, 35, 10, 40, -12, -6, -27, -10, 7, -3, 60, 3, -7};
weight_hh[206] = {39, -13, 61, 45, -4, 10, 9, 19, 7, 11, 9, -5, 11, -6, 38, -9, -29, 11, -9, 29, -11, -24, 4, -18, 16, 14, 1, 8, -10, -11, -13, 11, -20, -9, 20, 7, -14, 15, -8, -12, -16, -5, 34, 10, 3, 1, -1, -3, 8, -1, 14, 10, 7, 3, 5, -7, -1, -63, 33, -9, 20, 24, 1, -21, 3, 5, -1, 4, -2, 18, 10, -5};
weight_hh[207] = {0, -4, 4, 1, 5, 11, -2, 0, 10, 1, 0, -1, 3, -2, 3, -5, 0, 1, -3, -4, -2, 2, 0, -3, 1, 3, 5, 3, 1, -1, -3, -3, -3, 0, -5, 9, -2, 0, -3, -7, 3, -4, -2, 2, -8, 3, -1, -10, 10, 1, -1, 2, 1, 6, 10, -1, -3, -2, 1, -9, 4, -2, -2, -1, -5, 5, -10, 3, 3, 0, 3, -10};
weight_hh[208] = {-7, 39, -3, 15, -37, -28, -4, 5, -6, -11, -19, -24, 18, 2, 51, 4, -23, 13, 5, -5, -18, -21, 18, -40, 28, 11, -10, -1, 16, -27, -2, -2, 8, 29, -4, -4, 12, 16, 0, 11, -1, 3, 0, 5, 7, 40, 6, -2, -2, -28, 24, 14, 12, 9, 2, -21, 7, -30, -5, 7, -24, 37, 19, -11, 6, 5, -5, -4, -29, 16, 0, 5};
weight_hh[209] = {-11, 1, -22, 29, -22, -9, 34, -5, -3, -12, 30, -15, -1, -36, 25, -11, -14, -15, 7, -15, 25, 35, -20, 13, -11, 19, 30, -26, -10, -19, 27, -3, 10, 14, 8, 0, 5, -55, -7, 11, 34, -6, 27, -57, -11, -30, 18, 24, 6, 5, -39, 45, -23, 2, 5, 28, -17, 8, 34, -2, 20, -1, 16, -8, -14, -18, -7, 25, -32, 1, 10, -2};
weight_hh[210] = {-1, 0, 6, 9, 33, 23, 2, -19, 16, 5, -11, 17, -8, -18, 5, -9, -14, -3, -32, 0, 18, -2, 15, 2, -6, 8, -2, 10, -21, -13, 14, -2, -5, 11, 0, 13, 14, -14, 2, -25, -11, -5, -7, 10, -9, 4, -6, -10, 15, 7, -12, 14, -1, 2, 16, 13, 5, -22, 2, -14, -8, -8, -3, 7, -4, 6, -16, -21, -3, -27, 7, -16};
weight_hh[211] = {-16, -13, 8, -8, 40, 7, -8, -17, 3, -15, -20, 6, -10, -22, -4, -2, -1, -20, -4, 15, 11, 8, 5, 20, -29, -3, -4, -6, -32, -12, 9, 3, 2, 0, 0, 13, 3, -23, 9, 4, 8, 15, 3, 8, 5, -6, 4, 2, 12, -11, -23, -5, 9, -13, 10, 1, 1, -37, -12, -6, -37, -9, -5, -10, 11, 6, -11, 8, 8, -120, -6, -5};
weight_hh[212] = {-2, 12, -5, 17, -17, -21, -4, -22, 12, -5, 5, 19, -10, 4, -18, -12, -9, 7, 6, -14, 15, -11, -1, -14, 29, 16, 14, 3, 0, 18, -2, -4, 10, -2, -12, 6, -21, 10, 2, -7, -2, -9, -7, -4, 8, -16, -19, -8, 11, 8, -15, -19, 5, 2, 11, 8, 1, -10, 8, -6, 4, 62, 1, 4, -6, -13, -12, 4, 28, 33, 12, -12};
weight_hh[213] = {1, 1, -20, -4, 0, 7, 6, -5, 11, 12, 10, -26, -8, -19, 34, 2, 5, 8, -7, -30, 1, -19, -3, -12, 0, 9, 2, 3, 12, 10, -37, -10, -9, -3, -6, 12, 21, -5, -4, -9, -7, -8, -20, 28, -14, 6, 12, -5, 9, -8, -10, -17, 0, -8, 12, 7, 5, -17, 8, -11, -29, 6, 9, 6, 2, -22, -8, -21, -3, -17, 9, -11};
weight_hh[214] = {7, 18, -5, -14, 9, 7, -17, 4, 0, 17, -13, -28, -30, -1, -21, 5, 8, 4, -1, 0, -17, 34, 5, 16, 9, 5, -13, -5, 21, 9, 14, 14, -1, -8, -37, 0, -4, 9, 14, 2, 18, -15, 11, 4, 7, -4, -20, -67, -1, 8, 18, -9, -3, 8, -2, 7, -8, -4, -16, 0, 3, 1, -2, 10, -3, -4, 0, 0, 30, -11, 5, 0};
weight_hh[215] = {2, 30, 56, 61, -32, -17, -11, 11, -4, -14, 7, 5, 3, 5, -3, 12, -21, -13, 11, 30, 22, 7, 0, 3, 19, 6, -14, 2, 37, -25, -39, 9, 21, 15, 20, -3, 1, 28, -4, 9, 11, 31, 24, -12, 30, 15, -19, 10, 0, -4, -9, 0, 10, 5, 0, 35, 33, -51, -20, 3, -10, 21, 22, 20, 18, 0, -3, 6, -34, 23, -17, 3};

Bias_hh (8 bit):
 {179, 162, 6, 2272, -337, 201, 1069, 1027, 1485, 305, 1287, -778, 297, -359, -146, -2698, -469, 293, -643, -2913, 321, 1740, -97, -1642, -170, 1776, 1455, 1426, 718, -931, -1823, -1239, -812, -1159, -3252, 1360, 510, -530, 871, -1739, 1331, -738, -373, -312, -531, 867, -82, -1257, 1535, -843, 2180, 222, 2381, 2553, 1498, 65, -611, -278, 386, -1473, 1167, 1326, 1208, 222, -1448, 663, -1561, -1675, 1416, -1071, 430, -1508, 200, -64, 4066, 2835, 1477, 162, 834, 1052, -367, -415, 333, -531, 876, -131, 1922, -1206, 2540, 33, -888, -224, -268, -1208, 1178, 1564, 2372, -436, 325, 2032, 2361, 3099, -1137, -18, 133, 1334, -1279, -277, 719, -1386, 1940, -1185, 106, -508, 947, 3250, -1437, 1194, 2192, 134, -309, 216, -1034, 443, 2064, -778, -304, 1156, 1821, 3246, 724, -1344, 1695, -932, 290, -1304, -1345, 1429, -346, 311, -139, 765, -1029, -312, 795, -1036, 1049, 794, 911, 1153, 961, 197, 632, 800, 554, 999, 484, 148, 760, 358, -346, -419, 1226, 983, 125, 154, 842, 621, 446, 459, 1655, 129, -422, 955, 122, 312, 936, 648, 962, 908, 287, 1185, -535, 1156, 578, 378, 215, -236, 1033, 454, 110, 900, 663, 304, 110, 1133, 267, -80, 648, 144, 163, 579, 121, 1244, -184, 416, 808, 220, 244, -99, 663, 298, 705, 430, 484, 651};
