Input scale (32 bit):
 333853792
Input zero point:
 111
Hidden scale (32 bit):
 34311572
Hidden zero point:
 128
Weight input scale (32 bit):
 25762730
Weight input zero point:
 118
Weight hidden scale (32 bit):
 38016268
Weight hidden zero point:
 132
Output linear scale (32 bit):
 388191904
Output linear zero point:
 110
Output sigmoid r scale (32 bit):
 16843010
Output sigmoid r zero point:
 0
Output sigmoid z scale (32 bit):
 16843010
Output sigmoid z zero point:
 0
Output tanh n scale (32 bit):
 33686020
Output tanh n zero point:
 127
Output r_hn scale (32 bit):
 310749408
Output r_hn zero point:
 122
Output z_n scale (32 bit):
 33553920
Output z_n zero point:
 127
Output z_h scale (32 bit):
 33839840
Output z_h zero point:
 128
Scale ih (32 bit):
 22156528
Scale hh (32 bit):
 3360188
Scale r_hn (32 bit):
 21040490
Scale z_n (32 bit):
 16909320
Scale z_h (32 bit):
 17077804
Scale new_h_zn (32 bit):
 4200127744
Scale new_h_zh (32 bit):
 4235918080
Weight_ih (8 bit):
weight_ih[0] = {-4, 11, 2, 0, -3, -1, 0, 12, 1, -5, 1, 5, -2, 0, 0, 0, -4, -3, 0, -2, 0, -5, -4, -4, 1, 0, 11, 0, 0, 37, 3, 7, 6, 24, 0, 0, 0, 0, 0, 3, 5, 13, 13, 0, 19, 0, 5, 0, 0, 4, 0, 0, 1, -2, 14, -5, 6, 0, 0, 8, 3, 0, 0, 4, 0, 0, 0, 3, -5, 0, -4, 19};
weight_ih[1] = {-1, -37, 30, 0, 0, -9, 0, 17, -12, -46, 56, -17, -50, 0, 0, 0, -1, -13, 0, -3, 0, -17, -33, 27, -25, 0, -6, 0, 0, -24, 23, 27, 13, 8, 0, 0, 0, 0, 0, 17, -9, -12, 9, 0, 7, 0, 1, 0, 0, 11, 0, 0, -9, 34, -2, -20, 24, 0, -3, -21, 24, 0, 0, 27, 0, 0, 0, -12, 49, 0, -10, -23};
weight_ih[2] = {-26, -14, 5, 0, 65, -26, 0, 18, 13, -19, 24, 15, 3, 0, 0, 0, -4, 7, 0, 0, 0, -17, 2, 22, 16, 0, -9, 0, 0, 1, -36, 1, 11, -5, 0, 0, 0, 0, 0, -39, -6, 10, -55, 0, 27, 0, -51, 0, 0, 0, 0, 0, 14, 3, 10, -29, -8, 0, 27, -28, 50, 0, 0, 75, 0, 0, 0, 5, -19, 0, 13, -10};
weight_ih[3] = {0, 16, 13, 0, 1, 4, 0, 11, 22, 23, -9, 0, 22, 0, 0, 0, -5, 8, 0, -3, 0, -12, 13, -10, 6, 0, 7, 0, 0, 9, -6, 19, 9, -15, 0, 0, 0, 0, 0, 16, -2, 14, -13, 0, 31, 0, -1, 0, 0, 5, 0, 0, 10, -23, -7, 24, 35, 0, -18, 7, -12, 0, 0, -20, 0, 0, 0, 26, -28, 0, 35, 20};
weight_ih[4] = {12, -5, 3, 0, 16, 0, 0, 4, 12, 4, -6, 2, 3, 0, 0, 0, 6, 1, 0, 4, 0, 8, -4, 4, 4, 0, 5, 0, 0, 2, 6, 6, 15, 3, 0, 0, 0, 0, 0, 3, 14, 2, 9, 0, 2, 0, 13, 0, 0, -3, 0, 0, 1, 2, 6, 3, 11, 0, 15, -2, -11, 0, 0, 2, 0, 0, 0, 0, -3, 0, 24, -3};
weight_ih[5] = {1, 6, 1, 0, 6, 2, 0, -1, 0, 1, 1, -1, -1, 0, 0, 0, 0, 0, 0, 0, 0, 1, 1, -1, 2, 0, 1, 0, 0, 6, 4, 0, 2, 4, 0, 0, 0, 0, 0, 2, 1, 2, 1, 0, 3, 0, 3, 0, 0, 1, 0, 0, 1, -1, 2, 2, 2, 0, 9, 4, 1, 0, 0, 4, 0, 0, 0, 0, 1, 0, 4, 3};
weight_ih[6] = {-9, 23, 14, 0, 11, 20, 0, -7, -9, -6, 30, -4, 6, 0, 0, 0, -4, -13, 0, -24, 0, -11, -24, 14, 10, 0, 26, 0, 0, -72, 11, 31, 13, -19, 0, 0, 0, 0, 0, 35, 1, -22, 21, 0, 6, 0, -14, 0, 0, -3, 0, 0, 19, 6, -37, 50, 31, 0, 30, 4, 9, 0, 0, 12, 0, 0, 0, 6, 14, 0, 8, 9};
weight_ih[7] = {-31, -24, -6, 0, -40, 12, 0, 57, 3, 27, -14, 17, 31, 0, 0, 0, -1, 0, 0, -9, 0, 19, 14, -8, -15, 0, 7, 0, 0, 19, 11, -22, -19, 16, 0, 0, 0, 0, 0, -14, 77, -2, -4, 0, 54, 0, -7, 0, 0, -6, 0, 0, -21, 1, 26, 10, 27, 0, -100, -28, 16, 0, 0, -4, 0, 0, 0, -1, -16, 0, 17, 75};
weight_ih[8] = {72, 13, -6, 0, -23, 26, 0, -27, -25, -6, 44, 1, -17, 0, 0, 0, -37, -24, 0, -14, 0, -2, -26, -10, -14, 0, 8, 0, 0, -18, 18, 1, -27, 31, 0, 0, 0, 0, 0, 12, 6, -16, 57, 0, -8, 0, 26, 0, 0, -10, 0, 0, -31, 7, 8, -32, 9, 0, 22, 23, 2, 0, 0, -19, 0, 0, 0, -11, -8, 0, -8, -3};
weight_ih[9] = {36, 34, 10, 0, -27, 19, 0, -4, 44, -15, -31, -3, -10, 0, 0, 0, -6, 5, 0, 14, 0, 34, -33, 15, 29, 0, -20, 0, 0, 32, -64, 0, 20, 19, 0, 0, 0, 0, 0, 11, -32, 11, 8, 0, -51, 0, 11, 0, 0, -32, 0, 0, -1, 22, -18, 2, 25, 0, 4, 55, -10, 0, 0, -45, 0, 0, 0, -5, -30, 0, -11, 5};
weight_ih[10] = {-4, 22, -23, 0, -46, 27, 0, 10, 6, -32, 20, 39, 22, 0, 0, 0, -28, -14, 0, -5, 0, 3, 14, 17, -42, 0, 25, 0, 0, 55, 1, -7, 15, 45, 0, 0, 0, 0, 0, 49, 30, 31, 20, 0, 29, 0, 11, 0, 0, 5, 0, 0, -4, -11, 18, -39, 63, 0, -43, 19, 27, 0, 0, 15, 0, 0, 0, -13, 18, 0, -42, 22};
weight_ih[11] = {-3, -7, 6, 0, -4, 11, 0, 5, 9, -3, 7, 3, 5, 0, 0, 0, -4, -2, 0, -4, 0, -2, 0, 0, 3, 0, -1, 0, 0, 0, 12, 0, 1, -8, 0, 0, 0, 0, 0, -5, 5, -3, -10, 0, -1, 0, -16, 0, 0, -6, 0, 0, 2, 8, -2, 4, 0, 0, -16, -8, 2, 0, 0, -6, 0, 0, 0, 1, 19, 0, 5, -5};
weight_ih[12] = {-6, -9, -3, 0, -38, 37, 0, -12, -7, -1, -16, -8, -14, 0, 0, 0, 32, -15, 0, 4, 0, -6, -4, 6, -30, 0, 4, 0, 0, -17, -23, 7, 2, 23, 0, 0, 0, 0, 0, 56, -13, 1, 12, 0, 25, 0, 36, 0, 0, 46, 0, 0, 5, -33, -15, 5, 17, 0, -26, -26, -6, 0, 0, -21, 0, 0, 0, 4, -17, 0, 14, -10};
weight_ih[13] = {-19, 70, 7, 0, -41, 23, 0, 11, 7, 20, 4, 12, 1, 0, 0, 0, 18, 6, 0, 1, 0, -12, 6, 12, 4, 0, 4, 0, 0, 42, -2, 15, 14, 30, 0, 0, 0, 0, 0, -25, 0, 38, -22, 0, 20, 0, 6, 0, 0, -2, 0, 0, 4, 19, -4, 2, -8, 0, -60, 27, 0, 0, 0, 5, 0, 0, 0, 16, 9, 0, -9, 35};
weight_ih[14] = {-12, 15, 5, 0, 1, -36, 0, -39, -41, -3, 6, 21, 0, 0, 0, 0, 0, -7, 0, -4, 0, 4, -3, 19, -5, 0, -35, 0, 0, 30, -42, 12, -28, 1, 0, 0, 0, 0, 0, -3, 90, 33, -39, 0, 45, 0, -13, 0, 0, 34, 0, 0, -31, 6, 65, -41, -21, 0, -24, 25, 0, 0, 0, 24, 0, 0, 0, 5, -53, 0, 4, 19};
weight_ih[15] = {-13, 17, -18, 0, -16, 4, 0, 16, -5, -5, 6, 5, 1, 0, 0, 0, -6, 1, 0, 2, 0, 5, 8, -1, -23, 0, 11, 0, 0, 30, -5, 5, 15, 26, 0, 0, 0, 0, 0, -2, 11, 14, 8, 0, 13, 0, 4, 0, 0, 6, 0, 0, 3, -9, 17, -36, 4, 0, -28, 10, -3, 0, 0, 8, 0, 0, 0, -1, -11, 0, 1, 5};
weight_ih[16] = {16, 1, -4, 0, 12, 11, 0, -1, -2, 11, 1, 9, -2, 0, 0, 0, 5, -3, 0, 3, 0, 4, -5, 5, -3, 0, -4, 0, 0, 6, 11, 5, 6, 3, 0, 0, 0, 0, 0, -1, 16, 3, 13, 0, 10, 0, 18, 0, 0, 0, 0, 0, 3, 2, 10, 2, 5, 0, 14, -1, -6, 0, 0, 11, 0, 0, 0, 4, 2, 0, 25, 1};
weight_ih[17] = {2, 6, 1, 0, 6, 2, 0, -1, 0, 1, 1, 0, -1, 0, 0, 0, 0, 0, 0, 1, 0, 1, 0, -1, 2, 0, 1, 0, 0, 7, 4, 0, 2, 3, 0, 0, 0, 0, 0, 1, 1, 2, 0, 0, 1, 0, 2, 0, 0, 1, 0, 0, 1, -1, 2, 1, 2, 0, 10, 4, 0, 0, 0, 4, 0, 0, 0, 1, 1, 0, 4, 3};
weight_ih[18] = {2, 6, 1, 0, 6, 2, 0, -2, 0, 1, 1, -1, -1, 0, 0, 0, 0, 0, 0, 1, 0, 1, 1, -1, 2, 0, 1, 0, 0, 7, 4, 1, 2, 3, 0, 0, 0, 0, 0, 2, 1, 2, 0, 0, 1, 0, 3, 0, 0, 2, 0, 0, 1, 0, 3, 2, 2, 0, 10, 4, 0, 0, 0, 4, 0, 0, 0, 1, 0, 0, 4, 3};
weight_ih[19] = {-11, 21, -8, 0, 24, 1, 0, 15, -2, -34, -5, -5, 5, 0, 0, 0, -28, 0, 0, -5, 0, -4, -5, 12, -7, 0, 3, 0, 0, 2, 26, 1, 6, 21, 0, 0, 0, 0, 0, 24, 6, -4, -15, 0, 21, 0, -23, 0, 0, 11, 0, 0, -1, -19, 2, -3, -12, 0, 4, 32, 12, 0, 0, -3, 0, 0, 0, -7, -4, 0, 2, 5};
weight_ih[20] = {1, 6, 2, 0, 6, 0, 0, -2, -1, 1, 1, -1, -1, 0, 0, 0, 0, 0, 0, 1, 0, 0, 0, -1, 1, 0, 0, 0, 0, 7, 3, 1, 2, 3, 0, 0, 0, 0, 0, 2, 0, 2, 0, 0, 1, 0, 2, 0, 0, 2, 0, 0, 1, -1, 2, 1, 2, 0, 10, 5, 0, 0, 0, 4, 0, 0, 0, 1, 0, 0, 3, 2};
weight_ih[21] = {0, 21, 0, 0, 7, -3, 0, 5, 0, 0, 5, 1, 0, 0, 0, 0, 0, 0, 0, 0, 0, -5, 4, 0, 1, 0, 2, 0, 0, 18, 8, -3, 12, 9, 0, 0, 0, 0, 0, 1, -1, 4, 4, 0, 5, 0, 2, 0, 0, 2, 0, 0, 3, -1, 1, 1, 4, 0, 7, 16, 7, 0, 0, 5, 0, 0, 0, -1, 5, 0, 3, 2};
weight_ih[22] = {-4, 2, 0, 0, -2, -3, 0, -1, -2, -1, -1, -1, -1, 0, 0, 0, 2, -1, 0, -1, 0, -3, -1, -1, -1, 0, -6, 0, 0, -7, -1, -8, -2, 0, 0, 0, 0, 0, 0, -1, -1, 1, -5, 0, 0, 0, 1, 0, 0, 1, 0, 0, -1, -1, -3, -2, 0, 0, -5, 2, -1, 0, 0, -4, 0, 0, 0, -2, 0, 0, -2, 0};
weight_ih[23] = {-14, -4, -5, 0, -6, 0, 0, 8, -1, 5, 5, 0, -6, 0, 0, 0, 1, -5, 0, -6, 0, -16, 11, 0, -10, 0, 5, 0, 0, -8, 16, 2, 1, -3, 0, 0, 0, 0, 0, 3, -2, -3, 1, 0, 2, 0, 5, 0, 0, 6, 0, 0, 1, -15, -10, 19, -4, 0, -12, -9, 6, 0, 0, -12, 0, 0, 0, 1, 17, 0, 16, 6};
weight_ih[24] = {-19, 11, -4, 0, 21, 54, 0, 0, 8, 16, -15, -7, -1, 0, 0, 0, 39, 22, 0, -1, 0, -3, 24, -5, 17, 0, -18, 0, 0, -3, -15, 9, 21, 29, 0, 0, 0, 0, 0, 8, 6, 14, -16, 0, -10, 0, -16, 0, 0, -13, 0, 0, 6, -17, -3, -2, 54, 0, 21, 13, -29, 0, 0, 9, 0, 0, 0, -16, 22, 0, 25, 2};
weight_ih[25] = {-11, 14, -4, 0, 5, 22, 0, -1, 7, -15, 3, 5, -1, 0, 0, 0, 3, 5, 0, -1, 0, 0, -6, -2, -1, 0, 7, 0, 0, 20, 1, -3, 7, 13, 0, 0, 0, 0, 0, -6, 9, 19, 10, 0, 11, 0, 7, 0, 0, -1, 0, 0, 3, -2, -2, -33, 15, 0, 0, 26, -1, 0, 0, 0, 0, 0, 0, -9, -1, 0, 13, 10};
weight_ih[26] = {3, 33, -3, 0, -26, 2, 0, -24, 15, 20, -6, -27, -10, 0, 0, 0, -2, 1, 0, -4, 0, -11, 8, 0, 4, 0, -3, 0, 0, 26, -4, 15, -24, 12, 0, 0, 0, 0, 0, 19, -18, 7, 6, 0, -2, 0, 6, 0, 0, 15, 0, 0, -34, 1, 9, 59, -3, 0, -14, 34, -37, 0, 0, -36, 0, 0, 0, 8, -20, 0, 9, 4};
weight_ih[27] = {-11, 19, 3, 0, 21, -42, 0, -21, 11, 33, -59, 4, 7, 0, 0, 0, 26, -18, 0, -9, 0, -6, 5, -12, -8, 0, 7, 0, 0, 10, 44, 1, -7, 26, 0, 0, 0, 0, 0, 7, 27, -2, -14, 0, 19, 0, -2, 0, 0, -22, 0, 0, -10, 11, 13, 2, 36, 0, -25, 21, 22, 0, 0, 39, 0, 0, 0, 4, -18, 0, 29, 3};
weight_ih[28] = {-8, 4, -11, 0, 19, 4, 0, 9, 1, -24, 2, 6, 4, 0, 0, 0, -4, -7, 0, 11, 0, 6, -1, 3, -2, 0, -2, 0, 0, 16, -3, -33, 6, 1, 0, 0, 0, 0, 0, -3, -11, 2, -7, 0, 4, 0, 15, 0, 0, 6, 0, 0, 2, 9, 0, -61, 6, 0, 15, 2, 11, 0, 0, 20, 0, 0, 0, -6, -17, 0, -2, 1};
weight_ih[29] = {-4, -10, 21, 0, 14, -23, 0, 10, -5, -5, 8, 13, -11, 0, 0, 0, -8, -1, 0, 6, 0, 28, -10, -5, 24, 0, 3, 0, 0, 18, 0, 14, -11, -25, 0, 0, 0, 0, 0, 10, 11, 49, 26, 0, -6, 0, 26, 0, 0, 15, 0, 0, 5, 36, 0, -40, -19, 0, 13, 4, -17, 0, 0, 11, 0, 0, 0, 9, 0, 0, 10, 15};
weight_ih[30] = {-14, 41, 16, 0, 8, -16, 0, -10, -10, 9, -12, 9, 0, 0, 0, 0, -3, 4, 0, 4, 0, 3, 0, 2, -1, 0, 2, 0, 0, 28, 29, -15, -22, -3, 0, 0, 0, 0, 0, 20, 6, 23, 0, 0, -8, 0, 4, 0, 0, 3, 0, 0, 3, 2, 1, 7, 10, 0, -13, 68, -16, 0, 0, 12, 0, 0, 0, 0, -30, 0, -7, -2};
weight_ih[31] = {5, 77, 24, 0, -72, 44, 0, -6, 6, 17, -7, -13, -17, 0, 0, 0, 13, -15, 0, 16, 0, -6, 15, -4, -21, 0, 23, 0, 0, 48, 13, 0, 30, 57, 0, 0, 0, 0, 0, 14, 25, -3, -8, 0, 65, 0, -3, 0, 0, 9, 0, 0, -17, 2, -10, 43, 11, 0, -86, 66, 18, 0, 0, -10, 0, 0, 0, -26, -7, 0, -13, 37};
weight_ih[32] = {-1, -25, 1, 0, -8, 4, 0, -8, 0, -2, -6, 0, -3, 0, 0, 0, 4, -1, 0, 2, 0, 9, 0, 12, 0, 0, -2, 0, 0, -14, 1, 0, -10, -10, 0, 0, 0, 0, 0, 1, 7, -2, 4, 0, -3, 0, -1, 0, 0, -6, 0, 0, 1, 7, 0, 2, 8, 0, -15, -16, -9, 0, 0, 4, 0, 0, 0, 0, -3, 0, 0, -8};
weight_ih[33] = {43, 7, 29, 0, 16, 18, 0, -5, 13, 12, -12, -13, 18, 0, 0, 0, 6, -3, 0, -13, 0, -2, -2, -3, 32, 0, -4, 0, 0, 11, 13, -7, -2, 17, 0, 0, 0, 0, 0, -18, -22, -12, 6, 0, -24, 0, 1, 0, 0, -8, 0, 0, 0, 2, -2, 24, -4, 0, 17, 28, -7, 0, 0, -10, 0, 0, 0, -2, -7, 0, -34, 6};
weight_ih[34] = {1, 6, 1, 0, 6, 1, 0, -1, 0, 1, 1, -1, -1, 0, 0, 0, 0, 0, 0, 1, 0, 1, 1, -1, 2, 0, 1, 0, 0, 6, 3, 1, 1, 3, 0, 0, 0, 0, 0, 1, 1, 2, 0, 0, 3, 0, 2, 0, 0, 1, 0, 0, 1, -1, 2, 1, 2, 0, 9, 4, 1, 0, 0, 4, 0, 0, 0, 0, 1, 0, 4, 3};
weight_ih[35] = {3, 41, 12, 0, -25, 17, 0, -12, 6, -30, -11, 12, -31, 0, 0, 0, 16, -15, 0, 7, 0, 34, -9, -2, -12, 0, -11, 0, 0, 8, 18, 13, 9, 37, 0, 0, 0, 0, 0, -18, 18, 5, -30, 0, 31, 0, -32, 0, 0, -1, 0, 0, -10, 10, 16, -23, 2, 0, -48, 20, 22, 0, 0, 32, 0, 0, 0, -9, 38, 0, 12, 20};
weight_ih[36] = {-4, 14, 4, 0, 21, 42, 0, 3, 6, -28, -8, 16, 14, 0, 0, 0, -11, -5, 0, -13, 0, 18, -6, -6, 5, 0, 9, 0, 0, 2, 1, 5, 29, 2, 0, 0, 0, 0, 0, -1, 3, -3, 27, 0, 15, 0, 21, 0, 0, 22, 0, 0, -19, 15, -7, -64, -3, 0, 30, -18, 4, 0, 0, 7, 0, 0, 0, -8, -4, 0, 40, 14};
weight_ih[37] = {6, 15, 2, 0, 11, 11, 0, 9, 6, 5, 4, 0, 2, 0, 0, 0, 4, 2, 0, 2, 0, 4, 2, 2, 5, 0, 6, 0, 0, 14, 5, 7, 16, 13, 0, 0, 0, 0, 0, 3, 9, 2, 9, 0, 11, 0, 8, 0, 0, 2, 0, 0, 3, 2, 3, 1, 6, 0, 14, 7, 6, 0, 0, 6, 0, 0, 0, 2, 6, 0, 13, 6};
weight_ih[38] = {10, -21, -9, 0, -5, 2, 0, 0, -8, -3, -10, -12, 10, 0, 0, 0, -20, -13, 0, -1, 0, -31, -13, 4, -10, 0, 18, 0, 0, 20, 51, 4, -7, 25, 0, 0, 0, 0, 0, 19, 67, 15, 22, 0, 46, 0, 11, 0, 0, 9, 0, 0, -1, -23, 7, -10, 57, 0, -54, 19, -27, 0, 0, -9, 0, 0, 0, 3, -5, 0, 38, 13};
weight_ih[39] = {22, -22, -1, 0, 22, -17, 0, 8, 6, -27, -1, 10, 2, 0, 0, 0, -6, 6, 0, 17, 0, 23, -2, -3, -2, 0, 6, 0, 0, 21, 0, -10, 31, -3, 0, 0, 0, 0, 0, 4, -14, 19, -4, 0, -17, 0, 1, 0, 0, -2, 0, 0, 11, 3, 6, -40, -2, 0, 20, -21, 7, 0, 0, 13, 0, 0, 0, -1, 14, 0, 4, -21};
weight_ih[40] = {-2, -1, 0, 0, 1, -9, 0, 3, -3, 6, 2, 2, -2, 0, 0, 0, 0, 0, 0, 3, 0, -2, 7, 3, -1, 0, 2, 0, 0, 1, 4, 1, 1, 0, 0, 0, 0, 0, 0, -7, 2, 2, -8, 0, 2, 0, -6, 0, 0, 0, 0, 0, 2, 1, 0, 1, -1, 0, -10, -2, 4, 0, 0, 11, 0, 0, 0, 0, 7, 0, -2, 2};
weight_ih[41] = {6, 5, 0, 0, 2, 10, 0, 5, 2, 1, 4, -1, 2, 0, 0, 0, 4, 0, 0, 0, 0, 6, 2, 0, -1, 0, 5, 0, 0, 21, 4, 1, 5, 19, 0, 0, 0, 0, 0, 3, 7, 4, 10, 0, 10, 0, 7, 0, 0, 1, 0, 0, 2, 2, 7, 2, 6, 0, 2, 6, 2, 0, 0, 0, 0, 0, 0, 1, 7, 0, 7, 11};
weight_ih[42] = {21, 3, 2, 0, 20, 20, 0, -12, 5, 8, -11, 14, 0, 0, 0, 0, 9, -8, 0, 7, 0, 15, -8, -19, 6, 0, -21, 0, 0, -6, -1, 5, 2, -3, 0, 0, 0, 0, 0, -25, 21, 0, -23, 0, -13, 0, -20, 0, 0, -11, 0, 0, -3, 14, 20, 19, 0, 0, 28, 2, -24, 0, 0, -4, 0, 0, 0, 2, 15, 0, 39, 5};
weight_ih[43] = {-28, -2, 1, 0, -2, -4, 0, -13, -16, -24, 1, 2, -30, 0, 0, 0, -34, -5, 0, -11, 0, -28, -6, -3, 12, 0, 1, 0, 0, -3, 4, -1, 18, 5, 0, 0, 0, 0, 0, -1, -21, -6, -3, 0, 14, 0, -18, 0, 0, 10, 0, 0, -2, -10, 2, -3, -29, 0, 20, -11, -4, 0, 0, 42, 0, 0, 0, -5, -1, 0, -11, -5};
weight_ih[44] = {16, 18, 15, 0, 7, -55, 0, -11, -29, 29, -18, 5, -14, 0, 0, 0, -23, -5, 0, 10, 0, 5, 27, 26, 7, 0, -3, 0, 0, 5, 10, -12, 3, -2, 0, 0, 0, 0, 0, 54, -11, -29, 1, 0, -21, 0, 7, 0, 0, -23, 0, 0, -23, -10, 8, 14, 29, 0, -4, -24, 16, 0, 0, 50, 0, 0, 0, -16, 9, 0, -44, -46};
weight_ih[45] = {1, 6, 2, 0, 6, 2, 0, -1, 0, 2, 1, 0, -1, 0, 0, 0, 0, 0, 0, 0, 0, 1, 1, -1, 2, 0, 1, 0, 0, 6, 3, 1, 1, 3, 0, 0, 0, 0, 0, 2, 2, 3, 0, 0, 2, 0, 2, 0, 0, 1, 0, 0, 1, -1, 2, 2, 2, 0, 10, 4, 1, 0, 0, 4, 0, 0, 0, 1, 0, 0, 4, 3};
weight_ih[46] = {46, 16, 0, 0, -17, 0, 0, 13, -1, -21, 13, -2, 1, 0, 0, 0, 38, -7, 0, -3, 0, 9, -36, -25, 1, 0, -9, 0, 0, 66, -48, 14, 4, 15, 0, 0, 0, 0, 0, -10, -8, 21, 43, 0, -13, 0, 40, 0, 0, -10, 0, 0, 13, 4, -4, -24, 11, 0, -11, 47, 15, 0, 0, -57, 0, 0, 0, 18, -3, 0, -16, -18};
weight_ih[47] = {-5, -4, 3, 0, 9, 11, 0, 7, 7, 10, 4, 8, 1, 0, 0, 0, -2, 0, 0, 2, 0, -8, 6, -4, 3, 0, 11, 0, 0, 6, 5, 12, -35, 9, 0, 0, 0, 0, 0, 5, 3, 10, 19, 0, 11, 0, 4, 0, 0, 3, 0, 0, 7, -4, 8, 11, -6, 0, 9, -3, 13, 0, 0, 8, 0, 0, 0, 7, 7, 0, 12, 24};
weight_ih[48] = {5, -1, 15, 0, 37, -6, 0, 12, 12, -2, 8, 19, 10, 0, 0, 0, 12, 16, 0, -4, 0, 1, -13, -10, 5, 0, 9, 0, 0, 21, 17, 13, -5, 6, 0, 0, 0, 0, 0, -24, 38, 30, -14, 0, 18, 0, -1, 0, 0, -5, 0, 0, 4, -7, 17, -5, 16, 0, 11, 11, 0, 0, 0, 1, 0, 0, 0, 13, -4, 0, 29, 23};
weight_ih[49] = {-7, 32, 16, 0, -4, 9, 0, 15, -4, -2, -9, 16, 23, 0, 0, 0, -15, 6, 0, -16, 0, -9, -12, 5, 7, 0, 7, 0, 0, 1, 24, -19, -2, -14, 0, 0, 0, 0, 0, 18, 47, -11, 49, 0, 9, 0, 11, 0, 0, 13, 0, 0, -8, 9, -13, -3, 11, 0, 0, 15, 20, 0, 0, 9, 0, 0, 0, 13, -30, 0, 5, 39};
weight_ih[50] = {2, 6, 1, 0, 6, 1, 0, -1, 0, 1, 1, -1, -1, 0, 0, 0, 0, 0, 0, 1, 0, 1, 1, -1, 1, 0, 1, 0, 0, 7, 3, 1, 2, 4, 0, 0, 0, 0, 0, 1, 1, 2, 0, 0, 2, 0, 3, 0, 0, 1, 0, 0, 1, -1, 2, 1, 2, 0, 10, 4, 1, 0, 0, 4, 0, 0, 0, 0, 0, 0, 4, 3};
weight_ih[51] = {13, 9, -3, 0, -25, 34, 0, 28, -17, -17, 6, 1, 14, 0, 0, 0, 2, -11, 0, 19, 0, 29, -6, 13, -19, 0, -11, 0, 0, 51, -49, 12, 16, -9, 0, 0, 0, 0, 0, 63, -17, 42, 14, 0, 0, 0, 33, 0, 0, 6, 0, 0, 10, -12, -14, -1, -3, 0, 0, 40, 45, 0, 0, 14, 0, 0, 0, 12, -29, 0, 3, 10};
weight_ih[52] = {4, 58, 11, 0, -19, -6, 0, -18, 10, 14, -23, -9, -52, 0, 0, 0, 11, -10, 0, 15, 0, -2, -3, -10, 10, 0, 42, 0, 0, 31, -1, -10, 4, 39, 0, 0, 0, 0, 0, -12, -4, 39, -15, 0, 28, 0, -10, 0, 0, -12, 0, 0, -5, 6, 35, 101, -20, 0, -42, 4, 9, 0, 0, 7, 0, 0, 0, -29, 32, 0, -29, 63};
weight_ih[53] = {-11, 20, 9, 0, 14, 24, 0, 9, -18, 7, -13, -15, -5, 0, 0, 0, 4, 1, 0, 12, 0, -23, -2, 3, 8, 0, -12, 0, 0, -3, -11, -10, 5, -11, 0, 0, 0, 0, 0, 25, -26, -16, 15, 0, 17, 0, 50, 0, 0, 25, 0, 0, -12, -13, -21, -23, 23, 0, 26, 10, -1, 0, 0, -3, 0, 0, 0, -8, -32, 0, 6, 4};
weight_ih[54] = {3, 7, 7, 0, 18, 7, 0, 6, 3, 0, 7, 2, 0, 0, 0, 0, -5, 1, 0, -4, 0, -5, 4, -2, 5, 0, 0, 0, 0, 6, 13, -1, 7, -6, 0, 0, 0, 0, 0, -1, 2, 3, 4, 0, 3, 0, -3, 0, 0, 2, 0, 0, 2, 3, -1, 1, 0, 0, 23, 4, 5, 0, 0, 8, 0, 0, 0, -1, 11, 0, 14, 1};
weight_ih[55] = {2, 3, 0, 0, 5, -8, 0, 4, 3, 13, -7, 3, 9, 0, 0, 0, 9, 1, 0, -2, 0, 3, 0, -3, -12, 0, 7, 0, 0, 7, 15, 2, 1, 8, 0, 0, 0, 0, 0, -2, 14, 3, -2, 0, 14, 0, 5, 0, 0, -3, 0, 0, 0, -9, 7, 4, 14, 0, -11, 12, 5, 0, 0, 0, 0, 0, 0, 3, 3, 0, 12, 11};
weight_ih[56] = {-3, 12, 1, 0, -2, 0, 0, 24, 2, -3, 4, 1, 3, 0, 0, 0, -6, -2, 0, -1, 0, -4, 5, 1, 0, 0, 9, 0, 0, 23, 7, 6, 20, 9, 0, 0, 0, 0, 0, 3, 0, 10, 7, 0, 16, 0, 6, 0, 0, 3, 0, 0, 1, 1, -5, -1, 7, 0, 1, -7, 4, 0, 0, 2, 0, 0, 0, 0, 4, 0, 5, 12};
weight_ih[57] = {1, 6, 1, 0, 6, 2, 0, 0, 0, 1, 2, -1, -1, 0, 0, 0, 0, 0, 0, 1, 0, 1, 1, -1, 1, 0, 1, 0, 0, 6, 4, 1, 1, 3, 0, 0, 0, 0, 0, 1, 2, 2, 0, 0, 3, 0, 2, 0, 0, 1, 0, 0, 1, -1, 2, 2, 3, 0, 10, 4, 1, 0, 0, 4, 0, 0, 0, 0, 1, 0, 4, 3};
weight_ih[58] = {1, 6, 2, 0, 6, 1, 0, -2, -1, 1, 1, -1, -1, 0, 0, 0, 0, 0, 0, 0, 0, 1, 0, 0, 2, 0, 1, 0, 0, 6, 3, 1, 2, 3, 0, 0, 0, 0, 0, 2, 1, 2, 1, 0, 2, 0, 3, 0, 0, 1, 0, 0, 1, -1, 2, 2, 2, 0, 10, 5, 0, 0, 0, 4, 0, 0, 0, 1, 0, 0, 4, 3};
weight_ih[59] = {-21, -8, -7, 0, 25, -20, 0, 2, 10, -3, -3, 22, 6, 0, 0, 0, -9, 4, 0, -3, 0, 26, -13, -2, 16, 0, 0, 0, 0, 21, 17, 16, 1, 2, 0, 0, 0, 0, 0, -6, 28, 4, -14, 0, -3, 0, 13, 0, 0, 15, 0, 0, 2, 2, 33, -19, 3, 0, 8, 0, 26, 0, 0, -15, 0, 0, 0, 8, 15, 0, 9, -14};
weight_ih[60] = {4, 6, 10, 0, 2, -13, 0, -6, -14, 27, -7, -4, -4, 0, 0, 0, 4, -8, 0, 1, 0, -9, 22, -18, -31, 0, 28, 0, 0, 35, 53, 16, 3, 2, 0, 0, 0, 0, 0, 21, 40, 21, -13, 0, 7, 0, -40, 0, 0, 0, 0, 0, 19, -21, 15, 42, -15, 0, -31, 23, 29, 0, 0, 19, 0, 0, 0, 7, 31, 0, -45, 22};
weight_ih[61] = {2, 6, 2, 0, 6, 2, 0, -1, 0, 1, 1, -1, 0, 0, 0, 0, 0, 0, 0, 1, 0, 1, 0, 0, 2, 0, 1, 0, 0, 6, 3, 1, 1, 4, 0, 0, 0, 0, 0, 2, 1, 2, 1, 0, 2, 0, 3, 0, 0, 1, 0, 0, 1, -1, 2, 1, 2, 0, 9, 4, 1, 0, 0, 4, 0, 0, 0, 0, 0, 0, 4, 3};
weight_ih[62] = {13, -19, -26, 0, -4, -37, 0, 30, -25, -40, 12, 6, -22, 0, 0, 0, -3, -7, 0, -32, 0, 22, 32, -17, 23, 0, 21, 0, 0, -3, -5, 6, 18, 3, 0, 0, 0, 0, 0, -35, 8, 19, 3, 0, 8, 0, -17, 0, 0, 11, 0, 0, 27, 12, 21, -16, -27, 0, 23, -8, 30, 0, 0, -8, 0, 0, 0, -21, 11, 0, -31, -2};
weight_ih[63] = {-13, 18, 9, 0, -10, 4, 0, -2, -9, 2, 8, -3, 6, 0, 0, 0, 0, -2, 0, -11, 0, -1, -7, 3, -16, 0, 1, 0, 0, 9, 28, -1, 20, 8, 0, 0, 0, 0, 0, 7, 6, -13, 19, 0, -16, 0, -10, 0, 0, 4, 0, 0, 0, -7, -10, 11, 4, 0, -7, 4, 1, 0, 0, 23, 0, 0, 0, 0, 14, 0, -11, 0};
weight_ih[64] = {-37, -20, 2, 0, 30, -2, 0, -7, 13, -34, 14, 18, -2, 0, 0, 0, 16, -4, 0, -11, 0, 33, 13, -3, -23, 0, -18, 0, 0, 3, 30, -18, 8, 2, 0, 0, 0, 0, 0, 4, 20, 2, -50, 0, -5, 0, -12, 0, 0, 16, 0, 0, 12, 27, 9, -38, 14, 0, 15, -4, 8, 0, 0, 75, 0, 0, 0, -34, 17, 0, 27, -32};
weight_ih[65] = {14, 4, -44, 0, -8, 16, 0, 3, 11, 2, 17, 0, 4, 0, 0, 0, 7, 0, 0, -3, 0, 14, 15, -16, -27, 0, 11, 0, 0, -3, -2, 31, 19, 8, 0, 0, 0, 0, 0, -32, -7, -19, 6, 0, 10, 0, -1, 0, 0, 8, 0, 0, -25, 6, 13, -13, -26, 0, 1, -30, -17, 0, 0, 15, 0, 0, 0, -6, 6, 0, 50, -3};
weight_ih[66] = {13, 53, -11, 0, -44, 7, 0, 35, -11, 1, -4, -1, -10, 0, 0, 0, -5, 4, 0, 11, 0, 22, 1, 12, 15, 0, 27, 0, 0, 40, -3, 12, 26, 59, 0, 0, 0, 0, 0, 8, 31, 25, -18, 0, 47, 0, 6, 0, 0, -11, 0, 0, 33, 16, 8, -13, 2, 0, -80, 12, 9, 0, 0, 5, 0, 0, 0, -4, 21, 0, 3, 79};
weight_ih[67] = {-1, 31, -15, 0, -35, -6, 0, 20, 15, -16, -4, 5, -29, 0, 0, 0, 17, -26, 0, 19, 0, 16, -9, -21, -39, 0, 34, 0, 0, 62, 3, -48, 22, 58, 0, 0, 0, 0, 0, -2, 15, 53, -9, 0, 39, 0, -11, 0, 0, 23, 0, 0, 19, -1, 56, -6, -8, 0, -69, 1, 22, 0, 0, 22, 0, 0, 0, -24, 29, 0, -2, 18};
weight_ih[68] = {-6, -12, 15, 0, 9, -39, 0, -15, 28, 22, -22, 19, -18, 0, 0, 0, -3, 14, 0, 40, 0, 2, 5, 5, -7, 0, -11, 0, 0, 42, -13, 7, 7, 13, 0, 0, 0, 0, 0, 2, 10, 23, -11, 0, -8, 0, 1, 0, 0, -10, 0, 0, 3, -13, 11, 14, 7, 0, -19, -24, -14, 0, 0, 21, 0, 0, 0, 0, -39, 0, 27, 20};
weight_ih[69] = {-11, 18, -2, 0, 23, -56, 0, -1, -3, 0, -11, 7, 0, 0, 0, 0, 5, -3, 0, -17, 0, -13, 0, -4, 15, 0, 12, 0, 0, 22, -13, 8, 5, 28, 0, 0, 0, 0, 0, -1, 5, 9, 18, 0, -17, 0, 10, 0, 0, 2, 0, 0, -2, -27, 17, 6, -5, 0, 14, 18, -17, 0, 0, -15, 0, 0, 0, 9, -40, 0, -20, -15};
weight_ih[70] = {-5, 4, -32, 0, -23, -25, 0, -17, 7, -31, 0, -5, -12, 0, 0, 0, -5, 3, 0, -12, 0, 1, -10, 19, -22, 0, -3, 0, 0, 46, -1, -2, 65, 15, 0, 0, 0, 0, 0, 2, 4, 32, -38, 0, 5, 0, -20, 0, 0, 9, 0, 0, 42, -15, 40, -13, 8, 0, -54, 36, 4, 0, 0, 18, 0, 0, 0, -2, -3, 0, -8, 8};
weight_ih[71] = {-49, 6, -1, 0, 11, 14, 0, 1, 9, -13, -8, -13, 2, 0, 0, 0, 8, -10, 0, -1, 0, -3, -1, 16, -7, 0, 1, 0, 0, 27, 5, -6, -1, -3, 0, 0, 0, 0, 0, -10, -19, 13, -39, 0, 2, 0, -13, 0, 0, 38, 0, 0, -4, 45, -17, -27, 30, 0, 4, 27, 32, 0, 0, 2, 0, 0, 0, -21, 15, 0, 11, 0};
weight_ih[72] = {2, 51, -2, 0, -11, -4, 0, 15, 1, 1, 3, 0, 8, 0, 0, 0, -2, 1, 0, -1, 0, 9, -7, 7, -1, 0, -18, 0, 0, -23, -9, 0, 13, -14, 0, 0, 0, 0, 0, -8, -2, 10, -26, 0, -7, 0, -9, 0, 0, -5, 0, 0, 5, 9, -22, -6, 10, 0, -7, 45, -13, 0, 0, -14, 0, 0, 0, 0, -4, 0, -1, -2};
weight_ih[73] = {-28, 37, 42, 0, 27, -59, 0, -37, 46, 30, 13, 47, -9, 0, 0, 0, 2, 60, 0, 4, 0, -44, 26, -35, 39, 0, -30, 0, 0, 21, 2, -16, -15, -5, 0, 0, 0, 0, 0, 19, 11, -28, 10, 0, -94, 0, 7, 0, 0, 2, 0, 0, -28, 8, 63, -5, -14, 0, 31, -3, -14, 0, 0, -31, 0, 0, 0, 30, 4, 0, 5, -17};
weight_ih[74] = {14, 6, -13, 0, -32, 39, 0, -22, -32, -28, 25, 0, 21, 0, 0, 0, -23, -11, 0, -11, 0, -35, -34, 14, 24, 0, -16, 0, 0, 23, -20, -6, 15, 34, 0, 0, 0, 0, 0, -28, 33, -28, 62, 0, -9, 0, 7, 0, 0, -24, 0, 0, -18, 33, 11, -46, 16, 0, 4, 46, 46, 0, 0, 9, 0, 0, 0, 35, 55, 0, -29, 23};
weight_ih[75] = {-17, -30, 7, 0, 13, 4, 0, 20, 7, -31, 56, 19, -40, 0, 0, 0, -4, 70, 0, 8, 0, 26, -37, -26, -9, 0, -21, 0, 0, -1, -3, -5, -25, -103, 0, 0, 0, 0, 0, -56, 27, 18, -27, 0, -14, 0, -43, 0, 0, -6, 0, 0, -20, 30, -22, -50, 71, 0, 8, 21, 5, 0, 0, 39, 0, 0, 0, -5, 7, 0, -17, -46};
weight_ih[76] = {-33, 7, -8, 0, 3, 0, 0, -63, -35, -22, 51, 7, -60, 0, 0, 0, 9, -2, 0, -25, 0, -6, -2, 21, 18, 0, -9, 0, 0, -62, -1, -44, -34, 21, 0, 0, 0, 0, 0, 31, -8, -50, -9, 0, -17, 0, -11, 0, 0, 18, 0, 0, -39, -22, 22, -15, -2, 0, -6, -21, 69, 0, 0, -22, 0, 0, 0, 19, 58, 0, -44, -57};
weight_ih[77] = {2, -15, 0, 0, -3, 0, 0, 0, 0, 0, 0, -1, 0, 0, 0, 0, -1, 0, 0, 0, 0, -3, -1, -16, 0, 0, 0, 0, 0, -2, -2, -1, -34, -7, 0, 0, 0, 0, 0, 0, -1, -1, -2, 0, -1, 0, -2, 0, 0, -2, 0, 0, 0, 1, 0, 0, -2, 0, -11, -8, -4, 0, 0, -2, 0, 0, 0, 0, -1, 0, -2, 0};
weight_ih[78] = {-14, 25, -35, 0, -11, -13, 0, -3, -7, -27, -7, 22, 11, 0, 0, 0, -5, 6, 0, -16, 0, 29, 10, 2, -2, 0, -1, 0, 0, -31, -11, 27, -1, -17, 0, 0, 0, 0, 0, 7, 2, 18, -6, 0, -29, 0, 1, 0, 0, 9, 0, 0, 6, -4, 10, 16, -3, 0, 14, 43, 24, 0, 0, -22, 0, 0, 0, 0, -7, 0, -11, -16};
weight_ih[79] = {10, 8, 25, 0, 6, -63, 0, 29, -15, -4, -86, -15, -6, 0, 0, 0, -26, 4, 0, 42, 0, 1, -31, -63, 18, 0, -11, 0, 0, -1, -15, -41, -17, 13, 0, 0, 0, 0, 0, 7, -36, -16, -18, 0, -47, 0, 22, 0, 0, -7, 0, 0, -15, -21, -22, 15, -29, 0, -8, 10, -41, 0, 0, -39, 0, 0, 0, -20, -52, 0, -54, 15};
weight_ih[80] = {11, 59, -14, 0, -22, 2, 0, -26, 16, -7, 27, -40, -23, 0, 0, 0, 22, -5, 0, 31, 0, 40, -24, -11, -14, 0, -37, 0, 0, 14, -22, -26, -19, 8, 0, 0, 0, 0, 0, -22, -20, 54, 2, 0, 24, 0, -9, 0, 0, -22, 0, 0, -46, 75, 16, -48, 9, 0, -69, -14, 5, 0, 0, 4, 0, 0, 0, 5, 38, 0, -4, 49};
weight_ih[81] = {-23, 23, 28, 0, 13, -42, 0, -13, -25, 25, 26, 20, -46, 0, 0, 0, 63, 10, 0, 61, 0, 0, -52, -28, -11, 0, -25, 0, 0, 50, 2, 2, -11, 51, 0, 0, 0, 0, 0, 5, -65, -16, -4, 0, -94, 0, 34, 0, 0, 19, 0, 0, -39, -24, 33, -40, -24, 0, 23, -83, -25, 0, 0, 57, 0, 0, 0, 0, 2, 0, -60, -5};
weight_ih[82] = {1, 21, -17, 0, 12, 20, 0, -17, -17, -14, -54, -15, -27, 0, 0, 0, -24, -13, 0, -11, 0, 11, -11, 31, 1, 0, -21, 0, 0, -16, 7, 10, -6, -3, 0, 0, 0, 0, 0, -24, -38, 22, -41, 0, -21, 0, -3, 0, 0, -52, 0, 0, 9, 2, 1, 1, -6, 0, 15, 16, 31, 0, 0, -4, 0, 0, 0, -3, 26, 0, 43, -10};
weight_ih[83] = {28, 26, -16, 0, 9, -23, 0, -21, -15, 12, -32, -35, 8, 0, 0, 0, -3, -14, 0, -2, 0, 12, 44, 42, 27, 0, 5, 0, 0, 16, 18, -10, 15, -3, 0, 0, 0, 0, 0, 55, -25, 3, -6, 0, 19, 0, 10, 0, 0, -24, 0, 0, -8, 1, -1, 8, -14, 0, -6, 4, 37, 0, 0, 13, 0, 0, 0, 0, 22, 0, -17, -10};
weight_ih[84] = {34, -17, -53, 0, -90, 23, 0, -13, -42, -56, 27, 6, 12, 0, 0, 0, 51, 6, 0, -38, 0, -33, 44, 64, -69, 0, 21, 0, 0, 9, 135, 8, -2, -39, 0, 0, 0, 0, 0, 18, 0, -6, 60, 0, 44, 0, 67, 0, 0, 11, 0, 0, -16, 64, -14, -15, 57, 0, -67, -40, 0, 0, 0, -9, 0, 0, 0, -3, 130, 0, -5, 8};
weight_ih[85] = {-22, -48, -19, 0, -11, 9, 0, -8, 18, -22, -11, -18, 32, 0, 0, 0, 13, -13, 0, 4, 0, 13, -11, -47, -39, 0, -11, 0, 0, 67, -31, 84, -32, 45, 0, 0, 0, 0, 0, 36, -26, 30, 2, 0, -14, 0, -3, 0, 0, 21, 0, 0, 30, -8, 17, -69, -14, 0, -48, -54, 10, 0, 0, 10, 0, 0, 0, 4, 1, 0, 12, -1};
weight_ih[86] = {37, 89, 35, 0, 21, -1, 0, -39, -4, -37, -8, 35, -39, 0, 0, 0, -17, 1, 0, -2, 0, 37, -4, -30, 20, 0, -55, 0, 0, 91, -42, -5, -63, -4, 0, 0, 0, 0, 0, -6, 8, 74, -12, 0, -24, 0, -48, 0, 0, 8, 0, 0, -61, -8, 69, -13, -6, 0, 19, 39, -17, 0, 0, -28, 0, 0, 0, 21, -15, 0, -57, -13};
weight_ih[87] = {-2, -30, -57, 0, -17, 70, 0, -98, -16, -8, 14, 7, -11, 0, 0, 0, 31, -3, 0, -2, 0, 7, -24, 8, -72, 0, -26, 0, 0, -90, -25, 0, -67, -13, 0, 0, 0, 0, 0, -4, 15, -5, 19, 0, 48, 0, 42, 0, 0, 26, 0, 0, -22, -2, -19, -17, 7, 0, -14, -5, 52, 0, 0, 23, 0, 0, 0, -10, 16, 0, 20, 9};
weight_ih[88] = {-27, 25, -2, 0, 12, 37, 0, 64, 18, -55, 33, -7, 17, 0, 0, 0, -26, 0, 0, 9, 0, 8, -2, 17, 26, 0, 9, 0, 0, 14, 13, 9, 36, 34, 0, 0, 0, 0, 0, -47, -11, 13, 10, 0, 8, 0, -35, 0, 0, 10, 0, 0, 9, 44, -52, -29, -34, 0, 30, -18, 26, 0, 0, -7, 0, 0, 0, 7, 44, 0, -4, 26};
weight_ih[89] = {2, -13, -1, 0, -5, 1, 0, 1, 0, 1, 0, 0, 0, 0, 0, 0, 0, 1, 0, 0, 0, -1, -1, -13, -1, 0, 0, 0, 0, -1, -2, 0, -31, -6, 0, 0, 0, 0, 0, 0, 1, 0, -1, 0, 0, 0, -1, 0, 0, -1, 0, 0, 0, 1, 1, 0, -1, 0, -11, -8, -4, 0, 0, -3, 0, 0, 0, 0, -1, 0, -2, 0};
weight_ih[90] = {2, -14, 0, 0, -5, 1, 0, 0, 0, 1, 0, 0, 0, 0, 0, 0, 0, 1, 0, 0, 0, -2, -1, -14, -1, 0, 0, 0, 0, -1, -2, 1, -33, -5, 0, 0, 0, 0, 0, 0, 0, 0, -1, 0, 0, 0, 0, 0, 0, -1, 0, 0, -1, 1, 0, 1, -1, 0, -11, -8, -4, 0, 0, -3, 0, 0, 0, 0, -1, 0, -3, 1};
weight_ih[91] = {-9, -25, -7, 0, 11, -16, 0, 5, -19, 27, -29, -21, -32, 0, 0, 0, 9, 16, 0, 69, 0, -3, 2, 5, -8, 0, -43, 0, 0, 8, -6, 40, 66, -5, 0, 0, 0, 0, 0, -28, -21, -38, -69, 0, 0, 0, -27, 0, 0, -27, 0, 0, 38, 25, 24, -29, -16, 0, -17, -60, 10, 0, 0, 64, 0, 0, 0, 3, 14, 0, 2, -38};
weight_ih[92] = {2, -13, -1, 0, -5, 1, 0, 1, 0, 1, 0, 0, 1, 0, 0, 0, 0, 0, 0, 0, 0, -1, 0, -14, -1, 0, 0, 0, 0, -1, -2, 0, -31, -4, 0, 0, 0, 0, 0, 0, 0, 0, 0, 0, 0, 0, 0, 0, 0, -1, 0, 0, 0, 1, 1, 1, -2, 0, -12, -7, -5, 0, 0, -2, 0, 0, 0, 0, -1, 0, -3, 0};
weight_ih[93] = {22, -26, -18, 0, 11, 11, 0, 14, -16, 44, -16, 5, -4, 0, 0, 0, 29, -42, 0, -3, 0, 6, -16, -10, 1, 0, 22, 0, 0, -30, 3, -7, 40, -13, 0, 0, 0, 0, 0, 14, 17, -37, 15, 0, -7, 0, 19, 0, 0, -6, 0, 0, 5, -15, -8, 22, 24, 0, 32, -32, -1, 0, 0, 7, 0, 0, 0, 2, -17, 0, 10, -5};
weight_ih[94] = {-41, -33, -10, 0, -11, -19, 0, -73, -19, -13, -10, 3, -3, 0, 0, 0, -5, 6, 0, -4, 0, -8, -9, 14, -14, 0, -14, 0, 0, 34, -30, -22, -44, -25, 0, 0, 0, 0, 0, -10, -10, 20, 1, 0, -7, 0, -28, 0, 0, -26, 0, 0, -26, -20, 30, -23, 7, 0, -31, -36, -9, 0, 0, -23, 0, 0, 0, 5, 6, 0, -14, 18};
weight_ih[95] = {22, 20, -13, 0, -4, -8, 0, 8, -11, 12, -36, 25, -18, 0, 0, 0, 29, 1, 0, 27, 0, 1, 3, -16, 38, 0, -38, 0, 0, 18, -44, -11, -30, -12, 0, 0, 0, 0, 0, 52, 49, 29, 18, 0, 12, 0, 59, 0, 0, 17, 0, 0, -17, 3, 6, -23, 48, 0, -9, 7, -22, 0, 0, -25, 0, 0, 0, -9, -57, 0, 9, 17};
weight_ih[96] = {113, -29, -42, 0, -57, 14, 0, 17, -2, -98, 35, 14, 10, 0, 0, 0, -18, 20, 0, -97, 0, 37, -28, -8, -16, 0, 64, 0, 0, 44, 34, 38, 2, 41, 0, 0, 0, 0, 0, -50, 6, 27, 130, 0, 22, 0, 67, 0, 0, 51, 0, 0, 5, 27, 50, -1, -14, 0, -36, -7, -74, 0, 0, -68, 0, 0, 0, 18, 10, 0, -34, 41};
weight_ih[97] = {-14, -7, -24, 0, 11, -29, 0, 42, 17, 18, 18, 5, 5, 0, 0, 0, -16, 25, 0, 15, 0, 1, 5, 17, 6, 0, -28, 0, 0, -39, 0, -19, 20, -30, 0, 0, 0, 0, 0, 33, 10, -39, -22, 0, 31, 0, -14, 0, 0, -5, 0, 0, -9, 5, -17, 3, -27, 0, -13, -17, 27, 0, 0, 19, 0, 0, 0, 24, -7, 0, 16, 2};
weight_ih[98] = {15, -32, -11, 0, 6, 26, 0, 19, -2, -29, 24, -11, -22, 0, 0, 0, -3, 0, 0, -23, 0, -1, 26, -28, -35, 0, 24, 0, 0, -32, -48, 3, -32, 3, 0, 0, 0, 0, 0, -20, -35, 24, 10, 0, -43, 0, -10, 0, 0, 3, 0, 0, 30, 6, -44, -13, -15, 0, 34, -62, 4, 0, 0, 31, 0, 0, 0, -17, -14, 0, 44, -2};
weight_ih[99] = {-27, 34, 5, 0, 11, -7, 0, 19, 19, 34, 27, -35, -42, 0, 0, 0, -7, -1, 0, 20, 0, -28, 57, -40, 23, 0, -19, 0, 0, 21, -75, -23, 22, 27, 0, 0, 0, 0, 0, -45, -52, -31, -45, 0, 19, 0, 3, 0, 0, 14, 0, 0, -5, 31, 7, -31, -43, 0, 6, -71, 8, 0, 0, 32, 0, 0, 0, 19, -24, 0, 9, 10};
weight_ih[100] = {13, 1, -16, 0, -19, 19, 0, -33, 12, -42, 10, 36, 5, 0, 0, 0, 2, -1, 0, -6, 0, 11, -8, -1, 3, 0, -21, 0, 0, 36, 0, -50, 6, -7, 0, 0, 0, 0, 0, -7, 37, 22, 12, 0, 18, 0, -3, 0, 0, -10, 0, 0, -10, 13, 45, -61, 15, 0, -34, 14, 0, 0, 0, -20, 0, 0, 0, 5, 0, 0, 18, -6};
weight_ih[101] = {-9, 27, -33, 0, 38, -5, 0, -2, 10, -78, -10, 25, -11, 0, 0, 0, -49, 13, 0, -28, 0, 48, -14, -11, 42, 0, -14, 0, 0, 25, -25, -47, -12, 1, 0, 0, 0, 0, 0, -9, 1, 25, 41, 0, -76, 0, -23, 0, 0, -12, 0, 0, 34, 13, 13, -84, -48, 0, 24, -17, -12, 0, 0, -18, 0, 0, 0, -20, -32, 0, 19, -13};
weight_ih[102] = {-61, 23, -36, 0, 43, -82, 0, 2, 15, -24, 65, 18, 38, 0, 0, 0, -15, 6, 0, -43, 0, 27, -14, -32, 3, 0, -16, 0, 0, 17, 76, -2, -60, 28, 0, 0, 0, 0, 0, -29, 52, 1, 2, 0, -59, 0, -70, 0, 0, 12, 0, 0, -14, -8, 34, 35, -20, 0, 10, 0, -83, 0, 0, 8, 0, 0, 0, -11, 2, 0, 53, -17};
weight_ih[103] = {26, -28, -28, 0, 10, -14, 0, -7, 7, 13, 3, -12, 22, 0, 0, 0, 17, 4, 0, 6, 0, -10, 19, -13, -29, 0, 64, 0, 0, -3, 53, 29, 3, -26, 0, 0, 0, 0, 0, -2, 24, -43, -28, 0, -16, 0, -35, 0, 0, 11, 0, 0, 23, 9, 13, 5, -16, 0, -30, -25, 10, 0, 0, 53, 0, 0, 0, 25, 37, 0, 25, -26};
weight_ih[104] = {-25, 7, -26, 0, -32, -47, 0, 6, -10, -12, -16, -17, -18, 0, 0, 0, 0, -38, 0, -6, 0, -19, 52, 7, -31, 0, 13, 0, 0, 9, 12, -7, -15, -4, 0, 0, 0, 0, 0, 9, -13, -15, -9, 0, -1, 0, 4, 0, 0, 44, 0, 0, -11, -38, -13, 9, -13, 0, -24, -22, 45, 0, 0, 27, 0, 0, 0, -30, 15, 0, 5, 6};
weight_ih[105] = {33, 66, -25, 0, -1, -18, 0, 14, 23, -75, -8, -1, -10, 0, 0, 0, -30, -1, 0, -11, 0, -3, -22, 41, 28, 0, 2, 0, 0, 32, -11, 28, 94, 9, 0, 0, 0, 0, 0, 3, -51, -14, 32, 0, 10, 0, 21, 0, 0, -19, 0, 0, 4, 68, -38, -27, -32, 0, 23, -60, -16, 0, 0, 31, 0, 0, 0, 3, 28, 0, -7, 7};
weight_ih[106] = {1, -15, 0, 0, -4, 1, 0, -1, 0, 0, -1, -1, 0, 0, 0, 0, 0, 0, 0, 0, 0, -2, -1, -15, -1, 0, 0, 0, 0, -2, -2, -1, -34, -6, 0, 0, 0, 0, 0, 0, 0, 0, -1, 0, 0, 0, -1, 0, 0, -1, 0, 0, -1, 1, 0, 0, -1, 0, -12, -8, -5, 0, 0, -2, 0, 0, 0, 0, -2, 0, -2, 0};
weight_ih[107] = {15, 18, -4, 0, -32, -13, 0, 24, -30, -9, -9, 36, 21, 0, 0, 0, -8, 3, 0, 19, 0, -5, 20, -8, -24, 0, 31, 0, 0, -6, -28, 1, 34, -2, 0, 0, 0, 0, 0, -13, 28, 28, 4, 0, 7, 0, 11, 0, 0, -19, 0, 0, 45, -12, -9, -25, 0, 0, -23, -35, 8, 0, 0, 34, 0, 0, 0, -15, -8, 0, -25, 26};
weight_ih[108] = {4, 35, 4, 0, -22, -23, 0, -2, 10, -14, -10, 28, -16, 0, 0, 0, -11, -3, 0, -4, 0, 56, -26, -8, -10, 0, -13, 0, 0, 15, 4, -14, -30, 18, 0, 0, 0, 0, 0, 9, 12, 38, 6, 0, 16, 0, 9, 0, 0, -4, 0, 0, 26, 13, 30, -6, 13, 0, -62, 7, 1, 0, 0, -2, 0, 0, 0, 18, -51, 0, 3, 41};
weight_ih[109] = {4, -9, -2, 0, 22, 27, 0, -5, 4, 43, -9, 14, 1, 0, 0, 0, -6, -14, 0, 36, 0, 28, 44, 14, 7, 0, -23, 0, 0, -24, -47, -19, -49, -17, 0, 0, 0, 0, 0, -26, -46, 5, -4, 0, -9, 0, -10, 0, 0, -50, 0, 0, 12, -11, 21, 5, -49, 0, 46, 15, -20, 0, 0, 41, 0, 0, 0, 10, -37, 0, 47, 24};
weight_ih[110] = {1, 59, 0, 0, -3, -15, 0, -15, 5, 10, -13, 37, 14, 0, 0, 0, 11, 1, 0, 3, 0, 55, -12, -16, 2, 0, -11, 0, 0, 71, 6, -18, -33, 30, 0, 0, 0, 0, 0, 5, 40, 47, -8, 0, -53, 0, -26, 0, 0, -6, 0, 0, 5, 18, 61, -13, -8, 0, -48, 34, 7, 0, 0, -2, 0, 0, 0, -7, -28, 0, -7, -4};
weight_ih[111] = {-6, -17, -43, 0, 21, 16, 0, 13, -11, -48, 22, -4, 3, 0, 0, 0, 21, -31, 0, -26, 0, 64, -23, -4, 24, 0, -1, 0, 0, -28, -46, -12, 9, -12, 0, 0, 0, 0, 0, -15, 2, -41, -7, 0, 20, 0, 4, 0, 0, 9, 0, 0, -35, -11, -2, -113, 15, 0, 26, 9, -7, 0, 0, -11, 0, 0, 0, -4, -13, 0, 26, -14};
weight_ih[112] = {-6, 7, -25, 0, -49, 22, 0, -19, -29, 4, 32, 20, 2, 0, 0, 0, -20, 1, 0, 12, 0, 3, 13, -68, -35, 0, 14, 0, 0, 35, -10, -31, -58, 8, 0, 0, 0, 0, 0, -29, 33, 18, -15, 0, -4, 0, 16, 0, 0, 27, 0, 0, -2, -7, 6, -46, -8, 0, -46, 4, 20, 0, 0, -8, 0, 0, 0, -9, -13, 0, 16, -10};
weight_ih[113] = {-3, -14, -1, 0, -8, -5, 0, -5, -1, -3, -2, -2, 0, 0, 0, 0, -3, 0, 0, -1, 0, -6, -4, -14, -2, 0, -7, 0, 0, -20, -6, -2, -32, -20, 0, 0, 0, 0, 0, -2, -9, -4, -11, 0, -12, 0, -9, 0, 0, -3, 0, 0, -2, -1, -7, -1, -4, 0, -15, -10, -8, 0, 0, -7, 0, 0, 0, -1, -6, 0, -6, -8};
weight_ih[114] = {-3, 20, 4, 0, -1, -6, 0, 18, 48, -12, 15, 4, 7, 0, 0, 0, 37, -4, 0, 0, 0, -13, -26, 5, -8, 0, -15, 0, 0, 0, 16, -22, 31, 10, 0, 0, 0, 0, 0, -28, -55, -36, 33, 0, -36, 0, 62, 0, 0, -3, 0, 0, 24, -20, -10, -25, 87, 0, 6, 24, 8, 0, 0, -10, 0, 0, 0, -16, -21, 0, 28, -35};
weight_ih[115] = {0, -2, -10, 0, 31, -18, 0, -6, -43, 19, 35, 24, -5, 0, 0, 0, -4, 34, 0, -2, 0, 7, 29, 22, 11, 0, 14, 0, 0, -37, 11, -25, 39, -11, 0, 0, 0, 0, 0, 50, 15, -30, -9, 0, -6, 0, 31, 0, 0, 44, 0, 0, -3, -60, 14, 2, -38, 0, 47, -16, 12, 0, 0, -40, 0, 0, 0, 11, -24, 0, -43, -2};
weight_ih[116] = {42, -23, -26, 0, -24, 46, 0, 21, -20, -36, 32, 35, 61, 0, 0, 0, -15, 41, 0, -46, 0, 36, -16, 14, -34, 0, -26, 0, 0, 6, 24, 16, -17, 22, 0, 0, 0, 0, 0, -70, 67, 6, 60, 0, -34, 0, -33, 0, 0, -9, 0, 0, -11, -40, 52, -15, -26, 0, -25, -5, -41, 0, 0, -41, 0, 0, 0, 37, 35, 0, 52, 17};
weight_ih[117] = {2, -14, -1, 0, -5, 1, 0, 0, 0, 0, 0, 0, 0, 0, 0, 0, 0, 0, 0, 0, 0, -2, 0, -15, -2, 0, 0, 0, 0, -1, -3, 0, -34, -6, 0, 0, 0, 0, 0, 0, 0, 0, -1, 0, 0, 0, -1, 0, 0, 0, 0, 0, -1, 1, 0, 0, -1, 0, -12, -8, -4, 0, 0, -3, 0, 0, 0, 0, -2, 0, -3, 0};
weight_ih[118] = {-5, 30, -14, 0, 28, -8, 0, 1, 8, -75, -30, 9, 23, 0, 0, 0, 12, 11, 0, -1, 0, 20, -29, 29, 29, 0, -40, 0, 0, 27, -21, 35, 22, 20, 0, 0, 0, 0, 0, -35, 6, -2, 0, 0, 39, 0, -19, 0, 0, -21, 0, 0, 3, 26, 1, -68, -12, 0, -3, -3, 3, 0, 0, -43, 0, 0, 0, -7, -4, 0, 16, 12};
weight_ih[119] = {-5, -4, -25, 0, -14, 2, 0, -9, 2, -21, -8, 6, -29, 0, 0, 0, 3, -23, 0, -56, 0, 6, 6, -23, -54, 0, 26, 0, 0, -11, -23, -36, -3, -31, 0, 0, 0, 0, 0, -14, 1, -31, -21, 0, -1, 0, -23, 0, 0, 21, 0, 0, -7, 2, -31, 12, 19, 0, -31, -10, 48, 0, 0, 14, 0, 0, 0, -20, -28, 0, 2, -47};
weight_ih[120] = {-8, 54, -38, 0, 9, -22, 0, -24, 2, -37, 3, -60, 11, 0, 0, 0, 16, 1, 0, 31, 0, 8, 0, 41, -5, 0, 8, 0, 0, 40, -28, 5, 49, 57, 0, 0, 0, 0, 0, 24, -70, -75, 8, 0, -34, 0, 0, 0, 0, -11, 0, 0, 12, 22, -14, -33, 35, 0, 7, 16, 38, 0, 0, 42, 0, 0, 0, -12, 30, 0, -24, -47};
weight_ih[121] = {-37, 25, -44, 0, 13, 0, 0, -16, 2, -16, 10, 0, -8, 0, 0, 0, 3, -35, 0, 3, 0, -1, -11, -3, -11, 0, -29, 0, 0, 23, 9, 5, -17, 15, 0, 0, 0, 0, 0, -29, -39, 14, 11, 0, -33, 0, -13, 0, 0, 4, 0, 0, -27, 2, -12, -9, 32, 0, -4, 20, -60, 0, 0, -25, 0, 0, 0, -25, 26, 0, 19, -17};
weight_ih[122] = {1, -15, -1, 0, -4, 1, 0, 0, 0, 0, 0, 0, 0, 0, 0, 0, -1, 0, 0, 0, 0, -2, -1, -15, -1, 0, 0, 0, 0, -2, -2, 0, -33, -6, 0, 0, 0, 0, 0, 0, 0, 0, -1, 0, 0, 0, -1, 0, 0, -1, 0, 0, -1, 1, -1, 0, -1, 0, -12, -8, -5, 0, 0, -3, 0, 0, 0, 0, -1, 0, -3, 0};
weight_ih[123] = {-13, -31, 3, 0, 13, -14, 0, 11, -3, -29, -2, -11, -3, 0, 0, 0, 14, 5, 0, 10, 0, -16, -16, 13, 34, 0, -7, 0, 0, 5, -10, -19, -20, 17, 0, 0, 0, 0, 0, 21, -22, 34, 7, 0, 1, 0, 49, 0, 0, -10, 0, 0, -5, -11, -23, -26, 20, 0, 25, -6, -14, 0, 0, -56, 0, 0, 0, -16, 17, 0, 2, 0};
weight_ih[124] = {31, -18, 45, 0, -13, -7, 0, -24, -22, 13, 7, -5, 6, 0, 0, 0, -8, -4, 0, 33, 0, 32, 12, -7, -23, 0, 2, 0, 0, -18, 3, -12, -21, 13, 0, 0, 0, 0, 0, -11, 16, 11, 0, 0, -22, 0, -1, 0, 0, -32, 0, 0, -39, -18, 20, 14, -25, 0, -45, -28, -15, 0, 0, -31, 0, 0, 0, 11, 11, 0, -16, 6};
weight_ih[125] = {-7, 31, 56, 0, -16, 8, 0, 23, 14, 28, -2, 6, 4, 0, 0, 0, 3, -1, 0, 8, 0, 28, -11, 15, -13, 0, -33, 0, 0, -11, 5, -3, 27, -8, 0, 0, 0, 0, 0, -1, 24, -1, -24, 0, 47, 0, -17, 0, 0, 20, 0, 0, -40, 30, -8, 17, -7, 0, -27, 4, -7, 0, 0, 39, 0, 0, 0, 1, -52, 0, -9, 17};
weight_ih[126] = {-36, 18, -14, 0, -47, 43, 0, -44, -27, 22, 4, 2, 3, 0, 0, 0, 29, -1, 0, -30, 0, 32, 65, 8, -41, 0, -7, 0, 0, -37, 11, 5, 19, 32, 0, 0, 0, 0, 0, 13, 19, 8, -8, 0, 39, 0, -48, 0, 0, -8, 0, 0, -43, 16, 8, -4, -3, 0, -28, -12, 67, 0, 0, 25, 0, 0, 0, 18, 24, 0, -29, 13};
weight_ih[127] = {26, 21, 27, 0, -34, 71, 0, -19, 22, 9, 57, -15, 17, 0, 0, 0, -62, 32, 0, 27, 0, -22, -17, 19, -12, 0, 8, 0, 0, 2, -1, -40, 8, -8, 0, 0, 0, 0, 0, -40, -41, -25, 86, 0, 19, 0, 39, 0, 0, 44, 0, 0, -21, 38, 17, -45, 8, 0, -19, -22, -19, 0, 0, -6, 0, 0, 0, 30, -28, 0, 1, 3};
weight_ih[128] = {-11, 44, -4, 0, -32, -20, 0, 3, -14, -11, -5, 3, -15, 0, 0, 0, -11, -11, 0, -5, 0, 4, -12, -5, -9, 0, -18, 0, 0, 16, -17, 37, -3, 15, 0, 0, 0, 0, 0, 1, -6, 36, -9, 0, -6, 0, -15, 0, 0, 6, 0, 0, -5, 5, -2, -5, -11, 0, -27, 45, -5, 0, 0, -29, 0, 0, 0, 15, -25, 0, -43, 35};
weight_ih[129] = {1, -13, 0, 0, -4, 1, 0, 0, 0, 0, 0, -1, 0, 0, 0, 0, 0, 0, 0, 0, 0, -2, 0, -15, -1, 0, -1, 0, 0, -1, -3, 0, -34, -6, 0, 0, 0, 0, 0, 0, -1, 0, -2, 0, 0, 0, -1, 0, 0, -1, 0, 0, -1, 1, 0, 0, -1, 0, -11, -7, -4, 0, 0, -3, 0, 0, 0, 0, -1, 0, -2, 0};
weight_ih[130] = {2, -15, 0, 0, -4, 0, 0, 0, 0, 1, 0, 0, 0, 0, 0, 0, -1, 0, 0, 0, 0, -3, 0, -16, -1, 0, 0, 0, 0, -1, -2, -1, -36, -6, 0, 0, 0, 0, 0, 1, 0, 0, -1, 0, 0, 0, -1, 0, 0, -1, 0, 0, 0, 1, 1, 1, -2, 0, -11, -8, -4, 0, 0, -2, 0, 0, 0, 0, -1, 0, -3, 1};
weight_ih[131] = {47, 79, 3, 0, -33, 91, 0, 17, 22, -22, 7, -46, 32, 0, 0, 0, -2, -21, 0, -15, 0, -19, -18, -25, -2, 0, 24, 0, 0, 12, -7, -30, 32, 56, 0, 0, 0, 0, 0, -31, -57, 1, 33, 0, -17, 0, 43, 0, 0, -7, 0, 0, 2, 9, -64, -32, -54, 0, 12, 8, -14, 0, 0, -39, 0, 0, 0, 8, 47, 0, 23, 42};
weight_ih[132] = {3, -30, 24, 0, 42, 8, 0, 5, 40, -1, -15, 10, -22, 0, 0, 0, -47, 34, 0, -17, 0, 1, 10, -3, 18, 0, -19, 0, 0, 7, 79, 0, -16, 62, 0, 0, 0, 0, 0, -9, -9, -15, -15, 0, -19, 0, 14, 0, 0, 28, 0, 0, 11, -8, 16, -34, -10, 0, 16, -16, 28, 0, 0, 22, 0, 0, 0, 53, -9, 0, 36, -11};
weight_ih[133] = {2, -13, -1, 0, -4, 1, 0, 0, 0, 0, 0, 0, 0, 0, 0, 0, -1, 0, 0, -1, 0, -2, 0, -15, -1, 0, 0, 0, 0, -1, -3, 0, -33, -6, 0, 0, 0, 0, 0, 0, -1, 0, -1, 0, -1, 0, -1, 0, 0, -1, 0, 0, 0, 1, 0, 0, -2, 0, -11, -8, -4, 0, 0, -2, 0, 0, 0, 0, -1, 0, -3, 0};
weight_ih[134] = {42, -24, 0, 0, -36, 19, 0, -7, 28, -25, 19, -20, 32, 0, 0, 0, -24, 29, 0, -40, 0, 6, -25, -2, -18, 0, -7, 0, 0, -16, -25, -22, -32, 17, 0, 0, 0, 0, 0, 7, 27, -35, 94, 0, 31, 0, 54, 0, 0, 9, 0, 0, -48, -6, -9, -43, 53, 0, -25, -19, -20, 0, 0, 16, 0, 0, 0, 26, -17, 0, 9, 19};
weight_ih[135] = {-31, -17, -24, 0, -14, -36, 0, 5, -27, 19, 24, -38, 24, 0, 0, 0, 30, 4, 0, 44, 0, -23, -43, 33, -8, 0, -11, 0, 0, -4, -45, 42, -35, -18, 0, 0, 0, 0, 0, 74, -13, 10, 11, 0, 2, 0, 94, 0, 0, 66, 0, 0, -19, -9, -46, -45, 11, 0, -3, 24, -7, 0, 0, -3, 0, 0, 0, 9, -42, 0, -39, 7};
weight_ih[136] = {67, 5, -47, 0, -11, 10, 0, 16, 2, 38, 23, -41, 34, 0, 0, 0, 40, -63, 0, 17, 0, -23, 32, -14, 10, 0, 66, 0, 0, 22, -36, 7, -15, -10, 0, 0, 0, 0, 0, -13, -32, -20, 21, 0, 23, 0, 48, 0, 0, 61, 0, 0, -4, 8, 19, -44, 21, 0, 2, 62, -19, 0, 0, -32, 0, 0, 0, 5, 11, 0, -33, -10};
weight_ih[137] = {13, -69, 19, 0, -14, 46, 0, -33, -12, -7, -11, 2, -23, 0, 0, 0, 87, 18, 0, -2, 0, -12, -8, -29, 3, 0, 12, 0, 0, -28, -60, -59, -60, -13, 0, 0, 0, 0, 0, 42, -25, 9, 9, 0, 42, 0, 51, 0, 0, 37, 0, 0, 9, -58, -2, -62, 66, 0, -10, -50, 6, 0, 0, 12, 0, 0, 0, -18, -34, 0, -15, 3};
weight_ih[138] = {9, -6, -47, 0, -18, 3, 0, -6, -17, -44, 6, 3, -30, 0, 0, 0, 27, -39, 0, -23, 0, 29, -13, 34, -24, 0, -21, 0, 0, -45, -21, 11, 49, 22, 0, 0, 0, 0, 0, -44, 25, -9, -14, 0, 13, 0, 33, 0, 0, -25, 0, 0, -7, -16, 1, 12, -36, 0, 28, 10, 12, 0, 0, -36, 0, 0, 0, -14, 44, 0, 12, 23};
weight_ih[139] = {27, -10, -8, 0, -1, -32, 0, -25, -17, 9, -6, 14, -10, 0, 0, 0, 12, 4, 0, 10, 0, 12, 6, -14, 21, 0, -2, 0, 0, -62, 20, -35, -34, -34, 0, 0, 0, 0, 0, 36, 54, -15, -8, 0, 14, 0, 2, 0, 0, 19, 0, 0, -3, 12, 64, 31, -12, 0, 7, -24, 16, 0, 0, -15, 0, 0, 0, 13, 32, 0, -17, 26};
weight_ih[140] = {19, 19, 1, 0, -57, 22, 0, 4, -8, -24, 9, -31, -21, 0, 0, 0, 16, 46, 0, -35, 0, -20, 15, 34, 26, 0, -35, 0, 0, -17, -89, 24, -28, 43, 0, 0, 0, 0, 0, 51, -16, 11, 89, 0, 2, 0, 65, 0, 0, 14, 0, 0, -42, 43, -1, -18, -17, 0, -3, 24, 5, 0, 0, -52, 0, 0, 0, -9, -80, 0, -64, 21};
weight_ih[141] = {29, -13, 18, 0, 0, 17, 0, -29, 7, -49, 4, -51, 5, 0, 0, 0, -35, 6, 0, -40, 0, -38, -23, 6, 22, 0, 46, 0, 0, 20, -11, -46, -29, -9, 0, 0, 0, 0, 0, 46, 0, 1, 87, 0, -5, 0, -58, 0, 0, -46, 0, 0, -2, -2, -25, -52, 109, 0, 5, -16, 13, 0, 0, -2, 0, 0, 0, 12, -35, 0, -19, 25};
weight_ih[142] = {24, 34, -35, 0, 16, -26, 0, 3, 25, 0, 8, 12, -25, 0, 0, 0, -52, 14, 0, 13, 0, -24, -7, -22, 44, 0, 3, 0, 0, 0, 1, 44, 9, -19, 0, 0, 0, 0, 0, -14, 10, 17, 37, 0, -35, 0, -9, 0, 0, -35, 0, 0, 7, 24, -17, 27, 24, 0, 68, 6, -51, 0, 0, 18, 0, 0, 0, 13, -11, 0, 10, 41};
weight_ih[143] = {-5, 16, -19, 0, 37, -11, 0, 12, 13, 13, -22, -26, 6, 0, 0, 0, 16, 22, 0, 45, 0, 8, -20, -39, 0, 0, -1, 0, 0, -4, 8, 17, -22, 9, 0, 0, 0, 0, 0, 0, 1, 0, -17, 0, 10, 0, -1, 0, 0, -19, 0, 0, -13, -16, -32, -49, 26, 0, -8, 15, 25, 0, 0, 28, 0, 0, 0, 8, -8, 0, 0, 17};
weight_ih[144] = {33, 14, 1, 0, 46, 13, 0, 18, -8, -21, 1, 5, 5, 0, 0, 0, 2, -26, 0, -6, 0, 32, -15, -12, 1, 0, 0, 0, 0, -17, -2, 22, 19, -10, 0, 0, 0, 0, 0, -9, 22, -14, -1, 0, 11, 0, -11, 0, 0, 8, 0, 0, -9, 2, -16, -18, 1, 0, 77, -12, -14, 0, 0, -10, 0, 0, 0, 12, -22, 0, 5, 25};
weight_ih[145] = {-43, 30, -12, 0, 94, -80, 0, -53, 1, 20, -26, -34, -16, 0, 0, 0, 6, -5, 0, 28, 0, -41, 24, -1, 96, 0, 17, 0, 0, -20, 7, -2, 14, 29, 0, 0, 0, 0, 0, -3, -70, 3, -22, 0, -68, 0, -25, 0, 0, -16, 0, 0, 3, -41, -20, -12, -23, 0, 80, 29, 31, 0, 0, -2, 0, 0, 0, -9, 20, 0, 7, -44};
weight_ih[146] = {-68, 37, 61, 0, 25, 55, 0, 8, -8, -38, -2, -12, -10, 0, 0, 0, -40, 0, 0, -10, 0, -10, 6, 19, 7, 0, -13, 0, 0, 19, 20, 10, -14, 38, 0, 0, 0, 0, 0, -26, -62, 1, -33, 0, 29, 0, -84, 0, 0, -6, 0, 0, -31, -15, -9, -14, -56, 0, 13, -16, 42, 0, 0, -13, 0, 0, 0, -13, 53, 0, -24, 21};
weight_ih[147] = {22, 29, 27, 0, -10, 19, 0, 13, 34, 20, -41, 0, 1, 0, 0, 0, -16, 28, 0, 20, 0, 62, -19, 7, -49, 0, -36, 0, 0, 6, 101, -10, 49, -19, 0, 0, 0, 0, 0, -11, -5, -20, -9, 0, -41, 0, -31, 0, 0, -26, 0, 0, -25, 12, 15, 7, 17, 0, -13, 50, -25, 0, 0, 21, 0, 0, 0, -15, 44, 0, 31, -49};
weight_ih[148] = {12, -12, -3, 0, 8, -12, 0, 24, 20, 33, 4, -9, 27, 0, 0, 0, 4, 10, 0, 9, 0, 1, 1, -18, 16, 0, 21, 0, 0, -54, -15, 18, -12, 11, 0, 0, 0, 0, 0, -12, -4, -3, -5, 0, 11, 0, -12, 0, 0, -3, 0, 0, 4, -7, -9, 0, -1, 0, 9, 28, -27, 0, 0, 47, 0, 0, 0, 2, -68, 0, 23, 9};
weight_ih[149] = {4, 22, 4, 0, 19, 7, 0, 0, 0, 5, 4, 0, -1, 0, 0, 0, 1, 0, 0, 3, 0, 7, 4, 9, 5, 0, 5, 0, 0, 19, 9, 1, 22, 16, 0, 0, 0, 0, 0, 7, 6, 7, 4, 0, 9, 0, 9, 0, 0, 4, 0, 0, 3, 0, 7, 4, 6, 0, 33, 15, 6, 0, 0, 12, 0, 0, 0, 1, 5, 0, 15, 10};
weight_ih[150] = {34, 20, 52, 0, 59, -13, 0, -43, 45, -39, 9, -2, -52, 0, 0, 0, -27, 7, 0, -15, 0, -37, 11, -3, 57, 0, 19, 0, 0, -2, 23, -17, -11, 6, 0, 0, 0, 0, 0, 27, -56, -34, -10, 0, -4, 0, -25, 0, 0, -4, 0, 0, -25, -32, 9, 53, -6, 0, 66, 3, -6, 0, 0, 1, 0, 0, 0, -4, 14, 0, 3, 15};
weight_ih[151] = {-24, -29, 43, 0, -16, 79, 0, -2, -60, 17, 23, -10, -12, 0, 0, 0, -7, 18, 0, -50, 0, 35, 23, -46, -18, 0, 17, 0, 0, -24, 2, -47, -51, -1, 0, 0, 0, 0, 0, -27, 44, -12, 11, 0, 49, 0, 14, 0, 0, 25, 0, 0, -36, -18, 9, 86, 1, 0, -48, -13, 23, 0, 0, 13, 0, 0, 0, 21, 32, 0, 17, -25};
weight_ih[152] = {-6, -29, 13, 0, -52, 32, 0, 38, -9, 1, -14, 17, -1, 0, 0, 0, 46, 2, 0, 0, 0, 57, 6, -55, -56, 0, 44, 0, 0, 26, 5, 0, -25, -16, 0, 0, 0, 0, 0, -7, 63, 8, 20, 0, 40, 0, 20, 0, 0, 2, 0, 0, 29, 22, 48, -24, 7, 0, -80, 9, 7, 0, 0, -36, 0, 0, 0, 1, -13, 0, -8, 26};
weight_ih[153] = {-17, -5, 10, 0, -35, 33, 0, -12, -22, 7, 51, 35, 51, 0, 0, 0, -9, 23, 0, 10, 0, 23, 15, -26, -30, 0, 44, 0, 0, -22, -21, -50, 44, 22, 0, 0, 0, 0, 0, 70, 26, 10, 39, 0, -10, 0, 49, 0, 0, 38, 0, 0, -31, -46, 23, 0, -22, 0, -2, -13, 64, 0, 0, -18, 0, 0, 0, -8, 25, 0, -52, 4};
weight_ih[154] = {-11, 2, 19, 0, 53, -10, 0, 0, -19, 1, 46, -48, -10, 0, 0, 0, 7, -2, 0, -5, 0, -6, -4, -35, 27, 0, 11, 0, 0, -50, 8, -11, -90, -17, 0, 0, 0, 0, 0, -21, 3, 15, 46, 0, 29, 0, -12, 0, 0, 11, 0, 0, -8, -7, -68, 33, -5, 0, 73, 58, 53, 0, 0, 32, 0, 0, 0, -8, 24, 0, 19, 35};
weight_ih[155] = {36, 21, -36, 0, -35, 44, 0, -36, -26, -52, 33, -30, -16, 0, 0, 0, -36, -17, 0, -47, 0, -36, 37, -3, -17, 0, 35, 0, 0, -24, 17, -14, -86, -7, 0, 0, 0, 0, 0, -16, -49, 16, 58, 0, 62, 0, 35, 0, 0, 25, 0, 0, -13, -8, -50, 38, -3, 0, -3, 46, -16, 0, 0, -44, 0, 0, 0, -1, 53, 0, -5, 54};
weight_ih[156] = {-55, -76, 1, 0, 32, 6, 0, -8, -12, 45, -3, -7, -18, 0, 0, 0, -2, -22, 0, 44, 0, 15, 38, -19, 31, 0, -45, 0, 0, -61, -70, -13, -2, -45, 0, 0, 0, 0, 0, 18, 0, 24, -48, 0, -11, 0, -4, 0, 0, 7, 0, 0, -15, -28, 49, -6, 40, 0, 30, 21, 13, 0, 0, 17, 0, 0, 0, 16, 2, 0, -18, -67};
weight_ih[157] = {27, -18, 3, 0, 49, -15, 0, 1, 16, 18, 13, 9, 4, 0, 0, 0, -5, -3, 0, 1, 0, 14, -20, 36, 16, 0, 0, 0, 0, -22, -14, -5, 37, 17, 0, 0, 0, 0, 0, 14, -7, -15, -18, 0, -19, 0, -23, 0, 0, -31, 0, 0, 11, -4, 36, 14, -11, 0, 46, -5, -16, 0, 0, -14, 0, 0, 0, 17, 17, 0, 14, -28};
weight_ih[158] = {18, 41, 27, 0, -8, -12, 0, 14, 0, 11, 2, 3, -7, 0, 0, 0, 13, 23, 0, 2, 0, 12, 23, 4, -6, 0, -17, 0, 0, -60, -15, 6, -17, -25, 0, 0, 0, 0, 0, -18, -49, -16, 24, 0, 71, 0, 16, 0, 0, 10, 0, 0, -40, -6, -73, 34, 19, 0, 58, 13, 64, 0, 0, 29, 0, 0, 0, 37, -18, 0, -34, 76};
weight_ih[159] = {5, 9, 32, 0, -52, 18, 0, -39, -12, -7, -25, -8, -17, 0, 0, 0, 5, -9, 0, 22, 0, 38, -16, 43, 9, 0, -7, 0, 0, 35, -5, -10, 48, 42, 0, 0, 0, 0, 0, 15, -4, 25, -4, 0, 36, 0, -12, 0, 0, -3, 0, 0, 20, -16, -5, 53, 10, 0, -25, 32, -18, 0, 0, -12, 0, 0, 0, 12, -25, 0, -28, 51};
weight_ih[160] = {53, 33, -22, 0, -36, 38, 0, -18, 8, 9, -39, 3, -16, 0, 0, 0, 13, 6, 0, 24, 0, 33, -20, -19, -7, 0, -2, 0, 0, 20, -28, -9, 14, -4, 0, 0, 0, 0, 0, -5, 11, 21, 0, 0, 11, 0, 44, 0, 0, 22, 0, 0, -7, 38, 30, -8, 54, 0, -11, 27, -62, 0, 0, -35, 0, 0, 0, -6, -47, 0, 11, 8};
weight_ih[161] = {4, 22, 3, 0, 19, 8, 0, 0, 1, 5, 4, 0, -1, 0, 0, 0, 0, 0, 0, 3, 0, 7, 3, 8, 5, 0, 4, 0, 0, 20, 10, 1, 20, 15, 0, 0, 0, 0, 0, 6, 7, 8, 3, 0, 7, 0, 9, 0, 0, 4, 0, 0, 3, 0, 8, 4, 6, 0, 34, 15, 6, 0, 0, 14, 0, 0, 0, 2, 5, 0, 14, 9};
weight_ih[162] = {4, 22, 4, 0, 20, 6, 0, 0, 1, 5, 4, 0, -1, 0, 0, 0, 0, 0, 0, 3, 0, 6, 4, 8, 6, 0, 5, 0, 0, 20, 9, 1, 21, 14, 0, 0, 0, 0, 0, 6, 6, 8, 3, 0, 7, 0, 8, 0, 0, 5, 0, 0, 3, 0, 8, 5, 7, 0, 34, 15, 5, 0, 0, 13, 0, 0, 0, 2, 4, 0, 14, 9};
weight_ih[163] = {-24, 39, 30, 0, 24, -11, 0, 25, -16, -46, -18, -4, -9, 0, 0, 0, -31, -20, 0, 3, 0, 9, -14, -26, 28, 0, 9, 0, 0, -28, -5, 30, 4, -13, 0, 0, 0, 0, 0, -11, -22, 35, -52, 0, 26, 0, -31, 0, 0, 1, 0, 0, -1, -10, -33, 12, 27, 0, 22, 20, 35, 0, 0, -3, 0, 0, 0, -25, -17, 0, -35, -13};
weight_ih[164] = {-2, -23, -4, 0, -20, -4, 0, 2, 1, -5, -4, 1, 1, 0, 0, 0, 0, 0, 0, -3, 0, -5, -3, -8, -5, 0, -4, 0, 0, -20, -9, -1, -20, -14, 0, 0, 0, 0, 0, -7, -5, -9, -1, 0, -7, 0, -7, 0, 0, -5, 0, 0, -3, 1, -8, -3, -7, 0, -34, -16, -5, 0, 0, -13, 0, 0, 0, -1, -3, 0, -13, -9};
weight_ih[165] = {26, -41, 7, 0, 30, 6, 0, 10, 9, 11, 16, 4, 7, 0, 0, 0, 12, 7, 0, 8, 0, 2, 8, 6, 10, 0, 21, 0, 0, 9, 1, 27, 27, 1, 0, 0, 0, 0, 0, -2, 2, -5, 30, 0, -15, 0, 23, 0, 0, 7, 0, 0, 6, -1, 16, 7, 4, 0, 33, -35, -5, 0, 0, 23, 0, 0, 0, 4, 14, 0, 32, -35};
weight_ih[166] = {2, -61, 11, 0, 50, 21, 0, 29, 0, 17, 38, 0, 7, 0, 0, 0, -4, 3, 0, 5, 0, -13, 6, -26, 9, 0, 23, 0, 0, -11, 24, 12, -69, -48, 0, 0, 0, 0, 0, 30, -2, 4, 31, 0, 15, 0, 4, 0, 0, 18, 0, 0, 27, -1, 7, 20, 20, 0, 40, -28, 20, 0, 0, 24, 0, 0, 0, 9, 33, 0, 22, -18};
weight_ih[167] = {-9, 17, 89, 0, -4, -18, 0, -42, -30, 24, 8, 0, 22, 0, 0, 0, 9, 23, 0, -7, 0, -18, 17, 47, -30, 0, -61, 0, 0, -27, 53, 13, -18, 6, 0, 0, 0, 0, 0, 9, 23, 23, 34, 0, 7, 0, 25, 0, 0, 11, 0, 0, -45, -1, -25, 10, -48, 0, -22, 33, 49, 0, 0, 67, 0, 0, 0, 23, -2, 0, -57, -13};
weight_ih[168] = {35, -33, 58, 0, 18, 37, 0, 31, 26, -30, -17, 8, 17, 0, 0, 0, -41, -10, 0, -14, 0, -12, -11, -40, -6, 0, 19, 0, 0, 13, 78, -40, 17, -12, 0, 0, 0, 0, 0, -37, 28, -53, -26, 0, -27, 0, -112, 0, 0, -79, 0, 0, 29, 32, 66, -35, 0, 0, -14, 9, 7, 0, 0, 38, 0, 0, 0, -15, 55, 0, 12, 4};
weight_ih[169] = {-16, 69, -2, 0, -30, 16, 0, 17, -4, -2, -10, 4, -8, 0, 0, 0, -23, 49, 0, 23, 0, -5, -28, 25, 7, 0, -46, 0, 0, 49, -23, 41, 41, 22, 0, 0, 0, 0, 0, -7, 3, -9, 6, 0, -9, 0, 3, 0, 0, -6, 0, 0, 10, 5, 32, -44, -36, 0, -3, -19, -14, 0, 0, -43, 0, 0, 0, 3, 1, 0, -28, 44};
weight_ih[170] = {-16, -33, -15, 0, 68, 25, 0, -2, 16, -34, 21, 12, 35, 0, 0, 0, -5, -6, 0, 21, 0, 15, -39, -17, 33, 0, 29, 0, 0, 16, -13, 6, 24, 28, 0, 0, 0, 0, 0, -24, -4, 7, 18, 0, -9, 0, 18, 0, 0, 11, 0, 0, 25, 13, 1, -97, 1, 0, 66, 6, -15, 0, 0, 28, 0, 0, 0, 2, 9, 0, 44, -26};
weight_ih[171] = {-48, -18, 15, 0, 10, -21, 0, 13, 11, -24, 57, 51, 18, 0, 0, 0, 14, 31, 0, -18, 0, 10, 20, 10, 4, 0, 9, 0, 0, -21, 19, 11, 39, -20, 0, 0, 0, 0, 0, -42, 1, 9, 4, 0, 7, 0, -76, 0, 0, -17, 0, 0, 30, -3, 41, 11, -12, 0, 21, -56, 11, 0, 0, 9, 0, 0, 0, 1, 15, 0, 8, -16};
weight_ih[172] = {-15, -4, -23, 0, 24, -4, 0, 6, -1, -24, 2, 20, 3, 0, 0, 0, -4, -10, 0, 12, 0, 6, 2, -15, -4, 0, -3, 0, 0, 62, -9, -13, -36, 6, 0, 0, 0, 0, 0, -7, 8, 12, -14, 0, 7, 0, 4, 0, 0, 8, 0, 0, 0, 6, 24, -69, 12, 0, 4, 0, 18, 0, 0, 25, 0, 0, 0, 2, -29, 0, -8, 1};
weight_ih[173] = {16, -34, -1, 0, -29, 25, 0, -35, 8, 18, -14, 0, 46, 0, 0, 0, 21, -19, 0, -58, 0, -75, 45, -1, -58, 0, 22, 0, 0, -20, 27, -116, -56, -56, 0, 0, 0, 0, 0, 11, 26, 18, -1, 0, 31, 0, 0, 0, 0, 27, 0, 0, -12, 13, 39, 36, 49, 0, -41, 36, 11, 0, 0, -4, 0, 0, 0, -50, -7, 0, 22, 20};
weight_ih[174] = {35, 57, -7, 0, -30, 12, 0, 8, -7, -74, 8, 22, -16, 0, 0, 0, -27, -4, 0, -37, 0, -28, -14, 1, -8, 0, 13, 0, 0, 41, -41, -50, 30, 59, 0, 0, 0, 0, 0, -72, 27, -12, 47, 0, 4, 0, -1, 0, 0, -39, 0, 0, 14, 29, -29, 30, -94, 0, -11, -36, -6, 0, 0, 23, 0, 0, 0, -18, 50, 0, -13, 27};
weight_ih[175] = {10, -20, -16, 0, 37, 27, 0, 5, 36, -6, 33, 2, 18, 0, 0, 0, 15, 3, 0, -14, 0, -5, -11, 10, 4, 0, 46, 0, 0, -27, 7, 56, 36, -15, 0, 0, 0, 0, 0, -7, -22, 15, 37, 0, 53, 0, 20, 0, 0, 10, 0, 0, 11, 14, -7, 5, 19, 0, 53, -4, 18, 0, 0, 12, 0, 0, 0, 35, 23, 0, 37, 15};
weight_ih[176] = {14, 19, 21, 0, -53, 6, 0, -18, 5, 4, -73, -2, -19, 0, 0, 0, 32, 3, 0, -6, 0, 24, 7, -24, -29, 0, 25, 0, 0, 65, -20, -1, -14, 24, 0, 0, 0, 0, 0, -24, 37, 66, 20, 0, -15, 0, 34, 0, 0, 5, 0, 0, 20, 1, -8, 37, 5, 0, -64, 15, -55, 0, 0, -1, 0, 0, 0, 28, -48, 0, -15, 19};
weight_ih[177] = {8, 2, 43, 0, 24, -34, 0, 12, 27, -17, -18, -59, -4, 0, 0, 0, 49, -53, 0, 35, 0, 28, -58, 15, 45, 0, -62, 0, 0, 17, -12, 26, -1, 45, 0, 0, 0, 0, 0, -19, -23, 0, -40, 0, -24, 0, 24, 0, 0, -6, 0, 0, -12, 8, -24, -52, 20, 0, 9, 69, -11, 0, 0, 13, 0, 0, 0, -31, 34, 0, -31, -40};
weight_ih[178] = {-3, -22, -3, 0, -19, -6, 0, -1, -1, -6, -4, 1, 1, 0, 0, 0, -1, 0, 0, -3, 0, -6, -4, -9, -5, 0, -4, 0, 0, -19, -9, -2, -22, -14, 0, 0, 0, 0, 0, -5, -6, -7, -3, 0, -9, 0, -8, 0, 0, -4, 0, 0, -3, 0, -8, -4, -6, 0, -34, -14, -6, 0, 0, -13, 0, 0, 0, -1, -5, 0, -15, -10};
weight_ih[179] = {16, -9, 44, 0, -24, 27, 0, 35, 2, -64, -15, 16, -2, 0, 0, 0, 9, 9, 0, 9, 0, 33, -13, 19, 10, 0, -2, 0, 0, 37, 51, 15, 37, -2, 0, 0, 0, 0, 0, -23, -35, 37, -53, 0, 4, 0, -40, 0, 0, -9, 0, 0, 57, 29, -8, -16, -5, 0, -74, -23, -13, 0, 0, -26, 0, 0, 0, -1, 49, 0, -18, -2};
weight_ih[180] = {0, -27, 0, 0, 73, -3, 0, 51, 2, 7, 39, -8, 35, 0, 0, 0, -5, 27, 0, 60, 0, -38, -12, -15, 47, 0, 11, 0, 0, 18, -10, -3, 2, -31, 0, 0, 0, 0, 0, 36, -2, -44, -17, 0, -7, 0, 21, 0, 0, 46, 0, 0, 37, -19, 0, 37, -40, 0, 80, -70, -6, 0, 0, -23, 0, 0, 0, 71, -15, 0, -5, -8};
weight_ih[181] = {-4, 38, -4, 0, -19, 4, 0, 30, 15, -9, 4, -17, -1, 0, 0, 0, -8, 8, 0, -9, 0, -20, -13, -19, -2, 0, -12, 0, 0, 35, -24, -23, -17, 10, 0, 0, 0, 0, 0, -16, -11, -23, -2, 0, 8, 0, -17, 0, 0, -27, 0, 0, -9, 6, 28, -30, -11, 0, -34, -40, -17, 0, 0, -7, 0, 0, 0, 8, -19, 0, 6, 15};
weight_ih[182] = {-18, -29, 26, 0, 45, 26, 0, -2, 12, 21, 16, 47, -21, 0, 0, 0, 29, 3, 0, 9, 0, -18, 32, -28, 22, 0, -17, 0, 0, -58, 31, -64, -50, -22, 0, 0, 0, 0, 0, -22, -18, -38, 37, 0, -9, 0, 23, 0, 0, 20, 0, 0, -12, -19, 28, -1, -26, 0, 77, -53, 30, 0, 0, 24, 0, 0, 0, -6, 20, 0, 13, -6};
weight_ih[183] = {16, 32, -13, 0, 16, 5, 0, 8, 6, -30, -5, 7, 8, 0, 0, 0, 12, -20, 0, 23, 0, -4, 6, -1, -14, 0, 17, 0, 0, -18, -5, -40, 4, 10, 0, 0, 0, 0, 0, -20, -42, -26, -9, 0, 16, 0, 15, 0, 0, 8, 0, 0, -27, 10, -9, -48, -30, 0, 46, -37, 21, 0, 0, 16, 0, 0, 0, 0, -6, 0, -16, -21};
weight_ih[184] = {25, -38, 35, 0, 48, -8, 0, 39, 23, -11, 25, -21, 19, 0, 0, 0, -34, 15, 0, 9, 0, -7, 23, -26, 61, 0, -30, 0, 0, -22, 9, 40, -34, -61, 0, 0, 0, 0, 0, 5, -36, -24, -3, 0, -17, 0, -26, 0, 0, -18, 0, 0, -8, -19, 11, 17, 10, 0, 22, -28, 10, 0, 0, -14, 0, 0, 0, 5, 9, 0, -3, -17};
weight_ih[185] = {19, -7, 0, 0, 34, 0, 0, -28, -1, 19, 0, -4, 3, 0, 0, 0, -9, -3, 0, 1, 0, 31, -1, 19, 3, 0, 12, 0, 0, -50, 0, -5, 21, -2, 0, 0, 0, 0, 0, 6, 11, -23, 4, 0, -44, 0, -10, 0, 0, -6, 0, 0, -10, 2, 5, 11, -5, 0, 60, -14, 0, 0, 0, 10, 0, 0, 0, 7, 2, 0, 20, -20};
weight_ih[186] = {-18, 7, -36, 0, -49, 29, 0, 36, -26, 14, 18, 14, -1, 0, 0, 0, 50, 3, 0, -6, 0, 10, 35, 26, -14, 0, 29, 0, 0, 1, -60, 34, 15, 24, 0, 0, 0, 0, 0, 25, 10, 4, 37, 0, 15, 0, 7, 0, 0, -8, 0, 0, 5, 0, -18, 8, 45, 0, 3, 8, 12, 0, 0, -39, 0, 0, 0, 7, -11, 0, -31, 17};
weight_ih[187] = {25, -46, 17, 0, -14, 24, 0, -56, -4, 20, 19, -1, 47, 0, 0, 0, -5, 20, 0, -13, 0, -2, -16, 0, -9, 0, 22, 0, 0, 19, 20, 15, -26, 7, 0, 0, 0, 0, 0, 39, -11, -45, 23, 0, -65, 0, 33, 0, 0, 12, 0, 0, 9, 2, 18, 42, -14, 0, -10, -5, -30, 0, 0, -13, 0, 0, 0, 33, -7, 0, 22, -26};
weight_ih[188] = {-10, 10, -67, 0, -21, -30, 0, 28, 2, 25, -3, 20, -5, 0, 0, 0, 10, 4, 0, 15, 0, -4, 10, -3, -1, 0, 32, 0, 0, -2, -76, -40, 2, -4, 0, 0, 0, 0, 0, 38, -4, -40, 30, 0, -12, 0, 72, 0, 0, 17, 0, 0, -21, -28, 7, -15, 3, 0, -2, -59, 28, 0, 0, -42, 0, 0, 0, -24, -56, 0, -41, -11};
weight_ih[189] = {-3, -22, -4, 0, -19, -7, 0, -1, 0, -6, -5, 0, 1, 0, 0, 0, 0, 0, 0, -3, 0, -7, -4, -9, -5, 0, -5, 0, 0, -19, -8, -1, -22, -15, 0, 0, 0, 0, 0, -6, -7, -9, -4, 0, -8, 0, -8, 0, 0, -4, 0, 0, -3, 0, -7, -5, -7, 0, -34, -15, -5, 0, 0, -13, 0, 0, 0, -1, -4, 0, -14, -9};
weight_ih[190] = {-37, 15, 22, 0, 11, -29, 0, 12, -61, 1, -9, -20, -16, 0, 0, 0, -5, -5, 0, -9, 0, -42, 22, -16, -45, 0, 24, 0, 0, 5, -34, 38, 67, -6, 0, 0, 0, 0, 0, 30, -23, -30, 0, 0, -5, 0, -33, 0, 0, -17, 0, 0, -9, -20, -67, 13, -66, 0, 4, -43, 51, 0, 0, 60, 0, 0, 0, -11, -25, 0, -36, -5};
weight_ih[191] = {1, 1, 17, 0, -40, -29, 0, 3, -20, -3, -16, -16, 3, 0, 0, 0, 17, 16, 0, 12, 0, 19, 7, 37, -14, 0, -23, 0, 0, 14, 25, -7, 63, 42, 0, 0, 0, 0, 0, 13, 9, 38, -11, 0, 25, 0, 0, 0, 0, -21, 0, 0, -9, -21, 13, 3, 3, 0, -32, -23, 12, 0, 0, -18, 0, 0, 0, -9, 15, 0, -28, 23};
weight_ih[192] = {10, -30, -3, 0, -13, -16, 0, 1, 22, 27, -17, 28, 25, 0, 0, 0, -7, 28, 0, -8, 0, 31, 29, -2, -7, 0, 6, 0, 0, -14, 27, -107, 2, 17, 0, 0, 0, 0, 0, -37, 42, 24, 21, 0, -6, 0, 6, 0, 0, -31, 0, 0, 9, 3, 19, 36, 0, 0, -16, -15, -35, 0, 0, -18, 0, 0, 0, -38, 5, 0, 19, 3};
weight_ih[193] = {28, -60, -10, 0, 35, -9, 0, -4, -50, 13, 7, 26, 25, 0, 0, 0, -36, 12, 0, 6, 0, 15, -1, 18, 19, 0, 19, 0, 0, -36, 0, 10, 6, 6, 0, 0, 0, 0, 0, -39, 9, 14, 24, 0, -63, 0, 33, 0, 0, 28, 0, 0, 5, -45, 34, 22, -53, 0, 63, -56, -24, 0, 0, -32, 0, 0, 0, 15, -16, 0, -30, -15};
weight_ih[194] = {-4, -22, -4, 0, -20, -6, 0, 0, 0, -5, -4, 0, 1, 0, 0, 0, 0, 0, 0, -3, 0, -6, -4, -9, -5, 0, -5, 0, 0, -20, -9, -1, -21, -15, 0, 0, 0, 0, 0, -6, -6, -8, -3, 0, -8, 0, -8, 0, 0, -4, 0, 0, -4, 0, -8, -3, -6, 0, -34, -15, -6, 0, 0, -13, 0, 0, 0, -1, -4, 0, -13, -10};
weight_ih[195] = {-22, 18, -5, 0, 63, 23, 0, 5, 31, -14, 12, -14, -7, 0, 0, 0, 14, 16, 0, -15, 0, -14, -1, -4, 6, 0, 7, 0, 0, -23, 31, 109, 0, -5, 0, 0, 0, 0, 0, -34, -21, -39, -20, 0, 42, 0, 27, 0, 0, 23, 0, 0, -1, 2, -33, -14, 10, 0, 30, -45, -23, 0, 0, -1, 0, 0, 0, 27, 51, 0, 52, 11};
weight_ih[196] = {-21, 37, 0, 0, 60, 31, 0, -22, -4, -20, 73, -6, 10, 0, 0, 0, 14, -34, 0, -10, 0, 0, 35, -23, 0, 0, -13, 0, 0, -31, -13, -27, -13, -24, 0, 0, 0, 0, 0, 5, 9, -11, 10, 0, 4, 0, 25, 0, 0, 46, 0, 0, -33, -9, -5, -82, -17, 0, 85, 24, 23, 0, 0, 19, 0, 0, 0, 18, -3, 0, 33, -15};
weight_ih[197] = {-20, 51, -32, 0, -47, -3, 0, -11, -18, -12, 22, -10, -13, 0, 0, 0, 2, -4, 0, -3, 0, -29, 2, 0, -17, 0, -14, 0, 0, 15, -20, 21, 23, 51, 0, 0, 0, 0, 0, -12, 15, -4, 26, 0, 14, 0, 5, 0, 0, -21, 0, 0, 7, -25, 23, 8, 3, 0, -43, 24, -4, 0, 0, -78, 0, 0, 0, -12, 20, 0, 10, -12};
weight_ih[198] = {-28, 16, -17, 0, -42, -23, 0, -14, -16, 5, -10, 6, -23, 0, 0, 0, -10, -7, 0, -39, 0, -20, 37, -11, -29, 0, 7, 0, 0, -8, 10, -4, 32, 28, 0, 0, 0, 0, 0, -10, 45, 15, -5, 0, 30, 0, -24, 0, 0, -2, 0, 0, 15, -11, -7, -1, -7, 0, -32, -1, 18, 0, 0, 35, 0, 0, 0, -4, 17, 0, -31, 9};
weight_ih[199] = {14, -15, -29, 0, 29, -32, 0, -17, -6, 14, -8, 19, 19, 0, 0, 0, -20, -3, 0, -28, 0, 5, 25, -11, 36, 0, -25, 0, 0, 30, -16, -8, -38, -25, 0, 0, 0, 0, 0, -1, -3, 41, -13, 0, -41, 0, 0, 0, 0, -7, 0, 0, 4, 18, 9, 12, 11, 0, 28, 10, 24, 0, 0, -23, 0, 0, 0, 3, 22, 0, 21, -26};
weight_ih[200] = {17, -24, -5, 0, 64, 12, 0, 15, -3, 13, 8, 6, 17, 0, 0, 0, -7, -10, 0, -14, 0, 22, 6, 31, -3, 0, 44, 0, 0, -46, 32, 6, -37, -40, 0, 0, 0, 0, 0, -1, 2, 6, 14, 0, -14, 0, 11, 0, 0, 9, 0, 0, 6, -1, -20, 11, 37, 0, 103, -32, 6, 0, 0, 13, 0, 0, 0, 14, -7, 0, 27, -1};
weight_ih[201] = {3, 22, 4, 0, 19, 6, 0, 2, 0, 5, 5, 0, -1, 0, 0, 0, 0, 0, 0, 3, 0, 6, 5, 9, 5, 0, 5, 0, 0, 19, 9, 1, 22, 15, 0, 0, 0, 0, 0, 6, 7, 8, 3, 0, 10, 0, 8, 0, 0, 4, 0, 0, 3, -1, 7, 4, 8, 0, 34, 15, 7, 0, 0, 13, 0, 0, 0, 1, 5, 0, 14, 10};
weight_ih[202] = {4, 22, 4, 0, 19, 6, 0, -1, -1, 6, 3, 0, 0, 0, 0, 0, 1, 0, 0, 3, 0, 6, 3, 9, 5, 0, 5, 0, 0, 19, 9, 1, 22, 15, 0, 0, 0, 0, 0, 7, 7, 8, 4, 0, 8, 0, 9, 0, 0, 4, 0, 0, 3, -1, 7, 4, 7, 0, 35, 16, 5, 0, 0, 12, 0, 0, 0, 1, 3, 0, 14, 9};
weight_ih[203] = {-17, 13, 35, 0, 20, -9, 0, 7, 25, 28, 15, -16, 22, 0, 0, 0, -24, -23, 0, -23, 0, -6, 30, -28, 0, 0, -1, 0, 0, -3, 34, 9, -29, -41, 0, 0, 0, 0, 0, -1, -13, -7, -29, 0, 18, 0, -60, 0, 0, -37, 0, 0, -7, -8, -31, 41, -3, 0, -10, 30, -21, 0, 0, 32, 0, 0, 0, -4, -2, 0, 8, -14};
weight_ih[204] = {-15, 4, 35, 0, 47, -23, 0, 11, -11, -62, 8, -5, 13, 0, 0, 0, -38, -36, 0, 1, 0, 48, -7, -9, 36, 0, -60, 0, 0, 11, -5, -19, 17, -13, 0, 0, 0, 0, 0, -6, 26, 12, -84, 0, -1, 0, -79, 0, 0, -29, 0, 0, -7, 13, 32, -18, -70, 0, 3, -13, 2, 0, 0, 7, 0, 0, 0, 10, 32, 0, -56, -19};
weight_ih[205] = {-5, -22, -4, 0, -19, -7, 0, 1, -1, -6, -4, 1, 0, 0, 0, 0, -1, 0, 0, -3, 0, -7, -3, -9, -5, 0, -4, 0, 0, -18, -9, -2, -20, -16, 0, 0, 0, 0, 0, -7, -7, -7, -5, 0, -8, 0, -10, 0, 0, -4, 0, 0, -3, 0, -7, -3, -7, 0, -34, -15, -6, 0, 0, -12, 0, 0, 0, -1, -3, 0, -14, -10};
weight_ih[206] = {-19, -9, -3, 0, -29, 8, 0, 67, -36, -12, 30, -4, -31, 0, 0, 0, -25, 7, 0, -36, 0, -40, 23, 9, 23, 0, 73, 0, 0, -1, -32, 9, 14, 44, 0, 0, 0, 0, 0, 26, -3, 2, 71, 0, 17, 0, 16, 0, 0, -16, 0, 0, -14, 2, 10, 10, -10, 0, 12, -70, 36, 0, 0, -45, 0, 0, 0, -34, 5, 0, -88, 32};
weight_ih[207] = {7, 13, -14, 0, -45, 7, 0, 3, -31, -34, 25, -4, -5, 0, 0, 0, -11, -3, 0, -18, 0, 15, 29, -28, -43, 0, 11, 0, 0, 34, -25, -14, -21, 10, 0, 0, 0, 0, 0, -7, 8, 15, 50, 0, -6, 0, 34, 0, 0, 34, 0, 0, 12, 19, -1, 11, -33, 0, -24, 0, -35, 0, 0, -2, 0, 0, 0, 2, -5, 0, -34, 13};
weight_ih[208] = {15, -5, -36, 0, 6, 47, 0, 1, 23, -18, 19, -24, 26, 0, 0, 0, -18, -11, 0, -25, 0, -38, 26, 5, -15, 0, -49, 0, 0, 32, 46, 27, -9, -16, 0, 0, 0, 0, 0, -56, 9, 16, -11, 0, 0, 0, 14, 0, 0, -15, 0, 0, -2, 16, -20, 24, -15, 0, -9, -32, -12, 0, 0, -14, 0, 0, 0, -25, 13, 0, 85, 19};
weight_ih[209] = {18, -23, -27, 0, 26, -29, 0, -8, -24, 39, -25, 9, -15, 0, 0, 0, 15, 1, 0, 3, 0, 23, -5, -13, 24, 0, -56, 0, 0, 0, -47, -10, -9, -15, 0, 0, 0, 0, 0, -22, -18, -22, -28, 0, 2, 0, 14, 0, 0, 0, 0, 0, -55, -22, 23, 6, 13, 0, 17, -9, -48, 0, 0, -8, 0, 0, 0, -2, -34, 0, 16, -63};
weight_ih[210] = {5, 40, -9, 0, -64, -37, 0, -54, -37, -14, -38, -28, -29, 0, 0, 0, -1, 14, 0, 9, 0, 8, -32, 9, 10, 0, -42, 0, 0, 15, -2, 5, -36, 24, 0, 0, 0, 0, 0, 42, -40, 11, -50, 0, -43, 0, -10, 0, 0, -29, 0, 0, 0, -5, 23, -41, -16, 0, -71, 25, -16, 0, 0, -65, 0, 0, 0, -28, -8, 0, -68, 9};
weight_ih[211] = {-33, -46, 6, 0, 75, 59, 0, -1, 1, -25, 36, -7, 23, 0, 0, 0, 7, 7, 0, -17, 0, 18, -6, -12, 36, 0, 44, 0, 0, -31, -5, -2, 26, 3, 0, 0, 0, 0, 0, -19, 7, -23, 4, 0, 15, 0, 9, 0, 0, 12, 0, 0, -21, -25, -15, 28, -14, 0, 96, -13, -7, 0, 0, 31, 0, 0, 0, 24, 0, 0, 24, -6};
weight_ih[212] = {32, -55, -5, 0, -5, -23, 0, 6, 28, 53, -9, -15, 51, 0, 0, 0, -1, 1, 0, 82, 0, 11, 6, 23, -42, 0, 35, 0, 0, 13, 22, -9, 32, -52, 0, 0, 0, 0, 0, 15, 24, 2, 19, 0, -22, 0, 49, 0, 0, 2, 0, 0, 28, -18, 7, 3, 41, 0, -37, -43, -36, 0, 0, 68, 0, 0, 0, 18, -48, 0, 67, -24};
weight_ih[213] = {-24, -6, 19, 0, 48, -33, 0, -15, -24, -9, 7, 41, -3, 0, 0, 0, -4, 1, 0, 13, 0, -2, -2, -6, 32, 0, -51, 0, 0, 14, 55, 9, -28, -31, 0, 0, 0, 0, 0, -35, 4, 23, -60, 0, 27, 0, -17, 0, 0, -4, 0, 0, 21, -26, 20, 25, 9, 0, 13, -1, -11, 0, 0, 13, 0, 0, 0, 22, 36, 0, 46, -40};
weight_ih[214] = {-32, -13, -12, 0, -41, 12, 0, 3, -29, -13, -41, 24, -24, 0, 0, 0, 6, -4, 0, 14, 0, 10, 12, 44, -51, 0, 20, 0, 0, 38, -9, -5, 32, 3, 0, 0, 0, 0, 0, 14, -21, 21, -18, 0, -24, 0, 11, 0, 0, 20, 0, 0, 11, -46, -39, 4, -18, 0, -62, -47, -12, 0, 0, 31, 0, 0, 0, 8, -9, 0, -4, 6};
weight_ih[215] = {46, -36, -4, 0, -46, 51, 0, 19, 10, -39, -19, 12, 2, 0, 0, 0, 11, 3, 0, 0, 0, 18, 45, -33, -4, 0, 11, 0, 0, -19, 4, -10, -17, 14, 0, 0, 0, 0, 0, -4, 18, 18, 31, 0, 7, 0, 42, 0, 0, -2, 0, 0, 5, -32, -27, -24, 21, 0, -32, -8, -66, 0, 0, -44, 0, 0, 0, -30, 21, 0, 47, 20};

Bias_ih (8 bit):
 {122, 78, -563, 23, -17, -215, -468, 172, 25, 11, -411, -77, 194, 417, 419, 162, -95, 428, -30, 397, 369, -411, 89, -303, 3, 121, -413, 416, -44, 486, 408, -696, -55, 64, -216, -73, -364, -416, -211, 568, 167, 607, -92, 213, 29, -43, -229, -104, -86, -110, 219, -398, -177, 416, 411, 126, -27, 741, -30, -679, 253, 232, 112, -183, 39, -233, 416, -411, 123, 133, 265, 186, -149, -15, 395, 113, -244, 338, 246, 368, 408, 164, -84, 85, 275, -87, -85, -126, 420, 734, 131, -102, -193, -87, -29, 245, -53, -92, -90, 174, 527, 316, -312, 541, 578, -168, 326, -44, -42, -88, 69, 276, -252, 487, -136, 50, 258, -55, -1, 196, 20, 506, 388, -76, 373, -79, -77, 145, -28, -184, 76, 428, 82, 14, 205, -6, -384, -106, -93, 339, 65, 151, 81, -165, 134, 33, 84, -39, 106, -69, 124, -46, 177, -84, 119, 149, 20, 121, 126, 204, 118, 202, 138, 65, 8, 120, 194, 107, 96, -139, 121, 94, 226, 150, 251, -15, -40, -22, 266, 242, 139, 123, 38, -129, 454, 61, 6, 167, 16, 77, 262, -48, 2, -73, 167, 112, 210, 124, 119, 198, 207, 106, -47, -8, -104, 372, 11, 236, -147, 75, 123, 199, 29, -123, 213, 180};
Weight_hh (8 bit):
weight_hh[0] = {-1, -3, 4, 6, 2, 9, 1, -3, -5, 0, -9, -9, 4, 9, 9, 3, -2, -5, 3, 8, 1, -9, -2, 5, -11, 12, -9, 5, -3, 8, 7, 15, 7, -1, 0, 0, -8, -9, -10, -4, -8, 7, -11, 7, 5, -1, 4, -4, 2, 2, 0, -9, 2, 9, 9, 6, -7, 3, -2, -6, -5, -9, -2, 6, -7, -5, 9, -7, 2, -1, -5, 3};
weight_hh[1] = {-41, -4, -16, -34, -19, -19, 8, -37, 34, 3, -9, 13, 48, 10, 10, 15, 4, -41, -8, 12, 12, -9, 27, 25, -6, 1, -9, 9, 22, -14, 10, 47, 19, -13, -23, -11, 29, -9, -6, -27, -25, -44, 33, 8, -23, 13, 16, 0, 26, 13, -9, -11, 16, 10, 10, 39, -11, 15, 22, -13, -26, 6, 18, -37, 2, -14, 10, -28, -6, 26, 47, 11};
weight_hh[2] = {2, -9, 9, 2, 34, -29, 12, -23, -17, -7, 3, -11, 32, -7, -6, -5, 11, -41, -36, -2, -15, 3, 27, -1, -7, 16, 3, 39, 0, 31, -7, 10, -8, 27, 12, -2, 17, 3, -28, -10, 6, 31, -7, -8, -11, 6, 15, -6, -7, -10, 9, 3, -11, -2, -2, -12, -4, 4, 31, -55, -8, 33, 4, -9, -2, -3, -6, 0, -29, 22, 17, -4};
weight_hh[3] = {14, -4, -15, 26, 14, -7, -6, -44, 19, -23, -1, -7, 12, 2, 2, 7, 4, -7, -19, -1, 7, -2, -10, 2, 3, 7, -2, 38, 17, -21, 0, -6, -2, -9, 11, -4, -16, -2, -9, 0, -18, -7, -12, -2, 1, -7, 2, -38, -4, -7, -3, -2, -19, 2, 2, 31, -9, 11, -11, -22, 18, -5, 3, -5, 15, -15, 2, -31, -23, -15, 27, 4};
weight_hh[4] = {-5, -10, 2, 3, -4, 0, -5, -6, 0, -15, -10, -7, 8, 10, 10, 7, -3, 1, -6, 8, 6, -10, 4, 6, -6, -9, -10, -8, 7, 4, 10, 2, -2, -1, -3, -8, -16, -10, -1, 0, -6, 2, -2, 10, 12, -1, 1, -4, 3, 1, -2, -10, 2, 10, 10, 4, 0, -3, 7, -6, -1, -2, -7, -9, -5, -11, 10, -13, 18, 2, 1, 11};
weight_hh[5] = {-2, -1, -1, 2, -2, 0, -4, -2, 3, -1, -6, -2, 1, 6, 6, 2, 1, 0, 0, 2, 3, -6, 0, 0, -3, 1, -6, 0, 0, 1, 5, -2, 2, 0, -1, 0, -1, -6, -3, 1, -3, 1, -1, 6, 1, 1, 0, -1, 0, -1, 0, -6, 1, 6, 6, 1, -4, 2, 1, -1, 1, -2, 0, 1, -2, -2, 6, -2, 2, 2, 1, 4};
weight_hh[6] = {-26, -17, -10, -30, 14, -10, -38, -10, -9, 17, -3, 1, 29, 3, 3, 29, -15, 16, -11, 15, 12, -3, 12, -35, 1, 31, -3, -5, 16, 13, 8, 6, -2, -13, 11, 4, -7, -3, 12, -4, -11, 33, 0, -1, 15, -10, -11, 20, 7, -1, 3, -3, 17, 3, 3, -1, 11, 1, 17, -1, 0, -6, -12, -20, -1, -5, 3, -24, 34, 14, -25, 33};
weight_hh[7] = {13, 23, 9, 35, 4, -11, 10, -14, -4, -7, 7, 1, -2, -8, -6, -27, 23, -47, -7, -22, -22, 5, -5, 9, -6, 10, 7, -11, 10, -7, -19, 18, 7, 4, 13, -12, 18, 5, -23, -50, 5, 10, 15, -2, -14, 2, -15, 8, -4, 16, 9, 7, -24, -6, -8, -4, 1, -12, -32, -6, 10, 4, -23, 30, 33, -1, -8, -23, 10, 0, -9, -9};
weight_hh[8] = {-19, -25, 8, -9, -24, -10, 15, 2, -26, -12, -12, 29, 12, 12, 12, 8, -15, -23, -33, 24, 9, -12, -5, 7, 6, -17, -12, -51, 2, -28, 12, 54, 15, 2, -21, -13, -40, -12, 25, 1, -3, 39, 15, 21, 50, 0, -4, -3, -9, -4, 2, -13, -7, 12, 12, 20, -19, 23, -18, 33, -34, -27, -22, 3, -7, -1, 12, -18, 59, 10, -31, 13};
weight_hh[9] = {20, 12, 28, -22, -10, -21, 1, 14, 15, -55, -1, 9, 5, 1, 1, -4, -26, -3, -8, -29, 4, -1, -49, 7, -9, -2, -1, -28, -4, 11, -2, 4, 3, -12, -7, 15, 48, -2, 1, -7, -16, -70, 37, 13, -10, 48, 41, 13, -12, -23, 8, -1, -12, 1, 1, -1, -26, -8, -11, 19, -41, -5, -41, 7, 7, 6, 2, -1, 35, -14, 8, 1};
weight_hh[10] = {-9, -14, 33, -2, -40, 4, 8, 31, -70, -22, -12, 37, 14, 12, 11, 13, 18, -12, -8, -3, 34, -14, -14, -13, -4, -8, -14, -53, 1, -34, 16, 40, -10, 16, -49, -35, 15, -15, 46, -44, -24, -28, -31, 12, -38, 25, 19, 39, -2, 97, -2, -12, 6, 11, 16, -30, 3, 30, -13, 12, -28, 9, -4, 18, 12, 6, 14, 20, -16, 13, -33, 11};
weight_hh[11] = {13, 1, 6, -6, -2, -5, -2, 11, -5, -3, 5, 9, 3, -5, -5, -1, 8, -9, 5, -6, 2, 5, 2, 0, -2, -4, 5, -6, -4, -8, -5, 8, 6, 4, -7, 0, 21, 5, 6, -9, 0, -3, 4, -5, 3, 2, -1, 12, -6, 12, 6, 5, -1, -5, -5, -8, -3, -7, 1, 0, -1, -10, 3, -5, 7, -4, -5, 6, -4, 5, -2, -6};
weight_hh[12] = {7, -26, 10, 24, 5, 8, 5, -16, 2, -8, 1, 0, 7, 0, -1, 13, 27, 4, 18, 1, 13, 1, -4, -21, 2, -3, 1, -21, 4, 31, 1, 28, -14, 3, 32, -10, -8, 1, 25, -19, 5, -57, 10, -2, 9, 27, 0, -26, -6, 41, -5, 1, -16, -1, 0, -19, 17, 27, 2, -24, -42, -22, -14, -22, -4, 0, 0, -26, 4, -28, 37, 1};
weight_hh[13] = {-19, 9, -8, -16, -27, -37, -7, -24, -16, 21, 0, -8, -6, 1, -2, 6, 2, -64, -35, 4, -1, 0, 24, 11, 10, -3, 2, 3, -10, -13, -12, 14, 9, -14, 23, 5, 5, 1, -24, -109, -37, 5, -20, -3, -2, 6, 0, -11, -5, 13, 40, 0, 8, -1, 1, 0, 24, 1, -7, 14, -9, 10, -12, 1, -8, -21, -2, -11, 10, -5, 13, 20};
weight_hh[14] = {-32, 35, -32, -13, 14, 10, -36, -7, -14, 12, -7, -24, 27, 6, 7, 0, -4, -23, -42, -21, 13, -6, 46, 2, 4, -9, -5, 1, 20, 16, 4, -6, 4, -3, 16, 46, -10, -7, -29, -43, -24, -15, 10, 10, 17, -16, 2, -7, 12, -33, 30, -7, -26, 6, 6, 24, 14, 21, -36, 31, 2, 24, -21, -58, -40, 8, 7, -8, 18, 43, 51, -4};
weight_hh[15] = {12, 1, -16, 1, -11, 4, -6, -19, 8, 3, -11, -5, -12, 11, 11, 3, -2, -4, 15, 3, -2, -11, -7, -3, 6, -5, -11, 1, 6, 1, 10, 6, -4, -12, 7, -12, -1, -11, -15, -8, -11, 8, 2, 15, 25, -6, 15, -10, 10, -12, 16, -11, 0, 11, 11, 15, -3, -2, -11, -6, -1, -10, 4, 4, 6, -26, 11, -25, 29, -13, 10, 7};
weight_hh[16] = {-9, -3, 4, 7, -6, -1, -1, -2, 1, -4, -10, -10, -9, 10, 10, 9, -14, -7, 2, 14, 8, -10, -4, -14, -8, -1, -10, 3, -6, -2, 10, 8, 2, -3, -2, -4, 12, -10, -2, -1, -5, -5, 10, 8, -13, 3, -7, -2, 2, -5, -5, -10, 5, 10, 10, -2, -8, 5, 4, 11, -5, -2, -6, 15, 0, 4, 10, 6, 0, -4, -8, 10};
weight_hh[17] = {-3, -2, -1, 2, -3, 0, -3, -2, 3, -1, -6, -2, 1, 6, 6, 2, 1, 0, 0, 2, 2, -6, 0, 0, -3, 1, -6, 0, 0, 1, 5, -1, 2, 0, -1, 0, -1, -6, -2, 1, -3, 0, -1, 6, 0, 1, -1, -1, 0, -1, 0, -6, 1, 6, 6, 0, -3, 1, 1, 0, 0, -2, 0, 2, -3, -1, 6, -1, 2, 2, 0, 4};
weight_hh[18] = {-2, -1, -1, 2, -2, 0, -4, -2, 3, -1, -6, -2, 1, 6, 6, 2, 1, 0, 0, 2, 3, -6, 0, 0, -4, 1, -6, 0, 0, 1, 5, -2, 2, 0, -1, 0, -1, -6, -3, 1, -3, 1, -1, 6, 0, 0, -1, -1, 0, -2, 0, -6, 1, 6, 6, 1, -4, 1, 1, -1, 0, -1, 0, 1, -3, -2, 6, -2, 2, 2, 1, 4};
weight_hh[19] = {-22, 3, 26, 28, -31, -3, 2, 0, -5, 10, -11, 21, -8, 11, 11, 3, 11, -3, 21, 9, 3, -11, -3, 0, 5, 22, -11, -17, -2, 4, 9, 4, 6, -3, 16, -8, -18, -11, 3, 20, -11, -18, 48, 8, 9, -10, -3, 8, -1, -2, 3, -11, -9, 11, 11, -30, -23, -11, 2, 24, -17, -24, -40, -15, 21, -10, 11, -7, 16, 20, -40, 8};
weight_hh[20] = {-2, -2, -1, 3, -3, 0, -4, -2, 3, -1, -6, -2, 1, 6, 6, 1, 1, 0, 0, 1, 3, -6, 0, 0, -4, 2, -6, 0, 0, 1, 5, -1, 1, 0, -1, 0, -1, -6, -2, 1, -3, 1, -1, 6, 0, 0, 0, -1, 1, -1, 0, -6, 1, 6, 6, 2, -3, 1, 1, 0, 0, -2, 0, 1, -3, -1, 6, -1, 2, 2, 1, 4};
weight_hh[21] = {-4, -4, -4, -3, -5, 3, -3, -2, 2, -2, -9, -4, 4, 9, 9, -4, -2, 0, -1, 3, 4, -9, -1, 0, -1, 0, -9, 1, 4, 5, 4, 0, -2, -3, 1, -3, -2, -9, -2, 1, -7, 4, -1, 7, 6, 3, 4, 0, 1, -3, 4, -9, -4, 9, 9, 2, 1, 6, -4, -3, 0, -4, 3, -5, -5, -4, 9, -4, 6, -1, 4, 2};
weight_hh[22] = {2, -2, 3, -3, -1, 0, 0, 2, -6, -3, 4, 3, 1, -4, -4, -5, 1, -3, 3, -3, -3, 4, 1, 0, -1, -4, 4, -3, -1, -2, -4, 2, 0, 1, -3, -1, -4, 4, 0, -4, 1, -3, 2, -5, 0, -1, 2, -1, 1, 2, 1, 4, 1, -4, -4, 1, 7, 4, 0, 2, 4, 3, -1, -5, 2, 1, -4, -3, 1, 2, 4, -4};
weight_hh[23] = {5, 4, -1, -5, -5, -3, 2, 0, 18, -8, 0, -3, 0, 0, 0, 1, 16, 5, 10, -4, 6, 0, -17, 1, 1, -11, 0, -10, -5, 0, 0, 11, 3, -1, -5, -10, 12, 0, 11, 0, -3, -19, 12, 1, -18, -4, 4, 7, -1, 11, 0, 0, -6, 0, 0, -19, -7, 8, 2, 12, -1, -10, -13, -2, 8, 0, 0, -7, 5, 16, -6, -2};
weight_hh[24] = {51, 5, 0, -21, 18, -1, 23, -45, -17, -10, 3, -54, 10, -3, -3, 8, 64, -12, 28, -10, -15, 3, 38, 22, -6, -4, 3, 15, 7, 55, -3, 48, -4, 11, -17, -23, 24, 3, 0, -27, 28, -9, 30, -6, -66, -2, 10, -11, 11, 15, 11, 3, -8, -3, -3, -15, -2, 0, -8, -46, 54, 28, -2, -13, 37, -37, -3, -22, 47, -16, -19, -3};
weight_hh[25] = {15, 0, 8, -4, -2, -1, -2, 12, 7, -9, -14, -2, -4, 14, 14, 5, 8, 11, -10, 21, -6, -14, -9, 6, -8, -6, -14, 1, -16, 2, 12, -12, 8, 3, 0, 4, -11, -14, 2, 9, -6, -4, -1, 14, 8, 9, -12, 2, -1, -2, 1, -14, 4, 14, 14, -16, -5, -1, 1, 4, -3, -13, -7, 4, 2, -3, 14, 11, -5, 10, 3, 12};
weight_hh[26] = {11, -7, 0, 9, -1, -1, 5, 11, 25, -11, -4, -20, 7, 4, 4, 9, -13, -19, 13, -17, -1, -4, 13, -20, -22, -18, -4, -7, -11, -12, 3, 25, 17, -1, 17, -38, 17, -4, -7, -18, -29, -10, -25, 8, -15, -22, 1, -21, -9, 51, 31, -4, -7, 4, 4, 23, -14, 10, 0, -21, -17, -21, 8, -2, 8, -1, 4, 15, -10, 19, 18, -4};
weight_hh[27] = {11, -21, -34, 25, -20, -8, 13, 6, 21, -33, -2, 22, -14, 2, 2, 3, -14, -3, 23, -4, 9, -2, 25, 0, -5, 12, -2, -7, -12, 16, 2, 31, 10, -8, 9, -21, -26, -2, -24, 8, -22, -23, -36, 14, -19, 2, 25, -3, 16, 20, -1, -2, -37, 2, 2, 2, -47, 0, -18, -5, -5, 9, 39, -26, 18, 0, 2, -19, -16, -7, 43, 4};
weight_hh[28] = {-4, -14, -17, 8, 6, 8, -6, -22, -9, -20, -9, -3, 5, 9, 9, 9, -28, -4, -25, 14, 0, -9, 9, -21, -2, 9, -9, -19, 12, 2, 9, 1, 13, 8, 14, -4, 10, -9, 20, 0, 0, -5, -10, 17, 21, 33, -18, -2, 12, -8, -7, -9, -1, 9, 9, 13, -10, 8, -10, -13, 1, 6, 33, 10, -3, -12, 9, 1, 14, -5, 15, 6};
weight_hh[29] = {9, 1, 30, -2, -35, 10, 64, 24, -2, -22, -1, 41, -5, 1, 1, -2, -23, -13, 19, -5, -3, -1, 9, 11, -24, 5, -1, -55, 5, -23, 1, 8, -2, -23, -7, -38, 2, -1, 26, 25, -7, -12, 17, 2, 11, -29, -6, -24, 5, 7, 7, -1, 7, 1, 1, 7, -10, 18, -31, 1, 9, -5, 14, 47, 23, 12, 1, -1, -1, -40, -26, 1};
weight_hh[30] = {15, 8, 1, 19, -3, -9, -2, 6, -14, -23, -3, 1, 20, 3, 3, 0, 2, -22, -9, 8, -4, -3, -12, -11, -18, -1, -3, -6, -15, -20, 3, -12, -2, 7, -55, 2, 0, -3, -7, -5, -1, -11, -9, 4, -27, 14, -19, -14, -6, 9, -5, -3, 20, 3, 3, -9, 25, -12, 14, 0, -1, -22, 16, 36, 18, 14, 3, 11, -28, -11, 1, 5};
weight_hh[31] = {-27, 22, -24, -25, -14, 72, 3, -9, -47, -20, -20, -29, -19, 19, 22, 11, 23, -84, -37, -28, -3, -21, 4, -24, 4, -6, -18, 23, 16, -20, 10, 25, -19, -5, 35, -1, -36, -14, -25, -119, 27, 5, -5, 23, -8, 14, -2, -5, 6, 55, 81, -21, -5, 16, 16, -21, 27, 16, -19, 0, -7, 28, -10, 9, 11, 46, 20, 11, 38, -12, 25, -12};
weight_hh[32] = {2, 0, 5, 0, 4, -2, 7, 3, -8, 2, 7, 5, 2, -7, -7, -5, 5, -4, 4, -8, -5, 7, -2, 3, 1, 0, 7, -2, 3, -1, -7, 7, -1, 1, -4, 0, 1, 7, 4, -8, 8, -3, 2, -7, -2, -2, 1, 1, -3, 6, 3, 7, -3, -7, -7, 1, 1, -1, -1, 5, 1, 1, -3, 0, -2, 1, -7, -2, -4, 1, 1, -7};
weight_hh[33] = {21, 0, -9, -32, 0, -10, -7, 13, -35, 25, -3, 9, 2, 2, 3, -3, -10, 9, -31, 11, -26, -3, -7, -23, 6, -7, -4, 19, -10, 14, 3, -19, 1, -11, 12, 5, -3, -5, -12, 12, -30, 56, 38, -2, 82, 4, 10, 4, 31, -27, 18, -4, 20, 5, 5, 3, 9, 22, 7, 8, -11, -13, -19, 1, 5, -18, 2, -10, 16, -14, 3, 4};
weight_hh[34] = {-2, -1, -1, 2, -2, 0, -3, -2, 3, -1, -6, -2, 2, 6, 6, 2, 1, 0, 0, 3, 3, -6, 0, 0, -4, 1, -6, 0, 0, 1, 5, -2, 2, 0, -1, 0, 0, -6, -2, 1, -3, 1, -1, 6, 0, 1, -1, -1, 0, -2, 0, -6, 1, 6, 6, 1, -4, 1, 1, -1, 0, -2, 0, 1, -2, -1, 6, -1, 2, 2, 1, 4};
weight_hh[35] = {-23, -3, 7, -66, -30, 19, 23, -61, 47, 16, -6, -44, -5, 8, 7, 3, 8, -98, -16, 8, 13, -1, 18, -47, -9, -8, -2, 75, 22, 33, 6, 39, -20, 0, 54, -15, 21, -1, -40, -36, -47, -38, -25, 3, -46, 11, -2, -1, -7, 6, 31, -2, -23, 4, 3, 20, -30, 2, 8, 43, -14, 4, -2, 23, -21, -12, 7, 16, -6, 5, 9, 3};
weight_hh[36] = {10, -4, 18, 28, 14, -27, -14, -2, -22, -21, -13, -12, -2, 13, 13, -7, 25, -32, 7, -7, 27, -13, 26, 12, 1, 7, -13, 19, 1, -2, 13, 14, 10, 19, -4, 1, -14, -13, 0, -16, 1, 6, -19, 17, 6, -33, 7, 4, 8, 10, 17, -13, -21, 13, 13, -10, 3, -18, 11, -6, -1, -28, 20, -14, 0, -25, 13, -4, -9, 22, 18, 10};
weight_hh[37] = {0, 0, -1, 3, 0, -2, -4, -3, 0, 2, -13, -5, 3, 14, 14, 7, -1, -2, 1, 4, 6, -13, -2, 1, -5, 3, -14, 5, 3, 4, 11, -2, 4, 0, -3, -4, 7, -14, -2, -2, -9, 4, -4, 12, 4, 2, 4, -3, -3, -3, 4, -13, -3, 13, 13, 3, -7, 2, -1, -4, -4, -10, 5, -1, -5, -11, 14, 1, 3, -3, 1, 9};
weight_hh[38] = {19, 19, 62, -8, 1, -31, 23, -3, 15, 28, 3, -2, 30, -2, -5, -6, 46, -11, 49, -22, -2, 1, -1, 13, -24, -17, 2, 8, 9, 8, -4, 50, -9, 15, -24, -8, 39, 3, 27, -8, 17, -20, 42, -12, -25, 9, -18, 54, 1, 12, 0, 3, -4, -4, -3, -25, -34, -5, 11, 23, -9, -18, -38, 14, 7, -1, -4, -14, 7, 6, -26, -3};
weight_hh[39] = {23, -5, -4, 17, 17, 13, 15, -28, -3, -6, 2, -2, 16, -2, -2, -3, 19, -19, -4, 9, 4, 2, 12, 9, 7, 18, 2, -5, 22, 1, -3, 38, -7, 12, 23, -1, -2, 2, 15, -10, 20, -5, -16, 24, 24, 33, -16, -9, -29, 11, 23, 2, -23, -2, -2, 22, -10, -2, -29, 1, -18, -4, 24, 12, -18, -10, -2, -10, -11, -14, 24, -1};
weight_hh[40] = {-3, 6, 2, 0, 0, -5, -3, 0, -12, 1, 1, 5, 3, -1, -1, -1, 0, -2, 4, -4, -3, 1, -3, 2, 2, 6, 1, 0, -2, 0, -1, -3, 4, -4, -6, -1, 6, 1, 2, -6, 1, 1, -3, -8, 4, 1, 5, 1, 2, 0, 4, 2, -2, -1, -2, 0, 5, 4, 4, 1, -4, -3, 5, -3, -5, -4, -1, -2, 0, 0, 6, -4};
weight_hh[41] = {0, 0, 1, 5, -3, 3, -7, -1, 2, -1, -12, -6, 3, 13, 13, 5, -2, -2, 7, 0, 6, -12, -3, 0, -7, 0, -13, 3, 6, 5, 10, -2, 2, -3, -3, -3, 5, -13, -6, 2, -8, 4, 0, 10, 2, -5, 4, -1, -3, -3, 1, -12, -5, 13, 12, 4, -8, 4, -6, -5, 1, -9, 1, 0, -3, -6, 13, -3, 0, 1, -3, 5};
weight_hh[42] = {-9, 3, 3, -5, -5, 21, -23, -3, 6, -11, -8, -16, 14, 8, 8, 6, -4, 11, -23, 8, 10, -8, 16, 6, 6, -24, -8, -14, 4, 22, 8, 5, -1, -1, 25, 6, -19, -8, 8, 16, 20, 11, 11, 7, 12, 7, -11, 1, -16, -9, -8, -8, -16, 8, 8, 11, -8, -6, 26, -3, -15, 28, 16, -8, -7, 11, 8, -11, 6, -1, -32, 8};
weight_hh[43] = {-13, 5, 30, -12, -26, 2, -24, 38, 2, -15, -12, 12, 2, 12, 12, 0, -3, 1, 8, 25, 29, -12, 6, -6, -21, -5, -12, -21, 1, 5, 5, 1, -6, -5, -13, 20, 6, -12, -5, 5, -8, 8, -7, 9, 12, 13, 25, -2, 5, 11, 6, -12, -2, 12, 12, -2, 5, 27, -27, 24, -9, -12, 2, -12, -8, -17, 12, 22, -8, 26, 7, 0};
weight_hh[44] = {0, -5, 71, -5, -31, -13, -22, 9, -10, -17, -6, -30, -4, 6, 6, 5, 30, -2, -5, 14, 5, -6, 25, 10, -23, -1, -5, 8, -11, 33, 6, 10, -1, -1, 23, 6, -22, -5, 20, -2, -7, 8, 11, 10, -25, 9, 25, -13, 14, 17, -9, -5, -24, 5, 7, 4, -3, -4, 9, -12, -3, -45, 29, -58, 10, -3, 5, -27, -33, 28, 36, 6};
weight_hh[45] = {-2, -1, -1, 2, -2, 0, -3, -2, 3, -1, -6, -2, 1, 6, 6, 2, 1, 1, 0, 2, 3, -6, 0, 0, -4, 1, -6, 0, 0, 1, 5, -2, 2, 0, -1, 0, -1, -6, -2, 1, -3, 1, -1, 6, 0, 0, -1, -1, 0, -1, -1, -6, 1, 6, 6, 1, -4, 1, 1, -1, 1, -2, -1, 1, -2, -2, 6, -1, 2, 2, 1, 4};
weight_hh[46] = {-2, -22, 36, 24, -41, 39, -28, 4, -30, -18, 7, -25, 10, -7, -7, -6, 8, -11, -24, 16, -30, 7, -15, 39, -20, -2, 7, 14, 9, 22, -7, 17, -18, 3, 26, -41, -19, 7, -34, -21, -21, 55, -4, -14, 38, 5, -10, -26, 12, -8, 25, 7, 4, -7, -7, 62, 7, 19, -18, 51, -22, -11, -37, 21, 7, -17, -7, -17, 18, -57, -7, -5};
weight_hh[47] = {0, -17, -1, -3, -22, 2, 0, -5, 27, -16, -9, -19, 7, 8, 9, 2, -8, 6, -13, 5, 8, -9, -1, -2, -11, -11, -9, 3, 6, 7, 8, 3, -7, 5, 16, 9, -10, -9, -14, 23, -36, -2, -4, 26, 7, 0, -1, 5, -10, 3, -3, -9, -5, 9, 9, 6, -25, -2, -4, -13, 4, -9, 4, 4, 8, -8, 9, -2, -3, 0, 1, 22};
weight_hh[48] = {-11, -11, 30, 30, -7, -13, -10, 3, -21, -39, -5, -19, 22, 5, 5, -1, 24, -9, -3, -20, 22, -5, 29, 9, 1, -5, -5, -23, 2, 19, 4, 7, 0, -6, -5, 3, -33, -5, 11, -2, 0, -42, -22, -8, -17, -30, 16, 8, 16, 30, 6, -5, 13, 5, 5, 29, 6, -8, -16, 0, -14, 6, 13, -23, 1, -28, 5, -13, 6, 14, 24, 2};
weight_hh[49] = {-11, 8, 8, 18, 4, -2, 5, 11, -2, -9, -10, 7, -23, 10, 10, -3, 8, -15, 23, -5, 0, -10, -11, 0, -13, 16, -10, 35, 19, -18, 10, 3, 16, 1, -10, 0, -35, -10, 0, 14, -2, -2, -24, 8, 6, 7, 12, -13, 5, 13, -16, -10, -3, 10, 10, -26, -11, 5, 17, -7, 2, 6, -7, -7, -21, 11, 10, -4, -33, 14, -10, 6};
weight_hh[50] = {-2, -1, -1, 2, -2, 0, -4, -2, 3, -1, -6, -2, 2, 6, 6, 2, 1, 1, 0, 2, 3, -6, 0, 0, -3, 1, -6, 0, 0, 1, 5, -2, 1, 0, -1, 0, -1, -6, -3, 1, -3, 1, -1, 6, 1, 1, -1, -1, 1, -2, -1, -6, 1, 6, 6, 1, -3, 1, 1, -1, 0, -2, 0, 1, -2, -1, 6, -1, 2, 1, 1, 4};
weight_hh[51] = {-13, -31, 14, 21, -46, 9, 18, -27, -1, -11, 0, 17, 62, 0, 0, -7, -21, 2, -22, -12, 8, 0, 4, -28, 11, 0, 0, -10, 24, -11, 0, 8, -13, -14, 1, -20, 10, 0, 28, -25, -21, 24, -4, 7, 57, 10, -44, -4, 3, -1, 7, 0, 15, 0, 0, 14, 1, -12, -22, -23, -3, 2, -16, -2, -5, -17, 0, -7, 17, -6, 23, -3};
weight_hh[52] = {-15, 13, 0, -10, -19, 17, -8, -27, 13, 18, -4, -3, 7, 4, 3, 1, -8, -62, 16, 1, 2, -4, -1, 34, 6, 8, -3, 38, 9, 14, -1, 75, 11, -10, -25, -14, 3, -3, 22, -64, -27, 3, 22, -4, 36, 14, 20, 9, -5, 51, 24, -4, 9, 3, 4, 37, -3, -7, -22, -2, -15, 12, 21, 41, -18, 3, 3, -5, -17, -13, 15, -14};
weight_hh[53] = {-11, 1, 3, 11, 0, -20, -3, -4, -4, 13, -7, -24, -6, 7, 7, 4, 7, -7, 24, 0, 21, -7, 1, -10, -2, 28, -7, 21, 5, 4, 8, 13, 12, -2, 6, 15, -4, -7, -13, -4, -13, 12, -9, 4, 2, -14, 21, -13, 10, 16, 4, -7, -21, 7, 7, -9, -26, 16, 0, 2, -11, -11, 29, -19, -24, -17, 7, 6, -9, 10, -5, 4};
weight_hh[54] = {1, -9, -5, -4, 0, -3, 0, -2, 7, -5, -11, -3, 5, 11, 11, 5, -8, 5, -9, 8, 4, -11, -1, -2, -10, -3, -11, 0, -3, 4, 10, -3, 4, 4, 7, 0, 8, -11, -7, 4, -1, 5, -3, 13, 3, 2, -4, -2, -4, -7, -2, -11, 2, 11, 11, 3, -7, -1, 2, -7, 4, 1, -1, 0, -1, 6, 11, -1, 0, 7, -1, 11};
weight_hh[55] = {6, 4, -8, -3, -4, 1, -22, 0, 8, -8, -6, 1, 9, 6, 6, 7, -7, 12, -9, 3, 10, -6, 0, 12, -1, -3, -6, -4, -6, -5, 7, -9, -2, -2, -10, 4, -2, -6, -14, 5, -8, 7, 2, 8, 1, -6, 7, -4, 2, -6, -7, -6, 1, 6, 6, 13, -2, 1, -6, -6, 12, -2, 7, 0, 7, -11, 6, -4, 7, 3, 0, 6};
weight_hh[56] = {1, -12, -1, 5, 0, 1, -4, -8, 1, 2, -10, -6, 8, 11, 11, 3, -1, -4, -5, 5, 17, -10, 0, -2, -3, 4, -10, 7, 5, 5, 8, 2, 0, 0, 3, 1, -3, -10, 1, -5, -5, 8, -14, 7, 7, 11, 0, -5, -1, -5, 2, -10, -4, 10, 10, 6, -3, 8, -5, -11, -3, -13, 1, -8, -5, -9, 11, -12, 12, 4, 10, 3};
weight_hh[57] = {-2, -1, -1, 2, -2, 0, -4, -2, 3, -1, -6, -1, 2, 6, 6, 3, 0, 1, 0, 2, 3, -6, 0, 0, -4, 1, -6, -1, 0, 1, 6, -2, 2, 0, -1, 0, -1, -6, -2, 1, -3, 1, -1, 6, 1, 1, -1, -1, 0, -1, 0, -6, 1, 6, 6, 1, -4, 1, 1, -1, 1, -2, 0, 1, -2, -2, 6, -1, 2, 2, 1, 5};
weight_hh[58] = {-3, -1, -1, 2, -2, 0, -4, -2, 3, 0, -6, -2, 1, 6, 6, 2, 1, 0, 0, 2, 3, -6, 0, 0, -3, 2, -6, 0, 0, 1, 5, -2, 2, 0, -2, 0, -1, -6, -3, 1, -3, 1, -1, 6, 0, 0, 0, -1, 0, -2, -1, -6, 1, 6, 6, 1, -4, 2, 1, 0, 0, -2, 0, 1, -2, -1, 6, -2, 2, 2, 1, 4};
weight_hh[59] = {-48, -10, 29, 28, 22, 8, 66, -9, -40, -12, -2, 0, 7, 1, 1, -4, 14, -8, 12, -7, 24, -2, -1, 18, -3, -11, -1, 7, 40, -7, -2, -34, -20, -8, -17, 13, -6, -1, -5, 5, 1, -10, -24, -8, -2, 15, 21, -43, -6, -9, -1, -2, -39, 2, 1, 17, 11, -13, -16, -20, 5, -1, -6, -10, 0, 20, 1, -23, -1, -18, -9, -7};
weight_hh[60] = {-14, -4, 3, 13, -5, -6, -16, 7, -13, 8, -6, -48, 0, 3, 6, 4, 19, -9, 37, 5, 23, -8, 1, -9, 13, -16, -6, -3, 16, 9, 4, 28, 3, 1, 6, 20, -25, -6, 13, 8, -3, -5, 9, 3, -7, -3, -3, 6, 3, 19, 27, -4, -31, 4, 3, -22, 2, 3, -7, -21, 1, -21, 27, -104, -7, 1, 6, -31, -14, 16, 49, 8};
weight_hh[61] = {-3, -1, -1, 2, -2, 0, -3, -2, 2, -1, -6, -2, 1, 6, 6, 2, 1, 0, 0, 2, 3, -6, 0, 0, -3, 1, -6, 0, 0, 1, 5, -1, 2, 0, -1, 0, -1, -6, -2, 1, -3, 0, -1, 6, 0, 0, -1, -1, 0, -1, 0, -6, 1, 6, 6, 1, -4, 1, 1, 0, 0, -1, 0, 1, -3, -1, 6, -1, 2, 2, 1, 4};
weight_hh[62] = {-29, 0, 37, -49, -43, 10, -2, 22, -47, 2, 3, -51, 17, -3, -4, 2, -5, -48, -25, 2, 3, 4, -12, 2, 10, 2, 3, -8, -10, 30, -2, 9, -27, 2, 16, -9, 15, 2, 22, -1, -18, -31, -7, 1, -2, 12, -25, 9, -19, 29, 21, 3, -15, -3, -4, -6, -8, 22, -42, -40, -50, 4, -25, 30, -2, 17, -3, 41, 17, -2, -36, 1};
weight_hh[63] = {5, -15, 6, -11, -5, 4, -8, -3, 9, -12, -10, 1, 9, 9, 10, 4, 10, 5, -10, 15, -3, -10, 1, -4, -15, -1, -10, -11, 4, -3, 9, 5, 2, -1, -9, -7, -7, -10, 15, 12, 5, -3, -5, 17, -5, 11, -12, 1, 10, 4, -8, -10, 5, 10, 10, -7, -8, 10, 9, 4, -5, -17, -6, 13, -2, 3, 9, -10, 4, 16, 3, 9};
weight_hh[64] = {-16, 5, 30, 9, 8, 14, -10, -15, -31, -28, 2, -25, 1, -2, -2, -2, 18, 8, -22, 9, -6, 2, 50, 8, 14, 11, 2, -33, -13, 34, -2, 5, -7, 14, 2, 9, -5, 2, 21, 3, 14, -11, -6, 3, 28, 9, 11, 1, 15, -1, 2, 2, 12, -2, -2, 2, 26, -34, 0, 19, -32, 29, 25, 3, 22, -14, -2, 2, 68, 23, -20, -2};
weight_hh[65] = {1, 4, 17, 9, 16, -7, -27, -17, 45, 15, -6, 2, 6, 6, 6, 8, -2, -17, 1, 13, 10, -6, 8, -17, 2, -6, -6, 0, 3, -7, 6, -13, -2, 18, -26, 6, 44, -6, 5, -7, 17, 23, 32, 1, 12, 8, -18, -25, -13, 10, 10, -6, 9, 6, 6, -20, -4, 18, -7, 6, 8, -13, -2, 6, 7, 2, 6, 15, -16, -8, 25, 5};
weight_hh[66] = {-17, 10, -20, 8, -26, -15, -3, -13, -17, 0, 7, -18, -10, -4, -1, 3, 13, -84, -30, -20, -2, 10, -4, -2, 10, 4, 4, 14, 5, -5, -28, 57, -9, -19, 8, 2, -14, 7, -19, -100, -22, -13, 11, -8, 15, -9, -5, 15, -4, 59, 58, 7, -10, -10, -1, -5, 22, -1, -45, 2, -5, -2, 12, 12, -9, -11, -2, -1, 8, 7, -8, 7};
weight_hh[67] = {-2, 21, -27, -25, 46, 61, -2, 33, -1, -22, -5, -6, 27, 16, 12, 2, 20, -100, -37, -7, 14, -13, 2, 30, -25, 1, -12, -39, 27, -5, 4, 61, 0, 9, 41, 21, -14, -6, -2, -92, 37, -5, -14, 16, -31, -14, 3, 36, 28, 52, 33, -17, -17, 8, 7, -16, -23, -23, 7, 82, -19, 21, -19, 19, -11, 50, 7, 46, -5, -7, -19, -12};
weight_hh[68] = {-5, 6, 1, 30, 12, -5, -12, -6, -3, -39, 3, -26, 11, -3, -4, -7, -6, -16, -1, -24, 8, 4, -7, 16, -3, 11, 4, 38, 3, 5, -5, 10, -2, -20, -28, 2, 10, 2, -24, -11, -11, -6, -1, -4, 10, -2, 29, -7, -32, 10, 13, 3, -23, -2, -3, 23, 10, -17, -6, -21, -18, 1, 12, -45, -22, -22, -3, -7, -18, 6, 21, -6};
weight_hh[69] = {-13, 9, 27, 5, -3, 3, -36, 10, -2, -27, -3, -3, 12, 4, 3, -4, 4, 22, 25, -7, -4, -3, -8, 19, 5, -7, -3, -11, -7, 13, 3, -25, -12, -18, -28, 15, -40, -3, 13, 21, 23, 7, 30, -12, 15, 4, -4, -6, 17, -17, -12, -3, 6, 3, 3, 25, 5, 16, 13, 17, -21, -9, -17, 0, 16, -3, 4, -7, 8, 1, 17, -3};
weight_hh[70] = {-9, -26, -8, -18, -43, 47, 24, -15, 25, -27, -2, 0, 50, 2, 3, -10, 10, 21, 14, -9, -11, -2, 13, -12, 4, -28, -2, -60, 12, 4, 0, 48, -6, -5, 23, -40, -16, -2, 36, -1, 6, -9, 3, 2, -30, 11, -20, 36, -2, 55, 16, -2, 33, 2, 3, -8, 6, 16, -48, 10, -5, 2, -54, 28, -5, 45, 2, 4, 14, 13, -17, -9};
weight_hh[71] = {34, -1, -4, 35, -14, 16, -31, 35, 1, -13, -7, 14, 23, 7, 7, 13, 22, 15, 0, 7, 14, -7, 14, 25, 9, 6, -7, 1, -2, 4, 5, -12, 10, 15, -8, 7, -23, -7, 29, -4, 3, -1, -18, 16, 1, 19, 15, 20, -18, 23, 11, -7, -6, 7, 7, 7, 18, -23, -1, 11, -14, -25, -18, -32, 21, -41, 7, -5, -6, 32, 17, 7};
weight_hh[72] = {-6, -4, -8, -20, -7, -9, 1, 0, -1, -8, 10, 4, -8, -10, -10, -1, -1, -4, -11, 8, -10, 10, 1, -4, 12, -10, 10, -7, -17, -15, -5, 2, 1, -2, 13, -6, -3, 10, 9, -1, 9, -3, -3, -14, -4, 19, -16, 0, 10, -4, -1, 9, 10, -10, -9, -11, 12, -4, 19, 2, 0, 13, 2, 1, 7, 12, -10, -1, 2, 8, -2, 3};
weight_hh[73] = {55, 13, -22, 16, -26, 2, -17, -23, -6, 9, -13, 0, 1, 12, 16, -1, -2, -18, 79, -5, 15, -10, -29, 6, 8, 14, -19, -21, 25, 0, 10, 2, 12, -26, -25, -108, 47, -13, 8, 3, -37, 15, 13, 17, -26, -60, 37, -4, -1, 26, 4, -19, -40, 12, 15, 23, -7, -14, -38, 1, 10, -56, -14, -15, 37, -59, 15, -5, -29, 9, -104, 4};
weight_hh[74] = {59, -15, 38, -2, -1, -21, 29, -2, -29, -77, -6, -75, 5, 6, 7, -4, 21, -50, 5, -27, -1, -6, -43, -10, -16, -9, -1, 17, -1, 68, 2, 22, 2, -13, -2, -15, 70, -4, 0, -8, -15, -45, -23, 6, 18, 14, 28, -15, -17, 27, 25, -10, -9, 2, 6, 3, 0, 29, 9, -1, -12, -59, -10, 2, 7, -32, 2, -23, -7, 13, 30, 10};
weight_hh[75] = {-34, 6, -7, -8, -15, -10, 25, -61, -19, -8, -11, 30, -9, 7, 14, 15, -30, 21, 19, 14, 2, -9, 14, 4, -6, -28, -16, -41, 0, 0, 17, -31, 8, 3, -8, -13, 13, -18, 26, 21, 2, -33, 8, 9, -24, -5, -4, 40, 5, -11, -15, -18, -9, 17, 6, -7, -16, -6, 16, -48, -22, -25, 12, 24, 48, 38, 12, 7, -22, 31, 4, 18};
weight_hh[76] = {23, 14, 21, -47, -41, -24, 32, 20, 31, 62, -14, -16, 27, 19, 17, 25, 49, 21, -10, 19, -13, -25, -45, 39, -24, -53, -16, -29, -13, 20, 16, 30, 30, 6, -32, 2, 43, -21, 39, 22, 11, 21, -23, 13, -71, 45, -18, 0, -19, -19, 17, -18, 28, 24, 20, -12, -2, 33, 22, 91, -2, -52, 1, 29, -3, -14, 23, 20, 36, 4, -2, 14};
weight_hh[77] = {1, 0, 0, 0, -1, 1, 0, 1, 1, -1, 1, 1, 0, -1, -1, -1, 1, 0, 0, -1, -1, 1, 0, 0, -1, 1, 1, -1, 0, -1, -1, 1, 0, -1, 1, -1, 0, 1, 0, 0, -1, -1, 0, 1, 0, -1, 0, 0, 0, 1, 0, 1, 0, -1, -1, 1, -1, 0, -2, 1, 0, 0, 0, 1, 0, 0, -1, -1, -1, 0, 0, -1};
weight_hh[78] = {18, -2, 13, -5, 10, -26, 22, 35, 21, -8, 6, 11, -31, -6, -6, 12, 5, -12, 17, -1, 6, 6, -34, -9, 14, 4, 6, -17, 1, 0, -3, 7, -11, 16, -3, -4, 30, 6, -2, -1, 16, -3, 9, -6, 7, -6, 13, 2, 1, -10, 11, 6, -17, -6, -6, -6, -7, 2, 32, 7, 5, -18, 7, -7, 34, -22, -6, 38, -31, -21, 1, 15};
weight_hh[79] = {6, 14, -13, 16, -8, 8, 11, -20, 18, 7, 0, 13, 25, 0, 1, 14, -38, 51, -39, 2, 15, 0, -1, -12, -15, -7, 4, 15, -3, 8, 3, -11, -43, 8, 10, 27, -8, -3, -12, 22, -38, 3, -34, -11, -26, 12, -19, 21, -4, -43, -55, 2, 2, 4, 0, 9, 41, -9, 24, 1, -16, -2, 16, -10, 70, -12, 0, -31, 18, -11, 18, 31};
weight_hh[80] = {18, -13, 26, 21, -38, -16, -34, -15, -11, 26, -5, 0, -13, 2, 4, -8, -22, -53, 9, -17, -26, -3, -11, -14, -1, 13, -4, -3, -19, -33, 5, -10, 16, -33, -8, -76, 11, -5, 23, -29, -27, 11, -6, -4, -10, -22, 23, -17, -40, 11, -7, -5, 22, 4, 6, 9, 13, 6, -7, -2, -48, -21, 14, 40, 12, -41, 7, -1, -12, -41, 0, -2};
weight_hh[81] = {6, 1, 35, -21, 9, -2, 19, -39, -14, 14, -19, 18, -7, 17, 15, 13, 19, -11, 34, 17, 21, -13, 4, 48, -31, -39, -15, 9, -44, 24, 15, 8, 25, 65, -20, 11, 24, -7, 25, 10, 12, 52, -52, 18, -20, -11, -6, -5, 14, 16, 8, -16, 37, 17, 21, -20, -2, 29, -5, 20, 33, -40, -33, 55, -16, 49, 8, 21, 23, -27, 3, 18};
weight_hh[82] = {-2, 3, -6, 11, 2, -4, 53, -18, -8, -26, -1, 52, -18, 1, 1, -3, 20, 42, -24, -9, 0, 0, 13, 37, 7, -14, 0, -25, 14, -55, 1, 11, -12, 20, 30, -24, -20, 0, -9, 32, 37, -34, -14, -8, 15, -4, -16, 0, -1, 26, 8, -2, 7, 1, 0, 4, 7, 16, -3, 14, 3, 57, -7, 0, 24, 12, 1, -6, 0, 10, -10, -2};
weight_hh[83] = {2, -21, 66, 16, 54, 5, 30, -28, 27, -9, -6, -18, -5, 5, 6, 9, 1, -6, -18, -5, -17, -6, -17, -41, -18, -12, -6, 34, 28, -7, 6, 13, 5, 25, -17, -14, -9, -5, -6, -24, -19, 25, 56, 17, 3, 21, -20, -8, -22, 36, 7, -6, 63, 6, 6, 14, -11, 79, 17, -53, -6, -20, -54, 65, -12, -10, 6, -10, -39, -35, -30, 7};
weight_hh[84] = {-29, 11, 30, 24, -29, -23, 40, 31, -20, 3, -17, 39, 3, 15, 18, 17, 0, -62, -82, -8, 22, -19, 5, 17, -46, -17, -13, -17, -19, -30, 24, 61, 27, 47, 0, 34, 32, -15, -7, -30, -45, -30, -38, 19, 18, 18, -29, 54, -3, 0, 22, -15, 51, 27, 16, -44, -37, -50, 60, 41, -23, 22, 48, 108, -9, 38, 15, 56, -60, 38, 95, 25};
weight_hh[85] = {-38, -30, -17, -33, 3, -4, -4, -19, 12, -29, -9, -21, 2, 10, 9, -8, -40, 34, -30, 61, 8, -9, 3, -30, 32, -1, -15, 23, 49, -7, 19, -35, -38, 17, 30, 16, -23, -13, 16, 7, -4, 4, 7, -12, 31, 121, -36, -21, 29, -20, 7, -10, -14, 11, 13, 16, -23, 9, 1, -14, -3, -9, -7, -54, -38, 9, 16, -22, 25, 26, 41, 35};
weight_hh[86] = {-20, 8, -13, 25, -31, -3, 19, -30, -22, -12, 2, 30, -7, -2, -2, 1, 8, -11, -7, 4, 0, 4, 4, 45, 22, 36, 1, -9, 26, 5, 3, -12, -9, 16, 10, -28, -3, 3, 7, -11, -44, 24, -13, -3, 46, -32, 32, -8, 23, 7, -5, 1, 9, -2, -3, 2, 11, -47, 0, -11, -24, 10, -8, -16, 24, -30, -4, 1, 18, 2, -41, 14};
weight_hh[87] = {41, 28, -13, 41, 63, -30, -34, 12, -48, -8, -1, 31, -17, 3, 3, 28, 15, 5, -4, 19, 10, -2, -28, -30, -14, 24, -3, -5, -27, -25, 19, -28, 4, 37, -65, 0, 59, -2, -9, -32, 12, 18, 12, -9, -19, 28, -5, 22, -2, -36, 0, -4, -2, 3, 1, -6, 33, 7, 28, 8, 5, -42, 4, 1, 58, -40, 4, -7, -12, -20, 10, 32};
weight_hh[88] = {-6, 9, -13, -31, -4, -20, -27, -13, 36, 5, -12, 19, 8, 9, 10, 8, 9, -13, -12, 14, -20, -13, -27, 58, -12, 37, -11, 52, 54, 2, 6, -35, -5, -3, -48, 1, 3, -15, -20, 2, -22, 3, 11, 2, -44, -12, 19, -13, -2, -46, 19, -13, -52, 10, 5, -26, 4, -32, 13, -11, -35, -14, -20, -28, -10, -26, 7, -12, -3, 4, -26, 6};
weight_hh[89] = {1, 0, 0, 1, -1, 0, 0, 0, 1, 0, 1, 1, 0, -1, -1, -1, 1, 0, 1, -2, -1, 1, -1, 0, -1, 2, 1, 0, 0, 0, -1, 2, 0, -1, 1, -2, 0, 1, -1, 0, -1, -1, 0, 1, 1, -1, 0, 0, 0, 1, 0, 1, 0, -1, -1, 1, -1, 0, -1, 1, 0, 0, 0, 1, 0, 0, -1, -1, -1, 0, 0, -1};
weight_hh[90] = {2, -1, 0, 1, -1, 1, 0, 0, 0, 0, 0, 1, 0, 0, 0, -1, 1, 1, 0, -1, -1, 0, 0, 0, -1, 1, 0, -1, 0, 0, -1, 1, 0, -1, 1, -2, 0, 0, 0, 0, -1, 0, 0, 1, 1, -1, 0, 0, -1, 1, 0, 0, 0, 0, 0, 1, -1, 0, -2, 0, 0, -1, 0, 1, 0, -1, 0, -1, -1, 0, 1, -1};
weight_hh[91] = {-25, -40, -33, 59, -36, -21, -45, 0, 1, 4, -9, 5, 33, 6, 12, 16, -17, 16, -55, -2, 34, -15, 17, -43, 27, -19, -10, 54, 37, -14, 18, -37, -41, 4, 0, 3, -13, -14, 14, -8, -34, 38, -49, 0, -51, 8, 1, -44, -1, 4, 21, -14, -2, 18, 19, -20, 16, 44, 49, -41, 37, -79, -2, -66, 6, -21, 6, -5, -53, 31, 73, 34};
weight_hh[92] = {1, 0, 0, 1, -1, 1, -1, 0, 1, 0, 0, 1, 0, 0, 0, -1, 1, 1, 0, -1, -1, 0, 0, 0, -1, 1, 0, -1, 0, 0, -1, 1, 0, -1, 1, -1, 0, 0, -1, 0, -1, 0, 0, 1, 0, -1, 0, 0, 0, 0, -1, 0, 0, 0, 0, 1, 0, 0, -1, 0, 1, -1, 0, 1, 0, -1, 0, -1, -1, 0, 0, -1};
weight_hh[93] = {-18, -7, -20, 11, -2, 4, -38, -9, -1, -6, -17, -4, 16, 14, 18, 40, -7, 48, 16, 16, 9, -14, -4, -8, 24, 30, -15, 7, 4, -7, 36, -37, -6, 2, -12, -1, 15, -17, 24, 20, 0, 12, 5, 11, 12, -14, -28, -5, 14, -28, -19, -16, -7, 14, 12, 7, -31, 7, 7, -26, -3, -18, 10, -3, 37, -3, 14, -15, -4, 15, 7, 64};
weight_hh[94] = {-3, 27, -5, 17, -21, 2, -36, -4, 8, 16, -42, -9, -26, 44, 45, 23, -20, -49, 37, 18, 16, -33, -1, 4, -22, -2, -42, 12, -9, 36, 31, 10, -2, 23, -14, -41, 11, -39, -24, -38, -37, 6, 7, 37, 7, -9, -19, -20, -16, -6, 6, -29, 2, 43, 46, 20, -20, 17, -12, -12, -1, -18, -28, -31, 0, -15, 32, -2, 25, 9, 3, 33};
weight_hh[95] = {-5, -5, 26, 0, -8, 10, 12, 20, -27, 16, -6, 3, -20, 6, 6, 0, 0, -4, 9, 23, -34, -6, -11, -4, -5, 29, -6, -4, -15, 12, 7, -12, -9, -18, 12, 0, -23, -6, 8, 10, -5, -2, -11, -1, 8, 21, -10, -38, -15, 12, 5, -6, -6, 6, 6, 7, -5, -1, 6, 6, -12, 2, 2, 18, -11, -11, 6, 27, -15, -27, -18, 7};
weight_hh[96] = {-21, -14, 46, -11, -12, -53, -5, 6, -19, 18, -15, -6, 29, 14, 14, 25, 16, -15, 18, -12, 73, -14, 3, 2, 2, 4, -14, -54, 44, -19, 16, -10, 13, 49, -25, 1, 34, -15, 11, -6, 4, -60, -14, 14, -17, 1, 10, 17, -3, 37, -3, -15, -13, 14, 15, 33, -20, -12, 3, 44, -75, 14, -4, 31, 14, -1, 14, 0, 14, 50, -6, 17};
weight_hh[97] = {-10, -24, -5, -39, -34, 9, 9, 24, -16, 19, -1, 46, 25, 2, 4, 5, -17, -14, -38, 2, 12, -1, 32, -38, -31, -18, -2, -10, -11, 9, 6, -20, -11, 5, 30, 26, 28, -2, 15, 1, -31, -25, -38, -9, 3, 26, -58, -14, -12, -23, 7, -1, 18, 2, 1, -20, -12, 25, 19, -11, 3, 28, 0, 67, -40, 5, 1, 5, -20, 5, -3, 2};
weight_hh[98] = {-3, 0, -2, -4, -34, 24, 22, 3, -13, -32, 1, -8, 21, 0, -1, 12, 10, 23, 14, 23, 1, 1, 40, 7, 30, -21, 1, -10, -5, 2, 5, -21, -24, 0, 43, -2, -25, 0, -6, 20, -4, -11, 7, -1, -16, 10, -18, 28, 7, -26, -9, 0, 3, 0, 0, -22, -14, -4, -2, 22, -17, 41, 10, 29, -13, -8, -1, -12, 21, 4, -34, 0};
weight_hh[99] = {10, -2, 37, -6, 6, 26, 37, -92, -9, 22, -10, -12, 22, 18, 10, 8, 2, 34, 10, 17, 15, -10, -58, 9, -28, 5, -20, -44, 11, -37, 22, -1, -7, 8, -27, 61, -10, -11, 62, 25, -17, 45, -14, 17, 36, -11, 21, 9, 25, 19, -1, -12, -1, 14, 22, -13, -11, 17, 12, 43, -19, -85, 35, 29, -4, -8, 18, 29, 51, 12, 27, 13};
weight_hh[100] = {8, 5, 1, 12, 4, 11, 9, 4, -51, 14, -5, 22, -16, 5, 5, 3, -17, 22, 0, 2, -24, -5, 4, -5, 1, 15, -5, -11, -15, -3, 5, 17, -4, 7, 4, -10, -10, -5, -1, 4, 3, 38, 16, -29, 12, 9, 6, 15, 8, -1, -13, -5, 14, 5, 5, 10, 0, 17, 14, 3, -4, 1, 19, 4, -6, -16, 5, 10, -10, -2, 13, 1};
weight_hh[101] = {-1, 4, -23, 28, 54, -20, -40, 22, -13, 43, 0, -20, 5, 0, 0, 8, 12, 30, 6, -6, 3, 0, -28, 30, -2, -22, 0, 24, 33, 3, 2, -10, 22, 14, -13, 35, 0, 0, -11, 7, 28, -4, 94, 20, 13, 30, -7, 11, -9, 2, 7, 0, -20, 0, 0, 24, -1, -30, -21, -7, -11, 7, -13, -16, -21, 0, 0, 28, -28, -25, -17, 17};
weight_hh[102] = {35, -16, 11, -13, -5, -9, -1, 13, -1, -26, -27, 44, -26, 22, 24, 1, 27, 11, 61, 3, 30, -29, 5, -5, -21, 17, -18, -36, -12, -21, 20, 32, 19, -4, -5, 19, 24, -18, 34, 7, 27, -13, -41, 20, -29, -28, -3, 55, -6, 7, -3, -28, -5, 21, 22, 29, -8, 10, 12, 22, -56, -67, 47, -1, 7, 21, 29, -1, -20, 33, -36, 20};
weight_hh[103] = {14, 0, 9, -31, -30, -14, -5, 11, 23, 8, 8, 2, 0, -9, -8, -16, -2, -12, -8, -4, -6, 8, -14, -28, 10, 20, 8, 16, -14, 10, -14, 10, -10, -14, -3, -1, -2, 8, -34, 6, -41, -17, 10, 10, 24, -19, 30, 6, 6, 3, 1, 8, 10, -8, -8, 3, 9, -8, -17, 17, 5, -7, 3, -28, -5, -23, -9, 9, -3, 5, -9, -2};
weight_hh[104] = {31, -34, 11, 14, -39, -16, 1, 9, -12, 9, -19, -17, 10, 19, 25, 34, -11, -9, 17, 22, 6, -27, -5, 13, -59, -16, -26, -13, -10, 8, 32, 52, 15, 43, 5, -2, 9, -24, 10, -26, -43, -6, 7, 45, 18, 19, -17, 14, 3, -25, 3, -22, -28, 28, 26, 23, -58, -25, -5, 3, 5, -18, 8, 17, 36, -4, 23, 7, -13, -30, -23, 44};
weight_hh[105] = {22, 3, -11, 5, -45, -2, -10, -7, 50, 46, -5, 30, 28, 6, 6, 14, 2, -4, 7, 16, 18, -8, -21, -24, -15, 19, -9, 32, 87, 13, 5, 1, -11, -7, 14, -17, 34, -10, 5, 8, -4, -37, 20, 12, 19, -2, -19, -66, -4, -28, 13, -4, -15, 4, 3, 19, 6, -22, -31, -9, -37, -44, -7, 30, -7, -16, 8, 14, -10, 14, -49, 8};
weight_hh[106] = {1, 0, 0, 1, -1, 1, 0, 1, 1, -1, 1, 1, 0, -1, -1, -1, 1, 0, 0, -1, -1, 1, -1, 0, -1, 1, 1, 0, 1, 0, -1, 1, 0, -1, 1, -2, 0, 1, 0, 0, -1, 0, 0, 1, 0, -1, 0, 0, 0, 1, 0, 1, 0, -1, -1, 1, 0, 0, -1, 0, 0, 0, 0, 1, -1, -1, -1, -1, -1, 0, 0, -1};
weight_hh[107] = {40, -9, 25, 50, 6, -25, -9, 21, -4, 38, 5, -23, -27, -4, -5, 23, 43, -30, 0, -29, 54, 4, -4, -19, -9, 24, 4, -20, -11, 3, 2, 11, 11, 12, -34, 16, -32, 3, 7, -15, 35, 10, -47, -20, 20, 6, 28, -30, -20, 36, -6, 5, -8, -5, -3, 48, -13, -48, 9, -30, 2, -23, 17, -23, 9, 0, -3, -12, -49, -43, 27, 3};
weight_hh[108] = {-1, 6, 22, -38, -22, 20, -21, 37, 40, 17, 3, -23, -30, -3, -4, 6, 16, -18, 15, -27, 0, 4, -9, 5, 25, -48, 4, -37, -3, 35, 2, 8, -24, -4, 0, 16, 3, 3, -16, -16, 5, -12, 3, -21, 3, -2, 13, 29, -35, 16, 29, 4, -35, -3, -3, 27, 9, 3, -33, 34, 24, 10, 4, -32, -4, 32, -4, 36, -16, 14, -4, 2};
weight_hh[109] = {6, -27, -29, 19, 12, -6, -16, -1, 22, 11, 0, -26, 61, 1, 9, 7, -31, 44, -48, 19, -22, -11, 4, 7, 2, -48, -9, 49, 14, 28, 20, -33, -13, 8, -3, -15, -57, -4, -20, 12, -22, 22, -36, 15, 10, 11, -33, 19, -10, -25, -10, -7, -23, -1, -1, -23, 10, -4, -22, -15, 39, 24, 14, -30, -6, -7, 1, -29, -37, 9, 15, 36};
weight_hh[110] = {5, 20, 5, -36, 25, 25, 29, 6, -8, 9, 7, -14, -20, -5, -6, 0, -13, 10, -29, -4, 30, 7, -47, 14, 3, -7, 6, -1, 14, -25, -8, 14, -3, 33, 3, 13, 34, 7, -9, -35, 13, 8, 15, 11, 12, 25, -8, 2, -38, -18, 22, 5, 9, -6, -7, -20, 29, -31, -33, 36, 26, 8, -34, 0, -2, 35, -4, 8, 10, 31, -21, -11};
weight_hh[111] = {3, -11, -15, -4, -2, -54, -20, -2, 5, -8, -12, 7, -7, 13, 13, 20, 3, 45, -23, 47, -16, -10, -7, -31, 10, 10, -8, -2, 1, -3, 27, -37, 9, -7, -4, -23, 9, -9, 24, 29, -3, 36, 18, 7, -10, 10, -14, -2, -26, -42, -18, -8, 9, 12, 11, 12, 12, 7, 78, -18, -12, -12, 13, -6, -9, -11, 8, -13, 5, 9, -16, 43};
weight_hh[112] = {-3, -23, 20, 36, 10, 17, -21, -13, -20, -16, -33, 41, -16, 35, 30, 22, 6, -11, 32, 22, 34, -30, -26, -25, -41, -7, -31, 52, 13, -20, 36, 46, 15, 18, -65, -21, 26, -35, -4, -53, -23, -1, 16, 19, -12, 22, 20, 23, 16, 30, -15, -37, 62, 36, 32, -23, -8, 46, 22, 10, -6, 2, -11, 29, 11, -8, 34, 35, -49, -5, 3, 16};
weight_hh[113] = {-4, 1, -4, -4, 3, -5, 5, 2, -1, 1, 12, 3, -3, -12, -12, 3, -3, -1, -8, 4, -7, 12, 2, 1, 8, -2, 12, -1, -8, -8, -6, -2, -2, 2, 7, 4, -2, 12, 0, -1, 11, 0, 1, -11, -4, 1, -7, 1, -1, -3, -2, 12, 7, -12, -12, -3, 8, -8, 7, 5, 1, 11, -3, 1, 7, 10, -12, 3, -1, -2, -1, 8};
weight_hh[114] = {-15, 15, -81, 9, -20, -17, -35, 26, -18, -72, -12, -8, -61, 7, 17, 15, -6, 49, -1, -9, -2, -10, 31, 65, 13, -54, -12, 1, 15, -79, 10, 10, 1, 37, -38, 17, -8, -10, -6, -28, 5, -20, -21, 18, -5, 0, 11, 19, -24, 23, -22, -11, 42, 14, 17, 43, -11, 30, -7, -22, 32, -31, 27, -14, 7, -23, 10, 21, -16, -38, -40, 19};
weight_hh[115] = {-17, -38, -12, -18, 13, -15, -26, -7, -30, 5, -14, 8, -8, 11, 17, 6, 24, 36, -28, 42, 39, -14, 24, 12, 33, 34, -11, 8, -20, 35, 8, -53, -31, 17, -17, 44, -40, -11, -21, 46, 1, 47, -36, 4, 34, 21, -56, -45, 0, -21, 31, -12, 11, 18, 9, 68, 11, -4, 33, -22, 37, 5, -6, -51, -12, -17, 14, -22, 58, 24, 50, 32};
weight_hh[116] = {33, -17, -8, 16, -21, 0, -8, 14, 37, -11, -12, 48, -13, 13, 18, 12, 50, 21, 27, -5, 12, -13, 23, -2, -22, -29, -13, 10, -26, -37, 23, 39, 20, 13, -35, 14, 37, -16, 30, 25, -25, -22, -72, 11, 2, 29, -1, 45, 17, 123, 2, -9, 27, 17, 18, -48, -37, 30, 16, 28, -14, -39, 40, 28, -7, -33, 17, 13, -60, -22, 92, 19};
weight_hh[117] = {1, 0, 0, 0, -1, 1, -1, 0, 1, 0, 1, 0, -1, -1, -1, -1, 1, 1, 1, -1, -1, 1, -1, 0, -1, 1, 1, 0, 0, 0, -1, 1, 0, -1, 2, -2, 0, 1, -1, 0, -1, -1, 0, 1, 0, -1, 0, -1, 0, 0, -1, 1, 0, -1, -1, 1, 0, 0, -1, 0, 1, 0, -1, 1, 0, -1, -1, -1, -1, -1, 0, -1};
weight_hh[118] = {16, -55, 19, -27, 32, -32, -16, -5, 15, 12, 7, -17, 27, -8, -7, 4, 13, -17, 3, 25, 16, 7, -18, 12, 2, 6, 7, 13, 36, 17, 2, 16, -25, 18, -26, -18, -41, 7, -25, -15, 30, 7, 11, 14, -18, -37, 24, -21, 15, -15, 21, 7, -25, -7, -7, 3, -19, 9, -35, 11, 6, -37, 27, -5, 19, -21, -7, -19, 10, 5, -26, 25};
weight_hh[119] = {0, -1, -11, 26, -26, -80, -32, -8, 2, 23, -12, -21, 7, 14, 12, 40, -8, 16, 23, 19, 1, -7, -10, -11, -62, 37, -9, 14, -15, 18, 26, -28, 22, -24, -24, -25, 64, -5, 11, -1, -61, 10, -15, -2, -6, -34, 21, 6, 1, -40, -50, -5, 8, 8, 5, 4, -17, -25, 55, -41, 7, -34, -20, -5, 30, -54, 11, -25, -4, 0, -30, 37};
weight_hh[120] = {2, 1, -32, -6, -47, -5, 6, 6, -17, 3, -10, -3, 5, 9, 12, 21, -10, 9, -31, 21, -27, -10, 20, 73, 1, -54, -12, -21, 25, -7, 19, 12, 3, -14, -14, -7, 15, -10, -20, -9, 15, 40, 21, 14, 6, 4, 11, 18, -1, -3, -6, -14, -30, 13, 11, -2, 18, -19, -8, 6, -22, -40, -16, -9, 0, -75, 10, -1, 45, 17, -44, 25};
weight_hh[121] = {28, 14, 0, 26, 15, -25, 14, -16, -2, 18, 0, -2, -13, 0, 1, 11, 9, 5, 21, -6, 49, 0, 28, 40, -15, -42, -1, -46, -21, 20, 4, 51, 10, 44, -21, 12, 11, 0, 1, 13, 44, 12, 19, 16, -4, -23, 34, 39, 9, 34, 1, 0, -27, 1, 0, -42, -27, -45, -10, 3, 12, 10, 74, -4, 5, 30, 0, 8, -38, -1, 47, 5};
weight_hh[122] = {1, 0, 0, 0, -1, 1, -1, 0, 1, -1, 1, 1, 0, -1, -1, -1, 1, 1, 0, -1, -1, 1, 0, 0, -1, 1, 1, -1, 0, 0, -1, 1, 0, -1, 1, -1, -1, 1, 0, 0, -1, 0, 0, 1, 1, 0, 0, 0, 0, 1, 0, 1, 0, -1, -1, 1, 0, 0, -1, 1, 1, -1, 0, 1, 0, -1, -1, -1, -1, 0, 1, -1};
weight_hh[123] = {26, 6, -10, 3, 11, -20, 8, 2, 13, 3, 9, -4, -10, -9, -9, 7, 4, -7, 31, 20, -22, 9, -50, 5, 9, 6, 9, 15, 16, 0, -6, 0, 5, -8, -2, -18, 7, 9, 15, -10, 23, -37, 43, 3, 4, -22, 15, -14, -9, 2, -1, 9, -39, -9, -9, 12, 3, -19, -32, 39, -10, 13, 0, -1, 11, 0, -9, 35, -40, -23, -14, -1};
weight_hh[124] = {13, 18, 20, -5, -53, 50, -26, -37, 26, -1, 2, -12, 15, -2, -2, 2, 45, -12, -15, 4, -4, 2, -9, 13, -5, 74, 2, -57, 31, 36, -1, 14, -7, -34, 6, 13, 25, 2, -20, 26, -13, 70, 53, 4, 28, -14, -2, -11, 21, -39, -14, 3, -6, -2, -2, 10, -14, 7, 0, 36, 6, 19, -6, 49, -9, 16, -3, 18, 34, -2, -45, -19};
weight_hh[125] = {-14, 4, -25, -25, 30, -6, -15, 13, 16, -10, -2, 33, -7, 0, 0, 5, -7, -3, -22, 2, 36, 0, 58, -7, 11, -16, 0, -9, 22, 13, 5, -8, -6, 24, -8, 56, -45, -1, 18, -33, 43, 1, -30, -15, -4, 27, -13, -20, 27, 6, 25, -1, 1, 0, 0, -10, 0, -9, 17, -28, 7, -3, 25, -39, -21, 8, 0, -1, -18, 3, 29, 4};
weight_hh[126] = {1, -16, 23, -11, -13, 24, 55, 17, 13, 4, -28, 20, -17, 33, 24, 31, 44, -62, -7, 1, 30, -38, -14, -17, -21, -28, -25, -14, 10, -33, 34, 37, 7, 16, -26, -4, 19, -24, 5, -1, -32, -15, -6, 21, -1, 12, -13, -13, -15, 9, -12, -24, 6, 28, 27, -2, -19, 8, -16, 9, 24, -31, 1, 21, -49, -11, 30, -20, -8, 17, 21, 31};
weight_hh[127] = {-28, 10, -14, 15, -26, -10, 18, -4, -47, -8, -27, 66, -6, 20, 29, 23, -42, 11, 30, 34, -3, -20, 11, 31, -8, -10, -32, 23, 10, -58, 26, 4, 22, 11, -1, -31, -4, -31, 5, -5, -50, -4, -45, 26, -3, -1, 6, 38, -8, -15, -22, -20, 12, 22, 19, 1, -26, -31, -25, -29, -24, 87, 32, -28, -8, -5, 31, 36, -30, 1, -18, 26};
weight_hh[128] = {-22, -28, 5, -15, -14, -12, 33, -5, 9, -13, 8, -7, -5, -9, -8, 32, 0, -6, -28, 11, 20, 8, 4, -19, -7, -9, 8, -1, -11, 4, -1, 35, -13, 1, 29, 10, -17, 9, -1, 12, -5, -20, -27, -30, -10, 21, -31, -5, 12, 13, -8, 8, -9, -9, -8, -12, -10, 12, 35, 20, -22, 23, -22, 18, 31, 12, -9, 2, -13, -7, -7, 32};
weight_hh[129] = {1, 0, 0, 1, -1, 1, -1, 1, 1, -1, 1, 1, 0, -1, -1, -1, 1, 0, 0, -1, -1, 1, 0, 0, -1, 1, 1, -1, 0, -1, -1, 1, 0, -1, 1, -1, 0, 1, -1, 0, -1, -1, 0, 1, 0, -1, 0, 0, 0, 1, 0, 1, 0, -1, -1, 1, -1, 0, -1, 1, 1, -1, 0, 1, 0, -1, -1, -1, -1, 0, 0, -1};
weight_hh[130] = {1, 0, 0, 0, -1, 0, -1, 0, 1, 0, 0, 1, 0, 0, 0, -1, 1, 1, 0, -1, -1, 0, 0, 0, -1, 2, 0, -1, 0, 0, -1, 1, 0, 0, 1, -1, 0, 0, -1, 1, -1, 0, 0, 1, 1, -1, 0, 0, 0, 1, -1, 0, 0, 0, 0, 1, -1, 0, -1, 1, 1, 0, 0, 1, 0, -1, 0, -1, -1, 0, 0, -1};
weight_hh[131] = {6, 7, -24, -2, -24, -29, -12, -85, 29, -39, -6, -34, 60, 12, 11, 10, 2, 50, -50, 8, 8, -9, 15, 36, 1, -7, -14, 29, -6, -3, 16, -7, 7, -4, 37, -2, 21, -7, -21, 9, 22, 15, -8, 10, 85, -5, 32, 19, 21, 19, -1, -6, -34, 8, 11, 10, -11, -30, 23, 57, -29, 28, 42, 20, 7, -13, 7, 5, 8, 12, 10, 13};
weight_hh[132] = {73, -9, 2, 13, -26, -4, -26, 35, 7, -68, -10, 52, -47, -1, 11, 8, -8, 9, 20, -27, -7, -12, 29, 27, -22, -13, 0, -17, -22, 36, 8, 15, -7, 21, -15, -17, 11, -4, -4, -12, -6, -16, 0, 18, -7, -13, 0, 64, 24, -7, 23, -1, 31, 5, 13, -22, -23, 17, 6, -34, 16, -39, -11, 19, 74, -33, 4, 14, -21, -8, -21, 6};
weight_hh[133] = {1, 0, 0, 0, -1, 1, 0, 1, 1, -1, 1, 1, 0, -1, -1, -1, 1, 1, 1, -1, -1, 1, 0, 0, -1, 2, 1, -1, 0, 0, -1, 1, 0, -1, 1, -1, 0, 1, 0, 0, -1, -1, 0, 1, 0, -1, 0, 0, 0, 1, 0, 1, 0, -1, -1, 1, -1, 0, -1, 1, 0, 0, 0, 2, 0, 0, -1, -1, -1, 0, 0, -1};
weight_hh[134] = {5, -6, -1, 56, 2, 2, -10, -11, -8, -22, -13, 15, -22, 13, 13, 16, 13, -9, 6, -5, 6, -12, -38, 16, -12, 25, -12, -26, 27, -20, 14, 22, 12, -20, -19, -64, -18, -13, -8, -3, -8, -23, -47, 18, 42, -14, 22, 24, 8, 33, -10, -13, 19, 12, 12, -2, -19, -38, 4, -6, -2, -4, 35, -10, 1, -53, 13, -8, 5, -5, -16, 21};
weight_hh[135] = {17, -33, 56, 0, -48, -67, -69, 17, 1, -3, -14, 7, 63, 26, 19, 26, 2, -22, -22, 9, 18, -24, 9, -52, -40, -12, -23, -30, 26, 23, 15, 31, -11, 27, -26, -6, -45, -18, -13, -22, -29, 16, 54, 33, 27, 12, -22, -91, 8, -6, 3, -22, -32, 26, 17, -2, -18, 18, -5, 4, -53, -56, -47, 91, 26, -18, 15, -3, 46, 14, -86, 28};
weight_hh[136] = {14, 14, 8, -7, 19, -33, -11, -42, -23, 34, -20, -54, 10, 26, 21, 10, 61, 50, 27, 11, 7, -19, -47, -23, 0, -1, -27, 1, 7, 14, 14, 11, -3, 4, -40, 4, -29, -16, 47, -10, -10, 50, -53, 9, -37, -2, 14, -18, -29, 49, 9, -22, 39, 23, 14, -24, 17, 24, 1, 13, -51, -90, -1, 18, -9, -28, 21, -26, 72, -6, 37, 28};
weight_hh[137] = {41, 6, 10, 42, -45, -18, 18, 15, -117, 9, -19, -5, -43, 24, 29, 17, -24, 14, 34, 2, -3, -21, 8, 25, -11, 26, -30, -3, 12, 24, 31, -11, 41, 0, -2, -21, -37, -20, 7, -2, -42, 9, -54, 18, 46, -1, -1, -31, -16, 35, 8, -19, 27, 18, 20, 0, 11, 23, 32, -29, -46, -31, 28, 29, 23, -72, 23, 1, 21, -11, -1, 22};
weight_hh[138] = {-70, -38, -5, 3, 9, -12, -45, 1, 21, -19, -8, -5, 12, 5, 9, 43, -9, 20, -76, 41, 17, -9, 32, -27, 44, -43, -4, 13, 31, 18, 21, -13, -73, -27, 28, 32, 4, -5, -19, 33, 25, 25, -7, -34, 5, 76, -57, -4, -23, -27, -39, -6, 13, 4, 9, 15, 34, 3, 82, 40, 0, 27, -3, -2, -18, -14, 10, -24, 24, -1, -6, 60};
weight_hh[139] = {-14, 16, 13, 0, -18, 33, -5, -23, 9, 0, 11, 2, 5, -11, -11, -18, 31, 1, 12, -39, 22, 10, 9, -14, 11, -8, 11, -2, 24, -1, -18, 33, -21, 13, 4, -6, 1, 11, 24, -4, -13, -22, 12, 9, 35, -19, 6, -18, 7, 22, 8, 11, -20, -11, -11, 0, 17, 15, -35, 11, -8, 7, 0, -10, -20, -12, -11, -22, -7, 0, 19, -32};
weight_hh[140] = {10, 7, 43, 15, -20, -30, -41, 38, -3, 54, -10, -36, -28, 10, 10, 29, 43, -19, 11, 13, -26, -10, -21, 22, -7, 25, -12, -25, -39, 19, 23, 19, 19, 12, 11, -10, -16, -9, -9, 4, -13, 22, -28, 11, -9, 13, 9, 26, -16, 31, -17, -7, 24, 7, 6, -1, 19, -14, -22, 53, -9, -3, -9, 16, 20, -37, 11, 20, 28, 28, -55, 46};
weight_hh[141] = {30, -8, 78, -9, 18, -4, -35, -46, 32, 15, -20, 62, 28, 23, 14, 10, 41, -20, 0, 18, 14, -9, 11, -39, -10, -17, -19, -19, -16, -69, 16, 16, 22, 17, -27, -28, 6, -13, -26, -3, -25, -14, 8, 14, 45, 22, -21, -58, 3, -3, -7, -17, 13, 19, 10, -25, 4, 54, -3, -27, 8, -54, -17, 75, 21, -11, 21, -19, -20, -19, 43, 15};
weight_hh[142] = {-9, 48, -35, 22, 29, -18, 8, -5, -53, 5, 0, 3, -14, 0, 0, 27, -7, -10, -38, 6, 23, -3, -16, -6, 19, 16, 1, 29, -9, -17, 11, -43, 1, -14, -56, -2, -2, -2, 4, -54, -16, -23, -57, -34, -23, 47, -22, -16, -16, -7, 4, 1, -9, -1, 2, -1, 66, -50, -7, -14, -20, -1, -16, -3, -36, -23, 4, 29, -10, -35, -33, 19};
weight_hh[143] = {22, 9, 6, 16, -22, -37, -18, 12, 5, 22, -3, 13, -31, 1, 2, 8, -14, 3, 32, 4, 26, -3, 2, 17, -8, 18, -2, 7, 16, 8, 7, -4, 6, -10, -27, -18, 59, -3, -21, -13, -18, -23, 11, -3, -18, -20, 24, 11, -11, -14, -19, 0, -8, 1, 3, -7, -15, -41, -2, -19, -5, -46, 24, 34, 29, -46, 3, 29, -8, 2, -27, 6};
weight_hh[144] = {-17, -49, -10, -18, 20, -63, 5, -17, 3, -29, -11, -5, 14, 11, 10, 21, 1, 52, -31, 25, 9, -14, 0, -7, 5, -11, -14, -4, -19, -7, 6, -18, -15, 8, 19, 32, -13, -9, -1, 32, 7, 14, -17, -5, -6, 43, -43, 23, -2, -61, -35, -14, 6, 9, 11, 2, 18, -4, 70, 15, -6, -2, 12, 24, 39, 20, 13, -3, -1, -1, -7, 41};
weight_hh[145] = {38, -37, -4, -29, 5, -18, -23, 8, 33, 31, -7, 0, -13, 2, -8, -19, 33, 66, 77, 1, 0, -2, -41, -31, 34, -11, 6, 28, -32, 21, 4, -34, -20, -36, -67, -75, 27, 5, -24, 39, -6, 29, 23, -4, -26, -31, 11, -12, -5, 34, 23, -1, -59, -3, 0, 18, 20, 34, -65, -3, 72, -35, -5, -14, 78, -57, -2, -1, -36, -9, 0, 5};
weight_hh[146] = {-3, -4, 36, 13, -5, -26, 23, -5, -2, -23, -1, -40, 32, 0, -8, -7, 58, -10, 33, -3, 29, 5, -15, -14, 6, 14, 8, 3, -5, 80, 1, -42, -10, -6, 41, 10, -18, 2, -1, 52, 46, -54, -21, -8, -86, 7, -33, 4, 7, -9, -14, 5, -70, -6, 1, 19, 3, 20, 15, 1, -24, -29, 8, -48, -8, 10, -1, 13, -35, 12, 48, 1};
weight_hh[147] = {13, 41, -30, 4, -53, 34, -2, 0, -18, 40, 7, -71, -46, 2, 0, -1, 15, -38, -19, 5, 16, 0, -18, 18, 40, -35, -2, -3, 14, 13, -4, -22, -5, -9, -49, -8, 14, 1, -8, -32, -35, -15, 10, -10, -49, -17, 38, 12, -7, -14, 23, 3, 1, -1, 2, 37, 27, -25, -47, -21, -11, -11, -22, -29, 24, -9, -2, -20, 56, -3, 36, -7};
weight_hh[148] = {-45, 21, -27, 5, 48, -33, 26, -20, 39, 10, 14, 9, -4, -15, -10, 5, -33, 10, -38, 13, 12, 15, 48, 9, -3, 5, 10, 28, -18, -28, -16, -30, 5, 33, 17, 24, -94, 10, -30, 20, 3, 33, -1, 7, 1, 4, -18, 11, 0, -47, -2, 14, -6, -18, -1, -30, -15, -28, 5, 36, -15, 79, 30, 13, -40, -16, -15, 3, -30, 7, -43, -7};
weight_hh[149] = {-4, -2, -2, 4, -3, -1, -6, -4, 5, -1, -13, -4, 3, 13, 13, 5, 1, 0, 0, 5, 7, -13, 0, 0, -6, 1, -13, 0, 0, 2, 11, -3, 4, 1, -4, 0, -1, -13, -4, 3, -6, 3, -1, 12, 2, 2, -1, -2, 1, -3, -1, -13, 1, 13, 13, 1, -7, 3, 2, -2, 1, -4, 0, 2, -4, -3, 13, -3, 3, 3, 2, 9};
weight_hh[150] = {-4, -27, -3, 6, -4, 30, 2, 30, 61, -10, 13, -17, -18, -11, -19, -24, -51, 26, 6, 8, -1, 15, -20, 8, 19, -22, 11, -27, -8, -6, -14, -52, -19, 1, 39, -8, 2, 20, -6, 78, 61, -25, -7, -17, -24, -15, -28, -5, 11, -50, -18, 13, -18, -21, -11, -3, 26, 3, 4, -19, 30, 2, 15, 32, 29, 30, -19, 23, -23, -30, 1, -1};
weight_hh[151] = {-25, -19, -6, -23, -1, 18, -12, -10, 9, -19, 5, -15, 18, -3, -3, 11, 6, 54, 0, 20, -5, 2, -1, 8, 3, -24, 2, -12, -14, -17, 18, -49, -27, -8, 3, 28, -46, 2, 25, 30, -1, -13, 5, -34, -15, 22, 0, -13, 16, -39, -42, 2, 6, -3, -3, -16, 15, 31, 29, -28, -3, 10, -11, 2, -24, 40, -2, -1, 30, -21, 24, 19};
weight_hh[152] = {-30, -26, 36, -19, 30, 36, 10, -47, 12, 22, 0, 9, 19, -1, 7, 12, 1, -84, -51, -3, -9, -2, 15, -10, -21, 39, -4, -50, 30, -21, 16, 52, 9, 70, 46, 68, -7, -4, -27, -20, 42, -27, -40, 6, 14, -3, -77, -76, 2, -54, -11, -11, 57, 1, 0, -38, -23, -21, 19, 39, -54, 3, -28, 30, -33, 32, 12, 4, 29, 12, -2, 7};
weight_hh[153] = {27, 2, 19, 12, 12, -19, -6, -7, -32, -3, 3, 9, 83, -2, -5, 0, 32, 19, -18, -27, -3, -8, 6, -2, -9, 50, -10, 54, -49, 14, 7, -8, -10, -11, -53, 1, -57, -1, 5, 2, -14, 0, -20, 0, -15, 41, 61, 35, -15, 16, -8, -6, 31, 9, 8, 28, 24, -53, -11, -5, -74, -52, 3, -13, -3, -24, -1, -102, -12, 20, 49, 2};
weight_hh[154] = {4, 25, -5, -2, -6, 5, 4, -1, 25, 13, 27, -22, -23, -29, -30, -35, -5, 1, 24, -18, -44, 28, -6, 6, 24, 22, 30, 23, -3, -4, -26, 1, 1, -28, 41, -6, -11, 28, -39, 16, 0, 13, 28, -29, 15, -44, 6, -29, 2, -35, 1, 27, -4, -29, -27, 16, 15, -15, 1, 12, 6, 3, -1, 3, -8, -13, -30, -5, 12, -9, 7, -21};
weight_hh[155] = {1, -2, 2, -4, -8, 2, -9, -11, 9, -2, 0, 0, -1, 0, 0, -2, 4, 3, 13, 8, 0, 0, 2, -3, 7, -15, 0, -17, -9, -11, -1, 13, 1, -5, 9, -14, 7, 0, 0, -1, 8, 2, 18, -3, -1, 8, -9, 0, -9, 4, -5, 0, -5, 0, 0, -1, -3, -5, 16, 2, 7, 1, 7, -1, 9, 5, 0, 6, 1, -3, -1, 1};
weight_hh[156] = {-26, 18, -7, -18, 14, -12, -4, 6, 0, 37, 15, -3, -11, -11, -14, -16, -30, 7, -9, -14, -44, 11, 27, 14, -9, -28, 15, -6, -8, -12, -13, -42, 14, -14, 5, 5, -15, 17, -11, 25, -4, 50, 49, -10, 2, -25, -33, 7, 23, -40, -5, 14, 1, -9, -14, 12, 0, 6, 3, 12, 33, 46, -42, -20, -8, -7, -16, 20, 56, 5, -14, -21};
weight_hh[157] = {-52, -36, -4, -27, 34, 10, 19, -8, 11, -25, 9, -2, -8, -2, -3, 7, 5, 37, -11, 14, 14, 10, 32, -1, 2, -46, 7, -13, -17, 7, 6, 11, -9, -4, -5, 17, -55, 7, 24, 80, 52, 5, 1, -30, 1, 39, -11, -5, 5, -9, -39, 8, 20, 1, -2, -5, 23, 34, 82, 14, -10, 21, -10, -36, -51, 33, -6, -4, 1, 11, 44, -1};
weight_hh[158] = {-11, 2, 9, -10, -56, 15, 9, 17, -13, -37, 6, 12, 7, 4, 3, -7, 22, -2, 22, 1, -56, 5, -51, -25, 43, 0, 5, -19, 34, 30, -3, -9, -28, -61, -11, -48, 32, 2, -14, 11, -26, -15, 28, -4, 44, -51, -24, -20, 27, 42, 35, 6, -17, -3, -4, -18, 7, 4, -54, -20, 30, -40, -38, 20, 20, -58, 4, 2, 4, 6, 17, -14};
weight_hh[159] = {-35, 3, -10, -29, -13, 85, -10, -1, -6, -29, 20, -1, 19, -18, -14, -36, -9, -2, -8, 2, 5, 19, -16, 7, 12, -5, 18, -7, 12, 18, -12, -7, -31, -3, 22, -30, -12, 15, -15, -7, 7, -1, 15, -10, 19, 29, -7, -13, 12, 39, 32, 19, -13, -19, -16, 18, 3, 29, -66, 3, 31, 39, -13, -8, -17, 2, -18, 17, 12, 13, 33, -66};
weight_hh[160] = {36, -9, -28, 2, -32, -17, -41, 38, -28, -13, -2, -30, 4, 8, 6, -2, -18, 44, 17, 8, 14, -5, -1, 32, 17, -39, -11, -28, 35, -22, 9, 24, -16, -36, -15, -55, -23, -7, 21, -31, -46, -16, 2, -7, 12, 19, 20, 1, -20, 46, -26, -13, -7, 7, 9, 39, 26, 40, -21, 21, 16, 5, 72, -17, 14, -47, 5, -27, -10, -47, 0, 4};
weight_hh[161] = {-4, -3, -1, 4, -5, 0, -6, -4, 5, -1, -13, -4, 3, 13, 13, 5, 1, 0, 0, 5, 5, -13, 1, 0, -7, 1, -13, 0, 0, 3, 11, -2, 3, 2, -3, 0, -1, -13, -4, 3, -5, 1, -1, 12, 1, 2, -2, -2, 1, -3, -1, -13, 2, 13, 13, 0, -7, 3, 2, -1, 1, -4, 0, 3, -4, -2, 13, -2, 3, 4, 1, 8};
weight_hh[162] = {-3, -3, -2, 4, -4, 0, -7, -4, 5, -1, -13, -4, 4, 13, 13, 5, 1, 1, 0, 5, 6, -13, 0, 0, -8, 2, -13, 0, 0, 3, 12, -3, 3, 1, -3, -1, -1, -13, -4, 3, -5, 2, -2, 13, 2, 1, -2, -2, 1, -3, -1, -13, 2, 13, 13, 2, -7, 2, 3, -2, 1, -3, 0, 2, -4, -3, 13, -3, 3, 3, 1, 9};
weight_hh[163] = {-46, -36, -17, 24, 24, 0, 56, -36, -2, 1, 3, 19, 6, -9, -11, 9, -20, 4, -14, -17, -2, -2, 21, 23, -4, 1, 5, -8, -10, -28, -4, 31, -4, 57, 5, -7, 2, 10, -82, 31, 59, 3, 53, -9, 27, 3, -24, -11, 19, -47, -13, 7, 37, -8, 1, 6, -15, -31, 4, 4, 12, 62, -15, 6, 26, 35, -6, 10, 24, 27, -52, 0};
weight_hh[164] = {4, 3, 2, -4, 5, 0, 7, 4, -5, 1, 12, 3, -3, -12, -12, -4, -1, 0, 0, -4, -6, 12, -1, 1, 7, -2, 12, 1, 0, -2, -10, 2, -3, -1, 3, 0, 2, 12, 4, -2, 5, -2, 2, -12, -1, 0, 1, 2, -3, 2, 1, 12, -2, -12, -12, -2, 7, -2, -1, 1, 0, 4, 0, -2, 4, 2, -12, 2, -3, -4, -2, -8};
weight_hh[165] = {27, 10, 4, 2, 9, 24, 13, 5, -1, -10, -5, 2, 17, 3, 3, -12, 15, -18, -10, -10, 27, -6, 0, 0, -6, 4, -6, -8, 40, 6, -4, 18, -33, 22, 7, 0, 2, -4, -6, -2, -1, -5, -17, 12, 12, 24, -22, 9, -10, 29, 23, -4, -39, 4, 4, 4, -14, -9, -56, 6, -9, -18, -5, 5, 6, -7, 4, -2, -10, -14, -10, -15};
weight_hh[166] = {6, -2, -1, -6, 2, -3, 5, -5, 8, 4, 1, -2, 3, -2, -1, 3, 1, 0, -7, 5, 2, 1, -2, -3, 3, 1, 1, 1, 2, 1, -3, 4, 0, 9, 7, -4, 7, 1, 3, 0, -3, 5, 1, 4, 3, 3, -5, -1, -1, 2, 7, 1, -3, -1, -1, -1, -4, -2, -6, 1, -4, -1, 0, 7, 6, -6, -1, 3, 2, -8, -2, 0};
weight_hh[167] = {4, -9, -4, -3, -4, -1, 27, -8, -7, 6, -1, 7, -6, 1, 1, 3, -4, -8, 12, -5, 10, -1, -8, 13, 1, -21, -1, 1, 11, 14, 1, -1, -8, -1, 8, -11, -5, -1, 5, -6, 6, 7, -1, -5, 5, -17, 16, -7, 15, -7, 27, -1, -6, 1, 1, 2, -8, 0, -7, -11, 15, 3, -25, -23, 4, -12, 1, 15, 7, 7, -3, -3};
weight_hh[168] = {59, 38, -52, -36, 10, -11, 8, -12, 63, 59, 2, -4, -13, -2, 3, -6, 2, -3, 16, -27, 4, 4, -6, -44, 6, 5, 5, 57, -25, -7, 3, -1, 10, -2, 10, 30, 19, 5, 6, 29, 11, -58, -63, 7, -33, -22, 36, 46, 19, -10, -3, -2, 3, 2, 0, -15, -17, 17, -1, 84, -13, -7, 10, 1, -19, 33, -3, 24, -90, -28, 39, 3};
weight_hh[169] = {29, -7, 11, -20, -9, -23, -4, -27, -32, 16, 3, -19, -42, -8, -7, 9, 23, -28, 25, 15, -2, 1, -24, 2, -25, 3, 9, 24, -67, -19, 0, 37, 5, -18, -99, -20, 16, 7, -40, -79, -23, 29, -31, 4, 8, -17, 32, 23, -9, 47, 14, 2, 13, -4, -7, 50, 13, 32, 11, 16, -45, -52, -1, 10, 11, -18, -6, -27, 1, -7, 29, -3};
weight_hh[170] = {-19, 2, -19, -10, 60, 71, -6, -2, -31, -38, -8, -4, 9, 1, -2, -60, 0, 28, 25, 26, 29, 0, 11, 8, 7, -3, 2, -14, 41, 1, -13, -44, -33, 12, -5, 46, -30, -4, 1, 20, 64, -6, -2, -9, 8, -5, 18, 13, 39, -53, -19, -2, -17, 6, 3, -4, -1, 21, -55, 23, 15, 11, -42, -11, -40, -8, 1, -7, 2, 4, 19, -60};
weight_hh[171] = {-49, -6, 19, -14, -17, -16, -54, 22, -41, 11, -7, -10, 12, -3, 3, 2, 17, -16, -9, -14, 6, -1, 33, 1, 11, 17, -4, 26, 19, 12, 4, -13, -3, -29, -27, 3, -10, -5, -45, -18, -52, -15, 8, 7, 44, -21, 41, 23, -7, 32, 8, 3, -28, 7, 0, 60, 11, 1, -35, -63, -19, -13, 65, -60, 13, -44, -4, -42, 0, 68, 4, 2};
weight_hh[172] = {-2, -15, -5, 7, 4, -1, -6, -13, -5, -15, -19, -4, 9, 19, 19, 17, -15, -8, -18, 7, 8, -19, 14, -16, -11, 11, -19, -14, 5, 4, 18, 9, 13, 13, 4, 5, 5, -19, 8, -3, -12, -4, -11, 24, 15, 15, -12, -4, 14, -2, -2, -19, -1, 19, 19, 11, -19, 15, -3, -5, 0, -3, 24, 1, 0, -13, 19, 0, 9, -1, 17, 15};
weight_hh[173] = {9, -19, 32, -81, -11, -1, 23, -44, 37, 23, 6, -14, 22, -10, -10, 13, -22, -17, 4, 0, -17, 6, 8, -1, 7, -9, 6, -8, -12, 25, -3, 19, 28, -16, 30, -22, 89, 10, 21, 3, -13, 14, 41, 18, 13, 24, -14, 64, -7, -41, -25, 10, -37, -3, -8, -66, 1, 24, 29, 77, -9, 9, 29, 32, -1, 8, -2, 19, -25, 57, -55, 5};
weight_hh[174] = {66, -2, 4, -11, -19, -3, -3, 23, -16, -20, -3, -2, 42, 4, 4, 0, -10, 8, 3, 0, 24, -3, 4, -1, -23, -42, -6, 14, -14, 3, 4, 20, -10, 4, -21, -7, -17, -5, -25, -4, -18, 23, -20, 4, 46, -29, 19, 63, -28, 13, -28, -4, 29, 5, 3, 2, -14, 48, -3, 19, -37, -51, 39, 14, -14, -17, 5, 0, 0, -5, -17, 3};
weight_hh[175] = {-21, 5, -1, 22, 17, 2, -24, -14, 27, 5, 31, -7, -13, -33, -30, -19, -34, 39, 4, 8, -28, 33, -10, 31, 38, 13, 35, -11, 12, 17, -24, -19, -39, 1, 33, -10, 1, 34, -27, 35, 1, -9, 44, -34, 31, -6, -31, -10, -7, -17, -19, 31, 4, -34, -32, 25, 86, -11, -15, 3, 20, 47, -20, -6, 3, -6, -29, -26, -11, -3, -12, -7};
weight_hh[176] = {-8, 3, 1, 11, 9, -2, -9, 3, -12, 8, -4, 3, -5, 4, 4, -2, 3, 9, 11, -6, -6, -4, 7, 0, 5, 10, -4, -1, -1, -3, 5, -4, 2, -5, -3, 0, -9, -4, 11, -7, 9, -1, -9, -8, 0, 3, 5, -5, -2, 0, -5, -4, 4, 4, 4, -6, 12, -4, 4, 4, -7, -7, -1, -3, -2, -5, 4, -1, -1, 0, 7, 0};
weight_hh[177] = {47, -23, 15, -25, -1, 17, 57, 45, -3, 24, -3, 58, 10, -1, -2, -7, 18, 28, 17, 12, -19, 3, -30, -13, -6, -6, 3, -45, 41, -30, -1, -22, -13, 13, 33, -20, 36, -2, 74, 41, 17, -35, -8, -2, -37, 1, -35, -3, 10, 31, 10, -1, 3, 2, -1, -41, -18, -3, 5, -19, 15, -36, -11, 55, 14, 31, -2, 8, -18, -22, -10, -8};
weight_hh[178] = {3, 2, 2, -4, 4, 0, 6, 3, -5, 2, 13, 4, -4, -13, -13, -5, -1, 0, 0, -6, -6, 13, 0, 0, 7, -2, 13, 0, -1, -2, -11, 3, -3, -2, 3, 0, 0, 13, 4, -3, 5, -2, 1, -13, -2, -1, 2, 3, -1, 3, 1, 13, -2, -13, -13, -1, 7, -3, -2, 2, -1, 4, 0, -3, 4, 3, -13, 2, -3, -3, -1, -9};
weight_hh[179] = {30, 5, 22, 0, 18, -81, 2, -6, -1, 41, -16, 2, -23, 13, 12, 35, 1, -41, -31, -17, -11, -17, 11, -32, -73, 14, -15, 13, -16, 17, 14, 16, 31, 38, 9, 6, -12, -9, -27, -28, -7, -22, 8, 3, -9, 11, -41, -1, -13, -8, -6, -11, 5, 16, 17, 10, -10, 1, 72, 14, 1, 15, -4, 5, 29, -5, 13, 60, -5, -25, -35, 35};
weight_hh[180] = {10, 25, 23, -17, 16, -2, -41, 70, 30, 2, 14, -27, -2, -18, -7, -45, 19, 33, 25, -12, -16, 5, -20, 19, -4, 4, 8, -55, -26, -4, -12, -96, -1, -9, -37, 1, 14, 5, 8, 99, 4, -18, 12, 0, -6, 8, 33, 4, 24, -81, -24, 12, -10, -14, -14, 47, 9, 9, -7, -21, 8, -40, 1, -7, -15, 14, -17, 26, 1, 7, 59, -16};
weight_hh[181] = {-37, -16, -6, -14, -26, 45, -5, 17, -14, 12, 5, -3, 8, 2, 0, -22, 19, -38, -42, 15, 29, 1, 30, 11, 44, 16, 3, 45, 33, -8, -14, 7, -11, -10, 4, 11, -17, 1, 12, -52, -28, 15, -31, 2, 23, 23, 33, 8, -25, 2, 53, -3, -3, -3, -3, -19, -1, -19, -55, -2, -12, 5, 22, -19, -23, -41, -4, 5, 39, -2, -4, -40};
weight_hh[182] = {-33, 16, -29, -50, 8, -3, 0, -30, 15, 47, 0, -1, -56, -6, -5, -9, -11, 49, -4, -10, 20, -2, -15, 18, 1, -20, 4, 21, -20, 14, -4, -50, 12, 5, -28, 30, 24, 5, -24, 1, -27, 11, 4, 11, 14, -7, 56, 25, 1, -22, -27, 6, -38, 0, -1, -32, 21, 29, -32, -20, 17, 18, -1, -47, 0, 53, -4, 4, -4, 39, 95, 5};
weight_hh[183] = {11, 6, 6, 15, 16, -29, 27, -29, -1, 32, -7, -6, -16, 8, 9, 24, -11, 10, 11, -8, -13, -5, 10, 25, 5, -10, -5, 6, -70, -7, 16, 15, 49, -1, -19, 22, 5, -7, 12, 16, 19, 2, -2, 10, -4, -45, -1, 15, -10, -18, -30, -7, 41, 11, 6, 8, -1, -13, 80, 20, -3, 9, 20, 9, 15, 13, 6, -5, -25, -12, 11, 36};
weight_hh[184] = {3, -8, 7, -5, -3, -10, 4, -5, 10, 2, 2, -7, 9, -2, -2, -1, 1, -2, -6, -5, -2, 2, 2, 2, 4, -7, 2, 7, -6, 3, -2, 2, 6, 10, 15, 6, 4, 2, 7, 5, -12, -3, 1, 5, 8, -4, -8, 0, -7, 2, 12, 2, -6, -2, -2, -6, -13, -1, -7, -4, -4, 1, -4, 9, -1, -2, -2, -7, 12, -7, 3, 2};
weight_hh[185] = {-14, 7, -9, -3, -1, -48, 6, 0, 2, -9, -10, -12, 6, 11, 10, 57, -6, 24, -5, 5, 4, -11, -7, 3, -1, -19, -10, -3, 0, -4, 18, -22, -3, 1, -8, 17, 1, -11, -2, 23, 1, 13, 6, -1, 2, -16, -10, 5, -8, -37, -24, -10, 0, 11, 11, 12, -7, -8, 27, 10, 6, -2, 2, 5, 35, 10, 11, 0, -6, -21, -11, 81};
weight_hh[186] = {-4, -4, 71, 0, -69, 8, 4, 70, -52, -32, -6, -19, -22, 14, 14, 9, -25, -13, 41, -7, 9, -9, -32, 27, -5, -27, -20, -49, -29, 19, 14, 24, -5, -8, 1, -31, -20, -13, 75, 15, -51, 13, -72, 3, 6, -5, 15, 7, -22, 79, -22, -15, -12, 7, 16, -25, 0, 50, 6, 4, -36, -54, 2, -4, 14, -1, 12, -17, 56, -50, -28, 7};
weight_hh[187] = {23, -18, 26, 0, -15, 8, 4, 13, -45, 24, -5, 15, 11, 4, 5, -7, 9, 10, 69, -7, 4, -9, -6, -7, -26, 0, -2, 66, 81, 23, 1, 2, -3, -48, 9, -56, 14, -7, 17, -7, -10, 11, -23, 14, 0, -24, 62, -4, 27, 43, -16, -9, -7, 2, 9, 32, 1, 52, -30, 3, 36, -33, 26, -18, 17, -49, 4, -28, -47, -3, -36, -7};
weight_hh[188] = {1, 20, 23, 20, -35, -13, 5, 50, -46, 11, -7, -40, -6, 8, 10, 11, 68, 9, -11, 21, 20, -17, 16, -9, -24, -18, -7, -23, -48, 44, 17, 50, 15, -8, -69, -5, -6, -13, 5, 19, -32, 33, 0, 19, 46, 2, 25, -20, -1, 4, -22, -12, 52, 16, 16, -5, 4, -1, 6, 30, -27, -106, -73, 47, 8, -22, 9, -38, 10, -40, -43, 8};
weight_hh[189] = {4, 3, 2, -4, 4, 0, 6, 4, -5, 1, 13, 3, -3, -13, -13, -5, -1, -1, 0, -5, -6, 13, 0, 0, 7, -1, 13, 1, 0, -2, -11, 3, -4, -1, 3, 1, 1, 13, 4, -3, 5, -2, 1, -13, -1, -1, 1, 3, 0, 3, 1, 13, -2, -13, -13, 0, 8, -3, -2, 2, -2, 4, 1, -2, 4, 3, -13, 2, -3, -3, -2, -9};
weight_hh[190] = {0, -13, 32, 46, -19, 11, 13, 15, -19, 0, 0, 14, -2, 1, 1, 31, 0, -19, -12, 24, 15, -1, 2, 4, -65, 28, 0, 22, -27, -28, 10, 34, 4, 33, 26, -9, 5, -1, 7, -3, -4, 38, -19, -4, -5, 7, 3, -11, -5, 0, -22, -1, 30, 1, 1, 12, -36, -33, 55, 32, -68, -14, 17, 46, 16, -11, 1, 24, -19, -18, -41, 34};
weight_hh[191] = {2, 22, -15, 27, -4, 80, -19, 1, 13, 4, 12, 11, 18, -13, -14, 5, 21, 3, -26, -2, 3, 17, 12, -29, 17, 20, 17, 26, 59, -9, -11, -22, -30, 1, 8, -24, 13, 15, -5, -9, -9, -3, -8, -16, 4, 31, -26, -23, 8, 18, 40, 19, -35, -11, -12, -4, -1, -23, -131, -7, 16, -6, 4, -6, 29, -6, -14, -26, 19, -9, 8, -10};
weight_hh[192] = {-26, 7, -13, -20, 39, 3, 27, -35, 42, -53, 6, -14, -36, 2, -9, 1, 42, 44, -11, -17, -40, 3, 6, 19, 4, -23, 0, -13, -13, -38, -4, -12, 55, -5, -31, 36, 9, 9, 26, 10, -16, -2, -25, 46, -3, 21, 75, 29, -29, -25, -13, 0, -9, -7, 0, -5, 4, 21, -6, 38, 12, 27, 8, -78, -12, 24, -5, -20, -9, 34, 118, 1};
weight_hh[193] = {-28, -4, 6, -60, 26, 16, -77, 7, -9, 32, 0, 22, 47, -3, -5, -28, 28, -1, -18, -13, -25, 10, 4, -22, 27, 10, -1, -69, -68, 32, -14, -36, -25, -1, -21, 44, -12, -1, -1, 17, 19, 27, -22, -5, -4, -26, -1, 6, -16, 20, -1, 9, -19, -4, -6, 10, 21, 31, -17, -90, 5, -18, 84, -13, -25, 10, -7, -23, 6, 70, 37, -22};
weight_hh[194] = {4, 3, 2, -4, 4, 0, 7, 4, -5, 1, 13, 4, -4, -13, -13, -5, -1, -1, 0, -5, -6, 13, -1, 0, 7, -2, 13, 1, -1, -2, -11, 3, -3, -1, 3, 0, 1, 13, 5, -3, 5, -3, 1, -13, -2, -1, 2, 2, -2, 3, 1, 13, -1, -13, -13, -1, 7, -3, -2, 2, -1, 4, -1, -3, 4, 3, -13, 2, -3, -2, -1, -9};
weight_hh[195] = {2, 7, 5, 5, 28, -14, -19, -9, 24, 20, -10, -26, -60, 11, 4, -6, 11, -2, 68, -12, 60, -6, 39, -20, -9, -19, -10, 21, 53, 17, 4, 5, -61, 3, -39, 20, 21, -6, -31, 13, 19, -7, -24, -31, -35, -37, 58, -39, 23, 1, -23, -4, -32, 6, 5, 70, 6, 29, -85, 8, -21, 10, 29, 1, 26, 20, 6, -9, 3, -26, 14, -5};
weight_hh[196] = {-18, -18, -33, -13, -11, 51, 4, -49, 28, -5, 11, -48, 19, -1, -8, -11, 12, 46, -22, 13, 16, -1, -27, 10, 30, 39, 8, -10, 33, -18, -11, -45, -37, -12, 33, 1, -9, 8, 13, 62, 26, 52, 22, -6, 2, 24, 9, -3, 27, -76, -25, 0, 2, -8, -4, 22, 9, -9, 10, 47, 8, 2, -13, 37, 7, 37, 1, 21, 13, -39, -78, 2};
weight_hh[197] = {17, -30, 46, -15, -18, -25, 28, -7, -4, 53, -1, -1, -22, 1, 9, 14, 28, -3, 45, -4, -64, -8, 24, -13, -22, 11, -1, -12, -38, 8, 12, 63, 20, 8, -1, -29, 25, 1, 7, 37, -15, -40, -44, 4, -47, -41, -23, -26, 7, 98, -38, -6, -3, -3, -1, 12, -25, 23, 8, 0, -14, -17, 5, 22, 11, 4, 5, 24, -25, -20, 1, -2};
weight_hh[198] = {-9, 24, -20, 7, -45, 7, 6, -10, -1, -1, -8, 2, -9, 7, 6, 0, 0, -21, 27, 11, -24, -10, -12, -23, -12, 27, -12, -24, -16, -8, 11, 11, 10, -36, 62, -32, 28, -7, -3, 6, -14, 7, 20, 2, 9, -31, -18, -14, 8, -28, -10, -11, 20, 6, 8, -16, -13, -9, 49, -5, 13, 14, 23, 14, -27, -3, 4, 6, 9, 21, -42, 4};
weight_hh[199] = {-2, 4, 4, 4, 19, -16, -21, 10, 8, -8, -6, 33, 9, 7, 6, 7, 36, 24, 30, -28, -3, -7, 13, -7, -39, 11, -6, -30, 6, -8, 1, 31, 7, 8, 8, 3, -47, -5, 31, 22, 30, -45, -4, 6, 3, 0, -46, 31, 6, 42, 15, -6, -22, 7, 5, -40, -24, 5, -21, 27, 14, -12, 23, -25, -8, 37, 5, -34, -32, 7, -9, 2};
weight_hh[200] = {15, 7, 7, 26, 35, -63, 8, -4, -13, 46, -6, 5, 1, 7, 5, 4, -11, 32, -51, 15, 19, -8, 7, -1, -42, -7, -7, 17, 6, -10, -2, -29, 8, -5, -29, 34, 21, -3, 6, 29, 0, 8, -18, 2, -8, 45, -24, 12, -37, -61, -62, -5, -11, 6, 3, -22, 15, -17, 25, 8, -12, -10, 0, -4, 31, 7, 4, -1, -2, -10, -4, 17};
weight_hh[201] = {-3, -2, -2, 4, -3, -1, -7, -4, 5, -1, -13, -3, 4, 13, 13, 6, 0, 1, -1, 5, 6, -13, 0, -1, -8, 1, -13, -1, 0, 2, 12, -3, 4, 1, -3, -1, -1, -13, -4, 3, -5, 2, -1, 13, 2, 1, -2, -2, 1, -3, -1, -13, 2, 13, 13, 1, -8, 3, 3, -2, 2, -4, 0, 1, -3, -4, 13, -2, 3, 3, 2, 9};
weight_hh[202] = {-5, -2, -2, 3, -4, 0, -6, -4, 5, 0, -13, -4, 2, 13, 13, 5, 1, 0, 0, 5, 7, -13, 1, 0, -7, 2, -13, -1, 0, 2, 11, -3, 3, 1, -4, 0, -1, -13, -5, 3, -5, 2, -1, 12, 1, 0, -1, -2, 2, -3, -1, -13, 1, 13, 13, 1, -7, 3, 2, -1, 1, -3, 0, 2, -4, -2, 13, -3, 4, 2, 2, 9};
weight_hh[203] = {-34, 0, -22, -36, 17, -22, -30, -22, -21, -31, -11, -8, 46, 7, 14, -9, -10, -16, -16, -4, 19, -10, 30, -14, 7, -5, -15, -4, 112, 33, 2, 25, -1, 22, 23, -13, -9, -5, 19, -1, 23, -2, 38, 13, -3, 2, -16, 53, -11, -8, -21, -10, -71, 6, 16, 6, 9, -34, -5, -29, 22, 16, 67, -42, -2, 30, 15, -32, 14, 48, 4, 1};
weight_hh[204] = {-20, 7, -25, -27, 76, 5, 42, -45, 33, 16, 12, 37, -23, -14, -14, 0, -14, 0, -4, 10, -6, 12, -3, -11, -19, 8, 12, 52, 40, -14, -12, 11, 2, 55, 19, 35, 41, 8, -32, 44, 47, 0, 51, 3, 8, -1, -29, -32, 7, -54, -16, 3, -1, -11, -2, -22, -13, -26, 34, -1, 30, 65, 9, 1, 11, 53, -13, -19, -30, 11, 8, -5};
weight_hh[205] = {5, 2, 2, -4, 4, 0, 6, 4, -4, 2, 13, 4, -3, -13, -13, -5, -1, -1, 0, -5, -5, 13, -1, 0, 7, -2, 13, 1, 0, -1, -11, 3, -4, -1, 3, 1, 2, 13, 4, -3, 6, -2, 1, -12, -1, -1, 2, 2, -1, 3, 1, 13, -1, -13, -13, -1, 7, -3, -2, 1, -1, 3, 0, -3, 4, 3, -13, 2, -3, -3, -1, -9};
weight_hh[206] = {5, -4, 51, -9, 38, -17, 19, 10, -3, 34, 4, -38, -30, -4, -3, -4, 5, -25, 2, 2, -12, 7, -29, 38, -36, -5, 5, -8, -71, 39, -2, 14, 18, 35, -6, 35, -12, 3, 2, -7, 3, 65, 5, 0, 36, -10, 7, -27, -2, -31, -11, 3, 35, -8, -3, -23, -17, 4, 30, 48, -16, 24, -36, 3, -9, 15, -1, 35, 82, -14, 32, -2};
weight_hh[207] = {41, -14, 35, 1, -22, -1, -32, 6, 9, 10, -11, -26, 5, 16, 19, 4, 39, -3, 10, 9, -11, -18, -15, -13, -15, 6, -19, -17, -1, 26, 10, 27, 11, -38, -8, -25, -9, -11, 5, 24, 14, -10, -17, 9, -3, 11, 9, -47, -15, -16, -19, -11, -2, 15, 13, 6, -10, -19, 43, 52, -23, -72, -7, 39, -8, -23, 18, -35, 31, 14, 8, 6};
weight_hh[208] = {14, -4, -38, 40, -65, -11, 30, -6, -26, -46, 0, 80, -17, -8, 0, -15, -7, -9, 16, -4, -13, 1, -30, 34, -5, 13, 3, -28, 13, -73, -7, 10, -3, -1, -8, -28, 31, 2, 12, -18, -9, -70, 9, -11, -32, 9, 7, 63, 22, 18, 8, 2, 8, -13, -9, -18, -6, -1, -7, 54, 20, 10, 52, -28, 33, -14, -14, 23, -128, -19, -48, -2};
weight_hh[209] = {15, 16, -30, 31, 84, 24, -4, -52, 30, 19, 11, -47, -47, -17, -7, -7, -2, 12, -54, -5, 10, 15, -4, 18, -2, 13, 17, 51, -30, -6, -7, -1, 23, 12, 22, 8, 4, 13, -3, 23, 39, 26, 1, 10, 49, 25, -15, -9, -34, -32, -5, 5, 62, -2, -9, -27, -18, -21, -3, -39, 6, 86, -19, -14, -7, 6, -13, -5, 15, -43, 52, -6};
weight_hh[210] = {22, 8, 0, -4, -42, 16, -4, -2, -15, -1, -17, -10, -4, 6, 13, 12, 29, -62, 8, -10, 8, -9, 5, 0, 18, 5, -12, -6, 15, 4, -17, 45, 4, -5, -9, -25, -14, -8, 3, -56, -45, 1, 8, 32, 10, -27, 22, -8, -1, 61, 67, -14, -31, 11, 16, -7, -1, -3, -68, 4, -5, -24, 3, 13, 5, -30, 7, 5, 19, -12, -11, -8};
weight_hh[211] = {23, 36, -13, 9, -23, 5, -20, 16, 69, 16, 18, 5, 2, -16, -15, -59, 8, 64, 34, -10, -47, 17, -27, 11, 13, 42, 13, 9, -13, -49, -24, -63, -5, -40, -45, 8, 2, 17, -10, 51, -28, -22, 3, -21, -9, -11, 21, 20, -23, -10, -31, 20, 6, -17, -12, -33, -9, 5, -9, -26, 9, -38, 6, 32, -3, -13, -22, -13, 10, -10, -17, -49};
weight_hh[212] = {3, -7, -12, 10, 29, 0, -13, 8, 10, 62, 4, 26, -2, -5, -6, 7, 4, 38, 25, 11, 19, 6, 22, -33, -65, 47, 5, -1, 22, -7, -1, -6, 13, -8, 1, 29, -5, 4, 10, 19, 16, 22, -21, 5, -11, -2, 8, 41, -4, -11, -56, -1, 17, -5, -5, -16, -1, 12, 29, -18, 29, 8, 21, -10, 6, -9, -3, 8, -20, 38, -27, 10};
weight_hh[213] = {-1, -25, 25, 37, 23, -11, -18, -14, 35, -15, 1, -20, 20, -1, -2, 5, 8, 18, 13, -10, 17, 0, -9, 13, -5, -5, 4, -7, -2, 22, -2, -24, 15, 27, 57, -4, 38, 3, 40, 19, 14, -48, 35, 12, -60, 1, -14, 23, 13, 5, 2, 3, -42, -3, 0, 22, -6, -29, -28, 3, -11, 3, -29, -25, 51, 13, -2, 26, -13, 3, -8, 6};
weight_hh[214] = {30, 33, 0, -18, 3, -14, 17, 11, -13, 27, 2, 28, 15, -2, -2, 55, 4, 13, -8, 9, 2, 5, 5, -14, -49, 6, 6, 8, -24, -25, 15, 28, 2, 13, -10, 46, 2, 0, 16, 20, 5, -6, -17, -9, -12, 3, 9, 15, -2, 31, -36, 1, 15, -3, -6, -48, -16, 31, 47, 4, 7, 0, 10, 37, 25, 2, -2, 13, -42, 20, 4, 56};
weight_hh[215] = {68, -12, -12, 23, -5, -68, -23, 7, 0, -6, -4, 11, -2, -1, 3, 9, 27, 9, -11, -22, -40, -1, -15, -30, -2, -8, -1, -46, -59, -15, 3, 26, 46, 11, -19, -15, 1, 3, 9, -23, -34, -8, -4, 2, 57, -21, -25, 4, -3, 29, 11, -2, 59, 4, 1, -12, -14, 18, 31, 47, -5, -29, -44, 43, 38, -33, -4, -1, -9, -43, 9, 5};

Bias_hh (8 bit):
 {-1065, 739, -1390, -371, -694, 149, -1650, -366, -1052, -1367, -1850, -2181, 1670, 1888, 1934, 282, 403, 1832, -427, 317, 1523, -1858, -188, -1402, -739, 40, -1877, 1366, -508, 2926, 1847, -865, -4, -977, -1870, -1744, 2315, -1891, 652, -397, -2575, 957, -368, 1876, 421, 1993, -1398, -867, 891, -887, 1098, -1758, 856, 1897, 1847, 1744, -93, -278, 615, -2488, 66, -4024, -352, -386, -687, -2210, 1892, -2752, 864, -374, 744, 1725, -813, -30, 1688, 891, -1550, 1948, 3292, 1555, 2577, 908, -555, 610, 1562, -571, -560, -834, 3333, 4589, 918, -643, -1270, -574, -257, 1646, -462, -617, -592, 2190, 3531, 1319, -2055, 2917, 3612, -888, 1675, -378, -204, -580, 716, 2151, -1658, 1977, -889, 327, 1620, -451, 358, 1266, 132, 3254, 2944, -498, 2761, -522, -508, 401, 39, -1199, 456, 1915, 478, -313, 539, -773, -2814, -704, -611, 2443, 342, 606, 614, -1088, 890, 262, 553, -387, 2140, -1200, 818, -300, 1158, -401, 786, 844, 112, 799, 832, 1345, 779, 1333, 908, 423, 14, 791, 1279, 648, 632, -917, 798, 732, 1489, 986, 1654, -99, -264, -356, 1751, 1593, 704, 808, 284, -850, 2164, 381, 53, 1107, 108, 432, 1728, -312, 16, -480, 1100, 741, 1385, 814, 786, 1309, 1363, 720, -159, -66, -686, 1396, 79, 1565, -871, 477, 812, 1313, 176, -683, 1303, 1185};
