Input scale (32 bit):
 354754496
Input zero point:
 134
Hidden scale (32 bit):
 34581784
Hidden zero point:
 127
Weight input scale (32 bit):
 26434972
Weight input zero point:
 122
Weight hidden scale (32 bit):
 41104432
Weight hidden zero point:
 134
Output linear scale (32 bit):
 389140000
Output linear zero point:
 119
Output sigmoid r scale (32 bit):
 16843010
Output sigmoid r zero point:
 0
Output sigmoid z scale (32 bit):
 16843010
Output sigmoid z zero point:
 0
Output tanh n scale (32 bit):
 33686020
Output tanh n zero point:
 127
Output r_hn scale (32 bit):
 352515072
Output r_hn zero point:
 131
Output z_n scale (32 bit):
 33553920
Output z_n zero point:
 127
Output z_h scale (32 bit):
 34152332
Output z_h zero point:
 126
Scale ih (32 bit):
 24099102
Scale hh (32 bit):
 3652836
Scale r_hn (32 bit):
 18592932
Scale z_n (32 bit):
 16909320
Scale z_h (32 bit):
 17054804
Scale new_h_zn (32 bit):
 4167309312
Scale new_h_zh (32 bit):
 4241630464
Weight_ih (8 bit):
weight_ih[0] = {38, 25, -6, -3, 0, 38, 0, 51, 0, 0, -10, 79, -1, 26, -18, 2, 22, 0, 0, 19, -20, 0, -2, 0, -29, 10, -2, 0, 14, 0, 0, 0, -24, -1, 14, 0, 0, 0, 2, 0, 69, 0, 29, -25, 10, -52, -27, 0, 0, 11, 5, -13, -13, 0, -17, -1, 8, 1, 15, 10, -9, -14, 19, -21, -8, 18, 0, 0, 0, 33, 0, 4};
weight_ih[1] = {-7, 8, 20, 0, 0, -12, 0, 2, 0, 0, -23, 10, 7, 0, 17, 0, 21, 0, 0, -22, -7, 0, 30, 0, 8, 2, 13, 0, 1, 0, 0, 0, 7, 2, 1, 0, 0, 0, 11, 0, 12, 0, 14, 13, 1, -9, 6, 0, 0, 1, 20, 1, 7, 0, 7, -7, 3, 11, -2, 18, 6, 4, 13, 15, 11, 6, 0, 0, -6, -9, 0, -4};
weight_ih[2] = {-13, -10, 23, 4, 0, -12, 0, -9, 0, 0, -12, -14, 22, 6, 41, 3, -8, 0, 0, -30, -22, 0, -40, 0, 19, 7, 36, 0, -13, 0, 0, 0, 54, 5, -1, 0, 0, 0, -16, 0, -32, 0, -13, 16, 18, -29, 17, 0, 0, 18, 12, 11, -8, 0, 11, -45, 2, -12, 4, 2, -16, -18, 5, 1, -3, -16, 0, 0, 1, 18, 0, -72};
weight_ih[3] = {-15, 22, 4, 21, 0, 37, 0, 26, 0, 0, 28, -36, 6, -10, 8, 18, 22, 0, 0, 4, 22, 0, -17, 0, -34, 15, 14, 0, 18, 0, 0, 0, 17, -7, -4, 0, 0, 0, 1, 0, -35, 0, -4, 1, 23, 3, 6, 0, 0, -10, 22, -1, 5, 0, 15, 15, 7, 4, 11, -8, 7, -17, 2, 20, -9, 7, 0, 0, 20, 5, 0, 16};
weight_ih[4] = {-23, -7, -11, -10, 0, -26, 0, -18, 0, 0, 9, -4, -16, -8, 59, -33, 35, 0, 0, -55, -5, 0, -17, 0, -13, -6, 27, 0, 0, 0, 0, 0, -10, -9, 69, 0, 0, 0, -4, 0, 31, 0, 7, 1, 7, -1, 11, 0, 0, -20, 19, -5, -1, 0, 2, -25, -14, -5, 15, -18, -14, -23, -2, 4, 4, -23, 0, 0, -20, 20, 0, -50};
weight_ih[5] = {1, 1, 7, 0, 0, 0, 0, 4, 0, 0, 1, 5, 3, 0, 3, 1, 4, 0, 0, 1, 1, 0, 0, 0, 9, 1, 1, 0, 0, 0, 0, 0, -2, 2, 0, 0, 0, 0, 0, 0, 1, 0, 3, 5, 7, 10, 3, 0, 0, -1, 0, 0, 1, 0, 1, 1, 3, 0, -1, 10, 1, 0, 2, 5, 1, 2, 0, 0, 2, 2, 0, 1};
weight_ih[6] = {11, -7, 5, -10, 0, -1, 0, -11, 0, 0, 15, 9, 12, 0, 33, -1, 36, 0, 0, 9, -2, 0, -17, 0, -2, 12, 7, 0, 10, 0, 0, 0, 12, -11, 0, 0, 0, 0, 20, 0, 16, 0, -29, -4, 3, 52, 15, 0, 0, -2, 20, -2, 4, 0, 12, 26, 26, 15, 20, 9, 7, 4, 12, 10, -4, -24, 0, 0, -9, 7, 0, 1};
weight_ih[7] = {1, 11, 24, -11, 0, -8, 0, 5, 0, 0, 13, -16, 46, -15, 9, 23, -1, 0, 0, 31, 39, 0, 9, 0, -11, 11, -20, 0, -4, 0, 0, 0, -3, 2, 6, 0, 0, 0, -1, 0, -14, 0, 27, -5, 33, 35, 0, 0, 0, 26, -14, -3, 16, 0, 0, 17, 14, 0, 5, 40, 1, 11, 4, 19, 7, 1, 0, 0, -2, -3, 0, -12};
weight_ih[8] = {-20, 8, -21, -7, 0, -18, 0, 22, 0, 0, 15, 108, -16, 18, 85, 11, -4, 0, 0, 37, 3, 0, -13, 0, 12, 13, 16, 0, 30, 0, 0, 0, 44, 5, 10, 0, 0, 0, 1, 0, -19, 0, 24, -5, -11, 18, 16, 0, 0, -3, -15, 5, 49, 0, -31, 7, -15, -2, -21, -15, -2, 24, 37, 7, 2, 20, 0, 0, -9, -2, 0, -1};
weight_ih[9] = {-2, -13, 23, 5, 0, 18, 0, -6, 0, 0, 0, -2, -1, -18, 20, 15, -15, 0, 0, -5, 8, 0, -2, 0, -1, -7, 6, 0, 5, 0, 0, 0, 0, -3, -2, 0, 0, 0, -3, 0, -34, 0, 13, 1, -10, 15, -6, 0, 0, -24, -12, -12, -1, 0, 37, 15, -1, -5, 8, 28, -7, 13, 16, -1, 7, -15, 0, 0, 16, 9, 0, 4};
weight_ih[10] = {-16, 11, 32, 4, 0, 0, 0, 0, 0, 0, 13, -6, 17, -4, 10, -1, -3, 0, 0, 8, 10, 0, -1, 0, 11, 15, -13, 0, -2, 0, 0, 0, 2, 7, 0, 0, 0, 0, 2, 0, -20, 0, 9, 6, 0, 36, 20, 0, 0, -2, 19, -4, 3, 0, -1, 0, -6, -2, 8, 17, 4, -3, 12, 20, 5, -6, 0, 0, 8, 6, 0, 5};
weight_ih[11] = {1, 1, 7, 0, 0, 0, 0, 4, 0, 0, 1, 5, 5, 0, 3, 1, 5, 0, 0, 0, 1, 0, -1, 0, 9, 1, 1, 0, 0, 0, 0, 0, -2, 1, -1, 0, 0, 0, 0, 0, 1, 0, 3, 4, 8, 10, 4, 0, 0, -1, 0, 0, 3, 0, 1, 1, 3, 0, 0, 10, 0, 0, 2, 5, 1, 2, 0, 0, 2, 3, 0, 1};
weight_ih[12] = {-3, 4, 6, -6, 0, 7, 0, -7, 0, 0, 13, 11, 5, -3, 4, 7, -12, 0, 0, -1, 12, 0, -27, 0, 11, 8, -17, 0, -1, 0, 0, 0, 0, 11, -3, 0, 0, 0, -4, 0, -5, 0, 11, 20, 3, 35, 16, 0, 0, 9, -8, 2, 7, 0, 3, 8, 6, -6, 2, 13, -3, 0, -1, 10, 4, -4, 0, 0, 3, -4, 0, -4};
weight_ih[13] = {0, 4, 7, 5, 0, -15, 0, -10, 0, 0, -23, -5, 12, -12, 14, 20, 17, 0, 0, -20, 12, 0, -27, 0, 14, 4, -41, 0, 10, 0, 0, 0, -6, -1, -1, 0, 0, 0, 2, 0, 15, 0, 12, 16, -28, 40, 8, 0, 0, 1, 8, -10, -3, 0, 6, -5, -7, 1, 31, -9, 20, -8, 4, 20, -4, -20, 0, 0, -2, 11, 0, 1};
weight_ih[14] = {-3, 9, 16, -9, 0, 6, 0, -8, 0, 0, 15, -7, 9, -3, -1, -2, 1, 0, 0, 10, 14, 0, 2, 0, 6, 14, -8, 0, 7, 0, 0, 0, -4, 4, 0, 0, 0, 0, 0, 0, -3, 0, -3, 11, -6, 29, 7, 0, 0, 7, -9, 2, 6, 0, 1, 15, -6, -3, 1, 12, 1, 5, 5, 8, -3, -11, 0, 0, 9, 0, 0, 9};
weight_ih[15] = {3, 1, 7, 0, 0, -1, 0, 5, 0, 0, 1, 5, 4, 0, 3, 1, 4, 0, 0, 1, 2, 0, 0, 0, 7, 1, 0, 0, 0, 0, 0, 0, 0, 1, 0, 0, 0, 0, 1, 0, 2, 0, 4, 4, 8, 9, 5, 0, 0, -1, 1, 0, 2, 0, 2, 0, 3, 0, 1, 10, 1, 1, 2, 5, 1, 2, 0, 0, 2, 3, 0, 1};
weight_ih[16] = {-14, 16, -41, -10, 0, -36, 0, -26, 0, 0, 16, 16, -5, -2, 33, 9, 21, 0, 0, 22, 0, 0, 17, 0, -8, 14, 11, 0, 4, 0, 0, 0, -2, 11, 5, 0, 0, 0, -6, 0, 14, 0, 14, 34, -24, 50, 6, 0, 0, -12, 14, -9, 16, 0, 25, 3, -3, -8, 16, -22, -1, -10, 21, 25, 10, 18, 0, 0, 5, 36, 0, -2};
weight_ih[17] = {1, 1, 8, 0, 0, 0, 0, 4, 0, 0, 1, 4, 4, 0, 3, 1, 5, 0, 0, 1, 1, 0, 0, 0, 9, 1, 1, 0, 0, 0, 0, 0, -2, 1, -1, 0, 0, 0, 0, 0, 1, 0, 3, 4, 7, 10, 3, 0, 0, -1, 0, 0, 1, 0, 1, 1, 3, 0, -1, 9, 0, 0, 2, 5, 1, 2, 0, 0, 3, 2, 0, 1};
weight_ih[18] = {1, 1, 8, 0, 0, -1, 0, 4, 0, 0, 2, 4, 5, 0, 4, 1, 5, 0, 0, 0, 1, 0, 0, 0, 9, 1, 1, 0, -1, 0, 0, 0, -4, 1, -1, 0, 0, 0, 0, 0, 1, 0, 3, 5, 8, 10, 3, 0, 0, -1, 1, 0, 2, 0, 1, 1, 3, -1, 0, 10, 0, 0, 2, 5, 1, 0, 0, 0, 2, 2, 0, 1};
weight_ih[19] = {7, 34, 15, -1, 0, -17, 0, -14, 0, 0, 36, 59, -40, -20, 28, 3, -24, 0, 0, 8, 13, 0, 28, 0, 30, 15, 4, 0, 5, 0, 0, 0, 26, 35, -15, 0, 0, 0, 12, 0, 6, 0, 34, 36, -14, -7, 43, 0, 0, -34, 29, 15, 27, 0, 49, -3, 24, 9, 35, -2, -3, -1, -6, 21, 0, 5, 0, 0, -38, 0, 0, 0};
weight_ih[20] = {10, -2, 11, 11, 0, 6, 0, 7, 0, 0, 16, 10, 24, -1, 12, -2, 4, 0, 0, 6, 4, 0, -2, 0, 12, 0, 11, 0, 1, 0, 0, 0, 1, 2, -2, 0, 0, 0, 1, 0, -5, 0, 5, 0, 21, 33, 6, 0, 0, 5, 14, -3, 17, 0, 9, 16, 8, 4, 10, 8, 9, 0, -1, 9, 2, 4, 0, 0, 9, -9, 0, 2};
weight_ih[21] = {19, 8, 42, 15, 0, 24, 0, 0, 0, 0, 15, 9, 54, 5, -58, 15, -30, 0, 0, 3, 17, 0, -16, 0, 3, 20, 22, 0, 26, 0, 0, 0, 18, 2, -17, 0, 0, 0, -7, 0, -28, 0, 16, 7, 56, -53, 13, 0, 0, 28, -6, 21, -30, 0, 8, 33, -17, -3, -10, 55, 16, 4, 13, 27, 8, 11, 0, 0, 19, 29, 0, 10};
weight_ih[22] = {-6, -23, -14, -14, 0, -23, 0, -17, 0, 0, 3, -23, 36, 3, 30, 7, 37, 0, 0, -32, 19, 0, 24, 0, -58, -22, 7, 0, -30, 0, 0, 0, 5, -10, 10, 0, 0, 0, -11, 0, 28, 0, -3, -16, 22, 84, -27, 0, 0, -54, 29, 13, 16, 0, -21, 18, 3, -10, 17, -7, -42, 11, -15, -38, -5, -30, 0, 0, -8, -22, 0, -1};
weight_ih[23] = {0, 1, 8, 0, 0, -1, 0, 4, 0, 0, 1, 4, 4, 0, 4, 1, 5, 0, 0, 0, 1, 0, 0, 0, 9, 1, 1, 0, -1, 0, 0, 0, -3, 1, 0, 0, 0, 0, 0, 0, 1, 0, 3, 5, 7, 9, 4, 0, 0, -1, 0, 0, 1, 0, 1, 1, 2, 0, -1, 10, 0, 0, 2, 5, 1, 2, 0, 0, 2, 2, 0, 1};
weight_ih[24] = {14, -15, -32, 14, 0, 40, 0, -6, 0, 0, 14, 3, 5, -14, -8, -21, 1, 0, 0, 36, -13, 0, -44, 0, -8, -13, -7, 0, 8, 0, 0, 0, 0, -4, -5, 0, 0, 0, -9, 0, -3, 0, 18, 5, 36, -9, -26, 0, 0, 7, -20, -7, 33, 0, 14, 36, -8, -13, 11, 36, 13, -5, -2, -27, -3, -21, 0, 0, 27, 4, 0, -10};
weight_ih[25] = {10, -1, 32, -15, 0, -15, 0, -23, 0, 0, 6, -3, -10, 6, -33, -21, -38, 0, 0, -23, -9, 0, -19, 0, -8, 6, -5, 0, 7, 0, 0, 0, 20, -13, -3, 0, 0, 0, -4, 0, 15, 0, 14, 4, 28, -67, 10, 0, 0, -13, 8, 0, -23, 0, 9, 6, -5, -7, -17, 11, -27, -6, 30, -34, 16, -21, 0, 0, 7, 49, 0, -28};
weight_ih[26] = {1, -1, 6, -2, 0, -7, 0, 1, 0, 0, -24, -15, 9, 0, 4, 0, 13, 0, 0, -10, -9, 0, 10, 0, 4, 0, 9, 0, 0, 0, 0, 0, -3, 6, 2, 0, 0, 0, -2, 0, 7, 0, -3, 2, -14, -42, -1, 0, 0, -4, 3, 1, -15, 0, -3, -4, 2, -4, -10, -6, -8, 1, 2, -2, 5, 2, 0, 0, 2, 0, 0, -3};
weight_ih[27] = {1, 1, 36, -18, 0, -4, 0, 13, 0, 0, -4, 8, 6, 0, -6, 4, 6, 0, 0, 10, -3, 0, 14, 0, 11, 4, 11, 0, -7, 0, 0, 0, 4, 4, 0, 0, 0, 0, 2, 0, 2, 0, -7, 2, 8, -15, 9, 0, 0, 3, 4, -2, 6, 0, 2, -1, -2, 1, 6, 23, 3, 6, 5, 1, -7, 2, 0, 0, 5, -12, 0, 0};
weight_ih[28] = {1, 1, 8, 0, 0, -1, 0, 4, 0, 0, 1, 4, 4, 0, 3, 1, 5, 0, 0, 1, 1, 0, 0, 0, 9, 1, 1, 0, 0, 0, 0, 0, -3, 1, -1, 0, 0, 0, 0, 0, 1, 0, 3, 5, 7, 10, 3, 0, 0, -1, -1, 0, 2, 0, 1, 1, 3, 0, -1, 11, 1, 0, 2, 5, 1, 1, 0, 0, 2, 2, 0, 1};
weight_ih[29] = {1, 1, 8, 0, 0, 0, 0, 4, 0, 0, 1, 4, 4, 0, 4, 1, 4, 0, 0, 0, 1, 0, 0, 0, 9, 1, 1, 0, -1, 0, 0, 0, -2, 1, 0, 0, 0, 0, 0, 0, 1, 0, 3, 4, 8, 9, 3, 0, 0, -1, 0, 0, 3, 0, 1, 1, 3, 0, -1, 10, 0, 0, 2, 5, 1, 2, 0, 0, 1, 2, 0, 1};
weight_ih[30] = {46, -2, 39, 4, 0, 3, 0, 8, 0, 0, -10, -8, 4, -54, 7, -6, 19, 0, 0, 22, -16, 0, -2, 0, -62, 14, 10, 0, 4, 0, 0, 0, 9, 1, -5, 0, 0, 0, 8, 0, 50, 0, -26, 15, 16, -64, 41, 0, 0, 21, 30, 0, -13, 0, 71, -17, 27, 5, 2, 34, -49, 18, 13, 11, 9, 3, 0, 0, 15, -45, 0, 20};
weight_ih[31] = {23, -12, 1, 14, 0, 4, 0, 22, 0, 0, 12, 32, 18, -1, 4, 13, 9, 0, 0, 3, 12, 0, -1, 0, -23, -8, -3, 0, 19, 0, 0, 0, 3, -15, -1, 0, 0, 0, 10, 0, 0, 0, 21, -37, -9, 55, -9, 0, 0, -40, 19, 1, -36, 0, -10, -2, 3, 12, -1, 6, 17, 8, -1, -1, -4, -28, 0, 0, -6, 1, 0, 3};
weight_ih[32] = {1, 11, 29, -6, 0, 16, 0, 24, 0, 0, -2, 25, -12, -1, -8, -6, 7, 0, 0, 4, -8, 0, 9, 0, -1, 9, -8, 0, 16, 0, 0, 0, 8, 6, -10, 0, 0, 0, 2, 0, 5, 0, 1, 16, 2, -6, 1, 0, 0, 25, -7, 4, -6, 0, 28, 11, -4, 9, -12, 6, -3, 11, 7, 15, 1, 31, 0, 0, -12, 7, 0, 1};
weight_ih[33] = {1, 1, 7, -16, 0, 2, 0, 0, 0, 0, -1, -3, 11, 0, -7, -1, 4, 0, 0, 2, 8, 0, -5, 0, 6, 3, 7, 0, -6, 0, 0, 0, -12, -5, 2, 0, 0, 0, -2, 0, 2, 0, -17, -1, 29, 28, 9, 0, 0, -4, -3, 6, 8, 0, 9, 4, 13, -2, -2, 14, 6, -1, 3, 10, 4, 2, 0, 0, 4, -4, 0, 10};
weight_ih[34] = {-5, 20, 72, 4, 0, 6, 0, 20, 0, 0, -17, -43, 33, 24, -35, -15, 9, 0, 0, -5, -34, 0, 15, 0, 9, 29, 18, 0, 31, 0, 0, 0, 9, 0, -6, 0, 0, 0, -8, 0, -36, 0, 1, 4, 59, -99, 39, 0, 0, -1, 42, -14, 16, 0, 29, 12, -24, -15, 23, 52, 13, 0, -11, 44, -24, -3, 0, 0, 5, 10, 0, -9};
weight_ih[35] = {-3, -4, -14, 0, 0, -2, 0, -12, 0, 0, -15, 12, 27, 3, 37, -9, 38, 0, 0, 55, 0, 0, -1, 0, -8, -5, -9, 0, 3, 0, 0, 0, 3, 0, 5, 0, 0, 0, -5, 0, -9, 0, -1, 6, -27, 7, 5, 0, 0, 10, 18, -1, -29, 0, -4, 7, 2, -7, -27, 4, 5, 12, 7, -7, 4, -6, 0, 0, 39, -5, 0, 20};
weight_ih[36] = {3, 6, 21, -19, 0, -2, 0, 9, 0, 0, 0, 5, 2, 0, 1, -1, 3, 0, 0, 3, 0, 0, 7, 0, 8, 4, 1, 0, -5, 0, 0, 0, 5, -1, 0, 0, 0, 0, -13, 0, 7, 0, -1, 4, 15, 2, 10, 0, 0, 1, 2, -1, 3, 0, 13, 0, 0, -15, -1, 16, -1, 1, 6, 10, 0, 1, 0, 0, 2, 7, 0, 2};
weight_ih[37] = {15, 6, 1, 5, 0, 6, 0, -38, 0, 0, 10, -33, 4, -5, -17, -2, -32, 0, 0, -15, -3, 0, -26, 0, 46, 22, -8, 0, -1, 0, 0, 0, 48, -1, -1, 0, 0, 0, 1, 0, -5, 0, -21, 1, -17, 24, 10, 0, 0, -11, -15, -2, 29, 0, 3, 4, 0, 1, 10, -9, -17, 6, -1, 4, -17, -4, 0, 0, -19, 19, 0, -7};
weight_ih[38] = {-15, 4, 2, 3, 0, 0, 0, -4, 0, 0, -4, -20, -2, -2, -5, -30, -7, 0, 0, -25, 16, 0, -10, 0, 1, 8, -10, 0, -23, 0, 0, 0, -3, 5, -1, 0, 0, 0, 0, 0, -5, 0, -38, 12, 5, 8, 11, 0, 0, 11, -17, -2, 11, 0, 0, 0, 15, -3, -7, 21, 10, 7, 2, 16, 2, 16, 0, 0, -1, 4, 0, 1};
weight_ih[39] = {30, -22, 3, -6, 0, -9, 0, 0, 0, 0, 37, -22, 21, 2, 3, -25, 26, 0, 0, 13, 8, 0, -22, 0, 3, -1, 37, 0, 14, 0, 0, 0, 6, -11, 13, 0, 0, 0, 2, 0, 39, 0, 1, 8, 30, 44, 5, 0, 0, -9, 17, -3, 11, 0, 42, 18, 28, -4, -1, 43, 16, 8, 9, -6, 2, 8, 0, 0, -6, 8, 0, -31};
weight_ih[40] = {-15, -12, 20, -1, 0, -2, 0, 8, 0, 0, -30, 21, 16, -19, 44, 23, -32, 0, 0, 34, 42, 0, 13, 0, -16, -16, 29, 0, -2, 0, 0, 0, -16, -12, -4, 0, 0, 0, -7, 0, -39, 0, 16, -18, -11, -13, -16, 0, 0, 5, 8, -19, -4, 0, 1, 12, -23, -9, -10, -14, 0, 4, 1, -19, -5, -3, 0, 0, 22, -18, 0, -12};
weight_ih[41] = {31, -18, -31, 5, 0, -15, 0, 52, 0, 0, 33, -2, 44, 1, -36, -33, 38, 0, 0, -5, -47, 0, 0, 0, -5, -11, 23, 0, -27, 0, 0, 0, 5, 9, -18, 0, 0, 0, 0, 0, -33, 0, -27, -21, 14, -37, -21, 0, 0, 14, -17, 6, -15, 0, -16, -12, 11, 1, -10, 26, -11, 2, -8, 1, -7, 32, 0, 0, -12, -21, 0, -33};
weight_ih[42] = {-18, 9, 24, 6, 0, 11, 0, -1, 0, 0, -12, -2, 17, -1, -4, -2, 15, 0, 0, 28, 9, 0, 5, 0, 6, 11, -6, 0, 2, 0, 0, 0, 11, 4, -2, 0, 0, 0, 7, 0, -10, 0, -14, 4, 1, -13, 15, 0, 0, 15, -9, 1, -7, 0, -2, 3, -18, 9, -10, 19, 3, -14, -3, 19, -13, 5, 0, 0, 22, -11, 0, 25};
weight_ih[43] = {14, 14, 36, 19, 0, 24, 0, 19, 0, 0, 20, 9, -22, -4, -2, 22, -17, 0, 0, 10, 0, 0, 8, 0, -1, 13, -14, 0, 24, 0, 0, 0, 10, 6, 5, 0, 0, 0, 9, 0, 18, 0, 39, 21, -7, -58, 20, 0, 0, 10, -6, 5, -30, 0, 5, 9, 1, 11, -16, -10, 23, 2, 14, 11, 12, 22, 0, 0, 9, 4, 0, -1};
weight_ih[44] = {10, -9, 24, 12, 0, 11, 0, -19, 0, 0, 51, -32, 18, -18, -41, 30, 6, 0, 0, 14, 47, 0, 10, 0, 13, 5, -10, 0, 0, 0, 0, 0, -33, 16, -10, 0, 0, 0, 10, 0, 12, 0, -21, 16, 27, -12, -1, 0, 0, 19, 0, 18, -3, 0, 11, 15, 40, 8, 16, 0, 0, 45, -1, 8, 7, 4, 0, 0, -27, -4, 0, 3};
weight_ih[45] = {-6, 5, 42, -3, 0, -16, 0, -3, 0, 0, -21, 19, 27, 9, 59, 3, 40, 0, 0, 15, -20, 0, 17, 0, -19, 11, -20, 0, 14, 0, 0, 0, -4, 6, 6, 0, 0, 0, -1, 0, 20, 0, -11, 14, 22, -37, 10, 0, 0, -1, 7, -7, 45, 0, 16, -24, -5, -9, 6, 54, -3, -33, -7, 3, -3, -17, 0, 0, 29, -3, 0, 1};
weight_ih[46] = {27, 1, 17, 1, 0, -4, 0, 6, 0, 0, -1, 7, -24, -15, 3, 7, 39, 0, 0, 22, -22, 0, 10, 0, 3, 17, -2, 0, 9, 0, 0, 0, -1, -3, -15, 0, 0, 0, -1, 0, 27, 0, -45, 18, 16, -47, 35, 0, 0, 9, -11, 11, -16, 0, 22, -23, -11, -3, -8, 18, -19, -11, -10, 29, 6, 9, 0, 0, -16, -5, 0, -5};
weight_ih[47] = {-31, 14, 79, 0, 0, 22, 0, -15, 0, 0, -8, -11, -1, -10, 9, 8, 10, 0, 0, -13, 7, 0, 21, 0, 18, 22, 9, 0, -21, 0, 0, 0, -6, 11, 3, 0, 0, 0, -2, 0, -9, 0, -2, 9, 25, -37, 22, 0, 0, 32, 16, 1, 11, 0, 8, 35, -2, -2, 15, 51, 10, 0, 13, 32, 8, -8, 0, 0, 11, 20, 0, -3};
weight_ih[48] = {20, 5, -4, 34, 0, 75, 0, 10, 0, 0, 21, -41, 15, 13, -28, -2, -26, 0, 0, 43, 10, 0, -2, 0, 18, -4, 4, 0, 10, 0, 0, 0, 0, -5, -6, 0, 0, 0, 2, 0, 0, 0, -14, 10, -10, -3, 12, 0, 0, 37, 1, 10, 24, 0, 47, 88, 25, -1, 17, -28, 21, 18, 3, 0, -9, 9, 0, 0, 20, 2, 0, 37};
weight_ih[49] = {27, 5, 6, -14, 0, 15, 0, -23, 0, 0, 55, -24, -5, -4, -10, 17, 19, 0, 0, -20, 2, 0, -8, 0, -1, 17, -10, 0, -3, 0, 0, 0, -10, 5, -9, 0, 0, 0, -11, 0, -6, 0, -11, 9, -7, 5, 15, 0, 0, 6, 45, -18, -1, 0, -18, -19, -17, -15, 4, -9, -31, -9, -10, 8, -4, -25, 0, 0, -9, 17, 0, -2};
weight_ih[50] = {6, -2, 48, -2, 0, 14, 0, -26, 0, 0, 24, 17, -23, -5, 4, 5, -45, 0, 0, 8, 13, 0, -5, 0, -5, 24, -51, 0, 31, 0, 0, 0, 37, 2, 4, 0, 0, 0, 1, 0, 23, 0, 8, 9, -33, 2, 83, 0, 0, 35, -21, -14, 4, 0, -36, 0, 32, -4, -19, 9, 27, -12, -12, 62, 3, -23, 0, 0, -15, -11, 0, -12};
weight_ih[51] = {20, 41, 37, 5, 0, 0, 0, 9, 0, 0, 31, 37, 45, 33, 77, -6, 25, 0, 0, 45, 34, 0, 21, 0, -13, 1, 65, 0, 4, 0, 0, 0, 82, 17, 4, 0, 0, 0, 8, 0, -24, 0, 8, 8, -7, 32, 5, 0, 0, 42, 17, 17, 5, 0, -23, 5, 5, 8, -7, 47, 1, -8, 22, -2, 7, -27, 0, 0, 39, -31, 0, -22};
weight_ih[52] = {0, 59, 82, -23, 0, -24, 0, -4, 0, 0, -24, -37, -17, -46, -10, -16, -34, 0, 0, -17, 3, 0, -18, 0, 48, 44, 8, 0, -3, 0, 0, 0, 25, 13, 15, 0, 0, 0, -1, 0, 6, 0, -31, 40, 3, -82, 38, 0, 0, 11, -12, -17, -15, 0, 62, -11, -39, -5, 14, 1, 8, -8, 32, 67, 19, 14, 0, 0, -3, 32, 0, -11};
weight_ih[53] = {3, 8, 3, -11, 0, -13, 0, 4, 0, 0, 0, 0, 16, 9, 6, 4, 8, 0, 0, 25, 0, 0, 14, 0, -1, -4, -4, 0, -3, 0, 0, 0, 17, -2, -1, 0, 0, 0, 6, 0, 6, 0, 15, 7, 8, 13, -1, 0, 0, 0, 12, 0, 0, 0, 2, 2, 4, 6, 10, 5, 6, 11, 5, -7, 4, -12, 0, 0, -1, 24, 0, 11};
weight_ih[54] = {-3, 26, 53, -19, 0, 6, 0, 19, 0, 0, 10, -42, 40, 1, -26, -19, 18, 0, 0, 20, 16, 0, 14, 0, -4, 33, 13, 0, 7, 0, 0, 0, 11, 2, 19, 0, 0, 0, 3, 0, 24, 0, -1, 4, -7, 13, 9, 0, 0, 4, -4, 7, -9, 0, 43, 6, -16, 2, -25, 11, 16, -25, 0, 17, 8, -9, 0, 0, -13, -9, 0, 11};
weight_ih[55] = {10, 2, 7, 6, 0, 19, 0, 20, 0, 0, 13, 30, -17, -5, -9, -12, -21, 0, 0, 35, -13, 0, 16, 0, 15, -3, 8, 0, 15, 0, 0, 0, 7, 3, -9, 0, 0, 0, 5, 0, 6, 0, 15, 10, 26, -22, 11, 0, 0, 28, -1, -2, 53, 0, 2, 26, 22, 5, 5, 10, 3, 28, 8, 16, 1, 6, 0, 0, 24, 14, 0, -3};
weight_ih[56] = {-1, -17, 7, -11, 0, -6, 0, 5, 0, 0, -24, -19, -16, -52, -7, 12, 1, 0, 0, 3, -8, 0, 13, 0, 16, 10, -12, 0, -9, 0, 0, 0, -48, 3, 14, 0, 0, 0, -8, 0, 22, 0, -15, 7, 27, -5, 11, 0, 0, -2, -5, 0, 33, 0, 54, 4, -17, -8, 1, 65, -34, -1, -12, 4, -5, 10, 0, 0, 28, 4, 0, -25};
weight_ih[57] = {-10, 10, 27, 11, 0, 12, 0, 8, 0, 0, 7, -11, 3, -1, -11, 6, 14, 0, 0, 19, 5, 0, 20, 0, 7, 10, 10, 0, 2, 0, 0, 0, -11, -1, -8, 0, 0, 0, -4, 0, 1, 0, -23, 6, 6, 28, 7, 0, 0, 7, 3, -2, 13, 0, 15, 7, 10, -9, 16, 5, 4, 2, 12, 14, 3, 6, 0, 0, -7, 20, 0, -2};
weight_ih[58] = {33, -18, 22, -3, 0, -5, 0, -22, 0, 0, 21, 22, -1, 8, 2, -13, -3, 0, 0, 6, -2, 0, 4, 0, -22, 3, -14, 0, 9, 0, 0, 0, 18, -5, 13, 0, 0, 0, -12, 0, 15, 0, 29, 17, 5, 29, 29, 0, 0, -17, 9, -1, -17, 0, 16, 8, 7, -10, 8, 24, 2, -1, 18, -7, 8, -49, 0, 0, 22, 7, 0, 6};
weight_ih[59] = {-9, 23, 6, 8, 0, -8, 0, -27, 0, 0, 52, -62, -2, 6, -55, 2, -32, 0, 0, 10, 13, 0, -1, 0, -18, 25, -1, 0, 6, 0, 0, 0, 4, -5, 5, 0, 0, 0, -9, 0, -5, 0, -22, 18, 13, -4, 18, 0, 0, 14, -25, -9, 39, 0, 15, 3, 27, -9, 28, 10, -60, -3, -12, 4, 4, 23, 0, 0, -8, 24, 0, -1};
weight_ih[60] = {12, 38, 62, -4, 0, -25, 0, -1, 0, 0, -15, -14, 32, 7, -14, 0, -37, 0, 0, -13, -11, 0, -10, 0, 0, 43, 27, 0, 1, 0, 0, 0, 53, 9, 0, 0, 0, 0, -15, 0, -42, 0, 13, -4, 8, -75, 18, 0, 0, 2, 6, -1, -27, 0, 60, 2, -6, -12, -16, 34, 11, -7, -1, 16, 2, -16, 0, 0, -20, 44, 0, -15};
weight_ih[61] = {10, 9, 6, 3, 0, -26, 0, -3, 0, 0, 31, 21, 25, -12, 12, 7, 21, 0, 0, 13, 22, 0, -12, 0, -13, 8, 35, 0, -2, 0, 0, 0, 25, -17, 7, 0, 0, 0, 6, 0, 44, 0, 8, -4, 25, -33, 19, 0, 0, -24, 25, -16, -36, 0, 26, 27, 39, 3, 8, 50, -11, 19, 50, -21, 14, -2, 0, 0, -25, 38, 0, -6};
weight_ih[62] = {0, -10, -23, -19, 0, -6, 0, -10, 0, 0, -14, -3, 14, -4, 12, 2, 2, 0, 0, -9, -28, 0, 15, 0, 19, -12, 26, 0, 0, 0, 0, 0, 0, 1, -4, 0, 0, 0, -4, 0, 4, 0, 3, 20, 21, -15, 7, 0, 0, 12, -24, 3, 59, 0, 3, -13, 0, 0, -10, 21, 21, -14, 0, -15, -3, -12, 0, 0, -26, -18, 0, -34};
weight_ih[63] = {-10, 15, 24, 0, 0, -32, 0, 8, 0, 0, 4, 18, -19, -1, 18, -1, -19, 0, 0, 1, 4, 0, -1, 0, 25, 18, 3, 0, -1, 0, 0, 0, -2, 6, 0, 0, 0, 0, -10, 0, -6, 0, 28, 6, 0, 10, -3, 0, 0, -2, 13, -12, -7, 0, 18, -18, -5, -9, -1, -9, 21, -6, 13, 23, 7, -7, 0, 0, -32, 15, 0, -6};
weight_ih[64] = {6, 10, 7, 5, 0, 0, 0, 5, 0, 0, 14, 0, -7, 0, 4, -7, 13, 0, 0, -16, 10, 0, 4, 0, 7, 5, 9, 0, 0, 0, 0, 0, 21, 12, -7, 0, 0, 0, 5, 0, 38, 0, -1, 17, 25, 5, -9, 0, 0, 28, 15, 2, 1, 0, 14, 8, 30, 5, -2, 5, 3, -2, 10, 10, -1, 35, 0, 0, -18, 27, 0, 20};
weight_ih[65] = {-5, -21, -26, -1, 0, 3, 0, -10, 0, 0, 5, -59, 35, 4, -8, -25, 16, 0, 0, -37, 10, 0, -12, 0, -7, -8, -1, 0, -15, 0, 0, 0, 17, -3, 9, 0, 0, 0, -1, 0, 12, 0, -33, -2, 40, 34, -17, 0, 0, -18, -3, 10, 31, 0, 36, 22, 10, -2, -35, 60, -8, 1, 4, -16, 8, -16, 0, 0, 29, -3, 0, 29};
weight_ih[66] = {-5, 8, 22, -6, 0, 3, 0, -3, 0, 0, 9, -1, 0, 0, -2, -2, -5, 0, 0, 10, 5, 0, -1, 0, -5, 9, -3, 0, -1, 0, 0, 0, -1, 5, 2, 0, 0, 0, -5, 0, -1, 0, 0, 4, 1, 13, 2, 0, 0, 11, -9, -1, 2, 0, 10, 8, -3, -5, 3, 8, 1, -3, -1, 9, -1, 11, 0, 0, 2, -2, 0, 9};
weight_ih[67] = {16, -5, -10, 3, 0, -3, 0, -8, 0, 0, 22, 9, 9, 5, -7, -3, -10, 0, 0, -24, -17, 0, 19, 0, -2, -14, 13, 0, -6, 0, 0, 0, 16, -18, 0, 0, 0, 0, 0, 0, 11, 0, 16, -10, 28, 26, -16, 0, 0, 4, 20, 11, 27, 0, 1, 12, 19, 1, 15, 32, 3, 12, 5, -22, -2, -7, 0, 0, -12, 15, 0, -21};
weight_ih[68] = {15, 2, -3, 7, 0, 16, 0, 3, 0, 0, 11, 6, -1, -6, -5, 14, -3, 0, 0, 2, 8, 0, -6, 0, 10, -1, 3, 0, 7, 0, 0, 0, -2, 4, -3, 0, 0, 0, 0, 0, 4, 0, -7, 5, 14, 29, 3, 0, 0, 1, 1, -5, 18, 0, 3, 6, -1, 0, -1, 2, 10, -6, 0, 6, 2, 4, 0, 0, -2, 6, 0, -10};
weight_ih[69] = {-12, -2, -14, -5, 0, -23, 0, -4, 0, 0, 12, 7, -8, -4, -16, 12, -13, 0, 0, 2, 27, 0, -45, 0, -9, -3, -37, 0, -5, 0, 0, 0, 8, -7, -2, 0, 0, 0, -13, 0, -1, 0, -7, -13, 51, 28, -14, 0, 0, 31, -12, -13, 5, 0, 11, -17, -18, -14, 1, 3, 18, -27, -19, 6, -9, 3, 0, 0, -6, -29, 0, -12};
weight_ih[70] = {-7, 36, 28, 12, 0, 16, 0, -6, 0, 0, 14, 8, 35, 13, 5, 11, 13, 0, 0, 37, 2, 0, 10, 0, -15, 5, -25, 0, 18, 0, 0, 0, 11, -8, -1, 0, 0, 0, 17, 0, 18, 0, 19, -12, 15, -14, -18, 0, 0, 25, 5, 16, 4, 0, 15, 4, 1, 18, 6, 40, 38, -6, -7, -18, 5, -6, 0, 0, -9, 30, 0, -12};
weight_ih[71] = {11, -3, -7, 6, 0, 1, 0, -17, 0, 0, 9, 7, 6, -11, 7, 16, -13, 0, 0, 4, 10, 0, -25, 0, 0, 3, -21, 0, 3, 0, 0, 0, 1, -1, 16, 0, 0, 0, 1, 0, 7, 0, 16, 3, 10, 31, 11, 0, 0, -3, -2, -6, 8, 0, 8, 20, 1, -3, 5, 18, 1, 5, 9, -3, 2, -10, 0, 0, 7, 4, 0, -3};
weight_ih[72] = {-64, 22, -14, -50, 0, -56, 0, -5, 0, 0, -11, 46, 28, 52, 22, -28, -59, 0, 0, 15, -18, 0, -27, 0, -29, 35, 29, 0, 28, 0, 0, 0, 48, -6, -30, 0, 0, 0, -10, 0, -86, 0, -19, 1, -9, 14, -12, 0, 0, -36, -40, 32, 28, 0, -58, -3, -33, -4, -30, -4, -3, 11, -7, 45, -26, 37, 0, 0, -28, -7, 0, -8};
weight_ih[73] = {-10, -5, -14, 1, 0, 4, 0, -6, 0, 0, 10, -10, -11, 0, -4, 0, -13, 0, 0, -8, -5, 0, 5, 0, -10, -5, -3, 0, -2, 0, 0, 0, -4, 3, -2, 0, 0, 0, -4, 0, -7, 0, -5, -5, -14, -12, -1, 0, 0, -3, -13, -1, 3, 0, -14, -1, -7, -7, -4, -22, -9, 4, -13, -4, -2, -6, 0, 0, -9, -7, 0, -5};
weight_ih[74] = {-12, 20, -12, -12, 0, -12, 0, 30, 0, 0, 33, 13, -26, -27, 3, 26, -19, 0, 0, 50, 46, 0, -8, 0, -5, 23, 9, 0, -14, 0, 0, 0, -2, -6, -8, 0, 0, 0, -2, 0, -34, 0, 6, 16, 45, 78, 12, 0, 0, -46, 10, -26, 14, 0, 6, -31, -19, -4, 26, 13, 16, 3, 23, 14, -12, 7, 0, 0, -10, 17, 0, -24};
weight_ih[75] = {-4, 13, 1, -33, 0, -20, 0, -14, 0, 0, 25, 8, -12, 2, 18, 19, 17, 0, 0, 63, -16, 0, 2, 0, -27, 11, -11, 0, 6, 0, 0, 0, 35, 5, -20, 0, 0, 0, 0, 0, -21, 0, -14, 27, 12, -12, 1, 0, 0, -13, 9, 1, 23, 0, 51, -38, -29, 0, 35, 1, 63, -5, 10, -4, 13, -69, 0, 0, 16, 74, 0, -22};
weight_ih[76] = {-22, 14, -10, 9, 0, -41, 0, 2, 0, 0, -50, -88, 61, 20, -17, -4, 10, 0, 0, -45, 22, 0, -37, 0, 25, -3, 8, 0, -5, 0, 0, 0, 43, 19, -54, 0, 0, 0, 17, 0, -8, 0, -60, -5, 31, 8, -39, 0, 0, 16, -6, 42, 25, 0, -38, 12, 54, 33, 3, 37, -3, 19, -10, -15, 12, -3, 0, 0, 47, -29, 0, -29};
weight_ih[77] = {7, 4, 1, 2, 0, 1, 0, 4, 0, 0, 9, -6, 3, 0, 4, -8, 0, 0, 0, -2, 0, 0, -2, 0, -12, 0, -1, 0, 0, 0, 0, 0, 0, 3, 3, 0, 0, 0, 2, 0, 13, 0, 11, -7, 12, 4, -8, 0, 0, -2, 7, -2, -1, 0, 2, 1, 14, 0, -10, 0, -5, 2, -24, 1, -1, -2, 0, 0, -1, 1, 0, -1};
weight_ih[78] = {-18, -17, -21, -13, 0, 16, 0, 2, 0, 0, -11, -15, -8, -3, 17, -1, -1, 0, 0, -14, 2, 0, -43, 0, -30, -63, -3, 0, -4, 0, 0, 0, 41, -8, 1, 0, 0, 0, 4, 0, 4, 0, -10, 12, -12, 20, -19, 0, 0, 19, 28, -12, 8, 0, -13, -23, -14, 4, -5, -14, 19, -25, 38, -51, 23, -25, 0, 0, 13, 12, 0, -1};
weight_ih[79] = {-41, 13, 37, 0, 0, -48, 0, 7, 0, 0, 5, 8, -15, -26, 31, 11, -38, 0, 0, -33, 24, 0, -45, 0, 27, 0, 13, 0, -36, 0, 0, 0, 19, 0, 37, 0, 0, 0, 1, 0, -56, 0, 1, 7, 66, -1, 30, 0, 0, -27, 8, -30, 31, 0, 32, 12, 6, 0, 37, -21, -3, -16, 35, 26, 6, -7, 0, 0, -9, 40, 0, -44};
weight_ih[80] = {-52, 35, -5, 12, 0, -28, 0, -53, 0, 0, -19, -1, -2, 45, 15, -4, 1, 0, 0, -18, -4, 0, 19, 0, 23, 21, 4, 0, 14, 0, 0, 0, 77, -3, -47, 0, 0, 0, -2, 0, -27, 0, -60, -2, -49, -19, 31, 0, 0, 0, -4, 11, 14, 0, -34, -7, -12, -4, -8, 17, 6, -5, 1, 10, -17, -5, 0, 0, -45, -1, 0, 4};
weight_ih[81] = {-54, 22, 13, 10, 0, 47, 0, 9, 0, 0, 5, -32, 17, -27, -13, -27, 19, 0, 0, -14, 9, 0, 17, 0, 14, 2, 15, 0, -4, 0, 0, 0, -7, 5, 3, 0, 0, 0, 7, 0, 13, 0, -59, 0, -44, 35, -26, 0, 0, 40, 19, -26, 56, 0, -17, 10, -23, 9, 4, 8, -15, -23, 9, -30, -7, -52, 0, 0, -24, -1, 0, 18};
weight_ih[82] = {-27, -14, -12, -24, 0, -22, 0, -27, 0, 0, -19, -7, -12, 10, 18, -14, 19, 0, 0, 43, 47, 0, -11, 0, -3, -7, -1, 0, 4, 0, 0, 0, 58, 6, 25, 0, 0, 0, -2, 0, 9, 0, 6, -7, 26, 24, 10, 0, 0, 6, -20, 12, -31, 0, 30, -4, 23, 5, -25, 26, -1, -41, -48, 19, 17, 0, 0, 0, -8, -7, 0, 33};
weight_ih[83] = {8, 6, 4, 3, 0, 3, 0, 5, 0, 0, 12, -7, 4, 0, 5, -5, 0, 0, 0, -3, -1, 0, -3, 0, -9, 2, -1, 0, -1, 0, 0, 0, 0, 3, 4, 0, 0, 0, 3, 0, 15, 0, 13, -4, 15, 6, -5, 0, 0, -2, 8, -2, 1, 0, 4, 2, 16, 0, -6, 2, -7, 3, -20, 2, 1, -2, 0, 0, -2, 5, 0, -1};
weight_ih[84] = {22, 5, 9, 9, 0, -37, 0, 10, 0, 0, 45, 5, 12, -69, -25, -13, 54, 0, 0, 40, -7, 0, 55, 0, 5, -10, 27, 0, 26, 0, 0, 0, -27, 20, -17, 0, 0, 0, 11, 0, -6, 0, -33, -2, -16, 18, -47, 0, 0, -51, -2, -21, 2, 0, 10, 7, -21, 20, -27, 51, -48, -4, -4, -24, 8, 0, 0, 0, -29, 18, 0, -52};
weight_ih[85] = {-46, 26, 22, -5, 0, -13, 0, -22, 0, 0, 47, 12, -4, 8, -14, -25, -77, 0, 0, -11, -59, 0, -2, 0, 50, 29, 1, 0, 1, 0, 0, 0, 9, 13, -5, 0, 0, 0, 22, 0, -18, 0, -21, -25, -48, -23, 19, 0, 0, -37, -36, 19, 36, 0, -11, -26, -17, 26, 22, 4, 17, -23, 28, 8, -19, 7, 0, 0, -6, 13, 0, -29};
weight_ih[86] = {2, -26, -26, -29, 0, -14, 0, 15, 0, 0, -22, -3, 4, -15, 21, -23, 5, 0, 0, -4, -8, 0, 12, 0, -28, -42, -24, 0, -3, 0, 0, 0, 0, 1, 20, 0, 0, 0, -4, 0, 4, 0, 1, -1, 10, -36, 40, 0, 0, -11, 18, -3, -20, 0, -20, -11, -5, 3, 8, -4, -12, -11, 28, 3, -32, -16, 0, 0, 18, -8, 0, -21};
weight_ih[87] = {-1, 3, 2, 3, 0, 5, 0, 5, 0, 0, 12, -7, 5, 0, 6, 0, 0, 0, 0, -2, -1, 0, -2, 0, 0, 4, 0, 0, -1, 0, 0, 0, 0, -2, 3, 0, 0, 0, 4, 0, 10, 0, 12, 7, 15, 4, -5, 0, 0, -3, 5, -1, 9, 0, 0, 4, 13, 0, -7, 7, -8, 2, -11, 4, 5, -4, 0, 0, -1, 10, 0, -1};
weight_ih[88] = {5, 18, 1, 5, 0, -33, 0, -11, 0, 0, 20, -35, 20, -12, -13, 0, 55, 0, 0, -3, 18, 0, 47, 0, 30, 17, 10, 0, -18, 0, 0, 0, 9, 35, 38, 0, 0, 0, 10, 0, -20, 0, 35, 27, 7, 15, 53, 0, 0, -22, -5, 7, -60, 0, -22, 3, 54, 10, 33, -54, 3, 0, -29, 30, 16, 37, 0, 0, -1, -6, 0, 27};
weight_ih[89] = {8, 6, 3, 3, 0, 3, 0, 4, 0, 0, 13, -4, 5, 0, 6, -6, 0, 0, 0, -2, 1, 0, -2, 0, -12, 0, -1, 0, -1, 0, 0, 0, 0, 2, 6, 0, 0, 0, 3, 0, 16, 0, 16, -6, 14, 10, -7, 0, 0, -3, 9, -2, 1, 0, 3, 3, 18, 0, -6, 2, -5, 4, -20, 2, -2, 0, 0, 0, -1, 4, 0, -1};
weight_ih[90] = {7, 7, 4, 3, 0, 4, 0, 5, 0, 0, 14, -4, 5, 0, 4, -5, 0, 0, 0, -3, -1, 0, -3, 0, -9, 1, -1, 0, -1, 0, 0, 0, 0, 2, 4, 0, 0, 0, 3, 0, 14, 0, 18, -4, 16, 10, -6, 0, 0, -3, 9, -2, 2, 0, 2, 3, 17, 0, -4, 2, -6, 4, -16, 2, -3, 1, 0, 0, -1, 5, 0, -2};
weight_ih[91] = {-45, -6, 21, -39, 0, -17, 0, -36, 0, 0, -2, -78, 63, -35, -62, -5, 0, 0, 0, 5, -26, 0, -49, 0, 8, 28, -10, 0, -12, 0, 0, 0, -28, -23, 18, 0, 0, 0, -9, 0, -51, 0, -16, -6, 78, -16, -9, 0, 0, 22, -47, -6, 63, 0, 9, 36, 3, -8, 45, 133, 40, 2, 43, 2, -3, -26, 0, 0, 29, 17, 0, 12};
weight_ih[92] = {20, 67, 44, -11, 0, 8, 0, 1, 0, 0, 2, 11, -37, -5, -4, 10, -49, 0, 0, 41, 53, 0, 3, 0, -18, 29, -47, 0, -3, 0, 0, 0, -17, 25, -2, 0, 0, 0, -6, 0, -1, 0, 7, 14, -4, -10, -5, 0, 0, 6, 12, -14, -11, 0, 19, -5, 14, -15, -11, -23, 3, 16, -27, -2, -2, -9, 0, 0, -28, 44, 0, 7};
weight_ih[93] = {-17, -4, 35, 8, 0, 12, 0, -15, 0, 0, -4, -40, 9, -13, 17, -2, -23, 0, 0, -5, 26, 0, 15, 0, 12, 21, -14, 0, -16, 0, 0, 0, 4, 13, 27, 0, 0, 0, 12, 0, -12, 0, 23, 4, 9, -32, 32, 0, 0, -7, 14, 13, -24, 0, 39, 11, -26, 12, -22, 5, 5, 31, -1, 40, -7, -4, 0, 0, 26, -33, 0, 18};
weight_ih[94] = {-77, -16, -51, -6, 0, 2, 0, 14, 0, 0, -22, -19, -24, 4, 2, -30, 30, 0, 0, -2, -16, 0, -7, 0, 13, 13, 14, 0, -3, 0, 0, 0, 0, -3, -16, 0, 0, 0, -17, 0, -48, 0, 6, -1, -44, -31, 46, 0, 0, -17, -51, -6, -10, 0, -66, 5, -36, -17, 1, -8, -20, 19, 24, 43, 66, 9, 0, 0, 3, 64, 0, 14};
weight_ih[95] = {11, 3, 0, 2, 0, 2, 0, 4, 0, 0, 10, -5, 3, 0, 4, -8, 0, 0, 0, -2, 0, 0, -1, 0, -13, -1, -1, 0, 0, 0, 0, 0, 0, 3, 3, 0, 0, 0, 2, 0, 15, 0, 12, -8, 12, 4, -9, 0, 0, -2, 10, -2, -1, 0, 5, 1, 15, 0, -10, -1, -5, 2, -23, 1, -1, 0, 0, 0, -1, 2, 0, -1};
weight_ih[96] = {-14, 25, 34, -41, 0, 1, 0, 11, 0, 0, 3, -54, 73, -5, -4, 0, -7, 0, 0, 18, 21, 0, 24, 0, -26, 10, -10, 0, -2, 0, 0, 0, 9, 1, -2, 0, 0, 0, -6, 0, -51, 0, 33, -21, -36, 7, -12, 0, 0, -26, 18, 6, 4, 0, 22, 11, 19, -12, -23, 28, 48, 19, 12, -24, -14, -10, 0, 0, 28, 16, 0, -24};
weight_ih[97] = {-38, -13, 26, -3, 0, 0, 0, 26, 0, 0, -6, 28, -10, -10, 26, 8, 10, 0, 0, 3, -22, 0, 12, 0, -10, -5, 25, 0, 40, 0, 0, 0, 10, -3, -23, 0, 0, 0, 17, 0, -31, 0, -17, 27, 17, -17, 5, 0, 0, 31, 20, 4, 19, 0, 20, 22, -25, 28, -16, 22, 23, -61, 8, -37, 9, 32, 0, 0, 11, 1, 0, -58};
weight_ih[98] = {-53, -5, -5, -18, 0, -28, 0, -72, 0, 0, -24, -58, 37, -25, 14, 20, 2, 0, 0, -48, 43, 0, 8, 0, -27, 3, 43, 0, 0, 0, 0, 0, 11, -5, -16, 0, 0, 0, -10, 0, -8, 0, -31, -26, 54, 47, 7, 0, 0, 20, -27, -8, 28, 0, 37, 40, 47, -9, -37, 92, -28, 5, 6, 23, 30, 41, 0, 0, 7, 56, 0, -36};
weight_ih[99] = {-8, 6, 4, 4, 0, 3, 0, -15, 0, 0, 8, -10, -9, -2, -4, -8, -7, 0, 0, -7, -5, 0, -5, 0, -27, -2, -6, 0, -2, 0, 0, 0, 38, 7, 2, 0, 0, 0, 4, 0, -12, 0, -4, -10, -21, -9, 1, 0, 0, -8, -3, 1, -2, 0, 20, -2, -12, 7, -9, -24, -4, 3, -3, 8, -4, -8, 0, 0, -4, -8, 0, 0};
weight_ih[100] = {6, 5, 3, 2, 0, 4, 0, 5, 0, 0, 12, -5, 4, 0, 5, -5, 0, 0, 0, -2, -1, 0, -2, 0, -9, 1, -1, 0, -1, 0, 0, 0, 0, 2, 2, 0, 0, 0, 3, 0, 12, 0, 13, -3, 14, 7, -6, 0, 0, -3, 8, -2, 3, 0, 2, 3, 15, 0, -7, 3, -6, 3, -18, 2, -1, -1, 0, 0, -1, 4, 0, -1};
weight_ih[101] = {8, 6, 3, 3, 0, 3, 0, 4, 0, 0, 12, -5, 4, 0, 5, -7, 0, 0, 0, -3, 0, 0, -2, 0, -11, 1, -1, 0, -1, 0, 0, 0, 0, 3, 3, 0, 0, 0, 3, 0, 14, 0, 15, -6, 13, 6, -6, 0, 0, -3, 9, -1, 2, 0, 2, 2, 15, 0, -7, 2, -5, 3, -22, 3, -2, 0, 0, 0, -1, 3, 0, -1};
weight_ih[102] = {8, -1, 9, -3, 0, -14, 0, -29, 0, 0, 21, -22, -15, -20, -4, -13, 30, 0, 0, -56, -6, 0, 2, 0, 17, 8, 33, 0, -3, 0, 0, 0, -8, 8, -3, 0, 0, 0, -11, 0, 86, 0, -30, -28, -22, -27, -8, 0, 0, -27, -30, 9, -31, 0, 42, 5, 30, -14, -10, 17, -50, 4, 0, 4, 2, 1, 0, 0, -20, -21, 0, -11};
weight_ih[103] = {-16, -30, 23, -3, 0, 43, 0, -74, 0, 0, 11, 17, 6, -8, 21, 11, 5, 0, 0, 5, -10, 0, 8, 0, -11, -7, -28, 0, 15, 0, 0, 0, 15, -24, 44, 0, 0, 0, -9, 0, -23, 0, -8, -8, -15, -8, -19, 0, 0, 46, -6, -5, 8, 0, -19, 3, -27, -7, 6, -8, -24, -61, 27, -51, -1, -39, 0, 0, 26, 1, 0, -39};
weight_ih[104] = {-27, -5, 2, 4, 0, -13, 0, -2, 0, 0, 8, -14, 28, 1, -31, -27, -11, 0, 0, -13, -11, 0, -16, 0, 19, -4, 23, 0, -12, 0, 0, 0, 10, 2, -8, 0, 0, 0, 6, 0, -52, 0, -4, 7, 58, 15, -2, 0, 0, 22, -18, -3, 7, 0, -23, -25, -28, 5, 32, 27, 3, -44, 15, 17, -21, 27, 0, 0, 25, -53, 0, 2};
weight_ih[105] = {6, 13, -7, -19, 0, 35, 0, 30, 0, 0, 1, 7, -27, 11, -18, 1, -1, 0, 0, 23, 19, 0, 12, 0, -23, -29, -28, 0, 35, 0, 0, 0, 30, -3, -6, 0, 0, 0, 8, 0, 0, 0, -3, 30, 11, 28, 5, 0, 0, -10, -2, 4, 41, 0, 4, 2, 20, 12, 40, -5, -22, 15, 15, -45, -4, 2, 0, 0, -31, 15, 0, 17};
weight_ih[106] = {30, 12, -75, 9, 0, -16, 0, -24, 0, 0, 40, 11, 9, -6, 20, 25, -25, 0, 0, 6, 19, 0, -51, 0, 26, 28, 1, 0, 28, 0, 0, 0, 57, 28, -40, 0, 0, 0, -8, 0, 20, 0, -5, 33, 1, 31, 25, 0, 0, -4, 19, 12, 26, 0, 31, -38, 51, -11, -19, -19, 33, -12, 44, -1, -17, 17, 0, 0, -34, 11, 0, -64};
weight_ih[107] = {41, -20, -30, 3, 0, -19, 0, 2, 0, 0, -28, -10, 22, 19, 16, -83, 37, 0, 0, 39, -24, 0, 18, 0, -10, -24, -6, 0, -16, 0, 0, 0, 30, -2, -15, 0, 0, 0, 0, 0, 32, 0, -7, -34, 1, -29, -13, 0, 0, 19, 5, -12, -21, 0, 41, -20, -6, 1, -52, 14, -6, -25, -25, -15, 1, -13, 0, 0, 17, -55, 0, 9};
weight_ih[108] = {-4, -11, -20, 3, 0, 1, 0, 0, 0, 0, 7, -10, -9, 0, -5, 0, -4, 0, 0, -8, -3, 0, -3, 0, -4, -5, -6, 0, -1, 0, 0, 0, 3, -3, -2, 0, 0, 0, 6, 0, -3, 0, -9, 0, -4, -20, -7, 0, 0, -1, -5, 0, 5, 0, -4, -4, -1, 5, -16, -9, -3, 0, -21, -5, 3, -2, 0, 0, -6, -3, 0, -2};
weight_ih[109] = {28, 2, 5, -18, 0, -19, 0, -16, 0, 0, 62, 38, -29, 68, -13, -9, -71, 0, 0, 20, 34, 0, -31, 0, -2, -19, -55, 0, -1, 0, 0, 0, 17, -26, -31, 0, 0, 0, -7, 0, -48, 0, -15, -32, -38, 71, -13, 0, 0, -2, 46, 7, -6, 0, -60, 1, 15, -5, -21, -31, -31, -9, -59, -43, -12, -23, 0, 0, -29, -22, 0, -26};
weight_ih[110] = {27, 1, 19, 62, 0, 84, 0, -19, 0, 0, -71, 43, 14, 18, 89, 47, 14, 0, 0, 67, 19, 0, -11, 0, 42, 25, 24, 0, 55, 0, 0, 0, 10, 15, 79, 0, 0, 0, 8, 0, 6, 0, -7, 17, -3, 26, 17, 0, 0, 25, 24, 10, -31, 0, -21, 8, 49, 12, -2, -8, 6, 10, -18, 1, -5, -33, 0, 0, 51, 13, 0, 54};
weight_ih[111] = {13, 1, 4, -9, 0, -18, 0, -29, 0, 0, -9, -9, -2, 4, 44, -4, -20, 0, 0, -11, 19, 0, -7, 0, 16, 2, -33, 0, -12, 0, 0, 0, -6, 6, 8, 0, 0, 0, -7, 0, 2, 0, 19, -20, 4, -12, 15, 0, 0, -39, 18, -5, 18, 0, 14, 7, 39, -9, -3, 15, -20, 4, 2, -11, 24, -14, 0, 0, -10, 0, 0, -21};
weight_ih[112] = {17, -8, 3, 32, 0, 28, 0, 31, 0, 0, 21, 1, 5, -14, -11, 14, -29, 0, 0, -24, -8, 0, 15, 0, -22, -3, 3, 0, -16, 0, 0, 0, -23, 7, -14, 0, 0, 0, 12, 0, -50, 0, 8, -8, 26, -8, 8, 0, 0, 47, 38, 16, 41, 0, 2, 112, -18, 14, -10, 79, -3, -2, -69, -29, -5, -9, 0, 0, 44, -49, 0, -39};
weight_ih[113] = {-17, 4, 53, -12, 0, -47, 0, 57, 0, 0, 35, -5, 35, 14, 33, -66, 36, 0, 0, -29, -53, 0, 42, 0, -9, -5, 42, 0, -6, 0, 0, 0, 10, -27, 13, 0, 0, 0, 3, 0, -25, 0, 48, 2, 28, -57, 1, 0, 0, 10, 7, 3, -1, 0, 28, 24, -1, 10, -49, 33, -2, 16, -15, -36, -6, 40, 0, 0, -13, -19, 0, -48};
weight_ih[114] = {-15, -3, -10, 0, 0, -30, 0, 13, 0, 0, 17, -36, 19, -1, 24, -45, 17, 0, 0, -41, 28, 0, 17, 0, -3, -8, 17, 0, -49, 0, 0, 0, -15, 22, 38, 0, 0, 0, -2, 0, 36, 0, -26, -13, 39, -4, 9, 0, 0, 0, 56, -1, -19, 0, -29, -35, 13, 0, -29, -35, 0, -16, -14, 13, -23, -2, 0, 0, -39, -36, 0, -19};
weight_ih[115] = {-31, -2, -2, -20, 0, -14, 0, -4, 0, 0, -27, 15, 24, -15, 41, -86, 16, 0, 0, 34, -33, 0, 10, 0, 37, 18, 23, 0, -15, 0, 0, 0, -11, -8, -1, 0, 0, 0, -8, 0, -16, 0, 31, -27, -6, -71, 9, 0, 0, 8, -16, -11, 21, 0, -7, -28, -29, -10, -18, 19, 19, -6, -53, 11, -4, 16, 0, 0, -4, -42, 0, -11};
weight_ih[116] = {-20, 3, -18, 43, 0, 36, 0, -92, 0, 0, 79, 52, 2, -34, 7, 9, 6, 0, 0, 8, -5, 0, -29, 0, -9, 17, -21, 0, -13, 0, 0, 0, 0, 0, -15, 0, 0, 0, -4, 0, -33, 0, 87, 2, -3, -5, 29, 0, 0, -49, 78, -9, -64, 0, 1, -10, -18, -1, 23, -16, -87, -8, 28, -20, 1, -63, 0, 0, -8, -10, 0, -27};
weight_ih[117] = {47, -49, -53, 1, 0, 28, 0, -26, 0, 0, -4, 80, 45, -51, -7, 27, -26, 0, 0, 14, -24, 0, -33, 0, 7, -48, 11, 0, -3, 0, 0, 0, 4, -15, 17, 0, 0, 0, 9, 0, 21, 0, 52, -5, 10, 11, -13, 0, 0, 16, -46, -1, 72, 0, -8, -1, 17, 11, -5, 67, 4, -41, 17, -4, -20, -34, 0, 0, 53, -27, 0, -31};
weight_ih[118] = {-59, 2, 10, -6, 0, 10, 0, -9, 0, 0, 15, 21, -22, 0, 46, -4, -18, 0, 0, -5, 5, 0, 4, 0, 1, 9, 17, 0, 0, 0, 0, 0, -11, 5, 41, 0, 0, 0, 3, 0, -68, 0, 16, 21, 21, 10, 30, 0, 0, 23, -32, 13, -17, 0, -34, -29, 51, -1, -9, -26, -12, -13, -16, 32, 9, 25, 0, 0, -30, 11, 0, -56};
weight_ih[119] = {6, -22, -22, -21, 0, 32, 0, -33, 0, 0, 16, -34, -6, 2, 46, -75, -14, 0, 0, -4, -16, 0, -5, 0, -50, -18, -5, 0, -6, 0, 0, 0, 35, 2, 24, 0, 0, 0, -7, 0, -36, 0, 4, -34, 12, 9, 7, 0, 0, 1, 33, -9, 11, 0, -17, -4, 18, -4, -28, 18, 15, 48, -47, -8, 64, -17, 0, 0, 1, 15, 0, 6};
weight_ih[120] = {-10, -19, -13, -23, 0, -27, 0, -30, 0, 0, 58, -27, 0, -24, -10, -30, -4, 0, 0, -28, -8, 0, 8, 0, 19, 4, 11, 0, -9, 0, 0, 0, -2, -7, 19, 0, 0, 0, 5, 0, -2, 0, -5, -12, 60, -44, -7, 0, 0, -13, -36, 23, 81, 0, 17, 63, 40, 4, -69, 83, 6, 36, -29, 11, 16, -29, 0, 0, -30, 0, 0, -100};
weight_ih[121] = {-10, 28, 22, 7, 0, 34, 0, -53, 0, 0, 2, -55, 1, -11, -46, -10, -18, 0, 0, 36, 12, 0, 33, 0, -6, 0, 4, 0, -18, 0, 0, 0, -27, -3, -25, 0, 0, 0, -8, 0, -14, 0, 2, -9, 45, -43, -3, 0, 0, -3, -30, -15, 10, 0, 8, -9, 73, -9, 24, 11, -8, 64, 7, 14, 11, -10, 0, 0, 15, 38, 0, 3};
weight_ih[122] = {35, 43, 22, 2, 0, 9, 0, 30, 0, 0, -26, -35, -2, 9, -49, 16, -9, 0, 0, 8, -20, 0, 13, 0, 42, 21, -9, 0, 11, 0, 0, 0, 4, 39, 2, 0, 0, 0, -3, 0, -11, 0, 26, 6, 2, -63, -14, 0, 0, -1, -31, -10, 17, 0, -9, -1, -10, -7, 26, -21, -23, -5, -21, -29, -31, 57, 0, 0, -7, -18, 0, -35};
weight_ih[123] = {-57, -32, 47, 1, 0, -25, 0, -26, 0, 0, 23, 40, 9, -16, 33, -1, -27, 0, 0, -15, 16, 0, 35, 0, -38, 34, 17, 0, 5, 0, 0, 0, -51, -11, 41, 0, 0, 0, 0, 0, -8, 0, -23, 11, 16, 50, 24, 0, 0, -2, -9, -4, 20, 0, 3, -43, -11, -4, -6, 68, 10, -7, -15, 16, 5, -13, 0, 0, 3, -22, 0, -60};
weight_ih[124] = {-11, -12, 8, 5, 0, -9, 0, -13, 0, 0, -29, 19, 11, -5, 50, 4, 2, 0, 0, -17, 41, 0, 30, 0, -34, 2, -32, 0, 20, 0, 0, 0, -6, 0, -7, 0, 0, 0, 3, 0, -13, 0, 28, -17, 15, 7, -24, 0, 0, -8, -9, 11, 41, 0, -29, -25, 12, 4, 21, -8, 26, -6, -55, -33, -8, -21, 0, 0, -28, 6, 0, -42};
weight_ih[125] = {16, -3, 6, -1, 0, -1, 0, -30, 0, 0, -16, -2, 0, 14, 7, 3, -27, 0, 0, -13, -7, 0, 3, 0, 33, -2, 5, 0, -2, 0, 0, 0, 42, 8, -1, 0, 0, 0, 10, 0, -12, 0, 1, -9, 22, -65, -1, 0, 0, -3, 12, -5, 38, 0, 3, -19, 20, 9, -6, 17, 15, 7, 23, 4, 21, -8, 0, 0, -3, 56, 0, -14};
weight_ih[126] = {53, -33, -43, -20, 0, 48, 0, -26, 0, 0, 4, -1, -18, -9, -10, 34, -4, 0, 0, 51, 1, 0, 36, 0, -6, -32, -36, 0, 34, 0, 0, 0, -10, 6, -20, 0, 0, 0, -1, 0, 7, 0, -57, -4, 23, -4, 14, 0, 0, 30, 25, -11, 40, 0, 35, -29, -10, 3, -8, -4, -16, -3, -8, -18, 28, -14, 0, 0, -17, -3, 0, 2};
weight_ih[127] = {-21, 8, -5, 2, 0, -57, 0, -38, 0, 0, 6, 87, -39, 11, 34, 8, -8, 0, 0, -8, -19, 0, 13, 0, -16, 12, -16, 0, 7, 0, 0, 0, -8, 11, -13, 0, 0, 0, 17, 0, 19, 0, 11, 15, -54, 20, 13, 0, 0, -52, 28, 0, 30, 0, 13, -23, -14, 15, -13, -28, -46, -66, -40, 18, -2, 12, 0, 0, -16, 21, 0, -62};
weight_ih[128] = {-20, -20, -32, 3, 0, -11, 0, -19, 0, 0, 29, 21, -2, -33, 20, 23, -10, 0, 0, 7, -24, 0, -17, 0, 21, 31, -35, 0, 3, 0, 0, 0, -23, 27, 7, 0, 0, 0, -3, 0, -66, 0, -25, 6, -12, 33, -4, 0, 0, -20, -21, 11, -27, 0, 4, 1, 2, 5, -23, -6, -48, 20, 0, 5, -7, -2, 0, 0, 21, -12, 0, -4};
weight_ih[129] = {0, 28, 5, 7, 0, 21, 0, -66, 0, 0, -2, -41, -12, -50, 4, 16, -10, 0, 0, 45, 11, 0, -21, 0, -27, 19, 16, 0, 26, 0, 0, 0, -3, -17, -31, 0, 0, 0, -1, 0, -26, 0, -34, -25, -41, -1, 3, 0, 0, -23, -39, 14, -31, 0, 0, -4, 11, 6, 4, 3, -8, 9, 23, -36, -12, 11, 0, 0, -18, -9, 0, 41};
weight_ih[130] = {12, 31, -24, -30, 0, -28, 0, 28, 0, 0, -45, 26, -1, 17, -8, 66, 21, 0, 0, 41, 12, 0, 31, 0, -27, 5, -10, 0, -4, 0, 0, 0, 6, -7, -7, 0, 0, 0, 5, 0, -16, 0, 43, 12, 5, -1, 0, 0, 0, 17, 1, 22, -12, 0, -38, -72, 43, 9, 29, -60, -19, 11, -36, -21, -9, -36, 0, 0, -21, -20, 0, -26};
weight_ih[131] = {-15, -37, 4, 55, 0, 9, 0, -11, 0, 0, -18, -5, 28, 5, 30, 42, -17, 0, 0, 44, 56, 0, -43, 0, 32, -19, -60, 0, -30, 0, 0, 0, 60, -26, 47, 0, 0, 0, 14, 0, 9, 0, 14, -4, -44, 69, 9, 0, 0, 27, 4, 4, 35, 0, 57, 6, 6, 12, 26, 47, -55, 33, 41, -37, -7, -58, 0, 0, 11, -32, 0, -31};
weight_ih[132] = {-12, -6, -16, -17, 0, 3, 0, 13, 0, 0, -12, -27, 21, 16, 0, -86, -10, 0, 0, 24, -17, 0, 18, 0, 18, -13, 23, 0, -35, 0, 0, 0, 17, -9, -7, 0, 0, 0, 15, 0, 23, 0, 9, -13, 10, -14, -1, 0, 0, -13, 27, 10, 12, 0, -16, 27, -6, 14, -30, 3, 35, -15, 33, 4, -10, -1, 0, 0, 6, -4, 0, 22};
weight_ih[133] = {-36, 12, 6, -25, 0, -17, 0, -17, 0, 0, -28, -11, 10, 68, 19, -72, -25, 0, 0, 28, -36, 0, 23, 0, 53, 23, 56, 0, 9, 0, 0, 0, 6, -31, -16, 0, 0, 0, 1, 0, -38, 0, 12, -67, -5, -21, -7, 0, 0, -18, -35, -2, 37, 0, -44, -8, 6, -1, -32, 0, 21, 6, 12, 20, 14, 7, -1, 0, -10, 14, 0, -11};
weight_ih[134] = {-8, 2, 43, 6, 0, -9, 0, -17, 0, 0, -12, -34, 0, -5, -8, -3, 12, 0, 0, 15, -10, 0, 20, 0, 15, 5, -25, 0, 5, 0, 0, 0, 44, 9, -7, 0, 0, 0, 15, 0, -31, 0, -4, 9, 23, -6, -12, 0, 0, -2, -14, 16, 0, 0, 4, -21, -11, 22, 45, 17, 18, -21, 24, -16, 12, -20, 0, 0, -8, 55, 0, -16};
weight_ih[135] = {-24, -13, -28, 9, 0, 17, 0, -25, 0, 0, -5, -46, 50, -9, -9, 22, -16, 0, 0, -64, -10, 0, -40, 0, 13, 0, -37, 0, -2, 0, 0, 0, 23, -24, 24, 0, 0, 0, 4, 0, -7, 0, 35, -16, 23, 38, -12, 0, 0, -1, -4, -29, 96, 0, 18, 35, -28, 5, 66, 39, 3, 18, 6, -35, -28, -27, 0, 0, -3, 8, 0, -43};
weight_ih[136] = {10, -22, -21, -21, 0, 20, 0, 17, 0, 0, 5, 30, -6, 5, -20, 22, -6, 0, 0, -15, 9, 0, 9, 0, 5, -9, 0, 0, -20, 0, 0, 0, -14, -3, -4, 0, 0, 0, -11, 0, 35, 0, -12, -31, 23, -13, -15, 0, 0, -14, -4, 3, 10, 0, -19, 10, -26, -17, 17, 0, -41, -8, -17, -26, 6, 27, 0, 0, 18, -13, 0, 28};
weight_ih[137] = {10, -6, -33, -8, 0, -6, 0, -30, 0, 0, 32, 38, 42, 36, 1, -9, -57, 0, 0, -38, -7, 0, -17, 0, 7, -20, -8, 0, 31, 0, 0, 0, 39, -24, -14, 0, 0, 0, 3, 0, -22, 0, 53, -58, 50, -18, -25, 0, 0, -34, -57, 3, 2, 0, -27, 43, -11, 4, 29, 37, 35, 16, 16, 2, -29, 33, 0, 0, 11, -17, 0, 24};
weight_ih[138] = {43, 25, -10, -15, 0, -11, 0, 25, 0, 0, 19, 53, 11, 11, -4, 6, 8, 0, 0, -4, -8, 0, -4, 0, 14, -4, -18, 0, -4, 0, 0, 0, -33, -11, -12, 0, 0, 0, -6, 0, 3, 0, 13, -9, 5, 63, 3, 0, 0, -40, 16, -4, 8, 0, -7, -12, -25, -9, 24, 14, 17, -7, 18, -8, -13, -26, 0, 0, -8, -14, 0, -42};
weight_ih[139] = {-62, 2, -30, -25, 0, -2, 0, 28, 0, 0, 101, 0, -5, 1, 0, 6, -10, 0, 0, -11, -29, 0, 3, 0, -35, -15, -46, 0, -19, 0, 0, 0, 2, 16, 4, 0, 0, 0, -19, 0, -74, 0, -3, -2, 18, -3, 16, 0, 0, 11, 14, 1, -26, 0, -64, -17, -49, -13, -10, 20, -14, -29, -11, -20, 6, -9, 0, 0, 57, 3, 0, -33};
weight_ih[140] = {-41, 9, 57, -13, 0, 12, 0, -37, 0, 0, -1, -58, 93, -51, -36, -24, 7, 0, 0, -12, -14, 0, 0, 0, -8, 18, 14, 0, 14, 0, 0, 0, 32, 5, 8, 0, 0, 0, 1, 0, -73, 0, 20, -45, -4, -43, -25, 0, 0, 33, -37, -27, 5, 0, -32, 12, 25, 2, 6, 37, 30, 48, -30, 13, 2, 13, 0, 0, 36, -22, 0, 53};
weight_ih[141] = {-1, 6, 38, -49, 0, -39, 0, -35, 0, 0, -73, -13, 25, 21, 61, -17, 25, 0, 0, 8, -13, 0, -6, 0, -5, 2, 12, 0, 11, 0, 0, 0, -11, -37, -23, 0, 0, 0, -1, 0, 30, 0, -17, -22, 23, 4, -26, 0, 0, 24, 24, 3, 16, 0, -53, -84, 6, -1, -30, -10, 28, -52, 17, 8, 5, -51, 0, 0, -40, 0, 0, -66};
weight_ih[142] = {-8, -8, 8, -2, 0, -26, 0, 0, 0, 0, -19, 15, -17, -9, 6, -19, 22, 0, 0, -14, 10, 0, -14, 0, -16, -15, 9, 0, -13, 0, 0, 0, -26, -13, -2, 0, 0, 0, -2, 0, 21, 0, -14, -32, -1, -20, -26, 0, 0, -34, 1, -2, -2, 0, -22, -18, 3, -2, -11, -10, 1, -7, -20, 25, 7, -7, 0, 0, -7, -2, 0, 20};
weight_ih[143] = {-24, -11, -18, 14, 0, 1, 0, -12, 0, 0, -6, -34, 12, 47, 11, -1, -13, 0, 0, -29, -6, 0, 16, 0, -12, 7, -18, 0, -40, 0, 0, 0, 4, -7, -4, 0, 0, 0, -11, 0, -49, 0, -5, -46, -7, -1, -56, 0, 0, 25, -33, -19, -31, 0, 16, -16, 0, -12, -2, 5, 3, 15, -11, 15, -2, 15, 0, 0, 13, -20, 0, -16};
weight_ih[144] = {31, -14, -26, 1, 0, -17, 0, 18, 0, 0, -12, -1, 8, -35, 39, -11, 43, 0, 0, 24, -60, 0, -1, 0, 5, -16, 35, 0, 3, 0, 0, 0, -10, -21, 0, 0, 0, 0, 8, 0, 21, 0, -31, -53, 51, -26, -39, 0, 0, -23, 19, 6, -4, 0, 18, -17, 21, 12, -15, 17, -29, 8, -25, -58, -13, 5, 0, 0, -24, -6, 0, 5};
weight_ih[145] = {-23, -12, 9, -14, 0, -3, 0, -11, 0, 0, 15, 39, 4, 37, 25, 0, -21, 0, 0, -25, 17, 0, 22, 0, 20, -18, -3, 0, 17, 0, 0, 0, 6, -8, 4, 0, 0, 0, 2, 0, 24, 0, 12, -18, -11, 50, -19, 0, 0, 3, 0, 0, 19, 0, -17, -3, 8, 3, 10, -3, 19, 8, -1, -23, -26, 7, 0, 0, -24, 12, 0, 17};
weight_ih[146] = {-30, -2, 5, 6, 0, 17, 0, -5, 0, 0, -76, 14, -20, 59, 31, -36, -10, 0, 0, -33, -23, 0, -25, 0, 19, 11, -43, 0, -20, 0, 0, 0, -23, 18, 3, 0, 0, 0, -1, 0, 22, 0, -29, -8, -19, -62, 30, 0, 0, 20, -25, 21, -13, 0, -38, -10, -33, -2, -56, 1, 20, -14, -53, 58, -2, -2, 0, 0, 44, 12, 0, -13};
weight_ih[147] = {2, -4, 14, -41, 0, 13, 0, -22, 0, 0, -7, -93, 32, -47, -70, -2, -23, 0, 0, -35, -13, 0, -8, 0, -13, 19, 19, 0, 34, 0, 0, 0, 20, 9, -26, 0, 0, 0, -6, 0, -2, 0, -8, 15, -15, -7, 11, 0, 0, -3, -30, -12, 16, 0, 8, 51, 7, -7, -16, 80, -41, 20, 31, -3, -12, 13, 0, 0, -16, 16, 0, 10};
weight_ih[148] = {0, -4, -36, -48, 0, 84, 0, -23, 0, 0, 24, 31, -41, 30, -22, 4, -14, 0, 0, 97, -8, 0, 15, 0, 36, -33, 29, 0, 4, 0, 0, 0, 11, 14, -30, 0, 0, 0, -2, 0, 17, 0, -15, -13, -12, -26, 19, 0, 0, 47, -15, 10, -23, 0, -11, 20, 6, 4, -11, -74, 43, -32, 43, 58, -35, 30, 0, 0, 16, -14, 0, 21};
weight_ih[149] = {-2, -5, -26, 0, 0, 0, 0, -11, 0, 0, -6, -13, -9, -2, -9, -13, -12, 0, 0, -4, -5, 0, -5, 0, -31, -6, -8, 0, 0, 0, 0, 0, 2, -4, 0, 0, 0, 0, 0, 0, -9, 0, -9, -17, -19, -32, -12, 0, 0, 1, -4, -3, -10, 0, -4, -2, -5, 0, -9, -21, -2, -1, -20, -13, -4, -4, 0, 0, -3, -7, 0, -3};
weight_ih[150] = {1, 17, -36, -10, 0, 40, 0, 35, 0, 0, 57, 51, 50, 98, 33, -11, 56, 0, 0, 20, 28, 0, 33, 0, -82, -47, 22, 0, 20, 0, 0, 0, -11, -42, -3, 0, 0, 0, 0, 0, -28, 0, 14, -80, 41, 121, -60, 0, 0, -16, 27, -13, 5, 0, -23, 26, -6, 2, 16, -2, 12, 13, 11, -59, -27, -16, 0, 0, -16, 1, 0, -16};
weight_ih[151] = {-14, -15, -5, -1, 0, -28, 0, 4, 0, 0, 18, -59, 37, -42, 2, -28, 12, 0, 0, -54, 0, 0, 25, 0, 33, -3, -22, 0, -4, 0, 0, 0, 0, 37, 35, 0, 0, 0, 13, 0, -5, 0, 42, 12, 23, -64, 21, 0, 0, 38, 53, 29, -33, 0, 78, -8, -31, 13, 9, -2, 58, -19, -9, 19, -23, -11, 1, 0, 20, -42, 0, -20};
weight_ih[152] = {-4, -23, 10, -5, 0, -13, 0, 17, 0, 0, -19, 3, 1, -12, 66, 15, 0, 0, 0, -15, -27, 0, 31, 0, -46, -5, 33, 0, -14, 0, 0, 0, 12, -31, -5, 0, 0, 0, -8, 0, -1, 0, 44, 4, -17, -26, 21, 0, 0, -41, 41, 43, -25, 0, 89, 0, 2, -3, -7, -3, -13, 24, 38, -35, 36, -8, 0, 0, -1, 40, 0, -42};
weight_ih[153] = {-6, -30, -29, 37, 0, -13, 0, 40, 0, 0, -20, 1, 1, 18, -6, 21, 21, 0, 0, 10, 33, 0, 0, 0, -19, -38, -24, 0, 7, 0, 0, 0, 22, -7, -24, 0, 0, 0, 16, 0, 39, 0, -22, -13, -13, 23, -25, 0, 0, 6, 29, 22, -10, 0, -10, -47, 26, 20, 6, -21, 31, 21, 45, -15, 10, 8, 0, 0, -16, 32, 0, -43};
weight_ih[154] = {-52, -31, -35, 32, 0, 16, 0, 20, 0, 0, 22, -8, 33, -29, -2, -21, 27, 0, 0, -56, -37, 0, 27, 0, -21, -12, -8, 0, 6, 0, 0, 0, -5, 14, 15, 0, 0, 0, -1, 0, 15, 0, 14, -12, 1, -13, -8, 0, 0, 6, 11, -34, 57, 0, -8, 32, -7, -7, -4, 8, 54, 32, -26, 14, 7, 25, 0, 0, 10, -22, 0, -4};
weight_ih[155] = {2, 5, 24, 0, 0, 0, 0, 11, 0, 0, 6, 13, 10, 1, 9, 13, 13, 0, 0, 3, 5, 0, 5, 0, 30, 6, 8, 0, 0, 0, 0, 0, -2, 3, 0, 0, 0, 0, -1, 0, 8, 0, 8, 17, 20, 33, 13, 0, 0, -1, 5, 2, 13, 0, 3, 1, 1, -1, 8, 21, 3, 1, 18, 12, 3, 5, 0, 0, 3, 6, 0, 3};
weight_ih[156] = {-3, -16, -18, -30, 0, -26, 0, 21, 0, 0, -12, 14, -27, -15, 49, -3, -35, 0, 0, 2, 0, 0, 5, 0, 7, -21, 12, 0, 19, 0, 0, 0, 11, -28, -28, 0, 0, 0, -6, 0, -11, 0, -51, -11, -25, 40, -31, 0, 0, 9, -12, -12, 3, 0, -17, -45, 5, -12, 6, 45, 22, 17, 50, -50, 10, -12, -1, 0, -50, 21, 0, -18};
weight_ih[157] = {-66, 13, 5, 5, 0, -14, 0, 3, 0, 0, 42, 22, 12, 10, 56, -11, 38, 0, 0, 38, 30, 0, 37, 0, 5, -14, 68, 0, -11, 0, 0, 0, -8, -4, -10, 0, 0, 0, 4, 0, -41, 0, 20, 24, -3, 29, 2, 0, 0, 7, 8, 49, 15, 0, -45, -47, -28, 5, -14, 1, 19, -36, 8, -26, -10, -12, 0, 0, -48, -34, 0, -20};
weight_ih[158] = {0, 14, 0, 11, 0, 27, 0, -15, 0, 0, 10, 30, -25, 5, 24, 54, 11, 0, 0, 5, -11, 0, 10, 0, -16, 12, -10, 0, -14, 0, 0, 0, 48, 1, 5, 0, 0, 0, 3, 0, -15, 0, -22, -36, -3, 49, -7, 0, 0, 18, 2, 2, 19, 0, 53, -25, -46, 4, 27, -9, 9, 10, -19, -5, 19, 12, 0, 0, -2, -28, 0, -11};
weight_ih[159] = {-4, -5, -24, 1, 0, 1, 0, -11, 0, 0, -5, -13, -11, -1, -8, -12, -13, 0, 0, -3, -6, 0, -6, 0, -25, -5, -6, 0, -1, 0, 0, 0, 2, -3, -1, 0, 0, 0, 0, 0, -8, 0, -9, -14, -16, -34, -14, 0, 0, 1, -5, -2, -10, 0, -5, 0, -1, 0, -6, -22, -4, -2, -15, -11, 0, -4, 0, 0, -4, -3, 0, -4};
weight_ih[160] = {26, -35, 29, 13, 0, 73, 0, 35, 0, 0, -54, -54, 50, -26, -18, -1, -11, 0, 0, 25, 17, 0, -42, 0, 38, -17, -51, 0, 9, 0, 0, 0, -18, -20, 44, 0, 0, 0, 6, 0, -7, 0, -22, 4, 12, 11, -19, 0, 0, 41, 6, -4, 60, 0, 3, 39, 5, 6, -18, 83, 37, 20, -6, -19, -3, -35, 0, 0, 15, -56, 0, 25};
weight_ih[161] = {2, 5, 27, 0, 0, 0, 0, 12, 0, 0, 6, 12, 9, 2, 9, 11, 12, 0, 0, 5, 5, 0, 6, 0, 30, 6, 8, 0, 0, 0, 0, 0, -2, 3, 0, 0, 0, 0, 0, 0, 9, 0, 9, 17, 18, 33, 12, 0, 0, -1, 5, 2, 9, 0, 4, 2, 3, 0, 8, 20, 2, 1, 19, 13, 4, 4, 0, 0, 4, 7, 0, 3};
weight_ih[162] = {2, 6, 28, 0, 0, -1, 0, 11, 0, 0, 8, 12, 11, 2, 9, 12, 13, 0, 0, 3, 5, 0, 6, 0, 30, 6, 9, 0, -1, 0, 0, 0, -4, 3, 0, 0, 0, 0, -2, 0, 9, 0, 9, 17, 20, 32, 10, 0, 0, 0, 6, 2, 12, 0, 4, 2, 5, -2, 8, 22, 2, 1, 18, 14, 5, 2, 0, 0, 2, 7, 0, 1};
weight_ih[163] = {2, 9, 23, -2, 0, 45, 0, 5, 0, 0, 54, 67, -55, -38, -29, 21, -13, 0, 0, 31, -34, 0, 37, 0, 26, 8, 3, 0, -8, 0, 0, 0, 7, 5, -1, 0, 0, 0, 9, 0, -5, 0, 30, -36, 18, -51, -45, 0, 0, 43, -28, -7, 53, 0, -38, 19, 6, 13, 24, -37, -27, -15, -18, 13, -19, 15, 0, 0, 50, -30, 0, 22};
weight_ih[164] = {-34, 32, 9, 15, 0, -47, 0, 1, 0, 0, 14, -52, 52, -30, 26, -64, -9, 0, 0, -21, -8, 0, -3, 0, 31, 39, 9, 0, -1, 0, 0, 0, 34, 9, -15, 0, 0, 0, -5, 0, -50, 0, -39, 47, -17, -74, 8, 0, 0, 15, 2, -32, 49, 0, 32, 32, -48, -6, 74, -2, -3, -20, 8, -2, -6, -19, 0, 0, 42, 17, 0, -31};
weight_ih[165] = {-17, -26, 32, -12, 0, 3, 0, -25, 0, 0, 19, 24, -26, -39, 3, 34, -49, 0, 0, -10, 13, 0, -5, 0, -14, -23, -5, 0, -62, 0, 0, 0, 14, -28, -37, 0, 0, 0, -5, 0, -13, 0, 17, 3, -15, 39, 1, 0, 0, -60, -23, -21, 1, 0, 42, -45, 0, -3, 33, 7, -50, -20, 19, -59, 22, -24, 0, 0, -44, 1, 0, 44};
weight_ih[166] = {15, 8, 55, 7, 0, -1, 0, 39, 0, 0, -64, -24, -3, -33, -12, -18, 27, 0, 0, -16, -64, 0, -8, 0, -57, -5, -22, 0, -16, 0, 0, 0, 25, -38, -1, 0, 0, 0, 6, 0, 91, 0, -16, -52, 56, -100, -21, 0, 0, -18, 9, -31, -5, 0, 87, -35, -34, 2, 35, 17, -2, 20, 2, 24, -19, -6, 0, 0, 21, 25, 0, 20};
weight_ih[167] = {1, 6, 28, 0, 0, -1, 0, 11, 0, 0, 7, 12, 9, 2, 9, 12, 12, 0, 0, 3, 5, 0, 6, 0, 32, 6, 8, 0, -1, 0, 0, 0, -3, 3, 0, 0, 0, 0, -1, 0, 8, 0, 10, 18, 19, 32, 12, 0, 0, -1, 5, 2, 10, 0, 3, 1, 3, -1, 9, 22, 2, 1, 20, 13, 4, 4, 0, 0, 3, 7, 0, 2};
weight_ih[168] = {17, 7, -9, -3, 0, -7, 0, 50, 0, 0, 49, 6, -43, -3, -29, -27, -9, 0, 0, -19, -47, 0, 8, 0, -1, -17, 9, 0, 20, 0, 0, 0, -5, 16, 18, 0, 0, 0, -6, 0, -9, 0, -19, -16, 7, -26, 22, 0, 0, -4, 33, -14, -38, 0, 19, -3, 9, -9, 33, -31, 28, -3, -41, 65, -14, 25, 0, 0, 21, -43, 0, -29};
weight_ih[169] = {-4, -15, 10, -39, 0, -7, 0, -23, 0, 0, -1, 46, -52, -43, 66, 16, 5, 0, 0, -55, -27, 0, -7, 0, -19, -13, -1, 0, -10, 0, 0, 0, 0, 3, 16, 0, 0, 0, 5, 0, -9, 0, 72, -11, 6, -31, 20, 0, 0, -22, 59, -7, -29, 0, 16, 23, 6, 7, 55, -23, -20, -59, -6, 17, 14, 46, 0, 0, 20, -10, 0, -14};
weight_ih[170] = {-10, 35, 48, -32, 0, -56, 0, -45, 0, 0, -20, -81, 55, 12, -42, -42, 21, 0, 0, -46, 0, 0, 34, 0, 29, 37, 47, 0, -11, 0, 0, 0, -16, 42, -10, 0, 0, 0, -2, 0, 8, 0, -30, 52, -26, 30, 43, 0, 0, -37, -35, 17, 50, 0, -48, -30, 21, 3, -53, 57, -64, -11, -36, 17, 5, 41, 0, 0, 7, 26, 0, -6};
weight_ih[171] = {-23, -11, 21, 22, 0, -13, 0, -10, 0, 0, -11, -27, 17, -10, -8, -22, -16, 0, 0, 19, -8, 0, -2, 0, 27, 4, 10, 0, -6, 0, 0, 0, 20, 4, -4, 0, 0, 0, -8, 0, -10, 0, -14, 25, -26, -69, 28, 0, 0, 7, -16, -2, -1, 0, 17, 14, -12, -7, 0, 1, -11, -14, 35, 21, 37, 12, 0, 0, -8, 42, 0, 7};
weight_ih[172] = {-1, -5, -26, 0, 0, 1, 0, -11, 0, 0, -6, -12, -10, -2, -9, -12, -12, 0, 0, -4, -5, 0, -6, 0, -30, -6, -8, 0, 0, 0, 0, 0, 3, -3, 0, 0, 0, 0, 0, 0, -8, 0, -9, -17, -19, -33, -11, 0, 0, 1, -5, -2, -11, 0, -4, -1, -4, 1, -9, -22, -3, -1, -18, -13, -4, -4, 0, 0, -4, -7, 0, -3};
weight_ih[173] = {-2, -5, -26, 0, 0, 0, 0, -10, 0, 0, -7, -12, -9, -2, -10, -12, -12, 0, 0, -2, -5, 0, -6, 0, -29, -6, -10, 0, 0, 0, 0, 0, 2, -3, 0, 0, 0, 0, 0, 0, -9, 0, -10, -16, -21, -32, -11, 0, 0, 1, -5, -2, -12, 0, -4, -1, -4, 1, -9, -21, -2, -1, -20, -13, -4, -5, 0, 0, -2, -7, 0, -2};
weight_ih[174] = {-36, 27, 52, 11, 0, -27, 0, -8, 0, 0, -49, -39, -14, -54, 11, -41, -16, 0, 0, -4, -4, 0, 27, 0, 15, 14, -11, 0, -15, 0, 0, 0, 42, 2, 10, 0, 0, 0, 3, 0, 25, 0, 4, -10, 0, -117, -36, 0, 0, 2, 24, 5, -28, 0, 25, -30, -32, 2, -12, 12, -21, 25, -17, 37, -25, 4, 0, 0, 5, 3, 0, -12};
weight_ih[175] = {-7, 3, -8, -19, 0, -1, 0, -8, 0, 0, -18, -30, 22, 21, 11, -58, 24, 0, 0, -8, -17, 0, -9, 0, 29, -4, 39, 0, 56, 0, 0, 0, 7, 15, -43, 0, 0, 0, -2, 0, -39, 0, -25, 32, 49, -36, 0, 0, 0, -12, 4, 0, 3, 0, 17, -19, -32, -3, -18, 31, 10, 9, -48, 18, -17, 34, 0, 0, -12, -46, 0, 47};
weight_ih[176] = {-33, -19, 22, 22, 0, 1, 0, 16, 0, 0, 41, -25, 5, -9, -65, 28, -45, 0, 0, -50, -29, 0, -5, 0, 25, 5, -66, 0, 14, 0, 0, 0, -31, -30, -24, 0, 0, 0, 1, 0, -32, 0, -16, -32, 22, 3, -20, 0, 0, -3, 31, -25, 48, 0, -80, 10, 54, 0, 22, 11, 88, 18, -23, 15, 12, 7, 0, 0, -22, 40, 0, -43};
weight_ih[177] = {-7, -1, 4, -18, 0, -6, 0, -10, 0, 0, -53, -24, 21, 9, -8, -13, 10, 0, 0, -25, 37, 0, 12, 0, 16, -27, 21, 0, 8, 0, 0, 0, -25, -2, -11, 0, 0, 0, 3, 0, -51, 0, -18, -18, -49, -14, -5, 0, 0, -39, 6, 12, -2, 0, 14, 11, 9, 8, 3, -4, -9, -2, -16, 7, 7, 28, 0, 0, 30, -3, 0, 45};
weight_ih[178] = {-12, -30, -10, 4, 0, 27, 0, -11, 0, 0, 38, -9, 42, -68, -11, 3, 28, 0, 0, 8, 5, 0, 23, 0, -8, -42, 20, 0, 1, 0, 0, 0, 2, 2, -5, 0, 0, 0, 4, 0, -25, 0, 29, -2, -19, 54, -3, 0, 0, 16, -11, 5, -12, 0, 14, 17, 7, 10, -7, -1, 28, -8, 54, -26, 45, -12, 0, 0, -7, 24, 0, 28};
weight_ih[179] = {-13, -17, -17, -13, 0, -4, 0, 2, 0, 0, -38, -32, 9, -6, 4, -44, 30, 0, 0, 35, -40, 0, 7, 0, 58, -24, 8, 0, -2, 0, 0, 0, 18, -7, -11, 0, 0, 0, -2, 0, 19, 0, -4, 31, -16, -35, 21, 0, 0, -1, 4, -2, 18, 0, -13, -23, -19, 0, 40, -10, 9, -19, 48, 12, 10, -8, 0, 0, -5, 2, 0, 16};
weight_ih[180] = {-22, -10, -35, -53, 0, 8, 0, 5, 0, 0, -5, 21, -6, -6, -2, 2, 2, 0, 0, 7, 5, 0, 3, 0, 2, -21, -25, 0, -3, 0, 0, 0, -36, 3, 0, 0, 0, 0, -27, 0, 6, 0, 0, 9, -4, 66, 3, 0, 0, 9, -20, -8, 10, 0, -19, 6, -39, -26, 11, -10, -10, 3, 16, 17, -39, 15, -1, 0, 4, -31, 0, 5};
weight_ih[181] = {-1, -38, -1, 3, 0, -27, 0, -7, 0, 0, -16, -34, -9, -43, -25, -54, -23, 0, 0, -4, -6, 0, -61, 0, -21, 21, -22, 0, 0, 0, 0, 0, -37, 2, -15, 0, 0, 0, 5, 0, 7, 0, 13, -25, -7, -24, 2, 0, 0, -5, -5, -4, -44, 0, 27, -8, -12, 8, -45, -8, 54, -12, -45, 42, -8, -3, 0, 0, 0, -18, 0, -42};
weight_ih[182] = {-50, 18, 43, -7, 0, -8, 0, -13, 0, 0, 2, 4, -5, -11, 6, -3, 30, 0, 0, -38, -11, 0, 39, 0, 37, -9, 15, 0, -23, 0, 0, 0, 21, 1, 0, 0, 0, 0, 0, 0, 2, 0, 3, -6, -65, 8, -6, 0, 0, -35, 2, -8, -47, 0, -11, -8, -29, -10, 0, -20, -50, -13, 8, -11, -12, -4, 0, 0, 3, -1, 0, 25};
weight_ih[183] = {33, 24, 54, 11, 0, 32, 0, 23, 0, 0, -31, -9, -47, -26, -9, -41, -39, 0, 0, 10, -23, 0, -22, 0, 36, 25, -22, 0, -48, 0, 0, 0, 30, -8, 1, 0, 0, 0, 9, 0, 22, 0, -23, -3, -2, -25, 31, 0, 0, 14, -24, 33, -15, 0, 49, -20, -9, 9, -1, 2, -19, 4, -9, 20, -10, 5, 0, 0, 32, -1, 0, -30};
weight_ih[184] = {15, -16, -31, 2, 0, -28, 0, 31, 0, 0, 42, 31, 40, 23, -18, -5, 8, 0, 0, 33, 13, 0, -7, 0, -27, -21, -15, 0, 15, 0, 0, 0, -34, -8, 22, 0, 0, 0, -3, 0, 13, 0, 22, -35, -63, 42, -4, 0, 0, -50, -54, -1, -41, 0, 1, -26, -6, -2, -5, -22, 21, 5, -33, -4, 25, 8, 0, 0, 2, -3, 0, 15};
weight_ih[185] = {19, -26, -41, 9, 0, 12, 0, -4, 0, 0, -5, 4, 3, 20, -17, 33, -15, 0, 0, 41, 38, 0, -24, 0, -4, -23, -11, 0, 47, 0, 0, 0, 8, 28, 15, 0, 0, 0, 0, 0, 29, 0, -72, -55, -58, 21, -54, 0, 0, 0, -33, -13, -21, 0, -42, -2, -8, -3, -39, -64, 11, 8, -16, 2, -13, 25, 0, 0, -3, -4, 0, 8};
weight_ih[186] = {18, -18, -12, -24, 0, -18, 0, -19, 0, 0, 13, 21, 25, 16, 6, 29, 18, 0, 0, 25, 12, 0, 9, 0, 0, -6, 1, 0, 5, 0, 0, 0, -11, 9, -4, 0, 0, 0, 0, 0, 15, 0, 12, -33, -5, 46, 2, 0, 0, 1, -34, 6, -81, 0, -19, 6, 23, 4, -12, -55, -10, 6, -17, 17, -40, 4, 0, 0, 4, -40, 0, 17};
weight_ih[187] = {-7, -10, 27, 16, 0, 18, 0, 9, 0, 0, 0, -13, -2, -1, -29, 14, -18, 0, 0, 27, -32, 0, -15, 0, 45, 21, -35, 0, -5, 0, 0, 0, 11, -5, -1, 0, 0, 0, 6, 0, 31, 0, 17, 24, -7, -69, 16, 0, 0, -2, -55, -6, -6, 0, -41, -19, -18, 7, 9, 16, 14, -12, 51, -7, -9, 33, 0, 0, 10, 3, 0, -9};
weight_ih[188] = {10, -19, -34, 19, 0, -1, 0, 18, 0, 0, 76, 44, -22, -8, -36, -40, -4, 0, 0, 4, -43, 0, -21, 0, 23, -8, 32, 0, -9, 0, 0, 0, -24, 24, -17, 0, 0, 0, -1, 0, -20, 0, -8, 18, 61, -27, -15, 0, 0, 8, 46, -12, 39, 0, -12, 23, 11, -4, 30, 80, 8, -1, 8, 15, 14, 17, 0, 0, -23, 1, 0, 3};
weight_ih[189] = {24, 48, 13, -10, 0, 10, 0, -7, 0, 0, 13, -32, 51, 31, -62, -23, -17, 0, 0, -12, -17, 0, -16, 0, 51, 37, 20, 0, 31, 0, 0, 0, 66, 34, -35, 0, 0, 0, 1, 0, 7, 0, 38, 20, -8, -28, 9, 0, 0, -22, 9, 15, 37, 0, -17, 46, -21, 6, -8, 34, -6, 17, 26, -11, 22, -44, 0, 0, -1, 24, 0, -21};
weight_ih[190] = {6, 2, 8, -26, 0, 16, 0, -21, 0, 0, -51, -19, 35, -13, 52, 23, 13, 0, 0, 61, 56, 0, 2, 0, -37, 22, -51, 0, -32, 0, 0, 0, 70, -12, -10, 0, 0, 0, -3, 0, -11, 0, -50, 30, -36, 12, 55, 0, 0, 24, -32, 17, -77, 0, 63, -72, -41, -1, 4, -59, -60, -26, 43, -38, -37, -51, 0, 0, -27, -8, 0, 63};
weight_ih[191] = {-8, -3, -23, -13, 0, -12, 0, -24, 0, 0, 4, -57, 34, -39, -34, -46, -12, 0, 0, -18, -7, 0, 12, 0, 4, -18, 18, 0, -20, 0, 0, 0, 12, 50, 19, 0, 0, 0, -2, 0, -4, 0, 19, 17, -22, 3, 3, 0, 0, -7, 29, -2, -12, 0, -1, 69, -20, 1, -45, 18, 36, -5, -36, -32, 24, -10, 0, 0, -1, -4, 0, -3};
weight_ih[192] = {33, 17, 17, 24, 0, 30, 0, 9, 0, 0, -21, -72, 72, 6, -62, -35, 19, 0, 0, 8, -58, 0, 1, 0, -43, -20, -60, 0, -31, 0, 0, 0, -31, -32, -4, 0, 0, 0, 2, 0, 25, 0, -37, -45, 4, -12, -22, 0, 0, 28, -7, 12, 29, 0, 5, 67, -36, -1, 25, 74, 7, 39, -38, -14, -11, -25, 0, 0, 26, 39, 0, 10};
weight_ih[193] = {-46, -2, 21, 28, 0, 19, 0, -17, 0, 0, 10, -51, 10, -19, -4, -14, 0, 0, 0, -32, -26, 0, 1, 0, 8, -21, 2, 0, 32, 0, 0, 0, 38, -16, 30, 0, 0, 0, 5, 0, -19, 0, -9, 9, -22, -1, -8, 0, 0, 37, 50, -20, 40, 0, 8, 30, 10, 2, 47, 74, 22, -14, 37, -21, -4, 45, 0, 0, -5, 29, 0, -38};
weight_ih[194] = {-27, 9, 20, -18, 0, 12, 0, -1, 0, 0, -60, -29, 14, -120, 1, -5, 34, 0, 0, -45, -19, 0, 15, 0, 11, -24, 9, 0, -10, 0, 0, 0, -12, -7, 7, 0, 0, 0, 10, 0, -7, 0, 3, -12, 5, -87, 3, 0, 0, -10, 12, -71, -13, 0, -20, -16, -12, 7, 13, 2, -2, -19, -7, 25, -19, 43, 1, 0, -5, -8, 0, 25};
weight_ih[195] = {-36, 33, 41, 21, 0, -8, 0, -12, 0, 0, 27, -3, 26, 80, 27, -3, -8, 0, 0, 20, -27, 0, -5, 0, 44, 37, -11, 0, 9, 0, 0, 0, 30, -9, -23, 0, 0, 0, 13, 0, -57, 0, 6, 29, -8, -24, 1, 0, 0, 4, -30, 6, -23, 0, -9, -2, 16, 14, 13, 11, 18, 9, 24, 25, 38, -14, 0, 0, 7, 87, 0, 2};
weight_ih[196] = {-60, -34, 30, 23, 0, 12, 0, 10, 0, 0, 34, 9, 3, 69, -9, 31, 7, 0, 0, 3, 3, 0, 17, 0, -25, -4, 4, 0, -2, 0, 0, 0, -19, -4, -1, 0, 0, 0, -1, 0, 3, 0, 12, -21, 12, 62, 28, 0, 0, 1, 18, 16, 0, 0, 14, -7, -7, 5, -22, 5, -14, 8, 31, 19, -34, 22, 0, 0, -14, -11, 0, -12};
weight_ih[197] = {11, 21, 43, 14, 0, 8, 0, -28, 0, 0, 2, -12, -34, -37, 10, -10, 26, 0, 0, -3, 2, 0, -13, 0, 65, 44, 3, 0, 10, 0, 0, 0, 24, 35, 4, 0, 0, 0, 1, 0, 19, 0, -9, 32, -4, -79, 34, 0, 0, 18, -7, -15, -5, 0, 27, -4, 17, 0, -19, 11, -6, -30, -16, 24, -9, -12, 0, 0, -33, -50, 0, 10};
weight_ih[198] = {-4, -10, -25, 53, 0, 15, 0, -8, 0, 0, 38, 26, -7, -10, 16, 26, -32, 0, 0, 31, 25, 0, 5, 0, 2, -8, -16, 0, -7, 0, 0, 0, 5, 6, -49, 0, 0, 0, 13, 0, -49, 0, 38, -22, 2, 33, -30, 0, 0, 15, -4, 9, -28, 0, 31, 4, 4, 11, 3, -41, -28, 22, -24, 39, -9, 40, 0, 0, 32, -21, 0, 14};
weight_ih[199] = {8, -10, 46, 19, 0, 34, 0, -13, 0, 0, -5, -39, 40, 21, -20, 22, 29, 0, 0, 16, 27, 0, -33, 0, -22, 0, -56, 0, -27, 0, 0, 0, -5, -9, 21, 0, 0, 0, -7, 0, 8, 0, -34, -32, -27, 39, -23, 0, 0, -6, -7, 12, -54, 0, 22, 24, -20, -8, -12, -16, -3, 12, -29, -31, -3, -33, 0, 0, 44, -18, 0, 36};
weight_ih[200] = {2, -17, -24, 1, 0, 12, 0, -19, 0, 0, 39, 35, -28, -11, 3, -5, -21, 0, 0, 29, -24, 0, -9, 0, -27, -1, 53, 0, 16, 0, 0, 0, -50, 16, -8, 0, 0, 0, -4, 0, 4, 0, -25, -18, -2, -18, 9, 0, 0, -2, -5, 27, -6, 0, -11, 23, 33, -6, 5, 13, -61, 38, -30, -23, -20, -2, 0, 0, 49, -21, 0, 4};
weight_ih[201] = {-17, -37, 28, 29, 0, -27, 0, -10, 0, 0, 14, -14, -23, -17, -36, -28, 12, 0, 0, -8, 13, 0, -10, 0, 0, -3, 19, 0, 15, 0, 0, 0, -23, -14, -22, 0, 0, 0, 6, 0, -10, 0, -18, -4, 39, -11, 9, 0, 0, 18, -32, -6, 1, 0, -26, 24, 47, 2, -16, 44, 19, 11, 17, 21, -3, 29, 0, 0, -43, 24, 0, -51};
weight_ih[202] = {10, -52, 10, -26, 0, -11, 0, 10, 0, 0, -31, 18, 16, -4, 50, 39, 27, 0, 0, 29, 39, 0, -19, 0, -13, -19, 36, 0, -5, 0, 0, 0, 10, -24, -6, 0, 0, 0, -8, 0, 25, 0, -31, -16, -2, 76, -4, 0, 0, 1, -32, 33, -26, 0, 13, -52, -13, -11, -13, -34, -17, -7, 37, -4, -15, 45, 0, 0, 20, -8, 0, 28};
weight_ih[203] = {-31, -22, 9, 19, 0, -6, 0, 2, 0, 0, -30, -38, 52, -13, 25, -33, 23, 0, 0, -57, 38, 0, -54, 0, 12, -13, 3, 0, 11, 0, 0, 0, -3, -15, -31, 0, 0, 0, -1, 0, 21, 0, -51, -23, -33, 53, 18, 0, 0, -22, 22, 9, 3, 0, 49, 43, 22, 3, -30, 44, 75, 28, 18, -13, 26, -8, 0, 0, 7, 4, 0, -5};
weight_ih[204] = {20, -23, 16, -10, 0, 13, 0, 32, 0, 0, 19, 54, 11, 3, 15, -2, 71, 0, 0, 25, 5, 0, 36, 0, -46, -26, 36, 0, 13, 0, 0, 0, -15, -36, 1, 0, 0, 0, 6, 0, 61, 0, 25, -39, 34, 85, -35, 0, 0, -7, 20, 17, -27, 0, 17, -21, 37, 6, 19, 30, 45, 27, -1, -35, -1, -13, 0, 0, 2, 5, 0, 26};
weight_ih[205] = {-16, 23, 40, 11, 0, -12, 0, 20, 0, 0, -13, -18, -12, -6, 5, -6, 13, 0, 0, 23, -7, 0, -7, 0, 73, 39, -33, 0, 16, 0, 0, 0, 13, 32, -3, 0, 0, 0, 15, 0, -9, 0, -21, 44, -11, -73, 31, 0, 0, 5, -24, -24, 21, 0, -26, 2, -6, 17, 1, 3, -1, 0, 1, 24, -1, 7, 2, 0, -11, -20, 0, 6};
weight_ih[206] = {18, -31, -17, -15, 0, 13, 0, -9, 0, 0, 8, 29, -25, 13, 13, 22, 11, 0, 0, 12, 43, 0, -6, 0, -27, -35, -6, 0, 31, 0, 0, 0, -16, 4, 3, 0, 0, 0, 2, 0, -8, 0, 24, 13, 17, 82, 1, 0, 0, 0, 2, 17, 2, 0, 19, -22, -11, 4, 25, -14, -7, 38, -24, -44, -3, -26, 0, 0, 18, 22, 0, 9};
weight_ih[207] = {-23, -8, -15, 1, 0, 10, 0, 28, 0, 0, 20, 39, -20, 26, 12, -43, -13, 0, 0, 19, 3, 0, -9, 0, 17, -22, -5, 0, -1, 0, 0, 0, -7, 6, 22, 0, 0, 0, 8, 0, -3, 0, 34, -37, -26, 15, -61, 0, 0, -1, 39, 3, -20, 0, -13, -19, 11, 6, 39, -11, 36, -31, -21, 1, -39, -7, 0, 0, 4, -91, 0, 15};
weight_ih[208] = {36, 9, 6, -12, 0, 6, 0, -17, 0, 0, -15, -3, 24, 16, -5, 17, 13, 0, 0, 20, -23, 0, 20, 0, -51, -16, -2, 0, 21, 0, 0, 0, -24, 22, -21, 0, 0, 0, -10, 0, 11, 0, 27, -24, 11, 41, -8, 0, 0, -4, 9, -6, -11, 0, 41, -15, 19, -12, 11, -2, 2, -4, -2, -7, 39, -23, 0, 0, 36, 29, 0, -14};
weight_ih[209] = {12, -5, 7, 3, 0, -82, 0, 1, 0, 0, -12, 50, -8, 16, 44, 12, 6, 0, 0, -18, 2, 0, -32, 0, -3, 17, -12, 0, 32, 0, 0, 0, 2, -11, 21, 0, 0, 0, 10, 0, 34, 0, 23, 15, 11, 8, 34, 0, 0, -68, 22, 29, 29, 0, 11, 10, 19, 7, 60, 39, -42, -25, -16, -34, -5, -46, 0, 0, -22, 11, 0, -23};
weight_ih[210] = {-4, 18, 27, -18, 0, -3, 0, 7, 0, 0, 2, -6, -2, 14, -4, -17, 38, 0, 0, -10, 18, 0, 3, 0, -6, 25, -39, 0, -2, 0, 0, 0, -20, -23, 17, 0, 0, 0, 4, 0, 3, 0, 2, -23, 10, 26, 22, 0, 0, -14, -6, 8, -42, 0, -16, 0, -8, 7, 1, 19, 4, 10, -25, 23, -24, -6, 0, 0, -4, 5, 0, 27};
weight_ih[211] = {-11, -28, -23, -9, 0, -10, 0, -9, 0, 0, -17, -28, -6, -6, -37, -33, 5, 0, 0, -27, -45, 0, 24, 0, 17, -33, 6, 0, 9, 0, 0, 0, -15, 3, -51, 0, 0, 0, -3, 0, 17, 0, 11, -30, -1, -33, -18, 0, 0, 22, 12, -6, 5, 0, -1, -7, 8, -2, -31, 13, 9, 5, -23, 1, -2, -1, 0, 0, -35, -48, 0, -18};
weight_ih[212] = {20, 9, 14, 23, 0, -3, 0, -30, 0, 0, 35, -9, -8, 4, -56, 30, -38, 0, 0, -24, 19, 0, 1, 0, 26, 1, 31, 0, -15, 0, 0, 0, 12, 5, 1, 0, 0, 0, 0, 0, 9, 0, 18, 16, -13, -8, 5, 0, 0, 0, -8, 2, 3, 0, 13, -4, 37, 4, 36, 4, 11, 30, 46, 17, 9, 7, 0, 0, -8, 28, 0, -14};
weight_ih[213] = {42, -15, -53, -31, 0, 1, 0, -27, 0, 0, -9, 24, -31, 25, 43, 4, -13, 0, 0, 5, 36, 0, -25, 0, -37, -38, -24, 0, -6, 0, 0, 0, -16, -30, -32, 0, 0, 0, 4, 0, 19, 0, -41, -41, 16, 27, -54, 0, 0, 2, 3, 11, 8, 0, 21, 17, 40, 2, 22, 2, 1, 8, 24, -14, 6, -1, 0, 0, -16, 23, 0, -17};
weight_ih[214] = {-26, -21, -34, 7, 0, -7, 0, -34, 0, 0, -17, -4, -14, -1, -15, 0, 79, 0, 0, -24, 1, 0, 28, 0, 12, -12, -29, 0, 8, 0, 0, 0, -44, -12, 24, 0, 0, 0, -9, 0, 63, 0, -12, -21, -23, -85, -6, 0, 0, 2, -22, -15, -3, 0, 29, -7, -8, -9, -25, -4, -22, -8, -1, 10, -23, -5, 0, 0, -17, -39, 0, 27};
weight_ih[215] = {-29, 8, 44, -5, 0, -10, 0, 28, 0, 0, 13, -8, -18, 12, -20, 24, 8, 0, 0, 8, 3, 0, 32, 0, 41, -5, 13, 0, -1, 0, 0, 0, -15, -14, -1, 0, 0, 0, 0, 0, -14, 0, -6, 3, -12, -23, 41, 0, 0, -21, 1, -10, -33, 0, 7, -16, -4, -3, -2, 8, 48, -34, 59, 48, 10, -42, 0, 0, 14, 6, 0, 11};

Bias_ih (8 bit):
 {688, -444, -430, 291, 210, -3, 40, 180, -151, -213, 34, 388, 228, -175, 345, -425, 167, -209, -81, 37, 25, -298, -21, -344, -178, 61, 417, 427, 782, -39, -591, -411, -43, 41, 341, 451, 740, 77, -42, 208, 232, -4, -455, -448, -269, 12, 161, 414, 453, 626, 181, -250, 68, 449, 454, -480, -417, -297, 323, 186, 452, -113, 346, 259, -124, -87, -456, -81, 162, 312, 338, 201, 179, 31, 502, 407, 24, 356, 49, -122, 3, -155, 36, -121, 89, 127, 349, 175, 278, 212, -187, -308, -83, -13, 245, 197, 196, 196, 252, 125, 464, 382, 302, 346, -40, 403, 262, -195, 522, -81, 176, 98, 138, -64, -33, -32, -297, 207, 149, -40, -63, -69, -276, -187, 334, -20, -28, 338, 0, 696, -21, 287, -26, 247, 76, 286, 67, 4, -62, 210, 84, 117, -254, -105, 43, -19, -55, 100, 54, 106, 6, 164, 181, 146, -65, 4, -138, 108, 138, 37, 252, 148, 205, 149, 51, 146, 46, 39, 113, 128, 95, 1, -23, 56, 107, -45, -55, -18, 151, 250, 74, 124, 179, 149, 183, 95, 147, 145, 192, -104, 10, -121, 145, 39, 88, 282, -86, 144, 148, 62, 146, 78, 169, 126, 148, 188, 131, -130, 134, 183, 147, -73, 154, 146, 146, -190};
Weight_hh (8 bit):
weight_hh[0] = {6, 6, 6, -14, -8, 9, -8, 7, 30, 7, -12, 6, 21, 14, -17, 3, -12, -17, 0, -16, 10, 12, 4, 31, 21, -33, 17, 30, -5, -22, 60, -16, -7, -8, -37, -11, 4, -11, 24, -20, -5, 1, 10, 10, 12, -43, -26, 22, -9, -3, -53, -12, -40, -10, -9, 14, 10, -20, -5, 6, -10, -52, -23, 19, 15, 28, 9, -30, -45, -1, -1, -5};
weight_hh[1] = {11, 4, -1, 7, -3, -8, 8, 4, 1, 1, -3, 5, -3, -7, 0, -6, -6, -3, -3, 7, 0, -1, 9, 5, -3, -14, 0, 3, 4, -4, -4, -4, -1, 12, 12, 7, 2, -2, 12, -7, -4, -16, -8, -8, -4, 13, 6, -9, 8, 5, -12, 9, 7, 8, 8, -6, -8, -10, 0, -3, 8, -4, 14, -1, -4, 5, -8, -12, -2, -1, 7, 8};
weight_hh[2] = {6, -14, 17, 17, -7, -24, 19, 5, -18, -11, -2, 2, -7, 2, -1, -8, 6, 10, 0, -4, 2, 8, 11, -3, -16, 4, -6, 29, -19, 9, 16, -12, -32, -1, -54, 1, -15, -5, -32, 14, 7, 10, -7, -7, -6, -24, -24, -5, 7, 5, 36, 30, -27, 8, 8, 20, -5, 36, 12, -15, 7, -15, 18, -1, 37, 6, -8, -40, -13, 1, -13, -39};
weight_hh[3] = {2, -11, -1, -8, 1, 1, 27, 5, -7, 7, -11, 24, -1, -18, -20, 22, 3, -14, -10, 2, 20, -5, -4, -21, -12, -9, 10, 8, -9, -18, 2, -2, -21, -18, 22, 7, 2, -10, 3, -16, 28, -18, -5, -7, -5, -33, 24, 1, 6, -5, -5, 5, 8, 8, 6, -16, -6, 5, -4, -21, 7, -5, -31, 5, 29, 13, -6, -10, -3, -17, 10, -2};
weight_hh[4] = {-6, -2, -10, 2, -35, 0, 7, 7, 12, -2, 10, -1, -11, 49, -1, 11, -9, -8, 11, -3, -22, -5, 25, 26, 19, 6, -3, 3, -5, 27, 68, 8, -2, -35, 23, -9, 12, 1, -5, -15, 28, 6, 5, 5, 3, 3, 13, 7, -5, 11, -8, 23, -24, -4, -5, -31, 7, 11, 1, -10, -4, 38, 19, 8, 34, 7, 4, -15, 64, -23, -2, 6};
weight_hh[5] = {2, -2, 0, 4, 1, 0, 0, 4, 2, 3, -2, 2, 0, -4, 6, -1, -1, 0, -4, -2, -1, 2, -3, -1, -2, 3, 1, 4, -1, -1, -4, -2, 0, -1, 2, 7, 3, 0, 3, -3, 0, -4, -8, -8, -7, 2, -2, -1, 8, 2, -2, -4, 0, 8, 8, 0, -7, -2, 2, 2, 8, -5, 0, -1, -1, 1, -7, 0, -1, -1, 6, 2};
weight_hh[6] = {-16, -5, -17, -33, -20, -4, -45, -1, 9, 18, -1, 1, 59, -27, -41, -56, 16, -48, -13, -14, -12, 4, -23, -44, -24, 28, 23, 44, 0, -20, 17, 31, 5, -10, -20, 9, 4, -1, -22, -5, 13, -19, -10, -10, -14, 25, 24, 19, 10, 17, -3, -20, 12, 9, 9, 10, -9, 2, 10, -38, 9, 9, 22, -11, -18, -25, -9, 17, -15, 20, 25, 3};
weight_hh[7] = {-5, -8, -14, 21, 6, 4, 21, -3, -7, 3, -7, 6, -23, 4, 20, 11, -13, 0, -8, -5, -21, -5, -16, 22, 16, 24, -11, -10, -2, 43, 7, -18, 19, -14, 1, 6, 0, 13, 18, -15, -3, -3, -7, -7, -7, 21, -1, -49, 7, -12, 18, -29, 28, 7, 7, -9, -7, 3, -5, 29, 7, -14, 14, 19, -7, -2, -7, 16, 22, 22, 5, 5};
weight_hh[8] = {-7, -11, 28, 16, 7, -5, -33, 5, 11, -2, 18, 2, 7, 7, 34, 3, 12, -16, 6, 8, -7, -7, 60, 5, 38, -37, 37, 10, -22, -11, 36, -38, 13, 4, 1, -9, -11, 37, -16, 5, 13, 2, 8, 7, 4, -15, 15, 18, -5, 23, -9, -4, 18, -3, -6, 17, 11, 17, 35, 62, -5, 33, 44, 17, 49, 0, 2, -14, 17, -15, -2, 5};
weight_hh[9] = {24, -13, -7, -27, -19, -4, 4, 39, -3, 8, 2, 8, 34, 18, -2, -19, 14, 2, -5, -14, -12, 5, 13, -1, -11, -15, 31, 60, 5, 18, -7, -17, 7, -3, -9, 6, 15, -7, 1, 8, -11, -6, -7, -7, -6, -53, 17, -18, 7, 2, 18, -31, 32, 7, 7, -14, -6, -21, -12, 18, 7, 7, -34, 4, -23, -1, -7, 17, 1, 7, 8, 11};
weight_hh[10] = {0, -1, 8, 10, 6, 7, 9, -9, -1, -4, -9, 4, -1, -1, 13, -3, 1, 0, -8, -12, 12, 16, -4, 1, -3, 1, 8, 17, -8, -4, 12, -21, 9, -8, 4, 9, -1, -13, 3, -1, -5, -3, -10, -10, -5, -10, -18, 17, 10, 1, 5, 3, -3, 10, 10, -5, -10, -4, -1, 11, 10, 0, -12, 8, 21, -2, -10, 8, -3, -2, 5, 2};
weight_hh[11] = {2, -2, 1, 4, 0, 0, 0, 5, 2, 2, -2, 2, 0, -4, 6, -1, 0, 1, -4, -2, -1, 1, -3, -1, -2, 3, 1, 4, 0, -1, -4, -3, -1, -1, 2, 7, 3, -1, 3, -2, 0, -4, -8, -8, -7, 1, -2, -1, 8, 3, -3, -3, 0, 8, 8, 0, -7, -3, 1, 2, 8, -5, 1, -1, -1, 1, -8, 0, -1, -1, 6, 3};
weight_hh[12] = {3, -6, 2, 3, 1, -3, 5, 1, -6, 1, 0, -2, 8, -7, 4, -5, 1, -3, 4, 4, -4, -6, -4, -6, -13, 6, 2, 9, 5, -5, -6, -9, -4, -3, 6, 6, 7, -1, 12, 3, -10, -14, -7, -7, -5, -6, -2, -4, 7, -9, 2, -1, 1, 7, 7, -2, -7, 1, -13, -2, 7, -8, 5, -5, -3, -2, -7, 6, 5, -4, 9, -9};
weight_hh[13] = {18, 0, -6, 1, -5, -5, 6, 0, -2, -14, 13, -7, 3, -1, 25, -15, 5, 13, 2, -3, 4, 11, -10, -8, -20, 37, 6, 11, 3, -15, 12, -6, 7, -6, 18, 7, 2, -18, -6, 10, -17, 10, -9, -9, -10, -15, 0, 0, 9, 0, 13, 8, -15, 9, 9, 0, -8, -5, 3, 34, 9, -20, 7, -8, 27, -12, -9, 14, 1, 16, -2, -8};
weight_hh[14] = {-1, -2, -8, 2, 5, 4, 1, 1, 0, -6, 8, -12, 2, -4, 6, -1, 0, 3, 6, 8, -15, 0, -6, -1, -1, 13, 7, 0, 0, 3, 0, 0, 8, -4, 2, 1, -1, -7, 7, -1, -2, 4, -3, -3, 1, 11, -4, -3, 3, 1, 16, -1, 1, 3, 3, -3, -4, 6, 6, 5, 3, 0, 3, -3, -2, -5, -3, 7, 9, 6, 0, -9};
weight_hh[15] = {2, -2, 1, 4, 0, 0, 0, 4, 2, 2, -2, 1, 0, -4, 6, -2, -1, 0, -4, -3, -1, 1, -3, -1, -2, 3, 1, 4, 0, -1, -4, -3, 0, 0, 2, 7, 4, -1, 3, -3, 0, -4, -8, -8, -7, 1, -2, -1, 8, 3, -3, -3, 0, 8, 8, 0, -7, -3, 1, 2, 8, -5, 1, 0, -1, 1, -8, 1, -1, 0, 6, 3};
weight_hh[16] = {8, -6, 11, -7, 13, -13, 14, 8, -42, 5, 12, 5, 7, 13, -4, -7, -5, -7, 10, -8, -2, -20, 11, -19, 27, 41, 7, -12, -17, -19, -10, 5, 3, 10, -24, 3, -1, 10, 3, -29, 29, 7, -3, -3, -4, 17, -3, -18, 3, -15, 13, -13, -8, 3, 3, -18, -3, -8, 5, -12, 3, 39, -5, 27, -9, -61, -3, -30, -2, -15, 7, -24};
weight_hh[17] = {2, -2, 0, 4, 1, 0, 0, 4, 2, 3, -2, 2, 0, -4, 6, -1, -1, 0, -4, -2, -1, 2, -3, -1, -2, 3, 1, 4, -1, -1, -4, -2, 0, -1, 2, 7, 3, -1, 3, -3, 0, -4, -8, -8, -7, 1, -2, -1, 8, 3, -3, -4, 0, 8, 8, 0, -8, -2, 2, 1, 8, -4, 0, 0, -1, 1, -8, 0, 0, -1, 6, 3};
weight_hh[18] = {2, -1, 1, 5, 0, 0, 1, 5, 2, 2, -2, 2, 0, -5, 7, -1, -1, 1, -3, -2, -1, 2, -3, 0, -2, 3, 0, 5, -1, -1, -4, -2, -1, -1, 2, 7, 3, -1, 3, -2, 0, -5, -7, -7, -7, 2, -2, -2, 7, 3, -3, -4, 0, 7, 7, 1, -7, -2, 2, 2, 7, -5, 0, -1, -1, 1, -7, 0, -1, -1, 6, 3};
weight_hh[19] = {0, -2, 56, 30, 38, 6, -5, 1, -7, -4, 13, 10, -33, 4, 17, 30, -7, -28, 10, 12, -10, -4, 13, 9, 41, -47, 30, -33, 8, 17, -1, -15, 31, -7, 2, -5, -4, 28, -8, 10, -4, 1, 5, 5, 6, 5, 3, 6, -5, -16, 13, -10, -7, -5, -5, 11, 5, 25, 16, -43, -5, 7, -4, 10, 19, -13, 5, -28, 5, -27, -5, -18};
weight_hh[20] = {-5, -14, -3, 0, 10, -1, -4, -1, -1, 10, -16, 10, -2, -5, -8, -4, -5, -1, -17, -3, -5, 0, -10, -9, 0, 3, -2, 8, -10, -1, 6, -4, -8, -6, 8, 12, -4, 2, 6, -8, 1, -9, -15, -15, -7, 2, -1, 1, 15, 9, 6, 6, -4, 15, 15, -9, -15, 3, 3, 0, 15, 5, 5, 0, -7, 15, -15, -1, -2, 6, 10, 1};
weight_hh[21] = {-23, 7, 14, 8, 14, -11, -30, 15, -72, -27, -9, 1, 8, -23, 21, 7, 26, -12, 9, 6, -5, -16, 23, 10, 16, 4, 55, 1, 7, 49, -53, 16, -9, -10, -24, 1, -18, 43, 0, 19, -24, -4, -4, -3, 17, -15, 26, -6, 4, 4, -40, 14, -11, 4, 3, 32, -3, 28, -8, 2, 4, -3, 5, 24, -25, -14, -4, 48, 6, -13, -19, -2};
weight_hh[22] = {6, 18, 0, -8, -9, 9, 8, 1, 17, 9, -8, 10, 0, -1, -6, -1, 3, 13, -10, 7, 3, 11, -17, -1, -15, -22, -3, -6, -24, 3, 11, 2, 2, 12, -6, 5, -22, -20, -13, 1, -1, 21, -3, -2, -6, -24, 20, 3, 2, 6, 18, 19, -15, 3, 2, 0, -2, -4, -6, -4, 3, -4, 5, -9, 24, 31, -2, -7, -8, -19, -8, -5};
weight_hh[23] = {2, -2, 1, 5, 1, 0, 0, 4, 2, 3, -2, 1, 0, -4, 6, -1, -1, 0, -4, -2, -1, 2, -3, 0, -2, 3, 1, 5, -1, -1, -4, -2, 0, -1, 2, 7, 3, -1, 3, -3, 0, -4, -7, -7, -7, 2, -2, -2, 7, 2, -2, -4, 0, 7, 7, 0, -7, -2, 2, 2, 7, -5, 0, -1, -1, 1, -7, 0, -1, 0, 6, 3};
weight_hh[24] = {-50, -16, -34, -40, -20, -13, -2, 19, -8, 2, 5, 15, 14, 5, -7, 16, 35, -57, 7, 30, -3, 1, 3, 9, -8, -38, 14, 28, -29, -10, -22, -1, 31, -32, 4, -8, -26, -7, -18, -2, 40, 11, 6, 6, 9, -6, 0, -16, -6, -31, -1, 7, -8, -6, -6, 41, 8, -16, -9, -12, -6, 14, -10, -33, -20, -4, 6, -6, 13, -9, 3, -9};
weight_hh[25] = {-11, 2, -6, -1, -5, -11, -12, -4, -5, -8, -9, 25, -15, -39, -6, 9, 3, -4, -13, -3, 1, 33, -1, 15, -46, 3, -16, 16, -2, 22, 5, 9, -5, -7, -33, 1, -5, -19, 25, 1, 7, -5, -1, -1, 2, -9, -20, 2, 1, 13, 2, 16, -1, 1, 1, 14, -2, 21, -21, 2, 1, -14, -9, -3, 9, -19, -1, 3, -9, -10, 3, -10};
weight_hh[26] = {-3, 1, 10, -8, 2, -2, 6, 0, -5, -2, -2, -1, 3, -3, -6, -2, 7, -7, 6, -9, 10, 7, 4, 0, 1, -8, 0, -4, -3, 6, 2, 5, -4, 2, -9, -6, -8, 1, -9, -2, 0, 10, 6, 6, 7, -8, -2, -3, -6, 6, -8, 13, -8, -6, -6, 3, 6, 5, -6, -9, -6, 11, 2, 9, 4, -4, 6, -5, -1, -4, -7, 5};
weight_hh[27] = {6, -2, 5, 8, 4, 0, 9, 0, 14, 1, -3, 4, -11, -10, 9, -4, -9, -8, -18, 2, -1, 1, -3, -8, -18, 15, 8, 8, 2, 6, 7, 4, -2, -11, 7, 9, -3, -9, 5, 4, -16, -13, -10, -10, -12, 1, 10, -1, 10, 3, 1, 8, 0, 10, 10, -7, -10, 0, 2, -1, 10, -6, 9, 3, 0, -1, -10, 9, 16, -21, 4, 1};
weight_hh[28] = {2, -2, 1, 5, 1, 0, 1, 4, 2, 3, -2, 1, 0, -4, 6, -1, -1, 0, -3, -2, -1, 2, -3, 0, -2, 3, 0, 4, -1, -1, -4, -3, 0, 0, 2, 7, 4, -1, 3, -3, 0, -4, -7, -7, -7, 2, -2, -1, 7, 2, -3, -4, 0, 7, 7, 1, -7, -2, 2, 2, 7, -5, 0, -1, -1, 1, -7, 0, -1, -1, 6, 3};
weight_hh[29] = {2, -2, 1, 5, 1, 0, 1, 4, 2, 2, -2, 2, 0, -4, 6, -1, -1, 0, -4, -2, -1, 2, -3, 0, -2, 3, 1, 4, -1, -1, -4, -3, 0, -1, 2, 7, 3, -1, 3, -3, 0, -4, -8, -8, -7, 2, -2, -2, 8, 3, -3, -4, 0, 8, 8, 1, -8, -2, 2, 2, 8, -5, 1, -1, -1, 1, -8, 0, -1, 0, 6, 3};
weight_hh[30] = {20, 12, -5, -24, -5, 14, -7, -34, -1, -29, 2, 11, -28, -3, 15, -24, -1, -9, 7, 10, 2, 20, 23, 11, 25, -6, -4, 4, 2, 18, 28, -7, -13, -5, -20, -2, -58, 9, -19, 9, -32, -10, -5, -4, 5, -20, -14, 2, 5, 34, -31, 6, 12, 4, 5, -28, -4, 107, -21, 12, 2, 9, 26, 23, 0, -3, -5, -3, -31, 27, 6, 4};
weight_hh[31] = {7, -21, -2, -3, -15, -2, 6, 2, -19, -3, -28, 20, 13, -16, -11, 9, -1, 2, -25, -10, -15, 7, -17, -17, -12, 2, 3, 3, 0, 11, 0, -2, -4, 1, -5, 10, -9, 5, -6, -2, 14, -7, -10, -9, -5, -8, 13, -3, 10, 9, 26, -11, -3, 9, 10, -4, -10, 14, -14, 21, 10, -3, -9, 31, -13, 12, -10, -2, 1, -19, 8, 1};
weight_hh[32] = {-31, -2, -9, 5, -1, -2, -9, -8, 28, 2, 4, 11, -4, -5, -5, 6, 7, -12, -4, 17, 12, 5, -7, 0, 0, 10, -14, 1, -16, -3, 1, 0, 16, 1, 24, 9, -9, 9, 14, -23, 14, 5, -8, -8, -11, -1, 8, -4, 8, 2, 14, 0, -10, 8, 8, -2, -8, -3, 8, -22, 8, 5, -14, 8, 10, -15, -8, -25, -7, 7, 4, -16};
weight_hh[33] = {5, -4, 8, 11, -8, 0, 0, 7, 6, 14, -6, 6, 9, 0, 8, -1, -4, -10, -9, 3, 2, 0, -6, -3, -1, 8, 10, 3, -7, -2, 6, 0, -6, -1, 2, 4, -4, -4, -11, 1, 0, -20, -9, -9, -3, 8, -8, -4, 9, 11, -12, 6, -17, 9, 9, 3, -9, 7, -13, 3, 9, -9, 5, -1, -7, 17, -9, -4, 13, -13, 0, -4};
weight_hh[34] = {10, -9, 24, -102, -3, 23, -3, 15, -20, -4, -7, -19, 12, 47, -26, -35, 0, 14, -2, 21, -23, -26, -6, -12, 3, 6, 15, -34, -19, 18, 68, -19, -23, -31, -4, 9, -60, 37, 27, 37, -42, -6, -2, -3, -6, -14, 9, -40, 6, -63, 16, -30, 17, 3, 8, 19, -6, 46, -42, -5, 4, -8, 6, -24, 0, 11, -8, 21, -23, 40, 8, -60};
weight_hh[35] = {11, 9, -1, -4, -4, -2, 4, 9, -7, -7, 4, -3, 11, 3, 6, -1, 5, 5, 13, 2, 14, -17, -5, -7, -3, 20, 1, -3, 17, -2, -9, -4, 17, 5, -12, -4, 2, 5, -3, -20, -3, 4, -1, 0, 20, -4, -4, -3, 1, 6, 7, 13, -12, 1, 1, 9, 2, -1, 1, -4, 1, -11, -3, 18, 0, -13, -1, 16, -3, -19, 2, -7};
weight_hh[36] = {5, -7, -1, 7, 0, 1, -2, 0, -1, 1, -9, 3, 0, 0, 2, -4, -6, -5, -6, -5, 1, 6, 2, -5, 1, 3, 6, 7, 0, -3, -5, -7, 6, -3, 3, 13, 4, 5, -2, -8, 0, -3, -13, -13, -7, -1, -2, 4, 13, 9, -5, -2, 3, 13, 13, -4, -12, -2, 1, 5, 13, -2, 3, 7, -3, -7, -13, 2, 3, 2, 9, 3};
weight_hh[37] = {15, -21, -27, -6, -32, 4, 10, 3, -2, -12, 15, -16, 17, -42, -24, -28, -6, -24, 12, -5, 30, -9, 14, 1, -10, -1, -12, -1, 17, -3, -4, 49, -8, -11, -15, -5, -4, -7, -42, 0, -1, 3, -6, -7, 5, 19, 28, -40, 6, 2, 21, 3, -22, 6, 7, 14, -3, 9, -5, -27, 6, -30, 13, -8, -8, -16, -6, -19, 5, 6, -1, -12};
weight_hh[38] = {10, -17, -13, 2, -10, -3, 10, 9, -12, -3, 10, -13, -10, 22, 13, -7, 18, 4, 1, -5, -11, 19, -4, -3, 0, 12, -3, 4, 10, -12, 6, -5, -12, -13, 4, -1, 1, -14, 11, 17, -29, -3, 1, 1, 0, 10, 1, 8, -1, 11, 1, -8, -31, -1, -1, 0, 1, -7, -25, -4, -1, -1, 16, -21, 8, -9, 1, 2, 3, 22, -1, -22};
weight_hh[39] = {-2, 6, -42, -6, -5, 11, -18, 1, -15, 3, -6, -7, 29, 14, -37, -23, -45, -40, 12, -9, -40, -10, -2, 36, 64, 2, 17, 7, 0, -24, 46, 31, 17, 22, 19, -6, -2, 19, 10, -6, 14, 5, 4, 4, 4, -4, 18, -48, -3, -18, -1, -20, 18, -3, -3, 14, 5, 8, 23, -12, -3, -14, 7, 28, -27, 15, 3, -13, 41, -8, -3, 14};
weight_hh[40] = {-13, -6, -14, -3, 13, 0, -9, -5, 20, 10, -5, 7, -1, 13, -11, -16, 11, -6, -2, 17, -2, 16, 17, 25, 15, -9, 5, -12, -17, 12, 3, 2, 21, -24, 10, 1, -14, 14, -27, -19, 16, 9, 2, 2, 0, -5, 0, -20, -2, -22, 11, -8, -14, -2, -2, 6, 2, 3, 19, -14, -2, 8, 16, 14, -11, 1, 2, -12, 7, -21, -3, -16};
weight_hh[41] = {-35, -8, 16, -1, -7, -9, -46, 6, 12, -4, -23, 1, 10, 18, -5, -11, 36, 28, -15, 3, 17, 25, -14, 15, 0, -5, -4, 3, -7, -16, 6, -5, -2, 22, 19, 8, -8, 29, -33, -12, -27, -2, -6, -6, -5, -35, -1, 22, 6, -8, -34, -9, 16, 6, 6, -9, -6, -3, -44, 6, 6, -5, -20, -7, 19, 21, -6, 3, 22, 3, 5, -12};
weight_hh[42] = {-1, -1, 0, -5, -1, 8, -10, 0, 13, -7, -4, 7, 8, -2, 7, -4, 9, 11, -9, 2, -6, 12, -1, 8, 12, 8, 5, 0, -7, 11, 4, 2, 22, -1, 6, 2, -8, 3, -3, -6, 7, -3, -4, -4, -18, -1, -3, 7, 4, 12, -3, -10, -2, 4, 4, 9, -4, 2, 10, -9, 4, 0, -1, 7, 2, -2, -4, 3, 4, 0, 5, -2};
weight_hh[43] = {0, 1, 2, -3, 1, 2, 1, -7, -5, -8, 26, 1, -5, 4, -3, 2, 3, 9, 16, 10, -4, -9, 2, -1, 8, 7, 4, -4, 7, 8, 5, 6, 27, -5, -8, -9, -5, 10, 0, -2, 1, 11, 4, 5, 7, 5, 2, -1, -3, -2, 31, 0, 1, -4, -4, 2, 7, 12, 23, -4, -4, 9, -2, -11, 10, -21, 3, 0, 1, -4, -4, -14};
weight_hh[44] = {-9, 10, -31, -13, -10, -8, -13, -17, 7, -6, 3, 16, 4, -27, 19, -17, 15, -13, 1, -6, 3, -23, 4, -1, 13, 10, 4, -7, -19, -22, 2, 33, 4, 21, 28, 0, -18, 27, -22, 2, -13, 10, 0, -1, -5, 59, -5, 19, 0, 3, 9, 8, 9, 0, 2, 32, 0, 6, 13, 28, 0, -10, 27, 4, -8, -26, -2, -21, -10, -38, 1, -21};
weight_hh[45] = {-13, -4, -2, -22, 10, 4, -23, 6, 31, 17, 9, 15, -4, -9, -4, -6, 9, -14, -4, 1, 12, 17, -6, -14, 7, 6, 33, 19, -12, 30, 21, 16, -4, -16, 31, 1, -25, 17, -11, -7, 20, -7, -6, -4, -6, -30, 17, 4, 4, 28, -37, 0, -1, 4, 6, 25, 0, 26, 13, -16, 4, -26, -3, 42, -9, 13, -4, 5, 20, -10, 4, -2};
weight_hh[46] = {3, -10, -11, -17, -6, 2, 3, -8, -8, -9, 32, 20, 20, -24, -28, 6, -7, -4, 9, 4, -4, -20, 24, -20, 31, -12, 0, 3, 24, 9, 2, 35, 13, -33, 0, 1, -22, 31, -4, 8, 15, -5, -4, -5, -4, -10, 10, -16, 6, 7, 23, 1, 26, 5, 4, 4, -2, 47, 22, -2, 5, 21, 4, -1, -12, -28, -4, -10, 9, -14, 1, -8};
weight_hh[47] = {5, -16, -8, -22, -19, -3, 24, 24, -19, 9, 0, -15, 9, -25, 32, -13, 9, 14, 18, 8, 2, 5, 11, 33, -20, 22, -11, -15, -18, 40, 15, -17, -12, 1, -30, -11, -17, 15, 15, -3, -12, -13, -6, -6, 20, 18, 2, -14, 6, -23, 6, 1, -37, 6, 6, 5, -3, 40, -23, -9, 6, -27, 31, 5, -5, 19, -6, 5, -1, 14, -5, -7};
weight_hh[48] = {9, 2, 2, -22, -7, 3, 24, -1, -12, -12, 12, 5, 46, 33, 12, 2, -14, 35, 10, -16, 7, -26, -9, -9, 14, 32, -18, -16, -10, 1, -27, -23, 11, -13, -20, -6, 10, 13, 17, -18, -20, 4, -2, 1, 3, 22, 38, -22, 2, -30, 6, -20, 19, -1, -1, -50, 1, -1, 0, 2, 2, 29, 1, -15, 39, -9, 0, 16, 3, -13, -4, -28};
weight_hh[49] = {13, -7, 20, -28, -19, -14, 12, 11, -10, 10, 26, -11, -5, -23, -7, -2, 19, -2, 7, 24, 4, -47, 22, -23, -25, -6, 1, -6, 13, 2, 10, 11, -9, 32, -13, 2, -6, 6, 6, 26, -41, -7, -3, -3, -7, -20, 21, 17, 3, -1, 0, -1, -15, 3, 3, -3, -2, 18, 22, -9, 3, -14, 22, -17, 2, 0, -3, -16, -14, -10, 3, -27};
weight_hh[50] = {-7, -23, -13, 9, 0, -10, -1, 26, 32, 15, 32, -32, -8, -19, 29, -6, 20, 14, -16, 30, -19, -13, 36, -18, -4, 46, 5, -11, -24, -6, -1, -3, 14, -4, 33, 5, -49, 22, 14, 4, 18, -7, -8, -8, 11, 26, 4, 11, 8, 0, 57, -11, -25, 8, 8, 27, -7, 33, 3, 3, 8, 20, 6, -16, -2, 13, -8, 7, 13, 0, -6, -57};
weight_hh[51] = {6, -4, -19, -8, -1, -4, -28, -31, -2, -5, 4, 6, 10, -8, 8, 3, -26, 4, -3, 19, 8, -36, -3, -10, 15, 4, 25, -7, -10, 8, 1, 12, 36, 15, 29, -2, -11, -45, 2, -17, 26, 31, -2, -2, 4, 3, 15, 13, 2, -10, 35, -18, -22, 2, 2, -8, -1, -13, 37, -2, 2, -14, 3, 26, -12, 9, -2, 22, -21, 13, 0, -20};
weight_hh[52] = {64, -4, 35, -38, -61, -22, 41, 28, -13, -6, -11, 10, 21, 20, -17, -17, -40, 43, 3, 24, 6, 3, 9, -13, 21, 8, -9, -4, -5, -7, 24, -21, -35, 2, -37, 8, -61, -7, -52, 1, 2, 10, -16, -10, 9, 10, 9, 34, 4, -13, 28, -9, 5, 11, 13, 22, -7, 60, -21, 26, 13, 61, 30, -22, -9, -8, -16, 20, -2, 29, 5, -22};
weight_hh[53] = {7, -27, 6, -3, -13, -3, 6, 2, 1, 14, -4, -4, 3, 5, 5, -10, -5, -1, -6, 1, 6, 3, 14, -14, 8, 13, 8, 15, -2, 0, -1, 1, -3, -14, 9, 7, -2, 17, -9, -11, -11, -12, -11, -11, -6, -5, 5, 6, 11, 10, -11, -9, -10, 11, 11, -3, -10, -3, 10, -3, 11, 7, 1, 11, -1, 2, -11, -1, 4, -4, 6, -12};
weight_hh[54] = {-16, -20, -27, -17, 22, -5, -9, -5, 6, 26, -11, 18, -12, -4, -38, 0, -15, -10, -9, 11, 4, -41, 3, 9, 40, -18, 26, 14, -5, 1, 29, 19, 3, -23, 18, 3, -14, 14, -4, -16, 22, -3, -8, -7, -6, 13, 24, 2, 7, -3, -19, 9, -26, 8, 8, 7, -6, 2, 32, -11, 7, 17, 0, -11, -31, 21, -7, 6, 10, 22, 6, 10};
weight_hh[55] = {-35, 4, -8, 2, -9, -6, -16, 1, -1, 4, -2, 9, -9, -14, -17, 18, -5, 33, 0, -9, 23, -23, 0, -11, 32, 18, -19, -31, 13, 18, -8, 7, 17, 16, -3, 10, -9, -12, 9, -24, 33, -13, -13, -13, -2, -10, 9, -11, 13, 39, -1, 12, 15, 11, 15, -20, -13, 16, 12, 14, 13, 14, -5, 20, 10, -38, -12, -11, -5, 13, 11, 19};
weight_hh[56] = {-1, -15, -53, -54, -34, -13, -7, 14, -3, 28, 1, 15, 14, -30, 11, 14, -22, -13, -1, 10, -56, 39, -4, -3, -6, -27, 9, -29, -14, 19, -55, 36, 13, -7, 23, 0, 3, -3, -3, 1, 9, -6, -2, -1, -4, 9, 18, -23, 2, -20, -9, -14, 43, 2, 2, -50, -1, 7, -5, 30, 2, -22, 24, 7, -25, 10, -2, 22, 3, -25, 3, 30};
weight_hh[57] = {-3, 0, -5, 8, 9, 4, 1, 22, 20, 17, 5, 0, 3, 13, -1, 1, 2, 7, 3, 21, 7, -9, -9, -2, 5, 1, 1, 0, -7, -5, 12, -2, -1, -1, 27, 5, -9, 0, 5, -13, -2, 1, -7, -7, -9, 11, -11, 4, 7, -1, 6, 5, 13, 7, 7, -4, -7, 1, 7, -9, 7, 4, -7, -4, 5, 7, -7, 3, -9, 6, 6, 1};
weight_hh[58] = {-4, -5, 12, 5, -7, 6, 7, 2, 12, 19, -2, -2, -2, 10, 3, 12, 4, 12, -4, 20, -3, 9, 6, 12, 8, 6, 3, -11, -13, 13, 16, 3, -11, -1, -15, 1, -14, 7, 9, -11, -5, -16, -6, -6, 2, 9, -32, -6, 6, -2, -1, 15, -4, 6, 6, 8, -6, 14, -13, 6, 6, -4, -10, 5, 8, 23, -6, 8, -9, 12, -1, -16};
weight_hh[59] = {18, -7, 3, -9, -5, -3, 14, -4, -9, -2, -4, -8, -22, 29, 22, 3, 14, 15, 7, -11, -17, 28, 12, -32, -4, 3, 2, -8, -16, 3, 37, -5, -9, -9, -38, -8, -6, -21, -11, -5, -25, -24, 6, 6, 6, -29, 0, 15, -7, 17, -10, 46, 49, -6, -7, -7, 8, 7, -18, 50, -7, 12, 18, -10, 15, 0, 7, 38, -4, 3, -6, -8};
weight_hh[60] = {-18, 4, 0, -46, 1, -18, 25, 4, -21, -31, -2, 26, -1, -7, -1, 8, -13, -13, 4, -5, 13, -17, -10, 12, 1, -9, 16, -16, -17, 1, 37, 10, -4, 3, -63, -7, -53, -2, -18, 4, -8, 37, 2, 0, -11, 29, -6, 4, -8, 14, -13, 18, -18, -6, -7, 8, 7, 83, -9, -27, -5, -2, 11, 10, 9, 12, 7, -31, 8, -15, -20, -22};
weight_hh[61] = {33, -17, 2, -14, -29, -19, 17, 16, 12, 18, 0, -25, -9, -5, 30, -8, 20, -3, 1, 1, 2, 5, -25, -7, -6, -17, 6, 16, 12, 2, 10, 2, -22, -23, 34, 0, 3, -24, -35, -2, -31, 12, 0, 3, -8, -19, -8, -17, -1, -5, -42, 8, -6, -3, -3, 9, -1, 2, -23, -12, 0, -31, -7, -5, -29, 20, 3, 48, -15, 24, -4, 14};
weight_hh[62] = {8, 1, -2, -10, 7, -12, 7, 11, 9, -4, -16, 0, -16, 11, -3, 0, 1, 6, 1, -20, -12, 12, 1, 6, 28, -14, 10, 15, -9, 5, -8, 3, -16, 2, 1, 4, -7, 9, -6, -15, 10, 0, -8, -7, -6, -13, -21, -5, 8, -14, -36, 7, 9, 8, 8, 23, -7, 1, -6, -9, 7, 19, -13, 3, -16, 1, -8, 25, 10, -8, 1, 26};
weight_hh[63] = {30, 5, 9, 19, -11, -11, 0, 2, 2, 11, 1, -13, 3, 15, 6, -23, -12, 3, -1, -14, 18, 10, 6, 11, 2, 2, -8, 16, 1, -23, 0, -9, -23, -1, 2, 6, 1, -23, 21, 2, -26, -13, -9, -9, 0, 4, -5, -6, 9, 0, 4, -5, -21, 9, 9, -8, -9, -1, -4, 8, 9, -8, 29, 7, 13, 15, -9, -18, 2, 1, 6, 3};
weight_hh[64] = {-11, -2, -20, -15, -13, -4, 21, -28, -7, 0, 1, -5, -11, 7, -19, 13, -5, 8, -1, 10, -14, -6, -8, -25, 10, 12, 0, -6, 1, -2, 24, -3, 14, 1, 6, 8, -2, 6, -19, -18, 8, -2, -9, -9, -2, -18, -33, 16, 9, 7, -9, -3, 25, 9, 9, -7, -8, 2, -4, 15, 9, -12, -31, 10, 11, -7, -9, -2, -25, 16, 10, -10};
weight_hh[65] = {-22, 0, -5, -53, -14, 3, -6, 12, 25, -1, -12, -6, -38, 13, -49, -10, -67, 9, 0, -7, 23, 18, 0, 41, 3, -23, 29, 71, -34, 20, 44, -5, 3, -28, 11, -4, -37, -7, -5, -1, 44, 3, 0, 0, 5, -108, 71, 32, -2, 18, -6, -14, -30, -1, -1, -46, 1, 12, -6, -12, 0, -9, -49, -19, 39, -1, 2, 13, 22, 29, 0, -25};
weight_hh[66] = {-6, -4, -1, -5, 12, 1, -6, 6, 4, 3, -4, -3, -3, 3, -2, -3, -3, 8, 3, 0, -4, 0, -6, 0, 21, 2, 1, 4, -11, 1, 8, -1, 3, -5, 10, 0, -7, 2, -1, -8, 5, 2, -6, -6, 0, -1, -8, 0, 6, 4, 1, -2, 11, 6, 6, -8, -6, 4, 9, -1, 6, 16, 1, -4, -5, 1, -6, 1, 7, 12, 2, 4};
weight_hh[67] = {-6, 9, 10, 14, 8, -9, 3, 2, 4, 28, -1, 14, -12, -6, -1, 14, -16, -18, -23, 1, 21, -26, -4, -2, -13, -9, -3, 17, 13, -9, -1, -16, -12, -13, 13, 9, 11, -24, 27, 5, -4, -9, -3, -3, -50, 6, -2, 4, 3, -4, -10, 21, 6, 3, 3, -11, -2, -14, -25, 12, 3, -10, 0, -20, -9, -2, -3, -2, 1, 4, 7, 4};
weight_hh[68] = {5, -10, 5, 0, -14, -3, 0, 10, -9, 4, 1, 5, 5, -6, 2, -3, -2, 4, -1, -3, 0, -8, -1, -9, -18, 0, 1, 3, 1, 4, -3, -6, -2, -5, -7, 5, 2, 9, -3, 4, -12, -6, -5, -5, -5, -2, 2, -1, 5, -5, 0, 0, 0, 5, 5, -7, -5, 5, -7, 0, 5, -8, 5, -6, 2, 1, -5, 3, 7, -15, 5, -4};
weight_hh[69] = {-16, 12, -9, -2, -3, 1, 22, -25, 36, 3, -19, -1, -17, 17, -32, 22, 9, 14, -9, 20, -13, 13, -6, 19, 7, -20, -32, -10, -16, -6, -10, 8, -9, 16, 4, -1, 7, -9, 10, -19, 4, 5, 2, 2, 0, -8, -31, 1, -2, -6, 0, 1, -14, -2, -2, 12, 1, -12, -34, -10, -2, -37, -38, -15, 11, 11, 2, -55, -2, 3, -6, -4};
weight_hh[70] = {55, 9, -7, -4, -15, -7, 21, 3, 9, 1, 26, -23, 0, 7, 32, -2, 10, 44, 1, 1, -26, 0, 14, 18, 2, 1, -9, -8, 18, 38, -17, 6, 43, -39, -21, -1, -1, -24, 21, 12, -41, 26, 1, 0, 2, -14, 13, -15, 0, -1, -7, -27, 16, -1, 0, -30, 1, 15, 2, 8, -1, -23, 21, -16, 9, 10, 1, 45, -9, 36, -17, 4};
weight_hh[71] = {14, -10, 18, -4, -10, 7, 12, -2, -7, -2, -3, 17, -4, -5, -1, 2, -2, -2, -3, -6, -9, -8, 6, -4, -17, -5, 5, 6, 1, 7, -1, 1, 2, -2, -15, 2, -3, 16, -12, 2, 2, -1, -2, -1, -1, 2, 2, 0, 2, -15, -9, 1, -1, 1, 1, 14, -1, 11, -12, -5, 1, 4, -4, 14, -9, 0, -2, 0, 8, -18, 0, -3};
weight_hh[72] = {-20, 21, 61, 50, -12, -9, 5, 11, 21, 15, -37, 14, -15, -2, 30, 14, -22, 7, -14, -42, 26, 12, 3, 46, 0, 31, -27, -30, 3, 7, 23, -35, 0, -11, 9, 9, 16, 2, 48, -63, -6, 4, -1, 0, -24, -17, -16, 21, 4, -30, -22, 36, 8, 0, 0, -23, -3, -34, -76, 24, -1, 8, -7, 4, 29, -11, 3, -16, -1, -2, -7, 32};
weight_hh[73] = {8, 6, 0, -1, -7, -5, 13, 5, -13, -12, 8, -9, -6, 14, 6, 2, 5, 5, 11, -2, 2, -13, -1, 1, 3, -12, -2, -2, 9, -4, 0, 1, -4, -1, -5, -13, 0, 3, 0, 15, -8, 5, 13, 13, 11, 1, 4, 11, -13, -8, -1, -3, 7, -13, -13, 1, 13, -2, -11, 6, -13, 2, 3, -8, -1, -11, 13, 1, -11, 15, -6, 3};
weight_hh[74] = {37, 10, -17, 23, 11, -15, 4, 65, 31, 61, 70, -12, -7, 57, 15, -1, -25, 46, 21, -20, -42, -12, 22, -16, -6, 44, 12, 11, 47, -33, -42, -21, 11, 16, 10, -1, 34, -15, -26, 10, -41, -3, -7, -2, -3, 29, 50, -16, 7, -17, -17, -30, -9, 2, 5, -6, 2, -49, 11, -5, 2, -7, -3, 10, -9, 27, -8, 58, 13, 6, 30, 27};
weight_hh[75] = {14, -3, -43, 10, -12, 26, -22, -27, -2, 8, 14, 8, 25, -11, -22, 19, -43, -6, 11, 9, -19, -31, 14, -5, -16, 0, 52, -11, -3, 40, 31, 56, 51, 32, 7, -2, 4, 50, -45, -18, 63, 12, 1, -7, 0, 5, -30, -38, -2, -27, 26, -56, 8, 9, 0, 4, -1, 40, 11, -22, 2, -26, -47, 30, -67, -34, -4, -15, 3, -36, 12, -18};
weight_hh[76] = {15, -7, -19, -4, -4, 36, -37, -15, 22, 1, 1, -8, -19, -24, 10, -24, -18, 41, -11, 11, -14, -6, -21, -38, 16, 67, 28, 16, 10, 51, -22, 59, 41, -12, 9, 18, 10, 4, 6, 13, -13, -3, -16, -16, -28, -11, 4, -6, 16, 27, -12, -18, 6, 16, 16, 46, -17, 10, 40, 37, 16, 7, -20, -13, -10, -11, -15, -19, -23, -39, 0, 7};
weight_hh[77] = {-3, 0, 3, -2, -1, 1, -2, 2, 5, 0, -4, 2, -3, 2, -1, 0, 3, -1, -3, 6, 1, 4, -2, 1, 1, 1, -3, -4, -1, 1, 1, 2, -1, 2, -2, 0, -2, -1, 1, -4, 2, 0, 1, 1, 3, -2, -1, -1, -1, 1, 5, 3, 1, -1, -1, 1, 1, 2, 1, -1, -1, 1, -2, 1, 5, 2, 1, 0, -3, 1, -1, -3};
weight_hh[78] = {-29, 42, -46, 5, -22, 7, 96, -34, -19, -34, 12, -8, -15, -3, -4, 68, 17, 56, 12, 20, 29, -50, -16, 44, 24, -25, -112, -6, -6, -19, -38, -65, 23, 48, -23, -3, 46, 8, 15, 6, -11, 31, 2, 2, 4, -27, -59, -33, -1, -30, -16, -45, 44, -1, -2, 32, 3, -31, 4, -39, -1, -32, -22, -39, -46, 0, 2, 22, 27, 4, -6, 26};
weight_hh[79] = {11, 9, 45, -39, -4, 16, 39, 5, -1, 1, -18, 18, -35, -3, -48, 31, 24, -10, -11, -40, 3, -46, -10, 17, 2, -13, -13, -32, -36, 39, 26, 33, 8, 10, -6, 11, -21, -14, -11, 12, -10, -17, -4, -4, -19, 19, 1, 16, 5, 23, -16, 47, 1, 8, 6, 43, -5, 44, -8, -12, 6, 68, 30, -32, 10, 11, -5, 0, 21, -36, 5, -21};
weight_hh[80] = {11, -2, 11, -44, -1, -8, -33, -12, 3, 7, 2, 25, -13, -6, -31, 16, 2, 21, -4, -22, 16, -3, -13, -23, -29, -21, 20, 22, -9, 19, -15, -32, -33, -1, -6, 5, -46, -79, -8, 2, 31, -7, -18, -11, -5, 0, 14, 25, 7, 12, -5, 45, -38, 12, 18, 12, -8, 7, -17, -3, 13, 17, 23, 26, -14, -6, -9, 19, -28, -7, 9, 21};
weight_hh[81] = {-24, -7, -27, -17, 24, 8, -31, -12, 14, 19, -12, 2, 68, -11, -37, -7, -48, -36, -12, 15, 18, -33, -25, 19, 1, 3, 27, 32, -2, -8, -12, 19, -6, -30, -9, 5, 2, 18, -11, -33, 0, 10, -4, -9, -17, -13, 121, -45, 5, 13, -6, -17, -77, 10, 13, -45, -10, -15, -17, 21, 13, -10, 85, -1, 2, 12, -13, -34, 21, 6, 6, 39};
weight_hh[82] = {54, 16, -65, 58, 3, -14, 26, 35, -9, 17, 18, -19, -17, 55, 21, 2, -10, 20, 1, 5, -6, -33, 1, -14, 37, 2, 8, 19, 9, -41, -20, 3, 29, 14, 46, 18, 29, 81, -6, 18, -29, -23, -12, -12, -19, -15, -21, 4, 14, -2, -11, -63, -34, 22, 12, 2, -8, 20, 26, -3, 12, 53, -5, -2, -58, -15, -12, -26, 4, -16, 44, -17};
weight_hh[83] = {-2, -1, 3, -2, -2, 1, -2, 2, 5, -1, -3, 2, -4, 5, -2, -1, 3, -1, -2, 9, 4, 5, -3, 1, 1, 2, -3, -6, 1, 1, 0, 1, 0, 5, -4, 0, -2, -2, 0, -5, 2, 0, 1, 1, 7, -3, -1, -2, -1, 1, 8, 6, 2, -1, -1, 2, 1, 2, 1, 0, -1, 1, -2, 1, 7, 1, 1, 1, -3, 2, -1, -6};
weight_hh[84] = {7, -23, -50, 35, -1, 11, 42, 15, 36, 18, -23, 19, -12, -5, 4, 1, -20, 20, -7, -5, 2, 13, -27, 41, 23, -35, 63, 15, -37, 21, 47, 18, -7, 14, 33, 15, 21, -32, -1, -36, 45, -14, -7, -19, -14, -6, -10, -44, 18, -5, 82, 16, 6, 19, 9, -8, -15, -20, -2, -37, 7, 0, -6, 28, 11, 15, -17, 43, 53, 2, 9, 0};
weight_hh[85] = {13, 26, 34, 22, 13, -8, -5, -4, -19, -5, 6, -1, -55, -35, -26, -3, 10, 24, 6, -40, 21, 5, 15, 17, -9, -9, -4, 20, 2, 2, -30, -23, 11, 25, -28, -5, 2, -29, -8, 3, -8, 4, 3, 3, 7, 39, 1, 2, -1, 33, 27, -17, -15, -2, 0, -33, 3, 7, -62, 13, -1, -13, -13, -11, 13, 3, 4, 1, 21, 36, 18, -11};
weight_hh[86] = {2, -11, -37, -10, 36, -41, 5, 9, 19, 26, -29, 5, 19, -3, 6, -5, 2, -22, -24, 18, 32, 49, 7, 1, 39, -5, 13, 13, -15, 0, 12, -19, -14, -1, 10, 34, -14, -9, -8, -14, -4, -26, -43, -37, -28, 8, -8, -1, 36, 27, -23, -6, -1, 39, 34, 10, -36, -6, 19, 5, 43, 7, 0, 1, -3, 8, -46, 22, 13, 27, 30, 17};
weight_hh[87] = {-2, -3, 5, -1, -4, 1, -2, 2, 5, -2, -4, 4, -4, 4, -3, -1, 2, -2, -4, 8, 7, 9, -2, 1, 0, 1, -3, -5, 2, 1, -1, 0, 0, 7, -7, 1, -1, -2, -2, -6, 2, -1, 0, 0, 7, -3, -1, -6, 0, 2, 8, 9, 2, 0, 0, 1, 0, 2, 1, 0, 0, 0, -2, 3, 8, -1, 0, 1, -2, 2, 0, -7};
weight_hh[88] = {22, -4, 59, 39, -12, -18, 23, -29, 15, 21, -17, 13, -26, -35, 30, 14, -12, -28, -18, -41, -19, 4, -6, 5, 28, 2, -47, 15, -23, -21, -1, -26, -10, -19, -16, 16, -28, -57, 9, -46, 30, -11, -13, -20, -23, -8, -2, 44, 17, 1, 18, 10, -43, 19, 14, 21, -13, -14, 26, -22, 13, 15, -6, -3, -2, -25, -18, -17, -80, -8, 26, -18};
weight_hh[89] = {-2, -1, 4, -1, -3, 1, -2, 3, 6, -1, -4, 3, -5, 5, -2, -2, 2, -2, -3, 8, 3, 5, -2, 1, 0, 1, -3, -5, 1, 0, 0, 0, -1, 4, -5, 0, -1, -1, 0, -5, 1, -1, 1, 1, 6, -3, 0, -2, -1, 1, 8, 6, 1, -1, -1, 1, 1, 2, 1, 0, -1, 0, -1, 1, 8, 2, 1, 1, -3, 2, 0, -6};
weight_hh[90] = {-1, -1, 3, -1, -3, 2, -2, 2, 6, -1, -2, 1, -6, 5, -2, -1, 2, -1, -2, 9, 3, 5, -3, 0, 0, 1, -4, -6, 1, 0, 0, 1, 1, 5, -5, 0, -1, -2, 0, -5, 1, -1, 1, 1, 7, -3, 0, -1, -1, 1, 8, 8, 1, -1, -1, 1, 1, 2, 2, 0, -1, 0, -2, 1, 9, 0, 1, 2, -3, 2, -1, -7};
weight_hh[91] = {-20, 7, -14, -44, -18, -14, 7, -6, 2, -7, -11, 10, -7, -16, -32, 30, -2, 2, -4, 7, 55, -20, 12, -2, 15, 10, -6, 2, -2, 54, -6, 11, 3, 0, -14, 12, -9, -16, -12, -16, 35, -1, -13, -14, -4, -27, 18, -19, 15, 42, -13, -5, 33, 20, 19, -9, -14, 13, -13, 0, 17, 3, -36, 12, 5, -7, -18, -6, -27, 1, 7, -8};
weight_hh[92] = {6, -12, 1, -1, 2, -1, -10, 3, 3, -5, 15, 6, 10, 30, -2, 1, 12, -8, 4, 27, -8, -33, 13, 44, 32, -12, -3, 2, -18, 7, 18, 12, -7, 21, -2, -6, -26, 17, -5, 12, -14, -6, 9, 9, -5, 5, -15, -13, -9, 4, -2, -17, -21, -9, -9, 0, 8, 16, 5, 10, -9, -2, 9, -6, 4, 15, 9, -24, -14, -12, -6, -31};
weight_hh[93] = {-22, 12, -9, -27, -35, -8, 1, 44, 27, 21, -2, 6, -6, 55, -1, 3, -7, 12, 4, -17, 15, 8, -14, -9, -14, -1, -13, 32, -4, -23, 46, -18, -16, -12, 29, -13, -19, 1, -17, -8, -14, -8, 12, 12, -12, -25, 8, 22, -12, -2, 14, -18, -4, -12, -12, 3, 12, -13, -47, 19, -12, 7, -6, -17, 14, 18, 12, 1, -17, 20, 7, 3};
weight_hh[94] = {8, 2, 4, 1, 18, 23, -14, -10, -24, 11, 16, 27, 4, -14, -17, 9, -18, -8, 6, -30, 15, 22, 15, 19, -15, -5, -8, -5, 16, 15, -4, -15, 5, -13, -32, 5, 16, 1, -7, 11, 17, 1, -3, -2, -15, 9, -9, 14, 3, 13, -54, -7, 3, 4, 4, 5, -2, 11, 14, -2, 3, 12, -8, 11, -15, -12, -4, -21, 24, -22, 4, 32};
weight_hh[95] = {-2, 0, 4, -1, -2, 1, -2, 3, 5, -1, -4, 2, -4, 3, -1, -1, 2, -1, -3, 7, 2, 4, -2, 1, 1, 1, -3, -5, 0, 1, 1, 1, 0, 3, -3, -1, -2, -1, 1, -4, 1, 0, 1, 1, 5, -2, 0, -1, -1, 1, 6, 4, 1, -1, -1, 1, 1, 2, 1, -1, -1, 1, -2, 1, 5, 2, 1, 1, -3, 1, -1, -4};
weight_hh[96] = {13, -16, 23, 17, 6, 0, -25, -9, 38, -1, -27, -8, -3, 45, -36, -22, -28, 23, -9, -8, -15, -19, -21, 10, 14, 14, -30, 11, -28, -23, 53, 15, -13, -3, -16, -3, -8, 1, -42, -32, -7, 19, 3, 3, -2, 17, 18, 10, -3, 22, -4, -28, -70, -3, -3, 10, 2, 0, -15, 8, -3, 30, 37, 27, -3, -7, 3, -28, 40, -19, -2, 16};
weight_hh[97] = {-100, 4, -4, -10, -45, -7, -39, 16, 28, 8, -41, 12, 55, 19, -21, 13, -21, -32, -18, 17, -13, -1, -23, -7, 12, 59, -40, 19, -24, -22, 16, 5, 0, 30, 7, 11, -16, -12, 17, -65, 15, -3, -8, -9, -13, 4, -2, -32, 12, -30, 24, 15, 2, 7, 4, 38, -4, 44, 0, 6, 10, -23, 39, -27, 33, -4, -13, 10, -48, 21, 6, 22};
weight_hh[98] = {11, 28, -24, 9, 26, 4, -15, 0, 27, 7, -23, 18, -51, 54, -18, -3, -66, 29, -27, 11, 3, -21, -17, -18, 10, -8, 14, 0, -42, -10, 22, 57, 13, -5, 6, 13, -25, 10, -28, -43, 90, -31, -14, -12, -9, 22, 59, 3, 20, -26, -32, -23, -18, 13, 15, -84, -16, -3, -20, -31, 19, -10, 31, -1, 17, 33, -17, -3, 1, -25, 10, 13};
weight_hh[99] = {-11, 10, -2, -9, 3, -3, 10, 16, 8, 26, 4, -6, -2, 4, -2, 1, 11, 9, 2, -3, 30, -24, 3, 15, -13, 1, -5, -3, -5, 7, 17, 11, -8, -3, 3, -9, -15, -9, 20, 14, -12, -15, 13, 13, -8, 4, 2, 2, -13, -6, -12, 3, 1, -13, -13, -4, 12, -2, -13, -10, -13, 1, 11, -10, -14, 15, 13, 1, -13, 8, 14, 1};
weight_hh[100] = {-1, -1, 3, -1, -3, 1, -1, 2, 5, -1, -3, 2, -5, 4, -2, -1, 2, -1, -3, 8, 4, 5, -2, 1, 0, 1, -3, -5, 1, 0, 0, 0, 0, 4, -5, 0, -1, -2, 0, -5, 1, -1, 1, 1, 7, -3, -1, -2, -1, 1, 7, 7, 1, -1, -1, 1, 1, 2, 1, 0, -1, 0, -2, 1, 7, 1, 1, 1, -3, 2, -1, -6};
weight_hh[101] = {-1, -1, 3, -1, -3, 1, -1, 2, 5, -1, -3, 2, -4, 4, -2, -2, 2, -2, -2, 7, 2, 4, -2, 1, 0, 1, -3, -5, 1, 0, 0, 0, 0, 4, -5, 0, -1, -1, 1, -4, 1, -1, 1, 1, 6, -2, 0, -1, -1, 1, 7, 6, 1, -1, -1, 1, 0, 2, 1, 0, -1, 0, -1, 1, 7, 1, 1, 1, -3, 1, 0, -5};
weight_hh[102] = {76, -5, -42, -67, -88, -19, 60, 46, -20, -21, 36, -6, 11, 28, -18, -20, -48, 5, 5, -58, 59, 3, 7, -8, 11, -24, 28, 41, 0, -83, 72, -20, -14, -16, 38, 0, -39, -36, -21, 13, 21, -1, 2, 2, 6, -15, 0, 70, -1, 12, 27, 30, 23, -2, -2, 48, 1, -17, -46, 77, -1, -2, 1, -35, 5, -35, 2, -13, 14, 83, 4, 17};
weight_hh[103] = {13, -8, 6, 35, 18, -1, 45, -3, -16, 4, 12, -9, -26, -10, 37, -31, 1, -17, 0, 10, -27, 34, -15, -35, -14, 14, -61, -4, 13, 5, -13, 24, -8, 30, 3, 9, -18, -3, -4, -8, -47, -6, -6, -3, -4, 6, -45, -21, 8, 27, 32, -4, 13, 9, 10, -26, -3, 16, 29, -20, 7, 9, -30, 41, 26, -21, -4, -30, -24, 20, 7, -3};
weight_hh[104] = {-44, 1, -10, 6, -6, 5, -11, -10, 20, 6, -27, 22, 6, -4, 5, 30, 30, -9, -5, 15, 37, 12, -5, 14, -12, -29, 0, -19, 9, -2, -22, -6, -6, 28, 10, 4, 10, 41, 1, -7, 6, -9, -3, -3, -2, 1, 1, 14, 3, 1, -32, 28, -1, 3, 3, 19, -2, -8, -21, 2, 3, -13, -12, -19, 18, 21, -3, -9, 9, -3, 2, -16};
weight_hh[105] = {13, -6, 6, 27, -9, -25, -15, 23, 0, 15, 8, 9, -4, 32, 17, -36, -41, 27, 5, 26, -5, -26, 16, -24, 24, 25, -30, 32, 9, -23, -32, 2, -15, 13, 16, -1, 24, 22, 53, 1, -28, -11, -17, -8, -9, -16, 2, -9, 18, -26, -11, -22, -21, 9, 7, 4, 3, -28, 7, -4, 11, 22, 3, 2, -26, 13, -12, -1, -29, 66, 28, -7};
weight_hh[106] = {9, 4, 9, 23, 11, 0, -24, 3, -18, 23, 33, -22, -39, -58, 15, 5, -20, -24, 9, -44, 38, 28, -10, -13, 4, 23, 9, -22, 36, -8, -7, -28, 26, -3, -13, -4, -1, -72, 6, 36, 59, 5, 7, 3, 0, 24, 11, 7, -2, 69, 6, 54, -6, -5, -6, 16, 10, 5, 61, 20, -5, 24, 25, -26, -2, 28, 7, -17, 5, -17, 13, -25};
weight_hh[107] = {-30, -25, -11, -5, -4, -2, 5, 13, 27, 21, 1, 13, -18, -38, 2, -16, 3, -13, -27, -36, -2, 41, -5, 20, -27, -17, 0, -12, -31, 27, 17, 10, -12, -5, -2, 33, -77, -4, 8, -11, -4, -24, -37, -38, -27, 15, -20, 13, 29, 43, -16, 11, -16, 29, 37, -5, -33, 6, -10, -27, 35, -15, 0, -1, -3, 7, -28, -2, 6, 22, 36, -8};
weight_hh[108] = {-3, 5, 5, 0, -5, 0, -4, -3, -1, -2, -2, 9, -5, 4, -7, 2, 4, 0, -2, 5, 7, 1, -2, -1, -5, -3, -6, -7, 7, 2, 2, 1, 2, 8, -11, -4, 4, 1, 0, 0, 0, -1, 9, 9, 8, -7, 4, 0, -8, -8, 2, 8, 4, -9, -9, 6, 9, 0, -5, -2, -9, -2, -3, 0, 7, 1, 8, 3, -7, -7, -3, -4};
weight_hh[109] = {30, -9, -20, 20, 26, -4, 12, 1, 38, -11, -7, -2, -39, 13, 22, 0, -1, 32, -7, -25, -7, -10, -2, 8, -5, 26, -5, -15, -12, -2, -34, -19, -13, 24, 85, 16, 38, -19, 20, 2, 4, -5, -16, -16, -16, 35, -18, 16, 18, 12, 7, -11, 6, 13, 13, 2, -15, -56, 35, 28, 22, 30, 15, -2, -4, 20, -21, 6, 40, -1, 26, -8};
weight_hh[110] = {-7, 7, -1, -7, 11, -8, 46, -3, -20, 4, -30, 17, -23, -28, -23, 23, 2, 14, -6, 8, 18, 10, -27, -20, 17, 16, -1, -11, -16, 15, -64, 1, -2, 27, 13, 15, 12, -13, 6, -18, 61, -2, -19, -19, -4, -26, -19, -25, 20, -10, 3, 16, 32, 19, 18, 28, -17, -6, 32, -62, 20, 35, -81, 9, -24, -19, -18, 13, 6, 10, 13, 11};
weight_hh[111] = {17, 8, 21, -21, 34, 8, -4, 20, 15, -12, 8, -7, -13, -10, 0, -34, 47, -31, 6, -24, 73, 10, -21, -27, -34, -21, 8, -3, 10, 31, -12, -4, -45, 1, 1, -3, 11, -81, -23, 0, 22, 20, 1, 2, 5, 5, 10, 18, -2, 7, 2, 51, -35, -1, -1, -2, 2, -18, 13, -40, -2, 51, -20, -12, 26, -7, 1, -23, 6, 9, -15, 9};
weight_hh[112] = {19, 3, 50, 29, 3, 11, 17, 9, 27, 21, -12, 17, 37, -30, 32, -2, 24, 10, -12, -28, -5, 12, -14, 43, -9, 19, -21, -38, 18, 18, 7, -15, 4, 8, -7, 34, 16, 7, 38, -8, -81, -6, -22, -27, -26, -12, 1, -36, 18, 43, 1, 33, 82, 28, 23, 18, -22, -10, -32, 61, 28, 18, 51, -31, 65, 9, -20, 14, -32, -23, 20, -3};
weight_hh[113] = {-51, -9, -32, -16, -24, -12, 1, 26, -55, 32, -22, 53, 13, 15, -14, -11, 17, 89, -27, 28, -20, 24, -39, -18, -21, 2, 6, -15, -42, -3, 42, 15, 3, 8, 26, 28, -54, 54, 3, -19, -2, -21, -27, -16, -13, -7, -19, -41, 24, -17, 50, -38, 19, 28, 18, -19, -19, 6, -70, 14, 29, -31, -45, 25, -13, 11, -22, -19, -22, 5, 20, -50};
weight_hh[114] = {0, 9, -39, -9, 40, -17, 23, 20, 25, 31, -17, 32, 7, -17, 7, 0, -17, -33, -28, 18, -9, 4, -5, -56, -22, 4, 2, 39, -5, 24, 41, 6, -5, -43, 26, 26, -32, 6, -29, 5, -39, -38, -21, -15, -30, -11, -23, 32, 14, 43, -13, 6, -1, 17, 20, 20, -11, -5, 20, 46, 20, -30, 7, 4, 15, 35, -18, -29, 12, -21, 30, -10};
weight_hh[115] = {-18, -16, 22, 12, -22, 3, -31, 6, 22, 21, -52, 42, 17, 16, -3, 0, 27, 10, -32, -28, -26, 50, -19, -10, 29, -3, -3, 12, -99, 9, -7, -14, -12, 40, -28, 28, -2, 33, -1, -40, 7, -11, -31, -29, -5, -24, -42, 15, 32, 5, -24, 17, 5, 31, 26, 18, -28, -21, -21, 22, 26, 29, -4, -20, 14, 4, -30, 2, -54, -7, 25, -6};
weight_hh[116] = {-14, -4, 26, -5, 57, 15, 22, -4, 23, 26, -4, 5, 55, -17, -22, 54, 20, -38, -29, 11, -78, -22, -11, -32, 13, -5, 72, -46, -11, -12, 52, -26, 2, 10, 31, 12, -6, -11, -17, 10, 15, -8, -11, -15, -26, -28, -34, 31, 18, 8, -5, -23, 69, 15, 17, 12, -17, 4, 8, -9, 11, -28, -13, 31, 0, 9, -10, -14, -15, -19, 7, 39};
weight_hh[117] = {-36, -12, 2, -38, -14, 5, 69, 0, -4, 15, 5, -21, 16, -73, -30, 35, 9, 46, -16, 12, -29, -9, 6, 65, -7, -73, -16, -53, 15, -6, -41, -8, 35, 24, 7, 11, -41, -10, 16, -8, 3, -6, -12, -10, -21, -25, -10, 8, 12, 0, 8, 11, 77, 13, 13, -5, -11, -1, 17, -13, 19, -31, -32, -2, -5, -3, -21, -5, -13, 26, 19, 25};
weight_hh[118] = {-9, -7, 38, 26, 8, -2, -58, 15, -11, 10, -20, 24, -40, -43, 30, 10, -15, -9, -16, -31, -19, 34, -14, 80, 12, -7, -6, -30, -32, 43, 17, 22, 18, 42, -10, 14, -6, -27, 40, -17, 65, 13, -12, -12, -21, 22, -19, -33, 13, -2, 33, 22, -5, 12, 12, 13, -12, 39, 28, -1, 12, -16, 4, 12, 5, -23, -12, 32, 46, -11, 8, -12};
weight_hh[119] = {43, -6, -40, 25, -25, -27, -1, 39, 33, 5, 48, -2, 10, 48, 21, -39, -12, 26, 5, -17, -49, -29, -7, -20, 6, 28, 19, -6, 86, -43, -33, 8, -22, 8, -17, 15, 58, -8, -53, 7, -33, -17, -18, -12, -10, 7, 51, -27, 21, -7, 6, -40, 58, 14, 11, -6, -4, -21, 41, 18, 14, 11, 34, 19, -7, 0, -14, 28, 14, -5, 10, -43};
weight_hh[120] = {8, -14, -31, -29, -2, 4, -17, 2, -5, 31, -16, 21, -11, -52, 7, 14, -5, -27, -15, -28, 20, 16, -9, 4, 22, -22, -15, -19, 12, 81, 47, 8, -7, -33, 14, 15, 11, -11, 4, -15, 46, -9, -11, -13, -21, -16, -15, -15, 9, 13, 11, 2, 1, 13, 10, 16, -7, -32, -24, 4, 11, -5, 6, 43, 43, -4, -14, -13, -30, 21, 17, -9};
weight_hh[121] = {7, -7, 14, 10, 4, 7, 4, -21, -7, 11, -27, 25, -37, 10, 1, 25, 15, 45, -22, -49, -8, 9, -37, -32, -17, 42, -13, 7, -3, -6, -45, 6, -8, 3, -10, 18, -20, -66, -7, -10, 12, -15, -20, -18, -18, -15, -50, 12, 16, 36, 9, 28, 7, 18, 17, -23, -14, 18, -37, -14, 18, 16, -24, -28, -26, -23, -16, 33, 15, 12, 17, 0};
weight_hh[122] = {2, 15, -11, -15, 27, -10, -1, -10, 8, 6, 33, 5, -4, 3, -21, 8, -6, 6, -6, -7, 21, 4, 5, 1, 19, 27, -1, 14, 10, 12, 17, 35, 40, 2, 3, 0, 1, 7, 20, 0, -8, 17, 0, 0, -28, -20, 38, 7, 0, -14, -2, 3, -14, 0, 1, -15, 0, 23, 20, -17, 0, 2, -1, 0, -9, -23, -1, 4, 5, -8, 12, 3};
weight_hh[123] = {-5, 15, -22, 34, 14, -2, -29, -32, 0, -20, -12, 5, -23, 27, 0, 15, -27, -7, -1, -36, -65, -3, 5, -20, 0, -15, -57, 5, -21, 3, 32, -14, -4, 6, -11, -4, 13, 32, 0, 15, -5, 26, -1, 0, 5, 14, 2, 11, 0, 1, 16, 0, -24, -1, -1, -22, 2, -5, -29, 20, -3, 60, 22, -7, 30, -15, 2, -17, -1, -16, -12, 31};
weight_hh[124] = {-29, 8, 2, 1, 25, 7, 9, -21, 4, -6, 1, 24, -26, 11, -2, 59, 10, 18, -11, -17, -11, 9, -8, 20, -1, -1, -15, -67, -22, 20, -4, 13, 10, 17, -22, -2, -1, -4, -21, 9, 12, 36, 15, 14, -36, 35, -33, 15, -15, -5, -17, -20, 22, -15, -14, -30, 12, 0, 12, 26, -14, 5, -4, 21, 12, 2, 14, -34, -35, -15, -6, 1};
weight_hh[125] = {-20, -3, 48, 7, 3, 1, -4, 15, -8, 58, -26, 25, 2, -7, -2, 1, -1, 0, -12, -9, 13, -9, -2, 0, -9, -2, -7, -9, 10, 9, 23, 7, -32, -4, -14, -4, -6, 0, 12, 14, -8, -7, 10, 10, -35, -9, -11, -1, -10, -5, -18, 25, -14, -11, -10, 5, 11, -3, -29, -20, -10, -1, -3, 15, -6, 5, 10, -2, -7, -6, 12, 2};
weight_hh[126] = {35, 0, 16, 54, -17, 17, 14, -18, -1, 5, 18, 17, -8, -14, 53, 31, -43, -15, 4, 9, -26, -36, -13, -3, 8, 17, -17, -20, 29, 41, -41, -13, 0, 15, -36, 17, 19, 44, -20, -21, -20, 9, -9, -7, -16, -12, -2, 0, 6, 22, -4, -15, 34, 7, 6, -23, -5, 13, 12, -14, 10, 13, -25, 62, -52, -15, -9, 16, 14, -53, 4, 47};
weight_hh[127] = {-42, -5, -7, -42, -7, 10, -16, 19, 9, 22, 10, -4, -8, -38, 30, -20, 18, 10, -5, -10, 13, 20, -8, -40, 2, 4, -20, -29, -1, 14, -35, 5, -6, -51, 23, 16, -30, -26, 18, -22, 46, -24, -24, -27, -23, -3, -16, 3, 20, 16, -8, -13, -22, 16, 14, 12, -23, -11, 38, -30, 17, 9, -21, -24, 14, -30, -16, -25, -18, -5, 21, -2};
weight_hh[128] = {13, -1, 7, 50, -5, -1, -66, 1, 17, 10, -16, 29, 72, 6, 8, 15, -98, -42, -16, -17, -26, 7, -6, 4, -11, 7, 3, 81, 8, -33, 53, 18, 3, -14, -44, 14, 7, -1, -4, -14, -21, -5, -16, -14, -17, 1, 68, 4, 15, 17, -19, -4, -10, 10, 10, -18, -7, -31, -43, 15, 13, -22, 77, 33, 11, -13, -16, -29, 49, 0, 19, 14};
weight_hh[129] = {20, 5, 39, 6, 18, 8, -52, 23, 23, 40, -22, 7, 30, -22, -29, 15, -17, 0, -17, 8, -16, 19, -4, 42, 19, -22, 33, 18, -19, 16, -30, 15, 10, -18, -5, 18, -3, -17, 25, -6, 54, -25, -13, -15, -26, 14, -2, -30, 11, -5, 27, 3, -34, 15, 18, -7, -21, -16, -3, -46, 14, -27, -10, 17, -65, 32, -15, -1, 68, 6, 31, -4};
weight_hh[130] = {2, 14, 17, 12, 5, 11, 19, -14, 16, 0, -5, -3, -10, -36, 22, 27, 35, 29, -2, -3, 0, -26, 4, -17, -5, -1, 45, -33, -16, -9, -16, 14, 30, 13, 3, 8, -15, -23, -38, 3, 16, 27, -5, -4, -24, 1, 1, 3, 4, 9, -14, 20, 15, 4, 5, 51, -5, -5, 14, 12, 5, -30, 29, 6, -20, 1, -5, -32, 19, -19, -8, -13};
weight_hh[131] = {-27, 15, 5, -2, -7, 3, 23, -9, 18, 4, -2, 2, -9, 16, 22, -10, -45, -10, -3, 23, -7, -23, 8, 72, 14, -9, 12, 17, -32, 10, -9, 8, 20, -3, 29, -6, 11, 9, -2, -14, 17, 3, 6, 5, -5, -1, 12, -10, 5, 3, 33, -38, -44, -4, 0, -35, 7, 4, 26, 16, -3, -52, 19, 47, 0, -8, -5, -12, -7, -1, 2, 23};
weight_hh[132] = {47, -1, 10, 21, -16, -22, 5, 43, 10, 63, 45, 59, -19, 20, -1, -20, 0, 35, 10, -43, -23, -13, -7, -19, 18, 8, 21, 14, -8, -9, -16, -1, -24, -12, 17, -9, 31, -14, 2, 4, -8, -22, 10, 14, -34, 3, 3, 8, -10, 8, -47, -27, 27, -12, -10, -4, 15, -27, 7, 8, -12, 12, 11, 8, -16, 23, 12, -8, 20, 28, 31, 13};
weight_hh[133] = {-21, -1, -3, 27, 27, -13, 8, -44, 9, 28, -50, 94, -17, -1, -8, -8, -13, -7, -15, -61, -4, 25, -38, -22, 48, -13, 24, 9, -21, 13, -7, 11, 27, 44, -15, 15, -1, 2, 14, -12, 25, -25, 1, 0, -60, -9, -16, 8, -2, -5, -63, 21, 23, -4, 3, -2, 2, -63, -9, -5, 4, 30, -9, 28, -32, -21, 0, -3, 23, -23, 28, 15};
weight_hh[134] = {-24, -23, 1, 4, -29, -13, 17, 10, -11, 44, 2, -8, 1, -17, -6, -3, 7, 4, -9, 14, -23, -38, 11, -10, -17, -28, -17, -15, 13, 28, 25, -12, -9, -9, -15, -2, -17, -13, -8, 12, -31, 4, 9, 8, -10, -12, -5, 11, -9, -5, 21, -22, 14, -9, -9, -9, 6, 6, -3, 6, -9, 6, 36, -8, 2, 15, 9, -2, -6, 28, 19, -34};
weight_hh[135] = {-14, 10, -20, 5, 6, -12, -10, 12, 23, 3, 3, 5, -24, 11, -1, -4, 3, 17, -3, -4, -1, -1, 17, 42, 2, 4, 39, -6, -7, 11, 22, 23, 20, -7, 9, -2, 3, 22, 27, -1, -17, -13, 3, 3, -9, 30, -22, -26, -3, 6, 6, 7, -35, -3, -4, 18, 3, 10, -19, 5, -3, 3, 5, -10, 17, -44, 3, 9, -18, 38, -3, -1};
weight_hh[136] = {-20, -6, -17, -67, -21, 7, -15, 37, -3, -1, 6, 3, -2, -13, -13, 0, 1, -6, 10, 8, 53, -16, -27, -49, -16, -9, 6, -1, 28, -18, -32, -13, -43, 44, -17, -6, 27, -31, 12, -4, 55, 11, 6, 6, 7, -44, 15, 48, -6, -5, 18, 1, 20, -6, -6, 22, 6, -15, 8, 2, -6, 20, -8, -40, 11, -10, 6, 12, 12, 8, -19, 35};
weight_hh[137] = {22, 8, 11, -51, 19, 13, 31, 10, 1, 18, 4, 21, 56, -35, -51, 1, -1, 29, -10, 1, 21, -24, 0, -21, 15, -43, -55, -62, 11, -14, 19, -29, -6, -13, -11, 16, 5, -49, 27, 0, -9, 1, -13, -11, -18, -23, -14, 3, 8, -4, 1, 15, 62, 5, 6, 17, -4, -34, 14, -23, 3, -5, -28, 9, 2, 1, -9, 6, 27, -14, 13, 33};
weight_hh[138] = {22, -7, -14, 35, -1, -3, 7, 6, 3, 31, -10, 10, 5, -9, 8, -16, 6, -14, -23, -9, -14, -6, 4, -1, -22, -1, 7, 18, 16, -17, -47, -5, -5, 3, -1, 15, 49, -26, 20, 4, -9, -3, -13, -13, -43, 11, 34, 16, 13, 14, 1, -35, -18, 14, 15, -5, -12, -58, -19, 18, 14, -16, -6, 2, -1, -10, -13, -20, 19, -6, 21, -7};
weight_hh[139] = {39, -39, -49, 4, -2, 2, -17, 8, -24, 34, -2, 10, 44, -27, 18, -12, -3, -18, -18, -24, -26, -6, -3, -7, 12, 14, 18, -7, 17, -13, 2, 0, -2, 20, -18, 9, 46, -40, 19, 20, 4, -3, -5, -10, -24, 22, -1, 4, 11, 8, 25, -19, 30, 7, 5, 8, -6, -42, -18, 38, 5, -4, 16, 27, -20, -14, -9, -20, 32, 6, 12, 18};
weight_hh[140] = {21, -30, 29, -26, 17, 14, -16, 5, 30, 24, -14, 1, -48, 3, -28, 2, -33, 7, -35, 5, -3, 18, -12, 4, -12, 46, -11, 4, -47, -17, 10, -19, -15, -5, -13, 28, -22, -64, 15, -12, 75, -27, -37, -40, -39, -27, 25, 24, 42, 19, 16, -2, -32, 30, 29, -39, -35, -19, -9, -50, 40, 11, -57, -31, 12, 19, -30, 9, 22, 10, 24, 7};
weight_hh[141] = {5, -24, 82, 27, -54, -15, -67, 3, -8, 2, -6, 11, 19, -5, 68, 13, 2, 1, -12, -19, -6, 30, -19, -3, 8, 30, 14, -22, 0, 43, -2, -10, 3, -2, 3, 13, -12, -41, 16, -3, 22, -21, -19, -14, -10, 14, -33, -21, 15, 24, 19, -25, -45, 19, 11, 26, -17, 45, -12, 12, 20, 28, -6, -1, 12, -18, -13, 21, -7, -17, 26, -51};
weight_hh[142] = {38, -6, 34, -25, 18, 6, -6, 17, -7, -12, 17, 11, 4, 35, 37, 22, 26, 38, 1, -27, -4, -11, -16, -13, 14, 1, -2, 20, 3, -10, -4, 15, -52, -8, 5, 4, -11, 25, -61, -10, 27, 13, -2, -2, -5, -36, -32, 33, 3, 4, 9, -5, 8, 2, 4, 30, -2, 21, 28, 12, 2, 35, 5, 10, 26, 7, -3, -19, -4, 11, 3, 3};
weight_hh[143] = {-24, -3, 22, 23, 38, 6, -15, 28, 23, 19, -4, 31, -10, -50, 18, 3, 1, -33, -15, -23, 22, 18, -12, -4, -20, -50, -3, 23, -25, 34, 9, -34, -17, -7, -5, 24, -16, -11, 15, 6, 48, -34, -20, -19, -16, 11, 17, -11, 14, 16, -16, -9, 7, 15, 19, -4, -16, -51, 37, -38, 14, 8, -40, 63, 3, 15, -13, 33, 26, -33, 28, -19};
weight_hh[144] = {-2, -26, -10, -19, -20, 9, 14, -3, -12, 13, -14, -5, 13, -4, -10, -8, -47, 29, -9, -5, 8, 14, -20, 4, -20, 91, -38, -24, 24, -31, -55, -9, -1, -9, 30, 5, -9, -26, 1, 22, -5, -9, 6, -1, -1, 55, 21, -20, -4, 36, 3, 11, 35, -7, -3, -65, 0, 11, 39, 0, -7, 23, 32, -27, -18, 20, 7, 20, 65, -10, 11, 25};
weight_hh[145] = {43, -22, -2, 21, -25, -5, 61, 33, -9, -9, 5, 24, -23, 47, 9, 11, -19, 9, -23, 11, -9, -38, 16, 2, 1, -7, -10, -17, 16, -36, -7, -7, -11, -19, 3, 23, 63, 15, -13, -13, -10, -44, -13, -11, -39, 18, -27, 0, 11, -5, -10, -10, 21, 10, 11, -9, -9, -45, 14, 28, 11, 32, 20, -38, 6, -42, -10, -5, -12, 28, -3, 0};
weight_hh[146] = {-9, 9, -35, -21, 6, -17, 19, 38, -45, -20, -23, -26, 0, 11, -11, 8, -23, -5, 1, -49, -42, 26, 11, -12, 4, -54, 12, 22, -20, -4, 8, -20, 21, 13, -34, 0, -59, -4, -58, 30, 47, 6, -5, -11, -2, 0, -7, 11, 11, 3, 17, -8, 20, 4, 13, 10, -8, 62, -15, 30, 10, 10, 26, -10, -50, -15, -5, -13, -33, 14, -6, 1};
weight_hh[147] = {-28, -19, 22, -41, 29, -23, 19, 15, -35, 0, 1, 2, -9, -31, -39, 13, -40, -25, -2, -19, 42, 5, -5, 33, 23, -5, 1, 10, -24, 36, 9, -22, -3, -16, 4, 11, -30, -24, -15, -2, -27, -14, -6, -12, -9, -30, 63, -58, 12, 13, -4, -9, -18, 11, 12, -60, -6, 47, -26, -26, 13, 3, -7, -36, 11, -13, -9, 53, -4, -14, 15, -20};
weight_hh[148] = {37, 5, 21, -7, -15, 1, 16, -4, -12, -28, 6, -10, -5, 21, 21, -36, 0, 3, 8, 28, -12, -25, 25, -25, 26, -1, 5, 6, -2, 7, 38, 20, -10, -3, -24, 1, -1, 25, 4, 14, -6, 12, -5, -5, 3, 59, 9, 12, 4, 33, -10, -14, -5, 4, 9, 7, -5, 3, 21, -64, 5, 61, 27, 16, -38, -29, -8, 16, 31, -42, -8, -13};
weight_hh[149] = {-3, 5, 1, -8, -3, -1, 0, -7, -4, -6, 4, -3, -1, 7, -9, 4, 5, 1, 7, 4, 4, -3, 4, 3, 3, -6, -2, -8, 2, 3, 7, 4, -1, 1, -4, -13, -6, 1, -4, 7, -2, 7, 16, 16, 13, -2, 3, 3, -16, -5, 3, 8, 0, -16, -16, 1, 15, 4, -5, -4, -16, 7, -1, 0, 1, -1, 16, 0, 1, 0, -11, -4};
weight_hh[150] = {-46, 10, 11, 27, -25, 14, -2, 25, 0, 20, -9, 10, 15, 22, 20, 12, 9, -3, -2, 19, -39, -55, -23, -24, -34, -3, -6, -10, 7, -51, -24, -30, -16, 5, 51, -14, 57, 16, 37, -8, 0, -13, 19, 19, 6, 12, 23, 13, -18, -51, -4, -55, 17, -20, -11, -24, 14, -107, -13, -7, -18, -50, 7, -2, -27, 17, 9, -20, 1, -9, 0, -32};
weight_hh[151] = {-1, -14, 55, -3, -24, -20, -17, -13, 54, -18, 14, 14, -26, 3, 28, -11, 3, 16, -3, 28, -12, 37, 16, -14, -45, 10, -27, -12, -35, -9, 65, -27, -7, -32, -30, 5, -35, -5, 33, -26, 14, -4, 7, -2, -7, -34, 10, -14, -7, -10, 27, -25, -10, 1, -1, -50, 2, 20, 1, 30, -5, -61, 7, 6, 11, 26, 5, -57, -74, 19, -11, -40};
weight_hh[152] = {-29, -4, -4, 28, 26, -5, -19, 15, -23, -2, -35, 15, -8, -41, 19, 42, 25, -30, -18, -20, 26, 13, -4, 42, 16, 0, 21, 3, -21, 56, 65, 12, 16, -46, -4, 13, -14, 25, -6, -26, 37, 14, -8, -5, 1, 34, -55, -26, 10, 8, 19, -10, -13, 6, 5, 13, -15, 42, 41, -33, 5, -12, -32, -4, -27, 0, -4, 14, 41, -9, 11, 4};
weight_hh[153] = {50, -4, -42, 41, 13, -4, -7, -16, -22, -4, 30, -26, 11, -46, -9, -29, 6, 19, 4, 5, -13, -53, 30, -2, 2, 7, 22, -24, 43, 5, -51, 57, 2, -15, -57, 1, 32, 9, -32, 35, -18, -4, -6, -4, 4, 5, 3, -21, 5, -13, -5, -22, 7, 7, 5, 14, 2, 15, 25, -3, -3, -11, 36, 51, -58, -14, -5, -8, 48, -24, -5, 10};
weight_hh[154] = {16, 24, 28, -21, 26, 0, -23, -22, 1, -2, -62, -1, -2, -42, 3, 4, 1, -39, -6, -43, 10, 33, -5, 7, 21, 3, 56, -11, -31, 4, -19, 31, 8, -14, -29, 5, -38, -49, -41, 12, 16, 4, -9, -6, -3, 0, 18, 5, 12, 30, -54, 31, 1, 9, 12, 24, -8, 14, 5, -26, 5, 18, 8, -10, -20, 19, -11, 1, 29, -17, -2, 24};
weight_hh[155] = {4, -5, -1, 8, 3, 0, 1, 7, 3, 5, -4, 3, 0, -7, 10, -4, -4, 0, -7, -5, -3, 3, -5, -3, -4, 5, 2, 8, -2, -4, -7, -5, 1, -1, 4, 14, 6, -3, 4, -6, 2, -7, -16, -16, -13, 2, -3, -3, 16, 6, -5, -6, 1, 16, 16, -2, -16, -5, 3, 4, 16, -8, 2, 0, -2, 0, -16, 0, -2, 1, 11, 6};
weight_hh[156] = {20, -44, -31, 24, 30, 1, 4, -20, -47, -21, 14, -23, 12, -23, -5, -8, -30, -20, 6, -11, -29, 0, -13, 8, 27, -14, 70, 0, 0, -7, 48, 14, -15, 33, -14, -2, 26, -17, -31, 12, 15, 5, -4, -4, 2, 17, -18, -12, 4, 1, 50, 8, 16, 8, 2, 35, -1, -23, -9, 54, 4, 38, -1, 33, -32, -25, -7, 25, 68, 10, -1, -1};
weight_hh[157] = {-36, -16, -4, 1, 19, 4, -42, -21, 9, -3, 72, -25, -22, -50, 26, 19, -2, -15, 9, 4, 19, 38, 37, 2, 45, 13, -9, -13, 15, -11, -11, 2, 36, -7, 31, 7, 9, -53, -68, 7, 39, 8, -15, -17, -26, -12, 15, 18, 23, 21, -12, 49, -5, 23, 21, 3, -9, 44, 22, -34, 12, 59, 1, -20, 41, -51, -19, -15, 51, -8, -1, 16};
weight_hh[158] = {-5, -33, 11, -2, -5, -5, 20, 2, -1, 10, -39, 9, 13, 24, 1, 2, -3, 12, -17, -15, -32, 9, -6, 0, 50, -16, 17, 8, -31, -13, 1, -2, -19, 9, 0, 3, -9, 8, -17, -5, -16, 6, -5, -5, -12, 9, -35, 1, 1, 2, -10, -33, 3, 3, 2, -1, 0, -8, -34, 6, 6, 24, -4, 43, -31, 10, 0, -26, 4, 12, 2, 23};
weight_hh[159] = {-4, 5, 1, -7, -2, -1, 0, -5, -3, -5, 5, -2, -1, 8, -9, 5, 4, 2, 10, 5, 3, -2, 3, 3, 4, -6, -3, -7, 0, 4, 7, 5, -1, 2, -4, -16, -8, 3, -4, 8, -1, 5, 15, 15, 14, -3, 3, 2, -15, -7, 4, 5, 0, -15, -15, 1, 15, 5, -4, -4, -15, 8, -3, 0, 1, -1, 15, -1, 1, 0, -10, -5};
weight_hh[160] = {-32, -1, -23, -20, -8, 31, -44, -8, 6, -3, -15, 2, -1, 38, -45, 3, 4, 16, 4, 32, -23, -29, -3, -14, 23, -8, 35, -15, -5, 17, 24, 45, 18, 27, 22, -6, -7, 3, -16, 2, 11, 9, 11, 9, 18, -11, 10, 10, -13, -13, -4, -7, -19, -11, -10, 68, 10, 20, 5, -30, -6, -32, 9, 4, -28, 44, 9, 4, 29, -5, -13, 8};
weight_hh[161] = {3, -5, -1, 8, 4, 1, 1, 6, 4, 6, -4, 3, 0, -7, 8, -4, -5, -2, -7, -5, -4, 3, -4, -3, -4, 5, 2, 8, -2, -3, -7, -4, 1, -3, 3, 13, 6, -2, 3, -7, 2, -7, -16, -16, -13, 2, -3, -4, 16, 6, -4, -8, 1, 16, 16, -2, -16, -4, 5, 3, 16, -7, 1, 0, -2, 1, -16, 0, -1, 0, 11, 5};
weight_hh[162] = {4, -4, -1, 8, 3, 0, 1, 8, 4, 5, -4, 3, 0, -7, 10, -4, -4, -1, -7, -5, -3, 3, -4, -1, -2, 5, 1, 8, -3, -4, -7, -4, 1, -2, 4, 13, 6, -2, 4, -6, 2, -7, -16, -16, -13, 3, -4, -4, 16, 5, -4, -8, 0, 16, 16, 0, -15, -4, 4, 4, 16, -7, 0, -1, -1, 1, -16, -1, -2, 0, 11, 6};
weight_hh[163] = {-11, -16, -2, -2, 2, 3, 19, 3, -4, -7, -1, 23, 74, -38, -4, -30, 13, -14, -2, 2, -18, -29, 22, -8, 43, 2, -11, -110, 9, -43, -19, 61, -4, -17, -1, 1, 7, -3, -4, -2, -29, -2, 2, -3, 8, 51, -82, 23, 5, 5, 8, -33, 4, 0, 10, 39, -5, -8, 3, -7, 9, 20, 11, 0, -31, -30, -6, -27, -24, -15, -4, 9};
weight_hh[164] = {-27, 11, 30, -25, 7, -16, -2, 18, 7, 41, -21, 30, -20, 3, 8, -3, -22, 15, -12, 15, -15, 31, -22, -1, -56, -19, -8, -43, -35, 9, 41, -18, 12, -19, 61, 9, -85, -37, 19, 21, 0, -14, 12, 10, -36, 24, -25, 20, -6, 22, -26, -2, 4, -11, -9, -12, 3, 79, -34, -10, -8, -34, 23, -30, 3, 0, 9, 0, -13, 1, 20, 34};
weight_hh[165] = {-1, -4, -15, -2, 65, -2, 1, -21, -22, -35, 46, -42, 3, -70, 7, 5, 8, -25, 1, 14, 5, -26, 26, 17, 12, 14, -7, 10, 2, 32, -16, 31, 30, -38, -13, -1, 1, -20, 34, 16, 35, 17, -2, -2, 7, 1, 11, -33, 3, 2, 9, -8, -50, 1, 1, -15, -2, 27, 34, -53, 3, 7, -7, 23, 11, -17, -1, 14, 11, -2, -33, -24};
weight_hh[166] = {-7, -7, 49, -14, -47, -6, 14, -13, -14, -16, -9, 0, 0, -22, 0, -9, 9, 26, -13, -2, 6, -18, 0, -22, 17, 24, -13, 2, -41, 29, 31, 7, 16, -20, -20, 21, -64, -11, 9, 32, -5, 32, -30, -33, -6, -22, 9, 3, 26, -21, 30, 21, -9, 30, 29, 10, -27, 87, 8, 12, 33, 14, 5, -44, 12, -5, -26, -7, -7, 40, -9, -10};
weight_hh[167] = {3, -5, -1, 9, 4, 0, 1, 7, 4, 6, -4, 3, 0, -7, 9, -4, -5, -2, -7, -5, -4, 3, -4, -2, -3, 6, 2, 9, -2, -3, -7, -4, 1, -2, 4, 13, 6, -2, 4, -6, 2, -7, -16, -16, -13, 2, -3, -4, 16, 5, -3, -8, 0, 16, 16, -1, -15, -4, 5, 4, 16, -7, 0, 0, -1, 0, -16, 0, -2, 1, 11, 5};
weight_hh[168] = {-9, -35, 20, 1, -8, -14, -20, -12, -12, 15, -2, -6, 18, -14, 22, 21, 13, -2, -3, 6, -1, 6, 45, -58, 10, -6, 19, 12, -1, 2, 58, -70, -64, -16, 1, 2, 6, -8, -12, 28, 4, -1, 3, 3, 1, 7, -49, 40, -3, 4, -4, 36, -70, -3, -3, 57, 0, 13, 20, 64, -4, 25, -11, 1, 51, 21, 3, -66, -12, -2, 11, -41};
weight_hh[169] = {28, -1, 5, -2, -17, 4, 33, -15, 7, 8, 51, 7, -5, 8, -8, 3, -11, 3, 17, 0, -16, -16, 18, -51, -14, 17, 2, -20, 50, -3, 0, -3, 19, 10, -16, -7, 16, 22, -11, 25, -16, -5, 8, 3, 7, -6, 16, 13, -7, 12, 15, 4, 32, -5, -7, -3, 5, 15, 6, 8, -9, -10, 30, 6, 1, -21, 5, -22, -9, 15, -2, -45};
weight_hh[170] = {8, 6, 2, 14, 16, -2, 20, -13, -2, 0, 2, -5, -7, 12, 3, -2, 4, 4, -9, -3, 1, 3, 0, -1, 3, -2, -14, 4, 3, 10, 4, -7, 8, -2, -2, 2, 4, -8, 5, 0, -15, -8, -1, -1, -2, 4, 5, 6, 1, 4, -10, 11, -13, 1, 1, 2, -2, 5, -2, -2, 1, -3, 15, -7, 0, 5, -1, 6, 1, 11, 1, -2};
weight_hh[171] = {-5, 26, -13, -24, 3, 14, -13, -32, -20, -75, -3, -43, -10, -13, -7, -7, -1, -28, 21, -17, 4, 41, -23, -6, 19, -21, -3, -13, -31, 2, 10, 11, 7, 9, -17, -18, -34, 4, -34, 0, 19, 23, 10, 11, 13, 6, -37, 9, -11, 0, -23, 26, -4, -9, -11, 3, 12, 49, -31, -15, -12, 19, 9, 13, 5, 4, 9, 6, 6, 46, -21, 0};
weight_hh[172] = {-4, 4, 1, -9, -3, -1, -1, -6, -4, -6, 4, -3, 0, 6, -9, 3, 5, 1, 7, 4, 3, -3, 4, 2, 3, -6, -2, -8, 2, 4, 7, 5, -1, 1, -4, -13, -7, 2, -4, 6, -2, 7, 16, 16, 13, -3, 4, 4, -16, -6, 4, 7, -1, -16, -16, 1, 15, 4, -4, -4, -16, 7, -1, 0, 2, -1, 16, 0, 1, 0, -11, -5};
weight_hh[173] = {-4, 5, 1, -9, -4, -1, -2, -7, -3, -5, 4, -3, -1, 7, -9, 4, 5, 1, 7, 4, 4, -3, 4, 2, 4, -6, -2, -8, 2, 3, 7, 5, -1, 1, -4, -13, -7, 3, -5, 7, -2, 6, 16, 16, 13, -3, 3, 4, -16, -6, 3, 7, 0, -16, -16, 1, 16, 4, -4, -4, -16, 7, -2, 0, 2, 0, 16, 0, 1, -2, -11, -5};
weight_hh[174] = {-10, -26, 15, -57, 39, 12, 12, 4, -11, -19, -14, -2, -1, -1, 15, 21, -30, -11, -2, -21, 3, 30, -7, -17, 7, 3, 2, -20, -25, 35, 18, 18, 2, 6, 3, -1, -90, -10, -48, -36, 21, 3, 11, 5, -5, 3, -12, -7, -13, 23, 37, -5, 15, -1, -15, 24, 7, 113, 51, -20, -11, -2, -2, 27, -12, -7, 12, -3, 20, -25, 9, 11};
weight_hh[175] = {-75, -2, 18, -50, 32, 22, -2, 3, 45, 21, -23, 47, -27, -29, -37, 7, -22, -19, -13, -39, 7, 50, -19, -6, 13, 6, -5, -52, -57, 15, 31, 11, -6, -11, -5, 14, -77, -62, 4, -30, 35, -13, -12, -19, -5, -29, -4, -12, 19, 14, -11, 4, 15, 10, 11, 18, -16, 32, -8, -38, 18, 3, -71, 0, 42, -3, -8, -21, -2, -23, 9, -40};
weight_hh[176] = {44, -5, -8, 3, 11, 0, 27, -11, -58, -30, 4, -21, 9, -14, 7, -1, -23, 10, 10, -20, -7, 17, 0, -13, -36, -5, 14, 2, 21, 12, -1, -6, -19, -1, -35, -16, 13, -13, -18, 35, -19, -8, 9, 9, 27, -1, 22, 20, -9, 15, 17, -16, 14, -9, -9, -13, 9, 15, 6, 40, -9, 8, 15, -2, -3, 7, 9, 4, 24, 15, -10, -13};
weight_hh[177] = {58, 20, -4, 30, -11, 7, 8, 22, -28, 4, 5, -9, -1, 27, 13, 2, -11, 10, -4, -15, -9, -14, 18, 21, -85, -11, 14, 14, 62, -12, -29, -28, 8, -20, -12, 7, 71, -7, 8, 7, -30, 5, 2, 2, -8, 18, -2, -17, -7, -21, -3, -19, 13, -2, -5, -1, -4, -31, -11, 12, 0, -14, 22, -16, -5, 9, 3, 6, -8, -4, 12, 15};
weight_hh[178] = {11, 13, 3, 25, 26, -25, 10, -36, 23, -34, 29, -12, -5, -34, -7, -9, -11, -50, 20, -27, 30, 33, 38, 31, 58, -35, -2, 30, 17, 8, 18, 12, 3, -28, -3, -7, 42, 2, -30, -19, 17, 43, 3, 1, 12, -5, 24, 21, -6, 42, -34, 41, 3, 3, -4, 2, 8, 7, 17, -10, 5, 96, -7, 51, 43, -50, -2, -11, 28, -8, -29, 35};
weight_hh[179] = {11, 11, -13, 12, 17, -1, 14, -8, -13, -8, -3, -5, -2, -8, 6, -6, -10, -18, 10, 12, 28, -23, -22, 2, -33, -2, 6, 2, -9, -8, -7, -9, 10, -3, -3, -1, 13, -5, -18, -1, 20, 5, -7, -7, 20, 2, -3, -19, 7, 10, 23, 22, -31, 7, 7, -9, -2, -21, 4, 2, 7, -23, -11, 14, 3, -19, -7, 12, 13, -5, 9, -29};
weight_hh[180] = {-5, 10, 1, 15, 8, 17, -16, -7, -8, 15, -32, 39, -6, -13, -16, 12, 1, -7, -42, -6, -2, -11, 9, 23, -26, -1, -9, -5, 8, 10, -15, -6, 23, 13, -24, 34, 34, -12, 22, -5, 11, -10, -14, -13, -30, 0, 5, 1, 13, -1, -15, -8, -1, 14, 14, -4, -16, -29, -10, -4, 15, -7, 3, 8, 12, -21, -15, -13, -5, -32, 20, 1};
weight_hh[181] = {25, -19, -27, 22, 13, -4, 10, 14, -36, -27, -1, 1, 11, 4, 17, -8, -28, -12, 8, -34, -10, 5, -17, -4, 3, 5, 18, 9, 21, -25, -17, -3, -10, -15, 33, -2, 11, 18, -23, -2, 1, 5, -11, -9, -13, 20, 34, 1, 8, 12, 12, -17, 21, 6, 7, -15, -7, -23, 42, 13, 7, 31, 27, 14, 3, -48, -10, 11, 26, 2, 11, 23};
weight_hh[182] = {-9, -14, 10, 11, 10, -6, -32, -7, 75, -5, -45, 18, 19, 20, -11, -3, 34, -32, -9, 0, -13, 25, -49, -30, 20, 16, 13, -3, -59, 3, 11, 4, -17, -12, 15, 3, 0, -20, -3, -23, -15, -3, 2, 1, 6, -36, -12, -13, -2, 18, 49, -5, -10, -1, -1, 11, -2, -2, -23, 11, -2, -6, 4, 18, 20, 32, 2, -19, -7, -31, 0, -5};
weight_hh[183] = {-30, 11, -39, -25, -17, 8, -14, 9, 22, 5, 4, 12, 12, 13, 11, 21, -14, -16, -9, 7, 7, 17, 29, 14, -4, 5, 21, -14, -47, 45, 25, 34, 11, -17, -3, 8, -39, 40, 6, -13, 3, 24, -6, 1, 4, -27, -9, -3, 0, 26, -31, 0, 36, 7, 1, -12, -10, 56, 65, 2, -1, 17, -5, 21, -33, 6, -5, 50, 29, -55, 4, 2};
weight_hh[184] = {-1, -2, 15, 37, -5, 6, 8, 53, 8, -9, -2, -1, -2, 21, 14, -19, 25, -2, -3, 12, -44, 0, -17, -12, 7, 16, 46, -26, -8, -9, -32, 44, -9, 8, 13, -2, 45, -5, -9, -10, 8, 7, 0, -2, 10, 16, -13, -21, -1, -7, -26, -38, -7, 1, -2, 0, 0, -41, -4, -39, 1, -18, -16, 45, 5, 1, 0, -26, 25, -11, 1, 42};
weight_hh[185] = {36, 13, -1, -1, -33, 13, 8, -12, 19, -9, 6, 7, -1, 7, 7, -2, -41, -13, 10, -15, -28, -45, 3, -48, 4, 17, -9, -1, 27, 3, 8, 4, 1, -26, -13, -8, 9, -27, 13, 34, 3, 13, 8, 8, 6, -1, 33, 34, -8, 11, 6, -1, 34, -8, -8, -21, 7, 3, 17, -6, -8, 0, 17, 4, -20, -1, 8, -22, -27, -17, -9, 4};
weight_hh[186] = {-8, 33, 24, 5, -18, 16, -24, 1, 42, -6, -10, 6, -10, -6, 8, 11, 6, 7, -6, -12, 2, 9, -2, 2, -15, 3, 13, 2, 2, -2, -1, 2, 24, 23, -11, 13, 13, 8, 4, -7, 25, 13, -8, -5, -11, -19, -3, 18, 7, -15, -53, -8, -1, 7, 8, 25, -9, -18, -14, -11, 6, -8, -13, -1, 18, 20, -8, -5, -16, -29, 0, -6};
weight_hh[187] = {13, -7, -2, 10, -2, 1, 4, 2, -4, 0, 21, 1, 1, 1, 6, -4, -10, 3, 11, 7, -5, -13, 7, -7, -1, 9, 10, 7, 12, 1, -6, -8, 16, -11, -9, 4, 7, 6, 4, 3, -6, -2, -9, -9, -2, 13, 3, 0, 9, 2, 25, -5, 2, 9, 9, -4, -7, 5, 21, 9, 9, -2, 6, -5, 1, -14, -10, 0, 4, -2, 10, -12};
weight_hh[188] = {39, 10, -29, -27, 0, 4, -5, 13, -24, 3, 9, 29, 2, -64, -43, -28, -38, 38, -10, -19, 9, 5, -33, -19, -8, 14, 10, 8, 31, 4, 24, 30, -12, -2, 5, 18, -9, -57, -2, 12, 16, 1, -12, -12, -18, -25, 11, 14, 17, 41, -2, 31, 81, 20, 19, 18, -9, 24, -4, -3, 20, -7, -25, -45, -1, -17, -20, 6, 8, 6, 18, -10};
weight_hh[189] = {-32, -10, -32, -30, 7, -11, -1, 1, -14, 17, 20, -7, -3, -13, -56, 29, -4, 21, 3, -12, 4, 3, -1, 14, 21, 12, 26, 9, -15, 59, -12, 7, 9, -57, 30, 11, -15, 29, -30, -14, 34, -4, -19, -20, -14, -30, 5, -42, 18, 24, 2, -33, 34, 18, 19, -21, -14, 56, 33, -17, 23, -21, -53, 60, -31, -12, -15, 20, 24, -2, 16, 11};
weight_hh[190] = {21, 1, -8, -4, 0, -6, -14, -2, -6, -16, 20, 10, -15, 40, 16, -10, -16, 20, 8, 21, 20, -17, 15, 17, -10, 55, 16, 20, 6, 2, -21, 7, 18, -6, -15, 2, 0, 37, 16, 9, -4, 2, -10, -8, 1, -12, 11, -40, 9, -7, -4, -49, -7, 9, 9, -3, -6, 15, 22, 41, 9, 10, -12, -9, -40, -37, -8, 8, -5, 36, 3, 26};
weight_hh[191] = {17, 1, -37, 54, 32, 2, -2, -15, -23, 0, -63, -15, -13, 2, 19, -16, -10, 14, 1, -21, -19, 12, 26, 43, 39, -22, 15, 20, -71, -4, 2, 10, 32, 30, -6, -2, -6, 57, -29, -7, 28, 11, -13, -15, 3, 3, -57, 23, 14, -22, -22, -12, 0, 14, 13, 11, -11, 16, -30, 0, 7, 34, -6, 8, -25, -24, -9, -16, 19, 18, 1, 24};
weight_hh[192] = {11, 16, 2, 15, 5, -20, -12, 35, -1, 17, -19, -1, -27, 6, -18, -15, -68, 25, -3, -24, 12, -7, -11, 38, -26, -24, -47, -3, -46, 20, 2, -1, -18, 10, -36, 2, -8, -48, 27, -6, -13, -14, 11, 12, 16, 12, 41, -60, -2, -24, 19, -10, -7, -9, -4, -77, 2, 14, -11, -38, -5, 1, -5, -12, 16, 51, 5, 48, 5, -3, -2, -12};
weight_hh[193] = {23, -27, 1, -38, -27, -26, 12, 2, -41, 10, -13, 22, 47, -24, -13, -17, -3, -20, -8, -27, 9, 47, 4, 40, 56, 29, -1, -20, -6, 12, 66, 7, -29, 5, -29, 0, -19, -25, -18, -13, -19, -14, 0, 2, -4, -26, 9, -23, 0, 42, 7, 10, -32, 3, 3, -15, 3, 43, 6, 3, -1, 31, 21, 12, 10, -6, -3, -7, 22, 16, 0, -1};
weight_hh[194] = {23, -33, 8, -18, -11, -5, 15, 30, -21, 3, -45, 15, -8, 48, 27, -15, -3, -19, -46, 3, 6, 8, 11, -1, -23, -27, -17, -1, -60, 20, 35, -20, -18, -14, -29, 24, -77, 15, 27, 0, -1, 17, -4, -8, -39, -2, -46, -18, 13, 17, -1, -2, 11, 3, 11, -11, -9, 52, -27, 16, 13, -42, 5, 7, -29, 9, -8, -4, -30, -1, 18, 12};
weight_hh[195] = {-41, 43, 21, -59, 13, -7, -37, 28, -8, -12, 1, 8, -15, -34, 3, 39, 25, -2, 0, 12, 20, -16, -3, 51, -19, -26, -38, -7, -13, -22, -6, -31, 8, 24, 48, 12, -93, -53, -24, -18, 21, 14, -3, -6, -4, -45, 16, 22, 10, 11, -67, -23, -57, 3, 2, -18, 1, 71, -29, -2, 8, -35, 4, -64, 41, -3, -5, 15, -1, 19, 4, -9};
weight_hh[196] = {2, 5, -32, 7, 26, -6, 2, 0, -11, -42, 47, -39, 2, 7, 27, 14, 5, 1, 56, -32, -30, -11, 16, 9, 5, -12, 11, 4, 14, -6, 5, 9, 27, -11, 26, -37, 14, 22, -11, 12, -3, 8, 20, 19, 73, 5, 20, 7, -20, 17, 8, -24, 1, -19, -16, -14, 24, 4, 30, -6, -17, -1, 2, 0, 26, 3, 20, -19, 20, 19, -5, 3};
weight_hh[197] = {16, 10, -31, -28, 0, 1, 20, -5, 19, 2, 46, -42, 2, -4, -2, 8, -1, 37, 15, -3, 6, 13, 21, -1, 43, -5, 2, 3, 3, 0, 32, -11, -2, -3, -1, -5, -34, -10, -13, 13, -2, -5, 3, 4, 0, 6, -20, 2, -6, -9, 19, 23, 13, -9, -7, 0, 3, 100, 12, 9, -7, 14, 17, -34, -8, -5, 6, 9, 5, 49, -13, 23};
weight_hh[198] = {4, 10, 7, 34, 15, 8, 16, 20, 11, -18, 29, -34, -14, 51, 21, 1, -16, 23, 24, 1, -26, 17, -13, -10, 48, 52, -36, -2, 2, -6, -18, -21, 37, 27, -22, -29, 11, 49, -41, -2, 2, -23, 9, 9, 47, -9, -35, 34, -6, -5, 44, -72, 25, -8, -6, -5, 10, 8, 19, 18, -5, 38, 5, 34, 8, 0, 4, -13, 28, 23, -11, 7};
weight_hh[199] = {15, 16, 20, -13, 45, 5, 1, -10, -7, -17, 4, -11, 16, 13, 6, -34, 16, -18, 11, 11, 12, 4, 6, 33, -21, -17, 7, 26, -12, -16, 6, -15, -13, -9, -6, -23, -10, 2, -21, 10, -10, 22, 25, 26, 15, 4, 5, 38, -25, -33, -23, 6, 10, -25, -26, 20, 22, -25, -17, -26, -26, 15, 11, -26, -7, 13, 25, 21, -18, -16, -24, -28};
weight_hh[200] = {-41, 2, 9, 50, -5, 0, -56, -12, 16, 5, -29, 18, 15, -13, 16, 20, -49, 12, -11, 12, 12, 2, -7, 79, -9, 3, -72, -21, -31, -26, 54, -42, -46, 31, 19, 9, -4, -44, 39, -23, 17, 14, 1, 3, -4, 7, -45, 26, -2, -21, -34, 34, -13, 1, -5, -69, -8, 10, -17, -10, 2, 15, -9, -22, 21, 24, -1, 6, -20, 18, 8, -26};
weight_hh[201] = {13, 12, 5, -12, -11, -3, 14, 13, -13, 3, 2, -18, 2, -27, -1, -4, 11, 20, 2, -15, 5, 25, 0, -32, -1, -7, 74, -41, -28, -11, 19, 4, 8, 34, 17, 5, -8, -32, -22, 42, -19, -10, -6, -5, -8, -38, 6, 8, 4, 1, -43, 32, 17, 4, 6, -5, -4, 9, -28, 35, 5, -13, 40, -21, 17, -35, -9, 24, 87, -21, 12, -2};
weight_hh[202] = {57, 9, -24, 16, 29, -17, 6, -32, 36, -27, 6, -6, -17, -7, 33, 15, 27, -4, 21, 9, -7, -4, 14, 14, 79, -33, 4, 68, -11, -65, 25, -71, 20, -17, 26, -19, 33, 35, -55, -2, 4, 13, 13, 19, 31, -19, -10, 17, -16, -2, 3, -43, -7, -7, -20, -46, 12, -42, 13, 8, -11, 32, -2, 22, 9, 60, 12, -32, -3, 35, -24, -2};
weight_hh[203] = {0, -25, -8, 2, 35, -6, 39, -18, -65, 3, 21, -18, -23, 5, -4, 7, 8, 9, 8, 12, 32, -5, -9, 16, 4, -4, 22, -2, 19, 47, -1, 12, -5, -30, -5, -5, 0, 21, -4, -14, 10, -11, -6, -6, -3, -12, -19, -67, 7, -11, 53, -25, -46, -2, 9, 13, -1, 7, 6, 8, -4, 11, -7, 73, -38, -10, 2, 25, 15, -18, 3, 15};
weight_hh[204] = {-6, 0, 40, 23, -17, -16, -26, 6, 19, 72, -17, -9, 23, -11, -10, 1, 21, 3, -3, 3, 4, -11, -10, 22, -28, -6, -16, 8, 1, -21, -6, -3, -25, 5, 27, -3, 42, -26, 51, -6, -8, -38, 14, 11, 17, -6, -29, 8, -9, -28, 12, -18, -16, -12, -8, 13, 10, -87, -14, 27, -8, -40, -1, -18, -12, 28, 9, -4, -10, -30, 50, 35};
weight_hh[205] = {63, -22, 10, -11, 13, -20, -17, -17, 16, 13, 36, -13, -22, 29, -17, -32, -3, 46, 13, -16, -15, 5, 55, 1, 83, 7, -2, -6, 47, -4, -3, 28, -23, 6, -10, 0, -5, 26, -32, -4, -20, -13, -1, 0, -12, 7, 10, 5, 2, -21, -14, 7, 3, -6, 2, -6, -11, 88, 15, 1, -1, 90, 13, -21, 16, -23, -3, -8, 3, 72, -13, -11};
weight_hh[206] = {-6, 0, -50, 12, 11, 4, 26, 8, -6, 8, -10, 9, 3, 29, -3, -8, -12, -11, 6, 42, -10, -26, -3, -50, 11, -25, -9, -4, 29, -39, -15, -9, -9, -10, 20, 1, 69, 25, -14, -17, 8, -32, 5, 10, 6, -3, -20, 12, -3, -31, 19, -42, 0, -10, -6, -21, 4, -121, 7, -10, -2, 14, 12, -11, 0, 25, 11, -12, -8, -1, 14, -32};
weight_hh[207] = {-34, 11, -4, 18, -82, 2, -14, -9, 50, -23, 7, 25, 15, 28, 21, -9, 1, -33, 1, 36, 9, -8, 40, 16, 1, 0, 21, -6, -19, -69, 35, 7, 23, -27, 91, 6, 9, 11, -19, -1, -23, -19, -6, -2, -2, 13, -3, 16, 4, -2, 1, -3, 48, 3, 1, -12, 1, -39, -5, -14, 6, -46, -49, -10, 16, 32, -1, -32, -19, 28, 7, -39};
weight_hh[208] = {27, 17, 40, -8, -40, -17, -40, 38, 19, -6, 21, -12, -2, 30, 46, -49, 49, 7, 24, 19, 4, -51, -33, 3, -3, 4, -3, 45, 22, -15, -24, -1, -14, 10, 26, -4, 14, 7, -37, -3, -9, 6, 0, -6, 25, 19, 33, -18, 3, -25, 19, -47, -19, 3, 8, 19, -5, -40, -21, -8, 13, 53, 15, -24, 8, -10, -11, 34, -14, 23, -14, 32};
weight_hh[209] = {45, 2, 2, 33, 31, -25, -27, -38, -25, 2, 37, -29, -32, 5, 69, 34, 12, -15, 33, 1, 6, 2, 17, -8, 32, -13, 36, -29, 26, 10, 31, -22, -11, -19, -9, -22, 2, -15, -4, 7, -19, 5, 13, 9, 27, -7, -12, 18, -7, -7, 11, 20, -40, -4, -8, -14, 10, 12, -4, 48, -8, -16, 14, 32, 59, 6, 7, -12, 8, 38, -13, -46};
weight_hh[210] = {-16, -6, 7, -7, -31, 22, -6, 3, 4, 28, -13, 21, 8, -4, -10, 12, 8, -11, -37, 19, 23, -3, 19, 14, -17, 7, 6, -12, 15, -5, 2, 2, 23, -7, 6, 12, 22, -7, 24, -7, -1, 8, 1, 1, -38, -1, -10, -24, 0, -5, -23, 52, 10, 0, 1, 0, -1, 6, -35, -9, 0, -15, 5, 12, -10, 16, -1, 3, -19, -27, -5, 19};
weight_hh[211] = {-16, 37, 16, 9, 5, -9, -17, -12, 6, 6, -3, 4, -60, -44, -25, -15, 2, 4, -9, -27, 20, 2, -16, -9, -7, 24, -2, -13, -2, 37, 0, -18, 23, -7, -14, 28, -3, -14, 15, 22, 24, -9, -26, -18, -11, 27, 3, -4, 26, 67, -16, 40, 27, 21, 24, -27, -18, 33, 45, 8, 17, -4, 6, 29, 48, -17, -25, -15, 2, -20, 14, -22};
weight_hh[212] = {24, 13, -12, 19, -5, 8, 5, -10, -26, -11, 23, -29, 0, -15, -9, -2, -16, -21, 14, -3, 40, -38, -1, -26, 6, 4, 0, -5, 35, -26, -9, -10, -7, -7, 5, -4, 27, -14, -2, 17, 23, 9, -1, 1, 19, -17, 5, 36, 0, 13, -8, 21, -5, 0, 0, -19, 4, -11, 29, -5, 1, 3, 3, 4, -7, -31, -1, 10, 27, 23, 1, 20};
weight_hh[213] = {59, 0, 51, 43, -4, 14, -3, 1, -13, -1, -9, 0, -33, 42, 31, -67, 4, -13, 11, 40, 0, -42, -1, -10, -25, 4, 10, 29, 7, -21, -38, -32, 8, 3, -31, -5, 25, 27, 9, 25, -58, 3, 17, 15, 12, -22, 16, -18, -11, -66, 9, -17, -27, -17, -6, 11, 12, -35, 26, -33, -18, 20, 62, -31, -48, 9, 13, 5, -10, -5, -10, -6};
weight_hh[214] = {-29, -7, 14, -7, -9, -3, 8, 3, 70, 2, -8, -24, -26, -5, 11, -7, -11, -6, 2, -8, 18, 13, -1, -30, -52, -40, 5, 7, -10, -10, 22, -30, 10, -19, 23, -2, -7, -28, 7, 6, 13, 17, 1, 1, -7, -21, -2, 38, -4, -4, -12, 14, 30, -4, -6, 0, 1, 0, 18, -1, -1, -34, -15, -49, 60, 2, 3, -5, -9, -13, 2, -5};
weight_hh[215] = {6, 16, -10, 23, 11, -19, 4, -6, -21, 0, 9, -13, -14, 16, -14, -3, 24, 7, -8, -31, -24, -2, -1, 3, 84, 3, 5, 4, 11, 0, -53, 33, 13, 9, -38, 14, 44, 20, -134, 14, -3, -6, -17, -18, -2, 15, -8, 21, 15, 32, -4, -9, 22, 18, 15, 3, -6, 19, 37, -3, 12, 59, -8, 24, -5, -32, -18, -15, 27, 39, 8, -18};

Bias_hh (8 bit):
 {2749, -494, -2005, 864, 2005, -244, -306, 1721, -82, -1467, 1906, -1778, 481, -1608, 847, -1136, -3441, -270, -866, -1599, 698, 282, 366, -1910, -1775, 1695, 2248, 1849, 1877, 885, -1370, -79, -447, -17, -6, 2140, 1988, -330, -8, -1423, 1686, -1107, -2195, -2163, -1243, -148, -807, -462, 2186, 3342, 488, -1613, 1834, 2162, 2197, -1095, -2016, -1597, 2093, 609, 2192, -1082, 563, 865, -706, -2166, -2206, 1537, 1672, -1198, 1634, -1167, 1569, 232, 2400, 2992, 490, 2278, 1596, -815, 15, -1042, 375, -779, 287, 788, 3306, 1082, 2316, 1292, -1231, -1990, -360, 75, 1188, 1354, 1136, 1225, 2582, 2144, 3094, 1966, 2629, 1472, -315, 2816, 1313, -1288, 3662, -528, 1567, 644, 1128, -679, -217, -211, -1958, 637, 1957, -268, -414, -471, -1793, -1291, 2388, -132, -185, 1743, 3, 4687, -155, 1038, -170, 207, -329, 540, 307, -29, -409, 1387, 481, 411, -1674, -766, 284, -43, -364, 660, 357, 699, 108, 1082, 1192, 965, 36, -218, -924, 712, 908, 283, 1408, 830, 1355, 663, 310, 963, 307, -145, 762, 871, 536, 114, -217, 364, 705, -286, -407, -119, 851, 1646, 489, 898, 1180, 993, 1202, 336, 972, 956, 1265, -683, 67, -797, 957, 263, 540, 1862, -555, 947, 975, 403, 962, 514, 1112, 832, 977, 1237, 866, -500, 885, 1103, 968, -505, 721, 1006, 963, -1177};
